v -145.41750 23.86340 -42.33850098
v -145.41721 24.96640 -42.34400177
v -145.41670 17.22680 -47.33589935
v -145.41631 18.32930 -42.34909821
v -145.41631 19.43710 -42.33940125
v -145.41499 12.79690 -47.33900070
v -144.64200 20.56750 -37.31620026
v -144.48289 19.40680 -52.33229828
v -144.45309 22.71820 -37.26589966
v -144.42731 22.65130 -50.95700073
v -144.37781 16.02750 -52.39360046
v -144.35870 19.42770 -47.27289963
v -144.33299 21.64190 -51.03630066
v -144.33290 21.64730 -52.34239960
v -144.30890 11.69350 -47.33710098
v -144.30750 17.22500 -42.32979965
v -144.02950 14.52020 -52.03630066
v -143.96710 23.10340 -49.70809937
v -143.64830 23.42820 -50.96440125
v -143.45039 20.56910 -53.60779953
v -143.32159 12.69940 -53.95700073
v -143.32159 13.80010 -52.02040100
v -143.32159 13.80520 -53.95700073
v -143.32080 12.69870 -51.76409912
v -143.32040 24.86320 -50.96049881
v -143.29730 16.11160 -54.02420044
v -143.25230 18.18100 -54.14690018
v -143.21370 23.83450 -35.81900024
v -143.20630 27.17070 -42.38999939
v -143.20480 18.33130 -32.33950043
v -143.20470 12.80240 -42.33950043
v -143.20470 12.80240 -37.33950043
v -143.20470 15.89980 -38.66709900
v -143.20470 16.11960 -42.34009933
v -143.20070 10.58540 -47.34379959
v -143.19330 24.17230 -51.06710052
v -143.18719 23.85180 -52.33100128
v -142.66930 24.86300 -49.19129944
v -142.25070 11.63000 -52.13130188
v -142.21291 17.12210 -56.96379852
v -142.12900 25.89350 -47.72909927
v -142.10831 9.46820 -52.35520172
v -142.09891 10.59090 -42.33950043
v -142.09891 11.69670 -42.33950043
v -142.09750 10.58880 -37.35189819
v -142.09750 11.69560 -32.33409882
v -142.08980 27.18990 -42.32849884
v -142.08780 22.75430 -54.11370087
v -142.08780 26.51400 -37.33950043
v -142.07520 23.86050 -32.35260010
v -141.97850 23.98560 -52.77880096
v -141.11011 18.22790 -57.27999878
v -141.11000 10.46340 -54.22769928
v -141.11000 24.86290 -53.95700073
v -141.10970 19.33660 -59.95970154
v -141.10770 9.37790 -52.73229980
v -141.10561 9.37600 -56.96500015
v -141.10210 26.35580 -48.98600006
v -141.09970 27.08440 -50.95809937
v -141.03700 18.33150 -27.33769989
v -141.00450 22.75480 -32.33810043
v -141.00191 19.44290 -57.32820129
v -140.98210 8.93220 -42.33950043
v -140.98210 21.64860 -30.82229996
v -140.98210 23.86010 -31.55940056
v -140.98210 26.07170 -33.82889938
v -140.97099 7.27360 -42.33950043
v -140.05811 8.22180 -50.95780182
v -140.05540 19.42470 -27.57329941
v -140.00391 8.27580 -53.95849991
v -140.00320 19.33330 -62.96160126
v -140.00050 12.69840 -62.96369934
v -139.99710 9.37480 -59.96340179
v -139.99590 27.08250 -50.96709824
v -139.99361 10.48790 -59.98479843
v -139.99319 7.17050 -53.97829819
v -139.99319 25.97680 -53.96070099
v -139.90120 20.54270 -57.32559967
v -139.90089 27.17760 -48.58399963
v -139.89240 18.32840 -22.34399986
v -139.88750 7.27360 -32.33950043
v -139.88750 8.37930 -27.33959961
v -139.88750 11.69670 -27.33950043
v -139.88730 7.27340 -37.33879852
v -139.88519 12.80180 -22.33200073
v -139.88029 21.65040 -57.34749985
v -139.87669 22.64620 -55.85699844
v -139.84570 7.25450 -47.29660034
v -138.89850 6.06480 -41.95700073
v -138.89790 6.15200 -38.72109985
v -138.89780 22.65220 -57.32089996
v -138.89729 21.54680 -58.87239838
v -138.89510 22.65490 -59.97050095
v -138.89481 21.54970 -62.96329880
v -138.89430 6.06180 -47.95339966
v -138.88910 10.48750 -62.97570038
v -138.88860 11.59510 -62.98210144
v -138.88741 8.26530 -56.95700073
v -138.88741 19.33400 -63.85070038
v -138.88741 24.86290 -55.47200012
v -138.82919 8.36950 -22.28569984
v -138.79221 22.75470 -27.33810043
v -138.78300 11.69340 -21.86739922
v -138.78230 6.16270 -27.30470085
v -138.77290 21.64940 -22.30990028
v -138.77060 30.50570 -42.33940125
v -138.77049 24.96590 -29.39830017
v -138.52420 28.55520 -48.95199966
v -137.88080 28.35080 -31.76549911
v -137.79300 3.85220 -41.95600128
v -137.79280 5.75220 -44.95700073
v -137.79260 4.95960 -35.95679855
v -137.79221 30.39810 -50.95669937
v -137.79179 5.15080 -32.95439911
v -137.79170 29.28890 -50.95830154
v -137.78860 28.61840 -49.13180161
v -137.78619 20.44340 -65.96610260
v -137.78281 21.54690 -62.98180008
v -137.78169 6.05970 -53.97280121
v -137.78169 7.17050 -54.86550140
v -137.78169 8.26530 -56.95700073
v -137.77361 11.60360 -65.99870300
v -137.75909 2.74750 -41.95700073
v -137.71980 5.05950 -27.26759911
v -137.68230 11.69170 -17.38100052
v -137.68170 7.26120 -22.36280060
v -137.67900 18.33820 -17.33810043
v -137.67709 20.54720 -17.35950089
v -137.66580 23.68710 -57.49409866
v -137.66550 30.50550 -37.33950043
v -137.65340 4.15120 -34.76660156
v -136.75920 25.88060 -57.00009918
v -136.68700 1.64170 -35.95700073
v -136.68700 2.74750 -32.95700073
v -136.68640 29.28560 -53.95830154
v -136.68179 24.86430 -59.97069931
v -136.67780 31.50750 -50.95750046
v -136.67770 3.84260 -47.95569992
v -136.67751 7.16060 -56.95909882
v -136.67590 1.61940 -41.95700073
v -136.67590 6.06480 -53.98699951
v -136.67590 7.15950 -59.95700073
v -136.67580 3.80670 -44.95709991
v -136.61510 15.01400 -67.56999969
v -136.59300 30.31060 -47.71170044
v -136.56030 23.85950 -22.30509949
v -136.54829 8.35350 -17.32099915
v -136.50500 13.82420 -67.72440338
v -136.50060 3.85420 -32.44910049
v -135.65041 9.66850 -66.52249908
v -135.61790 12.90030 -69.00679779
v -135.60291 0.54150 -41.94520187
v -135.59680 15.69380 -68.95749664
v -135.58710 12.80180 -72.33809662
v -135.58121 0.53590 -32.95700073
v -135.58099 19.33310 -68.95860291
v -135.57820 21.54680 -65.96540070
v -135.57739 23.75720 -62.96599960
v -135.57590 22.65320 -65.96579742
v -135.57100 4.95520 -53.97230148
v -135.57069 7.11480 -59.95560074
v -135.57021 27.38900 -56.54520035
v -135.57010 28.18020 -55.47200012
v -135.57010 30.38580 -47.88150024
v -135.56950 30.41400 -53.95769882
v -135.53191 2.79200 -29.89010048
v -135.47321 22.82370 -17.34009933
v -135.47240 2.71260 -27.16699982
v -135.47040 11.69600 -69.66369629
v -135.46440 10.59080 -72.33920288
v -135.45731 5.05950 -22.32259941
v -135.45650 26.07280 -22.32349968
v -135.45390 24.96630 -22.31489944
v -135.45070 30.49830 -37.29850006
v -135.44220 8.37930 -72.33950043
v -135.08459 0.63900 -27.33950043
v -134.88519 18.20000 -72.21080017
v -134.59610 15.91870 -74.95459747
v -134.51131 20.41670 -68.97229767
v -134.47861 6.05040 -56.95849991
v -134.47591 1.61690 -44.91009903
v -134.47540 21.54560 -68.95700073
v -134.47501 -1.67480 -35.95259857
v -134.47330 -1.67330 -38.97679901
v -134.47290 2.74500 -47.96450043
v -134.47270 -2.78480 -35.95180130
v -134.47099 1.63650 -47.96369934
v -134.46960 7.16400 -65.96350098
v -134.46640 3.84880 -50.97449875
v -134.46600 31.50730 -47.95380020
v -134.46590 -0.57250 -41.97340012
v -134.46539 27.08400 -59.95959854
v -134.45270 1.74470 -29.86949921
v -134.36189 17.28200 -75.38909912
v -134.35851 17.22550 -77.34030151
v -134.35750 29.18030 -55.44559860
v -134.35410 0.63190 -29.86190033
v -134.35390 10.58970 -77.35179901
v -134.35080 30.52340 -46.46609879
v -134.34790 3.95580 -22.30780029
v -134.34750 1.74470 -26.82670021
v -134.34750 26.07170 -22.31739998
v -134.34750 28.28320 -25.82539940
v -134.04070 18.32620 -73.79550171
v -134.01579 27.53170 -58.74710083
v -133.97150 6.66930 -61.65349960
v -133.82671 7.80790 -67.70030212
v -133.79460 7.27360 -72.33950043
v -133.79460 16.11970 -82.33950043
v -133.65790 22.45100 -68.95649719
v -133.46080 5.74520 -59.19049835
v -133.43919 12.29330 -79.97219849
v -133.43680 18.22820 -77.95700073
v -133.43100 13.34530 -80.96589661
v -133.39030 19.33400 -74.91000366
v -133.36411 2.74210 -53.96559906
v -133.36391 2.74210 -50.96200180
v -133.35921 24.23310 -66.53549957
v -133.35860 -0.36110 -31.15270042
v -133.35860 0.52490 -44.95700073
v -133.34540 23.79970 -17.33760071
v -133.32510 10.34220 -78.42479706
v -133.28571 19.43840 -77.33969879
v -133.27409 5.06120 -17.30590057
v -133.25191 29.51970 -57.34980011
v -133.24820 30.57590 -42.48740005
v -133.24471 9.48400 -77.37429810
v -133.24380 28.28520 -22.32329941
v -133.24350 31.60980 -47.33950043
v -133.24280 27.17660 -22.31879997
v -133.24249 7.26300 -67.34159851
v -133.24190 30.50580 -27.34009933
v -133.24170 5.06210 -63.01850128
v -133.24170 6.16780 -64.02870178
v -133.20911 31.50810 -47.95569992
v -133.09000 25.97990 -62.95619965
v -132.76540 30.03450 -54.49629974
v -132.55870 4.95640 -59.24280167
v -132.55161 9.32640 -80.78269958
v -132.44960 31.59900 -50.97790146
v -132.43739 20.45290 -77.97170258
v -132.39200 11.59430 -81.75810242
v -132.37000 13.86610 -86.95829773
v -132.36771 5.95350 -62.47109985
v -132.34290 10.28400 -86.96810150
v -132.33369 8.23910 -83.92890167
v -132.30611 13.13160 -83.83370209
v -132.27040 11.59610 -83.91870117
v -132.26939 8.27340 -81.20249939
v -132.25481 -2.78880 -32.95249939
v -132.25420 -1.67220 -41.97359848
v -132.25369 31.50730 -38.95769882
v -132.25250 -3.89600 -38.96020126
v -132.25200 25.97870 -65.96659851
v -132.25191 -5.00420 -35.95790100
v -132.24680 31.50850 -41.97320175
v -132.21761 8.37020 -87.44789886
v -132.16010 11.60260 -87.46859741
v -132.14740 7.27330 -77.33950043
v -132.14709 22.76280 -72.64600372
v -132.14140 -1.57870 -27.33690071
v -132.13699 -0.71810 -31.32939911
v -132.13600 6.16710 -77.36940002
v -132.13589 0.63900 -24.34370041
v -132.13589 3.95630 -19.35630035
v -132.13589 5.06210 -63.30110168
v -132.13589 27.17740 -20.24410057
v -132.13589 31.61160 -32.33950043
v -132.13510 30.49750 -27.30649948
v -132.10390 27.24920 -62.35630035
v -132.07690 24.86270 -67.79979706
v -131.96140 5.99080 -66.78530121
v -131.69450 5.43000 -64.45559692
v -131.69020 9.35200 -86.73490143
v -131.43559 11.69670 -102.33950043
v -131.41850 9.57930 -89.29519653
v -131.37320 16.43740 -91.08679962
v -131.31419 17.12250 -89.86959839
v -131.28819 12.79500 -92.72699738
v -131.23500 14.99310 -92.59429932
v -131.22839 9.31760 -91.76670074
v -131.22780 10.73490 -91.64980316
v -131.19450 8.25370 -86.92910004
v -131.18700 13.72230 -96.21070099
v -131.17380 15.89790 -95.76820374
v -131.16940 8.27630 -92.95700073
v -131.16080 18.31770 -87.11190033
v -131.15781 17.12230 -92.95749664
v -131.14999 25.97210 -68.97010040
v -131.14890 0.52640 -47.96269989
v -131.14700 0.51360 -44.95700073
v -131.14700 7.17060 -85.95700073
v -131.09470 26.37100 -67.89080048
v -131.08160 19.26410 -87.45330048
v -131.06219 3.98510 -57.54290009
v -131.05450 21.65180 -77.96119690
v -131.04750 27.18260 -67.37719727
v -131.04491 23.99100 -72.57430267
v -131.04021 26.05820 -17.31349945
v -131.03770 31.61570 -42.24769974
v -131.03661 -2.59870 -32.78300095
v -131.03040 5.06340 -67.07319641
v -131.03030 31.61090 -52.34579849
v -131.03000 29.29480 -58.73289871
v -131.01320 21.64960 -82.31780243
v -130.92551 8.90210 -16.62050056
v -130.84219 28.98290 -60.80419922
v -130.76050 24.96590 -70.05760193
v -130.68520 6.66820 -80.63710022
v -130.68060 11.69670 -99.04959869
v -130.65790 41.75220 -420.04031372
v -130.65530 50.40030 -411.09790039
v -130.65469 39.60520 -417.09649658
v -130.65450 47.16550 -408.09811401
v -130.65280 50.40300 -417.10128784
v -130.65100 48.24810 -420.09429932
v -130.64909 39.60040 -411.09631348
v -130.61501 12.29370 -100.29720306
v -130.36440 9.91340 -95.95700073
v -130.28751 32.35210 -44.24539948
v -130.25729 9.48390 -97.15930176
v -130.21460 10.59090 -100.95850372
v -130.19769 7.17050 -95.95700073
v -130.14500 12.71360 -106.94740295
v -130.14391 8.40290 -107.21540070
v -130.13710 9.46140 -107.50569916
v -130.07401 10.48180 -110.96279907
v -130.07291 7.17050 -89.95700073
v -130.06270 16.01530 -104.95839691
v -130.06020 24.87480 -71.98650360
v -130.05850 6.06970 -93.08039856
v -130.05190 1.57960 -50.90349960
v -130.04269 -0.57960 -47.95949936
v -130.04131 -0.58100 -44.95700073
v -130.04131 4.94800 -65.95700073
v -130.04131 32.61440 -47.95700073
v -129.98700 18.21110 -98.85340118
v -129.96291 19.44350 -102.36000061
v -129.95660 6.13220 -107.32939911
v -129.94839 3.80880 -57.44800186
v -129.92760 30.54740 -57.34629822
v -129.92720 26.09050 -17.33869934
v -129.92610 3.94670 -77.34279633
v -129.92570 -3.79250 -27.33650017
v -129.92490 20.54150 -88.76100159
v -129.92480 0.62940 -22.33769989
v -129.92439 3.94520 -72.33950043
v -129.92439 25.46780 -70.71109772
v -129.92439 29.38900 -20.78569984
v -129.92419 32.09330 -49.40179825
v -129.92380 32.71710 -52.34270096
v -129.92171 32.71900 -27.33510017
v -129.91330 33.81210 -37.33950043
v -129.90810 -2.67430 -32.85350037
v -129.89900 7.17150 -105.54889679
v -129.79860 19.83560 -89.87830353
v -129.72780 32.61430 -44.10649872
v -129.66319 4.47810 -60.06919861
v -129.62801 12.09990 -112.33439636
v -129.57539 40.68430 -405.09768677
v -129.57510 37.44610 -417.09649658
v -129.57510 37.44610 -411.09649658
v -129.57510 38.52570 -420.09649658
v -129.57510 51.47990 -411.09539795
v -129.57510 53.63930 -414.09649658
v -129.57370 53.64050 -411.09478760
v -129.57159 51.48220 -417.11059570
v -129.57111 46.08170 -405.08880615
v -129.57060 50.40130 -408.08850098
v -129.57050 47.16020 -423.10791016
v -129.56700 48.24210 -408.07519531
v -129.52550 6.56680 -100.55449677
v -129.30420 18.11030 -101.95850372
v -129.27380 19.33400 -94.83339691
v -129.26601 12.39450 -115.46060181
v -129.23610 17.92770 -16.24629974
v -129.20250 9.82470 -115.77709961
v -129.16530 8.36840 -111.20690155
v -129.14900 10.55850 -122.95860291
v -129.14771 14.91090 -110.95700073
v -129.10899 20.54280 -92.33950043
v -129.10210 4.92430 -107.19789886
v -129.05580 5.28990 -111.18979645
v -129.02640 16.10010 -111.65899658
v -129.00670 20.20380 -95.74859619
v -128.99080 9.38210 -113.95700073
v -128.98950 20.43980 -16.51530075
v -128.98109 6.06430 -101.49929810
v -128.97620 23.76120 -77.89350128
v -128.97220 7.15360 -111.96350098
v -128.96960 16.08280 -107.95700073
v -128.96220 18.47090 -104.14250183
v -128.94749 4.93370 -82.01409912
v -128.94659 18.22820 -107.95700073
v -128.94569 4.93220 -95.90270233
v -128.94160 3.74920 -59.88040161
v -128.93710 -5.00260 -35.95460129
v -128.93690 -5.00090 -38.96519852
v -128.93550 -3.88710 -39.85070038
v -128.93550 -1.67560 -43.48740005
v -128.93550 4.91310 -67.88439941
v -128.92300 4.95840 -122.95709991
v -128.88969 26.03200 -72.75050354
v -128.87421 9.46910 -122.95709991
v -128.86729 7.40440 -122.95709991
v -128.83031 32.86220 -47.33660126
v -128.82420 -3.47540 -33.87519836
v -128.82080 33.81840 -32.32099915
v -128.82069 -4.89910 -27.33790016
v -128.81860 29.40000 -67.33950043
v -128.81860 29.57210 -62.52970123
v -128.81860 30.40280 -58.00000000
v -128.81860 33.81210 -42.45449829
v -128.81799 32.72700 -52.33850098
v -128.81680 5.02150 -17.36499977
v -128.80991 15.01390 -117.21119690
v -128.78889 29.38860 -20.14559937
v -128.75681 13.80520 -122.95700073
v -128.71989 11.83080 -122.95709991
v -128.50301 35.23950 -411.14840698
v -128.49570 38.52570 -405.09649658
v -128.49561 35.28700 -417.09649658
v -128.49550 36.36730 -420.09719849
v -128.49480 36.36390 -408.10238647
v -128.49010 46.07780 -426.07638550
v -128.48790 51.48000 -408.07989502
v -128.48680 47.16070 -405.07839966
v -128.48470 50.39950 -420.12701416
v -128.47400 42.84690 -426.08319092
v -128.47231 22.18310 -16.67340088
v -128.40950 24.33290 -79.41510010
v -128.30299 15.01370 -120.22989655
v -128.23470 16.65840 -16.38800049
v -128.12610 16.11970 -117.33950043
v -128.11800 3.79250 -59.93629837
v -128.08141 13.90820 -127.33950043
v -128.06430 16.01670 -122.95700073
v -128.00929 33.53120 -44.44469833
v -127.96970 8.37930 -132.33949280
v -127.94520 3.94520 -68.39019775
v -127.93530 10.57400 -132.35260010
v -127.89340 2.61540 -56.82040024
v -127.88610 19.33630 -110.95149994
v -127.86540 2.71300 -113.92130280
v -127.86280 19.33400 -106.97740173
v -127.84590 23.75550 -14.97469997
v -127.84040 18.22840 -113.95770264
v -127.83590 18.20280 -14.95870018
v -127.83520 21.54900 -14.94900036
v -127.83510 12.80140 -122.95739746
v -127.83410 3.71910 -95.96019745
v -127.83180 27.08310 -74.96050262
v -127.83050 -3.89440 -41.96390152
v -127.82990 -6.10960 -35.95729828
v -127.82980 30.40200 -65.96499634
v -127.82970 -1.68670 -44.95700073
v -127.82970 30.40280 -62.95679855
v -127.82970 33.11290 -49.60369873
v -127.82970 33.72010 -47.95700073
v -127.80860 24.95360 -78.08139801
v -127.80860 24.98310 -82.46880341
v -127.79910 5.19270 -122.96160126
v -127.78130 22.76930 -87.35269928
v -127.77900 12.79460 -127.38159943
v -127.72970 6.10380 -127.30159760
v -127.72160 29.39530 -67.61820221
v -127.71820 -4.90080 -27.34110069
v -127.71280 2.85050 -87.44699860
v -127.71280 2.85050 -20.05019951
v -127.71280 3.95630 -18.91900063
v -127.71280 31.60050 -55.38669968
v -127.71280 31.61160 -22.33930016
v -127.71280 33.80100 -52.33950043
v -127.71280 33.82280 -27.33200073
v -127.71280 34.89380 -42.33950043
v -127.71280 34.89430 -37.33950043
v -127.71270 3.75630 -87.38999939
v -127.71160 0.63830 -22.32859993
v -127.70770 8.36360 -137.26710510
v -127.70080 6.16780 -142.33949280
v -127.69350 27.22100 -72.45870209
v -127.67140 21.65580 -102.23729706
v -127.62020 2.74830 -122.95800018
v -127.48440 17.03670 -122.95770264
v -127.45460 34.20330 -411.10379028
v -127.44680 41.76420 -426.10229492
v -127.44600 24.86600 -16.89889908
v -127.42220 40.68420 -402.10290527
v -127.41970 57.96060 -426.08981323
v -127.41610 35.28700 -420.09649658
v -127.41600 32.04840 -414.09649658
v -127.41600 55.79850 -411.09640503
v -127.41600 57.95750 -423.09649658
v -127.41570 32.04810 -423.09710693
v -127.41550 35.28410 -423.07980347
v -127.41540 56.87870 -417.09359741
v -127.41510 55.79810 -420.09860229
v -127.41380 62.27760 -426.10180664
v -127.41300 51.47880 -423.10269165
v -127.41200 54.71910 -408.08880615
v -127.41010 46.08110 -402.08758545
v -127.40930 39.60720 -426.11480713
v -127.40720 35.65510 -405.08261108
v -127.40710 53.63800 -408.07830811
v -127.40540 50.40030 -405.07580566
v -127.40520 33.48780 -408.09649658
v -127.40520 48.24160 -404.19650269
v -127.39420 34.20720 -405.09188843
v -127.38360 32.04840 -408.09649658
v -127.38350 42.83990 -429.08871460
v -127.38120 62.27570 -420.09649658
v -126.99410 16.11970 -127.33950043
v -126.90860 3.95630 -137.33949280
v -126.90290 20.44640 -110.97019958
v -126.88350 9.48510 -137.33949280
v -126.83660 5.06210 -137.33949280
v -126.82410 19.35110 -117.07309723
v -126.80870 13.91400 -137.35749817
v -126.80630 18.34060 -121.75489807
v -126.79250 7.28260 -142.33619690
v -126.74880 3.77230 -82.98470306
v -126.74370 33.72010 -47.33950043
v -126.74180 26.00150 -77.90299988
v -126.73160 2.75270 -59.97589874
v -126.72860 30.40050 -68.96150208
v -126.72810 28.18380 -71.96859741
v -126.72400 1.19120 -122.95700073
v -126.72400 2.67120 -56.95700073
v -126.72000 10.59040 -147.56520081
v -126.71510 2.67740 -110.95310211
v -126.70140 -3.51380 -33.60869980
v -126.67050 5.08920 -152.32960510
v -126.62940 2.85050 -132.33949280
v -126.62940 12.80230 -142.33959961
v -126.62910 6.17590 -147.47990417
v -126.61660 12.80370 -147.34379578
v -126.61360 -6.00520 -27.33909988
v -126.60720 33.93480 -52.34080124
v -126.60710 26.13870 -82.33950043
v -126.60710 33.86740 -37.33950043
v -126.60710 34.69670 -47.33950043
v -126.60710 34.90680 -32.33950043
v -126.60700 30.51980 -62.28659821
v -126.60390 2.27830 -127.05599976
v -126.60170 31.66960 -57.34740067
v -126.59830 5.05850 -162.32699585
v -126.59600 3.95630 -162.33949280
v -126.59260 28.42020 -17.33110046
v -126.58770 1.74470 -132.33949280
v -126.58680 21.81690 -107.40329742
v -126.58020 2.86880 -157.34240723
v -126.56940 3.83280 -69.37640381
v -126.55540 7.31560 -17.33950043
v -126.54770 23.83500 -92.02010345
v -126.54500 3.83130 -71.95700073
v -126.51920 9.59870 -17.36129951
v -126.40200 30.96880 -408.09649658
v -126.38020 56.87790 -423.09649658
v -126.36930 27.73020 -408.09649658
v -126.34750 38.52570 -426.09649658
v -126.34090 61.18890 -420.08898926
v -126.33760 26.65130 -423.09429932
v -126.33730 63.35420 -417.09570312
v -126.33690 46.08340 -435.09820557
v -126.33690 60.11640 -414.09689331
v -126.33660 30.96880 -411.09649658
v -126.33650 33.12790 -411.09649658
v -126.33650 54.71930 -435.09658813
v -126.33650 55.79840 -435.09649658
v -126.33650 56.87790 -420.09649658
v -126.33650 57.95750 -411.09649658
v -126.33650 61.19610 -417.09649658
v -126.33620 47.16340 -429.08810425
v -126.33610 26.65020 -414.09939575
v -126.33400 62.27770 -414.08969116
v -126.33390 64.43620 -426.10360718
v -126.33370 3.09710 -92.90450287
v -126.33250 30.96570 -423.10528564
v -126.33250 56.87820 -408.08880615
v -126.33190 65.51960 -417.08969116
v -126.33070 36.36520 -402.08840942
v -126.33060 16.11970 -137.33949280
v -126.32880 55.79820 -408.07998657
v -126.32580 40.68480 -429.12570190
v -126.32570 37.44710 -426.12969971
v -126.32570 46.08250 -401.41171265
v -126.32570 49.32110 -425.21539307
v -126.32570 50.40070 -404.19650269
v -126.32570 52.55980 -423.11160278
v -126.32570 62.27570 -426.99649048
v -126.32140 53.64360 -423.13018799
v -126.31830 30.99820 -405.18499756
v -126.31320 20.06500 -113.94850159
v -126.30110 38.52570 -429.09649658
v -126.19100 3.27930 -90.29509735
v -126.08210 7.27360 -167.33949280
v -125.97040 10.59090 -152.33949280
v -125.88120 6.16670 -162.26969910
v -125.80660 19.46390 -122.95529938
v -125.79170 9.48510 -157.33949280
v -125.77770 0.63900 -132.33949280
v -125.77770 13.90820 -142.33949280
v -125.76120 20.34680 -117.34069824
v -125.75710 -4.03040 -33.17089844
v -125.73080 1.74470 -137.33949280
v -125.70950 2.57100 -80.84870148
v -125.67430 8.33970 -162.67430115
v -125.65010 27.02520 -77.99150085
v -125.62640 25.99030 -14.95740032
v -125.62440 1.63590 -101.95130157
v -125.62430 2.73250 -95.95269775
v -125.62250 29.29360 -74.96459961
v -125.62240 2.68310 -74.97309875
v -125.62150 29.29480 -71.96099854
v -125.61920 0.52540 -113.95529938
v -125.61820 30.40280 -64.57299805
v -125.61760 -1.68660 -47.92810059
v -125.59910 7.30070 -152.39120483
v -125.58780 6.15450 -167.47709656
v -125.57730 19.44590 -127.28610229
v -125.55510 1.72750 -122.96070099
v -125.53130 24.98650 -82.34100342
v -125.52360 11.69670 -152.33949280
v -125.52150 -0.46800 -152.34140015
v -125.50950 15.01480 -147.35069275
v -125.50340 5.01160 -172.07119751
v -125.50310 33.88300 -27.17799950
v -125.50210 1.76690 -57.38290024
v -125.50180 24.27420 -92.33689880
v -125.50140 33.82300 -42.33769989
v -125.50130 25.92280 -87.33950043
v -125.50130 30.49470 -19.66180038
v -125.50130 33.84560 -37.33950043
v -125.50120 0.65010 -147.52749634
v -125.50100 22.77660 -102.34069824
v -125.50080 17.21770 -137.26939392
v -125.50050 29.38530 -17.31599998
v -125.50040 31.84530 -62.33150101
v -125.50000 2.82450 -67.00409698
v -125.49330 1.75030 -172.16180420
v -125.49060 0.66740 -167.30659485
v -125.48430 1.73830 -162.37060547
v -125.46790 -0.49560 -22.35720062
v -125.44820 2.74100 -62.10269928
v -125.38750 34.19850 -402.01950073
v -125.32990 16.28010 -16.75760078
v -125.28180 32.06160 -429.07571411
v -125.27890 2.35520 -91.33399963
v -125.25940 42.84290 -435.09631348
v -125.25760 26.65070 -411.09811401
v -125.25720 48.24130 -432.09719849
v -125.25700 55.79840 -426.09631348
v -125.25700 56.87790 -432.09649658
v -125.25690 20.17330 -414.09680176
v -125.25690 20.17350 -423.09658813
v -125.25690 23.41200 -414.09649658
v -125.25690 24.49160 -408.09649658
v -125.25690 25.57110 -423.09658813
v -125.25690 46.08250 -432.09649658
v -125.25690 48.24160 -429.09649658
v -125.25690 53.63930 -429.09640503
v -125.25680 50.40090 -426.09671021
v -125.25660 45.00200 -435.09710693
v -125.25630 26.65120 -405.09521484
v -125.25400 51.48130 -402.09179688
v -125.25310 60.11480 -432.10409546
v -125.25150 59.03370 -432.11401367
v -125.25030 66.59820 -420.08599854
v -125.24920 57.95730 -408.07998657
v -125.24750 64.43500 -414.07739258
v -125.24640 63.35520 -414.06860352
v -125.24630 53.63850 -405.07620239
v -125.24610 38.52570 -429.63400269
v -125.24350 49.32070 -399.11911011
v -125.23900 30.98500 -402.09741211
v -125.23470 47.16460 -399.10919189
v -125.22730 2.34420 -93.57859802
v -125.22590 42.84460 -432.09719849
v -125.22160 28.80980 -402.09649658
v -125.16970 -4.56250 -33.86299896
v -125.08190 2.85050 -182.33949280
v -124.96770 25.54740 -80.95690155
v -124.95250 31.50840 -61.76350021
v -124.94840 3.95630 -172.33949280
v -124.90460 27.07790 -16.97190094
v -124.86470 3.95630 -177.33949280
v -124.83780 8.37930 -172.33949280
v -124.80960 6.15910 -182.38420105
v -124.75580 13.93460 -152.31350708
v -124.70640 40.68480 -432.09649658
v -124.68280 9.48510 -162.33949280
v -124.61670 8.37930 -167.33949280
v -124.53950 0.35050 -101.94180298
v -124.53860 11.68960 -162.43040466
v -124.52960 12.80240 -152.33949280
v -124.52870 10.60290 -167.34089661
v -124.51670 2.67690 -80.89399719
v -124.51620 26.00990 -83.96209717
v -124.51320 -6.11010 -35.95470047
v -124.51280 0.52500 -104.95690155
v -124.51260 31.50830 -62.95750046
v -124.51240 0.50480 -113.95700073
v -124.51240 1.56350 -83.95700073
v -124.51240 31.50850 -65.95700073
v -124.51230 28.18190 -77.97850037
v -124.51200 -3.89810 -41.95790100
v -124.51170 1.73710 -57.27600098
v -124.51090 -0.55580 -116.97019958
v -124.50390 -0.46900 -182.35249329
v -124.50010 2.72500 -71.92440033
v -124.45310 11.69670 -157.33949280
v -124.45140 6.16780 -177.33949280
v -124.42900 -0.46680 -162.33949280
v -124.42360 22.97050 -102.33950043
v -124.41790 10.59160 -172.33749390
v -124.41430 24.85180 -87.33910370
v -124.40710 21.89170 -117.47889709
v -124.40010 19.50260 -132.34060669
v -124.39940 17.22950 -147.36160278
v -124.39910 -1.57700 -168.28709412
v -124.39810 18.31790 -142.23210144
v -124.39650 0.61320 -122.96230316
v -124.39550 -0.98440 -172.33949280
v -124.39550 -0.65850 -177.33949280
v -124.39550 1.76990 -67.33950043
v -124.39550 3.95630 -179.83949280
v -124.39550 5.06210 -19.28280067
v -124.39550 9.48510 -18.62870026
v -124.39550 34.94040 -47.33950043
v -124.39540 32.71800 -22.34020042
v -124.39520 29.29630 -72.76039886
v -124.39470 22.81000 -112.34570312
v -124.39470 34.92850 -37.34059906
v -124.39090 25.07430 -92.23880005
v -124.38440 13.90710 -157.34300232
v -124.38430 0.63900 -177.32460022
v -124.38290 34.94800 -27.11980057
v -124.35570 0.55800 -127.18710327
v -124.35200 2.71200 -74.95700073
v -124.34050 36.37090 -399.07339478
v -124.27450 41.76430 -432.09649658
v -124.20980 43.92340 -432.09649658
v -124.20350 25.56290 -405.10089111
v -124.19170 27.73020 -402.09649658
v -124.19070 27.86350 -17.07209969
v -124.18800 23.41200 -411.12200928
v -124.18550 46.07440 -399.09820557
v -124.18500 40.18170 -399.10931396
v -124.18230 61.18090 -432.13229370
v -124.18070 19.08960 -411.11019897
v -124.17920 51.48080 -426.09429932
v -124.17770 23.41240 -402.09619141
v -124.17750 23.41200 -405.09649658
v -124.17740 14.77570 -423.09649658
v -124.17740 14.77570 -414.09649658
v -124.17740 16.93480 -414.09640503
v -124.17700 40.68460 -435.09741211
v -124.17690 19.09590 -426.09820557
v -124.17610 26.65140 -429.09869385
v -124.17350 57.96250 -435.09729004
v -124.17340 18.01050 -408.09609985
v -124.17340 44.99480 -432.09008789
v -124.17230 30.96860 -429.10818481
v -124.17210 67.67870 -417.08801270
v -124.16880 61.19700 -408.07888794
v -124.16860 63.35440 -411.07751465
v -124.16800 66.60330 -426.09671021
v -124.16800 67.68210 -423.10229492
v -124.16660 28.80980 -401.03039551
v -124.16660 54.71880 -404.18798828
v -124.16660 55.79800 -405.07550049
v -124.16660 59.03700 -433.61151123
v -124.16660 63.35520 -430.59649658
v -124.16650 60.11660 -408.06640625
v -124.16120 53.60180 -426.07141113
v -124.14260 20.17340 -399.09649658
v -124.08120 29.29650 -71.95709991
v -124.07590 2.29010 -62.33950043
v -123.91830 6.21440 -187.24800110
v -123.91570 8.37690 -182.34010315
v -123.82970 -1.18960 -147.46560669
v -123.78160 1.96950 -59.96620178
v -123.78080 5.06100 -192.33859253
v -123.65790 10.59150 -177.33900452
v -123.63640 1.86930 -69.61160278
v -123.63600 -0.46680 -187.33949280
v -123.63010 1.75530 -197.31750488
v -123.53410 25.57110 -399.09649658
v -123.46020 23.79950 -101.95559692
v -123.44280 0.33110 -98.94550323
v -123.43650 1.50460 -80.93830109
v -123.42400 -0.77450 -110.93800354
v -123.42030 16.21110 -152.48420715
v -123.41850 -7.21290 -35.95259857
v -123.41710 5.09860 -197.38250732
v -123.41610 0.42660 -95.99099731
v -123.41230 27.07700 -14.94649982
v -123.40940 -1.80320 -122.95880127
v -123.40670 1.27310 -92.95700073
v -123.40670 16.69010 -17.02790070
v -123.40670 32.61430 -59.95700073
v -123.40670 32.61430 -57.66279984
v -123.40570 29.29790 -74.95529938
v -123.40560 -6.11210 -38.95420074
v -123.40030 3.95630 -187.33949280
v -123.39430 31.50900 -68.98069763
v -123.39180 12.80580 -167.35910034
v -123.37590 11.69670 -167.33949280
v -123.35670 -1.57240 -177.33529663
v -123.34980 -0.51130 -192.82049561
v -123.31300 21.76200 -127.41390228
v -123.31240 19.55150 -137.24450684
v -123.30450 0.65070 -22.31649971
v -123.29280 -2.75560 -167.33680725
v -123.29190 34.92890 -47.34510040
v -123.29110 -6.01010 -27.34280014
v -123.29030 18.34060 -147.34519958
v -123.28980 -2.77880 -152.34010315
v -123.28980 -0.46680 -171.87590027
v -123.28980 24.96590 -93.98789978
v -123.28930 -1.58510 -137.33619690
v -123.28890 33.83260 -42.33039856
v -123.28480 1.73530 -76.97979736
v -123.28220 12.80160 -17.33679962
v -123.27380 36.34840 -432.05679321
v -123.27340 9.46370 -187.37420654
v -123.26550 36.25820 -396.13668823
v -123.25830 26.57760 -395.95678711
v -123.23610 -4.82400 -32.74330139
v -123.17870 25.30790 -86.83190155
v -123.14380 32.08870 -399.10501099
v -123.14190 33.18160 -396.09671021
v -123.10870 37.44960 -435.08340454
v -123.10550 18.02210 -405.11309814
v -123.10510 16.93140 -408.09460449
v -123.09790 16.93480 -411.09649658
v -123.09790 39.60520 -432.09649658
v -123.09780 10.45750 -414.09649658
v -123.09780 12.61660 -414.09631348
v -123.09770 22.33260 -399.09570312
v -123.09730 11.53540 -423.09680176
v -123.09700 60.11880 -405.09631348
v -123.09660 39.60410 -435.09930420
v -123.09600 13.69270 -408.11730957
v -123.09600 13.70580 -426.10989380
v -123.09540 32.04890 -432.10189819
v -123.09300 23.41060 -429.10751343
v -123.09230 54.71890 -402.08950806
v -123.09220 53.63840 -402.08758545
v -123.09080 57.95670 -405.08740234
v -123.09060 50.39960 -399.08731079
v -123.09010 66.59790 -414.08520508
v -123.08980 62.27430 -408.07760620
v -123.08870 22.32300 -405.06210327
v -123.08840 68.76290 -423.09710693
v -123.08760 14.77570 -426.12429810
v -123.08700 20.17340 -398.16030884
v -123.08700 48.24160 -397.34341431
v -123.08700 68.76370 -420.09649658
v -123.08450 47.16210 -396.11221313
v -123.08070 62.30400 -432.15530396
v -123.06590 15.85520 -402.09649658
v -123.04870 26.32920 -83.47869873
v -123.02820 1.62300 -56.95899963
v -122.83900 27.64330 -79.44570160
v -122.77530 24.40420 -95.95760345
v -122.66380 8.37850 -192.34120178
v -122.49330 1.73450 -72.32340240
v -122.42030 1.73140 -74.95800018
v -122.37510 2.83660 -212.86729431
v -122.35960 -0.73790 -102.07460022
v -122.35780 -1.89720 -116.89320374
v -122.32550 0.53590 -56.95700073
v -122.32330 7.27360 -202.36779785
v -122.31980 11.69670 -177.33949280
v -122.31900 8.37070 -197.42100525
v -122.30570 1.42740 -56.26599884
v -122.30320 0.52510 -92.96009827
v -122.30200 2.04340 -58.75139999
v -122.30160 -0.58070 -104.95739746
v -122.30150 -0.65700 -110.95220184
v -122.30090 -1.76490 -113.95700073
v -122.30090 0.42420 -83.95700073
v -122.30090 24.87390 -98.95700073
v -122.30060 -0.58410 -50.98180008
v -122.30060 30.39980 -71.96379852
v -122.30030 -3.88480 -41.97389984
v -122.29840 33.72270 -53.95600128
v -122.29820 1.58300 -80.94110107
v -122.27400 18.25220 -14.96179962
v -122.27360 11.74000 -182.52020264
v -122.27330 7.27360 -192.33949280
v -122.26720 6.17160 -207.33869934
v -122.25440 28.29490 -82.38929749
v -122.25090 -1.56470 -202.49650574
v -122.24970 0.65870 -202.37390137
v -122.24020 -1.70450 -23.95859909
v -122.22760 -0.46860 -212.33090210
v -122.21620 0.63910 -217.34129333
v -122.21310 26.09110 -92.37699890
v -122.21220 4.96430 -211.80940247
v -122.21130 -3.87850 -177.38890076
v -122.20490 -2.67800 -187.37609863
v -122.19650 24.87720 -95.17350006
v -122.19080 -7.11030 -27.33979988
v -122.19020 13.91070 -172.36779785
v -122.18920 17.23190 -157.34840393
v -122.18920 27.18450 -87.35199738
v -122.18630 -1.60940 -197.40249634
v -122.18530 -1.62210 -122.96089935
v -122.18500 34.94110 -42.36100006
v -122.18440 -4.84600 -32.63010025
v -122.18410 -2.68950 -142.33949280
v -122.18400 -3.76440 -162.33949280
v -122.18400 -1.58370 -127.33950043
v -122.18400 3.95630 -20.50469971
v -122.18400 5.06210 -20.25919914
v -122.18400 19.44760 -142.34129333
v -122.18400 20.56520 -132.33949280
v -122.18400 22.73590 -122.33950043
v -122.18400 24.42450 -107.33950043
v -122.18390 24.01880 -101.34339905
v -122.18390 36.03530 -47.34260178
v -122.17410 -2.81600 -157.34460449
v -122.16390 12.79670 -177.21449280
v -122.16350 35.46900 -27.34530067
v -122.15420 14.99890 -17.38400078
v -122.09290 14.77220 -402.07269287
v -122.07290 16.93480 -405.09649658
v -122.06950 33.72220 -52.98360062
v -122.06110 60.19260 -434.00711060
v -122.05550 16.94180 -399.16128540
v -122.04650 36.35620 -435.06259155
v -122.02640 30.96540 -435.09460449
v -122.02270 30.97540 -432.10641479
v -122.01980 9.37380 -411.10900879
v -122.01840 12.61660 -411.09649658
v -122.01840 24.49180 -396.09671021
v -122.01840 25.57110 -432.09649658
v -122.01830 26.65070 -435.09649658
v -122.01830 42.84380 -438.09649658
v -122.01730 10.45340 -408.09140015
v -122.01580 61.19500 -405.09289551
v -122.01530 48.24190 -438.09799194
v -122.01190 18.01320 -396.08239746
v -122.00750 12.61660 -406.59649658
v -122.00750 43.92340 -394.83920288
v -122.00750 46.08250 -395.31491089
v -122.00750 66.61560 -414.09671021
v -122.00750 68.75290 -417.06649780
v -122.00740 65.52550 -429.09609985
v -122.00660 59.02400 -435.09320068
v -122.00550 65.51820 -411.07870483
v -122.00460 37.44500 -393.12249756
v -122.00310 19.10040 -432.09429932
v -121.99710 14.77600 -429.09228516
v -121.99550 21.15680 -432.12619019
v -121.68600 6.16650 -217.33799744
v -121.53220 1.69840 -222.43919373
v -121.50610 28.28410 -77.71040344
v -121.45850 12.63840 -402.14498901
v -121.43570 7.27360 -212.33949280
v -121.30070 33.72170 -53.95830154
v -121.29470 23.36440 -14.50679970
v -121.24520 1.57400 -57.14070129
v -121.23620 6.15560 -222.35940552
v -121.23460 5.06210 -217.33949280
v -121.22610 -1.81310 -110.93840027
v -121.21740 -1.68620 -44.99679947
v -121.21450 -1.80670 -108.01599884
v -121.21440 8.39200 -207.53289795
v -121.21200 -7.22160 -35.96030045
v -121.21000 -0.69900 -96.00150299
v -121.20630 0.43960 -77.98989868
v -121.20610 0.53530 -59.95790100
v -121.20310 -2.83980 -119.83039856
v -121.19830 18.56110 -17.02319908
v -121.19630 -0.58100 -98.95899963
v -121.19510 -5.00100 -41.96179962
v -121.19510 -1.77610 -116.95700073
v -121.19510 0.52490 -68.95700073
v -121.19510 1.61510 -71.95700073
v -121.18060 11.72090 -192.43850708
v -121.16340 0.50240 -62.95309830
v -121.15760 -2.63850 -207.33430481
v -121.15600 -0.60260 -52.53179932
v -121.14520 2.85050 -222.33949280
v -121.13510 15.85520 -348.09649658
v -121.12950 16.14000 -162.38090515
v -121.12550 -3.78600 -167.35029602
v -121.11170 15.01400 -167.33949280
v -121.10070 11.71390 -20.81959915
v -121.08700 12.62120 -348.09741211
v -121.08650 16.12210 -172.35159302
v -121.08560 -3.87900 -147.36210632
v -121.08500 18.34090 -152.37879944
v -121.08450 15.01540 -172.36759949
v -121.08320 20.59900 -137.42210388
v -121.07980 -4.92070 -172.33290100
v -121.07840 -3.84440 -182.32800293
v -121.07820 8.37930 -21.06739998
v -121.07820 13.90820 -19.16720009
v -121.07820 15.01400 -18.98399925
v -121.07820 21.77980 -117.33950043
v -121.07820 22.06190 -122.33950043
v -121.07820 22.76290 -113.99990082
v -121.07820 23.97180 -107.33950043
v -121.07820 24.97710 -97.33950043
v -121.07820 29.38230 -74.72599792
v -121.07810 -2.68910 -132.33900452
v -121.07810 0.63640 -22.33440018
v -121.07720 17.18040 -17.34009933
v -121.07410 26.20470 -87.32399750
v -121.07340 -1.61180 -122.95999908
v -121.07120 -1.44890 -217.10710144
v -121.06640 14.71750 -348.04699707
v -121.03590 33.16550 -390.07571411
v -120.97150 25.47110 -393.08590698
v -120.97140 36.36670 -393.09619141
v -120.96740 -0.59060 -50.93650055
v -120.95410 28.79180 -390.11318970
v -120.94670 50.41570 -438.08801270
v -120.93880 19.09610 -393.09201050
v -120.93870 25.57110 -390.09658813
v -120.93870 29.88930 -393.09649658
v -120.93870 38.52570 -438.09649658
v -120.93810 20.17220 -390.09478760
v -120.93720 40.68590 -438.09799194
v -120.93590 23.40820 -432.10220337
v -120.93120 9.37780 -423.11349487
v -120.92810 64.43500 -408.07620239
v -120.92790 8.29840 -421.59649658
v -120.92790 14.77570 -351.12799072
v -120.92790 18.01430 -395.20291138
v -120.92790 53.63930 -400.14968872
v -120.92790 55.79840 -401.33898926
v -120.92790 57.95750 -403.08648682
v -120.92790 57.96840 -435.09649658
v -120.92790 68.76370 -414.09649658
v -120.92690 41.77970 -393.07238770
v -120.92450 24.49740 -435.08248901
v -120.91990 36.32770 -390.06939697
v -120.90400 27.73020 -384.09649658
v -120.90400 51.62670 -398.27920532
v -120.81920 -5.86940 -33.53710175
v -120.77960 38.57100 -391.45309448
v -120.53080 29.44630 -17.33970070
v -120.44160 1.74470 -232.33949280
v -120.43240 16.93480 -348.09649658
v -120.30750 7.27360 -227.33949280
v -120.30750 9.48510 -217.33949280
v -120.28070 2.78140 -237.28329468
v -120.25220 9.48020 -202.34590149
v -120.24860 5.04360 -237.32890320
v -120.21820 -0.46680 -227.33949280
v -120.20620 11.66290 -202.26040649
v -120.18660 -2.93230 -116.89459991
v -120.15120 11.48850 -401.96850586
v -120.09530 1.74470 -227.33949280
v -120.08940 -2.82600 -113.95700073
v -120.08940 -2.79240 -44.95700073
v -120.08940 -0.61940 -98.95700073
v -120.08940 -0.58090 -59.95700073
v -120.08940 0.37120 -86.95700073
v -120.08930 -0.58090 -92.95659637
v -120.08360 -1.75130 -101.90570068
v -120.07650 -0.65550 -89.76719666
v -120.07350 19.34490 -14.92469978
v -120.07300 8.37930 -217.33949280
v -120.07170 13.91090 -182.33320618
v -120.06870 -3.87940 -122.95929718
v -120.02830 9.48510 -212.33949280
v -120.02190 10.60320 -212.39129639
v -120.00140 9.32810 -348.07980347
v -120.00120 3.89450 -237.37390137
v -119.99060 36.06570 -47.36759949
v -119.98760 19.49110 -152.34010315
v -119.98350 15.01400 -182.33959961
v -119.98190 15.01590 -177.34370422
v -119.97730 -4.95610 -152.48489380
v -119.97650 -2.73620 -122.95919800
v -119.97580 -3.92970 -207.33180237
v -119.97420 16.10910 -17.34280014
v -119.97410 20.26540 -142.33920288
v -119.97410 23.89450 -112.32540131
v -119.97410 34.90660 -52.33739853
v -119.97330 32.61400 -57.79600143
v -119.97250 -4.90190 -177.33949280
v -119.97250 -2.87770 -137.33949280
v -119.97250 -2.68950 -127.33950043
v -119.97250 3.95630 -21.32729912
v -119.97250 10.13010 -222.33949280
v -119.97250 24.96590 -98.89119720
v -119.97250 27.15390 -92.33950043
v -119.97250 27.17740 -84.90429688
v -119.97200 -1.70310 -52.32429886
v -119.97130 -3.80540 -142.30969238
v -119.97040 22.81750 -122.37449646
v -119.96980 28.27170 -82.32890320
v -119.96840 10.45780 -348.09619141
v -119.96610 -4.92250 -192.31840515
v -119.96560 -4.89610 -167.27459717
v -119.92950 27.73640 -381.04290771
v -119.91450 26.63700 -381.06460571
v -119.87700 13.69630 -348.09399414
v -119.87590 13.06260 -429.14001465
v -119.87290 14.77580 -399.09060669
v -119.86060 49.35110 -396.12069702
v -119.85920 12.61660 -396.09649658
v -119.85920 18.01430 -393.09649658
v -119.85920 21.25290 -387.09649658
v -119.85920 21.25290 -378.09649658
v -119.85920 32.04840 -378.09640503
v -119.85910 12.61650 -399.09631348
v -119.85880 32.04770 -387.09509277
v -119.85850 14.77610 -393.09439087
v -119.85850 18.01470 -390.09469604
v -119.85800 28.81100 -387.10180664
v -119.85770 32.04820 -438.09780884
v -119.85390 0.67420 -237.09460449
v -119.85150 67.67710 -411.08758545
v -119.85010 63.37610 -405.10900879
v -119.84920 7.23770 -420.08221436
v -119.84840 9.37790 -424.00680542
v -119.84840 12.61660 -349.37719727
v -119.84840 15.85520 -430.78720093
v -119.84840 15.85520 -349.73410034
v -119.84840 18.01430 -346.14651489
v -119.84840 21.25290 -433.59649658
v -119.84840 27.73020 -377.76321411
v -119.84840 47.16200 -394.97839355
v -119.84810 8.30430 -423.05169678
v -119.84720 24.47490 -435.10140991
v -119.84690 10.46750 -426.09500122
v -119.84010 16.96560 -432.09640503
v -119.83760 14.77570 -342.09649658
v -119.83070 15.85610 -345.09698486
v -119.82950 22.33250 -354.09649658
v -119.81940 9.35570 -351.18811035
v -119.79170 17.12250 -31.19580078
v -119.72040 16.08900 -31.24180031
v -119.65460 36.36660 -381.09649658
v -119.64410 29.39920 -74.68009949
v -119.41960 10.59090 -207.33949280
v -119.33550 9.49810 -227.34120178
v -119.32500 16.93480 -342.09649658
v -119.18380 8.41830 -237.62730408
v -119.18260 8.37930 -227.33949280
v -119.07470 35.28690 -381.09579468
v -119.02510 11.71160 -222.35189819
v -119.01440 -1.79580 -98.99040222
v -119.00070 2.85050 -242.33949280
v -118.99810 32.61400 -59.95769882
v -118.99790 20.17340 -348.09649658
v -118.98690 -4.99950 -41.96509933
v -118.98490 -0.57400 -59.97480011
v -118.98480 19.82350 -16.58079910
v -118.98470 -1.58730 -232.34910583
v -118.98460 -2.79120 -47.95930099
v -118.98360 -8.32140 -35.95700073
v -118.98360 -7.20450 -32.48199844
v -118.98360 -1.78800 -107.95700073
v -118.98360 0.15840 -83.95700073
v -118.98340 -7.21580 -38.95679855
v -118.98320 -3.91690 -119.95290375
v -118.98020 -0.59820 -56.83980179
v -118.97150 -2.82340 -110.84349823
v -118.95730 0.51690 -71.98400116
v -118.94670 -3.91950 -132.49960327
v -118.94330 20.17340 -351.09649658
v -118.93960 8.39280 -247.29310608
v -118.93610 -3.92440 -137.26950073
v -118.93300 18.22830 -32.10329819
v -118.92250 3.95630 -252.33949280
v -118.92240 8.37940 -232.33959961
v -118.91140 6.16780 -242.33949280
v -118.91140 7.27360 -237.33949280
v -118.90510 29.87720 -371.99661255
v -118.90310 23.41860 -354.05441284
v -118.90260 -1.63670 -22.40130043
v -118.88610 13.89840 -187.38740540
v -118.87790 26.66050 -366.14389038
v -118.87770 15.01400 -187.33949280
v -118.87770 16.11970 -177.33949280
v -118.87730 -3.85940 -217.34939575
v -118.87710 -0.46400 -237.37649536
v -118.87680 26.65070 -372.09649658
v -118.87420 15.01890 -192.34890747
v -118.87300 17.23170 -177.34500122
v -118.87050 -3.84000 -207.34260559
v -118.87040 20.64530 -132.20210266
v -118.86970 20.72280 -147.32989502
v -118.86780 31.50840 -62.95729828
v -118.86670 -5.02110 -182.33949280
v -118.86670 -4.88990 -24.80159950
v -118.86670 -2.69370 -122.95929718
v -118.86670 -2.65480 -52.33950043
v -118.86670 2.85050 -21.07640076
v -118.86670 16.11970 -24.83950043
v -118.86670 17.22550 -24.62210083
v -118.86670 18.13190 -27.33950043
v -118.86670 18.34230 -172.33959961
v -118.86670 20.55400 -137.33949280
v -118.86670 22.86680 -117.33950043
v -118.86670 23.86010 -110.08149719
v -118.86670 26.29280 -87.33950043
v -118.86670 36.02360 -45.76810074
v -118.86670 37.10480 -47.33950043
v -118.86640 26.11620 -92.33920288
v -118.86540 8.38170 -22.32290077
v -118.86480 28.28200 -87.22879791
v -118.86430 34.22540 -384.09310913
v -118.85520 7.26460 -252.26339722
v -118.85430 32.76060 -22.25600052
v -118.85380 28.37300 -77.46880341
v -118.84770 35.01350 -27.32469940
v -118.84590 15.01200 -22.30319977
v -118.84400 20.21120 -342.09658813
v -118.83960 15.00880 -31.84630013
v -118.83950 -5.02310 -197.24049377
v -118.83550 29.38900 -82.33950043
v -118.81680 16.93480 -345.09649658
v -118.81110 39.62280 -387.10479736
v -118.80700 28.62560 -437.23440552
v -118.80430 7.24280 -408.13128662
v -118.80350 50.35750 -438.10220337
v -118.80060 20.17510 -387.11010742
v -118.79710 20.16970 -357.09631348
v -118.79130 35.28840 -387.09350586
v -118.79120 14.78380 -384.07220459
v -118.79070 33.12790 -387.09649658
v -118.78320 23.41180 -435.10238647
v -118.78280 13.69890 -366.10400391
v -118.78210 32.04500 -375.09460449
v -118.77980 16.93480 -387.09649658
v -118.77970 21.25290 -345.09649658
v -118.77970 22.33250 -348.09649658
v -118.77970 25.57110 -375.09649658
v -118.77970 32.04830 -372.09631348
v -118.77960 13.69550 -390.09631348
v -118.77960 28.80990 -366.09680176
v -118.77950 23.41440 -366.08880615
v -118.77930 13.69550 -381.09588623
v -118.77930 20.17320 -366.09451294
v -118.77920 28.84700 -374.99639893
v -118.77890 12.61640 -393.09509277
v -118.77890 18.01400 -366.09179688
v -118.77890 20.17570 -375.09851074
v -118.77850 33.12830 -378.09478760
v -118.77840 10.45740 -399.09390259
v -118.77820 15.84320 -351.10101318
v -118.77560 29.88560 -438.09829712
v -118.77310 18.55040 -369.11380005
v -118.76930 45.01350 -393.09619141
v -118.76890 9.36710 -402.09649658
v -118.76890 10.45750 -349.68218994
v -118.76890 36.72640 -381.09649658
v -118.76890 43.92340 -391.64669800
v -118.76770 57.96720 -435.09689331
v -118.76650 8.31210 -348.09588623
v -118.76290 21.24500 -356.36428833
v -118.76280 57.96160 -402.08889771
v -118.75970 41.80420 -389.83221436
v -118.75130 24.49370 -360.13229370
v -118.75130 24.86770 -97.88220215
v -118.75080 16.93490 -354.08419800
v -118.74850 12.61660 -357.09649658
v -118.65130 -1.36540 -50.35210037
v -118.43670 45.00290 -390.09649658
v -118.31910 20.43980 -29.07069969
v -118.31090 24.49160 -357.09649658
v -118.27840 16.70220 -32.57979965
v -118.27410 14.77570 -345.09649658
v -118.21890 11.69670 -232.33949280
v -118.21270 19.09380 -357.09689331
v -118.13640 15.85520 -357.09649658
v -118.09930 -6.32020 -30.96150017
v -118.08480 2.85050 -257.33950806
v -118.08190 22.33250 -342.09649658
v -118.07100 37.44610 -381.09649658
v -118.06750 23.43880 -342.09609985
v -118.06270 6.10130 -262.45959473
v -118.00550 23.41200 -345.09649658
v -117.99310 13.69410 -345.09469604
v -117.96240 19.07640 -363.16049194
v -117.95920 22.33250 -357.09649658
v -117.92440 16.11970 -32.90359879
v -117.91320 12.82170 -212.44059753
v -117.89690 38.56490 -383.97549438
v -117.88560 12.61660 -360.09649658
v -117.88560 24.49160 -351.09649658
v -117.88060 34.30460 -372.06878662
v -117.87940 0.54070 -68.93540192
v -117.87780 -0.70390 -83.95700073
v -117.87780 -0.60670 -89.95700073
v -117.87780 -0.58100 -74.95700073
v -117.87780 0.20090 -62.95700073
v -117.87670 -1.69950 -101.97219849
v -117.87250 27.08190 -14.95489979
v -117.87220 21.54230 -14.95530033
v -117.86610 -6.78550 -28.82970047
v -117.86270 13.90780 -207.35209656
v -117.85860 -1.69120 -59.96609879
v -117.85310 -7.20450 -29.95649910
v -117.83910 1.74470 -247.33949280
v -117.83910 2.85050 -262.33950806
v -117.83380 -1.68740 -52.33959961
v -117.82510 0.58690 -252.95320129
v -117.82420 15.85520 -354.09649658
v -117.82170 11.70810 -247.45039368
v -117.81680 10.59090 -237.33949280
v -117.80810 12.61600 -384.09020996
v -117.80560 9.48510 -252.33949280
v -117.80390 -0.46960 -247.34779358
v -117.79210 -4.99790 -142.44039917
v -117.79090 8.35620 -257.41790771
v -117.78820 13.93290 -197.29429626
v -117.78750 -6.16010 -183.26620483
v -117.78490 9.50920 -262.40420532
v -117.78440 13.90820 -22.33950043
v -117.78420 34.98530 -42.06679916
v -117.78000 3.95790 -267.36260986
v -117.77890 22.80390 -123.02629852
v -117.77270 -4.89620 -207.35310364
v -117.77270 -2.69070 -237.36540222
v -117.76800 35.31080 -378.08120728
v -117.76760 -6.00370 -157.29980469
v -117.76550 6.17920 -23.06609917
v -117.76300 -7.11180 -27.33589935
v -117.76280 13.92190 -31.84639931
v -117.76220 20.55560 -142.55599976
v -117.76200 -3.81750 -227.33839417
v -117.76110 17.23650 -182.33900452
v -117.76100 16.12930 -187.34449768
v -117.76090 -5.99570 -25.21769905
v -117.76090 -4.92340 -152.33949280
v -117.76090 -3.91810 -217.33949280
v -117.76090 11.69670 -24.77809906
v -117.76090 17.21450 -32.33950043
v -117.76090 21.42440 -29.65530014
v -117.76090 24.94750 -107.33950043
v -117.76090 27.17740 -84.77619934
v -117.76090 29.52300 -17.33950043
v -117.76090 32.61390 -59.53770065
v -117.76070 -3.79380 -127.33619690
v -117.76050 21.65890 -132.34449768
v -117.76030 34.92880 -32.33409882
v -117.76020 18.34110 -172.35099792
v -117.76010 -2.68350 -22.31189919
v -117.75960 16.10890 -17.33909988
v -117.75860 28.33080 -77.58339691
v -117.75850 17.22240 -22.36720085
v -117.75750 -6.04700 -192.35789490
v -117.75660 23.86970 -102.32319641
v -117.75460 12.61560 -354.09640503
v -117.75280 36.04710 -47.31790161
v -117.75220 12.79830 -232.29429626
v -117.75190 35.28700 -384.09649658
v -117.75010 19.43200 -32.33760071
v -117.74340 10.58230 -257.29638672
v -117.74310 23.93420 -117.36489868
v -117.73290 16.93480 -357.09649658
v -117.72200 23.41200 -351.09649658
v -117.72070 12.62880 -375.05090332
v -117.72020 11.53260 -357.10449219
v -117.71440 25.57110 -360.09649658
v -117.70780 2.84190 -21.10720062
v -117.70580 28.80470 -363.10470581
v -117.70200 48.24410 -438.09768677
v -117.70020 15.85520 -363.09649658
v -117.70020 15.85520 -360.09649658
v -117.70020 22.33250 -363.09649658
v -117.70010 13.69610 -384.09649658
v -117.70010 29.88930 -366.09640503
v -117.70010 34.20750 -378.09649658
v -117.69970 25.57300 -354.10009766
v -117.69890 32.04830 -369.09390259
v -117.69830 34.21830 -375.10110474
v -117.69680 28.81450 -357.09228516
v -117.69480 9.37290 -396.08770752
v -117.69310 11.52990 -390.08740234
v -117.69220 12.61970 -363.08248901
v -117.68930 7.24340 -348.09649658
v -117.68930 8.29840 -347.52569580
v -117.68930 9.36410 -402.09649658
v -117.68860 8.31980 -405.09829712
v -117.68850 56.88730 -435.10220337
v -117.68700 12.62650 -429.09548950
v -117.68420 12.62240 -342.09649658
v -117.68280 22.30180 -435.10000610
v -117.60240 7.19490 -411.08560181
v -117.46410 -1.68690 -50.95619965
v -117.45130 -1.68180 -93.28630066
v -117.33110 11.54320 -345.09408569
v -117.30860 13.90820 -217.33949280
v -117.13030 38.48430 -380.99798584
v -117.11410 27.84150 -17.01289940
v -117.04610 12.80240 -252.33949280
v -117.02370 9.48510 -267.33950806
v -117.00480 14.67940 -32.68719864
v -116.92110 -7.95470 -27.34390068
v -116.87560 -2.85710 -104.96810150
v -116.87430 7.23360 -277.39959717
v -116.80170 10.59090 -262.33950806
v -116.78300 12.80000 -242.37590027
v -116.78270 34.20970 -369.08139038
v -116.77200 -8.28510 -29.95700073
v -116.77200 -0.58100 -62.95700073
v -116.77200 -0.58090 -65.95700073
v -116.77200 24.87390 -98.95700073
v -116.77070 -1.69740 -89.95619965
v -116.77070 21.53000 -29.94470024
v -116.76950 20.43430 -26.97109985
v -116.76870 13.92610 -247.40480042
v -116.76440 6.16780 -267.33950806
v -116.75010 12.83110 -267.35589600
v -116.74810 -3.97580 -116.94619751
v -116.74730 31.60050 -22.33950043
v -116.74450 1.76520 -267.37200928
v -116.73400 27.86650 -354.06451416
v -116.73040 -0.47060 -257.35549927
v -116.72200 32.61380 -59.95800018
v -116.71240 13.81100 -27.22010040
v -116.71110 26.81740 -348.06961060
v -116.70280 27.75150 -350.75689697
v -116.69200 9.50170 -282.68029785
v -116.66490 2.85070 -272.35379028
v -116.66480 -4.90120 -22.29899979
v -116.66230 8.36130 -24.14739990
v -116.66150 -6.01300 -192.35260010
v -116.66140 13.05010 -31.08580017
v -116.66010 -4.97350 -222.30979919
v -116.65840 20.54280 -24.45050049
v -116.65710 29.89750 -360.05709839
v -116.65690 18.33160 -24.08799934
v -116.65660 -4.92630 -137.27850342
v -116.65610 15.06960 -202.33920288
v -116.65590 34.91980 -32.30690002
v -116.65540 18.34070 -177.34429932
v -116.65520 -4.95420 -147.33949280
v -116.65520 -4.91220 -217.33949280
v -116.65520 16.11970 -32.98740005
v -116.65520 19.44820 -167.33949280
v -116.65520 19.47560 -157.33949280
v -116.65520 19.55550 -152.33949280
v -116.65520 20.53180 -147.33949280
v -116.65520 22.60920 -127.33950043
v -116.65520 22.82140 -112.33950043
v -116.65520 24.02880 -107.33950043
v -116.65520 36.03500 -37.33950043
v -116.65450 28.28530 -87.36319733
v -116.65450 33.82290 -57.34099960
v -116.65430 22.87500 -117.33399963
v -116.65380 6.17080 -22.33340073
v -116.65330 20.53010 -142.34069824
v -116.65310 27.17950 -87.48220062
v -116.65270 21.67750 -137.35699463
v -116.65220 11.67820 -277.26409912
v -116.65080 6.14210 -282.16329956
v -116.64920 32.71170 -27.33110046
v -116.64820 20.53830 -32.33819962
v -116.64410 15.01400 -32.33950043
v -116.64360 21.71780 -122.44730377
v -116.63940 16.46260 -432.10958862
v -116.62850 12.81260 -27.22200012
v -116.62480 -2.74050 -237.30979919
v -116.62260 40.74290 -387.08370972
v -116.62050 30.96860 -363.09588623
v -116.62050 30.96900 -360.09671021
v -116.61970 -3.82430 -232.33439636
v -116.61510 11.52990 -387.09689331
v -116.61440 9.37140 -351.09979248
v -116.61380 46.07800 -438.09921265
v -116.61300 10.45280 -393.08261108
v -116.61180 43.91820 -438.10281372
v -116.60980 7.26580 -402.09649658
v -116.60980 8.28760 -399.09649658
v -116.60980 8.29840 -403.12768555
v -116.60980 9.35280 -405.09649658
v -116.60980 11.52260 -390.09649658
v -116.60980 14.77570 -430.55160522
v -116.60980 43.92340 -389.56890869
v -116.60980 45.01380 -393.09649658
v -116.60980 45.34100 -390.09649658
v -116.60980 68.76370 -423.09649658
v -116.60950 65.52310 -429.09890747
v -116.60870 67.68070 -426.10250854
v -116.60830 62.28100 -432.09948730
v -116.60670 21.31490 -435.07681274
v -116.60630 8.27670 -348.09838867
v -116.58230 31.50850 -27.33860016
v -116.54620 -1.68870 -57.09519958
v -116.45410 9.48510 -287.33950806
v -116.23550 29.38960 -20.30680084
v -116.12820 21.63400 -16.35759926
v -116.08670 25.97820 -16.65500069
v -116.07150 24.08650 -16.28140068
v -115.99900 27.73050 -345.09970093
v -115.87680 9.33110 -354.05441284
v -115.86120 30.49560 -23.68120003
v -115.77050 13.90820 -242.33949280
v -115.76040 15.05350 -242.33999634
v -115.75860 10.59090 -287.33950806
v -115.72810 11.69670 -282.33950806
v -115.72630 12.80240 -272.33950806
v -115.71070 3.91580 -282.96679688
v -115.69970 -8.30940 -28.50239944
v -115.68700 22.78540 -119.97180176
v -115.67600 14.98880 -272.81491089
v -115.67570 -7.69530 -23.95420074
v -115.67260 -5.00290 -41.97209930
v -115.67120 29.92010 -354.06838989
v -115.66870 -8.32270 -35.94860077
v -115.66640 -4.62430 -122.95739746
v -115.66630 -1.77820 -101.95700073
v -115.66610 -7.58160 -30.84530067
v -115.66570 -8.31680 -32.84349823
v -115.66560 28.84940 -20.34280014
v -115.66490 31.50750 -26.96039963
v -115.66450 31.50790 -28.80209923
v -115.66320 -0.69290 -68.97530365
v -115.66040 29.39050 -17.33959961
v -115.64590 22.62540 -29.91270065
v -115.62890 32.05770 -360.09310913
v -115.62760 13.90800 -257.33981323
v -115.62180 5.04600 -287.46389771
v -115.61770 6.15790 -292.39318848
v -115.61330 28.80980 -354.09649658
v -115.60950 34.25640 -363.05371094
v -115.60710 28.80790 -345.09069824
v -115.60520 7.27360 -287.33950806
v -115.59710 15.01400 -33.01100159
v -115.59690 47.10630 -394.76879883
v -115.59100 35.36570 -369.09078979
v -115.58830 60.93120 -432.31259155
v -115.58240 0.63820 -272.34271240
v -115.57980 9.46970 -297.33630371
v -115.57450 30.49470 -22.33950043
v -115.57040 8.38000 -292.37658691
v -115.56900 -6.05270 -167.22850037
v -115.56880 -7.15330 -187.36759949
v -115.55860 -1.64900 -257.32009888
v -115.55670 38.63810 -378.06491089
v -115.55610 -6.00050 -157.30079651
v -115.55560 -3.83980 -232.34370422
v -115.55530 -6.00270 -212.29969788
v -115.55350 35.29860 -366.09359741
v -115.55260 26.08600 -92.32479858
v -115.55100 14.93640 -262.41018677
v -115.55050 26.08310 -87.35079956
v -115.55010 16.17860 -197.36909485
v -115.54980 17.23650 -187.33959961
v -115.54970 -3.79510 -242.34060669
v -115.54940 -5.99570 -22.21850014
v -115.54940 -4.90030 -227.34109497
v -115.54940 -3.77310 -47.33950043
v -115.54940 0.63900 -19.86599922
v -115.54940 19.43710 -16.50320053
v -115.54940 19.52350 -167.33949280
v -115.54940 20.83320 -162.33949280
v -115.54940 21.53470 -24.35530090
v -115.54940 21.64860 -134.09159851
v -115.54940 23.05340 -111.97640228
v -115.54940 25.24510 -107.33950043
v -115.54940 32.70630 -29.72979927
v -115.54930 17.23660 -192.34019470
v -115.54930 19.44530 -172.35159302
v -115.54920 20.76120 -152.42640686
v -115.54850 11.74080 -28.48110008
v -115.54830 36.02340 -37.13439941
v -115.54820 11.75070 -27.33020020
v -115.54790 13.88620 -297.25131226
v -115.54690 -6.03870 -147.33399963
v -115.54670 15.04270 -217.31269836
v -115.54360 14.97170 -292.31451416
v -115.54320 -9.30840 -27.28549957
v -115.54320 27.19630 -82.35330200
v -115.54110 32.04840 -363.09649658
v -115.53910 23.86840 -102.33609772
v -115.53550 9.36940 -390.09970093
v -115.53380 39.78830 -384.01388550
v -115.53340 41.77300 -387.09521484
v -115.53220 -3.29850 -122.95850372
v -115.53100 9.38890 -345.09811401
v -115.53100 36.37570 -372.09240723
v -115.53040 68.76370 -420.09710693
v -115.53020 9.36710 -393.09649658
v -115.53020 43.92340 -388.80178833
v -115.53020 46.10430 -390.09649658
v -115.52990 10.45850 -426.06970215
v -115.52990 66.59760 -426.11260986
v -115.52980 12.63900 -429.05609131
v -115.52910 49.32400 -396.09078979
v -115.52690 64.46100 -429.17990112
v -115.51740 8.27330 -348.11419678
v -115.45370 12.80290 -342.09649658
v -115.41530 11.69670 -302.33950806
v -115.13510 29.86990 -71.96019745
v -114.99390 -7.10560 -172.36680603
v -114.83450 15.01400 -302.33950806
v -114.80530 16.19370 -277.39291382
v -114.80300 29.29700 -74.95700073
v -114.75210 -8.51940 -30.96800041
v -114.74720 15.01400 -277.33950806
v -114.69860 13.91080 -342.09649658
v -114.69480 16.20720 -262.48889160
v -114.69060 28.80980 -342.09649658
v -114.66990 -0.67960 -86.85870361
v -114.66480 16.11970 -297.33950806
v -114.62550 -0.60160 -80.72389984
v -114.60140 2.80020 -287.24429321
v -114.57420 33.14650 -357.07769775
v -114.56760 -4.87300 -45.28219986
v -114.56700 16.12620 -257.34429932
v -114.56410 -6.10450 -41.96149826
v -114.56080 23.76760 -101.95819855
v -114.56050 -9.42720 -35.95709991
v -114.56050 -9.41600 -23.92700005
v -114.56050 -8.40900 -23.13479996
v -114.56050 -2.25700 -101.95700073
v -114.56050 -1.87660 -59.95700073
v -114.56050 -1.70150 -57.18989944
v -114.56050 -0.58100 -68.95700073
v -114.56050 10.61440 -26.16900063
v -114.56050 16.02770 -32.95669937
v -114.56050 22.87780 -112.31900024
v -114.56050 30.38550 -70.48040009
v -114.56050 31.50850 -68.95700073
v -114.56030 11.60410 -26.95569992
v -114.55980 21.53650 -26.96349907
v -114.55940 -8.32030 -38.96160126
v -114.55530 21.86740 -122.95970154
v -114.55420 13.90820 -302.33950806
v -114.54960 30.39180 -30.49209976
v -114.54950 29.28420 -30.48550034
v -114.54940 24.86310 -29.95529938
v -114.53340 22.77440 -117.02739716
v -114.53300 15.01400 -297.33950806
v -114.51060 7.27360 -297.33950806
v -114.50230 17.20010 -292.23809814
v -114.50130 30.96880 -354.09649658
v -114.49350 17.23940 -342.09649658
v -114.48790 15.01260 -327.38259888
v -114.48760 15.01970 -317.33499146
v -114.48480 40.74310 -384.11270142
v -114.48430 32.05980 -354.01089478
v -114.48420 5.21680 -21.56699944
v -114.46910 30.95710 -438.09890747
v -114.46600 11.69670 -307.33950806
v -114.46330 11.57910 -342.09649658
v -114.45480 3.95630 -292.33950806
v -114.45470 5.06210 -302.33950806
v -114.45470 8.37930 -317.33950806
v -114.45420 7.27160 -302.35870361
v -114.45400 17.22780 -307.30081177
v -114.45350 41.77750 -438.09521484
v -114.45310 -7.16520 -197.29849243
v -114.45300 9.36770 -378.09640503
v -114.45220 37.47300 -375.08450317
v -114.45200 40.65070 -381.11059570
v -114.45200 52.55490 -399.08178711
v -114.45150 9.36730 -387.09729004
v -114.45110 23.86010 -29.82270050
v -114.45070 8.28760 -396.09640503
v -114.45070 8.28770 -372.09890747
v -114.45070 10.45750 -424.59649658
v -114.45070 30.47060 -348.09649658
v -114.45070 39.60520 -380.37768555
v -114.45070 43.92340 -388.77420044
v -114.45070 45.00290 -390.04238892
v -114.45070 45.26460 -393.09649658
v -114.45060 34.20760 -360.05191040
v -114.45030 63.36400 -405.09420776
v -114.45020 12.61420 -426.11981201
v -114.45000 14.72560 -429.10299683
v -114.44990 1.73460 -19.37120056
v -114.44910 68.76330 -414.09588623
v -114.44760 35.28990 -360.07589722
v -114.44750 8.28970 -402.10729980
v -114.44590 -4.93180 -237.32460022
v -114.44530 16.13970 -232.32189941
v -114.44510 -8.20670 -22.20170021
v -114.44510 -6.03370 -202.55499268
v -114.44430 64.46680 -429.10861206
v -114.44370 16.10840 -17.33950043
v -114.44360 -4.90090 -232.33949280
v -114.44360 -1.72890 -257.33950806
v -114.44360 8.37930 -23.91609955
v -114.44360 18.33130 -20.28560066
v -114.44360 19.30130 -177.33949280
v -114.44360 19.51160 -157.33949280
v -114.44360 19.56390 -162.33949280
v -114.44360 19.77210 -147.33949280
v -114.44360 20.54280 -33.92679977
v -114.44360 20.75500 -137.33949280
v -114.44360 21.37740 -167.33949280
v -114.44360 21.64860 -33.57699966
v -114.44360 22.73960 -127.33950043
v -114.44360 23.86010 -108.46019745
v -114.44360 26.00250 -107.33950043
v -114.44360 28.28320 -79.02870178
v -114.44360 33.81210 -58.98949814
v -114.44360 36.03480 -42.33950043
v -114.44350 19.76870 -142.33770752
v -114.44320 22.75480 -32.30509949
v -114.44240 28.09880 -19.49029922
v -114.44220 -7.09120 -162.34350586
v -114.43850 -6.04260 -222.44729614
v -114.43850 20.94370 -22.35269928
v -114.43760 34.92190 -37.07830048
v -114.43600 21.65590 -132.65350342
v -114.43600 33.81860 -32.33179855
v -114.43380 10.61310 -327.04980469
v -114.43330 11.73590 -332.24191284
v -114.43250 -3.81920 -247.42239380
v -114.42570 -4.28710 -52.36240005
v -114.42420 9.48510 -332.33950806
v -114.41900 16.18140 -197.30450439
v -114.39960 16.27400 -242.27789307
v -114.39630 17.27380 -187.26820374
v -114.31490 55.85010 -435.16699219
v -114.20530 -2.79140 -54.92150116
v -114.15320 23.86010 -107.33950043
v -114.08590 16.47740 -34.17440033
v -114.07260 9.34770 -423.01849365
v -114.05540 32.61360 -59.95840073
v -114.01840 -8.86820 -29.96759987
v -113.95520 16.15950 -322.26620483
v -113.93140 25.48260 -31.28870010
v -113.69190 10.25070 -25.69980049
v -113.68030 18.33530 -337.34979248
v -113.67290 18.33130 -322.33950806
v -113.63920 20.24210 -20.44529915
v -113.61430 7.27360 -307.33950806
v -113.61430 10.59090 -332.33950806
v -113.54900 18.46250 -302.55429077
v -113.53140 16.11970 -317.33950806
v -113.49420 9.48510 -322.33911133
v -113.48820 30.64020 -68.32350159
v -113.46360 3.91660 -302.33911133
v -113.46070 15.01400 -337.33950806
v -113.45930 -1.71040 -62.96139908
v -113.45470 -1.73150 -65.95700073
v -113.45470 -1.47450 -83.95700073
v -113.45470 -0.59500 -68.95700073
v -113.45470 29.29700 -23.95700073
v -113.45470 31.50850 -65.95700073
v -113.45440 11.60300 -26.95400047
v -113.45380 22.64890 -26.97400093
v -113.45370 -2.79170 -56.95890045
v -113.45310 12.78940 -29.98929977
v -113.45150 -10.53250 -26.96039963
v -113.44870 17.22590 -272.29629517
v -113.44780 2.86230 -297.45431519
v -113.44340 28.18010 -32.14599991
v -113.44300 28.17980 -29.95529938
v -113.44250 23.78790 -98.98349762
v -113.44150 1.74470 -287.33950806
v -113.43910 -3.90660 -116.91970062
v -113.42610 1.74170 -292.34829712
v -113.42120 8.38880 -327.47918701
v -113.41420 20.47290 -167.37179565
v -113.40760 19.48500 -332.39410400
v -113.40490 16.11970 -332.33950806
v -113.39560 16.84000 -432.03961182
v -113.39200 21.70330 -122.30460358
v -113.38600 34.20770 -357.09609985
v -113.38490 0.59970 -287.42059326
v -113.38020 18.33150 -342.09649658
v -113.37830 -1.60080 -267.21591187
v -113.37650 8.31180 -342.09671021
v -113.37510 7.21410 -366.10919189
v -113.37140 17.22550 -332.33950806
v -113.37110 7.24280 -399.09649658
v -113.37110 8.22210 -396.09649658
v -113.37110 34.87270 -360.09649658
v -113.37110 35.28700 -356.78988647
v -113.37110 39.87510 -381.09649658
v -113.37110 44.36320 -390.09649658
v -113.37110 45.56010 -390.09649658
v -113.37110 46.08250 -389.67718506
v -113.37110 50.40070 -398.55331421
v -113.37090 65.52470 -408.09649658
v -113.37070 61.20580 -432.09741211
v -113.37070 62.26840 -405.05718994
v -113.37070 63.35690 -429.12478638
v -113.37050 13.70850 -429.08709717
v -113.36970 65.51520 -426.11401367
v -113.36790 8.28850 -381.05419922
v -113.36660 8.27240 -390.13119507
v -113.36120 -1.53320 -272.39248657
v -113.36020 -1.78700 -89.89040375
v -113.36020 5.06250 -307.33911133
v -113.35940 7.27370 -322.34170532
v -113.35410 22.81520 -102.33889771
v -113.35330 18.35750 -277.36199951
v -113.35150 19.18010 -433.13339233
v -113.34900 9.48520 -337.33981323
v -113.34900 10.59090 -337.33950806
v -113.34890 5.06210 -312.33950806
v -113.34870 8.19410 -375.27178955
v -113.34860 9.48210 -342.09658813
v -113.34530 17.21630 -222.24409485
v -113.34190 -6.06060 -227.32989502
v -113.34030 17.33970 -247.80329895
v -113.33970 32.70330 -32.35829926
v -113.33820 18.37600 -192.33909607
v -113.33800 -3.59280 -52.33549881
v -113.33790 19.43710 -35.02590179
v -113.33790 29.38900 -77.14720154
v -113.33780 -8.93650 -20.61039925
v -113.33780 -8.20720 -17.44820023
v -113.33780 -7.13490 -212.33949280
v -113.33780 -6.31580 -147.33949280
v -113.33780 -6.18550 -157.33949280
v -113.33780 -2.68930 -262.34008789
v -113.33780 16.24260 -227.33949280
v -113.33780 20.23900 -172.33949280
v -113.33780 20.43530 -177.33949280
v -113.33780 20.67680 -142.33949280
v -113.33780 22.75440 -32.31890106
v -113.33780 34.64140 -57.33950043
v -113.33770 17.23660 -257.33920288
v -113.33740 30.49730 -72.37879944
v -113.33710 -4.90010 -242.34309387
v -113.33670 -7.10240 -17.37159920
v -113.33650 26.07980 -92.35250092
v -113.33470 17.23720 -207.33680725
v -113.33060 20.51970 -337.37350464
v -113.32980 22.78570 -107.78540039
v -113.32520 28.55910 -17.33959961
v -113.32410 22.89650 -112.33860016
v -113.32280 27.20590 -19.62100029
v -113.31120 28.29380 -77.62699890
v -113.30450 6.63740 -348.12249756
v -113.26740 21.72320 -127.44840240
v -112.99720 -1.70430 -59.96189880
v -112.96910 29.29670 -72.33950043
v -112.95230 28.92340 -75.97190094
v -112.91290 21.00500 -19.40570068
v -112.85610 21.64860 -19.55509949
v -112.78500 -1.57260 -272.33950806
v -112.74180 26.66650 -20.26709938
v -112.65140 8.29840 -378.09649658
v -112.65050 28.53060 -436.93688965
v -112.56150 32.04840 -348.09649658
v -112.55520 -3.76330 -17.33149910
v -112.46970 20.62280 -312.35580444
v -112.45800 32.06140 -344.97338867
v -112.45320 -5.99570 -17.33950043
v -112.42500 30.67770 -68.21920013
v -112.41620 20.55980 -331.99310303
v -112.39690 56.98330 -401.57830811
v -112.38770 33.12050 -351.14999390
v -112.38470 8.33650 -342.09649658
v -112.36000 -10.52170 -20.95700073
v -112.35970 22.77830 -342.09649658
v -112.35780 -11.62980 -17.95070076
v -112.35490 8.37930 -337.33950806
v -112.35200 22.77120 -105.15899658
v -112.35060 -6.10990 -41.95600128
v -112.35030 -10.53240 -29.95849991
v -112.34910 13.81580 -29.95630074
v -112.34910 21.80250 -107.87989807
v -112.34900 -10.53280 -32.95700073
v -112.34900 -3.00480 -113.95700073
v -112.34900 -1.87660 -95.95700073
v -112.34900 12.71040 -26.95669937
v -112.34710 22.90130 -101.30860138
v -112.34580 -1.33110 -64.08560181
v -112.34440 -3.92550 -122.95790100
v -112.34390 29.29410 -23.95400047
v -112.34190 -1.76460 -65.97460175
v -112.34190 20.43160 -20.95660019
v -112.34170 21.54150 -23.96349907
v -112.34120 28.18500 -20.95369911
v -112.34000 23.77110 -98.94650269
v -112.33790 23.75710 -26.95700073
v -112.33790 28.18020 -26.95700073
v -112.33580 8.13600 -23.25169945
v -112.33340 -2.82440 -107.86139679
v -112.32870 6.12290 -357.05801392
v -112.31920 5.06950 -332.33401489
v -112.30710 21.59340 -342.09649658
v -112.30020 1.74640 -297.10589600
v -112.29860 6.15480 -327.40869141
v -112.29840 -0.46600 -17.33580017
v -112.29660 8.28210 -402.08068848
v -112.29420 6.13980 -369.11770630
v -112.29400 7.88400 -375.09609985
v -112.29290 8.27180 -399.09310913
v -112.29170 39.60550 -380.99969482
v -112.29160 7.20790 -417.09619141
v -112.29160 8.26800 -390.09649658
v -112.29160 10.45750 -424.37881470
v -112.29160 11.53700 -425.09289551
v -112.29160 15.85520 -430.42980957
v -112.29160 34.15350 -348.09649658
v -112.29160 34.41310 -357.09649658
v -112.29160 34.66630 -354.09649658
v -112.29160 35.28700 -359.22149658
v -112.29160 35.71880 -366.09649658
v -112.29160 40.68480 -381.28399658
v -112.29160 42.87560 -390.09649658
v -112.29160 45.00290 -392.92001343
v -112.29160 62.27570 -430.35379028
v -112.29160 67.68390 -423.09698486
v -112.29160 68.76370 -420.09649658
v -112.29160 68.76370 -417.09649658
v -112.29130 48.24690 -396.09060669
v -112.29100 42.85400 -387.09500122
v -112.28990 64.44680 -407.95040894
v -112.28910 22.32600 -435.09799194
v -112.28830 14.73980 -429.20559692
v -112.28440 6.98760 -393.09609985
v -112.28330 -3.72930 -127.89589691
v -112.26910 -11.49830 -27.33769989
v -112.26560 7.27360 -337.33950806
v -112.26500 2.84940 -307.34310913
v -112.25580 -0.67020 -77.73739624
v -112.25500 3.78710 -19.53569984
v -112.25350 6.22960 -21.34099960
v -112.25070 20.57780 -302.35418701
v -112.24890 53.74950 -435.06030273
v -112.23910 -3.85950 -257.31280518
v -112.23910 18.40610 -262.37728882
v -112.23830 27.19240 -82.37740326
v -112.23820 22.76200 -322.34130859
v -112.23800 17.23180 -227.34120178
v -112.23530 -2.68360 -62.35559845
v -112.23330 19.52710 -187.37240601
v -112.23260 27.22130 -77.77420044
v -112.23240 36.03480 -47.34090042
v -112.23210 -6.08200 -217.33949280
v -112.23210 -2.68940 -267.33950806
v -112.23210 -1.57260 -63.11539841
v -112.23210 16.17460 -33.37319946
v -112.23210 17.38190 -207.33949280
v -112.23210 18.33130 -35.12939835
v -112.23210 18.34250 -197.33949280
v -112.23210 19.67160 -162.33949280
v -112.23210 19.80060 -177.33949280
v -112.23210 20.55370 -132.34120178
v -112.23210 21.64860 -35.24409866
v -112.23200 18.34250 -267.33950806
v -112.23200 24.96800 -92.37180328
v -112.23180 32.70540 -57.44319916
v -112.23140 34.89970 -52.33409882
v -112.23110 -2.68900 -57.23870087
v -112.22640 18.39910 -277.34420776
v -112.22220 -2.83940 -122.95780182
v -112.22160 17.44920 -257.34570312
v -112.22100 18.33130 -17.33939934
v -112.21270 17.24970 -242.32580566
v -112.21080 6.16780 -342.33950806
v -112.20440 -4.94180 -142.18110657
v -112.18560 20.54480 -17.33919907
v -112.16620 -2.98380 -50.96680069
v -112.15840 1.74470 -302.33950806
v -112.15430 25.05620 -19.69370079
v -112.10140 -8.35310 -17.25239944
v -112.05200 22.75520 -19.84350014
v -112.00490 -0.58460 -81.85810089
v -111.96670 9.22170 -23.85000038
v -111.79500 27.19550 -17.34090042
v -111.78130 6.16650 -344.33578491
v -111.74840 6.69280 -342.83990479
v -111.67920 -1.57260 -277.33950806
v -111.63620 4.05070 -332.34109497
v -111.35730 21.79520 -107.67919922
v -111.35500 -2.61940 -127.47319794
v -111.35140 0.76250 -17.32329941
v -111.34750 6.16780 -337.33950806
v -111.33610 29.29590 -72.21109772
v -111.32740 5.06210 -322.33950806
v -111.26970 7.06500 -390.14700317
v -111.25430 24.91810 -342.09649658
v -111.24880 38.57980 -381.13211060
v -111.24410 -12.74360 -23.95529938
v -111.24340 -8.31000 -38.98699951
v -111.24320 -5.38380 -44.95700073
v -111.24320 -3.89820 -53.95700073
v -111.24320 -1.69790 -74.95700073
v -111.24320 -0.59220 -92.95700073
v -111.24320 31.50850 -65.95700073
v -111.24320 31.50850 -62.95700073
v -111.24280 9.55420 -24.10400009
v -111.23900 -12.74320 -17.93490028
v -111.23690 7.27360 -342.75729370
v -111.23430 27.07710 -23.96229935
v -111.23390 25.96990 -20.95450020
v -111.23370 -3.89170 -51.01039886
v -111.22590 22.65880 -20.96170044
v -111.22120 -2.85560 -115.72139740
v -111.21770 -1.89210 -104.94000244
v -111.21380 67.68440 -420.10620117
v -111.21370 5.03950 -354.09219360
v -111.21230 5.04840 -337.33499146
v -111.21200 8.24440 -393.09649658
v -111.21200 9.36830 -423.10079956
v -111.21200 12.61660 -426.65008545
v -111.21200 34.58910 -351.09649658
v -111.21200 40.68480 -383.73129272
v -111.21130 4.92990 -351.09210205
v -111.21070 49.33300 -399.09689331
v -111.20180 66.60680 -411.10949707
v -111.19550 38.56150 -378.08090210
v -111.19370 27.19940 -77.64479828
v -111.18670 19.50670 -202.31140137
v -111.18470 22.42150 -99.85530090
v -111.17120 -4.99690 -247.24339294
v -111.16530 23.85620 -337.30801392
v -111.16360 5.06210 -327.33950806
v -111.15630 -3.81730 -12.34010029
v -111.15000 6.88100 -396.07879639
v -111.13870 18.32150 -217.44540405
v -111.13730 -9.31290 -12.33920002
v -111.13440 -11.54480 -27.35750008
v -111.13100 -6.00000 -232.38110352
v -111.12930 -6.06070 -157.14570618
v -111.12890 23.86750 -327.33538818
v -111.12860 22.80980 -317.35540771
v -111.12830 19.47040 -282.33801270
v -111.12720 26.08080 -87.34539795
v -111.12690 33.81350 -37.32009888
v -111.12670 19.44720 -272.33938599
v -111.12660 20.57620 -297.33880615
v -111.12640 13.71320 -29.67779922
v -111.12630 -7.08470 -172.33949280
v -111.12630 -6.08340 -222.33949280
v -111.12630 -4.38730 -132.33949280
v -111.12630 -3.90700 -252.33949280
v -111.12630 -3.80920 -142.33949280
v -111.12630 -0.47920 -287.34039307
v -111.12630 18.94560 -182.33949280
v -111.12630 19.43710 -36.70700073
v -111.12630 19.44830 -142.33949280
v -111.12630 19.65820 -157.33949280
v -111.12630 19.83020 -122.33950043
v -111.12630 19.91730 -132.33949280
v -111.12630 20.04020 -127.33950043
v -111.12630 20.55400 -287.33950806
v -111.12630 21.70680 -117.33950043
v -111.12630 28.25860 -82.33950043
v -111.12630 33.81210 -57.13119888
v -111.12630 34.06900 -52.33950043
v -111.12610 -6.19640 -162.33850098
v -111.12550 16.14930 -32.33179855
v -111.12380 -3.79490 -262.35501099
v -111.12360 36.03430 -42.33639908
v -111.12350 -4.90130 -137.33219910
v -111.11910 -2.68790 -272.38198853
v -111.11820 22.76590 -37.26860046
v -111.11810 18.34110 -242.23899841
v -111.11760 21.20810 -111.63130188
v -111.11170 21.65860 -112.35669708
v -111.09290 19.61540 -147.33050537
v -111.08080 59.11700 -432.18701172
v -111.01280 59.30120 -403.24191284
v -110.98090 -10.53290 -29.95669937
v -110.95420 23.76840 -95.18289948
v -110.85210 32.61210 -56.95240021
v -110.84570 -1.35170 -62.95629883
v -110.78000 22.75310 -17.33749962
v -110.74320 20.00450 -113.96469879
v -110.57960 -1.70600 -61.79320145
v -110.41510 33.71040 -53.98379898
v -110.39400 -2.43690 -122.95700073
v -110.28900 -10.16080 -12.33839989
v -110.24960 -2.44670 -121.30370331
v -110.22390 1.74470 -17.33950043
v -110.16160 7.11450 -393.09368896
v -110.15590 3.81480 -348.10589600
v -110.15200 42.91030 -386.93688965
v -110.14890 -10.52050  -8.95250034
v -110.14850 -3.88710 -11.95699978
v -110.14850 -2.79700 -12.33860016
v -110.14800 33.35230 -345.02569580
v -110.14670 -4.99230  -8.95400047
v -110.14620 20.17020 -432.89459229
v -110.14180 -12.74350 -14.94460011
v -110.13940 5.08700 -372.19299316
v -110.13870 55.75790 -402.08621216
v -110.13800 -9.42060 -38.96939850
v -110.13740 -10.53280 -35.95700073
v -110.13740 -4.08820 -53.95700073
v -110.13740 -1.68680 -74.95700073
v -110.13740 -0.72620 -110.95700073
v -110.13740 12.70360 -26.94169998
v -110.13740 30.40280 -62.95700073
v -110.13640 30.40190 -68.95880127
v -110.13630 32.61330 -59.95899963
v -110.13560 37.48600 -375.07989502
v -110.13530 -10.53310 -31.85379982
v -110.13320 9.36810 -420.10281372
v -110.13290 35.35790 -363.07449341
v -110.13250 6.12850 -378.09649658
v -110.13250 6.71730 -390.09649658
v -110.13250 7.20800 -414.09649658
v -110.13250 7.20800 -411.09649658
v -110.13250 21.25290 -433.21459961
v -110.13250 33.14970 -348.09649658
v -110.13250 34.22080 -360.09649658
v -110.13240 6.12850 -375.09600830
v -110.13220 10.45360 -423.11080933
v -110.13220 47.17310 -396.09619141
v -110.13110 65.52220 -426.10070801
v -110.13090 67.68350 -414.09600830
v -110.12960 56.87940 -402.09219360
v -110.12900 38.54830 -381.09478760
v -110.12170 32.62490 -342.09680176
v -110.11790 24.44390 -435.11248779
v -110.11000 1.74260 -332.34240723
v -110.09710 -0.68590 -86.90959930
v -110.08750 62.30620 -429.21481323
v -110.07590 2.84170 -337.31250000
v -110.06520 -7.14360 -222.30850220
v -110.05120 -0.50230 -297.44628906
v -110.05100 18.51030 -242.14889526
v -110.04290 19.43710 -207.33949280
v -110.04220 20.54640 -207.33709717
v -110.03850 -1.70710 -12.34090042
v -110.03300 22.76770 -312.34960938
v -110.03170 2.85050 -322.33950806
v -110.03110 -12.62960 -27.26180077
v -110.03040 -10.78030 -12.33829975
v -110.02890 -0.46310 -12.33829975
v -110.02650 -2.67830 -62.38890076
v -110.02610 1.73820 -322.34878540
v -110.02450 -7.11210 -182.30589294
v -110.02410 23.86360 -37.35599899
v -110.02390 19.42510 -187.35189819
v -110.02390 20.55420 -122.34500122
v -110.02290 -2.75800 -57.05089951
v -110.02180 19.44420 -267.30999756
v -110.02100 20.55320 -277.34201050
v -110.02090 20.55320 -137.33859253
v -110.02060 8.55320 -22.53639984
v -110.02050 -5.98460 -162.33949280
v -110.02050 -4.94930 -242.33949280
v -110.02050 -3.85110 -267.33950806
v -110.02050 -3.84230 -257.33950806
v -110.02050 -0.52910 -108.06349945
v -110.02050 7.27360 -21.01479912
v -110.02050 18.36480 -197.33949280
v -110.02050 18.41770 -217.33949280
v -110.02050 18.44770 -147.33949280
v -110.02050 19.44820 -162.33949280
v -110.02050 19.54880 -192.33949280
v -110.02050 20.54280 -110.23950195
v -110.02050 20.54280 -38.79970169
v -110.02050 20.55390 -282.33950806
v -110.02050 20.56520 -152.33949280
v -110.02050 22.07300 -107.33950043
v -110.02050 22.31470 -97.33950043
v -110.02040 28.19070 -73.00430298
v -110.02020 27.20270 -82.34210205
v -110.02010 -3.79570 -147.33749390
v -110.02000 0.57250 -307.34381104
v -110.01990 28.51870 -71.51270294
v -110.01920 36.03350 -42.33969879
v -110.01810 21.75930 -307.34118652
v -110.01800 -4.90060 -252.35450745
v -110.01770 -1.58000 -282.34820557
v -110.01670 32.70710 -37.32759857
v -110.01210 2.85460 -332.35369873
v -110.00340 2.83830 -17.33889961
v -110.00240 20.54830 -117.10700226
v -109.99400 -2.30430 -127.29789734
v -109.98130 -5.11060 -152.28759766
v -109.97390 22.85460 -317.40051270
v -109.96630 -6.36080 -172.26080322
v -109.94000 -0.45730 -91.53720093
v -109.89440 -0.59440 -97.90830231
v -109.71960 13.81620 -28.82410049
v -109.71510 -11.62750 -13.78100014
v -109.69890 27.74810 -74.97059631
v -109.69210 3.95220 -344.63339233
v -109.68310 -0.13590 -102.59140015
v -109.65740 -0.20240 -86.92919922
v -109.47770 -1.60570 -120.89610291
v -109.36150 19.43710 -217.33949280
v -109.33790 22.96870 -95.12650299
v -109.27920 -0.99540 -117.33950043
v -109.25170 4.96490 -18.52729988
v -109.19660 -2.62170 -132.44000244
v -109.18280 -11.62750 -12.33699989
v -109.18280 5.02920 -356.73559570
v -109.17190 -2.93120 -56.63520050
v -109.14170 44.98110 -435.15960693
v -109.06210 49.31880 -435.09439087
v -109.06080 41.78490 -387.05490112
v -109.05470 66.59640 -423.11520386
v -109.05440 37.80550 -378.09570312
v -109.05340 10.44630 -420.10058594
v -109.05300 13.58590 -427.12799072
v -109.05290 2.91150 -345.09649658
v -109.05290 6.92440 -381.09649658
v -109.05290 7.10980 -387.09649658
v -109.05290 8.28760 -414.09649658
v -109.05290 18.01430 -430.60708618
v -109.05290 35.58150 -369.09649658
v -109.05290 41.16460 -384.09649658
v -109.05290 45.01400 -393.09649658
v -109.05290 47.77700 -396.09649658
v -109.05290 48.26340 -399.09649658
v -109.05290 64.44550 -408.09649658
v -109.05280 8.28980 -402.10189819
v -109.05250 15.85000 -429.10150146
v -109.05250 34.66960 -357.08670044
v -109.05090 9.36910 -405.09579468
v -109.04780 10.38360 -423.10150146
v -109.04520 62.29050 -405.11111450
v -109.04270 -12.73330  -8.95699978
v -109.04270 -11.62750  -5.95699978
v -109.04270 0.53590  -8.95689964
v -109.03380 -13.62730 -24.55610085
v -109.03210 -8.32100 -41.95700073
v -109.03180 11.60170 -23.95350075
v -109.03170 -11.63860 -31.84449959
v -109.03170 -1.37400 -68.95709991
v -109.03170 -0.78210 -77.95700073
v -109.03170 -0.65400 -74.95700073
v -109.03070 13.81610 -26.95590019
v -109.03060 30.40130 -65.95700073
v -109.03050 -0.31270 -84.71549988
v -109.03000 -6.21080 -44.98540115
v -109.02830 -3.79250 -51.38740158
v -109.02820 30.40040 -62.96009827
v -109.02640 9.60450 -22.56970024
v -109.02530 32.61180 -56.95169830
v -109.02530 33.71730 -53.95199966
v -109.02490 33.39750 -50.08959961
v -109.02480 32.71480 -52.58940125
v -109.00310 -0.68670 -111.02760315
v -108.99200 36.43730 -372.16830444
v -108.96610 5.04030 -362.71499634
v -108.96200 1.70800 -327.20748901
v -108.92830 21.70110 -107.46430206
v -108.92620 -5.99500 -242.31750488
v -108.92480 -12.99420 -12.33870029
v -108.92360 -13.45960 -13.59650040
v -108.92040 19.50110 -242.35609436
v -108.91990 22.81760 -302.36370850
v -108.91850 0.62760 -332.35690308
v -108.91690 19.46420 -232.33419800
v -108.91640 1.74080 -342.36401367
v -108.91620 -13.74560 -27.34230042
v -108.91610 -4.95470 -257.34329224
v -108.91550 -1.58430 -87.34249878
v -108.91510 56.82220 -432.04098511
v -108.91500 19.46140 -137.33340454
v -108.91500 21.71560 -297.33929443
v -108.91480 -2.67830 -62.77220154
v -108.91480 7.27360 -20.34790039
v -108.91480 18.38660 -162.33949280
v -108.91480 19.10200 -147.33949280
v -108.91480 19.43710 -117.07640076
v -108.91480 19.63810 -112.33950043
v -108.91480 20.52410 -157.33949280
v -108.91480 20.54280 -199.01730347
v -108.91480 20.71150 -237.33949280
v -108.91480 21.44500 -99.18599701
v -108.91480 21.63750 -202.33949280
v -108.91480 21.64860 -227.54930115
v -108.91480 21.64860 -40.58420181
v -108.91480 21.65970 -287.33950806
v -108.91480 22.75440 -102.07910156
v -108.91480 22.76550 -307.33950806
v -108.91480 24.50880 -92.33950043
v -108.91480 33.81210 -48.16040039
v -108.91470 0.62850 -312.34118652
v -108.91460 20.54940 -272.31768799
v -108.91460 27.21080 -77.34010315
v -108.91440 -1.71000 -62.35680008
v -108.91420 20.52370 -212.33160400
v -108.91390 20.57640 -282.34020996
v -108.91380 -0.47750 -302.34649658
v -108.91300 19.49210 -197.32839966
v -108.91290 -2.68860 -277.36990356
v -108.91120 19.48260 -172.35380554
v -108.90750 -1.65060 -292.47970581
v -108.90650 -7.14850 -192.68170166
v -108.90470 19.47550 -132.29589844
v -108.90370 -0.56980 -12.33409977
v -108.90310 0.66580 -12.33600044
v -108.84910 3.43890 -17.43409920
v -108.84700 -6.22050 -177.37950134
v -108.79190 -1.57260 -132.33949280
v -108.76110 -2.67120 -147.39399719
v -108.73600 -1.57260 -147.33949280
v -108.73600 20.54280 -107.33950043
v -108.67330 2.91050 -345.09521484
v -108.65680 18.32800 -127.24240112
v -108.57510 -0.27350 -117.33950043
v -108.50700 0.54810 -111.93479919
v -108.42270 4.56600 -352.43109131
v -108.41560 22.05250 -92.95890045
v -108.36790 19.44490 -108.96990204
v -108.29470 -14.36090 -24.56209946
v -108.24540 0.18390 -83.76599884
v -108.21660 0.06740 -112.81890106
v -108.15590 6.06510 -18.55249977
v -107.98810 23.69710 -90.14469910
v -107.97670 34.28570 -354.09930420
v -107.97530 46.14280 -396.08129883
v -107.97340 3.14680 -348.17849731
v -107.97340 6.03030 -384.09649658
v -107.97340 8.28760 -414.09649658
v -107.97340 19.09380 -430.61239624
v -107.97340 21.24940 -432.10220337
v -107.97340 23.41200 -433.49880981
v -107.97340 32.13560 -342.09649658
v -107.97340 34.54550 -351.09649658
v -107.97340 35.51240 -360.09649658
v -107.97340 39.60520 -383.43280029
v -107.97340 41.76430 -389.10400391
v -107.97340 43.93420 -393.09649658
v -107.97340 63.35520 -426.11111450
v -107.97340 67.68420 -417.09649658
v -107.97330 8.28820 -411.10250854
v -107.97320 65.51510 -423.11529541
v -107.97140 67.68250 -420.09930420
v -107.97100 66.59700 -414.08230591
v -107.97060 8.24590 -390.09671021
v -107.96990 -1.73350 -64.96589661
v -107.96890 48.24880 -399.09451294
v -107.96700 65.50680 -414.08380127
v -107.96630 26.64790 -435.09759521
v -107.96330 55.80530 -432.11788940
v -107.96260 29.88930 -342.09649658
v -107.96170 10.45550 -405.05468750
v -107.96110 8.19180 -399.03768921
v -107.94170 -13.82790 -26.97039986
v -107.93740 -4.99140  -5.95609999
v -107.93700 1.64170  -8.95699978
v -107.93700 2.73250 -12.33819962
v -107.93690 6.06500  -8.95549965
v -107.93590 6.06660 -11.95890045
v -107.93540 -6.09900  -2.95469999
v -107.93360 -11.62840  -2.95079994
v -107.92700 -1.73900 -71.95400238
v -107.92590 -11.63860 -35.95700073
v -107.92590 -11.63860 -32.97090149
v -107.92590 -10.53070 -38.95980072
v -107.92590 29.29700 -68.95700073
v -107.92580 11.00910 -23.28639984
v -107.92540 24.87370 -82.97760010
v -107.92470 3.98770 -360.09719849
v -107.92420 29.50010 -62.40280151
v -107.91920 31.50270 -59.96369934
v -107.91800 31.50130 -57.60100174
v -107.91710 30.50030 -59.96440125
v -107.90160 0.10820 -79.20130157
v -107.90160 21.34460 -96.96549988
v -107.90110 33.81210 -47.33950043
v -107.87830 -6.60540 -44.89400101
v -107.87610 43.99610 -390.02130127
v -107.86170 20.54470 -232.35679626
v -107.84350 21.64860 -222.33949280
v -107.83490 26.20300 -77.35160065
v -107.83290 27.18030 -327.37930298
v -107.82840 -3.78520 -267.33358765
v -107.82770 19.43710 -157.33949280
v -107.82180 -1.67040 -297.31219482
v -107.82000 21.64860 -42.33950043
v -107.81990 -15.05980 -14.64589977
v -107.81980 -15.94770 -12.33909988
v -107.81900 20.60110 -262.12509155
v -107.81870 -0.57450 -307.31588745
v -107.81590 22.81740 -292.36938477
v -107.81500 0.50970 -332.30770874
v -107.81450 23.71060 -42.29570007
v -107.81300 3.94850 -367.34710693
v -107.81160 20.51130 -207.34880066
v -107.81140 0.61680 -312.34130859
v -107.80940 24.97230 -317.32000732
v -107.80900 -7.11250 -222.33949280
v -107.80900 -3.83220 -262.33950806
v -107.80900 -3.78410 -54.32479858
v -107.80900 -1.76400 -287.33950806
v -107.80900 -0.46680 -88.74400330
v -107.80900 -0.46680 -85.80580139
v -107.80900 0.36930 -337.33950806
v -107.80900 1.14650 -92.33950043
v -107.80900 2.75000 -342.33950806
v -107.80900 17.38190 -117.33950043
v -107.80900 19.25280 -147.33949280
v -107.80900 19.38440 -162.33949280
v -107.80900 19.40840 -105.58209991
v -107.80900 19.43710 -39.41059875
v -107.80900 19.57110 -187.33949280
v -107.80900 19.80560 -182.33949280
v -107.80900 19.98990 -142.33949280
v -107.80900 20.03800 -237.33949280
v -107.80900 20.52950 -197.33949280
v -107.80900 20.53140 -192.33949280
v -107.80900 20.56680 -172.33949280
v -107.80900 20.62100 -272.33950806
v -107.80900 21.64860 -100.91089630
v -107.80900 21.65980 -282.33950806
v -107.80900 21.67090 -277.33950806
v -107.80900 22.66930 -102.33950043
v -107.80900 22.74330 -227.33949280
v -107.80900 22.75440 -93.60389709
v -107.80900 22.76550 -297.33950806
v -107.80890 -5.00230 -52.34000015
v -107.80880 -0.49940 -76.97100067
v -107.80820 -4.95480 -49.68349838
v -107.80800 16.12310 -32.32720184
v -107.80690 23.86990 -87.34230042
v -107.80590 -6.00340 -182.32110596
v -107.80510 -0.47590 -97.33699799
v -107.80460 18.34590 -132.30349731
v -107.80360 -2.68100 -152.30880737
v -107.80150 -4.89410 -172.32789612
v -107.79960 33.81660 -42.33779907
v -107.79930 30.50320 -41.41970062
v -107.78720 -0.63120 -102.56199646
v -107.78670 18.33130 -157.33949280
v -107.77660 18.68830 -107.96420288
v -107.76620 -3.78440 -162.32359314
v -107.76480 19.43710 -172.33949280
v -107.76460 7.97120 -19.66139984
v -107.76240 19.46110 -112.37339783
v -107.76210 0.59480 -85.71369934
v -107.75500 -0.16070 -122.95680237
v -107.75370 18.33130 -147.33949280
v -107.73800 0.65490 -137.25410461
v -107.72230 1.76530 -97.33950043
v -107.71860 -2.94100 -56.96039963
v -107.71190 1.11960 -88.77770233
v -107.70370 -2.67830 -162.33949280
v -107.68610 -3.78410 -172.33949280
v -107.67920 32.71430 -42.33000183
v -107.64190 2.79230 -348.10321045
v -107.61360 33.12790 -348.09649658
v -107.55250 21.21710 -92.95700073
v -107.51270 0.80350 -122.95729828
v -107.42670 2.85030 -122.95770264
v -107.40290 0.83860 -87.02770233
v -107.36310 2.16760 -95.97059631
v -107.33700 18.78350 -106.88459778
v -107.27850 3.85210 -13.74629974
v -107.02710 1.74470 -102.33950043
v -106.97090 -15.91060 -12.33689976
v -106.96970 -14.94510 -12.33370018
v -106.94710 -4.38130 -50.95679855
v -106.92190 35.18630 -363.02990723
v -106.90200 33.10760 -342.09838867
v -106.89650 7.04320 -396.10910034
v -106.89610 12.61070 -423.15319824
v -106.89430 14.77080 -426.10379028
v -106.89410 18.01300 -429.11648560
v -106.89390 6.83720 -381.09649658
v -106.89390 7.20790 -393.09649658
v -106.89390 7.20800 -387.09649658
v -106.89390 33.29970 -357.09649658
v -106.89390 33.84760 -348.09649658
v -106.89390 42.84380 -391.56619263
v -106.89360 63.36490 -426.09768677
v -106.89260 10.45480 -420.11309814
v -106.89260 52.55970 -402.08981323
v -106.89250 34.21640 -360.06451416
v -106.89210 65.52050 -423.10339355
v -106.89090 59.05840 -429.24191284
v -106.89040 39.61970 -387.09259033
v -106.88930 6.12920 -378.10348511
v -106.88900 47.17010 -399.09570312
v -106.88850 2.34690 -104.82119751
v -106.88710 59.03750 -405.09310913
v -106.88530 60.11780 -405.09420776
v -106.88070 22.13140 -432.65640259
v -106.87850 45.04070 -434.16259766
v -106.87080 0.63900 -92.33950043
v -106.86980 63.37700 -411.01321411
v -106.86200 2.80430 -347.34008789
v -106.85430 -4.18840 -54.04430008
v -106.84130 52.65030 -432.74508667
v -106.84040 5.12880 -372.33950806
v -106.83220 1.64070  -2.95950007
v -106.83130 -16.05060 -20.95700073
v -106.83120 4.95900  -5.95699978
v -106.83120 7.17050  -8.95699978
v -106.83120 8.27630 -11.95699978
v -106.83100 4.95920 -14.95730019
v -106.82860 -16.05220  -8.94320011
v -106.82720 3.85510  -2.94799995
v -106.82500 -13.84250  -2.94799995
v -106.82320 -12.73330  -2.94000006
v -106.82040 -12.74420 -31.78540039
v -106.82010 -6.23270 -47.95700073
v -106.82010 11.59360 -22.69980049
v -106.82010 28.54080 -68.00830078
v -106.82010 29.29700 -65.95700073
v -106.81940 27.08470 -74.72489929
v -106.81530 1.23850 -83.07959747
v -106.80720 0.50750 -81.03839874
v -106.79780 1.62190 -91.31240082
v -106.79700 2.78450 -350.83239746
v -106.78230 -0.64970 -75.29989624
v -106.76750 9.44520 -20.79360008
v -106.76020 -2.72460 -287.36248779
v -106.75010 17.53290 -37.86410141
v -106.73630 2.74720 -116.98349762
v -106.73070 2.28040 -112.22460175
v -106.72730 30.49470 -42.33950043
v -106.72430 -6.05090 -227.42869568
v -106.71870 23.93620 -302.32250977
v -106.71590 3.93760 -367.24810791
v -106.70910 21.63780 -227.35989380
v -106.70760 21.67960 -272.28189087
v -106.70400 -0.47660 -317.33810425
v -106.70360 15.02180 -32.07699966
v -106.70340 -6.06010 -197.35040283
v -106.70320 -7.12370 -212.33949280
v -106.70320 -2.66720 -62.33969879
v -106.70320 -1.73800 -64.75450134
v -106.70320 -1.65160 -292.33950806
v -106.70320 -0.47790 -312.33950806
v -106.70320 0.62780 -327.33950806
v -106.70320 0.62780 -322.33950806
v -106.70320 0.63900 -98.66300201
v -106.70320 1.73360 -342.33950806
v -106.70320 18.35390 -152.33949280
v -106.70320 18.50040 -207.33949280
v -106.70320 19.41190 -167.33949280
v -106.70320 19.43710 -212.90910339
v -106.70320 19.45940 -177.33949280
v -106.70320 19.80560 -102.33950043
v -106.70320 20.50030 -182.33949280
v -106.70320 20.51770 -202.33949280
v -106.70320 20.54280 -210.68389893
v -106.70320 20.57630 -222.33949280
v -106.70320 21.62690 -212.33949280
v -106.70320 21.64200 -232.38639832
v -106.70320 21.64860 -93.85910034
v -106.70320 22.18470 -257.33950806
v -106.70320 22.73220 -247.33949280
v -106.70320 22.73790 -237.33949280
v -106.70320 22.75430 -87.44139862
v -106.70320 22.76480 -287.33801270
v -106.70320 23.87130 -307.33950806
v -106.70320 23.92710 -312.33950806
v -106.70320 27.20310 -332.33950806
v -106.70310 28.30480 -342.09649658
v -106.70240 -3.79470 -272.34179688
v -106.70240 18.37620 -112.43750000
v -106.70240 29.17910 -63.51739883
v -106.70230 -1.60380 -302.34671021
v -106.70180 -6.15070 -207.15780640
v -106.70160 28.29190 -337.27371216
v -106.70150 17.29220 -127.33809662
v -106.70140 21.91590 -242.33990479
v -106.70050 17.38970 -117.39450073
v -106.69900 -4.89730 -182.33650208
v -106.69250 31.60030 -47.34130096
v -106.69220 1.74470 -132.33949280
v -106.69210 0.63890 -147.33979797
v -106.69210 27.17740 -47.33950043
v -106.69210 30.49470 -47.33950043
v -106.69190 17.22570 -162.33790588
v -106.69000 17.25470 -147.22250366
v -106.68610 1.64340 -119.95529938
v -106.68160 28.44660 -72.38839722
v -106.68150 6.14590 -16.25230026
v -106.68040 2.84850 -127.31600189
v -106.66970 0.63900 -142.33949280
v -106.65860 16.11970 -177.33949280
v -106.65390 -4.93760 -262.30700684
v -106.65390 1.75590 -83.93499756
v -106.61390 -1.57260 -167.33949280
v -106.59270 1.74470 -127.33950043
v -106.58790 -0.51200 -87.22280121
v -106.55780 -2.69060 -167.20370483
v -106.55470 16.11970 -117.33950043
v -106.54530 19.43710 -237.33949280
v -106.46800 16.11970 -110.16490173
v -106.46480 33.12790 -351.09649658
v -106.44670 3.07520 -112.33950043
v -106.42560 1.74710 -92.34480286
v -106.41280 22.75440 -47.33950043
v -106.36810 16.11970 -112.33950043
v -106.22780 -13.33410 -29.17049980
v -106.22740 14.90970 -112.91280365
v -106.19600 16.54380 -109.56220245
v -106.16250 6.16950 -14.36390018
v -105.98550 -1.46100 -67.33950043
v -105.97040 2.31460 -87.33950043
v -105.91520 20.36290 -96.55449677
v -105.82560 38.53340 -435.06970215
v -105.81860 34.22430 -435.09179688
v -105.81710 45.00270 -396.03851318
v -105.81570 37.45610 -378.09350586
v -105.81540 8.26380 -390.10571289
v -105.81450 14.76520 -426.09689331
v -105.81440 11.53680 -420.12438965
v -105.81430 1.74190 -346.39770508
v -105.81430 1.82110 -348.53338623
v -105.81430 10.44670 -405.09649658
v -105.81430 16.93480 -427.86410522
v -105.81430 31.06700 -342.09649658
v -105.81430 36.37740 -372.09649658
v -105.81430 37.47570 -381.09649658
v -105.81430 61.19610 -426.58108521
v -105.81420 10.44670 -417.09649658
v -105.81390 8.26600 -399.09768677
v -105.81210 65.52040 -417.08331299
v -105.81190 35.29780 -369.10058594
v -105.81170 39.61900 -387.08108521
v -105.81120 40.69370 -390.09271240
v -105.80920 61.19700 -408.08441162
v -105.80420 44.36570 -393.08749390
v -105.79990 -4.26450 -56.97029877
v -105.79870 22.75450 -262.33828735
v -105.79670 63.36080 -414.10791016
v -105.78580 35.59350 -363.08718872
v -105.72620 6.70280 -14.95520020
v -105.72540 -18.26220 -20.95689964
v -105.72540 -18.04170 -16.80550003
v -105.72540 -17.15640 -12.33640003
v -105.72540 -6.09870   0.04300000
v -105.72540 10.48790  -8.95699978
v -105.72530 10.48810 -11.95779991
v -105.72520 -17.15690 -16.78860092
v -105.72510 -17.15730 -20.96150017
v -105.72490 8.27600 -14.95540047
v -105.72450 2.74860   0.04360000
v -105.72140 -0.56830   0.05100000
v -105.72000 -11.62900   0.04910000
v -105.71940 25.49150 -433.51858521
v -105.71670 -14.95100  -5.94710016
v -105.71500 28.19130 -68.96170044
v -105.71470 -10.52240 -38.97600174
v -105.71470 4.95900  -2.92919993
v -105.71440 -12.73330  -1.44200003
v -105.71440 13.81620 -26.95689964
v -105.71430 -12.74100 -35.96490097
v -105.71410 -6.10960 -44.96519852
v -105.71340 27.08440 -74.95880127
v -105.71110 -0.63100 -77.96640015
v -105.70840 -5.03570 -50.99369812
v -105.69040 16.40550 -104.95700073
v -105.68380 15.00990 -108.04470062
v -105.67480 3.04800 -147.34570312
v -105.67040 2.63720 -122.95700073
v -105.65850 18.32640 -182.49299622
v -105.64890 14.90760 -111.03910065
v -105.64730 16.01670 -107.95700073
v -105.63750 19.34040 -197.47599792
v -105.63180 2.84030 -357.25961304
v -105.63090 20.64740 -92.69170380
v -105.62700 3.95420 -122.95739746
v -105.61900 22.78460 -277.32931519
v -105.60880 16.11670 -172.33729553
v -105.60860 -19.26490 -12.33969975
v -105.60770 -18.15950 -14.35869980
v -105.60560 3.83420 -372.34008789
v -105.60500 24.97260 -267.34658813
v -105.60320 17.29330 -137.30639648
v -105.60290 23.89840 -272.69931030
v -105.60260 16.11870 -187.36819458
v -105.60210 20.53450 -217.34140015
v -105.60110 0.61730 -337.32110596
v -105.60100 -2.66530 -67.29139709
v -105.59980 28.27000 -332.34298706
v -105.59840 -4.91220 -192.31739807
v -105.59810 17.23050 -37.32600021
v -105.59800 0.56090 -332.34851074
v -105.59750 -0.58410 -307.33950806
v -105.59750 -0.47790 -327.33911133
v -105.59750 0.63900 -154.00619507
v -105.59750 0.63900 -91.65399933
v -105.59750 1.74470 -154.24090576
v -105.59750 2.13180 -87.33950043
v -105.59750 10.61630 -20.86619949
v -105.59750 18.48930 -237.33949280
v -105.59750 19.43710 -235.92439270
v -105.59750 19.49850 -107.33950043
v -105.59750 20.38490 -237.33949280
v -105.59750 20.51930 -212.33949280
v -105.59750 21.62810 -232.33949280
v -105.59750 22.75440 -251.85040283
v -105.59750 22.80970 -287.33950806
v -105.59750 23.91600 -292.33950806
v -105.59750 24.97650 -312.33758545
v -105.59750 25.14460 -317.33950806
v -105.59750 26.07170 -49.39350128
v -105.59750 32.26000 -350.62850952
v -105.59750 32.72140 -352.49530029
v -105.59740 32.38540 -347.28970337
v -105.59730 27.18840 -327.33590698
v -105.59620 13.93320 -29.63969994
v -105.59590 19.45940 -202.34170532
v -105.59540 23.86240 -82.37259674
v -105.59520 26.46610 -75.63790131
v -105.59120 29.39230 -52.33459854
v -105.58950 16.12130 -122.31420135
v -105.58950 19.44220 -102.34500122
v -105.58950 28.28640 -52.32059860
v -105.58830 17.22270 -112.34780121
v -105.58830 29.39150 -57.34289932
v -105.58820 -6.00140 -217.44129944
v -105.58750 6.16060 -122.96050262
v -105.58680 -0.46810 -162.33819580
v -105.58640 -0.46680 -157.33949280
v -105.58640 15.01370 -177.33990479
v -105.58630 2.85050 -137.33949280
v -105.58630 3.95630 -137.33949280
v -105.58630 18.33130 -172.33949280
v -105.58610 23.86010 -257.33950806
v -105.58500 13.91510 -152.38340759
v -105.58460 2.67160 -83.75129700
v -105.58330 2.84710 -367.40609741
v -105.58270 18.33840 -167.34590149
v -105.58210 17.22280 -152.34410095
v -105.57370 -6.15240 -207.28739929
v -105.57180 3.89310 -86.95559692
v -105.57040 -3.78940 -187.29780579
v -105.56970 16.13220 -162.35850525
v -105.56620 -1.03160 -70.58670044
v -105.55850 -2.72720 -292.33410645
v -105.55800 3.95630 -142.33949280
v -105.55650 -0.46680 -172.33949280
v -105.55310 17.25760 -102.33950043
v -105.55020 3.93780 -92.40319824
v -105.53040 12.80240 -137.33949280
v -105.52460 11.70750 -22.33639908
v -105.52110 -2.68430 -177.32940674
v -105.51930 15.01400 -152.33949280
v -105.51500 14.13800 -113.08020020
v -105.51370 -1.57760 -172.34060669
v -105.49670 4.83730 -98.95659637
v -105.49140 7.27360 -127.33950043
v -105.44110 12.80240 -142.33949280
v -105.43850 16.12070 -132.33500671
v -105.41810 -3.26950 -58.13389969
v -105.31070 18.34460 -112.20320129
v -105.27220 6.16780 -137.33949280
v -105.15520 15.01400 -137.33949280
v -105.14610 8.34060 -142.34790039
v -105.05460 32.04840 -348.09649658
v -105.04460 15.01400 -142.33949280
v -105.04460 19.43710 -187.33949280
v -104.97030 -0.01350 -71.95980072
v -104.89380 3.95630 -157.33949280
v -104.87390 4.64090 -104.19460297
v -104.86890 4.63400 -96.83029938
v -104.81230 27.98110 -59.39270020
v -104.80010 0.53590 -72.97209930
v -104.77800 13.53380 -423.18188477
v -104.74350 42.95720 -393.01989746
v -104.73970 8.22250 -399.08300781
v -104.73700 33.13350 -353.57931519
v -104.73540 9.37670 -402.11709595
v -104.73480 1.28800 -348.09649658
v -104.73480 8.28760 -396.09649658
v -104.73480 10.44670 -408.09649658
v -104.73480 20.17340 -429.98498535
v -104.73480 34.42340 -363.09649658
v -104.73480 34.58910 -369.09649658
v -104.73470 45.01380 -399.09658813
v -104.73450 36.30920 -375.22979736
v -104.73440 37.59780 -381.09869385
v -104.73430 19.09290 -429.10620117
v -104.73420 34.19770 -360.09780884
v -104.73180 50.41530 -402.12451172
v -104.73120 32.20020 -345.09710693
v -104.73030 61.19700 -411.08160400
v -104.72720 55.79920 -405.09420776
v -104.72670 56.88040 -429.09790039
v -104.72600 59.03880 -408.09280396
v -104.72410 34.39640 -357.10519409
v -104.72410 56.87840 -405.09640503
v -104.72370 50.40180 -432.09588623
v -104.72310 38.56290 -387.05609131
v -104.71300 55.79840 -411.09649658
v -104.63530 17.13350 -38.95410156
v -104.63080 -1.66250   3.00860000
v -104.62190 4.96060 -122.95739746
v -104.62020 9.38150 -14.95619965
v -104.61970 -19.36790 -20.95689964
v -104.61940 -16.05080  -2.95630002
v -104.61920 -19.67650 -14.95400047
v -104.61770 -7.20520   3.04590011
v -104.61760 4.96040   0.04520000
v -104.61730 3.85390   0.04660000
v -104.61590 -13.84080   0.04710000
v -104.61480 11.59710  -5.94759989
v -104.61440 -9.44310 -41.92610168
v -104.61230 7.17010  -2.93980002
v -104.61180 13.77500 -107.89489746
v -104.61170 -17.15840 -23.97430038
v -104.61140 -18.26330 -23.97419930
v -104.61130 -6.11860 -44.96680069
v -104.60860 -10.52170   1.30019999
v -104.60860 -2.02180 -71.95700073
v -104.60860 -1.67560 -67.68309784
v -104.60860 -1.09460 -68.95700073
v -104.60860 -0.56980 -70.38079834
v -104.60850 -11.63450 -38.96409988
v -104.60820 14.92240 -26.95579910
v -104.60810 16.02270 -35.94430161
v -104.59750 16.01620 -101.95809937
v -104.59100 4.93570 -114.34220123
v -104.57510 3.85320 -80.95700073
v -104.57250 4.94260 -83.91259766
v -104.56520 7.17380 -116.69090271
v -104.56500 4.98420 -95.28299713
v -104.54900 14.89690 -99.04650116
v -104.54720 -5.08850 -47.90219879
v -104.52630 -1.60760 -307.44650269
v -104.51940 -4.93590 -247.39930725
v -104.51810 23.87240 -282.20831299
v -104.50610 -4.88530 -262.27038574
v -104.49920 0.49240 -78.19539642
v -104.49830 20.53770 -47.33959961
v -104.49790 28.36750 -332.33880615
v -104.49730 27.28650 -322.33309937
v -104.49530 -6.09270 -217.19219971
v -104.49310 15.03620 -132.68220520
v -104.49290 29.34950 -342.09649658
v -104.49230 1.73400 -352.34149170
v -104.49210 28.35020 -337.33938599
v -104.49200 22.75420 -262.08621216
v -104.49180 27.21130 -57.33940125
v -104.49170 -20.38180 -12.33959961
v -104.49170 -5.01680 -212.33949280
v -104.49170 -3.80640 -62.33950043
v -104.49170 1.74470 -152.30880737
v -104.49170 16.11970 -136.04490662
v -104.49170 18.33130 -40.26839828
v -104.49170 19.43710 -240.67280579
v -104.49170 19.43710 -198.05380249
v -104.49170 19.48360 -212.33949280
v -104.49170 20.54280 -242.67280579
v -104.49170 20.60980 -227.33949280
v -104.49170 21.91670 -257.33950806
v -104.49170 24.78160 -287.33950806
v -104.49170 25.07650 -312.33950806
v -104.49170 26.08280 -317.33950806
v -104.49140 1.43840 -347.07229614
v -104.49030 18.34220 -192.34060669
v -104.49020 19.44730 -207.34330750
v -104.48960 28.19060 -67.74340057
v -104.48950 23.86840 -82.38480377
v -104.48860 28.29330 -62.33480072
v -104.48830 19.44120 -243.08590698
v -104.48480 -2.68110 -62.37379837
v -104.48480 11.68410 -156.87530518
v -104.48370 -6.05500 -237.42439270
v -104.48290 13.91860 -137.36430359
v -104.48250 21.65910 -247.27330017
v -104.48140 3.95180 -147.34530640
v -104.48130 12.80210 -132.34159851
v -104.48060 12.80240 -157.33949280
v -104.48060 13.90820 -182.33949280
v -104.48050 6.16780 -162.33959961
v -104.48050 9.48510 -142.33949280
v -104.48050 13.90820 -127.33950043
v -104.48050 15.01400 -147.33949280
v -104.48050 19.46840 -97.66239929
v -104.48040 7.27400 -137.33169556
v -104.47990 16.11990 -192.27769470
v -104.47940 21.80500 -87.41950226
v -104.47930 11.68410 -162.31820679
v -104.47710 5.04770 -102.32589722
v -104.47470 12.80660 -177.38459778
v -104.47430 1.73660 -162.35159302
v -104.47040 11.59360 -104.36550140
v -104.46930 -3.78410 -192.33949280
v -104.46930 15.01400 -197.33949280
v -104.46720 17.53220 -98.05259705
v -104.46000 12.69330 -111.01799774
v -104.45940 8.37170 -132.33850098
v -104.45780 3.82620 -83.90720367
v -104.45570 7.17050 -106.11990356
v -104.45480 15.02960 -127.33609772
v -104.45140 3.96910 -152.31219482
v -104.44840 -1.57080 -182.32560730
v -104.44780 6.06480 -86.95700073
v -104.44720 5.05800 -157.32290649
v -104.44700 16.11970 -157.33949280
v -104.44670 11.69630 -187.38330078
v -104.44190 -0.95550 -65.95700073
v -104.44130 5.05910 -142.33610535
v -104.43780 1.75710 -172.23849487
v -104.43760 8.37050 -147.32569885
v -104.43740 5.06490 -87.42620087
v -104.42760 9.48660 -117.40889740
v -104.42680 -0.46210 -177.30509949
v -104.42660 -0.46680 -187.33949280
v -104.42530 -0.46890 -67.24220276
v -104.40510 13.09680 -101.50229645
v -104.40420 6.16130 -92.33750153
v -104.40310 0.63060 -172.33819580
v -104.39320 7.34870 -102.33950043
v -104.38330 6.15610 -107.37609863
v -104.36880 16.11970 -147.33949280
v -104.36860 7.98550 -110.55879974
v -104.36330 13.91210 -192.36779785
v -104.36290 2.74750 -80.95700073
v -104.33530 5.06210 -167.33949280
v -104.29860 7.58730 -122.95700073
v -104.29830 17.19760 -187.34700012
v -104.29770 15.01400 -202.33949280
v -104.27050 0.63900 -182.33949280
v -104.22750 27.46460 -70.92690277
v -104.20390 12.34220 -116.06900024
v -104.20060 -13.15790 -29.95249939
v -104.09920 -20.38060 -14.12310028
v -104.07900 13.91350 -117.33509827
v -103.98400 11.59360 -111.39540100
v -103.89270 25.58640 -76.02189636
v -103.82410 -3.16340 -59.15409851
v -103.77680 28.28320 -327.33950806
v -103.75990 48.30070 -432.18908691
v -103.71450 -1.86280 -62.38219833
v -103.67970 0.67740 -68.94210052
v -103.66610 7.18360 -387.01419067
v -103.65520 0.75460 -348.09649658
v -103.65520 7.04440 -399.09649658
v -103.65520 11.52620 -417.09649658
v -103.65520 22.33250 -430.60708618
v -103.65520 32.36460 -357.09649658
v -103.65520 33.46600 -363.09649658
v -103.65520 34.80720 -360.09649658
v -103.65520 37.44610 -383.25030518
v -103.65520 43.92340 -394.79391479
v -103.65520 44.99210 -396.09649658
v -103.65520 63.35520 -417.06649780
v -103.65510 24.48830 -432.10150146
v -103.65500 9.37790 -402.11160278
v -103.65450 12.61410 -420.11828613
v -103.65420 41.77630 -393.09609985
v -103.65360 45.01250 -399.09548950
v -103.65230 11.52740 -405.09170532
v -103.65190 -19.36780 -12.33100033
v -103.65090 49.32200 -402.09161377
v -103.64710 56.88000 -414.08981323
v -103.64620 53.63980 -405.09390259
v -103.64600 36.38720 -377.98471069
v -103.64490 60.11660 -426.09710693
v -103.64450 54.71890 -405.09658813
v -103.63470 35.29430 -375.09640503
v -103.61660 59.04140 -426.15859985
v -103.60820 -0.46470 -63.60060120
v -103.54390 19.43710 -202.33949280
v -103.52170 -1.28470 -62.95700073
v -103.51870 11.49660 -99.59770203
v -103.51570 2.43080 -72.58989716
v -103.51390 13.80510  -8.95709991
v -103.51360 0.53620   3.04329991
v -103.51270 13.80450  -5.95330000
v -103.51130 12.69920  -5.94750023
v -103.51020 -16.05220   0.04720000
v -103.51020 10.48830  -2.95099998
v -103.50840 -19.37290  -8.94830036
v -103.50650 9.38270  -2.94210005
v -103.50460 -21.58950 -14.95559978
v -103.50450 1.59560 -74.96080017
v -103.50280 -12.73330   1.05289996
v -103.50280 -1.67560 -69.83940125
v -103.50280 -1.67560 -66.07240295
v -103.50280 -1.65590 -65.95700073
v -103.50280 -0.61240 -68.95700073
v -103.50280 -0.56980 -68.90350342
v -103.50280 0.53590 -69.13349915
v -103.50280 27.07440 -70.47200012
v -103.50230 -8.31000   3.05839992
v -103.50230 25.97910 -73.28410339
v -103.50080 28.18940 -68.95989990
v -103.49200 13.80430 -98.95809937
v -103.48590 6.06820 -84.01640320
v -103.48240 12.74340 -192.34689331
v -103.48050 8.27630 -89.95700073
v -103.48050 9.38210 -92.95700073
v -103.46090 10.49150 -104.96450043
v -103.45670 8.29700 -102.11599731
v -103.45460 -0.67580 -71.96179962
v -103.45060 45.01170 -432.11230469
v -103.44700 8.27630 -107.95700073
v -103.44390 1.67380 -77.86710358
v -103.42410 8.27630 -87.94390106
v -103.41020 7.12420 -82.41169739
v -103.40570 9.50530 -106.78489685
v -103.40230 11.59360 -113.95700073
v -103.39910 -5.07440 -50.98189926
v -103.39520 19.01220 -47.34120178
v -103.39490 18.32390 -45.47869873
v -103.39480 -3.77200 -202.50939941
v -103.39110 -3.81000 -267.32739258
v -103.38800 16.12710 -37.32350159
v -103.38650 24.96030 -297.40570068
v -103.38630 29.38920 -327.30441284
v -103.38590 -5.07980 -242.33949280
v -103.38590 -3.96100 -262.33950806
v -103.38590 -1.84060 -297.33950806
v -103.38590 0.60550 -337.33950806
v -103.38590 17.22550 -40.13610077
v -103.38590 18.59770 -242.33949280
v -103.38590 19.43710 -244.81979370
v -103.38590 19.43710 -238.75990295
v -103.38590 20.15190 -247.33949280
v -103.38590 20.81630 -252.33949280
v -103.38590 21.78130 -262.33950806
v -103.38590 22.79290 -267.33950806
v -103.38590 24.94080 -287.33950806
v -103.38590 24.94810 -292.33950806
v -103.38590 26.04710 -302.33950806
v -103.38590 27.07690 -312.33950806
v -103.38590 29.42250 -337.33950806
v -103.38590 30.46380 -342.09649658
v -103.38570 12.80380 -127.38950348
v -103.38570 30.56320 -327.33950806
v -103.38520 26.06710 -307.74841309
v -103.38470 22.76580 -272.34271240
v -103.38440 28.29280 -62.33520126
v -103.38170 6.08840 -172.49670410
v -103.38130 3.95580 -162.29159546
v -103.38030 12.80750 -122.31690216
v -103.37940 1.74100 -177.33219910
v -103.37730 10.59330 -187.33749390
v -103.37630 17.22580 -202.33380127
v -103.37600 15.01100 -207.29719543
v -103.37550 -0.46390 -192.31750488
v -103.37540 8.37870 -122.34069824
v -103.37480 9.48510 -127.33950043
v -103.37470 -3.78400 -207.33929443
v -103.37470 -1.57260 -197.33949280
v -103.37470 10.59090 -167.33990479
v -103.37320 15.07330 -32.17549896
v -103.36830 2.79880 -367.52059937
v -103.36550 7.11760 -87.02529907
v -103.36360 2.85050 -172.33949280
v -103.36360 13.90820 -212.33949280
v -103.36130 -4.91260 -212.30580139
v -103.36130 11.67880 -207.25320435
v -103.35880 -0.71380 -62.40670013
v -103.35780 -4.87300 -222.46400452
v -103.35760 10.48790 -113.95700073
v -103.35540 20.61230 -222.32099915
v -103.35530 32.04840 -351.09649658
v -103.34190 7.16790 -98.96579742
v -103.34030 0.72250 -352.29580688
v -103.33250 13.94630 -202.40800476
v -103.33010 2.85050 -157.33949280
v -103.33010 5.06210 -192.33949280
v -103.31890 3.95630 -172.33949280
v -103.31890 15.01400 -187.33949280
v -103.31480 1.74690 -192.22300720
v -103.31270 -2.68060 -197.34289551
v -103.31140 15.01400 -132.33949280
v -103.30190 6.16780 -197.33949280
v -103.29820 -1.57260 -202.33949280
v -103.28970 17.22550 -212.33949280
v -103.27980 0.60030 -197.34010315
v -103.27930 3.95630 -177.33949280
v -103.26890 18.33270 -97.34269714
v -103.26830 0.53590 -74.95700073
v -103.25320 18.33150 -92.69580078
v -103.24590 4.95900 -77.95700073
v -103.12530 3.00460 -71.95700073
v -103.09150 19.43970 -92.30329895
v -103.05420 9.48510 -202.33949280
v -103.05300 25.51970 -74.98149872
v -102.99350 18.33130 -207.33949280
v -102.83300 20.54280 -232.33949280
v -102.82000 -0.50140 -327.29791260
v -102.81720 1.74380 -69.83850098
v -102.76660 -6.59230 -45.15430069
v -102.62260 4.09800 -73.39920044
v -102.61050 5.06910 -74.34770203
v -102.60040 43.93700 -432.09390259
v -102.58990 34.19090 -360.09350586
v -102.57590 26.65070 -432.10250854
v -102.57590 43.93510 -399.09750366
v -102.57580 14.77410 -423.10769653
v -102.57570 8.20840 -387.09649658
v -102.57570 11.52620 -417.09649658
v -102.57570 21.25010 -429.10501099
v -102.57570 31.06530 -353.67788696
v -102.57570 38.25580 -387.09649658
v -102.57540 35.29770 -372.09729004
v -102.57520 34.21680 -369.09350586
v -102.57500 25.56930 -432.10159302
v -102.57490 39.61500 -390.09451294
v -102.57460 8.28750 -396.10031128
v -102.57230 7.11180 -384.13989258
v -102.57180 48.24190 -402.09008789
v -102.56950 22.66240 -83.58489990
v -102.56950 61.19730 -423.10510254
v -102.56680 53.64380 -429.09698486
v -102.54450 50.40130 -429.09878540
v -102.54280 56.87840 -426.09698486
v -102.54230 17.27310 -42.33580017
v -102.54090 8.26680 -402.15139771
v -102.53770 -20.62520 -12.33759975
v -102.53110 1.63750   2.94950008
v -102.47940 32.09590 -345.09219360
v -102.47490 33.15890 -359.82269287
v -102.40680 4.96110   3.04349995
v -102.40560 -14.94210 -29.98329926
v -102.40420 -10.52490   3.04710007
v -102.40210 -18.26780  -5.95340014
v -102.40150 -17.15900   0.04920000
v -102.39900 14.91980 -26.96459961
v -102.39870 40.72600 -432.14739990
v -102.39720 8.27590   0.06380000
v -102.39710 -12.74420 -35.95759964
v -102.39700 -21.59050 -20.95700073
v -102.39700 -16.05060 -29.97830009
v -102.39700 -1.67560 -62.21590042
v -102.39700 -0.83980 -65.95700073
v -102.39700 -0.56980   4.05289984
v -102.39700 6.06480   0.93660003
v -102.39660 -18.26480 -26.97030067
v -102.39620 14.92180 -23.95350075
v -102.39180 27.07890 -68.96769714
v -102.38700 8.27600 -83.97090149
v -102.38020 -5.01610 -47.96160126
v -102.38020 11.63690 -90.16149902
v -102.37620 31.54020 -355.43051147
v -102.34880 -3.93690 -54.20199966
v -102.33200 3.09740 -68.94750214
v -102.30930 29.47780 -337.28399658
v -102.30290 18.33120 -212.34440613
v -102.30060 19.43710 -222.33949280
v -102.29800 2.79780 -372.33969116
v -102.29450 6.17310 -77.33100128
v -102.28860 -4.94230 -252.59379578
v -102.28470 8.30600 -202.12280273
v -102.28330 19.42570 -252.34069824
v -102.28250 -21.48460 -12.33880043
v -102.28180 -21.16300 -13.79699993
v -102.28100 -4.87820 -227.44610596
v -102.28020 2.58240 -357.33950806
v -102.28020 15.02900 -36.24729919
v -102.28020 19.43710 -88.07479858
v -102.28020 20.00200 -247.33949280
v -102.28020 20.49020 -242.33949280
v -102.28020 20.54280 -50.26129913
v -102.28020 21.70440 -257.33950806
v -102.28020 26.04650 -302.33950806
v -102.28010 26.04710 -307.34030151
v -102.27980 19.99030 -232.34500122
v -102.27960 -2.68910 -292.33999634
v -102.27170 12.80190 -212.33000183
v -102.27110 24.96750 -52.33610153
v -102.27090 17.21690 -217.26629639
v -102.27030 23.86060 -52.33570099
v -102.27010 15.01580 -217.33320618
v -102.27000 10.58920 -212.32670593
v -102.26960 -2.67820 -212.33790588
v -102.26960 24.96660 -57.33179855
v -102.26910 3.95630 -182.33949280
v -102.26900 15.01400 -227.33949280
v -102.26900 16.11970 -227.33949280
v -102.25960 8.38120 -212.30000305
v -102.25590 8.37950 -77.90090179
v -102.25400 12.70210 -92.95680237
v -102.25200 7.20860 -207.27479553
v -102.25070 2.85940 -177.18870544
v -102.24790 5.06270 -197.33810425
v -102.24590 -1.55320 -207.41329956
v -102.23280 9.32150 -86.94149780
v -102.22870 33.12790 -363.09649658
v -102.21830 10.48790 -89.95700073
v -102.20720 -0.48120 -202.33740234
v -102.20540 -3.83290 -272.30120850
v -102.17810 2.87540 -192.31260681
v -102.17430 -3.79100 -217.36090088
v -102.12860 30.96880 -345.09649658
v -102.10710 18.22910 -89.95890045
v -102.04950 14.92200 -32.95700073
v -102.02230 17.15460 -92.02110291
v -101.93900 30.96880 -348.09649658
v -101.82050 9.94390 -83.96179962
v -101.76600 57.95750 -426.09649658
v -101.72460 14.24790 -28.78630066
v -101.63710 30.99370 -354.09649658
v -101.56290 30.93110 -432.40319824
v -101.54120 5.06200 -70.73570251
v -101.51960 14.71070 -423.08099365
v -101.50970 51.47890 -429.08819580
v -101.50170 33.21870 -365.89840698
v -101.50080 42.86450 -429.21258545
v -101.49710 21.24650 -429.10119629
v -101.49660 19.07940 -426.11090088
v -101.49610 9.37790 -400.21411133
v -101.49610 33.36780 -369.09649658
v -101.49580 12.61160 -420.10330200
v -101.49540 12.59410 -414.11669922
v -101.49530 35.33920 -375.09631348
v -101.49420 43.93050 -399.09140015
v -101.49390 50.40080 -405.08621216
v -101.49350 30.06550 -342.09619141
v -101.49000 51.48240 -405.09149170
v -101.48740 34.23580 -432.11151123
v -101.48550 55.79860 -420.09640503
v -101.48530 50.40070 -420.09649658
v -101.48530 57.95760 -420.09631348
v -101.48530 61.19610 -420.09649658
v -101.48430 56.88020 -417.09890747
v -101.48240 52.55610 -420.10140991
v -101.47410 57.96740 -423.01168823
v -101.47270 49.32150 -429.11050415
v -101.45550 52.57640 -411.13888550
v -101.45540 38.67740 -390.03170776
v -101.43480 18.30850 -237.29429626
v -101.42970 45.00320 -429.11248779
v -101.42850 19.14290 -87.50659943
v -101.39660 36.49350 -381.10418701
v -101.37490 16.11140 -41.93510056
v -101.36080 15.03710 -36.26929855
v -101.30230 13.80320 -14.95779991
v -101.30230 14.91080 -11.95750046
v -101.30230 14.91090 -20.95700073
v -101.30230 14.91090 -14.95699978
v -101.30230 16.01670 -17.95700073
v -101.30200 6.06470   3.04360008
v -101.30170 7.17320   3.04250002
v -101.30150 -11.63040   3.04439998
v -101.29670 -9.41700   6.05009985
v -101.29530 -17.16320 -28.72260094
v -101.29470 -20.62350 -12.33390045
v -101.29410 -14.95040 -32.96450043
v -101.29320 -21.48660 -14.67529964
v -101.29130 -22.69630 -17.95630074
v -101.29130 -1.74260 -56.95700073
v -101.29130 10.48780  -1.17460001
v -101.29130 14.92200 -32.95700073
v -101.29130 16.02780 -38.95700073
v -101.29130 16.02780 -26.95689964
v -101.29130 17.13350 -48.62620163
v -101.26270 -3.86440 -51.10540009
v -101.20850 -2.69390 -277.45870972
v -101.18830 -0.45310 -212.33949280
v -101.18420 43.11560 -396.08129883
v -101.18250 -3.81760 -257.35668945
v -101.18140 27.20950 -317.24029541
v -101.17840 14.01300 -29.69000053
v -101.17650 1.73630 -362.32958984
v -101.17580 26.07450 -62.30780029
v -101.17480 0.60560 -332.33718872
v -101.17450 23.87070 -292.33749390
v -101.17440 -1.65250 -292.33950806
v -101.17440 -0.52260 -312.33950806
v -101.17440 -0.44550 -347.33950806
v -101.17440 0.50490 -342.33950806
v -101.17440 0.54960 -352.33950806
v -101.17440 20.32170 -237.33949280
v -101.17440 20.54280 -252.13540649
v -101.17440 21.42740 -252.33949280
v -101.17440 24.99160 -302.33950806
v -101.17430 1.73350 -357.33959961
v -101.17360 8.35510 -74.15920258
v -101.17280 17.97520 -87.38639832
v -101.17280 31.12630 -351.99700928
v -101.16990 -1.57560 -217.29409790
v -101.16540 22.75660 -52.33610153
v -101.16500 13.91010 -217.33329773
v -101.16470 16.11670 -237.27949524
v -101.16330 -2.67830 -222.33949280
v -101.16330 21.64860 -57.33950043
v -101.16320 9.48510 -227.33949280
v -101.15670 19.44740 -242.32609558
v -101.15640 9.47220 -222.38569641
v -101.15360 6.15030 -217.32009888
v -101.15350 12.78520 -232.44129944
v -101.15300 6.16740 -72.34079742
v -101.15200 17.22550 -247.33949280
v -101.12970 6.10920 -212.35189819
v -101.12890 15.01400 -242.33949280
v -101.12520 -2.72420 -287.41610718
v -101.12350 22.96470 -277.05899048
v -101.11480 -3.79070 -237.38710022
v -101.10950 15.06750 -232.42050171
v -101.10870 28.37440 -327.45669556
v -101.10740 10.59090 -232.33949280
v -101.08990 37.49210 -432.12091064
v -101.08720 -14.91610   2.16020012
v -101.03420 6.16780 -222.33949280
v -100.92260 9.72780 -81.30930328
v -100.86660 16.11610 -46.34849930
v -100.85860 1.64170 -65.95700073
v -100.81610 31.84960 -360.42401123
v -100.43820 46.08250 -429.09649658
v -100.42800 36.36600 -432.09570312
v -100.42030 11.55480 -411.08099365
v -100.41660 10.45790 -402.16128540
v -100.41660 29.93700 -351.09649658
v -100.41660 35.37520 -381.09649658
v -100.41660 41.76430 -394.20480347
v -100.41660 42.85480 -399.09649658
v -100.41610 8.25500 -396.10250854
v -100.41600 48.24210 -405.05758667
v -100.41540 9.37100 -399.11358643
v -100.41520 37.44800 -387.06921387
v -100.41510 35.39560 -378.10211182
v -100.40980 54.72460 -426.08288574
v -100.40950 49.32210 -405.09130859
v -100.40810 50.40820 -426.09390259
v -100.40580 54.71880 -423.09649658
v -100.40570 42.84390 -426.09649658
v -100.40560 48.26010 -420.07998657
v -100.40540 50.40060 -423.09750366
v -100.40530 51.48050 -417.09469604
v -100.39810 31.24630 -353.99038696
v -100.38580 48.24650 -426.02441406
v -100.38260 40.69020 -429.16189575
v -100.37300 15.85530 -423.08160400
v -100.34100 26.61070 -431.27841187
v -100.33520 30.04700 -345.11599731
v -100.33290 -0.51250 -59.62929916
v -100.32740 13.95660 -30.33799934
v -100.28980 20.54280 -252.33949280
v -100.25290 19.43710 -247.33949280
v -100.24410 -1.66230 -56.98600006
v -100.19660 17.12250 -14.95699978
v -100.19360 18.23130 -14.95119953
v -100.19280 -11.62830   6.04809999
v -100.19170 17.12110 -17.97960091
v -100.19150 -1.67430   6.05189991
v -100.18790 -18.26550 -29.96579933
v -100.18730 14.91420  -2.94799995
v -100.18700 -22.69410 -23.96360016
v -100.18620 13.80520  -2.93260002
v -100.18560 -20.48470  -2.95679998
v -100.18550 -20.48470  -5.95699978
v -100.18550 -16.05060 -30.85700035
v -100.18550 -12.73330   4.55800009
v -100.18550 -10.52170   6.05800009
v -100.18550 -2.78140   6.94290018
v -100.18550 10.17510 -77.95700073
v -100.18550 11.59360  -0.99390000
v -100.18550 13.80520 -88.60220337
v -100.18490 14.06070 -36.62210083
v -100.18140 12.68920 -86.98269653
v -100.17740 16.01920 -48.76200104
v -100.17540 16.02040 -86.96040344
v -100.17320 17.09840 -86.97000122
v -100.16780 -16.01260   3.07279992
v -100.16260 31.17670 -356.10238647
v -100.12770 24.87390 -74.95709991
v -100.07970 16.12020 -247.34460449
v -100.07740 19.43650 -257.34921265
v -100.07640 0.61790 -352.29251099
v -100.07460 20.53810 -262.35708618
v -100.07280 15.93000 -42.35459900
v -100.07210 -1.63930 -307.35299683
v -100.06940 -3.76700 -267.29849243
v -100.06860 -1.76400 -287.33950806
v -100.06860 7.27360 -70.37370300
v -100.06860 22.76550 -287.33950806
v -100.06860 24.22870 -307.33950806
v -100.06850 23.87050 -297.33810425
v -100.06670 9.18740 -74.67299652
v -100.06510 31.70050 -361.50390625
v -100.06470 27.18600 -67.33280182
v -100.06400 26.10740 -72.36270142
v -100.06020 17.22720 -252.33039856
v -100.05850 21.47030 -272.33120728
v -100.05830 8.37840 -227.33630371
v -100.05830 19.43610 -52.33440018
v -100.05820 11.69620 -237.33749390
v -100.05800 -1.57120 -227.33210754
v -100.05790 6.16590 -227.31889343
v -100.05760 20.54280 -57.33950043
v -100.05740 13.90820 -247.33949280
v -100.05630 -3.90460 -247.19380188
v -100.05220 21.78210 -82.55149841
v -100.04850 18.33130 -57.29940033
v -100.04630 5.07640 -222.35049438
v -100.04530 11.69670 -242.33949280
v -100.04270 5.06610 -67.39420319
v -100.04200 -0.47150 -222.34320068
v -100.03520 15.02960 -252.36529541
v -100.01870 28.24400 -342.09640503
v -100.01550 27.29240 -332.39120483
v -100.00440 13.91150 -242.33850098
v -100.00370 9.50750 -232.40330505
v -99.99360 17.21760 -257.34170532
v -99.99040 4.93100 -66.00389862
v -99.98340 3.76200 -66.04650116
v -99.96910 -2.67490 -232.33529663
v -99.96710 -22.69420 -14.33959961
v -99.96220 5.13740 -232.34629822
v -99.95480 27.17740 -322.33950806
v -99.83410 26.07170 -322.33950806
v -99.78630 -0.46680 -232.33949280
v -99.67360 18.33450 -85.61100006
v -99.63280 14.36840 -39.17750168
v -99.61960 24.33250 -76.42539978
v -99.51750 -4.99240 -47.96020126
v -99.46710 13.97530 -29.74099922
v -99.34010 14.76480 -420.32220459
v -99.33810 9.36950 -402.10330200
v -99.33700 11.48250 -405.09649658
v -99.33700 12.58390 -414.09631348
v -99.33700 13.69650 -417.12969971
v -99.33700 19.09400 -426.10720825
v -99.33700 28.85020 -342.09649658
v -99.33700 28.89610 -345.09649658
v -99.33700 31.76830 -364.16210938
v -99.33700 35.28700 -430.96170044
v -99.33700 42.83310 -396.09658813
v -99.33650 45.00810 -402.08828735
v -99.33630 37.45280 -387.08529663
v -99.33570 30.01530 -347.95098877
v -99.33560 33.17310 -369.07479858
v -99.33560 42.85250 -399.09408569
v -99.32920 50.40320 -408.09130859
v -99.32760 8.26670 -393.09439087
v -99.32650 41.76450 -426.09698486
v -99.32620 47.16200 -423.09649658
v -99.32200 35.46100 -381.09890747
v -99.30840 11.39650 -408.13980103
v -99.10200 10.48790   0.04310000
v -99.09090 -8.31060   9.04279995
v -99.09030 1.64210   6.04370022
v -99.08940 -2.78240   9.04510021
v -99.08850 17.12540 -11.95510006
v -99.08830 0.53890   6.04839993
v -99.08240 -22.69380 -18.52389908
v -99.08230 -16.05710 -32.96080017
v -99.08210 -19.37220 -28.72369957
v -99.08150 -22.69550  -8.95610046
v -99.08150 -21.58880 -26.95829964
v -99.08080 -6.43300 -44.97620010
v -99.08040 18.23930  -8.95520020
v -99.08030 16.02750 -26.95770073
v -99.08020 -22.69470 -23.96809959
v -99.07970 -17.15620   3.05550003
v -99.07970 -13.83910 -34.72470093
v -99.07970 -3.88710 -48.71459961
v -99.07970 -0.56980   6.93660021
v -99.07970 3.85320   5.05000019
v -99.07970 17.12250  -4.68930006
v -99.07950 16.02800 -20.95680046
v -99.07940 -20.48470  -5.95660019
v -99.07930 -20.48380   0.04600000
v -99.07850 24.87330 -74.95819855
v -99.07400 14.91910 -44.96149826
v -99.06380 14.90740 -49.30879974
v -99.04250 14.01320 -47.34899902
v -99.03900 5.99640 -66.14820099
v -99.03340 0.53750 -56.96020126
v -99.02190 20.38830 -83.96369934
v -99.00160 2.74750 -59.95700073
v -98.98860 39.62820 -426.10879517
v -98.98010 -2.70760 -257.15798950
v -98.97390 19.43710 -262.33999634
v -98.97240 22.83690 -292.28381348
v -98.97220 5.07950 -237.26899719
v -98.97150 3.77550 -63.26129913
v -98.96590 2.86430 -372.33959961
v -98.96560 -23.69510 -17.35190010
v -98.96400 31.60630 -357.32308960
v -98.96300 24.87330 -72.93419647
v -98.96280 9.48510 -75.68389893
v -98.96280 10.35610 -77.94120026
v -98.96280 22.75440 -279.83950806
v -98.96280 23.86010 -63.97280121
v -98.96280 24.96590 -64.78949738
v -98.96280 25.07470 -327.33950806
v -98.96260 -23.69880 -12.33899975
v -98.96200 21.66850 -82.34359741
v -98.96150 -2.68940 -272.33590698
v -98.96140 21.64700 -272.48580933
v -98.96070 27.22150 -337.33200073
v -98.96060 -2.74440 -277.34478760
v -98.96000 26.09440 -67.32839966
v -98.95760 22.75600 -62.32939911
v -98.95710 -1.61650 -302.27868652
v -98.95620 10.59280 -242.32739258
v -98.95340 17.22690 -52.33449936
v -98.95330 17.22750 -57.33760071
v -98.95260 13.90770 -252.33630371
v -98.95190 15.01360 -257.33670044
v -98.95180 18.33130 -262.33911133
v -98.95170 10.59090 -247.33949280
v -98.95170 18.33130 -52.33950043
v -98.95160 -2.67830 -247.33970642
v -98.94910 26.09810 -317.32910156
v -98.94260 8.35920 -242.32659912
v -98.94000 18.33310 -267.36401367
v -98.93970 15.02050 -262.32910156
v -98.93640 -22.84080 -12.33479977
v -98.93490 3.96890 -232.37969971
v -98.92100 22.75430 -297.33889771
v -98.91820 -1.57260 -237.33949280
v -98.89740 15.10080 -42.27959824
v -98.89160 0.57030 -232.35639954
v -98.88150 7.29720 -237.32859802
v -98.83430 13.81580 -44.31190109
v -98.82460 21.64860 -302.33950806
v -98.82180 13.81560 -41.95750046
v -98.79830 -1.66070 -242.26049805
v -98.76480 13.81620 -36.56930161
v -98.74120 32.13560 -365.66790771
v -98.50150 30.95610 -356.95138550
v -98.35950 37.39840 -428.51229858
v -98.28170 8.14330 -396.03588867
v -98.28140 21.21550 -81.86650085
v -98.27380 38.52850 -429.07418823
v -98.26560 8.28430 -390.09948730
v -98.26260 24.97030 -430.31689453
v -98.26210 10.45010 -405.09460449
v -98.25820 12.61280 -417.11230469
v -98.25770 41.76430 -396.05480957
v -98.25760 10.44670 -408.09658813
v -98.25750 13.69610 -418.02288818
v -98.25750 28.90790 -348.09649658
v -98.25750 32.34280 -369.09649658
v -98.25750 39.60520 -391.76501465
v -98.25650 18.01120 -426.10559082
v -98.25280 46.08560 -420.10708618
v -98.25180 11.55530 -414.09478760
v -98.25090 45.00400 -423.10339355
v -98.24870 40.94540 -393.02261353
v -98.24800 15.85710 -423.24520874
v -98.24670 49.32110 -411.09649658
v -98.23630 48.24950 -414.13250732
v -98.17860 5.13820 -372.35128784
v -98.07990 -23.69530 -17.36219978
v -98.07650 -23.69720 -14.67450047
v -97.98510 -10.52180   9.04290009
v -97.98380 -3.92220 -48.45360184
v -97.98340 1.64230   9.04459953
v -97.98270 -1.67550   9.04489994
v -97.98150 2.74980   6.04430008
v -97.97900 10.49390   3.04460001
v -97.97830 17.13120 -20.95689964
v -97.97630 -23.79890 -23.96500015
v -97.97630 16.03440  -2.94099998
v -97.97550 18.23860 -11.95600033
v -97.97490 19.33860 -83.96459961
v -97.97480 -21.58290 -26.96800041
v -97.97460 -23.80200 -20.95669937
v -97.97460 12.70780   0.04620000
v -97.97450 20.45180 -14.95400047
v -97.97440 -9.42010 -41.96500015
v -97.97400 -21.59050  -5.95699978
v -97.97400 8.27630   3.85899997
v -97.97400 17.13350 -26.95700073
v -97.97390 19.34510 -17.95700073
v -97.97370 18.23940  -5.95609999
v -97.97080 13.81380 -41.95909882
v -97.96990 11.55670 -84.00720215
v -97.95350 -9.41680   9.07079983
v -97.92130 -0.61060 -54.37099838
v -97.90050 27.28260 -342.09649658
v -97.88120 2.87080 -367.49911499
v -97.86000 13.90570 -262.32800293
v -97.85870 5.05250 -242.34689331
v -97.85810 24.98640 -327.32681274
v -97.85710 -1.58370 -282.33950806
v -97.85710 -0.60080 -297.33950806
v -97.85710 -0.47800 -312.33950806
v -97.85710 -0.04230 -337.33950806
v -97.85710 9.36260 -73.84770203
v -97.85710 20.68100 -302.33950806
v -97.85710 21.45010 -287.33950806
v -97.85710 21.64860 -304.35519409
v -97.85710 22.44380 -297.33950806
v -97.85710 22.73270 -282.33950806
v -97.85710 22.75440 -300.81170654
v -97.85710 23.91540 -322.33950806
v -97.85710 25.01060 -332.33950806
v -97.85710 32.70630 -363.55999756
v -97.85600 23.86340 -302.30688477
v -97.85570 6.19190 -62.93790054
v -97.84990 31.60780 -357.18060303
v -97.84910 21.65060 -62.33480072
v -97.84860 8.38740 -252.29939270
v -97.84840 16.12170 -52.33420181
v -97.84840 19.44000 -62.33570099
v -97.84690 12.81100 -47.33840179
v -97.84660 12.80160 -257.33700562
v -97.84630 13.90750 -52.33380127
v -97.84600 16.11970 -57.33950043
v -97.84520 1.62440 -56.98590088
v -97.84520 7.27350 -67.34429932
v -97.84370 12.80240 -52.33950043
v -97.84340 0.64350 -242.33740234
v -97.84330 -1.63810 -292.27340698
v -97.83220 22.89630 -307.29080200
v -97.82960 -2.73080 -262.30969238
v -97.82860 2.74320 -56.97370148
v -97.82740 25.40080 -317.27200317
v -97.82580 20.51640 -82.35070038
v -97.81980 9.48510 -257.33950806
v -97.80640 4.95900 -59.95700073
v -97.80610 33.06290 -362.30999756
v -97.77990 7.37070 -247.36140442
v -97.77200 20.54310 -277.33200073
v -97.76250 7.33720 -62.65760040
v -97.75550 -14.91370   5.17339993
v -97.72480 12.69540 -44.45050049
v -97.72050 -0.49950 -247.38659668
v -97.69800 -1.60170 -251.98669434
v -97.42740 -1.56340 -262.31829834
v -97.33570 11.67470 -49.34400177
v -97.31070 31.62070 -364.84579468
v -97.29090 11.59360 -45.40819931
v -97.24600 15.29540 -59.94290161
v -97.19950 37.47250 -390.10809326
v -97.19900 6.11110 -375.11880493
v -97.18800 6.11820 -378.06961060
v -97.17920 29.90590 -351.07400513
v -97.17840 43.92680 -402.08538818
v -97.17820 33.13790 -372.09500122
v -97.17790 8.90430 -399.09649658
v -97.17790 9.34520 -393.09649658
v -97.17790 29.87850 -342.09649658
v -97.17790 29.88930 -431.34280396
v -97.17790 30.12550 -357.09649658
v -97.17790 35.28700 -429.83898926
v -97.17790 41.77510 -399.09649658
v -97.17680 22.32040 -429.21109009
v -97.17610 14.77330 -423.11581421
v -97.17420 47.16900 -417.10330200
v -97.17070 42.84560 -423.10119629
v -97.15520 47.19610 -407.99649048
v -97.14060 36.42460 -387.07849121
v -97.11400 38.59550 -426.23950195
v -96.97770 30.72410 -359.03060913
v -96.88390 -8.29910 -42.00000000
v -96.88180 20.46910 -14.93509960
v -96.87850 3.85360   9.04419994
v -96.87620 -22.70490 -26.92029953
v -96.86980 -11.63510 -38.96350098
v -96.86960 -21.58870   0.04570000
v -96.86920 -16.05200   6.05229998
v -96.86890 12.71110   0.04530000
v -96.86850 12.71070 -35.96269989
v -96.86850 18.22980 -83.96510315
v -96.86840 19.34070 -17.96719933
v -96.86820 -24.90780 -17.95700073
v -96.86820 -21.59050  -5.95699978
v -96.86820 -18.26210 -31.21430016
v -96.86820 -16.05060 -32.96699905
v -96.86820 11.59360 -81.64510345
v -96.86820 13.81620 -32.95700073
v -96.86820 18.22830  -4.68389988
v -96.86820 19.34510  -8.95699978
v -96.86820 19.34510  -5.95699978
v -96.86750 17.13450 -20.95039940
v -96.86660 13.80510 -83.96980286
v -96.86310 9.37340 -72.38749695
v -96.84590 11.59360 -47.95700073
v -96.82810 16.00060 -84.81809998
v -96.81730 -0.57820 -51.17330170
v -96.77200 -0.47650 -257.46960449
v -96.76120 31.60730 -362.33779907
v -96.75320 23.83900 -302.33709717
v -96.75210 3.81210 -372.34188843
v -96.75200 26.04600 -342.09649658
v -96.75180 21.66130 -292.35299683
v -96.75140 -24.80450 -12.33920002
v -96.75130 -1.58370 -272.33950806
v -96.75130 -0.54470 -292.33950806
v -96.75130 13.90820 -59.83950043
v -96.75130 20.88970 -297.33950806
v -96.75130 21.64860 -282.05981445
v -96.75130 22.75440 -300.30108643
v -96.75130 23.86010 -311.37310791
v -96.75130 24.01650 -327.33950806
v -96.75130 25.06640 -337.33950806
v -96.75120 -24.80680 -14.82009983
v -96.75070 24.21370 -322.34118652
v -96.75060 26.08260 -67.33930206
v -96.74850 0.57080 -342.67370605
v -96.74840 21.64060 -302.37750244
v -96.74290 6.17510 -257.30130005
v -96.74180 18.33170 -62.33720016
v -96.74020 0.63900 -252.33949280
v -96.74020 17.22550 -272.33959961
v -96.73870 15.01610 -62.33290100
v -96.73570 25.06900 -332.35830688
v -96.73070 8.37910 -257.33419800
v -96.72850 8.37930 -262.33950806
v -96.72640 11.72140 -41.61019897
v -96.72500 9.47200 -62.33280182
v -96.72370 8.38070 -56.64870071
v -96.72040 8.27020 -67.27829742
v -96.71980 10.59140 -262.33410645
v -96.70910 17.20450 -277.33129883
v -96.70660 19.44110 -287.33578491
v -96.70620 5.14830 -252.33489990
v -96.70250 6.79040 -59.52529907
v -96.68430 9.48510 -57.33950043
v -96.68430 19.43710 -277.33950806
v -96.68290 6.16780 -62.33950043
v -96.67680 11.70390 -52.36949921
v -96.66860 10.56210 -267.27569580
v -96.65120 20.64470 -287.24108887
v -96.60630 10.53840 -47.36399841
v -96.54450 24.54240 -72.85659790
v -96.49880 5.00440 -57.07880020
v -96.48320 1.74470 -257.33950806
v -96.23610 8.87440 -54.92929840
v -96.19840 32.70630 -362.33950806
v -96.14880 11.49050 -411.10971069
v -96.11570 8.17350 -387.03671265
v -96.10510 9.30460 -401.98309326
v -96.10490 28.79410 -348.16470337
v -96.10280 20.17330 -429.10159302
v -96.10120 7.17200 -381.12051392
v -96.10100 7.20450 -375.09359741
v -96.10000 15.84780 -426.10079956
v -96.09840 12.61660 -418.03131104
v -96.09840 14.77580 -423.12658691
v -96.09840 29.86890 -342.09649658
v -96.09840 32.34280 -372.09649658
v -96.09840 33.12790 -430.89529419
v -96.09840 34.31650 -381.09649658
v -96.09840 35.29780 -384.09658813
v -96.09840 35.34490 -387.09649658
v -96.09840 41.76430 -420.99011230
v -96.09840 43.92340 -420.11779785
v -96.09840 46.08250 -414.99011230
v -96.09800 40.68690 -423.10940552
v -96.09670 47.17050 -408.09039307
v -96.09660 33.25860 -375.10079956
v -96.09210 11.54370 -417.13229370
v -96.09080 6.07770 -56.87210083
v -96.08120 41.76380 -399.09259033
v -96.04910 21.25570 -429.15090942
v -96.04600 6.16970 -372.35699463
v -96.03980 -23.80220 -20.96190071
v -96.02080 31.01280 -362.93170166
v -95.79010 -12.73920 -35.97700119
v -95.76440 -19.37660   3.04530001
v -95.76300 -24.80690 -14.81280041
v -95.76290 -17.16190 -32.96149826
v -95.76260 -24.90780 -17.95700073
v -95.76250 -22.97120 -12.32880020
v -95.76240 -23.80200 -23.95700073
v -95.76240 -22.69630  -2.95700002
v -95.76240 -10.52170 -38.97200012
v -95.76240 9.39860 -77.95700073
v -95.76240 11.60480   3.04299998
v -95.76240 13.81620 -32.95700073
v -95.76240 13.81620 -29.95700073
v -95.76240 16.01670 -28.21430016
v -95.76240 18.23930 -23.95700073
v -95.76240 19.88690 -11.95699978
v -95.76240 20.43980 -12.09990025
v -95.76230 -20.47960 -29.96260071
v -95.76200 11.58990 -80.96820068
v -95.76100 21.55330 -80.96150208
v -95.76090 13.89800 -62.54750061
v -95.75960 12.70650 -38.96799850
v -95.74660 17.07980  -2.89280009
v -95.74420 9.38930 -71.95700073
v -95.66600 2.70230 -54.05220032
v -95.65450 9.25500 -51.40000153
v -95.64680 21.70790 -302.33920288
v -95.64560 20.54240 -291.86569214
v -95.64550 8.36810 -67.33950043
v -95.64550 23.92330 -332.33950806
v -95.64550 24.96590 -312.26370239
v -95.64550 25.22280 -322.33950806
v -95.64400 -0.47790 -327.31811523
v -95.64380 23.91550 -317.33929443
v -95.64280 31.60720 -367.71469116
v -95.64260 23.86020 -312.23999023
v -95.64060 22.76480 -307.00540161
v -95.63900 16.12010 -277.32089233
v -95.63560 7.27300 -262.33489990
v -95.63460 13.89540 -272.28839111
v -95.63450 18.33130 -282.33950806
v -95.63440 18.33130 -292.33950806
v -95.63280 9.48720 -267.30191040
v -95.63010 0.54280 -332.36718750
v -95.62950 1.74180 -262.29638672
v -95.61870 5.06250 -262.41018677
v -95.60220 0.60520 -347.41519165
v -95.59290 -0.48120 -267.26660156
v -95.59120 10.59380 -62.32450104
v -95.58970 22.75440 -312.33950806
v -95.57400 1.63950 -50.98329926
v -95.54750 10.58820 -41.95790100
v -95.53510 28.80390 -342.09710693
v -95.49680 0.48630 -51.01850128
v -95.46780 0.63900 -272.33950806
v -95.43960 9.40810 -46.95529938
v -95.09260 21.64860 -292.33950806
v -95.02120 37.45820 -389.87429810
v -95.01930 45.00500 -417.11489868
v -95.01910 15.84910 -426.10269165
v -95.01910 36.66480 -429.09329224
v -95.01900 46.08730 -408.07409668
v -95.01890 8.31360 -399.09649658
v -95.01890 10.44670 -414.09649658
v -95.01890 19.09260 -429.10479736
v -95.01890 27.77520 -351.09649658
v -95.01890 27.77930 -348.09649658
v -95.01890 30.96880 -431.61401367
v -95.01890 47.17280 -411.09649658
v -95.01880 40.69560 -399.09649658
v -95.01870 28.82230 -354.09051514
v -95.01790 39.60420 -393.06161499
v -95.01020 28.79680 -345.09429932
v -95.01010 26.65290 -432.09350586
v -94.89630 -1.70800 -47.82180023
v -94.79850 -23.94070 -12.33339977
v -94.75060 22.75440 -72.67060089
v -94.67960 8.14020 -47.62779999
v -94.67080 -22.67250 -26.97960091
v -94.66000 -19.37810   3.04460001
v -94.65940 -13.84840   9.04310036
v -94.65910 19.33760 -20.97629929
v -94.65750 -22.69520   0.04470000
v -94.65710 6.07560   6.04339981
v -94.65670 -18.27320   6.04300022
v -94.65670 -3.88710 -45.52730179
v -94.65670 6.07580   9.04300022
v -94.65670 12.69940   1.56560004
v -94.65670 13.80520 -82.46769714
v -94.65670 14.91090  -0.94029999
v -94.65670 14.92200 -29.95700073
v -94.65670 20.44740 -80.96160126
v -94.65670 21.52150 -17.95700073
v -94.65620 -20.47900 -29.96310043
v -94.65550 21.52810 -14.95139980
v -94.65190 10.49430 -41.96170044
v -94.64890 7.17200 -50.96429825
v -94.63500 11.01050 -35.95780182
v -94.56960 10.48790 -37.81140137
v -94.55740 2.80230 -51.30080032
v -94.53980 -0.44220 -342.33950806
v -94.53980 0.53850 -292.33950806
v -94.53980 0.62800 -322.33981323
v -94.53980 1.33150 -332.33950806
v -94.53980 21.64860 -294.83950806
v -94.53980 24.01650 -327.33950806
v -94.53980 25.01230 -342.09649658
v -94.53970 24.97820 -337.33880615
v -94.53960 9.83740 -73.97920227
v -94.53890 23.86900 -67.33670044
v -94.53880 0.62860 -327.34509277
v -94.53740 -0.47190 -297.32080078
v -94.53020 11.68950 -277.32299805
v -94.52860 8.37900 -272.33840942
v -94.52100 0.63680 -277.29479980
v -94.49610 19.44560 -297.19210815
v -94.49320 1.74470 -277.33950806
v -94.48720 2.80760 -267.34649658
v -94.47270 11.69670 -282.33950806
v -94.45040 5.06210 -272.33950806
v -94.44380 1.69530 -272.16891479
v -94.40660 9.50980 -272.28338623
v -94.39570 20.55270 -302.31381226
v -94.26330 8.37930 -277.33950806
v -94.23230 1.66320  10.34249973
v -94.12190 8.38190 -43.94710159
v -94.10590 7.70750 -45.70009995
v -94.09200 22.09750 -75.34500122
v -93.99730 10.40220 -405.11151123
v -93.98700 28.88140 -432.65139771
v -93.94480 25.57640 -432.14120483
v -93.94100 9.26810 -393.09930420
v -93.94000 12.60960 -423.10400391
v -93.93990 44.96830 -404.01449585
v -93.93960 40.65980 -396.09619141
v -93.93930 8.94610 -399.09649658
v -93.93930 27.71940 -345.09649658
v -93.93930 27.75200 -354.09649658
v -93.93930 31.11060 -369.09649658
v -93.93930 33.12790 -432.08840942
v -93.93930 37.44610 -386.95291138
v -93.93930 39.50710 -390.09649658
v -93.93930 40.70990 -399.09649658
v -93.93930 42.84380 -418.61151123
v -93.93930 45.00290 -414.99011230
v -93.93930 46.06320 -405.09649658
v -93.93860 36.36700 -387.03820801
v -93.93830 32.10000 -372.09118652
v -93.93750 46.09000 -414.10461426
v -93.92420 39.61580 -424.63070679
v -93.90530 33.13790 -377.87438965
v -93.84730 28.92930 -357.19909668
v -93.59720 19.59330  -5.82439995
v -93.55200 -23.79960 -26.96179962
v -93.55190 -23.80100   0.04280000
v -93.55120 14.92050   0.04470000
v -93.55090 -24.90780 -23.95700073
v -93.55090 -11.62750 -36.85070038
v -93.55090 6.07590   6.04300022
v -93.55090 8.27630 -42.73749924
v -93.55090 20.42660  -8.95699978
v -93.55010 -21.58920 -29.95929909
v -93.54950 -20.47670   3.05430007
v -93.54900 20.43590 -20.93589973
v -93.54870 -2.77820 -45.01879883
v -93.54320 10.48560 -77.97380066
v -93.54250 11.59050 -80.96019745
v -93.54130 19.33470 -80.95899963
v -93.53980 20.43980 -80.95700073
v -93.53590 20.45240 -77.60590363
v -93.53280 -8.34330 -41.92100143
v -93.53230 10.48130 -72.34079742
v -93.53110 11.59560 -77.34750366
v -93.53020 -0.55750 -46.82580185
v -93.49680 -3.89580 -45.30879974
v -93.43870 23.87340 -327.34719849
v -93.43400 -0.47790 -317.33950806
v -93.43400 0.61690 -347.33950806
v -93.43400 9.47230 -37.44290161
v -93.43400 10.12830 -35.44990158
v -93.43400 26.21720 -337.33950806
v -93.42800 18.33420 -297.32290649
v -93.42740 0.56560 -292.30950928
v -93.42680 11.69210 -67.33519745
v -93.42660 22.75970 -72.34700012
v -93.42600 16.12270 -292.34030151
v -93.42510 11.69460 -72.01629639
v -93.42370 10.59050 -282.33599854
v -93.42370 10.59130 -67.33249664
v -93.42300 22.75460 -67.33969879
v -93.42290 13.90820 -287.33959961
v -93.42290 16.11970 -287.33959961
v -93.42050 2.86160 -277.27279663
v -93.41170 20.54300 -67.33999634
v -93.38020 25.13350 -342.09649658
v -93.37820 1.74470 -282.33950806
v -93.33350 8.37930 -47.33950043
v -93.30000 18.33130 -307.33950806
v -93.29360 10.57400 -287.55441284
v -93.27440 19.46050 -307.31289673
v -93.21280 21.64860 -72.33950043
v -92.99110 30.98480 -432.23529053
v -92.88310 8.21350 -390.22000122
v -92.88100 28.13740 -348.09429932
v -92.87600 23.41410 -432.10729980
v -92.87460 10.42390 -408.15100098
v -92.87300 22.36490 -432.08120728
v -92.87040 37.53080 -429.23818970
v -92.86190 40.69150 -423.10488892
v -92.86150 37.45640 -389.99539185
v -92.86130 7.20590 -384.08789062
v -92.86110 12.60280 -423.10418701
v -92.86080 38.53760 -393.09329224
v -92.86080 44.99350 -405.10119629
v -92.85990 43.93030 -417.10369873
v -92.85980 16.93440 -429.10861206
v -92.85980 28.01980 -357.09649658
v -92.85980 36.36660 -430.70968628
v -92.85980 36.36660 -386.60510254
v -92.85980 41.75260 -396.09649658
v -92.85980 46.09330 -411.09649658
v -92.85960 30.97960 -366.09680176
v -92.85790 43.91240 -402.09741211
v -92.85780 10.44750 -417.10220337
v -92.84650 29.90730 -362.79260254
v -92.44980 -1.67030  12.04399967
v -92.44680 20.42710 -11.95149994
v -92.44520 -21.58400   3.04999995
v -92.44510 -6.09870 -42.47510147
v -92.44510 7.18160   6.04300022
v -92.44510 13.80520   1.31459999
v -92.44510 13.81580 -32.95759964
v -92.44510 18.25020  -2.95639992
v -92.44350 -6.09310  12.04940033
v -92.44330 -10.53150 -38.95809937
v -92.44130 -11.63730 -35.95989990
v -92.43410 13.80520 -80.95700073
v -92.43280 18.23150 -80.94770050
v -92.43160 12.80220 -77.45739746
v -92.42880 6.06530 -44.97259903
v -92.42180 3.85780 -44.95460129
v -92.41700 19.31930 -77.50810242
v -92.40820 10.47870   3.82430005
v -92.37950 -0.57130 -44.95869827
v -92.34830 3.96330 -282.32919312
v -92.33930 20.54280 -72.33950043
v -92.32950 19.45420 -312.31838989
v -92.32940 25.13830 -337.33221436
v -92.32830 26.05860 -342.09649658
v -92.32820 0.62790 -327.33950806
v -92.32790 3.58790 -372.34039307
v -92.32690 9.40150 -37.52780151
v -92.32190 1.73500 -332.33981323
v -92.32160 2.84860 -287.29348755
v -92.31720 12.80240 -72.33969879
v -92.31650 13.90800 -297.33911133
v -92.27240 1.74570 -292.34020996
v -92.23230 5.03180 -287.42840576
v -92.22770 12.80240 -297.33950806
v -91.98310 -18.28160   6.03700018
v -91.79870 15.77580 -429.16140747
v -91.78430 41.74490 -399.09460449
v -91.78320 8.24450 -381.05718994
v -91.78180 43.91600 -402.11010742
v -91.78070 28.05250 -351.05050659
v -91.78030 7.20800 -378.09671021
v -91.78020 9.15980 -402.09649658
v -91.78020 12.61660 -424.61151123
v -91.78020 28.93160 -363.09649658
v -91.78020 37.44610 -388.41711426
v -91.78020 38.84950 -426.09649658
v -91.78020 39.60520 -389.86300659
v -91.78020 40.14500 -393.09649658
v -91.77990 40.73950 -420.09570312
v -91.77980 39.60460 -423.13699341
v -91.77910 42.84550 -417.11090088
v -91.77840 36.56580 -387.09899902
v -91.76910 9.35270 -408.08401489
v -91.70630 34.35300 -381.07659912
v -91.70290 29.77250 -433.51361084
v -91.34790 17.14460 -26.95350075
v -91.34260 14.93570   0.06850000
v -91.34250 -9.42150 -38.96730042
v -91.34000 12.71050   3.04290009
v -91.33940 9.39320 -35.95700073
v -91.33940 13.80520 -31.47200012
v -91.33860 6.05710 -41.98450089
v -91.33850 12.70410 -32.96310043
v -91.33780 7.17080 -41.97589874
v -91.33740 -6.09800 -41.96780014
v -91.33510 -11.63600 -35.95869827
v -91.22250 0.62790 -352.33950806
v -91.22250 2.86470 -372.33950806
v -91.22220 0.62790 -342.34078979
v -91.22210 25.11250 -345.26708984
v -91.21140 16.11970 -302.33959961
v -91.20640 1.74480 -302.39810181
v -91.20150 6.16890 -287.33538818
v -91.17330 16.12510 -307.32089233
v -91.16570 7.27110 -292.28628540
v -91.16130 3.95500 -292.32589722
v -91.15090 2.86240 -297.29330444
v -91.15060 9.49120 -292.31170654
v -91.12300 11.72360 -297.24130249
v -90.92000 9.49150 -297.70480347
v -90.74910 8.21500 -387.32449341
v -90.71740 9.33660 -408.01708984
v -90.70740 38.53000 -432.09860229
v -90.70510 40.69930 -399.08880615
v -90.70160 26.99770 -351.09790039
v -90.70150 37.45550 -387.09368896
v -90.70120 27.75090 -360.08410645
v -90.70070 8.28760 -405.09649658
v -90.70070 9.22370 -390.09649658
v -90.70070 9.36710 -420.09649658
v -90.70070 26.72080 -354.09649658
v -90.70070 27.64810 -357.09649658
v -90.70070 35.28700 -433.62561035
v -90.70070 40.68480 -390.08639526
v -90.70060 36.37680 -384.09548950
v -90.70040 40.69560 -420.09478760
v -90.70040 44.99240 -405.11779785
v -90.70030 30.98320 -372.09118652
v -90.69800 24.82930 -342.09631348
v -90.69700 40.69160 -396.08660889
v -90.67020 27.78820 -434.49868774
v -90.66380 32.06440 -374.66299438
v -90.61680 6.22240 -372.35739136
v -90.57770 19.48860 -432.70349121
v -90.27400 -1.67680  12.04249954
v -90.23410 -24.90710 -14.94869995
v -90.23360 -24.90780 -23.95700073
v -90.23360 -6.09870 -40.47969818
v -90.23270 16.07230 -29.90780067
v -90.23190 1.65060 -41.99169922
v -90.23130 -3.88780 -41.96599960
v -90.23040 -10.53050 -35.95830154
v -90.22670 4.95850 -41.96450043
v -90.22590 8.28110 -38.96260071
v -90.22350 7.17140 -37.63359833
v -90.22340 8.00240 -35.95759964
v -90.19880 16.00020   0.07510000
v -90.16530 22.75100 -337.16940308
v -90.13760 5.06720 -297.33139038
v -90.13040 19.45870 -322.12200928
v -90.12360 1.72740 -357.34130859
v -90.11720 1.73110 -362.31930542
v -90.11670 25.10520 -348.31750488
v -90.11400 21.65690 -332.24261475
v -90.11370 17.22630 -312.31039429
v -90.11100 3.95520 -302.29019165
v -90.11090 2.84380 -332.27999878
v -90.10990 1.72600 -337.37799072
v -90.10640 2.84900 -317.33801270
v -90.09780 12.80580 -302.32940674
v -90.08260 13.90790 -307.33981323
v -90.04970 2.85050 -307.33950806
v -90.00300 15.01330 -307.39599609
v -89.89050 24.55980 -344.83981323
v -89.72110 23.93140 -342.09649658
v -89.64340 27.79110 -360.05358887
v -89.63600 43.92460 -415.66070557
v -89.63130 39.60350 -432.10250854
v -89.62210 9.36810 -423.09829712
v -89.62120 8.27510 -405.09729004
v -89.62110 7.20800 -378.09649658
v -89.62110 8.28760 -411.09649658
v -89.62110 8.28760 -384.09649658
v -89.62110 9.36700 -402.09649658
v -89.62110 12.61660 -427.10449219
v -89.62110 14.77570 -431.27288818
v -89.62110 18.01430 -433.19268799
v -89.62110 27.78490 -354.09649658
v -89.62110 45.00290 -406.59649658
v -89.62100 8.28760 -417.09658813
v -89.61810 39.61460 -393.09259033
v -89.61680 46.07310 -411.07980347
v -89.60950 28.88140 -363.02899170
v -89.60950 35.28830 -435.09600830
v -89.60900 13.66190 -429.30950928
v -89.60730 26.65060 -354.09609985
v -89.58900 37.89840 -387.09161377
v -89.57980 30.01590 -369.05969238
v -89.57000 -7.07540  11.62049961
v -89.44650 7.27240 -35.58670044
v -89.12880 -26.01280 -17.95899963
v -89.12860 -17.16030 -32.96120071
v -89.12780 -26.01360 -20.95700073
v -89.12780 19.35640 -11.95699978
v -89.12780 20.41630  -8.95699978
v -89.11820 -7.20640 -38.95830154
v -89.11750 6.05760 -37.45370102
v -89.11680 4.95900 -37.36859894
v -89.08140 40.68480 -399.09649658
v -89.01140 2.84050 -322.33520508
v -89.01090 2.83940 -332.33950806
v -89.01010 2.84010 -367.34130859
v -89.00960 25.01050 -347.33981323
v -89.00920 3.94680 -372.34399414
v -89.00770 20.54820 -327.32128906
v -89.00050 5.06180 -307.33709717
v -88.99700 25.04220 -351.02578735
v -88.97500 9.48420 -307.34240723
v -88.89850 5.06210 -312.33950806
v -88.86910 11.79470 -307.24050903
v -88.82970 3.94690 -312.36691284
v -88.63390 20.96750 -435.12240601
v -88.55430 31.99820 -375.07571411
v -88.54850 16.93010 -435.09671021
v -88.54810 7.21720 -408.11709595
v -88.54450 45.00620 -417.10949707
v -88.54300 8.29730 -402.06838989
v -88.54160 26.65070 -355.80758667
v -88.54160 28.77120 -357.09649658
v -88.54140 39.62690 -393.09548950
v -88.54100 27.74290 -363.09649658
v -88.54050 42.85140 -402.09310913
v -88.53720 8.29210 -381.07391357
v -88.53540 39.63330 -396.10839844
v -88.52670 8.27430 -372.37149048
v -88.49070 37.54180 -435.11529541
v -88.27170 7.21880 -402.09649658
v -88.20310 6.16810 -35.55490112
v -88.02210 -16.05100 -32.96260071
v -88.02200 -17.15640 -32.36309814
v -88.02200 -10.52170 -35.30179977
v -88.02200 12.70770 -32.95909882
v -88.02200 21.52900 -14.95699978
v -88.02150 19.34470  -5.95580006
v -88.01300 -8.31560 -35.95780182
v -88.01180 -7.20820 -35.96030045
v -88.01100 3.85320 -35.95700073
v -88.01090 2.74750 -35.95700073
v -88.00190 1.63620 -38.94729996
v -87.93130 3.99640 -317.22119141
v -87.91160 3.93040 -332.34439087
v -87.90680 1.73420 -342.33020020
v -87.90540 2.83940 -367.33981323
v -87.90500 1.73370 -352.33981323
v -87.90470 2.83940 -357.33911133
v -87.89910 19.64080 -332.32830811
v -87.88820 7.29760 -307.31588745
v -87.72640 7.27360 -312.33950806
v -87.56210 47.16980 -411.11480713
v -87.51700 33.02510 -377.88400269
v -87.47280 47.16200 -414.09649658
v -87.47270 8.29930 -417.12469482
v -87.46880 42.84680 -429.09979248
v -87.46850 41.76900 -432.13101196
v -87.46590 43.93120 -420.10128784
v -87.46550 6.13360 -408.10650635
v -87.46360 37.54380 -387.09851074
v -87.46210 8.28750 -384.09640503
v -87.46200 8.28760 -411.09649658
v -87.46200 9.40300 -426.09649658
v -87.46200 12.61660 -431.21539307
v -87.46200 30.99210 -375.09649658
v -87.46190 9.36710 -387.09658813
v -87.46180 41.92230 -402.13290405
v -87.46150 46.10170 -408.08850098
v -87.46070 8.28850 -372.36828613
v -87.46050 9.35830 -399.10018921
v -87.44170 29.91670 -369.14291382
v -87.29310 24.50700 -354.52380371
v -87.10220 18.31250 -24.00390053
v -86.93320 20.42900 -20.96279907
v -86.91630 19.40100 -11.95699978
v -86.91630 21.52430 -17.95700073
v -86.91360 6.08040   9.02869987
v -86.90710 -6.09960 -35.95790100
v -86.90410 1.63560 -35.96129990
v -86.86720 20.64910 -14.71310043
v -86.85570 13.84950 -31.67320061
v -86.81070 22.86510 -346.82339478
v -86.79940 3.94520 -372.33950806
v -86.79770 2.83020 -352.33770752
v -86.79720 21.65310 -342.13439941
v -86.79370 6.14040 -316.18051147
v -86.79290 2.84590 -337.32168579
v -86.79220 3.84760 -327.32168579
v -86.79040 18.33310 -327.33331299
v -86.78780 3.90940 -357.61709595
v -86.78470 5.04710 -322.17449951
v -86.77970 13.86810 -322.23779297
v -86.77710 11.69660 -317.33758545
v -86.77700 3.95630 -337.33950806
v -86.70810 9.50040 -317.30639648
v -86.64300 17.22550 -332.33950806
v -86.62250 11.69670 -322.33950806
v -86.60050 40.68060 -435.24710083
v -86.39330 42.84380 -435.09640503
v -86.39270 43.92430 -432.09490967
v -86.39190 48.21140 -411.00619507
v -86.38970 5.05500 -405.09829712
v -86.38550 41.76450 -400.60018921
v -86.38470 10.43420 -387.09851074
v -86.38390 7.20910 -411.09878540
v -86.38250 6.13930 -408.12649536
v -86.38250 7.20800 -414.09649658
v -86.38250 12.62740 -432.09649658
v -86.38250 14.76490 -435.09649658
v -86.38250 26.65070 -361.37490845
v -86.38250 29.88930 -371.14199829
v -86.38250 36.36660 -383.51010132
v -86.38250 37.42160 -384.09649658
v -86.38250 48.21700 -414.09649658
v -86.38220 27.74010 -363.09039307
v -86.38210 43.93440 -420.09548950
v -86.38040 30.97780 -372.09109497
v -86.37480 43.94850 -426.06549072
v -86.37070 10.47200 -429.02569580
v -86.36210 27.72290 -366.05520630
v -86.03990 8.37930 -317.33950806
v -85.82080 10.64460 -33.43780136
v -85.81050 19.34520  -5.95720005
v -85.81050 20.43980 -12.70699978
v -85.81010 12.70530   3.04640007
v -85.80990 7.17560   6.05490017
v -85.80860 19.32810 -23.94079971
v -85.80600 20.54240 -17.99150085
v -85.80120 -13.84810   9.03979969
v -85.69360 2.86510 -347.33950806
v -85.68990 19.43810 -337.31539917
v -85.68820 3.95260 -342.32501221
v -85.68820 21.65340 -342.32449341
v -85.65510 6.15500 -317.31610107
v -85.64930 16.11080 -332.31030273
v -85.64730 10.59790 -322.30981445
v -85.63590 23.90260 -357.31741333
v -85.60150 7.27360 -327.33950806
v -85.57110 22.75550 -352.33389282
v -85.44540 6.16780 -332.33950806
v -85.31700 10.43990 -426.09069824
v -85.31370 43.92340 -435.09649658
v -85.30630 45.00090 -435.10220337
v -85.30590 37.45250 -387.06021118
v -85.30400 9.36780 -372.36920166
v -85.30390 9.36770 -390.09439087
v -85.30370 -16.05240 -32.73210144
v -85.30310 5.05570 -408.11138916
v -85.30290 4.00370 -405.09649658
v -85.30290 9.36710 -384.09649658
v -85.30290 28.03550 -363.09649658
v -85.30290 40.68480 -436.54669189
v -85.30290 43.92340 -403.57391357
v -85.30290 47.67480 -414.09649658
v -85.30070 47.14980 -417.08459473
v -85.30040 46.08130 -406.58731079
v -85.29920 47.15630 -408.10610962
v -85.29730 34.26220 -381.09188843
v -85.27840 46.08250 -432.09649658
v -85.27050 25.59370 -359.98831177
v -85.26920 48.24160 -417.09649658
v -85.25800 6.16780 -327.33950806
v -85.04540 23.28740 -357.31930542
v -84.75260 16.03060 -29.93639946
v -84.71070 33.13030 -438.06820679
v -84.70650 18.21510 -26.96050072
v -84.70480 10.31580   3.88989997
v -84.70470 -23.80310   0.04300000
v -84.70470 -16.05060   7.41029978
v -84.70470 19.55520  -8.95699978
v -84.70460 10.48910 -32.96200180
v -84.70400 -21.59010 -29.95709991
v -84.70170 4.96780   9.04370022
v -84.60840 -24.80590 -14.67010021
v -84.59730 3.92650 -352.18618774
v -84.58780 6.16780 -335.13360596
v -84.58780 8.37930 -331.01599121
v -84.58780 9.48510 -325.52789307
v -84.58750 21.81400 -354.50268555
v -84.58640 23.86020 -357.29748535
v -84.57670 -17.53850 -31.98349953
v -84.57470 -7.24680 -34.95479965
v -84.55640 20.54880 -347.27261353
v -84.52510 10.59990 -327.30169678
v -84.49320 17.26520 -337.08810425
v -84.40150 48.24160 -408.09649658
v -84.27160 48.26350 -432.10079956
v -84.26860 24.54310 -360.07611084
v -84.26210 46.07590 -420.09570312
v -84.24560 47.16220 -432.09490967
v -84.23420 47.16200 -423.09649658
v -84.23420 48.24160 -429.09649658
v -84.23400 39.60620 -438.09640503
v -84.23100 46.08500 -429.09078979
v -84.22550 35.27870 -381.11401367
v -84.22540 9.36830 -423.10220337
v -84.22360 10.46780 -429.09600830
v -84.22340 10.44670 -390.09649658
v -84.22340 13.69610 -433.04818726
v -84.22340 30.97960 -375.09649658
v -84.22340 38.51490 -387.09649658
v -84.22340 39.91050 -396.09649658
v -84.22340 48.57960 -417.09649658
v -84.22100 10.44900 -387.09561157
v -84.22020 9.49030 -332.34078979
v -84.21820 6.13360 -411.11489868
v -84.20680 23.41950 -438.10299683
v -84.19170 22.58280 -357.33950806
v -84.18910 4.99590 -405.09948730
v -83.71740 16.07620  -0.02040000
v -83.62870 7.10080   6.11719990
v -83.61800 -23.79900 -26.96940041
v -83.60750 20.40600 -21.01309967
v -83.60180 -24.76110 -17.55200005
v -83.60070 -22.69690  -2.95889997
v -83.60040 9.51640 -33.34790039
v -83.59970 -23.80270 -12.33220005
v -83.59900 -21.59060   3.04299998
v -83.59860 -26.01290 -20.95870018
v -83.59680 -22.69150   0.06020000
v -83.59590 -18.29180   6.02089977
v -83.59190 -11.62820   9.04489994
v -83.54720 -17.04980 -32.34479904
v -83.48850 18.33070 -345.32730103
v -83.48260 21.64900 -352.23748779
v -83.48230 23.88020 -357.32839966
v -83.48210 16.11970 -339.57348633
v -83.48210 22.75440 -355.51831055
v -83.48200 3.94580 -367.34188843
v -83.48200 5.05140 -372.34020996
v -83.47300 6.18270 -337.35360718
v -83.47100 11.69650 -332.33889771
v -83.46340 3.93690 -352.44320679
v -83.44040 13.91890 -337.20950317
v -83.42660 8.38100 -337.35250854
v -83.40580 24.06050 -362.33929443
v -83.35700 15.03590 -337.24011230
v -83.32780 7.27800 -332.36169434
v -83.22150 9.48740 -327.33959961
v -83.18410 47.16040 -405.09140015
v -83.15520 47.16200 -420.09649658
v -83.15480 48.24160 -426.09671021
v -83.15470 51.48020 -429.09649658
v -83.15470 51.48020 -426.09649658
v -83.15470 55.79840 -423.09658813
v -83.15440 60.11700 -414.09658813
v -83.15430 48.24220 -420.09680176
v -83.15430 48.24320 -405.09640503
v -83.15400 54.71980 -426.09780884
v -83.15300 47.16250 -435.09851074
v -83.15300 52.55830 -423.09030151
v -83.15260 59.03940 -423.10009766
v -83.15220 50.40280 -423.08990479
v -83.14580 56.88040 -412.59829712
v -83.14490 39.61550 -393.09478760
v -83.14470 33.12980 -378.08538818
v -83.14390 9.36710 -420.09649658
v -83.14390 29.90010 -375.09649658
v -83.14390 29.90010 -372.09658813
v -83.14390 37.44610 -386.14480591
v -83.14390 43.92340 -402.96121216
v -83.13820 10.45350 -426.11968994
v -83.13490 19.09690 -438.09619141
v -83.13310 56.87790 -408.09649658
v -83.12910 10.38400 -387.10690308
v -83.12820 6.10710 -408.14331055
v -83.12490 53.63930 -405.09649658
v -83.12180 26.65480 -365.95788574
v -83.11170 11.50820 -384.15301514
v -83.10570 27.80210 -365.94479370
v -83.10400 -12.87120 -33.43280029
v -83.09710 22.34050 -438.12710571
v -82.96390 49.32110 -411.09649658
v -82.81610 10.45750 -393.09649658
v -82.63880 -24.53540 -22.33799934
v -82.56330 54.71830 -405.09561157
v -82.50120 18.20990 -26.95439911
v -82.50070 -24.90930 -20.95229912
v -82.49320 4.95900   7.30019999
v -82.49320 9.38210   3.93149996
v -82.49320 18.23550  -2.95029998
v -82.49320 19.31190 -23.95700073
v -82.49100 1.63130   9.05200005
v -82.48840 -9.41670   9.04559994
v -82.48320 2.74960   9.04310036
v -82.48280 20.39930 -11.85770035
v -82.37560 23.89360 -362.33691406
v -82.37330 5.05520 -367.34570312
v -82.36650 -22.55790 -27.33340073
v -82.36400 6.15200 -337.32980347
v -82.30750 15.03120 -342.20239258
v -82.29560 50.37530 -432.21520996
v -82.26570 6.16780 -352.33950806
v -82.23870 5.06070 -352.34320068
v -82.21670 52.55930 -405.09649658
v -82.17770 49.39220 -405.08190918
v -82.15150 54.71880 -408.09649658
v -82.11340 55.79840 -411.09649658
v -82.09440 41.79140 -438.15310669
v -82.08360 50.40440 -408.09600830
v -82.07390 53.63780 -420.09381104
v -82.07180 42.84430 -438.09838867
v -82.06920 40.66470 -399.09530640
v -82.06890 50.39820 -414.13839722
v -82.06730 35.27610 -381.10238647
v -82.06680 57.95650 -426.11489868
v -82.06660 60.11750 -411.07809448
v -82.06630 53.10350 -414.09118652
v -82.06450 11.52610 -423.09600830
v -82.06430 5.04900 -405.09649658
v -82.06430 8.29840 -414.99011230
v -82.06430 11.41440 -393.09649658
v -82.06430 29.90010 -375.09649658
v -82.06430 38.53650 -393.09649658
v -82.06430 39.61600 -396.09649658
v -82.06430 45.00290 -402.96121216
v -82.06430 46.08250 -436.27011108
v -82.06420 11.51530 -426.09680176
v -82.06420 51.47980 -423.06649780
v -82.06410 9.36720 -399.09631348
v -82.06360 13.68930 -432.10598755
v -82.06330 7.21120 -414.10488892
v -82.06330 18.02530 -438.09671021
v -82.06010 11.49520 -384.09420776
v -82.05970 9.37170 -396.08819580
v -82.05870 56.87200 -405.10650635
v -82.05730 38.53060 -390.06579590
v -82.05350 50.40070 -417.09649658
v -82.05340 12.61660 -384.09649658
v -82.05240 53.64310 -429.15280151
v -82.04800 52.57210 -432.10488892
v -81.99990 9.48510 -342.33950806
v -81.65560 -2.64940 -34.16770172
v -81.59870 -6.03510   9.12339973
v -81.40420 -20.27610   2.16429996
v -81.39590 -7.22730   9.04240036
v -81.39340 19.39180  -9.01850033
v -81.39190 20.42670 -17.95459938
v -81.39110 -22.70620   0.06440000
v -81.38740 -24.90780 -20.95700073
v -81.38740 -14.94480   6.67159986
v -81.38740 17.12250  -2.92700005
v -81.38740 20.42520 -14.95699978
v -81.38720 16.02780   0.04280000
v -81.38720 19.32840 -20.93379974
v -81.38700 -22.69610  -2.95749998
v -81.38600 -21.59020  -5.95639992
v -81.37800 0.53810   9.04329967
v -81.32320 7.16730 -33.32130051
v -81.32210 -0.56710   9.02130032
v -81.29550 19.46970 -351.84329224
v -81.27050 5.30390 -357.33950806
v -81.27050 6.16780 -355.55380249
v -81.27050 7.16300 -352.33950806
v -81.27050 8.37940 -341.82339478
v -81.27050 10.59090 -341.11898804
v -81.27050 22.75440 -359.64520264
v -81.27020 -24.80490 -12.34000015
v -81.26950 7.26640 -342.19281006
v -81.26410 6.07960 -372.33990479
v -81.24860 -24.75930 -17.55380058
v -81.11850 17.28370 -347.25241089
v -81.05350 59.03230 -408.02389526
v -81.03930 50.40070 -411.09649658
v -81.00660 50.40070 -420.09649658
v -81.00290 27.75110 -371.94570923
v -81.00190 39.68330 -399.09451294
v -80.99560 52.55980 -420.09649658
v -80.99470 54.71760 -429.10049438
v -80.98990 56.87730 -429.10848999
v -80.98590 61.20260 -423.10449219
v -80.98480 7.20800 -411.09649658
v -80.98480 10.68970 -387.09649658
v -80.98480 11.51520 -396.09649658
v -80.98480 11.52620 -393.09649658
v -80.98480 14.76600 -435.09948730
v -80.98480 46.08250 -403.18740845
v -80.98470 11.52620 -426.09649658
v -80.98400 7.21220 -402.08999634
v -80.98360 12.61390 -429.11331177
v -80.98310 6.13180 -405.08178711
v -80.98230 32.05010 -378.08691406
v -80.97950 26.65230 -369.08569336
v -80.97460 13.70210 -375.09271240
v -80.97420 13.69630 -372.38119507
v -80.97130 13.69040 -384.10501099
v -80.97120 10.44560 -399.02789307
v -80.95110 34.36080 -381.13848877
v -80.82080 -11.48040   7.57749987
v -80.81320 15.84850 -372.38940430
v -80.40110 55.03980 -404.47940063
v -80.39250 9.38630   3.05690002
v -80.35270 50.50410 -435.06100464
v -80.29120 -19.39370   3.02719998
v -80.28480 19.32050 -20.96360016
v -80.28280 19.34450  -8.95470047
v -80.28220 -14.94910   6.04839993
v -80.28200 -23.80200 -23.95709991
v -80.28170 -21.57950  -8.06340027
v -80.28170 -18.26210   3.93149996
v -80.28160 -20.48550  -5.95870018
v -80.28140 -23.80170 -12.33940029
v -80.28090 14.92050   0.04420000
v -80.27990 -21.59250 -29.95019913
v -80.27820 4.95980   6.04920006
v -80.27800 17.16820 -27.00749969
v -80.25090 -22.70130   0.06020000
v -80.16480 9.48510 -344.73849487
v -80.16480 23.86010 -361.84930420
v -80.16450 6.15690 -367.34460449
v -80.16390 -17.06110 -32.34180069
v -80.16110 8.37850 -342.31979370
v -80.16030 18.33400 -352.28030396
v -80.15750 7.26350 -342.10269165
v -80.15460 20.54970 -357.04611206
v -80.14680 -18.49760 -30.75259972
v -80.08170 44.96940 -438.13150024
v -80.06610 15.06490 -346.89550781
v -80.06560 11.67550 -347.21258545
v -79.94110 38.57470 -390.16290283
v -79.92840 62.30780 -420.15051270
v -79.90660 62.28530 -411.09469604
v -79.90610 30.97560 -378.08990479
v -79.90560 15.85040 -435.10629272
v -79.90560 57.96820 -405.09649658
v -79.90540 14.76610 -432.09869385
v -79.90530 8.29650 -402.08279419
v -79.90520 6.12850 -408.09649658
v -79.90520 6.12850 -405.09649658
v -79.90520 12.60020 -390.09649658
v -79.90520 15.85520 -376.39651489
v -79.90520 36.35580 -384.09649658
v -79.90520 38.53650 -393.09649658
v -79.90520 40.68480 -399.69229126
v -79.90520 42.84380 -401.08468628
v -79.90500 39.61600 -396.09710693
v -79.90460 10.45060 -420.10598755
v -79.89810 13.67740 -429.09820557
v -79.89550 16.87880 -372.38088989
v -79.89440 14.77570 -378.09649658
v -79.89360 18.01500 -372.37710571
v -79.88700 60.17820 -426.05758667
v -79.88450 54.71880 -432.09649658
v -79.88340 18.01430 -375.09649658
v -79.88030 15.86530 -381.08511353
v -79.78870 26.08270 -372.33950806
v -79.58320 -23.69480 -22.35250092
v -79.32730 12.61660 -387.09649658
v -79.27220 22.33250 -372.35971069
v -79.22480 -21.49470 -27.34970093
v -79.18650 19.31910 -17.95969963
v -79.17590 -22.69630 -12.33559990
v -79.17590 -11.62750   6.67159986
v -79.17590 6.06480 -32.55619812
v -79.17590 16.02780 -29.95700073
v -79.17590 16.02910 -26.95700073
v -79.17590 18.23930  -5.95699978
v -79.17550 9.38410   3.04889989
v -79.17520 -20.48390 -29.95770073
v -79.17490 3.85670   6.04820013
v -79.17490 17.13050  -2.95350003
v -79.17400 -20.48370  -5.95550013
v -79.06470 7.19060 -352.19711304
v -79.06420 22.74460 -363.46078491
v -79.05960 23.88150 -367.30911255
v -79.05900 -24.80480 -17.33950043
v -79.05900 6.15670 -367.33959961
v -79.05900 17.22550 -355.30828857
v -79.05860 -23.69470 -22.35250092
v -79.05470 7.13980 -372.33920288
v -79.04410 18.33400 -357.29980469
v -79.03300 8.37930 -352.33950806
v -78.96910 6.12050 -357.13861084
v -78.89710 2.62980 -33.25600052
v -78.84130 19.09910 -375.10079956
v -78.83760 20.17480 -372.36468506
v -78.83160 12.55890 -389.95361328
v -78.83090 63.36070 -423.10461426
v -78.83070 14.77920 -387.10549927
v -78.82850 46.07990 -402.09100342
v -78.82580 57.96810 -405.09640503
v -78.82570 7.27020 -402.09649658
v -78.82570 8.29840 -401.82250977
v -78.82570 9.37480 -417.11450195
v -78.82570 11.52620 -423.09640503
v -78.82570 11.52620 -420.09649658
v -78.82570 18.00350 -438.09649658
v -78.82570 30.96880 -379.58151245
v -78.82570 33.12790 -382.32888794
v -78.82570 35.89880 -384.09649658
v -78.82570 37.45690 -393.09649658
v -78.82570 37.45700 -390.09649658
v -78.82570 39.73580 -399.09640503
v -78.82570 53.63930 -433.59649658
v -78.82570 56.87800 -430.83920288
v -78.82570 59.02630 -429.09640503
v -78.82570 61.20690 -408.09649658
v -78.82570 63.36600 -414.09649658
v -78.82560 15.84700 -435.10211182
v -78.82510 13.68960 -429.10540771
v -78.82390 10.44980 -399.09219360
v -78.81310 22.33280 -375.09548950
v -78.80690 15.83750 -384.04141235
v -78.80660 26.65230 -375.09259033
v -78.78250 8.37930 -347.33950806
v -78.74690 16.91410 -377.97448730
v -78.21540 -21.43850 -27.36470032
v -78.07160 -19.37780 -29.95840073
v -78.07160 -17.15860   3.05290008
v -78.07010 -22.69640 -23.95680046
v -78.07010 -22.69640 -22.38430023
v -78.07010 18.36650 -17.95700073
v -78.07000 14.92080   0.04430000
v -78.07000 16.02650 -26.95910072
v -78.06550 18.39200  -8.96370029
v -78.06390 19.43230 -15.07559967
v -78.05940 -12.73440   6.04290009
v -77.97570 20.16920 -378.09689331
v -77.95340 -23.69920 -17.34029961
v -77.95320 7.27360 -352.07638550
v -77.95320 10.59090 -350.79129028
v -77.95320 19.43710 -359.83950806
v -77.94890 -15.95300 -32.34189987
v -77.94510 9.48160 -352.28421021
v -77.89920 17.28030 -357.21069336
v -77.77500 47.25580 -438.11401367
v -77.75690 19.09380 -378.09649658
v -77.75290 59.05120 -405.10641479
v -77.74990 62.28310 -426.09851074
v -77.74730 52.54980 -435.10751343
v -77.74670 40.69500 -399.09609985
v -77.74660 54.81020 -432.18499756
v -77.74610 10.45750 -401.14480591
v -77.74610 45.00290 -438.77960205
v -77.74610 57.95750 -430.35058594
v -77.74380 29.89310 -441.09710693
v -77.74360 64.44840 -420.08950806
v -77.74350 12.53070 -393.09060669
v -77.74020 16.93260 -435.11660767
v -77.73330 18.00970 -381.07458496
v -77.71740 10.43590 -417.07559204
v -76.98710 -10.53840   6.04559994
v -76.96830 18.21510 -12.00020027
v -76.96460 -20.28960 -27.48640060
v -76.96440 10.48780   1.48010004
v -76.96440 14.92200 -29.95700073
v -76.96440 14.92210 -26.95700073
v -76.96420 -19.37840   0.04480000
v -76.96410 -20.47390  -8.93739986
v -76.96340 16.02100  -2.94370008
v -76.96220 8.27790   3.04870009
v -76.95980 1.64200   6.04759979
v -76.95830 -8.31000   6.04670000
v -76.95360 -17.15600  -5.95779991
v -76.95330 -18.26210  -5.95699978
v -76.94390 17.13440 -23.98019981
v -76.92150 0.48690   6.05009985
v -76.84830 -17.27230 -30.47319984
v -76.84740 19.43710 -362.31491089
v -76.84730 8.36830 -372.33981323
v -76.84730 24.97700 -372.33969116
v -76.84650 20.54390 -362.32101440
v -76.84220 8.37890 -357.27780151
v -76.82980 23.88110 -367.27810669
v -76.82180 -22.55370 -12.33889961
v -76.69630 43.89710 -439.35260010
v -76.68090 9.29830 -405.04440308
v -76.67570 27.72680 -378.09768677
v -76.67320 62.28990 -411.04541016
v -76.67310 37.45130 -441.09649658
v -76.66970 48.23890 -402.09228516
v -76.66920 35.29710 -387.08648682
v -76.66720 9.36660 -414.09698486
v -76.66670 53.65010 -435.09649658
v -76.66660 12.53350 -396.09649658
v -76.66660 30.96880 -382.32888794
v -76.66650 18.00400 -438.09741211
v -76.66620 17.91640 -432.09909058
v -76.66600 15.85110 -429.11099243
v -76.66580 12.61350 -423.11370850
v -76.66410 36.36730 -390.07589722
v -76.66390 20.17450 -381.07458496
v -76.66380 10.43730 -402.01071167
v -76.66280 15.85210 -387.08489990
v -76.66250 33.12790 -384.08410645
v -76.66230 37.45150 -390.08718872
v -76.66140 18.01490 -384.07308960
v -76.65810 22.33020 -378.09439087
v -76.65080 64.46550 -414.10989380
v -76.60410 25.52730 -441.10290527
v -76.34640 22.70640 -439.63970947
v -76.30010 0.10970 -32.34289932
v -76.15610 26.66170 -378.13088989
v -75.89780 13.83680 -29.98080063
v -75.85960 12.70770   0.04650000
v -75.85940 17.11250 -20.95400047
v -75.85880 -19.36790  -8.93750000
v -75.85860 -18.27250 -29.95779991
v -75.85860 -18.26210   0.93409997
v -75.85860 -12.73330   3.56579995
v -75.85860 14.92200 -26.95700073
v -75.85850 -19.37900   0.04350000
v -75.85820 -14.94440   3.05310011
v -75.85660 7.17390   3.04760003
v -75.85340 -21.58330 -11.94880009
v -75.85030 -7.20450   6.04549980
v -75.84960 -0.56940   6.04479980
v -75.84610 18.23660 -17.95770073
v -75.74210 -22.59320 -12.33990002
v -75.74170 -23.69900 -17.33950043
v -75.74170 -21.47640 -23.82889938
v -75.74160 24.13920 -372.34039307
v -75.73930 21.65380 -367.32589722
v -75.73850 -18.74390 -28.67860031
v -75.73460 15.01500 -357.32809448
v -75.73380 9.52200 -357.30261230
v -75.73050 16.11890 -362.33670044
v -75.73050 18.33180 -362.34060669
v -75.68330 11.75430 -357.41149902
v -75.68070 52.06600 -402.83139038
v -75.67870 -13.73110 -32.34329987
v -75.66650 48.38440 -438.12570190
v -75.59390 18.00220 -432.10449219
v -75.59190 64.43830 -420.13980103
v -75.58740 14.76510 -393.06500244
v -75.58730 63.42620 -411.09838867
v -75.58720 13.69540 -423.12420654
v -75.58700 9.36710 -405.09649658
v -75.58700 11.35900 -396.09649658
v -75.58700 12.61660 -395.51748657
v -75.58700 15.84440 -429.09649658
v -75.58700 47.16200 -401.50729370
v -75.58700 56.87790 -432.97259521
v -75.58700 57.94670 -432.09649658
v -75.58660 9.36710 -408.09109497
v -75.58420 10.45120 -414.10110474
v -75.58280 19.09090 -384.08441162
v -75.58110 37.41350 -393.08779907
v -75.58060 28.81120 -381.08959961
v -75.57890 10.38720 -399.06549072
v -75.57160 15.81540 -389.96820068
v -75.54140 19.05100 -387.09811401
v -75.53500 35.24610 -387.09490967
v -75.22340 16.01670 -23.95700073
v -74.93930 12.61660 -396.09649658
v -74.84270 16.24440  -8.89799976
v -74.75760 15.99280 -20.95969963
v -74.75430 13.80810  -2.93829989
v -74.75280 -16.05060   1.55359995
v -74.75280 -11.62780   3.05430007
v -74.75280 -8.31020   4.30019999
v -74.75280 9.38210   0.49129999
v -74.75280 17.12250 -12.95699978
v -74.75070 -17.15450  -8.93770027
v -74.74520 11.59520   0.04620000
v -74.74320 -14.94820  -5.95749998
v -74.74270 6.06570   3.04360008
v -74.74240 -13.83920  -5.95809984
v -74.74180 -18.26190   0.04490000
v -74.74180 -17.15640 -29.95700073
v -74.74180 -16.44400 -29.95700073
v -74.63790 25.52230 -382.51278687
v -74.63670 -22.59380 -17.33709908
v -74.62480 20.54280 -367.33950806
v -74.52660 64.48560 -423.15100098
v -74.51770 54.72590 -435.08578491
v -74.50770 13.65920 -393.09649658
v -74.50750 20.17340 -386.11019897
v -74.50750 60.11660 -429.26660156
v -74.50670 13.69310 -423.11358643
v -74.50480 35.28840 -390.07540894
v -74.50380 11.52850 -402.05899048
v -74.50280 62.31530 -426.13049316
v -74.50070 25.56590 -441.09750366
v -74.49930 26.65150 -441.09811401
v -74.49880 12.61370 -399.08389282
v -74.49680 30.96870 -384.09631348
v -74.49600 40.68410 -399.05850220
v -74.45350 49.55990 -401.80099487
v -74.35810 -17.05330 -29.05430031
v -74.11490 14.77570 -396.09649658
v -73.98590 -18.16400 -27.56789970
v -73.86650 -15.17470 -29.95759964
v -73.68520 14.91090 -23.95700073
v -73.64720 16.02730  -8.95460033
v -73.64700 -13.83910  -3.85069990
v -73.64700 6.06480   1.81060004
v -73.64620 14.91350  -5.93979979
v -73.64550 -10.52060   3.05189991
v -73.64470 -16.05100  -2.97499990
v -73.63950 9.38020   0.05000000
v -73.63600 11.59360 -29.95700073
v -73.61340 13.80500 -23.95700073
v -73.60280 3.87660   2.99390006
v -73.53500 13.90070 -367.20928955
v -73.53020 -19.26490 -23.82889938
v -73.53020 11.50690 -372.33959961
v -73.53020 17.22550 -370.67291260
v -73.52630 -22.59150 -17.34029961
v -73.51920 16.11980 -367.33880615
v -73.49850 -19.23020 -12.33290005
v -73.48630 33.86810 -389.51239014
v -73.46900 16.06980 -18.00930023
v -73.45770 41.80220 -399.13409424
v -73.45670 12.56080 -411.09991455
v -73.45200 16.11970 -372.33969116
v -73.45170 49.27270 -438.10629272
v -73.44750 28.80220 -384.07369995
v -73.44490 40.66630 -441.09780884
v -73.44090 61.27170 -429.12548828
v -73.42800 21.25280 -387.06610107
v -73.42790 39.60520 -397.30661011
v -73.42790 40.68480 -397.83920288
v -73.42780 20.15170 -432.09649658
v -73.42780 21.24230 -438.09719849
v -73.42580 12.61630 -417.11380005
v -73.42270 11.53180 -402.08770752
v -73.42090 32.05250 -387.09368896
v -73.41720 21.25290 -432.09649658
v -73.40610 -11.56150 -32.34420013
v -73.40040 19.09630 -389.90359497
v -73.31050 22.29600 -438.73129272
v -73.29680 15.78890 -392.97219849
v -73.27310 23.36290 -387.00909424
v -73.12280 18.01360 -393.09588623
v -73.10570 21.64860 -372.33950806
v -72.54150 12.72180 -20.96829987
v -72.54130 -0.56980   2.00609994
v -72.53800 -13.84100  -2.97230005
v -72.53800 -13.83860  -8.94040012
v -72.53620 14.91570 -14.96679974
v -72.53470 11.59450  -2.94959998
v -72.53410 -14.94550  -8.95170021
v -72.53360 13.80760  -5.94929981
v -72.53120 -17.15470 -12.32890034
v -72.53120 -13.84110 -29.95770073
v -72.53010 -14.94480   0.04350000
v -72.53010 9.38210 -29.95700073
v -72.52020 7.13590 -29.95999908
v -72.50590 7.17560   0.01820000
v -72.45820 -9.32500 -32.33909988
v -72.45810 13.81700 -11.90470028
v -72.44650 17.22670 -372.34240723
v -72.43550 -2.67820 -32.33950043
v -72.43540 19.43710 -372.33950806
v -72.42180 -19.26340 -22.37240028
v -72.41590 -17.05120 -27.34589958
v -72.41520 -19.26820 -12.34000015
v -72.40350 11.68660 -372.33969116
v -72.35770 25.57200 -387.09930420
v -72.35500 29.88890 -387.10220337
v -72.34920 14.77450 -399.06970215
v -72.34920 19.08160 -429.15350342
v -72.34840 12.60580 -411.09649658
v -72.34840 17.95770 -426.09219360
v -72.34840 20.17340 -432.03399658
v -72.34840 26.65070 -440.05020142
v -72.34430 21.24540 -435.09478760
v -72.34380 12.61190 -405.08700562
v -72.34250 23.41230 -438.10229492
v -72.34180 12.61330 -417.10321045
v -72.33830 19.09460 -393.09408569
v -72.33760 20.17330 -390.09658813
v -72.32030 15.83750 -423.19869995
v -72.25680 12.80240 -372.33950806
v -71.54500 -0.67490 -30.73999977
v -71.43330 10.48940 -26.97299957
v -71.43250 -12.73190  -8.93840027
v -71.43070 12.70710 -20.95870018
v -71.42640 -10.52730  -5.95830011
v -71.42600 6.06460   0.04460000
v -71.42590 6.06550 -29.95789909
v -71.42460 -12.73400   0.04290000
v -71.42440 -13.83900   0.04300000
v -71.42440 11.59360  -5.95709991
v -71.42440 12.69940  -8.95699978
v -71.42440 13.80520 -14.95699978
v -71.41640 12.70050 -11.94750023
v -71.31040 -20.37830 -17.34049988
v -71.30700 -19.26440 -17.34059906
v -71.28870 -15.91270 -12.33010006
v -71.28820 -14.94400 -12.32670021
v -71.28670 16.93750 -423.42300415
v -71.28120 37.44880 -394.88290405
v -71.27240 22.30460 -390.12619019
v -71.27080 18.01450 -426.11981201
v -71.26890 21.25290 -430.35379028
v -71.26890 23.40120 -432.09649658
v -71.26680 22.32400 -435.10180664
v -71.26470 34.21300 -390.09149170
v -71.26380 13.69090 -402.08789062
v -71.26370 13.69250 -414.10070801
v -71.26250 21.25070 -393.09201050
v -71.25980 24.49320 -438.10049438
v -71.24960 18.02350 -396.03271484
v -71.21470 24.56560 -389.62750244
v -70.32710 -11.62850  -8.93980026
v -70.32300 11.59930 -23.96339989
v -70.32180 -13.84090 -12.32950020
v -70.32160 10.48950 -23.96159935
v -70.32120 -11.63190  -2.96099997
v -70.31970 -9.41810 -29.95759964
v -70.31950 -8.31190  -5.95510006
v -70.31920 -0.57010   0.04430000
v -70.31920 3.85380 -29.95730019
v -70.31880 -11.62780   0.04280000
v -70.31870 -9.41600  -2.95709991
v -70.31870 -7.20450  -5.95699978
v -70.31860 10.48790  -8.95699978
v -70.31830 -7.20400   0.04740000
v -70.31660 11.59180 -14.96339989
v -70.26260 29.91920 -389.51730347
v -70.22890 -2.68620 -30.28089905
v -70.22410 33.12870 -391.13510132
v -70.20310 -14.84070 -27.34420013
v -70.20230 -17.05320 -12.33860016
v -70.18930 23.40100 -432.09649658
v -70.18930 25.57110 -438.11151123
v -70.18630 16.93300 -399.08160400
v -70.18490 14.77110 -405.08630371
v -70.18410 14.77000 -417.10510254
v -70.18390 40.69370 -441.09579468
v -70.18300 35.29470 -393.09439087
v -70.18120 27.72540 -441.09741211
v -70.18080 22.33150 -393.09249878
v -70.15840 20.17720 -396.02600098
v -70.05570 -8.04660 -29.95789909
v -69.77650 26.65070 -390.09649658
v -69.22140 -9.41700  -8.93990040
v -69.21630 41.84930 -399.13269043
v -69.21450 0.52800  -5.92829990
v -69.21360 -6.10070  -5.95800018
v -69.21350 -7.20630 -29.95739937
v -69.21310 1.64170 -29.95730019
v -69.21310 8.27510 -26.95739937
v -69.21300 -6.09880  -2.95670009
v -69.21290 -11.76640 -12.33409977
v -69.21290 -0.56980  -2.95700002
v -69.21290 9.36860 -11.87199974
v -69.21130 8.27260 -22.85339928
v -69.20610 7.16870 -22.83819962
v -69.20220 8.27710  -8.97480011
v -69.20160 9.38210 -20.95700073
v -69.19460 7.16370 -26.94300079
v -69.18860 18.05710 -400.94409180
v -69.11590 27.73160 -390.10980225
v -69.11230 20.17390 -426.12139893
v -69.10980 28.80980 -390.95361328
v -69.10980 30.96880 -390.97149658
v -69.10980 32.04840 -390.12380981
v -69.10700 22.33380 -429.11569214
v -69.10530 15.85060 -414.10620117
v -69.10490 15.84990 -402.08770752
v -69.10360 26.64900 -438.10409546
v -69.10280 18.00800 -420.10650635
v -69.10200 27.72890 -438.10510254
v -69.09930 29.88960 -441.09710693
v -69.09910 7.27620 -20.64369965
v -69.09830 -12.63120 -27.34329987
v -69.09800 50.56100 -402.15979004
v -69.09730 -15.94910 -22.34289932
v -69.09700 -14.84160 -12.34080029
v -69.09690 -11.52440 -27.34099960
v -69.09600 -15.94760 -17.33959961
v -68.92610 19.09680 -399.01998901
v -68.82840 -7.59170 -28.91349983
v -68.76090 36.98960 -394.89450073
v -68.39010 -0.48790 -27.72489929
v -68.34290 2.51500 -27.59720039
v -68.11500 -7.20470  -8.93949986
v -68.10830 4.94750 -22.87369919
v -68.10830 6.06500 -22.84149933
v -68.10820 3.13610 -26.96030045
v -68.10790 7.17050 -11.93120003
v -68.10740 6.06510 -26.95719910
v -68.10700 -9.55650 -12.33829975
v -68.09880 7.16790 -17.96470070
v -68.09560 6.06370  -8.96739960
v -68.08470 8.27630 -17.95700073
v -68.05330 21.25810 -396.09768677
v -68.04710 20.17630 -399.09790039
v -68.03710 17.99890 -402.09570312
v -68.03320 63.34590 -411.10861206
v -68.03020 27.73020 -392.14379883
v -68.03020 29.88930 -392.18618774
v -68.03020 62.27570 -410.18798828
v -68.03020 64.44550 -414.09649658
v -68.02760 21.25150 -426.11300659
v -68.02710 25.57280 -393.08230591
v -68.02610 23.41270 -396.08139038
v -68.02500 16.92910 -417.10440063
v -68.02480 19.08850 -423.10519409
v -68.01990 32.04880 -441.09671021
v -68.01900 30.96900 -438.09631348
v -68.01010 30.96980 -393.09500122
v -68.00890 21.25250 -399.09390259
v -67.99340 28.80260 -393.06451416
v -67.99210 6.06500 -20.65159988
v -67.99090 -12.63040 -12.33850002
v -67.99020 -14.84180 -17.33950043
v -67.99020 -13.73600 -22.33950043
v -67.99020 -13.73600 -17.33950043
v -67.99020 -10.41870 -27.33950043
v -67.38130 33.12080 -393.12008667
v -67.00140 -8.31020 -14.95699978
v -67.00130 -6.11420 -12.34010029
v -67.00110 0.63980 -16.67749977
v -67.00080 -0.35000 -12.33819962
v -67.00040 4.95560 -11.95139980
v -66.98990 6.06490 -17.95660019
v -66.95200 41.75900 -398.70071411
v -66.95140 64.45030 -423.06079102
v -66.95070 22.33250 -424.00299072
v -66.95070 40.68480 -440.36898804
v -66.95070 59.03700 -430.94869995
v -66.95010 20.17370 -402.06869507
v -66.94770 63.37220 -426.07818604
v -66.94670 18.01030 -414.10888672
v -66.94530 20.17190 -420.10940552
v -66.94470 35.27960 -441.09698486
v -66.94290 39.61050 -441.09729004
v -66.94110 27.73210 -435.10629272
v -66.93990 18.01430 -405.09649658
v -66.93990 26.65070 -432.09649658
v -66.93990 27.73020 -432.09649658
v -66.93840 64.48560 -417.14718628
v -66.91840 33.11680 -438.12109375
v -66.90480 3.97040 -17.32600021
v -66.89890 25.68830 -395.19351196
v -66.88700 -8.20900 -17.31990051
v -66.88540 3.95740 -22.34219933
v -66.88530 -11.52550 -22.34210014
v -66.88450 -12.63030 -17.33939934
v -66.88450 -8.20720 -27.33950043
v -66.88440 -9.31290 -22.33939934
v -66.88120 -1.56530 -27.32290077
v -66.87880 0.63750 -22.32209969
v -65.93360 48.32230 -402.10589600
v -65.89410 57.94460 -432.00830078
v -65.87620 63.34950 -423.15411377
v -65.87110 28.80980 -394.60708618
v -65.87110 32.04840 -436.87149048
v -65.87110 36.36660 -395.70080566
v -65.86560 19.08850 -417.10528564
v -65.86390 34.20490 -438.10140991
v -65.86240 29.88880 -435.10128784
v -65.86150 25.56990 -429.09829712
v -65.86140 28.80920 -435.10009766
v -65.86030 24.49160 -426.09649658
v -65.85940 29.88940 -432.10031128
v -65.85130 23.40930 -399.00320435
v -65.84930 25.57110 -426.09649658
v -65.84640 32.04290 -432.12521362
v -65.80630 54.67780 -435.11419678
v -65.79670 39.65600 -397.38681030
v -65.78170 -7.10360 -17.32539940
v -65.77940 -0.46520 -22.34160042
v -65.77870 -7.10140 -22.33959961
v -65.77870 -0.46670 -17.33970070
v -64.86770 49.39340 -438.10971069
v -64.85090 35.25130 -395.33758545
v -64.79160 56.89980 -432.09649658
v -64.79020 23.40970 -423.11309814
v -64.78970 61.26980 -408.15869141
v -64.78970 62.28450 -426.10018921
v -64.78960 22.33170 -402.07769775
v -64.78800 30.96800 -396.06658936
v -64.78760 20.16840 -414.10751343
v -64.78700 57.96410 -405.09600830
v -64.78160 37.44120 -438.10379028
v -64.78080 34.20750 -432.09649658
v -64.76310 48.40400 -402.18591309
v -64.07110 28.83650 -396.00170898
v -63.72340 41.72150 -399.08120728
v -63.72200 38.53150 -438.08880615
v -63.71720 61.20500 -426.11010742
v -63.71430 32.05270 -435.06900024
v -63.71260 25.57100 -423.11819458
v -63.71240 25.56620 -399.08520508
v -63.71200 26.65070 -424.01791382
v -63.71200 32.04840 -430.35379028
v -63.70690 63.36970 -414.11099243
v -63.70600 56.88320 -405.09600830
v -63.70540 24.49080 -423.10391235
v -63.70250 21.25340 -408.06921387
v -63.70240 36.36520 -435.10269165
v -63.70120 34.20740 -435.09689331
v -63.70120 37.44610 -432.09649658
v -63.69750 63.36310 -423.09469604
v -63.69460 35.29760 -432.10989380
v -63.68250 40.65320 -438.10549927
v -63.68130 32.05020 -396.08309937
v -63.67920 23.41060 -411.09689331
v -63.65760 23.40570 -405.14300537
v -63.58120 23.41200 -417.09649658
v -62.90240 21.25290 -414.09649658
v -62.64410 41.77570 -438.09249878
v -62.64330 23.41200 -414.09649658
v -62.64060 26.65430 -399.11041260
v -62.63490 53.62880 -435.09329224
v -62.63310 56.86840 -432.09399414
v -62.63250 59.03700 -407.86480713
v -62.63250 61.19640 -411.06878662
v -62.63210 62.25400 -423.09811401
v -62.63100 24.48460 -420.11138916
v -62.62930 26.65180 -423.11401367
v -62.62910 24.48550 -402.08718872
v -62.62880 60.12400 -408.09310913
v -62.62650 28.81040 -426.10488892
v -62.62450 29.88800 -426.10440063
v -62.62260 37.44550 -435.09991455
v -62.62210 39.60440 -435.09829712
v -62.61970 52.55970 -405.09039307
v -62.61700 38.53400 -432.11569214
v -62.61540 47.19460 -402.79708862
v -62.58070 55.76500 -405.11090088
v -62.49910 28.82860 -398.90719604
v -62.48310 47.19230 -438.11581421
v -61.57800 25.57110 -402.09649658
v -61.56380 26.65070 -402.09649658
v -61.55290 45.00290 -401.46789551
v -61.55290 53.63930 -406.31408691
v -61.55190 61.21730 -411.13800049
v -61.54960 36.36610 -429.10760498
v -61.54690 30.97030 -426.10980225
v -61.54680 27.72990 -402.08059692
v -61.54680 51.47980 -405.09201050
v -61.54560 42.84160 -435.11068726
v -61.54550 29.88620 -399.09408569
v -61.54470 34.20880 -429.10089111
v -61.54220 26.65070 -405.09649658
v -61.54220 40.68470 -432.09649658
v -61.54220 40.68480 -435.09649658
v -61.54200 43.92340 -432.09658813
v -61.53450 62.27980 -420.07379150
v -61.52620 62.30590 -414.13821411
v -61.43970 33.09470 -429.11911011
v -61.41850 51.47630 -435.11419678
v -61.16400 25.55760 -420.11041260
v -60.68740 38.66450 -398.98480225
v -60.47340 36.36660 -427.01141357
v -60.47020 28.80750 -402.08309937
v -60.46930 26.64480 -408.08480835
v -60.46880 59.09330 -426.05718994
v -60.46830 39.60460 -429.10989380
v -60.46810 57.95950 -408.08990479
v -60.46550 37.44590 -429.10229492
v -60.46550 54.71920 -432.07330322
v -60.46490 28.80790 -423.10189819
v -60.46400 51.48150 -432.09689331
v -60.46300 50.40100 -435.09741211
v -60.46260 43.92340 -435.09649658
v -60.46190 26.64470 -417.08590698
v -60.45610 45.00960 -432.09729004
v -59.39390 29.88930 -403.44650269
v -59.39330 32.03660 -399.09320068
v -59.39050 43.92200 -402.09060669
v -59.38970 60.12000 -423.10989380
v -59.38620 49.32260 -405.09359741
v -59.38310 32.04840 -423.09649658
v -59.38310 43.92340 -426.09658813
v -59.38310 46.08250 -429.09811401
v -59.38310 46.08250 -426.09631348
v -59.38310 53.63970 -408.09671021
v -59.37940 51.54390 -407.95721436
v -59.37470 37.44700 -399.09298706
v -59.35070 32.04840 -420.09649658
v -58.32610 33.13440 -399.10180664
v -58.32580 36.36710 -399.09600830
v -58.32510 29.88930 -405.09649658
v -58.32450 34.19900 -399.08261108
v -58.31430 30.96880 -401.37908936
v -58.31430 36.36660 -400.59649658
v -58.30830 28.78340 -408.10360718
v -58.30740 59.03790 -420.12658691
v -58.30650 50.40270 -408.08950806
v -58.30620 33.12830 -420.10250854
v -58.30350 36.36650 -423.09619141
v -58.30350 45.00290 -420.09649658
v -58.30350 50.40070 -411.09649658
v -58.30340 35.28850 -420.10040283
v -58.30320 45.00310 -423.09698486
v -58.26670 40.70280 -402.08309937
v -58.25190 57.99150 -411.08569336
v -57.25880 30.96880 -402.09649658
v -57.24520 39.59910 -402.10269165
v -57.24330 30.95070 -414.12649536
v -57.23300 47.16940 -405.09451294
v -57.23010 57.96110 -414.07540894
v -57.22960 32.03790 -405.09051514
v -57.22660 57.96160 -423.10049438
v -57.22520 46.08260 -420.09860229
v -57.22430 29.89110 -411.08999634
v -57.22400 29.88930 -414.09649658
v -57.22390 48.24150 -420.09631348
v -57.22320 50.39320 -414.04629517
v -57.18420 43.90960 -417.15179443
v -57.14840 48.24410 -408.09609985
v -57.14390 42.79020 -403.88500977
v -56.17460 34.19850 -405.10440063
v -56.14950 32.04410 -408.05938721
v -56.14530 40.68480 -405.09149170
v -56.14500 35.28580 -408.09310913
v -56.14440 32.04840 -414.09649658
v -56.14440 47.16230 -408.09698486
v -56.14030 46.08310 -405.11550903
v -56.13340 46.08250 -414.09649658
v -55.61540 47.16200 -417.09649658
v -55.10020 46.08250 -417.09649658
v -55.07190 36.35080 -411.08349609
v -55.06860 45.00470 -408.08679199
v -55.06820 45.00630 -414.13900757
v -55.06550 43.92260 -414.09780884
v -55.06490 34.20750 -411.09649658
v -55.06150 37.44270 -408.08810425
v -55.05230 42.84730 -411.10238647
f 1871 1514 1071
f 375 418 379
f 402 383 379
f 2805 2505 2780
f 2780 2505 2646
f 483 444 402
f 483 527 444
f 2646 2505 2564
f 2427 2564 2295
f 2427 2646 2564
f 872 708 798
f 910 872 798
f 910 976 872
f 1071 976 910
f 1071 1165 976
f 1417 1165 1514
f 1514 1165 1071
f 1871 1417 1514
f 517 603 519
f 447 517 519
f 375 416 418
f 379 377 375
f 383 377 379
f 2295 2564 2302
f 976 980 872
f 1057 980 976
f 1871 2070 1994
f 976 1165 1057
f 1759 1417 1871
f 447 593 517
f 375 384 416
f 377 390 386
f 383 390 377
f 382 383 402
f 402 444 382
f 2505 2506 2564
f 527 798 444
f 798 615 444
f 2564 2506 2302
f 702 615 708
f 708 615 798
f 708 792 702
f 708 872 792
f 872 882 792
f 980 882 872
f 1057 1060 980
f 2070 2184 1994
f 1165 1060 1057
f 1165 1417 1060
f 1866 1060 1417
f 1759 1866 1417
f 1759 1871 1866
f 1871 1994 1866
f 447 443 593
f 384 394 447
f 394 443 447
f 2900 2805 2808
f 530 382 444
f 530 444 615
f 702 792 615
f 882 881 792
f 968 881 882
f 980 968 882
f 980 1060 968
f 1167 968 1060
f 1994 2088 1866
f 1866 1167 1060
f 394 445 443
f 380 391 384
f 324 391 380
f 325 327 386
f 2982 2877 2900
f 2877 2898 2900
f 2900 2898 2805
f 2805 2898 2747
f 2747 2580 2805
f 615 792 530
f 968 970 881
f 1162 970 968
f 968 1167 1162
f 1402 1162 1167
f 1866 2088 1881
f 329 392 394
f 318 329 324
f 329 391 324
f 2978 2986 2870
f 792 700 530
f 880 700 792
f 881 880 792
f 881 970 880
f 1162 1066 970
f 970 1066 880
f 1298 1066 1162
f 1162 1402 1298
f 1881 2088 1995
f 1866 1402 1167
f 1866 1881 1402
f 2643 2804 2644
f 2804 2792 2644
f 2950 2978 2870
f 2979 2978 2950
f 530 395 382
f 2580 2747 2470
f 530 610 395
f 530 700 610
f 700 693 610
f 790 693 700
f 700 880 790
f 880 871 790
f 1515 1298 1402
f 1620 1515 1402
f 1402 1881 1620
f 1867 1620 1995
f 1995 1620 1881
f 329 318 337
f 2810 2804 2873
f 2810 2973 2804
f 318 310 284
f 2973 2950 2870
f 355 323 322
f 322 323 321
f 2470 2747 2430
f 2747 2748 2430
f 790 611 610
f 790 610 693
f 978 790 871
f 880 978 871
f 880 1066 978
f 1066 1062 978
f 1151 1062 1066
f 1867 1995 2174
f 1995 2179 2174
f 1298 1151 1066
f 318 285 337
f 2873 3176 2810
f 285 318 284
f 2973 2977 2950
f 2977 3044 2950
f 2950 3044 2979
f 321 323 319
f 388 331 323
f 388 395 331
f 610 451 395
f 611 451 610
f 2430 2748 2442
f 878 796 790
f 790 978 878
f 978 973 878
f 1062 973 978
f 2174 1984 1867
f 1298 1393 1151
f 1515 1393 1298
f 1620 1393 1515
f 1867 1393 1620
f 337 356 374
f 285 288 337
f 288 356 337
f 288 285 280
f 3176 3342 2810
f 284 279 285
f 285 279 280
f 2810 3161 2973
f 310 279 284
f 3161 2977 2973
f 279 310 281
f 281 310 319
f 281 319 286
f 286 319 323
f 451 611 577
f 790 796 648
f 796 799 648
f 878 799 796
f 1065 878 973
f 1062 1065 973
f 1151 1065 1062
f 1151 1393 1065
f 2114 1984 2174
f 3342 3161 2810
f 3122 2977 3161
f 3122 3161 3339
f 3122 3168 2977
f 3168 2976 2977
f 286 323 283
f 323 328 283
f 2976 3034 2977
f 2977 3034 3044
f 323 331 328
f 395 451 331
f 595 477 577
f 577 477 451
f 799 703 648
f 1065 1067 878
f 1295 1067 1065
f 1393 1295 1065
f 1393 1411 1295
f 1867 1984 1792
f 1867 1411 1393
f 1792 1411 1867
f 3342 3341 3161
f 3341 3337 3161
f 3161 3337 3339
f 3122 3166 3168
f 3166 2976 3168
f 328 292 283
f 331 292 328
f 331 451 292
f 451 477 292
f 878 1067 1064
f 1294 1064 1067
f 1295 1294 1067
f 1608 1295 1411
f 1792 1608 1411
f 1744 1608 1792
f 1792 1984 1744
f 2114 1744 1984
f 698 863 830
f 3638 3342 3538
f 3653 3341 3638
f 3638 3341 3342
f 3337 3341 3653
f 3650 3337 3653
f 3653 3822 3650
f 3339 3337 3550
f 3650 3550 3337
f 3178 3166 3122
f 3178 3122 3339
f 3120 2985 3034
f 292 309 246
f 2974 2881 3034
f 2985 2974 3034
f 292 477 309
f 791 703 799
f 799 878 791
f 878 883 791
f 1064 883 878
f 1064 1294 1163
f 1963 1744 2114
f 1963 2114 2226
f 682 863 698
f 3825 3592 3753
f 3753 3592 3505
f 3638 3538 3592
f 3825 3638 3592
f 3901 3638 3825
f 3902 3901 3825
f 3901 3653 3638
f 3971 3653 3901
f 3971 3970 3653
f 3653 3970 3822
f 3644 3650 3822
f 3650 3644 3550
f 3900 3752 3822
f 3822 3752 3644
f 3970 3900 3822
f 245 242 248
f 3284 3178 3339
f 3462 3284 3550
f 3284 3339 3550
f 3462 3550 3644
f 245 239 242
f 2985 3062 2974
f 703 606 521
f 2806 2902 2876
f 703 697 606
f 791 697 703
f 883 889 791
f 1163 883 1064
f 1610 1295 1608
f 1963 1610 1744
f 1744 1610 1608
f 863 608 705
f 863 682 608
f 3861 3753 3700
f 3861 3825 3753
f 3825 3861 3902
f 3975 3901 3902
f 3975 3971 3901
f 3971 3972 3970
f 3970 3972 3900
f 3644 3743 3462
f 3752 3743 3644
f 3900 3899 3752
f 3335 3284 3462
f 3743 3562 3462
f 3899 3743 3752
f 555 440 521
f 521 606 555
f 2806 3062 2983
f 791 823 697
f 2713 2902 2983
f 2902 2806 2983
f 889 823 791
f 883 974 889
f 2498 2713 2816
f 2713 2983 2816
f 1163 974 883
f 2498 2816 2641
f 1932 1839 1974
f 298 452 431
f 431 452 460
f 298 431 389
f 3842 3743 3899
f 3905 3842 3899
f 606 613 555
f 3062 3072 2983
f 2983 3072 2951
f 739 613 697
f 697 613 606
f 697 823 739
f 2951 2961 2983
f 889 869 823
f 889 974 869
f 974 982 869
f 2961 3060 2816
f 2961 2816 2983
f 1163 1168 974
f 974 1168 982
f 1163 1294 1168
f 1294 1296 1168
f 3060 2641 2816
f 1295 1296 1294
f 1610 1296 1295
f 1745 1610 1963
f 2223 2087 2222
f 2223 2222 2342
f 2501 2342 2222
f 2641 2501 2498
f 2501 2641 3060
f 612 614 803
f 777 886 803
f 705 526 612
f 526 614 612
f 452 298 330
f 177 182 241
f 182 296 241
f 178 153 194
f 194 153 177
f 3743 3842 3757
f 3072 3063 2951
f 982 868 869
f 3060 2961 2968
f 982 1168 981
f 2745 2961 2750
f 2968 2980 3060
f 1610 1521 1296
f 1745 1521 1610
f 1983 1745 1920
f 3060 2797 2501
f 2797 2721 2501
f 2797 3060 2980
f 886 777 806
f 886 806 1598
f 1627 1598 1628
f 1598 806 1628
f 704 614 525
f 614 466 525
f 704 777 614
f 466 614 526
f 2969 2972 3119
f 182 177 179
f 156 179 177
f 156 177 153
f 3125 3070 3063
f 879 785 868
f 982 981 868
f 981 879 868
f 1296 1293 1168
f 1296 1521 1293
f 2800 2968 2961
f 2800 2961 2745
f 1623 1521 1745
f 1983 1743 1745
f 2087 2223 2221
f 2223 2342 2221
f 2221 2342 2588
f 2342 2501 2588
f 2721 2588 2501
f 2800 2721 2799
f 2799 2721 2797
f 2799 2797 2798
f 2800 2797 2980
f 2800 2980 2968
f 2797 2800 2963
f 2963 2800 2799
f 2963 2799 2966
f 1873 1743 1983
f 2221 1873 2087
f 2087 1873 1983
f 2798 2797 2963
f 701 1628 806
f 704 806 777
f 2225 2160 2091
f 2160 2225 2346
f 254 289 271
f 182 157 159
f 157 182 179
f 156 117 157
f 179 156 157
f 148 122 97
f 151 169 122
f 3286 3070 3125
f 3125 3385 3286
f 2919 3070 3114
f 3070 3286 3114
f 1293 981 1168
f 1409 1293 1521
f 3114 2967 2919
f 1408 1409 1521
f 1623 1408 1521
f 1745 1743 1623
f 2964 2966 2798
f 2966 2799 2798
f 2965 2967 3114
f 2964 2963 2966
f 2221 2063 1873
f 2588 2518 2326
f 2588 2326 2221
f 2963 2964 2798
f 704 701 806
f 1628 701 1747
f 1747 1986 1985
f 457 543 455
f 455 543 525
f 2091 1985 2090
f 1985 1986 2090
f 2090 2229 2091
f 2091 2229 2225
f 236 254 158
f 158 254 218
f 158 159 118
f 158 218 159
f 118 159 157
f 118 117 94
f 117 99 94
f 117 118 157
f 99 117 71
f 117 148 71
f 71 148 72
f 72 148 97
f 97 122 96
f 122 150 96
f 150 142 96
f 150 161 142
f 161 150 207
f 206 161 188
f 161 207 188
f 3384 3447 3573
f 401 396 335
f 3384 3456 3385
f 435 396 440
f 440 396 401
f 3385 3456 3286
f 879 782 785
f 879 981 984
f 1297 984 1293
f 1293 984 981
f 1293 1409 1297
f 1409 1408 1297
f 3286 3315 3114
f 3286 3448 3315
f 1742 1408 1623
f 1623 1743 1742
f 3039 3114 3113
f 3039 2965 3114
f 3039 2947 2965
f 3114 3315 3113
f 1743 1873 1742
f 2221 2066 2063
f 2326 2066 2221
f 2949 3113 2918
f 2090 1986 2092
f 2090 2092 2229
f 236 158 192
f 158 136 192
f 94 93 118
f 55 94 71
f 94 99 71
f 71 72 55
f 75 72 97
f 97 96 75
f 75 96 73
f 96 98 73
f 98 96 142
f 211 161 206
f 3594 3384 3573
f 3384 3594 3456
f 3450 3456 3594
f 3456 3450 3286
f 3450 3583 3286
f 3448 3286 3583
f 879 984 975
f 1063 975 984
f 1297 1156 984
f 1156 1063 984
f 1297 1303 1156
f 1297 1408 1303
f 1408 1621 1303
f 1742 1621 1408
f 3319 3113 3315
f 1837 1621 1742
f 2915 2918 3113
f 3113 3319 2915
f 2231 2229 2092
f 2229 2231 2351
f 100 192 136
f 55 72 40
f 40 72 21
f 21 72 53
f 53 72 75
f 53 75 57
f 75 73 57
f 98 57 73
f 98 142 121
f 142 139 121
f 180 139 161
f 161 139 142
f 161 211 180
f 3686 3728 3692
f 216 211 238
f 3590 3450 3594
f 528 442 524
f 628 528 524
f 3450 3590 3583
f 864 707 782
f 879 864 782
f 3552 3315 3448
f 3315 3552 3319
f 1837 1750 1621
f 3230 2915 3319
f 3124 2915 3230
f 163 135 165
f 196 163 165
f 100 54 77
f 87 51 54
f 100 87 54
f 70 57 98
f 70 98 76
f 98 120 76
f 121 120 98
f 120 121 139
f 3703 3830 3686
f 120 139 119
f 139 141 119
f 180 141 139
f 3686 3830 3728
f 141 180 160
f 180 211 189
f 189 211 216
f 3701 3758 3594
f 3590 3594 3758
f 332 396 333
f 442 333 396
f 864 873 707
f 3787 3583 3590
f 3787 3448 3583
f 975 986 873
f 986 975 1063
f 3448 3787 3552
f 3236 3230 3319
f 2086 1982 1949
f 3124 3230 3236
f 2478 2614 3124
f 2233 2231 2232
f 165 113 137
f 137 240 165
f 165 240 237
f 135 115 113
f 113 165 135
f 135 163 115
f 115 163 74
f 74 77 59
f 77 74 100
f 74 163 100
f 36 25 59
f 54 36 59
f 59 77 54
f 76 68 70
f 3759 3830 3703
f 76 88 68
f 76 120 119
f 138 76 119
f 141 138 119
f 138 141 160
f 3728 3830 3701
f 3830 3973 3701
f 138 160 189
f 180 189 160
f 3701 3973 3758
f 3973 3833 3758
f 217 189 216
f 290 217 216
f 332 290 216
f 3784 3590 3758
f 3784 3758 3833
f 528 333 442
f 3590 3784 3787
f 528 628 617
f 707 617 628
f 873 885 707
f 986 885 873
f 3787 3654 3552
f 3436 3319 3552
f 3319 3395 3236
f 3395 3319 3436
f 2086 1992 1982
f 1992 2086 2228
f 2642 2448 2478
f 2988 2642 2478
f 3124 2988 2478
f 3236 2988 3124
f 240 137 190
f 145 137 113
f 145 164 137
f 164 190 137
f 59 25 41
f 3830 3759 3811
f 3811 3973 3830
f 76 95 88
f 76 138 95
f 143 138 189
f 185 143 189
f 185 189 217
f 185 217 187
f 217 220 187
f 220 217 290
f 3784 3833 3787
f 3787 3833 3907
f 332 333 290
f 3907 3654 3787
f 885 617 707
f 3654 3808 3552
f 3654 3907 3808
f 1268 1159 1061
f 1268 1392 1159
f 3529 3436 3552
f 3808 3529 3552
f 1981 1958 1992
f 2227 1981 1992
f 2228 2227 1992
f 2409 2227 2228
f 3121 2988 3236
f 3395 3121 3236
f 2409 2492 2227
f 2448 2492 2409
f 2642 2492 2448
f 2811 2642 2988
f 2811 2988 3121
f 3785 3652 3606
f 3860 3973 3811
f 95 138 111
f 138 143 111
f 3973 3974 3833
f 185 181 143
f 187 181 185
f 3974 3977 3833
f 220 181 187
f 3907 3833 3977
f 290 291 220
f 290 333 291
f 333 334 291
f 456 334 333
f 528 456 333
f 456 528 617
f 3977 3808 3907
f 969 456 617
f 885 969 617
f 1061 969 885
f 3898 3819 3977
f 3977 3819 3808
f 3819 3529 3808
f 3908 3819 3898
f 1981 1861 1958
f 3529 3395 3436
f 3395 3529 3819
f 2811 2795 2642
f 3071 2795 2811
f 3121 3071 2811
f 3430 3071 3121
f 3395 3430 3121
f 3395 3819 3629
f 2357 2227 2492
f 2639 2357 2492
f 2639 2492 2642
f 2795 2639 2642
f 3395 3629 3430
f 3789 3785 3829
f 3829 3912 3789
f 3912 3893 3789
f 4022 3860 3893
f 4022 3973 3860
f 4020 3973 4022
f 112 89 111
f 3973 4020 3974
f 112 111 110
f 110 111 143
f 4071 3974 4020
f 4071 4068 3974
f 123 143 140
f 123 110 143
f 140 143 181
f 4068 3977 3974
f 181 152 140
f 181 191 152
f 191 181 220
f 4069 3977 4068
f 291 191 220
f 291 251 191
f 334 400 291
f 400 334 456
f 456 453 400
f 969 453 456
f 887 969 1061
f 4069 3898 3977
f 969 706 453
f 1061 979 887
f 4023 3908 4069
f 4069 3908 3898
f 887 706 969
f 1061 1155 979
f 1061 1159 1155
f 1511 1155 1159
f 3908 3962 3819
f 4023 3962 3908
f 3962 3904 3819
f 1981 2227 2084
f 2639 2345 2357
f 3904 3629 3819
f 4023 3904 3962
f 2227 2218 2084
f 2345 2218 2357
f 2357 2218 2227
f 2795 2345 2639
f 3071 2790 2795
f 3543 3071 3430
f 3629 3543 3430
f 3543 2790 3071
f 3832 3912 3829
f 3912 3985 3893
f 4018 3893 3985
f 4018 4022 3893
f 4073 4022 4072
f 4022 4018 4072
f 4022 4073 4020
f 4020 4073 4125
f 89 112 90
f 4126 4071 4125
f 4071 4020 4125
f 4071 4126 4068
f 140 133 123
f 140 152 133
f 4167 4069 4068
f 152 191 184
f 184 191 251
f 184 251 253
f 291 253 251
f 253 291 400
f 4203 4069 4167
f 400 399 253
f 399 400 453
f 399 453 398
f 706 398 453
f 887 804 706
f 4066 4023 4069
f 4203 4066 4069
f 887 979 804
f 979 972 804
f 1155 972 979
f 1164 972 1155
f 1511 1164 1155
f 1861 1631 1615
f 4016 4023 4124
f 4023 4066 4124
f 1615 1164 1511
f 1861 1980 1631
f 1861 1981 1980
f 2084 1980 1981
f 4016 3904 4023
f 3742 3543 3629
f 3904 3742 3629
f 3904 4016 3968
f 2634 2345 2795
f 2795 2790 2634
f 2790 2801 2634
f 3543 2801 2790
f 3968 3742 3904
f 3742 3633 3543
f 3543 3633 2801
f 3600 3549 3637
f 3549 3645 3637
f 3600 3637 3755
f 3829 3755 3831
f 3755 3637 3831
f 4018 4074 4072
f 110 131 112
f 110 123 131
f 123 134 131
f 4126 4165 4068
f 4165 4166 4068
f 123 133 134
f 4166 4167 4068
f 4204 4167 4166
f 152 184 155
f 184 183 155
f 4167 4204 4203
f 183 184 186
f 186 184 253
f 186 253 255
f 399 397 253
f 397 399 398
f 397 255 253
f 454 397 398
f 706 699 398
f 699 454 398
f 699 706 804
f 4164 4066 4203
f 794 699 804
f 972 794 804
f 4066 4164 4124
f 4124 4164 4163
f 1164 1160 972
f 1615 1513 1160
f 1615 1160 1164
f 1513 1631 1617
f 1513 1615 1631
f 1980 1617 1631
f 4016 4124 4070
f 4124 4163 4070
f 2218 2220 2084
f 2220 2218 2345
f 4024 3968 4016
f 4024 4016 4070
f 2220 2085 2084
f 3734 3633 3742
f 3968 3734 3742
f 3969 3891 3968
f 3969 3968 4024
f 2634 2343 2345
f 2634 2801 2638
f 2801 3110 2638
f 3633 3110 2801
f 3734 3110 3633
f 3891 3734 3968
f 3637 3645 3745
f 3745 3831 3637
f 3831 3745 3965
f 3913 3831 4021
f 4021 3831 3965
f 4160 4018 4021
f 4018 3913 4021
f 4247 4018 4160
f 4206 4247 4160
f 4247 4074 4018
f 4118 4074 4247
f 4341 4118 4296
f 4296 4118 4247
f 4341 4156 4118
f 4341 4166 4156
f 4474 4166 4341
f 112 131 114
f 4166 4165 4156
f 4474 4204 4166
f 4474 4599 4204
f 4579 4599 4474
f 133 152 155
f 219 183 186
f 250 219 186
f 250 186 255
f 531 397 454
f 531 454 604
f 794 829 699
f 912 829 794
f 699 604 454
f 912 794 972
f 1161 1045 972
f 4164 4203 4307
f 4307 4163 4164
f 1160 1161 972
f 1517 1160 1513
f 4159 4070 4163
f 4307 4159 4163
f 4396 4159 4307
f 1513 1617 1517
f 1980 1865 1617
f 1865 1980 2084
f 2085 1865 2084
f 4024 4070 4159
f 2343 2220 2345
f 2634 2491 2343
f 2491 2634 2638
f 3110 3103 2638
f 3734 3435 3110
f 4396 4157 4159
f 3435 3227 3110
f 4120 3969 4024
f 4159 4157 4024
f 4396 4272 4157
f 3643 3426 3734
f 3734 3426 3435
f 3737 3643 3891
f 3891 3643 3734
f 4120 3737 3891
f 3969 4120 3891
f 4157 4120 4024
f 4206 4160 4067
f 4289 4206 4067
f 4580 4296 4289
f 1625 1400 1751
f 1751 1863 1625
f 1863 1937 1625
f 3396 3746 3645
f 3645 3746 3745
f 3746 3824 3745
f 3745 3824 3965
f 3824 4019 3965
f 4160 4019 4067
f 4296 4206 4289
f 4019 4021 3965
f 4021 4019 4160
f 4341 4296 4580
f 4671 4341 4580
f 4247 4206 4296
f 4719 4474 4671
f 4671 4474 4341
f 4817 4474 4719
f 4863 4579 4817
f 4579 4474 4817
f 4864 4579 4863
f 4864 4599 4579
f 4897 4599 4864
f 4897 4930 4599
f 166 134 133
f 4891 4599 4930
f 4891 4930 4959
f 4952 4891 4959
f 197 155 183
f 301 219 250
f 4952 4959 4958
f 1304 1161 1160
f 1407 1304 1160
f 1517 1407 1160
f 1617 1727 1517
f 1617 1865 1727
f 1865 1862 1727
f 2060 1862 1865
f 2085 2060 1865
f 3103 3110 3227
f 3103 3227 3112
f 3227 3331 3112
f 3435 3331 3227
f 3331 3435 3426
f 3331 3426 3225
f 3426 3325 3225
f 3643 3325 3426
f 4158 4120 4157
f 3642 3427 3325
f 3643 3642 3325
f 3643 3737 3642
f 4723 4633 4785
f 3751 3642 3737
f 3827 3737 4120
f 4158 3895 4120
f 3827 3751 3737
f 4584 4297 4306
f 3895 3827 4120
f 4297 3895 4158
f 4584 4529 4297
f 1519 1872 1634
f 1872 1635 1634
f 1879 1635 1872
f 1879 1756 1635
f 1879 1990 1756
f 1756 1990 1729
f 1636 1729 1878
f 1270 1413 1201
f 4014 3824 3747
f 4291 4402 4289
f 4289 4402 4580
f 4402 4531 4580
f 4531 4581 4580
f 4581 4639 4580
f 3747 3432 3546
f 3824 4014 4019
f 4014 4067 4019
f 4639 4671 4580
f 4639 4672 4671
f 4672 4726 4671
f 3432 3747 3396
f 3396 3747 3746
f 3747 3824 3746
f 4726 4719 4671
f 1868 2089 1863
f 4894 4817 4719
f 4894 4892 4817
f 4892 4863 4817
f 4863 4892 4864
f 4892 4960 4864
f 4960 4969 4864
f 4969 4897 4864
f 5000 4897 4969
f 5000 4930 4897
f 4998 4930 5000
f 1401 1304 1407
f 1407 1576 1401
f 1727 1752 1576
f 1752 1727 1862
f 1862 1917 1752
f 3103 3112 2793
f 3331 3225 3112
f 3225 3117 3112
f 3325 3117 3225
f 3325 3427 3117
f 3427 3429 3117
f 3427 3642 3429
f 3642 3539 3429
f 3539 3642 3751
f 3827 3632 3751
f 3539 3751 3632
f 3812 3632 3827
f 3827 3895 3812
f 3895 3887 3812
f 4297 3887 3895
f 4523 4529 4584
f 4337 3887 4297
f 4414 4337 4297
f 1872 1519 1746
f 1729 1990 1878
f 1993 1749 1878
f 1749 1993 1875
f 1875 1630 1749
f 4291 4252 4407
f 4291 4407 4402
f 4402 4407 4470
f 3748 3747 3546
f 3748 3815 3747
f 3747 3815 4014
f 3815 4198 4014
f 4014 4198 4067
f 4067 4198 4289
f 4198 4252 4289
f 4289 4252 4291
f 4402 4470 4531
f 4681 4581 4531
f 3546 3432 3440
f 4672 4639 4681
f 4639 4581 4681
f 4672 4681 4769
f 2802 3118 3107
f 3107 3118 3234
f 4672 4769 4726
f 4769 4809 4726
f 2728 2802 2637
f 4809 4719 4726
f 4809 4818 4719
f 2347 2493 2224
f 2224 2493 2637
f 2493 2728 2637
f 4894 4719 4818
f 2089 1868 1987
f 1987 2219 2089
f 2219 2224 2089
f 2224 2219 2347
f 1748 1730 1868
f 4925 4892 4923
f 4892 4894 4923
f 1964 1868 1730
f 1868 1964 1987
f 4960 4892 4925
f 1510 1401 1576
f 1618 1510 1576
f 1811 1576 1752
f 1811 1618 1576
f 1856 1811 1752
f 2018 1979 1917
f 1979 2018 2125
f 2584 2482 2334
f 2482 2300 2334
f 2482 2584 2793
f 2793 3112 2794
f 2794 3112 3117
f 3117 3327 2794
f 3327 3117 3429
f 3429 3433 3327
f 3539 3433 3429
f 3433 3539 3632
f 3433 3632 3535
f 3812 3535 3632
f 3812 3740 3535
f 3812 3887 3890
f 4337 3890 3887
f 4337 4065 3890
f 1518 1706 1519
f 1746 1519 1706
f 1833 1746 1706
f 1746 1833 1872
f 1833 1876 1872
f 1879 1872 1876
f 1843 1990 1876
f 1990 1879 1876
f 1991 1990 1843
f 1991 1993 1990
f 1990 1993 1878
f 1993 1841 1875
f 1841 1874 1875
f 1874 1733 1875
f 4198 3897 4199
f 4198 4199 4252
f 4252 4199 4338
f 4252 4338 4407
f 4407 4338 4470
f 3649 3815 3748
f 3815 3897 4198
f 4470 4520 4531
f 3546 3440 3534
f 3534 3649 3546
f 3748 3546 3649
f 4681 4531 4637
f 4531 4520 4637
f 4637 4721 4681
f 3432 3234 3440
f 4769 4681 4721
f 4769 4721 4772
f 3218 3234 3118
f 3218 3440 3234
f 4809 4769 4772
f 3218 3118 2802
f 4809 4772 4818
f 3218 2802 2728
f 4894 4818 4852
f 2219 2230 2347
f 4936 4925 4923
f 4960 4925 4968
f 1856 1752 1858
f 1752 1917 1858
f 1917 1979 1858
f 2081 1979 2125
f 2125 2217 2081
f 2300 2081 2217
f 2626 2482 2793
f 2626 2793 2619
f 2793 2794 2619
f 2619 2794 2782
f 3111 3327 3229
f 3433 3535 3540
f 3740 3540 3535
f 3812 3732 3740
f 3732 3812 3890
f 3890 3738 3732
f 4064 3738 4065
f 4121 4064 4065
f 4337 4121 4065
f 4344 4337 4403
f 4337 4344 4121
f 1960 1991 1843
f 3639 3826 3815
f 3815 3826 3897
f 3897 3826 4201
f 3897 4201 4199
f 4199 4201 4253
f 4199 4253 4338
f 3534 3547 3639
f 3815 3649 3639
f 4470 4338 4463
f 4470 4463 4576
f 4470 4576 4520
f 3649 3534 3639
f 4576 4637 4520
f 3534 3323 3547
f 4721 4637 4733
f 3323 3440 3220
f 3323 3534 3440
f 4733 4772 4721
f 4772 4733 4828
f 3220 3440 3218
f 4856 4772 4828
f 3218 2502 3219
f 4856 4818 4772
f 4852 4818 4856
f 4923 4894 4936
f 4968 4925 5004
f 1811 1856 1858
f 1979 1988 1858
f 2081 1988 1979
f 2300 2482 2081
f 2782 2794 3111
f 3111 2794 3327
f 3433 3229 3327
f 4465 4523 4486
f 4065 3738 3890
f 4121 4119 4064
f 4344 4403 4486
f 4465 4486 4403
f 4344 4119 4121
f 609 797 685
f 1496 1299 1497
f 1497 1299 1300
f 3630 3828 3639
f 3639 3828 3826
f 3826 3828 4201
f 3828 4161 4201
f 4161 4205 4201
f 4205 4253 4201
f 4253 4411 4338
f 4338 4411 4463
f 4463 4411 4468
f 449 387 448
f 387 376 448
f 3547 3542 3639
f 3542 3630 3639
f 4463 4468 4576
f 3321 3542 3323
f 3542 3547 3323
f 4576 4641 4637
f 4641 4668 4637
f 4668 4733 4637
f 646 448 433
f 800 890 646
f 890 448 646
f 3320 3321 3323
f 3323 3220 3320
f 4733 4778 4828
f 3218 3219 3220
f 4778 4856 4828
f 4852 4856 4894
f 4856 4902 4894
f 3216 3219 2502
f 4902 4903 4894
f 4894 4903 4936
f 2781 3216 2502
f 4936 4934 4925
f 5004 4925 4934
f 2627 2781 2424
f 2618 2424 2255
f 2627 2424 2618
f 2618 2255 2303
f 2486 2303 2185
f 1988 2069 1858
f 2176 2069 1988
f 2176 1988 2081
f 2782 3111 2911
f 3111 2960 2911
f 3135 2960 3111
f 3111 3229 3135
f 3540 3640 3527
f 3640 3671 3527
f 3738 3671 3640
f 4064 3671 3738
f 4344 4299 4119
f 1299 797 964
f 797 609 964
f 609 446 964
f 964 1300 1299
f 446 449 964
f 964 1068 1300
f 3630 3750 3828
f 3828 3960 4122
f 3828 4122 4161
f 4205 4249 4253
f 4253 4249 4411
f 449 448 964
f 964 890 1068
f 3749 3750 3630
f 3750 3960 3828
f 4161 4122 4205
f 4122 4200 4205
f 4205 4200 4249
f 4468 4521 4576
f 964 448 890
f 3321 3537 3542
f 3542 3537 3630
f 3537 3749 3630
f 4576 4521 4641
f 4521 4668 4641
f 3320 3423 3321
f 3423 3537 3321
f 4668 4778 4733
f 3217 3320 3220
f 3217 3423 3320
f 3219 3217 3220
f 4778 4810 4856
f 3216 3217 3219
f 4867 4902 4856
f 4903 4902 4867
f 2952 3216 2624
f 2624 3216 2781
f 4934 4936 4903
f 2485 2624 2627
f 2624 2781 2627
f 5004 4934 4964
f 2627 2618 2485
f 4999 5004 4964
f 5002 5004 4999
f 2587 2339 2485
f 2485 2618 2587
f 5035 5002 4999
f 2587 2486 2339
f 2486 2337 2339
f 5034 5035 4999
f 2176 2081 2241
f 3671 4064 3736
f 3749 3894 3750
f 3750 3894 3960
f 3894 4123 3960
f 3960 4123 4122
f 4123 4162 4122
f 4162 4200 4122
f 4200 4248 4249
f 4248 4295 4249
f 4249 4295 4411
f 4295 4462 4411
f 4411 4462 4468
f 4462 4521 4468
f 3548 3537 3431
f 3548 3647 3537
f 3647 3749 3537
f 4582 4640 4521
f 4521 4640 4668
f 3431 3537 3423
f 4640 4771 4668
f 4668 4771 4778
f 3431 3423 3217
f 4771 4810 4778
f 3431 3217 2952
f 4856 4810 4859
f 2952 3217 3216
f 4859 4867 4856
f 4903 4867 4901
f 2624 2623 2952
f 4901 4900 4903
f 4903 4900 4934
f 2624 2485 2623
f 2485 2484 2623
f 4999 4964 4967
f 2485 2339 2484
f 2339 2338 2484
f 2337 2338 2339
f 5034 4999 5003
f 2337 2336 2338
f 2286 2216 2336
f 5003 4957 5034
f 2285 2216 2286
f 2285 2122 2216
f 4957 5031 5034
f 2076 2075 2079
f 2069 2075 2076
f 4933 5030 4995
f 5030 5031 4995
f 5030 4933 5001
f 4933 4954 5001
f 2069 2187 2075
f 2241 2214 2187
f 4855 4907 4893
f 4893 4907 4924
f 4855 4858 4907
f 2446 2487 2447
f 4907 4858 4906
f 4858 4860 4906
f 2446 2621 2487
f 4779 4860 4858
f 2621 2938 2487
f 2938 2632 2487
f 4860 4779 4826
f 4722 4730 4826
f 2938 3098 2958
f 4674 4730 4722
f 3226 3330 3098
f 3226 3428 3330
f 4587 4690 4674
f 4674 4690 4730
f 3226 3489 3428
f 4472 4577 4524
f 4690 4587 4577
f 4587 4524 4577
f 3739 3428 3489
f 3809 3428 3739
f 4527 4472 4342
f 4527 4577 4472
f 3648 3886 3647
f 3647 3886 3749
f 3749 3886 3894
f 4162 4248 4200
f 4248 4462 4295
f 3647 3548 3648
f 4521 4462 4582
f 3431 2954 3548
f 4638 4640 4582
f 4640 4638 4675
f 4640 4675 4771
f 3431 2952 2954
f 4771 4773 4810
f 4773 4813 4810
f 4859 4810 4813
f 2952 2955 2954
f 4901 4867 4859
f 2952 2623 2789
f 2952 2789 2955
f 2623 2957 2789
f 2957 2623 2959
f 4934 4816 4964
f 2484 2959 2623
f 4967 4964 4816
f 4967 4865 4999
f 2338 2791 2484
f 5003 4999 4865
f 2483 2338 2336
f 2481 2336 2216
f 5003 4956 4957
f 2216 2122 2076
f 2216 2076 2481
f 2481 2076 2335
f 2076 2079 2335
f 2075 2340 2079
f 2340 2335 2079
f 5031 4957 4995
f 4933 4995 4957
f 4895 4954 4928
f 4933 4928 4954
f 2340 2075 2215
f 4954 4895 4922
f 2075 2187 2215
f 4895 4893 4922
f 2187 2214 2215
f 4895 4783 4855
f 4895 4855 4893
f 2241 2447 2214
f 2447 2487 2214
f 4783 4781 4855
f 4855 4781 4858
f 4781 4779 4858
f 4781 4679 4779
f 3105 2632 2938
f 4679 4680 4722
f 4679 4722 4779
f 3105 2938 2958
f 3098 3105 2958
f 4587 4722 4680
f 4779 4722 4826
f 3105 3098 3330
f 4722 4587 4674
f 3441 3330 3428
f 4472 4524 4526
f 4587 4526 4524
f 3544 3441 3428
f 3641 3544 3428
f 3809 3641 3428
f 4342 3641 3809
f 4472 3641 4342
f 3646 3648 3548
f 3648 3646 3756
f 3648 3756 3886
f 3886 3756 3889
f 3889 3966 3886
f 3886 3966 3894
f 3894 3966 4123
f 4123 3966 4162
f 4162 3966 4248
f 3966 4406 4248
f 4248 4406 4462
f 3439 3548 2954
f 3548 3439 3646
f 4467 4462 4406
f 4462 4467 4582
f 4467 4586 4582
f 4638 4582 4586
f 2954 3536 3439
f 3439 3536 3646
f 3326 3536 2954
f 4773 4771 4675
f 2954 2955 3326
f 3326 2955 3328
f 2957 3328 2955
f 4780 4813 4773
f 4813 4780 4859
f 4859 4780 4901
f 2789 2957 2955
f 4900 4780 4857
f 4900 4901 4780
f 4900 4857 4816
f 4934 4900 4816
f 2791 2959 2484
f 4967 4816 4865
f 2786 2791 2338
f 5003 4865 4896
f 2786 2338 2635
f 2338 2483 2635
f 2488 2635 2483
f 2336 2481 2483
f 2483 2481 2488
f 4896 4956 5003
f 4957 4956 4963
f 4963 4961 4957
f 4957 4961 4933
f 4933 4935 4928
f 2340 2215 2341
f 4932 4895 4928
f 4935 4932 4928
f 4932 4926 4895
f 2341 2214 2490
f 2341 2215 2214
f 4898 4783 4895
f 4926 4898 4895
f 2490 2214 2489
f 4811 4783 4854
f 4783 4898 4854
f 2489 2214 2487
f 2632 2636 2487
f 2636 2489 2487
f 4783 4811 4781
f 4781 4811 4815
f 4679 4781 4815
f 2632 3105 2783
f 3105 3329 2783
f 4679 4815 4680
f 4727 4587 4680
f 4727 4680 4815
f 3105 3330 3329
f 4532 4587 4727
f 3441 3329 3330
f 4587 4532 4526
f 4472 3741 3641
f 4340 3741 4472
f 4471 4340 4472
f 4532 4471 4526
f 4471 4472 4526
f 3966 4075 4406
f 3536 3636 3646
f 3636 3756 3646
f 3966 3889 4015
f 4015 4075 3966
f 4075 4335 4406
f 4406 4335 4467
f 4335 4469 4467
f 4467 4469 4586
f 3756 3636 3823
f 3823 3889 3756
f 4528 4586 4469
f 4528 4638 4586
f 4638 4720 4675
f 3326 3328 3536
f 3536 3328 3541
f 3536 3541 3636
f 3821 3823 3636
f 4720 4773 4675
f 4720 4780 4773
f 2957 3336 3328
f 3336 3541 3328
f 4777 4857 4780
f 2957 3231 3336
f 3336 3231 3419
f 2957 2959 3231
f 4777 4816 4857
f 3109 3231 2959
f 2959 2791 3116
f 3109 2959 3116
f 2786 3116 2791
f 2786 2635 2787
f 2481 2628 2488
f 2628 2635 2488
f 2628 2787 2635
f 4896 4853 4956
f 2628 2481 2629
f 4929 4956 4853
f 4963 4956 4929
f 2481 2335 2622
f 2629 2481 2622
f 4963 4929 4961
f 4929 4935 4961
f 2340 2622 2335
f 2622 2340 2970
f 4933 4961 4935
f 2970 2340 2341
f 4932 4935 4926
f 2341 2490 2630
f 4935 4931 4926
f 2636 2630 2490
f 2962 2630 2636
f 4931 4898 4926
f 2490 2489 2636
f 2962 2636 2788
f 4898 4899 4854
f 2956 2788 2632
f 2788 2636 2632
f 4862 4811 4854
f 4899 4862 4854
f 2956 2632 2783
f 4811 4862 4815
f 3106 2956 2783
f 4862 4784 4815
f 3106 2783 3329
f 3442 3106 3329
f 4727 4815 4784
f 4532 4727 4673
f 3441 3442 3329
f 3441 3634 3442
f 3441 3544 3634
f 3641 3634 3544
f 3641 3741 3634
f 3741 3816 3634
f 3888 3816 3741
f 4340 3888 3741
f 4345 4293 4340
f 4464 4345 4471
f 4471 4345 4340
f 4464 4471 4532
f 4340 4293 3888
f 4075 4250 4335
f 3889 3964 4015
f 4015 3964 4075
f 4528 4517 4638
f 3823 3821 3889
f 3889 3821 3964
f 3964 4017 4075
f 4075 4017 4250
f 4469 4292 4528
f 3533 3541 3336
f 3541 3533 3636
f 3533 3744 3636
f 3744 3821 3636
f 3821 3744 3964
f 3744 3976 3964
f 3976 4017 3964
f 4292 4335 4250
f 4335 4292 4469
f 4292 4405 4528
f 4638 4517 4720
f 3419 3533 3336
f 4528 4405 4517
f 4720 4517 4583
f 4583 4670 4720
f 4720 4670 4780
f 4780 4670 4777
f 4670 4676 4777
f 3109 3222 3231
f 3222 3419 3231
f 3222 3533 3419
f 4777 4729 4816
f 4729 4865 4816
f 3116 3222 3109
f 4729 4777 4676
f 4729 4812 4865
f 3222 3116 3221
f 4782 4812 4729
f 4812 4896 4865
f 3102 3116 2786
f 3102 3221 3116
f 2786 2787 3102
f 3102 2787 3099
f 4812 4819 4896
f 2787 2628 3099
f 4896 4819 4853
f 2953 3099 2628
f 2953 2628 3115
f 2628 2629 3115
f 2622 2779 2629
f 2779 3115 2629
f 4929 4853 4776
f 4929 4776 4935
f 2779 2622 2785
f 2622 2970 2785
f 4776 4931 4935
f 2970 2341 2796
f 4776 4814 4931
f 2341 2630 2796
f 3223 3104 2962
f 3104 2796 2962
f 4931 4814 4898
f 4814 4775 4898
f 2796 2630 2962
f 4775 4725 4898
f 3223 2962 3332
f 4898 4725 4774
f 4898 4774 4899
f 2962 2788 2956
f 2962 2956 3332
f 4725 4728 4774
f 4899 4774 4862
f 3332 2956 3106
f 3332 3106 3282
f 3282 3106 3343
f 4728 4634 4724
f 4728 4724 4774
f 4774 4724 4784
f 4774 4784 4862
f 3343 3106 3434
f 4634 4673 4724
f 3434 3106 3442
f 3735 3635 3442
f 4634 4519 4673
f 4724 4673 4727
f 4724 4727 4784
f 3896 3813 3634
f 3813 3735 3634
f 3442 3634 3735
f 3961 3896 3816
f 4460 4464 4519
f 4519 4464 4532
f 4519 4532 4673
f 3634 3816 3896
f 3888 3961 3816
f 4343 3961 3888
f 4345 4343 4293
f 4460 4343 4345
f 4460 4345 4464
f 4343 3888 4293
f 3533 3545 3744
f 3744 3963 3976
f 4292 4250 4251
f 3222 3545 3533
f 3744 3545 3963
f 4017 3976 4251
f 4017 4251 4250
f 4517 4670 4583
f 3545 3817 3963
f 3963 3817 3892
f 3963 4251 3976
f 4251 4336 4292
f 4292 4336 4405
f 4517 4404 4530
f 4517 4530 4670
f 4670 4530 4676
f 3222 3221 3545
f 4404 4405 4336
f 4405 4404 4517
f 3221 3102 3438
f 3221 3438 3545
f 3545 3438 3817
f 3817 3438 3532
f 4530 4585 4676
f 4676 4585 4729
f 4729 4585 4782
f 4782 4677 4812
f 4812 4677 4819
f 3102 3099 3438
f 3438 3099 3421
f 3421 3532 3438
f 4585 4677 4782
f 4677 4682 4819
f 4819 4682 4853
f 3099 2953 3424
f 3099 3424 3421
f 2953 3115 3424
f 3115 3437 3424
f 4732 4853 4682
f 3115 2779 3324
f 3437 3115 3324
f 2779 3334 3324
f 2779 2785 3334
f 4732 4731 4853
f 3334 2785 3224
f 2785 2970 3224
f 4853 4731 4776
f 4678 4776 4731
f 2970 2796 3104
f 2970 3104 3224
f 4678 4667 4776
f 3333 3224 3104
f 4814 4776 4775
f 3333 3104 3223
f 3333 3223 3322
f 4578 4775 4667
f 4776 4667 4775
f 3332 3322 3223
f 4775 4578 4725
f 4578 4642 4725
f 3599 3322 3332
f 3332 3282 3599
f 4642 4522 4634
f 4642 4634 4725
f 3282 3343 3599
f 3599 3343 3434
f 3599 3434 3635
f 4725 4634 4728
f 4346 4525 4466
f 4522 4466 4525
f 4522 4525 4634
f 3635 3434 3442
f 3735 3818 3635
f 3813 3818 3735
f 3896 3818 3813
f 3993 3818 3896
f 4525 4346 4460
f 4525 4460 4519
f 4525 4519 4634
f 3896 3961 3993
f 3961 4343 3993
f 3993 4343 4346
f 4346 4343 4460
f 3817 3820 3892
f 3963 3892 3820
f 3963 3820 4251
f 3820 4202 4251
f 4298 4404 4336
f 3817 3631 3820
f 4298 4251 4202
f 4251 4298 4336
f 4410 4530 4404
f 3817 3532 3631
f 4410 4404 4298
f 4410 4408 4530
f 4530 4408 4585
f 3530 3532 3421
f 3530 3631 3532
f 3421 3424 3530
f 4408 4473 4585
f 4473 4682 4585
f 4585 4682 4677
f 3424 3437 3530
f 4682 4473 4475
f 3437 3324 3531
f 3530 3437 3531
f 4475 4731 4732
f 4475 4732 4682
f 3334 3422 3324
f 3422 3531 3324
f 3334 3224 3422
f 3422 3224 3420
f 4731 4459 4461
f 4731 4461 4678
f 3551 3420 3224
f 4461 4409 4667
f 4461 4667 4678
f 3224 3333 3551
f 3551 3333 3322
f 3551 3322 3528
f 4409 4347 4514
f 4409 4514 4578
f 4409 4578 4667
f 4578 4514 4642
f 3528 3322 3599
f 3814 3528 3599
f 4347 4254 4466
f 4347 4466 4514
f 4642 4514 4522
f 3814 3599 3635
f 3993 3814 3818
f 4254 3814 3993
f 4254 4294 4466
f 4514 4466 4522
f 3814 3635 3818
f 4254 3993 4294
f 4466 4294 4346
f 4294 3993 4346
f 3820 3631 3858
f 3631 3530 3858
f 3820 3959 4202
f 4202 3959 4063
f 4202 4063 4298
f 4298 4063 4410
f 3820 3858 3959
f 4410 4063 4408
f 3530 3531 3858
f 3858 3531 3959
f 4063 4473 4408
f 3531 3422 3959
f 4063 4117 4473
f 4473 4459 4475
f 4731 4475 4459
f 3959 3422 3967
f 4473 4117 4459
f 3422 3420 3967
f 3420 3551 3967
f 3967 3551 3528
f 4117 3967 3814
f 4459 4117 4409
f 4459 4409 4461
f 3967 3528 3814
f 4117 4254 4347
f 4117 4347 4409
f 4117 3814 4254
f 4063 3959 3967
f 4063 3967 4117
f 4962 4954 4922
f 5001 4954 4962
f 4924 4922 4893
f 4962 4922 4924
f 2077 2069 2076
f 4064 4299 3736
f 2081 2242 2241
f 2367 2242 2081
f 2960 3098 2911
f 2176 2241 2187
f 2176 2126 2069
f 2126 2187 2069
f 5033 5034 5031
f 5030 5055 5031
f 4690 4826 4730
f 2960 3135 3098
f 2337 2286 2336
f 2122 2077 2076
f 2486 2444 2337
f 433 448 376
f 1495 1497 1300
f 3229 3387 3228
f 3229 3228 3135
f 1157 1495 1300
f 4119 4299 4064
f 1397 1299 1496
f 1397 797 1299
f 2303 2486 2566
f 2303 2566 2618
f 1157 1300 1068
f 487 446 609
f 685 487 609
f 2185 2287 2486
f 745 797 1397
f 745 685 797
f 430 449 446
f 430 387 449
f 5035 5034 5053
f 5053 5034 5033
f 5053 5033 5032
f 5055 5030 5001
f 2782 2911 2784
f 977 1157 1068
f 800 977 890
f 977 1068 890
f 487 430 446
f 4983 5004 5002
f 2502 2424 2781
f 1876 1833 1843
f 1874 1840 1733
f 1874 1841 1840
f 3540 3527 3526
f 2619 2784 2657
f 2619 2782 2784
f 4968 5004 4983
f 2482 2625 2367
f 2482 2367 2081
f 3218 2676 2502
f 4344 4486 4339
f 4344 4339 4299
f 2626 2620 2625
f 2619 2657 2620
f 2626 2619 2620
f 2626 2625 2482
f 1993 1962 1841
f 1993 1960 1962
f 1993 1991 1960
f 3732 3738 3640
f 3540 3732 3640
f 5023 5035 5053
f 5023 5053 4996
f 5023 5002 5035
f 5023 4983 5002
f 1858 2069 1961
f 1811 1858 1961
f 2347 2502 2676
f 2493 2347 2676
f 1618 1811 1619
f 2493 2676 2728
f 2728 2676 3218
f 1875 1733 1709
f 1510 1618 1619
f 2219 2138 2230
f 2219 1987 2138
f 4635 4636 4594
f 3740 3732 3540
f 1561 1875 1709
f 4523 4572 4486
f 4960 4968 4965
f 3433 3526 3425
f 3433 3540 3526
f 3229 3425 3387
f 3433 3425 3229
f 1730 1880 1964
f 4969 4966 4997
f 4969 4965 4966
f 4969 4960 4965
f 1748 1624 1730
f 1629 1624 1748
f 5000 4969 4997
f 1519 1500 1518
f 1500 1494 1518
f 1519 1418 1500
f 1630 1875 1561
f 4998 4997 4996
f 4998 5000 4997
f 1413 1433 1201
f 1413 1561 1433
f 4632 4636 4635
f 4465 4403 4400
f 4523 4465 4400
f 4414 4523 4400
f 4337 4400 4403
f 4337 4414 4400
f 1407 1507 1576
f 1520 1418 1519
f 1520 1491 1418
f 1751 1748 1868
f 2910 2793 2584
f 4529 4523 4414
f 1569 1629 1751
f 1863 1751 1868
f 1304 1401 1301
f 3180 2802 3107
f 3242 3234 3432
f 3242 3180 3234
f 3180 3107 3234
f 4785 4805 4807
f 4785 4786 4805
f 3396 3242 3432
f 2693 2802 3180
f 2693 2637 2802
f 2693 2175 2637
f 2175 2224 2637
f 1863 2089 2028
f 2175 2089 2224
f 1634 1520 1519
f 1407 1516 1507
f 4959 4994 4993
f 4959 4993 4991
f 4958 4959 4991
f 4635 4594 4572
f 4575 4635 4572
f 4575 4632 4635
f 4584 4632 4575
f 4575 4572 4523
f 4584 4575 4523
f 4723 4807 4739
f 4723 4785 4807
f 4952 4958 4991
f 4930 4994 4959
f 4930 4998 4994
f 4633 4739 4669
f 4633 4723 4739
f 1663 1878 1749
f 1636 1878 1663
f 4633 4669 4632
f 4633 4632 4584
f 4297 4529 4414
f 1862 2018 1917
f 1862 2060 2018
f 1523 1749 1630
f 1523 1630 1561
f 1523 1561 1413
f 1523 1663 1749
f 1340 1413 1270
f 3103 2793 2910
f 4683 4785 4633
f 4683 4786 4785
f 4541 4633 4584
f 4541 4683 4633
f 1400 1569 1751
f 4541 4584 4306
f 4891 4952 4938
f 1400 1431 1569
f 1400 1330 1431
f 1272 1140 1141
f 1173 1140 1272
f 4158 4306 4297
f 1161 1304 1277
f 1517 1727 1603
f 1517 1603 1516
f 1517 1516 1407
f 3232 3242 3316
f 3232 3175 3242
f 1045 1161 1277
f 1937 1863 2028
f 183 219 197
f 1400 1219 1330
f 219 301 262
f 1287 1219 1400
f 1287 1141 1219
f 1287 1272 1141
f 1755 1635 1756
f 155 197 193
f 4157 4272 4158
f 1755 1756 1729
f 1412 1523 1413
f 1412 1413 1340
f 250 354 301
f 1532 1400 1625
f 4599 4891 4717
f 4599 4717 4458
f 4204 4599 4458
f 134 166 149
f 131 134 149
f 1724 1532 1625
f 2638 3103 2910
f 133 193 166
f 133 155 193
f 397 531 407
f 699 829 680
f 699 680 604
f 3645 3500 3396
f 3500 3316 3396
f 3215 3232 3316
f 3215 3175 3232
f 2343 2491 2344
f 2343 2344 2220
f 2085 2220 2094
f 2085 2094 2060
f 255 397 407
f 255 354 250
f 255 407 354
f 972 1045 912
f 4204 4458 4307
f 4204 4307 4203
f 2638 2910 2491
f 1724 1625 1937
f 3393 3338 3500
f 3393 3215 3338
f 3233 3215 3393
f 3233 3138 3215
f 4072 4074 4073
f 3829 3831 3832
f 3096 3138 3233
f 3785 3684 3755
f 3498 3500 3645
f 3393 3214 3233
f 3549 3498 3645
f 3829 3785 3755
f 3600 3755 3684
f 3096 3233 3214
f 3789 3893 3859
f 3444 3549 3496
f 3444 3498 3549
f 3860 3859 3893
f 3600 3496 3549
f 3652 3579 3606
f 95 111 88
f 190 164 199
f 3340 3285 3444
f 3235 3285 3340
f 3235 2989 2990
f 3235 2990 3285
f 459 438 522
f 190 199 235
f 336 357 406
f 459 406 438
f 3699 3785 3789
f 3652 3785 3699
f 1958 1861 1613
f 1613 1861 1615
f 1613 1615 1511
f 3604 3579 3652
f 1392 1511 1159
f 3604 3652 3699
f 350 336 406
f 59 58 79
f 59 41 58
f 115 108 116
f 113 116 145
f 115 116 113
f 458 459 522
f 458 406 459
f 25 38 41
f 240 190 235
f 1020 1268 1061
f 1020 1061 885
f 74 59 79
f 74 79 108
f 74 108 115
f 19 10 18
f 36 38 25
f 3445 3444 3446
f 3445 3340 3444
f 303 320 357
f 303 300 320
f 303 357 336
f 303 336 350
f 19 13 10
f 2067 2233 2232
f 888 930 963
f 2086 2189 2228
f 1982 1992 1958
f 54 51 36
f 23 22 17
f 21 24 22
f 21 22 23
f 986 1020 885
f 26 23 17
f 26 21 23
f 2478 2448 2380
f 87 48 51
f 196 165 237
f 2231 2233 2234
f 3693 3703 3686
f 873 877 965
f 2231 2067 2232
f 2231 2062 2067
f 162 163 196
f 162 132 100
f 162 100 163
f 21 39 24
f 1949 2189 2086
f 1949 2134 2189
f 21 53 39
f 1063 1166 986
f 1750 1722 1622
f 2431 2478 2380
f 864 877 873
f 129 91 87
f 100 129 87
f 40 21 26
f 40 26 27
f 40 27 52
f 1949 1982 1958
f 1949 1722 1750
f 70 68 56
f 57 70 56
f 57 56 53
f 2614 2478 2431
f 2737 2614 2431
f 3692 3685 3686
f 1621 1750 1622
f 1621 1622 1492
f 435 442 396
f 55 40 52
f 975 965 879
f 975 873 965
f 2092 2062 2231
f 2092 1947 2062
f 2092 1726 1947
f 801 802 1087
f 1153 801 1087
f 1153 1344 1422
f 192 162 205
f 55 52 62
f 55 62 78
f 94 55 78
f 2915 3124 2614
f 2915 2614 2737
f 2352 2231 2234
f 2351 2231 2352
f 2351 2352 2353
f 1303 1492 1307
f 1307 1392 1268
f 1303 1307 1166
f 1303 1621 1492
f 1837 1949 1750
f 93 92 91
f 93 91 129
f 136 129 100
f 192 100 132
f 192 132 162
f 1156 1303 1166
f 1156 1166 1063
f 524 644 628
f 238 295 216
f 3692 3728 3701
f 3594 3573 3701
f 396 332 340
f 358 396 340
f 340 332 216
f 295 340 216
f 3680 3607 3664
f 457 341 412
f 2949 3039 3113
f 236 192 205
f 701 683 802
f 701 802 801
f 1986 1726 2092
f 1986 1422 1726
f 1986 1193 1422
f 701 1422 1193
f 701 801 1153
f 701 1153 1422
f 2229 2353 2350
f 2229 2351 2353
f 1742 1870 1837
f 457 411 341
f 94 78 92
f 94 92 93
f 158 129 136
f 118 93 129
f 118 129 158
f 3685 3692 3598
f 2965 2947 2885
f 2225 2229 2350
f 1747 1193 1986
f 1747 701 1193
f 335 396 358
f 335 358 266
f 188 231 206
f 1873 2063 1870
f 1873 1870 1742
f 272 273 244
f 272 244 231
f 2326 2275 2066
f 2967 2965 2885
f 2967 2885 2893
f 2919 2967 2893
f 207 231 188
f 210 159 218
f 2346 2549 2495
f 2346 2225 2350
f 616 683 701
f 704 616 701
f 182 159 210
f 3376 3384 3385
f 3376 3385 3125
f 271 218 254
f 2972 3018 3119
f 151 122 148
f 156 153 117
f 148 117 144
f 153 144 117
f 525 616 704
f 525 543 616
f 525 466 455
f 3018 2847 2749
f 2972 2845 3018
f 2972 2633 2845
f 2633 2495 2549
f 289 308 271
f 289 254 293
f 2091 1851 1985
f 1851 1747 1985
f 1739 1747 1851
f 1628 1747 1739
f 169 150 122
f 785 782 778
f 1627 1628 1739
f 2633 2494 2495
f 555 552 440
f 1974 1851 2091
f 1974 2091 2160
f 1838 1851 1974
f 2908 2633 2972
f 2908 2972 2969
f 2346 2495 2494
f 526 481 466
f 330 308 289
f 348 289 293
f 330 289 348
f 260 182 210
f 298 308 330
f 803 731 777
f 731 614 777
f 803 614 731
f 1602 886 1598
f 803 886 1009
f 1009 886 1143
f 960 803 1009
f 1602 1143 886
f 3443 3345 3460
f 1839 1838 1974
f 215 204 177
f 241 215 177
f 2640 2496 2908
f 2914 2971 3066
f 2914 2908 2971
f 2177 1974 2156
f 452 481 526
f 2961 2951 2750
f 452 403 481
f 403 330 348
f 452 330 403
f 3861 3700 3810
f 612 803 960
f 194 177 204
f 296 182 260
f 296 260 298
f 3394 3443 3460
f 2696 2640 2908
f 3073 3271 3183
f 3743 3651 3562
f 3743 3757 3651
f 3335 3257 3160
f 3335 3358 3257
f 523 452 526
f 3462 3562 3461
f 3335 3461 3358
f 3335 3462 3461
f 2008 1974 2177
f 2008 1932 1974
f 1920 2087 1983
f 2222 2087 1920
f 3902 3861 3934
f 705 608 523
f 705 523 526
f 1834 1839 1932
f 460 452 523
f 2222 2408 2501
f 2354 2408 2222
f 296 298 389
f 1963 1920 1745
f 3971 3975 3972
f 239 227 222
f 2226 2354 2222
f 3902 3903 3975
f 3902 3934 3903
f 2696 2496 2640
f 2696 2361 2496
f 242 239 222
f 3394 3345 3443
f 3899 3906 3905
f 3900 3906 3899
f 3900 3972 3906
f 3753 3505 3700
f 3120 3284 3160
f 2498 2501 2408
f 2498 2408 2354
f 2301 2498 2354
f 2301 2354 2226
f 248 242 212
f 248 212 214
f 246 309 249
f 2807 2806 2876
f 2807 3062 2806
f 2713 2498 2571
f 2301 2497 2498
f 2497 2571 2498
f 2876 2902 2713
f 248 214 247
f 698 622 682
f 3538 3449 3592
f 2226 1920 1963
f 2226 2222 1920
f 1701 1351 1602
f 1215 1143 1602
f 1215 1602 1351
f 960 705 612
f 865 705 960
f 2974 3062 2807
f 3392 3449 3538
f 245 249 239
f 245 246 249
f 3342 3392 3538
f 283 292 246
f 2426 2497 2301
f 2675 2876 2713
f 3166 3178 3120
f 243 248 247
f 2718 2876 2675
f 3166 3120 2984
f 2718 2889 2876
f 2889 2807 2876
f 2889 2974 2807
f 2881 2974 2889
f 2114 2180 2226
f 274 246 245
f 716 698 830
f 716 622 698
f 245 248 243
f 3342 3258 3392
f 863 705 865
f 3034 2984 3120
f 2441 2589 2571
f 477 521 440
f 477 393 309
f 595 521 477
f 276 274 245
f 3174 3139 3212
f 2976 2984 3034
f 2976 3166 2984
f 288 294 356
f 288 287 294
f 288 278 287
f 2865 3091 3139
f 3342 3176 3258
f 276 245 258
f 258 245 243
f 2499 2441 2432
f 2499 2589 2441
f 2114 2173 2180
f 2809 2889 2718
f 2809 2718 2726
f 2809 2895 2889
f 648 703 521
f 648 521 595
f 286 283 281
f 2298 2541 2438
f 288 277 278
f 288 280 277
f 3044 3034 2881
f 281 282 279
f 381 374 356
f 3176 3061 3174
f 3044 2881 2895
f 611 677 577
f 2183 2298 2438
f 2183 2438 2355
f 904 866 820
f 2442 2748 2726
f 385 374 381
f 2174 2173 2114
f 790 648 677
f 790 677 611
f 1877 2061 2155
f 1877 1757 2061
f 884 904 1008
f 1093 1265 1410
f 884 1008 1093
f 310 321 319
f 884 866 904
f 2010 1877 2155
f 2263 2183 2355
f 2263 2155 2183
f 1354 1093 1410
f 789 884 922
f 922 884 1093
f 789 866 884
f 2870 2894 2973
f 1869 1877 2010
f 1616 1579 1757
f 2867 3044 2895
f 2867 2897 3044
f 1869 1757 1877
f 2747 2733 2748
f 329 337 373
f 2804 2973 2894
f 322 321 310
f 2979 3044 2897
f 2725 2873 2804
f 2792 2804 2894
f 372 388 323
f 355 372 323
f 2874 2792 2894
f 2643 2725 2804
f 392 329 373
f 1830 1869 1860
f 382 395 388
f 2982 2979 2897
f 2982 2897 2877
f 2649 2643 2644
f 2649 2586 2643
f 1864 1830 1860
f 394 392 445
f 394 391 329
f 2143 2179 1995
f 2143 1995 2088
f 2982 2986 2979
f 2986 2978 2979
f 2299 2443 2421
f 2299 2390 2443
f 2299 2292 2390
f 1970 1860 1869
f 1864 1860 1970
f 325 355 322
f 327 326 324
f 380 359 324
f 2913 2870 2986
f 2088 2235 2143
f 386 378 325
f 2874 2870 2913
f 327 325 326
f 514 443 445
f 2648 2644 2792
f 2648 2649 2644
f 2648 2578 2649
f 2578 2586 2649
f 384 391 394
f 2987 2913 3041
f 2987 2874 2913
f 593 443 514
f 1994 2235 2088
f 2506 2296 2302
f 2731 2585 2648
f 386 390 378
f 2065 2150 2259
f 2065 2055 2150
f 2585 2583 2648
f 2583 2578 2648
f 384 359 380
f 2184 2235 1994
f 2909 2874 2987
f 2909 2987 3041
f 1508 1626 1637
f 1508 1563 1626
f 434 416 384
f 447 434 384
f 2505 2805 2580
f 1453 1448 1563
f 1508 1453 1563
f 517 593 603
f 375 359 384
f 432 418 416
f 1508 1463 1453
f 2780 2808 2805
f 2780 2904 2808
f 437 416 434
f 437 432 416
f 437 434 447
f 2181 2184 2070
f 2068 2070 1871
f 379 405 402
f 379 404 405
f 379 418 404
f 2439 2646 2427
f 418 432 437
f 484 447 519
f 437 447 484
f 599 519 603
f 1871 1951 2068
f 2780 2646 2439
f 2653 2780 2439
f 484 418 437
f 1632 1637 1766
f 1632 1508 1637
f 1632 1463 1508
f 462 402 405
f 450 419 418
f 419 404 418
f 484 450 418
f 910 1081 1071
f 1081 1871 1071
f 2440 2653 2439
f 1081 1583 1871
f 1583 1951 1871
f 1081 1196 1583
f 910 1014 1081
f 2704 2780 2653
f 722 910 798
f 2704 2904 2780
f 621 527 483
f 621 798 527
f 722 798 621
f 462 483 402
f 4941 4907 4906
f 4826 4906 4860
f 4941 4906 4826
f 4734 4826 4690
f 4734 4941 4826
f 4941 4924 4907
f 4987 4924 4941
f 2127 2285 2286
f 2127 2122 2285
f 4987 4962 4924
f 5001 4962 4987
f 5024 5001 4987
f 2446 2447 2241
f 3661 3739 3489
f 3467 3661 3489
f 2368 2621 2446
f 2017 2069 2077
f 4483 4342 3809
f 3661 4483 3809
f 3661 3809 3739
f 3467 3489 3226
f 3134 3467 3226
f 3134 3226 3098
f 2827 3098 2938
f 2656 2827 2938
f 2656 2938 2621
f 4483 4527 4342
f 2014 2017 2077
f 2287 2286 2337
f 2566 2486 2587
f 1558 1495 1157
f 342 376 387
f 342 387 430
f 2064 1497 1495
f 2064 1495 1558
f 556 646 433
f 556 800 646
f 927 800 556
f 2566 2587 2618
f 1847 2014 2077
f 1847 2077 2122
f 5055 5001 5024
f 548 685 637
f 4339 4483 4299
f 4299 4483 3661
f 3736 4299 3661
f 3671 3736 3661
f 2367 2368 2446
f 2242 2446 2241
f 2367 2446 2242
f 2176 2187 2126
f 1961 2069 2017
f 1522 1496 1497
f 1522 1397 1496
f 1522 1343 1397
f 1343 745 1397
f 1047 745 1343
f 637 685 745
f 1047 637 745
f 1012 800 927
f 1012 977 800
f 1012 1157 977
f 4644 4734 4690
f 4644 4690 4577
f 4644 4577 4527
f 5084 5032 5033
f 1083 1558 1157
f 1083 1157 1012
f 548 342 430
f 548 430 487
f 548 487 685
f 2657 2656 2621
f 2657 2621 2368
f 2620 2657 2368
f 3135 3134 3098
f 2911 3098 2827
f 2911 2827 2656
f 2784 2911 2656
f 3458 3467 3387
f 3387 3467 3134
f 2657 2784 2656
f 3228 3387 3134
f 3425 3458 3387
f 2367 2625 2368
f 3671 3661 3527
f 3458 3526 3467
f 3527 3661 3467
f 3526 3527 3467
f 3228 3134 3135
f 2287 2337 2444
f 2287 2444 2486
f 1833 1831 1965
f 2255 2185 2303
f 1962 2064 1841
f 1811 1961 1812
f 1682 1811 1812
f 1619 1811 1682
f 2347 2424 2502
f 1494 1522 1518
f 1538 1522 1494
f 4997 4983 5023
f 3526 3458 3425
f 5056 4996 5053
f 4997 5023 4996
f 1843 1833 1965
f 1843 1965 1960
f 2620 2368 2625
f 4594 4591 4572
f 4966 4983 4997
f 4966 4968 4983
f 4966 4965 4968
f 1706 1522 1831
f 1833 1706 1831
f 1518 1522 1706
f 4594 4636 4644
f 4572 4591 4486
f 1962 1960 2064
f 1880 1922 1964
f 1987 1964 2138
f 2230 2424 2347
f 1510 1682 1826
f 1510 1619 1682
f 1730 1688 1880
f 1624 1688 1730
f 1500 1538 1494
f 1629 1571 1624
f 1500 1418 1538
f 4994 4996 5056
f 4994 4998 4996
f 2248 2300 2217
f 4807 4871 4821
f 1329 1510 1826
f 1329 1401 1510
f 2248 2217 2125
f 2248 2334 2300
f 1751 1629 1748
f 4786 4808 4805
f 2175 2028 2089
f 4952 4991 4927
f 4993 5061 4991
f 4648 4683 4541
f 2410 2175 2693
f 2514 2410 2693
f 3032 2693 3180
f 1359 1340 1270
f 1461 1412 1340
f 1705 1663 1523
f 1461 1705 1523
f 1461 1523 1412
f 1569 1571 1629
f 3316 3242 3396
f 1431 1465 1571
f 1431 1423 1465
f 262 261 219
f 219 261 176
f 4869 4891 4938
f 1431 1571 1569
f 1330 1423 1431
f 1330 1320 1423
f 1339 1201 1173
f 1173 1201 1200
f 1140 1200 1199
f 1173 1200 1140
f 1141 1140 1199
f 301 261 262
f 219 176 197
f 193 176 201
f 193 197 176
f 193 201 168
f 1359 1270 1201
f 4869 4938 4952
f 2491 2910 2584
f 2491 2584 2334
f 2220 2491 2125
f 1806 1634 1635
f 1806 1520 1634
f 1219 1217 1320
f 1219 1199 1217
f 1219 1320 1330
f 1219 1141 1199
f 193 168 166
f 149 166 168
f 3175 3180 3242
f 3175 3032 3180
f 1603 1727 1576
f 1603 1576 1507
f 2094 2220 2125
f 2094 2125 2018
f 4348 4306 4158
f 1301 1401 1329
f 4348 4536 4541
f 4348 4541 4306
f 2094 2018 2060
f 1821 1729 1636
f 1806 1635 1755
f 1821 1755 1729
f 1821 1806 1755
f 1603 1507 1516
f 1045 1277 1329
f 2514 2693 3032
f 2344 2491 2220
f 1277 1304 1301
f 1277 1301 1329
f 1272 1339 1173
f 1287 1400 1462
f 1287 1339 1272
f 1532 1462 1400
f 1724 1462 1532
f 4272 4348 4158
f 1937 2028 2048
f 604 680 531
f 4396 4348 4272
f 4648 4348 4396
f 4307 4648 4396
f 407 467 409
f 407 531 467
f 407 409 344
f 407 344 354
f 2993 2803 3032
f 2803 2514 3032
f 2778 2803 2993
f 2668 2514 2803
f 2778 2668 2803
f 3500 3338 3316
f 3215 3316 3338
f 3215 3138 3175
f 2993 3175 3138
f 3985 3913 4018
f 4125 4118 4156
f 4126 4156 4165
f 4126 4125 4156
f 4073 4118 4125
f 4073 4074 4118
f 3912 3913 3985
f 3832 3831 3913
f 3912 3832 3913
f 3096 2993 3138
f 3000 2993 3096
f 3000 2778 2993
f 3493 3393 3500
f 31 32 33
f 31 33 34
f 16 34 33
f 3350 3393 3493
f 3350 3214 3393
f 131 124 114
f 90 114 124
f 90 112 114
f 256 252 268
f 226 268 252
f 226 252 256
f 3930 3859 3860
f 300 269 352
f 300 268 269
f 300 256 268
f 300 352 357
f 320 300 357
f 3444 3350 3493
f 3579 3600 3684
f 3811 3859 3930
f 3811 3789 3859
f 3811 3930 3860
f 1613 1511 1556
f 406 413 438
f 229 256 300
f 3606 3684 3785
f 3579 3684 3606
f 2989 3096 2990
f 3285 3214 3350
f 3285 3350 3444
f 3285 2990 3096
f 3285 3096 3214
f 3446 3496 3600
f 3446 3600 3579
f 3493 3500 3498
f 3444 3493 3498
f 3446 3444 3496
f 1392 1556 1511
f 88 111 89
f 79 41 108
f 3142 2989 3235
f 58 41 79
f 3477 3340 3445
f 2233 2161 2271
f 235 199 229
f 68 88 67
f 88 89 67
f 68 67 56
f 24 39 15
f 1096 1268 1020
f 37 19 36
f 36 19 38
f 1808 1958 1613
f 414 406 458
f 2046 2161 2233
f 473 458 522
f 473 414 458
f 240 229 300
f 37 36 51
f 1197 1307 1268
f 2407 2448 2409
f 2407 2409 2228
f 10 12 18
f 14 13 19
f 14 19 37
f 351 350 406
f 351 303 350
f 240 300 303
f 8 12 13
f 14 8 13
f 13 12 10
f 2234 2233 2271
f 1716 1808 1613
f 240 235 229
f 22 24 15
f 22 15 17
f 3696 3604 3699
f 3696 3579 3604
f 1716 1556 1392
f 1716 1392 1307
f 2380 2448 2407
f 1096 1020 986
f 26 17 11
f 1166 1096 986
f 53 42 39
f 53 56 42
f 1722 1808 1716
f 27 11 8
f 20 8 14
f 20 14 48
f 26 11 27
f 2067 2046 2233
f 2045 2046 2067
f 3478 3373 3483
f 3369 3483 3373
f 2045 2067 2062
f 1949 1808 1722
f 1949 1958 1808
f 3693 3759 3703
f 62 27 8
f 62 20 78
f 62 8 20
f 86 48 87
f 225 196 237
f 802 538 888
f 888 538 930
f 1492 1716 1307
f 1166 1307 1197
f 1166 1197 1096
f 86 87 91
f 225 162 196
f 304 225 237
f 304 237 240
f 1087 888 963
f 1087 802 888
f 52 27 62
f 205 162 225
f 92 78 86
f 92 86 91
f 270 205 225
f 1622 1722 1492
f 2829 2915 2737
f 638 802 683
f 3664 3607 3582
f 233 238 211
f 3018 2749 2826
f 3695 3692 3701
f 2431 2829 2737
f 879 965 877
f 879 877 864
f 778 782 707
f 644 707 628
f 778 707 644
f 266 340 295
f 266 358 340
f 266 295 238
f 233 266 238
f 234 233 211
f 234 211 206
f 3680 3582 3607
f 1870 1936 1837
f 297 304 307
f 410 307 304
f 410 297 307
f 410 341 411
f 3598 3692 3695
f 2350 2353 2549
f 1930 1837 1936
f 1930 1949 1837
f 270 236 205
f 2254 2517 2431
f 638 543 545
f 457 545 543
f 2849 2915 2829
f 2849 2918 2915
f 2128 2066 2275
f 435 524 442
f 3695 3701 3573
f 2254 2128 2275
f 266 233 244
f 234 244 233
f 2949 2918 2849
f 616 638 683
f 616 543 638
f 2518 2517 2254
f 2326 2518 2254
f 2326 2254 2275
f 254 236 270
f 273 266 244
f 302 266 273
f 2346 2350 2549
f 3687 3685 3598
f 2665 2517 2518
f 2947 3039 2949
f 2885 2947 2949
f 2665 2518 2588
f 725 785 778
f 725 778 644
f 440 524 435
f 440 552 524
f 410 455 466
f 410 411 455
f 455 411 457
f 302 335 266
f 231 244 234
f 231 234 206
f 725 644 639
f 639 644 524
f 552 639 524
f 3584 3695 3573
f 3584 3598 3695
f 3584 3687 3598
f 3447 3584 3573
f 2063 2066 1936
f 1870 2063 1936
f 297 254 270
f 3376 3447 3384
f 293 254 297
f 2721 2885 2949
f 2721 2893 2885
f 481 410 466
f 3183 3376 3125
f 613 639 552
f 154 151 148
f 170 150 169
f 3066 2969 3119
f 613 710 639
f 710 725 639
f 347 401 335
f 347 440 401
f 208 231 207
f 154 169 151
f 170 169 154
f 3842 3905 3922
f 144 153 178
f 3072 3183 3125
f 302 347 335
f 2951 3070 2919
f 2951 3063 3070
f 3072 3125 3063
f 3073 3183 3072
f 1824 1851 1838
f 1824 1739 1851
f 1824 1627 1739
f 2565 2494 2633
f 2565 2346 2494
f 2745 2919 2893
f 2745 2951 2919
f 3651 3762 3687
f 3651 3757 3762
f 3842 3762 3757
f 3562 3651 3687
f 302 273 272
f 263 302 272
f 263 272 231
f 2971 2969 3066
f 2971 2908 2969
f 3361 3066 3119
f 2800 2893 2721
f 2745 2893 2800
f 2496 2633 2908
f 2496 2565 2633
f 613 552 555
f 2156 1974 2160
f 260 210 218
f 2160 2346 2565
f 298 271 308
f 2750 2951 2745
f 2361 2565 2496
f 3461 3562 3354
f 1602 1598 1627
f 1810 1838 1839
f 144 154 148
f 3130 3271 3073
f 3130 3160 3257
f 2008 2177 2274
f 223 204 215
f 2274 2156 2160
f 2274 2177 2156
f 3906 3920 3922
f 3920 3917 3922
f 3988 3917 3920
f 3906 3988 3920
f 3861 3918 3934
f 3861 3810 3918
f 2914 3066 2846
f 195 178 194
f 3062 3073 3072
f 3130 3073 3062
f 739 710 613
f 343 477 440
f 1834 1810 1839
f 3505 3460 3700
f 222 227 198
f 2985 3130 3062
f 212 198 214
f 309 263 259
f 1221 1215 1351
f 1221 1143 1215
f 249 309 259
f 3284 3335 3160
f 2044 2008 2274
f 539 608 682
f 539 523 608
f 242 222 212
f 195 194 204
f 539 682 622
f 3468 3505 3592
f 823 785 710
f 823 710 739
f 461 296 389
f 461 305 296
f 461 389 431
f 3120 3160 3130
f 2157 2274 2361
f 2411 2361 2696
f 1927 2008 2044
f 1927 1932 2008
f 1927 1834 1932
f 223 215 241
f 294 241 296
f 294 223 241
f 294 296 305
f 894 865 960
f 894 960 1009
f 2348 2361 2411
f 2348 2157 2361
f 239 249 227
f 2985 3120 3130
f 461 431 460
f 461 460 523
f 461 523 539
f 393 477 343
f 393 343 309
f 3178 3284 3120
f 2383 2301 2226
f 2383 2426 2301
f 3139 3091 3372
f 2574 2426 2383
f 243 247 214
f 823 868 785
f 823 869 868
f 2675 2713 2571
f 2675 2571 2589
f 2441 2571 2497
f 2441 2497 2426
f 631 622 716
f 631 539 622
f 2574 2441 2426
f 468 521 477
f 908 863 865
f 908 830 863
f 477 521 468
f 3258 3449 3392
f 195 204 213
f 287 195 213
f 223 213 204
f 287 213 223
f 287 223 294
f 278 195 287
f 257 246 274
f 257 283 246
f 629 631 716
f 356 294 345
f 2499 2675 2589
f 734 716 830
f 3064 2865 3139
f 629 716 734
f 2895 2881 2889
f 2385 2499 2432
f 2385 2475 2499
f 820 734 830
f 577 648 595
f 381 356 345
f 3174 3212 3258
f 3061 3139 3174
f 3064 3139 3061
f 282 276 258
f 2270 2304 2541
f 2304 2411 2541
f 2270 2411 2304
f 281 283 257
f 281 257 274
f 281 274 276
f 281 276 282
f 2726 2718 2675
f 279 258 243
f 3176 3174 3258
f 2442 2675 2581
f 2442 2726 2675
f 279 282 258
f 2183 2405 2298
f 677 648 577
f 2155 2270 2183
f 279 243 280
f 904 820 900
f 2419 2173 2174
f 2748 2809 2726
f 2430 2442 2581
f 2355 2438 2537
f 1008 904 900
f 3059 3061 3176
f 3059 3064 3061
f 2155 2061 2270
f 3059 3176 2873
f 2400 2263 2355
f 2268 2155 2263
f 1265 1209 1456
f 2867 2748 2733
f 1795 1616 1757
f 2699 2873 2725
f 2470 2430 2445
f 2419 2174 2179
f 373 337 374
f 275 310 318
f 275 322 310
f 635 789 714
f 1795 1757 1869
f 1410 1548 1827
f 1579 1410 1827
f 1410 1456 1548
f 1410 1265 1456
f 1579 1354 1410
f 2862 2590 2652
f 2699 2590 2862
f 338 373 374
f 392 373 338
f 1723 1616 1795
f 1723 1579 1616
f 2747 2867 2733
f 339 388 372
f 339 382 388
f 339 372 355
f 921 714 789
f 2877 2867 2898
f 2877 2897 2867
f 2874 2894 2870
f 732 635 714
f 2143 2419 2179
f 2235 2419 2143
f 2898 2867 2747
f 514 445 392
f 324 275 318
f 326 275 324
f 326 325 322
f 2738 2725 2643
f 2738 2699 2725
f 383 382 339
f 390 339 325
f 359 327 324
f 1832 1830 1864
f 3041 2913 2986
f 2506 2470 2445
f 2506 2580 2470
f 2259 2150 2292
f 1448 1449 1563
f 390 383 339
f 390 325 378
f 2302 2296 2235
f 2701 2643 2586
f 2701 2586 2578
f 2701 2578 2583
f 2648 2792 2874
f 2731 2648 2874
f 2056 2150 2055
f 2425 2421 2443
f 2425 2299 2421
f 2425 2292 2299
f 2168 2065 2259
f 2065 2056 2055
f 2168 2056 2065
f 377 386 327
f 2505 2580 2506
f 2912 2585 2731
f 377 327 375
f 375 327 359
f 603 593 514
f 1832 1637 1626
f 2296 2506 2445
f 2890 2900 2808
f 1766 1637 1832
f 599 603 620
f 3027 2808 2904
f 2573 2440 2439
f 544 621 483
f 439 405 404
f 1345 1951 1583
f 620 519 599
f 2169 2070 2068
f 465 462 405
f 2567 2440 2573
f 2567 2653 2440
f 2734 3027 2904
f 1345 1583 1196
f 1698 1632 1766
f 1698 1463 1632
f 1090 1345 1196
f 1090 1196 1081
f 1090 1081 1014
f 915 1014 910
f 512 436 484
f 465 405 439
f 436 450 484
f 1916 1951 1345
f 738 915 910
f 738 910 722
f 2704 2734 2904
f 464 404 419
f 464 419 450
f 464 450 436
f 1971 2169 2068
f 1971 2068 1951
f 483 462 465
f 601 738 722
f 601 722 621
f 1916 1971 1951
f 2429 2439 2427
f 2429 2573 2439
f 2709 2704 2653
f 2709 2653 2567
f 3013 3012 3126
f 3659 3570 3670
f 1855 1918 1859
f 1855 1859 1798
f 3659 3670 3841
f 3982 3981 4076
f 4093 3982 4076
f 3553 3570 3659
f 3553 3471 3570
f 1769 1731 1829
f 3379 3126 3471
f 1642 1605 1741
f 1642 1741 1764
f 1855 1798 1802
f 2822 3012 3013
f 2822 2824 3012
f 3928 3914 3981
f 3928 3981 3982
f 3840 3914 3928
f 3840 3841 3914
f 3659 3841 3840
f 3659 3840 3786
f 3553 3379 3471
f 2546 2824 2822
f 2546 2552 2824
f 1857 2012 1977
f 1989 1918 1855
f 1884 1829 1857
f 1769 1829 1884
f 1769 1642 1731
f 1977 2012 2552
f 1977 2552 2546
f 3379 3013 3126
f 1650 1799 1596
f 4081 4057 4092
f 4081 4028 4057
f 2921 2664 2842
f 1966 1955 1967
f 1967 1955 1989
f 1802 1798 1799
f 1802 1799 1650
f 4131 4092 4093
f 4131 4081 4092
f 2842 2664 2598
f 2598 2664 2524
f 2598 2524 2477
f 2436 2477 2524
f 2178 1955 1966
f 2436 2293 2307
f 2197 2293 2178
f 2690 2691 2689
f 2690 2689 2691
f 2823 2921 2756
f 2823 2756 2599
f 2500 2477 2436
f 4135 4131 4207
f 4197 4135 4207
f 4135 4081 4131
f 2297 2436 2307
f 2500 2436 2297
f 2297 2307 2293
f 3459 3502 3574
f 3459 3344 3502
f 4305 4264 4288
f 4262 4197 4305
f 3123 3082 3181
f 2349 2500 2297
f 2349 2297 2188
f 4288 4333 4305
f 3628 3574 3502
f 4313 4305 4351
f 4313 4262 4305
f 3656 3628 3733
f 3656 3574 3628
f 4412 4361 4351
f 4361 4313 4351
f 3359 3344 3459
f 3359 3287 3344
f 2237 2349 2188
f 3768 3656 3733
f 3405 3459 3595
f 3501 3405 3595
f 3405 3359 3459
f 3501 3595 3571
f 3768 3605 3656
f 3605 3571 3656
f 3501 3571 3605
f 2374 2237 2480
f 2374 2349 2237
f 4571 4686 4868
f 4270 4485 4132
f 4270 4510 4485
f 4515 4831 4510
f 4510 4831 4485
f 4515 4868 4831
f 3525 3658 3457
f 4153 4194 4132
f 4270 4132 4194
f 4515 4564 4868
f 4564 4601 4868
f 4601 4574 4868
f 4574 4571 4868
f 4564 4566 4601
f 4153 4132 3984
f 4153 3984 4061
f 3731 3984 3658
f 4061 3984 3731
f 3731 3658 3525
f 4737 4868 4686
f 4851 4870 4868
f 4851 4868 4737
f 4890 4485 4831
f 4874 4822 4890
f 4890 4822 4685
f 4685 4595 4890
f 4890 4595 4485
f 4355 4132 4485
f 3525 2658 2480
f 3129 3525 3457
f 4355 4208 4132
f 3525 3129 2658
f 4132 4026 3984
f 4571 4590 4686
f 4590 4689 4686
f 4737 4686 4689
f 4737 4689 4738
f 4737 4738 4851
f 4789 4851 4738
f 4851 4789 4870
f 4870 4789 4868
f 4868 4789 4823
f 4831 4868 4825
f 4825 4868 4823
f 4825 4820 4831
f 4831 4820 4890
f 4890 4820 4874
f 4822 4874 4741
f 4685 4822 4592
f 4822 4741 4592
f 4592 4595 4685
f 4535 4485 4595
f 4592 4535 4595
f 4413 4355 4485
f 2480 2510 2374
f 2510 2480 2658
f 4354 4208 4355
f 4354 4355 4413
f 2714 2510 2658
f 3129 3033 2658
f 3033 2714 2658
f 3658 3554 3457
f 4132 4130 4026
f 4171 4130 4132
f 4171 4132 4208
f 3457 3033 3129
f 3554 3033 3457
f 3658 3984 3554
f 4130 3984 4026
f 3571 3595 3704
f 3571 3704 3656
f 4361 4412 4571
f 4412 4534 4571
f 4590 4571 4534
f 4590 4534 4589
f 4590 4589 4689
f 4689 4589 4738
f 4589 4647 4738
f 4647 4687 4738
f 4687 4789 4738
f 4687 4684 4789
f 4743 4789 4684
f 4789 4743 4823
f 4823 4743 4742
f 4742 4825 4823
f 4485 4477 4413
f 4535 4477 4485
f 4598 4535 4592
f 2510 2349 2374
f 2714 2651 2510
f 4208 4215 4171
f 4354 4215 4208
f 3033 2651 2714
f 3243 3033 3554
f 3984 4080 3554
f 4080 3243 3554
f 4130 4080 3984
f 3574 3595 3459
f 3704 3574 3656
f 3595 3574 3704
f 4353 4412 4351
f 4353 4482 4412
f 4412 4482 4534
f 4534 4482 4589
f 4540 4589 4482
f 4540 4647 4589
f 4687 4647 4684
f 4596 4684 4647
f 4650 4743 4684
f 4650 4684 4596
f 4650 4742 4743
f 4740 4742 4650
f 4825 4742 4740
f 4825 4740 4820
f 4740 4744 4820
f 4820 4744 4874
f 4874 4744 4741
f 4592 4741 4688
f 4592 4688 4598
f 4478 4477 4535
f 4598 4478 4535
f 2651 2349 2510
f 4171 4215 4173
f 4358 4215 4354
f 4354 4413 4358
f 3137 2651 3033
f 3243 3137 3033
f 3243 3256 3137
f 4080 4130 4079
f 4130 4173 4079
f 4171 4173 4130
f 4079 3256 3243
f 4080 4079 3243
f 4351 4305 4353
f 4353 4305 4333
f 4350 4353 4304
f 4353 4333 4304
f 4476 4353 4350
f 4353 4476 4482
f 4476 4540 4482
f 4540 4476 4647
f 4596 4476 4538
f 4596 4647 4476
f 4596 4538 4593
f 4593 4650 4596
f 4593 4543 4650
f 4543 4740 4650
f 4740 4646 4744
f 4744 4646 4741
f 4646 4649 4741
f 4597 4688 4649
f 4649 4688 4741
f 4645 4688 4597
f 4688 4645 4598
f 4418 4478 4479
f 4598 4588 4478
f 4588 4479 4478
f 4588 4598 4645
f 4477 4478 4419
f 4478 4418 4419
f 4413 4419 4358
f 4413 4477 4419
f 2651 2500 2349
f 4209 4173 4215
f 4300 4209 4215
f 4358 4300 4215
f 2599 2500 2651
f 2823 2599 2651
f 3137 2823 2651
f 4172 4173 4209
f 3137 3045 2823
f 3137 3256 3045
f 3256 3251 3045
f 3348 3251 3256
f 4079 3348 3256
f 4025 3348 4079
f 4086 4025 4079
f 4086 4079 4172
f 4172 4079 4173
f 4197 4207 4305
f 4207 4264 4305
f 4308 4304 4207
f 4304 4264 4207
f 4304 4308 4350
f 4350 4308 4476
f 4349 4476 4308
f 4349 4538 4476
f 4487 4538 4349
f 4487 4593 4538
f 4487 4543 4593
f 4543 4544 4740
f 4740 4544 4646
f 4544 4630 4646
f 4630 4649 4646
f 4597 4649 4630
f 4630 4588 4645
f 4630 4645 4597
f 4479 4484 4418
f 4588 4484 4479
f 4358 4419 4418
f 4209 4300 4255
f 4172 4209 4170
f 4209 4212 4170
f 4209 4255 4212
f 3045 2921 2823
f 3251 2921 3045
f 3348 3249 3251
f 3780 3674 3348
f 4025 3780 3348
f 3911 3780 4025
f 4027 3911 4025
f 4207 4131 4093
f 4210 4207 4093
f 4207 4210 4258
f 4308 4207 4258
f 4308 4256 4349
f 4352 4487 4349
f 4487 4352 4416
f 4416 4543 4487
f 4544 4481 4533
f 4481 4457 4533
f 4533 4630 4544
f 4457 4480 4533
f 4480 4537 4533
f 4533 4537 4630
f 4588 4630 4539
f 4630 4537 4539
f 4356 4418 4484
f 4539 4484 4588
f 4257 4358 4356
f 4358 4418 4356
f 4300 4358 4257
f 4255 4257 4212
f 4255 4300 4257
f 2293 2247 2178
f 2436 2247 2293
f 2386 2247 2436
f 2524 2386 2436
f 4025 4086 4027
f 4170 4086 4172
f 2999 2664 3251
f 3251 2664 2921
f 3250 2999 3249
f 3249 2999 3251
f 3348 3250 3249
f 3674 3250 3348
f 3834 3674 3780
f 3911 3834 3780
f 4076 4210 4093
f 4210 4174 4258
f 4174 4308 4258
f 4256 4308 4174
f 4352 4349 4310
f 4362 4416 4352
f 4416 4362 4359
f 4359 4543 4416
f 1605 1596 1741
f 4359 4357 4543
f 4357 4544 4543
f 1741 1596 1799
f 4357 4481 4544
f 4360 4480 4457
f 4480 4484 4537
f 4537 4484 4539
f 1973 1918 1955
f 1918 1989 1955
f 4484 4480 4415
f 4484 4415 4356
f 1955 1998 1973
f 4219 4257 4301
f 4301 4257 4356
f 1955 2178 1998
f 2178 2116 1998
f 4257 4219 4212
f 2116 2178 2113
f 2113 2178 2247
f 4169 4170 4212
f 2384 2113 2247
f 2384 2247 2386
f 2524 2384 2386
f 3674 3561 3250
f 3911 3837 3834
f 4027 3837 3911
f 3012 2824 2818
f 3012 2818 3015
f 3012 3015 3126
f 2552 2666 2824
f 2818 2824 2666
f 2545 2552 2362
f 2552 2545 2666
f 3471 3126 3380
f 2552 2012 2362
f 3466 3471 3380
f 3570 3471 3466
f 3670 3570 3681
f 3763 3670 3681
f 3670 3763 3841
f 3763 3914 3841
f 3909 3981 3914
f 4076 3981 3909
f 1829 1852 1857
f 4210 4076 4082
f 1829 1731 1763
f 1829 1763 1852
f 4174 4210 4082
f 4174 4221 4256
f 4256 4221 4349
f 1642 1773 1731
f 4221 4310 4349
f 1642 1764 1773
f 4221 4260 4310
f 4260 4352 4310
f 4362 4352 4260
f 1714 1741 1799
f 1799 1735 1714
f 4357 4309 4481
f 1798 1717 1799
f 1799 1717 1735
f 4330 4457 4309
f 4457 4481 4309
f 1798 1859 1717
f 4457 4330 4360
f 4330 4302 4360
f 4363 4360 4302
f 4480 4360 4363
f 4301 4356 4363
f 4415 4363 4356
f 4480 4363 4415
f 1998 1883 1973
f 1969 1883 1998
f 1969 1998 2116
f 4219 4301 4213
f 2116 2166 1969
f 4212 4213 4169
f 4219 4213 4212
f 2116 2113 2166
f 3986 4027 4085
f 4086 4085 4027
f 4170 4129 4086
f 4129 4085 4086
f 4170 4169 4129
f 2384 2245 2113
f 2384 2524 2372
f 2524 2521 2372
f 2524 2664 2521
f 4027 3986 3837
f 2372 2245 2384
f 2664 2669 2521
f 2999 2669 2664
f 3245 2669 2999
f 3250 3245 2999
f 3561 3245 3250
f 3777 3245 3561
f 3674 3777 3561
f 3834 3777 3674
f 3834 3837 3777
f 2995 3015 2818
f 3279 3126 3015
f 2818 2916 2995
f 3126 3279 3380
f 2362 2692 2545
f 2545 2692 2666
f 2818 2666 2692
f 2692 2916 2818
f 3570 3466 3557
f 3570 3557 3681
f 2362 2012 2021
f 3669 3681 3557
f 3763 3681 3839
f 3681 3669 3839
f 3909 3914 3839
f 3914 3763 3839
f 2012 1857 2021
f 1857 1928 2021
f 4082 4076 3909
f 1857 1852 1928
f 4082 4078 4133
f 4174 4082 4133
f 1731 1773 1763
f 4221 4174 4214
f 4174 4133 4214
f 4260 4221 4214
f 1643 1773 1764
f 4362 4260 4091
f 1764 1741 1643
f 4362 4091 4359
f 1713 1643 1714
f 1643 1741 1714
f 4359 4217 4357
f 4261 4357 4217
f 1713 1714 1735
f 4357 4261 4309
f 4309 4364 4330
f 1735 1717 1761
f 1761 1717 1859
f 4302 4364 4303
f 4330 4364 4302
f 1886 1761 1918
f 1761 1859 1918
f 4302 4303 4263
f 4263 4363 4302
f 1886 1918 1973
f 4265 4301 4287
f 4301 4263 4287
f 4363 4263 4301
f 2013 1886 1973
f 2013 1973 1883
f 4265 4287 4301
f 2013 1883 1969
f 4301 4287 4213
f 4169 4168 4129
f 4213 4168 4169
f 2238 2166 2113
f 3983 3986 4085
f 2238 2113 2245
f 2372 2238 2245
f 3844 3777 3837
f 3986 3844 3837
f 3983 3844 3986
f 2671 2521 2669
f 3245 3069 2669
f 3766 3777 3844
f 3069 2671 2669
f 3777 3766 3069
f 3777 3069 3245
f 2995 3279 3015
f 2916 2692 2819
f 3389 3279 2995
f 3380 3279 3389
f 3389 3390 3380
f 3380 3390 3466
f 3466 3390 3557
f 2171 2362 2021
f 3569 3557 3390
f 3669 3557 3672
f 3557 3569 3672
f 3672 3765 3669
f 3765 3839 3669
f 3765 3909 3839
f 1928 2171 2021
f 1852 1848 1928
f 4078 4082 3909
f 1852 1763 1848
f 1773 1732 1763
f 4078 4214 4133
f 1773 1728 1732
f 1773 1643 1728
f 4091 4217 4359
f 4217 4222 4261
f 1738 1713 1735
f 4309 4261 4303
f 4303 4364 4309
f 1761 1794 1735
f 1735 1794 1738
f 4303 4261 4246
f 1794 1761 1886
f 4246 4263 4303
f 1975 1794 1886
f 1886 2013 1975
f 1969 1975 2013
f 4168 4213 4216
f 4213 4287 4216
f 1969 2166 1975
f 2166 2124 1975
f 4129 4168 4128
f 2124 2166 2129
f 2129 2166 2238
f 4085 4087 3983
f 4128 4087 4129
f 4129 4087 4085
f 2372 2522 2238
f 2521 2522 2372
f 2521 2671 2522
f 3844 3836 3766
f 3910 3836 3983
f 3983 3836 3844
f 2819 2841 2916
f 2841 3241 2916
f 3241 2995 2916
f 3389 2995 3241
f 2841 2819 2692
f 3389 3485 3390
f 2377 2362 2171
f 2362 2377 2692
f 2377 2687 2692
f 2687 2841 2692
f 3591 3390 3485
f 3591 3569 3390
f 3569 3591 3672
f 3672 3591 3767
f 3672 3767 3765
f 3909 3765 3767
f 2171 1928 2022
f 3783 3909 3767
f 3980 3909 3783
f 4078 3909 3980
f 1728 1737 1732
f 1728 1643 1737
f 1643 1644 1737
f 1713 1644 1643
f 4222 4217 4218
f 4261 4222 4218
f 1644 1713 1653
f 1653 1713 1738
f 1738 1794 1653
f 4261 4220 4246
f 1734 1653 1794
f 4246 4259 4263
f 1734 1794 1800
f 1800 1794 1975
f 4287 4263 4259
f 4211 4216 4259
f 4216 4287 4259
f 1800 1975 2124
f 4087 4128 4139
f 4139 4128 4168
f 3983 4087 4090
f 2272 2129 2238
f 3983 4090 3910
f 2238 2522 2376
f 2238 2376 2272
f 2513 2376 2522
f 3910 3766 3836
f 2671 2513 2522
f 3560 3248 3069
f 3766 3560 3069
f 3011 2841 3016
f 3241 2841 3011
f 2840 2841 2686
f 2841 2687 2686
f 2840 3016 2841
f 3356 3389 3241
f 3389 3356 3485
f 3591 3485 3356
f 2171 2123 2377
f 2377 2544 2687
f 2544 2686 2687
f 3588 3591 3356
f 3588 3668 3591
f 3668 3764 3767
f 3668 3767 3591
f 3769 3767 3764
f 2171 2022 2123
f 3783 3767 3769
f 2123 2022 1928
f 1848 2123 1928
f 1732 1736 1763
f 1737 1655 1732
f 1732 1655 1736
f 3980 4083 4078
f 4214 4078 4083
f 1644 1655 1737
f 4214 4083 4260
f 1644 1649 1633
f 4091 4089 4217
f 4138 4217 4089
f 4218 4217 4138
f 4218 4138 4261
f 1653 1649 1644
f 4220 4176 4246
f 4246 4176 4259
f 1800 1793 1734
f 4211 4259 4176
f 4137 4216 4211
f 4168 4216 4139
f 4216 4137 4139
f 2124 2272 1800
f 2124 2129 2272
f 2513 2520 2376
f 2671 2520 2513
f 3069 2520 2671
f 3248 2520 3069
f 3910 3560 3766
f 3011 3016 3145
f 3011 3145 3241
f 2840 2686 2543
f 3356 3241 3145
f 2543 2544 2269
f 2686 2544 2543
f 3769 3764 3668
f 2162 2269 2123
f 2269 2377 2123
f 2377 2269 2544
f 3668 3588 3769
f 3588 3770 3769
f 3783 3769 3770
f 3760 3783 3770
f 3980 3783 3760
f 1763 1736 1848
f 3980 3933 3931
f 4083 3980 3931
f 4032 4083 3931
f 4032 4260 4083
f 1633 1600 1644
f 1644 1600 1655
f 4091 4260 4032
f 4138 4038 4261
f 4261 4038 4220
f 4038 4136 4220
f 1653 1654 1649
f 4220 4136 4176
f 4136 4175 4176
f 1653 1734 1654
f 4134 4211 4175
f 4176 4175 4211
f 4137 4211 4134
f 1800 1919 1793
f 4090 4139 4134
f 4137 4134 4139
f 1919 1800 2272
f 1919 2272 1959
f 4087 4139 4090
f 2159 1959 2272
f 3910 4090 4030
f 2376 2370 2272
f 2370 2159 2272
f 2520 2370 2376
f 2670 2370 2520
f 2812 2670 2520
f 3248 2812 2520
f 3351 2812 3248
f 3560 3351 3248
f 3475 3351 3560
f 3845 3560 3910
f 3910 4030 3845
f 2840 2543 2685
f 2840 2685 3010
f 2840 3010 3016
f 3010 3144 3016
f 3016 3144 3145
f 3144 3255 3145
f 2543 2269 2509
f 2509 2685 2543
f 3356 3145 3357
f 3145 3255 3357
f 3357 3572 3356
f 3356 3572 3588
f 3588 3572 3657
f 2269 2162 2244
f 2244 2406 2269
f 2269 2406 2509
f 3588 3657 3770
f 3770 3657 3667
f 2162 2123 1923
f 3497 3565 3568
f 3675 3568 3565
f 3675 3760 3770
f 3675 3770 3667
f 2123 1848 1923
f 3563 3565 3497
f 3565 3563 3675
f 3980 3760 3856
f 1848 1736 1923
f 3933 3980 3856
f 3931 3933 3915
f 3915 3933 3856
f 1655 1600 1736
f 3931 3915 4029
f 4032 3931 4029
f 4091 4032 4029
f 4091 3989 4089
f 4088 4089 3989
f 1649 1597 1633
f 4037 4138 4088
f 4138 4089 4088
f 4138 4037 4038
f 4036 4136 4038
f 4175 4136 4036
f 1734 1793 1654
f 1654 1793 1652
f 1652 1793 1740
f 1740 1793 1919
f 4090 4134 4084
f 1959 1740 1919
f 4030 4090 4084
f 1959 2159 1885
f 2278 1885 2159
f 2278 2159 2370
f 2550 2278 2370
f 2670 2550 2370
f 2550 2670 2812
f 3010 2994 3144
f 3009 3010 2685
f 3010 3009 2994
f 3144 3357 3255
f 2406 2244 2253
f 2406 2685 2509
f 3491 3572 3357
f 3491 3568 3572
f 3568 3667 3572
f 3572 3667 3657
f 2162 1923 2244
f 3491 3566 3497
f 3491 3497 3568
f 3568 3675 3667
f 3760 3838 3856
f 1923 2027 2244
f 3566 3563 3497
f 3563 3566 3675
f 3566 3665 3675
f 3675 3665 3760
f 1736 2027 1923
f 3838 3849 3856
f 3915 3856 3849
f 1600 1609 1736
f 1600 1638 1609
f 4029 3919 4091
f 3919 3989 4091
f 1633 1572 1600
f 1600 1572 1638
f 3992 4088 3989
f 1572 1633 1597
f 3992 4037 4088
f 1572 1597 1537
f 1597 1649 1537
f 1539 1537 1654
f 1537 1649 1654
f 1654 1639 1539
f 1654 1652 1639
f 4077 4084 4175
f 4084 4134 4175
f 4077 4035 4084
f 1754 1740 1959
f 4030 4084 4035
f 1754 1959 1885
f 2118 1885 2278
f 3845 4030 4035
f 2282 2118 2278
f 2365 2282 2278
f 2365 2278 2550
f 3560 3559 3475
f 3845 3559 3560
f 2998 2365 2550
f 2812 2998 2550
f 3247 2998 3351
f 3351 2998 2812
f 3475 3247 3351
f 2685 3008 3009
f 2994 3246 3144
f 3144 3246 3357
f 2406 2253 2371
f 3454 3357 3246
f 3491 3357 3454
f 3566 3491 3564
f 3491 3454 3564
f 3564 3660 3566
f 3566 3660 3665
f 3790 3760 3660
f 3760 3790 3838
f 2253 2244 2042
f 2244 2027 2042
f 3660 3760 3665
f 3790 3761 3838
f 3838 3761 3849
f 2027 1736 2042
f 1736 1640 2042
f 3761 3775 3849
f 1609 1640 1736
f 3919 3849 3775
f 3849 3919 3915
f 3915 3919 4029
f 1638 1575 1609
f 1609 1575 1640
f 1572 1575 1638
f 3919 3924 3989
f 4037 3989 3924
f 3992 3989 4037
f 1572 1539 1575
f 1537 1539 1572
f 4037 3932 4038
f 4036 4038 3932
f 1539 1639 1527
f 4036 4033 4175
f 4175 4033 4077
f 1651 1527 1652
f 1527 1639 1652
f 4077 4033 4034
f 1651 1652 1740
f 4077 4034 4035
f 1760 1651 1754
f 1651 1740 1754
f 3990 4035 4034
f 1760 1754 1885
f 1760 1885 1768
f 4035 3990 3916
f 2118 1768 1885
f 3835 3845 3916
f 3845 4035 3916
f 2282 2034 2118
f 3587 3475 3559
f 3663 3587 3559
f 3845 3663 3559
f 2519 2282 2365
f 2998 2722 2365
f 2722 2519 2365
f 3147 2722 2998
f 3147 2998 3247
f 3008 2685 2839
f 3008 3246 3009
f 3009 3246 2994
f 2406 2371 2542
f 2684 2685 2542
f 2685 2406 2542
f 2684 2839 2685
f 3454 3246 3355
f 2371 2253 2267
f 2267 2542 2371
f 3564 3454 3355
f 2042 2152 2253
f 2253 2152 2267
f 3564 3698 3660
f 3660 3698 3790
f 3698 3761 3790
f 3698 3690 3761
f 3775 3761 3690
f 3919 3775 3774
f 3919 3774 3925
f 1575 1604 1640
f 3925 3924 3919
f 1539 1503 1575
f 1539 1493 1503
f 4036 3932 3921
f 3921 4033 4036
f 1527 1531 1539
f 1539 1531 1493
f 1527 1526 1531
f 1526 1527 1651
f 3991 4034 4031
f 4033 4031 4034
f 1506 1526 1651
f 1506 1651 1611
f 1611 1651 1760
f 3990 4034 3987
f 4034 3991 3987
f 1758 1611 1760
f 3835 3990 3987
f 1758 1760 1768
f 3916 3990 3835
f 2118 2034 1768
f 3835 3663 3845
f 2519 2381 2282
f 2503 2381 2519
f 2503 2519 2722
f 3275 3147 3247
f 3353 3275 3247
f 3475 3353 3247
f 3587 3353 3475
f 3275 2503 3147
f 3147 2503 2722
f 2839 2814 3008
f 3008 2814 3246
f 2684 2542 2401
f 2839 2684 2814
f 3276 3246 2814
f 3355 3246 3276
f 3276 3463 3355
f 2401 2267 2277
f 2542 2267 2401
f 3463 3564 3355
f 3567 3564 3463
f 3564 3567 3666
f 2152 2042 2023
f 2277 2267 2152
f 3564 3597 3698
f 3597 3564 3666
f 2023 2042 1796
f 3690 3698 3597
f 2042 1640 1796
f 3775 3690 3774
f 1640 1601 1796
f 3771 3925 3689
f 3925 3774 3689
f 3925 3771 3924
f 3771 3852 3924
f 1575 1509 1604
f 1575 1504 1509
f 3924 3852 4037
f 1503 1504 1575
f 4037 3852 3932
f 1503 1426 1504
f 3921 3932 3852
f 1493 1426 1503
f 1531 1426 1493
f 3921 3846 4033
f 3846 3857 4033
f 4033 3857 4031
f 1526 1459 1531
f 1526 1506 1459
f 3991 4031 3978
f 3991 3978 3987
f 3978 3929 3987
f 3835 3987 3929
f 3835 3929 3848
f 1968 1758 1768
f 2034 1968 1768
f 2034 2282 1968
f 3587 3663 3835
f 2282 2164 1968
f 2381 2164 2282
f 2503 2164 2381
f 3558 3275 3353
f 3587 3558 3353
f 2684 2401 2654
f 2814 2684 2654
f 2401 2277 2402
f 2402 2512 2401
f 2401 2512 2654
f 2152 2023 2136
f 2136 2273 2152
f 2152 2273 2277
f 2277 2273 2402
f 3597 3567 3463
f 3567 3597 3666
f 2023 1796 1950
f 3690 3597 3694
f 3689 3774 3694
f 3774 3690 3694
f 1601 1753 1796
f 1640 1604 1601
f 1504 1505 1509
f 1504 1458 1505
f 1426 1458 1504
f 3921 3852 3846
f 1426 1531 1403
f 4031 3857 3847
f 1403 1531 1459
f 3853 4031 3847
f 4031 3853 3978
f 3978 3853 3926
f 3978 3926 3929
f 1506 1611 1536
f 1536 1611 1758
f 3850 3929 3926
f 3929 3850 3848
f 1536 1758 1791
f 1791 1758 1968
f 3587 3835 3662
f 3835 3848 3662
f 2280 2164 2503
f 3472 3275 3558
f 3662 3558 3587
f 3275 2280 2503
f 3237 2280 3275
f 3469 3237 3275
f 3469 3275 3472
f 2615 2661 2654
f 2654 3017 2814
f 2814 3017 3276
f 2654 2512 2615
f 3017 3363 3276
f 3276 3363 3470
f 3276 3470 3463
f 2399 2402 2273
f 2399 2512 2402
f 3694 3597 3470
f 3597 3463 3470
f 2023 1950 2026
f 2136 2023 2026
f 2026 2273 2136
f 1950 1796 1753
f 3694 3487 3689
f 3679 3689 3487
f 3481 3771 3679
f 3771 3689 3679
f 1604 1509 1601
f 3771 3773 3852
f 3846 3852 3773
f 3855 3846 3697
f 3855 3847 3846
f 3846 3847 3857
f 1403 1415 1426
f 1459 1427 1403
f 3853 3854 3926
f 1459 1506 1427
f 1427 1506 1536
f 3850 3926 3854
f 3788 3848 3854
f 3850 3854 3848
f 1968 1842 1791
f 1842 1968 2164
f 2052 2164 2280
f 3472 3558 3469
f 3558 3662 3469
f 2363 2052 2280
f 2547 2363 2280
f 3170 2547 2280
f 3237 3170 2280
f 2615 2659 2661
f 2711 2661 2659
f 2654 2661 2825
f 2661 2711 2825
f 2825 3007 2654
f 2654 3007 3017
f 3017 3143 3363
f 2399 2273 2135
f 3363 3143 3470
f 3470 3349 3694
f 2135 2026 1945
f 2273 2026 2135
f 3694 3349 3487
f 1950 1753 1945
f 2026 1950 1945
f 1753 1823 1945
f 3679 3487 3481
f 1601 1606 1753
f 1601 1509 1606
f 1509 1549 1606
f 3481 3383 3771
f 3383 3488 3771
f 1505 1525 1509
f 1509 1525 1549
f 3773 3771 3488
f 1416 1525 1505
f 1404 1416 1458
f 1416 1505 1458
f 3773 3555 3846
f 3555 3697 3846
f 1458 1399 1404
f 1426 1399 1458
f 3855 3697 3776
f 3855 3776 3847
f 1415 1399 1426
f 3847 3776 3853
f 1427 1322 1403
f 1322 1415 1403
f 3854 3853 3851
f 3851 3853 3779
f 1419 1322 1427
f 1419 1427 1536
f 3788 3854 3851
f 1536 1791 1419
f 1791 1770 1419
f 3788 3781 3848
f 1770 1791 1842
f 3662 3848 3781
f 1770 2164 1935
f 1770 1842 2164
f 1935 2164 2052
f 3589 3469 3662
f 3781 3589 3662
f 2141 1935 2052
f 3352 3170 3237
f 3352 3237 3469
f 2052 2363 2141
f 2992 2363 2547
f 3170 2992 2547
f 2992 3170 3352
f 2659 2615 2711
f 2512 2369 2615
f 3006 3007 2825
f 3017 3007 3143
f 3007 3006 3143
f 2512 2399 2369
f 3349 3470 3143
f 3453 3487 3349
f 3481 3487 3453
f 1945 1823 1926
f 1753 1606 1823
f 3773 3488 3555
f 3555 3688 3697
f 1319 1404 1399
f 3683 3776 3688
f 3776 3697 3688
f 3772 3776 3683
f 1319 1399 1282
f 1399 1415 1282
f 3772 3779 3776
f 3776 3779 3853
f 1282 1415 1322
f 1322 1278 1282
f 1278 1322 1306
f 1306 1322 1419
f 3788 3851 3778
f 1421 1419 1770
f 3788 3778 3781
f 3778 3603 3781
f 1816 1770 1935
f 3781 3603 3589
f 2049 1816 1935
f 2049 1935 2141
f 2363 2049 2141
f 2379 2049 2363
f 2992 2570 2363
f 2570 2379 2363
f 2815 2570 2992
f 2997 2815 2992
f 3240 2997 3352
f 3352 2997 2992
f 2711 2615 2825
f 2838 2615 2538
f 2615 2369 2538
f 2615 2838 2825
f 3006 2825 2838
f 3349 3143 3254
f 3349 3254 3317
f 2399 2135 2369
f 2135 2243 2369
f 3347 3349 3317
f 3349 3347 3453
f 1945 1926 1952
f 3383 3481 3347
f 3481 3453 3347
f 1952 1926 1823
f 1606 1614 1823
f 3488 3383 3480
f 1549 1525 1606
f 1606 1525 1614
f 3555 3488 3480
f 1416 1398 1525
f 1416 1404 1398
f 3555 3580 3688
f 3593 3688 3580
f 1404 1319 1360
f 1319 1316 1360
f 3688 3593 3683
f 3682 3683 3593
f 3576 3772 3682
f 3772 3683 3682
f 1282 1316 1319
f 3772 3576 3779
f 3576 3676 3779
f 1282 1278 1316
f 3676 3702 3779
f 3779 3702 3851
f 3851 3702 3778
f 1419 1421 1306
f 3778 3702 3655
f 3778 3655 3603
f 1542 1421 1770
f 1687 1542 1770
f 1770 1816 1687
f 1816 1925 1687
f 3452 3589 3655
f 3603 3655 3589
f 1925 1816 2049
f 3352 3469 3371
f 3469 3452 3371
f 3469 3589 3452
f 2142 1925 2049
f 2249 2142 2049
f 2379 2249 2049
f 2249 2379 2570
f 3240 2815 2997
f 3371 3240 3352
f 2683 2838 2538
f 3006 2838 3005
f 3005 3133 3143
f 3005 3143 3006
f 3143 3253 3254
f 3133 3253 3143
f 2135 1945 1952
f 2135 1952 2054
f 2054 2243 2135
f 3347 3317 3362
f 3383 3347 3362
f 1805 1952 1823
f 1823 1614 1805
f 3378 3480 3362
f 3480 3383 3362
f 1398 1614 1525
f 3479 3480 3378
f 3555 3480 3479
f 3580 3555 3479
f 1310 1398 1404
f 1360 1310 1404
f 3580 3479 3593
f 3479 3482 3593
f 1313 1360 1316
f 3682 3593 3482
f 1316 1213 1313
f 1278 1213 1316
f 3702 3676 3691
f 1174 1213 1278
f 1305 1174 1278
f 3691 3678 3702
f 1305 1278 1306
f 1306 1421 1308
f 3702 3678 3655
f 3678 3602 3655
f 1421 1542 1308
f 1542 1715 1308
f 1687 1715 1542
f 3655 3602 3452
f 1687 1925 1715
f 2032 1715 1925
f 2142 2032 1925
f 2163 2032 2142
f 2163 2142 2249
f 3131 2815 3240
f 2815 2249 2570
f 2853 2683 2539
f 2683 2538 2539
f 2838 2683 2853
f 2369 2539 2538
f 3004 3005 2853
f 3005 2838 2853
f 3254 3253 3317
f 3005 3004 3140
f 3140 3133 3005
f 3253 3140 3318
f 3253 3133 3140
f 3318 3317 3253
f 3272 3362 3318
f 3362 3317 3318
f 3362 3272 3346
f 3362 3346 3378
f 1614 1414 1502
f 1398 1414 1614
f 3370 3479 3346
f 3479 3378 3346
f 1405 1414 1398
f 1310 1405 1398
f 3476 3479 3370
f 3476 3482 3479
f 1360 1313 1310
f 3682 3482 3576
f 3482 3486 3576
f 1171 1313 1213
f 3596 3576 3486
f 3576 3596 3676
f 3601 3691 3596
f 3691 3676 3596
f 1174 1176 1213
f 3691 3601 3678
f 1308 1314 1306
f 1306 1314 1305
f 3602 3678 3601
f 1314 1308 1715
f 3484 3602 3601
f 3452 3602 3484
f 3452 3484 3371
f 2011 1715 2032
f 2011 2032 2163
f 3240 3277 3131
f 3371 3277 3240
f 2813 2163 2249
f 2815 2813 2249
f 3131 2813 2815
f 2539 2554 2853
f 2369 2395 2539
f 2395 2554 2539
f 2554 2836 2853
f 2853 2836 3004
f 2369 2243 2395
f 2848 3002 2836
f 2836 3002 3004
f 3140 3004 3141
f 3141 3004 3002
f 3141 3002 3001
f 3141 3267 3140
f 3140 3267 3318
f 2119 2243 2054
f 2848 3001 3002
f 3318 3267 3272
f 1952 1805 1954
f 1954 1805 1719
f 1952 1954 2054
f 1614 1502 1719
f 1805 1614 1719
f 3267 3274 3272
f 3272 3274 3346
f 1414 1501 1502
f 3381 3346 3274
f 3370 3346 3381
f 1405 1501 1414
f 3381 3375 3370
f 3476 3370 3375
f 1313 1311 1310
f 1313 1171 1311
f 1171 1147 1311
f 3476 3486 3482
f 1171 1177 1147
f 1213 1176 1171
f 1171 1176 1177
f 3486 3455 3596
f 3596 3455 3556
f 3596 3556 3601
f 1174 1152 1176
f 1152 1174 1305
f 3556 3586 3601
f 1152 1305 1120
f 1305 1314 1120
f 1186 1120 1314
f 3499 3601 3586
f 3484 3601 3499
f 1325 1314 1715
f 3371 3484 3499
f 1325 1715 1553
f 1825 1553 1715
f 2011 1825 1715
f 2140 1825 2011
f 2163 2140 2011
f 2240 2140 2163
f 2813 2240 2163
f 2851 2240 2813
f 2996 2851 2813
f 3131 2996 2813
f 2554 2540 2682
f 2554 2395 2540
f 2682 3003 2554
f 2554 3003 2836
f 2246 2262 2243
f 2243 2262 2395
f 2836 2680 2577
f 2836 2577 2848
f 2680 2836 2678
f 2678 2836 2833
f 2833 2836 3003
f 3068 3141 3003
f 3003 3141 3001
f 3068 3252 3141
f 3141 3252 3267
f 2243 2119 2246
f 2677 2678 2833
f 2677 2833 2848
f 2677 2848 2577
f 2848 2833 3001
f 2833 3003 3001
f 3267 3252 3210
f 3210 3263 3267
f 3267 3263 3274
f 3381 3274 3263
f 1357 1502 1405
f 1502 1501 1405
f 3381 3263 3375
f 3263 3270 3375
f 1405 1310 1357
f 1310 1274 1357
f 3366 3375 3270
f 1310 1311 1274
f 3476 3375 3366
f 3476 3366 3486
f 1176 1054 1177
f 3495 3455 3486
f 1054 1176 1075
f 1176 1152 1075
f 1075 1152 1052
f 3556 3455 3586
f 1052 1152 1120
f 3455 3492 3586
f 3499 3586 3492
f 1325 1186 1314
f 3371 3499 3492
f 1325 1553 1466
f 3371 3492 3277
f 1553 1545 1466
f 1680 1545 1553
f 1680 1553 1825
f 3131 3277 3136
f 2140 1680 1825
f 3136 2996 3131
f 2851 2508 2240
f 2540 2536 2682
f 2540 2359 2536
f 2395 2359 2540
f 2682 2837 3003
f 2837 3068 3003
f 2246 2359 2395
f 2246 2395 2262
f 2678 2577 2680
f 3068 3146 3252
f 2678 2677 2577
f 3210 3252 3146
f 1954 1719 1929
f 3158 3210 3146
f 1929 1719 1681
f 3210 3158 3263
f 1719 1502 1681
f 3270 3280 3366
f 3382 3366 3280
f 1311 1147 1145
f 1147 1175 1145
f 3366 3382 3486
f 1177 1175 1147
f 3495 3486 3382
f 1054 1050 1177
f 1050 1175 1177
f 3495 3382 3455
f 3382 3388 3455
f 3490 3455 3388
f 1052 1048 1075
f 1048 1052 1120
f 3490 3494 3455
f 3455 3494 3492
f 1048 1120 1186
f 3391 3492 3494
f 1048 1186 1158
f 1158 1186 1325
f 1470 1158 1325
f 3492 3391 3386
f 1466 1470 1325
f 3277 3492 3386
f 1545 1470 1466
f 3277 3386 3136
f 1680 1686 1545
f 1804 1686 1680
f 2140 2019 1680
f 2019 1804 1680
f 2019 2140 2240
f 2851 2996 2820
f 2404 2359 2265
f 2359 2404 2536
f 2404 2511 2536
f 2511 2837 2536
f 2536 2837 2682
f 2182 2265 2246
f 2265 2359 2246
f 2246 2119 2182
f 1954 1929 2054
f 1803 1817 1681
f 1681 1817 1929
f 1681 1502 1803
f 3157 3278 3158
f 3278 3263 3158
f 1357 1395 1502
f 3278 3270 3263
f 1311 1150 1274
f 3270 3266 3280
f 1145 1150 1311
f 3382 3280 3266
f 1148 1145 1175
f 3364 3382 3266
f 1050 1148 1175
f 3364 3368 3382
f 3382 3368 3388
f 1075 1050 1054
f 3490 3388 3368
f 1075 1059 1050
f 1048 1059 1075
f 3368 3367 3490
f 3490 3367 3494
f 1059 1048 1055
f 3391 3494 3367
f 1055 1048 1158
f 3391 3367 3386
f 1158 1470 1332
f 1545 1555 1470
f 1555 1332 1470
f 3136 3386 3367
f 1686 1555 1545
f 1804 1555 1686
f 2996 3040 2820
f 2996 3136 3040
f 2508 2019 2240
f 2703 2508 2851
f 2820 2703 2851
f 2404 2265 2360
f 2511 2404 2360
f 2360 2265 2182
f 2511 2360 2534
f 2511 2534 2837
f 2534 3042 2837
f 2837 3042 3068
f 3128 3146 3042
f 3146 3068 3042
f 2016 2146 2054
f 2054 2146 2119
f 2119 2146 2182
f 1929 1803 1938
f 2054 1929 2016
f 1929 1938 2016
f 3158 3146 3128
f 1929 1817 1803
f 1502 1574 1803
f 1502 1395 1574
f 1274 1150 1357
f 1092 1150 1145
f 1092 1145 1148
f 3364 3266 3268
f 966 1092 1050
f 1050 1092 1148
f 3364 3268 3368
f 3268 3283 3368
f 3374 3368 3283
f 966 1050 987
f 987 1050 1059
f 987 1059 959
f 3368 3374 3367
f 3374 3377 3367
f 899 959 1055
f 959 1059 1055
f 3264 3367 3377
f 1158 1332 1055
f 1332 1337 1055
f 3367 3264 3040
f 1432 1337 1332
f 1432 1332 1555
f 3136 3367 3040
f 1441 1432 1555
f 1708 1441 1555
f 1708 1555 1804
f 2030 1708 2019
f 2019 1708 1804
f 2117 2030 2019
f 2508 2117 2019
f 2378 2117 2508
f 2534 2360 2535
f 2534 2535 2663
f 2534 2663 3042
f 3150 3128 3127
f 3150 3152 3128
f 3128 3152 3158
f 3158 3152 3157
f 3278 3157 3262
f 3157 3152 3262
f 1357 1288 1395
f 1357 1150 1288
f 3278 3262 3270
f 1092 1051 1150
f 3270 3262 3266
f 3266 3262 3268
f 1092 1069 1051
f 3262 3269 3268
f 966 958 1092
f 1092 958 1069
f 3268 3269 3283
f 966 967 958
f 3374 3283 3269
f 987 967 966
f 959 870 987
f 3269 3260 3374
f 870 959 899
f 3374 3260 3377
f 1015 899 1055
f 3264 3377 3260
f 3172 3264 3260
f 1185 1015 1055
f 3040 3264 3172
f 1337 1185 1055
f 1432 1441 1337
f 2030 1934 1708
f 2117 1934 2030
f 2508 2703 2378
f 2360 2182 2276
f 2276 2535 2360
f 2663 2535 2533
f 2276 2182 2121
f 2663 2528 2681
f 2528 2663 2533
f 2681 2835 2663
f 2663 2835 3042
f 3128 3042 2835
f 3128 2835 2844
f 2016 1938 2120
f 2120 2121 2016
f 2121 2146 2016
f 2121 2182 2146
f 3128 2844 3127
f 1828 1938 1803
f 3127 3056 3150
f 1803 1574 1828
f 3056 3036 3150
f 3150 3036 3152
f 1395 1302 1574
f 3036 3262 3152
f 1395 1288 1302
f 3036 3148 3262
f 1150 1073 1288
f 3148 3038 3262
f 1051 1073 1150
f 3038 3153 3262
f 1072 1073 1051
f 3153 3159 3262
f 1051 1069 1072
f 3262 3159 3269
f 958 962 1069
f 3159 3273 3269
f 967 901 958
f 958 901 962
f 870 901 967
f 3273 3238 3269
f 967 987 870
f 3269 3238 3260
f 899 898 870
f 898 899 1015
f 3238 3154 3260
f 3172 3260 3154
f 1185 1190 1015
f 3037 3172 3154
f 1337 1324 1185
f 1324 1190 1185
f 3040 3172 3037
f 1441 1324 1337
f 1708 1546 1441
f 1546 1324 1441
f 2717 2820 2828
f 2828 2820 3037
f 2820 3040 3037
f 1934 1813 1708
f 1813 1934 2117
f 2516 2378 2703
f 2717 2516 2703
f 2703 2820 2717
f 2121 2264 2276
f 2276 2264 2375
f 2276 2375 2533
f 2276 2533 2535
f 2533 2375 2528
f 2528 2844 2681
f 2835 2681 2844
f 2528 2375 2526
f 2844 2528 2526
f 3127 2844 3067
f 3067 3056 3127
f 3056 3025 3036
f 3148 3036 3025
f 1302 1288 1073
f 3148 3025 3038
f 1072 1144 1073
f 1069 971 1072
f 971 1069 962
f 3159 3162 3273
f 893 971 962
f 893 962 901
f 3273 3162 3238
f 870 896 901
f 898 896 870
f 3162 3165 3238
f 1015 985 898
f 3238 3165 3154
f 3029 3154 3165
f 985 1015 1082
f 1082 1015 1190
f 3037 3154 3029
f 2828 3037 3029
f 1683 1546 1708
f 1708 1813 1683
f 2551 2516 2717
f 1813 1657 1683
f 2378 1813 2117
f 2375 2264 2261
f 2121 2009 2264
f 2120 2009 2121
f 2261 2532 2375
f 2375 2532 2526
f 2526 2532 2694
f 2948 2844 2694
f 2526 2694 2844
f 3067 2844 2948
f 2009 1938 1828
f 2009 2120 1938
f 2948 3024 3067
f 3067 3024 3056
f 1574 1718 1828
f 2906 3025 3024
f 3056 3024 3025
f 1574 1437 1718
f 1574 1302 1437
f 1302 1317 1437
f 3046 3025 2906
f 1073 1056 1302
f 1056 1317 1302
f 3046 3065 3025
f 3025 3065 3038
f 1053 1056 1144
f 1056 1073 1144
f 1144 1072 1053
f 3153 3038 3065
f 1072 971 1053
f 3153 3065 3132
f 3153 3132 3159
f 874 1053 971
f 3162 3159 3132
f 874 971 893
f 901 874 893
f 901 896 874
f 3162 3169 3165
f 896 898 895
f 895 898 985
f 3055 3165 3169
f 3029 3165 3055
f 3029 3055 2991
f 2828 3029 2991
f 1324 1082 1190
f 1546 1430 1324
f 2828 2991 2717
f 1683 1430 1546
f 2378 1657 1813
f 2009 2145 2264
f 2145 2279 2264
f 2279 2261 2264
f 2261 2279 2396
f 2396 2650 2261
f 2261 2650 2532
f 2532 2650 2694
f 2694 2834 2948
f 2009 1940 2145
f 2694 2650 2834
f 2009 1828 1940
f 1828 1718 1940
f 2948 2834 3024
f 2834 2872 3024
f 2906 3024 2872
f 1551 1718 1437
f 1437 1317 1551
f 3046 2906 2872
f 1056 983 1317
f 1056 1053 876
f 892 876 874
f 876 1053 874
f 3054 3132 3065
f 3132 3054 3162
f 795 892 874
f 3164 3162 3054
f 795 874 787
f 874 896 787
f 3164 3171 3162
f 3162 3171 3169
f 810 787 896
f 3057 3169 3171
f 896 909 810
f 895 909 896
f 3055 3169 3030
f 3169 3057 3030
f 895 985 909
f 3030 3052 3055
f 985 1220 909
f 2991 3052 2667
f 2991 3055 3052
f 985 1082 1220
f 2515 2991 2667
f 1324 1220 1082
f 1324 1430 1220
f 2717 2991 2515
f 2283 2516 2515
f 2516 2551 2515
f 2551 2717 2515
f 2283 2130 2378
f 2378 2516 2283
f 2279 2397 2396
f 2396 2397 2650
f 1807 1940 1718
f 1807 2132 1940
f 2132 2149 1940
f 2149 2145 1940
f 2149 2279 2145
f 2650 2397 2843
f 2650 2843 2834
f 1807 1718 1720
f 2843 2864 2834
f 2834 2864 2872
f 1551 1566 1718
f 1566 1720 1718
f 1566 1551 1317
f 1317 1181 1188
f 2864 2901 2872
f 2901 2975 2872
f 2872 2975 3046
f 1181 1317 983
f 3065 3046 2975
f 867 983 1056
f 876 867 1056
f 876 892 867
f 3065 3048 3054
f 892 795 783
f 3164 3054 3048
f 787 810 795
f 3171 3164 3048
f 3057 3171 3051
f 3051 3026 3057
f 903 810 909
f 3057 3026 3030
f 3030 2871 3052
f 2667 3052 2871
f 909 1220 1101
f 1194 1101 1220
f 1353 1194 1220
f 1430 1353 1220
f 1683 1657 1430
f 2279 2149 2393
f 2393 2149 2132
f 2393 2392 2279
f 2279 2392 2397
f 2392 2744 2397
f 1720 1931 1807
f 1807 1931 2132
f 2744 2843 2397
f 1552 1720 1566
f 2864 2843 2905
f 2905 2843 2744
f 1566 1334 1552
f 2864 2905 2662
f 1183 1334 1188
f 1334 1317 1188
f 1334 1566 1317
f 2864 2662 3050
f 1188 1181 1183
f 2864 3050 2901
f 2901 2884 2975
f 983 826 1181
f 867 826 983
f 3065 2975 3023
f 3023 2975 2884
f 826 867 779
f 867 892 779
f 779 892 783
f 795 805 783
f 783 805 779
f 810 805 795
f 3156 3171 3048
f 3163 3171 3156
f 810 786 805
f 810 903 786
f 3030 3026 2892
f 2892 2871 3030
f 909 1101 903
f 2667 2871 2556
f 2871 2719 2556
f 1194 1088 1101
f 2515 2556 2412
f 2667 2556 2515
f 2283 2515 2412
f 1657 1541 1430
f 2130 1541 1657
f 2378 2130 1657
f 1942 1931 1819
f 1819 1931 1690
f 1931 1942 2132
f 2132 1942 2035
f 2393 2531 2392
f 2392 2531 2744
f 1552 1690 1720
f 1690 1931 1720
f 2744 2531 2647
f 2647 2905 2744
f 1333 1334 1183
f 2905 2647 2662
f 1078 1183 1070
f 1183 1181 1070
f 3050 2857 2901
f 2662 2857 3050
f 2857 2884 2901
f 1070 826 891
f 1070 1181 826
f 826 780 891
f 779 688 826
f 826 688 780
f 3023 3019 3065
f 3065 3019 3048
f 726 688 779
f 805 726 779
f 681 726 805
f 681 805 709
f 3051 3171 3022
f 3171 3163 3022
f 805 786 709
f 2907 3026 3022
f 3051 3022 3026
f 2892 3026 2907
f 903 709 786
f 2907 2880 2892
f 2892 2880 2871
f 903 1101 1000
f 2719 2871 2880
f 1101 1088 1000
f 1353 1318 1194
f 1430 1318 1353
f 2130 2283 2412
f 2398 2529 2393
f 2393 2529 2531
f 1439 1690 1552
f 2531 2529 2647
f 1189 1439 1333
f 1439 1334 1333
f 1439 1552 1334
f 2529 2569 2647
f 2647 2569 2662
f 1184 1189 1183
f 1189 1333 1183
f 1183 1078 1184
f 1078 1079 1184
f 2857 2662 2707
f 2662 2569 2707
f 1070 1079 1078
f 1070 925 1079
f 2884 2857 2868
f 2868 2857 2707
f 891 875 925
f 1070 891 925
f 784 875 891
f 3023 2884 3031
f 784 891 780
f 715 784 780
f 688 712 715
f 688 715 780
f 712 688 726
f 3019 3058 3048
f 712 726 686
f 3156 3048 3058
f 681 686 726
f 3163 3156 3058
f 709 736 681
f 681 736 686
f 2907 3022 2896
f 724 736 709
f 2896 2891 2907
f 709 903 724
f 903 809 724
f 2729 2880 2891
f 2907 2891 2880
f 903 1000 809
f 2719 2880 2434
f 2880 2729 2434
f 1000 1088 902
f 2719 2434 2556
f 1194 1318 1088
f 2288 2412 2434
f 2412 2556 2434
f 1540 1318 1430
f 2029 2130 2288
f 2130 2412 2288
f 1430 1541 1599
f 1430 1599 1540
f 2130 1599 1541
f 1567 1818 1690
f 1818 1819 1690
f 1818 1942 1819
f 1942 2148 2035
f 2035 2148 2132
f 2148 2281 2132
f 2132 2281 2393
f 2281 2398 2393
f 2529 2398 2423
f 1202 1348 1189
f 1348 1439 1189
f 1348 1567 1439
f 1439 1567 1690
f 2710 2529 2423
f 1202 1189 994
f 2529 2710 2569
f 2710 2562 2569
f 994 1189 1184
f 2562 2655 2569
f 1184 1079 994
f 1079 997 994
f 2707 2569 2655
f 2655 2712 2707
f 906 925 875
f 997 925 906
f 997 1079 925
f 2707 2712 2868
f 715 807 784
f 807 875 784
f 3031 3019 3023
f 712 687 715
f 712 626 687
f 686 684 712
f 712 684 626
f 3019 3049 3058
f 686 640 684
f 3035 3163 3049
f 3163 3058 3049
f 736 640 686
f 2887 3022 3035
f 3022 3163 3035
f 3022 2887 2896
f 723 736 724
f 2724 2891 2896
f 724 819 723
f 819 724 809
f 2729 2891 2732
f 2891 2724 2732
f 720 809 1000
f 999 720 902
f 720 1000 902
f 2434 2729 2732
f 1102 999 1088
f 1088 999 902
f 1088 1318 1102
f 2172 2288 2416
f 2288 2434 2416
f 2029 2288 2172
f 1707 1599 2130
f 2029 1707 2130
f 1567 1348 1443
f 1443 1559 1567
f 1559 1696 1567
f 1696 1818 1567
f 1696 1762 1818
f 1762 1942 1818
f 2423 2398 2527
f 2527 2398 2281
f 2256 2281 2148
f 2710 2423 2527
f 2527 2715 2710
f 994 989 1202
f 2710 2715 2562
f 997 991 994
f 994 991 989
f 997 906 991
f 875 807 906
f 807 991 906
f 807 715 808
f 715 696 808
f 715 692 696
f 687 692 715
f 3031 2858 3019
f 596 692 687
f 596 687 619
f 687 626 619
f 2903 3019 2858
f 619 626 684
f 3019 2903 3049
f 641 640 736
f 723 641 736
f 641 723 720
f 819 809 720
f 819 720 723
f 2572 2732 2724
f 2732 2572 2575
f 720 999 814
f 999 990 814
f 2732 2575 2434
f 1102 990 999
f 2139 2416 2434
f 2172 2416 2139
f 1696 1692 1762
f 1444 1560 1443
f 1560 1559 1443
f 1559 1560 1692
f 1559 1692 1696
f 1762 1692 1941
f 1762 1941 1942
f 1941 2148 1942
f 2281 2389 2527
f 989 1443 1202
f 1443 1348 1202
f 2389 2281 2256
f 2562 2527 2389
f 2527 2562 2715
f 2655 2562 2720
f 2655 2720 2712
f 807 694 991
f 2868 2712 2856
f 808 694 807
f 2868 2866 2884
f 694 808 696
f 3031 2884 2866
f 692 691 696
f 607 691 692
f 598 607 596
f 607 692 596
f 3031 2866 2858
f 619 598 596
f 619 546 598
f 2858 2882 2903
f 684 547 619
f 619 547 546
f 2882 3020 2903
f 3020 3049 2903
f 640 547 684
f 3020 3035 3049
f 547 640 642
f 2887 3035 2869
f 640 641 642
f 2705 2896 2869
f 2887 2869 2896
f 641 713 642
f 2724 2896 2705
f 641 720 713
f 2724 2705 2572
f 2433 2575 2572
f 914 814 990
f 2434 2575 2422
f 2575 2433 2422
f 990 924 914
f 990 1102 924
f 2434 2422 2139
f 1327 1318 1540
f 1599 1707 1540
f 2029 2047 1707
f 2029 2172 2047
f 2172 2139 2047
f 1691 1560 1444
f 1692 1560 1691
f 1692 1691 1941
f 1691 2038 1941
f 1941 2038 2148
f 1443 989 1077
f 2260 2256 2148
f 2256 2260 2389
f 2260 2364 2389
f 2389 2364 2420
f 1077 989 996
f 2562 2389 2420
f 996 989 907
f 2720 2562 2883
f 2562 2420 2883
f 989 991 735
f 2883 2730 2720
f 2730 2712 2720
f 735 991 694
f 711 735 694
f 2856 2850 2868
f 2868 2850 2866
f 696 600 694
f 694 600 711
f 691 600 696
f 600 691 607
f 2882 2746 3020
f 2746 3047 3020
f 3035 3020 3047
f 551 547 642
f 2869 3035 3047
f 2705 2869 2672
f 2869 3047 2672
f 624 551 713
f 551 642 713
f 2672 2706 2705
f 713 720 624
f 2572 2705 2415
f 2705 2706 2415
f 624 720 818
f 720 814 818
f 2572 2415 2433
f 924 818 914
f 914 818 814
f 2020 2422 2433
f 1102 1080 924
f 2139 2422 2020
f 1336 1080 1102
f 1102 1318 1336
f 1318 1327 1336
f 2047 2139 2020
f 1544 1327 1540
f 1707 1544 1540
f 1815 1544 1707
f 2047 1815 1707
f 1077 1445 1443
f 1443 1445 1444
f 1445 1568 1444
f 1568 1691 1444
f 1568 1693 1691
f 2057 2153 2038
f 2153 2148 2038
f 2148 2153 2260
f 2364 2260 2153
f 2364 2153 2388
f 2388 2525 2364
f 2364 2525 2420
f 793 996 907
f 2716 2420 2525
f 989 793 907
f 2716 2883 2420
f 689 793 735
f 793 989 735
f 2883 2716 2730
f 695 689 735
f 711 623 735
f 623 695 735
f 2856 2712 2850
f 623 600 597
f 623 711 600
f 2866 2850 2859
f 607 618 600
f 600 618 597
f 2859 2888 2866
f 598 618 607
f 2888 2858 2866
f 598 546 618
f 546 532 618
f 2888 2879 2858
f 2858 2879 2882
f 532 546 547
f 2879 2746 2882
f 532 547 551
f 2746 2879 3047
f 3047 2879 2830
f 2830 2674 2672
f 2830 2672 3047
f 634 551 624
f 2672 2291 2706
f 2706 2291 2415
f 2020 2433 2415
f 924 1080 913
f 2020 2415 2170
f 1815 1573 1544
f 2020 1573 2047
f 2047 1573 1815
f 1084 1192 1077
f 1077 1192 1445
f 1192 1331 1445
f 1331 1446 1445
f 1568 1445 1446
f 1693 2057 1691
f 1691 2057 2038
f 2057 2147 2153
f 2147 2257 2153
f 2153 2257 2388
f 1077 996 793
f 2525 2388 2428
f 793 719 817
f 2563 2525 2428
f 2525 2899 2716
f 689 625 793
f 2716 2899 2730
f 2899 2861 2730
f 2730 2861 2712
f 695 536 625
f 625 689 695
f 695 623 536
f 623 529 536
f 2735 2850 2712
f 623 597 529
f 529 618 535
f 529 597 618
f 535 618 532
f 2888 2886 2879
f 532 533 535
f 2886 2854 2879
f 533 532 551
f 2879 2854 2645
f 551 634 533
f 2674 2645 2559
f 2879 2645 2830
f 2830 2645 2674
f 2674 2559 2672
f 634 624 781
f 2672 2559 2291
f 781 624 818
f 913 781 818
f 2291 2290 2415
f 924 913 818
f 2158 2415 2290
f 913 1080 995
f 2170 2158 2020
f 2158 2033 2020
f 2170 2415 2158
f 1440 1080 1336
f 1336 1327 1440
f 1573 1440 1327
f 1814 2020 2033
f 1544 1573 1327
f 1573 2020 1814
f 1203 1331 1192
f 918 1084 1077
f 1192 1084 1203
f 1331 1455 1446
f 1704 1568 1455
f 1568 1446 1455
f 1693 1568 1704
f 1704 1820 1693
f 1693 1820 2057
f 1820 2037 2057
f 2257 2394 2388
f 721 918 817
f 918 793 817
f 918 1077 793
f 2037 2147 2057
f 2147 2037 2257
f 2394 2428 2388
f 719 636 721
f 817 719 721
f 2563 2660 2525
f 793 582 719
f 719 582 636
f 2525 2660 2899
f 793 625 582
f 2743 2861 2899
f 625 602 582
f 2712 2861 2743
f 625 536 602
f 536 534 602
f 2743 2735 2712
f 2859 2850 2735
f 535 520 529
f 529 520 515
f 2888 2859 2741
f 535 480 520
f 2886 2888 2741
f 533 513 535
f 535 513 480
f 2723 2854 2886
f 2854 2723 2708
f 2854 2708 2645
f 634 605 533
f 2645 2708 2559
f 2291 2559 2568
f 1097 913 995
f 995 1080 1097
f 1315 1097 1080
f 1440 1315 1080
f 1440 1573 1315
f 1956 1315 1573
f 1814 1956 1573
f 1814 2033 1956
f 998 1203 1084
f 1331 1457 1455
f 1203 1457 1331
f 1455 1457 1562
f 1562 1695 1704
f 1695 1820 1704
f 812 998 918
f 918 998 1084
f 1455 1562 1704
f 2037 1820 1943
f 2037 2040 2137
f 2037 2137 2257
f 2137 2252 2257
f 2257 2252 2394
f 636 812 721
f 812 918 721
f 2040 2037 1943
f 2414 2394 2252
f 2428 2394 2414
f 2563 2428 2553
f 2428 2414 2553
f 2553 2660 2563
f 2899 2660 2831
f 2743 2899 2740
f 2899 2831 2740
f 602 518 582
f 2740 2852 2743
f 518 602 534
f 2743 2852 2735
f 2852 2727 2735
f 529 515 536
f 536 515 534
f 2859 2735 2727
f 520 479 515
f 2859 2863 2741
f 479 520 480
f 2741 2863 2739
f 2741 2739 2886
f 2739 2709 2886
f 480 513 516
f 2723 2886 2709
f 2709 2708 2723
f 2559 2708 2558
f 2559 2558 2568
f 2568 2558 2429
f 781 821 634
f 781 913 821
f 2291 2568 2289
f 913 1010 821
f 2289 2186 2291
f 2291 2186 2290
f 1089 1010 913
f 913 1097 1089
f 1172 1089 1097
f 2158 2290 2051
f 2290 2186 2051
f 1097 1315 1172
f 1436 1172 1315
f 2033 2051 1956
f 2051 2033 2158
f 2051 1436 1956
f 1956 1436 1315
f 1346 1562 1457
f 919 1191 998
f 998 1191 1203
f 1191 1346 1203
f 1346 1457 1203
f 1562 1711 1695
f 1711 1836 1695
f 1836 1943 1695
f 1695 1943 1820
f 919 812 718
f 919 998 812
f 2137 2040 2284
f 2252 2137 2284
f 620 718 636
f 718 812 636
f 2252 2284 2414
f 636 512 620
f 582 512 636
f 2736 2660 2553
f 2831 2660 2736
f 582 436 512
f 2736 2821 2740
f 2736 2740 2831
f 518 436 582
f 2821 2852 2740
f 3053 2852 2821
f 2855 2727 2852
f 515 441 534
f 2727 2855 2859
f 441 515 439
f 2855 2863 2859
f 439 515 479
f 2855 2875 2863
f 2739 2863 2875
f 439 479 480
f 480 483 439
f 483 480 516
f 516 513 533
f 2567 2708 2709
f 549 533 605
f 2708 2567 2558
f 634 601 605
f 605 601 549
f 634 821 601
f 2568 2429 2289
f 821 915 601
f 1172 1169 1089
f 1172 1436 1169
f 2051 1169 1436
f 2031 1169 2051
f 2031 2051 2186
f 919 1098 1191
f 1447 1346 1191
f 1447 1698 1346
f 1346 1698 1562
f 1562 1698 1711
f 1698 1836 1711
f 919 718 811
f 2040 1943 2041
f 2040 2041 2284
f 2294 2284 2041
f 2414 2284 2294
f 512 519 620
f 2553 2414 2294
f 2821 2736 2878
f 2736 2553 2878
f 2821 2878 3053
f 2852 3053 2860
f 3053 2878 2860
f 436 518 464
f 2860 3014 2852
f 3014 2855 2852
f 518 534 464
f 464 534 441
f 3014 3028 2855
f 439 404 441
f 441 404 464
f 2855 3028 2875
f 3028 2734 2875
f 2739 2875 2734
f 2734 2704 2739
f 465 439 483
f 2704 2709 2739
f 544 483 533
f 483 516 533
f 533 549 544
f 549 621 544
f 2567 2573 2558
f 549 601 621
f 2429 2558 2573
f 2429 2427 2289
f 915 738 601
f 2289 2427 2169
f 821 1010 915
f 1010 1014 915
f 2169 2186 2289
f 1089 1090 1010
f 1010 1090 1014
f 1089 1169 1090
f 1345 1090 1169
f 1971 1916 2031
f 1971 2031 2169
f 2169 2031 2186
f 1916 1345 2031
f 2031 1345 1169
f 920 1005 811
f 811 1005 919
f 1005 1098 919
f 1098 1323 1191
f 1191 1323 1447
f 1323 1463 1447
f 1447 1463 1698
f 1698 1766 1836
f 718 620 811
f 1943 1836 2039
f 1836 1766 2039
f 2041 1943 2039
f 2039 2133 2041
f 2294 2041 2133
f 519 512 484
f 2553 2294 2387
f 2387 2555 2553
f 2553 2555 2698
f 2878 2553 2912
f 2553 2698 2912
f 2912 2860 2878
f 3014 2860 3021
f 3021 3027 3014
f 3014 3027 3028
f 3027 2734 3028
f 2181 2169 2427
f 2070 2169 2181
f 1085 1204 1098
f 1098 1204 1323
f 1204 1361 1323
f 1453 1323 1361
f 717 1004 811
f 811 1004 920
f 920 1004 1005
f 1098 1005 1085
f 1005 1004 1085
f 1453 1463 1323
f 2043 1766 1832
f 603 717 620
f 717 811 620
f 2043 2039 1766
f 2043 2168 2133
f 2043 2133 2039
f 2258 2294 2168
f 2294 2133 2168
f 2294 2258 2387
f 2576 2698 2555
f 2585 2698 2576
f 2912 2698 2585
f 2909 3021 2912
f 3021 2860 2912
f 2909 3041 3021
f 3021 3041 3027
f 3041 2890 3027
f 3027 2890 2808
f 2184 2181 2295
f 2181 2427 2295
f 717 921 1006
f 1085 1205 1204
f 1448 1361 1205
f 1361 1204 1205
f 1453 1361 1448
f 550 732 717
f 717 1006 1004
f 1006 1085 1004
f 2043 1832 1864
f 1864 2056 2043
f 514 550 603
f 603 550 717
f 2056 2168 2043
f 2259 2258 2168
f 2258 2259 2425
f 2548 2258 2425
f 2548 2387 2258
f 2387 2548 2555
f 2701 2555 2738
f 2555 2548 2738
f 2555 2701 2576
f 2701 2583 2576
f 2585 2576 2583
f 2909 2912 2874
f 2874 2912 2731
f 3041 2982 2890
f 2982 2900 2890
f 2184 2295 2302
f 2184 2302 2235
f 1564 1700 1699
f 1699 1700 1723
f 921 1007 1006
f 1205 1085 1007
f 1007 1085 1006
f 1205 1341 1448
f 1448 1341 1449
f 1563 1449 1564
f 1699 1563 1564
f 714 921 732
f 921 717 732
f 1563 1699 1626
f 1626 1699 1832
f 1699 1723 1832
f 1723 1830 1832
f 1864 1970 2056
f 1970 2154 2056
f 2056 2154 2150
f 2292 2150 2239
f 2239 2150 2154
f 2259 2292 2425
f 2548 2425 2443
f 2443 2679 2548
f 2679 2738 2548
f 2738 2643 2701
f 2986 2982 3041
f 922 921 789
f 921 922 1007
f 922 1093 1007
f 1007 1093 1205
f 1093 1354 1205
f 1205 1354 1341
f 1354 1579 1341
f 1341 1579 1449
f 1564 1449 1579
f 1564 1579 1700
f 1579 1723 1700
f 732 550 635
f 1830 1723 1795
f 1795 1869 1830
f 550 482 635
f 1869 2010 1970
f 2010 2155 1970
f 1970 2155 2154
f 2155 2268 2154
f 2268 2239 2154
f 2403 2239 2268
f 2403 2390 2239
f 2390 2403 2400
f 550 514 482
f 2239 2390 2292
f 338 482 392
f 482 514 392
f 2699 2679 2530
f 2390 2530 2443
f 2530 2679 2443
f 2679 2699 2738
f 322 275 326
f 355 325 339
f 2296 2445 2419
f 2296 2419 2235
f 1093 1008 1265
f 1757 1579 1827
f 554 635 482
f 2263 2400 2268
f 2268 2400 2403
f 2400 2355 2590
f 2400 2590 2390
f 338 374 385
f 385 482 338
f 2590 2530 2390
f 2530 2590 2699
f 2862 2873 2699
f 2873 2862 3059
f 2895 2809 2867
f 2867 2809 2748
f 2430 2523 2445
f 2445 2523 2419
f 2523 2413 2419
f 900 1094 1008
f 1008 1094 1265
f 1094 1209 1265
f 635 554 629
f 629 734 635
f 734 789 635
f 789 734 866
f 734 820 866
f 1946 1757 1827
f 2061 1757 1946
f 2270 2061 1946
f 2183 2270 2405
f 482 385 463
f 385 381 463
f 2537 2590 2355
f 2652 2590 2537
f 2652 2865 2862
f 3064 2862 2865
f 3064 3059 2862
f 2430 2581 2523
f 2523 2581 2673
f 2385 2173 2413
f 2173 2419 2413
f 2475 2385 2413
f 2475 2413 2523
f 2475 2523 2673
f 830 908 900
f 908 1013 900
f 1013 1206 900
f 900 1206 1094
f 1094 1206 1209
f 1206 1456 1209
f 1456 1550 1548
f 1550 2024 1548
f 1548 2024 1827
f 554 631 629
f 900 820 830
f 2024 1946 1827
f 1946 2024 2270
f 2270 2024 2411
f 463 554 482
f 2541 2405 2270
f 2541 2537 2438
f 2541 2298 2405
f 2652 2537 2846
f 2537 2541 2846
f 2652 2846 2865
f 345 463 381
f 277 280 243
f 2581 2675 2499
f 2475 2673 2499
f 2499 2673 2581
f 2173 2385 2382
f 2385 2432 2382
f 2441 2382 2432
f 2441 2574 2382
f 2180 2173 2250
f 2173 2382 2250
f 2250 2382 2574
f 1451 1211 1221
f 865 894 908
f 1013 908 1099
f 908 894 1099
f 1013 1099 1095
f 1211 1095 1099
f 1211 1451 1095
f 1451 1342 1095
f 1451 1221 1577
f 1342 1451 1456
f 1451 1577 1456
f 1013 1095 1206
f 1095 1342 1206
f 1342 1456 1206
f 1577 1550 1456
f 1550 1577 2024
f 1577 1927 2024
f 1927 2044 2024
f 2024 2044 2157
f 539 554 461
f 554 539 631
f 2348 2024 2157
f 554 463 461
f 2348 2411 2024
f 2695 2541 2411
f 2541 2695 2846
f 2865 2846 3091
f 461 345 305
f 463 345 461
f 305 345 294
f 3468 3139 3372
f 3449 3468 3592
f 3449 3212 3468
f 3468 3212 3139
f 3258 3212 3449
f 195 278 209
f 278 277 209
f 214 277 243
f 2226 2180 2250
f 2226 2250 2383
f 2383 2250 2574
f 1099 894 1009
f 1009 1143 1099
f 1221 1099 1143
f 1211 1099 1221
f 1701 1810 1834
f 1351 1577 1221
f 1351 1701 1577
f 1701 1834 1577
f 1577 1834 1927
f 2044 2274 2157
f 2695 2411 2696
f 2695 2696 2914
f 2695 2914 2846
f 3091 2846 3345
f 3091 3345 3372
f 3372 3345 3394
f 3372 3394 3505
f 3468 3372 3505
f 195 209 178
f 178 209 144
f 209 277 144
f 144 277 214
f 222 198 212
f 309 343 263
f 1810 1602 1824
f 1824 1602 1627
f 1824 1838 1810
f 1701 1602 1810
f 2361 2274 2565
f 2274 2160 2565
f 2914 2696 2908
f 3345 2846 3361
f 2846 3066 3361
f 3345 3361 3460
f 3460 3505 3394
f 3979 3903 3934
f 3975 3903 3979
f 3975 3979 3972
f 3979 3988 3972
f 144 214 154
f 154 214 170
f 214 198 170
f 3972 3988 3906
f 170 198 227
f 227 249 175
f 3354 3358 3461
f 208 175 249
f 208 249 259
f 208 259 263
f 3130 3257 3271
f 343 302 263
f 343 347 302
f 440 347 343
f 293 297 410
f 481 293 410
f 481 403 293
f 403 348 293
f 3119 3360 3361
f 3360 3473 3361
f 3460 3473 3673
f 3460 3673 3700
f 3473 3460 3361
f 3673 3810 3700
f 3673 3843 3810
f 271 260 218
f 271 298 260
f 3810 3843 3918
f 3843 3923 3918
f 3918 3923 3934
f 3923 3927 3934
f 3934 3927 3979
f 3979 3927 3988
f 3927 3917 3988
f 3906 3922 3905
f 150 170 227
f 207 150 175
f 150 227 175
f 3842 3922 3762
f 175 208 207
f 3354 3257 3358
f 3562 3584 3354
f 3584 3562 3687
f 208 263 231
f 3257 3354 3271
f 3354 3376 3271
f 3447 3376 3354
f 3354 3584 3447
f 3183 3271 3376
f 710 785 725
f 2721 2665 2588
f 2549 2847 2633
f 2633 2847 2845
f 2845 2847 3018
f 3119 3018 3360
f 3244 3360 3018
f 3465 3360 3244
f 3360 3465 3473
f 3473 3465 3464
f 3473 3464 3673
f 3673 3464 3474
f 3673 3474 3843
f 3474 3575 3843
f 3843 3575 3923
f 3575 3578 3923
f 3923 3578 3927
f 3578 3677 3927
f 3677 3680 3927
f 3927 3680 3754
f 3754 3782 3917
f 3754 3917 3927
f 3782 3922 3917
f 3685 3762 3782
f 3922 3782 3762
f 3685 3687 3762
f 1930 1936 2128
f 2128 1936 2066
f 2665 2721 2849
f 2721 2949 2849
f 2665 2431 2517
f 2849 2829 2665
f 2665 2829 2431
f 1452 1822 1702
f 1422 1344 1452
f 1452 1344 1153
f 1726 1422 1702
f 1702 1422 1452
f 1726 1702 1947
f 1947 2045 2062
f 545 802 638
f 412 545 457
f 2702 2353 2352
f 341 410 304
f 2353 2702 2549
f 304 270 225
f 297 270 304
f 2702 2847 2549
f 2847 2702 2749
f 2826 3244 3018
f 3155 3244 2826
f 3155 3465 3244
f 3465 3155 3464
f 3155 3265 3464
f 3265 3474 3464
f 3474 3265 3575
f 3265 3369 3575
f 3575 3369 3578
f 3578 3369 3373
f 3578 3373 3478
f 3478 3677 3578
f 3478 3582 3677
f 3582 3680 3677
f 3680 3664 3754
f 3782 3754 3585
f 3585 3754 3664
f 3693 3782 3585
f 3685 3782 3693
f 3693 3686 3685
f 2134 1949 2128
f 2128 1949 1930
f 2189 2134 2254
f 2254 2134 2128
f 2431 2189 2254
f 930 1086 963
f 963 1086 1087
f 1086 1153 1087
f 1153 1086 1452
f 1452 1948 1822
f 1822 1948 1702
f 1948 2046 2045
f 545 473 538
f 802 545 538
f 1948 1947 1702
f 1947 1948 2045
f 341 303 351
f 471 341 414
f 414 341 351
f 473 471 414
f 545 471 473
f 303 304 240
f 341 304 303
f 341 471 412
f 471 545 412
f 2702 2352 2561
f 2352 2234 2561
f 2702 2561 2697
f 2697 2700 2702
f 2702 2700 2749
f 2826 2749 2700
f 2826 2700 3149
f 3155 2826 3149
f 3149 3151 3155
f 48 37 51
f 3265 3155 3261
f 3155 3151 3261
f 48 14 37
f 86 20 48
f 78 20 86
f 3142 3369 3261
f 3369 3265 3261
f 3365 3369 3142
f 3365 3483 3369
f 3477 3478 3483
f 3582 3478 3477
f 3582 3477 3577
f 3577 3581 3582
f 3582 3581 3664
f 3585 3664 3581
f 3699 3693 3696
f 3696 3693 3585
f 3699 3759 3693
f 1722 1716 1492
f 2431 2380 2189
f 2380 2228 2189
f 2380 2407 2228
f 1356 1933 1086
f 1086 923 1076
f 1208 1086 1076
f 1356 1086 1208
f 1933 1452 1086
f 1948 1452 1933
f 1948 1933 2046
f 538 522 541
f 541 630 538
f 630 729 538
f 729 815 538
f 538 815 930
f 815 923 930
f 930 923 1086
f 414 351 406
f 538 473 522
f 2356 2234 2271
f 2557 2234 2356
f 2557 2561 2234
f 2697 2560 2700
f 2700 2560 2688
f 2688 3149 2700
f 3149 2688 3151
f 2688 2560 2582
f 2688 2582 3151
f 2582 2817 3151
f 3151 2817 3142
f 3151 3142 3261
f 2817 2989 3142
f 4 12 8
f 3142 3235 3365
f 4 8 3
f 8 11 3
f 3365 3235 3340
f 3365 3340 3483
f 3483 3340 3477
f 11 17 3
f 3477 3445 3577
f 17 6 3
f 3445 3446 3577
f 3446 3581 3577
f 15 6 17
f 3579 3581 3446
f 3585 3581 3579
f 3696 3585 3579
f 39 35 15
f 63 35 42
f 35 39 42
f 3789 3759 3699
f 56 63 42
f 3811 3759 3789
f 1197 1268 1096
f 1716 1613 1556
f 1076 1207 1208
f 1208 1207 1356
f 1933 1356 1450
f 1450 1356 1321
f 1450 1703 1933
f 1703 2050 1933
f 911 923 815
f 923 911 1076
f 911 1321 1076
f 1076 1321 1207
f 1207 1321 1356
f 2050 2046 1933
f 2046 2050 2161
f 2417 2271 2161
f 413 475 438
f 540 541 475
f 475 541 522
f 475 522 438
f 540 630 541
f 729 630 815
f 630 822 815
f 822 911 815
f 2417 2356 2271
f 413 406 357
f 2435 2356 2417
f 256 229 226
f 2557 2356 2435
f 226 229 199
f 2557 2435 2507
f 2557 2507 2561
f 106 108 47
f 108 106 116
f 106 145 116
f 2507 2418 2561
f 2561 2418 2560
f 2697 2561 2560
f 47 108 41
f 2418 2373 2560
f 47 41 29
f 1 2 29
f 38 1 29
f 29 41 38
f 1 38 19
f 2560 2373 2582
f 19 18 1
f 18 5 1
f 2582 2373 2366
f 2582 2366 2817
f 5 18 12
f 2366 2504 2817
f 2832 2817 2504
f 2817 2832 2989
f 4 5 12
f 3096 2989 2832
f 16 4 3
f 34 16 3
f 3 6 34
f 34 6 31
f 44 31 15
f 31 6 15
f 44 15 35
f 44 35 43
f 43 35 63
f 63 56 67
f 1450 1570 1703
f 733 911 822
f 1710 1703 1570
f 1710 2050 1703
f 2161 2050 2025
f 2025 2417 2161
f 413 353 476
f 413 476 475
f 476 540 475
f 540 633 630
f 633 733 630
f 630 733 822
f 357 352 353
f 413 357 353
f 2025 2165 2417
f 2417 2165 2435
f 130 174 106
f 106 174 145
f 145 174 164
f 174 199 164
f 2165 2418 2435
f 2435 2418 2507
f 130 106 47
f 49 130 47
f 2418 2165 2131
f 2418 2131 2373
f 49 47 29
f 2 28 29
f 28 49 29
f 2 1 28
f 5 9 1
f 9 28 1
f 2373 2131 2266
f 9 5 7
f 2131 2053 2266
f 2373 2266 2366
f 2266 2053 2151
f 2053 2036 2151
f 2151 2391 2266
f 2266 2391 2366
f 2366 2391 2504
f 7 5 4
f 2668 2832 2504
f 2668 2778 2832
f 2778 3000 2832
f 2832 3000 3096
f 31 44 32
f 43 45 44
f 43 63 45
f 67 84 63
f 67 89 84
f 89 90 84
f 733 542 737
f 737 926 733
f 926 911 733
f 911 1347 1321
f 1438 1450 1347
f 1450 1321 1347
f 1450 1438 1570
f 476 353 408
f 408 542 476
f 476 542 540
f 540 542 633
f 733 633 542
f 1565 1570 1438
f 1570 1565 1710
f 1565 1712 1710
f 1710 1712 2050
f 2050 1712 2025
f 353 352 408
f 1712 1806 2025
f 2025 1806 2165
f 174 226 199
f 130 203 174
f 109 130 49
f 109 203 130
f 2165 1806 2131
f 66 109 49
f 1806 1821 2131
f 49 28 66
f 28 50 66
f 1821 2053 2131
f 28 9 50
f 50 9 61
f 7 64 9
f 64 61 9
f 1461 1697 1705
f 1821 1705 1697
f 2053 1821 1944
f 1821 1697 1944
f 1697 1461 1694
f 1697 1694 1944
f 1944 1809 2053
f 2053 1809 2036
f 64 7 69
f 1461 1359 1694
f 4 30 7
f 30 69 7
f 1694 1359 1809
f 1694 1809 1944
f 1809 1939 2036
f 2151 2036 2048
f 2048 2391 2151
f 30 4 16
f 60 30 16
f 1359 1339 1442
f 1359 1442 1809
f 1809 1442 1724
f 1809 1724 1939
f 1939 1724 1937
f 1939 1937 2036
f 2391 2048 2410
f 2410 2504 2391
f 16 33 60
f 1339 1287 1442
f 2048 2036 1937
f 2410 2514 2504
f 2504 2514 2668
f 60 33 46
f 1462 1442 1287
f 1442 1462 1724
f 3175 2993 3032
f 33 32 46
f 32 44 46
f 44 45 46
f 45 63 82
f 63 84 82
f 84 90 81
f 90 104 81
f 90 124 104
f 4717 4307 4458
f 4869 4307 4717
f 4866 4648 4307
f 4866 4307 4869
f 4866 4845 4746
f 4648 4866 4746
f 4536 4348 4648
f 926 1216 911
f 911 1216 1347
f 474 408 472
f 474 627 408
f 408 627 542
f 542 627 737
f 1438 1347 1216
f 472 408 352
f 1438 1460 1565
f 1712 1565 1806
f 1565 1460 1520
f 1460 1491 1520
f 1565 1520 1806
f 226 174 232
f 269 268 232
f 268 226 232
f 232 174 203
f 172 203 109
f 109 66 107
f 172 109 173
f 109 107 173
f 50 107 66
f 50 65 107
f 107 65 102
f 1636 1663 1821
f 65 50 61
f 65 61 102
f 1663 1705 1821
f 61 64 102
f 1340 1359 1461
f 60 69 30
f 1359 1201 1339
f 2048 2175 2410
f 2048 2028 2175
f 83 46 45
f 45 82 83
f 84 81 82
f 126 82 81
f 126 81 104
f 131 149 168
f 131 168 124
f 4869 4717 4891
f 344 261 301
f 354 344 301
f 467 531 680
f 467 680 537
f 680 816 537
f 829 816 680
f 912 905 829
f 905 816 829
f 905 912 1045
f 1329 905 1045
f 4952 4866 4869
f 4927 4866 4952
f 4991 5061 5059
f 5028 4927 5059
f 5059 4927 4991
f 4927 4845 4866
f 4927 4988 4845
f 5028 4988 4927
f 4984 4845 4988
f 2491 2248 2125
f 2334 2248 2491
f 4746 4845 4861
f 4984 4861 4845
f 4940 4861 4984
f 4861 4808 4746
f 4648 4746 4786
f 4808 4786 4746
f 4872 4805 4808
f 4940 4872 4861
f 4861 4872 4808
f 4786 4683 4648
f 4648 4541 4536
f 4805 4872 4807
f 4739 4807 4669
f 926 737 730
f 926 730 1214
f 926 1214 1216
f 627 474 632
f 632 730 627
f 730 737 627
f 1216 1214 1438
f 1214 1460 1438
f 472 352 417
f 474 472 632
f 1214 1418 1460
f 1460 1418 1491
f 349 352 269
f 352 349 417
f 230 349 269
f 203 228 232
f 232 228 269
f 228 230 269
f 203 172 202
f 228 203 230
f 203 202 230
f 102 146 107
f 146 173 107
f 64 105 102
f 105 146 102
f 64 127 105
f 64 69 127
f 1561 1709 1433
f 1433 1709 1733
f 80 69 60
f 80 127 69
f 1433 1435 1201
f 1433 1733 1435
f 1200 1201 1352
f 1201 1435 1352
f 1200 1352 1199
f 60 46 80
f 80 46 85
f 1320 1338 1465
f 1320 1465 1423
f 85 46 83
f 103 85 83
f 1338 992 1001
f 1338 1001 1465
f 1571 1465 1624
f 1001 1210 1465
f 1465 1210 1429
f 1465 1429 1624
f 103 83 101
f 83 82 101
f 101 82 126
f 1429 1210 1328
f 1624 1429 1688
f 1922 1880 1688
f 171 126 104
f 1454 1429 1328
f 1429 1454 1688
f 171 104 124
f 1367 1454 1328
f 200 171 168
f 124 168 171
f 5062 4994 5056
f 200 168 201
f 264 200 201
f 201 176 261
f 201 261 264
f 4994 5062 4993
f 4993 5062 5082
f 264 261 346
f 346 261 344
f 346 344 478
f 1180 1011 897
f 5061 4993 5082
f 344 467 478
f 813 643 816
f 813 816 897
f 897 816 1180
f 478 467 537
f 478 537 643
f 643 537 816
f 1349 1180 1195
f 467 344 409
f 1180 816 1195
f 1554 1428 1335
f 1428 1195 1335
f 5082 5083 5061
f 816 905 1195
f 1195 905 1329
f 1195 1329 1335
f 1335 1329 1554
f 1554 1329 1826
f 5061 5083 5059
f 5083 5055 5059
f 5060 5028 5059
f 5055 5060 5059
f 5060 5057 5028
f 4988 5028 5057
f 4988 5058 4984
f 4988 5057 5058
f 5058 5026 4984
f 4940 4984 5026
f 4872 4940 4986
f 4872 4986 4871
f 4807 4872 4871
f 4669 4807 4736
f 4807 4821 4736
f 4632 4669 4636
f 4736 4636 4669
f 1214 1047 1418
f 1418 1047 1343
f 1343 1538 1418
f 472 417 632
f 548 637 632
f 632 637 730
f 730 637 1214
f 637 1047 1214
f 1343 1522 1538
f 349 342 417
f 548 632 417
f 230 267 349
f 349 267 342
f 342 548 417
f 267 230 202
f 267 299 342
f 172 173 202
f 202 173 221
f 202 221 267
f 1965 2064 1960
f 221 173 146
f 221 299 267
f 167 221 146
f 105 128 146
f 128 167 146
f 127 128 105
f 1957 1840 1841
f 1841 2064 1957
f 1957 1733 1840
f 1733 1689 1435
f 1953 1689 1733
f 1957 1953 1733
f 1685 1352 1435
f 1685 1435 1689
f 1685 1689 1953
f 80 85 127
f 1350 1199 1352
f 1350 1352 1685
f 127 85 125
f 1012 927 1003
f 1083 1012 1003
f 1217 1350 1003
f 1350 1083 1003
f 1199 1350 1217
f 824 1002 927
f 1003 927 1002
f 1003 1002 1217
f 1217 1002 1320
f 1002 992 1338
f 1320 1002 1338
f 85 103 125
f 1002 824 992
f 556 728 824
f 992 824 728
f 103 101 125
f 728 1001 992
f 125 101 147
f 728 556 553
f 728 553 1001
f 2144 2230 2138
f 2230 2144 2424
f 147 101 126
f 553 917 1001
f 1001 917 1210
f 2144 1964 1922
f 1964 2144 2138
f 2144 2255 2424
f 147 126 171
f 917 553 727
f 553 470 727
f 1210 917 1328
f 1454 1647 1688
f 1647 1922 1688
f 2144 1922 2185
f 2144 2185 2255
f 224 147 171
f 415 470 553
f 1328 917 1091
f 1091 1367 1328
f 1922 1921 2185
f 224 171 200
f 265 224 200
f 415 224 265
f 917 727 916
f 1091 1198 1367
f 1454 1367 1647
f 1921 2167 2185
f 470 415 469
f 470 469 727
f 727 643 916
f 917 916 1091
f 1091 916 1198
f 1647 1367 1676
f 1647 1676 1922
f 1922 1676 1921
f 2167 2287 2185
f 5056 5053 5062
f 265 200 264
f 265 264 415
f 415 264 346
f 415 346 478
f 415 478 469
f 727 469 643
f 916 1011 1198
f 1367 1198 1676
f 1921 1676 1972
f 1921 1972 2167
f 2167 1972 2071
f 469 478 643
f 916 643 813
f 916 813 1011
f 1198 1557 1676
f 5053 5032 5062
f 1011 813 897
f 1198 1011 1180
f 1198 1180 1557
f 1676 1557 1887
f 1887 1972 1676
f 5082 5062 5084
f 5062 5032 5084
f 1180 1349 1557
f 1557 1349 1887
f 1349 1428 1887
f 1887 1428 1847
f 1428 1349 1195
f 5082 5084 5083
f 1847 1428 1554
f 5084 5081 5083
f 1847 1554 1850
f 1554 1826 1850
f 1826 1682 1812
f 5083 5081 5055
f 5060 5055 5057
f 5055 5058 5057
f 5058 5027 5026
f 5025 4940 5026
f 5027 5025 5026
f 4940 5025 4986
f 5025 4989 4986
f 4905 4871 4986
f 4905 4986 4989
f 4904 4821 4871
f 4871 4905 4904
f 4788 4736 4824
f 4736 4821 4824
f 4821 4904 4824
f 4736 4735 4636
f 4735 4644 4636
f 4735 4736 4788
f 4591 4594 4644
f 1522 1497 1831
f 1831 1497 1965
f 1965 1497 2064
f 376 167 128
f 167 376 221
f 221 376 299
f 2064 1558 1957
f 299 376 342
f 1558 1953 1957
f 128 127 376
f 127 125 376
f 1083 1350 1558
f 1558 1350 1685
f 1558 1685 1953
f 376 125 306
f 927 556 824
f 433 376 556
f 376 306 556
f 125 147 306
f 556 306 553
f 306 147 224
f 306 415 553
f 306 224 415
f 2071 2286 2167
f 2286 2287 2167
f 1887 2127 1972
f 2127 2071 1972
f 2127 2286 2071
f 2127 1887 2122
f 1887 1847 2122
f 5033 5031 5084
f 5084 5031 5081
f 2014 1847 2017
f 1847 1850 2017
f 1850 1826 1812
f 1850 1812 2017
f 5031 5055 5081
f 1812 1961 2017
f 5055 5024 5058
f 4987 5027 5024
f 5027 5058 5024
f 5027 4987 5025
f 4941 4989 4987
f 4989 5025 4987
f 4873 4905 4941
f 4905 4989 4941
f 4905 4873 4904
f 4734 4824 4873
f 4873 4824 4904
f 4734 4788 4824
f 4735 4734 4644
f 4735 4788 4734
f 4483 4591 4527
f 4591 4644 4527
f 4486 4483 4339
f 4486 4591 4483
f 4941 4734 4873
f 3786 3928 3982
f 3840 3928 3786
f 3403 3197 3013
f 3403 3013 3379
f 3616 3659 3786
f 3616 3553 3659
f 3403 3553 3616
f 3379 3553 3403
f 2602 2822 3013
f 2331 2822 2602
f 1771 1855 1802
f 1136 1596 1605
f 1136 1650 1596
f 1136 1769 1884
f 1136 1642 1769
f 1136 1605 1642
f 2331 2546 2822
f 1136 1977 2331
f 1977 2546 2331
f 1136 1857 1977
f 1136 1884 1857
f 1771 1802 1650
f 4093 4057 3982
f 1989 1855 1771
f 1967 1989 1771
f 4028 3982 4057
f 1966 2197 2178
f 4092 4057 4093
f 2756 2921 2842
f 2756 2842 2598
f 2742 2691 2768
f 2599 2756 2598
f 2599 2598 2477
f 2188 2293 2197
f 2500 2599 2477
f 2689 2691 2742
f 2297 2293 2188
f 4146 4135 4197
f 2754 2690 2689
f 3181 3259 3309
f 3181 3082 3259
f 3101 3181 3309
f 3101 3123 3181
f 4333 4288 4304
f 4288 4264 4304
f 3344 3309 3502
f 3101 3309 3344
f 3101 3344 3287
f 4146 4197 4262
f 3628 3502 3618
f 2237 2188 1997
f 4361 4285 4313
f 4571 4508 4361
f 2082 2237 1997
f 2082 2480 2237
f 4627 4574 4601
f 3609 2480 2082
f 3609 3525 2480
f 4509 4510 4270
f 3711 4061 3731
f 4569 4566 4564
f 4556 4564 4515
f 4509 4515 4510
f 4509 4556 4515
f 4600 4566 4569
f 4600 4601 4566
f 3609 3731 3525
f 3609 3711 3731
f 4629 4571 4574
f 4629 4574 4627
f 4600 4627 4601
f 4151 4194 4153
f 4151 4153 4061
f 4454 4509 4270
f 4454 4270 4394
f 4275 4270 4194
f 4186 4194 4151
f 4186 4275 4194
f 4275 4329 4270
f 4394 4270 4329
f 5045 4947 5046
f 5045 5018 4947
f 4834 4800 4695
f 4982 4800 4947
f 4947 4800 4834
f 5018 4982 4947
f 4800 4661 4695
f 4949 4800 4982
f 4800 4715 4661
f 4799 4715 4800
f 4747 4832 5085
f 1226 944 1022
f 1473 1226 1369
f 1475 944 1226
f 1473 1475 1226
f 4659 4542 4651
f 4691 4659 4747
f 5085 4834 4747
f 4834 4691 4747
f 941 944 1028
f 1475 1028 944
f 4424 4427 4542
f 4659 4424 4542
f 4947 4834 5085
f 5039 4947 5085
f 5143 5039 5085
f 5122 5039 5143
f 4691 4424 4659
f 5039 5122 5116
f 4691 4695 4424
f 1026 1028 1475
f 4695 4318 4424
f 4947 5039 5046
f 5100 5046 5116
f 5116 5046 5039
f 4834 4695 4691
f 5046 5100 5095
f 1648 1475 1656
f 5046 5095 5045
f 5095 5070 5045
f 1648 1252 1475
f 4318 4695 4290
f 4695 4661 4290
f 5052 5018 5045
f 5052 5045 5070
f 1252 1119 1475
f 1475 1119 1026
f 5052 5067 5018
f 5019 4982 5018
f 5067 5019 5018
f 5019 5047 4982
f 4949 4982 5047
f 4949 5047 4981
f 4661 4332 4290
f 4949 4882 4800
f 4943 4882 4949
f 4943 4949 4979
f 4949 4981 4979
f 4661 4715 4332
f 4882 4799 4800
f 4882 4919 4799
f 4882 4943 4919
f 4943 4979 4919
f 4799 4716 4715
f 4715 4397 4332
f 4847 4716 4799
f 4919 4847 4799
f 4885 4847 4919
f 4840 4716 4847
f 4840 4702 4716
f 4715 4388 4397
f 4612 4388 4715
f 4612 4715 4716
f 4702 4612 4716
f 4388 4612 4448
f 760 952 1038
f 1259 760 1038
f 760 568 569
f 1226 1259 1387
f 1721 1226 1387
f 5085 4791 5079
f 1259 1022 760
f 1022 568 760
f 2191 1473 1924
f 4832 4699 4791
f 5085 5079 5125
f 5085 5125 5163
f 1022 1259 1226
f 1721 1369 1226
f 1924 1369 1721
f 4651 4518 4655
f 4747 4655 4699
f 4832 4747 4699
f 5085 4832 4791
f 5163 5176 5085
f 944 564 568
f 1022 944 568
f 1473 1369 1924
f 4651 4442 4518
f 4747 4651 4655
f 5176 5143 5085
f 2191 2190 1473
f 4442 4375 4518
f 4651 4747 4659
f 5176 5177 5143
f 1475 1473 2190
f 4651 4542 4442
f 944 663 564
f 4442 4268 4375
f 944 649 663
f 944 941 649
f 2190 1656 1475
f 4427 4267 4442
f 4442 4267 4268
f 4542 4427 4442
f 5177 5153 5143
f 5143 5153 5122
f 941 757 649
f 941 1028 757
f 4277 4223 4224
f 4267 4277 4224
f 4424 4277 4427
f 4427 4277 4267
f 2591 1656 2190
f 5153 5158 5122
f 1028 843 757
f 4277 4424 4318
f 5116 5122 5100
f 5122 5137 5100
f 5137 5122 5158
f 843 1026 833
f 1028 1026 843
f 4277 4154 4223
f 5100 5136 5095
f 5137 5136 5100
f 1026 933 833
f 4277 4112 4154
f 4318 4112 4277
f 5136 5111 5095
f 2592 1648 1656
f 2591 2592 1656
f 5111 5070 5095
f 4318 4290 4112
f 5111 5112 5070
f 1026 934 933
f 1026 1119 934
f 5052 5070 5102
f 5070 5112 5102
f 5102 5067 5052
f 934 1119 1252
f 4290 4013 4112
f 5019 5067 5071
f 5071 5067 5102
f 2592 1845 1648
f 1845 2592 2329
f 4290 4059 4013
f 1648 1224 1252
f 1390 1224 1648
f 5019 5071 5047
f 5073 5047 5071
f 1252 940 934
f 1224 940 1252
f 1133 940 1224
f 1390 1232 1224
f 2112 1648 1845
f 2329 2112 1845
f 4981 5047 4979
f 1232 1133 1224
f 1913 1390 1648
f 2112 1913 1648
f 4290 4332 4059
f 4942 4979 5047
f 940 1133 1041
f 4332 3938 4059
f 4942 4919 4979
f 1913 1489 1390
f 4885 4919 4914
f 4919 4942 4914
f 4397 4140 4332
f 4332 4140 3938
f 4885 4914 4847
f 4883 4840 4847
f 4883 4847 4914
f 4397 4142 4140
f 4388 4142 4397
f 4702 4840 4703
f 4840 4883 4703
f 4388 4234 4142
f 4448 4234 4388
f 4612 4549 4448
f 4664 4549 4612
f 4703 4664 4702
f 4664 4612 4702
f 4549 4501 4448
f 4624 4549 4664
f 4501 4234 4448
f 861 1488 931
f 1259 931 1488
f 667 666 749
f 931 667 861
f 861 667 749
f 931 772 667
f 952 772 931
f 1038 952 931
f 1259 1038 931
f 1535 1259 1488
f 1721 1259 1535
f 1784 1721 1535
f 772 760 667
f 760 653 667
f 760 772 952
f 1721 1387 1259
f 2058 1721 1784
f 653 760 569
f 2251 1924 2058
f 4791 4758 5079
f 5079 4758 4759
f 5079 5064 5087
f 1924 1721 2058
f 5125 5087 5126
f 569 568 653
f 2330 1924 2251
f 4791 4657 4758
f 5125 5079 5087
f 5125 5126 5173
f 2479 1924 2330
f 4655 4619 4657
f 4699 4655 4657
f 4657 4791 4699
f 653 568 651
f 4619 4456 4568
f 5175 5163 5173
f 5173 5163 5125
f 2191 1924 2479
f 4518 4456 4619
f 4619 4655 4518
f 568 564 651
f 4518 4417 4456
f 5175 5176 5163
f 2775 2191 2479
f 4518 4312 4417
f 2474 2191 2775
f 2917 2474 2775
f 651 564 659
f 4375 4315 4312
f 4312 4518 4375
f 5175 5179 5176
f 5176 5179 5177
f 2474 2190 2191
f 4284 4315 4268
f 4315 4375 4268
f 659 564 663
f 762 659 663
f 2981 2474 2917
f 4268 4319 4284
f 762 663 742
f 663 649 742
f 3074 2190 2474
f 2981 3074 2474
f 4267 4225 4268
f 4225 4319 4268
f 5159 5177 5179
f 742 649 678
f 4225 4267 4224
f 5153 5177 5159
f 678 649 741
f 649 757 741
f 4223 4182 4224
f 4182 4225 4224
f 757 690 741
f 3074 2591 2190
f 3108 2591 3074
f 5159 5157 5153
f 5153 5157 5158
f 757 843 690
f 843 837 690
f 4154 4096 4182
f 4223 4154 4182
f 5137 5158 5139
f 5158 5157 5139
f 833 825 843
f 843 825 837
f 2591 3108 3281
f 4154 4041 4096
f 3281 2592 2591
f 5113 5136 5139
f 5137 5139 5136
f 825 833 933
f 3289 2592 3281
f 5111 5136 5113
f 4112 4051 4154
f 4154 4051 3951
f 5113 5115 5111
f 825 933 846
f 3199 2592 3289
f 3951 4051 3873
f 5096 5112 5115
f 5111 5115 5112
f 933 934 846
f 3199 3182 2592
f 5112 5096 5102
f 4013 3873 4051
f 4112 4013 4051
f 5078 5102 5096
f 935 846 934
f 3801 3873 3935
f 4013 3935 3873
f 5102 5078 5071
f 3182 2329 2592
f 3935 3863 3801
f 5071 5078 5075
f 3076 2329 3182
f 4013 3863 3935
f 5050 5073 5075
f 5071 5075 5073
f 934 939 935
f 4059 3863 4013
f 5047 5073 5050
f 940 939 934
f 2631 2329 3076
f 3807 3863 3864
f 4059 3864 3863
f 5050 5049 5047
f 2312 2112 2329
f 2312 2329 2631
f 3086 2932 3076
f 3076 2932 2631
f 5049 4942 5047
f 939 940 1041
f 4059 3938 3864
f 1041 1133 1029
f 1133 1232 1029
f 2101 2112 2312
f 2932 2473 2631
f 1129 1029 1232
f 1913 2112 2101
f 2311 2101 2312
f 2473 2311 2631
f 2631 2311 2312
f 4140 3940 3938
f 4913 4914 4942
f 1029 1129 957
f 1390 1129 1232
f 1797 1913 2101
f 4844 4883 4913
f 4883 4914 4913
f 1489 1129 1390
f 2080 1797 2101
f 2311 2080 2101
f 4140 4062 3940
f 4883 4844 4881
f 4881 4839 4883
f 957 1129 955
f 1135 1129 1489
f 1464 1489 1913
f 1797 1464 1913
f 4140 4142 4062
f 4839 4703 4883
f 1129 1135 955
f 1464 1135 1489
f 1765 1464 1797
f 1797 2080 1765
f 4062 4142 4105
f 4748 4703 4839
f 4104 4105 4142
f 4624 4664 4551
f 4664 4703 4551
f 4104 4142 4234
f 4551 4501 4549
f 4551 4549 4624
f 4189 4104 4234
f 4501 4324 4234
f 4446 4324 4501
f 4551 4446 4501
f 4234 4233 4189
f 4324 4233 4234
f 1486 1488 951
f 1488 861 951
f 1684 1488 1594
f 1594 1488 1486
f 749 590 773
f 861 749 773
f 1535 1488 1684
f 1786 1535 1684
f 749 666 590
f 1535 1786 1784
f 1784 1786 1906
f 2115 2058 1906
f 1906 2058 1784
f 2058 2115 2466
f 5064 5079 4835
f 5042 5064 4835
f 5040 5064 5042
f 4759 4654 4794
f 4835 4759 4794
f 5079 4759 4835
f 5064 5040 5090
f 5064 5090 5087
f 2251 2058 2466
f 2251 2466 2771
f 4759 4660 4654
f 2771 2330 2251
f 4495 4621 4620
f 4660 4620 4621
f 4758 4660 4759
f 652 489 653
f 4568 4495 4620
f 4619 4568 4620
f 4657 4619 4660
f 4660 4619 4620
f 4758 4657 4660
f 5169 5173 5126
f 4568 4494 4495
f 653 661 652
f 3093 2479 2771
f 4456 4455 4494
f 4568 4456 4494
f 651 662 653
f 653 662 661
f 2771 2479 2330
f 2775 2479 3093
f 3185 2775 3093
f 4455 4417 4368
f 4455 4456 4417
f 651 660 662
f 3094 2775 3185
f 3207 2775 3094
f 4368 4417 4312
f 2917 2775 3207
f 659 573 651
f 573 660 651
f 3207 3288 2917
f 4315 4319 4312
f 4312 4319 4317
f 5175 5187 5179
f 2917 3288 2981
f 4284 4319 4315
f 573 659 762
f 3211 2981 3288
f 5179 5187 5186
f 3187 3074 3211
f 3211 3074 2981
f 5159 5179 5186
f 678 510 742
f 741 584 678
f 678 584 510
f 3108 3074 3187
f 4181 4182 4096
f 4181 4225 4182
f 690 584 741
f 3311 3108 3187
f 690 673 584
f 673 690 837
f 5139 5157 5170
f 584 673 594
f 837 825 673
f 3108 3311 3281
f 3281 3311 3506
f 4041 4004 4096
f 3503 3281 3506
f 4041 4154 3941
f 5113 5139 5172
f 5170 5172 5139
f 3406 3289 3503
f 3503 3289 3281
f 3941 3951 3794
f 3941 4154 3951
f 5149 5113 5172
f 3619 3406 3503
f 5155 5115 5149
f 5149 5115 5113
f 673 825 647
f 825 846 647
f 3794 3717 3619
f 3951 3717 3794
f 5096 5115 5155
f 3289 3406 3199
f 3873 3717 3951
f 5155 5106 5096
f 5162 5106 5155
f 647 846 763
f 3199 3406 3182
f 3619 3182 3406
f 3717 3617 3619
f 3873 3801 3717
f 5078 5096 5106
f 846 935 763
f 3617 3182 3619
f 3801 3617 3717
f 5150 5078 5106
f 5106 5162 5150
f 3863 3617 3801
f 5150 5075 5078
f 5150 5135 5075
f 3863 3807 3617
f 5050 5075 5134
f 5134 5075 5135
f 935 759 763
f 939 759 935
f 3076 3182 3313
f 3617 3313 3182
f 5049 5050 5134
f 3076 3313 3086
f 3508 3313 3617
f 3807 3508 3617
f 3864 3508 3807
f 5072 4942 5049
f 3508 3086 3313
f 939 1041 847
f 1041 1029 847
f 2924 2932 3086
f 4942 5072 4976
f 2924 2473 2932
f 3081 2924 3086
f 3188 3081 3508
f 3508 3081 3086
f 3621 3188 3508
f 3864 3621 3508
f 3730 3621 3938
f 3938 3621 3864
f 3940 3730 3938
f 4942 4976 4913
f 957 847 1029
f 2473 2924 2759
f 3081 2759 2924
f 4912 4844 4913
f 4913 4976 4912
f 2473 2310 2311
f 2310 2473 2759
f 4844 4912 4881
f 4878 4881 4912
f 2201 2080 2311
f 2201 2311 2310
f 2454 2310 2759
f 2765 2454 2759
f 3730 3798 3709
f 4062 3798 3940
f 3940 3798 3730
f 4839 4881 4878
f 2209 1765 2080
f 2454 2201 2310
f 3949 3798 4062
f 4062 4105 3949
f 4748 4839 4878
f 1135 856 955
f 1897 1765 2209
f 2201 2209 2080
f 2209 2201 2454
f 4748 4878 4756
f 1135 1126 856
f 4105 3994 3949
f 4105 4104 3994
f 4704 4551 4703
f 4748 4704 4703
f 1481 1388 1464
f 1464 1388 1135
f 1675 1481 1464
f 1787 1675 1765
f 1765 1675 1464
f 1914 1787 1897
f 1897 1787 1765
f 4551 4704 4625
f 4748 4756 4704
f 1126 1106 956
f 1134 1106 1135
f 1135 1106 1126
f 1388 1134 1135
f 4104 4113 3994
f 4104 4189 4113
f 4505 4446 4551
f 4563 4505 4551
f 4563 4551 4625
f 1481 1592 1388
f 1675 1592 1481
f 4446 4503 4324
f 4503 4446 4505
f 4233 4244 4189
f 4324 4244 4233
f 4324 4503 4322
f 4324 4322 4244
f 951 768 855
f 1487 951 855
f 861 767 768
f 951 861 768
f 951 1487 1486
f 1594 1486 1591
f 1486 1487 1591
f 1594 1591 1788
f 773 576 767
f 773 767 861
f 1684 1594 1788
f 2107 1786 1788
f 773 590 576
f 1788 1786 1684
f 1786 2107 1906
f 2115 1906 2107
f 2319 2115 2107
f 4835 4798 4790
f 590 666 498
f 666 489 498
f 2466 2115 2319
f 2605 2466 2461
f 2461 2466 2319
f 2605 2461 2943
f 4835 4794 4798
f 4798 4794 4654
f 4790 5042 4835
f 5040 5042 5065
f 5090 5040 5065
f 2943 2466 2605
f 666 667 489
f 2943 2946 2466
f 4621 4431 4567
f 4660 4621 4567
f 4567 4654 4660
f 5101 5087 5090
f 5087 5101 5126
f 5126 5101 5169
f 667 653 489
f 2946 2771 2466
f 2771 2946 3179
f 3179 3095 2771
f 4495 4370 4431
f 4495 4431 4621
f 489 652 558
f 3093 3095 3301
f 5216 5173 5169
f 2771 3095 3093
f 4494 4374 4370
f 4370 4495 4494
f 775 652 661
f 4494 4455 4374
f 4455 4369 4374
f 661 662 751
f 661 751 775
f 3093 3301 3185
f 3303 3185 3301
f 4368 4369 4455
f 3303 3094 3185
f 4368 4367 4369
f 3207 3094 3303
f 4312 4367 4368
f 660 587 662
f 3303 3310 3207
f 4312 4317 4367
f 573 425 587
f 660 573 587
f 3207 3310 3288
f 4319 4316 4317
f 4316 4367 4317
f 3310 3305 3288
f 4319 4314 4316
f 425 573 429
f 573 762 429
f 3288 3305 3211
f 5187 5188 5186
f 762 742 429
f 3211 3305 3187
f 4319 4225 4314
f 4225 4243 4314
f 429 742 510
f 4225 4181 4243
f 429 510 486
f 510 584 486
f 3415 3187 3305
f 4181 4096 4243
f 5186 5157 5159
f 3187 3415 3311
f 3415 3451 3311
f 4096 4004 4243
f 584 594 502
f 502 594 560
f 3451 3506 3311
f 3506 3451 3627
f 560 594 585
f 594 673 585
f 3627 3503 3506
f 3794 3883 3941
f 3883 4004 3941
f 4004 4041 3941
f 3619 3503 3627
f 3883 3619 3627
f 3619 3883 3794
f 5166 5149 5172
f 5149 5166 5155
f 673 647 495
f 5155 5202 5162
f 578 647 763
f 5105 5049 5134
f 5049 5105 5072
f 5105 5077 5072
f 5077 5074 5072
f 5074 4976 5072
f 5038 4976 5074
f 3621 3402 3188
f 3730 3402 3621
f 5013 4912 4976
f 4976 5038 5013
f 3081 3188 3402
f 4878 4912 4972
f 4912 5013 4972
f 847 955 758
f 847 957 955
f 2765 2759 3189
f 2759 3081 3189
f 3312 3189 3402
f 3402 3189 3081
f 3517 3402 3730
f 3709 3517 3730
f 4911 4878 4972
f 3798 3517 3709
f 4880 4878 4911
f 758 955 754
f 2453 2209 2454
f 2765 2601 2454
f 2601 2453 2454
f 2765 3189 2601
f 3712 3517 3798
f 4880 4756 4878
f 955 856 754
f 2596 2453 2601
f 3798 3793 3712
f 3798 3949 3793
f 3793 3949 3994
f 4752 4756 4880
f 856 1126 956
f 2196 1897 2209
f 2196 2209 2453
f 4756 4752 4704
f 956 845 856
f 1897 2001 1914
f 1897 2196 2001
f 3994 4001 3793
f 1106 845 956
f 1592 1675 1674
f 1787 1674 1675
f 1896 1674 1914
f 1914 1674 1787
f 2001 1896 1914
f 3994 4113 4001
f 4113 4103 4001
f 4103 4113 4189
f 1106 1134 845
f 1592 1134 1388
f 4189 4188 4103
f 4188 4189 4244
f 4443 4322 4503
f 4503 4505 4563
f 1592 1590 1134
f 1674 1590 1592
f 4322 4266 4244
f 4387 4322 4443
f 4244 4266 4188
f 4387 4266 4322
f 855 1485 1487
f 1591 1487 1485
f 768 767 576
f 1907 1788 1591
f 1788 1907 2107
f 1907 1996 2107
f 2107 1996 2193
f 2193 2319 2107
f 2319 2193 2322
f 4790 5037 5042
f 590 563 576
f 2319 2322 2461
f 2461 2322 2465
f 5037 5065 5042
f 590 498 563
f 498 511 563
f 3092 2461 2465
f 4662 4654 4603
f 4654 4546 4603
f 5090 5065 5114
f 5114 5129 5090
f 489 493 498
f 498 493 511
f 3092 2943 2461
f 4546 4654 4567
f 5129 5101 5090
f 3202 2943 3092
f 5101 5129 5169
f 2943 3202 2946
f 4567 4431 4496
f 4431 4377 4496
f 5200 5169 5183
f 3206 3179 2946
f 5216 5169 5200
f 489 558 493
f 3179 3206 3095
f 4431 4370 4377
f 3206 3301 3095
f 591 652 775
f 4369 4376 4374
f 4374 4376 4370
f 591 775 589
f 3304 3307 3301
f 3301 3307 3303
f 5173 5216 5175
f 589 775 751
f 4444 4376 4369
f 662 499 589
f 751 662 589
f 4367 4378 4369
f 4378 4444 4369
f 5175 5216 5187
f 5216 5217 5187
f 662 587 499
f 587 425 370
f 3310 3416 3305
f 5188 5187 5217
f 3416 3520 3305
f 4314 4243 4241
f 5188 5207 5186
f 3624 3305 3520
f 486 311 429
f 3415 3305 3624
f 4183 4243 4007
f 5186 5207 5157
f 3415 3624 3451
f 3724 3451 3624
f 3883 3724 3942
f 4007 4243 4004
f 584 502 486
f 3627 3451 3724
f 3883 3627 3724
f 3883 3942 4008
f 4004 4008 4007
f 5157 5207 5170
f 3883 4008 4004
f 5207 5203 5170
f 5170 5203 5172
f 5172 5203 5166
f 585 673 495
f 5166 5202 5155
f 495 647 494
f 5202 5185 5162
f 494 647 578
f 5185 5150 5162
f 578 763 562
f 5135 5150 5174
f 763 759 562
f 5135 5174 5134
f 5134 5174 5131
f 5105 5134 5131
f 562 939 658
f 562 759 939
f 5077 5105 5103
f 5105 5131 5103
f 658 939 655
f 5077 5103 5074
f 939 847 655
f 5074 5103 5088
f 5103 5109 5088
f 5038 5074 5088
f 5044 4972 5013
f 5044 5013 5038
f 655 847 758
f 4972 5044 5017
f 4908 4911 4972
f 3078 2601 3189
f 3078 3189 3312
f 3402 3517 3312
f 3517 3522 3312
f 4911 4908 4880
f 3517 3622 3522
f 3622 3517 3712
f 4752 4880 4889
f 4880 4908 4889
f 2751 2596 2601
f 2751 2601 3078
f 3078 3312 3184
f 3712 3714 3622
f 3793 3714 3712
f 4795 4752 4889
f 754 856 845
f 2596 2452 2453
f 2452 2596 2751
f 3714 3793 3866
f 3866 3793 4001
f 4705 4625 4704
f 4752 4705 4704
f 2196 2453 2452
f 4001 3945 3866
f 841 845 1134
f 1896 1666 1674
f 2196 2105 2001
f 2196 2452 2212
f 4001 4097 3945
f 4097 4001 4103
f 4610 4503 4563
f 4625 4610 4563
f 4666 4610 4625
f 4705 4666 4625
f 1590 1674 1666
f 1725 1666 1896
f 1895 1725 1896
f 2001 1895 1896
f 2105 1895 2001
f 4387 4443 4321
f 4443 4434 4321
f 4503 4434 4443
f 4434 4503 4610
f 1134 1030 841
f 1124 1030 1134
f 1590 1124 1134
f 1666 1725 1590
f 2000 1725 1895
f 1895 2105 2000
f 2196 2212 2105
f 4103 4188 4097
f 4266 4321 4188
f 4321 4266 4387
f 1124 1132 1030
f 4321 4097 4188
f 1907 1586 1908
f 855 768 859
f 1586 1591 1485
f 1591 1586 1907
f 1908 1996 1907
f 576 668 768
f 2322 2193 2323
f 2193 1996 2323
f 2322 2323 2465
f 2323 3203 2465
f 4749 5012 4790
f 3203 3092 2465
f 4623 4662 4603
f 4662 4749 4654
f 4654 4749 4798
f 4749 4790 4798
f 5065 5107 5114
f 5107 5129 5114
f 511 493 561
f 4546 4496 4377
f 4496 4546 4567
f 3092 3203 3202
f 5160 5169 5129
f 5169 5160 5183
f 561 493 570
f 3202 3206 2946
f 493 558 570
f 4377 4370 4371
f 497 570 558
f 3206 3200 3301
f 497 558 591
f 558 652 591
f 3304 3301 3200
f 3304 3200 3307
f 3200 3205 3307
f 4370 4376 4426
f 591 589 499
f 4493 4426 4376
f 3205 3201 3307
f 4376 4444 4493
f 4493 4444 4490
f 5216 5220 5217
f 499 587 428
f 3306 3307 3201
f 3303 3307 3306
f 4490 4444 4378
f 428 370 315
f 370 316 315
f 428 587 370
f 3303 3306 3310
f 4367 4372 4378
f 4372 4490 4378
f 3416 3310 3306
f 4367 4316 4372
f 4316 4366 4372
f 3306 3518 3416
f 4314 4366 4316
f 316 370 311
f 370 425 311
f 3518 3520 3416
f 5188 5217 5207
f 5217 5204 5207
f 425 429 311
f 3518 3722 3520
f 4183 4241 4243
f 3722 3624 3520
f 3721 3624 3722
f 3721 3877 3942
f 4183 4007 4054
f 313 311 486
f 3721 3724 3624
f 3724 3721 3942
f 3877 4007 3942
f 313 486 363
f 4007 4008 3942
f 5204 5206 5207
f 486 502 363
f 5207 5206 5203
f 363 502 560
f 560 585 423
f 490 423 495
f 423 585 495
f 5203 5206 5166
f 5166 5206 5202
f 495 494 490
f 5202 5192 5185
f 494 578 491
f 5192 5150 5185
f 5150 5192 5174
f 562 658 574
f 5130 5103 5131
f 5130 5131 5164
f 5103 5130 5109
f 5044 5038 5088
f 4980 4908 4972
f 4980 4972 5017
f 5017 5044 4980
f 3397 3184 3312
f 3522 3513 3312
f 3513 3397 3312
f 3513 3522 3622
f 2934 2751 3078
f 3184 2934 3078
f 3184 3397 3192
f 3510 3513 3622
f 3714 3510 3622
f 3714 3866 3713
f 4841 4795 4889
f 2597 2212 2452
f 2751 2597 2452
f 2751 2934 2597
f 3184 3192 2934
f 2212 2597 2462
f 3866 3957 3713
f 3945 3957 3866
f 4610 4562 4434
f 4611 4562 4610
f 4611 4610 4666
f 841 1030 1032
f 2095 2000 2105
f 2195 2095 2212
f 2095 2105 2212
f 2195 2212 2462
f 4382 4321 4434
f 1132 1032 1030
f 1725 1124 1590
f 2000 1893 1725
f 2095 1893 2000
f 4382 4048 4097
f 4321 4382 4097
f 1132 1123 1032
f 1124 1123 1132
f 1586 1909 1908
f 859 768 764
f 1908 1909 1996
f 1996 2320 2323
f 768 668 764
f 668 852 764
f 2323 2320 2608
f 668 576 580
f 576 563 580
f 3203 2323 2608
f 3203 2608 2931
f 4623 4603 4546
f 5037 5051 5065
f 511 572 563
f 5129 5107 5161
f 5161 5160 5129
f 561 572 511
f 5183 5160 5200
f 3206 3202 3204
f 496 570 497
f 3206 3204 3200
f 365 591 499
f 4493 4433 4426
f 365 499 367
f 3308 3201 3205
f 499 428 367
f 4490 4453 4493
f 5216 5221 5220
f 367 428 315
f 3308 3306 3201
f 4453 4372 4328
f 4490 4372 4453
f 4286 4328 4366
f 4286 4366 4280
f 4328 4372 4366
f 5233 5217 5220
f 4280 4366 4314
f 5233 5234 5217
f 4280 4241 4239
f 4280 4314 4241
f 5204 5217 5238
f 5217 5234 5238
f 3723 3722 3518
f 3722 3723 3792
f 4241 4183 4144
f 4183 4095 4144
f 5204 5238 5222
f 3722 3792 3721
f 3877 3721 3792
f 3877 3948 4009
f 4095 4183 4054
f 4007 3877 4009
f 4054 4007 4009
f 4095 4054 4009
f 5204 5222 5206
f 361 363 560
f 361 560 423
f 422 423 490
f 485 422 490
f 5192 5219 5174
f 562 574 578
f 5178 5131 5174
f 5219 5178 5174
f 5131 5178 5164
f 5109 5130 5120
f 5120 5088 5109
f 5093 5088 5121
f 5088 5120 5121
f 5044 5088 5093
f 655 758 654
f 5043 5044 5069
f 4980 5044 5043
f 754 755 758
f 4889 4908 4980
f 754 845 755
f 3401 3192 3397
f 3513 3401 3397
f 4917 4841 4889
f 841 839 845
f 3513 3510 3401
f 3714 3713 3510
f 4841 4917 4886
f 2923 2597 2934
f 3192 3080 2934
f 3080 2923 2934
f 3193 3080 3192
f 3713 3797 3727
f 4761 4705 4752
f 4795 4761 4752
f 4761 4795 4841
f 2606 2462 2597
f 2606 2597 2923
f 3797 3713 3957
f 4609 4562 4611
f 4666 4609 4611
f 4705 4698 4666
f 4698 4705 4761
f 841 1032 838
f 2462 2309 2195
f 2309 2462 2606
f 3957 4097 4048
f 3957 3945 4097
f 4436 4382 4434
f 4382 4108 4048
f 4180 4108 4382
f 4447 4232 4382
f 4447 4382 4436
f 1725 1123 1124
f 2099 1893 2095
f 1893 1123 1725
f 1039 859 950
f 859 1039 855
f 1039 1677 855
f 855 1677 1485
f 1485 1677 1586
f 1586 1677 1909
f 949 950 859
f 1996 1909 2108
f 1996 2108 2320
f 852 859 764
f 859 852 949
f 2608 2320 2324
f 580 670 668
f 670 852 668
f 2608 2324 2328
f 563 670 580
f 2931 2608 2476
f 4662 4714 4749
f 4714 5012 4749
f 4790 5012 5037
f 5037 5012 5051
f 670 563 671
f 2931 2476 2616
f 4694 4662 4623
f 4694 4714 4662
f 5051 5107 5065
f 572 575 563
f 575 671 563
f 3203 2931 2769
f 572 565 575
f 4546 4377 4547
f 4377 4371 4547
f 561 565 572
f 561 570 565
f 3203 2769 3202
f 2769 2940 3202
f 5200 5160 5214
f 5160 5161 5214
f 5216 5200 5214
f 3202 2940 3204
f 4370 4379 4371
f 2777 3204 2940
f 3204 2777 3200
f 4370 4426 4379
f 4426 4423 4379
f 591 365 497
f 4426 4433 4423
f 3208 3205 3200
f 5214 5221 5216
f 4493 4429 4433
f 315 312 367
f 4453 4429 4493
f 3524 3306 3308
f 4453 4398 4429
f 4328 4398 4453
f 5221 5223 5220
f 3524 3518 3306
f 3518 3524 3623
f 3623 3802 3723
f 4239 4279 4280
f 4280 4279 4286
f 4279 4328 4286
f 5233 5220 5230
f 5220 5223 5230
f 3623 3723 3518
f 4239 4241 4179
f 5233 5232 5234
f 3878 3792 3882
f 3792 3723 3882
f 4179 4144 4095
f 4144 4179 4241
f 5232 5237 5234
f 5237 5238 5234
f 3878 3877 3792
f 3877 3878 3948
f 4095 4009 3948
f 5222 5238 5241
f 311 313 317
f 5241 5235 5222
f 5222 5235 5206
f 5235 5229 5206
f 422 420 423
f 422 485 420
f 490 491 485
f 5206 5229 5202
f 494 491 490
f 5212 5192 5202
f 5229 5212 5202
f 5192 5212 5219
f 658 650 574
f 5164 5178 5130
f 658 656 650
f 5120 5130 5123
f 5123 5121 5120
f 658 654 656
f 655 654 658
f 758 750 654
f 5044 5093 5069
f 758 756 750
f 4980 5043 5016
f 758 755 756
f 4977 4889 4980
f 4977 4980 5016
f 4889 4977 4946
f 4917 4889 4946
f 3400 3192 3401
f 3400 3401 3510
f 3080 3193 2923
f 3193 3192 3400
f 3519 3400 3510
f 3713 3519 3510
f 3519 3713 3727
f 841 838 839
f 4761 4841 4830
f 1032 936 838
f 4048 4011 3957
f 4040 4011 4048
f 4048 4108 4040
f 4562 4436 4434
f 4609 4436 4562
f 2200 2099 2195
f 2099 2095 2195
f 2309 2200 2195
f 4382 4232 4180
f 1893 1391 1123
f 1391 1893 2099
f 950 1121 1039
f 1121 1677 1039
f 1121 950 949
f 1909 2006 2108
f 953 949 852
f 953 1121 949
f 2320 2108 2006
f 670 766 852
f 766 953 852
f 671 766 670
f 2476 2608 2328
f 4714 4751 5012
f 4751 5008 5012
f 5008 5051 5012
f 766 671 853
f 4623 4546 4547
f 4694 4751 4714
f 5008 5011 5051
f 5011 5089 5051
f 5051 5089 5107
f 5089 5128 5107
f 5161 5107 5128
f 575 853 671
f 2769 2931 2616
f 5128 5148 5161
f 575 565 774
f 4432 4547 4371
f 570 571 565
f 571 774 565
f 4432 4371 4488
f 5214 5161 5148
f 2769 2777 2940
f 5209 5214 5148
f 570 496 571
f 496 492 571
f 497 492 496
f 5209 5189 5214
f 497 366 492
f 497 365 366
f 3208 3200 2777
f 4433 4422 4423
f 5189 5205 5214
f 365 364 366
f 5214 5205 5221
f 367 364 365
f 4429 4489 4433
f 367 312 364
f 315 314 312
f 3524 3308 3523
f 3308 3413 3523
f 4429 4398 4489
f 316 314 315
f 4328 4226 4311
f 4311 4398 4328
f 3623 3524 3625
f 3623 3625 3802
f 4177 4226 4179
f 4179 4226 4239
f 4239 4226 4279
f 4328 4279 4226
f 3723 3802 3882
f 4179 4110 4177
f 5230 5232 5233
f 3954 3878 3882
f 3878 3954 3948
f 3948 3954 4095
f 3954 4110 4095
f 4179 4095 4110
f 311 317 316
f 5237 5236 5238
f 5236 5241 5238
f 313 363 317
f 361 362 363
f 361 423 362
f 5235 5239 5229
f 567 485 491
f 567 491 566
f 491 578 566
f 5229 5226 5212
f 578 559 566
f 5212 5218 5219
f 5219 5218 5199
f 574 559 578
f 5178 5219 5199
f 650 559 574
f 5178 5199 5168
f 5130 5178 5118
f 650 656 657
f 746 657 656
f 5123 5130 5118
f 746 656 750
f 656 654 750
f 5123 5118 5121
f 5118 5110 5121
f 5093 5121 5110
f 5069 5093 5048
f 750 756 761
f 836 761 756
f 756 755 836
f 836 755 844
f 755 845 844
f 845 839 844
f 937 844 839
f 839 838 937
f 2923 3193 3290
f 3400 3290 3193
f 3418 3400 3519
f 4879 4830 4886
f 4886 4830 4841
f 937 838 936
f 2606 2923 2758
f 2923 2937 2758
f 3519 3705 3418
f 3727 3705 3519
f 3727 3797 3705
f 4761 4830 4698
f 3939 3797 3957
f 2309 2606 2321
f 3957 4011 3939
f 1032 1123 936
f 1123 1225 936
f 2099 2200 2100
f 2321 2200 2309
f 4040 4108 4100
f 4180 4100 4108
f 4187 4100 4180
f 4180 4232 4187
f 4232 4230 4187
f 4497 4447 4436
f 4609 4553 4436
f 4553 4497 4436
f 4553 4666 4698
f 4553 4609 4666
f 1391 1225 1123
f 2099 2100 1391
f 4447 4331 4232
f 4331 4230 4232
f 4497 4331 4447
f 1677 1121 1783
f 1677 1783 1909
f 1909 1783 2006
f 1783 1912 2006
f 1031 953 766
f 1031 1121 953
f 2006 1912 2320
f 2320 1912 2324
f 1912 2207 2324
f 2328 2324 2207
f 853 1031 766
f 2476 2328 2207
f 2612 2476 2207
f 2616 2476 2612
f 4547 4694 4623
f 5008 4751 4653
f 765 853 575
f 2769 2616 2612
f 4622 4694 4547
f 4694 4622 4751
f 765 575 774
f 4432 4622 4547
f 5133 5128 5089
f 5128 5133 5148
f 669 774 571
f 4488 4622 4432
f 5148 5133 5127
f 2769 2772 2777
f 4488 4371 4389
f 5127 5141 5148
f 5141 5171 5148
f 5171 5209 5148
f 579 571 492
f 579 669 571
f 4379 4389 4371
f 579 492 583
f 4423 4401 4379
f 4379 4401 4389
f 5209 5171 5189
f 492 366 500
f 500 583 492
f 4423 4422 4401
f 5171 5147 5189
f 500 366 504
f 2777 2770 3208
f 364 426 366
f 426 504 366
f 4420 4422 4433
f 5189 5190 5205
f 3205 3208 3413
f 3308 3205 3413
f 4420 4433 4425
f 4433 4489 4425
f 369 364 312
f 369 426 364
f 5201 5205 5190
f 312 314 371
f 312 371 369
f 4311 4425 4398
f 4425 4489 4398
f 5221 5205 5201
f 3524 3523 3625
f 3625 3725 3802
f 4226 4282 4311
f 3795 3802 3725
f 3882 3802 3879
f 3802 3795 3879
f 3882 3879 3954
f 4107 4177 4110
f 4107 4193 4177
f 4177 4193 4226
f 4193 4282 4226
f 3947 3954 3879
f 3954 3947 4110
f 3947 4107 4110
f 5237 5232 5236
f 317 314 316
f 317 360 314
f 5236 5240 5241
f 5241 5240 5235
f 317 363 362
f 362 423 424
f 423 420 424
f 503 424 420
f 5235 5228 5239
f 503 420 506
f 420 485 506
f 5228 5226 5239
f 485 567 506
f 5229 5239 5226
f 566 509 567
f 567 509 506
f 566 557 509
f 5212 5226 5218
f 559 557 566
f 5118 5178 5119
f 5178 5168 5119
f 750 753 746
f 750 761 753
f 5093 5110 5048
f 5043 5069 5048
f 836 835 761
f 5043 5048 5016
f 836 844 835
f 4917 4946 4945
f 937 946 844
f 4886 4917 4884
f 4917 4916 4884
f 4917 4945 4916
f 937 942 946
f 3400 3418 3290
f 4879 4886 4884
f 936 942 937
f 2937 2923 3290
f 3418 2937 3290
f 3418 3705 3512
f 4760 4830 4879
f 4760 4698 4830
f 3705 3509 3512
f 3862 3509 3797
f 3797 3509 3705
f 3939 3862 3797
f 1225 942 936
f 2321 2606 2600
f 4692 4698 4760
f 1391 1386 1225
f 2100 2211 1391
f 2100 2200 2321
f 4040 4100 4098
f 4143 4098 4100
f 4187 4143 4100
f 4143 4187 4230
f 4143 4230 4184
f 4230 4231 4184
f 4231 4230 4331
f 4497 4391 4331
f 4553 4391 4497
f 4231 4331 4273
f 4273 4331 4391
f 1783 1121 1673
f 1673 1912 1783
f 1122 1121 1031
f 1121 1122 1673
f 943 1122 853
f 1122 1031 853
f 1785 1912 1673
f 1785 2213 1912
f 1912 2213 2207
f 2213 2612 2207
f 765 943 853
f 774 842 765
f 842 943 765
f 2213 2472 2612
f 2472 2769 2612
f 4622 4653 4751
f 5008 4653 5011
f 5011 4653 5089
f 2769 2472 2471
f 2471 2772 2769
f 4622 4488 4606
f 4606 4653 4622
f 4653 5094 5089
f 5089 5094 5133
f 5133 5094 5127
f 774 669 850
f 842 774 850
f 2471 2774 2772
f 4488 4389 4550
f 4488 4550 4606
f 5108 5141 5127
f 771 850 669
f 2777 2772 2774
f 4451 4550 4389
f 5108 5127 5094
f 579 583 669
f 669 583 771
f 2774 2770 2777
f 4389 4401 4451
f 770 771 583
f 5141 5147 5171
f 500 504 583
f 583 504 672
f 770 583 672
f 2941 3208 2944
f 3208 2770 2944
f 4422 4392 4401
f 3198 3208 2941
f 4422 4420 4392
f 5147 5141 5138
f 5147 5138 5189
f 504 426 588
f 3413 3208 3198
f 5138 5152 5189
f 5152 5190 5189
f 505 588 426
f 3198 3196 3413
f 4425 4421 4420
f 5152 5201 5190
f 369 371 426
f 505 426 507
f 426 371 507
f 3302 3413 3196
f 3413 3302 3523
f 4311 4421 4425
f 5184 5201 5152
f 5184 5221 5201
f 427 507 371
f 3297 3625 3302
f 3302 3625 3523
f 4311 4373 4421
f 5213 5221 5184
f 5223 5221 5213
f 371 314 427
f 4373 4311 4365
f 4311 4282 4365
f 5230 5223 5213
f 368 427 314
f 4193 4281 4282
f 4281 4365 4282
f 5231 5230 5213
f 5232 5230 5231
f 3795 3867 3879
f 3947 4055 4107
f 5236 5232 5231
f 314 360 368
f 5236 5231 5240
f 5231 5227 5240
f 421 360 317
f 317 362 421
f 424 421 362
f 503 506 508
f 5228 5225 5226
f 506 509 592
f 5225 5215 5226
f 592 509 557
f 5195 5218 5215
f 5218 5226 5215
f 592 557 675
f 5199 5218 5195
f 675 557 664
f 557 559 664
f 5195 5156 5199
f 5156 5168 5199
f 559 650 664
f 650 657 664
f 743 664 657
f 5168 5156 5144
f 5168 5144 5119
f 743 657 753
f 657 746 753
f 5118 5119 5110
f 753 761 854
f 4990 5048 5110
f 854 761 834
f 834 761 835
f 929 834 835
f 5016 5048 4978
f 5016 4978 4977
f 835 844 929
f 4946 4977 4945
f 929 844 946
f 946 942 1058
f 1250 1058 942
f 2600 2758 2937
f 3418 3399 2937
f 3418 3509 3399
f 4760 4879 4753
f 1255 1250 942
f 2211 2321 2332
f 2600 2332 2321
f 2606 2758 2600
f 3418 3512 3509
f 4011 3862 3939
f 1255 942 1225
f 1391 1479 1386
f 2211 1479 1391
f 2321 2211 2100
f 4040 4046 4011
f 4046 4000 4011
f 4753 4692 4760
f 1386 1255 1225
f 4098 4046 4040
f 4143 4155 4098
f 4143 4184 4155
f 4184 4227 4155
f 4553 4698 4692
f 4553 4692 4554
f 4231 4227 4184
f 4227 4231 4273
f 4334 4273 4391
f 4435 4334 4391
f 4506 4435 4553
f 4435 4391 4553
f 4554 4506 4553
f 4274 4227 4273
f 4334 4274 4273
f 1122 943 1262
f 1122 1262 1673
f 1785 2059 2213
f 943 1037 1262
f 1785 1673 1853
f 1785 1853 2059
f 2213 2059 2472
f 842 850 1037
f 842 1037 943
f 850 771 1037
f 771 1036 1037
f 2059 2109 2472
f 2109 2471 2472
f 4653 4606 4745
f 848 1036 771
f 2471 2109 2083
f 2471 2083 2774
f 4451 4401 4550
f 4550 4401 4516
f 4550 4516 4606
f 770 848 771
f 2774 2463 2770
f 2770 2463 2944
f 4606 4516 4745
f 5094 4985 5108
f 5108 4985 5141
f 770 672 849
f 848 770 849
f 2083 2463 2774
f 2944 2463 2941
f 4401 4392 4516
f 4653 4985 5094
f 665 849 672
f 4516 4392 4420
f 4985 5138 5141
f 588 665 504
f 665 672 504
f 2767 2941 2463
f 2941 2767 3198
f 5138 4985 5063
f 2767 2939 3198
f 3198 2939 3196
f 4516 4420 4421
f 4516 4421 4745
f 4804 4653 4745
f 4653 4804 4985
f 5138 5063 5152
f 4421 4373 4745
f 4745 4373 4696
f 4745 4696 4804
f 5152 5063 5097
f 505 507 586
f 2939 3090 3196
f 3090 3297 3196
f 3196 3297 3302
f 5152 5097 5140
f 5152 5140 5184
f 507 427 586
f 4373 4502 4696
f 5184 5146 5213
f 501 586 427
f 3408 3297 3090
f 4373 4365 4502
f 5140 5146 5184
f 5213 5146 5182
f 5213 5182 5231
f 427 368 501
f 3297 3408 3625
f 3625 3408 3725
f 3408 3612 3725
f 3612 3795 3725
f 3879 3867 3947
f 4278 4365 4281
f 4365 4386 4502
f 4502 4386 4441
f 4441 4605 4502
f 3795 3612 3867
f 3867 3956 3947
f 3947 3956 3997
f 3947 3997 4055
f 4365 4278 4386
f 5231 5182 5224
f 368 360 501
f 3956 3867 3612
f 4055 4150 4107
f 4107 4150 4193
f 4150 4192 4193
f 4192 4228 4193
f 4228 4281 4193
f 5231 5224 5227
f 501 360 488
f 5182 5208 5224
f 5224 5208 5227
f 488 360 421
f 5208 5211 5227
f 421 424 581
f 5227 5211 5240
f 5211 5198 5240
f 424 503 581
f 5235 5240 5198
f 740 581 503
f 5235 5198 5228
f 5198 5196 5228
f 740 503 645
f 503 508 645
f 5228 5196 5225
f 645 508 506
f 645 506 592
f 5225 5210 5215
f 645 592 675
f 5195 5215 5210
f 5180 5195 5197
f 5195 5210 5197
f 675 664 679
f 5156 5180 5167
f 5195 5180 5156
f 679 664 744
f 5156 5167 5151
f 5145 5156 5151
f 744 664 788
f 664 743 788
f 5156 5145 5144
f 743 752 788
f 5119 5144 5132
f 753 752 743
f 753 854 752
f 854 840 752
f 5041 5110 5091
f 5110 5119 5091
f 4990 5110 5041
f 4990 5007 5048
f 834 929 862
f 4970 4978 5007
f 4978 5048 5007
f 929 928 862
f 4945 4977 4978
f 929 946 928
f 928 946 961
f 4945 4877 4916
f 946 1058 961
f 4879 4884 4842
f 4884 4801 4842
f 3190 2933 2937
f 3399 3291 2937
f 3291 3190 2937
f 3291 3399 3509
f 4708 4753 4797
f 4797 4753 4842
f 4753 4879 4842
f 2332 2600 2755
f 2600 2937 2755
f 2933 2755 2937
f 3291 3509 3398
f 3509 3707 3398
f 4608 4692 4708
f 4753 4708 4692
f 1385 1255 1386
f 1479 1478 1386
f 1478 1385 1386
f 1679 1478 1479
f 1888 1679 1479
f 2211 2208 1479
f 2208 1888 1479
f 2208 2211 2332
f 2755 2933 3097
f 3862 3707 3509
f 3869 3862 4011
f 4000 3869 4011
f 4046 4102 4000
f 4098 4102 4046
f 4145 4102 4098
f 1679 1476 1478
f 4145 4098 4155
f 4504 4554 4552
f 4607 4552 4554
f 4607 4692 4608
f 4274 4334 4227
f 4334 4155 4227
f 4506 4504 4334
f 4504 4506 4554
f 4692 4607 4554
f 4506 4334 4435
f 1673 1262 1853
f 1036 1262 1037
f 1853 2109 2059
f 848 849 1036
f 1036 849 1035
f 1036 1661 1262
f 1262 1661 1853
f 1036 1035 1661
f 2109 1661 2083
f 1044 1035 849
f 1044 1661 1035
f 1853 1661 2109
f 1661 1782 2083
f 851 1044 849
f 2083 1782 2463
f 665 588 851
f 851 849 665
f 1782 2005 2463
f 2005 2206 2463
f 2463 2206 2767
f 674 588 505
f 674 851 588
f 2767 2469 2939
f 505 586 674
f 2206 2327 2767
f 2327 2469 2767
f 2939 2469 3090
f 4804 4696 4757
f 674 586 676
f 3090 2469 2936
f 676 586 747
f 2469 2762 2936
f 3090 2936 3077
f 3077 3408 3090
f 4605 4696 4502
f 4696 4605 4757
f 4985 4804 4955
f 4985 4955 5063
f 3408 3077 3195
f 4757 4605 4803
f 4757 4803 4829
f 4757 4829 4804
f 5063 5036 5097
f 5097 5036 5140
f 5140 5036 5146
f 586 501 747
f 3412 3612 3408
f 4804 4829 4955
f 4955 5036 5063
f 501 488 747
f 3295 3408 3195
f 3295 3412 3408
f 3612 3729 3956
f 4281 4228 4278
f 4428 4441 4386
f 4441 4428 4560
f 4441 4560 4605
f 4605 4559 4803
f 5036 5099 5146
f 3620 3612 3412
f 3612 3620 3729
f 3729 3803 3956
f 3956 3803 3995
f 3956 3995 3997
f 3997 3995 4055
f 4150 4055 4042
f 4386 4278 4428
f 4560 4559 4605
f 5146 5099 5182
f 747 488 748
f 3803 3876 3995
f 3995 4042 4055
f 4042 4127 4150
f 4150 4127 4192
f 4192 4127 4228
f 4228 4127 4428
f 4228 4428 4278
f 4560 4428 4559
f 4618 4656 4559
f 4656 4803 4559
f 5182 5099 5208
f 748 488 421
f 4428 4492 4559
f 4559 4492 4618
f 5099 5165 5208
f 748 421 581
f 748 581 740
f 5165 5191 5208
f 5191 5211 5208
f 5191 5198 5211
f 5191 5194 5198
f 5198 5194 5196
f 5225 5196 5193
f 5225 5193 5210
f 831 645 675
f 5193 5181 5197
f 5181 5180 5197
f 5210 5193 5197
f 675 769 831
f 5154 5180 5181
f 769 675 679
f 5142 5151 5154
f 5180 5154 5167
f 5154 5151 5167
f 5151 5142 5124
f 5151 5124 5145
f 679 744 788
f 5124 5104 5145
f 788 752 938
f 5145 5104 5132
f 5104 5119 5132
f 5144 5145 5132
f 5076 5119 5104
f 5021 5091 5076
f 5119 5076 5091
f 854 857 840
f 5091 5021 5041
f 834 776 854
f 854 776 857
f 5021 5006 5041
f 776 834 857
f 5006 4990 5041
f 857 834 862
f 857 862 932
f 4990 4970 5007
f 932 862 928
f 4970 4944 4978
f 4944 4945 4978
f 1107 932 928
f 4877 4945 4944
f 1107 928 1114
f 928 961 1114
f 4801 4884 4877
f 4916 4877 4884
f 1114 961 1058
f 1250 1114 1058
f 4765 4797 4801
f 4801 4797 4842
f 4708 4797 4765
f 3298 3190 3291
f 3298 3291 3398
f 4445 4552 4512
f 4626 4512 4552
f 4658 4626 4608
f 4658 4608 4708
f 1255 1385 1250
f 1478 1477 1385
f 2607 2451 2332
f 2755 2753 2332
f 2753 2607 2332
f 3190 3097 2933
f 3190 3298 3097
f 3614 3298 3398
f 3707 3614 3398
f 3796 3614 3707
f 3869 3796 3862
f 3862 3796 3707
f 4102 3865 4000
f 4145 4195 4102
f 4445 4504 4552
f 4626 4552 4608
f 1478 1476 1477
f 1679 1477 1476
f 1774 1679 1888
f 1891 1774 1888
f 2333 1891 2208
f 2208 1891 1888
f 2333 2208 2332
f 2451 2333 2332
f 2753 2755 2922
f 2922 2755 3097
f 4195 4145 4155
f 4195 4155 4334
f 4195 4334 4445
f 4445 4334 4504
f 4607 4608 4552
f 1661 1593 1782
f 851 858 1044
f 1044 1108 1661
f 1108 1593 1661
f 1910 2005 1782
f 851 674 858
f 1108 1044 858
f 1533 1782 1593
f 1782 1533 1910
f 1910 2106 2005
f 858 674 676
f 858 676 860
f 860 948 858
f 948 1108 858
f 2005 2106 2206
f 2106 2205 2206
f 2206 2205 2327
f 2205 2469 2327
f 676 747 860
f 2306 2469 2205
f 2762 2469 2306
f 2593 2762 2306
f 2762 2930 2936
f 860 747 947
f 2929 3077 2930
f 3077 2936 2930
f 3077 2929 3195
f 2929 3239 3195
f 3295 3195 3239
f 3295 3407 3412
f 947 747 827
f 3295 3239 3407
f 3620 3412 3511
f 3412 3407 3511
f 747 748 827
f 3995 3876 3953
f 3953 3876 3868
f 3995 4058 4042
f 4127 4042 4058
f 4838 4829 4803
f 4829 4838 4837
f 4829 4837 4955
f 4955 4837 4992
f 4955 4992 5036
f 5036 5080 5099
f 3805 3803 3729
f 3803 3805 3876
f 3805 3868 3876
f 4127 4058 4152
f 4152 4327 4127
f 4127 4327 4428
f 4327 4440 4428
f 4440 4561 4428
f 4428 4561 4492
f 4492 4561 4618
f 4656 4838 4803
f 5036 4992 5080
f 5068 5165 5099
f 748 740 827
f 4837 4909 4992
f 5080 5068 5099
f 740 645 827
f 5068 5086 5165
f 5086 5194 5165
f 5165 5194 5191
f 645 832 827
f 831 832 645
f 5194 5086 5117
f 5194 5117 5181
f 5194 5181 5196
f 5193 5196 5181
f 5117 5092 5181
f 5181 5092 5154
f 832 831 1025
f 831 769 1025
f 5092 5098 5154
f 5154 5098 5142
f 828 769 679
f 1025 769 828
f 5054 5104 5098
f 5142 5098 5104
f 5142 5104 5124
f 679 788 828
f 5054 5076 5104
f 5054 5015 5021
f 5054 5021 5076
f 840 857 1023
f 5005 5021 5015
f 4951 5006 5005
f 5021 5005 5006
f 5006 4951 4990
f 932 945 857
f 857 945 1023
f 4920 4970 4951
f 4970 4990 4951
f 1034 945 932
f 4850 4944 4920
f 4970 4920 4944
f 1034 932 1116
f 4806 4877 4850
f 4850 4877 4944
f 932 1107 1116
f 1114 1109 1107
f 4877 4806 4801
f 4806 4770 4801
f 1114 1250 1109
f 1250 1246 1109
f 4626 4658 4700
f 4708 4700 4658
f 4754 4700 4708
f 4765 4801 4754
f 4801 4770 4754
f 4399 4512 4499
f 4626 4499 4512
f 4754 4708 4765
f 1474 1250 1380
f 4445 4512 4450
f 4512 4399 4450
f 1250 1385 1380
f 1385 1477 1380
f 3296 3097 3298
f 3614 3296 3298
f 3504 3296 3614
f 3615 3504 3614
f 3796 3615 3614
f 3869 3615 3796
f 3865 3869 4000
f 4047 3865 4102
f 4047 4102 4195
f 1679 1664 1477
f 1775 1664 1774
f 1774 1664 1679
f 1891 1775 1774
f 2333 2015 1891
f 2757 2607 2753
f 2753 2922 2757
f 2757 2922 3088
f 2922 3097 3088
f 3088 3097 3296
f 2451 2015 2333
f 1593 1108 1533
f 1108 948 1131
f 1533 1671 1910
f 1910 1671 2106
f 2106 1905 2205
f 2205 1905 2204
f 2204 2306 2205
f 1131 948 1254
f 1254 1108 1131
f 1108 1254 1533
f 1254 1483 1533
f 1533 1483 1671
f 1671 1905 2106
f 2204 2318 2306
f 2318 2593 2306
f 860 947 948
f 948 947 1254
f 2318 2613 2593
f 2762 2593 2613
f 2762 2929 2930
f 2752 2762 2613
f 2762 2752 2929
f 2929 2935 3239
f 947 827 1040
f 2935 2929 2752
f 2935 3294 3239
f 3239 3294 3407
f 3407 3521 3511
f 3620 3511 3521
f 3953 3868 4006
f 3953 4006 3995
f 3995 4006 4058
f 3516 3620 3521
f 3620 3516 3729
f 3516 3805 3729
f 4006 4109 4058
f 4152 4058 4148
f 4058 4109 4148
f 4152 4148 4327
f 4148 4380 4327
f 4327 4380 4440
f 1040 827 954
f 3946 3868 3805
f 3946 4006 3868
f 4439 4440 4380
f 4440 4439 4561
f 4439 4558 4561
f 4618 4561 4558
f 4616 4656 4618
f 4656 4616 4838
f 4616 4618 4558
f 4616 4763 4838
f 4838 4763 4837
f 954 827 1019
f 4763 4827 4837
f 5080 4992 5068
f 4837 4827 4909
f 4909 4948 4992
f 827 832 1019
f 4948 5029 4992
f 4992 5029 5068
f 5068 5029 5086
f 1019 832 1025
f 5029 5117 5086
f 5029 5020 5117
f 5020 5092 5117
f 5092 5020 5010
f 5092 5010 5066
f 5010 5022 5066
f 5092 5066 5098
f 5022 5009 5066
f 5066 5009 5054
f 5066 5054 5098
f 5009 5014 5054
f 828 788 1018
f 788 938 1018
f 5054 5014 5015
f 5014 4950 5015
f 938 752 840
f 938 840 1018
f 840 1023 1018
f 4918 4951 4950
f 5015 4950 5005
f 4950 4951 5005
f 4918 4887 4951
f 4887 4920 4951
f 1034 1023 945
f 1110 1023 1034
f 4887 4850 4920
f 1110 1034 1116
f 4806 4850 4848
f 1107 1109 1116
f 1246 1116 1109
f 4792 4750 4755
f 4848 4792 4806
f 4806 4792 4770
f 4663 4700 4750
f 4750 4700 4755
f 4755 4770 4792
f 4500 4499 4555
f 4626 4663 4499
f 4663 4555 4499
f 4626 4700 4663
f 4755 4700 4754
f 4770 4755 4754
f 1246 1250 1474
f 4437 4399 4500
f 4399 4499 4500
f 1477 1474 1380
f 4323 4445 4399
f 4399 4445 4450
f 1664 1587 1477
f 1587 1474 1477
f 1775 1587 1664
f 3414 3504 3615
f 3865 3615 3869
f 4047 3936 3865
f 4195 4271 4047
f 4271 4445 4323
f 1891 1915 1775
f 1999 1915 1891
f 1999 1891 2015
f 2072 1999 2015
f 2451 2607 2456
f 2607 2595 2456
f 2757 2595 2607
f 3414 3088 3296
f 3296 3504 3414
f 2451 2072 2015
f 2456 2072 2451
f 1589 1781 1780
f 1269 1484 1254
f 1254 1484 1483
f 1484 1589 1483
f 1483 1589 1671
f 1671 1670 1905
f 1670 1671 1780
f 1780 1671 1589
f 1482 1269 1258
f 1269 1254 1258
f 1779 1905 1670
f 1779 1904 1905
f 1904 2074 1905
f 2074 2204 1905
f 2074 2358 2204
f 2318 2204 2358
f 1258 1254 947
f 2318 2358 2460
f 2318 2460 2613
f 2613 2460 2752
f 947 1040 1258
f 1040 1263 1258
f 1263 1482 1258
f 2460 2317 2752
f 2317 2611 2752
f 1223 1263 1040
f 2611 2610 2752
f 2752 2610 2935
f 2610 3087 2935
f 2935 3087 3294
f 3294 3209 3407
f 3407 3209 3516
f 3407 3516 3521
f 4005 4052 4006
f 4052 4109 4006
f 1040 954 1046
f 1223 1040 1046
f 3209 3294 3087
f 3516 3608 3805
f 3805 3875 3946
f 4006 3946 4005
f 4044 4109 4052
f 4109 4044 4148
f 4185 4269 4148
f 4148 4269 4380
f 4439 4380 4452
f 4380 4269 4452
f 4452 4545 4439
f 4439 4545 4558
f 3608 3791 3805
f 3791 3875 3805
f 3943 3946 3875
f 3943 4005 3946
f 4616 4558 4617
f 4558 4545 4617
f 4617 4711 4616
f 4616 4711 4763
f 1046 954 1019
f 1046 1019 1042
f 4706 4763 4711
f 4796 4763 4706
f 4827 4763 4796
f 4909 4827 4948
f 1019 1017 1042
f 4827 4915 4948
f 4948 4915 4939
f 1025 1017 1019
f 4939 4975 4948
f 4948 4975 5029
f 5029 4975 5020
f 4975 4974 5020
f 1025 1021 1017
f 4974 4937 5020
f 5020 4937 5010
f 4937 4973 5010
f 5010 4973 5022
f 1025 828 1021
f 4973 4971 5022
f 5022 4971 5009
f 4971 4953 5009
f 5009 4953 5014
f 1018 1024 828
f 4953 4921 5014
f 4921 4910 4950
f 4921 4950 5014
f 4918 4950 4910
f 1023 1027 1018
f 1018 1027 1024
f 4887 4918 4888
f 4887 4888 4846
f 1023 1110 1117
f 4850 4887 4846
f 1235 1117 1110
f 4850 4846 4848
f 1235 1110 1240
f 1110 1116 1240
f 4846 4766 4848
f 4766 4750 4792
f 4766 4792 4848
f 1116 1246 1240
f 4602 4750 4766
f 1471 1240 1246
f 4663 4750 4602
f 1471 1246 1381
f 4602 4555 4663
f 1246 1474 1381
f 1474 1480 1381
f 4399 4437 4390
f 4437 4449 4390
f 4500 4449 4437
f 1480 1474 1580
f 4323 4399 4390
f 1474 1587 1580
f 1662 1580 1587
f 1587 1775 1662
f 3507 3414 3615
f 4039 3936 4047
f 4271 4191 4047
f 4445 4271 4195
f 1775 1790 1662
f 1775 1915 1790
f 1915 1894 1790
f 1999 1976 1894
f 1999 1894 1915
f 1976 1999 2072
f 2098 2456 2325
f 2325 2456 2595
f 3088 2595 2757
f 3079 2595 3088
f 3507 3079 3088
f 3414 3507 3088
f 3865 3936 3507
f 3865 3507 3615
f 2098 1976 2072
f 2072 2456 2098
f 1588 1589 1484
f 1589 1588 1670
f 1589 1670 1781
f 1781 1670 1780
f 1484 1269 1482
f 1484 1482 1588
f 1670 1588 1669
f 1669 1779 1670
f 1588 1482 1582
f 1588 1582 1669
f 1904 1779 1911
f 1779 1669 1911
f 1911 2074 1904
f 2074 2192 2358
f 2358 2192 2460
f 1482 1263 1467
f 1467 1582 1482
f 2192 2317 2460
f 1223 1467 1263
f 2317 2467 2611
f 2467 2610 2611
f 2776 3087 2610
f 1223 1046 1289
f 2776 3083 3087
f 3083 3209 3087
f 4005 4003 4052
f 4269 4326 4452
f 3083 3299 3209
f 3209 3299 3516
f 3299 3409 3516
f 3409 3608 3516
f 3874 3875 3791
f 3943 3875 3874
f 3943 4003 4005
f 4044 4052 4003
f 4044 4115 4148
f 4115 4053 4148
f 4053 4185 4148
f 4326 4385 4452
f 4452 4385 4545
f 1046 1042 1229
f 3409 3626 3608
f 3626 3720 3608
f 3608 3720 3791
f 3874 3791 3880
f 3952 3943 3874
f 3943 3952 4003
f 3952 4010 4003
f 4010 4044 4003
f 3720 3880 3791
f 4697 4706 4711
f 4768 4706 4697
f 4768 4796 4706
f 1042 1017 1229
f 4768 4827 4796
f 1229 1017 1231
f 4915 4827 4843
f 4915 4843 4939
f 1115 1231 1017
f 4939 4843 4937
f 4939 4937 4975
f 4975 4937 4974
f 1017 1021 1115
f 4843 4876 4937
f 1115 1021 1118
f 4937 4876 4973
f 4973 4876 4971
f 1118 1021 828
f 4876 4875 4971
f 4971 4875 4953
f 828 1024 1118
f 4875 4921 4953
f 1118 1024 1111
f 4921 4849 4910
f 1024 1027 1111
f 4910 4849 4918
f 4849 4836 4918
f 1227 1111 1027
f 4918 4836 4888
f 4836 4793 4888
f 1227 1027 1023
f 4793 4767 4846
f 4793 4846 4888
f 1227 1023 1235
f 1023 1117 1235
f 1240 1230 1235
f 4767 4709 4766
f 4846 4767 4766
f 4766 4709 4604
f 1373 1230 1240
f 4766 4604 4602
f 1373 1240 1471
f 4604 4573 4602
f 4500 4555 4573
f 4555 4602 4573
f 1480 1471 1381
f 1480 1662 1471
f 4498 4449 4500
f 4500 4573 4498
f 1480 1580 1662
f 4191 4271 4229
f 4329 4229 4271
f 4271 4323 4329
f 4390 4329 4323
f 4101 4039 4047
f 4191 4101 4047
f 2199 2098 2325
f 2457 2199 2325
f 2595 2457 2325
f 2920 2457 2595
f 2920 2595 3079
f 3706 3079 3507
f 3936 3706 3507
f 4039 3706 3936
f 2199 1976 2098
f 1645 1669 1582
f 1669 1645 1911
f 1911 1645 2074
f 2074 1645 2003
f 2003 2192 2074
f 1581 1582 1467
f 1581 1645 1582
f 2003 2203 2192
f 2317 2192 2203
f 1223 1396 1467
f 1396 1581 1467
f 2316 2317 2203
f 2467 2317 2316
f 2467 2604 2610
f 2776 2610 2764
f 2610 2604 2764
f 2776 2764 3083
f 2928 3083 2764
f 3083 2928 3299
f 4185 4238 4269
f 1289 1046 1358
f 1046 1229 1358
f 3299 3293 3409
f 3293 3417 3409
f 3626 3409 3417
f 3880 3952 3874
f 4053 4044 4010
f 4044 4053 4115
f 4053 4237 4185
f 4185 4237 4238
f 4238 4237 4269
f 4269 4237 4326
f 4237 4385 4326
f 4385 4557 4545
f 4557 4617 4545
f 3417 3718 3626
f 3720 3626 3719
f 3626 3718 3719
f 3880 3720 3719
f 3880 3719 3952
f 3952 3719 4010
f 4557 4615 4617
f 4617 4615 4711
f 4615 4697 4711
f 1212 1358 1229
f 4615 4710 4697
f 4710 4768 4697
f 1229 1231 1212
f 4710 4827 4768
f 4802 4827 4710
f 4802 4843 4827
f 4843 4802 4876
f 4802 4833 4876
f 1118 1103 1115
f 1118 1043 1103
f 1118 1104 1043
f 4876 4833 4875
f 4875 4833 4787
f 1118 1111 1104
f 4875 4787 4921
f 4921 4787 4849
f 4767 4793 4762
f 4767 4762 4712
f 1235 1230 1227
f 4628 4767 4712
f 4767 4628 4709
f 4604 4628 4511
f 4604 4709 4628
f 1312 1373 1471
f 4454 4573 4511
f 4604 4511 4573
f 4573 4454 4449
f 1471 1662 1312
f 4329 4390 4394
f 4394 4390 4449
f 4573 4449 4498
f 4329 4275 4229
f 1790 1789 1662
f 4186 4101 4191
f 4275 4186 4229
f 4186 4191 4229
f 1894 1789 1790
f 3089 2920 3079
f 3706 3944 3079
f 4039 3944 3706
f 3996 3944 4039
f 3996 4039 4101
f 2455 2308 2457
f 2308 2199 2457
f 2920 2455 2457
f 3079 3944 3089
f 1645 1903 2003
f 1668 1645 1581
f 1668 1660 1645
f 1660 1778 1645
f 1645 1778 1903
f 1903 1892 2003
f 1892 1978 2003
f 2003 1978 2203
f 1978 2316 2203
f 1396 1223 1289
f 1396 1543 1581
f 1543 1668 1581
f 1978 2110 2316
f 2467 2316 2604
f 1289 1280 1396
f 1358 1257 1289
f 1257 1280 1289
f 3299 2928 3213
f 3299 3213 3293
f 1142 1257 1149
f 1257 1358 1149
f 4053 4283 4237
f 4237 4283 4385
f 4385 4283 4320
f 4385 4320 4430
f 4385 4430 4557
f 4557 4430 4513
f 4557 4513 4615
f 1149 1358 1212
f 3718 3884 3719
f 3884 4010 3719
f 4010 4012 4053
f 4012 4283 4053
f 4513 4614 4615
f 4614 4710 4615
f 1212 1231 1149
f 4710 4614 4613
f 1115 1113 1231
f 4710 4613 4701
f 4710 4701 4802
f 4701 4833 4802
f 4764 4833 4701
f 1043 1104 1103
f 4833 4764 4718
f 4833 4718 4787
f 1111 1112 1104
f 4787 4713 4849
f 4849 4713 4836
f 1111 1227 1112
f 4793 4836 4707
f 4665 4712 4707
f 4793 4707 4762
f 4707 4712 4762
f 4628 4712 4665
f 4570 4628 4665
f 4511 4628 4565
f 4628 4570 4565
f 1243 1230 1373
f 1243 1373 1312
f 1312 1364 1243
f 4394 4449 4454
f 1312 1662 1364
f 1662 1658 1364
f 1662 1789 1658
f 1844 1789 1894
f 4151 3996 4101
f 4186 4151 4101
f 1894 1976 2097
f 1894 2097 1844
f 2199 2097 1976
f 2198 2097 2199
f 2199 2308 2198
f 2198 2308 2455
f 3089 2455 2920
f 3710 2455 3944
f 3944 2455 3089
f 1660 1668 1778
f 1778 1892 1903
f 1778 1668 1543
f 1778 2007 1892
f 1978 1892 2007
f 1978 2007 2110
f 1280 1543 1396
f 2110 2194 2316
f 2194 2594 2316
f 2604 2316 2594
f 2604 2594 2764
f 1326 1280 1257
f 2942 2764 2594
f 2928 2764 2942
f 2928 2942 3213
f 1257 1142 1149
f 1149 1326 1257
f 3300 3213 2942
f 3293 3213 3300
f 3293 3300 3417
f 1326 1149 1375
f 3300 3726 3417
f 3417 3726 3718
f 4283 4381 4320
f 4320 4381 4430
f 1231 1249 1149
f 1249 1375 1149
f 4010 3884 4012
f 4012 3884 4283
f 3884 4178 4283
f 4283 4178 4381
f 4381 4383 4430
f 4430 4383 4513
f 1231 1113 1249
f 4383 4507 4513
f 4513 4507 4614
f 4548 4614 4507
f 4548 4613 4614
f 1115 1130 1113
f 4693 4613 4548
f 4693 4701 4613
f 1103 1130 1115
f 4693 4764 4701
f 1104 1130 1103
f 4693 4718 4764
f 1112 1130 1104
f 4718 4713 4787
f 4836 4713 4707
f 1227 1248 1112
f 4643 4652 4707
f 4707 4652 4665
f 4652 4631 4665
f 4570 4631 4556
f 4570 4665 4631
f 4556 4565 4570
f 4511 4565 4509
f 4511 4509 4454
f 1789 1844 1658
f 4151 4099 3996
f 2198 2468 2097
f 2455 2468 2198
f 3610 2468 2455
f 3710 3610 2455
f 3999 3944 3996
f 4099 3999 3996
f 1659 1543 1280
f 1659 1778 1543
f 1659 2007 1778
f 2110 2007 2093
f 2110 2093 2194
f 1326 1659 1280
f 2236 2194 2093
f 2194 2236 2594
f 2236 2763 2594
f 2763 2942 2594
f 2763 2945 2942
f 3300 2942 3194
f 2942 2945 3194
f 1375 1378 1326
f 1375 1249 1378
f 3718 3726 3884
f 1234 1249 1113
f 1234 1378 1249
f 3884 4060 4178
f 4060 4141 4178
f 4178 4325 4381
f 4141 4190 4178
f 4178 4190 4325
f 4325 4383 4381
f 1234 1113 1245
f 1113 1130 1245
f 4383 4438 4507
f 4507 4438 4548
f 4438 4629 4548
f 4693 4548 4629
f 4629 4718 4693
f 4718 4629 4713
f 1238 1130 1248
f 1130 1112 1248
f 4629 4627 4713
f 4713 4627 4707
f 4600 4707 4627
f 4600 4643 4707
f 4643 4600 4652
f 4600 4569 4631
f 4652 4600 4631
f 4569 4564 4631
f 4556 4631 4564
f 1230 1233 1227
f 4556 4509 4565
f 1230 1243 1233
f 1364 1658 1801
f 1844 1801 1658
f 1890 1801 1844
f 1844 2097 1890
f 3610 3710 3609
f 3710 3711 3609
f 3944 3711 3710
f 4061 3711 3999
f 3999 3711 3944
f 4099 4061 3999
f 2097 2104 1890
f 2468 2104 2097
f 3609 2104 3610
f 3610 2104 2468
f 2007 1659 1585
f 2093 2202 2236
f 2236 2603 2763
f 1659 1326 1585
f 2763 2603 2761
f 2761 3084 2763
f 2763 3084 2945
f 2945 3084 3194
f 1326 1378 1585
f 1378 1292 1585
f 1378 1239 1292
f 3411 3300 3194
f 3300 3411 3613
f 3300 3613 3726
f 1378 1234 1239
f 3716 3726 3613
f 3716 3881 3726
f 3726 3881 3884
f 3884 3881 4060
f 1234 1178 1239
f 4056 4116 4060
f 4060 4116 4141
f 4141 4242 4190
f 4190 4242 4325
f 1245 1178 1234
f 4236 4325 4242
f 4383 4325 4384
f 4383 4384 4438
f 1130 1187 1245
f 4629 4438 4491
f 1238 1187 1130
f 4571 4629 4491
f 1227 1253 1248
f 1233 1253 1227
f 1243 1364 1233
f 1801 1665 1364
f 4099 4151 4061
f 3609 2082 2104
f 1585 1534 2007
f 2007 1534 2093
f 1534 2202 2093
f 2236 2202 2603
f 2202 2609 2603
f 2761 2603 2609
f 1406 1585 1292
f 1406 1534 1585
f 2761 3085 3084
f 3194 3084 3085
f 1292 1239 1406
f 3191 3194 3085
f 3194 3191 3411
f 1377 1406 1239
f 3515 3613 3411
f 3716 3613 3768
f 3613 3515 3768
f 1239 1178 1377
f 3872 3716 3768
f 3716 3872 3881
f 4060 3881 3955
f 3881 3872 3955
f 4060 3955 4056
f 4141 4116 4242
f 4116 4196 4242
f 4196 4236 4242
f 4236 4384 4325
f 1245 1241 1178
f 4236 4245 4384
f 1187 1182 1245
f 1245 1182 1241
f 4491 4438 4384
f 1187 1242 1182
f 4571 4491 4508
f 1238 1242 1187
f 1248 1242 1238
f 1772 1665 1801
f 1801 1890 1772
f 1890 1889 1772
f 1889 1890 2104
f 1534 1902 2202
f 1902 2096 2202
f 2096 2609 2202
f 1534 1406 1547
f 2761 2609 2760
f 2760 3085 2761
f 1377 1547 1406
f 3191 3085 3186
f 3191 3501 3411
f 3515 3411 3501
f 1374 1578 1377
f 3605 3515 3501
f 3515 3605 3768
f 3768 3955 3872
f 1178 1374 1377
f 4056 3955 4111
f 3955 4002 4111
f 4056 4111 4116
f 1178 1241 1374
f 4245 4236 4196
f 4245 4395 4384
f 4491 4384 4395
f 4491 4395 4393
f 4393 4508 4491
f 1242 1264 1182
f 1248 1244 1242
f 1248 1253 1244
f 1253 1285 1244
f 1253 1247 1285
f 1253 1233 1247
f 1364 1382 1233
f 1364 1365 1382
f 1547 1902 1534
f 1901 2096 1902
f 2617 2609 2449
f 2096 2449 2609
f 2609 2617 2760
f 1547 1377 1529
f 2926 3085 2760
f 3186 3085 3167
f 3085 2926 3167
f 1529 1377 1578
f 3191 3186 3359
f 3186 3167 3359
f 3191 3359 3501
f 3501 3359 3405
f 1468 1578 1374
f 3768 3958 3955
f 4002 3955 3958
f 1368 1374 1241
f 1368 1468 1374
f 1241 1182 1368
f 4149 4116 4111
f 4116 4149 4196
f 4245 4196 4240
f 4196 4149 4240
f 4240 4276 4245
f 4245 4276 4395
f 4285 4395 4276
f 4285 4393 4395
f 4393 4361 4508
f 1372 1264 1242
f 1372 1242 1285
f 1242 1244 1285
f 1285 1247 1370
f 1247 1233 1370
f 1370 1233 1382
f 1365 1364 1772
f 1364 1665 1772
f 1772 1889 1882
f 2104 1882 1889
f 2104 2082 1997
f 1547 1678 1902
f 1901 1902 1776
f 1547 1529 1678
f 1529 1672 1678
f 1776 1902 1678
f 2103 2096 1901
f 2103 2315 2096
f 2315 2449 2096
f 2315 2464 2449
f 2617 2449 2464
f 2766 2617 2464
f 2766 2760 2617
f 2766 2927 2926
f 2766 2926 2760
f 2926 2927 3167
f 2927 3075 3167
f 3167 3075 3101
f 1578 1524 1529
f 1524 1672 1529
f 3167 3101 3287
f 3167 3287 3359
f 1578 1468 1524
f 1468 1469 1524
f 1468 1434 1469
f 3768 3733 3958
f 1468 1368 1434
f 4045 4002 3958
f 4002 4045 4111
f 4045 4094 4111
f 4149 4111 4094
f 4094 4240 4149
f 1182 1366 1368
f 4240 4235 4276
f 4276 4235 4285
f 1182 1264 1366
f 4361 4393 4285
f 1285 1261 1372
f 1285 1228 1261
f 1370 1371 1285
f 1382 1290 1370
f 1370 1290 1371
f 1382 1365 1290
f 1772 1882 1365
f 2104 1997 1882
f 1672 1776 1678
f 1776 1672 1777
f 1777 1672 1767
f 1776 1777 1899
f 1776 1899 1901
f 1901 1899 2103
f 2210 2315 2103
f 2210 2464 2315
f 2464 2773 2766
f 1612 1767 1672
f 2210 2458 2464
f 2458 2773 2464
f 2766 2925 2927
f 2925 3101 2927
f 2927 3101 3075
f 1672 1524 1612
f 2925 3123 3101
f 1469 1612 1524
f 1434 1368 1379
f 3804 3733 3628
f 3958 3733 3885
f 3733 3804 3885
f 3950 3958 3885
f 4045 3958 3950
f 4094 4147 4240
f 4240 4147 4146
f 1366 1376 1368
f 1368 1376 1379
f 4050 4045 3950
f 4045 4050 4094
f 4050 4114 4094
f 4114 4147 4094
f 4240 4146 4235
f 1264 1271 1366
f 1366 1271 1376
f 4262 4235 4146
f 4235 4262 4285
f 4262 4313 4285
f 1372 1286 1264
f 1264 1286 1271
f 1372 1261 1286
f 1275 1228 1285
f 1371 1275 1285
f 1371 1362 1275
f 1371 1276 1362
f 1290 1267 1371
f 1371 1267 1276
f 1290 1365 1267
f 1365 1882 1499
f 1777 1900 1899
f 1767 1900 1777
f 2103 2305 2210
f 1854 1767 1612
f 1854 1900 1767
f 2210 2305 2458
f 2690 2773 2458
f 2690 2754 2773
f 2766 2773 2754
f 1646 1854 1612
f 3082 2925 2754
f 2925 2766 2754
f 2925 3082 3123
f 1612 1469 1646
f 1469 1641 1646
f 1434 1512 1469
f 1512 1641 1469
f 3309 3618 3502
f 1434 1379 1512
f 1379 1528 1512
f 1420 1528 1379
f 3871 3885 3804
f 3950 3885 3871
f 1379 1376 1420
f 4049 3950 3871
f 4050 3950 4049
f 4049 4106 4050
f 4106 4114 4050
f 4147 4114 4146
f 1271 1291 1376
f 1179 1291 1271
f 1179 1286 1138
f 1179 1271 1286
f 1138 1286 1261
f 1228 1275 1266
f 1266 1275 1362
f 1276 1309 1362
f 1362 1309 1266
f 1267 1309 1276
f 1267 1355 1309
f 1267 1365 1355
f 1499 1355 1365
f 1899 1900 2002
f 1899 2002 2103
f 2103 2002 2305
f 2314 2305 2002
f 2458 2305 2579
f 2305 2314 2579
f 2458 2579 2690
f 2689 2690 2579
f 2754 2689 3043
f 3043 3082 2754
f 1646 1641 1667
f 1512 1667 1641
f 3292 3309 3259
f 3309 3292 3611
f 3309 3611 3618
f 3628 3618 3611
f 3628 3611 3804
f 1420 1425 1528
f 3799 3804 3611
f 3871 3804 3799
f 3799 3998 3871
f 3871 3998 4049
f 3998 4043 4049
f 4043 4114 4106
f 4043 4106 4049
f 1376 1291 1420
f 4135 4114 4043
f 4146 4114 4135
f 1179 1363 1291
f 1138 1363 1179
f 1228 1170 1261
f 1261 1170 1138
f 1266 1251 1228
f 1228 1251 1170
f 1266 1309 1251
f 1251 1309 1105
f 1105 1309 1355
f 1355 1499 1256
f 1499 1472 1256
f 1472 1499 1490
f 1595 1490 1499
f 1499 1835 1595
f 1499 1882 1835
f 1882 1997 1835
f 1997 2004 1835
f 2188 2004 1997
f 2002 1900 1898
f 1900 1854 1898
f 2314 2002 2102
f 2437 2314 2102
f 2314 2459 2579
f 2314 2437 2459
f 1854 1646 1898
f 1646 1846 1898
f 2689 2579 2691
f 2689 2742 3043
f 1667 1846 1646
f 2742 3177 3043
f 3082 3043 3177
f 3082 3177 3259
f 3292 3259 3314
f 3259 3177 3314
f 3314 3410 3292
f 3292 3410 3611
f 1512 1528 1667
f 1528 1530 1667
f 3514 3611 3410
f 3514 3708 3611
f 1528 1425 1530
f 3799 3611 3800
f 3611 3708 3800
f 3800 3937 3799
f 3799 3937 3998
f 3998 3937 4043
f 1420 1424 1425
f 1420 1291 1424
f 4081 4043 3937
f 4135 4043 4081
f 1138 1237 1363
f 1170 1154 1138
f 1138 1154 1237
f 1251 1049 1170
f 1049 1154 1170
f 1127 988 1049
f 1049 1251 1127
f 1016 988 1033
f 1033 988 1127
f 1251 1105 1127
f 1105 1016 1033
f 1105 1033 1127
f 1125 993 1105
f 1105 1355 1125
f 993 1125 1100
f 1125 1355 1100
f 1355 1256 1100
f 1074 1100 1139
f 1260 1139 1256
f 1139 1100 1256
f 1256 1383 1260
f 1383 1256 1472
f 1074 1139 1260
f 1472 1490 1383
f 1835 2004 2073
f 2188 2073 2004
f 2188 2197 2073
f 2002 1898 2111
f 2111 2078 2002
f 2002 2078 2102
f 2459 2437 2450
f 1846 1849 1898
f 1849 2111 1898
f 2102 2078 2437
f 2579 2459 2691
f 3177 2768 3100
f 2742 2768 3177
f 3173 3177 3100
f 1846 1667 1849
f 1667 1530 1849
f 3177 3173 3197
f 3197 3314 3177
f 3404 3410 3314
f 3514 3410 3404
f 3514 3404 3708
f 3708 3404 3806
f 1425 1498 1530
f 3708 3806 3800
f 1425 1424 1498
f 3870 3800 3806
f 3800 3870 3937
f 3870 4028 3937
f 4081 3937 4028
f 1291 1281 1424
f 1363 1283 1291
f 1291 1283 1281
f 1363 1237 1283
f 1236 1283 1237
f 1237 1154 1236
f 1049 1128 1154
f 1128 1049 1222
f 1137 1049 988
f 1222 1049 1137
f 988 1016 1137
f 1137 1016 1273
f 1273 1016 1105
f 1273 1105 1284
f 1105 993 1284
f 1284 993 1394
f 993 1100 1394
f 1100 1074 1260
f 1100 1260 1394
f 1394 1260 1384
f 1584 1394 1384
f 1384 1490 1584
f 1584 1490 1595
f 1260 1383 1384
f 1490 1384 1383
f 1771 1595 1835
f 1966 1771 1835
f 1966 1835 2073
f 2197 1966 2073
f 2078 2111 2313
f 2078 2313 2437
f 2450 2437 2313
f 2691 2459 2450
f 2602 2691 2450
f 2691 2602 2768
f 2602 3013 2768
f 2768 3013 3100
f 3013 3173 3100
f 1607 1849 1530
f 1849 1607 2111
f 3173 3013 3197
f 3404 3314 3403
f 3314 3197 3403
f 3403 3616 3404
f 3404 3616 3806
f 3806 3616 3715
f 3806 3715 3786
f 1530 1498 1607
f 3870 3806 3786
f 1424 1281 1498
f 1281 1607 1498
f 3786 3982 3870
f 3870 3982 4028
f 1283 1279 1281
f 1283 1236 1279
f 1154 1218 1236
f 1218 1279 1236
f 1128 1218 1154
f 1222 1146 1128
f 1128 1146 1218
f 1137 1146 1222
f 1146 1137 1136
f 1136 1137 1273
f 1136 1273 1284
f 1284 1389 1136
f 1284 1394 1389
f 1771 1389 1584
f 1389 1394 1584
f 1584 1595 1771
f 1771 1966 1967
f 2313 2111 2331
f 2313 2331 2450
f 2331 2602 2450
f 3715 3616 3786
f 2111 1607 2331
f 1281 1279 1607
f 1607 1279 1146
f 1607 1146 2331
f 2331 1146 1136
f 1218 1146 1279
f 1136 1389 1650
f 1650 1389 1771
