v -132.26390 -28.21430  87.04270172
v -132.26350 -20.47350  87.04280090
v -131.18060 -34.84870  81.04299927
v -131.15750 -23.79140  84.04170227
v -131.15710 -28.21490  84.03829956
v -131.15669 -29.31750  87.05460358
v -131.14819 -20.46660  87.03559875
v -131.14700 -21.57950  85.78569794
v -130.06480 -13.82640 105.04219818
v -130.05479 -35.95670  81.09249878
v -130.05251 -10.52190 105.04290009
v -130.05231 -29.31980  78.04299927
v -130.04970 -28.21570  90.05180359
v -130.04720 -30.42600  87.05110168
v -130.04691 -23.79240  93.04940033
v -130.04510 -20.47310  93.06300354
v -130.02380 -33.72510  77.96340179
v -128.94679 -4.99290 105.04299927
v -128.94670 -14.94710  96.03780365
v -128.94670 -12.73340  99.04280090
v -128.94659 -39.27180  75.04299927
v -128.94659 -37.06020  75.04299927
v -128.94659 -19.36790  96.04299927
v -128.94659 -17.15640  99.04299927
v -128.94659 -9.41560 105.04299927
v -128.94600 -26.00170  81.04270172
v -128.94569 -18.26380  87.03469849
v -128.94560 -38.16780  78.04429626
v -128.94490 -12.73130  96.04029846
v -128.93860 -24.89630  93.05269623
v -128.93610 -34.85400  84.05190277
v -128.93590 -35.96540  81.04370117
v -128.93550 -31.53140  76.78569794
v -128.93550 -21.57950  84.03050232
v -128.93550 -16.06190 105.04299927
v -127.84130 -3.88670 105.04309845
v -127.84080 -10.52180  99.04299927
v -127.83960 -10.52020  96.04100037
v -127.83700 -20.47800  99.04640198
v -127.83660 -27.10830  78.03690338
v -127.83620 -24.89400  81.04000092
v -127.83010 -26.00350  93.05380249
v -127.82970 -29.31980  76.53230286
v -127.82960 -32.64000  87.05449677
v -127.82590 -35.95630  72.06410217
v -126.73530 -31.53140  75.04019928
v -126.73530 -9.41610 102.04319763
v -126.73520 -7.20480 102.04260254
v -126.73500 -43.69480  69.04299927
v -126.73500 -23.79100  81.04299927
v -126.73500 -17.15640 102.04299927
v -126.73500 -12.73330  93.04299927
v -126.73500 -0.56950 105.04309845
v -126.73450 -12.73380 102.04450226
v -126.73420 -8.30910  96.04219818
v -126.73190 -42.58380  72.07219696
v -126.73190 -40.37780  69.03559875
v -126.73080 -24.89740  78.03839874
v -126.72630 -13.82770 108.03970337
v -126.72580 -40.38870  78.04540253
v -126.72520 -35.96110  84.05010223
v -126.72450 -33.74870  87.05010223
v -126.72400 -21.57950  82.08920288
v -126.72400 -21.57950  97.57330322
v -126.72400 -19.36790  82.78569794
v -126.72400 -19.36790 100.28990173
v -126.72400 -2.78140 105.93659973
v -126.03150 -39.27180  66.04299927
v -125.67410 -38.16600  69.04290009
v -125.62930 -10.52180  93.04299927
v -125.62880 -44.80100  66.04250336
v -125.62550 -33.74120  72.03340149
v -125.62470 -34.84860  85.56189728
v -125.61920 -43.69770  72.05989838
v -125.61820 -34.84870  70.54299927
v -125.61820 -26.00250  94.81790161
v -125.61820 -22.68520  97.82540131
v -125.61820 -17.15640 102.97250366
v -125.61820 -16.05060  85.52799988
v -125.61820 -6.09870 109.30020142
v -125.59150 -28.21010  93.04900360
v -125.57610 -35.95770  69.04859924
v -124.52430 -0.56940 111.04509735
v -124.52350 -14.94480  84.04299927
v -124.52320 -4.99400 111.04299927
v -124.52030 -37.06010  66.03829956
v -124.51810 -45.91160  66.04280090
v -124.51360 -28.21600  93.05180359
v -124.51240 -41.48330  75.93659973
v -124.51240 -29.31980  74.12809753
v -124.51240 -11.62750  89.14929962
v -124.51240 -4.99290 101.09889984
v -124.51240 1.65280 105.04290009
v -124.51160 -37.06020  82.55840302
v -124.51010 -20.47260  79.78579712
v -124.50420 2.74940 111.08740234
v -124.50040 -17.17750 102.05940247
v -124.49250 -33.74230  69.04470062
v -123.60250 -34.84900  69.04789734
v -123.54960 -2.74400 102.02279663
v -123.42290 -31.54200  90.04399872
v -123.41750 -33.74220  66.04239655
v -123.41530 -0.56670 108.04350281
v -123.41230 -9.41830 111.04650116
v -123.41130 -4.98810  96.03520203
v -123.41060 -27.10120  75.04019928
v -123.40920 -24.89510  96.03089905
v -123.40850 -41.49100  78.04560089
v -123.40830 -10.52100  87.02480316
v -123.40690 -18.26200  79.78579712
v -123.40670 -39.27180  79.81060028
v -123.40670 -31.53140  70.54299927
v -123.40670 -24.89680  76.14240265
v -123.40670 -20.47370 100.04530334
v -123.40670 -8.31020  92.14929962
v -123.40660 -47.02330  66.04299927
v -123.40660 1.65310 105.04340363
v -123.40570 -32.65640  69.04309845
v -123.37100 -22.20350  99.14309692
v -122.51560 -2.76670  99.03990173
v -122.50200 -3.88710  99.04299927
v -122.35300 -39.23820  63.88059998
v -122.30980 -2.77940  96.03869629
v -122.30710 -11.62720  84.03440094
v -122.30380 3.86320 111.04350281
v -122.30220 -14.94050  81.03299713
v -122.30090 -44.81170  72.04299927
v -122.30090 -28.21410  91.95330048
v -122.30090 -20.47370  78.03050232
v -122.30090 -12.73330  84.02169800
v -122.30090 -4.99290  95.14929962
v -122.29990 -44.81190  69.04260254
v -122.29960 -28.21010  72.03009796
v -122.29780 -17.23970  80.29039764
v -121.21750 -31.53140  69.04299927
v -121.20630 -24.89680  75.04299927
v -121.20570 -31.53180  66.04080200
v -121.19940 -3.88620  93.02359772
v -121.19690 -16.05930 105.04989624
v -121.19610 -35.95710  84.05339813
v -121.19530 3.85340 109.78589630
v -121.19510 -11.62750 109.54299927
v -121.19510 -9.41600  85.52799988
v -121.19510 -0.56980 101.14929962
v -121.19510 1.64170 103.27529907
v -121.19490 -20.47680  99.05079651
v -121.18960 -23.78900  96.05470276
v -121.18730 -37.05680  63.04830170
v -120.10910 -38.16860  63.03549957
v -120.10180 -23.78880  72.04350281
v -120.10130 -29.32090  69.04219818
v -120.10050 4.95900 105.04299927
v -120.10040 -22.68520  75.04299927
v -120.10040 -8.31020  84.04299927
v -120.09940 -21.57870  75.04190063
v -120.09930 -11.62770  81.04119873
v -120.09710 -0.57440 117.04409790
v -120.09070 -6.09740  87.02510071
v -120.09050 -21.57760  96.24299622
v -120.08940 -34.84870  84.05539703
v -120.08940 -33.74290  85.30020142
v -120.08940 -16.05060 103.55059814
v -120.08940 -3.88710  92.13449860
v -120.08940 -3.88710 114.80599976
v -120.08930 6.07560 111.04219818
v -120.08850 -31.53060  87.05490112
v -120.08800 -43.69300  63.05099869
v -120.08790 -34.85760  63.04660034
v -120.08700 -27.10720  90.06199646
v -120.08610 -10.50920 111.03620148
v -120.08380 -28.21280  90.05269623
v -120.08000 2.77170 117.07270050
v -120.06040 -6.12790 113.30090332
v -120.04160 -16.03210  77.98410034
v -120.03480 -24.93120  93.14119720
v -119.02140 0.69520  99.03459930
v -119.01880 -47.04430  66.09239960
v -118.99480 -24.89680  69.04299927
v -118.99460 -19.36790  75.04299927
v -118.99010 -21.58130  72.03009796
v -118.98790 -1.67290  93.03350067
v -118.98640 3.86370 108.04180145
v -118.98380 4.97070 105.04350281
v -118.98370 6.07500 111.03829956
v -118.98360 -28.21410  68.12809753
v -118.98360 -21.57950  93.99849701
v -118.98360 -17.15640 102.02200317
v -118.98360 -13.83910 106.30020142
v -118.98360 -2.78140 115.29589844
v -118.98280 -11.62710 108.14009857
v -118.98260 -33.78100  63.75960159
v -118.98250 -34.85070  84.05269623
v -118.98080 -19.37050  99.05400085
v -118.98050 -9.42520 111.04299927
v -118.97630 -28.21700  87.05100250
v -118.97300 6.07080 117.08619690
v -117.96930 -32.62770  63.03820038
v -117.91480 -25.99920  89.98090363
v -117.88890 8.27630 117.04299927
v -117.88410 -13.83720  78.03440094
v -117.88390 -18.25860  72.03309631
v -117.88250 -6.10000  84.03170013
v -117.88240 -0.56500  90.02690125
v -117.88060 -3.88860  87.02369690
v -117.88010 -28.21380  66.03019714
v -117.87990 1.65040  96.03900146
v -117.87870 -9.41620  81.03160095
v -117.87780 -39.27180  79.68190002
v -117.87780 -37.06020  80.46179962
v -117.87780 -1.67560  90.01300049
v -117.87660 -41.49180  78.04540253
v -117.87460 -27.11450  87.05190277
v -117.87260 -12.72330 107.99610138
v -117.87210 -21.57940  93.06079865
v -117.86510 -0.56710 117.04199982
v -117.73090 -23.79780  90.14119720
v -116.95080 -17.15640  75.04299927
v -116.81930 7.17400 105.02349854
v -116.78310 10.48790 117.04299927
v -116.77910 -20.47220  69.03679657
v -116.77890 9.38390 114.03140259
v -116.77850 -13.83850  75.03230286
v -116.77760 -17.15500  72.02400208
v -116.77510 3.86200 102.03829956
v -116.77410 -43.68270  75.04100037
v -116.77230 -17.16040  99.05619812
v -116.77230 0.54340  93.03410339
v -116.77230 2.75510  99.03450012
v -116.77200 -45.90640  62.17200089
v -116.77200 -44.80060  62.12329865
v -116.77200 -29.31980  84.56790161
v -116.77200 -4.99290 112.55889893
v -116.77200 -2.78140 114.05549622
v -116.77190 6.07580 108.04299927
v -116.77120 -7.21510 111.07700348
v -116.76890 -31.53050  84.05159760
v -116.76100 -45.90640  54.04299927
v -116.76090 -19.36790  93.04299927
v -116.75490 -23.77450  87.05509949
v -116.75240 -10.51810 108.06580353
v -116.73850 -21.57950  87.04299927
v -116.71340 -30.44940  64.02890015
v -116.66470 -21.61230  90.12239838
v -115.98620 -48.10410  54.09790039
v -115.76680 -11.62750  78.04299927
v -115.68860 -12.73330  72.04299927
v -115.68660 8.29910 105.04830170
v -115.67730 -11.62750  75.04299927
v -115.67730 -10.52180  78.04299927
v -115.67710 -51.43960  54.04380035
v -115.67380 -40.37520  78.03410339
v -115.67290 -11.62270  71.91020203
v -115.67290 1.60080 117.02590179
v -115.66960 -2.77860  84.03070068
v -115.66840 -42.58140  75.03450012
v -115.66810 -7.20430  81.02580261
v -115.66640 -44.82270  69.04340363
v -115.66630 -45.90640  62.88299942
v -115.66630 -35.95450  80.48300171
v -115.66630 -27.10830  84.89550018
v -115.66630 -24.89680  65.14929962
v -115.66630 -19.36790  68.14929962
v -115.66630 -18.26210  69.02169800
v -115.66630 -16.05060  71.14929962
v -115.66630 -3.88710  84.02169800
v -115.66630 2.76110  99.04280090
v -115.66630 6.06480 117.76529694
v -115.66630 6.09180 108.04299927
v -115.66620 -11.62780 105.10089874
v -115.66620 -6.09650  81.02909851
v -115.66580 -3.87640 114.03420258
v -115.66550 -47.02370  66.02480316
v -115.66520 -18.26340  96.09989929
v -115.66230 -1.67230 114.05470276
v -115.65820 -18.26710  93.04180145
v -115.65510 -13.83920  99.04299927
v -115.65180 -12.73310  99.02619934
v -115.65110 -41.48330  60.04259872
v -115.64580 -42.58910  54.04299927
v -115.63280 -17.15640  96.04299927
v -115.62270 -28.20710  84.07839966
v -115.48200 -12.73330  69.04299927
v -115.47810 -19.36790  87.04299927
v -115.38980 -9.41600  72.04299927
v -115.14930 -48.15050  51.04949951
v -114.79000 -43.69480  54.04299927
v -114.78170 -54.75250  54.04299927
v -114.72760 -39.27290  60.01900101
v -114.62270 1.70020  93.19740295
v -114.59320 -40.37620  54.04370117
v -114.58560 -2.78140 114.04299927
v -114.58380 -45.91030  57.05479813
v -114.58350 -43.69600  60.04150009
v -114.57220 -35.95410  60.04249954
v -114.57170 -41.48330  57.04299927
v -114.57170 -37.06020  57.04280090
v -114.57160 -9.41600  75.04299927
v -114.57160 -9.41600  78.04299927
v -114.57070 -23.78890  63.04280090
v -114.56550 6.06990 102.04090118
v -114.56480 -21.57670  66.02899933
v -114.56440 -13.83960  69.03089905
v -114.56220 11.59530 114.02590179
v -114.56050 -45.90640  66.94290161
v -114.56050 -32.63710  61.33919907
v -114.56050 -26.00250  63.02799988
v -114.56050 -21.57950  85.30020142
v -114.56050 -16.05060  69.02169800
v -114.55360 -46.91630  51.03559875
v -114.55330 -1.66710  87.02359772
v -114.54960 2.74750 117.04309845
v -114.54950 -17.15640  90.04319763
v -114.54580 -17.15640  87.04299927
v -114.54190 -31.52820  81.06340027
v -114.54120 -43.70000  51.04330063
v -114.53820 -13.83910  93.04299927
v -114.53820 -2.78140 111.04299927
v -114.53650 -47.01750  60.05770111
v -114.51580 -11.62750 102.04299927
v -114.38780 -18.28590  87.06909943
v -114.37620 -10.52180  69.04299927
v -113.65580 -7.20450  78.04299927
v -113.49620 -42.59040  51.03860092
v -113.49460 -48.77130  50.58520126
v -113.47710 -44.80060  60.04299927
v -113.46860 -27.10870  84.03299713
v -113.46810 -48.12230  60.06729889
v -113.46620 13.80550 117.04290009
v -113.46590 -34.84870  60.04299927
v -113.46580 -18.26210  66.04299927
v -113.46580 -17.15640  66.04299927
v -113.46400 -55.90290  54.04109955
v -113.46160 -22.68450  63.03699875
v -113.46140 4.96020  96.03459930
v -113.45960 -8.30800  75.02570343
v -113.45790 -1.66920  84.03500366
v -113.45790 10.50900 105.04270172
v -113.45770 -43.70420  70.01170349
v -113.45740 -51.43560  57.10869980
v -113.45530 -11.62770  68.93979645
v -113.45520 -3.88810 111.01799774
v -113.45470 -40.44010  75.03639984
v -113.45470 -32.63710  79.56559753
v -113.45470 -28.21360  81.09940338
v -113.45470 -10.47370 105.04299927
v -113.45470 10.48780 118.22609711
v -113.45300 -7.20510 108.05750275
v -113.45220 -49.22600  60.01039886
v -113.44630 -37.05900  78.04779816
v -113.44420 -38.17460  51.04449844
v -113.44360 -7.20450 102.04299927
v -113.43780 -33.74310  54.06579971
v -113.43250 -52.54900  51.01150131
v -113.43020 -34.84870  51.04299927
v -113.42870 -9.42770 102.02660370
v -112.41600 -33.74300  51.04130173
v -112.38140 -32.66060  60.00469971
v -112.37620 -40.37770  50.92549896
v -112.37100 -35.95470  51.04180145
v -112.36200 -52.54010  57.07979965
v -112.36180 -30.42530  57.04809952
v -112.36010 -16.05090  66.04479980
v -112.36000 -12.73330  66.04299927
v -112.35970 -35.95450  54.04499817
v -112.35630 -48.91350  60.01789856
v -112.35570 -13.83570  87.03720093
v -112.35400 -25.98150  60.07880020
v -112.35370 3.85180  93.02770233
v -112.35100 2.74370 114.05670166
v -112.35020 8.28610 102.04149628
v -112.34990 9.36960 108.04399872
v -112.34970 -45.91030  66.05850220
v -112.34940 -11.63060  93.06580353
v -112.34920 -2.78130  79.78579712
v -112.34900 -54.76360  51.04299927
v -112.34900 -29.31880  78.07340240
v -112.34900 -17.15640  85.54299927
v -112.34900 -2.78140 109.09429932
v -112.34780 -16.04860  87.01429749
v -112.34510 -8.31180  96.06240082
v -112.34410 -22.68570  81.05480194
v -112.34200 -34.84990  78.04799652
v -112.34070 6.06300 117.04470062
v -112.34010 -38.16760  75.04599762
v -112.33840 0.53530 111.04419708
v -112.33790 -6.09930 102.04319763
v -112.33770 -26.00100  81.08910370
v -112.33450 -3.87070 108.16120148
v -112.32050 -36.01460  75.10890198
v -112.31090 -42.90820  72.05629730
v -112.30430 -6.09870  99.04299927
v -112.29310 -9.41600  93.04299927
v -112.26020 13.72800 118.70120239
v -112.08360 -11.62750  87.04299927
v -111.79610 -31.53140  51.04299927
v -111.79550 -7.20200 105.04299927
v -111.51970 -12.73330  90.04299927
v -111.51970 -7.20450  99.04299927
v -111.46440 -10.52180  96.04299927
v -111.29220 -26.00620  54.09740067
v -111.26960 -0.57430 111.03359985
v -111.25500 17.12450 117.04429626
v -111.25430 -24.89680  57.04299927
v -111.25430 -24.89680  60.04299927
v -111.25430 -21.57950  57.04299927
v -111.25430 -18.26210  60.04299927
v -111.25410 -20.47330  60.04249954
v -111.25370 -12.73390  87.04010010
v -111.25300 -3.88580  78.03990173
v -111.25290 -10.52020  66.04119873
v -111.25260 -3.88570  75.04109955
v -111.25130 -11.62600  63.03519821
v -111.25130 12.70410 105.04370117
v -111.24910 -55.86890  54.04159927
v -111.24660 -8.31180  69.02469635
v -111.24620 0.54370  87.04109955
v -111.24580 12.70120 111.02449799
v -111.24360 0.55770  81.04129791
v -111.24320 -50.32950  50.53549957
v -111.24320 -48.11790  51.61019897
v -111.24320 -44.80060  49.27099991
v -111.24320 -23.79100  80.02330017
v -111.24320 7.16970  95.98259735
v -111.24320 8.28750 102.04299927
v -111.24320 9.45390 108.04299927
v -111.23890 -43.69950  69.09850311
v -111.23760 1.64230 111.05509949
v -111.23540 -28.21640  78.05069733
v -111.23540 8.27680 117.04699707
v -111.23500 -2.78600  99.03769684
v -111.23200 -28.21430  75.03659821
v -111.23130 -33.74180  48.04999924
v -111.23110 -52.54100  50.37329865
v -111.23100 -3.88930 102.03549957
v -111.22350 -8.31040  93.04709625
v -110.96680 -9.41600  87.04299927
v -110.91910 -5.00360 105.04949951
v -110.15740 -43.71740  67.58319855
v -110.14860 11.59360 108.04299927
v -110.14850 -10.52180  90.04299927
v -110.14650 13.80760 111.04299927
v -110.14610 14.92050 108.02420044
v -110.14540 -14.94320  57.03480148
v -110.14400 -12.73400  60.03189850
v -110.14130 -4.99440  72.02600098
v -110.13920 16.01690 120.06120300
v -110.13830 -47.02200  63.04560089
v -110.13830 8.27640  95.98290253
v -110.13740 -35.95450  73.30020142
v -110.13740 -20.47370  80.16179657
v -110.13740 -11.62750  84.28430176
v -110.13740 -10.52180  86.04299927
v -110.13740 0.53590 108.83239746
v -110.13740 4.95900  92.14929962
v -110.13740 11.59360 103.53230286
v -110.13740 13.80520 121.30020142
v -110.13740 14.91090 113.12809753
v -110.13360 7.17010 114.05819702
v -110.12930 -24.89870  78.05059814
v -110.12790 -27.10680  75.04910278
v -110.12780 4.95750 114.04399872
v -110.12720 -6.09880  93.04579926
v -110.12710 -1.67530 102.04010010
v -110.12680 -17.15680  81.04609680
v -110.12640 -14.94490  84.04299927
v -110.12630 -4.99290  96.04309845
v -110.12630 -0.56980  99.04299927
v -110.12440 -24.89360  75.01999664
v -110.11710 -8.31370  90.04440308
v -110.06320 -18.28500  81.22640228
v -110.04830 -2.82960 105.06089783
v -110.04800 -7.20420  87.04270172
v -109.99220 -17.15640  78.04299927
v -109.91630 14.91090 105.04299927
v -109.89170 1.64170  99.04299927
v -109.58450 -17.15640  51.04299927
v -109.16530 -40.40170  46.90999985
v -109.04360 -31.52530  47.96310043
v -109.04290 -20.47590  54.04790115
v -109.04270 -16.05060  54.04299927
v -109.04260 -38.15980  72.03679657
v -109.04010 3.81390 102.07929993
v -109.03870 -3.88920  93.11129761
v -109.03770 -8.30900  66.03340149
v -109.03600 2.75210  87.03610229
v -109.03550 10.49540  99.04290009
v -109.03480 -48.12720  60.05210114
v -109.03170 -58.05880  54.04299927
v -109.03170 -55.85830  52.53229904
v -109.03170 -51.43520  50.55419922
v -109.03170 -48.11790  50.08969879
v -109.03170 -43.69480  47.46580124
v -109.03170 0.53590 106.44719696
v -109.03170 10.48790 117.05799866
v -109.03140 18.23490 120.06759644
v -109.03040 -41.48080  69.06390381
v -109.02780 4.92250 108.00389862
v -109.02750 18.24490 117.06250000
v -109.02380 0.53540 102.03620148
v -109.02180 -16.05190  81.04550171
v -109.02070 -16.05140  78.04309845
v -109.02060 -23.79100  75.04299927
v -109.02060 -18.26210  78.04299927
v -109.02050 -22.68540  78.04260254
v -109.01400 3.84880 111.05490112
v -109.01200 2.74480 108.04599762
v -109.01090 -33.75160  46.23880005
v -109.00970 -0.56980 105.06259918
v -109.00650 -13.83910  51.04299927
v -108.99810 -9.41600  81.04299927
v -108.81050 9.38210  93.04299927
v -108.75520 -6.09870  90.04299927
v -108.69360 -9.44770  84.07520294
v -108.10460 -18.26210  48.04299927
v -107.95220 14.88720 123.04850006
v -107.95160 -14.94480  51.04299927
v -107.94810 -12.73560  51.04059982
v -107.94780 -14.94530  48.04010010
v -107.94090 -4.99160  87.03710175
v -107.93710 -12.73330  54.04299927
v -107.93700 -14.94480  54.04299927
v -107.93700 -10.52180  60.04299927
v -107.93570 -9.41590  60.04079819
v -107.93520 0.53870  75.04029846
v -107.93510 -0.56850  75.03549957
v -107.93350 4.96230  87.03820038
v -107.93290 3.85480  84.03399658
v -107.93280 -29.31990  45.03480148
v -107.93210 -0.56560  78.03959656
v -107.93190 -7.20100  63.03329849
v -107.92940 -27.10710  48.02439880
v -107.92710 16.01980 111.02380371
v -107.92680 -49.21440  60.04000092
v -107.92660 11.59540 102.01999664
v -107.92610 14.92150 105.04109955
v -107.92600 9.38620  92.95290375
v -107.92590 -48.11790  49.98329926
v -107.92590 -3.88710  92.86650085
v -107.92590 -0.56980  93.98580170
v -107.92590 12.69940 101.99819946
v -107.92590 14.92210 108.04299927
v -107.92590 19.33400 123.07360077
v -107.92560 0.54730  81.04280090
v -107.92520 -45.91600  63.11650085
v -107.92370 3.84690  99.05380249
v -107.92170 -53.85160  56.45149994
v -107.91980 -40.37600  69.05329895
v -107.91790 -53.65070  51.04169846
v -107.91770 -21.57900  75.04959869
v -107.91760 -12.73280  78.05010223
v -107.91660 4.95460 102.04419708
v -107.91580 -17.15680  76.54620361
v -107.91480 -17.15700  45.04370117
v -107.91460 -27.10830  72.04280090
v -107.91420 7.17040 108.04209900
v -107.90860 -58.05880  54.04259872
v -107.90350 0.53570  93.04299927
v -107.90130 20.43990 126.04239655
v -107.75950 -24.88950  72.22850037
v -107.41180 -2.78170  87.04560089
v -107.37300 -12.73330  48.04299927
v -106.91440 8.32260  89.90049744
v -106.88520 -3.88710  90.04299927
v -106.86360 17.12230 126.04530334
v -106.85580 19.42400 116.74710083
v -106.83140 19.32020 126.04260254
v -106.83120 -10.52180  54.04299927
v -106.83060 -3.88790  87.03469849
v -106.82820 20.44160 120.02790070
v -106.82820 21.55220 120.04199982
v -106.82810 7.16950  90.03330231
v -106.82530 -11.62720  51.01890182
v -106.82310 2.74840  81.02799988
v -106.82050 -28.21430  45.02310181
v -106.82030 -10.52070  51.01259995
v -106.82010 -54.75250  52.14239883
v -106.82010 -45.90640  49.54299927
v -106.82010 -41.48330  46.53250122
v -106.82010 -40.37750  45.92470169
v -106.82010 -18.26210  43.99499893
v -106.82010 -8.31020  80.90660095
v -106.82010 -1.67560  72.02799988
v -106.82010 10.46430  93.04299927
v -106.82010 16.02800 105.04299927
v -106.82010 22.08420 126.04299927
v -106.82000 -12.73380  75.07199860
v -106.81950 17.12790 111.03289795
v -106.81930 -13.83870  47.66790009
v -106.81930 12.69300 120.05110168
v -106.81920 -9.41890  78.06330109
v -106.81920 9.37650 111.05549622
v -106.81910 -23.80060  72.06849670
v -106.81240 -41.48460  66.04779816
v -106.81160 7.16740 102.04010010
v -106.80900 4.95460 105.04260254
v -106.80870 -50.33150  51.04339981
v -106.79660 -43.68820  47.99750137
v -106.79640 -35.95990  66.01219940
v -106.64650 -18.27340  75.05629730
v -106.50120 -30.43960  43.03829956
v -105.96010 20.43980 117.04299927
v -105.93640 2.74690  75.04409790
v -105.73650 -17.15780  75.04280090
v -105.73490 -0.56800  87.04380035
v -105.72540 -7.20450  60.04299927
v -105.72540 -6.09870  60.04299927
v -105.72540 -4.99290  66.04299927
v -105.72540 -1.67560  90.04299927
v -105.72540 2.74750 105.04299927
v -105.72430 -9.41580  51.04150009
v -105.72380 -8.30920  54.04190063
v -105.72290 -3.88390  66.04199982
v -105.72150 -20.45140  42.01359940
v -105.72040 -51.43520  57.03599930
v -105.71680 6.07820  84.02780151
v -105.71660 -37.08010  42.03879929
v -105.71570 10.49500  96.02729797
v -105.71450 10.82280  99.04170227
v -105.71450 13.80520 120.07140350
v -105.71440 -54.75250  55.41650009
v -105.71440 -51.43520  52.53229904
v -105.71440 -23.79100  70.54299927
v -105.71440 -12.73330  47.14929962
v -105.71440 13.80520 102.98780060
v -105.71440 20.99270 114.04299927
v -105.71440 21.55670 123.04299927
v -105.71410 -17.15360  42.02890015
v -105.71390 -14.94480  45.02130127
v -105.71270 16.03510 126.04090118
v -105.71200 17.12960 111.01180267
v -105.71180 -49.21730  54.03110123
v -105.71030 -10.52170  75.05850220
v -105.70950 21.80350 120.02519989
v -105.70940 -29.30850  66.05490112
v -105.70920 -44.80160  63.05130005
v -105.70900 -19.37440  69.04290009
v -105.70660 -48.12580  51.07820129
v -105.70530 6.05990 105.04280090
v -105.70480 -45.90590  51.03390121
v -105.70370 -20.47620  72.04389954
v -105.70330 1.64170  87.04299927
v -105.70330 8.27630 105.04299927
v -105.70320 -45.90640  54.04299927
v -105.70320 -24.89680  66.04280090
v -105.70320 8.27630 102.04299927
v -105.70310 -6.09910  78.04190063
v -105.69670 1.64190  90.04280090
v -105.68080 -21.57950  69.04290009
v -105.56540 3.85050  96.02999878
v -105.48070 -21.55900  66.00150299
v -105.34580 -49.22370  57.04299927
v -104.95960 0.53590  90.04299927
v -104.85240 -32.66640  41.02560043
v -104.71360 -2.78060  68.99659729
v -104.65480 -39.30270  63.61709976
v -104.61990 -1.67560  66.04299927
v -104.61970 -10.52180  45.04299927
v -104.61960 -42.58340  63.03739929
v -104.61890 -7.20410  51.04349899
v -104.61520 -1.66910  69.04199982
v -104.61400 19.33800 111.03690338
v -104.61230 -4.98980  60.02740097
v -104.61120 6.06890  84.02970123
v -104.61110 4.96980  81.04479980
v -104.60980 1.65060  72.03990173
v -104.60960 -24.89660  42.02019882
v -104.60890 13.81630 123.04299927
v -104.60870 2.75850  78.04280090
v -104.60860 -50.31830  54.04299927
v -104.60860 -40.15420  45.04299927
v -104.60860 -13.83910  44.14929962
v -104.60860 -2.78140  81.95780182
v -104.60860 -0.56980  70.27529907
v -104.60860 16.01670 124.58100128
v -104.60860 21.54550 116.32869720
v -104.60610 0.53500  84.15570068
v -104.60300 11.58820 111.04689789
v -104.59920 -12.73370  69.04779816
v -104.59880 -45.90840  60.04529953
v -104.59830 2.74740  87.04429626
v -104.59760 23.75690 126.04530334
v -104.59750 -42.58910  54.04299927
v -104.59750 -20.47370  66.04299927
v -104.59750 18.22820 105.04299927
v -104.59740 -45.90640  57.04299927
v -104.59740 -3.88710  78.04299927
v -104.59740 3.85320  90.04299927
v -104.59740 6.06480  93.04299927
v -104.59740 9.38210 105.04299927
v -104.59670 -9.41420  75.04730225
v -104.59200 -35.95820  63.23870087
v -104.59150 9.37610  92.97339630
v -104.58400 6.06490  96.04060364
v -104.58350 -0.56980  63.04299927
v -104.57930 -18.22880  69.06819916
v -104.48570 22.65130 114.04299927
v -104.44190 -43.72250  60.10829926
v -104.42430 17.12250 102.04299927
v -104.41960 -52.53700  54.04570007
v -104.14830 -29.29710  39.16970062
v -103.72570 -51.44010  54.04270172
v -103.52280 -20.48230  39.06190109
v -103.51920 -39.28780  62.99089813
v -103.51390 -23.79110  39.04299927
v -103.51390 -3.88710  57.04299927
v -103.51340 24.86280 123.04229736
v -103.51250 -2.78160  60.03950119
v -103.50760 -9.41600  45.02650070
v -103.50620 -14.94350  42.02429962
v -103.50600 -6.09080  48.03079987
v -103.50510 3.85480  78.02010345
v -103.50370 17.13320 108.04319763
v -103.50290 13.80280 117.10230255
v -103.50280 -42.58910  60.96760178
v -103.50280 -38.16600  44.61439896
v -103.50280 -35.95450  61.11600113
v -103.50280 -8.31020  47.14929962
v -103.50280 11.04070  90.04299927
v -103.50280 11.56850 102.04299927
v -103.50280 14.91090 121.54299927
v -103.50280 15.46380 123.04299927
v -103.50280 16.01670 101.15180206
v -103.50280 18.22820 109.51300049
v -103.50220 17.11260 126.04419708
v -103.50110 9.38120  99.06279755
v -103.50110 21.54610 113.95469666
v -103.49850 -2.78720  81.05370331
v -103.49550 -14.94700  66.05120087
v -103.49450 4.95460  87.04360199
v -103.49430 -30.42390  63.04940033
v -103.49180 -42.59090  51.03820038
v -103.49180 -39.27180  54.04299927
v -103.49180 -1.67580  78.04340363
v -103.49180 11.59350 108.04299927
v -103.49170 -43.69480  51.04299927
v -103.49170 -41.48330  54.04299927
v -103.49170 -31.53140  60.04299927
v -103.49170 4.95900  90.04319763
v -103.49160 -26.00070  63.04280090
v -103.47680 -56.96410  54.04299927
v -103.31850 -0.56980  60.04299927
v -103.31290 -53.64680  54.04299927
v -102.42510 13.81170  96.02349854
v -102.41970 -0.56990  12.04310036
v -102.41580 -35.96480  60.03150177
v -102.40960 -12.73430  42.04570007
v -102.40820 -1.67560  57.04299927
v -102.40810 -42.58910  57.04299927
v -102.40810 -40.37750  57.04299927
v -102.40810 -1.67560  60.04299927
v -102.40810 0.53590  69.04299927
v -102.40730 13.80650  99.04139709
v -102.40500 -13.83910  39.03649902
v -102.40410 21.55270 111.04139709
v -102.40380 -8.31630  12.04520035
v -102.40340 2.75760  72.04579926
v -102.40290 9.38700  87.03820038
v -102.40260 9.38770  84.03430176
v -102.40260 25.97400 120.03430176
v -102.40030 -17.15340  37.78799820
v -102.40020 -0.57650  78.06880188
v -102.39880 -34.84890  39.03379822
v -102.39710 -38.16600  45.01200104
v -102.39710 -6.08770  45.04719925
v -102.39700 -38.16600  58.54299927
v -102.39700 -35.95450  39.07180023
v -102.39700 -29.31980  38.15810013
v -102.39700 -19.36790  64.30020142
v -102.39700 -6.08760  51.04299927
v -102.39700 0.55830  63.04299927
v -102.39700 3.01550  75.04299927
v -102.39700 10.58840  90.04299927
v -102.39700 11.60490  93.04299927
v -102.39700 13.83090 120.04299927
v -102.39700 18.22820 103.15959930
v -102.39700 20.42870 105.04299927
v -102.39630 -21.57940  63.05490112
v -102.39500 23.76530 117.01760101
v -102.39480 -12.73250  66.06210327
v -102.39100 11.58740 102.04560089
v -102.39060 -4.98590  72.07180023
v -102.38710 -7.20640  72.04560089
v -102.38700 -38.16630  54.04529953
v -102.38640 -10.52200  66.04340363
v -102.38610 -23.78980  63.04339981
v -102.38610 14.90920  96.04360199
v -102.38600 -40.37740  51.04339981
v -102.38600 12.69940 105.04299927
v -102.38590 -33.74260  54.04180145
v -102.38590 -7.20450  69.04299927
v -102.37760 7.16060  87.04260254
v -102.37400 8.27940  93.03749847
v -102.35940 9.38210  93.04299927
v -102.35240 -33.74290  57.04339981
v -102.27470 12.69860 102.04530334
v -102.21280 12.69940  90.04299927
v -101.31380 -37.06020  57.04299927
v -101.30500 18.24040 126.02130127
v -101.30230 7.17050  81.04299927
v -101.30110 -18.28410  36.01119995
v -101.29770 7.17530  78.03810120
v -101.29770 14.91790  99.04129791
v -101.29760 24.86830 114.03450012
v -101.29570 -2.78130  54.02830124
v -101.29420 -10.52210  39.02529907
v -101.29340 18.23830 108.04329681
v -101.29130 -31.53140  37.42610168
v -101.29130 -23.79100  37.26800156
v -101.29130 -16.05060  63.56579971
v -101.29130 -13.83910  38.14929962
v -101.29120 1.66470  63.04380035
v -101.29050 17.11220 123.04429626
v -101.29050 19.44880 105.04499817
v -101.28870 -3.88830  72.05979919
v -101.28790 3.84880  84.04989624
v -101.28660 1.63930  78.05850220
v -101.28610 -29.32320  54.05030060
v -101.28560 14.86590 117.04640198
v -101.28410 -6.09920  69.05249786
v -101.28390 -20.47240  63.04840088
v -101.28380 -8.31260  66.05139923
v -101.28210 -0.57160  75.04499817
v -101.28080 -32.63600  54.04589844
v -101.28060 -24.89830  60.04130173
v -101.28030 28.18070 126.04499817
v -101.28020 -29.31980  57.04140091
v -101.27860 -9.41460  66.04299927
v -101.26920 9.38170  87.04450226
v -100.21800 -29.32050  36.04119873
v -100.20270 23.76120 111.03630066
v -100.20220 0.54480  54.04190063
v -100.20030 -0.57100  15.05669975
v -100.19700 4.95900  75.04299927
v -100.19670 -3.88720  39.04309845
v -100.19660 -22.68520  36.04299927
v -100.19660 -4.99290  39.04299927
v -100.19660 2.74810  12.04319954
v -100.19620 -17.14290  36.01699829
v -100.19260 6.06870  75.03980255
v -100.19220 -8.30960  15.05440044
v -100.19190 4.95890  72.02410126
v -100.19160 29.28650 123.02700043
v -100.19060 13.80960  93.03829956
v -100.18660 11.59500  86.95429993
v -100.18600 2.74890  69.01540375
v -100.18570 9.38310  84.07219696
v -100.18550 -14.94480  63.05550003
v -100.18550 -8.31020  39.01300049
v -100.18550 8.27630  85.30549622
v -100.18550 9.39340  81.04309845
v -100.18550 10.45430  93.04319763
v -100.18550 10.47660  87.04299927
v -100.18550 14.89980 108.04280090
v -100.18550 16.01670  94.79499817
v -100.18550 17.13370 102.04309845
v -100.18540 -35.95990  41.99029922
v -100.18480 -34.87300  39.04180145
v -100.18390 -12.73280  63.05670166
v -100.18360 15.99400 105.05970001
v -100.18160 -35.95860  51.05149841
v -100.18160 -19.37050  60.05860138
v -100.18060 0.54750  60.04420090
v -100.18040 -21.58110  60.05490112
v -100.17940 6.06530  84.05030060
v -100.17750 -33.74330  51.05149841
v -100.17620 1.64090  75.04509735
v -100.17600 -28.21440  54.04449844
v -100.17570 -27.11010  57.04470062
v -100.17460 11.59330  96.04409790
v -100.17450 -14.94480  33.04299927
v -100.17430 2.73690  81.06030273
v -100.17110 -32.63440  36.04880142
v -100.16290 -22.68520  33.04299927
v -100.03040 -2.77790  69.04660034
v -99.15880 -30.42850  36.04370117
v -99.13570 14.92510  89.91639709
v -99.09760 12.70200  84.03430176
v -99.09460 13.80700  90.05490112
v -99.09130 -2.78280  39.03799820
v -99.09110 -0.56980  39.04169846
v -99.09090 -12.73330  12.04300022
v -99.09090 3.85350  12.04300022
v -99.09080 -2.78100  51.04439926
v -99.09080 -0.56980  48.04299927
v -99.09020 -12.73120  33.04219818
v -99.08960 -8.31170  18.01059914
v -99.08890 0.53340  15.06379986
v -99.08850 -10.52770  15.03999996
v -99.08380 27.08150 117.03610229
v -99.08360 -33.74410  36.02629852
v -99.08280 -35.96360  39.02750015
v -99.08140 17.10750 120.05339813
v -99.08120 10.48860  84.07039642
v -99.08090 18.23790 102.04129791
v -99.08060 7.18100  78.04360199
v -99.08040 3.85500  69.01879883
v -99.08020 20.45060 108.04260254
v -99.07970 -8.31020  64.30020142
v -99.07970 -6.09870  64.81790161
v -99.07970 11.56010  90.04299927
v -99.07970 14.72660  84.04299927
v -99.07970 16.00560 102.04299927
v -99.07950 0.54650  60.04460144
v -99.07940 -4.99300  66.06230164
v -99.07940 11.58260  87.04319763
v -99.07940 20.45110 105.04260254
v -99.07890 18.23660 123.03549957
v -99.07640 -14.94610  60.06140137
v -99.07530 17.12030 111.05149841
v -99.07480 -10.52090  63.05149841
v -99.07420 -0.58380  72.03160095
v -99.07410 14.90250 108.04260254
v -99.07350 -18.25990  60.05250168
v -99.07100 -30.42570  51.04600143
v -99.06940 -24.89760  57.04449844
v -99.06870 -26.00240  54.04290009
v -99.06400 21.56300 126.06439972
v -99.05460 -31.53140  33.04299927
v -98.89540 -10.52180  18.04299927
v -98.44310 8.27630   9.04300022
v -98.25040 -30.42560  33.04299927
v -98.09030 -7.07110  17.99880028
v -98.02050 -22.76300  30.10650063
v -97.98650 2.75410  54.02939987
v -97.98640 7.16970  12.04529953
v -97.98610 -13.83820  15.04069996
v -97.98520 2.74750  66.04299927
v -97.98510 10.48810   9.04300022
v -97.98500 -14.94480  12.04300022
v -97.98240 3.85940  63.04290009
v -97.98220 -11.62580  33.03609848
v -97.98000 -1.67080  36.03400040
v -97.97910 3.86100  66.03849792
v -97.97860 25.97330 111.03810120
v -97.97840 0.54030  42.03189850
v -97.97760 19.32310  96.03679657
v -97.97670 27.08550 114.04250336
v -97.97430 -34.85010  33.02239990
v -97.97410 -32.63560  33.01309967
v -97.97400 -36.50730  36.04299927
v -97.97400 -18.26210  57.07329941
v -97.97400 -3.88710  66.57820129
v -97.97400 1.64170  15.96440029
v -97.97400 3.85320  11.25389957
v -97.97400 6.06480  11.09440041
v -97.97400 10.48790  85.30020142
v -97.97400 14.88640  84.04299927
v -97.97400 18.22820  94.55799866
v -97.97400 19.33400 103.27529907
v -97.97400 31.67610 126.04340363
v -97.97270 -13.83860  60.05680084
v -97.97220 27.08620 117.04029846
v -97.97210 29.28990 120.02529907
v -97.97170 -34.85470  45.06299973
v -97.97030 17.11350 105.04579926
v -97.96640 -9.41540  63.04819870
v -97.96610 14.91100  99.05269623
v -97.96590 -20.47450  57.04710007
v -97.96550 6.06650  81.06169891
v -97.96480 -23.79150  54.04460144
v -97.96350 14.91190  90.04060364
v -97.96340 -7.20410  63.04430008
v -97.96290 -21.57950  54.04299927
v -97.96290 -0.56980  69.04299927
v -97.96280 4.95900  78.04299927
v -97.96200 12.68350  93.05770111
v -97.95850 7.16120  84.04900360
v -97.95670 -14.94550  18.03890038
v -97.95420 7.16990   9.04249954
v -97.93120 -13.81430  31.48909950
v -97.14470 -16.05060  18.04299927
v -96.87940 8.27630  12.04300022
v -96.87940 20.43980 102.04299927
v -96.87930 0.53590  51.04299927
v -96.87930 16.01670   3.04299998
v -96.87890 11.59380   9.03979969
v -96.87850 -16.05000  30.04199982
v -96.87810 -11.61240  18.17740059
v -96.87810 4.96890  69.03459930
v -96.87660 3.85770  60.04209900
v -96.87590 32.61250 123.02079773
v -96.87560 2.74680  18.05030060
v -96.87540 1.64840  51.04309845
v -96.87390 -16.05080  12.01200008
v -96.87370 9.39150  75.04979706
v -96.87300 10.49340  78.03410339
v -96.87200 13.83080  84.04429626
v -96.86900 13.80910  90.07099915
v -96.86830 2.74290  72.05269623
v -96.86820 -35.95450  37.54299927
v -96.86820 -11.62750  58.81060028
v -96.86820 0.53590  67.55799866
v -96.86820 11.59360  84.76029968
v -96.86820 17.85970  93.04299927
v -96.86820 18.21710 114.04290009
v -96.86820 18.23930  99.04299927
v -96.86820 18.25400  96.04299927
v -96.86820 19.32290 111.04299927
v -96.86820 20.43980 123.07330322
v -96.86720 16.01570  93.02149963
v -96.86640 17.11360 108.04850006
v -96.86540 -35.96280  33.02259827
v -96.86260 16.01150 102.05169678
v -96.86210 -33.74560  45.05289841
v -96.86210 21.53760 126.04399872
v -96.86180 -17.15590  57.05160141
v -96.86170 -2.78100  66.04969788
v -96.85990 -3.87650  30.02160072
v -96.85700 6.06480  75.04299927
v -96.85700 7.17050  75.04299927
v -96.85450 -7.20150  60.04330063
v -96.85170 -28.21410  24.04299927
v -96.85050 33.70340 126.04280090
v -96.84690 -29.32240  27.05389977
v -95.89650 -28.21410  27.04299927
v -95.82000 -30.41880  27.04809952
v -95.81270 -27.10830  21.04269981
v -95.80050 -13.84270  21.08760071
v -95.79700 -22.60920  27.03100014
v -95.78180 -16.05090  21.10630035
v -95.77970 18.25410 117.06860352
v -95.77780 14.90950  84.01899719
v -95.77380 -21.57940  15.04319954
v -95.77360 1.64170  30.04299927
v -95.77350 1.64170  36.04679871
v -95.77350 6.06480  66.04319763
v -95.77350 7.17050  69.04299927
v -95.77340 -18.26270  12.04269981
v -95.77340 -9.41590  24.04299927
v -95.77340 18.22660   0.04280000
v -95.77330 -9.41570  21.04350090
v -95.77320 -16.05090  24.04319954
v -95.77260 7.17070  18.04420090
v -95.77190 11.59380  12.04619980
v -95.77110 2.74980  48.05120087
v -95.77010 -32.63730  27.03479958
v -95.76950 -18.25950  27.03809929
v -95.76950 10.49010  15.05189991
v -95.76830 23.76080 105.03780365
v -95.76720 29.29280 114.03489685
v -95.76390 31.50080 120.02839661
v -95.76330 17.11230  90.03810120
v -95.76240 -36.50730  36.04299927
v -95.76240 -29.31980  45.93659973
v -95.76240 -0.56980  19.56539917
v -95.76240 9.38210  78.95780182
v -95.76240 11.59360  80.13449860
v -95.76240 13.78280  87.04299927
v -95.76240 14.91090  93.06420135
v -95.76240 18.21710 105.04299927
v -95.76240 28.91740 111.04299927
v -95.76130 16.01810   1.74759996
v -95.76100 9.39240  72.03549957
v -95.75920 6.07220   9.04679966
v -95.75890 3.85480  72.05439758
v -95.75770 17.11350  99.04170227
v -95.75760 0.53470  66.05919647
v -95.75700 -16.05390  54.05400085
v -95.75550 -34.85260  39.05070114
v -95.75500 -1.67610  66.04910278
v -95.75460 -4.99530  63.05039978
v -95.75360 -13.84000  57.04619980
v -95.75150 -31.53150  42.04309845
v -95.75140 -29.31980  21.04299927
v -95.75140 -4.99290  60.04299927
v -95.75140 13.80520   6.04300022
v -95.73670 6.06480  45.04299927
v -95.38350 1.34540  10.51860046
v -94.95420 -12.74240  27.06679916
v -94.92470 -17.15640  27.04299927
v -94.83450 29.81790 126.41020203
v -94.81460 13.80520  90.04299927
v -94.78490 17.12250   0.04300000
v -94.77940 18.22870   3.04390001
v -94.75720 22.65130 126.04299927
v -94.70130 -28.21410  21.04299927
v -94.68180 4.95920  48.04309845
v -94.67620 17.12130  84.03600311
v -94.66790 6.06560  39.04140091
v -94.66780 -8.31020  27.04280090
v -94.66780 -2.78140  27.04310036
v -94.66770 -8.31020  21.04299927
v -94.66770 4.95900  33.04309845
v -94.66760 -21.57890  12.04249954
v -94.66760 2.74790  21.04210091
v -94.66750 2.74770  27.04240036
v -94.66690 2.74880  36.04119873
v -94.66680 16.01420   9.04850006
v -94.66490 20.44420   0.04610000
v -94.66310 4.96060  39.02619934
v -94.66180 -35.96190  27.03650093
v -94.66060 19.33750  93.02999878
v -94.66040 16.01690  90.07360077
v -94.66030 30.39580 117.03440094
v -94.65890 24.87180 108.04239655
v -94.65810 18.20660 102.04979706
v -94.65730 4.96590  24.01709938
v -94.65690 28.21320 111.04160309
v -94.65680 13.80510  81.02239990
v -94.65670 -35.96560  33.04299927
v -94.65670 -28.21410  45.07300186
v -94.65670 -7.20440  58.30020142
v -94.65670 -0.56980  63.93659973
v -94.65670 6.06480  48.73529816
v -94.65670 6.06480  54.02170181
v -94.65670 7.14480  48.04299927
v -94.65670 7.17050  73.30020142
v -94.65670 10.48790   7.07819986
v -94.65670 10.48790  15.93659973
v -94.65670 12.69940  81.97250366
v -94.65670 13.80520   4.54300022
v -94.65670 20.51800 102.04299927
v -94.65670 21.54550 103.22250366
v -94.65670 22.57310 123.04299927
v -94.65630 -14.94480  54.06269836
v -94.65590 -32.63710  39.06999969
v -94.65580 33.78340 126.04049683
v -94.65530 17.11480  86.98780060
v -94.65470 -29.32050  45.06110001
v -94.65350 1.63490  69.05059814
v -94.65340 -33.74640  36.05759811
v -94.65310 -30.43240  21.02589989
v -94.65160 20.43710 120.05960083
v -94.65150 10.49460  75.04370117
v -94.65000 19.33080 108.04869843
v -94.64920 -2.78340  63.05120087
v -94.64790 9.38000  78.04930115
v -94.64630 -11.62860  57.04389954
v -94.64560 -3.88710  60.04299927
v -94.64560 -2.78140  60.04299927
v -94.64550 10.48790  78.04290009
v -94.64550 16.01670  87.04299927
v -94.63830 5.09360   9.62310028
v -94.63310 25.96860 102.04299927
v -94.60590 23.76000 126.06020355
v -93.96990 -13.41910  10.98429966
v -93.82730 20.43980  90.04299927
v -93.63170 13.77110  11.97850037
v -93.62910 21.54550 102.04299927
v -93.57320 11.59400  72.04190063
v -93.56520 3.85030  21.03860092
v -93.56370 17.13670   9.04010010
v -93.56210 12.69940  75.04299927
v -93.56200 3.85320  51.04299927
v -93.56200 6.06370  21.04299927
v -93.56200 6.06480  33.04299927
v -93.56200 9.38280  21.04260063
v -93.56200 21.54550  -2.95700002
v -93.56200 32.60230 120.04090118
v -93.56110 4.96080  36.04159927
v -93.56100 -26.00170  15.04129982
v -93.55900 4.96690  51.04399872
v -93.55830 9.38350  69.03790283
v -93.55690 24.85960 101.97070312
v -93.55610 -33.74400  24.03089905
v -93.55460 -29.32120  18.03149986
v -93.55460 11.58580  75.04669952
v -93.55370 33.71240 120.02940369
v -93.55210 34.82330 123.03309631
v -93.55110 9.38320  24.07239914
v -93.55110 17.09990  96.04299927
v -93.55090 -24.89680  45.93659973
v -93.55090 -4.99290  58.30020142
v -93.55090 7.17050  45.41799927
v -93.55090 9.38210  73.81790161
v -93.55090 17.12250  82.77850342
v -93.55090 18.21700  99.04299927
v -93.55090 19.34520   3.04299998
v -93.55090 20.45110  84.04299927
v -93.55050 6.07440  48.06380081
v -93.54890 -27.10910  45.06110001
v -93.54830 13.79850  84.07279968
v -93.54820 3.85230  69.05950165
v -93.54780 -9.41630  54.06250000
v -93.54780 0.53570  63.05970001
v -93.54760 6.06310  72.05079651
v -93.54340 -20.47450  48.04980087
v -93.54250 2.74480  66.04579926
v -93.53970 20.43980 102.04299927
v -93.53560 18.20870 102.06359863
v -93.52630 13.80520  72.04299927
v -93.52570 22.65130  93.04299927
v -92.80160 14.92140  18.11249924
v -92.49600 14.91090  75.04299927
v -92.46900 12.67750  21.07950020
v -92.46750 8.30470  48.13399887
v -92.45870 30.39150 110.99890137
v -92.45630 21.54550  93.04299927
v -92.45630 23.75710  99.04299927
v -92.45620 6.06480  36.04299927
v -92.45620 9.38210  27.04299927
v -92.45620 9.38210  30.04299927
v -92.45610 17.12310  12.04240036
v -92.45610 25.92740 126.03730011
v -92.45600 22.65130  99.04489899
v -92.45580 9.38150  63.03860092
v -92.45520 22.65140   0.04890000
v -92.45480 13.80730  78.04190063
v -92.45360 10.49390  66.04299927
v -92.45300 32.60730 117.03970337
v -92.45080 11.59680  69.03150177
v -92.45010 10.49500  21.04630089
v -92.45000 16.01520  18.05990028
v -92.44760 -23.78900  12.02569962
v -92.44620 23.75680  -8.98419952
v -92.44510 -34.84870  30.93659973
v -92.44510 -2.78140  58.30020142
v -92.44510 8.27630  54.02170181
v -92.44510 10.48790  73.30020142
v -92.44510 11.55110  63.04299927
v -92.44510 13.79760   3.03870010
v -92.44510 14.91090  80.11990356
v -92.44510 17.12250  17.29299927
v -92.44510 20.46160  84.04180145
v -92.44510 23.74600 111.04299927
v -92.44510 27.62730 102.04299927
v -92.44470 -33.74190  33.07300186
v -92.44280 19.35850  87.04280090
v -92.44230 -24.89700  45.06069946
v -92.44230 -7.20530  54.06230164
v -92.44090 -18.26140  48.05799866
v -92.44020 21.54090 108.05110168
v -92.43960 14.90100  72.04759979
v -92.43520 22.64460 120.07689667
v -92.43510 -30.42700  39.04449844
v -92.43510 19.33300  99.04979706
v -92.43420 -11.63120  51.04449844
v -92.43410 -31.53180  36.04209900
v -92.43410 2.74750  60.04299927
v -92.43400 -0.56980  60.04290009
v -92.43300 2.74900  63.03720093
v -92.42580 21.54870  87.04609680
v -92.42110 19.33400  15.04300022
v -92.26080 33.70900 114.04299927
v -91.61860 19.33400   9.04300022
v -91.51840 37.02520 126.04270172
v -91.43850 37.02860 123.04589844
v -91.41310 18.22820  15.04300022
v -91.37710 13.81350  24.06749916
v -91.36200 21.55170   3.03719997
v -91.35870 20.44360  12.02540016
v -91.35780 25.96810 -11.96759987
v -91.35040 11.59360  27.04299927
v -91.35040 11.59360  30.04299927
v -91.35040 16.01670  78.04299927
v -91.35040 24.86290  -2.95700002
v -91.34900 -22.68360   9.04100037
v -91.34810 7.17540  51.04359818
v -91.34800 14.91420  21.04660034
v -91.34730 25.97370  -2.95190001
v -91.34700 -21.58030   9.03899956
v -91.34690 9.30780   9.03779984
v -91.34670 28.18260 108.03489685
v -91.34540 24.86920  99.04229736
v -91.34520 23.75920   0.05260000
v -91.34500 17.12590  81.03820038
v -91.34440 -26.00310  12.03590012
v -91.34360 9.38730  45.05440140
v -91.34350 22.64290 -11.96100044
v -91.33960 20.42830  87.04290009
v -91.33940 -35.96550  27.04299927
v -91.33940 11.59360   6.02799988
v -91.33940 11.59360  73.30020142
v -91.33940 12.69940  69.01260376
v -91.33940 19.33400  82.52709961
v -91.33940 19.33400  85.81569672
v -91.33940 20.43980  -5.97200012
v -91.33940 23.74600 111.04299927
v -91.33940 24.86290  94.54299927
v -91.33940 27.08560 105.04299927
v -91.33940 27.08630 102.04199982
v -91.33940 32.66830 111.04299927
v -91.33900 10.51310  63.04320145
v -91.33880 -32.63710  33.06259918
v -91.33830 -33.74700  21.02650070
v -91.33750 -6.10090  54.05680084
v -91.33740 22.63360  87.04029846
v -91.33710 -20.47480  45.06029892
v -91.33610 -33.74540  33.05569839
v -91.33290 21.53970 102.04570007
v -91.33100 21.53640   6.04139996
v -91.32950 -28.21540  39.04489899
v -91.32890 16.00130  84.06150055
v -91.32850 9.38210  72.04309845
v -91.32840 -21.57940  42.04339981
v -91.32830 -29.32030  36.04190063
v -91.32830 -28.21420  36.04100037
v -91.32830 -24.89680  42.04299927
v -91.32830 22.65130 102.04299927
v -91.32830 23.69120 120.18260193
v -91.31640 14.91150  69.04479980
v -91.31420 12.69940  63.04299927
v -91.31220 12.69860   6.00419998
v -91.17410 7.16790   9.79920006
v -90.95400 22.65130 -20.95700073
v -90.59180 22.65130  84.04299927
v -90.53430 22.65340 -23.96069908
v -90.48330 21.54550 -23.95700073
v -90.26230 24.89090 123.05000305
v -90.26160 -20.38980   8.91849995
v -90.25930 13.80520  69.04299927
v -90.25700 18.22290  78.04709625
v -90.25450 11.59280  63.03979874
v -90.24740 21.54880  15.07660007
v -90.24490 13.80490  27.04190063
v -90.24480 17.12370  75.03919983
v -90.24470 9.38190  36.04280090
v -90.24470 10.48770  36.04309845
v -90.24470 11.59360  66.04299927
v -90.24290 21.53660 -20.95599937
v -90.24200 25.97710 -17.94160080
v -90.24180 23.74990 -14.96010017
v -90.24050 25.97280 -14.96650028
v -90.24000 12.70360  33.05139923
v -90.23920 10.49320  48.05130005
v -90.23850 27.07930  -5.94799995
v -90.23810 34.81890 117.03430176
v -90.23650 30.40100 108.03749847
v -90.23630 23.77750  93.03109741
v -90.23510 28.18930 102.03269958
v -90.23500 -28.21620  12.03219986
v -90.23500 25.96900  96.02339935
v -90.23370 -24.89770  10.52869987
v -90.23360 -35.96550  24.04299927
v -90.23360 -29.31980  14.14929962
v -90.23360 -18.26210   9.61170006
v -90.23360 -16.05060  45.94290161
v -90.23360 -4.99290  52.55799866
v -90.23360 10.48780   7.52029991
v -90.23360 12.69940   9.74629974
v -90.23360 12.69940  72.74790192
v -90.23360 13.79400   9.04300022
v -90.23360 13.79410   3.04299998
v -90.23360 14.89980  75.04299927
v -90.23360 17.12250  82.58100128
v -90.23360 20.43980  82.52709961
v -90.23360 21.54550  -7.47200012
v -90.23360 23.74600 102.04299927
v -90.23360 35.92050 119.12809753
v -90.23360 39.22680 126.04299927
v -90.23320 -3.88640  54.06389999
v -90.23160 -18.26290  45.06110001
v -90.23150 -0.56870  57.05590057
v -90.22910 22.64930  99.06040192
v -90.22780 -30.42580  33.05419922
v -90.22630 14.89770  81.06030273
v -90.22620 8.27720  69.09790039
v -90.22580 -14.94470  48.04959869
v -90.22470 -31.53230  33.04629898
v -90.22270 23.75460  12.03969955
v -90.22250 24.86290 111.04299927
v -90.22240 21.54550  87.04299927
v -90.21480 21.54670   9.04650021
v -90.21420 27.06790 126.04309845
v -90.21150 6.06400  66.04360199
v -90.18770 21.56730  98.95500183
v -90.17000 25.96860 111.04299927
v -90.07770 7.15130  69.08429718
v -89.17490 28.22520  99.02200317
v -89.16010 12.69800   6.03649998
v -89.15360 13.80530  66.04229736
v -89.15280 22.65090  87.04250336
v -89.15040 10.46430   6.07009983
v -89.13980 31.50960 105.03040314
v -89.13960 12.69930  60.04290009
v -89.13900 19.33400  18.04299927
v -89.13890 16.01670  27.04299927
v -89.13890 17.12250  24.04299927
v -89.13890 18.22890  21.04249954
v -89.13830 11.59270  54.03639984
v -89.13690 14.91310  30.05039978
v -89.13490 19.33770  81.04000092
v -89.13420 29.28810 105.03199768
v -89.13380 9.38830  51.04499817
v -89.13320 17.11220  21.07239914
v -89.13220 11.59890  45.05350113
v -89.13170 37.02810 117.00779724
v -89.13140 16.00220  66.05609894
v -89.12910 -34.85560  27.06640053
v -89.12840 19.32770  84.08640289
v -89.12810 12.70970  33.04389954
v -89.12780 -26.00250  10.27530003
v -89.12780 -22.68520   7.48909998
v -89.12780 -20.47370  39.93659973
v -89.12780 15.14550  63.04299927
v -89.12780 18.22820  81.95600128
v -89.12780 21.54550  82.42449951
v -89.12780 21.54550  85.92079926
v -89.12780 24.86290  89.66799927
v -89.12780 25.97980 -14.94729996
v -89.12780 27.07440  93.47149658
v -89.12780 28.19130  -8.95699978
v -89.12780 30.40290 108.04299927
v -89.12780 39.23790 121.53530121
v -89.12780 40.33260 123.04299927
v -89.12730 24.85460 108.05899811
v -89.12720 32.62120 111.02449799
v -89.12670 -33.74510  18.02400017
v -89.12560 18.23430  24.18580055
v -89.12520 14.89190  75.04669952
v -89.12470 -28.21360  33.05989838
v -89.12320 -2.78170  54.05780029
v -89.12320 1.64250  57.05049896
v -89.12200 20.44930  18.22430038
v -89.11980 -11.62580  48.04909897
v -89.11840 8.27610  66.04630280
v -89.11760 -2.78080  51.04610062
v -89.11680 -17.15640  42.04299927
v -89.11680 6.06480  60.04299927
v -89.11680 7.17050  63.04320145
v -89.11680 19.33400  72.04299927
v -89.11510 -24.89670  36.03879929
v -88.33810 40.34670 126.04470062
v -88.18330 23.82070   9.05259991
v -88.05560 13.80520  57.04299927
v -88.03760 19.33940  24.04369926
v -88.03150 27.09640   0.06060000
v -88.03040 12.70120  48.04729843
v -88.02930 28.18720   0.04090000
v -88.02860 32.60920 108.04270172
v -88.02840 29.29280 102.04250336
v -88.02760 25.97210  93.00959778
v -88.02460 21.52400 -23.96179962
v -88.02460 27.06340 113.99330139
v -88.02330 -18.25270   9.04230022
v -88.02290 13.80010   3.03719997
v -88.02200 -31.53140  14.14929962
v -88.02200 -26.00250  33.93659973
v -88.02200 -21.57950  36.93659973
v -88.02200 -18.26210  39.93659973
v -88.02200 8.26520  60.04299927
v -88.02200 14.93670  66.04299927
v -88.02200 15.99940  63.04299927
v -88.02200 17.12250  68.25350189
v -88.02200 21.53450 -20.95700073
v -88.02200 27.09670 -20.95719910
v -88.02200 27.96840 111.04299927
v -88.02200 28.19120 126.04299927
v -88.02200 29.72150  96.04299927
v -88.02200 32.62560 111.04299927
v -88.02200 34.81480 112.78050232
v -88.02140 -32.64290  15.03419971
v -88.02120 3.85330  57.05459976
v -88.02090 -30.43300  12.03689957
v -88.01970 27.06560 120.05079651
v -88.01930 2.74780  57.05220032
v -88.01900 -30.42610  30.06019974
v -88.01800 24.85370 105.04609680
v -88.01680 -34.85910  21.03969955
v -88.01620 -14.94630  42.05519867
v -88.01610 -20.47320  39.05239868
v -88.01490 23.75040 102.04589844
v -88.01380 -9.41510  48.04880142
v -88.01370 -0.56790  54.05279922
v -88.01370 23.76080  87.00360107
v -88.01100 -1.67560  51.04299927
v -88.01100 25.96860  12.04300022
v -88.01090 11.59350  66.04350281
v -88.00020 11.59220  69.05010223
v -87.95150 19.36730  68.95999908
v -87.94010 10.48790  69.04299927
v -87.81820 24.85850  99.04660034
v -87.46920 20.43980  27.04299927
v -86.94410 22.63490  90.03530121
v -86.92870 24.85750  15.12720013
v -86.92740 14.91090  60.04299927
v -86.92650 21.54660  81.04219818
v -86.92510 22.65600  78.03320312
v -86.92500 13.80820  36.04489899
v -86.92230 39.24630 116.97730255
v -86.92030 13.80230  54.01940155
v -86.91950 24.88240 -27.00090027
v -86.91840 12.69220   3.03979993
v -86.91800 29.27620  93.06759644
v -86.91710 22.65040  18.06259918
v -86.91690 27.07740   6.06180000
v -86.91630 -21.57950   5.15180016
v -86.91630 -17.15640  40.30020142
v -86.91630 10.48790  63.07360077
v -86.91630 16.01670  56.80609894
v -86.91630 16.75390  60.04299927
v -86.91630 22.64030 -17.95689964
v -86.91630 22.65130 -24.26009941
v -86.91630 23.75710 -27.15439987
v -86.91630 27.07440  89.33799744
v -86.91630 29.29710 102.04299927
v -86.91630 31.49750 103.77850342
v -86.91630 40.35480 120.04290009
v -86.91580 24.85220 108.04499817
v -86.91490 25.94880  99.06359863
v -86.91210 -24.89620  33.05979919
v -86.91090 -13.84200  42.05059814
v -86.90930 -12.73570  42.05189896
v -86.90880 -7.20390  48.04880142
v -86.90820 18.22460  78.04509735
v -86.90740 41.44000 126.04419708
v -86.90560 9.38190  60.04330063
v -86.89870 28.16850 114.05380249
v -86.89060 18.22820  63.04299927
v -85.90090 27.07450 120.08229828
v -85.86080 17.12250  63.04299927
v -85.82940 26.08790 -23.93659973
v -85.82880 26.17760   9.05749989
v -85.82190 -23.79060   3.04299998
v -85.82170 29.28590 -35.95700073
v -85.82160 12.69940  51.04299927
v -85.82160 33.70900 -35.95700073
v -85.82100 16.01740  39.04570007
v -85.81940 28.19340   3.10680008
v -85.81900 35.92360 -38.95289993
v -85.81820 18.23490  66.04199982
v -85.81740 28.17300 -38.95930099
v -85.81700 23.74580 -14.95699978
v -85.81650 22.65820  81.04340363
v -85.81650 25.97470  87.04019928
v -85.81520 10.48200   6.03620005
v -85.81500 28.20070  93.03150177
v -85.81410 21.55490  75.03849792
v -85.81310 30.40210  -2.96009994
v -85.81280 17.11170   0.04190000
v -85.81240 20.45250  27.04560089
v -85.81220 29.29450 -17.96349907
v -85.81200 21.54800  24.06699944
v -85.81200 34.82380 108.03520203
v -85.81180 32.60800 105.02629852
v -85.81090 20.45040  30.04450035
v -85.81070 16.01780  48.07239914
v -85.81060 21.53440  69.04290009
v -85.81050 -26.00250   4.78569984
v -85.81050 -19.36790   7.26800013
v -85.81050 -14.94480  40.30020142
v -85.81050 -3.88710  46.81060028
v -85.81050 0.53590  49.98979950
v -85.81050 1.63060  51.04299927
v -85.81050 3.85330  55.30020142
v -85.81050 8.27630  58.81060028
v -85.81050 20.41740  84.04299927
v -85.81050 20.42860  78.04299927
v -85.81050 22.64030  72.04299927
v -85.81050 24.86280  82.48130035
v -85.81050 25.96860  16.28560066
v -85.81020 30.41550 -11.95610046
v -85.80990 25.95800  99.04399872
v -85.80980 25.95840 105.04180145
v -85.80960 16.06600  57.04330063
v -85.80870 28.18000 123.00180054
v -85.80830 17.11910  75.05619812
v -85.80700 -19.36630  36.06100082
v -85.80660 22.64400  87.04989624
v -85.80640 42.45840 122.93139648
v -85.80540 -21.57980  33.05799866
v -85.80500 18.22860  33.06999969
v -85.80490 19.32790  81.04309845
v -85.80470 -32.64270  18.03319931
v -85.80360 -23.79110  33.05080032
v -85.80360 -10.52430  42.05179977
v -85.80340 1.63580  54.04320145
v -85.80330 13.80340  66.07009888
v -85.79950 -29.31980  24.04420090
v -85.79930 -32.63710  21.04299927
v -85.79790 29.26890  12.04409981
v -85.79600 22.65130 -29.95700073
v -85.79370 -27.11230  30.03459930
v -85.78590 18.22820  57.04299927
v -85.68500 31.04350  96.09100342
v -85.62620 18.22820  48.04299927
v -84.76250 29.34600  89.96219635
v -84.75660 33.73780 101.99870300
v -84.74680 25.83430 -27.05699921
v -84.74610 30.40340 126.04509735
v -84.72960 -16.09300   9.05900002
v -84.72050 19.32710 -29.95709991
v -84.71620 35.92050 -41.95660019
v -84.71590 17.12250  48.04299927
v -84.71590 31.49750 102.04299927
v -84.71580 16.01590  36.04199982
v -84.71580 16.01670  51.04299927
v -84.71580 17.12250  36.04299927
v -84.71520 18.22880  39.04529953
v -84.71410 38.13620 -38.96009827
v -84.71230 21.54100 -26.94809914
v -84.71160 34.82740 105.01270294
v -84.70990 39.23640 114.03299713
v -84.70700 -24.90720   3.04279995
v -84.70580 18.25310  60.04069901
v -84.70560 18.22020  -2.96560001
v -84.70540 19.32650  -5.96229982
v -84.70540 27.08910  84.00360107
v -84.70530 -19.36540   6.03499985
v -84.70500 12.69990  63.08679962
v -84.70490 23.76640  78.03240204
v -84.70480 30.40300 -14.95699978
v -84.70470 -29.31980  11.14299965
v -84.70470 10.48790  59.00410080
v -84.70470 11.58250   3.04299998
v -84.70470 22.64020  -8.95699978
v -84.70470 22.66240  21.04299927
v -84.70470 23.48070 -29.95700073
v -84.70470 23.75710  18.93659973
v -84.70470 25.96860  82.52059937
v -84.70470 28.14760 102.04299927
v -84.70470 28.16910 114.04299927
v -84.70470 29.27490 111.04299927
v -84.70470 30.38060 123.04299927
v -84.70470 34.82590 108.04299927
v -84.70470 35.93170 111.04299927
v -84.70470 43.64990 123.04299927
v -84.70450 17.12270  72.13300323
v -84.70430 -27.11530   6.03579998
v -84.70400 -30.43470  12.03870010
v -84.70380 21.56130  75.04679871
v -84.70370 18.24330  66.04540253
v -84.70350 25.96000 108.04470062
v -84.70080 -8.31140  42.05879974
v -84.69980 1.63470  51.04619980
v -84.69980 19.33310  75.06240082
v -84.69890 7.17130  57.05099869
v -84.67960 20.43980  60.04299927
v -83.87540 17.12250  72.04299927
v -83.64930 20.44160  57.02249908
v -83.64740 28.27110   9.05080032
v -83.62300 8.28990   9.02849960
v -83.62110 22.63010 -20.99790001
v -83.62040 29.27390 111.05249786
v -83.61610 22.65460  72.03970337
v -83.61030 39.23980 -38.96300125
v -83.61010 24.86290  81.04299927
v -83.61010 38.13210 -35.95700073
v -83.61000 19.33400  36.04299927
v -83.61000 19.33400  66.04299927
v -83.61000 28.18020 -53.95700073
v -83.60990 17.12270  54.04259872
v -83.60950 34.81530 -53.95380020
v -83.60880 40.34570 -38.96179962
v -83.60870 18.22820  51.04560089
v -83.60860 30.40060  12.04829979
v -83.60640 20.44530  66.04070282
v -83.60580 35.92130 -35.95109940
v -83.60530 23.76380  75.04170227
v -83.60420 32.60860  99.03910065
v -83.60340 28.18640  87.03829956
v -83.60230 22.64030 -14.95699978
v -83.60230 30.41080 -17.96669960
v -83.60010 24.85220  87.04530334
v -83.59970 14.90970  66.06960297
v -83.59920 21.53460  -8.95720005
v -83.59910 42.57780 123.03410339
v -83.59900 -19.36790  30.93659973
v -83.59900 -18.26210   7.08549976
v -83.59900 -16.05070  36.06320190
v -83.59900 -10.52180  40.30020142
v -83.59900 -4.99290  42.93659973
v -83.59900 13.06800  66.04299927
v -83.59900 16.01670  68.97480011
v -83.59900 17.11140  -2.95700002
v -83.59900 18.22820  72.07589722
v -83.59900 20.42860  78.04299927
v -83.59900 21.53450 -11.95699978
v -83.59900 27.06330 105.04299927
v -83.59900 28.16910 -38.95700073
v -83.59900 30.40290   3.04299998
v -83.59900 30.40290  93.04299927
v -83.59900 31.51980 -11.95699978
v -83.59900 34.81480 104.11340332
v -83.59900 43.64990 126.04290009
v -83.59880 -7.20410  42.06359863
v -83.59830 20.43830 -26.93169975
v -83.59660 -18.25990  33.06919861
v -83.59580 -0.57320  48.04800034
v -83.59270 -12.73220  39.05059814
v -83.59240 -29.32210  15.05319977
v -83.59220 4.95800  54.04919815
v -83.59210 42.58520 117.00980377
v -83.59180 -21.58220  30.05080032
v -83.59130 -13.83970  39.04750061
v -83.58770 -21.57910  27.04140091
v -83.58410 29.28450 120.06259918
v -83.58290 28.15270  99.04470062
v -83.04610 21.54550 -23.95700073
v -82.86180 37.02630 111.04299927
v -82.82040 -13.45350   9.50109959
v -82.60740 31.58190  89.89880371
v -82.50780 31.52030 126.02690125
v -82.50630 21.53980  63.04959869
v -82.50440 29.28280 -44.95249939
v -82.50440 35.92140 -44.95740128
v -82.50430 18.22820  54.04299927
v -82.50430 20.43880  48.04270172
v -82.50350 20.44100  36.04479980
v -82.50340 27.07140 -50.95869827
v -82.50320 34.81370 -56.96220016
v -82.50310 20.44250  54.03889847
v -82.50310 25.97110  72.04219818
v -82.50300 31.50960 -17.96870041
v -82.50240 25.95770 -50.97800064
v -82.50090 27.07200 -41.94689941
v -82.49970 37.02480 105.01779938
v -82.49900 23.75990  33.05319977
v -82.49870 35.91960 -53.97840118
v -82.49710 27.07550  78.02770233
v -82.49660 29.27620 -35.95130157
v -82.49580 39.23670 -41.97529984
v -82.49400 32.61370  -5.95480013
v -82.49370 10.48680   4.52349997
v -82.49340 21.54660  48.07239914
v -82.49340 28.19120 -23.95689964
v -82.49320 -26.01370   6.04300022
v -82.49320 -21.57950   3.91389990
v -82.49320 11.59360  60.08580017
v -82.49320 13.80490  63.10350037
v -82.49320 20.43980 -31.53980064
v -82.49320 21.54550 -31.72330093
v -82.49320 23.05340 -29.95700073
v -82.49320 24.85160  90.04280090
v -82.49320 25.41570 -41.95700073
v -82.49320 25.96860  18.95140076
v -82.49320 25.96860  78.01290131
v -82.49320 28.59480 -56.95700073
v -82.49320 29.27490 105.04309845
v -82.49320 29.28590  15.82489967
v -82.49320 30.36960  15.04300022
v -82.49320 30.39170 -34.43439865
v -82.49320 32.61450   0.04300000
v -82.49320 37.02630 -54.33539963
v -82.49320 37.03750 -47.95690155
v -82.49260 16.01060   0.02980000
v -82.49260 18.21590 -29.96660042
v -82.49260 38.13210 -41.98630142
v -82.49190 21.54100  78.06479645
v -82.49190 21.58990  57.04280090
v -82.49060 28.17020 108.04850006
v -82.49010 23.75130  81.04799652
v -82.48800 21.53860  75.04499817
v -82.48760 3.85070  51.05039978
v -82.48670 -2.77950  45.05149841
v -82.48640 -8.31120  39.05149841
v -82.48570 -28.21900  18.04960060
v -82.48560 -11.62870  39.04759979
v -82.48490 16.01560  66.04799652
v -82.48350 -28.21560  12.04119968
v -82.48350 -20.47380  27.04500008
v -82.48250 -26.00210  21.04380035
v -82.48210 -26.00250   9.04300022
v -82.48210 4.95900  51.04299927
v -82.48210 17.12240  66.04290009
v -82.48180 6.06500  54.04270172
v -82.48170 12.69930  60.04259872
v -81.72980 39.24370 111.03399658
v -81.46540 38.13200 -56.95899963
v -81.42290 40.34340 108.04190063
v -81.42150 23.75710 -29.95700073
v -81.41240 39.24310 105.02130127
v -81.39870 42.55500 -35.95690155
v -81.39860 23.75710 -32.95690155
v -81.39850 21.54550  51.04299927
v -81.39850 22.65130  66.04299927
v -81.39850 23.75710  66.04299927
v -81.39850 23.75710  69.04299927
v -81.39850 25.96860 -29.95700073
v -81.39820 39.23790 -50.95629883
v -81.39800 28.17670 -32.95719910
v -81.39790 22.65270  36.04449844
v -81.39790 23.75780  39.04589844
v -81.39740 25.97060  75.04160309
v -81.39460 34.84240  96.02709961
v -81.39290 27.07290 -53.96910095
v -81.39280 30.39710  87.03790283
v -81.39240 31.50200  12.05550003
v -81.39200 25.96020 -53.95959854
v -81.39100 34.82280  99.03839874
v -81.39060 18.22180 -32.96659851
v -81.39020 25.97800  21.04010010
v -81.39010 23.76160  48.05920029
v -81.38960 28.16900  99.04229736
v -81.38850 -16.06480  33.03990173
v -81.38850 21.52880  -8.96300030
v -81.38740 -23.79100   2.03299999
v -81.38740 -18.26210   4.78569984
v -81.38740 1.64170  48.06790161
v -81.38740 8.27630   7.27820015
v -81.38740 9.38210  54.95790100
v -81.38740 16.01670  -0.85070002
v -81.38740 18.21720  -5.95699978
v -81.38740 21.37350 -23.95700073
v -81.38740 24.85170  84.04290009
v -81.38740 25.95760 -41.95700073
v -81.38740 27.06320  96.04290009
v -81.38740 28.16880 108.04299927
v -81.38740 28.16910 102.04299927
v -81.38740 28.18020 -38.06340027
v -81.38740 30.39170  14.16180038
v -81.38740 30.40280   9.04300022
v -81.38740 31.50850   6.04300022
v -81.38740 32.60320 -59.07590103
v -81.38740 32.60320  93.01260376
v -81.38740 34.81480 -57.85070038
v -81.38740 37.02630 104.12809753
v -81.38740 40.34360 -34.71009827
v -81.38720 -24.90710   3.04119992
v -81.38710 10.48780  57.06269836
v -81.38710 31.52110   3.03839993
v -81.38650 28.18990 -26.96839905
v -81.38590 32.63330 -14.93560028
v -81.38580 -14.97800   8.64140034
v -81.38570 -17.15310   6.00759983
v -81.38560 31.48780 111.04389954
v -81.38550 -24.90540   6.05310011
v -81.38510 30.39910  84.03070068
v -81.38450 -23.79970   9.04489994
v -81.38420 -21.57930  24.05940056
v -81.38130 -24.89940  18.04910088
v -81.38080 -22.68500  24.05130005
v -81.38080 -18.26380  27.04789925
v -81.37780 38.13800 -32.96409988
v -81.37720 31.49410 -59.95479965
v -81.37640 38.13200 -44.95679855
v -81.37640 41.44940 -56.95700073
v -81.37630 21.54550  72.04290009
v -81.36340 41.44940 105.04299927
v -81.36340 42.55520 108.04299927
v -81.03720 34.83530 -33.57540131
v -80.99640 46.97800 123.04319763
v -80.65030 21.54550  78.04299927
v -80.47620 20.34010 -23.96689987
v -80.33470 30.36610  15.17160034
v -80.31330 20.43420 -32.98130035
v -80.30390 33.73070  90.00830078
v -80.29400 31.41510 120.23259735
v -80.29320 41.44930 -50.95709991
v -80.29270 23.75710  54.04299927
v -80.29270 24.86290  36.04299927
v -80.29270 24.86290  63.04290009
v -80.29270 27.07430 -35.95700073
v -80.29270 27.07440 -29.95700073
v -80.29270 44.76670 -59.95690155
v -80.29260 27.07430  66.04679871
v -80.29230 42.56510 -59.97100067
v -80.28880 25.97460  69.04460144
v -80.28830 24.86430  45.03300095
v -80.28730 22.65760  51.04729843
v -80.28530 27.08460  62.99300003
v -80.28490 43.66140 114.02989960
v -80.28380 27.08300  42.03509903
v -80.28310 18.22570 -32.98339844
v -80.28280 20.42950  -8.95820045
v -80.28240 25.97970  33.04510117
v -80.28240 29.29610  78.04170227
v -80.28230 17.11230 -29.95540047
v -80.28210 45.50850 126.04319763
v -80.28170 -22.68520   1.78569996
v -80.28170 -9.41600  34.81060028
v -80.28170 -0.56980  45.07680130
v -80.28170 6.06480  50.01169968
v -80.28170 12.69940  58.30020142
v -80.28170 24.85290  81.04509735
v -80.28170 25.97970  27.04299927
v -80.28170 29.27490 105.04299927
v -80.28170 31.48640 114.04299927
v -80.28170 32.38210  84.04299927
v -80.28170 32.57810   3.04299998
v -80.28170 32.59220 111.04299927
v -80.28170 32.60320 121.56559753
v -80.28170 33.70900 -32.06850052
v -80.28170 33.74250 -11.95699978
v -80.28170 34.83830  99.04299927
v -80.28170 38.13210 -32.38700104
v -80.28170 40.34360 104.95200348
v -80.28170 45.87250 123.15409851
v -80.28170 47.72320 123.04299927
v -80.28160 10.46940   3.04870009
v -80.28150 -2.78390  42.05910110
v -80.28120 -12.74690   9.04290009
v -80.28120 27.08430  45.07649994
v -80.28090 28.17700 -56.96950150
v -80.28070 29.29730 -23.95159912
v -80.28050 41.45140 -41.97539902
v -80.27870 -19.36720  24.06110001
v -80.27870 33.71910  -2.92179990
v -80.27730 -20.47070   2.24729991
v -80.27660 -17.16190  30.05209923
v -80.27630 27.06900  87.04769897
v -80.27550 18.22320  66.04769897
v -80.27550 27.06810  93.04889679
v -80.27510 34.80820 126.04309845
v -80.27480 23.75180  75.04440308
v -80.27460 19.32910  69.04989624
v -80.27310 -6.09680  39.04859924
v -80.27310 23.75720  78.05570221
v -80.27060 19.33400  66.04299927
v -80.27060 39.23790 -44.95700073
v -80.25760 38.13210  96.04299927
v -80.24500 41.42140 104.28730011
v -80.23600 24.81200 -47.96220016
v -79.79660 4.72860   9.04749966
v -79.72880 41.44940 111.04299927
v -79.54400 17.12400 -35.97949982
v -79.26430 35.92050  99.04299927
v -79.20040 29.28590  72.03630066
v -79.19690 38.13520  99.04329681
v -79.19420 28.18550  45.05780029
v -79.19040 29.28590  45.04299927
v -79.18770 29.28590  42.04299927
v -79.18710 35.92050  96.04299927
v -79.18700 16.01420 -35.95460129
v -79.18700 27.07490  60.04359818
v -79.18690 23.75710 -35.95709991
v -79.18660 25.96890 -35.95589828
v -79.18660 30.39220 -29.95669937
v -79.18650 45.87370 -59.95660019
v -79.18570 -23.79140   0.04100000
v -79.18490 -6.10850  36.07880020
v -79.18210 24.85680 -38.95650101
v -79.18090 28.22510  75.05159760
v -79.17960 17.10470 -29.93729973
v -79.17940 34.81850  93.03019714
v -79.17840 44.77620 -38.95809937
v -79.17830 28.18780  57.05319977
v -79.17800 17.11140 -32.95550156
v -79.17780 14.89900   0.04270000
v -79.17730 -20.47810   2.15580010
v -79.17700 28.18760  54.03290176
v -79.17690 30.38080 108.04720306
v -79.17640 43.66230 -53.93299866
v -79.17630 31.50850  84.04250336
v -79.17620 24.84030  75.04620361
v -79.17620 31.50860   9.04259968
v -79.17590 -21.57950  18.95140076
v -79.17590 -17.15640   4.77850008
v -79.17590 17.12250  -4.47200012
v -79.17590 17.12250  63.06420135
v -79.17590 20.10470 -23.95700073
v -79.17590 25.97970  27.04299927
v -79.17590 29.27490  93.04299927
v -79.17590 30.40280  81.04299927
v -79.17590 32.60320   1.56060004
v -79.17590 32.61430  87.04299927
v -79.17590 32.63580 123.04299927
v -79.17590 40.34360 -33.81919861
v -79.17590 42.56630 -50.95700073
v -79.17590 43.66090 126.75309753
v -79.17590 45.87250 116.14289856
v -79.17590 46.97820 123.78489685
v -79.17580 8.26880  51.05179977
v -79.17580 29.29050  66.06140137
v -79.17540 -24.90810   3.04150009
v -79.17540 30.38060  99.04309845
v -79.17500 32.61470 -14.94629955
v -79.17490 10.48220  54.05360031
v -79.17480 27.06920 -56.96810150
v -79.17450 32.61230 -17.97270012
v -79.17430 30.40660 -20.99710083
v -79.17410 41.62800 127.30229950
v -79.17400 43.67460 108.09410095
v -79.17380 31.51460  15.05270004
v -79.17370 40.33050 -44.96289825
v -79.17300 -4.99610  39.05220032
v -79.17250 -23.78780   6.06400013
v -79.17130 28.17560  90.05290222
v -79.17060 31.49660 -61.52040100
v -79.16810 -12.73290  33.04949951
v -79.16620 -16.05070  27.04500008
v -79.16600 -10.52130  33.04489899
v -79.16490 37.02300 -62.95700073
v -79.16480 -14.94480  27.04299927
v -79.16360 43.65230 105.03759766
v -78.90590 -10.74590   9.54829979
v -78.62300 33.70900   0.04300000
v -78.23390 39.23770 -62.95629883
v -78.20590 38.13210  93.04299927
v -78.17340 28.20180  69.05239868
v -78.12540 27.07440  69.04299927
v -78.11940 24.85460  51.05910110
v -78.09210 41.46790 102.07270050
v -78.09070 43.66740 111.04160309
v -78.08910 37.04060  90.03620148
v -78.08330 15.98090 -29.94269943
v -78.08130 22.65140 -38.95700073
v -78.08130 30.39170  57.04299927
v -78.08130 30.39210  66.04350281
v -78.08120 25.96860  51.04299927
v -78.08120 28.18010  30.04290009
v -78.08120 28.18020  36.04299927
v -78.08120 31.49750 -26.95669937
v -78.08100 32.60350 -29.95660019
v -78.08050 27.07660  36.04489899
v -78.07980 49.19190 117.04100037
v -78.07960 29.28520  60.05619812
v -78.07950 30.39410  54.03749847
v -78.07930 48.08480 117.03440094
v -78.07920 31.49980  63.03979874
v -78.07800 23.75640 -41.97190094
v -78.07760 48.08600 120.05999756
v -78.07490 33.70780 -63.02750015
v -78.07310 13.79590   0.04200000
v -78.07260 30.38380 -59.96340179
v -78.07260 45.88350 126.04319763
v -78.07180 42.56450 -47.95370102
v -78.07170 43.68440 -41.95629883
v -78.07130 -22.67560   0.04120000
v -78.07120 19.32410 -11.95660019
v -78.07080 17.11520  -5.96220016
v -78.07080 19.33400 -35.97539902
v -78.07070 -18.25190   3.04250002
v -78.07070 44.82170 -35.95249939
v -78.07040 28.19120  21.04290009
v -78.07020 29.27460  87.02100372
v -78.07010 -21.59050   9.04300022
v -78.07010 -19.36790  18.93659973
v -78.07010 -0.55940  45.04190063
v -78.07010 1.64170  46.32339859
v -78.07010 20.39510  -8.95699978
v -78.07010 21.53450  66.04299927
v -78.07010 22.64030  72.04299927
v -78.07010 25.95760 -53.95709991
v -78.07010 29.27490  96.04309845
v -78.07010 31.49750  71.98359680
v -78.07010 31.49750 108.07299805
v -78.07010 32.57810  15.04300022
v -78.07010 32.87130   6.04300022
v -78.07010 33.48780   3.04299998
v -78.07010 33.69000 120.07389832
v -78.07010 33.69780 117.04299927
v -78.07010 48.09500 -59.95700073
v -78.06940 25.96070  78.04879761
v -78.06920 30.40230  18.04520035
v -78.06780 -14.93880   6.02500010
v -78.06630 37.01740 126.04329681
v -78.06580 32.63060  12.10700035
v -78.06470 33.72400 -14.96440029
v -78.06380 -21.58290  18.05139923
v -78.06380 -8.31020  33.05329895
v -78.06380 13.80720  57.05170059
v -78.05940 -9.41530  33.04359818
v -78.04910 35.97430  93.05719757
v -78.04610 39.23790  90.04299927
v -77.05680 -11.58110   9.04220009
v -77.03970 16.01060  57.77099991
v -77.00510 35.01830  -3.03049994
v -76.99890 31.49750 -23.95700073
v -76.99870 46.97890 108.04519653
v -76.98670 33.70900  87.04299927
v -76.98250 44.77600 111.04650116
v -76.97770 31.49750  81.04299927
v -76.97620 45.90730 -53.99250031
v -76.97580 30.39170  75.04299927
v -76.97560 32.60320  69.04299927
v -76.97550 32.60310  60.04299927
v -76.97540 29.28590 -59.95700073
v -76.97540 32.60320  81.04299927
v -76.97520 34.81520 -29.95660019
v -76.97500 29.28730  36.05120087
v -76.97490 33.71970  77.93800354
v -76.97440 29.28830  51.04180145
v -76.97360 42.55320 -62.96110153
v -76.97230 30.39180  33.02220154
v -76.97170 31.49790  54.02819824
v -76.97090 27.06780 -62.96139908
v -76.97040 34.82030 -26.94960022
v -76.97030 27.06610 -59.96419907
v -76.96940 41.46680 -44.95569992
v -76.96910 30.39690  60.05630112
v -76.96900 -12.73370  27.07699966
v -76.96860 13.82110 -35.96179962
v -76.96760 43.68370 -50.95370102
v -76.96700 33.71700  72.03359985
v -76.96690 33.72270 119.97850037
v -76.96630 13.79400   0.04160000
v -76.96510 -23.78950  -2.97589993
v -76.96450 8.26620   3.03990006
v -76.96450 19.32290  -8.95720005
v -76.96440 2.68110   9.04300022
v -76.96440 3.85320  46.56470108
v -76.96440 4.95900   7.27820015
v -76.96440 16.00560 -32.95700073
v -76.96440 18.23310  60.10419846
v -76.96440 21.53450  66.04299927
v -76.96440 24.85180 -44.95700073
v -76.96440 27.06330  81.04299927
v -76.96440 28.19120  27.04299927
v -76.96440 30.38060  93.04299927
v -76.96440 31.48630 108.04290009
v -76.96440 31.48640  99.04299927
v -76.96440 32.59220 111.04299927
v -76.96440 32.61440   9.04300022
v -76.96440 34.82580 -11.95699978
v -76.96440 38.13210  89.92169952
v -76.96440 41.43830  96.04299927
v -76.96440 43.66090 -32.98619843
v -76.96440 45.88360 -38.95700073
v -76.96440 48.31350 108.04299927
v -76.96410 19.32860  63.05270004
v -76.96310 -2.78220  39.06430054
v -76.96260 -20.48220  15.05340004
v -76.96230 -24.89820  -2.98690009
v -76.96180 19.03090 -23.96459961
v -76.96080 22.64060  69.04840088
v -76.96000 -7.20260  33.05519867
v -76.95930 32.61950 -23.93420029
v -76.95340 40.34250  90.04139709
v -76.95330 38.13210  69.04299927
v -76.94390 50.29550 108.04299927
v -76.94270 37.02630  72.04299927
v -76.94250 -12.73100   6.04640007
v -76.94080 38.13210  84.04299927
v -76.94080 41.44940  93.04299927
v -76.93920 35.92050  69.04299927
v -76.08810 49.18980 108.04299927
v -76.03550 35.92050  72.04299927
v -75.95480 40.34360  93.04299927
v -75.91440 30.39330  51.04439926
v -75.88360 34.87860  -5.86929989
v -75.88120 32.61780  33.02249908
v -75.88120 38.13240  87.04239655
v -75.88110 34.81320  69.03880310
v -75.88090 38.13210  60.04299927
v -75.87700 35.91480  60.05339813
v -75.87520 48.10180 -59.94240189
v -75.87350 1.60180  45.00590134
v -75.87150 31.49420 -65.95349884
v -75.87000 29.28820  90.10009766
v -75.87000 35.92050  57.04309845
v -75.86960 31.49750  36.04299927
v -75.86960 32.60320  51.04299927
v -75.86960 33.70900  69.04299927
v -75.86940 37.02660 -29.95649910
v -75.86900 33.70890  54.04240036
v -75.86830 52.50870 117.04560089
v -75.86730 35.92360 -29.95420074
v -75.86660 14.90600 -29.95910072
v -75.86640 21.54830 -41.96630096
v -75.86200 33.71650 -23.95420074
v -75.86080 41.45930  99.04209900
v -75.85940 44.76840 -62.96360016
v -75.85920 16.00940  -5.96220016
v -75.85890 25.96710  75.06169891
v -75.85870 33.72710 -14.93840027
v -75.85860 -22.67420   0.04300000
v -75.85860 -20.47370   1.14240003
v -75.85860 -17.15640  18.93659973
v -75.85860 -16.05060   4.08179998
v -75.85860 -3.88710  36.06420135
v -75.85860 7.16490  48.04919815
v -75.85860 10.48790  51.05540085
v -75.85860 17.12250 -38.96770096
v -75.85860 23.74600 -44.95700073
v -75.85860 27.97910  78.04299927
v -75.85860 29.29700  21.04299927
v -75.85860 29.29700  24.04299927
v -75.85860 30.38060  96.04299927
v -75.85860 30.39170  32.14929962
v -75.85860 33.72020   6.04300022
v -75.85860 33.73130   3.04299998
v -75.85860 40.34360  87.07299805
v -75.85860 42.53160  93.04299927
v -75.85860 43.66090 128.11830139
v -75.85860 44.49550 -47.95700073
v -75.85860 44.76670 104.05690002
v -75.85860 45.59600 -41.95700073
v -75.85860 50.29550 107.21479797
v -75.85860 50.29550 117.94940186
v -75.85850 18.21730 -11.95629978
v -75.85830 48.09300 123.04820251
v -75.85800 2.74780  45.03139877
v -75.85780 -14.95130  24.04910088
v -75.85770 13.80520  54.06150055
v -75.85750 42.56040 -32.92689896
v -75.85740 29.27580  87.04540253
v -75.85730 -20.48380  12.04539967
v -75.85660 34.79360 120.03939819
v -75.85500 45.89770 126.06369781
v -75.85460 28.19380 -65.97109985
v -75.85330 -11.63010  27.05080032
v -75.85160 -10.52420  27.05190086
v -75.85060 39.23680 126.04589844
v -75.84730 -2.78140  36.04280090
v -75.83350 38.13210  78.04299927
v -75.83300 38.13240  81.04109955
v -75.49980 47.00540 111.06759644
v -75.49000 40.34360  69.04299927
v -75.34460 43.66080 129.04449463
v -75.02100 -11.60860   5.83970022
v -74.82280 -8.32510   9.06690025
v -74.77520 39.23790  87.04299927
v -74.77090 0.52140   9.01690006
v -74.76890 -24.89710  -8.95020008
v -74.76420 33.70880  51.04359818
v -74.76420 35.92070  39.04759979
v -74.76400 37.02630  75.04299927
v -74.76390 35.92050  54.04299927
v -74.76390 35.92050  75.04299927
v -74.76390 37.02630  81.04299927
v -74.76330 54.71850 117.04509735
v -74.76180 33.71060  36.03279877
v -74.76160 39.24090 -29.95549965
v -74.76150 35.93370  81.04709625
v -74.76150 37.02710 -65.96009827
v -74.76080 35.92080 -65.96510315
v -74.76000 50.29210 120.07019806
v -74.75960 45.87290 102.03489685
v -74.75820 6.06360   3.03959990
v -74.75780 11.58540   0.04160000
v -74.75530 39.24520  60.03519821
v -74.75470 2.74780  45.02870178
v -74.75460 43.67100 -44.95679855
v -74.75440 39.24330  63.05849838
v -74.75340 44.81150 -41.95719910
v -74.75320 -16.05280  21.06130028
v -74.75320 34.82580 -14.95629978
v -74.75310 24.85170  69.04340363
v -74.75290 -7.20440  30.06259918
v -74.75280 -24.90790   0.04300000
v -74.75280 -22.68520  -6.23159981
v -74.75280 -21.65320  -5.95699978
v -74.75280 4.95900   4.52799988
v -74.75280 4.95900  46.34329987
v -74.75280 13.80520  54.05799866
v -74.75280 13.82920 -29.95700073
v -74.75280 14.91090 -28.94960022
v -74.75280 17.12250  -7.47200012
v -74.75280 17.12250  57.93659973
v -74.75280 27.06330  75.04299927
v -74.75280 27.06330  78.04299927
v -74.75280 34.80370 111.04299927
v -74.75280 34.81480 -66.87850189
v -74.75280 35.90950  -5.95699978
v -74.75280 40.34360 -64.72899628
v -74.75280 40.47770  84.04299927
v -74.75280 41.48140  99.04299927
v -74.75280 42.54410  90.04299927
v -74.75280 42.55520 127.54299927
v -74.75280 42.57600 129.04299927
v -74.75280 44.76670 101.98000336
v -74.75280 45.87250 -38.00740051
v -74.75280 46.95370 -38.95700073
v -74.75280 49.20090 -59.95759964
v -74.75270 23.74610  66.04309845
v -74.75240 44.76790 -62.96450043
v -74.75180 23.74850  72.04450226
v -74.75170 46.97570 126.01719666
v -74.75160 13.43660 -35.95669937
v -74.75150 -4.99190  33.06240082
v -74.75150 10.48320  51.07160187
v -74.75110 28.17160  84.04949951
v -74.75040 39.24480  72.10260010
v -74.75030 -19.37140  12.06159973
v -74.74340 -0.58000  39.15340042
v -74.74020 17.98780 -23.98460007
v -74.73890 34.58550 117.04740143
v -74.72820 41.44940  81.04299927
v -74.47640 45.87250 126.04299927
v -74.40850 -5.25290   9.07079983
v -74.38420 42.55520  87.04299927
v -74.13360 44.76670 126.04299927
v -74.03240 -9.39720   5.87069988
v -74.01360 42.55360  81.04450226
v -73.85120 35.98410  66.10379791
v -73.69950 53.62810 108.07199860
v -73.68960 43.66090  90.04299927
v -73.68810 52.49710 105.09439850
v -73.68650 40.38660 -30.04430008
v -73.68060 -0.57040   9.04300022
v -73.66940 41.44940  87.04299927
v -73.66940 58.03600 117.04309845
v -73.66110 34.81300 -68.95500183
v -73.65920 44.76670  48.04299927
v -73.65830 44.76650  81.04250336
v -73.65820 38.13200  39.04290009
v -73.65820 43.66090  99.04299927
v -73.65810 55.82480 117.04530334
v -73.65690 38.13580  66.04319763
v -73.65680 42.55560  51.04729843
v -73.65680 44.76520  51.04619980
v -73.65650 38.13150  54.06529999
v -73.65620 41.45080  45.03689957
v -73.65540 39.24230 -65.95909882
v -73.65320 25.96150 -65.95700073
v -73.65270 48.08450 102.03260040
v -73.65260 25.96770 -62.93119812
v -73.65230 -17.16100   1.92439997
v -73.65220 29.28540 -68.96309662
v -73.65200 40.34420  80.99490356
v -73.65100 35.92040  36.02730179
v -73.65060 30.39930  27.03930092
v -73.64950 -20.46680   0.04090000
v -73.64910 19.32850 -41.96200180
v -73.64900 13.70870 -35.95660019
v -73.64860 -23.79900   6.04890013
v -73.64840 -26.01240  -8.95829964
v -73.64830 -22.67420  -5.95839977
v -73.64830 12.69430  -2.96609998
v -73.64780 32.58110  93.04489899
v -73.64760 25.95780 -50.95539856
v -73.64750 17.11160 -23.95709991
v -73.64750 46.88920 -50.95579910
v -73.64730 35.93130 -11.95479965
v -73.64720 33.71040  33.01959991
v -73.64710 48.07400 -53.96020126
v -73.64700 -26.01370  -2.95679998
v -73.64700 -6.09870   7.59849977
v -73.64700 14.83720 -29.95700073
v -73.64700 14.89980 -32.95700073
v -73.64700 14.91090  52.98979950
v -73.64700 17.11140  -8.95699978
v -73.64700 23.74600 -44.95700073
v -73.64700 30.40280  24.04299927
v -73.64700 34.80370 111.04299927
v -73.64700 34.81480   0.35870001
v -73.64700 34.82580 -23.95700073
v -73.64700 37.02630 -26.04859924
v -73.64700 41.46040  69.04299927
v -73.64700 42.55520 -64.85759735
v -73.64700 46.95370 -47.95700073
v -73.64700 46.97820 102.02169800
v -73.64700 49.18980 104.11340332
v -73.64680 45.20220 129.04350281
v -73.64660 33.69810  99.04100037
v -73.64640 29.28090  84.05619812
v -73.64640 33.73130   6.04409981
v -73.64540 40.34530 123.06150055
v -73.64530 -20.47880   9.05749989
v -73.64430 39.23850 123.05539703
v -73.64360 45.02170 -35.87879944
v -73.63780 51.39680 111.04399872
v -73.56110 31.43510  87.07759857
v -73.27850 45.87250  87.04299927
v -72.75140 60.26450 117.04239655
v -72.72250 39.27400  54.08409882
v -72.69760 39.23790  66.04299927
v -72.67300 53.65980 111.05780029
v -72.61530 -0.57500   5.96379995
v -72.59780 13.79650 -29.91379929
v -72.57850 52.50540 120.05970001
v -72.57480 44.76670  90.04299927
v -72.56560 -2.77350   9.03250027
v -72.56360 43.66090  87.04299927
v -72.56300 38.13530 -68.97409821
v -72.55760 45.00960 -44.94779968
v -72.55500 35.94140 -15.00129986
v -72.55240 43.66100  72.04280090
v -72.55240 45.87250  81.04309845
v -72.55240 45.87250  99.04299927
v -72.55230 17.10240 -38.96630096
v -72.55230 41.44940  66.04299927
v -72.55230 44.76670  57.04299927
v -72.55220 43.66100  45.04249954
v -72.55210 44.76700  63.04270172
v -72.55200 55.82830 108.05130005
v -72.55190 35.92020 -23.95770073
v -72.55090 40.34470  42.03990173
v -72.54800 35.89610 114.09700012
v -72.54790 43.66030  51.06470108
v -72.54750 39.23790  39.02349854
v -72.54620 2.74660   3.03679991
v -72.54520 3.85360   3.03590012
v -72.54450 10.47780   0.04180000
v -72.54300 43.65020 -32.96440125
v -72.54270 25.95880 -56.96139908
v -72.54240 46.98340  51.06809998
v -72.54200 -8.30990   6.01119995
v -72.54160 -16.05370  18.06119919
v -72.54150 34.80500 108.04560089
v -72.54140 24.85300  69.04499817
v -72.54130 -25.97950   3.04299998
v -72.54130 -11.62750   3.05559993
v -72.54130 -3.88710   8.09329987
v -72.54130 10.48790  49.30739975
v -72.54130 12.07500 -35.95700073
v -72.54130 13.80520  -4.47200012
v -72.54130 24.88800 -62.95700073
v -72.54130 25.95760 -53.95700073
v -72.54130 25.96860  72.07299805
v -72.54130 38.14320  36.04299927
v -72.54130 41.44940  44.14929962
v -72.54130 44.76670  47.14929962
v -72.54130 45.85600 -35.95700073
v -72.54130 46.99700 -62.95149994
v -72.54110 36.14400   0.04150000
v -72.54100 -4.99310  30.06259918
v -72.54040 -10.52150  24.05470085
v -72.54030 42.55630 123.05750275
v -72.53970 1.63800  39.28799820
v -72.53940 -7.20970  27.05060005
v -72.53890 47.53420  81.02790070
v -72.53840 -11.62930  24.05109978
v -72.53810 -24.89690 -11.97649956
v -72.53610 45.89940 -47.91590118
v -72.53150 38.13000 120.08640289
v -72.53010 0.53590  36.04299927
v -72.09210 44.76670 129.04299927
v -71.89990 40.34360  75.04299927
v -71.79290 46.97820  99.04299927
v -71.72030 48.21360  99.02349854
v -71.60490 42.55180  54.04069901
v -71.57500 54.06400 120.12390137
v -71.57360 -12.64380   2.28990006
v -71.54610 1.64170  39.04299927
v -71.48880 8.25690  46.61280060
v -71.47670 42.52720  65.99739838
v -71.47300 44.77090  66.04399872
v -71.46510 37.02250 -14.93330002
v -71.44850 32.62670   9.07600021
v -71.44730 59.14210 108.04560089
v -71.44680 48.08400  87.04299927
v -71.44660 43.66090  75.04299927
v -71.44660 45.87250  54.04299927
v -71.44660 46.97820  69.04299927
v -71.44660 46.97840  72.04219818
v -71.44660 48.08400  54.04299927
v -71.44660 50.29180  63.05130005
v -71.44660 50.29580  57.04370117
v -71.44650 45.87230  63.04550171
v -71.44570 56.93340 111.04170227
v -71.44540 53.61360  60.04619980
v -71.44520 53.61440  57.03839874
v -71.44340 54.71860 102.03579712
v -71.44260 48.08680  45.03369904
v -71.44250 41.64860 -29.95599937
v -71.43960 22.64460 -44.96260071
v -71.43940 14.90420 -11.94569969
v -71.43930 17.00950  -8.98289967
v -71.43910 -24.91540   0.02930000
v -71.43830 -19.36550  -2.97729993
v -71.43830 14.90110 -20.95529938
v -71.43770 0.53530   3.03259993
v -71.43720 25.94760 -62.95320129
v -71.43680 16.00440 -23.95999908
v -71.43630 18.21790  60.04800034
v -71.43590 37.03700  -2.95819998
v -71.43570 -1.68260  33.06529999
v -71.43560 13.79400 -32.95679855
v -71.43560 27.06310  78.04380035
v -71.43560 27.06330 -68.95700073
v -71.43550 -19.36790   9.93659973
v -71.43550 -9.41600   4.26289988
v -71.43550 -4.99290  27.93659973
v -71.43550 12.69940  -3.94919991
v -71.43550 13.68140 -29.95719910
v -71.43550 13.80520 -37.12369919
v -71.43550 17.67540 -41.95700073
v -71.43550 19.33400 -42.41289902
v -71.43550 25.95760  69.04299927
v -71.43550 27.06330 -59.95700073
v -71.43550 31.48640  87.04299927
v -71.43550 31.49750  28.52799988
v -71.43550 33.69780 102.04290009
v -71.43550 35.90940 111.04299927
v -71.43550 35.92050 -70.47969818
v -71.43550 35.92050 114.75559998
v -71.43550 40.34360 121.28559875
v -71.43550 42.55520 -32.81589890
v -71.43550 44.76670 -35.23970032
v -71.43550 45.87250 -63.84820175
v -71.43550 45.88360 -41.95700073
v -71.43550 48.08400 -56.08089828
v -71.43550 48.08400 123.05169678
v -71.43510 20.43250  63.04779816
v -71.43490 24.85160 -50.95769882
v -71.43420 16.00670  54.04499817
v -71.43350 49.20420 -59.95539856
v -71.43310 -12.73850  21.05069923
v -71.43140 43.66140 123.05130005
v -71.43040 29.29460  21.04280090
v -71.42430 2.74750  36.04299927
v -71.41340 -0.57050  33.04449844
v -71.41180 37.02680 114.04489899
v -71.38000 -22.68230  -7.47219992
v -71.37070 41.44160 -66.70320129
v -70.88260 23.75710 -56.95700073
v -70.72010 -17.19110   0.07020000
v -70.69830 -1.67560  33.04299927
v -70.65370 44.76670  75.04299927
v -70.58920 51.41600  99.03089905
v -70.56430 49.18980  96.04299927
v -70.42980 -1.67900   2.96079993
v -70.36970 45.87250  66.04299927
v -70.35840 50.27300  66.05919647
v -70.35370 39.24620 117.64839935
v -70.34480 6.04970  44.13880157
v -70.34090 48.07870 -62.96780014
v -70.34090 50.29550  81.04299927
v -70.34090 53.61290  72.04299927
v -70.34090 53.61290  75.04299927
v -70.34080 49.18980  51.04299927
v -70.34080 49.18980  78.04299927
v -70.34080 62.45910 108.04350281
v -70.34040 51.40180  90.04579926
v -70.34040 56.93050  63.04420090
v -70.33870 39.23880 -20.95669937
v -70.33800 7.16520   0.04220000
v -70.33800 46.97940  42.03919983
v -70.33740 49.19130  45.02790070
v -70.33620 37.02880 -71.96060181
v -70.33620 54.72030  57.02650070
v -70.33500 21.54010 -47.96580124
v -70.33480 -24.92700   3.05139995
v -70.33470 24.85380 -59.95510101
v -70.33340 -23.78420 -14.96490002
v -70.33310 46.40710 -44.95299911
v -70.33290 41.44910  39.02560043
v -70.33280 -26.00900 -14.96549988
v -70.33270 12.68920 -32.95780182
v -70.33270 29.28390 -71.96279907
v -70.33240 41.45850 -26.95339966
v -70.33070 25.95830  72.04479980
v -70.33050 65.78760 108.04100037
v -70.33030 23.75620  66.05650330
v -70.32980 -21.57950   7.30019999
v -70.32970 -21.57950  -7.24100018
v -70.32970 12.69940 -29.29039955
v -70.32970 13.83030 -17.95700073
v -70.32970 16.01670  51.93659973
v -70.32970 17.11130 -38.95700073
v -70.32970 17.14600 -41.95700073
v -70.32970 21.54550  63.05799866
v -70.32970 23.94140 -65.95700073
v -70.32970 25.96860 -66.90879822
v -70.32970 32.61430  12.04300022
v -70.32970 35.91080 108.04570007
v -70.32970 38.13210 -70.73709869
v -70.32970 45.87250 121.81060028
v -70.32970 45.96860 -50.95700073
v -70.32970 46.97820 -52.18030167
v -70.32970 52.50710 120.60510254
v -70.32950 19.33120  60.06079865
v -70.32940 -8.31020  24.05500031
v -70.32930 -2.78030  30.06979942
v -70.32920 30.38840  84.05940247
v -70.32920 30.39400  18.06159973
v -70.32910 33.72400  30.04380035
v -70.32890 48.08670  75.05229950
v -70.32880 55.82380 102.00610352
v -70.32850 32.59330  93.04599762
v -70.32830 38.13450  36.03049850
v -70.32750 -9.41860  24.05209923
v -70.32680 1.64160  33.05899811
v -70.32590 37.02320 111.08619690
v -70.32470 -23.77870  -8.95800018
v -70.32310 4.91690  36.02439880
v -70.32210 11.59310  48.04869843
v -70.31890 6.06560  36.04320145
v -70.31790 14.91120  -8.95730019
v -70.31640 37.06460   0.01960000
v -70.31420 -18.25580  -5.95139980
v -70.31090 9.38130  45.05479813
v -70.30460 67.98790 108.04299927
v -70.21740 46.96290 -47.86349869
v -69.90690 59.14090 111.04270172
v -69.54790 53.61290  99.04299927
v -69.50410 49.18980  75.04000092
v -69.48090 52.50710  96.04299927
v -69.37800 55.88430  99.01660156
v -69.36790 52.51650  69.09010315
v -69.31990 11.61430  -6.20930004
v -69.31330 -22.68520 -11.95699978
v -69.29250 66.86080  75.05989838
v -69.26990 51.44500  50.99300003
v -69.26620 42.61750  38.08710098
v -69.26290 51.39810  66.02149963
v -69.24860 8.27630  45.04299927
v -69.24360 47.02120 -50.95629883
v -69.24260 64.66990  72.03269958
v -69.23900 9.37960  -2.95449996
v -69.23850 69.09360 105.04299927
v -69.23840 -3.89140   3.04169989
v -69.23820 60.24140  63.03440094
v -69.23790 63.56270  90.03859711
v -69.23600 24.86830  66.10520172
v -69.23540 61.35320  90.04299927
v -69.23540 63.56480  84.04299927
v -69.23520 52.50710  87.04299927
v -69.23520 59.14170  78.04299927
v -69.23520 66.88210 108.04309845
v -69.23520 70.19940  78.04299927
v -69.23510 64.67100  66.04260254
v -69.23500 6.06480  42.04299927
v -69.23500 54.71820  90.04199982
v -69.23500 54.71860  54.04299927
v -69.23500 55.82440  78.04299927
v -69.23500 56.93020  72.04299927
v -69.23350 49.19080  42.04090118
v -69.23330 6.06150   0.03940000
v -69.23310 63.56620  63.03649902
v -69.23280 53.61220  48.02209854
v -69.23250 58.03730  57.03630066
v -69.23130 -24.89650 -17.96279907
v -69.23040 51.40290  45.02590179
v -69.22770 40.35180 -17.95229912
v -69.22640 40.34620  36.03530121
v -69.22610 43.51850 -66.76380157
v -69.22520 41.44980 -68.96649933
v -69.22470 11.41560 -35.95759964
v -69.22470 25.96910 -68.97820282
v -69.22460 45.88230 -38.95420074
v -69.22430 27.06380  75.04450226
v -69.22400 -27.11950 -11.95699978
v -69.22400 -26.01360  -8.95699978
v -69.22400 -24.89680   3.65739989
v -69.22400 -14.95590  -2.95700002
v -69.22400 -12.73330   1.10609996
v -69.22400 -7.20450  24.05540085
v -69.22400 0.53590   0.72770000
v -69.22400 14.89980 -14.95699978
v -69.22400 20.42870 -44.95700073
v -69.22400 22.64020 -50.95700073
v -69.22400 23.74600 -53.95700073
v -69.22400 34.81480 102.95140076
v -69.22400 40.35470 -23.95700073
v -69.22400 44.76670  40.52790070
v -69.22400 55.82440  56.10260010
v -69.22400 56.93020 118.85859680
v -69.22400 64.34120 117.04299927
v -69.22390 12.16330 -29.95719910
v -69.22390 12.70000  45.93690109
v -69.22380 -17.16510  15.04730034
v -69.22380 -0.56960  30.06419945
v -69.22380 42.56560 -29.95579910
v -69.22370 14.88850 -20.96030045
v -69.22350 33.72000   6.04239988
v -69.22310 13.80490  48.06190109
v -69.22260 36.05980 -72.56040192
v -69.22220 37.04670 114.03849792
v -69.22160 -10.52710  21.05060005
v -69.22140 62.45780 114.00759888
v -69.22130 37.01810 108.04609680
v -69.22090 -17.16280  -5.94700003
v -69.22090 -14.94640  18.05220032
v -69.21830 -3.88610  27.05389977
v -69.21790 31.50250  15.04990005
v -69.21790 50.28030 -56.95119858
v -69.21770 29.29070  27.03739929
v -69.21710 30.39890  27.04120064
v -69.21660 27.08030  21.04240036
v -69.21470 54.72440 120.04889679
v -69.21290 -14.94480   0.04290000
v -69.21290 7.17050  36.04299927
v -69.21260 -20.47570 -14.96609974
v -69.21070 -2.78540   0.04650000
v -69.20650 71.30490 108.03949738
v -69.20160 8.27630  42.04299927
v -69.20130 3.85270  33.04359818
v -69.20090 18.15280 -41.95750046
v -69.10990 13.83190  -8.93879986
v -68.53150 55.82440  96.04299927
v -68.50860 9.35810  -5.93839979
v -68.36710 0.55340  -0.08260000
v -68.33930 70.19950 108.04429626
v -68.31930 52.50710  81.04299927
v -68.27460 58.03590  99.04299927
v -68.26340 -21.57950  -8.95699978
v -68.26340 61.35210  99.04460144
v -68.21160 -22.69220 -18.01420021
v -68.18870 53.63320  87.09449768
v -68.18640 12.67990 -11.74390030
v -68.16410 13.79180 -17.96459961
v -68.16180 55.82890  90.16590118
v -68.16010 45.92710 -65.88210297
v -68.14220 73.53620  75.04409790
v -68.13810 41.59400 -69.75299835
v -68.13610 12.68850 -36.58639908
v -68.13430 22.67820 -62.92369843
v -68.13270 60.25870  81.03489685
v -68.13130 70.20140  72.04669952
v -68.12950 71.30690  81.02110291
v -68.12940 64.67050  87.04299927
v -68.12940 64.67050  96.04299927
v -68.12930 7.17050  42.04299927
v -68.12930 55.82440  51.04299927
v -68.12930 58.03530  84.04160309
v -68.12930 58.03590  75.04299927
v -68.12930 58.03590  81.04290009
v -68.12930 65.77630  69.04299927
v -68.12930 70.19940 102.04329681
v -68.12920 72.41100  84.04319763
v -68.12910 60.25200  93.05870056
v -68.12890 64.67080  81.04019928
v -68.12760 56.93140  54.03990173
v -68.12590 55.82910  48.03749847
v -68.12580 51.40530  42.04130173
v -68.12370 39.24320 -14.95209980
v -68.12260 66.89070  66.04000092
v -68.12160 -27.11660 -14.96910000
v -68.12150 32.58880  96.04350281
v -68.12080 6.06660  -2.97510004
v -68.12020 14.88890 -23.95359993
v -68.12010 -26.01000 -17.96159935
v -68.11990 42.56420 -26.95339966
v -68.11880 20.43650  60.06079865
v -68.11870 37.03010  33.03590012
v -68.11850 23.74500 -59.96030045
v -68.11840 -27.11910  -5.95660019
v -68.11840 39.24860  -5.95599985
v -68.11830 22.64020 -56.95690155
v -68.11820 -24.89680 -18.64940071
v -68.11820 -16.05060  -4.68380022
v -68.11820 -14.94480  -2.92700005
v -68.11820 -12.73330  18.05540085
v -68.11820 -7.20450   1.24049997
v -68.11820 2.74750  32.95470047
v -68.11820 11.59360 -32.92509842
v -68.11820 11.59360  43.55799866
v -68.11820 12.53180  -8.95699978
v -68.11820 14.91090 -35.31069946
v -68.11820 22.64020 -53.95700073
v -68.11820 22.64030 -50.95700073
v -68.11820 22.65130  63.05799866
v -68.11820 23.75710 -64.52850342
v -68.11820 31.49750  84.93659973
v -68.11820 39.23790 116.14929962
v -68.11820 44.77780 -38.95700073
v -68.11820 48.06000 -47.95700073
v -68.11820 53.61290  47.14929962
v -68.11820 63.56480  62.13449860
v -68.11820 64.53230 117.04299927
v -68.11810 -16.05090  15.06260014
v -68.11800 27.06630 -71.96150208
v -68.11790 33.72020  30.04310036
v -68.11780 -19.73610 -20.95840073
v -68.11770 27.06490  72.04689789
v -68.11770 72.41400 101.98519897
v -68.11710 61.35330 112.79239655
v -68.11690 47.04740 -53.94990158
v -68.11620 13.79970  48.05189896
v -68.11580 16.01210  51.05220032
v -68.11270 28.18560  24.03389931
v -68.11130 9.38460  36.05519867
v -68.10970 28.18470  18.04649925
v -68.10950 -9.41630   0.04660000
v -68.10860 29.28720   9.04150009
v -68.10830 -20.47220 -23.95680046
v -68.10820 -0.57850  27.04500008
v -68.10710 -19.36790 -14.95699978
v -68.10710 23.75710  12.04300022
v -68.10710 25.96860  12.04300022
v -68.10710 29.28590  12.04259968
v -68.10710 30.39200  12.04389954
v -68.10310 4.96900  33.07400131
v -68.09930 -24.91060   0.00220000
v -68.09610 3.85300  30.04380035
v -68.09560 -18.26210 -17.95700073
v -68.09360 75.72820  75.04299927
v -68.09350 -18.26300 -23.95829964
v -68.06790 9.38210  42.04299927
v -67.89700 -13.83910  -2.95700002
v -67.89570 62.45590 117.04270172
v -67.36420 56.88480 118.08180237
v -67.35960 58.03590  87.03970337
v -67.33860 65.78800  99.08280182
v -67.22470 -19.36790 -11.95699978
v -67.21350 63.56480  99.04299927
v -67.15070 -19.36790 -17.95700073
v -67.08660 -8.32550   0.03760000
v -67.05710 55.82440  87.04299927
v -67.04930 74.62280  75.02390289
v -67.03370 -5.00120  -0.01220000
v -67.02470 73.51250  84.06400299
v -67.02360 72.41070  87.04270172
v -67.02360 73.51650  99.03610229
v -67.02350 65.77630  87.04299927
v -67.02350 75.72820  84.04299927
v -67.02100 67.99110  69.04129791
v -67.02040 -24.93830   3.05010009
v -67.01920 73.61060 108.04170227
v -67.01690 71.30520  72.02819824
v -67.01580 1.64100  29.99230003
v -67.01460 -28.22210 -14.96479988
v -67.01430 64.67150  60.02539825
v -67.01250 11.58260 -35.95729828
v -67.01250 17.10040 -38.95740128
v -67.01250 18.21590  54.04159927
v -67.01250 25.95770 -68.95829773
v -67.01250 29.27490  75.04350281
v -67.01250 29.27490  78.04399872
v -67.01240 -28.22520  -8.95699978
v -67.01240 -9.41600  -1.52849996
v -67.01240 11.59360  43.54299927
v -67.01240 12.14650  45.04299927
v -67.01240 14.91090 -20.27960014
v -67.01240 24.86290 -67.01219940
v -67.01240 27.07440  69.93659973
v -67.01240 29.28590 -73.90390015
v -67.01240 32.59220  90.04299927
v -67.01240 32.60320   3.95140004
v -67.01240 33.69780  96.04280090
v -67.01240 35.92050   1.30019999
v -67.01240 37.02630  34.09609985
v -67.01240 40.35470 -11.95699978
v -67.01240 50.29550 -60.56840134
v -67.01240 52.50710 118.81490326
v -67.01240 61.34230 111.04290009
v -67.01240 62.45900  59.14929962
v -67.01230 40.35260  36.04140091
v -67.01220 39.22650 108.04119873
v -67.01210 19.32410 -44.95920181
v -67.01190 23.77760 -65.95700073
v -67.01160 12.68640 -14.90159988
v -67.01150 10.47720 -32.95489883
v -67.01080 32.59360  87.04560089
v -67.01030 -19.37210   9.05399990
v -67.00990 34.79030 102.04579926
v -67.00970 13.79940 -23.92200089
v -67.00950 42.56650 -29.95849991
v -67.00940 47.01010 -47.94829941
v -67.00920 -12.73480  18.05200005
v -67.00610 7.17980  -5.95270014
v -67.00560 -2.78290  24.05290031
v -67.00510 7.17560  33.05659866
v -67.00500 31.49900   6.04769993
v -67.00380 38.20200 -72.62899780
v -67.00360 21.55360   9.02410030
v -67.00350 12.70830 -17.96870041
v -67.00160 -4.99320  24.04299927
v -67.00140 -17.15640 -11.95699978
v -67.00140 21.54650  21.04299927
v -67.00140 27.07440  27.04299927
v -67.00130 14.91090   9.04300022
v -67.00130 18.22810  21.04290009
v -67.00130 24.86290  15.04300022
v -67.00070 24.86130  21.03730011
v -66.99140 -11.62670  -2.95449996
v -66.98670 18.22820   9.04300022
v -66.38550 -17.15640  -8.95699978
v -66.08540 59.14170  54.04299927
v -66.00280 -12.73330  -2.95700002
v -65.96780 -15.97570 -17.90150070
v -65.96380 -13.83030  -6.06549978
v -65.94590 -16.00850 -23.98369980
v -65.94440 43.69380 -68.90540314
v -65.94410 35.91310  33.02479935
v -65.93120 53.57800  42.02069855
v -65.92960 17.12250   9.04300022
v -65.92810 -7.20340  -2.95930004
v -65.92790 1.64170  27.04299927
v -65.92200 74.62280  87.04840088
v -65.91950 60.24410  54.04710007
v -65.91880 9.38210 -35.95700073
v -65.91820 -22.98110 -23.97109985
v -65.91780 40.34350 114.04299927
v -65.91770 58.03590  51.04299927
v -65.91770 60.24750 117.04299927
v -65.91760 76.83410  96.04299927
v -65.91670 60.24900  51.04169846
v -65.91570 -2.78060  -2.96009994
v -65.91560 63.56650  57.04090118
v -65.91440 58.03750  48.03499985
v -65.91360 74.62450  72.03440094
v -65.91360 74.62590 105.05840302
v -65.91270 -13.83330 -23.96089935
v -65.91220 67.99330  63.03419876
v -65.90920 19.33380  54.07730103
v -65.90880 50.84870 -59.93640137
v -65.90850 20.44120  57.07310104
v -65.90830 43.67060 -26.95369911
v -65.90800 21.53740 -53.96350098
v -65.90780 45.87480  39.03839874
v -65.90770 44.76040 117.06600189
v -65.90740 -27.11500 -17.96470070
v -65.90720 37.01460 105.04299927
v -65.90700 -22.68960   6.05030012
v -65.90680 12.68820 -23.95709991
v -65.90670 -25.99150   3.04299998
v -65.90670 -24.90780   0.04300000
v -65.90670 -14.94480  -8.89820004
v -65.90670 -10.52180  18.05540085
v -65.90670 9.38210  31.55800056
v -65.90670 10.48790 -11.97200012
v -65.90670 14.91090 -37.48699951
v -65.90670 16.00370 -20.95700073
v -65.90670 18.22830 -42.85070038
v -65.90670 23.75710 -69.71109772
v -65.90670 25.95760  66.04299927
v -65.90670 33.69790  87.04299927
v -65.90670 33.69790  93.04299927
v -65.90670 41.46040 -23.95700073
v -65.90670 44.77780 -38.95700073
v -65.90670 44.77780 -35.95700073
v -65.90670 60.30270 114.04299927
v -65.90650 24.86390  24.01320076
v -65.90640 34.80370  99.04360199
v -65.90590 41.45960 -14.95390034
v -65.90580 22.64450  63.04940033
v -65.90530 39.22860 108.04519653
v -65.90370 45.88060 -44.95289993
v -65.90330 30.39190  30.03510094
v -65.90320 11.58500 -32.94219971
v -65.90260 -7.20420  21.05179977
v -65.90190 11.58760  36.04759979
v -65.90130 39.24150  36.04019928
v -65.90000 31.49730  30.03860092
v -65.89890 24.86830  27.04240036
v -65.89840 42.54990 114.04509735
v -65.89780 20.44120  27.04030037
v -65.89680 6.06410  21.03619957
v -65.89620 3.85090  24.03540039
v -65.89590 23.75740   6.04390001
v -65.89550 45.87230 117.04340363
v -65.89220 12.60500 -29.82670021
v -65.89100 76.88040  74.98709869
v -65.88960 17.11550  21.05319977
v -65.88920 29.29000   3.04670000
v -65.88320 -24.92680 -20.95459938
v -65.87600 -1.70530  21.00970078
v -65.87330 6.06390  27.04350090
v -65.84070 23.75710   3.04299998
v -65.09130 77.93980  90.04299927
v -65.06690 35.14240 -75.04219818
v -64.89260 6.05090  -6.24179983
v -64.84160 40.22950 -71.25099945
v -64.83840 -16.05060  -8.95699978
v -64.82140 12.69650   9.04139996
v -64.81230 19.33410  18.04339981
v -64.81200 27.07440 -74.95700073
v -64.81200 65.77630  57.04299927
v -64.81200 69.09360  66.04299927
v -64.81200 79.04140  84.03240204
v -64.81150 79.04660  96.03929901
v -64.80960 -29.32130 -11.97140026
v -64.80890 28.17960 -74.96009827
v -64.80890 66.51050 109.47470093
v -64.80620 42.55940 -17.95030022
v -64.80560 18.21910  18.03540039
v -64.80400 76.83650  99.06179810
v -64.80380 56.92890  45.02389908
v -64.80370 16.00910 -38.96239853
v -64.80290 9.37200  -8.95590019
v -64.80240 24.85850 -71.96839905
v -64.80220 -29.31950  -8.92700005
v -64.80220 9.37250 -11.95890045
v -64.80220 18.22130 -44.96590042
v -64.80180 46.97460 117.05210114
v -64.80150 12.71650 -17.95540047
v -64.80140 50.28520 -56.95759964
v -64.80120 -12.73630  15.05570030
v -64.80100 11.58270 -26.95739937
v -64.80100 43.67210 -32.95719910
v -64.80090 -15.99490 -17.95680046
v -64.80090 -14.89020  -8.95699978
v -64.80090 -11.62750  -6.54759979
v -64.80090 -9.41600  -5.49189997
v -64.80090 -8.31020  19.30019951
v -64.80090 -3.88710  19.55800056
v -64.80090 -1.67560  -4.22679996
v -64.80090 10.48780 -32.92699814
v -64.80090 19.88690  57.04299927
v -64.80090 20.80840 -56.95700073
v -64.80090 23.74600 -59.95700073
v -64.80090 23.75440  63.05559921
v -64.80090 29.27490  75.04299927
v -64.80090 34.80360  96.04290009
v -64.80090 42.56620 -23.95700073
v -64.80070 27.07380  69.06340027
v -64.80070 39.24900  -5.96220016
v -64.80060 27.07430  30.02910042
v -64.80050 -14.95190  12.05189991
v -64.80030 21.54220  60.05960083
v -64.80000 37.03590   0.04480000
v -64.79940 17.12010  48.06900024
v -64.79930 -10.52310  18.05299950
v -64.79810 29.28570  30.03380013
v -64.79790 44.76530 116.97190094
v -64.79770 -27.13050  -2.97440004
v -64.79620 14.91240   6.05649996
v -64.79570 10.49890   9.04199982
v -64.79570 46.98540 -47.95069885
v -64.79410 34.81400   0.04920000
v -64.79320 16.01860  12.03390026
v -64.79290 13.80210  27.03549957
v -64.79260 19.33350  27.03689957
v -64.79210 19.33530  12.03870010
v -64.79100 10.48690  33.04629898
v -64.79050 30.39180   0.04710000
v -64.79030 9.38190  30.04680061
v -64.78970 13.80520  36.04299927
v -64.78910 10.48750  24.04490089
v -64.78760 7.16280  27.10350037
v -64.77990 -21.68140   5.96640015
v -64.77850 10.48790  27.04299927
v -64.77850 30.39170  -8.95699978
v -64.77670 46.94630 -53.95769882
v -64.77520 12.69940  39.04299927
v -64.76170 19.34470   2.97300005
v -64.73860 55.86110 116.98310089
v -64.72940 16.01510  18.03949928
v -64.68390 22.66490 -62.95009995
v -64.21000 -12.66790  -8.91790009
v -64.06370 12.69940  36.04299927
v -63.75230 3.86020  -5.92929983
v -63.75080 61.18600 110.97470093
v -63.72030 10.48790  30.04299927
v -63.71920 17.12250  18.04299927
v -63.71640 9.38210  27.04299927
v -63.71340 -23.82100   3.04640007
v -63.70800 62.46370  54.02339935
v -63.70630 80.15130  99.04299927
v -63.70570 30.37180  -5.93459988
v -63.70540 7.16560   9.04329967
v -63.70530 -12.73290 -11.95849991
v -63.70090 40.36220 -71.94940186
v -63.70050 70.20490  63.03440094
v -63.69750 43.67010 -26.95089912
v -63.69720 43.66610 -20.96999931
v -63.69640 -13.83210 -17.94179916
v -63.69630 19.33050 -50.97290039
v -63.69590 63.56520  54.02539825
v -63.69570 19.33270  51.07020187
v -63.69570 76.83380 102.06800079
v -63.69560 61.35660  51.02339935
v -63.69550 13.66370 -20.95509911
v -63.69540 76.83420  72.02300262
v -63.69530 14.90000 -38.95719910
v -63.69520 34.80350  96.04299927
v -63.69520 55.83540  42.04299927
v -63.69520 59.14290 114.05670166
v -63.69510 -29.31980 -13.45699978
v -63.69510 -14.94480 -24.97380066
v -63.69510 8.26490 -32.95700073
v -63.69510 9.37090  -8.95699978
v -63.69510 10.76430 -23.95700073
v -63.69510 11.58260 -29.95700073
v -63.69510 13.77850 -17.95700073
v -63.69510 13.98950 -41.95700073
v -63.69510 16.01670  29.02289963
v -63.69510 20.43980 -51.85070038
v -63.69510 21.53450 -53.95700073
v -63.69510 21.54550  57.07300186
v -63.69510 27.06330  66.04299927
v -63.69510 28.16910  72.04299927
v -63.69510 31.47510  -8.95699978
v -63.69510 33.69790  87.04299927
v -63.69510 33.69790  90.04299927
v -63.69510 39.23790  -8.98229980
v -63.69510 46.97820 -54.83200073
v -63.69510 46.97820 116.97319794
v -63.69510 74.62250 106.56559753
v -63.69490 39.23800 105.06340027
v -63.69480 -18.26200   9.05360031
v -63.69470 41.44830 108.06770325
v -63.69460 23.73480 -68.95770264
v -63.69440 23.74990  63.04909897
v -63.69430 12.69680 -14.98810005
v -63.69430 37.01990 102.05339813
v -63.69420 73.52710 108.04350281
v -63.69400 -13.82520 -23.96010017
v -63.69350 21.53990 -56.98120117
v -63.69270 20.43230  54.04949951
v -63.69090 -25.06700   0.03280000
v -63.69080 33.70920  33.03490067
v -63.69080 74.62590  69.03260040
v -63.68830 29.28980   0.04680000
v -63.68790 20.44080  30.03549957
v -63.68740 17.12010  45.05329895
v -63.68700 14.91380  12.03779984
v -63.68660 37.02700  36.04069901
v -63.68630 43.65550 111.04139709
v -63.68620 18.23180   3.03839993
v -63.68450 31.49840  -2.95630002
v -63.68450 35.92060   0.04380000
v -63.68410 34.81480  -8.95699978
v -63.68410 43.66090 -44.95700073
v -63.68400 14.91090  15.04279995
v -63.68400 45.87250 -50.95500183
v -63.68340 43.66590 -53.95970154
v -63.68190 16.01740  42.04430008
v -63.67740 9.37840  15.01650047
v -63.67590 23.75800   0.05700000
v -63.67440 -14.94580 -14.94659996
v -63.67280 23.75710  -2.95700002
v -63.66940 45.87250 -14.95699978
v -63.66130 27.06560  -8.95020008
v -63.64020 2.74730   9.04349995
v -63.63140 12.70690   3.05069995
v -63.61700 21.54550  -8.95689964
v -63.58450 23.75710  -8.95699978
v -62.87480 43.03910  38.01399994
v -62.61380 44.76600 -14.95650005
v -62.61060 16.01670  30.04299927
v -62.60990 16.02330  39.05009842
v -62.60820 24.86220  -8.95769978
v -62.60260 7.17100  -8.93739986
v -62.60050 -12.73330 -14.95699978
v -62.59900 8.27510 -11.96100044
v -62.59770 44.77180 -23.95700073
v -62.59670 65.77310  54.03369904
v -62.59470 45.87900 -17.96960068
v -62.59460 71.31000  66.03820038
v -62.59190 80.15970  75.03849792
v -62.59130 67.98980  57.02619934
v -62.59050 -17.15560 -26.96299934
v -62.59050 15.46360 -44.95700073
v -62.59030 17.11430 -47.96210098
v -62.59010 30.38860  78.06079865
v -62.59000 10.48330 -23.93090057
v -62.58950 27.07420 -76.47180176
v -62.58940 -30.40620 -11.95699978
v -62.58940 -13.83910  12.95790005
v -62.58940 -12.28670 -23.95700073
v -62.58940 -8.31020  16.55800056
v -62.58940 -3.88710  -7.21430016
v -62.58940 20.99270  57.04299927
v -62.58940 22.64030 -59.95700073
v -62.58940 23.75710  60.93659973
v -62.58940 24.86030  63.05559921
v -62.58940 27.06330  66.04299927
v -62.58940 30.39170 -10.45699978
v -62.58940 31.49750  -8.98649979
v -62.58940 32.60330 -76.60559845
v -62.58940 34.80370  90.04299927
v -62.58940 35.90950  93.04299927
v -62.58940 42.55520 -13.87880039
v -62.58940 42.55520 109.30020142
v -62.58940 43.67200 -29.95700073
v -62.58940 44.77780 -26.95700073
v -62.58940 49.17590 -56.97869873
v -62.58930 22.64070 -65.95780182
v -62.58930 32.59210  81.04290009
v -62.58900 -10.52180  15.05700016
v -62.58790 59.15250  45.04240036
v -62.58710 43.66950 -35.96319962
v -62.58630 -6.09710  15.06239986
v -62.58550 -12.73640  15.05130005
v -62.58550 22.66400   0.06380000
v -62.58540 58.03700 114.05030060
v -62.58480 72.44070 108.06379700
v -62.58440 17.12090  33.01219940
v -62.58340 37.02990 -38.94589996
v -62.58160 48.08320 -62.98360062
v -62.57960 41.45080 -38.95980072
v -62.57890 1.64310   9.04380035
v -62.57850 20.43980   0.04590000
v -62.57830 8.27630  12.04300022
v -62.57830 19.33400  39.04299927
v -62.57830 19.33400  48.04299927
v -62.57830 35.92060  -8.95680046
v -62.57830 41.44940 -53.95700073
v -62.57830 41.44940 -44.95700073
v -62.57830 42.55520 -53.95700073
v -62.57830 43.66090 -32.95700073
v -62.57820 10.48790   3.04299998
v -62.57820 18.22820  42.04299927
v -62.57820 35.92050  -2.95700002
v -62.57820 42.55520 -47.95700073
v -62.57670 17.12260  39.03900146
v -62.57620 2.74510  12.03540039
v -62.56580 22.65020  -2.95499992
v -62.56430 50.69570 -59.96300125
v -62.54740 20.42140  -5.97639990
v -62.42440 11.61120   3.17479992
v -62.10280 22.65130 -11.95699978
v -62.03650 18.22820  48.04299927
v -61.66230 6.06480  -8.95699978
v -61.62180 20.43980  -8.95699978
v -61.58340 -10.55810  -8.97599983
v -61.52030 -8.31650  -8.95580006
v -61.50590 -10.52180 -23.95700073
v -61.49710 23.75870 -11.95750046
v -61.49540 -13.83910 -26.95700073
v -61.49520 7.16840 -32.95600128
v -61.49160 6.06330 -11.96889973
v -61.49110 -0.57100   9.03699970
v -61.49020 40.35090 -11.98589993
v -61.48900 72.41620  63.03359985
v -61.48610 56.94190  42.04349899
v -61.48590 79.04860 102.04920197
v -61.48580 9.37340 -29.95680046
v -61.48530 22.63920  57.05910110
v -61.48450 20.43030 -56.97029877
v -61.48440 81.26750  81.03970337
v -61.48420 13.80020 -38.96689987
v -61.48410 -4.98860  -8.96640015
v -61.48390 40.34010 105.06089783
v -61.48360 -30.40160  -8.95699978
v -61.48360 -29.31980  -8.00629997
v -61.48360 -17.15620 -26.96409988
v -61.48360 -1.67560  -6.97709990
v -61.48360 6.06480   4.13950014
v -61.48360 19.88690  36.04299927
v -61.48360 21.53430  54.04299927
v -61.48360 22.65130  34.52030182
v -61.48360 25.96860  32.42599869
v -61.48360 30.39170 -77.97820282
v -61.48360 42.55520 -13.94060040
v -61.48360 43.67200 -68.95700073
v -61.48360 48.08400 111.95780182
v -61.48360 70.21040  60.04299927
v -61.48360 76.83400 103.55359650
v -61.48360 81.26830  78.04299927
v -61.48350 -17.15770   9.05340004
v -61.48340 35.92280 -74.96240234
v -61.48340 61.35440 111.03230286
v -61.48330 19.32260 -50.95679855
v -61.48310 28.16910  72.03780365
v -61.48300 28.16620  66.08740234
v -61.48290 45.92210 -14.95670033
v -61.48250 45.87240 111.06150055
v -61.48190 79.04930  72.02549744
v -61.48170 32.60050  36.02949905
v -61.48170 76.84050  69.03440094
v -61.48120 12.69920   0.06370000
v -61.48070 22.65400 -14.91650009
v -61.48050 7.38700 -23.95630074
v -61.47990 3.85400   6.05350018
v -61.47860 37.02000 -35.98089981
v -61.47650 -7.20470  15.05000019
v -61.47550 47.01740  38.98669815
v -61.47470 34.81570  36.04119873
v -61.47410 48.08950 -59.95069885
v -61.47290 35.92130 -38.96540070
v -61.47250 6.06480 -23.95700073
v -61.47250 31.49750 -35.95700073
v -61.47250 35.92050 -44.95700073
v -61.47250 37.02630 -50.95700073
v -61.47250 39.23790 -53.95700073
v -61.47240 -2.78140   9.04300022
v -61.47240 9.44040 -14.98270035
v -61.47240 19.33400  -2.95700002
v -61.47240 39.23790 -41.95700073
v -61.47240 42.55520 -35.95700073
v -61.47230 17.12260   0.04270000
v -61.47230 31.49810 -23.96389961
v -61.47230 40.34350 -50.95700073
v -61.47210 40.34360 -47.95700073
v -61.47070 27.07020 -35.96110153
v -61.46980 42.55070 -29.96349907
v -61.46130 10.48810 -20.96109962
v -61.45790 71.30520  57.04299927
v -61.45180 34.82790 -11.97140026
v -61.44730 -29.42030 -12.11979961
v -61.41850 25.96860 -29.95700073
v -61.41250 31.54050 -30.06609917
v -61.35110 24.80530  33.03549957
v -61.35090 17.12250  -8.95699978
v -61.33620 33.70760 -14.96409988
v -61.32720 38.13210 -23.95700073
v -61.31770 35.92050 -14.95699978
v -61.30300 23.75830 -35.96419907
v -61.27140 33.70900 -23.95700073
v -61.22670 37.02630 -29.95700073
v -61.20650 63.58890 109.76650238
v -61.14850 1.64170 -11.95699978
v -61.13650 59.13170 110.89420319
v -60.95670 38.13760 -14.97350025
v -60.94750 37.02630 -23.95700073
v -60.64690 38.12810  38.09510040
v -60.47340 -7.17310 -12.34060001
v -60.43760 73.64750  65.98079681
v -60.42720 -5.00080 -26.80820084
v -60.42240 9.38560 -20.95249939
v -60.41130 3.85320  -8.95699978
v -60.40320 -9.41600 -14.95699978
v -60.40090 -4.99290 -20.95700073
v -60.40080 83.48390  87.06950378
v -60.39990 37.02630 -17.95700073
v -60.39600 9.39030   1.53989995
v -60.39560 75.72480 103.61280060
v -60.39510 19.36210 -59.87810135
v -60.39010 -27.10620 -18.01799965
v -60.38900 -8.31020 -26.95700073
v -60.38900 -7.20450 -23.95700073
v -60.38900 69.09360  54.04299927
v -60.38690 40.35320 -14.95769978
v -60.38630 0.53020  -8.95629978
v -60.38600 -9.41640 -20.94720078
v -60.38490 23.73940  41.99739838
v -60.38480 -3.88490  -8.95950031
v -60.38410 39.19430 -26.98460007
v -60.38360 18.23820  -9.01049995
v -60.38120 4.94860 -23.95770073
v -60.38100 20.45910 -14.92269993
v -60.38090 25.96480 -77.96839905
v -60.37960 -12.73330 -26.97369957
v -60.37830 9.37910 -35.96469879
v -60.37820 7.16940 -15.01270008
v -60.37810 22.62910 -68.95649719
v -60.37800 -21.58620   6.04720020
v -60.37800 62.45920  48.02289963
v -60.37790 13.80470 -42.01509857
v -60.37780 -23.79100 -22.57349968
v -60.37780 -20.47370 -25.30349922
v -60.37780 -8.31020 -14.88560009
v -60.37780 3.85320   3.93659997
v -60.37780 11.59360  -2.92670012
v -60.37780 16.01670 -45.91450119
v -60.37780 20.99270  39.04299927
v -60.37780 21.47060 -62.95700073
v -60.37780 21.53450  51.04299927
v -60.37780 21.54550 -65.35700226
v -60.37780 21.57130  57.04299927
v -60.37780 25.96860  63.05799866
v -60.37780 29.28590 -38.00529861
v -60.37780 31.49740  78.07289886
v -60.37780 34.80370  87.04299927
v -60.37780 34.80370  90.04299927
v -60.37780 46.95250 -14.95699978
v -60.37780 66.88210  52.78570175
v -60.37780 71.30520  56.35060120
v -60.37780 72.38520  57.04299927
v -60.37780 73.51670 105.08080292
v -60.37780 76.83400  68.02960205
v -60.37770 23.75640  60.06370163
v -60.37770 83.49120  99.04290009
v -60.37760 40.35370 -71.95790100
v -60.37750 81.26720  75.03639984
v -60.37340 30.39670 -26.97430038
v -60.37290 12.67930 -38.93999863
v -60.37220 16.02420  -2.94610000
v -60.37140 43.66570 -26.96459961
v -60.37050 -28.22240 -14.98190022
v -60.37000 46.98190 -62.96849823
v -60.36960 46.98050 -59.94990158
v -60.36930 18.23090 -35.95750046
v -60.36820 2.74900   6.04400015
v -60.36740 24.86620 -14.95160007
v -60.36690 -3.88630   9.04290009
v -60.36680 23.75710 -38.95700073
v -60.36680 35.92050 -53.95700073
v -60.36680 44.76670 -59.95679855
v -60.36670 13.80520  -5.95699978
v -60.36670 25.96860 -32.95700073
v -60.36670 32.60320 -20.95700073
v -60.36670 37.02630 -53.95700073
v -60.36670 38.13210 -32.95700073
v -60.36670 41.44930 -56.95700073
v -60.36670 41.44940 -32.95700073
v -60.36670 41.44940 -20.95700073
v -60.36670 45.87250 -65.95700073
v -60.36650 19.33690 -11.95979977
v -60.36650 44.78060 -23.96850014
v -60.36540 46.13790 -21.00180054
v -60.36440 34.81350 -41.96260071
v -60.36330 32.59840 -44.95719910
v -60.36120 3.85520 -14.94649982
v -60.36010 32.61450 -14.93290043
v -60.35610 -1.67560 -29.95700073
v -60.35430 3.85320 -20.95700073
v -60.35330 -1.67560 -17.95700073
v -60.34260 29.29680 -18.02790070
v -60.34240 23.74910 -32.87409973
v -60.33830 20.43740 -20.89559937
v -60.32200 39.23790 -17.95700073
v -60.31380 26.02130 -26.91900063
v -60.31250 21.57170 -35.87779999
v -60.30010 29.28750 -14.95810032
v -60.26740 22.62050  36.10319901
v -60.20050 22.64490 -17.92219925
v -60.14640 12.69940  -8.95699978
v -60.08740 39.23790 -20.95700073
v -60.02040 16.01670  -8.95699978
v -59.82490 27.07440 -14.95699978
v -59.61850 -3.88800 -29.95669937
v -59.50150 -0.56980 -20.95700073
v -59.33750 -0.56970 -17.95590019
v -59.32790 -2.78140 -26.95700073
v -59.32790 -2.78140  -8.95699978
v -59.32590 4.95870 -20.95520020
v -59.31650 -0.56960 -29.95700073
v -59.30740 74.81480  65.96939850
v -59.29780 2.74750 -14.95699978
v -59.29720 25.96860  36.04299927
v -59.29610 41.44940 -14.95699978
v -59.29530 0.53620 -14.95680046
v -59.29510 42.55520 -23.95700073
v -59.29470 -2.78030 -17.95599937
v -59.29440 -0.56980 -11.95699978
v -59.29420 28.18020 -14.95699978
v -59.28550 -11.62950 -29.95109940
v -59.28340 7.17050 -20.95590019
v -59.28310 14.91090  -2.95700002
v -59.28310 42.65780 -18.07620049
v -59.28270 2.74640 -29.95809937
v -59.28070 28.18760 -80.95749664
v -59.28040 4.95480 -32.95679855
v -59.27670 -23.80620   3.05460000
v -59.27610 70.20360  54.03770065
v -59.27410 28.16890  66.04290009
v -59.27370 8.26880 -35.95959854
v -59.27370 82.37210  75.04039764
v -59.27350 34.83450 -47.93569946
v -59.27330 27.07480  38.97710037
v -59.27320 -28.21350 -17.98430061
v -59.27310 -20.47650   6.05060005
v -59.27300 39.23510 102.06130219
v -59.27210 84.58550  93.04340363
v -59.27200 -16.05060   9.05360031
v -59.27200 -13.83910  10.30020046
v -59.27200 -3.88710 -17.39949989
v -59.27200 10.48790 -37.20629883
v -59.27200 10.48790  -1.45700002
v -59.27200 13.80520 -41.97800064
v -59.27200 17.39890 -47.95700073
v -59.27200 18.23930 -53.95700073
v -59.27200 20.16330 -62.95700073
v -59.27200 21.55660 -68.95700073
v -59.27200 22.61780  54.04299927
v -59.27200 22.64020 -65.95700073
v -59.27200 23.20420  60.04299927
v -59.27200 28.16910  69.04299927
v -59.27200 28.18020  38.14929962
v -59.27200 30.39170 -39.95700073
v -59.27200 30.40210 -77.95809937
v -59.27200 43.66090 -21.68810081
v -59.27200 50.29550 108.95780182
v -59.27200 60.24750  44.14929962
v -59.27200 67.98790  53.03300095
v -59.27200 71.31630  60.04299927
v -59.27200 77.93980 100.56559753
v -59.27200 80.15130 100.81130219
v -59.27200 84.58570  96.04299927
v -59.27170 25.96450  63.05350113
v -59.27140 33.70320  84.05429840
v -59.27120 16.01680 -44.98569870
v -59.27110 -19.36890 -26.96710014
v -59.27050 34.81570 -74.96389771
v -59.27010 41.44750 105.05329895
v -59.26920 23.74570 -71.95619965
v -59.26920 40.34330  39.03820038
v -59.26920 45.89490 -14.95709991
v -59.26900 17.12210 -11.93459988
v -59.26750 19.32530 -50.95740128
v -59.26640 45.87380 108.05249786
v -59.26540 2.74920   3.05929995
v -59.26510 84.56260  83.99690247
v -59.26410 11.59630  -5.95109987
v -59.26400 38.13420 -56.94950104
v -59.26340 22.64730  51.04199982
v -59.26310 24.86410  39.00510025
v -59.26220 0.53740   6.04390001
v -59.26220 2.75030   0.14920001
v -59.26200 19.33340 -44.95470047
v -59.26200 34.81480 -53.95420074
v -59.26160 19.33310 -38.95569992
v -59.26140 31.49740 -44.95389938
v -59.26110 38.13230 -59.95759964
v -59.26100 17.12250 -35.95700073
v -59.26100 17.12250 -29.95700073
v -59.26100 19.33400 -14.95680046
v -59.26100 20.43980 -32.95700073
v -59.26100 21.54550 -41.95709991
v -59.26100 22.65130  45.04299927
v -59.26100 42.55520 -65.95719910
v -59.26100 43.66090 -62.95700073
v -59.26090 24.86340  42.04629898
v -59.26090 31.49750  60.04299927
v -59.25540 45.88490 -20.95820045
v -59.25120 -4.98940 -14.95670033
v -59.24970 6.06480  -8.95699978
v -59.24970 8.27630  -8.95699978
v -59.24740 18.22520 -32.92060089
v -59.24630 8.27630  -5.95699978
v -59.23770 36.97430  38.23740005
v -59.23550 43.66460 -14.95079994
v -59.23160 19.31880 -20.89749908
v -59.22180 32.60320 -50.95700073
v -59.21910 6.06580   0.06120000
v -59.13650 32.61810  37.91030121
v -59.09330 28.18020 -41.95700073
v -59.04170 10.48790  -8.95699978
v -58.53490 34.81480 -47.95700073
v -58.36450 6.06740 -29.97769928
v -58.33340 -7.20890 -29.96920013
v -58.28000 59.65070 108.17500305
v -58.24450 -3.88710 -14.95699978
v -58.19080 8.27630  -2.95700002
v -58.19080 33.70900 -50.95700073
v -58.18850 -20.47430 -26.95730019
v -58.18750 7.17030  -8.95779991
v -58.17790 83.46430  81.05850220
v -58.17740 -7.20450 -14.95699978
v -58.17730 3.85320 -29.95700073
v -58.17730 32.60310 -47.95700073
v -58.17720 3.85310 -32.95729828
v -58.17610 -12.73340 -29.95800018
v -58.17490 -13.84260 -29.95829964
v -58.17380 2.74200 -32.95890045
v -58.17230 85.68990  87.00869751
v -58.17110 22.63820  54.02349854
v -58.16660 21.53420 -65.95749664
v -58.16630 19.30050 -56.95700073
v -58.16630 20.42860 -50.95700073
v -58.16630 22.66240  57.04299927
v -58.16630 24.85200 -80.95739746
v -58.16630 37.01530  93.04299927
v -58.16630 37.01530  96.04309845
v -58.16630 65.78740  51.04299927
v -58.16630 71.35390  60.04299927
v -58.16630 72.41090 103.58889771
v -58.16610 -1.67100   6.05159998
v -58.16540 29.29280 -77.98870087
v -58.16540 44.76850 105.06330109
v -58.16480 22.63950 -71.95880127
v -58.16460 64.67400  48.02429962
v -58.16360 -23.81790 -25.06349945
v -58.16360 -21.65350 -27.05500031
v -58.16160 28.18740 -44.91439819
v -58.16160 30.38860  75.06040192
v -58.16100 19.34350 -59.95439911
v -58.16060 32.60660 -53.92829895
v -58.16000 39.24280 -71.96019745
v -58.15880 37.02920 -59.95199966
v -58.15840 29.28250  72.05460358
v -58.15810 50.29590 108.04979706
v -58.15650 24.86130  51.04040146
v -58.15640 34.81590 -56.79090118
v -58.15640 38.13310 -71.95829773
v -58.15620 40.34270 -68.96820068
v -58.15620 41.45120 -62.96070099
v -58.15590 16.01730 -38.95869827
v -58.15580 13.80470 -14.94760036
v -58.15520 -6.09870   9.04300022
v -58.15520 14.91090 -35.95700073
v -58.15520 25.96860  45.04299927
v -58.15520 27.07440 -50.95700073
v -58.15520 29.28590  66.04299927
v -58.15520 31.49750  66.04299927
v -58.15520 32.60320  69.04299927
v -58.15520 33.70900  66.04299927
v -58.15510 -0.56980   0.04300000
v -58.15510 4.95900  -2.95700002
v -58.15510 12.69850 -35.96239853
v -58.15510 17.12250 -32.95690155
v -58.15510 33.70900  60.04299927
v -58.15500 1.64170   0.04300000
v -58.15500 34.81440 -59.95819855
v -58.15480 16.01670 -41.95700073
v -58.15390 31.49870  39.04479980
v -58.14390 31.49750 -53.95700073
v -58.14300 31.49810 -50.95769882
v -58.14290 4.95790  -8.94869995
v -58.13720 14.89140 -29.97150040
v -58.13280 12.69940 -23.95700073
v -58.13280 29.28590 -50.95700073
v -58.12890 68.00010 108.02649689
v -58.12640 0.53870   3.11420012
v -58.06780 16.02770 -26.91589928
v -58.02980 37.02630  66.04299927
v -57.67480 -14.94480   9.04300022
v -57.61340 28.18020  39.04299927
v -57.61340 30.39170 -47.95700073
v -57.61340 35.92050 -56.95700073
v -57.42910 28.18020 -44.95700073
v -57.20970 54.07700  40.96289825
v -57.08450 30.39170 -50.95700073
v -57.08060 27.07440 -44.95700073
v -57.07350 86.80930  84.03070068
v -57.07250 29.28590 -47.95700073
v -57.07160 67.98790  51.04299927
v -57.07110 3.85280  -8.95880032
v -57.06680 76.83430  64.79709625
v -57.06190 -4.99220   6.06400013
v -57.06050 -21.57950   3.93149996
v -57.06050 -17.15640   7.33890009
v -57.06050 -1.67560 -31.08959961
v -57.06050 -1.67560   5.61439991
v -57.06050 1.64170 -31.47200012
v -57.06050 4.95900 -33.71450043
v -57.06050 14.91090 -32.98699951
v -57.06050 18.24990 -59.95700073
v -57.06050 18.25340 -53.95700073
v -57.06050 20.46430 -68.95700073
v -57.06050 27.06330  51.04299927
v -57.06050 30.40280  60.04299927
v -57.06050 31.49750  57.07300186
v -57.06050 33.70900 -74.08609772
v -57.06050 35.92050 -72.41290283
v -57.06050 38.13210  40.78570175
v -57.06050 62.45900  44.14929962
v -57.06050 72.42200  57.04299927
v -57.06050 72.42210  54.04299927
v -57.06050 82.37400  72.04299927
v -57.06040 61.33500  42.00759888
v -57.06040 84.58370  96.04750061
v -57.06020 8.26890 -35.96020126
v -57.06020 86.79740  90.04340363
v -57.05900 22.64040 -77.96299744
v -57.05870 11.59370 -35.97669983
v -57.05360 -2.78170   3.05879998
v -57.05270 24.86220  54.02849960
v -57.05230 12.70260 -14.95870018
v -57.05210 35.91880  84.05000305
v -57.05140 46.97830 102.06639862
v -57.05080 34.81310  60.04570007
v -57.05080 39.23860  99.05149841
v -57.05060 32.60150  78.04440308
v -57.05000 20.43890 -50.95510101
v -57.04960 12.69970 -32.95729828
v -57.04940 11.59360 -29.95700073
v -57.04940 22.65130 -50.95700073
v -57.04940 24.86290  57.04299927
v -57.04940 31.49750  72.04299927
v -57.04940 33.70900  69.04280090
v -57.04940 34.81480  63.04299927
v -57.04940 38.13200  81.04190063
v -57.04940 38.13210  87.04299927
v -57.04940 39.23790 -65.95700073
v -57.04940 42.55520  87.04299927
v -57.04930 -1.67470   0.04280000
v -57.04930 10.48790 -23.95700073
v -57.04930 33.70900  78.04290009
v -57.04930 38.13190 -68.95610046
v -57.04920 12.69910 -20.95719910
v -57.04870 9.38200 -11.95750046
v -57.04810 32.59190 -59.97069931
v -57.04230 76.83530  99.03649902
v -57.04120 83.47810  99.01930237
v -57.03970 22.64990 -47.95869827
v -57.03820 10.48790 -14.95730019
v -57.03770 73.52050 102.05709839
v -57.03480 20.43980 -53.95700073
v -57.03430 75.73150  99.05879974
v -57.03190 -0.52810   3.07579994
v -57.03080 26.00550 -47.96900177
v -56.98810 -4.99310 -29.96170044
v -56.94090 -7.61920 -30.36720085
v -56.86650 1.64170  -8.95699978
v -56.17930 -14.89590 -30.00379944
v -56.06350 -26.04380 -25.35149956
v -55.96990 38.11640  69.02519989
v -55.96730 19.32610 -53.99420166
v -55.96720 -23.79300 -26.98699951
v -55.96580 24.86290 -47.95700073
v -55.96450 -3.91740 -14.92119980
v -55.96050 85.68650  81.03230286
v -55.95600 66.88340  48.02510071
v -55.95570 -24.89680 -26.97120094
v -55.95540 -18.25890   6.03100014
v -55.95510 75.70820  63.04370117
v -55.95490 28.19100 -80.95739746
v -55.95480 2.74750 -11.27960014
v -55.95470 -29.33110 -11.95699978
v -55.95470 -19.36790   4.79600000
v -55.95470 -6.09870   3.10299993
v -55.95470 -4.99290 -28.78759956
v -55.95470 -4.99290   5.66800022
v -55.95470 20.42860 -65.95700073
v -55.95470 21.53450 -77.95700073
v -55.95470 22.64030 -71.95700073
v -55.95470 30.39170 -54.01470184
v -55.95470 31.49750 -56.68679810
v -55.95470 67.99900  51.04299927
v -55.95470 73.51670  58.95019913
v -55.95470 85.69140  78.04290009
v -55.95440 -26.00770  -0.02800000
v -55.95440 34.81470  57.07059860
v -55.95410 83.47350  96.05780029
v -55.95230 -28.22510 -20.96419907
v -55.95230 -3.87880   3.05259991
v -55.95170 -24.89550   0.05460000
v -55.95160 1.64030 -29.98110008
v -55.94810 40.33700  99.03980255
v -55.94800 38.12610  66.04340363
v -55.94720 33.70670  57.05099869
v -55.94710 25.96840  54.02220154
v -55.94700 27.06660  48.05500031
v -55.94680 -22.68240 -29.93020058
v -55.94650 27.07330  60.05059814
v -55.94640 -7.20110   6.04540014
v -55.94610 32.60320  42.03979874
v -55.94580 48.08170 102.04499817
v -55.94570 2.74380 -32.95869827
v -55.94560 21.53670 -53.95719910
v -55.94510 37.02420  60.04550171
v -55.94500 7.17020 -32.97320175
v -55.94480 -12.73310 -29.95800018
v -55.94430 10.48860 -32.95719910
v -55.94430 28.17970  45.04150009
v -55.94420 43.65940  87.04450226
v -55.94410 29.28480  60.04520035
v -55.94380 45.87250  87.04319763
v -55.94370 9.38210 -26.95700073
v -55.94370 28.18020  54.04299927
v -55.94370 32.60320  54.04299927
v -55.94370 34.81470  78.04299927
v -55.94370 34.81480  42.04299927
v -55.94370 37.02630  72.04299927
v -55.94370 39.23790  81.04299927
v -55.94370 39.23790  84.04299927
v -55.94370 40.34330  90.04199982
v -55.94360 -3.88700   0.04330000
v -55.94360 34.81480  51.04299927
v -55.94360 45.87250  96.04299927
v -55.94230 -29.32410  -8.92350006
v -55.93810 69.09450 105.05220032
v -55.93280 55.78030 105.05300140
v -55.93260 8.27690 -23.95809937
v -55.93240 50.29550  66.04299927
v -55.93160 10.48520 -35.95940018
v -55.92800 42.54490  99.07189941
v -55.92770 28.18350 -53.94889832
v -55.91290 73.52420  99.05470276
v -55.91210 62.45240 105.02610016
v -55.89250 7.16960 -20.99160004
v -55.88790 58.03510 105.06629944
v -55.79680 -8.31020 -14.95699978
v -55.40190 8.27450 -35.95840073
v -55.35580 0.53590  -8.95699978
v -54.89320 78.15790  65.90339661
v -54.87300 8.27630 -20.95700073
v -54.87300 43.66090  99.04299927
v -54.87200 56.93020 105.04299927
v -54.87160 -7.20240 -14.98029995
v -54.86530 3.84340 -11.96780014
v -54.86500 -8.30590 -29.95569992
v -54.86210 77.99160  96.04830170
v -54.86000 45.87250  99.04299927
v -54.86000 61.35320 105.04299927
v -54.85990 7.17040 -17.95649910
v -54.85590 80.13660  69.00350189
v -54.85260 -12.71440   4.57340002
v -54.85250 1.64180 -11.68050003
v -54.85170 74.64670  63.02920151
v -54.85110 -26.01600 -26.96689987
v -54.85110 34.80650  54.05540085
v -54.85000 -0.56490  -5.92910004
v -54.84990 18.24990 -59.95500183
v -54.84950 69.10310  51.03789902
v -54.84940 72.42120  54.04159927
v -54.84910 -28.22540 -14.95580006
v -54.84910 -23.79180   0.05510000
v -54.84910 19.30630 -62.95589828
v -54.84900 -26.00250  -2.92790008
v -54.84900 -4.99290 -29.89579964
v -54.84900 0.53590 -11.65089989
v -54.84900 19.33400 -56.71160126
v -54.84900 72.78850  60.04299927
v -54.84900 72.95770  57.04299927
v -54.84890 83.47980  72.04299927
v -54.84870 21.53430 -71.95709991
v -54.84800 32.60990 -74.96170044
v -54.84700 -1.67690  -5.86590004
v -54.84660 29.29440 -77.95970154
v -54.84640 86.79650  90.04299927
v -54.84420 22.65150 -53.94860077
v -54.84390 83.47330  96.05049896
v -54.84330 20.41910 -65.94740295
v -54.84210 54.71420  66.04519653
v -54.84160 -2.80050 -23.99679947
v -54.84130 42.55320  84.05120087
v -54.84120 -2.78440 -14.95680046
v -54.84010 46.97690  96.04879761
v -54.83990 43.66010  42.04150009
v -54.83980 39.23830  42.04130173
v -54.83950 50.29840  69.03869629
v -54.83920 41.44930  81.04550171
v -54.83910 33.70810  51.04619980
v -54.83850 -2.78030 -29.95870018
v -54.83790 19.33400 -68.95700073
v -54.83790 35.92050  45.04299927
v -54.83790 38.13210  75.04299927
v -54.83790 39.23790  60.04299927
v -54.83790 40.34360  78.04299927
v -54.83790 40.34390  72.04219818
v -54.83780 6.06480 -26.95700073
v -54.83780 29.28600  51.04299927
v -54.83780 45.87250  69.04299927
v -54.83760 33.70970  45.04439926
v -54.83640 41.44840  69.03990173
v -54.83600 38.14360  57.10269928
v -54.83350 49.19820  87.04209900
v -54.83300 59.12390 102.13780212
v -54.83280 43.67880  69.03929901
v -54.83150 38.13390  45.05929947
v -54.83110 -2.77680  -2.94630003
v -54.82960 -10.52090   3.08380008
v -54.82660 -3.88690 -11.95740032
v -54.82330 -7.21790  -8.99400043
v -54.81340 6.08360 -20.96240044
v -54.80700 56.89710  66.07180023
v -54.79730 -10.52070 -26.96829987
v -54.78190 -4.99180  -2.95770001
v -54.76820 0.53570 -20.92390060
v -54.72750 1.67930 -27.07460022
v -54.72610 -6.09870 -23.95700073
v -54.72610 3.85320 -20.95700073
v -54.59210 -2.78140  -8.95699978
v -54.57250 2.74750 -14.95699978
v -53.83540 -0.56980  -8.95699978
v -53.76580 -4.99290 -26.95700073
v -53.76370 63.55150  42.04819870
v -53.76360 -8.30940   3.03970003
v -53.76220 -9.36930 -26.95389938
v -53.76180 0.53630 -23.96879959
v -53.75970 1.64170 -14.95699978
v -53.75930 64.66270  42.05350113
v -53.75860 -28.20590 -23.97369957
v -53.75510 23.75720 -53.96540070
v -53.75430 6.06480 -17.95700073
v -53.75420 29.28720 -56.95759964
v -53.75050 -28.23360  -8.91600037
v -53.74500 32.61810 -62.94520187
v -53.74420 85.68740  75.03610229
v -53.74340 -22.69230 -29.95929909
v -53.74320 -22.68520   0.93150002
v -53.74320 -13.83910 -28.73710060
v -53.74320 44.76670  71.08460236
v -53.74320 51.40130  71.14929962
v -53.74320 72.41090  58.81309891
v -53.74320 72.41090  60.78450012
v -53.74320 74.37850  57.04299927
v -53.74320 84.57440  93.06420135
v -53.74320 86.79710  81.04299927
v -53.74320 86.79720  78.04309845
v -53.74310 -8.29850  -5.95450020
v -53.74290 20.42830 -77.95670319
v -53.74230 -24.90000  -0.02580000
v -53.74040 49.20080  66.04679871
v -53.74030 41.44210  72.04129791
v -53.73950 -8.29510 -17.92519951
v -53.73810 34.81880 -65.94879913
v -53.73710 42.55430  45.02500153
v -53.73690 27.08070 -80.95809937
v -53.73660 71.30690  99.05110168
v -53.73580 52.50700  69.03540039
v -53.73290 44.76510  42.04219818
v -53.73280 -1.67590 -29.95870018
v -53.73260 43.66200  81.04419708
v -53.73240 39.23790  45.04230118
v -53.73240 49.18940  42.04280090
v -53.73220 40.34380  57.04499817
v -53.73210 -13.83910   0.04300000
v -53.73210 -10.52180 -14.95709991
v -53.73210 -1.67560 -26.95700073
v -53.73210 46.97820  75.04299927
v -53.73210 46.97820  84.04290009
v -53.73080 -8.29430 -23.97809982
v -53.73060 45.87260  81.04409790
v -53.73040 41.45050  78.03939819
v -53.72900 -28.25050 -18.02650070
v -53.72400 28.17790 -59.96419907
v -53.72110 63.56480  60.04299927
v -53.72060 -11.61160   3.04390001
v -53.70230 28.27730 -77.99720001
v -53.68620 29.28590 -59.95700073
v -53.63500 45.87740  72.02439880
v -53.62040 -10.52160 -23.95639992
v -53.62030 44.76670  60.04299927
v -53.61200 75.72820  60.04299927
v -53.60920 65.77630  60.04299927
v -53.58680 58.03590  69.04299927
v -53.57170 41.44910  60.03670120
v -53.55320 42.55390  51.04240036
v -53.50870 40.34360  51.04299927
v -53.46680 -9.41600   0.04300000
v -53.46680 48.08400  72.04299927
v -53.40090 27.07440 -56.86289978
v -53.36340 -10.52180 -17.95700073
v -53.19030 0.53590 -29.95700073
v -52.96130 74.62250  60.04299927
v -52.85320 72.41090  60.04299927
v -52.68650 -19.28290 -30.74609947
v -52.66150 -9.41600 -20.95700073
v -52.66100 44.76670  72.04299927
v -52.65870 46.97820  72.04299927
v -52.64540 -29.32170 -23.96899986
v -52.64390 -29.31740 -20.93219948
v -52.64280 -30.43340 -23.96240044
v -52.63920 -27.13420 -14.92980003
v -52.63880 74.62850  56.70909882
v -52.63830 -12.73200 -27.01399994
v -52.63750 -24.89690  -2.92759991
v -52.63750 66.89300  45.04270172
v -52.63740 -30.42560 -20.94199944
v -52.63740 -18.26210   1.55799997
v -52.63740 16.08180 -56.95700073
v -52.63740 17.13900 -68.95700073
v -52.63740 17.26070 -65.95700073
v -52.63740 19.32290 -74.95700073
v -52.63740 21.54550 -55.81499863
v -52.63740 23.75710 -79.66470337
v -52.63740 32.60320 -71.98699951
v -52.63740 50.25300  66.04299927
v -52.63740 61.35320  96.95780182
v -52.63740 77.14680  60.04299927
v -52.63740 77.93980  64.56999969
v -52.63740 79.04550  65.65170288
v -52.63740 80.15130  67.20670319
v -52.63720 -27.10940  -8.89080048
v -52.63700 19.30950 -71.95700073
v -52.63680 23.75740 -56.93180084
v -52.63660 64.67060  62.98379898
v -52.63420 53.61360  63.05289841
v -52.63410 74.62320  96.05100250
v -52.63350 51.40370  63.06570053
v -52.63280 75.73130  94.81770325
v -52.63260 62.45390  66.04090118
v -52.63210 30.38990 -74.96459961
v -52.63150 43.65910  45.03170013
v -52.63120 31.50310 -74.96119690
v -52.63030 -14.94390   0.05160000
v -52.62910 49.18820  84.05020142
v -52.62900 42.55510  66.04850006
v -52.62810 -11.62560 -11.96580029
v -52.62750 50.29680  42.04029846
v -52.62750 70.20230  60.04370117
v -52.62730 59.14000  69.04090118
v -52.62720 49.19050  75.04100037
v -52.62690 66.88000  60.04259872
v -52.62680 59.14170  66.04399872
v -52.62660 54.71820  96.01249695
v -52.62640 16.01670 -59.95700073
v -52.62640 41.44940  54.04299927
v -52.62640 48.08400  78.04299927
v -52.62640 48.08400  81.04299927
v -52.62640 51.40130  87.04299927
v -52.62640 82.36290  93.04299927
v -52.62630 43.66090  51.04299927
v -52.62590 -10.52180  -2.95700002
v -52.62570 51.40610  96.06390381
v -52.62550 33.70900 -68.95700073
v -52.61790 -14.94370 -29.95940018
v -52.54170 45.84910  60.03350067
v -52.47520 -11.50530 -18.03199959
v -52.43640 49.18980  60.04299927
v -52.41030 44.76140  57.13219833
v -52.39170 73.51670  57.04299927
v -52.33440 54.68900  75.11350250
v -52.26880 25.96860 -56.95700073
v -52.05660 75.72820  60.04299927
v -51.59490 72.41130  60.04199982
v -51.54060 -28.21500 -26.95969963
v -51.53360 86.79850  75.04689789
v -51.53320 -24.89930 -29.96400070
v -51.53290 32.61300 -65.94730377
v -51.53250 20.43030 -77.95839691
v -51.53190 17.11970 -63.04130173
v -51.53170 -27.08320  -5.95699978
v -51.53170 -23.79100  -1.69980001
v -51.53170 -21.57950 -30.90859985
v -51.53170 -16.05060  -2.06340003
v -51.53170 -13.83910 -27.60820007
v -51.53170 14.92200 -59.95700073
v -51.53170 18.05430 -68.95700073
v -51.53170 19.27820 -71.95700073
v -51.53170 19.33400 -55.80500031
v -51.53170 33.34040 -71.95700073
v -51.53170 52.50710  60.93659973
v -51.53170 60.24750  71.12809753
v -51.53170 71.30520  58.54299927
v -51.53170 71.30520  62.65499878
v -51.53170 75.72830  63.05350113
v -51.53170 77.02570  63.04299927
v -51.53170 77.93980  92.00039673
v -51.53170 79.04550  62.67610168
v -51.53080 86.79520  87.04940033
v -51.52900 82.36410  90.06340027
v -51.52860 73.52780  54.04430008
v -51.52730 -24.89510  -2.92860007
v -51.52450 61.35240  69.03410339
v -51.52430 -20.47140   0.04880000
v -51.52390 -13.83700  -2.94910002
v -51.52390 61.35400  96.05000305
v -51.52340 24.86540 -59.95259857
v -51.52240 84.57510  90.04560089
v -51.52150 -12.73230  -5.96089983
v -51.52150 25.96940 -59.95560074
v -51.52130 54.71870  42.04230118
v -51.52060 -13.83910  -8.95699978
v -51.52060 45.87220  48.04330063
v -51.52060 51.40130  78.04299927
v -51.52060 52.50710  84.04299927
v -51.52050 48.08400  63.04299927
v -51.52050 53.61290  87.04299927
v -51.52050 53.61290  90.04299927
v -51.52050 69.09360  63.04249954
v -51.52050 69.09360  66.04299927
v -51.51910 43.66200  66.04329681
v -51.51730 -12.72470 -14.95699978
v -51.51090 25.91960 -78.00579834
v -51.50930 -12.75020 -23.96680069
v -51.50490 29.29060 -62.88209915
v -51.50430 63.57820  66.01950073
v -51.50050 46.97480  56.98009872
v -51.49970 30.39860 -62.94070053
v -51.45650 55.83130  63.10509872
v -51.38500 56.91960  75.03220367
v -51.32420 73.56680  60.03670120
v -51.28290 73.51670  63.04299927
v -51.26300 44.66980  63.02429962
v -51.10960 54.69770  78.03540039
v -50.55440 70.35700  49.71480179
v -50.48090 32.59170 -69.00839996
v -50.44730 -13.84430 -26.94750023
v -50.43720 -17.15750 -29.95719910
v -50.42960 82.48200  68.16149902
v -50.42840 66.87390  69.02459717
v -50.42680 62.48270  63.10279846
v -50.42600 -16.04940  -2.93639994
v -50.42590 -26.00250 -29.08609962
v -50.42590 -23.79100 -30.75020027
v -50.42590 16.01670 -62.98830032
v -50.42590 17.07780 -65.95700073
v -50.42590 18.22820 -56.01789856
v -50.42590 21.54550 -78.71240234
v -50.42590 62.45900  71.12809753
v -50.42590 62.48140  60.04299927
v -50.42590 65.77630  57.95259857
v -50.42590 65.77630  93.95790100
v -50.42590 73.51670  94.30020142
v -50.42590 75.72820  61.75030136
v -50.42590 76.83400  59.89450073
v -50.42590 79.13490  66.04299927
v -50.42580 50.29640  57.07300186
v -50.42470 22.65870 -56.95280075
v -50.42400 53.61430  60.06240082
v -50.42390 -22.68590  -2.94050002
v -50.42370 74.61810  93.06130219
v -50.42300 49.18870  57.05910110
v -50.42040 23.76210 -59.95539856
v -50.41900 81.25750  90.04989624
v -50.41750 58.03470  87.04850006
v -50.41580 83.47130  87.04499817
v -50.41530 55.82350  42.04259872
v -50.41480 -16.05060  -8.95699978
v -50.41480 53.61290  81.04299927
v -50.41480 53.61290  84.04309845
v -50.41470 59.14170  75.04299927
v -50.41470 70.19940  66.04299927
v -50.41450 -14.94480  -5.95699978
v -50.41410 55.82440  87.04299927
v -50.41170 51.40270  45.04679871
v -50.41080 -26.07400  -5.94960022
v -50.41020 30.39140 -65.96589661
v -50.40910 -13.83170 -23.96759987
v -50.40420 55.82060  90.03230286
v -50.40380 30.39140 -71.96060181
v -50.39770 71.29350  65.88249969
v -50.21860 59.05110  63.05369949
v -49.59490 13.80270 -56.95220184
v -49.34530 31.49750 -68.95700073
v -49.33120 -27.10830 -29.95700073
v -49.32560 87.25100  84.04270172
v -49.32320 28.17280 -62.96950150
v -49.32200 23.73530 -77.96569824
v -49.32030 27.07640 -74.96769714
v -49.32010 16.00560 -59.95700073
v -49.32010 65.77630  43.24789810
v -49.32010 71.30520  57.05530167
v -49.32010 77.93980  62.40940094
v -49.32010 79.04550  62.46049881
v -49.31910 73.51660  66.02320099
v -49.31890 17.09760 -71.95649719
v -49.31820 55.82590  60.06240082
v -49.31810 -17.15100  -5.93170023
v -49.31800 -27.11780  -8.95189953
v -49.31780 29.29010 -65.93890381
v -49.31390 65.77810  93.05190277
v -49.31330 59.14130  87.05370331
v -49.31290 51.39860  57.05080032
v -49.31090 82.36540  87.04489899
v -49.31080 -17.15500  -8.95380020
v -49.30910 49.18980  51.04299927
v -49.30910 49.19000  54.04309845
v -49.30910 50.29550  54.04309845
v -49.30900 61.35280  75.04299927
v -49.30890 60.24760  87.04679871
v -49.29610 -28.21410 -32.95700073
v -49.26860 62.53450  60.07880020
v -49.09900 16.01670 -68.95700073
v -48.23280 26.16910 -62.83319855
v -48.22530 -29.31370 -26.97190094
v -48.22440 17.12280 -77.95800018
v -48.22410 29.27340 -71.96659851
v -48.22380 -25.99990 -32.95859909
v -48.22250 14.89220 -63.00669861
v -48.21770 67.98960  69.07170105
v -48.21610 85.69510  84.06359863
v -48.21480 14.90000 -59.95729828
v -48.21440 15.99440 -65.95700073
v -48.21440 60.24750  76.67630005
v -48.21440 66.88210  90.95780182
v -48.21440 69.09360  46.29499817
v -48.21440 70.19940  69.91190338
v -48.21440 73.52780  54.04299927
v -48.21440 80.15130  64.75720215
v -48.21430 -24.89680 -31.73200035
v -48.21430 19.33400 -78.46060181
v -48.21430 87.12140  81.05120087
v -48.21310 66.88090  72.02010345
v -48.21180 63.56320  72.03220367
v -48.20950 80.15320  87.05220032
v -48.20840 -16.04720 -11.94729996
v -48.20840 56.93000  60.05189896
v -48.20770 59.14240  42.04190063
v -48.20750 54.71660  57.05780029
v -48.20730 64.66720  57.09059906
v -48.20700 74.62400  66.03469849
v -48.20700 77.94170  90.04630280
v -48.20570 53.61130  57.04899979
v -48.20470 63.56540  90.04470062
v -48.20380 53.61230  48.04249954
v -48.20370 -21.57990  -8.95590019
v -48.20330 51.40130  51.04299927
v -48.20310 61.35280  87.04290009
v -48.20000 -22.68530  -5.95690012
v -48.16160 14.90770 -56.47439957
v -48.15290 13.80520 -65.95700073
v -48.14100 -19.20240 -29.95039940
v -48.13860 -22.64600 -31.42639923
v -47.95320 58.01550  77.96900177
v -47.84580 16.01670 -77.95700073
v -47.83590 79.08600  66.08519745
v -47.66380 11.59320 -56.94969940
v -47.47720 -23.79100  -5.95699978
v -47.13060 14.90950 -68.95870209
v -47.10900 -28.22500 -29.95689964
v -47.10860 -17.18040 -26.95700073
v -47.10860 15.46380 -74.95700073
v -47.10860 27.07440 -73.19969940
v -47.10860 58.03590  81.00189972
v -47.10860 67.98790  47.92869949
v -47.10860 69.09360  45.99489975
v -47.10860 72.42200  54.04299927
v -47.10860 76.83400  68.12809753
v -47.10860 81.16490  66.04299927
v -47.10780 20.44400 -59.94329834
v -47.10740 -24.89790  -8.93509960
v -47.10640 -27.11660 -11.94999981
v -47.10600 82.36340  84.05509949
v -47.10480 -17.15070 -14.95709991
v -47.10430 72.39500  48.04029846
v -47.10390 -17.12850 -23.90139961
v -47.10030 64.66800  87.04930115
v -47.09920 55.82230  57.04859924
v -47.09900 64.66970  42.03680038
v -47.09780 69.09270  90.04350281
v -47.09770 21.54460 -77.95760345
v -47.09760 59.14220  84.04329681
v -47.09750 54.71860  51.04299927
v -47.09750 58.03590  57.04299927
v -47.09740 -30.41940 -32.95709991
v -47.09740 -18.26210 -11.95709991
v -47.09710 -22.68390  -8.95790005
v -47.09610 62.46080  42.04230118
v -47.08710 17.12250 -56.95629883
v -47.08700 83.47130  84.04309845
v -47.08400 63.55940  75.06680298
v -47.07470 63.56630  57.04069901
v -47.03560 60.19330  51.03789902
v -46.99340 70.19940  45.04299927
v -46.91950 55.77400  48.02370071
v -46.89640 58.03590  51.04299927
v -46.61000 66.93990  54.12749863
v -46.27930 19.33400 -56.95700073
v -46.02800 24.86290 -62.95700073
v -46.02740 72.41090  90.04299927
v -46.02160 61.35320  45.04299927
v -46.02030 63.57230  48.02849960
v -46.01930 59.14170  48.04299927
v -46.01390 70.19940  54.04299927
v -46.01280 -27.13720 -14.99540043
v -46.01070 -17.14630 -17.92889977
v -46.00350 -18.23180 -26.96859932
v -46.00310 13.79420 -59.95729828
v -46.00300 -26.00370 -11.93649960
v -46.00300 15.83830 -77.95829773
v -46.00280 16.00560 -71.95700073
v -46.00280 23.75710 -63.82600021
v -46.00280 25.96860 -72.68679810
v -46.00280 63.56480  85.82299805
v -46.00280 65.77630  44.84299850
v -46.00280 66.78160  45.04299927
v -46.00280 69.27060  48.04299927
v -46.00280 72.31880  45.04299927
v -46.00280 72.41090  72.02169800
v -46.00280 73.70660  51.04299927
v -46.00280 73.86300  48.04299927
v -46.00270 21.54580 -62.93719864
v -46.00090 -30.43820 -23.96290016
v -45.99970 22.64990 -74.97540283
v -45.99470 74.62730  87.04840088
v -45.99430 69.09170  75.03559875
v -45.99240 71.30400  51.04690170
v -45.99210 59.14150  54.04420090
v -45.99180 65.77730  54.04280090
v -45.99170 -19.36800 -14.95720005
v -45.99050 61.37020  78.02670288
v -45.98960 25.97130 -65.87129974
v -45.98720 66.86530  75.05719757
v -45.98500 77.93970  87.05529785
v -45.97840 70.18460  87.07460022
v -45.96940 62.50590  53.96770096
v -45.93140 24.86400 -71.95780182
v -45.92020 68.00120  51.01819992
v -45.20980 72.41090  48.04299927
v -45.17350 71.30520  72.04299927
v -44.92110 25.96860 -71.95700073
v -44.91790 -24.94300 -32.32789993
v -44.89930 -30.43630 -32.95660019
v -44.89770 -20.42700 -29.94910049
v -44.89750 12.71070 -68.95429993
v -44.89740 83.46720  69.05619812
v -44.89710 11.59360 -56.48580170
v -44.89700 -28.21410 -33.96200180
v -44.89700 13.87020 -77.95700073
v -44.89700 17.12250 -78.30609894
v -44.89700 67.36990  45.04299927
v -44.89700 67.98790  48.41799927
v -44.89700 70.19940  47.35720062
v -44.89700 72.37640  45.04299927
v -44.89700 72.41090  74.12809753
v -44.89700 83.46860  80.11039734
v -44.89700 86.79700  75.04290009
v -44.89670 8.28730 -56.95690155
v -44.89670 18.22850 -59.92860031
v -44.89640 -31.54020 -26.97719955
v -44.89580 70.19690  75.02069855
v -44.89320 20.43820 -62.93949890
v -44.89200 -24.89690 -11.94499969
v -44.89170 79.04580  69.03459930
v -44.89010 73.51640  72.03440094
v -44.88600 -23.79110 -14.95689964
v -44.88600 -21.57950 -14.95699978
v -44.87470 22.65130 -71.95700073
v -44.86490 22.65150 -65.94660187
v -44.85710 23.75710 -71.95700073
v -43.80360 -30.42560 -29.95700073
v -43.79730 -31.53930 -29.95479965
v -43.79670 12.62380 -69.08840179
v -43.79390 63.55410  84.06970215
v -43.79330 85.68510  78.05509949
v -43.79290 14.90100 -71.95809937
v -43.79280 -31.53960 -23.94540024
v -43.79240 11.58220 -59.95800018
v -43.79130 -21.57950 -31.08499908
v -43.79130 -17.13400 -23.95700073
v -43.79130 69.09360  76.78569794
v -43.79130 72.41090  75.02169800
v -43.79130 80.15130  82.57489777
v -43.79130 82.36290  80.02140045
v -43.79090 64.67050  78.03299713
v -43.78950 62.45750  78.23239899
v -43.78930 -17.14700 -20.95170021
v -43.78900 -27.10880 -14.93830013
v -43.78890 61.34330  81.04769897
v -43.78810 73.51570  75.02320099
v -43.78210 -19.36710 -17.95420074
v -43.78190 10.55040 -62.90230179
v -43.78090 75.72650  72.04250336
v -43.77660 85.70750  72.08899689
v -43.77610 -18.26050 -29.95490074
v -43.74990 13.80690 -56.95449829
v -43.02060 77.93980  81.04299927
v -42.69210 12.69720 -71.96810150
v -42.69200 9.34830 -59.95750046
v -42.69130 13.80190 -74.97200012
v -42.68560 72.41120  82.58049774
v -42.68550 -17.16740 -29.95700073
v -42.68550 -16.09480 -26.95700073
v -42.68550 6.07580 -56.95700073
v -42.68550 82.36290  79.59850311
v -42.68530 14.90440 -77.95890045
v -42.68340 82.36320  70.96189880
v -42.68300 -18.26210 -20.93889999
v -42.68210 16.01770 -59.94789886
v -42.68070 86.79700  75.04219818
v -42.67650 19.33040 -74.97959900
v -42.67530 79.04440  72.03880310
v -42.67450 -21.57950 -17.95700073
v -42.67360 77.94030  75.04419708
v -42.67270 18.23160 -77.95870209
v -42.67030 74.62710  81.07119751
v -42.63750 20.44840 -68.97830200
v -42.62050 64.69150  84.04010010
v -42.36170 81.25700  78.04419708
v -41.71240 80.15130  81.04299927
v -41.60220 -30.39910 -20.25900078
v -41.59310 10.48570 -69.04630280
v -41.58270 -33.75210 -32.96099854
v -41.57970 -24.89680 -34.20999908
v -41.57970 -21.57950 -32.20119858
v -41.57970 12.69940 -58.21569824
v -41.57970 14.91090 -61.18199921
v -41.57970 62.45900  77.81099701
v -41.57970 82.36290  78.74140167
v -41.57960 -33.76080 -23.95770073
v -41.57930 7.17040 -59.92739868
v -41.57570 -24.89640 -17.94659996
v -41.57140 64.67230  79.53070068
v -41.57130 80.14830  75.03250122
v -41.56920 83.47070  72.04039764
v -41.56870 9.38210 -68.95700073
v -41.56860 73.51670  78.04299927
v -41.56800 71.30690  81.04450226
v -41.56680 -20.47050 -23.94099998
v -41.56630 79.04440  75.05159760
v -41.49980 8.29380 -59.88359833
v -40.50190 10.45240 -56.92470169
v -40.49750 11.59390 -56.96189880
v -40.48500 16.01670 -74.95700073
v -40.47970 7.16770 -62.97169876
v -40.47690 17.13240 -65.94999695
v -40.47620 -27.10770 -35.96229935
v -40.47560 -31.53320 -35.96549988
v -40.47470 -33.74950 -32.97539902
v -40.47420 -33.75400 -29.95809937
v -40.47420 -17.12580 -29.96540070
v -40.47400 -32.63710 -34.47200012
v -40.47400 -30.42560 -20.06590080
v -40.47400 13.80520 -74.96949768
v -40.47260 -16.86370 -26.95400047
v -40.47240 16.02100 -62.94829941
v -40.46190 17.12290 -71.95339966
v -40.46110 -20.42430 -32.98450089
v -40.45460 70.18950  81.04429626
v -40.45380 65.78040  81.04350281
v -40.43900 63.56480  81.04299927
v -40.37510 -21.45940 -23.93460083
v -39.43510 10.46860 -72.02420044
v -39.37490 -33.74420 -35.96379852
v -39.37340 -34.85630 -29.95260048
v -39.37190 -24.89670 -35.96279907
v -39.36820 -35.40160 -26.95700073
v -39.36820 -33.76760 -23.95680046
v -39.36820 -29.31980 -20.94449997
v -39.36820 -16.07110 -29.95700073
v -39.36820 8.05520 -65.95700073
v -39.36760 14.91650 -71.97889709
v -39.36140 -24.89670 -20.94969940
v -39.35710 84.57440  75.04299927
v -39.35680 82.36380  75.04270172
v -39.34770 7.18990 -68.94170380
v -38.35180 -16.05060 -32.95700073
v -38.33000 8.04290 -56.95560074
v -38.30240 -18.26210 -32.95700073
v -38.27360 -37.06020 -35.95700073
v -38.27240 -37.06230 -32.95500183
v -38.26510 3.81750 -56.95880127
v -38.26400 9.36270 -71.96040344
v -38.26380 -34.84730 -35.98379898
v -38.26240 -34.85980 -23.95700073
v -38.26240 -30.42560 -37.65670013
v -38.26240 5.81650 -59.95700073
v -38.26240 7.17050 -66.79039764
v -38.26240 12.69940 -73.08499908
v -38.26230 -23.79100 -35.96689987
v -38.25780 -30.42490 -20.95159912
v -38.25730 6.07870 -65.92379761
v -38.25660 13.80730 -62.94969940
v -38.25420 -31.53470 -20.95240021
v -38.25420 -23.78850 -23.95409966
v -38.25360 -19.36720 -26.95490074
v -38.25350 14.92590 -71.96880341
v -38.10610 -17.15640 -35.95700073
v -37.40460 -19.35710 -36.18930054
v -37.17740 -28.23490 -23.90830040
v -37.16810 -38.16590 -38.95709991
v -37.16740 -31.53080 -38.95729828
v -37.16380 2.73980 -56.96039963
v -37.16100 -35.96170 -29.95409966
v -37.15670 -35.96570 -26.95700073
v -37.15670 -33.74290 -23.06590080
v -37.15670 -30.42560 -22.44199944
v -37.15670 4.15600 -59.95700073
v -37.15670 4.78440 -65.95700073
v -37.15670 10.48790 -72.71630096
v -37.15640 6.06430 -69.18560028
v -37.15640 11.59900 -62.94449997
v -37.15590 -20.47420 -28.11230087
v -37.15550 -14.95460 -32.95479965
v -37.14680 -26.00240 -23.95560074
v -37.13500 3.85320 -68.95700073
v -37.07800 -18.13770 -29.83589935
v -36.13290 7.16330 -71.96160126
v -36.08390 6.02430 -56.95109940
v -36.06230 -40.37750 -38.95700073
v -36.05980 -40.37650 -35.93629837
v -36.05770 -39.27640 -32.95380020
v -36.05290 3.85050 -62.93090057
v -36.05170 12.69000 -65.90809631
v -36.05090 -14.95590 -35.95700073
v -36.05060 9.38570 -59.94620132
v -36.04800 -34.85540 -23.95199966
v -36.04750 -21.57660 -26.94969940
v -35.04460 3.81220 -59.98619843
v -34.99860 10.54480 -62.94689941
v -34.95560 4.95870 -71.95790100
v -34.94750 -41.48510 -38.98139954
v -34.94510 -38.16600 -40.26380157
v -34.94510 -37.07130 -29.95700073
v -34.94510 -34.84870 -25.43440056
v -34.94510 -16.05060 -39.32659912
v -34.94510 4.95900 -58.31000137
v -34.94510 8.27630 -72.46060181
v -34.94080 -29.32780 -38.97190094
v -34.93730 -20.47020 -29.95409966
v -34.93700 2.74800 -71.93669891
v -34.93640 1.64790 -68.95719910
v -34.89020 3.88610 -56.95339966
v -34.79630 -25.10060 -39.11220169
v -33.87240 -22.77930 -28.59230042
v -33.85210 -43.69920 -38.95729828
v -33.84140 -40.38500 -32.95280075
v -33.83950 -16.02260 -39.02289963
v -33.83940 -40.37750 -40.79330063
v -33.83940 -31.53140 -40.40589905
v -33.83940 -15.16600 -32.95700073
v -33.83940 -15.04540 -35.95700073
v -33.83940 3.85330 -58.84749985
v -33.83840 7.17890 -59.95349884
v -33.83830 -0.60550 -56.95709991
v -33.83620 -27.10800 -26.94919968
v -33.83430 -26.00180 -26.95140076
v -33.82830 1.64170 -59.95700073
v -33.82730 9.38210 -71.95700073
v -33.81080 -42.59860 -41.96450043
v -33.80190 0.54210 -65.98010254
v -33.79630 -16.05720 -32.95449829
v -32.86810 -33.74220 -41.90110016
v -32.75870 10.48790 -71.95700073
v -32.74680 -45.90940 -38.96110153
v -32.74360 -47.01450 -38.95700073
v -32.73550 -17.15610 -41.93370056
v -32.73360 -20.47370 -31.69980049
v -32.73360 0.54720 -59.95560074
v -32.73360 3.85320 -58.35770035
v -32.73360 4.95900 -58.82099915
v -32.73360 9.56080 -68.95700073
v -32.73320 -23.79080 -29.94300079
v -32.73320 1.81880 -56.95529938
v -32.72950 7.17880 -59.95629883
v -32.72670 -28.21290 -26.95359993
v -32.72570 -44.79930 -41.94459915
v -32.72330 0.54640 -68.95829773
v -31.63050 -43.69480 -35.94839859
v -31.62780 -43.69480 -43.44200134
v -31.62780 -41.48330 -34.18939972
v -31.62780 -29.31980 -28.17700005
v -31.62780 -15.54550 -38.95700073
v -31.62780 -0.54530 -68.95700073
v -31.62780 0.43540 -59.95700073
v -31.62760 -37.06090 -29.94599915
v -31.62690 -33.74420 -26.95039940
v -31.62370 -2.79690 -56.95690155
v -31.62160 -31.53070 -26.95280075
v -31.61980 -18.25770 -32.95600128
v -31.61830 2.74310 -71.95809937
v -31.61700 8.28720 -62.93920135
v -31.61540 -1.69010 -65.90969849
v -31.60630 7.16960 -71.95749664
v -30.67010 -36.78930 -43.40739822
v -30.52780 2.70240 -56.92839813
v -30.52280 -44.80420 -35.95100021
v -30.52200 -49.20360 -38.95700073
v -30.52200 -39.27180 -32.04859924
v -30.52200 -37.06020 -29.16379929
v -30.52200 -30.42560 -28.68540001
v -30.52200 -18.26210 -44.07590103
v -30.52200 -17.15640 -43.45700073
v -30.52200 -16.80400 -38.95700073
v -30.52200 -2.56020 -62.95700073
v -30.52200 -0.56980 -67.55799866
v -30.52200 1.64170 -70.22149658
v -30.52140 -47.02150 -41.95970154
v -30.52020 4.96230 -59.94689941
v -30.51740 -17.15210 -35.94559860
v -30.51190 7.17110 -65.95629883
v -30.51090 6.06480 -68.95709991
v -30.51030 -43.69590 -44.95610046
v -30.50420 -14.94480 -44.95700073
v -30.49410 -20.50390 -44.93659973
v -30.30220 -39.33310 -44.97040176
v -30.25460 7.18700 -68.94879913
v -29.56150 -28.29740 -43.61040115
v -29.48330 -42.58910 -44.95700073
v -29.42120 -44.81220 -44.95679855
v -29.41860 -16.04530 -41.94329834
v -29.41630 -45.90640 -42.85070038
v -29.41630 -34.84870 -28.58289909
v -29.41630 -21.57950 -34.18199921
v -29.41630 -13.85690 -44.95700073
v -29.41630 -2.77030 -65.95709991
v -29.41630 -1.69800 -62.95700073
v -29.41630 -1.67560 -56.17739868
v -29.41410 -23.79100 -32.94729996
v -29.41240 -19.36620 -35.94749832
v -29.40930 3.85430 -68.96369934
v -29.40590 1.15680 -56.94260025
v -29.28840 -18.24040 -38.89839935
v -29.06890 -25.97840 -33.03860092
v -29.06230 -21.42280 -44.83779907
v -28.83360 -33.80400 -43.62559891
v -28.32660 1.64340 -68.95040131
v -28.31930 -6.10240 -56.95349884
v -28.31060 -47.02320 -38.95479965
v -28.31050 -39.28290 -32.95700073
v -28.31050 -17.15640 -40.39820099
v -28.31050 -14.94480 -47.81420135
v -28.31050 -14.58810 -44.95700073
v -28.31050 -3.87610 -65.95700073
v -28.31050 -2.78140 -55.79539871
v -28.31050 -1.71170 -59.95700073
v -28.30100 2.74720 -59.95000076
v -28.29930 3.85300 -65.95760345
v -28.29150 -32.63470 -29.95260048
v -28.27840 -27.11070 -32.95190048
v -28.15270 2.74480 -65.95429993
v -27.56980 -18.21300 -47.95280075
v -27.51500 -30.36310 -32.93980026
v -27.22640 -37.06010 -32.95660019
v -27.22300 -31.52610 -44.96680069
v -27.21590 -10.52190 -53.95700073
v -27.21430 -7.20290 -53.95259857
v -27.20860 -28.21460 -44.96340179
v -27.20480 -16.05060 -48.25339890
v -27.20470 -47.02340 -38.95700073
v -27.20470 -42.58910 -35.94820023
v -27.20470 -39.27180 -45.84640121
v -27.20470 -20.47370 -37.42699814
v -27.20470 -13.85690 -44.95700073
v -27.20470 -3.88710 -55.66529846
v -27.20470 -3.87610 -65.95719910
v -27.20470 -0.56980 -67.17230225
v -27.20410 -2.83470 -59.95790100
v -27.19370 -38.16590 -29.95739937
v -27.18570 -33.74220 -29.95400047
v -26.48450 -21.67190 -48.01470184
v -26.21340 -3.95910 -59.97330093
v -26.11990 -32.64100 -44.96049881
v -26.11410 -35.95830 -44.96609879
v -26.10890 0.67010 -59.86629868
v -26.10030 -14.92380 -47.95989990
v -26.09920 -7.20640 -56.96770096
v -26.09900 -8.31020 -52.69449997
v -26.09900 -4.99290 -54.96039963
v -26.09900 -2.78140 -66.71109772
v -26.09820 -45.91650 -38.95510101
v -26.09810 -17.15400 -41.94609833
v -26.09730 0.58150 -65.95269775
v -26.09550 -22.68200 -37.17480087
v -26.08390 -0.55400 -56.95679855
v -26.08080 -20.47160 -38.94559860
v -25.01130 -9.39560 -50.95619965
v -25.00090 -11.63900 -53.95090103
v -24.99730 -5.00150 -62.96110153
v -24.99470 -8.30960 -56.96860123
v -24.99440 -42.59560 -35.95330048
v -24.99430 -17.15650 -49.71549988
v -24.99320 -18.26210 -40.69979858
v -24.99140 -6.10330 -53.97539902
v -24.99120 0.54500 -59.95339966
v -24.98350 -25.99850 -35.93849945
v -24.96620 -26.01670 -47.96730042
v -24.84660 -19.38980 -49.78739929
v -23.92260 -30.39690 -47.95840073
v -23.90580 -12.73420 -50.94509888
v -23.89190 -28.22280 -35.95669937
v -23.89020 -40.38960 -47.96360016
v -23.88800 -1.66580 -65.95860291
v -23.88780 -6.10960 -59.95830154
v -23.88740 -7.20450 -55.15200043
v -23.88740 -6.09870 -54.84040070
v -23.88640 -17.15030 -41.95119858
v -23.88640 -14.93460 -44.95410156
v -23.88590 -31.53720 -47.97150040
v -23.72900 -22.59010 -39.13199997
v -23.40810 -23.91240 -39.03150177
v -22.85890 -39.24070 -47.93859863
v -22.80430 -32.63320 -47.96120071
v -22.79310 -29.32010 -35.95700073
v -22.79180 -13.84500 -50.92259979
v -22.78360 -33.73510 -35.35919952
v -22.78210 -10.52280 -56.96670151
v -22.78170 -40.37750 -35.48030090
v -22.78170 -17.15640 -50.92819977
v -22.78170 -16.05060 -51.25699997
v -22.78170 -10.52180 -50.38809967
v -22.78170 -8.31020 -53.00429916
v -22.78170 -7.20450 -58.91450119
v -22.78170 -1.66460 -65.95700073
v -22.78150 -16.03980 -44.95589828
v -22.78130 -2.77150 -56.95569992
v -22.77690 -3.90540 -65.95790100
v -22.76780 -1.61550 -60.02389908
v -21.74230 -14.94560 -53.96009827
v -21.68150 -26.00770 -38.95859909
v -21.67670 -19.37290 -41.96329880
v -21.67590 -27.10830 -37.90390015
v -21.67590 -14.75500 -47.95700073
v -21.67590 -11.62750 -49.71590042
v -21.67580 -4.99280 -62.97829819
v -21.67350 -45.91380 -38.95470047
v -20.72460 -24.92420 -51.61999893
v -20.64180 -40.39330 -36.53910065
v -20.57590 -34.84300 -35.96720123
v -20.57530 -7.20930 -62.96200180
v -20.57200 -40.38970 -47.95619965
v -20.57170 -2.77750 -62.97029877
v -20.57120 -9.42700 -50.95690155
v -20.57090 -12.73410 -56.96659851
v -20.57010 -14.94480 -49.21839905
v -20.57010 -13.83910 -49.35029984
v -20.57010 -4.99290 -63.84560013
v -20.56790 -44.85100 -38.94979858
v -20.52650 -7.81470 -53.88399887
v -19.60230 -19.37000 -53.89730072
v -19.47940 -44.91610 -44.99100113
v -19.47100 -17.28690 -44.95959854
v -19.46880 -6.10700 -63.56100082
v -19.46620 -9.42190 -59.96210098
v -19.46490 -38.16750 -35.96340179
v -19.46470 -21.56200 -41.92979813
v -19.46440 -37.06020 -36.53749847
v -19.46440 -28.21410 -51.71640015
v -19.46430 -30.42560 -50.34709930
v -19.46240 -1.66580 -59.95790100
v -19.46140 -3.86120 -56.94889832
v -18.91150 -45.90640 -41.95700073
v -18.40180 -26.06290 -52.67620087
v -18.36340 -17.16570 -44.96060181
v -18.36260 -10.52950 -59.96009827
v -18.36140 -16.04150 -47.94480133
v -18.36050 -14.94450 -56.96569824
v -18.35970 -4.98280 -62.96099854
v -18.35860 -45.91740 -44.95700073
v -18.35860 -39.27180 -36.70970154
v -18.35860 -23.79100 -41.91149902
v -18.35860 -14.94480 -48.51210022
v -18.35860 -12.73330 -50.06750107
v -18.35770 -10.53440 -50.95740128
v -18.35760 -2.76920 -59.95569992
v -18.35600 -45.92030 -38.95780182
v -18.34880 -4.96110 -56.98170090
v -18.25470 -8.57250 -53.99269867
v -17.47730 -23.63570 -53.93170166
v -17.25950 -9.42180 -62.95840073
v -17.25540 -10.53060 -59.96110153
v -17.25430 -42.58320 -47.96609879
v -17.25280 -41.48330 -37.43769836
v -17.25280 -19.36790 -44.08610153
v -17.25280 -16.05060 -46.92929840
v -16.23860 -26.03380 -53.99380112
v -16.15820 -32.63710 -50.95700073
v -16.15810 -30.42580 -53.95700073
v -16.15720 -33.74700 -50.95579910
v -16.15590 -12.73480 -62.95780182
v -16.14730 -47.02280 -44.95759964
v -16.14700 -47.02330 -38.95700073
v -16.14700 -11.62750 -52.73939896
v -16.14700 -4.99290 -58.69449997
v -16.14410 -3.87620 -59.95790100
v -15.23860 -12.71250 -59.97579956
v -15.14180 -7.34360 -57.55039978
v -15.06150 -8.25490 -63.47589874
v -15.05230 -16.05060 -59.95700073
v -15.04970 -14.94450 -62.96630096
v -15.04940 -32.63970 -53.95899963
v -15.04130 -42.58910 -37.74309921
v -15.04130 -20.47370 -45.66740036
v -15.04130 -11.62750 -52.94680023
v -15.04130 -4.98190 -62.95729828
v -15.04070 -13.83780 -50.89889908
v -15.03780 -3.83220 -59.95550156
v -15.00700 -42.61780 -48.76179886
v -14.16670 -17.30220 -48.55059814
v -14.01290 -18.27270 -59.95360184
v -13.98020 -17.15640 -59.95700073
v -13.96010 -21.56810 -44.97010040
v -13.94670 -17.15640 -62.95700073
v -13.93970 -27.10750 -56.96440125
v -13.93880 -24.89740 -56.97800064
v -13.93100 -37.05870 -38.95380020
v -13.85890 -29.38830 -42.04700089
v -13.28450 -24.92870 -45.12060165
v -12.84770 -20.47940 -59.96129990
v -12.84060 -37.06210 -50.95840073
v -12.83900 -32.64500 -41.93889999
v -12.83420 -19.37600 -62.95759964
v -12.83330 -39.27530 -50.97050095
v -12.82970 -19.36790 -47.08610153
v -12.82730 -6.09040 -59.95500183
v -12.82080 -22.68330 -59.94950104
v -12.81440 -15.93040 -50.94179916
v -12.81330 -40.34880 -50.96989822
v -11.72700 -35.96130 -53.95970154
v -11.72690 -29.32590 -56.95970154
v -11.72400 -34.84870 -41.16389847
v -11.72400 -20.47370 -47.08610153
v -11.72400 -10.52180 -55.88339996
v -11.72310 -13.83540 -53.90879822
v -11.72180 -7.19420 -59.95569992
v -11.68610 -16.05730 -50.82899857
v -11.62610 -12.99460 -63.56169891
v -11.11740 -32.63670 -55.89970016
v -10.84880 -25.17490 -59.99950027
v -10.62660 -27.11100 -59.95819855
v -10.61830 -8.30300 -62.95780182
v -10.61820 -44.80060 -38.47389984
v -10.61820 -35.95450 -41.94639969
v -10.61820 -30.42560 -44.06589890
v -10.61820 -26.00250 -46.73619843
v -10.61820 -21.57950 -61.03200150
v -10.61820 -16.05060 -52.33800125
v -10.61760 -7.19380 -59.95740128
v -10.61640 -40.36840 -38.95640182
v -10.61310 -11.63010 -56.48569870
v -10.60680 -19.38650 -62.95840073
v -10.60610 -41.54930 -49.69240189
v -9.52120 -22.68690 -47.95949936
v -9.51320 -35.96080 -53.96220016
v -9.51240 -33.74290 -43.69979858
v -9.51240 -21.57950 -61.36330032
v -9.51240 -17.15640 -62.37139893
v -9.51140 -8.29910 -59.95690155
v -8.44020 -38.16960 -41.93640137
v -8.41990 -18.26110 -50.96609879
v -8.40870 -10.43260 -62.95690155
v -8.40740 -33.75400 -56.95690155
v -8.40670 -30.42560 -58.26950073
v -8.40670 -29.31980 -46.69979858
v -8.40510 -47.02270 -38.95690155
v -8.40430 -8.30040 -59.95750046
v -8.39950 -16.05280 -62.95880127
v -8.39360 -44.77910 -38.95920181
v -8.38100 -39.36310 -51.87530136
v -8.26570 -42.56110 -38.97200012
v -8.00650 -20.52170 -50.59469986
v -7.30760 -23.15280 -61.37170029
v -7.30670 -47.02260 -41.93159866
v -7.30150 -28.23660 -59.95679855
v -7.30090 -30.42560 -58.45700073
v -7.30090 -26.00250 -49.44110107
v -7.30090 -14.94480 -62.22589874
v -7.29290 -35.95360 -44.95299911
v -7.29240 -28.21320 -47.95439911
v -7.29190 -17.15380 -53.95539856
v -7.29000 -18.25780 -53.95560074
v -6.19510 -33.74290 -47.26470184
v -6.19510 -29.31980 -56.94919968
v -6.19510 -23.79100 -51.97809982
v -6.19490 -10.51020 -59.95669937
v -6.19250 -13.83880 -56.94829941
v -6.18980 -40.37750 -41.93759918
v -6.18520 -30.42500 -47.95610046
v -6.18400 -37.06020 -47.95700073
v -6.18390 -37.06130 -53.97240067
v -6.18170 -11.61400 -62.95690155
v -6.17010 -41.50440 -49.89410019
v -5.24570 -39.27180 -50.95700073
v -5.11360 -12.73260 -62.96810150
v -5.10010 -37.05890 -50.95719910
v -5.08940 -47.02330 -44.95690155
v -5.08940 -39.27180 -48.62369919
v -5.08940 -38.16600 -49.45700073
v -5.08940 -35.95450 -49.44940186
v -5.08940 -30.42560 -58.72180176
v -5.08940 -29.33090 -59.95709991
v -5.08940 -10.49920 -59.95700073
v -5.08750 -35.96650 -53.97219849
v -5.08470 -21.57900 -53.89289856
v -5.07870 -11.62640 -59.95619965
v -5.02840 -41.39360 -41.74520111
v -4.38920 -26.02250 -50.97930145
v -3.98360 -44.80060 -42.76119995
v -3.98360 -32.63710 -49.69979858
v -3.98360 -30.42560 -58.47969818
v -3.98250 -16.04130 -56.95529938
v -3.98180 -29.31950 -50.94670105
v -3.98020 -39.26230 -44.95830154
v -3.97860 -31.52990 -50.94960022
v -3.97510 -29.32410 -59.95830154
v -3.97330 -14.94100 -59.95819855
v -3.97150 -12.73390 -59.95899963
v -3.96300 -42.58690 -47.96640015
v -3.95600 -32.67370 -57.69400024
v -2.88660 -23.79380 -53.96210098
v -2.88460 -40.37330 -47.93470001
v -2.87780 -41.48330 -43.44969940
v -2.87780 -35.95450 -53.98189926
v -2.87420 -27.10780 -53.94419861
v -2.87050 -19.36610 -59.96409988
v -2.86790 -19.36720 -56.95449829
v -2.86680 -17.15640 -59.95700073
v -2.85770 -35.95790 -50.94889832
v -2.84190 -26.00940 -59.94160080
v -2.81550 -34.84890 -53.97010040
v -1.77170 -28.20630 -53.95190048
v -1.76090 -20.47370 -56.95700073
v -1.76080 -44.80040 -44.95700073
v -1.76060 -40.37760 -44.95769882
v -1.62340 -27.05120 -57.01390076
v -0.68360 -32.63770 -53.96110153
v -0.67730 -29.31980 -53.95700073
v 0.45050 -20.47370 -53.95700073
v 1.55590 -21.57980 -53.95619965
v 1.55630 -29.31980 -53.95700073
v 2.66110 -21.58010 -59.95729828
v 2.66210 -22.68520 -56.95700073
v 2.66210 -18.25870 -56.95709991
v 2.66260 -16.05060 -59.95959854
v 2.66320 -20.47350 -50.95709991
v 2.66650 -24.87610 -50.94029999
v 3.75540 -19.37800 -50.96099854
v 3.75680 -29.31980 -58.01020050
v 3.76380 -30.42700 -50.97090149
v 3.76700 -26.00060 -50.95809937
v 3.76710 -37.02830 -44.92089844
v 3.76790 -41.48330 -47.95700073
v 3.76790 -24.89680 -59.95700073
v 3.76790 -17.15640 -53.95700073
v 3.76790 -16.05060 -56.95700073
v 3.76880 -32.63730 -50.95899963
v 3.76960 -39.27230 -47.96049881
v 3.77030 -38.18210 -50.90639877
v 3.77030 -30.41590 -44.97309875
v 4.86180 -28.22050 -47.97430038
v 4.86260 -41.48330 -48.94710159
v 4.86260 -27.10830 -49.47200012
v 4.86300 -39.25970 -50.95619965
v 4.87360 -32.63710 -53.95700073
v 4.87370 -27.10710 -59.95709991
v 5.96830 -42.57800 -47.95700073
v 5.96830 -41.47230 -44.95700073
v 5.96830 -38.16600 -43.47200012
v 5.96830 -35.95450 -52.70780182
v 5.96830 -35.95450 -43.39419937
v 5.96830 -22.68520 -48.92300034
v 5.96830 -14.94480 -54.85070038
v 5.96850 -12.74430 -59.95669937
v 5.97230 -18.24000 -50.98899841
v 5.97580 -40.37690 -41.96129990
v 5.97940 -47.01220 -41.95700073
v 6.01320 -32.71430 -43.79180145
v 7.05400 -29.26030 -59.96379852
v 7.07410 -48.10690 -44.95700073
v 7.07410 -42.57800 -47.95700073
v 7.07410 -33.74290 -43.90390015
v 7.07410 -13.83910 -55.47200012
v 7.07430 -34.83800 -53.95629883
v 7.07430 -12.74430 -56.95640182
v 7.07450 -33.73970 -56.93899918
v 7.07590 -48.10460 -41.99190140
v 7.08520 -39.27180 -41.95700073
v 7.08520 -27.10830 -44.95700073
v 7.09920 -27.09340 -47.91469955
v 8.14590 -19.10400 -50.26800156
v 8.17870 -33.73550 -53.95489883
v 8.17980 -26.01330 -44.96220016
v 8.17990 -33.74290 -44.96450043
v 8.17990 -24.89680 -46.47200012
v 8.17990 -16.05030 -52.72489929
v 8.18260 -43.68910 -47.95159912
v 9.11420 -18.39320 -60.58660126
v 9.28420 -10.53280 -59.95660019
v 9.28560 -48.10690 -44.95700073
v 9.28560 -48.10690 -41.95700073
v 9.28560 -43.69480 -39.71450043
v 9.28560 -35.95450 -41.25490189
v 9.28660 -21.58990 -47.95679855
v 9.28700 -34.83880 -53.95610046
v 9.28780 -33.74250 -41.98180008
v 9.29670 -34.84870 -41.95700073
v 10.25320 -28.23230 -43.03499985
v 10.32060 -40.31000 -50.18019867
v 10.38840 -12.73860 -53.96519852
v 10.38850 -16.05450 -50.96549988
v 10.39130 -10.53290 -56.95660019
v 10.39140 -30.42560 -42.25490189
v 10.39150 -47.00110 -41.95640182
v 10.39350 -26.00340 -44.96630096
v 10.39500 -45.90220 -38.97729874
v 10.45330 -42.69120 -48.63270187
v 11.47870 -46.99520 -38.97660065
v 11.49670 -47.00110 -44.95719910
v 11.49720 -43.69490 -47.06850052
v 11.49720 -32.63710 -57.63050079
v 11.49720 -32.63710 -41.08610153
v 11.49720 -20.47370 -46.72470093
v 11.49720 -17.15640 -49.72470093
v 11.49780 -34.83800 -53.95600128
v 11.50120 -42.58910 -38.96220016
v 11.50200 -23.79160 -44.96329880
v 12.60210 -45.89060 -44.98889923
v 12.60300 -44.80060 -38.38919830
v 12.60300 -39.27180 -50.06850052
v 12.60300 -33.73180 -56.95700073
v 12.60300 -30.42560 -41.17959976
v 12.60300 -29.31980 -58.94710159
v 12.60300 -23.79100 -43.47200012
v 12.60300 -22.68520 -43.72470093
v 12.60300 -12.73330 -52.90390015
v 12.60300 -8.32130 -56.95700073
v 12.60380 -28.20170 -59.95579910
v 12.61140 -37.05920 -38.95970154
v 12.61390 -8.30950 -59.95890045
v 12.61440 -26.00190 -41.95709991
v 13.70290 -31.52880 -56.95240021
v 13.70750 -8.31250 -56.97660065
v 13.70870 -40.37750 -48.94710159
v 13.70870 -37.06020 -51.73450089
v 13.70870 -35.95450 -51.82799911
v 13.70870 -20.47370 -45.84560013
v 13.70870 -18.26210 -46.90390015
v 13.70890 -14.94970 -50.96340179
v 13.71310 -45.90030 -38.95819855
v 13.71740 -35.95530 -38.95920181
v 13.72160 -39.27030 -35.95669937
v 13.72190 -38.16110 -35.95880127
v 14.78770 -20.45120 -59.98820114
v 14.79280 -33.75260 -38.10979843
v 14.80290 -22.68490 -59.95809937
v 14.80340 -31.53190 -53.95619965
v 14.80340 -30.42560 -56.95700073
v 14.80840 -23.78860 -56.95180130
v 14.80880 -29.31620 -53.95370102
v 14.80950 -28.21530 -56.94359970
v 14.81140 -33.74350 -52.19060135
v 14.81450 -39.27180 -49.70780182
v 14.81450 -23.79100 -41.38919830
v 14.81450 -18.26210 -46.72470093
v 14.82550 -32.63710 -38.95700073
v 15.29760 -11.83600 -60.53609848
v 15.89000 -18.25910 -59.97819901
v 15.91170 -28.21590 -53.95259857
v 15.91270 -22.68560 -56.94869995
v 15.91610 -7.20980 -56.97029877
v 15.91800 -19.37510 -44.96260071
v 15.91870 -21.59070 -41.95970154
v 15.92000 -13.84670 -50.96080017
v 15.92020 -42.58910 -46.94710159
v 15.92030 -47.00110 -41.95700073
v 15.92030 -31.53140 -52.44200134
v 15.92030 -5.00400 -59.95700073
v 16.95680 -30.44350 -38.99729919
v 17.01650 -31.53160 -50.95569992
v 17.01940 -35.95090 -47.95410156
v 17.02600 -45.89530 -44.95700073
v 17.02600 -42.57800 -35.95700073
v 17.02600 -40.37750 -48.57320023
v 17.02600 -34.84870 -49.44200134
v 17.02600 -33.74290 -36.40390015
v 17.02600 -17.15630 -46.72480011
v 17.02600 -13.83910 -49.72470093
v 17.02720 -8.32040 -53.95830154
v 17.02920 -26.00860 -53.93619919
v 18.06600 -35.04550 -35.31480026
v 18.11900 -16.05140 -59.95679855
v 18.12010 -22.68200 -53.95790100
v 18.12150 -42.58580 -44.95619965
v 18.12590 -19.36330 -53.95610046
v 18.12870 -18.26040 -56.94240189
v 18.12990 -6.10510 -56.96820068
v 18.13000 -20.48450 -41.96009827
v 18.13180 -39.27180 -47.06850052
v 18.13180 -9.41600 -52.46770096
v 18.13180 -3.89820 -59.95700073
v 18.16380 -42.53980 -35.22389984
v 18.29430 -29.40130 -38.07550049
v 19.22680 -17.15630 -53.95640182
v 19.23140 -12.73280 -59.95259857
v 19.23680 -13.84910 -47.95849991
v 19.23760 -45.90640 -43.18939972
v 19.23760 -30.42560 -50.06850052
v 19.23760 -11.61650 -59.95700073
v 19.23760 -6.10970 -56.95700073
v 19.23810 -18.26810 -44.96239853
v 19.23820 -32.63690 -36.75030136
v 19.23890 -7.20940 -53.97040176
v 19.24820 -47.00530 -38.92449951
v 19.24860 -6.09870 -53.95700073
v 19.28260 -40.38830 -46.38420105
v 19.65150 -22.88730 -52.87760162
v 20.18560 -6.16130 -60.73559952
v 20.33300 -33.74260 -47.95679855
v 20.34010 -23.82130 -39.63399887
v 20.34270 -5.00310 -56.96239853
v 20.34330 -42.58910 -44.35100174
v 20.34330 -42.58910 -35.08610153
v 20.34330 -10.52180 -50.28359985
v 20.34330 -2.79240 -59.95700073
v 20.34340 -29.31990 -49.84189987
v 20.34350 -8.31020 -52.21419907
v 20.34380 -16.05150 -46.47190094
v 20.34420 -24.90730 -38.95690155
v 20.35510 -39.27160 -32.95690155
v 20.59980 -26.02000 -51.53659821
v 21.32410 -44.76450 -35.96870041
v 21.43750 -10.52270 -59.95679855
v 21.43800 -14.94480 -56.95700073
v 21.43810 -14.94480 -53.95669937
v 21.44120 -13.83340 -56.95560074
v 21.44850 -20.47350 -40.72510147
v 21.44900 -5.00400 -53.95660019
v 21.44910 -48.10690 -38.95700073
v 21.44910 -47.00090 -41.95740128
v 21.44910 -27.10830 -36.84560013
v 21.44910 -13.82800 -53.95700073
v 21.44910 -12.73330 -48.96409988
v 21.44910 -8.29920 -59.95700073
v 21.45050 -14.95360 -47.95869827
v 21.45200 -18.26220 -43.21360016
v 22.40590 -30.46300 -35.35359955
v 22.42150 -34.93130 -34.36959839
v 22.55330 -3.89630 -56.96760178
v 22.55480 -2.79230 -59.95690155
v 22.55490 -49.21260 -38.95700073
v 22.55490 -44.80060 -43.11270142
v 22.55490 -32.63710 -47.27000046
v 22.55490 -26.00250 -50.06850052
v 22.55490 -16.05060 -43.72470093
v 22.55490 -13.82800 -56.95700073
v 22.55490 -11.62750 -58.18939972
v 22.55490 -9.41600 -49.96409988
v 22.55490 -7.21550 -50.95700073
v 22.55490 -4.99290 -60.91529846
v 22.56130 -22.68590 -38.96120071
v 23.58150 -28.26420 -35.25569916
v 23.64960 -11.62750 -56.95700073
v 23.65620 -45.77530 -36.67969894
v 23.65790 -29.32150 -47.95080185
v 23.66040 -7.19300 -59.95700073
v 23.66060 -48.10690 -41.95700073
v 23.66060 -37.06020 -45.52489853
v 23.66060 -23.79100 -50.62720108
v 23.66060 -22.68520 -37.47200012
v 23.66060 -21.57950 -37.72470093
v 23.66060 -12.72230 -53.95700073
v 23.66060 -3.89820 -53.95660019
v 24.75510 -21.57970 -50.95709991
v 24.75880 -12.75670 -44.93989944
v 24.76250 -2.79500 -53.97529984
v 24.76640 -49.21260 -38.95700073
v 24.76640 -30.42560 -46.84189987
v 24.76640 -19.36790 -51.48360062
v 24.76640 -11.63840 -47.95709991
v 24.76640 -9.41600 -57.94699860
v 24.76640 -2.78140 -61.18939972
v 24.76640 -1.68660 -59.95679855
v 24.76900 -35.95310 -32.96149826
v 24.76990 -28.18040 -47.95660019
v 24.77780 -22.68460 -35.95729828
v 24.81490 -45.92880 -35.96530151
v 25.17500 -39.06590 -44.41230011
v 25.84770 -23.78560 -35.09080124
v 25.86110 -33.74290 -44.95700073
v 25.86490 -34.85150 -44.95330048
v 25.86870 -17.15590 -50.95220184
v 25.87210 -45.89430 -41.95669937
v 25.87210 -18.27310 -38.95840073
v 25.87220 -39.27180 -32.17559814
v 25.87220 -31.53140 -45.73450089
v 25.87220 -24.89680 -48.73450089
v 25.87220 -21.57950 -50.06850052
v 25.87220 -11.61680 -53.95640182
v 25.87220 -9.41600 -49.20629883
v 25.87220 -3.88720 -61.84189987
v 25.87270 -7.20670 -50.96469879
v 25.87320 -1.67610 -62.92919922
v 25.87500 -2.78750 -56.96329880
v 25.87790 -34.84890 -32.95999908
v 25.87830 -17.16040 -41.96129990
v 25.88370 0.53490 -62.95750046
v 25.88390 -20.47250 -35.95920181
v 25.90950 -7.17010 -59.97209930
v 26.90560 -27.05570 -33.05310059
v 26.95490 -42.59650 -32.97639847
v 26.96650 -26.00060 -47.95769882
v 26.96690 -31.53140 -44.95700073
v 26.97800 -31.53140 -32.21450043
v 26.97800 -14.95590 -41.95700073
v 26.97800 -13.83910 -51.82799911
v 26.97800 -9.41600 -56.06340027
v 26.97800 -6.10990 -50.95690155
v 26.98010 -47.00040 -41.96039963
v 26.98010 -47.00020 -38.95389938
v 26.98470 -30.42560 -32.96009827
v 28.04830 -13.89650 -43.19430161
v 28.07270 -23.79100 -47.95700073
v 28.07330 -28.21430 -44.95629883
v 28.08180 -9.42520 -47.96049881
v 28.08220 -14.94630 -50.94960022
v 28.08230 -11.63730 -44.96080017
v 28.08310 -2.78860 -53.96459961
v 28.08310 -0.58030 -56.95970154
v 28.08370 -18.26210 -35.97829819
v 28.08370 -16.06170 -38.95750046
v 28.08370 1.63060 -59.95700073
v 28.08370 1.64170 -64.44200134
v 28.08390 -9.40800 -53.95180130
v 28.09010 -24.89510 -32.96139908
v 29.17990 -22.68460 -44.95539856
v 29.18930 -6.09860 -58.44269943
v 29.18950 -19.36790 -48.69950104
v 29.18950 -17.16740 -38.95700073
v 29.18950 -16.06170 -35.95700073
v 29.18950 -12.73330 -51.73450089
v 29.18950 -10.52180 -52.44200134
v 29.18950 -7.20440 -49.96699905
v 29.18950 -3.88720 -61.44200134
v 29.18950 -1.67560 -55.72470093
v 29.18950 2.73640 -62.95700073
v 29.19010 -3.89230 -53.96440125
v 29.19010 1.63150 -59.95859909
v 29.19580 -22.68350 -32.96139908
v 29.19710 -47.00570 -41.95640182
v 29.26660 -18.23410 -34.87049866
v 30.28420 -19.36790 -44.95700073
v 30.28420 -9.41600 -50.95700073
v 30.28480 -21.58020 -44.95560074
v 30.28720 -20.47420 -47.94400024
v 30.28860 -7.20280 -50.96490097
v 30.29480 -14.95470 -38.96080017
v 30.29520 -9.42710 -47.95729828
v 30.29520 0.53590 -66.82800293
v 30.29520 1.64170 -57.85070038
v 30.29560 -47.01200 -38.98600006
v 30.29650 -34.85880 -29.97179985
v 30.29660 -49.21390 -41.95920181
v 30.29660 -12.74490 -41.95629883
v 30.30010 -20.47120 -32.96390152
v 30.42590 -41.33250 -43.26869965
v 31.07600 -42.55490 -32.93830109
v 31.25100 -47.15160 -42.40230179
v 31.39000 -18.26210 -47.95700073
v 31.39000 -18.26210 -44.95700073
v 31.39000 -7.20450 -53.95700073
v 31.39240 -16.04820 -44.95600128
v 31.39560 -4.98740 -56.95740128
v 31.39700 -0.56640 -65.94100189
v 31.39950 -11.63300 -44.96500015
v 31.40100 -27.10830 -28.72470093
v 31.40100 -17.15640 -33.85070038
v 31.40100 -14.94480 -48.82799911
v 31.40100 -12.73330 -49.69979858
v 31.40100 -2.78140 -55.46770096
v 31.40100 1.64170 -67.94709778
v 31.40110 -2.77370 -59.94879913
v 31.40200 -18.26010 -32.97050095
v 31.40230 -35.94720 -29.95919991
v 31.40370 3.84860 -65.94830322
v 31.40720 -24.89440 -29.96360016
v 32.49570 -34.84870 -41.95700073
v 32.49570 -30.42560 -38.95700073
v 32.49570 -16.05060 -47.95700073
v 32.49570 -14.94490 -44.95669937
v 32.49600 -12.73350 -44.95769882
v 32.49900 -13.83650 -47.95600128
v 32.50590 -0.56250 -62.98669815
v 32.50610 6.05400 -62.95510101
v 32.50670 1.63030 -56.95669937
v 32.50680 -19.36790 -31.72470093
v 32.50680 -12.74440 -41.95700073
v 32.50680 -9.42700 -47.95700073
v 32.50680 -2.78140 -56.08610153
v 32.50680 -1.67560 -62.06340027
v 32.50680 -0.56980 -55.93130112
v 32.50690 4.94790 -65.95719910
v 32.50980 2.74750 -58.21360016
v 32.51240 -35.94820 -29.95899963
v 32.51310 -22.68280 -29.96360016
v 32.51840 4.95890 -68.95919800
v 33.60150 -20.47370 -38.95700073
v 33.60150 -12.73330 -47.95700073
v 33.60150 -10.52180 -47.95700073
v 33.60160 -28.21680 -38.95650101
v 33.60170 -33.76070 -41.94300079
v 33.60180 -30.42530 -41.95679855
v 33.60490 -33.74560 -38.95610046
v 33.60490 -23.78810 -41.95640182
v 33.60940 -45.89560 -35.95729828
v 33.60970 -47.00900 -38.97499847
v 33.61230 6.05380 -59.95729828
v 33.61260 -49.21260 -41.95700073
v 33.61260 -33.74290 -25.72470093
v 33.61260 -13.85010 -35.95700073
v 33.61260 -3.87610 -56.95700073
v 33.61480 0.54720 -68.95719910
v 33.61820 -20.47170 -29.96389961
v 33.62070 -24.89410 -26.96540070
v 33.62360 -27.10830 -26.95700073
v 34.70660 -45.89950 -41.97290039
v 34.70730 -47.01220 -41.95700073
v 34.70730 -14.94480 -41.95700073
v 34.70770 -20.47510 -41.96139908
v 34.70910 -34.84990 -38.95560074
v 34.70920 -37.06170 -38.95550156
v 34.71480 -38.17250 -41.95479965
v 34.71640 6.05380 -65.95600128
v 34.71690 -0.55970 -65.95590210
v 34.71760 3.84180 -56.95700073
v 34.71810 -2.77040 -56.95719910
v 34.71820 6.05370 -59.95660019
v 34.71830 -44.78960 -35.95700073
v 34.71830 -35.95450 -27.96699905
v 34.71830 -14.95590 -38.95690155
v 34.71830 -0.55880 -59.95700073
v 34.71860 -39.26060 -29.95689964
v 34.72060 0.54810 -62.95270157
v 34.72290 -18.26010 -29.96540070
v 34.72320 -22.68170 -26.97130013
v 34.72740 -28.21490 -23.96199989
v 34.72940 -26.00250 -23.95700073
v 34.74340 -15.00880 -32.84170151
v 35.81210 -18.26200 -38.95819855
v 35.81300 -40.37730 -38.95669937
v 35.81310 -45.90640 -38.95700073
v 35.81320 -38.16600 -38.95470047
v 35.81640 -16.05070 -38.95080185
v 35.81930 -42.58100 -32.96060181
v 35.82370 0.54720 -68.95860291
v 35.82410 -44.78960 -35.95700073
v 35.82410 -32.63710 -22.90390015
v 35.82410 -17.16740 -29.95700073
v 35.82410 -2.77030 -56.95700073
v 35.82710 -33.73210 -26.95999908
v 35.82900 -20.47020 -26.97130013
v 35.82980 -23.78500 -23.97570038
v 35.83500 -33.74230 -23.95700073
v 35.83520 -26.00250 -20.95700073
v 35.83520 9.38210 -68.95700073
v 36.91540 -44.80400 -41.95349884
v 36.91880 -39.27180 -41.95700073
v 36.92390 -42.58340 -35.96260071
v 36.92780 -41.48470 -38.93109894
v 36.92880 1.65210 -59.95719910
v 36.92990 -35.94340 -23.95700073
v 36.92990 -20.47370 -37.51990128
v 36.92990 1.65280 -68.95709991
v 36.93100 -19.37690 -26.96669960
v 36.93560 -21.57350 -23.97579956
v 36.94050 8.27540 -65.95709991
v 36.94090 -23.79100 -20.95700073
v 37.05390 -28.29830 -36.62469864
v 38.02610 -22.68520 -35.95449829
v 38.03280 6.05340 -56.95830154
v 38.03550 -13.84910 -35.95619965
v 38.03560 -0.55880 -56.95709991
v 38.03570 -42.57800 -32.95700073
v 38.03570 -33.74290 -25.94709969
v 38.03570 -28.21410 -19.47200012
v 38.03570 -17.16740 -26.95700073
v 38.03570 -17.15640 -31.72470093
v 38.03570 -14.95590 -32.95700073
v 38.03570 0.53590 -58.44200134
v 38.03570 1.65280 -65.95700073
v 38.03570 11.58260 -68.95700073
v 38.03590 -31.51990 -20.95709991
v 38.03600 -26.00250 -19.21409988
v 38.03620 -19.38000 -29.95540047
v 38.04140 -19.36190 -23.97579956
v 38.04170 -32.62630 -26.95919991
v 38.04670 -21.57950 -20.95700073
v 38.04670 8.27630 -59.95700073
v 38.04670 9.38210 -59.95700073
v 39.03800 2.96390 -56.37049866
v 39.07030 -22.88700 -19.46380043
v 39.12610 -35.92310 -35.95589828
v 39.12990 -21.57760 -35.95769882
v 39.13000 -18.26650 -35.98989868
v 39.13040 -40.37750 -35.95700073
v 39.13040 4.95900 -68.95700073
v 39.13530 -17.16090 -32.95970154
v 39.14140 -17.16740 -26.95700073
v 39.14140 6.05370 -56.95700073
v 39.14140 10.47680 -59.95700073
v 39.14140 11.58260 -68.95700073
v 39.14170 -19.37980 -29.95829964
v 39.14200 -18.26310 -23.98340034
v 39.14290 -39.25830 -29.95840073
v 39.14300 10.47890 -65.96160126
v 39.14330 -30.42480 -20.96450043
v 39.15250 -19.36790 -20.95700073
v 39.34210 -32.79550 -35.81710052
v 40.23720 -39.27120 -32.95830154
v 40.23930 -23.79210 -32.95380020
v 40.24720 -35.95450 -34.44200134
v 40.24720 -30.42560 -19.47200012
v 40.24720 10.47680 -59.95700073
v 40.24780 -19.36790 -32.92760086
v 40.25820 -24.89680 -17.95700073
v 40.25820 -18.26210 -20.95700073
v 40.25820 61.35320  87.04299927
v 40.25820 64.67050  87.04299927
v 40.26060 -32.61860 -20.20490074
v 40.28420 9.42250 -69.85639954
v 40.33110 -28.19410 -34.65290070
v 41.31060 -27.13020 -15.05630016
v 41.34030 -38.16860 -32.95840073
v 41.34350 4.95880 -59.95249939
v 41.34740 -37.05500 -29.95719910
v 41.35250 7.18230 -68.95690155
v 41.35290 -33.74290 -28.58040047
v 41.35300 -29.30880 -26.95700073
v 41.35300 -22.68520 -15.85070038
v 41.35300 -16.06170 -20.95700073
v 41.35300 2.74750 -58.18939972
v 41.35300 6.06480 -59.93579865
v 41.35590 -16.05790 -23.95170021
v 41.35990 -20.47120 -17.96430016
v 41.36320 65.77640  87.04239655
v 41.36400 71.30520  87.04299927
v 41.55090 -26.01570 -33.59740067
v 42.41200 -21.54730 -30.01829910
v 42.43370 -27.10270 -13.48099995
v 42.44860 -19.36690 -29.95420074
v 42.45320 6.07040 -62.95650101
v 42.45760 6.07390 -65.95330048
v 42.45870 -35.94340 -23.95700073
v 42.45870 -31.53140 -19.46769905
v 42.45870 -18.26210 -17.98699951
v 42.45870 -17.15640 -28.18939972
v 42.45870 -14.95590 -23.95700073
v 42.45870 9.37100 -56.95700073
v 42.45870 13.79410 -68.95700073
v 42.45900 -30.41460 -26.95689964
v 42.45920 -33.73060 -20.95700073
v 42.46330 -19.36730 -17.97559929
v 42.46490 -21.57210 -14.97360039
v 42.46800 1.65400 -56.95819855
v 42.46980 -17.15640 -17.95700073
v 42.46980 13.80520 -62.95700073
v 42.46980 71.30520  78.04299927
v 42.46980 71.30520  84.04299927
v 42.46980 73.51670  87.04299927
v 42.46980 80.15130  75.04299927
v 42.48600 14.93970 -62.92729950
v 43.49040 62.49370  82.66500092
v 43.55070 -33.74410 -32.95569992
v 43.55500 -31.65580 -32.98970032
v 43.56450 -34.83760 -29.95700073
v 43.56450 -29.31980 -32.32839966
v 43.56450 -18.26210 -20.92700005
v 43.56450 -17.14530 -26.95700073
v 43.56450 -16.05060 -27.73450089
v 43.56450 -16.05060 -23.98699951
v 43.56450 3.85320 -57.94699860
v 43.56450 12.69940 -70.44640350
v 43.56450 13.80520 -61.47200012
v 43.56450 59.14170  88.27529907
v 43.56580 -32.63080 -20.96409988
v 43.56660 64.67050  90.03359985
v 43.56810 -29.31370 -17.96199989
v 43.56900 6.07900 -59.95840073
v 43.57010 -20.47260 -14.96930027
v 43.57100 74.61870  87.04090118
v 43.57210 76.81870  87.01589966
v 43.57240 79.04820  75.04429626
v 43.57530 83.46290  75.04540253
v 43.57550 70.19940  78.04299927
v 43.57550 72.41090  84.04309845
v 43.57550 74.62250  78.04299927
v 43.57630 67.97480  78.06390381
v 43.57650 75.72370  75.04290009
v 43.57710 77.93980  78.05039978
v 44.64490 65.77550  90.00689697
v 44.65980 -18.26340 -23.95630074
v 44.66850 11.58120 -56.95769882
v 44.67020 -34.83760 -23.95700073
v 44.67020 -32.63710 -28.72540092
v 44.67020 -26.00250 -31.44949913
v 44.67020 -23.80200 -29.95700073
v 44.67020 -19.36790 -25.44199944
v 44.67020 -16.05060 -14.98700047
v 44.67020 -14.95590 -17.95700073
v 44.67020 6.06480 -58.69979858
v 44.67020 10.48780 -69.82800293
v 44.67020 14.89990 -68.95700073
v 44.67020 60.24750  82.55799866
v 44.67030 -30.41440 -26.95719910
v 44.67030 -27.10850 -10.47229958
v 44.67030 17.11150 -62.95729828
v 44.67070 12.69370 -59.96319962
v 44.67450 82.36480  78.02320099
v 44.67740 13.80620 -71.94840240
v 44.67940 63.56460  90.04149628
v 44.68130 16.01670 -71.95700073
v 44.68130 66.88210  78.04299927
v 44.68130 73.51670  69.04299927
v 44.68130 77.93980  81.04299927
v 44.72840 64.72730  77.91280365
v 45.77520 -22.69430 -26.95560074
v 45.77580 11.58150 -56.95709991
v 45.77600 -31.53140 -30.94709969
v 45.77600 -29.31980 -15.47990036
v 45.77600 -28.20300 -14.95699978
v 45.77600 -28.20300 -11.95699978
v 45.77600 -18.26210  -9.85070038
v 45.77600 9.39310 -68.95700073
v 45.77600 18.21720 -62.95700073
v 45.77600 61.35320  79.55799866
v 45.77600 71.30520  91.27529907
v 45.77600 73.51670  67.55799866
v 45.77600 76.83400  88.78569794
v 45.77600 85.66910  75.04299927
v 45.77950 12.70810 -71.95539856
v 45.78160 55.82980  87.04360199
v 45.78370 77.93100  69.02400208
v 45.78390 73.51730  90.03880310
v 45.78590 73.51650  75.04299927
v 45.78600 72.41280  75.04450226
v 45.78700 80.14860  87.04250336
v 45.78710 -28.21410  -8.95699978
v 45.78710 -21.57950  -5.95699978
v 45.78710 17.12250 -68.95700073
v 45.78710 62.45820  51.04299927
v 45.78710 72.41090  69.04299927
v 45.78710 72.41090  90.04299927
v 45.78710 80.15130  84.04299927
v 45.78710 81.25710  72.04299927
v 45.78720 74.62200  72.04450226
v 45.78740 70.20010  72.04019928
v 45.78760 50.29520  51.04349899
v 45.78760 55.76010  51.04489899
v 45.80770 -22.65900  -8.94999981
v 46.87080 10.48690 -62.95489883
v 46.87090 -31.53140 -29.95730019
v 46.87450 11.59840 -62.95589828
v 46.88150 -13.84960 -14.95540047
v 46.88170 71.30500  66.07289886
v 46.88180 -33.73180 -23.95700073
v 46.88180 -29.31980 -28.21430016
v 46.88180 -29.30880  -8.95699978
v 46.88180 -19.37900 -23.95700073
v 46.88180 -18.27320 -20.95700073
v 46.88180 7.17050 -58.44200134
v 46.88180 60.24750  91.78569794
v 46.88180 62.45900  76.55799866
v 46.88180 82.35180  69.04299927
v 46.88200 -32.63240 -20.97430038
v 46.88260 18.21810 -62.95709991
v 46.88260 84.56340  78.04219818
v 46.88310 -14.95030 -17.94549942
v 46.88500 71.30630  91.78649902
v 46.88660 -19.37050  -5.96439981
v 46.88720 18.22260 -68.95680237
v 46.88790 70.19960  69.05390167
v 46.88830 58.03750  90.03859711
v 46.88860 69.09720  72.03929901
v 46.89130 -17.15140  -8.96920013
v 46.89170 56.92960  90.03949738
v 46.89210 -27.10920  -5.96010017
v 46.89250 70.20320  75.04409790
v 46.89280 49.18980  51.04299927
v 46.89280 63.56480  51.04299927
v 46.89280 74.62250  90.04299927
v 46.89280 81.25710  84.04299927
v 46.89280 82.36290  72.04299927
v 46.89280 82.36290  87.04299927
v 46.89300 54.71820  60.04299927
v 46.89620 -17.15390  -5.95289993
v 46.91770 59.10310  81.04419708
v 46.92690 63.53510  74.99189758
v 47.98530 -31.52210 -17.96069908
v 47.98540 -22.68280  -4.47310019
v 47.98680 59.14230  78.07219696
v 47.98710 10.49900 -68.95749664
v 47.98750 -29.30870  -8.95689964
v 47.98750 69.09340  66.07299805
v 47.98750 84.56320  72.04290009
v 47.98760 -31.53140 -24.73450089
v 47.98760 -28.21410 -26.35099983
v 47.98760 7.18160 -56.95700073
v 47.98760 9.38210 -61.18939972
v 47.98760 16.00560 -59.95700073
v 47.98760 18.22820 -72.63050079
v 47.98760 50.29550  56.14929962
v 47.98760 53.62390  87.04299927
v 47.98760 70.19940  94.09609985
v 47.98760 72.41090  67.29219818
v 47.98760 80.15130  88.78569794
v 47.98760 81.24600  69.04299927
v 47.98760 83.45760  81.04299927
v 47.98770 -27.09710 -26.95700073
v 47.98790 -29.30910 -14.95979977
v 47.98920 -13.84960 -14.95510006
v 47.99280 62.45680  54.03400040
v 47.99280 65.77180  75.04560089
v 47.99400 19.33020 -62.95930099
v 47.99780 45.87220  51.04380035
v 47.99830 65.77630  72.04389954
v 47.99830 66.88260  69.04450226
v 47.99850 -14.94500  -5.95270014
v 47.99850 19.33400 -65.95860291
v 47.99850 65.77740  54.04359818
v 47.99860 -16.05060  -8.95699978
v 47.99860 13.80520 -56.95700073
v 47.99860 53.61280  60.04410172
v 47.99860 53.61290  57.04299927
v 47.99860 55.82440  57.04299927
v 47.99860 55.82440  60.04299927
v 47.99860 58.03380  93.04019928
v 47.99860 69.09360  75.04299927
v 47.99880 20.44270 -62.95660019
v 47.99950 63.56660  60.04449844
v 48.00290 66.88890  51.03239822
v 49.06680 84.54330  87.07420349
v 49.08710 12.69660 -71.92610168
v 49.08920 13.81420 -62.95600128
v 49.09270 54.71860  84.07279968
v 49.09290 -30.41430  -8.96609974
v 49.09290 67.98800  66.07270050
v 49.09310 62.45840  96.02719879
v 49.09330 11.59360 -61.18939972
v 49.09330 48.08400  56.14929962
v 49.09330 66.88210  63.07300186
v 49.09330 71.30520  66.93150330
v 49.09330 84.57440  72.93659973
v 49.09330 85.66910  75.04299927
v 49.09350 84.56610  78.03549957
v 49.09400 55.82560  93.01840210
v 49.09470 51.40200  60.02170181
v 49.09580 56.92970  93.02809906
v 49.09900 60.24170  75.06159973
v 49.09930 61.35310  75.05529785
v 49.10060 75.73090  93.03679657
v 49.10090 49.18560  57.02849960
v 49.10130 61.35550  48.04579926
v 49.10280 -27.10820  -2.95989990
v 49.10280 -19.36640  -2.95959997
v 49.10400 -12.73390  -5.95400000
v 49.10410 -13.83970 -11.95660019
v 49.10420 63.56640  69.03970337
v 49.10440 -12.73330 -11.95699978
v 49.10440 22.65130 -62.95700073
v 49.10440 42.55520  51.04299927
v 49.10440 44.76670  51.04299927
v 49.10440 63.56480  66.04299927
v 49.10440 65.77630  66.04299927
v 49.10440 69.09360  54.04299927
v 49.10440 79.04550  90.04299927
v 49.10480 67.98810  96.04309845
v 49.10490 56.92750  78.04129791
v 49.12770 77.39100  67.65760040
v 49.16990 61.30180  94.80979919
v 49.63820 53.36500  48.93190002
v 49.99560 12.48230 -56.38690186
v 50.18750 -24.89740 -26.95870018
v 50.18800 -23.79100 -26.95689964
v 50.19540 81.24440  69.03869629
v 50.19670 69.08140  51.04470062
v 50.19810 18.22120 -59.96400070
v 50.19880 -28.20280  -2.95709991
v 50.19880 10.48760 -59.93930054
v 50.19910 -32.62610 -20.95700073
v 50.19910 -23.80200 -29.95700073
v 50.19910 -14.95590 -17.95700073
v 50.19910 -14.94480  -0.85070002
v 50.19910 14.91090 -72.57319641
v 50.19910 18.22820 -73.84190369
v 50.19910 21.53450 -71.95700073
v 50.19910 54.71860  64.52799988
v 50.19910 54.71860  84.06420135
v 50.19910 64.67050  64.81060028
v 50.19910 67.98790  64.55799866
v 50.19910 80.15130  91.27529907
v 50.19920 83.46520  72.06060028
v 50.20030 13.80720 -65.98629761
v 50.20100 -18.26910 -20.95100021
v 50.20150 -32.62410 -23.93680000
v 50.20230 62.46200  72.06120300
v 50.20330 52.50510  63.02849960
v 50.20330 69.09180  96.03679657
v 50.20330 77.94450  93.02809906
v 50.20400 69.09190  57.03120041
v 50.20580 55.82490  63.03530121
v 50.20730 58.03000  75.05819702
v 50.20760 46.97720  57.03160095
v 50.20780 62.46160  66.04039764
v 50.21000 55.82160  99.04229736
v 50.21000 62.45950  63.04040146
v 50.21010 43.66170  54.04219818
v 50.21010 59.14450  72.04470062
v 50.21020 21.54550 -65.95700073
v 50.21020 40.34360  51.04299927
v 50.21020 52.50710  87.04299927
v 50.21020 55.82440  78.04299927
v 50.21020 55.82440  81.04299927
v 50.21020 58.03530  66.04049683
v 50.21020 62.45900  48.04299927
v 50.21240 46.97690  60.04610062
v 50.21510 54.76000  96.19560242
v 50.31500 55.76280  48.01599884
v 51.29380 16.01670 -62.95700073
v 51.30140 82.35560  90.03639984
v 51.30460 -31.52060 -20.95470047
v 51.30490 -24.89680 -28.47200012
v 51.30490 -19.37900 -23.95700073
v 51.30490 12.69940 -61.18939972
v 51.30490 16.01670 -71.93579865
v 51.30490 24.85180 -62.95700073
v 51.30490 52.50710  65.14929962
v 51.30490 64.67050  62.35060120
v 51.30490 67.97680  51.04299927
v 51.30490 71.30520  64.55799866
v 51.30490 84.56330  78.04299927
v 51.30520 -11.62710  -2.98690009
v 51.30600 -25.99500   0.03840000
v 51.30680 84.56580  87.04209900
v 51.30980 41.44530  54.02439880
v 51.31010 56.93250  75.05190277
v 51.31130 -12.73340 -14.94559956
v 51.31130 52.51000  84.05020142
v 51.31190 19.33250 -59.96250153
v 51.31220 51.40200  63.03760147
v 51.31260 44.76390  57.02840042
v 51.31270 19.33900 -74.95539856
v 51.31310 55.81850  75.05829620
v 51.31360 50.29720  87.04599762
v 51.31390 -26.04030 -30.28199959
v 51.31440 -13.83410   0.03080000
v 51.31450 45.87330  48.04410172
v 51.31500 53.61330  99.04370117
v 51.31550 39.23760  51.04349899
v 51.31550 56.93010  96.04250336
v 51.31560 43.66090  60.04209900
v 51.31570 -13.84190   3.04229999
v 51.31590 -10.52180  -5.95699978
v 51.31590 22.65130 -74.95700073
v 51.31590 52.50710  90.04290009
v 51.31590 53.61290  78.04299927
v 51.31590 56.93020  69.04299927
v 51.31590 56.93020  99.04299927
v 51.31600 48.08470  63.04270172
v 51.31640 49.18940  99.04399872
v 51.31660 -23.78920   3.04430008
v 51.32790 34.83620  51.07669830
v 51.34240 66.87800  60.12599945
v 52.40270 11.59930 -56.96429825
v 52.40920 67.97710  51.04380035
v 52.40950 71.29920  54.05149841
v 52.41010 16.02590 -62.95040131
v 52.41040 16.01640 -71.92720032
v 52.41070 -31.52030 -23.95700073
v 52.41070 -27.09720 -29.95700073
v 52.41070 -23.79100   4.27530003
v 52.41070 -11.62750  -2.97830009
v 52.41070 -0.56980 -24.94700050
v 52.41070 -0.56980 -22.96699905
v 52.41070 21.54550 -58.72470093
v 52.41070 23.74600 -74.95700073
v 52.41070 61.35320 101.14929962
v 52.41070 72.39990  57.04299927
v 52.41070 83.45760  75.04299927
v 52.41070 85.66910  87.04299927
v 52.41130 13.80520 -59.93820190
v 52.41150 74.61210  66.04299927
v 52.41380 76.83530  96.03309631
v 52.41460 46.97790  63.02880096
v 52.41540 39.23670  54.02310181
v 52.41590 -8.31610  -5.95709991
v 52.41590 54.72090  75.05190277
v 52.41620 -11.62720 -17.94639969
v 52.41680 75.72780  96.03649902
v 52.41710 50.29840  84.05020142
v 52.41760 -13.83840 -20.94610023
v 52.41890 53.60700  75.05829620
v 52.42010 40.35310  60.05509949
v 52.42060 33.70930  51.04389954
v 52.42140 67.98780  63.04320145
v 52.42140 72.41270  63.04729843
v 52.42160 29.28580  51.04309845
v 52.42170 -14.94480 -20.95700073
v 52.42170 -12.73330   0.04300000
v 52.42170 -12.73330   3.04299998
v 52.42170 -9.41560 -14.95880032
v 52.42170 -7.20450 -17.95700073
v 52.42170 -6.09870 -11.95699978
v 52.42170 -4.99290   3.04299998
v 52.42170 -3.88720  -8.95699978
v 52.42170 19.33400 -56.95700073
v 52.42170 42.55520  57.04290009
v 52.42170 42.55520  60.04299927
v 52.42170 45.87250  87.04299927
v 52.42170 45.87250  99.04299927
v 52.42170 48.08400  87.04299927
v 52.42170 48.08400  99.04299927
v 52.42170 51.40130  78.04299927
v 52.42170 55.82440  69.04290009
v 52.42170 64.67050  63.04299927
v 52.42200 73.51660  99.04229736
v 52.42230 71.30740  60.03659821
v 52.42340 -18.26060   6.04729986
v 52.57580 -21.39630 -25.24360085
v 53.50530 -0.56980 -23.95700073
v 53.51180 81.25610  93.02410126
v 53.51310 63.53030  48.02170181
v 53.51320 83.46440  90.02700043
v 53.51380 24.85130 -68.95040131
v 53.51400 18.23800 -74.95939636
v 53.51480 -29.31140 -14.96030045
v 53.51520 13.80640 -59.92699814
v 53.51520 73.51120  63.05490112
v 53.51530 82.35250  75.03980255
v 53.51600 17.13350 -65.95559692
v 53.51600 21.54640 -58.47249985
v 53.51610 74.61280  66.04519653
v 53.51610 79.03350  69.04280090
v 53.51640 -30.41450 -17.95700073
v 53.51640 -30.41450  -8.95699978
v 53.51640 -23.80200 -29.95700073
v 53.51640 -21.57950   7.52799988
v 53.51640 -8.31020   5.14930010
v 53.51640 19.33400 -56.17959976
v 53.51640 23.75710 -61.21429825
v 53.51640 24.86280 -61.47200012
v 53.51640 25.95760 -62.95700073
v 53.51640 45.87250  84.93659973
v 53.51640 72.39990  60.04299927
v 53.51640 79.04540  94.78569794
v 53.51640 80.15130  70.55799866
v 53.51650 -28.20410  -5.95860004
v 53.51790 23.74630 -74.95899963
v 53.51790 82.35250  81.04609680
v 53.51830 43.65900  47.17070007
v 53.52270 -4.99410 -11.94550037
v 53.52310 -13.84100   6.03590012
v 53.52310 -6.10230 -17.95540047
v 53.52320 48.08540  66.03510284
v 53.52360 52.50790  75.05169678
v 53.52410 45.87240 102.03440094
v 53.52430 -8.31290 -14.95520020
v 53.52530 61.35280 102.03880310
v 53.52580 42.57010 108.01920319
v 53.52600 25.96710 -65.95559692
v 53.52600 53.61320  69.03649902
v 53.52610 43.66120  66.04029846
v 53.52630 -7.20430 -11.95370007
v 53.52680 1.64180 -14.95549965
v 53.52710 40.34320  48.04359818
v 53.52750 -12.73330   9.04300022
v 53.52750 -3.88720  -5.95699978
v 53.52750 -2.78140 -11.95699978
v 53.52750 -2.78140  -5.95679998
v 53.52750 -1.67560 -23.95700073
v 53.52750 -0.56650  -5.95699978
v 53.52750 2.74750 -23.95700073
v 53.52750 23.75710  51.04299927
v 53.52750 24.86280 -71.95700073
v 53.52750 37.02620  57.04339981
v 53.52750 38.13210  48.04299927
v 53.52750 39.23780  57.04299927
v 53.52750 39.23780  60.04299927
v 53.52750 40.34360  69.04299927
v 53.52750 40.34360 105.04299927
v 53.52750 49.18980  75.04299927
v 53.52750 49.18980  81.04299927
v 53.52750 58.05990  46.97549820
v 53.52750 66.88210 102.04299927
v 53.52770 28.18010  51.04280090
v 53.52860 -11.62730   6.04530001
v 53.53030 45.87260 107.99949646
v 53.53050 47.01330  69.15010071
v 53.53450 0.54470 -17.95140076
v 53.58590 -23.67570 -25.76980019
v 54.61110 83.46860  87.04299927
v 54.61530 70.19660  57.04790115
v 54.61710 69.09520  54.06010056
v 54.61900 67.98710  54.05619812
v 54.62120 82.36260  93.01319885
v 54.62210 -28.20340  -2.95919991
v 54.62210 18.22820 -55.58039856
v 54.62210 20.43980 -55.72470093
v 54.62220 -13.83910 -22.44199944
v 54.62220 27.06330 -65.95700073
v 54.62220 40.34360 107.14929962
v 54.62230 24.85160 -68.95490265
v 54.62310 -12.73290 -20.94280052
v 54.62380 17.13200 -62.94990158
v 54.62450 -0.58460 -26.93020058
v 54.62470 -25.99720   0.03390000
v 54.62740 45.87480  84.05180359
v 54.62880 50.29640 108.03389740
v 54.62890 34.81580  48.04769897
v 54.62900 49.19120 105.03510284
v 54.62960 -2.78860  -8.95699978
v 54.63060 -2.77930 -23.95380020
v 54.63100 -23.79120   6.03340006
v 54.63100 -4.99000   6.03590012
v 54.63250 60.24810 108.04149628
v 54.63320 44.76900  72.04119873
v 54.63330 -28.21410   0.04300000
v 54.63330 -22.68520   9.04300022
v 54.63330 -2.78140   3.04299998
v 54.63330 0.53590  -5.95699978
v 54.63330 2.74750 -17.95700073
v 54.63330 3.85320 -26.95700073
v 54.63330 3.85320 -20.95700073
v 54.63330 3.85320 -14.95699978
v 54.63330 4.95900 -14.95699978
v 54.63330 37.02630 105.04299927
v 54.63330 38.13210  63.04299927
v 54.63330 38.13210  69.04299927
v 54.63330 39.23780  48.04299927
v 54.63330 39.23780  87.04299927
v 54.63330 41.44940  87.04299927
v 54.63330 41.44940 102.04299927
v 54.63330 42.55520 -17.95700073
v 54.63330 46.97820 -17.95700073
v 54.63350 37.02670  99.04190063
v 54.63350 46.97840 108.04319763
v 54.63370 46.97810  72.04399872
v 54.63390 -14.94300  12.04399967
v 54.63410 76.83490  99.04170227
v 54.63420 -0.56890  -8.95720005
v 54.63480 38.13410 102.04129791
v 54.63670 -4.99400 -20.96319962
v 54.64660 -21.58380   9.07409954
v 54.64840 -1.66520  -2.87940001
v 54.69420 71.27840 102.09549713
v 55.70290 51.56120  45.66139984
v 55.71560 -15.04050 -23.96419907
v 55.71690 -29.31980 -20.95700073
v 55.71690 72.41100  63.04660034
v 55.71800 79.04550  72.04570007
v 55.71820 -18.20280  10.52040005
v 55.72270 18.23380 -68.95890045
v 55.72710 19.34730 -74.96119690
v 55.72720 -29.30880 -23.95719910
v 55.72760 20.45040 -65.95629883
v 55.72790 -4.98400 -23.94799995
v 55.72790 27.07440  49.05289841
v 55.72790 43.66050 111.02790070
v 55.72800 -26.00250   1.52789998
v 55.72800 -14.94480  13.09609985
v 55.72800 -7.20450 -21.94709969
v 55.72800 3.85320 -28.18939972
v 55.72800 19.33400 -62.94200134
v 55.72800 27.06330 -71.95700073
v 55.72800 34.82580 105.04299927
v 55.72800 39.23780  84.93659973
v 55.72800 41.44940 109.52799988
v 55.72800 46.97820 -15.85070038
v 55.72800 48.07290 -17.95700073
v 55.72800 55.82440  46.34590149
v 55.72800 63.56480  49.81060028
v 55.72800 72.39990  60.04299927
v 55.72800 81.24600  75.04299927
v 55.72800 83.45760  93.04299927
v 55.72840 71.29370  63.04309845
v 55.73110 39.23670  72.02149963
v 55.73260 80.15130  96.03150177
v 55.73280 -2.77790   6.02430010
v 55.73330 69.09740 105.02510071
v 55.73360 -3.88610   6.03049994
v 55.73630 4.95630 -20.95669937
v 55.73650 6.06280 -14.95940018
v 55.73700 3.85140 -17.95490074
v 55.73730 42.55860  45.04510117
v 55.73740 42.54670  81.05380249
v 55.73760 23.75660  54.03929901
v 55.73800 14.91090 -20.95529938
v 55.73800 24.86340  48.04439926
v 55.73820 4.95820 -26.95910072
v 55.73830 33.70900  78.04489899
v 55.73840 29.28510  48.04399872
v 55.73850 -0.56990  -2.96059990
v 55.73850 7.17070 -23.95490074
v 55.73850 9.38190 -17.95529938
v 55.73870 37.02660  69.04530334
v 55.73890 42.55560  75.04170227
v 55.73900 -12.73330  12.04300022
v 55.73900 -6.09870   9.04300022
v 55.73900 -1.67560 -26.95700073
v 55.73900 -0.56980   3.04299998
v 55.73900 1.64170  -8.95699978
v 55.73900 2.74750  -5.95699978
v 55.73900 10.48420 -20.95779991
v 55.73900 11.59360 -23.95700073
v 55.73900 11.59360 -20.95700073
v 55.73900 25.96860 -74.95700073
v 55.73900 31.49750  48.04299927
v 55.73900 33.70900  60.04299927
v 55.73900 34.81480  96.04299927
v 55.73900 35.91120  93.04560089
v 55.73900 37.02630  63.04299927
v 55.73900 38.13210  96.04299927
v 55.73900 44.76670  75.04329681
v 55.73900 44.76670 111.04299927
v 55.73910 34.81470  69.04260254
v 55.73920 28.18000  54.04330063
v 55.73920 43.66080 -20.95709991
v 55.73960 66.88260 108.04309845
v 55.74170 35.92320  45.03820038
v 55.74900 61.30230  48.01440048
v 55.76340 39.24570  45.01309967
v 55.76610 43.73070 -14.87450027
v 55.82420 75.69580 100.16560364
v 56.78680 18.23730 -55.92380142
v 56.82280 64.67020  54.04270172
v 56.83040 -28.20740 -23.95529938
v 56.83040 67.98000  57.04339981
v 56.83150 79.04210  99.02989960
v 56.83220 81.24600  81.03919983
v 56.83310 27.07360 -59.98669815
v 56.83370 -25.99150   6.04300022
v 56.83370 -9.41600  14.14929962
v 56.83370 -4.98190 -26.95700073
v 56.83370 18.23930 -71.95700073
v 56.83370 20.43980 -65.98709869
v 56.83370 22.65130  49.30020142
v 56.83370 23.75710 -53.98699951
v 56.83370 37.03740  87.04299927
v 56.83370 38.13210  84.07299805
v 56.83370 43.66090 -22.18939972
v 56.83370 74.62250  67.55799866
v 56.83370 77.93980 100.09609985
v 56.83370 81.25710  97.09609985
v 56.83400 41.46020 -17.95709991
v 56.83450 42.55720 -14.97929955
v 56.83470 -30.41450  -8.96059990
v 56.83520 -16.03120  12.06009960
v 56.83550 20.44880 -53.96049881
v 56.83570 -12.72820 -23.94289970
v 56.83590 35.93100 102.04519653
v 56.83640 73.51120  66.05429840
v 56.83680 40.35040 108.03929901
v 56.83690 19.33290 -62.92699814
v 56.83750 -24.88910   3.04250002
v 56.83850 -0.56640   6.02449989
v 56.83870 6.06250 -29.94610023
v 56.83930 13.80510 -23.94219971
v 56.83980 4.95620 -11.96329975
v 56.84020 25.97170 -56.97760010
v 56.84060 32.60670  78.03929901
v 56.84130 38.13390  72.03790283
v 56.84200 39.23760  75.03549957
v 56.84210 33.71170  69.04360199
v 56.84220 3.85090  -8.95619965
v 56.84230 -12.73270  15.03779984
v 56.84230 45.87300 111.03839874
v 56.84320 16.01550 -20.95750046
v 56.84340 33.71280  45.04399872
v 56.84360 60.24740 111.03990173
v 56.84370 32.60390  60.04100037
v 56.84390 12.69960 -20.95870018
v 56.84430 1.64160  -2.95980000
v 56.84440 34.81530  78.04380035
v 56.84450 6.06520  -5.95580006
v 56.84470 30.39180  63.04299927
v 56.84480 3.85320   3.04299998
v 56.84480 4.95900  -8.95699978
v 56.84480 7.17050 -20.95700073
v 56.84480 8.27630  -5.95699978
v 56.84480 12.69940 -26.95700073
v 56.84480 20.43980 -50.95700073
v 56.84480 37.02630  90.04299927
v 56.84480 42.55520 -20.95700073
v 56.84510 19.33440 -20.95660019
v 56.84520 41.44940  81.04190063
v 56.84530 24.86370  57.04359818
v 56.84540 1.64210   3.04419994
v 56.84690 31.49540  72.04290009
v 56.84840 35.91640  81.03639984
v 56.88170 61.35160  48.06880188
v 56.88760 44.74330  45.33420181
v 57.86840 54.79820  46.11100006
v 57.87720 -2.72480 -27.72470093
v 57.92860 32.57800  45.07329941
v 57.92960 76.83400  72.04579926
v 57.93280 62.45230  51.03929901
v 57.93370 62.45170  54.04560089
v 57.93580 -28.20430  -2.95079994
v 57.93770 19.33720 -59.94070053
v 57.93810 71.30320 105.03209686
v 57.93850 20.44640 -68.96340179
v 57.93870 18.23900 -56.95750046
v 57.93890 69.08120 108.04290009
v 57.93900 -9.42490 -23.95520020
v 57.93930 33.72010  96.04209900
v 57.93950 -19.36790  12.91390038
v 57.93950 -7.20450 -22.70599937
v 57.93950 2.74750 -29.16379929
v 57.93950 22.65130 -48.85070038
v 57.93950 28.18020  46.55799866
v 57.93950 33.70880  84.01200104
v 57.93950 34.82580 105.04299927
v 57.93950 45.87250 -22.01020050
v 57.93950 66.88210 109.34329987
v 57.93950 72.39990  60.04299927
v 57.93950 79.03450  78.04299927
v 57.93960 -29.30880 -17.95700073
v 57.93960 -4.98250 -23.95369911
v 57.93980 74.61900  69.05690002
v 57.94130 -25.99230   3.04200006
v 57.94340 27.06670 -56.95729828
v 57.94370 60.24760 114.02459717
v 57.94450 -10.52120  18.03160095
v 57.94450 14.91070 -14.97379971
v 57.94510 6.05960  -2.95869994
v 57.94520 74.62200 102.03829956
v 57.94540 0.53580   6.03100014
v 57.94570 34.81880  90.04650116
v 57.94600 -29.31560   0.04240000
v 57.94620 11.59130 -14.96570015
v 57.94710 44.76630 -11.96119976
v 57.94730 28.18220  60.03799820
v 57.94740 32.60500  81.03649902
v 57.94790 29.28860  69.04350281
v 57.94820 19.33640  51.04330063
v 57.94830 14.90950 -23.95359993
v 57.94890 25.96950  60.03739929
v 57.94910 -8.30520  15.03079987
v 57.94910 39.23900 -20.95560074
v 57.94980 20.43950 -20.95849991
v 57.95010 40.34290 -23.95579910
v 57.95020 34.81490  81.04190063
v 57.95050 62.46050 111.04129791
v 57.95060 6.06480  -8.95699978
v 57.95060 8.27630  -8.95699978
v 57.95060 9.38210  -5.95699978
v 57.95060 10.48290  -8.96119976
v 57.95060 17.12250 -29.95700073
v 57.95060 19.33400 -47.95700073
v 57.95060 29.28590 -74.95700073
v 57.95060 31.49750  84.04299927
v 57.95060 33.70900 -20.95700073
v 57.95060 37.02630 -14.95699978
v 57.95060 39.23740 -14.95230007
v 57.95060 40.34360 -11.95699978
v 57.95070 9.38280 -11.95520020
v 57.95070 19.33430 -14.95370007
v 57.95080 30.39140 -62.95569992
v 57.95090 6.06770   3.04380012
v 57.95090 10.48690 -32.95709991
v 57.95090 29.28560  75.04280090
v 57.95100 23.75750 -20.95630074
v 57.95130 27.07380  69.04309845
v 57.95180 41.44920 114.04589844
v 57.95270 19.33520 -17.95319939
v 57.95560 -8.30760  18.00219917
v 57.99630 -30.41400  -5.88649988
v 59.03420 -7.20450  -8.95699978
v 59.03420 -2.78140 -20.95700073
v 59.03420 -0.56980 -14.95699978
v 59.03440 1.64200  -8.95720005
v 59.03510 -10.52330  -8.95660019
v 59.04180 -27.10160 -23.95549965
v 59.04480 19.33470  54.01369858
v 59.04500 32.61440  96.03710175
v 59.04510 21.55650 -62.95690155
v 59.04520 -30.41450   0.04300000
v 59.04520 -28.20300 -20.95709991
v 59.04520 -27.09720  -2.95700002
v 59.04520 -18.26210  14.03299999
v 59.04520 2.74750   9.01299953
v 59.04520 10.48780 -35.06340027
v 59.04520 18.23930 -71.95700073
v 59.04520 18.23930 -47.95700073
v 59.04520 19.33400 -44.98709869
v 59.04520 20.45080 -59.95700073
v 59.04520 20.45080 -53.95700073
v 59.04520 24.86280 -48.85070038
v 59.04520 25.96860  44.05289841
v 59.04520 31.48640 -74.95700073
v 59.04520 33.72000 105.04299927
v 59.04520 37.02630 -12.85070038
v 59.04520 45.87250 -22.18939972
v 59.04520 58.03590  47.44900131
v 59.04520 58.03590 117.01290131
v 59.04520 64.67050  55.81060028
v 59.04520 65.77630 110.65290070
v 59.04520 75.72830 103.09609985
v 59.04520 77.93950 100.78589630
v 59.04530 77.92910  75.04499817
v 59.04540 73.51680 103.78579712
v 59.04560 28.19110  78.04699707
v 59.04570 38.14230 108.04199982
v 59.04590 45.86130 -11.95730019
v 59.04590 53.60280  45.04330063
v 59.04640 43.68080  -8.99100018
v 59.04660 -20.46900  12.03759956
v 59.04760 30.39340  84.02770233
v 59.04810 71.30310 105.03389740
v 59.04860 6.07250 -32.95439911
v 59.05070 34.81990 102.04440308
v 59.05130 23.75320  45.05459976
v 59.05170 -2.78170  15.03020000
v 59.05170 29.28310 -59.96409988
v 59.05280 24.86460  60.03789902
v 59.05290 11.59290 -32.94940186
v 59.05330 19.33300 -23.95100021
v 59.05400 -7.20550  15.03600025
v 59.05430 32.60470 -20.95429993
v 59.05440 4.96280   6.03140020
v 59.05510 20.43940 -14.96000004
v 59.05510 43.66300 117.04029846
v 59.05550 7.17020  -2.95980000
v 59.05580 29.28510 -53.95429993
v 59.05600 25.95430 -30.01560020
v 59.05610 18.22770  -5.95190001
v 59.05620 8.27610   3.04740000
v 59.05630 -0.56980  12.04300022
v 59.05630 -0.56980  18.04299927
v 59.05630 9.38210  -8.95699978
v 59.05630 13.80520 -35.95700073
v 59.05630 24.86280 -23.95700073
v 59.05630 27.07440 -20.95700073
v 59.05630 29.28590  84.04299927
v 59.05630 31.49750 -71.95700073
v 59.05630 48.08400 117.04299927
v 59.05630 62.45900 117.04299927
v 59.05630 64.67040 114.04350281
v 59.05640 -7.20430  18.04319954
v 59.05640 23.75700  63.04320145
v 59.05650 12.70020  -5.95550013
v 59.05660 14.91070 -32.95809937
v 59.05670 35.92010 -14.95499992
v 59.05870 39.24790  -8.93840027
v 59.05940 24.86580 -14.94900036
v 59.06040 60.26480 117.05549622
v 59.06850 -27.08760   6.01410007
v 59.07620 -11.60760 -24.70649910
v 59.96640 -19.14070 -24.87809944
v 60.03680 42.59210 -26.17700005
v 60.08060 -24.87380   9.04349995
v 60.13050 -16.02340  15.04800034
v 60.13920 -8.30980 -11.95530033
v 60.13920 1.64100 -20.95700073
v 60.13930 -3.88690 -26.95540047
v 60.13990 -10.52180 -14.95699978
v 60.13990 -2.78140 -17.95700073
v 60.13990 0.53570 -23.95750046
v 60.13990 0.53590 -11.95699978
v 60.13990 0.53590  -2.95700002
v 60.13990 1.64170 -14.95699978
v 60.14060 0.53600 -17.95929909
v 60.14070 -12.73490  -8.95559978
v 60.14100 -11.62830  -2.95619988
v 60.14220 3.85510 -20.95499992
v 60.14300 -4.99470 -20.95479965
v 60.14340 2.74500  -8.91940022
v 60.14340 4.96170 -11.95989990
v 60.14450 -8.31310 -17.96409988
v 60.14690 19.34650 -74.96330261
v 60.14730 19.34070 -71.95860291
v 60.14780 56.92780  48.04940033
v 60.14840 74.61650  72.04889679
v 60.15050 18.23930 -56.95679855
v 60.15070 17.13330  51.04370117
v 60.15080 30.39060 -74.93720245
v 60.15090 63.55370  54.04309845
v 60.15100 -14.94480  16.52799988
v 60.15100 -11.62750  19.27529907
v 60.15100 -8.31020 -22.44199944
v 60.15100 -6.09870 -21.82799911
v 60.15100 2.74750 -28.44199944
v 60.15100 9.38210 -34.94710159
v 60.15100 11.59360 -36.82799911
v 60.15100 18.23930 -44.95700073
v 60.15100 20.45080 -50.95700073
v 60.15100 23.75710  66.01300049
v 60.15100 25.96860  71.14929962
v 60.15100 27.07440 -48.85070038
v 60.15100 28.19120  75.04290009
v 60.15100 29.27400 -74.95829773
v 60.15100 29.28590  43.55799866
v 60.15100 32.61430 102.04299927
v 60.15100 33.70890 -26.92959976
v 60.15100 33.72000  99.04299927
v 60.15100 34.81480 106.52799988
v 60.15100 38.14310 108.04299927
v 60.15100 67.98790  59.05300140
v 60.15100 81.24600  81.04299927
v 60.15100 83.45760  93.04299927
v 60.15110 27.07970  72.03029633
v 60.15120 -29.30880 -14.95650005
v 60.15130 83.45750  87.04280090
v 60.15140 19.34350 -47.95090103
v 60.15150 48.07180 -17.95840073
v 60.15160 71.29440  63.04550171
v 60.15180 44.75770 -23.95079994
v 60.15270 79.03650  78.04889679
v 60.15340 29.29460  81.04299927
v 60.15340 32.61090  93.03949738
v 60.15410 51.41070 120.01770020
v 60.15610 37.02760 -11.96910000
v 60.15710 6.06200   6.03669977
v 60.15750 22.65440  60.03689957
v 60.15780 21.54700  57.03499985
v 60.15790 17.10680 -35.94459915
v 60.15810 20.43890 -41.97740173
v 60.15920 20.43910 -11.96430016
v 60.15980 22.65170  45.04710007
v 60.15990 18.22760 -32.95169830
v 60.16100 40.34400 -26.95280075
v 60.16150 22.65460 -44.96530151
v 60.16170 31.49760  87.04139709
v 60.16200 11.59330   0.04190000
v 60.16200 19.33370  -5.95629978
v 60.16210 -9.41590  21.04290009
v 60.16210 0.53590  12.04300022
v 60.16210 1.64170  18.04299927
v 60.16210 8.27630   6.04300022
v 60.16210 9.38210   3.04299998
v 60.16210 18.22810 -41.95700073
v 60.16210 19.33400  57.04299927
v 60.16210 22.65130 -41.95700073
v 60.16210 27.07440 -29.95709991
v 60.16210 28.18350  -5.95699978
v 60.16210 29.28590 -11.95699978
v 60.16210 34.81480 -29.95700073
v 60.16210 39.23780 -29.95700073
v 60.16210 46.97820 120.04299927
v 60.16210 64.67050 117.04299927
v 60.18760 80.18780  98.98259735
v 60.26040 -22.65900  10.85589981
v 61.24020 2.77300  -6.04650021
v 61.24470 -10.54450 -23.97690010
v 61.24490 0.53460  -5.95830011
v 61.24540 69.09720  60.04959869
v 61.24560 -11.62730 -11.95289993
v 61.24570 -13.83910  -2.95700002
v 61.24570 -9.41600 -20.95700073
v 61.24570 -9.41600 -17.95700073
v 61.24570 -6.09870 -20.95700073
v 61.24570 -0.56980 -26.95700073
v 61.24570 3.85320 -23.95700073
v 61.24570 4.95900 -20.95700073
v 61.24570 45.87250 -17.95700073
v 61.24570 82.36290  87.04299927
v 61.24600 -8.30970  -5.95639992
v 61.24610 3.85310 -17.95540047
v 61.24630 6.06380  -8.95409966
v 61.24660 1.64260  -2.95689988
v 61.24680 7.17080  -8.95450020
v 61.24730 2.74980 -26.95560074
v 61.24820 -14.94760  -8.95610046
v 61.24870 -19.37230  -8.95660019
v 61.24930 -11.63110 -17.95700073
v 61.24960 -13.84360 -20.95280075
v 61.24980 82.35950  93.04280090
v 61.25420 21.55320 -59.95550156
v 61.25530 8.28450 -20.95599937
v 61.25550 7.17920 -23.96080017
v 61.25560 -12.74300 -23.95669937
v 61.25570 23.76270  66.03050232
v 61.25580 71.29360 108.04209900
v 61.25630 65.76550 117.04190063
v 61.25650 27.08560  78.03720093
v 61.25680 -18.26210  15.91390038
v 61.25680 19.33420  45.07189941
v 61.25680 19.34510 -47.95700073
v 61.25680 19.34510 -44.95700073
v 61.25680 20.43980  42.93659973
v 61.25680 22.65130  65.14929962
v 61.25680 27.07440  -3.85069990
v 61.25680 28.18020 -47.98699951
v 61.25680 32.60320 -73.01020050
v 61.25680 35.92050 107.59609985
v 61.25680 38.13210  -7.47200012
v 61.25680 41.44940 118.52799988
v 61.25680 42.55520  -7.71850014
v 61.25680 45.86140 -11.95699978
v 61.25680 54.71860  46.55799866
v 61.25680 55.82440  47.05300140
v 61.25680 56.93020 118.79370117
v 61.25680 59.14170  49.81060028
v 61.25680 69.09360 108.99530029
v 61.25680 77.93980 100.52799988
v 61.25680 82.35180  96.04299927
v 61.25690 74.61160  72.04519653
v 61.25700 17.12220 -41.92890167
v 61.25760 65.76570  57.04529953
v 61.25830 6.07700 -32.95610046
v 61.25840 32.60260 -59.98580170
v 61.26220 76.82810  75.05960083
v 61.26240 31.50150  90.03209686
v 61.26350 -8.31040  21.03709984
v 61.26360 25.96860 -35.94559860
v 61.26440 43.66050 120.03820038
v 61.26740 21.54470  63.04069901
v 61.26750 23.75700 -44.95980072
v 61.26750 27.07450  42.04349899
v 61.26760 29.28530  87.04049683
v 61.26790 2.74750  18.04299927
v 61.26790 9.38210   9.04300022
v 61.26790 11.59340   6.04360008
v 61.26790 12.69940   3.04299998
v 61.26790 16.01670 -38.95700073
v 61.26790 21.54550 -38.95700073
v 61.26790 21.54550 -35.95700073
v 61.26790 30.39170 -35.95700073
v 61.26790 31.49750 -53.95700073
v 61.26790 31.49750  99.04299927
v 61.26790 46.97820 -56.95700073
v 61.26790 52.50710 120.04299927
v 61.26830 18.22580   0.04500000
v 61.26840 3.85010  15.04539967
v 61.26900 31.49610  96.04060364
v 61.26980 34.81780  -5.99380016
v 61.27050 18.21040   3.11080003
v 61.28600 74.59760 105.06970215
v 61.39340 44.89560  44.18349838
v 62.30900 32.58160  42.08760071
v 62.34890 -14.94090 -20.95680046
v 62.35150 -21.57950  -8.95699978
v 62.35150 -11.62750  -5.95699978
v 62.35150 -9.41600  -5.95699978
v 62.35150 73.51670  69.04299927
v 62.35190 4.95950 -29.95630074
v 62.35220 3.85360 -26.95490074
v 62.35560 7.17420 -17.95420074
v 62.35580 -14.94680 -14.96520042
v 62.35590 8.27840 -14.96549988
v 62.35640 -16.05680 -20.95719910
v 62.35660 28.18590  87.02420044
v 62.36070 -16.05290 -11.97270012
v 62.36120 18.23910 -44.95320129
v 62.36120 72.40860  69.06289673
v 62.36150 -29.31360 -14.94649982
v 62.36240 -30.41450 -11.95759964
v 62.36250 18.23920  60.04280090
v 62.36250 77.93940  78.07119751
v 62.36260 -28.20300 -17.95700073
v 62.36260 -25.99500 -20.94860077
v 62.36260 -24.88570 -23.95700073
v 62.36260 -22.68520  11.03299999
v 62.36260 -14.94480  18.91390038
v 62.36260 -7.20450  22.52799988
v 62.36260 0.53590  23.14929962
v 62.36260 6.06480  -7.44199991
v 62.36260 9.38210 -34.44200134
v 62.36260 19.34510 -71.95700073
v 62.36260 20.45080 -65.95700073
v 62.36260 20.45080 -47.95700073
v 62.36260 25.96860  72.01300049
v 62.36260 29.28590  40.81060028
v 62.36260 33.70900 110.14929962
v 62.36260 34.80370 -71.95700073
v 62.36260 37.03740 114.04299927
v 62.36260 40.34360 -31.18939972
v 62.36260 40.34360  -6.34709978
v 62.36260 44.75560 -23.95700073
v 62.36260 44.75560  -8.95699978
v 62.36260 48.08400 121.52799988
v 62.36260 53.60180 -56.95700073
v 62.36260 54.71860 120.74510193
v 62.36260 61.35320  52.81060028
v 62.36260 63.56480  55.55799866
v 62.36270 24.87340  69.04149628
v 62.36290 27.08450  84.04170227
v 62.36370 77.93410  99.03050232
v 62.36380 29.29270  90.02439880
v 62.36420 12.70840 -38.95249939
v 62.36560 21.55640 -62.95849991
v 62.36640 34.80920 -62.96129990
v 62.36770 21.54530  39.05910110
v 62.36790 19.33310 -47.93030167
v 62.36870 20.44080  42.05289841
v 62.36890 12.69820   6.03170013
v 62.36920 -11.62370  21.04129982
v 62.37300 16.01700  51.04169846
v 62.37300 35.92060 -53.95439911
v 62.37320 25.96840 -44.95970154
v 62.37340 25.96850 -38.95640182
v 62.37360 4.95900  18.04299927
v 62.37360 9.38610  15.04290009
v 62.37360 12.69880   9.04759979
v 62.37360 16.01670  39.04299927
v 62.37360 17.12250  42.04299927
v 62.37360 17.12250  48.04299927
v 62.37360 19.33400   0.04310000
v 62.37360 23.76040   3.04299998
v 62.37360 24.86280   0.04300000
v 62.37360 30.39170 -44.95700073
v 62.37360 32.60320 -50.95709991
v 62.37360 33.70900 -53.95700073
v 62.37360 34.81480 -68.95700073
v 62.37360 38.13210 -32.95700073
v 62.37360 44.76670 -56.95700073
v 62.37440 -4.99120  24.04450035
v 62.55010 59.13500 118.31580353
v 63.45030 30.36850 -74.95659637
v 63.45070 53.63330  48.07730103
v 63.45680 18.24520 -56.92800140
v 63.45730 -22.68520 -23.95700073
v 63.45730 -14.94480 -17.95700073
v 63.45730 80.15130  96.04299927
v 63.45740 -16.05090  -2.95659995
v 63.45810 -2.78040   3.04460001
v 63.45870 72.41000  72.04589844
v 63.45990 -17.15750  -2.95289993
v 63.45990 70.20290  66.05300140
v 63.46050 -18.26080  -5.94649982
v 63.46070 79.03950  96.03939819
v 63.46080 51.39770  48.04270172
v 63.46110 61.36080  54.05739975
v 63.46280 52.50150  45.04299927
v 63.46330 79.03750  90.03759766
v 63.46340 7.17310 -26.96820068
v 63.46410 10.49210 -11.95810032
v 63.46490 9.39000 -20.95829964
v 63.46560 22.65920 -62.95520020
v 63.46680 -7.20390   3.01650000
v 63.46680 25.96870  75.01290131
v 63.46760 -27.09660 -17.95899963
v 63.46770 35.92080 111.01920319
v 63.46780 16.01750 -41.94390106
v 63.46810 29.29710  99.03720093
v 63.46820 -27.09720  -2.95689988
v 63.46830 -30.41450  -5.95699978
v 63.46830 -30.41450   0.04300000
v 63.46830 -18.26210  16.27529907
v 63.46830 -11.62750  22.52799988
v 63.46830 -9.41600  24.91390038
v 63.46830 7.18160 -23.95700073
v 63.46830 18.22820   9.01299953
v 63.46830 18.23930 -47.95700073
v 63.46830 19.34510 -53.95679855
v 63.46830 24.86280  36.93659973
v 63.46830 29.29700  90.04299927
v 63.46830 30.40270 102.04299927
v 63.46830 31.49750  90.05799866
v 63.46830 31.50850  87.04299927
v 63.46830 33.69790 -71.95700073
v 63.46830 33.70900 -38.06340027
v 63.46830 34.81480 112.52799988
v 63.46830 35.92050  -4.47200012
v 63.46830 37.02630 -35.06340027
v 63.46830 38.14310 117.04299927
v 63.46830 39.23780  -4.90390015
v 63.46830 42.55520 -29.06340027
v 63.46830 43.64990 -26.95700073
v 63.46830 51.40130 -55.71849823
v 63.46830 52.50710 121.79370117
v 63.46830 54.71860 120.82039642
v 63.46830 70.18830 108.04299927
v 63.46830 76.82290 102.04299927
v 63.46850 31.50070 105.02169800
v 63.46870 20.45080 -74.95700073
v 63.46870 21.55660 -59.95650101
v 63.46880 37.02710 114.01609802
v 63.46890 11.60190 -35.94990158
v 63.46890 28.18000  87.02269745
v 63.46920 28.19060  81.04450226
v 63.46950 -22.68330  -8.94200039
v 63.46970 20.44950  63.04059982
v 63.47000 16.01730  54.01819992
v 63.47010 33.71220 111.02940369
v 63.47060 43.64990 -11.95619965
v 63.47130 30.38590  87.03410339
v 63.47200 13.81270  51.04259872
v 63.47370 0.53580  24.03050041
v 63.47500 3.85130  21.03590012
v 63.47500 11.59130  12.03429985
v 63.47620 22.65000  69.03089905
v 63.47730 9.38220  21.03770065
v 63.47760 29.28590  -2.96129990
v 63.47870 49.18960 123.04260254
v 63.47880 40.34310 -53.95539856
v 63.47900 23.75690  36.04460144
v 63.47940 -8.31020  24.04299927
v 63.47940 12.69940  30.04299927
v 63.47940 14.91090  36.04299927
v 63.47940 18.22820  30.04299927
v 63.47940 20.44310   9.04300022
v 63.47940 25.96860   3.04299998
v 63.47940 31.49750 -38.95700073
v 63.47940 34.81480 -47.95660019
v 63.47940 37.02630 -53.95700073
v 63.47940 42.55520 -56.95700073
v 63.47950 6.06450  30.04619980
v 63.48060 43.66090 123.04350281
v 63.48070 21.54580   6.04559994
v 63.49390 0.42160  -0.73680001
v 64.56130 49.18570  45.02410126
v 64.56200 22.65710 -60.00180054
v 64.56210 -19.36710 -11.95699978
v 64.56230 -7.20330   0.04220000
v 64.56260 -2.78210   0.04140000
v 64.56310 -19.36790 -20.95700073
v 64.56310 -10.52180   0.04300000
v 64.56310 64.67050  60.04299927
v 64.56310 71.30520  69.04299927
v 64.56310 73.51670  75.04299927
v 64.56320 -1.67570   3.04570007
v 64.56350 -18.26520 -20.95680046
v 64.56360 -3.88730   6.04360008
v 64.56420 -8.31170   3.04539990
v 64.56440 -10.52390   3.04399991
v 64.56830 10.49320  -8.95660019
v 64.56860 0.53830   0.04870000
v 64.56870 62.46570  57.06179810
v 64.56900 20.44540 -53.95610046
v 64.56930 50.28920  48.04380035
v 64.56940 61.35310  57.05630112
v 64.57080 44.75560 -20.95709991
v 64.57160 22.66000  72.02989960
v 64.57190 19.34770  63.04270172
v 64.57220 -29.31490  -5.96490002
v 64.57250 76.83310  99.01820374
v 64.57290 14.91940  54.03559875
v 64.57290 20.45010 -71.95829773
v 64.57320 71.29570  72.04599762
v 64.57390 65.76530 111.04309845
v 64.57400 27.07830  81.01740265
v 64.57410 -30.41450  -8.95699978
v 64.57410 -22.67480  12.04240036
v 64.57410 -18.26210 -12.85070038
v 64.57410 -17.14530  18.04299927
v 64.57410 6.06480  -5.06339979
v 64.57410 8.27630 -31.44199944
v 64.57410 8.27630  -7.18940020
v 64.57410 17.13350  60.04299927
v 64.57410 18.22820  27.93659973
v 64.57410 19.34510  66.04299927
v 64.57410 21.55660 -68.95700073
v 64.57410 28.19120  90.04299927
v 64.57410 29.29700  99.04299927
v 64.57410 31.49750  40.05289841
v 64.57410 33.70900  -0.85070002
v 64.57410 34.81480 108.03420258
v 64.57410 35.92050 -70.01020050
v 64.57410 38.13210  -3.47989988
v 64.57410 43.64990 -17.95709991
v 64.57410 43.64990  -8.95699978
v 64.57410 58.03590  52.55799866
v 64.57410 72.41090 106.39669800
v 64.57420 -29.30890   0.04330000
v 64.57420 -16.06050 -23.96249962
v 64.57470 -19.36840  -4.44070005
v 64.57550 9.39330 -20.96170044
v 64.57550 54.71380 120.03869629
v 64.57640 29.28820  87.03330231
v 64.57740 13.79190  12.05659962
v 64.57830 -0.57260  30.02849960
v 64.57860 39.23710 120.03040314
v 64.57870 43.66240 -53.97249985
v 64.57890 -6.10260  27.02420044
v 64.57940 25.97420  36.05770111
v 64.58020 23.75430   6.03669977
v 64.58030 34.81130  -2.95980000
v 64.58040 37.02500 -50.96780014
v 64.58090 38.13010 120.02970123
v 64.58130 -3.88540  27.03809929
v 64.58180 41.44770 -53.96179962
v 64.58190 12.69830  15.03569984
v 64.58280 37.02720  42.04479980
v 64.58300 34.81660 -38.94520187
v 64.58450 46.97800 -53.95750046
v 64.58460 24.86610   6.03480005
v 64.58490 41.44940 -56.95660019
v 64.58510 12.69950  51.04249954
v 64.58510 12.69960  33.04320145
v 64.58520 4.95900  27.04299927
v 64.58520 6.06480  45.04299927
v 64.58520 8.27630  45.04299927
v 64.58520 9.38210  48.04299927
v 64.58520 12.69940  27.04299927
v 64.58520 16.01670  24.04299927
v 64.58520 19.33400  33.04299927
v 64.58520 21.54560  30.04339981
v 64.58520 37.02630 -56.95700073
v 64.58520 37.02630   0.04300000
v 64.58550 24.86570   9.04380035
v 64.58600 -2.78140  30.04500008
v 64.59340 34.80290 -44.90829849
v 65.66660 10.49550 -18.01309967
v 65.66710 22.65090 -74.95790100
v 65.66840 0.53190   3.04390001
v 65.66870 -29.31980  -8.95660019
v 65.66880 -12.73330   0.04300000
v 65.66880 -12.73330   3.04299998
v 65.66880 65.77630  63.04299927
v 65.66880 67.98790  69.04299927
v 65.66880 69.09360  69.04299927
v 65.66880 76.83400  96.04299927
v 65.66880 76.83420  84.04299927
v 65.66880 77.93980  96.04299927
v 65.66970 28.17720 -74.95709991
v 65.67050 45.87180  45.04359818
v 65.67180 6.06670  -2.95580006
v 65.67220 -27.10040  -8.95720005
v 65.67220 -18.26200   0.05120000
v 65.67220 75.72580  90.04640198
v 65.67520 2.74930   0.05200000
v 65.67540 -25.99260   3.03469992
v 65.67570 21.55180 -71.95269775
v 65.67610 20.44630 -56.95489883
v 65.67650 20.44600 -50.95349884
v 65.67670 -22.67400 -23.95199966
v 65.67810 12.71110 -38.95830154
v 65.67850 52.49590 123.04239655
v 65.67860 14.91060 -40.44210052
v 65.67860 42.54930 -29.93989944
v 65.67900 -29.30870 -14.95769978
v 65.67910 64.66920  63.06750107
v 65.67950 -14.93470  21.04089928
v 65.67980 34.81490 111.01339722
v 65.67980 38.12080   0.04340000
v 65.67980 41.43770 -11.95660019
v 65.67990 -29.30880 -11.95699978
v 65.67990 -27.10830   1.52789998
v 65.67990 -25.99150 -20.95700073
v 65.67990 -23.79100 -22.44199944
v 65.67990 -21.57950 -10.47200012
v 65.67990 -6.09870   5.05299997
v 65.67990 6.06480  42.07300186
v 65.67990 10.48780 -32.92699814
v 65.67990 19.33400  14.14929962
v 65.67990 23.75710  76.52790070
v 65.67990 24.85180  75.04299927
v 65.67990 24.86280  72.03050232
v 65.67990 24.87390  75.04299927
v 65.67990 27.07440  89.14929962
v 65.67990 28.18020  37.30020142
v 65.67990 30.39170  37.81060028
v 65.67990 30.40270 105.04299927
v 65.67990 30.40270 108.04299927
v 65.67990 32.60320   2.14930010
v 65.67990 33.70900 113.14929962
v 65.67990 38.12100 -68.95700073
v 65.67990 40.34360 -35.92699814
v 65.67990 42.54410 -17.95700073
v 65.67990 42.54410  -8.95699978
v 65.67990 45.87250 -58.77389908
v 65.67990 48.08400 124.60579681
v 65.67990 52.50710  50.05300140
v 65.67990 54.71860  52.30020142
v 65.67990 56.91910 120.04299927
v 65.68000 34.82570 114.04290009
v 65.68000 74.61130 105.04299927
v 65.68030 38.12220  42.04349899
v 65.68070 25.97880  84.04440308
v 65.68140 25.96840  81.01439667
v 65.68160 -17.15010  18.03849983
v 65.68200 28.18740  90.01799774
v 65.68240 10.50180 -11.95189953
v 65.68360 -9.41670  25.78680038
v 65.68510 -8.30990  27.03440094
v 65.68570 39.23610 123.02880096
v 65.68620 18.22640  27.05080032
v 65.68760 33.70910   0.03290000
v 65.68880 37.02810 -38.94520187
v 65.69070 24.86300  78.04290009
v 65.69070 25.96840   9.04259968
v 65.69090 1.64240  33.04219818
v 65.69090 6.06700  36.04280090
v 65.69090 39.23730 -59.95579910
v 65.69100 2.74750  42.04299927
v 65.69100 8.27630  36.04299927
v 65.69100 14.91090  15.04300022
v 65.69100 16.01670  21.04299927
v 65.69100 20.43980  24.04299927
v 65.69100 37.02630 -44.95700073
v 65.69110 28.18050   9.04419994
v 65.69130 28.18070   6.04430008
v 65.70000 59.99770 118.70089722
v 65.81320 49.23510 -58.29109955
v 66.77170 22.66440 -62.90570068
v 66.77410 -1.67560   6.04180002
v 66.77460 -27.10830   0.04300000
v 66.77460 -26.00250 -17.95700073
v 66.77460 -24.89680 -20.95700073
v 66.77460 -21.57950 -20.95700073
v 66.77460 -20.47370 -23.95700073
v 66.77460 -18.26250 -17.95660019
v 66.77460 -17.15640 -23.95700073
v 66.77460 10.48880 -26.95339966
v 66.77460 55.82440  54.04299927
v 66.77460 63.56480  63.04299927
v 66.77460 71.30520  75.04299927
v 66.77460 72.41090 105.04299927
v 66.77460 73.51670  81.04299927
v 66.77460 73.51670  90.04299927
v 66.77460 74.62250  81.04299927
v 66.77480 10.48560 -29.95599937
v 66.77480 62.45910 111.04360199
v 66.77530 -17.15700   3.04369998
v 66.77530 -2.78120   9.04380035
v 66.77570 2.74660   3.04800010
v 66.77710 -21.57810 -17.94739914
v 66.77850 56.93780  54.05739975
v 66.77960 -27.10000  -8.95129967
v 66.78010 -20.47900 -14.95619965
v 66.78310 12.70180 -35.94039917
v 66.78350 -28.21030 -14.94540024
v 66.78400 -25.99800   0.02700000
v 66.78500 17.13490  60.04470062
v 66.78560 38.13070  42.04999924
v 66.78560 65.76530 117.04299927
v 66.78570 -29.30880  -5.95699978
v 66.78570 -20.47370  -2.92700005
v 66.78570 -10.52180   4.81059980
v 66.78570 -3.88720   7.81059980
v 66.78570 8.27630  49.27529907
v 66.78570 11.59360  -8.06340027
v 66.78570 11.59360  52.27529907
v 66.78570 11.60470 -11.95919991
v 66.78570 22.66240  72.04299927
v 66.78570 22.66240  75.04299927
v 66.78570 27.08540  96.04299927
v 66.78570 28.18020  87.03050232
v 66.78570 28.18020  99.01300049
v 66.78570 32.60320  37.98979950
v 66.78570 32.60320 112.52799988
v 66.78570 33.69790 111.04299927
v 66.78570 33.70900 108.03420258
v 66.78570 35.92050   5.14930010
v 66.78570 37.01530 -68.95700073
v 66.78570 38.13210 -68.92700195
v 66.78570 40.33260 -65.95700073
v 66.78570 40.34360 -45.85070038
v 66.78570 42.54410  -8.95699978
v 66.78570 43.66090 -29.06340027
v 66.78570 44.75560 -23.95700073
v 66.78570 46.97820  46.55799866
v 66.78570 49.18980 -53.28359985
v 66.78570 53.60180 -56.95700073
v 66.78570 54.71860  52.81060028
v 66.78570 54.71860 121.27459717
v 66.78570 62.45900  63.07300186
v 66.78570 66.88210 109.09609985
v 66.78570 69.09360 106.52799988
v 66.78570 75.71720 102.04299927
v 66.78590 -27.09710  -2.95840001
v 66.78610 20.44260  69.02899933
v 66.78620 -22.69670  -8.95699978
v 66.78640 -29.30860 -11.95590019
v 66.78690 33.71950 114.03839874
v 66.79070 14.91590  54.03820038
v 66.79130 45.88200 126.03720093
v 66.79150 19.33250  15.03339958
v 66.79190 22.65060  27.05500031
v 66.79420 39.23900 -38.94549942
v 66.79460 23.75690  12.03829956
v 66.79510 -2.78290  33.03829956
v 66.79550 0.53680  33.04059982
v 66.79570 40.34300 -59.95429993
v 66.79660 4.95930  36.04240036
v 66.79660 38.13220 -44.95759964
v 66.79670 13.80520  54.04299927
v 66.79670 17.12250  18.04299927
v 66.79670 17.12250  21.04310036
v 66.79670 20.43980  21.04310036
v 66.79670 22.65130  24.04299927
v 66.79670 29.28590   9.04300022
v 66.79670 30.39170   9.04300022
v 66.79720 34.81560   6.04309988
v 66.79790 41.44930 126.04299927
v 66.79800 21.54580  15.04580021
v 66.80950 3.82700  38.99290085
v 67.86580 46.95990 126.03589630
v 67.87980 71.30320 105.04399872
v 67.88020 74.62320  93.04209900
v 67.88040 -28.21410  -5.95699978
v 67.88040 61.35500 111.04070282
v 67.88040 64.67050 117.04299927
v 67.88040 66.88210 108.04299927
v 67.88040 70.19940  78.04299927
v 67.88040 71.30520  90.04299927
v 67.88040 72.41090  78.04299927
v 67.88040 73.51680 102.04440308
v 67.88140 -0.56920   9.04389954
v 67.88310 -19.37000   3.04500008
v 67.88340 11.59320  -5.95300007
v 67.88470 -17.15100  21.02409935
v 67.88520 13.81080 -11.96259975
v 67.88540 49.18910  51.04999924
v 67.88600 58.04260  57.06179810
v 67.88610 22.65670 -71.95510101
v 67.88730 13.81350  -8.95349979
v 67.88750 19.34270  69.03420258
v 67.88810 -20.48470  -2.95709991
v 67.88850 16.02750 -41.95629883
v 67.89000 6.06400   0.06610000
v 67.89060 18.23940 -47.95740128
v 67.89060 34.80800  39.05920029
v 67.89120 -21.57840  13.53059959
v 67.89130 4.96990   3.04360008
v 67.89130 39.22680 -11.95680046
v 67.89140 -22.68520  -8.06340027
v 67.89140 -12.73330  26.35059929
v 67.89140 -4.99290  31.78569984
v 67.89140 1.64170  43.52799988
v 67.89140 3.85320  46.09609985
v 67.89140 7.17050  49.03290176
v 67.89140 11.60470 -29.95700073
v 67.89140 11.60470 -14.95699978
v 67.89140 20.45080 -56.95700073
v 67.89140 21.55660 -53.95700073
v 67.89140 22.66240  78.04299927
v 67.89140 23.75710 -72.94699860
v 67.89140 24.86280  86.14929962
v 67.89140 25.96860  30.07299995
v 67.89140 27.08540  90.04299927
v 67.89140 30.39170 112.27529907
v 67.89140 31.49750  36.56579971
v 67.89140 32.60320   6.01310015
v 67.89140 34.81480   7.09609985
v 67.89140 35.92050  40.55799866
v 67.89140 38.12100 -65.95700073
v 67.89140 40.33290 -17.95960045
v 67.89140 41.44940 -44.98709869
v 67.89140 42.54410 -32.95700073
v 67.89140 43.64990 -29.95700073
v 67.89140 43.66090 -61.01020050
v 67.89140 44.76570 -47.98419952
v 67.89140 45.86140 -50.95709991
v 67.89150 14.91250 -38.93700027
v 67.89150 21.55660  75.04360199
v 67.89150 25.97400  87.03050232
v 67.89150 39.23800 -65.93579865
v 67.89150 40.33230 -14.95909977
v 67.89150 41.45040 -62.92689896
v 67.89160 19.34500  63.04330063
v 67.89160 27.06440  33.04589844
v 67.89200 18.23900  66.04299927
v 67.89240 22.66130 -59.95280075
v 67.89250 -18.25440  18.03800011
v 67.89340 39.22780 -68.96579742
v 67.89370 28.18120  12.02540016
v 67.89560 44.68710 -59.99010086
v 67.89900 -10.52000  27.03989983
v 67.89910 41.45240 -38.93870163
v 67.89960 42.55030 -35.95899963
v 67.90250 21.54550  21.04299927
v 67.90250 22.65130  18.04299927
v 67.90360 39.23820 126.04319763
v 67.90370 1.64010  39.04700089
v 67.90450 17.11940  63.04029846
v 68.94950 -6.03800   9.04119968
v 68.96870 31.93220 -72.35140228
v 68.98550 43.66900  45.04919815
v 68.98590 55.82560 111.04620361
v 68.98610 -27.10830 -14.95699978
v 68.98610 -27.10830 -11.95699978
v 68.98610 -24.89680  -8.95699978
v 68.98610 -22.68520 -14.95699978
v 68.98610 -22.68520 -11.95699978
v 68.98610 -21.57950   3.04299998
v 68.98610 -8.31020   9.04300022
v 68.98610 33.70900  39.04299927
v 68.98610 35.92050  42.04299927
v 68.98610 42.55520  45.04299927
v 68.98610 55.82440  90.04299927
v 68.98610 59.14170  60.04299927
v 68.98610 59.14170  66.04299927
v 68.98610 59.14170 111.04299927
v 68.98610 60.24750  66.04290009
v 68.98610 61.35340 108.03800201
v 68.98610 62.45900 117.04299927
v 68.98610 63.56480  72.04299927
v 68.98610 65.77660  75.04370117
v 68.98610 69.09360  78.04290009
v 68.98610 71.30520  93.04299927
v 68.98610 71.30520 102.04299927
v 68.98610 72.40840  93.04319763
v 68.98620 33.70880  42.04280090
v 68.98660 61.35290  90.04419708
v 68.98670 62.45910  81.04149628
v 68.98730 59.14190  90.03970337
v 68.98930 53.61020 105.04109955
v 68.99090 52.51450  54.05950165
v 68.99250 -24.89320   9.03050041
v 68.99460 22.66230 -71.95659637
v 68.99510 13.80940 -35.94710159
v 68.99520 19.33760 -47.94319916
v 68.99550 23.76500 -59.95349884
v 68.99580 43.65000 -32.96289825
v 68.99680 27.08560 102.04139709
v 68.99720 -16.03960  24.04299927
v 68.99720 -0.55880  42.04299927
v 68.99720 1.64170   6.93660021
v 68.99720 7.17050   0.93660003
v 68.99720 9.39310  -2.95700002
v 68.99720 10.48780  -4.44199991
v 68.99720 13.80520 -12.85070038
v 68.99720 16.02780 -11.95699978
v 68.99720 21.55550 -56.95550156
v 68.99720 25.95760  30.04299927
v 68.99720 30.39170 113.14929962
v 68.99720 33.72000 120.04299927
v 68.99720 34.81480 -70.94999695
v 68.99720 43.64990 -26.95700073
v 68.99720 51.39020 -56.95709991
v 68.99720 53.61290  54.93659973
v 68.99720 53.61290 121.52799988
v 68.99720 56.93020  57.93659973
v 68.99720 61.35320 105.01300049
v 68.99730 -27.09710   6.04309988
v 68.99730 8.28210   0.05520000
v 68.99730 12.71000  -5.95609999
v 68.99730 14.92210  57.04309845
v 68.99770 39.23510  -5.97800016
v 68.99880 6.06870  48.03699875
v 68.99880 18.23750 -44.94789886
v 68.99890 -21.59050  -2.95239997
v 68.99890 12.70570  54.03870010
v 69.00050 44.75940 -44.95700073
v 69.00120 -9.41630  30.02890015
v 69.00220 8.76260  50.40480042
v 69.00240 35.92400 123.03849792
v 69.00260 24.85430  24.03499985
v 69.00300 50.28340 -53.96020126
v 69.00400 28.18610 108.04149628
v 69.00670 -7.20590  33.03870010
v 69.00770 -0.56830  39.04040146
v 69.00800 23.75690  18.04210091
v 69.00830 25.96860  18.04299927
v 69.00830 27.07440 108.04299927
v 69.00830 42.55520 -41.95700073
v 69.00830 42.55520 -38.95700073
v 69.01400 32.61080 114.08300018
v 70.07660 35.86500   6.16599989
v 70.09120 -12.73290   6.04360008
v 70.09180 60.23230  78.04940033
v 70.09190 -10.52180   9.04300022
v 70.09190 40.34360  45.04299927
v 70.09190 49.18980 114.04299927
v 70.09190 51.40130 105.04299927
v 70.09190 52.50710  81.04299927
v 70.09190 52.50710 111.04270172
v 70.09190 53.61290  96.04299927
v 70.09190 53.61290 102.04299927
v 70.09190 54.71860 108.04299927
v 70.09190 55.82410  87.04759979
v 70.09190 56.93020  60.04299927
v 70.09190 56.93020  81.04299927
v 70.09190 58.03590  63.04299927
v 70.09190 60.24750  69.04299927
v 70.09190 60.24750 117.04299927
v 70.09190 61.35320  93.04299927
v 70.09190 62.45900  72.04299927
v 70.09190 70.19940  93.04299927
v 70.09190 70.19940  99.04299927
v 70.09210 61.35400 102.04669952
v 70.09250 52.50680 120.04170227
v 70.09310 45.87190 105.04850006
v 70.09330 48.08420  96.03919983
v 70.09450 46.98170  51.05310059
v 70.09540 3.85110   6.05439997
v 70.09540 13.80810 -32.95420074
v 70.09540 58.02750 117.06069946
v 70.09640 52.50250  87.04389954
v 70.09670 50.30290  54.05950165
v 70.09710 -16.05240   6.04640007
v 70.10030 19.34050 -44.95040131
v 70.10060 24.87650  99.04530334
v 70.10110 23.76640 -68.95610046
v 70.10130 33.70000   9.03709984
v 70.10140 22.66130 -53.95270157
v 70.10140 29.28470  33.06890106
v 70.10190 28.17110  15.03699970
v 70.10200 -24.89380   6.02199984
v 70.10200 34.81490 123.01329803
v 70.10220 22.66270  81.04139709
v 70.10240 32.60860 117.02169800
v 70.10250 -12.73260  30.01359940
v 70.10250 38.13200 -14.98569965
v 70.10270 42.54390 -62.95700073
v 70.10290 16.01670  63.01300049
v 70.10300 -25.99150   3.04299998
v 70.10300 -23.79100  -4.44199991
v 70.10300 -22.67420  12.04300022
v 70.10300 -19.36790  19.52799988
v 70.10300 1.64170  46.09609985
v 70.10300 11.60470 -26.95700073
v 70.10300 17.13350  66.04299927
v 70.10300 22.65130  75.02799988
v 70.10300 24.87390  90.04239655
v 70.10300 25.97970 108.04299927
v 70.10300 27.06330  18.04299927
v 70.10300 30.39170  34.55799866
v 70.10300 31.49750 115.52790070
v 70.10300 35.92050 125.14929962
v 70.10300 40.34360 -64.44200134
v 70.10300 43.64990 -47.95700073
v 70.10300 45.86140 -35.95700073
v 70.10300 49.17870 -53.95700073
v 70.10300 52.49600 123.04299927
v 70.10300 54.71860  57.93659973
v 70.10300 56.93020 114.07299805
v 70.10310 3.85320  46.78570175
v 70.10310 38.12100  -2.95720005
v 70.10310 44.75560 -50.95709991
v 70.10340 39.22880 -68.94840240
v 70.10370 16.02550 -11.96189976
v 70.10380 27.06470  30.04700089
v 70.10630 27.08240 102.04199982
v 70.10690 -3.88750  36.02880096
v 70.10850 -9.42430  33.02560043
v 70.11400 -21.57950  18.04299927
v 70.11430 28.17930 111.04119873
v 70.91370 44.83060 -59.90790176
v 71.18230 7.16680   6.01609993
v 71.19230 55.82930  78.05280304
v 71.19590 24.86240 -71.95490265
v 71.19760 44.76650 111.04470062
v 71.19760 45.85730  93.04940033
v 71.19770 18.22820 -38.95700073
v 71.19770 29.28590  36.04299927
v 71.19770 37.02630  45.04299927
v 71.19770 38.13210  90.04299927
v 71.19770 39.23780  45.04299927
v 71.19770 41.44940  81.04299927
v 71.19770 43.66090  51.04299927
v 71.19770 44.76670  51.04299927
v 71.19770 44.76670 102.04299927
v 71.19770 48.08400  93.04299927
v 71.19770 49.18980  87.04299927
v 71.19770 50.29550 108.04299927
v 71.19770 50.29550 114.04299927
v 71.19770 51.40130  81.04319763
v 71.19770 51.40130  87.04299927
v 71.19770 51.40130 123.04299927
v 71.19770 53.61290  72.04290009
v 71.19770 53.61290 114.04299927
v 71.19770 53.61290 117.04299927
v 71.19770 56.93020 117.04299927
v 71.19860 31.49590 -71.95639801
v 71.19870 12.69430   0.01850000
v 71.19880 2.74740   9.04389954
v 71.19880 42.55480 102.04900360
v 71.19910 46.97730 108.04389954
v 71.20100 41.44760  90.05159760
v 71.20120 50.29230 123.04199982
v 71.20170 46.97720 114.05130005
v 71.20200 35.91500 -11.95769978
v 71.20250 -18.26380   6.04589987
v 71.20300 52.50720  60.05530167
v 71.20320 32.59460  12.03470039
v 71.20490 40.33830 -62.95299911
v 71.20530 -22.69280   3.04600000
v 71.20530 22.65850 -56.95460129
v 71.20550 31.48900  42.04430008
v 71.20720 41.44820  48.06460190
v 71.20770 11.61970  -2.93070006
v 71.20840 7.18060  51.04150009
v 71.20840 37.01480   0.03780000
v 71.20870 -23.79100  -4.18940020
v 71.20870 -22.67420  12.04300022
v 71.20870 -21.59050   0.04300000
v 71.20870 4.95900   7.55800009
v 71.20870 11.60470 -17.95700073
v 71.20870 13.80520  -4.69980001
v 71.20870 16.01670 -37.18939972
v 71.20870 18.23930 -11.95699978
v 71.20870 20.45080  72.04290009
v 71.20870 24.87390  99.04299927
v 71.20870 24.87390 105.04299927
v 71.20870 29.27490  33.04299927
v 71.20870 29.28590  13.78569984
v 71.20870 31.49750  12.82040024
v 71.20870 37.01530  -2.95700002
v 71.20870 38.13210 -17.96949959
v 71.20870 40.34360 -18.85070038
v 71.20870 42.55520 127.00160217
v 71.20870 43.64990 -50.95700073
v 71.20870 46.96720 -44.95719910
v 71.20870 49.18980  54.93659973
v 71.20870 49.18980 114.93659973
v 71.20880 38.12100  -8.95810032
v 71.20960 19.33500  69.03079987
v 71.21200 21.55050 -50.93769836
v 71.21350 46.93460 126.06549835
v 71.21450 -14.94020  27.04050064
v 71.21630 -3.89140  39.02849960
v 71.21830 -7.20540  36.03870010
v 71.21960 -16.05110  27.04080009
v 71.21970 3.85340  48.04299927
v 71.21980 -12.73330  33.04299927
v 71.21980 -2.78140  42.04299927
v 72.30190 44.76830 108.04119873
v 72.30250 38.12060  87.07150269
v 72.30300 42.55470 111.04160309
v 72.30320 41.45000  78.03639984
v 72.30340 33.70900  87.04299927
v 72.30340 35.92050 102.04260254
v 72.30340 37.02630  90.04299927
v 72.30340 38.13210  81.04299927
v 72.30340 40.34360  81.04299927
v 72.30340 40.34360  87.04299927
v 72.30340 41.44940  51.04299927
v 72.30340 41.44940  66.04299927
v 72.30340 41.44950  93.04360199
v 72.30340 43.66090  66.04299927
v 72.30340 45.87250  54.04299927
v 72.30340 45.87250  60.04290009
v 72.30340 46.97820  57.04299927
v 72.30340 48.08400 117.04299927
v 72.30340 49.18980  57.04299927
v 72.30340 49.18980 123.04299927
v 72.30340 51.40130  60.04299927
v 72.30340 51.40250  78.03919983
v 72.30340 52.50710  72.04299927
v 72.30340 53.61290  69.04299927
v 72.30340 54.71860  63.04299927
v 72.30380 33.70890  93.04550171
v 72.30380 34.81430  66.04380035
v 72.30560 44.76650  72.03720093
v 72.30610 -25.98710   2.99729991
v 72.30680 48.07960 120.04129791
v 72.30860 48.07780 123.04180145
v 72.31140 16.02460 -32.95750046
v 72.31150 -12.74050   9.04479980
v 72.31210 9.38670   3.05180001
v 72.31230 23.77060  87.04779816
v 72.31270 19.34200 -39.00189972
v 72.31320 22.65920 -50.95130157
v 72.31330 20.44770  78.02660370
v 72.31330 37.02480 -14.97859955
v 72.31330 39.23720  48.06890106
v 72.31380 27.07170  33.06539917
v 72.31400 28.17130  36.04859924
v 72.31410 9.39220  54.04100037
v 72.31420 31.48730  42.04550171
v 72.31430 35.92070  66.01309967
v 72.31450 -23.77990  18.04299927
v 72.31450 -13.83910   8.05300045
v 72.31450 4.95900   7.81059980
v 72.31450 10.48780   1.55799997
v 72.31450 14.92200 -35.95700073
v 72.31450 14.92200 -14.95699978
v 72.31450 14.92200  66.04299927
v 72.31450 16.01670  -7.44199991
v 72.31450 17.13360  69.04290009
v 72.31450 18.22820 -37.69979858
v 72.31450 18.22820  71.14929962
v 72.31450 19.34510 -44.95709991
v 72.31450 20.45080  81.04299927
v 72.31450 21.54550  83.14929962
v 72.31450 23.76810  99.04689789
v 72.31450 24.86280 -70.44200134
v 72.31450 24.87390 102.04299927
v 72.31450 32.60320 -70.18939972
v 72.31450 35.90950  96.04299927
v 72.31450 35.92050 127.27529907
v 72.31450 38.12100  -8.95699978
v 72.31450 38.12100  -5.95699978
v 72.31450 39.22680 -65.95700073
v 72.31450 42.55520 -24.85070038
v 72.31450 42.55520 102.93659973
v 72.31450 46.96720 -38.95700073
v 72.31450 46.97820 -52.47200012
v 72.31450 49.17870 -56.95700073
v 72.31450 52.50710  60.93659973
v 72.31480 12.69900  60.01269913
v 72.31490 -23.77980  12.04259968
v 72.31530 35.90880 -11.95769978
v 72.31560 28.17220  15.03919983
v 72.31580 11.60460 -26.95599937
v 72.31610 38.12240 -17.96389961
v 72.31650 19.33170  69.03440094
v 72.31680 7.17610  51.03850174
v 72.31730 23.76840 -68.95780182
v 72.31760 -16.04890  30.02869987
v 72.31780 43.64990 -26.95700073
v 72.31990 23.76270  96.04319763
v 72.32000 -6.10700  39.02560043
v 72.32170 11.59690  57.04029846
v 72.32190 20.47030 -47.99760056
v 72.32500 31.49820 117.04329681
v 72.32550 -17.15640  30.04299927
v 72.32560 -19.36870  24.04190063
v 72.32980 34.79040  45.07339859
v 72.39320 -9.46870  34.81069946
v 73.40830 35.92540 -68.95429993
v 73.40920 -23.79100   0.04300000
v 73.40920 32.60320  87.04299927
v 73.40920 33.70810  66.04199982
v 73.40920 37.02630  84.04299927
v 73.40920 38.13240  78.04589844
v 73.40920 40.34360  63.04290009
v 73.40920 40.34360  69.04299927
v 73.40920 42.55580  57.04430008
v 73.40920 43.66060  63.04589844
v 73.40920 44.76670  57.04270172
v 73.40920 44.76670  69.04299927
v 73.40920 45.87250  63.04299927
v 73.40920 52.50710  63.04299927
v 73.40970 31.49730  66.04000092
v 73.41090 31.49590  75.04170227
v 73.41100 32.59010 -68.96469879
v 73.41140 29.28510  84.03589630
v 73.41180 30.38930  72.04380035
v 73.41370 30.39400  84.02529907
v 73.41370 35.91780  51.04970169
v 73.41420 21.55120  84.02429962
v 73.41700 45.86860 126.02429962
v 73.41830 30.38080  90.04119873
v 73.41910 22.66350  96.04299927
v 73.41960 34.80370 -11.96240044
v 73.41970 12.76140 -17.84779930
v 73.41970 22.66280  87.04450226
v 73.41970 33.72010 126.04119873
v 73.41990 39.22690 -62.95719910
v 73.42000 34.81480   6.01370001
v 73.42020 -24.89680   1.55799997
v 73.42020 -24.89680   7.52799988
v 73.42020 -23.80200   3.04299998
v 73.42020 -22.67420  21.04299927
v 73.42020 -19.36790   6.83620024
v 73.42020 -13.83910  34.27529907
v 73.42020 -8.31020  37.52799988
v 73.42020 -4.99290  41.14929962
v 73.42020 -0.56980  46.52799988
v 73.42020 1.64170  48.91389847
v 73.42020 11.59360   2.05290008
v 73.42020 17.13350 -35.95700073
v 73.42020 18.22820 -10.44200039
v 73.42020 23.76810 -59.95700073
v 73.42020 25.97970 114.04299927
v 73.42020 29.28590  40.55799866
v 73.42020 29.28590 118.52799988
v 73.42020 30.39170  93.05799866
v 73.42020 31.49750 122.14929962
v 73.42020 34.81480  48.07289886
v 73.42020 37.02630 127.92780304
v 73.42020 40.34360 -22.47200012
v 73.42020 40.34360 127.50820160
v 73.42020 43.64990 -29.95700073
v 73.42020 43.66090 -60.73450089
v 73.42020 49.17870 -56.95700073
v 73.42030 32.60800 123.02970123
v 73.42050 37.01520   0.04150000
v 73.42080 18.24120  75.04689789
v 73.42090 -23.78020   9.04020023
v 73.42090 32.60280  93.07409668
v 73.42100 27.06330  27.04500008
v 73.42170 -11.62720  36.01729965
v 73.42250 45.86490 -50.97100067
v 73.42360 13.81640   0.04420000
v 73.42800 11.61140 -20.89859962
v 73.43130 34.81110 129.04280090
v 73.43140 33.70870 129.04499817
v 73.43390 29.28820  15.02089977
v 73.62350 -15.02240   8.39459991
v 74.51490 21.54550 -44.95589828
v 74.51500 11.59360   3.04299998
v 74.51500 14.91090  -2.95700002
v 74.51500 27.07440  84.04299927
v 74.51500 30.39170  69.04299927
v 74.51500 32.60320  45.04299927
v 74.51500 32.60320  51.04309845
v 74.51500 32.60320  96.04299927
v 74.51500 38.13210 -20.95820045
v 74.51500 39.23780  54.04299927
v 74.51500 42.55520 108.04299927
v 74.51500 45.87250 123.04299927
v 74.51500 46.97820 -56.95700073
v 74.51600 33.71030 102.05190277
v 74.51610 30.39000  66.03890228
v 74.51660 27.07260  75.04519653
v 74.51730 35.91870 -65.95449829
v 74.51770 -11.61580  38.99990082
v 74.51960 40.33940 111.04489899
v 74.52190 -21.57090  24.03249931
v 74.52410 13.81820 -29.96159935
v 74.52430 45.86160 -47.95529938
v 74.52480 35.91000   0.04120000
v 74.52490 39.22820 -62.95569992
v 74.52520 16.01840  -2.93350005
v 74.52540 17.13410 -35.95840073
v 74.52550 -24.89680  15.01309967
v 74.52590 16.01630  69.01889801
v 74.52600 -20.47370   6.05359983
v 74.52600 1.64170  49.27529907
v 74.52600 10.49880   6.04320002
v 74.52600 13.80520   1.30019999
v 74.52600 17.12250  71.14929962
v 74.52600 21.55660 -47.95700073
v 74.52600 22.66240 -56.95679855
v 74.52600 22.66240 108.04299927
v 74.52600 23.75710 110.14929962
v 74.52600 23.76810 -53.95700073
v 74.52600 24.87390 -65.95700073
v 74.52600 24.87390 -59.95700073
v 74.52600 25.95760  27.04299927
v 74.52600 28.18020  75.07299805
v 74.52600 30.39170  90.93659973
v 74.52600 42.55520 112.81060028
v 74.52600 44.76670 114.93659973
v 74.52610 -19.35720  27.04150009
v 74.52610 18.23010  69.03289795
v 74.52610 22.65690 -50.94219971
v 74.52610 28.17070  39.05149841
v 74.52610 35.90950  -8.95849991
v 74.52620 13.81060  63.03049850
v 74.52660 11.60490 -23.95779991
v 74.52660 27.06330  24.03619957
v 74.52730 30.39950 120.03820038
v 74.52850 -18.25990  30.03039932
v 74.53000 -25.99620   6.04069996
v 74.53000 6.06450  54.02679825
v 74.53110 7.17050  54.03049850
v 74.53370 19.33690  78.04010010
v 74.53520 3.85390  51.04069901
v 74.53640 4.95940  51.04230118
v 74.53710 30.39210 129.04319763
v 74.53710 33.70900 126.04299927
v 74.54310 20.44080 -11.93929958
v 74.55150 16.05410 -32.99420166
v 74.63070 -17.12580   8.34140015
v 75.59580 11.56430  61.43299866
v 75.61930 32.59200  59.99990082
v 75.61940 27.07300 -68.95629883
v 75.62010 24.86320  69.04450226
v 75.62070 28.18020  63.04299927
v 75.62070 29.28590  81.04299927
v 75.62070 30.38820  45.04280090
v 75.62070 30.39170  93.04299927
v 75.62070 30.39170 102.04299927
v 75.62070 32.60320  54.04299927
v 75.62070 34.81480  54.04299927
v 75.62070 34.81480  60.04299927
v 75.62070 34.81480 108.04299927
v 75.62070 39.23780 111.04299927
v 75.62080 30.37750 -68.96559906
v 75.62130 35.92010 111.04380035
v 75.62290 29.28370  57.04370117
v 75.62390 25.96570  69.04570007
v 75.62430 -27.09620  12.04800034
v 75.62480 28.18240  90.06620026
v 75.62600 27.06910  36.04230118
v 75.62620 39.23620 -23.96470070
v 75.62800 20.45000  84.03500366
v 75.62860 14.91450  69.01660156
v 75.62960 25.96940  75.07070160
v 75.63060 19.34530  -8.95880032
v 75.63070 17.12310  69.03119659
v 75.63120 43.64970 -29.95639992
v 75.63140 -20.47300  27.01359940
v 75.63180 -26.00250   4.55800009
v 75.63180 -25.99150   9.04310036
v 75.63180 -22.68520   4.81059980
v 75.63180 9.38210  58.52799988
v 75.63180 12.71040 -23.95709991
v 75.63180 16.01670 -16.47200012
v 75.63180 17.13350  75.04350281
v 75.63180 19.33400 -38.92699814
v 75.63180 19.33400  81.01300049
v 75.63180 22.66240 102.04299927
v 75.63180 24.86280 112.52799988
v 75.63180 27.06330  30.04299927
v 75.63180 28.16910  87.04299927
v 75.63180 28.19120 117.04299927
v 75.63180 32.59220  12.04300022
v 75.63180 33.70900 -67.01020050
v 75.63180 34.80370 -11.95699978
v 75.63180 34.80370   3.04299998
v 75.63180 42.54410 -59.95700073
v 75.63180 45.86140 -50.95700073
v 75.63590 -12.73100  39.03269958
v 75.63600 22.65560  90.04180145
v 75.63810 -13.83570  36.03979874
v 75.63990 -6.09830  42.04000092
v 75.64080 -7.20500  42.03820038
v 75.64220 -14.94500  36.04019928
v 75.64250 32.60420 126.04840088
v 75.64260 31.49820 126.04519653
v 76.61110 -3.92640  12.00440025
v 76.63180 2.53040  10.80360031
v 76.68920 9.46170  58.81359863
v 76.72630 24.86380  84.04290009
v 76.72650 24.86290  66.04450226
v 76.72650 25.96860  39.04299927
v 76.72650 27.07440  63.04819870
v 76.72650 27.07440  78.04299927
v 76.72650 28.18020  42.04299927
v 76.72650 38.13210 114.04299927
v 76.72650 41.44940 114.04299927
v 76.72650 43.66090 117.04299927
v 76.72670 37.02620 -62.95660019
v 76.72700 25.96910  72.04470062
v 76.72780 32.60130 108.05280304
v 76.72850 -8.27210  12.05580044
v 76.72870 25.96620  57.04430008
v 76.72970 24.86010  39.04119873
v 76.73000 27.07090  48.04399872
v 76.73130 25.96450  78.04730225
v 76.73140 43.66200 -47.97990036
v 76.73260 33.70540 111.05190277
v 76.73310 33.70120 -17.95989990
v 76.73330 38.11660 117.01509857
v 76.73370 18.23920  81.04260254
v 76.73460 20.44620 -38.94969940
v 76.73540 43.64950 -32.95029831
v 76.73560 18.23570  -2.95210004
v 76.73630 29.31180  14.94649982
v 76.73690 29.28810 123.01470184
v 76.73700 22.65690 -47.93989944
v 76.73710 20.45120  99.04299927
v 76.73760 -24.89680   4.05289984
v 76.73760 -24.89680  18.01300049
v 76.73760 -3.88720  46.27529907
v 76.73760 1.65280  51.04299927
v 76.73760 2.74750  53.14929962
v 76.73760 4.95900  55.27529907
v 76.73760 8.28730   9.04310036
v 76.73760 9.38210   7.81059980
v 76.73760 11.60420   6.04360008
v 76.73760 14.91090 -28.44199944
v 76.73760 14.91090  70.52799988
v 76.73760 14.92200 -17.95700073
v 76.73760 16.01680  69.03070068
v 76.73760 17.12250  72.01300049
v 76.73760 22.64030  69.04299927
v 76.73760 22.65130 110.14929962
v 76.73760 25.95760  27.04299927
v 76.73760 28.19130 129.04330444
v 76.73760 32.59220 105.04299927
v 76.73760 33.69790   3.04299998
v 76.73760 34.80370  -8.95699978
v 76.73760 40.34360 -25.72470093
v 76.73760 42.54410 -47.95700073
v 76.73760 43.64990 126.04299927
v 76.73760 43.66090 -58.44200134
v 76.73760 46.96720 -44.95700073
v 76.73770 20.45080 -41.95719910
v 76.73790 20.45090 -11.95740032
v 76.73810 -23.79010  21.01630020
v 76.73820 38.12900 -25.21400070
v 76.73840 33.69640   9.04500008
v 76.73860 27.08390 117.04000092
v 76.73870 42.54320 -59.95629883
v 76.73970 -27.09970   6.04230022
v 76.74030 20.44590  84.03669739
v 76.74140 24.87390 -62.95660019
v 76.74240 -20.46620  30.04229927
v 76.74460 -9.41590  42.03689957
v 76.74480 -6.09840  45.03310013
v 76.74550 -18.26060  33.03960037
v 76.74860 -24.89680  21.04299927
v 76.74860 -1.67620  48.04230118
v 77.78870 8.22100  58.72969818
v 77.83160 28.18190 -65.95829773
v 77.83190 24.86320  51.04299927
v 77.83210 28.18020 102.04239655
v 77.83220 35.92020 -23.95680046
v 77.83230 22.65130 -44.95600128
v 77.83230 22.65130  51.04290009
v 77.83230 22.65130  66.04319763
v 77.83230 22.65130  72.04299927
v 77.83230 23.75710  39.04299927
v 77.83230 23.75710  60.04299927
v 77.83230 25.96860  42.04299927
v 77.83230 25.96860  87.04299927
v 77.83230 27.07440  93.04299927
v 77.83230 28.18060  96.04329681
v 77.83230 32.60320 -65.95700073
v 77.83230 34.81480 -20.95700073
v 77.83230 35.92050 114.04299927
v 77.83230 42.55520 123.04309845
v 77.83270 35.92040 117.04560089
v 77.83280 19.33320  66.04209900
v 77.83330 -17.14410  38.99869919
v 77.83330 34.81430 -62.95619965
v 77.83380 22.64980  57.04349899
v 77.83450 -12.73430  12.04399967
v 77.83540 30.38730 105.04389954
v 77.83580 25.97080  90.06169891
v 77.83610 19.32810  60.03829956
v 77.83740 30.38460 108.04340363
v 77.83770 42.54840 -56.95199966
v 77.83780 23.75150  81.04299927
v 77.83900 42.54690 -53.95579910
v 77.83980 19.34030 -32.95420074
v 77.84120 42.55220 -47.98099899
v 77.84160 19.34480 -35.95380020
v 77.84270 -22.68450  27.01329994
v 77.84270 -19.37710   9.04389954
v 77.84270 21.55650 108.04460144
v 77.84320 -20.47340  33.01290131
v 77.84330 -14.94480  40.27529907
v 77.84330 14.91090   1.81060004
v 77.84330 16.01670   1.30019999
v 77.84330 16.01670  77.14929962
v 77.84330 17.12250 -31.18939972
v 77.84330 17.12250 -16.47200012
v 77.84330 17.12250  75.01300049
v 77.84330 18.23930  -5.95699978
v 77.84330 19.33400 -13.72469997
v 77.84330 20.45080  93.04299927
v 77.84330 21.54550 -41.92699814
v 77.84330 21.55660 -11.95699978
v 77.84330 21.55660  -8.95699978
v 77.84330 22.64030  69.04299927
v 77.84330 22.66240 -56.95700073
v 77.84330 24.85180  33.04299927
v 77.84330 27.08550 129.04319763
v 77.84330 28.16910  18.04299927
v 77.84330 32.60320 109.55799866
v 77.84330 33.69790 -11.95699978
v 77.84330 34.80370   0.04300000
v 77.84330 38.13210 127.53540039
v 77.84330 39.23720 120.07540131
v 77.84330 43.64990 126.04299927
v 77.84350 13.80520  69.01360321
v 77.84360 14.91170  69.03060150
v 77.84580 18.23060  81.02680206
v 77.84800 -8.31380  45.02450180
v 77.85120 20.44510  99.04319763
v 77.85270 -11.62690  42.04100037
v 77.85400 29.28630 123.04370117
v 77.85410 -27.10780  15.04339981
v 77.85430 17.12320  78.04380035
v 77.85440 -27.10830  18.04299927
v 77.85450 27.07470 123.04360199
v 77.86080 13.83360 -23.98889923
v 77.86190 28.16980  15.01720047
v 77.88120 31.50810   9.01580048
v 77.89040 0.55210  11.61060047
v 78.92760 -14.89760  12.03590012
v 78.92820 9.36740   9.04360008
v 78.93800 20.43980  51.04299927
v 78.93800 20.43980  57.04299927
v 78.93800 22.65080  84.04450226
v 78.93800 22.65130  48.04299927
v 78.93800 23.75710  42.04299927
v 78.93800 33.70900 -23.95700073
v 78.93800 33.70900  -8.95699978
v 78.93800 34.81480 114.04299927
v 78.93820 18.22800  60.04280090
v 78.93820 34.81280 129.04269409
v 78.93820 40.34340 126.04309845
v 78.93840 33.70890 117.04550171
v 78.93990 32.60100 -23.95859909
v 78.94130 -21.58140   9.04510021
v 78.94300 33.70810 -62.95019913
v 78.94560 17.12090  57.02289963
v 78.94610 16.02720 -17.95770073
v 78.94620 23.74950  90.04579926
v 78.94710 32.59860  -8.94099998
v 78.94740 22.64020  72.04370117
v 78.94840 18.23940  84.03980255
v 78.94860 23.76820 -53.95579910
v 78.94880 12.70950   6.04370022
v 78.94880 19.34450  -2.95420003
v 78.94890 -0.55890  51.04240036
v 78.94900 19.32310  66.04509735
v 78.94910 -28.20300   6.04300022
v 78.94910 -24.89680   5.30039978
v 78.94910 -23.80200   6.04300022
v 78.94910 -17.15640  10.94349957
v 78.94910 -14.94480  40.78570175
v 78.94910 6.06480  58.27529907
v 78.94910 14.92200 -26.95700073
v 78.94910 16.01670   1.55799997
v 78.94910 19.34510  -5.95699978
v 78.94910 19.34510  99.04299927
v 78.94910 21.55660 105.04299927
v 78.94910 22.64030  81.04299927
v 78.94910 22.66240 -47.95700073
v 78.94910 23.75710 116.14929962
v 78.94910 27.06330  21.04299927
v 78.94910 32.60320   6.01310015
v 78.94910 37.02630 -61.18939972
v 78.94910 38.13210 -25.90390015
v 78.94910 41.44940 -28.72470093
v 78.94910 42.54410 -56.95700073
v 78.94910 43.64990 -50.95700073
v 78.94910 43.66090 -46.18939972
v 78.94910 45.86050 -35.95529938
v 78.94910 46.96720 -41.95700073
v 78.94940 23.75680  36.01300049
v 78.94990 -23.79160  27.01329994
v 78.95030 14.91170  75.01869965
v 78.95110 -27.10750  12.06519985
v 78.95380 -10.52540  45.02450180
v 78.95410 24.87240 -59.94919968
v 78.95550 -29.31610  15.04599953
v 78.95570 9.38500  60.03680038
v 78.95640 -24.89670  24.03429985
v 78.95660 -13.83810  42.03879929
v 78.95820 -7.20440  48.03659821
v 78.95970 -28.21490  21.03790092
v 78.96020 -31.53140  15.04300022
v 78.96020 18.22820  87.04299927
v 78.96020 21.54550  96.04299927
v 80.04350 24.86280  96.04149628
v 80.04380 14.91090  54.04299927
v 80.04380 19.33400  51.04299927
v 80.04380 20.43980  48.04299927
v 80.04380 23.75710  93.04299927
v 80.04380 31.49750 111.04299927
v 80.04380 35.92050 120.04299927
v 80.04380 39.23780 -59.95700073
v 80.04380 39.23790 126.04290009
v 80.04380 40.34350 -47.95719910
v 80.04390 20.43970  75.04290009
v 80.04400 31.49750 117.04550171
v 80.04410 17.12240  54.04249954
v 80.04420 17.12180  63.04359818
v 80.04430 18.22840  66.04630280
v 80.04470 32.60640 117.05180359
v 80.04480 20.43860  39.04100037
v 80.04670 18.22700  75.04340363
v 80.05090 37.02470 -26.96279907
v 80.05160 25.95760  30.04299927
v 80.05200 31.48960  -8.95800018
v 80.05240 33.69790   0.04430000
v 80.05300 24.87240 123.03230286
v 80.05350 -22.69380   9.04459953
v 80.05410 44.76390 -35.97539902
v 80.05410 44.76540 -41.93249893
v 80.05420 37.02690 123.07270050
v 80.05480 18.23930   0.04300000
v 80.05480 20.44830 -14.95950031
v 80.05490 -29.31980  13.55799961
v 80.05490 -29.31980  21.01289940
v 80.05490 0.53590  55.52799988
v 80.05490 11.59360   7.05289984
v 80.05490 13.81620 -23.95700073
v 80.05490 18.22820 -16.72470093
v 80.05490 18.23930  93.04299927
v 80.05490 19.34510 -32.95700073
v 80.05490 20.45080 102.04290009
v 80.05490 21.55660 -38.95700073
v 80.05490 23.76810 -56.95700073
v 80.05490 23.76810 -50.95700073
v 80.05490 23.76810 -44.95690155
v 80.05490 24.86280  32.14929962
v 80.05490 27.06330  15.04300022
v 80.05490 27.06330  24.04299927
v 80.05490 28.18020 105.93659973
v 80.05490 30.38060  12.04300022
v 80.05490 32.59220 -11.95699978
v 80.05490 34.81480 120.07299805
v 80.05490 35.92050 123.06430054
v 80.05490 42.55520 -30.85070038
v 80.05540 22.65140  36.01330185
v 80.05580 -22.68510  33.01369858
v 80.05580 10.48790  66.01370239
v 80.05710 -3.88950  49.52870178
v 80.05760 19.34190  90.04479980
v 80.05860 3.85460  57.03570175
v 80.05950 -12.73690  45.02439880
v 80.06150 -24.89450  27.03420067
v 80.06240 -16.04900  42.03789902
v 80.06330 -21.57440  36.04679871
v 80.06340 -9.41600  48.03559875
v 80.06350 11.59820  69.03970337
v 80.06430 -19.36460  39.04000092
v 80.06580 10.48810  69.03880310
v 80.06590 -26.00250  27.04299927
v 80.06590 -1.67560  54.04299927
v 80.06590 -0.56980  51.04299927
v 80.06790 -31.53070  21.04809952
v 81.14290 18.23140  48.05889893
v 81.14880 29.28690 -17.95459938
v 81.14930 35.91990 -26.95669937
v 81.14950 20.43990  72.04329681
v 81.14960 -26.00250   6.04300022
v 81.14960 16.01670  51.04679871
v 81.14960 28.18020 -17.95700073
v 81.14960 28.18020 108.04299927
v 81.14960 35.92050 -59.95700073
v 81.14960 44.76670 -38.95700073
v 81.14970 40.34400 -56.95640182
v 81.14990 18.22820  72.04129791
v 81.15000 16.01630  72.04360199
v 81.15010 24.86360  99.04570007
v 81.15020 14.91150  57.04550171
v 81.15050 -8.24760  49.52270126
v 81.15120 18.22770  39.03639984
v 81.15130 27.07760 -59.95470047
v 81.15180 22.64910  93.04190063
v 81.15220 33.71250 120.05310059
v 81.15270 16.01480  45.03570175
v 81.15280 38.12870 -44.95669937
v 81.15320 -24.89620   6.04729986
v 81.15430 39.23330 -53.95569992
v 81.15510 19.32840  69.04299927
v 81.15740 16.01100  66.04769897
v 81.15810 38.13270 -56.93579865
v 81.15920 24.85380 102.04599762
v 81.15930 24.85920  21.02659988
v 81.15950 32.59280   0.04140000
v 81.15970 31.48680 129.04289246
v 81.16020 13.80590  78.01319885
v 81.16030 17.13250 -17.96120071
v 81.16060 -25.99160   9.04290009
v 81.16060 19.34510 111.04299927
v 81.16070 16.02780  87.04299927
v 81.16070 21.54550 116.14929962
v 81.16070 22.66240 120.04299927
v 81.16070 25.95760  27.04299927
v 81.16070 30.39170  11.14929962
v 81.16070 31.48640 -14.95699978
v 81.16070 31.48640   9.04300022
v 81.16070 32.60320 -25.72470093
v 81.16070 39.23780 -28.72470093
v 81.16080 14.92110 -23.95490074
v 81.16080 32.59220  -5.95839977
v 81.16140 18.23880  90.04090118
v 81.16180 31.48780  -8.94760036
v 81.16310 27.07080 105.06559753
v 81.16340 23.76800 -50.95629883
v 81.16350 24.87400 -53.95750046
v 81.16360 18.22170  75.06809998
v 81.16500 -13.83980  45.03010178
v 81.16560 -6.09900  51.03359985
v 81.16780 -33.73970  18.04360008
v 81.16880 7.17540  63.04499817
v 81.16960 -18.26200  42.03789902
v 81.17030 -21.58070  39.03860092
v 81.17130 22.65150 117.04139709
v 81.17170 -23.79120  39.04259872
v 81.17170 -23.79100  33.04290009
v 81.17170 -3.88720  54.04299927
v 81.17170 -2.78140  51.04299927
v 81.17170 7.17050  60.04299927
v 81.17170 8.27630  66.04329681
v 81.17170 16.01610  84.03919983
v 81.17410 -34.85130  21.04579926
v 81.19100 17.14710 -29.97750092
v 82.23000 2.63790  12.07380009
v 82.25520 12.70350  54.04660034
v 82.25530 37.02540 -56.95769882
v 82.25540 13.80510  51.04510117
v 82.25540 13.80520  63.04299927
v 82.25540 29.28590 111.04299927
v 82.25540 40.34360 -50.95700073
v 82.25560 25.96900 -56.95740128
v 82.25570 29.28620 -20.95829964
v 82.25580 -24.89700   9.04380035
v 82.25630 14.91110  66.04560089
v 82.25670 37.02420 -44.95500183
v 82.25720 14.91260  45.03239822
v 82.25730 29.28750 -23.96759987
v 82.25750 28.17920 -23.96389961
v 82.25900 22.65670 -32.95629883
v 82.25930 22.65750 -35.96329880
v 82.26150 21.54530  33.02999878
v 82.26160 33.70920 -56.93920135
v 82.26380 22.65350  33.02009964
v 82.26440 21.53720  96.04920197
v 82.26450 29.27770 117.04959869
v 82.26550 42.55480 -35.98300171
v 82.26610 16.01220  72.06770325
v 82.26610 28.18030 111.07270050
v 82.26640 -33.74290  15.07299995
v 82.26640 -28.21410  11.17199993
v 82.26640 -22.68520   9.37279987
v 82.26640 -11.62750  49.27529907
v 82.26640 -9.41600  49.78570175
v 82.26640 12.69940   7.55800009
v 82.26640 14.91090   4.55800009
v 82.26640 16.02780 -26.95700073
v 82.26640 19.33400  78.93659973
v 82.26640 19.34510 111.04299927
v 82.26640 22.65130  99.07289886
v 82.26640 24.85180  21.04299927
v 82.26640 25.95760  15.04300022
v 82.26640 31.48640   3.04299998
v 82.26640 33.70900 127.03289795
v 82.26640 43.64990 -38.95700073
v 82.26650 31.49790 120.07270050
v 82.26660 9.38180  72.01319885
v 82.26660 41.43840 -32.95740128
v 82.26670 20.43960  36.01490021
v 82.26670 25.96840 105.07270050
v 82.26750 18.23860  99.04029846
v 82.26770 -4.98870  54.02590179
v 82.26790 19.34480 102.04119873
v 82.27310 7.17280  66.03430176
v 82.27400 -31.52960  24.03790092
v 82.27420 29.27780  12.03050041
v 82.27440 -26.00100  33.03699875
v 82.27470 -20.47370  42.03639984
v 82.27680 23.75830 123.04139709
v 82.27740 -33.74270  24.04190063
v 82.27750 -26.00250  39.04299927
v 82.27750 -19.36790  42.04299927
v 82.27750 7.17050  69.04299927
v 82.27750 19.33400 114.04299927
v 82.27750 21.54550 120.04299927
v 82.27780 -14.94410  48.04299927
v 82.27830 23.75690 129.04530334
v 83.35900 11.59560  63.04280090
v 83.36000 31.49520 -26.95459938
v 83.36090 11.59380  51.04299927
v 83.36090 14.91380  72.05329895
v 83.36110 13.80520  72.04299927
v 83.36110 16.01670  42.04299927
v 83.36110 17.12250  69.04299927
v 83.36110 19.33400  81.04299927
v 83.36110 19.33400  90.04299927
v 83.36110 24.86280 -32.95700073
v 83.36110 25.96860 -47.95700073
v 83.36110 27.07440 -53.95700073
v 83.36110 33.70870 126.04270172
v 83.36110 33.70900 -53.95700073
v 83.36110 33.70900 -44.95700073
v 83.36110 35.92050 -47.95700073
v 83.36110 38.13170 -29.95759964
v 83.36120 12.69940  45.04100037
v 83.36130 10.48760  66.04360199
v 83.36170 16.01650  78.04579926
v 83.36250 34.80760 126.03340149
v 83.36290 12.71240  66.09320068
v 83.36320 41.45110 -41.94860077
v 83.36350 17.12510  78.05619812
v 83.36440 29.28360 -44.95479965
v 83.36660 11.58800  54.04230118
v 83.36710 -12.67630  49.52299881
v 83.36800 12.69920   9.04780006
v 83.36820 9.37810  60.02600098
v 83.36870 16.01090  39.03359985
v 83.36970 30.38100   9.04129982
v 83.37040 24.85300  15.04170036
v 83.37210 -33.73290  18.04459953
v 83.37210 -1.67560  58.27529907
v 83.37220 -35.94340  21.04299927
v 83.37220 -34.83760  24.04299927
v 83.37220 0.53590  58.78570175
v 83.37220 11.59360   8.05300045
v 83.37220 11.60470  78.04299927
v 83.37220 14.92200 -23.95700073
v 83.37220 16.02780 -20.95700073
v 83.37220 17.13350   3.04299998
v 83.37220 19.32090  84.04669952
v 83.37220 20.42870  93.04299927
v 83.37220 20.43980 -31.18939972
v 83.37220 22.66240 -41.95700073
v 83.37220 23.75710 -44.06340027
v 83.37220 28.16910  12.04300022
v 83.37220 31.48640 -11.95699978
v 83.37220 38.13210 -43.18939972
v 83.37240 -19.37810  12.04360008
v 83.37280 8.27520  72.01360321
v 83.37280 27.06280 -17.95770073
v 83.37280 29.27900 -14.94929981
v 83.37300 27.07330 111.07270050
v 83.37370 10.49040  75.02490234
v 83.37380 13.81460  84.04250336
v 83.37410 30.38000  -8.95069981
v 83.37530 -24.89800  42.02109909
v 83.37540 -4.99130  54.03189850
v 83.37670 -17.15800  48.02989960
v 83.37970 1.64330  60.03789902
v 83.37990 -29.31910  30.03470039
v 83.38010 -28.21250  33.03689957
v 83.38130 3.85550  60.04140091
v 83.38320 -33.74290  33.04299927
v 83.38320 -28.21410  39.04299927
v 83.38320 9.38210  75.04299927
v 83.38320 13.80520  87.04299927
v 83.38320 16.01670  93.04060364
v 83.38440 -30.42660  33.04259872
v 83.38450 -33.74390  30.04579926
v 83.61620 9.50580   9.66069984
v 84.45800 -33.72810  15.05010033
v 84.46390 29.27270   3.07130003
v 84.46590 12.70170  72.03710175
v 84.46650 22.65180  21.04179955
v 84.46690 13.80520  69.04299927
v 84.46690 21.54550  30.04299927
v 84.46690 21.54550  99.04299927
v 84.46690 22.65130  27.04299927
v 84.46690 23.75710 -41.95700073
v 84.46690 24.86290 -23.95669937
v 84.46690 29.28590 129.04299927
v 84.46690 41.44940 -35.95700073
v 84.46700 23.75730 -35.95360184
v 84.46730 9.38100  66.04340363
v 84.46730 9.38330  51.04919815
v 84.46730 20.44290 -29.95660019
v 84.46920 8.27230  51.04489899
v 84.46980 29.28240  -8.95750046
v 84.47050 8.27220  66.04489899
v 84.47200 25.97440 -32.96020126
v 84.47420 28.18060 -44.94120026
v 84.47490 13.81160  90.02230072
v 84.47550 17.12440 -20.97240067
v 84.47580 21.54780  -8.93519974
v 84.47600 27.06610 117.04949951
v 84.47730 -19.37710  12.04380035
v 84.47740 20.43810  99.06780243
v 84.47800 -35.94340  24.04299927
v 84.47800 10.49890  81.04299927
v 84.47800 17.12330  36.01309967
v 84.47800 18.23930   0.04300000
v 84.47800 21.53450 102.04299927
v 84.47800 23.75710 -29.92700005
v 84.47800 24.85180  18.04299927
v 84.47800 29.27490   9.04300022
v 84.47800 31.48640  -5.95699978
v 84.47800 31.49750 123.93659973
v 84.47800 35.92050 -43.01020050
v 84.47830 6.06460  72.01470184
v 84.47830 29.28570 120.07279968
v 84.47870 23.74600 105.04419708
v 84.47880 24.86260 -35.98509979
v 84.47930 19.34510  -5.95459986
v 84.48110 -27.10940  42.02140045
v 84.48150 18.23810 -17.96369934
v 84.48370 -19.37200  48.02840042
v 84.48390 18.22600 117.02320099
v 84.48510 -26.00240  42.03400040
v 84.48580 28.17210  12.03040028
v 84.48600 21.54870 123.04199982
v 84.48650 -4.99290  57.03559875
v 84.48680 19.33480 117.03589630
v 84.48890 -31.53130  36.04180145
v 84.48900 -35.95450  30.04299927
v 84.48900 -30.42560  39.04299927
v 84.48920 10.48750  78.04180145
v 84.48940 20.43840 123.03880310
v 85.56450 30.36590 -32.93740082
v 85.57240 10.48790  72.04290009
v 85.57250 40.34290 -38.95750046
v 85.57260 13.80520  75.04299927
v 85.57260 23.75710  18.04299927
v 85.57260 24.86280 111.04290009
v 85.57260 27.07440 -32.95700073
v 85.57260 27.07440 -29.95700073
v 85.57260 29.28590 -29.95700073
v 85.57260 34.81480 -32.95700073
v 85.57260 38.13190 -38.95769882
v 85.57260 38.13210 -32.95669937
v 85.57490 -26.00320  12.04459953
v 85.57520 9.38140  45.03540039
v 85.57580 -24.89660  12.04469967
v 85.57770 12.70510   7.05880022
v 85.57810 13.80520  39.02799988
v 85.58040 30.38060 -11.95699978
v 85.58090 30.38080   0.04160000
v 85.58110 18.23040  33.02009964
v 85.58160 7.16850  51.01699829
v 85.58230 19.34180   0.04870000
v 85.58340 29.28490  -5.93079996
v 85.58360 13.79450  78.04460144
v 85.58360 22.65230 105.07270050
v 85.58370 -37.04910  30.04299927
v 85.58370 -24.89680  47.14929962
v 85.58370 -22.68520  11.17160034
v 85.58370 11.60470  87.04299927
v 85.58370 16.01670   4.30019999
v 85.58370 16.02780 114.03939819
v 85.58370 17.11140  87.04299927
v 85.58370 19.34510  -2.95700002
v 85.58370 21.54550 105.06420135
v 85.58370 23.74600  15.04300022
v 85.58370 24.85180 108.04299927
v 85.58370 29.27490 -14.95699978
v 85.58380 20.43980  99.93659973
v 85.58380 29.27500   3.04259992
v 85.58440 21.55820 -11.95279980
v 85.58500 8.26440  63.04180145
v 85.58580 -34.84810  33.01919937
v 85.58580 10.48940  81.02390289
v 85.58660 -21.57750  48.02429962
v 85.58690 -29.32080  42.02159882
v 85.58840 17.12800 105.04180145
v 85.58850 2.75160  66.03230286
v 85.59120 -9.41600  54.03799820
v 85.59220 -7.20450  57.03559875
v 85.59290 11.59510  84.03980255
v 85.59460 -12.72990  54.04309845
v 85.59480 -10.52180  54.04299927
v 85.59480 0.53590  63.04299927
v 85.59480 2.74750  69.04299927
v 85.59480 7.17050  75.04299927
v 85.59480 9.38210  81.04299927
v 85.60540 -29.25570  12.84280014
v 86.57280 30.44770 -40.60240173
v 86.67240 -32.57460  14.44859982
v 86.67540 9.38580  72.04340363
v 86.67730 27.07390 129.04330444
v 86.67820 19.33400  27.04420090
v 86.67830 22.65110 108.04250336
v 86.67840 8.27630  48.04299927
v 86.67840 8.27630  72.04299927
v 86.67840 10.48780  69.04299927
v 86.67840 11.59360  69.04299927
v 86.67840 14.91090  36.04299927
v 86.67840 16.01660  33.04180145
v 86.67840 18.22820 -23.95700073
v 86.67840 18.22820 -20.95700073
v 86.67840 22.65130 -23.95700073
v 86.67840 22.65130 111.04299927
v 86.67840 25.96860 -35.95700073
v 86.67840 27.07440 120.04299927
v 86.67840 28.18020   9.04300022
v 86.67840 29.28590 -41.95700073
v 86.67840 37.02630 -35.95700073
v 86.67850 20.43980  21.04100037
v 86.67850 25.96880 -38.95729828
v 86.67890 18.22760  30.04450035
v 86.67910 8.27570  42.04290009
v 86.67980 19.33270  21.04059982
v 86.68120 10.49260  42.03229904
v 86.68270 14.90900  33.03490067
v 86.68370 18.22130 102.05079651
v 86.68480 7.16750  72.03589630
v 86.68500 6.05640  51.03120041
v 86.68660 21.55420 -14.95950031
v 86.68800 18.23680 123.02729797
v 86.68840 27.07300   9.01599979
v 86.68860 7.17010  48.01710129
v 86.68870 18.24000   3.04110003
v 86.68870 28.18150 123.07240295
v 86.68890 10.48650  75.06890106
v 86.68950 -33.74290  38.14929962
v 86.68950 4.95900  72.02169800
v 86.68950 6.05370  66.04299927
v 86.68950 7.18140  12.04310036
v 86.68950 8.26520  63.04299927
v 86.68950 8.27630  11.05290031
v 86.68950 11.59360  41.14929962
v 86.68950 13.80520   7.05289984
v 86.68950 13.80520  78.93659973
v 86.68950 17.11160  96.04399872
v 86.68950 19.34510  -2.95700002
v 86.68950 21.54550  -5.92700005
v 86.68950 24.86280  13.52799988
v 86.68950 27.07440 -17.06340027
v 86.68950 27.07440 123.06430054
v 86.68950 29.27490  -5.95699978
v 86.68960 12.71040  90.04309845
v 86.69010 3.85210  72.01360321
v 86.69010 21.54470 105.07270050
v 86.69140 -1.67330  63.02740097
v 86.69440 16.02500 111.04889679
v 86.69500 16.02340 105.04370117
v 86.69520 -2.77670  60.04050064
v 86.69520 18.23350 129.04310608
v 86.69720 6.06540  75.02860260
v 86.70010 8.27630  78.04010010
v 86.70050 4.95900  75.04299927
v 86.70080 -14.94440  54.04259872
v 87.78360 4.95960  51.04290009
v 87.78420 9.38210  75.04299927
v 87.78420 14.91090  27.04290009
v 87.78420 17.12250  30.04299927
v 87.78420 28.18020 -38.95700073
v 87.78420 29.28590 126.04299927
v 87.78530 35.91960 -38.95569992
v 87.78960 6.05980  57.04439926
v 87.79020 28.18770 126.07240295
v 87.79350 12.71070  99.03800201
v 87.79370 23.74800 117.04589844
v 87.79480 -32.63640  42.01359940
v 87.79480 7.16000  54.04199982
v 87.79490 7.16270  72.05120087
v 87.79490 27.06140  -8.95660019
v 87.79490 27.07470 123.07299805
v 87.79520 -37.04910  27.04299927
v 87.79520 -34.84870  36.02170181
v 87.79520 -33.74290  15.93659973
v 87.79520 -21.57950  11.60750008
v 87.79520 12.69940  79.55799866
v 87.79520 13.81620 102.04299927
v 87.79520 23.75710  14.14929962
v 87.79520 29.27490 -11.95699978
v 87.79530 18.21710  99.04280090
v 87.79570 12.70030  96.01390076
v 87.79570 18.21730 102.04560089
v 87.79600 -35.95510  36.01330185
v 87.79690 6.05100  66.04019928
v 87.79710 3.85550  75.02739716
v 87.79760 22.65120 -14.92049980
v 87.79870 6.07030  78.03369904
v 87.79960 -28.21560  48.03020096
v 87.80100 -4.98830  60.04059982
v 87.80200 8.27430  84.02970123
v 87.80250 9.38220  84.03430176
v 87.80320 -20.47370  51.03879929
v 87.80360 13.80490 105.04579926
v 87.80400 -1.67950  66.03469849
v 87.80620 0.53600  66.04299927
v 87.80630 -34.84870  39.04299927
v 87.80630 6.06480  81.04299927
v 87.80630 13.80610 114.04350281
v 87.82400 -6.12560  60.07640076
v 88.88920 4.95880  72.04290009
v 88.88920 6.06460  48.04460144
v 88.88970 4.95910  66.04479980
v 88.88990 6.06480  54.04299927
v 88.88990 6.06480  63.04299927
v 88.88990 12.69940  33.04299927
v 88.88990 13.80520  27.04310036
v 88.88990 17.12250  24.04299927
v 88.88990 24.86280 120.04299927
v 88.88990 28.18020 -11.95699978
v 88.89090 8.27570  39.04130173
v 88.89180 6.06640  42.03239822
v 88.89390 -33.74290  18.05220032
v 88.89410 4.95540  54.04710007
v 88.89430 14.90210  90.03109741
v 88.89540 25.96310  -8.95699978
v 88.89550 3.84810  57.04449844
v 88.89780 10.48770  36.02159882
v 88.89870 20.44070  18.02109909
v 88.89920 19.33460  18.02669907
v 88.90020 14.91240   6.06869984
v 88.90020 16.01700  96.07250214
v 88.90040 23.75540 120.06780243
v 88.90090 17.11180  21.04150009
v 88.90100 -35.94340  21.04299927
v 88.90100 -35.94340  24.04299927
v 88.90100 -35.94340  39.04299927
v 88.90100 -22.68520  52.52799988
v 88.90100 0.54700  69.04299927
v 88.90100 2.73640  51.04299927
v 88.90100 3.85320  66.01300049
v 88.90100 7.17050  67.81060028
v 88.90100 7.17050  72.93659973
v 88.90100 8.28700  12.04329967
v 88.90100 10.48780  10.55799961
v 88.90100 12.69940   8.05300045
v 88.90100 13.80520   9.05169964
v 88.90100 13.81620 117.04299927
v 88.90100 17.12250   4.55800009
v 88.90100 24.86280   9.01299953
v 88.90100 24.86280 123.06430054
v 88.90180 -37.04910  36.04769897
v 88.90250 -30.42460  48.02249908
v 88.90300 21.55160  -2.94749999
v 88.90450 -33.73730  42.03369904
v 88.90650 -3.89540  66.02559662
v 88.90710 17.13060 129.04460144
v 88.90720 -10.51800  57.04090118
v 88.90770 12.70510  99.03250122
v 88.90790 17.12910 123.03910065
v 88.90830 -7.20190  60.03979874
v 88.90910 16.01480 123.02610016
v 88.91040 7.17070  84.04049683
v 88.91170 -20.47530  54.03950119
v 88.91180 4.95900  78.04039764
v 88.91210 -33.74290  45.04299927
v 88.91210 -10.52180  60.04299927
v 88.91210 0.53590  72.04170227
v 88.91210 2.74940  78.04309845
v 88.91210 3.85320  81.04299927
v 88.91210 10.48780  96.04299927
v 88.99680 -37.04910  30.30290031
v 89.99460 -33.74320  21.04039955
v 89.99570 2.74750  42.04299927
v 89.99570 3.85320  48.04299927
v 89.99570 7.17050  69.04299927
v 89.99570 9.38210  33.04299927
v 89.99570 10.48780  12.04300022
v 89.99570 10.48780  33.04299927
v 89.99570 11.59360  27.04299927
v 89.99570 11.59360  81.04299927
v 89.99570 12.69930  84.04309845
v 89.99570 20.43980  12.04300022
v 89.99570 20.43980 114.04299927
v 89.99630 2.74720  54.04420090
v 89.99890 1.63900  57.04109955
v 89.99890 10.48650  84.04869843
v 90.00080 -35.95670  30.06250000
v 90.00160 -34.84640  30.05179977
v 90.00180 22.65110   9.03020000
v 90.00680 2.73640  51.04299927
v 90.00680 8.27630  87.01300049
v 90.00680 9.38210  81.07299805
v 90.00680 10.49890   9.04300022
v 90.00680 12.68830  87.04299927
v 90.00680 12.71040 120.04299927
v 90.00680 19.34510   0.04300000
v 90.00680 20.42870 111.04299927
v 90.00680 24.85180   3.04299998
v 90.00680 25.95760 126.04299927
v 90.00690 18.21750 105.04499817
v 90.00700 24.86300 123.07289886
v 90.00720 12.69950   9.05720043
v 90.00770 21.53420 117.04470062
v 90.00790 14.90880  96.07209778
v 90.00950 25.95730   0.03930000
v 90.00980 -18.26500  55.52949905
v 90.01160 7.17100  87.01850128
v 90.01170 4.95130  84.02349854
v 90.01400 -12.72050  57.06760025
v 90.01650 -31.53150  48.04109955
v 90.01740 -1.67620  69.04039764
v 90.01770 9.38250  99.03869629
v 90.01780 -14.94480  57.04299927
v 90.01780 -13.83910  60.04299927
v 90.01780 -9.41600  63.04299927
v 90.01780 -7.20450  63.04299927
v 90.01780 11.59360 102.04299927
v 90.54020 -18.87320  13.04800034
v 91.09920 18.22940  15.04650021
v 91.10120 -10.52180  30.04170036
v 91.10150 -20.47370  30.04299927
v 91.10150 -16.05060  30.04299927
v 91.10150 2.74730  72.04280090
v 91.10150 7.17090  36.04589844
v 91.10150 9.38210  27.04310036
v 91.10150 14.91090   9.04300022
v 91.10150 17.12250 105.04299927
v 91.10150 18.22820   6.04300022
v 91.10150 19.33400  15.04300022
v 91.10160 -22.68530  30.04310036
v 91.10160 0.53600  57.04309845
v 91.10180 14.90990 102.04380035
v 91.10190 7.17050  27.04019928
v 91.10200 2.74840  60.04610062
v 91.10280 13.80550  21.03930092
v 91.10340 -30.42310  30.05039978
v 91.10480 6.06500  78.05110168
v 91.10540 1.63740  66.04509735
v 91.10810 1.63510  48.04330063
v 91.10870 0.53500  39.02489853
v 91.10990 9.38290  12.05010033
v 91.11080 21.53260 129.04449463
v 91.11170 -4.99140  67.52729797
v 91.11250 4.94790  69.04299927
v 91.11250 16.01640   9.07260036
v 91.11260 3.85320  72.93659973
v 91.11260 8.27630  84.07299805
v 91.11260 8.28740  96.04299927
v 91.11260 8.28740  99.04299927
v 91.11260 10.48780  10.55799961
v 91.11260 10.49890 114.04299927
v 91.11260 13.80520   8.17199993
v 91.11260 16.01670  19.52799988
v 91.11260 18.23930   3.04299998
v 91.11260 19.32290 108.04299927
v 91.11260 25.95760 126.04299927
v 91.11270 -32.62820  24.04400063
v 91.11290 6.07560  90.04570007
v 91.11300 22.65100 120.07129669
v 91.11350 25.95730   0.03410000
v 91.11570 21.55380  -2.94160008
v 91.11650 12.70110 120.02519989
v 91.11770 -33.74240  48.03039932
v 91.11960 -16.04670  57.04130173
v 91.12030 -11.63250  63.03219986
v 91.12040 -26.00340  54.03580093
v 91.12100 -20.47420  57.03670120
v 91.12360 -18.26210  60.04299927
v 91.12360 -10.52180  63.04299927
v 91.12360 -1.67560  75.04299927
v 91.12370 -35.95480  48.04619980
v 91.12390 -32.63760  51.04299927
v 92.19080 -1.65730  56.98590088
v 92.20640 -28.21460  15.04310036
v 92.20670 -17.15740  30.04389954
v 92.20670 17.12260   9.04209995
v 92.20720 24.86310  -2.95760012
v 92.20730 -34.84900  33.04370117
v 92.20730 -9.41600  30.04299927
v 92.20730 0.53590  36.04299927
v 92.20730 3.85320  33.04299927
v 92.20730 4.95900  36.04299927
v 92.20730 7.17020  81.04260254
v 92.20730 10.48780  87.04299927
v 92.20730 10.48780  90.04309845
v 92.20730 19.33400   3.04299998
v 92.20730 19.33400   9.04300022
v 92.20730 22.65130   6.04300022
v 92.20730 24.86280   0.04170000
v 92.20740 -19.36780  30.04319954
v 92.20740 17.12250 108.04329681
v 92.20780 3.85230  27.04199982
v 92.20800 -23.79440  30.04140091
v 92.20840 -27.10780  30.04240036
v 92.20950 6.06400  27.03380013
v 92.21080 -28.21230  27.03779984
v 92.21150 11.58850  21.03910065
v 92.21240 -35.95670  36.06269836
v 92.21270 -11.62640  33.05530167
v 92.21460 18.22080 114.04280090
v 92.21760 9.38410 105.01450348
v 92.21830 -37.04910  48.04299927
v 92.21830 -21.57950  31.55800056
v 92.21830 -20.47370  60.01300049
v 92.21830 -3.88720  33.07300186
v 92.21830 0.52490  39.04299927
v 92.21830 0.52490  60.04299927
v 92.21830 6.06480  90.01300049
v 92.21850 19.32360 117.04560089
v 92.21940 8.26880  84.05780029
v 92.22290 -16.06560  63.02149963
v 92.22340 -6.09460  66.03659821
v 92.22380 2.75100  84.03849792
v 92.22410 4.96430  87.04119873
v 92.22640 -24.89830  57.03089905
v 92.22680 12.70120 123.03780365
v 92.22710 -4.99310  69.03340149
v 92.22750 -21.57720  57.04299927
v 92.22920 3.85270  90.04509735
v 92.22940 -35.95450  51.04299927
v 92.22940 6.06480  93.04299927
v 92.22950 -23.79100  60.04439926
v 92.22970 -33.74300  51.04330063
v 92.22970 -0.57060  78.04129791
v 93.30890 -9.41680  27.04840088
v 93.31230 16.01740  15.04170036
v 93.31250 -6.09880  27.04459953
v 93.31300 2.74760  30.04330063
v 93.31310 -29.31980  18.04299927
v 93.31310 -29.31980  24.04299927
v 93.31310 -27.10830  15.04300022
v 93.31310 -12.73330  33.04299927
v 93.31310 -2.78140  39.04299927
v 93.31310 -2.78140  54.04280090
v 93.31310 -1.67560  63.04299927
v 93.31310 -0.56980  48.04299927
v 93.31310 0.53590  72.04299927
v 93.31310 2.74750  78.04299927
v 93.31310 9.38210  87.04299927
v 93.31310 11.59360  93.04299927
v 93.31310 13.80520  18.04299927
v 93.31310 14.91090  15.04300022
v 93.31320 -33.74300  36.04330063
v 93.31340 21.54480 123.04329681
v 93.31410 12.70220 102.05149841
v 93.31420 -0.56770  27.03689957
v 93.31470 -30.42490  36.04479980
v 93.31490 8.27560  90.04940033
v 93.31690 20.43260 129.04379272
v 93.31840 3.85920  78.06169891
v 93.31960 9.38440  21.02470016
v 93.32390 23.74600 126.04309845
v 93.32400 -37.04910  42.04249954
v 93.32400 -0.58070  66.04309845
v 93.32410 -19.36790  31.55800056
v 93.32410 -3.88720  74.14929962
v 93.32410 2.73640  75.04299927
v 93.32410 4.94790  69.04299927
v 93.32410 8.27630  12.93150043
v 93.32410 10.48780  11.17199993
v 93.32410 20.42870 126.04299927
v 93.32410 22.65130 127.27529907
v 93.32420 -4.99310  72.01300049
v 93.32480 20.42880 120.04419708
v 93.32510 9.39410 105.03639984
v 93.32580 -17.15670  63.03129959
v 93.32860 -20.48820  63.02170181
v 93.33050 8.27660 105.01940155
v 93.33100 -12.73700  64.53359985
v 93.33200 -27.10950  57.03079987
v 93.33340 -29.31750  54.04399872
v 93.33500 -9.41610  66.04280090
v 93.33500 2.74590  87.03359985
v 93.33520 3.85320  93.04299927
v 93.33530 -26.00240  60.04460144
v 93.33560 7.17000  96.04199982
v 94.36310 -23.79210  62.93569946
v 94.41660 -24.90270  15.04920006
v 94.41710 -1.67410  60.04169846
v 94.41870 -29.31990  36.04280090
v 94.41880 -28.21410  24.04299927
v 94.41880 -27.10830  18.04299927
v 94.41880 -23.79100  24.04010010
v 94.41880 2.74750  69.04299927
v 94.41880 4.95900  24.04299927
v 94.41880 6.06480  84.04299927
v 94.41880 11.59360  18.04299927
v 94.41880 12.69940 105.04299927
v 94.41880 13.80520  12.04300022
v 94.41880 13.80520 105.04299927
v 94.41890 10.49120  12.04279995
v 94.41890 13.80490  15.03759956
v 94.42050 -17.15750  36.04499817
v 94.42160 -22.68470  36.04529953
v 94.42220 10.48780 102.06079865
v 94.42340 -22.68220  15.04559994
v 94.42490 -6.09900  39.06060028
v 94.42500 7.17460  21.02449989
v 94.42700 -2.78930  63.04199982
v 94.42840 3.85200  81.06469727
v 94.42910 -0.57500  66.05220032
v 94.42960 0.53490  75.06919861
v 94.42990 -38.15500  42.04299927
v 94.42990 -34.84870  37.81060028
v 94.42990 -32.63710  55.52799988
v 94.42990 -9.41600  37.55799866
v 94.42990 -4.99290  72.02169800
v 94.42990 -2.78150  78.01260376
v 94.42990 2.74750  78.93659973
v 94.42990 8.27630 120.01300049
v 94.42990 9.37100 102.04299927
v 94.42990 20.43980 128.14930725
v 94.43020 -6.09880  72.01329803
v 94.43150 -3.88460  75.02400208
v 94.43210 -2.79150  57.05239868
v 94.43520 -7.20220  69.03410339
v 94.43540 7.17600 117.04280090
v 94.43720 -28.21400  57.03430176
v 94.43720 9.38180 123.02680206
v 94.43930 -10.52060  66.04080200
v 94.44100 -38.16600  54.04299927
v 94.44100 -13.83870  66.04299927
v 94.44100 7.17050 105.04299927
v 94.44100 10.48840 129.04319763
v 94.44130 -40.37690  51.04010010
v 94.44170 -30.42390  57.04449844
v 94.56290 5.21890  13.90340042
v 95.50340 -18.26930  24.06999969
v 95.50650 -18.22420  36.01509857
v 95.52410 -9.41650  39.04199982
v 95.52430 -1.67550  72.04299927
v 95.52460 -22.68520  21.04299927
v 95.52460 -21.57950  15.04300022
v 95.52460 -21.57950  36.04299927
v 95.52460 -20.47370  15.04279995
v 95.52460 -3.88720  57.04299927
v 95.52460 -1.67560  24.04299927
v 95.52460 8.27630  93.04299927
v 95.52460 8.27630 102.04299927
v 95.52460 9.38210  15.04300022
v 95.52480 11.59340  15.04249954
v 95.52570 4.95710  21.04220009
v 95.52650 -0.57170  21.04039955
v 95.52760 19.33290 123.04759979
v 95.52820 4.96040  87.05699921
v 95.52920 -2.78760  72.04329681
v 95.53080 0.53100  78.04900360
v 95.53100 2.74720  21.02599907
v 95.53380 1.63980  81.06670380
v 95.53410 -24.89730  37.55339813
v 95.53520 17.12010 120.06310272
v 95.53540 7.16950  93.06919861
v 95.53570 -34.84870  38.17200089
v 95.53570 -32.63710  38.05300140
v 95.53570 -21.57950  64.27529907
v 95.53570 -19.36640  21.01689911
v 95.53570 -5.00400  45.04299927
v 95.53570 0.52490  75.04299927
v 95.53600 6.05350  90.04429626
v 95.53640 -1.67510  84.01629639
v 95.53670 -2.78870  63.06019974
v 95.53780 -38.16070  42.05339813
v 95.54280 -0.56970  84.03399658
v 95.54440 -18.26760  66.02089691
v 95.54520 -28.21400  60.04040146
v 95.54670 -43.68850  51.04019928
v 95.54670 -41.48330  51.04299927
v 95.54670 -40.37750  54.04299927
v 95.54670 2.74750 102.04299927
v 95.54670 3.85340  96.04119873
v 95.54670 4.95900  96.04299927
v 96.59110 8.30800 104.98549652
v 96.62900 -4.99300  54.04560089
v 96.63040 -28.21410  39.04299927
v 96.63040 -18.26210  15.04300022
v 96.63040 -13.83910  39.04299927
v 96.63040 -3.88730  72.04309845
v 96.63040 0.53590  69.04299927
v 96.63040 7.17050  15.04300022
v 96.63050 -18.26170  21.04649925
v 96.63140 -2.78230  66.04470062
v 96.63220 -16.05020  39.04700089
v 96.63240 -12.73550  42.04470062
v 96.63390 -4.99920  66.04370117
v 96.63580 -8.31010  45.05540085
v 96.63670 -1.67250  21.02420044
v 96.63770 -3.89480  63.04230118
v 96.63980 -0.58030  69.04329681
v 96.64070 16.00570 117.04380035
v 96.64100 7.17120 123.01360321
v 96.64140 -17.15640  21.01300049
v 96.64140 -3.88720  83.14929962
v 96.64140 3.85320 103.52799988
v 96.64140 7.15950  93.04299927
v 96.64140 10.48780 105.93659973
v 96.64140 13.80520 111.93659973
v 96.64150 8.28740 129.04310608
v 96.64160 7.18160 126.04740143
v 96.64210 -12.72780  69.03410339
v 96.64250 4.97020 105.03369904
v 96.64330 0.53820  93.02729797
v 96.64400 6.06720 120.02639771
v 96.64740 -33.74230  57.03620148
v 96.64950 -19.36580  66.04039764
v 96.65120 -30.42600  60.03919983
v 96.65140 -35.95340  57.04069901
v 96.65250 -41.48330  48.04299927
v 96.65250 -7.20410  78.04470062
v 96.65250 -0.56980  93.04299927
v 96.65250 2.74750 108.04299927
v 96.65250 2.74750 111.04299927
v 96.65260 -0.56990  87.04370117
v 97.73260 2.74720  15.04090023
v 97.73550 -14.94490  15.03929996
v 97.73560 -3.88860  21.04369926
v 97.73570 -29.31930  39.04410172
v 97.73580 -17.15580  15.04109955
v 97.73590 6.06430  15.04279995
v 97.73600 -14.94490  21.04619980
v 97.73610 -6.09870  48.04299927
v 97.73610 -1.67560  75.04299927
v 97.73610 1.64170  18.04299927
v 97.73610 2.74750  90.04299927
v 97.73610 3.85320  90.04299927
v 97.73610 3.85320 102.04299927
v 97.73610 19.33400 126.04299927
v 97.73610 20.43980 126.04299927
v 97.73620 -34.84690  40.06520081
v 97.73760 -13.83810  42.04769897
v 97.73790 -2.78200  78.04930115
v 97.73880 -14.94530  42.04750061
v 97.73960 -1.67340  78.06159973
v 97.74040 6.06490 102.06289673
v 97.74410 -24.86620  65.99520111
v 97.74640 -0.57110  81.06749725
v 97.74640 4.95770  93.06749725
v 97.74690 -41.48230  46.55730057
v 97.74690 -8.30600  78.01979828
v 97.74720 -41.48330  55.52799988
v 97.74720 -39.27180  43.55799866
v 97.74720 -32.63710  39.93659973
v 97.74720 -9.41600  76.52790070
v 97.74720 -8.31020  45.93659973
v 97.74720 1.65280 108.04299927
v 97.74720 3.86430 117.04299927
v 97.74720 4.95900 102.07299805
v 97.74720 7.17050 123.02169800
v 97.74770 17.11020 120.04129791
v 97.74940 -31.53980  39.07270050
v 97.75170 -23.80300  39.09569931
v 97.75390 -29.31750  63.03430176
v 97.75400 -3.88580  84.03510284
v 97.75460 -20.47390  69.03299713
v 97.75520 1.64510  96.04160309
v 97.75540 -31.53020  60.03889847
v 97.75580 -21.57700  66.04149628
v 97.75790 -37.05980  57.04280090
v 97.75820 -4.99260  87.03890228
v 97.75830 -35.95450  60.04299927
v 97.75830 -29.31980  66.04299927
v 97.75830 -2.78140  90.04299927
v 97.75830 0.53600 102.04299927
v 97.75850 0.53510  96.03970337
v 97.75900 -10.52200  75.04489899
v 97.76040 -20.47250  72.04840088
v 98.83970 12.70180 117.03639984
v 98.84050 -13.83520  15.03520012
v 98.84050 14.91420 129.04049683
v 98.84180 -7.20440  66.04299927
v 98.84180 -1.67430  15.04049969
v 98.84190 -24.89670  42.04290009
v 98.84190 -10.52180  45.04299927
v 98.84190 -3.88720  75.04299927
v 98.84190 -1.67560  69.04299927
v 98.84190 3.85320  93.04299927
v 98.84190 4.95900  99.04299927
v 98.84430 -31.53120  42.04510117
v 98.84560 -2.78840  69.04299927
v 98.84620 -7.20030  60.06399918
v 98.84700 -21.57980  42.05059814
v 98.84720 9.38230 111.05519867
v 98.84730 10.49380 111.06169891
v 98.84930 -9.41680  48.06150055
v 98.85230 -0.56930  84.07270050
v 98.85300 -37.06020  41.26549911
v 98.85300 -11.62750  45.07300186
v 98.85300 -11.62750  76.52790070
v 98.85300 -8.31020  78.02799988
v 98.85300 -7.21550  54.04299927
v 98.85300 -2.78140  93.01309967
v 98.85300 1.64170 103.78569794
v 98.85300 2.74750 105.01300049
v 98.85300 2.75850 120.04299927
v 98.85300 7.17050 105.93659973
v 98.85300 7.17050 126.01300049
v 98.85300 12.68830 114.04299927
v 98.85300 16.01670 128.14930725
v 98.85300 18.21720 126.04299927
v 98.85350 -30.42540  66.01740265
v 98.85570 3.84160 102.04519653
v 98.85890 -7.20670  84.02330017
v 98.85970 -31.52930  63.03350067
v 98.86030 -43.69320  54.03919983
v 98.86240 -37.06010  60.04040146
v 98.86290 -44.80120  54.03950119
v 98.86290 -39.27190  57.04169846
v 98.86290 -19.36540  75.04080200
v 98.86310 -41.48410  57.04000092
v 98.86340 -1.67740  96.03250122
v 98.86350 2.74800 105.04389954
v 98.86400 -50.32950  51.04299927
v 98.86400 -47.01200  51.04290009
v 98.86520 -23.79120  72.04589844
v 99.94710 -20.47230  42.04219818
v 99.94730 12.69970 129.04299927
v 99.94740 -33.74320  42.04290009
v 99.94770 -17.15640  42.04299927
v 99.94770 -9.41600  57.04299927
v 99.94770 2.74750  96.04299927
v 99.94910 -29.31860  42.04729843
v 99.95010 -6.09960  78.05030060
v 99.95070 16.01880 126.04090118
v 99.95250 -13.83170  45.05950165
v 99.95490 -7.21210  72.04250336
v 99.95550 -2.79240  69.04270172
v 99.95850 11.58310 117.04370117
v 99.95870 -8.29920  81.04299927
v 99.95870 -8.29920  84.04299927
v 99.95870 -4.99290  78.07299805
v 99.95870 -4.99190  93.01570129
v 99.95870 -1.67560 103.27529907
v 99.95870 0.53590 103.78569794
v 99.95870 2.73640 102.04299927
v 99.95870 2.74750 102.07299805
v 99.95870 4.95900 124.52790070
v 99.95870 8.28850 129.04280090
v 99.95870 13.80520 118.55799866
v 99.95870 13.80520 128.14930725
v 99.95870 17.12250 124.55799866
v 99.95920 -44.78940  48.04280090
v 99.96020 2.74780 120.01730347
v 99.96190 -21.58050  75.02169800
v 99.96220 -12.73440  78.02159882
v 99.96230 -6.09800  90.01619720
v 99.96360 -39.27450  60.02500153
v 99.96360 -30.42970  69.02449799
v 99.96380 -43.70170  57.02519989
v 99.96510 -24.90360  72.03260040
v 99.96840 -27.10560  72.04039764
v 99.96960 1.64150 120.04260254
v 99.96970 -51.43530  51.04309845
v 99.96980 -53.64680  51.04299927
v 99.96980 -34.84870  66.04299927
v 99.96980 -8.31020  87.04299927
v 99.96980 -3.88720  96.04299927
v 99.96980 -0.56980 108.04299927
v 99.96980 1.64170 105.04299927
v 101.05240 -3.88680  81.04190063
v 101.05310 -8.31090  63.04180145
v 101.05340 -16.05060  45.04299927
v 101.05340 -10.52180  51.04290009
v 101.05340 -9.41600  63.04299927
v 101.05340 -9.41570  66.04299927
v 101.05400 -11.62770  60.04579926
v 101.05410 9.38290 129.04289246
v 101.05580 -10.51920  60.05619812
v 101.05680 7.16960 111.04750061
v 101.05850 6.06050 111.04830170
v 101.06000 -28.21370  45.05569839
v 101.06450 -47.01220  49.55049896
v 101.06450 -41.48330  46.05289841
v 101.06450 -39.27180  44.17200089
v 101.06450 -31.53140  43.81060028
v 101.06450 -17.15640  77.52010345
v 101.06450 -2.78140 103.52799988
v 101.06450 -1.67560 103.52799988
v 101.06450 0.53600 105.07289886
v 101.06450 2.74750 103.55799866
v 101.06450 10.47680 114.04299927
v 101.06450 12.69940 118.55799866
v 101.06560 -7.21450  72.04160309
v 101.06560 -7.19770  90.02490234
v 101.06620 -45.90700  57.02090073
v 101.06920 -32.63980  69.02469635
v 101.06960 -31.53090  69.03050232
v 101.07170 -22.67640  78.01650238
v 101.07220 -13.83840  78.03739929
v 101.07310 -9.41530  81.03330231
v 101.07420 -41.48370  60.03900146
v 101.07470 -23.79130  75.03970337
v 101.07470 2.74880 123.04190063
v 101.07550 -30.42560  72.04299927
v 101.07550 -9.41600  87.04419708
v 101.07550 -4.99290  90.04299927
v 101.07550 -4.99290  96.04299927
v 101.07550 -1.67560 111.04299927
v 101.07550 -1.67560 117.04299927
v 101.07580 -47.01270  54.04259872
v 101.07640 -19.36760  78.04530334
v 101.08040 -16.05080  81.05300140
v 102.15770 -14.94390  48.04090118
v 102.15920 -29.31980  45.04299927
v 102.15920 -12.73330  51.04299927
v 102.15920 12.69940 120.04299927
v 102.15920 13.80510 123.04290009
v 102.15960 -13.83920  60.04550171
v 102.16020 8.27830 117.03530121
v 102.16400 -27.10730  48.05530167
v 102.16470 9.37650 114.04299927
v 102.16810 0.52780 102.05359650
v 102.17010 -0.58120  96.04160309
v 102.17010 1.64150 105.06410217
v 102.17020 -52.54100  52.79370117
v 102.17020 -48.11790  49.84899902
v 102.17020 -45.90640  58.52799988
v 102.17020 -9.41600  89.14929962
v 102.17020 -7.20450  90.02799988
v 102.17020 -6.09870  70.27529907
v 102.17020 -4.99270  99.01309967
v 102.17020 -3.87610 102.04299927
v 102.17020 -1.67560 102.02799988
v 102.17020 3.85320 105.93659973
v 102.17020 7.17050 126.91390228
v 102.17030 0.52490  99.04260254
v 102.17140 -35.95390  69.01719666
v 102.17260 -18.26480  81.02169800
v 102.17340 -23.78910  78.02909851
v 102.17570 -14.94480  84.02799988
v 102.17790 -24.89370  75.04129791
v 102.17790 -1.66880 105.04429626
v 102.17810 -0.56980 120.03469849
v 102.17820 -40.37590  63.03680038
v 102.17900 -10.52000  84.04039764
v 102.18040 -17.15630  78.04060364
v 102.18040 -7.20280  96.04479980
v 102.18090 -2.78060 108.04350281
v 102.18100 -43.69450  60.04100037
v 102.18130 -12.73330  87.04299927
v 102.18130 -8.31020  99.04299927
v 102.18130 -4.99290 111.04299927
v 102.18130 -3.88720 114.04299927
v 102.18340 -26.00310  78.04599762
v 102.19950 -49.24910  54.07479858
v 103.25490 -7.22920  68.25520325
v 103.26490 -20.47290  54.04539871
v 103.26500 -16.05060  54.04309845
v 103.26500 10.48780 126.04299927
v 103.26870 -8.31240  81.04799652
v 103.26940 -9.42210  78.03839874
v 103.27240 -12.73530  63.05659866
v 103.27270 6.05510 117.04329681
v 103.27600 -55.84730  51.04299927
v 103.27600 -48.11790  58.52799988
v 103.27600 -43.69480  47.42679977
v 103.27600 -30.42560  48.07300186
v 103.27600 -27.10830  48.93659973
v 103.27600 -21.57890  51.07479858
v 103.27600 -9.41600  87.02169800
v 103.27600 -9.40490  99.04299927
v 103.27600 -7.20450  82.55799866
v 103.27600 -6.08760 114.04299927
v 103.27600 -4.99290  99.02790070
v 103.27600 0.52490 102.04299927
v 103.27600 4.95900 125.03589630
v 103.27630 1.64170 105.07299805
v 103.27660 -39.27110  46.55820084
v 103.27660 -21.58400  81.01930237
v 103.27970 -32.63560  75.02809906
v 103.28230 -28.21090  75.03839874
v 103.28370 -9.40930  90.04660034
v 103.28390 -17.15770  84.03079987
v 103.28400 -19.36790  81.03890228
v 103.28490 -38.16550  69.03769684
v 103.28670 -8.30940  93.04309845
v 103.28690 -51.43490  54.04270172
v 103.28690 -45.90640  60.04090118
v 103.28700 -7.20420 102.04190063
v 103.28700 -3.88730 117.04160309
v 103.28710 -43.69480  69.04299927
v 103.28710 -41.48330  72.04299927
v 103.28710 -28.21410  78.04299927
v 103.28710 -16.05060  87.04299927
v 103.28710 -6.09870 111.04299927
v 103.28710 -4.99290 105.04299927
v 103.28740 -44.80100  66.04280090
v 103.28810 -35.95290  72.04730225
v 103.28930 -51.43650  57.04610062
v 103.40510 -51.72140  50.06340027
v 104.36450 -13.82420  66.01499939
v 104.37070 -1.67560  96.04299927
v 104.37070 -0.56980  99.04299927
v 104.37160 -12.73430  66.04380035
v 104.37300 -32.63330  48.05059814
v 104.37370 -6.10330  90.04579926
v 104.37420 9.37590 123.04309845
v 104.37590 -1.67930 102.05979919
v 104.38060 3.84460 111.04470062
v 104.38090 -16.06010  60.04610062
v 104.38100 -44.79800  69.02120209
v 104.38170 -6.10970  84.04299927
v 104.38180 -54.75250  52.27529907
v 104.38180 -48.11790  51.05799866
v 104.38180 7.17050 125.03289795
v 104.38190 -8.29950 102.04280090
v 104.38190 8.26750 120.04920197
v 104.38260 2.74740 108.07289886
v 104.38270 -2.77140 120.04139709
v 104.38370 -17.15410  87.02729797
v 104.38510 6.05110 117.03919983
v 104.38730 -10.51620  96.04299927
v 104.38920 -27.10820  81.03309631
v 104.38940 -6.09290 108.05439758
v 104.38970 -19.36910  84.03079987
v 104.39050 -9.41360  93.04299927
v 104.39140 -47.01070  60.04109955
v 104.39280 -0.56860 123.04309845
v 104.39290 -12.73260  90.04149628
v 104.39300 -50.32870  60.04270172
v 104.39320 -9.41540 111.04010010
v 104.39320 -8.31060 108.04389954
v 104.41050 -9.44510  81.01190186
v 104.42320 -34.86650  78.08920288
v 105.47630 -26.00000  54.04249954
v 105.47650 -24.89680  57.04299927
v 105.47650 -20.47370  60.04299927
v 105.47650 -17.15640  60.04299927
v 105.47650 -3.88720  93.04299927
v 105.47900 -24.89950  60.00659943
v 105.47970 -3.89280  99.04910278
v 105.48180 0.53550 108.05439758
v 105.48320 -11.63430  78.05300140
v 105.48690 -52.53630  57.02429962
v 105.48710 -10.52210  99.01139832
v 105.48760 -55.84730  51.04299927
v 105.48760 -44.80060  49.15810013
v 105.48760 -42.58910  73.27529907
v 105.48760 -9.41600  70.27529907
v 105.48760 -8.31020  99.03050232
v 105.48760 -8.29920 102.04299927
v 105.48760 -4.99290  93.07299805
v 105.48760 2.74750 124.23870087
v 105.48860 4.95900 112.55819702
v 105.49090 -29.32020  81.02290344
v 105.49360 -12.71950 105.01309967
v 105.49490 -20.47160  84.03900146
v 105.49510 -13.83730  90.03829956
v 105.49770 -6.09800 117.04149628
v 105.49790 -22.68500  87.04060364
v 105.49800 -9.41570 105.04170227
v 105.49810 -14.94510  99.04460144
v 105.49840 -37.05670  78.04309845
v 105.49850 -49.22300  63.04219818
v 105.49860 -35.95450  78.04299927
v 105.49860 -26.00250  87.04299927
v 105.49860 -10.52180 111.04299927
v 106.57110 -2.68560 123.08100128
v 106.58230 -40.37750  51.04299927
v 106.58230 -33.74290  51.04299927
v 106.58230 -31.53200  54.04299927
v 106.58230 -30.42280  57.05049896
v 106.58230 -16.05060  63.04299927
v 106.58230 -12.73330  72.04119873
v 106.58230 -8.31020  84.04299927
v 106.58230 -7.20450  87.04299927
v 106.58230 7.17060 123.04309845
v 106.58230 8.27630 123.04299927
v 106.58360 -26.00420  60.04499817
v 106.58540 -35.95610  54.04909897
v 106.58570 1.64050 111.04799652
v 106.58620 -32.64090  60.04449844
v 106.58950 -16.05630  66.04709625
v 106.59040 3.84530 117.04199982
v 106.59310 -7.21320  90.05290222
v 106.59320 -9.41570  87.06420135
v 106.59330 -53.64680  55.52799988
v 106.59330 -43.69480  50.05300140
v 106.59330 -39.27180  51.07300186
v 106.59330 -7.20450 118.27529907
v 106.59330 -3.89820  96.04299927
v 106.59330 -2.78140 102.07299805
v 106.59340 -3.88720 102.06420135
v 106.59370 -6.10200  93.05719757
v 106.59470 -41.48240  75.03099823
v 106.59480 -47.01120  66.02239990
v 106.59860 -54.74670  54.04270172
v 106.59880 -52.53550  60.04299927
v 106.60110 -30.42330  81.04060364
v 106.60120 -12.73050  96.04109955
v 106.60240 -29.32130  84.04019928
v 106.60350 -10.52120 114.04139709
v 106.60370 -40.37620  75.04290009
v 106.60410 -33.74280  84.04380035
v 106.60440 -50.32950  66.04299927
v 106.60440 -28.21410  87.04299927
v 106.60440 -22.68520  84.04299927
v 106.60440 -22.68520  90.04299927
v 106.60440 -21.57950  93.04299927
v 106.60440 -18.26210  96.04299927
v 106.60440 -13.83910 102.04299927
v 106.60440 -13.83910 105.04299927
v 106.60440 -9.41600 108.04299927
v 106.60450 -32.63720  81.04299927
v 106.60450 -14.94480  96.04280090
v 106.61600 -27.12660  84.08129883
v 106.63640 -46.88880  49.99560165
v 107.68710 -53.64730  51.04309845
v 107.68790 -10.52010  69.04280090
v 107.68810 -33.74300  60.04309845
v 107.68810 -22.68520  63.04299927
v 107.68810 -19.36790  63.04299927
v 107.68810 -18.26210  66.04299927
v 107.68810 -16.05080  72.04319763
v 107.68810 -11.62750  69.04299927
v 107.69170 -8.31660  90.04060364
v 107.69740 -41.46410  51.07490158
v 107.69790 -51.42130  65.99939728
v 107.69800 -51.42510  63.03730011
v 107.69810 -10.53270  84.04229736
v 107.69860 -44.80070  72.01329803
v 107.69870 -55.84700  54.04290009
v 107.69910 -52.54100  58.55799866
v 107.69910 -51.42420  57.04299927
v 107.69910 -26.00250  61.55799866
v 107.69910 -18.26210  99.01300049
v 107.69910 -10.52180  87.06420135
v 107.69910 -4.99290 121.03289795
v 107.69910 0.53590 123.89700317
v 107.69940 -11.62770  81.07270050
v 107.69950 -9.41600  84.07230377
v 107.69950 -3.88800 102.07270050
v 107.70150 -45.90620  69.02310181
v 107.70230 -27.10930  90.02169800
v 107.71010 -20.47340  96.04190063
v 107.71020 -30.42560  87.04299927
v 107.71020 -19.36790  99.04299927
v 107.71020 -14.94480 111.04299927
v 107.71020 -13.83910 111.04299927
v 107.71040 -28.21410  84.04090118
v 107.71150 -11.63460 108.04699707
v 108.77820 -44.81910  50.99700165
v 108.78570 -51.42790  51.03239822
v 108.79380 -50.32950  57.04330063
v 108.79380 -45.90650  57.04299927
v 108.79380 -40.37750  54.04299927
v 108.79380 2.74750 114.04299927
v 108.79390 -23.78610  63.04759979
v 108.79390 -14.94490  75.04319763
v 108.79390 -12.73320  69.04309845
v 108.79470 -43.69630  57.00540161
v 108.79880 -35.95580  60.06100082
v 108.79880 -6.10470  99.04080200
v 108.80160 1.63980 114.05670166
v 108.80390 -16.05930  69.01989746
v 108.80410 -8.32150  87.04190063
v 108.80470 3.85320 120.07279968
v 108.80480 -14.95550  78.04450226
v 108.80490 -54.74150  60.04299927
v 108.80490 -50.32950  67.52799988
v 108.80490 -40.37750  60.05799866
v 108.80500 -45.90700  72.01329803
v 108.80520 -7.20470  93.07270050
v 108.80520 2.73620 117.04429626
v 108.80550 -12.73330  81.07289886
v 108.80610 -42.58360  75.03579712
v 108.80980 -27.10650  93.03130341
v 108.81040 -18.26210 102.02799988
v 108.81340 -22.68620  96.03150177
v 108.81550 -10.52160 117.04260254
v 108.81560 -35.95450  84.04360199
v 108.81570 -29.31950  90.04100037
v 108.81590 -37.06020  84.04299927
v 108.81590 -22.68520  99.04299927
v 108.81640 -13.83960 108.04350281
v 108.81820 -30.41990  93.01619720
v 109.88740 -12.66350 117.06819916
v 109.89960 -53.64680  54.04299927
v 109.89960 -52.54100  54.04299927
v 109.89960 -44.80060  54.04299927
v 109.89960 -18.26210  72.04299927
v 109.89960 -17.15640  69.04299927
v 109.89960 -11.62750  87.04299927
v 109.89960 -10.52180  90.04299927
v 109.89960 -9.41600  87.04299927
v 109.89960 3.85320 123.04299927
v 109.90070 -1.67560 111.04570007
v 109.90160 -22.68390  66.04850006
v 109.90350 -27.10650  63.04869843
v 109.90700 -2.77530 123.04149628
v 109.90930 -33.74200  88.52549744
v 109.91050 -3.89440 108.05169678
v 109.91070 -52.54100  58.48009872
v 109.91070 -41.48330  58.55799866
v 109.91070 -40.37750  78.82039642
v 109.91070 -39.27180  61.55799866
v 109.91070 -29.31980  63.56579971
v 109.91070 -20.47370 101.14929962
v 109.91070 -11.63860  84.04299927
v 109.91070 -6.09870 120.78540039
v 109.91140 -6.09930 102.07270050
v 109.91460 -51.42810  63.04140091
v 109.91610 -17.15060 111.04270172
v 109.91710 -35.94930  81.04260254
v 109.91860 -17.15550 105.03410339
v 109.91900 -30.42290  90.04229736
v 109.91970 -16.04810 108.04509735
v 109.92130 -23.79050  99.04530334
v 109.92140 -14.94390 108.04840088
v 109.92170 -45.90640  75.04299927
v 111.00510 2.74670 123.04519653
v 111.00540 -19.36790  69.04319763
v 111.00540 -12.73330  87.04299927
v 111.00540 -1.67540 123.04299927
v 111.00540 0.53590 123.04299927
v 111.00540 2.74750 120.04299927
v 111.00550 -41.48350  63.04290009
v 111.00670 -24.89560  66.04709625
v 111.00850 -16.05180  81.04789734
v 111.01360 -16.04010 114.03880310
v 111.01480 -48.10830  72.03600311
v 111.01560 -10.52460  93.06169891
v 111.01640 -44.80060  58.30020142
v 111.01640 -32.62610  93.04299927
v 111.01640 -6.09870 120.71640015
v 111.01640 -5.00400 105.04299927
v 111.01660 -51.42770  66.03389740
v 111.01670 -9.41620  93.07279968
v 111.01690 -8.32170  99.04419708
v 111.02340 -20.47020 102.03970337
v 111.02430 -24.89370  96.04350281
v 111.02440 -35.95330  87.03839874
v 111.02690 -43.69460  78.03949738
v 111.02740 -32.63710  90.04309845
v 111.02750 -26.00250 102.04299927
v 111.02770 -22.68440 102.03790283
v 111.02770 -20.47490 105.03939819
v 111.02940 -27.10970  96.04380035
v 112.09250 -31.51570  65.97299957
v 112.11080 -38.16590  63.04370117
v 112.11100 -51.42200  69.00900269
v 112.11110 -42.58910  60.04299927
v 112.11110 -32.63710  63.04299927
v 112.11110 -22.68520  69.04299927
v 112.11110 -0.56980 120.04299927
v 112.11150 -43.69570  63.04410172
v 112.11280 -34.83440  63.07260132
v 112.11540 -18.25810  78.06400299
v 112.11570 -22.68810  72.04740143
v 112.12180 -3.89260 111.05519867
v 112.12220 -48.10690  75.04299927
v 112.12220 -38.15490  81.04309845
v 112.12220 -20.47370  72.07299805
v 112.12220 -16.05060 114.03050232
v 112.12220 -14.94480  82.55799866
v 112.12220 -8.31020 119.22840118
v 112.12220 -0.58090 117.04299927
v 112.12470 -7.20760 102.06549835
v 112.12480 -39.27400  87.02010345
v 112.12520 -32.63640  93.02130127
v 112.12860 -22.68240 105.03589630
v 112.12950 -34.84830  93.03739929
v 112.13320 -41.48330  84.04299927
v 112.13320 -40.37750  84.04299927
v 112.13320 -37.06020  90.04299927
v 112.13320 -30.42560  99.04299927
v 112.13320 -29.31980  96.04280090
v 112.13320 -28.21410 102.04299927
v 112.13320 -22.68520 108.04299927
v 112.13560 -37.06540  93.02890015
v 113.21660 -24.89390  69.04170227
v 113.21690 -33.74290  69.04299927
v 113.21690 -14.94480  84.04299927
v 113.21880 -23.78700  72.05449677
v 113.21940 -14.94180  87.05930328
v 113.22020 -35.95590  69.04859924
v 113.22440 -26.00330  69.05919647
v 113.22690 -19.35790 114.04029846
v 113.22790 -6.10980 105.04280090
v 113.22800 -44.80060  78.91390228
v 113.22800 -38.16600  64.55799866
v 113.22800 -27.10830 103.52799988
v 113.22800 -20.48470  78.04299927
v 113.22800 -20.47370 111.01300049
v 113.22840 -2.78210 114.07019806
v 113.23150 -9.42260  99.06410217
v 113.23190 -48.11080  72.04129791
v 113.23220 -23.79570 108.02259827
v 113.23880 -38.16580  81.04290009
v 113.23890 -41.48260  81.04250336
v 113.23900 -30.42560  96.04299927
v 113.23920 -31.53160  96.04149628
v 114.31010 -17.05430 115.04910278
v 114.32270 -45.90640  60.04299927
v 114.32270 -20.47370  81.04299927
v 114.32270 -18.26210  84.04299927
v 114.32270 -17.15640  84.04299927
v 114.32280 -45.90670  63.04320145
v 114.32300 -4.99300 111.04329681
v 114.32330 -2.78190 117.04380035
v 114.32450 -34.85070  72.04499817
v 114.32480 -17.15190  87.05590057
v 114.32590 -21.57820  75.05359650
v 114.32590 -6.10220 114.04399872
v 114.32710 -10.51830  99.06410217
v 114.32770 -38.16880  69.04930115
v 114.32790 -11.62900  99.05249786
v 114.32820 -39.27400  66.04979706
v 114.33370 -43.68380  84.04299927
v 114.33370 -38.15500  93.04299927
v 114.33370 -32.62610  99.04299927
v 114.33370 -29.30880 102.04299927
v 114.33370 -26.00250 105.03050232
v 114.33370 -20.48470  78.04299927
v 114.33370 -14.94480 115.53540039
v 114.33380 -52.54100  59.27949905
v 114.33380 -27.10830 104.52010345
v 114.33450 -42.57830  81.04219818
v 114.33540 -49.21470  72.04139709
v 115.42740 -32.63760  75.04060364
v 115.42770 -7.20460 114.03970337
v 115.42840 -51.43520  63.04299927
v 115.42840 -48.11790  60.04299927
v 115.42840 -48.11790  63.04299927
v 115.42840 -41.48330  66.04299927
v 115.42840 -24.89680  75.04299927
v 115.42840 -3.88720 114.04299927
v 115.42880 -40.37980  66.04370117
v 115.42890 -4.99320 117.04350281
v 115.42980 -35.95330  72.04709625
v 115.43180 -37.06110  72.04799652
v 115.43640 -10.52920 102.04570007
v 115.43850 -40.36830  90.03780365
v 115.43950 -54.74150  60.04299927
v 115.43950 -53.64680  61.27529907
v 115.43950 -51.42420  66.04299927
v 115.43950 -42.57800  87.04299927
v 115.43950 -21.59050  81.04299927
v 115.43950 -20.46260 111.04299927
v 115.43950 -19.35690 114.04299927
v 115.43950 -18.26210  87.93659973
v 115.43950 -6.10970 111.04299927
v 115.44010 -12.72150 117.04250336
v 115.44020 -33.73550  96.03829956
v 115.44050 -30.41480 102.04260254
v 115.44130 -14.94580  93.07279968
v 115.44240 -39.26080  93.04280090
v 116.53420 -50.32950  60.04299927
v 116.53420 -22.68520  78.04299927
v 116.53420 -21.57950  84.04299927
v 116.53420 -14.94480 114.04299927
v 116.53420 -6.09870 117.04299927
v 116.53540 -29.32070  78.04440308
v 116.53570 -40.37650  69.04789734
v 116.53570 -10.52210 111.03820038
v 116.53590 -34.84930  75.04499817
v 116.53620 -9.41880 114.03929901
v 116.53750 -11.62680 117.03980255
v 116.54520 -51.42420  69.04299927
v 116.54520 -49.22370  64.05290222
v 116.54520 -47.01220  64.81060028
v 116.54520 -47.01220  76.52790070
v 116.54520 -44.80060  64.68920135
v 116.54520 -43.68380  81.04299927
v 116.54520 -16.05060  93.07299805
v 116.54520 -13.83910 115.27529907
v 116.54520 -9.42310 105.05220032
v 117.60490 -30.38310  78.00309753
v 117.64000 -44.80060  72.04299927
v 117.64000 -22.68520  81.04299927
v 117.64000 -11.62750 114.04299927
v 117.64000 -8.31020 111.04299927
v 117.64000 -7.20450 111.04299927
v 117.64020 -22.68470  84.04560089
v 117.64690 -37.06350  75.04989624
v 117.64820 -42.59380  69.05180359
v 117.64960 -14.95240  99.04769897
v 117.65050 -51.42450  66.04329681
v 117.65100 -49.21260  75.04299927
v 117.65100 -47.01220  66.05799866
v 117.65100 -21.57950  84.93659973
v 117.65100 -19.36790 110.65290070
v 117.65100 -11.62750 103.55799866
v 117.65100 -8.32130 108.04299927
v 117.65290 -42.60270  66.03630066
v 118.73030 -24.85420  84.01809692
v 118.74570 -42.58910  75.04299927
v 118.74570 -28.21410  81.04299927
v 118.74570 -24.89680  81.04299927
v 118.74570 -18.26210  93.04299927
v 118.74790 -17.15600 111.04100037
v 118.74830 -41.48420  72.05729675
v 118.74930 -12.73470 111.03759766
v 118.74950 -40.37630  72.05030060
v 118.75320 -39.26100  93.04299927
v 118.75680 -42.57800  87.04299927
v 118.75680 -38.16600  73.81060028
v 118.75680 -37.06020  93.78549957
v 118.75680 -35.95450  76.30020142
v 118.75680 -31.53140  79.30020142
v 118.75680 -29.31980 103.03289795
v 118.75680 -24.89680 106.78569794
v 118.75680 -23.77990 108.04299927
v 118.75680 -13.83910 100.55799866
v 118.75680 -10.52180 109.27529907
v 118.75770 -20.47440  90.07240295
v 119.82540 -27.06890  84.00700378
v 119.85150 -50.32950  66.04299927
v 119.85150 -49.22370  69.04370117
v 119.85150 -48.11790  66.04299927
v 119.85150 -44.80060  66.04299927
v 119.85150 -29.31980  81.04299927
v 119.85150 -19.36790  96.04299927
v 119.85240 -18.26230  96.04489899
v 119.85790 -34.85060  78.04820251
v 119.85870 -42.59390  75.05180359
v 119.86050 -44.80580  72.05439758
v 119.86200 -45.90660  69.07180023
v 119.86260 -49.21260  72.04299927
v 119.86260 -49.21260  75.04299927
v 119.86260 -47.01220  76.52790070
v 119.86260 -43.68380  81.04280090
v 119.86260 -34.84870  94.78569794
v 119.86260 -31.53140  79.81060028
v 119.86260 -31.53140 100.27529907
v 119.86260 -19.37900  93.04299927
v 119.86310 -21.57920 108.03410339
v 119.86410 -14.95380  99.05130005
v 120.95330 -11.63520 108.01860046
v 120.95730 -40.37780  75.04319763
v 120.95750 -20.47370  96.04399872
v 120.96060 -14.94620 102.04679871
v 120.96370 -23.79340  87.05740356
v 120.96430 -12.74180 105.04100037
v 120.96470 -13.84420 108.03170013
v 120.96680 -40.37240  87.03199768
v 120.96760 -35.94480  93.04250336
v 120.96780 -22.69110  90.05349731
v 120.96810 -42.59060  75.05660248
v 120.96830 -38.16600  91.52799988
v 120.96830 -29.31980 101.35060120
v 120.96830 -27.10830 103.52799988
v 120.96830 -22.68520 107.03299713
v 120.96890 -45.89800  78.03530121
v 121.99390 -29.35260  85.42849731
v 122.06040 -16.05090 102.03720093
v 122.06140 -48.11860  72.04119873
v 122.06230 -17.15760 108.04360199
v 122.06290 -17.15640  99.04250336
v 122.06300 -47.01230  72.04299927
v 122.06300 -27.10830 102.04299927
v 122.06390 -23.79050 102.04380035
v 122.06400 -19.36880 102.04340363
v 122.06470 -31.53400  96.03469849
v 122.06480 -32.63940  84.04450226
v 122.06510 -27.10890  87.04489899
v 122.06990 -43.69400  75.05690002
v 122.07410 -39.26070  90.04299927
v 122.07410 -33.74290  79.98979950
v 122.07410 -24.89680  88.30020142
v 122.07410 -20.47370 108.01300049
v 123.16610 -29.32080  98.99919891
v 123.16810 -38.16470  78.04599762
v 123.16850 -33.74250  84.04319763
v 123.16880 -43.69480  78.04309845
v 123.16880 -32.63710  93.04299927
v 123.16880 -29.31980  96.04299927
v 123.16880 -23.79100 105.04299927
v 123.16880 -22.68520  96.04299927
v 123.16880 -19.36790  99.04299927
v 123.16880 -13.83910 105.04299927
v 123.17030 -29.32020  87.04429626
v 123.17990 -43.68380  81.04299927
v 123.17990 -37.06020  91.09609985
v 123.17990 -35.95450  79.81060028
v 123.17990 -31.53140  94.52799988
v 123.18070 -41.47480  84.03730011
v 124.27450 -37.06020  84.04280090
v 124.27460 -34.84870  84.04299927
v 124.27460 -23.79100  93.04299927
v 124.27490 -39.27170  84.04260254
v 124.27670 -34.85470  81.07289886
v 124.28220 -26.00360  93.02610016
v 124.28560 -39.26070  87.04239655
v 124.28570 -38.15500  90.04299927
v 125.38040 -41.48330  81.04299927
v 125.38040 -39.27180  81.04299927
v 125.38040 -26.00250  90.04299927
v 125.38150 -27.10870  90.04380035
v 125.39500 -31.50270  87.09700012
v 126.48610 -35.95450  90.04299927
v 126.48610 -31.53140  90.04299927
v 126.48610 -28.21410  90.04299927
f 3625 3479 3369
f 3866 3479 3808
f 3808 3479 3625
f 3398 3369 3179
f 3398 3486 3369
f 3369 3486 3625
f 3486 3728 3625
f 3625 3728 3829
f 3479 3092 3369
f 3369 3092 3179
f 3625 3829 3808
f 3479 3268 3092
f 3829 3965 3808
f 3808 3965 3866
f 3633 3572 3479
f 3866 3633 3479
f 3866 3965 4030
f 4030 3990 3866
f 3990 4030 4123
f 3801 3633 3866
f 3990 3801 3866
f 4073 3921 3990
f 4123 4073 3990
f 3921 3801 3990
f 4073 4058 3921
f 4192 4073 4123
f 4192 4123 4257
f 4073 4097 4058
f 4152 4097 4192
f 4192 4097 4073
f 4248 4152 4192
f 4192 4257 4248
f 4248 4191 4152
f 3105 2905 3187
f 3411 3105 3187
f 3411 3398 3105
f 3561 3726 3486
f 3398 3179 3105
f 3486 3411 3561
f 3179 2780 2905
f 3105 3179 2905
f 3486 3398 3411
f 3728 3726 3885
f 3883 3728 3885
f 3486 3726 3728
f 3179 2917 2780
f 3883 3829 3728
f 4031 3829 3883
f 3179 2911 2917
f 3092 2911 3179
f 4031 3965 3829
f 4030 3965 4031
f 4105 4030 4031
f 4030 4105 4155
f 3268 3479 3413
f 3413 3479 3572
f 4123 4030 4166
f 3633 3725 3572
f 3633 3801 3725
f 3801 3864 3725
f 3921 3864 3801
f 4253 4123 4166
f 3864 3921 4058
f 4253 4257 4123
f 4299 4257 4253
f 4038 3864 4058
f 4097 4104 4058
f 4257 4299 4248
f 4299 4286 4248
f 4153 4104 4152
f 4152 4104 4097
f 4152 4191 4153
f 4218 4191 4248
f 4242 4218 4248
f 4296 4242 4286
f 4286 4242 4248
f 2808 2907 2997
f 3496 3187 3300
f 3187 3496 3502
f 2905 2808 2997
f 3187 2997 3300
f 2905 2620 2808
f 3187 2905 2997
f 3502 3411 3187
f 3562 3411 3502
f 3561 3562 3867
f 3561 3411 3562
f 3885 3726 3867
f 3726 3561 3867
f 2905 2502 2620
f 3978 3885 3932
f 3885 3867 3932
f 2780 2502 2905
f 3885 3978 3883
f 3883 3978 4022
f 2715 2502 2780
f 4022 4031 3883
f 4031 4022 4059
f 2917 2715 2780
f 4105 4031 4059
f 4105 4059 4183
f 2917 2925 2715
f 2917 2911 2925
f 2925 2911 3092
f 4155 4105 4183
f 4155 4183 4179
f 3092 3268 3272
f 3413 3272 3268
f 4155 4179 4030
f 4179 4212 4030
f 4212 4166 4030
f 4210 4166 4212
f 3572 3488 3413
f 3572 3725 3488
f 3725 3634 3488
f 4210 4253 4166
f 3864 3875 3725
f 3930 3875 3864
f 3864 4038 3930
f 4058 4104 4038
f 4191 4218 4153
f 4299 4314 4286
f 4242 4240 4218
f 4286 4314 4296
f 4314 4339 4296
f 4296 4240 4242
f 4296 4339 4331
f 4331 4305 4296
f 4339 4352 4331
f 4352 4339 4406
f 4331 4325 4305
f 4352 4325 4331
f 4360 4325 4352
f 4380 4360 4352
f 4401 4380 4406
f 4406 4380 4352
f 4436 4380 4401
f 4360 4380 4373
f 4383 4373 4380
f 4433 4383 4380
f 4380 4436 4433
f 2907 2658 2827
f 3181 2997 2827
f 2907 2808 2658
f 2827 2997 2907
f 2997 3181 3300
f 3496 3300 3181
f 3496 3181 3503
f 2590 2519 2336
f 2658 2519 2590
f 2808 2519 2658
f 3597 3496 3503
f 3496 3597 3502
f 2492 2336 2519
f 2492 2519 2620
f 2519 2808 2620
f 2336 2492 2447
f 3597 3562 3502
f 2492 2620 2447
f 3597 3867 3562
f 3906 3867 3597
f 2447 2620 2264
f 2264 2620 2502
f 3867 3906 3932
f 3906 3920 3932
f 3932 3920 3978
f 2502 2280 2264
f 4019 4022 4026
f 4026 4022 3978
f 4059 4022 4042
f 4022 4019 4042
f 2502 2432 2280
f 4059 4042 4174
f 4183 4059 4174
f 2516 2432 2502
f 2502 2592 2516
f 2502 2715 2592
f 2715 2770 2592
f 2770 2715 2925
f 2770 2925 2778
f 2778 2925 2869
f 2925 3037 2869
f 3092 3037 2925
f 3113 3037 3092
f 3113 3092 3272
f 4212 4179 4141
f 4212 4141 4211
f 4211 4210 4212
f 3413 3391 3272
f 3391 3413 3488
f 3634 3557 3488
f 4253 4210 4211
f 3488 3557 3391
f 3634 3725 3632
f 3632 3725 3875
f 4253 4211 4259
f 3744 3632 3875
f 3862 3744 3875
f 3930 3929 3875
f 3929 3862 3875
f 4299 4253 4259
f 4299 4259 4288
f 3929 3930 4038
f 4038 4055 3929
f 4101 4055 4104
f 4055 4038 4104
f 4153 4101 4104
f 4218 4187 4153
f 4153 4187 4101
f 4218 4215 4187
f 4215 4218 4240
f 4339 4288 4366
f 4339 4366 4406
f 4296 4264 4240
f 4264 4215 4240
f 4264 4296 4305
f 4264 4305 4278
f 4318 4305 4325
f 4414 4401 4406
f 4305 4318 4278
f 4325 4330 4318
f 4330 4325 4360
f 4414 4436 4401
f 4414 4459 4436
f 4330 4360 4353
f 4360 4373 4353
f 4459 4454 4436
f 4353 4373 4351
f 4351 4373 4358
f 4358 4373 4383
f 4436 4454 4433
f 4433 4454 4473
f 4383 4384 4358
f 4433 4420 4383
f 4479 4449 4473
f 4473 4449 4433
f 4383 4420 4384
f 4433 4426 4420
f 4449 4426 4433
f 2827 3324 3181
f 2590 2467 2589
f 2656 2658 2589
f 2656 2827 2658
f 3181 3324 3438
f 2589 2658 2590
f 3503 3181 3438
f 2467 2590 2336
f 2336 2275 2467
f 3597 3503 3592
f 2197 2196 2275
f 2275 2336 2197
f 2336 2447 2197
f 3597 3592 3806
f 2264 2224 2197
f 2197 2447 2264
f 3906 3597 3806
f 3906 3806 3920
f 2224 2264 2119
f 2264 2280 2119
f 4026 3978 3920
f 3920 4019 4026
f 2280 2171 2119
f 2171 2280 2432
f 2171 2432 2276
f 2432 2516 2276
f 2516 2592 2515
f 2770 2706 2592
f 2778 2706 2770
f 4174 4179 4183
f 2592 2706 2515
f 2778 2794 2706
f 2794 2778 2869
f 3037 2794 2869
f 3393 3285 3391
f 3391 3285 3272
f 3391 3475 3393
f 3391 3557 3475
f 3632 3475 3557
f 3634 3632 3557
f 3732 3632 3744
f 3744 3862 3732
f 3862 3863 3732
f 3929 3863 3862
f 3929 4055 3988
f 4314 4299 4288
f 4055 4065 3988
f 4055 4101 4065
f 4101 4061 4065
f 4339 4314 4288
f 4061 4101 4093
f 4101 4187 4093
f 4234 4215 4264
f 4414 4406 4366
f 4234 4264 4278
f 4414 4366 4434
f 4313 4278 4318
f 4459 4414 4434
f 4330 4313 4318
f 4459 4434 4453
f 4334 4330 4353
f 4453 4454 4459
f 4334 4353 4351
f 4490 4473 4454
f 4358 4384 4351
f 4490 4493 4473
f 4473 4493 4479
f 4384 4420 4403
f 4525 4479 4493
f 4435 4420 4426
f 4449 4448 4426
f 4479 4468 4449
f 4468 4448 4449
f 4468 4479 4509
f 4525 4509 4479
f 4509 4525 4545
f 4448 4468 4426
f 4426 4468 4435
f 4545 4522 4509
f 4509 4486 4468
f 4508 4486 4509
f 4522 4508 4509
f 4566 4522 4545
f 4569 4508 4522
f 4566 4569 4522
f 2656 2452 2479
f 2656 2787 2827
f 2787 3125 2827
f 2827 3125 3324
f 3125 3307 3324
f 2311 2237 2376
f 2452 2311 2376
f 2656 2589 2452
f 2311 2054 2237
f 2237 2054 2133
f 3438 3324 3439
f 2452 2467 2311
f 2452 2589 2467
f 2467 2226 2311
f 3503 3438 3504
f 3438 3439 3504
f 2226 1968 2054
f 2311 2226 2054
f 2467 2275 2226
f 3592 3503 3504
f 2196 1968 2226
f 2275 2196 2226
f 2196 1963 1968
f 3497 3592 3431
f 2196 2197 1963
f 3806 3592 3497
f 2224 1993 1963
f 1963 2197 2224
f 2224 2119 1993
f 2119 1959 1993
f 3970 3806 3787
f 3806 3970 3920
f 2119 1995 1959
f 3970 4019 3920
f 3970 3967 4019
f 1995 2119 2057
f 2119 2171 2057
f 4019 3967 4042
f 3967 4029 4042
f 2276 2278 2171
f 4056 4042 4029
f 4042 4056 4174
f 2369 2278 2276
f 2425 2369 2516
f 2516 2369 2276
f 2516 2515 2425
f 4056 4141 4174
f 4174 4141 4179
f 2515 2496 2425
f 2660 2496 2706
f 2706 2496 2515
f 2794 2660 2706
f 2983 2660 2794
f 3037 2983 2794
f 4154 4211 4141
f 3099 2983 3113
f 3113 2983 3037
f 3285 3113 3272
f 4211 4154 4164
f 3285 3283 3113
f 3393 3390 3285
f 3285 3390 3283
f 3393 3475 3390
f 4164 4204 4211
f 4211 4204 4259
f 3632 3555 3475
f 3632 3717 3555
f 3732 3717 3632
f 3717 3732 3863
f 4204 4288 4259
f 3929 3922 3863
f 4288 4204 4298
f 3922 3988 3987
f 3922 3929 3988
f 4061 3987 4065
f 3987 3988 4065
f 4335 4288 4298
f 4150 4061 4093
f 4366 4288 4335
f 4187 4150 4093
f 4187 4215 4150
f 4372 4366 4354
f 4434 4366 4372
f 4241 4234 4278
f 4278 4313 4241
f 4313 4283 4241
f 4396 4434 4372
f 4283 4313 4287
f 4313 4330 4334
f 4329 4334 4351
f 4490 4454 4453
f 4351 4365 4329
f 4490 4453 4489
f 4351 4384 4365
f 4490 4489 4493
f 4384 4400 4365
f 4489 4525 4493
f 4384 4403 4400
f 4403 4420 4411
f 4403 4411 4400
f 4420 4435 4411
f 4537 4545 4525
f 4545 4537 4566
f 4537 4570 4566
f 4435 4468 4447
f 4469 4447 4468
f 4468 4486 4469
f 4510 4486 4508
f 4584 4569 4566
f 4508 4531 4510
f 4569 4531 4508
f 4589 4577 4584
f 4584 4577 4569
f 4610 4589 4584
f 4577 4531 4569
f 4589 4595 4577
f 4610 4595 4589
f 4647 4595 4610
f 4647 4582 4595
f 4640 4582 4647
f 4640 4647 4683
f 4640 4622 4582
f 4640 4632 4622
f 4679 4640 4683
f 4679 4683 4703
f 4736 4679 4733
f 4733 4679 4703
f 4679 4632 4640
f 4679 4642 4632
f 4655 4642 4679
f 4693 4655 4679
f 4709 4693 4679
f 4679 4736 4709
f 4693 4664 4655
f 2479 2459 2787
f 2850 3144 3125
f 2787 2656 2479
f 3125 2787 2850
f 3125 3144 3205
f 2376 2235 2459
f 2452 2376 2459
f 2479 2452 2459
f 2237 2117 2235
f 3205 3307 3125
f 3205 3308 3307
f 2133 1909 2023
f 2117 2133 2023
f 2237 2133 2117
f 2235 2376 2237
f 3307 3308 3324
f 2133 1835 1909
f 3308 3315 3324
f 1835 2133 1837
f 3439 3324 3315
f 2054 1837 2133
f 1968 1837 2054
f 1968 1749 1837
f 1963 1749 1968
f 3592 3504 3431
f 3497 3521 3806
f 1993 1796 1963
f 3521 3787 3806
f 1959 1794 1993
f 1993 1794 1796
f 3521 3600 3787
f 1959 1815 1794
f 3830 3970 3787
f 1959 1995 1815
f 3830 3787 3600
f 2048 1995 2057
f 3970 3830 3826
f 3970 3826 3967
f 2057 2059 2048
f 3952 4029 3967
f 2171 2059 2057
f 2171 2278 2059
f 2278 2442 2059
f 2369 2442 2278
f 2425 2442 2369
f 3952 3967 3826
f 3952 3949 4029
f 3949 4056 4029
f 2442 2425 2496
f 3949 4005 4056
f 4056 4005 4141
f 4141 4005 4154
f 2660 2689 2496
f 2945 2689 2983
f 2983 2689 2660
f 2983 3099 2945
f 4112 4154 4005
f 4112 4164 4154
f 3283 3099 3113
f 4112 4204 4164
f 3494 3254 3390
f 3390 3254 3283
f 3475 3494 3390
f 3475 3555 3494
f 4201 4204 4112
f 3717 3863 3712
f 3863 3897 3712
f 3863 3922 3897
f 4251 4204 4201
f 4251 4298 4204
f 3928 3897 3922
f 3928 3922 3987
f 4032 3928 4061
f 4061 3928 3987
f 4061 4064 4032
f 4298 4251 4269
f 4298 4269 4268
f 4268 4335 4298
f 4061 4150 4064
f 4335 4268 4366
f 4150 4215 4220
f 4284 4366 4268
f 4284 4354 4366
f 4215 4234 4220
f 4284 4368 4354
f 4354 4368 4372
f 4234 4241 4220
f 4368 4396 4372
f 4287 4273 4283
f 4396 4417 4434
f 4417 4453 4434
f 4329 4287 4313
f 4313 4334 4329
f 4451 4453 4417
f 4329 4365 4350
f 4371 4350 4365
f 4489 4453 4451
f 4371 4365 4400
f 4525 4489 4517
f 4517 4537 4525
f 4427 4411 4435
f 4447 4427 4435
f 4469 4488 4447
f 4488 4427 4447
f 4570 4602 4566
f 4488 4469 4486
f 4510 4488 4486
f 4602 4584 4566
f 4602 4610 4584
f 4610 4602 4617
f 4510 4531 4514
f 4531 4546 4514
f 4610 4617 4647
f 4617 4637 4647
f 4637 4649 4647
f 4577 4546 4531
f 4667 4647 4649
f 4577 4565 4546
f 4577 4595 4565
f 4595 4582 4565
f 4667 4683 4647
f 4677 4683 4667
f 4677 4690 4683
f 4565 4582 4596
f 4607 4596 4582
f 4607 4582 4622
f 4690 4700 4683
f 4703 4683 4708
f 4683 4700 4708
f 4622 4623 4607
f 4623 4622 4632
f 4703 4708 4733
f 4727 4733 4708
f 4747 4733 4744
f 4733 4727 4744
f 4638 4623 4632
f 4733 4747 4736
f 4736 4747 4759
f 4632 4642 4638
f 4719 4709 4736
f 4719 4736 4758
f 4736 4759 4758
f 4638 4642 4641
f 4641 4642 4655
f 4653 4641 4655
f 4699 4693 4709
f 4699 4709 4719
f 4769 4719 4758
f 4655 4652 4653
f 4655 4664 4652
f 4664 4661 4652
f 4767 4719 4769
f 4693 4661 4664
f 4693 4699 4698
f 4714 4698 4719
f 4719 4698 4699
f 4767 4714 4719
f 4693 4688 4661
f 4698 4688 4693
f 4668 4688 4681
f 4767 4771 4714
f 4682 4681 4698
f 4698 4681 4688
f 4714 4682 4698
f 4771 4743 4714
f 4714 4716 4682
f 4743 4716 4714
f 4757 4743 4771
f 2459 2629 2787
f 2787 2931 2850
f 2850 2931 3112
f 2850 3112 3144
f 2787 2629 2931
f 3112 3205 3144
f 2235 2117 2459
f 2117 2454 2459
f 2454 2629 2459
f 2044 2023 1909
f 2023 2044 2117
f 3308 3135 3315
f 3315 3135 3439
f 3321 3439 3135
f 3504 3439 3321
f 3504 3321 3431
f 1817 1837 1749
f 3321 3422 3431
f 3314 3497 3422
f 3497 3431 3422
f 1749 1963 1796
f 3537 3497 3314
f 3537 3501 3497
f 3497 3501 3521
f 1796 1794 1691
f 3501 3636 3521
f 3521 3636 3600
f 1815 1631 1794
f 3830 3600 3636
f 1815 1718 1631
f 1815 1995 1718
f 1995 1874 1718
f 1874 1995 2048
f 3785 3830 3636
f 1874 2048 1949
f 3785 3842 3826
f 3830 3785 3826
f 2048 2059 1949
f 1949 2059 2014
f 2442 2357 2059
f 3914 3952 3842
f 3952 3826 3842
f 2059 2357 2014
f 2442 2468 2357
f 2442 2496 2468
f 3952 3914 3949
f 3914 3876 3949
f 2689 2468 2496
f 3876 4005 3949
f 2945 2692 2689
f 3876 4000 4005
f 2945 3099 2944
f 3099 3043 2944
f 4112 4005 4000
f 3099 3165 3043
f 3165 3099 3283
f 4140 4112 4000
f 3165 3283 3254
f 4140 4201 4112
f 3494 3476 3254
f 3555 3476 3494
f 3556 3476 3717
f 3717 3476 3555
f 3721 3556 3712
f 3712 3556 3717
f 3712 3897 3861
f 3712 3861 3721
f 4140 4131 4201
f 4131 4251 4201
f 3897 3928 3861
f 4025 3861 3928
f 4238 4251 4131
f 4251 4238 4269
f 4032 4025 3928
f 4032 4064 4025
f 4064 4099 4025
f 4099 4064 4150
f 4150 4220 4099
f 4238 4268 4269
f 4285 4268 4238
f 4285 4284 4268
f 4099 4220 4200
f 4320 4368 4284
f 4220 4241 4200
f 4241 4273 4200
f 4283 4273 4241
f 4200 4273 4246
f 4320 4361 4368
f 4368 4361 4396
f 4246 4273 4287
f 4361 4379 4396
f 4396 4379 4417
f 4417 4379 4413
f 4287 4329 4246
f 4361 4385 4379
f 4417 4413 4412
f 4412 4451 4417
f 4329 4324 4246
f 4329 4350 4324
f 4345 4350 4371
f 4379 4385 4413
f 4385 4395 4413
f 4413 4395 4412
f 4451 4412 4438
f 4350 4345 4324
f 4395 4385 4416
f 4395 4416 4412
f 4451 4438 4474
f 4474 4489 4451
f 4412 4416 4438
f 4474 4517 4489
f 4371 4397 4345
f 4400 4397 4371
f 4411 4397 4400
f 4411 4427 4397
f 4527 4517 4474
f 4517 4527 4537
f 4488 4430 4427
f 4570 4537 4527
f 4427 4430 4397
f 4480 4430 4488
f 4488 4510 4480
f 4568 4570 4527
f 4570 4568 4602
f 4603 4617 4602
f 4480 4510 4514
f 4603 4602 4568
f 4603 4619 4617
f 4619 4637 4617
f 4637 4636 4649
f 4649 4636 4639
f 4519 4480 4514
f 4546 4519 4514
f 4636 4637 4619
f 4649 4639 4667
f 4546 4532 4519
f 4565 4532 4546
f 4565 4559 4532
f 4596 4559 4565
f 4675 4700 4690
f 4596 4586 4559
f 4607 4586 4596
f 4700 4692 4708
f 4744 4727 4747
f 4623 4586 4607
f 4728 4759 4747
f 4623 4609 4586
f 4728 4747 4727
f 4638 4609 4623
f 4728 4758 4759
f 4638 4641 4609
f 4753 4758 4728
f 4753 4769 4758
f 4768 4769 4753
f 4653 4652 4641
f 4769 4768 4767
f 4661 4592 4652
f 4768 4774 4767
f 4592 4661 4621
f 4668 4661 4688
f 4767 4774 4771
f 4661 4668 4621
f 4668 4681 4657
f 4681 4656 4657
f 4774 4777 4771
f 4682 4656 4681
f 4771 4777 4757
f 4682 4672 4656
f 4682 4705 4672
f 4716 4705 4682
f 4725 4705 4716
f 4725 4716 4743
f 4777 4752 4757
f 4725 4717 4705
f 4725 4743 4742
f 4725 4742 4717
f 4757 4752 4743
f 4752 4742 4743
f 4717 4680 4705
f 4752 4761 4742
f 4680 4717 4704
f 4742 4704 4717
f 4761 4704 4742
f 2117 2297 2454
f 2522 2629 2454
f 2629 2522 2721
f 2629 2721 2931
f 2931 3031 3112
f 2294 2117 2044
f 2294 2297 2117
f 2721 2978 2931
f 2931 2978 3031
f 3112 3031 3205
f 3031 3308 3205
f 1923 2044 1909
f 3031 3061 3308
f 1923 1909 1835
f 3308 3061 3135
f 1817 1829 1837
f 1837 1829 1835
f 3133 3321 3135
f 1817 1760 1829
f 1817 1749 1760
f 3133 3211 3321
f 3211 3422 3321
f 3319 3422 3211
f 3319 3314 3422
f 1724 1749 1699
f 1749 1796 1699
f 1633 1699 1691
f 1699 1796 1691
f 3314 3428 3537
f 3428 3501 3537
f 1691 1794 1633
f 3495 3501 3428
f 3501 3495 3636
f 3524 3636 3495
f 1633 1794 1631
f 3524 3635 3636
f 3686 3785 3635
f 3635 3785 3636
f 1718 1690 1631
f 1874 1690 1718
f 3686 3842 3785
f 1874 1766 1690
f 1766 1874 1949
f 1766 1949 1769
f 2014 1769 1949
f 3686 3783 3842
f 2357 2370 2014
f 2357 2468 2370
f 3842 3783 3914
f 3914 3783 3876
f 2468 2457 2370
f 2468 2605 2457
f 2689 2605 2468
f 2689 2692 2605
f 3783 3730 3876
f 2692 2703 2605
f 2945 2853 2692
f 2853 2703 2692
f 2853 2945 2944
f 3658 3721 3730
f 3730 3721 3865
f 3730 3865 3876
f 3876 3865 4000
f 3023 2853 2944
f 3043 3023 2944
f 3043 3022 3023
f 3658 3606 3721
f 4000 3865 4140
f 3165 3022 3043
f 3254 3189 3165
f 3606 3616 3721
f 3865 3721 3931
f 3865 3931 4140
f 4140 3931 3989
f 3389 3189 3476
f 3476 3189 3254
f 3556 3389 3476
f 3721 3616 3556
f 4140 3989 4131
f 3931 3721 3861
f 3931 3861 3989
f 4131 3989 4092
f 3989 3861 4025
f 3989 4025 4092
f 4092 4238 4131
f 4238 4092 4189
f 4092 4025 4099
f 4092 4099 4189
f 4189 4285 4238
f 4285 4189 4284
f 4099 4200 4189
f 4200 4246 4189
f 4189 4246 4284
f 4284 4246 4385
f 4284 4385 4320
f 4320 4385 4361
f 4246 4324 4385
f 4385 4324 4345
f 4385 4345 4397
f 4385 4397 4416
f 4416 4397 4470
f 4416 4470 4438
f 4470 4474 4438
f 4470 4527 4474
f 4470 4487 4527
f 4527 4487 4507
f 4470 4397 4430
f 4470 4430 4487
f 4507 4521 4527
f 4527 4521 4568
f 4568 4548 4603
f 4487 4430 4480
f 4487 4480 4507
f 4521 4536 4568
f 4568 4536 4548
f 4507 4480 4499
f 4507 4499 4521
f 4521 4499 4520
f 4521 4520 4536
f 4499 4480 4519
f 4536 4547 4548
f 4548 4547 4564
f 4548 4564 4603
f 4603 4564 4591
f 4532 4499 4519
f 4603 4591 4619
f 4619 4591 4636
f 4591 4620 4636
f 4636 4620 4639
f 4532 4498 4499
f 4667 4639 4646
f 4646 4677 4667
f 4559 4530 4532
f 4620 4635 4639
f 4639 4635 4646
f 4690 4677 4675
f 4532 4530 4498
f 4646 4676 4677
f 4677 4676 4675
f 4675 4692 4700
f 4571 4530 4559
f 4559 4586 4571
f 4708 4692 4727
f 4571 4586 4609
f 4727 4692 4689
f 4727 4689 4728
f 4676 4689 4692
f 4689 4722 4728
f 4609 4641 4571
f 4728 4722 4753
f 4753 4723 4768
f 4641 4652 4592
f 4753 4722 4723
f 4746 4768 4723
f 4768 4746 4774
f 4746 4762 4774
f 4621 4668 4605
f 4628 4668 4657
f 4668 4628 4605
f 4774 4762 4777
f 4762 4766 4777
f 4657 4656 4628
f 4628 4656 4630
f 4773 4777 4766
f 4656 4672 4630
f 4773 4779 4777
f 4777 4779 4752
f 4643 4630 4672
f 4752 4779 4778
f 4705 4680 4672
f 4752 4778 4761
f 4680 4643 4672
f 4696 4680 4704
f 4680 4671 4643
f 4696 4671 4680
f 4761 4745 4704
f 4745 4732 4704
f 4761 4778 4772
f 4765 4745 4761
f 4772 4765 4761
f 4696 4704 4711
f 4732 4711 4704
f 2297 2294 2522
f 2297 2522 2454
f 2721 2522 2560
f 2560 2802 2721
f 2802 2963 2721
f 2721 2963 2978
f 2521 2560 2522
f 2978 3060 3031
f 2064 2044 1923
f 2064 2294 2044
f 3060 3061 3031
f 1939 2064 1923
f 3135 3061 3140
f 1829 1923 1835
f 3140 3133 3135
f 3219 3211 3133
f 1724 1725 1749
f 3319 3211 3210
f 3314 3319 3210
f 3456 3462 3428
f 1633 1631 1699
f 3451 3495 3462
f 3495 3428 3462
f 1699 1631 1690
f 3525 3495 3451
f 3524 3495 3525
f 3540 3635 3525
f 3635 3524 3525
f 3635 3540 3529
f 3635 3529 3686
f 3686 3529 3510
f 1690 1766 1695
f 1766 1769 1695
f 3510 3783 3686
f 2014 1695 1769
f 2370 1695 2014
f 2292 1695 2370
f 3510 3585 3783
f 2457 2605 2604
f 3783 3585 3730
f 2704 2604 2703
f 2703 2604 2605
f 2704 2703 2853
f 3585 3658 3730
f 3023 3022 2853
f 3606 3658 3582
f 3022 3189 3002
f 3165 3189 3022
f 3606 3582 3616
f 3616 3582 3477
f 3389 3417 3189
f 3389 3556 3417
f 3417 3556 3477
f 3616 3477 3556
f 4520 4547 4536
f 4499 4498 4520
f 4520 4498 4529
f 4520 4529 4547
f 4547 4529 4564
f 4564 4529 4591
f 4591 4529 4585
f 4591 4585 4616
f 4616 4620 4591
f 4616 4635 4620
f 4529 4498 4530
f 4542 4529 4530
f 4616 4615 4635
f 4675 4676 4692
f 4530 4571 4542
f 4571 4557 4542
f 4648 4635 4615
f 4635 4648 4646
f 4646 4648 4676
f 4571 4575 4557
f 4669 4676 4648
f 4676 4669 4678
f 4678 4689 4676
f 4562 4575 4571
f 4562 4571 4561
f 4571 4641 4561
f 4702 4689 4678
f 4689 4702 4722
f 4722 4702 4723
f 4592 4540 4561
f 4641 4592 4561
f 4702 4713 4723
f 4713 4746 4723
f 4540 4592 4579
f 4713 4726 4746
f 4726 4762 4746
f 4592 4621 4579
f 4718 4749 4726
f 4726 4749 4762
f 4621 4605 4579
f 4762 4749 4766
f 4628 4600 4605
f 4630 4601 4628
f 4628 4601 4600
f 4766 4754 4773
f 4754 4779 4773
f 4779 4754 4756
f 4630 4629 4601
f 4630 4643 4629
f 4779 4756 4778
f 4751 4778 4756
f 4629 4643 4631
f 4751 4772 4778
f 4643 4671 4631
f 4671 4662 4631
f 4765 4772 4770
f 4770 4772 4741
f 4696 4662 4671
f 4732 4745 4737
f 4765 4737 4745
f 4770 4737 4765
f 4696 4665 4662
f 4737 4735 4732
f 4694 4670 4696
f 4696 4670 4665
f 4711 4694 4696
f 4732 4735 4734
f 2546 2710 2560
f 2710 2802 2560
f 2294 2156 2312
f 2312 2386 2294
f 2294 2386 2522
f 2386 2546 2522
f 2522 2546 2521
f 2560 2521 2546
f 3060 2978 2963
f 2156 2064 2060
f 2294 2064 2156
f 2060 2064 1997
f 2064 1939 1997
f 1955 1923 1829
f 1955 1939 1923
f 1955 1997 1939
f 3140 3134 3133
f 1890 1955 1829
f 3219 3133 3220
f 3133 3134 3220
f 1829 1760 1890
f 1749 1816 1760
f 1816 1890 1760
f 3219 3210 3211
f 1749 1725 1816
f 1724 1699 1725
f 3314 3210 3376
f 3428 3314 3376
f 3456 3428 3376
f 3456 3468 3462
f 3462 3468 3451
f 1690 1685 1699
f 3525 3451 3468
f 3525 3468 3536
f 3525 3536 3540
f 3536 3543 3540
f 3540 3543 3529
f 3543 3541 3529
f 3529 3541 3510
f 3510 3541 3609
f 2145 1893 1695
f 2292 2145 1695
f 3609 3618 3510
f 3510 3618 3585
f 2457 2604 2418
f 3618 3603 3585
f 2418 2604 2494
f 3585 3603 3658
f 2704 2603 2604
f 2704 2793 2603
f 2793 2704 2853
f 2793 2853 2928
f 3022 2928 2853
f 2928 3022 3002
f 3417 3477 3427
f 3477 3582 3427
f 2928 3002 3089
f 3189 3089 3002
f 3427 3388 3417
f 3388 3189 3417
f 3388 3089 3189
f 4529 4563 4585
f 4585 4563 4576
f 4585 4576 4616
f 4563 4529 4542
f 4563 4542 4576
f 4576 4615 4616
f 4576 4542 4557
f 4576 4557 4588
f 4576 4588 4615
f 4615 4588 4614
f 4614 4648 4615
f 4575 4588 4557
f 4575 4587 4588
f 4588 4587 4614
f 4614 4627 4648
f 4562 4501 4518
f 4587 4608 4614
f 4614 4608 4627
f 4627 4669 4648
f 4501 4494 4484
f 4534 4494 4501
f 4562 4534 4501
f 4562 4561 4534
f 4669 4651 4678
f 4561 4540 4534
f 4678 4651 4666
f 4540 4494 4534
f 4666 4674 4678
f 4540 4513 4494
f 4678 4674 4702
f 4702 4674 4713
f 4579 4513 4540
f 4674 4695 4713
f 4695 4726 4713
f 4579 4477 4513
f 4477 4579 4539
f 4695 4687 4726
f 4726 4687 4718
f 4539 4579 4500
f 4579 4605 4500
f 4718 4721 4749
f 4749 4721 4766
f 4600 4541 4605
f 4605 4541 4500
f 4721 4706 4766
f 4766 4706 4754
f 4541 4600 4555
f 4600 4601 4555
f 4706 4730 4754
f 4754 4730 4756
f 4730 4724 4756
f 4541 4555 4551
f 4601 4629 4555
f 4756 4724 4751
f 4724 4772 4751
f 4772 4724 4741
f 4631 4555 4629
f 4724 4731 4741
f 4631 4554 4555
f 4583 4554 4631
f 4737 4741 4731
f 4737 4770 4741
f 4662 4624 4631
f 4731 4740 4737
f 4740 4735 4737
f 4624 4583 4631
f 4662 4665 4624
f 4740 4739 4735
f 4734 4735 4739
f 4554 4583 4544
f 4665 4670 4650
f 4711 4732 4734
f 4739 4763 4734
f 4665 4650 4624
f 4734 4763 4760
f 4694 4650 4670
f 4734 4694 4711
f 2546 2386 2498
f 2498 2386 2337
f 2546 2498 2710
f 2710 2498 2802
f 2498 2882 2802
f 2802 2882 2963
f 2963 2882 3060
f 2337 2312 2156
f 2337 2386 2312
f 2060 2204 2156
f 2156 2204 2337
f 3058 3060 2882
f 3061 3060 3058
f 3140 3061 3058
f 1955 2060 1997
f 3134 3140 3058
f 3215 3220 3134
f 3219 3220 3215
f 3215 3209 3219
f 3219 3209 3210
f 1699 1686 1725
f 1686 1816 1725
f 3376 3210 3209
f 1685 1686 1699
f 3376 3209 3456
f 3209 3329 3456
f 3468 3456 3329
f 3536 3329 3430
f 3536 3468 3329
f 3536 3430 3543
f 3430 3492 3543
f 1690 1715 1685
f 3538 3543 3492
f 3538 3541 3543
f 1695 1715 1690
f 3454 3609 3541
f 1786 1715 1695
f 1695 1893 1786
f 3609 3454 3618
f 2077 1893 2145
f 2292 2304 2145
f 2304 2292 2370
f 3454 3603 3618
f 2418 2304 2370
f 2457 2418 2370
f 3436 3658 3603
f 2604 2603 2494
f 2603 2418 2494
f 3658 3436 3582
f 3582 3436 3427
f 3427 3409 3388
f 2928 3089 3088
f 3281 3088 3089
f 3388 3281 3089
f 3281 3388 3409
f 4467 4485 4484
f 4484 4485 4506
f 4506 4550 4518
f 4518 4550 4562
f 4484 4456 4467
f 4484 4506 4501
f 4506 4518 4501
f 4562 4550 4567
f 4575 4562 4567
f 4587 4575 4567
f 4456 4484 4444
f 4484 4494 4444
f 4594 4587 4567
f 4587 4594 4608
f 4608 4594 4606
f 4608 4606 4627
f 4627 4651 4669
f 4627 4626 4651
f 4494 4457 4444
f 4627 4606 4626
f 4651 4626 4666
f 4626 4645 4666
f 4666 4645 4654
f 4494 4477 4457
f 4513 4477 4494
f 4666 4654 4674
f 4674 4654 4660
f 4660 4695 4674
f 4660 4687 4695
f 4477 4539 4460
f 4660 4659 4687
f 4539 4500 4460
f 4659 4686 4687
f 4687 4686 4718
f 4718 4686 4721
f 4686 4706 4721
f 4541 4497 4500
f 4551 4497 4541
f 4706 4686 4730
f 4551 4515 4497
f 4555 4515 4551
f 4730 4697 4724
f 4555 4516 4515
f 4697 4720 4724
f 4724 4720 4731
f 4544 4504 4516
f 4554 4544 4516
f 4516 4555 4554
f 4740 4731 4755
f 4731 4720 4755
f 4755 4739 4740
f 4544 4458 4504
f 4739 4755 4763
f 4776 4763 4755
f 4544 4461 4458
f 4544 4462 4461
f 4583 4462 4544
f 4776 4760 4763
f 4461 4462 4455
f 4593 4583 4624
f 4760 4776 4775
f 4593 4462 4583
f 4611 4593 4624
f 4650 4611 4624
f 4734 4738 4694
f 4760 4738 4734
f 4650 4633 4611
f 4738 4760 4775
f 4738 4633 4650
f 4694 4738 4650
f 2453 2498 2337
f 2593 2882 2498
f 2337 2206 2234
f 2453 2337 2234
f 2060 2089 2158
f 2206 2204 2158
f 2204 2060 2158
f 2204 2206 2337
f 2060 1998 2089
f 2060 1876 1998
f 1890 1702 1876
f 1955 1890 1876
f 1876 2060 1955
f 1816 1728 1702
f 1890 1816 1702
f 3215 3206 3209
f 1728 1816 1686
f 3209 3328 3329
f 1686 1685 1573
f 3328 3430 3329
f 1685 1512 1573
f 3430 3397 3492
f 1685 1696 1512
f 1685 1715 1696
f 3454 3492 3397
f 3492 3454 3538
f 3541 3538 3454
f 1893 1912 1786
f 2077 1991 1893
f 1991 2077 2145
f 2145 2304 1991
f 2304 2130 1991
f 2304 2418 2285
f 2418 2440 2285
f 2304 2285 2130
f 2440 2418 2603
f 2603 2439 2440
f 2641 2439 2603
f 2603 2793 2641
f 2793 2868 2641
f 2868 2793 2928
f 2641 2513 2439
f 2928 2923 2868
f 2923 2928 3088
f 3281 3167 3088
f 3409 3275 3281
f 3275 3409 3522
f 3167 3020 3088
f 3281 3275 3167
f 4456 4463 4467
f 4467 4463 4485
f 4485 4483 4506
f 4483 4524 4506
f 4506 4524 4550
f 4550 4524 4567
f 4444 4445 4456
f 4445 4463 4456
f 4524 4549 4567
f 4444 4409 4445
f 4444 4457 4409
f 4567 4549 4573
f 4567 4573 4594
f 4594 4573 4598
f 4594 4598 4606
f 4606 4598 4626
f 4626 4598 4645
f 4477 4386 4457
f 4598 4613 4645
f 4645 4613 4654
f 4654 4613 4660
f 4477 4460 4386
f 4460 4500 4392
f 4497 4478 4500
f 4392 4500 4478
f 4686 4663 4730
f 4497 4515 4478
f 4663 4697 4730
f 4478 4405 4392
f 4663 4673 4697
f 4478 4437 4405
f 4515 4516 4478
f 4516 4437 4478
f 4697 4673 4685
f 4697 4685 4720
f 4504 4437 4516
f 4458 4437 4504
f 4701 4720 4685
f 4720 4701 4755
f 4437 4458 4375
f 4375 4458 4391
f 4729 4755 4701
f 4748 4776 4755
f 4461 4402 4391
f 4458 4461 4391
f 4748 4755 4729
f 4748 4764 4776
f 4422 4402 4461
f 4422 4461 4455
f 4764 4750 4775
f 4764 4775 4776
f 4450 4419 4455
f 4455 4419 4422
f 4455 4462 4450
f 4462 4464 4450
f 4502 4464 4462
f 4593 4502 4462
f 4593 4611 4604
f 4593 4604 4502
f 4611 4618 4604
f 4715 4738 4750
f 4750 4738 4775
f 4633 4634 4611
f 4738 4634 4633
f 2158 2089 2234
f 2233 2375 2234
f 2234 2375 2453
f 2375 2593 2453
f 2453 2593 2498
f 2158 2234 2206
f 2593 2709 2882
f 2709 2874 2882
f 1998 1916 2089
f 3058 2882 2874
f 1876 1634 1916
f 1998 1876 1916
f 3126 3058 2874
f 3134 3058 3126
f 1634 1876 1702
f 1702 1626 1634
f 3215 3134 3126
f 1702 1728 1626
f 3215 3126 3206
f 3126 3124 3206
f 1626 1686 1580
f 1626 1728 1686
f 1510 1580 1573
f 1580 1686 1573
f 3328 3209 3206
f 3328 3206 3430
f 3206 3208 3430
f 1510 1573 1512
f 3397 3430 3208
f 1660 1512 1696
f 3397 3288 3454
f 1696 1790 1660
f 3288 3221 3454
f 1786 1790 1715
f 1790 1696 1715
f 1907 1790 1786
f 1907 1786 1912
f 3454 3221 3603
f 1893 1991 1912
f 1991 1977 1912
f 3221 3313 3603
f 1977 1991 2130
f 3603 3313 3436
f 3313 3429 3436
f 3427 3436 3429
f 2285 2342 2144
f 2440 2342 2285
f 3427 3429 3409
f 2440 2439 2342
f 2439 2513 2342
f 2641 2512 2513
f 2868 2768 2641
f 2768 2512 2641
f 2513 2512 2342
f 2866 2768 2868
f 3522 3409 3505
f 2923 2866 2868
f 3009 2923 3020
f 2923 3088 3020
f 3505 3275 3522
f 3167 3009 3020
f 3275 3505 3387
f 3167 3275 3303
f 3387 3303 3275
f 4409 4378 4390
f 4425 4409 4390
f 4409 4425 4445
f 4425 4446 4445
f 4483 4463 4446
f 4463 4445 4446
f 4463 4483 4485
f 4475 4524 4483
f 4409 4341 4378
f 4524 4475 4505
f 4524 4505 4535
f 4524 4535 4549
f 4409 4457 4341
f 4535 4573 4549
f 4535 4528 4573
f 4457 4386 4341
f 4528 4552 4573
f 4573 4552 4598
f 4552 4553 4598
f 4553 4613 4598
f 4553 4572 4613
f 4572 4574 4613
f 4613 4574 4660
f 4660 4574 4659
f 4460 4381 4386
f 4392 4381 4460
f 4392 4344 4381
f 4574 4581 4659
f 4405 4344 4392
f 4659 4581 4658
f 4659 4658 4663
f 4659 4663 4686
f 4663 4658 4673
f 4405 4375 4344
f 4405 4437 4375
f 4673 4658 4685
f 4375 4343 4344
f 4685 4691 4701
f 4375 4362 4343
f 4691 4685 4658
f 4391 4362 4375
f 4701 4691 4729
f 4402 4374 4391
f 4391 4374 4362
f 4712 4748 4729
f 4712 4729 4691
f 4402 4388 4374
f 4402 4422 4388
f 4712 4710 4750
f 4712 4750 4748
f 4764 4748 4750
f 4422 4419 4388
f 4419 4407 4388
f 4604 4590 4578
f 4604 4618 4590
f 4710 4715 4750
f 4407 4419 4408
f 4408 4419 4450
f 4502 4481 4464
f 4578 4523 4502
f 4604 4578 4502
f 4710 4707 4715
f 4450 4440 4408
f 4464 4481 4450
f 4481 4440 4450
f 4611 4634 4618
f 4715 4634 4738
f 4707 4634 4715
f 2089 2233 2234
f 2233 2089 2004
f 2089 1916 2004
f 2233 2322 2375
f 2375 2451 2593
f 2451 2616 2593
f 2709 2593 2875
f 2593 2616 2875
f 2709 2875 2874
f 2004 1916 1753
f 1916 1634 1753
f 2874 2875 2934
f 2934 3117 2874
f 3117 3126 2874
f 3216 3126 3117
f 1798 1753 1634
f 1634 1626 1798
f 1628 1626 1580
f 1628 1798 1626
f 3126 3216 3124
f 3124 3216 3201
f 1628 1580 1638
f 1580 1510 1638
f 3201 3206 3124
f 1507 1638 1510
f 3201 3208 3206
f 1512 1505 1510
f 1510 1505 1507
f 3397 3208 3288
f 3208 3221 3288
f 1660 1701 1512
f 1701 1505 1512
f 1790 1701 1660
f 1833 1701 1790
f 1833 1790 1907
f 1907 1912 1906
f 1906 1912 1977
f 3221 3234 3313
f 3340 3313 3234
f 1906 1977 1826
f 1977 2130 1826
f 2130 2002 1826
f 3313 3340 3429
f 2002 2130 2285
f 3309 3429 3340
f 2285 2144 2002
f 2144 1896 2002
f 3432 3429 3309
f 3409 3429 3432
f 1896 2144 1904
f 2768 2702 2512
f 3505 3409 3432
f 2144 2063 1904
f 2240 2063 2144
f 2286 2144 2342
f 2702 2438 2512
f 2512 2438 2342
f 2768 2866 2702
f 2866 2923 3009
f 3508 3505 3432
f 2286 2240 2144
f 2367 2286 2342
f 2438 2367 2342
f 2438 2702 2659
f 2767 2659 2866
f 2866 2659 2702
f 2866 3009 2767
f 3009 3167 2767
f 3508 3517 3505
f 3505 3517 3387
f 2659 2591 2367
f 2659 2367 2438
f 2835 2767 3167
f 3387 3573 3303
f 3573 3385 3303
f 3517 3573 3387
f 2659 2767 2591
f 3270 3167 3303
f 3385 3270 3303
f 3385 3573 3684
f 3684 3570 3385
f 3167 3270 2835
f 3270 3385 3374
f 3692 3570 3684
f 3570 3374 3385
f 4394 4378 4367
f 4378 4394 4390
f 4394 4404 4390
f 4390 4404 4425
f 4341 4340 4378
f 4378 4340 4367
f 4432 4425 4404
f 4446 4425 4452
f 4425 4432 4452
f 4446 4452 4483
f 4483 4452 4475
f 4475 4472 4505
f 4535 4505 4528
f 4526 4505 4472
f 4505 4526 4528
f 4526 4552 4528
f 4341 4386 4332
f 4538 4572 4553
f 4386 4308 4332
f 4381 4308 4386
f 4572 4538 4543
f 4543 4574 4572
f 4381 4289 4308
f 4543 4556 4574
f 4289 4328 4290
f 4381 4328 4289
f 4344 4328 4381
f 4574 4556 4581
f 4328 4294 4290
f 4306 4294 4328
f 4328 4344 4306
f 4556 4558 4581
f 4306 4344 4326
f 4581 4599 4658
f 4326 4344 4322
f 4599 4597 4658
f 4322 4344 4343
f 4362 4364 4343
f 4597 4580 4612
f 4597 4612 4644
f 4597 4644 4658
f 4658 4644 4691
f 4362 4363 4364
f 4362 4374 4363
f 4612 4580 4625
f 4612 4625 4644
f 4388 4363 4374
f 4580 4560 4625
f 4625 4618 4644
f 4644 4684 4691
f 4691 4684 4712
f 4421 4423 4388
f 4560 4578 4625
f 4625 4578 4590
f 4625 4590 4618
f 4439 4421 4407
f 4712 4684 4710
f 4421 4388 4407
f 4439 4407 4408
f 4503 4439 4523
f 4503 4523 4533
f 4533 4523 4578
f 4533 4578 4560
f 4644 4618 4634
f 4644 4634 4684
f 4710 4684 4707
f 4439 4408 4440
f 4439 4440 4481
f 4439 4481 4523
f 4523 4481 4502
f 4684 4634 4707
f 2088 2004 1753
f 2004 2088 2233
f 2233 2088 2166
f 2233 2166 2322
f 2375 2322 2356
f 2375 2356 2451
f 2616 2801 2875
f 2875 2801 2934
f 1753 1938 2088
f 2088 1938 2166
f 2356 2450 2451
f 2450 2616 2451
f 3216 3117 3136
f 3322 3216 3136
f 1753 1798 1938
f 1938 1798 1866
f 3322 3320 3216
f 1814 1798 1628
f 1814 1866 1798
f 3216 3320 3201
f 1628 1638 1814
f 1814 1638 1821
f 1638 1507 1821
f 1821 1507 1863
f 3201 3228 3208
f 1507 1505 1863
f 1863 1505 1722
f 1863 1722 1761
f 1505 1701 1722
f 1722 1701 1761
f 1761 1701 1833
f 3208 3227 3221
f 1833 1907 1761
f 3227 3317 3221
f 1906 1761 1907
f 3221 3317 3234
f 3317 3336 3234
f 1906 1754 1761
f 1906 1711 1754
f 3336 3340 3234
f 1711 1906 1826
f 2002 1771 1826
f 3340 3435 3309
f 2002 1896 1771
f 1896 1844 1771
f 3435 3446 3309
f 1918 1844 1896
f 3446 3432 3309
f 3518 3432 3446
f 1896 1904 1918
f 2063 2074 1904
f 2074 1918 1904
f 2240 2074 2063
f 3554 3432 3518
f 3554 3508 3432
f 2301 2074 2240
f 2286 2301 2240
f 2430 2301 2286
f 3508 3554 3517
f 3554 3583 3517
f 2430 2286 2367
f 2501 2430 2367
f 2591 2501 2367
f 2699 2501 2591
f 3583 3573 3517
f 2767 2699 2591
f 2796 2699 2767
f 2884 2796 2767
f 2884 2767 2835
f 2942 2884 2835
f 3684 3573 3662
f 3015 2942 2835
f 3270 3015 2835
f 3662 3660 3684
f 3684 3660 3692
f 3270 3156 3015
f 3374 3156 3270
f 3570 3370 3374
f 3692 3660 3570
f 3374 3370 3156
f 3469 3370 3570
f 3553 3469 3570
f 3660 3553 3570
f 3657 3553 3660
f 3553 3472 3469
f 3657 3472 3553
f 4319 4356 4367
f 4356 4393 4367
f 4367 4393 4394
f 4394 4393 4404
f 4367 4340 4319
f 4340 4321 4319
f 4432 4475 4452
f 4321 4340 4341
f 4475 4432 4472
f 4341 4300 4321
f 4472 4432 4410
f 4341 4332 4300
f 4410 4466 4472
f 4466 4526 4472
f 4466 4471 4526
f 4266 4267 4300
f 4332 4266 4300
f 4471 4552 4526
f 4266 4184 4267
f 4332 4308 4266
f 4471 4476 4552
f 4552 4476 4553
f 4060 4184 4190
f 4266 4190 4184
f 4289 4190 4266
f 4266 4308 4289
f 4476 4538 4553
f 4190 4053 4060
f 4476 4492 4538
f 4538 4492 4543
f 4190 4127 4053
f 4289 4185 4190
f 4492 4495 4543
f 4185 4127 4190
f 4290 4185 4289
f 4543 4495 4556
f 4290 4265 4185
f 4294 4265 4290
f 4556 4495 4558
f 4291 4265 4294
f 4294 4306 4291
f 4291 4306 4326
f 4558 4495 4581
f 4291 4326 4322
f 4495 4496 4581
f 4581 4496 4599
f 4322 4343 4323
f 4343 4364 4323
f 4597 4599 4580
f 4389 4364 4363
f 4496 4482 4560
f 4496 4560 4599
f 4599 4560 4580
f 4482 4503 4533
f 4482 4533 4560
f 4389 4363 4388
f 4389 4388 4423
f 4441 4423 4439
f 4441 4439 4482
f 4482 4439 4503
f 4423 4421 4439
f 2852 2934 2801
f 2934 3110 3117
f 3136 3117 3110
f 3110 3222 3136
f 2166 2194 2322
f 2322 2194 2260
f 2322 2260 2356
f 2356 2260 2417
f 2417 2450 2356
f 2450 2417 2616
f 3222 3322 3136
f 2166 1938 2194
f 1938 2125 2194
f 3322 3222 3320
f 3222 3236 3320
f 1938 1866 2125
f 1866 2128 2125
f 3201 3320 3236
f 1866 1814 1821
f 1866 1821 2128
f 2128 1821 2050
f 1821 1863 2050
f 1984 2050 1863
f 1863 1761 1908
f 1908 1984 1863
f 1834 1908 1761
f 3228 3227 3208
f 1759 1834 1761
f 1761 1751 1759
f 1754 1751 1761
f 1712 1713 1754
f 1713 1751 1754
f 1562 1598 1712
f 1713 1712 1598
f 1754 1711 1712
f 3336 3337 3340
f 1562 1712 1572
f 1711 1572 1712
f 3340 3337 3435
f 1727 1572 1711
f 1771 1711 1826
f 1771 1727 1711
f 1848 1727 1771
f 1844 1848 1771
f 1848 1844 1918
f 3433 3518 3446
f 1914 1848 1918
f 1976 1914 1918
f 2074 1976 1918
f 2129 1976 2074
f 3527 3518 3433
f 3554 3518 3527
f 2217 2129 2301
f 2301 2129 2074
f 2300 2217 2301
f 2331 2300 2301
f 2331 2301 2430
f 3554 3527 3583
f 2437 2331 2430
f 2430 2501 2437
f 2501 2509 2437
f 2612 2509 2501
f 2501 2699 2612
f 2796 2896 2699
f 2896 2612 2699
f 2884 2896 2796
f 3573 3583 3584
f 3018 2884 2942
f 3662 3573 3584
f 3018 2942 3015
f 3163 3018 3015
f 3667 3662 3584
f 3156 3163 3015
f 3667 3660 3662
f 3457 3163 3156
f 3457 3156 3370
f 3457 3370 3467
f 3660 3646 3657
f 3370 3469 3467
f 3472 3368 3469
f 3368 3467 3469
f 3472 3552 3368
f 3657 3646 3472
f 3646 3552 3472
f 3354 3368 3552
f 3550 3354 3552
f 3844 3550 3646
f 3646 3550 3552
f 3550 3332 3354
f 3812 3550 3844
f 3550 3348 3332
f 3743 3550 3812
f 3743 3610 3550
f 3743 3719 3610
f 3550 3458 3348
f 3610 3458 3550
f 3611 3458 3610
f 3458 3611 3364
f 3661 3611 3700
f 3611 3470 3364
f 3661 3470 3611
f 3661 3613 3470
f 4321 4312 4319
f 4319 4312 4356
f 3907 3847 3613
f 3847 3907 3980
f 4312 4321 4293
f 4359 4356 4312
f 4356 4359 4393
f 4393 4359 4382
f 4393 4382 4404
f 4404 4382 4432
f 3613 3847 3652
f 3925 3847 3980
f 3925 3980 4094
f 4244 4221 4237
f 4300 4221 4244
f 4293 4300 4244
f 4321 4300 4293
f 4094 4095 3925
f 4186 4095 4094
f 4221 4186 4237
f 4267 4221 4300
f 4382 4410 4432
f 3925 3789 3847
f 3789 3652 3847
f 4095 3986 3925
f 4184 4186 4221
f 4267 4184 4221
f 4387 4466 4410
f 3925 3919 3789
f 3986 3919 3925
f 4184 4095 4186
f 4466 4387 4415
f 4466 4415 4471
f 3985 3919 3986
f 4072 3985 3986
f 4095 4072 3986
f 4184 4072 4095
f 4415 4399 4471
f 4060 4072 4184
f 4471 4399 4398
f 4471 4398 4476
f 4072 4060 4027
f 4398 4418 4476
f 4418 4492 4476
f 4053 4027 4060
f 4102 4027 4053
f 4418 4424 4492
f 4102 4053 4127
f 4213 4102 4127
f 4424 4443 4492
f 4443 4495 4492
f 4185 4213 4127
f 4213 4185 4214
f 4185 4265 4214
f 4491 4495 4443
f 4292 4214 4265
f 4491 4512 4495
f 4291 4292 4265
f 4291 4307 4292
f 4291 4322 4307
f 4346 4307 4322
f 4495 4512 4511
f 4495 4511 4496
f 4346 4322 4323
f 4346 4323 4364
f 4376 4346 4364
f 4428 4376 4364
f 4428 4364 4389
f 4441 4442 4389
f 4442 4428 4389
f 4482 4511 4441
f 4511 4442 4441
f 4496 4511 4482
f 4389 4423 4441
f 2852 2999 2934
f 2934 2999 3110
f 2999 3111 3110
f 3326 3110 3111
f 2616 2686 2801
f 2801 2686 2852
f 3326 3222 3110
f 3222 3326 3305
f 2616 2417 2503
f 2607 2616 2503
f 2607 2686 2616
f 2260 2503 2417
f 3305 3264 3222
f 3222 3264 3236
f 2309 2260 2194
f 2309 2194 2125
f 3264 3241 3236
f 2125 2128 2309
f 3241 3201 3236
f 2131 2128 2058
f 2128 2050 2058
f 2131 2309 2128
f 2050 1984 2058
f 1984 2098 2058
f 3201 3235 3228
f 1984 1983 2098
f 1984 1908 1983
f 1802 1983 1908
f 1802 1908 1834
f 3228 3302 3227
f 3302 3339 3227
f 1751 1569 1802
f 1834 1759 1802
f 1759 1751 1802
f 3339 3317 3227
f 1562 1484 1472
f 1598 1562 1569
f 1569 1562 1472
f 1713 1598 1569
f 1751 1713 1569
f 3317 3339 3336
f 1581 1484 1562
f 3339 3337 3336
f 1562 1572 1581
f 1667 1581 1572
f 1727 1667 1572
f 1848 1824 1727
f 1824 1667 1727
f 1914 2095 1848
f 2095 1824 1848
f 1976 2095 1914
f 2293 1976 2129
f 2218 2293 2129
f 2331 2218 2300
f 3532 3527 3433
f 2217 2218 2129
f 2300 2218 2217
f 2509 2331 2437
f 2612 2684 2509
f 2859 2684 2612
f 3527 3528 3583
f 2896 2859 2612
f 3583 3528 3584
f 2896 2884 2933
f 3018 2933 2884
f 3018 3163 3091
f 3199 3163 3457
f 3266 3199 3457
f 3750 3646 3660
f 3266 3457 3467
f 3646 3750 3769
f 3646 3769 3844
f 3769 3779 3844
f 3354 3351 3368
f 3368 3351 3349
f 3779 3819 3844
f 3844 3819 3812
f 3332 3351 3354
f 3348 3351 3332
f 3743 3812 3734
f 3812 3819 3734
f 3719 3630 3610
f 3743 3775 3719
f 3348 3257 3245
f 3630 3611 3610
f 3611 3630 3719
f 3348 3458 3257
f 3611 3719 3700
f 3719 3822 3700
f 3256 3257 3458
f 3700 3822 3778
f 3256 3458 3269
f 3700 3778 3766
f 3458 3364 3269
f 3700 3766 3661
f 3661 3766 3856
f 3364 3470 3269
f 3791 3661 3856
f 3471 3155 3470
f 3470 3155 3269
f 3907 3791 3856
f 3907 3856 3927
f 3791 3613 3661
f 3613 3791 3907
f 3471 3172 3155
f 3613 3172 3471
f 3470 3613 3471
f 3980 3907 3927
f 3980 3927 4103
f 4245 4293 4244
f 4245 4297 4293
f 4293 4297 4312
f 3410 3172 3613
f 4094 3980 4103
f 4094 4103 4149
f 4149 4222 4237
f 4222 4244 4237
f 4338 4312 4297
f 3652 3410 3613
f 4237 4186 4149
f 4312 4338 4359
f 3652 3463 3410
f 4149 4186 4094
f 4359 4338 4355
f 4359 4355 4382
f 4382 4355 4370
f 3652 3491 3463
f 4370 4387 4382
f 4387 4410 4382
f 3652 3490 3491
f 3652 3617 3490
f 3652 3622 3617
f 3789 3622 3652
f 3709 3622 3789
f 3789 3919 3709
f 3919 3917 3709
f 3985 3917 3919
f 4072 4027 3985
f 4027 3917 3985
f 4027 4102 4057
f 4027 4057 3917
f 4102 4213 4202
f 4424 4418 4443
f 4213 4214 4202
f 4431 4491 4443
f 4219 4202 4214
f 4431 4429 4491
f 4214 4292 4272
f 4429 4465 4491
f 4491 4465 4512
f 4307 4309 4292
f 4429 4428 4465
f 4346 4347 4307
f 4512 4465 4511
f 4346 4376 4347
f 4428 4377 4376
f 4377 4347 4376
f 4429 4377 4428
f 4465 4428 4442
f 4442 4511 4465
f 3081 3326 3111
f 3111 2999 3081
f 2873 2852 2686
f 2873 2949 2852
f 2852 2949 2999
f 2949 3081 2999
f 3326 3360 3305
f 2607 2873 2686
f 3360 3323 3305
f 3305 3323 3264
f 2607 2503 2260
f 3323 3345 3264
f 2607 2260 2309
f 3264 3345 3232
f 2348 2607 2309
f 3232 3241 3264
f 2131 2308 2309
f 2308 2348 2309
f 3201 3241 3235
f 2098 2131 2058
f 2098 1983 2039
f 3235 3218 3228
f 3228 3218 3302
f 1983 1802 1875
f 1875 2039 1983
f 1802 1706 1875
f 1706 1802 1569
f 1502 1472 1436
f 1472 1297 1436
f 1472 1502 1569
f 1472 1298 1297
f 1484 1483 1472
f 1472 1423 1298
f 1472 1483 1423
f 1581 1483 1484
f 1679 1581 1667
f 1784 1679 1667
f 1824 1784 1667
f 3450 3435 3337
f 1931 1824 2095
f 3450 3446 3435
f 2095 1976 2247
f 2247 1976 2293
f 2293 2218 2331
f 2426 2293 2331
f 3532 3528 3527
f 2426 2331 2509
f 2684 2426 2509
f 2800 2684 2859
f 2896 2933 2859
f 3017 2859 2933
f 3018 3017 2933
f 3018 3091 3017
f 3595 3584 3528
f 3667 3584 3595
f 3163 3199 3091
f 3682 3667 3595
f 3682 3689 3667
f 3667 3689 3660
f 3207 3199 3266
f 3750 3660 3689
f 3333 3266 3467
f 3368 3333 3467
f 3368 3349 3333
f 3779 3768 3819
f 3351 3361 3349
f 3768 3734 3819
f 3351 3384 3361
f 3351 3348 3384
f 3734 3770 3743
f 3743 3770 3775
f 3775 3770 3719
f 3770 3822 3719
f 3832 3778 3822
f 3269 3153 3256
f 3778 3832 3766
f 3832 3856 3766
f 3269 3095 3153
f 3966 3856 3832
f 3269 3155 3095
f 3155 3042 3095
f 3966 3927 3856
f 4020 3927 3966
f 4020 3979 3927
f 3014 2826 2847
f 3042 3014 2847
f 3979 4020 3927
f 3172 3014 3042
f 3042 3155 3172
f 3927 4020 4118
f 3087 2826 3014
f 3172 3087 3014
f 4118 4103 3927
f 4250 4245 4222
f 4222 4245 4244
f 4245 4250 4297
f 2826 2729 2741
f 3087 2729 2826
f 4103 4118 4149
f 4118 4222 4149
f 4297 4250 4281
f 4281 4338 4297
f 3277 3172 3410
f 2836 2729 3087
f 3172 2836 3087
f 3277 2836 3172
f 3410 3463 3277
f 4338 4281 4355
f 3491 3277 3463
f 4304 4355 4281
f 3276 2836 3277
f 3491 3276 3277
f 3491 3490 3276
f 4355 4337 4370
f 4370 4337 4387
f 4337 4355 4304
f 3617 3622 3490
f 4337 4357 4387
f 4387 4357 4415
f 3490 3622 3614
f 3614 3622 3709
f 4415 4357 4399
f 3709 3782 3614
f 3782 3709 3917
f 4357 4342 4399
f 4399 4342 4398
f 3917 3851 3782
f 4398 4342 4418
f 4349 4418 4342
f 3851 3917 3853
f 4057 3853 3917
f 4102 4165 4057
f 4165 4102 4202
f 4418 4349 4443
f 4349 4348 4443
f 4165 3853 4057
f 4443 4348 4431
f 4214 4272 4219
f 4348 4369 4431
f 4431 4369 4377
f 4431 4377 4429
f 4292 4309 4272
f 4309 4310 4272
f 4327 4310 4309
f 4307 4327 4309
f 4307 4347 4327
f 4369 4327 4347
f 4369 4347 4377
f 3081 3083 3327
f 3081 3327 3326
f 3326 3327 3442
f 3442 3399 3326
f 3000 3081 2949
f 3326 3399 3360
f 3399 3323 3360
f 3323 3338 3345
f 2607 2488 2587
f 3345 3251 3232
f 3232 3251 3241
f 2029 2131 2098
f 3318 3218 3235
f 2098 2039 1950
f 1950 2039 1951
f 3335 3302 3318
f 3318 3302 3218
f 1951 2039 1875
f 3335 3339 3302
f 1502 1436 1522
f 1569 1502 1522
f 1569 1522 1706
f 3347 3311 3339
f 1311 1436 1297
f 1295 1311 1297
f 3311 3343 3339
f 1298 1310 1297
f 1297 1310 1295
f 1423 1483 1435
f 1483 1482 1435
f 1581 1482 1483
f 1623 1482 1581
f 1679 1623 1581
f 1423 1310 1298
f 1435 1310 1423
f 3450 3433 3446
f 2423 2293 2426
f 2423 2426 2684
f 2867 2777 2617
f 3007 2867 2800
f 2617 2423 2684
f 2867 2617 2800
f 2800 2617 2684
f 3007 2800 2859
f 3007 2859 3017
f 3007 3017 3091
f 3223 3007 3091
f 3604 3595 3598
f 3598 3595 3528
f 3223 3091 3246
f 3604 3695 3595
f 3365 3246 3199
f 3246 3091 3199
f 3695 3682 3595
f 3695 3689 3682
f 3365 3199 3207
f 3365 3207 3353
f 3750 3689 3764
f 3207 3266 3353
f 3750 3764 3771
f 3353 3266 3333
f 3771 3769 3750
f 3769 3768 3779
f 3348 3245 3384
f 3245 3249 3384
f 3257 3278 3245
f 3245 3278 3249
f 3153 3261 3256
f 3256 3261 3257
f 3822 3848 3832
f 3848 3843 3832
f 3095 3042 3079
f 2826 2824 2847
f 4118 4229 4222
f 4222 4229 4250
f 2741 2717 2739
f 2729 2717 2741
f 2717 2729 2651
f 2651 2729 2836
f 4304 4315 4337
f 3276 2900 2836
f 3614 3255 3490
f 3490 3255 3276
f 4337 4315 4357
f 3614 3378 3255
f 3614 3643 3378
f 3643 3614 3782
f 4357 4311 4342
f 3825 3643 3782
f 3851 3852 3782
f 4342 4311 4349
f 3853 3859 3851
f 3851 3859 3852
f 3859 3853 3852
f 4147 3852 3853
f 4165 4147 3853
f 4311 4333 4349
f 4349 4333 4336
f 4349 4336 4348
f 4310 4336 4263
f 4263 4219 4272
f 4263 4272 4310
f 4336 4310 4348
f 4348 4310 4327
f 4348 4327 4369
f 3292 3415 3327
f 3327 3415 3442
f 3081 3074 3083
f 3081 3000 3074
f 3415 3449 3442
f 3442 3449 3399
f 2949 2919 3000
f 3323 3399 3367
f 3399 3449 3367
f 2949 2873 2919
f 2873 2607 2879
f 2607 2587 2879
f 3367 3338 3323
f 2607 2338 2488
f 2607 2348 2338
f 3338 3251 3345
f 3251 3233 3241
f 2348 2308 2338
f 2308 2208 2338
f 2029 2136 2131
f 2131 2136 2308
f 3233 3231 3241
f 3241 3231 3235
f 1950 2029 2098
f 3318 3235 3331
f 3235 3231 3331
f 1706 1643 1694
f 1875 1706 1694
f 1875 1694 1951
f 1694 1803 1951
f 1803 1950 1951
f 1706 1522 1643
f 1436 1311 1390
f 3335 3347 3339
f 1295 1312 1311
f 1295 1310 1312
f 1310 1435 1482
f 3343 3267 3339
f 3339 3267 3337
f 1623 1679 1642
f 2095 2000 1931
f 2247 2161 2095
f 3450 3416 3433
f 2247 2293 2419
f 3532 3433 3416
f 2423 2419 2293
f 2602 2510 2617
f 2617 2510 2423
f 2654 2602 2617
f 2654 2617 2777
f 2810 2777 2867
f 2867 3007 2810
f 3007 2930 2810
f 3532 3506 3528
f 2777 2810 2654
f 3019 2930 3007
f 3528 3506 3598
f 3007 3223 3019
f 3223 3213 3019
f 3223 3246 3213
f 3271 3246 3365
f 3695 3704 3689
f 3353 3271 3365
f 3764 3689 3704
f 3764 3704 3784
f 3353 3330 3271
f 3333 3356 3353
f 3353 3356 3330
f 3784 3773 3764
f 3764 3773 3771
f 3349 3356 3333
f 3349 3350 3356
f 3771 3768 3769
f 3361 3334 3349
f 3349 3334 3350
f 3768 3736 3734
f 3736 3698 3734
f 3734 3698 3770
f 3770 3698 3822
f 3822 3698 3805
f 3257 3261 3278
f 3805 3843 3822
f 3822 3843 3848
f 3832 3843 3909
f 3966 3832 3909
f 3042 2847 3001
f 3042 3001 3079
f 2935 2847 2824
f 2847 2935 3001
f 4118 4020 4116
f 4020 3966 4116
f 2826 2741 2824
f 2741 2739 2824
f 4116 4148 4118
f 4118 4148 4229
f 4172 4229 4148
f 4172 4250 4229
f 2717 2750 2739
f 4233 4250 4172
f 4233 4281 4250
f 2717 2636 2750
f 4255 4281 4233
f 4304 4281 4255
f 2651 2836 2693
f 4304 4255 4208
f 2693 2836 2900
f 4208 4274 4304
f 4274 4315 4304
f 2693 2685 2585
f 2900 2856 2693
f 3276 2856 2900
f 3255 2856 3276
f 4315 4311 4357
f 3306 3378 3643
f 3825 3306 3643
f 3782 3852 3825
f 4147 3854 3852
f 4311 4263 4295
f 4147 4165 4202
f 4219 4147 4202
f 4263 4147 4219
f 4311 4295 4333
f 4295 4263 4336
f 4295 4336 4333
f 3083 3067 3192
f 3083 3192 3327
f 3192 3292 3327
f 3083 3074 3067
f 3000 2919 3074
f 2919 3108 3074
f 3367 3449 3180
f 2919 2873 2879
f 3180 3358 3367
f 3367 3358 3338
f 3338 3358 3259
f 2488 2679 2587
f 2679 2879 2587
f 2400 2679 2488
f 3338 3259 3240
f 2400 2488 2338
f 3240 3233 3338
f 3338 3233 3251
f 2308 2136 2208
f 1950 1947 2029
f 1947 1950 1803
f 1643 1592 1694
f 1643 1522 1592
f 3331 3341 3318
f 3318 3341 3335
f 1522 1436 1592
f 1436 1390 1592
f 3341 3363 3335
f 3363 3347 3335
f 1313 1390 1311
f 1312 1313 1311
f 1310 1513 1312
f 1482 1513 1310
f 3311 3198 3343
f 1623 1642 1482
f 1482 1642 1513
f 1642 1679 1658
f 1784 1658 1679
f 3450 3337 3434
f 3337 3267 3434
f 3450 3434 3416
f 3416 3506 3532
f 2602 2419 2510
f 2510 2419 2423
f 3019 3039 2930
f 3598 3506 3576
f 2930 3039 2795
f 2930 2795 2810
f 3598 3576 3604
f 3039 3019 3213
f 3695 3604 3704
f 3213 3246 3271
f 3699 3784 3704
f 3699 3773 3784
f 3773 3780 3771
f 3350 3359 3356
f 3771 3780 3768
f 3359 3350 3460
f 3350 3334 3460
f 3334 3361 3460
f 3361 3384 3460
f 3460 3384 3443
f 3736 3619 3698
f 3443 3384 3249
f 3443 3249 3466
f 3249 3278 3466
f 3691 3805 3698
f 3261 3248 3278
f 3691 3843 3805
f 3261 3153 3248
f 3153 3151 3248
f 3818 3843 3691
f 3153 3095 2996
f 3153 2996 3151
f 3909 3843 3818
f 3095 3079 2996
f 3964 3909 3818
f 3966 3909 3964
f 3079 3001 3065
f 3065 3001 2935
f 2824 2739 3065
f 3065 2935 2824
f 2731 3065 2739
f 2750 2731 2739
f 4172 4148 4116
f 2750 2636 2731
f 2717 2554 2636
f 4172 4209 4233
f 4209 4255 4233
f 2651 2554 2717
f 4255 4209 4208
f 2693 2585 2651
f 2585 2554 2651
f 4205 4274 4208
f 2497 2585 2500
f 2500 2585 2685
f 4205 4230 4274
f 2500 2685 2681
f 2693 2681 2685
f 2681 2693 2856
f 4274 4230 4311
f 4315 4274 4311
f 2681 2856 2765
f 3255 2765 2856
f 3226 2765 3255
f 3306 3226 3255
f 3306 3255 3378
f 3852 3854 3825
f 3825 3715 3306
f 4230 4147 4263
f 4230 4263 4311
f 3192 3067 3074
f 3192 3074 3108
f 3192 3108 3292
f 3292 3108 3415
f 3108 3180 3415
f 3415 3180 3449
f 2879 3030 2919
f 3030 3108 2919
f 3030 3159 3108
f 3108 3159 3180
f 3180 3159 3358
f 3358 3159 3259
f 2879 2679 2786
f 3159 3030 3240
f 3259 3159 3240
f 3240 3225 3233
f 2295 2338 2208
f 3233 3225 3231
f 1864 2029 1947
f 2029 2085 2136
f 2085 2208 2136
f 1864 1947 1803
f 1663 1694 1592
f 1542 1592 1392
f 3331 3103 3341
f 1392 1592 1390
f 3103 3347 3341
f 3363 3341 3347
f 1242 1392 1313
f 1313 1392 1390
f 3347 3154 3311
f 1242 1313 1205
f 1313 1312 1205
f 3154 3198 3311
f 1205 1312 1259
f 1513 1259 1312
f 3154 3147 3198
f 3343 3198 3147
f 1776 1658 1784
f 1784 1824 1776
f 1824 1845 1776
f 3343 3147 3267
f 3325 3434 3267
f 2303 2161 2247
f 2247 2419 2303
f 3416 3434 3325
f 2654 2642 2602
f 3416 3346 3506
f 3346 3576 3506
f 2642 2654 2653
f 2653 2654 2810
f 2653 2810 2795
f 2865 2653 2795
f 3039 2865 2795
f 3576 3455 3604
f 2865 2927 2653
f 3039 2927 2865
f 3080 2927 3039
f 3039 3213 3080
f 3599 3604 3455
f 3157 3080 3213
f 3213 3271 3157
f 3604 3599 3704
f 3599 3444 3704
f 3330 3157 3271
f 3699 3704 3444
f 3330 3238 3157
f 3330 3356 3238
f 3699 3626 3773
f 3356 3359 3238
f 3707 3773 3626
f 3780 3773 3707
f 3707 3720 3780
f 3362 3238 3359
f 3720 3772 3780
f 3780 3772 3768
f 3362 3359 3460
f 3768 3772 3736
f 3362 3460 3263
f 3762 3619 3736
f 3772 3762 3736
f 3443 3168 3263
f 3263 3460 3443
f 3466 3243 3443
f 3443 3243 3168
f 3619 3762 3698
f 3243 3278 3248
f 3466 3278 3243
f 3152 3248 3151
f 3889 3818 3691
f 3889 3964 3818
f 2996 3079 2936
f 2936 3079 3065
f 3966 3964 4078
f 3964 3954 4078
f 4116 3966 4078
f 2731 2748 2812
f 2812 3065 2731
f 4172 4116 4128
f 2731 2636 2748
f 2554 2649 2636
f 2636 2649 2748
f 2537 2554 2497
f 2554 2585 2497
f 4209 4113 4208
f 4205 4208 4113
f 2497 2500 2385
f 4205 4151 4230
f 2681 2595 2500
f 4114 4147 4151
f 4151 4147 4230
f 2690 2595 2681
f 4147 4114 3854
f 3013 2916 2765
f 3226 3013 2765
f 3715 3226 3306
f 3627 3226 3715
f 3786 3715 3825
f 3825 3854 3786
f 3013 3093 2916
f 3226 3093 3013
f 2879 2786 3030
f 2679 2691 2786
f 2679 2400 2691
f 3132 3240 3030
f 3132 3225 3240
f 2085 2111 2208
f 2208 2111 2295
f 3057 3225 3132
f 3225 3057 3231
f 1803 1878 1864
f 3231 3057 3104
f 3104 3331 3231
f 1663 1703 1694
f 1803 1694 1878
f 1694 1703 1878
f 3331 3104 3103
f 1663 1592 1703
f 1592 1542 1703
f 2977 3103 3027
f 3104 3027 3103
f 1392 1519 1542
f 2977 3068 3103
f 3103 3068 3347
f 3068 3077 3347
f 3347 3077 3154
f 3077 3072 3154
f 1337 1205 1259
f 3072 3071 3147
f 3154 3072 3147
f 1596 1337 1259
f 1513 1596 1259
f 1642 1596 1513
f 1642 1658 1596
f 1658 1646 1596
f 1776 1646 1658
f 3071 3150 3147
f 3147 3150 3267
f 2011 1845 1931
f 1931 1845 1824
f 1931 2000 2011
f 2070 2011 2000
f 3265 3325 3150
f 3325 3267 3150
f 2095 2070 2000
f 2095 2161 2070
f 2303 2070 2161
f 3230 3416 3265
f 3265 3416 3325
f 2419 2420 2303
f 2541 2420 2419
f 3230 3346 3416
f 2602 2541 2419
f 2602 2642 2541
f 3346 3344 3576
f 3344 3421 3576
f 3576 3421 3455
f 2653 2927 2701
f 2927 2924 2701
f 3455 3445 3599
f 3016 2924 2927
f 2927 3080 3016
f 3080 3078 3016
f 3599 3445 3464
f 3080 3157 3078
f 3157 3149 3078
f 3464 3444 3599
f 3247 3149 3157
f 3526 3545 3444
f 3444 3545 3699
f 3247 3157 3260
f 3157 3238 3260
f 3545 3626 3699
f 3626 3545 3707
f 3545 3612 3707
f 3693 3707 3612
f 3693 3720 3707
f 3238 3362 3260
f 3772 3720 3774
f 3362 3352 3260
f 3263 3352 3362
f 3762 3763 3698
f 3168 3243 3152
f 3243 3248 3152
f 3698 3763 3691
f 3691 3763 3800
f 3691 3800 3889
f 3151 2996 2984
f 3964 3889 3951
f 2936 2984 2996
f 3954 3964 3951
f 3065 2862 2936
f 4078 3954 4010
f 2908 2862 2812
f 2812 2862 3065
f 2812 2821 2908
f 4010 4047 4078
f 4047 4116 4078
f 2812 2748 2821
f 4128 4116 4047
f 4128 4088 4172
f 2748 2649 2821
f 4088 4209 4172
f 2554 2537 2649
f 4088 4129 4209
f 2537 2497 2466
f 2466 2497 2385
f 4209 4129 4113
f 2185 2385 2288
f 2288 2385 2500
f 4041 4151 4113
f 4113 4151 4205
f 2500 2595 2596
f 2690 2596 2595
f 4151 4041 4114
f 2681 2773 2690
f 3854 3874 3786
f 4041 3874 3854
f 3854 4114 4041
f 2681 2765 2773
f 2765 2916 2773
f 2916 2926 2773
f 3627 3715 3679
f 3715 3786 3679
f 3093 2926 2916
f 3170 2926 3093
f 3226 3170 3093
f 3171 3170 3226
f 3679 3171 3226
f 3627 3679 3226
f 2786 2691 3030
f 2691 2951 3030
f 3030 2951 3056
f 2400 2338 2377
f 2400 2377 2428
f 3030 3056 3132
f 2295 2225 2377
f 2295 2377 2338
f 2038 2111 2085
f 2295 2111 2225
f 1878 1967 1864
f 1864 1967 2029
f 2085 2029 2038
f 3057 3055 3104
f 2977 3027 2994
f 3027 3104 3055
f 3027 3055 2994
f 1392 1419 1519
f 2994 3068 2977
f 1242 1316 1392
f 1242 1250 1316
f 3068 3066 3077
f 3066 3143 3077
f 3077 3143 3072
f 3143 3145 3072
f 3145 3071 3072
f 1596 1267 1337
f 1596 1646 1587
f 1776 1587 1646
f 3145 3150 3071
f 2011 1783 1845
f 1776 1845 1783
f 1929 1783 2011
f 2001 1929 2011
f 2011 2070 2001
f 3150 3230 3265
f 2219 2001 2070
f 2070 2303 2219
f 2219 2134 2001
f 3346 3230 3304
f 2420 2368 2303
f 2420 2541 2368
f 3304 3316 3346
f 3346 3316 3344
f 2541 2436 2368
f 2653 2436 2642
f 2642 2436 2541
f 3316 3280 3344
f 2653 2553 2436
f 2653 2701 2553
f 3344 3280 3421
f 2701 2644 2553
f 2701 2924 2644
f 3421 3447 3455
f 3455 3447 3445
f 2924 2804 2644
f 3016 2804 2924
f 3447 3464 3445
f 3016 2906 2804
f 3078 2906 3016
f 3464 3452 3444
f 2986 2906 3078
f 3149 2986 3078
f 3444 3452 3526
f 3149 3247 2986
f 3260 2986 3247
f 3260 2941 2986
f 3173 2941 3260
f 3720 3693 3711
f 3774 3720 3711
f 3260 3352 3173
f 3711 3727 3774
f 3352 3097 3173
f 3774 3727 3772
f 3352 3263 3097
f 3097 3263 3168
f 3772 3767 3762
f 2831 3097 3168
f 2831 3168 2938
f 3168 3152 2938
f 3152 3151 2938
f 3151 2937 2938
f 3800 3840 3889
f 3151 2984 2937
f 2937 2984 2825
f 2825 2862 2743
f 2984 2936 2825
f 2936 2862 2825
f 4010 3954 4015
f 2908 2694 2862
f 2862 2694 2743
f 2908 2821 2694
f 4047 4010 4040
f 2821 2625 2694
f 4128 4047 4040
f 2821 2543 2625
f 4128 4040 4088
f 2508 2422 2543
f 2821 2649 2543
f 2649 2508 2543
f 2508 2466 2422
f 2212 2213 2289
f 2466 2289 2422
f 2537 2466 2508
f 2649 2537 2508
f 4129 4088 4091
f 2289 2385 2212
f 2385 2068 2212
f 2385 2289 2466
f 4129 4091 4100
f 2094 2068 2185
f 2068 2385 2185
f 4018 4113 4100
f 4129 4100 4113
f 4113 4018 4041
f 2596 2288 2500
f 4041 4018 3923
f 2861 2690 2773
f 2926 2861 2773
f 4041 3923 3874
f 3170 3171 2926
f 3679 3640 3171
f 2955 3056 2951
f 2428 2542 2400
f 2400 2542 2691
f 3132 3056 3139
f 3057 3132 3139
f 3139 3055 3057
f 1703 1723 1878
f 1703 1542 1661
f 2994 3055 2970
f 2994 2970 3048
f 1316 1419 1392
f 3048 3064 2994
f 2994 3064 3068
f 1242 1246 1250
f 1242 1205 1246
f 1205 1197 1246
f 1148 1205 1337
f 1337 1267 1148
f 1596 1073 1267
f 3150 3145 3214
f 1596 1586 1073
f 1596 1587 1586
f 1655 1586 1587
f 1776 1655 1587
f 3150 3214 3230
f 1782 1655 1776
f 1776 1783 1782
f 1929 1782 1783
f 3214 3217 3230
f 2001 1994 1929
f 3230 3217 3304
f 2001 2134 1994
f 2219 2067 2134
f 3304 3366 3316
f 2219 2290 2067
f 2219 2303 2290
f 2303 2368 2290
f 3366 3280 3316
f 3386 3421 3280
f 2644 2562 2553
f 3386 3461 3421
f 3421 3461 3447
f 2804 2906 2683
f 3447 3452 3464
f 3526 3452 3516
f 2906 2986 2683
f 2986 2645 2683
f 3545 3526 3516
f 3612 3545 3520
f 2986 2941 2645
f 3515 3693 3520
f 3693 3612 3520
f 3711 3693 3515
f 3711 3760 3727
f 3097 2842 2941
f 2941 3173 3097
f 3727 3760 3772
f 3097 2831 2842
f 3760 3767 3772
f 3767 3763 3762
f 2831 2938 2774
f 2938 2937 2774
f 2937 2819 2774
f 3889 3840 3904
f 2819 2825 2823
f 2819 2937 2825
f 3951 3889 3904
f 3954 3951 3947
f 2823 2825 2743
f 4015 3954 3947
f 2598 2695 2694
f 2695 2743 2694
f 4010 4015 3984
f 2598 2625 2543
f 2694 2625 2598
f 4040 4010 3984
f 2284 2422 2289
f 3946 4002 4088
f 4002 4091 4088
f 4002 3924 4091
f 4091 3924 4018
f 3924 3944 4018
f 4091 4018 4100
f 2185 2288 2211
f 2288 2298 2211
f 3802 3874 3857
f 3944 3857 3874
f 2596 2298 2288
f 2690 2298 2596
f 3786 3802 3718
f 3786 3874 3802
f 3923 3944 3874
f 4018 3944 3923
f 2960 2861 2926
f 3171 2960 2926
f 3640 2960 3171
f 3679 3718 3640
f 3679 3786 3718
f 2951 2691 2955
f 2542 2955 2691
f 2307 2111 2038
f 2225 2111 2307
f 2307 2377 2225
f 2964 3139 3056
f 2152 2038 1967
f 2038 2029 1967
f 3139 2964 3055
f 1723 1703 1661
f 1935 1878 1723
f 1878 1935 1967
f 2964 2970 3055
f 1542 1519 1661
f 1419 1316 1417
f 1246 1316 1250
f 1246 1417 1316
f 1255 1246 1197
f 3068 3064 3066
f 3143 3066 3120
f 3066 3064 3120
f 1205 1148 1197
f 3120 3128 3143
f 1089 1197 1148
f 3143 3128 3145
f 1089 1148 1030
f 1148 1267 1030
f 3054 3214 3128
f 3214 3145 3128
f 1030 1267 1073
f 1586 1520 1073
f 3217 3214 3054
f 1586 1655 1520
f 1782 1726 1655
f 1726 1520 1655
f 1929 1919 1782
f 1994 1919 1929
f 3304 3217 3366
f 2134 2067 1994
f 2067 2290 2201
f 3366 3197 3280
f 2368 2355 2290
f 2355 2201 2290
f 2355 2368 2436
f 2436 2553 2355
f 2553 2489 2355
f 2553 2562 2489
f 3386 3252 3461
f 2562 2644 2489
f 2644 2581 2489
f 2581 2644 2804
f 3252 3452 3461
f 3461 3452 3447
f 2804 2683 2581
f 3452 3426 3516
f 2581 2683 2601
f 3516 3426 3545
f 2683 2645 2601
f 3520 3545 3426
f 2601 2645 2637
f 2645 2941 2637
f 3515 3594 3711
f 3594 3760 3711
f 2637 2941 2842
f 2637 2842 2754
f 3676 3760 3594
f 2842 2831 2754
f 3760 3676 3767
f 2754 2831 2697
f 2697 2831 2751
f 2831 2774 2751
f 3800 3763 3777
f 2751 2774 2727
f 3777 3840 3800
f 2727 2774 2819
f 3840 3817 3904
f 2727 2819 2823
f 2727 2823 2599
f 3904 3817 3951
f 2634 2599 2743
f 2599 2823 2743
f 3817 3947 3951
f 2634 2743 2695
f 3817 3886 3947
f 3886 3926 3947
f 3947 3926 4015
f 2469 2634 2598
f 2634 2695 2598
f 3926 3984 4015
f 2543 2469 2598
f 3860 3926 3886
f 3926 3860 3984
f 3984 3860 4040
f 2469 2422 2284
f 2469 2543 2422
f 4040 3860 4088
f 4088 3860 3946
f 2137 2284 2213
f 2284 2289 2213
f 2137 2212 1999
f 2213 2212 2137
f 3946 3790 4002
f 1910 1999 2068
f 1999 2212 2068
f 3790 3924 4002
f 1910 2068 2094
f 3790 3802 3857
f 3790 3857 3924
f 3924 3857 3944
f 2211 1945 2185
f 2185 1945 2094
f 2298 2421 2211
f 2737 2421 2298
f 3716 3645 3718
f 3645 3640 3718
f 3716 3718 3802
f 2690 2737 2298
f 2861 2737 2690
f 3045 2861 2960
f 3045 2960 3640
f 3045 3640 3645
f 2542 2784 2955
f 2955 2784 3056
f 2428 2377 2542
f 2377 2784 2542
f 2784 2964 3056
f 1967 2020 2152
f 2307 2038 2152
f 2152 2318 2307
f 2318 2377 2307
f 2784 2782 2964
f 1935 2020 1967
f 2807 2964 2782
f 1801 1723 1661
f 1723 1801 1935
f 1801 1860 1935
f 2964 2807 2970
f 2807 2899 2970
f 1509 1661 1519
f 2970 2899 3048
f 1417 1255 1419
f 3048 2899 2903
f 3048 2903 3064
f 1417 1246 1255
f 1281 1255 1197
f 1281 1197 1240
f 3064 2980 3120
f 1089 1240 1197
f 3120 2980 3128
f 1168 1240 1089
f 3128 2980 3054
f 1074 1089 1030
f 1074 1168 1089
f 1073 1074 1030
f 1052 975 1074
f 1074 1073 1052
f 1211 1111 1073
f 1520 1211 1073
f 1111 1052 1073
f 1726 1473 1520
f 3217 3054 3070
f 3217 3070 3366
f 1426 1333 1520
f 1520 1333 1211
f 1473 1426 1520
f 1726 1782 1595
f 1919 1595 1782
f 3070 3197 3366
f 1726 1595 1473
f 1919 1994 1870
f 1994 2067 1870
f 1870 1704 1919
f 1919 1704 1595
f 3070 3146 3197
f 3146 3280 3197
f 2201 1870 2067
f 3280 3146 3137
f 3137 3386 3280
f 2201 2069 1870
f 3137 3252 3386
f 2355 2069 2201
f 2355 2489 2200
f 2200 2069 2355
f 3252 3174 3452
f 2354 2200 2489
f 2581 2354 2489
f 3174 3279 3452
f 3419 3452 3279
f 3426 3452 3419
f 2601 2354 2581
f 2354 2424 2353
f 2601 2424 2354
f 3426 3419 3531
f 3520 3426 3531
f 3531 3608 3520
f 3608 3515 3520
f 2637 2474 2601
f 3608 3594 3515
f 3551 3594 3608
f 3551 3574 3594
f 2474 2637 2564
f 2637 2754 2564
f 3676 3594 3644
f 3594 3574 3644
f 3644 3631 3676
f 2697 2564 2754
f 3629 3767 3631
f 3767 3676 3631
f 3763 3767 3629
f 2751 2727 2697
f 3777 3763 3629
f 2727 2599 2434
f 3777 3761 3840
f 3828 3840 3761
f 3817 3840 3828
f 2599 2634 2395
f 3860 3886 3828
f 3886 3817 3828
f 2395 2279 2140
f 2469 2279 2395
f 2634 2469 2395
f 2279 2138 2140
f 2284 2138 2279
f 2279 2469 2284
f 1999 1920 2138
f 2138 1920 2003
f 2138 2284 2137
f 3548 3716 3628
f 3946 3628 3790
f 3628 3716 3790
f 1504 1708 1777
f 1850 1777 1920
f 1920 1999 1850
f 1999 2138 2137
f 1910 1777 1850
f 1850 1999 1910
f 3790 3716 3802
f 1799 1584 1504
f 1777 1799 1504
f 1777 1910 1799
f 1910 1945 1799
f 1945 1910 2094
f 3371 2991 3045
f 3548 3371 3645
f 3371 3045 3645
f 3548 3645 3716
f 2363 1945 2421
f 2421 1945 2211
f 2495 2363 2421
f 2597 2495 2737
f 2737 2495 2421
f 2761 2597 2737
f 2860 2761 2861
f 2861 2761 2737
f 2991 2860 3045
f 3045 2860 2861
f 2152 2020 2151
f 2151 2318 2152
f 2401 2377 2318
f 2377 2618 2784
f 2019 2084 2020
f 2020 2084 2151
f 2784 2618 2782
f 1801 1793 1860
f 1793 1926 1860
f 1860 1926 1935
f 2020 1935 2019
f 1935 1926 2019
f 2807 2782 2618
f 1801 1661 1793
f 2807 2728 2899
f 1661 1509 1621
f 1476 1519 1419
f 1519 1476 1509
f 1476 1419 1255
f 1414 1476 1255
f 2899 2894 2903
f 1281 1353 1255
f 2809 3064 2894
f 3064 2903 2894
f 3064 2809 2980
f 2809 2820 2980
f 1240 1168 1281
f 1142 1168 1074
f 2830 2980 2820
f 3054 2980 2830
f 2830 2961 3054
f 3054 2961 3070
f 1111 1066 1052
f 1066 975 1052
f 1111 1211 1108
f 1332 1293 1333
f 1293 1211 1333
f 1426 1360 1333
f 1360 1332 1333
f 1360 1426 1473
f 1066 1111 1108
f 1211 1262 1108
f 1293 1262 1211
f 1360 1473 1363
f 1473 1516 1363
f 1516 1473 1595
f 1704 1516 1595
f 3146 2962 3137
f 1704 1870 1780
f 3252 3137 2962
f 1870 2069 1780
f 2962 2995 3252
f 3252 2995 3174
f 2069 2200 2073
f 2200 2214 2073
f 3200 3279 3174
f 2200 2354 2214
f 2353 2214 2354
f 3310 3279 3200
f 3279 3310 3419
f 2353 2184 2214
f 2353 2424 2184
f 3425 3419 3310
f 3419 3425 3531
f 2424 2330 2184
f 2424 2601 2330
f 2474 2330 2601
f 3485 3531 3425
f 3531 3485 3608
f 3485 3551 3608
f 3551 3485 3574
f 2474 2564 2365
f 3574 3485 3644
f 3485 3312 3644
f 2564 2299 2365
f 3547 3644 3312
f 3547 3631 3644
f 3631 3547 3629
f 2434 2359 2299
f 2564 2434 2299
f 2564 2697 2434
f 3654 3629 3547
f 2434 2697 2727
f 3629 3654 3777
f 3654 3706 3777
f 2364 2254 2359
f 2434 2364 2359
f 3777 3706 3761
f 2364 2181 2254
f 2434 2395 2364
f 2434 2599 2395
f 3706 3828 3761
f 2364 2395 2181
f 2395 2103 2181
f 3828 3706 3860
f 2103 2140 2026
f 2395 2140 2103
f 3706 3549 3860
f 2140 1928 2026
f 3549 3623 3860
f 1928 1778 1805
f 2003 1928 2138
f 1928 2140 2138
f 1778 1649 1805
f 1879 1778 1920
f 1778 1928 1920
f 1928 2003 1920
f 3860 3623 3946
f 1708 1589 1649
f 1778 1708 1649
f 3628 3379 3548
f 3623 3628 3946
f 1708 1477 1589
f 1589 1477 1530
f 1778 1879 1708
f 1708 1879 1920
f 3379 3273 3548
f 1708 1504 1477
f 1708 1920 1777
f 3273 2975 2991
f 3548 3273 3371
f 1504 1383 1477
f 2858 2507 2597
f 2975 2858 2991
f 3273 2991 3371
f 1504 1529 1383
f 1529 1504 1584
f 1807 1945 1957
f 2363 2287 1945
f 2287 1957 1945
f 2495 2287 2363
f 2507 2495 2597
f 2597 2761 2858
f 1799 1707 1584
f 1707 1529 1584
f 1807 1707 1799
f 1799 1945 1807
f 2860 2858 2761
f 2991 2858 2860
f 1529 1707 1609
f 2151 2084 2318
f 2084 2401 2318
f 2377 2401 2618
f 1926 2084 2019
f 1792 1926 1793
f 2728 2618 2401
f 2618 2728 2807
f 1792 1793 1661
f 1621 1792 1661
f 2899 2728 2734
f 1503 1509 1476
f 1503 1621 1509
f 2899 2734 2894
f 1414 1503 1476
f 1353 1414 1255
f 1168 1235 1281
f 1235 1353 1281
f 1142 1235 1168
f 1074 975 1088
f 1088 1142 1074
f 2830 2815 2961
f 1088 975 1138
f 975 1066 1138
f 2909 2961 2815
f 2909 3070 2961
f 1293 1332 1330
f 1360 1330 1332
f 1066 1108 976
f 1330 1329 1293
f 1329 1262 1293
f 1329 1330 1360
f 2909 3146 3070
f 1108 928 976
f 1360 1363 1329
f 2909 2962 3146
f 969 920 1108
f 1108 920 928
f 1262 1252 1108
f 1329 1252 1262
f 1329 1363 1252
f 1704 1622 1516
f 1516 1252 1363
f 1516 1622 1252
f 1622 1704 1780
f 1108 1054 969
f 1108 1252 1133
f 1108 1133 1054
f 1780 1894 1622
f 1780 2069 1894
f 2995 3069 3174
f 2069 2073 1894
f 3174 3069 3200
f 2073 2071 1894
f 2073 2214 2071
f 3127 3310 3200
f 2214 2184 2071
f 3127 3200 3069
f 3127 3158 3310
f 3310 3158 3425
f 2261 2184 2330
f 3425 3158 3212
f 3212 3485 3425
f 2261 2330 2334
f 2334 2330 2474
f 2334 2474 2365
f 3212 3312 3485
f 2299 2251 2365
f 2365 2251 2334
f 3507 3547 3312
f 2251 2299 2182
f 2359 2182 2299
f 3547 3507 3654
f 2254 2036 2182
f 2359 2254 2182
f 3654 3383 3706
f 2254 2181 2036
f 2181 2103 2036
f 2036 2026 1872
f 2103 2026 2036
f 1928 1804 1872
f 2026 1928 1872
f 3383 3534 3706
f 3534 3382 3549
f 3534 3549 3706
f 1804 1805 1571
f 1805 1649 1571
f 1804 1928 1805
f 1589 1425 1571
f 1649 1589 1571
f 3382 3186 3379
f 3382 3379 3549
f 1589 1530 1425
f 3186 3035 3379
f 3549 3379 3628
f 3623 3549 3628
f 1530 1477 1425
f 2798 2433 2507
f 3035 3273 3379
f 1247 1251 1300
f 1477 1247 1300
f 1425 1477 1300
f 2495 2433 2320
f 2433 2495 2507
f 2798 2858 2975
f 3035 2975 3273
f 1383 1247 1477
f 1809 1957 2007
f 2287 2007 1957
f 2320 2287 2495
f 2798 2507 2858
f 1383 1323 1247
f 1382 1383 1529
f 1743 1807 1809
f 1957 1809 1807
f 1707 1807 1743
f 1382 1529 1321
f 1529 1444 1321
f 1444 1529 1609
f 1743 1609 1707
f 1609 1593 1444
f 2028 2084 1926
f 2084 2028 2401
f 2028 2517 2401
f 1768 2028 1792
f 2028 1926 1792
f 1768 1792 1721
f 2517 2728 2401
f 2735 2728 2517
f 1721 1792 1636
f 1792 1621 1636
f 2734 2728 2735
f 1621 1561 1636
f 1561 1621 1457
f 1457 1621 1503
f 2734 2733 2894
f 1414 1350 1457
f 1457 1503 1414
f 2733 2732 2894
f 1350 1414 1353
f 2809 2894 2732
f 2968 2820 2809
f 1241 1353 1235
f 1193 1235 1142
f 2820 2968 2830
f 2965 2830 2968
f 3051 2815 2965
f 2965 2815 2830
f 1138 1142 1088
f 1138 1193 1142
f 2909 2815 3051
f 1034 1066 976
f 1034 1138 1066
f 1034 976 928
f 3129 2962 3051
f 2962 2909 3051
f 920 972 928
f 972 1034 928
f 2962 3129 2995
f 969 925 972
f 969 972 920
f 1294 1133 1252
f 1622 1294 1252
f 3129 3142 2995
f 925 969 945
f 969 1054 945
f 3142 3069 2995
f 945 882 925
f 1054 882 945
f 1894 1294 1622
f 1054 944 882
f 1068 944 1054
f 1133 1068 1054
f 1294 1068 1133
f 882 944 837
f 3158 3127 3142
f 3142 3127 3069
f 1068 837 944
f 2071 2184 2261
f 1068 744 837
f 2261 1894 2071
f 1894 2334 1294
f 2334 1136 1294
f 1294 1136 1068
f 2261 2334 1894
f 1068 755 744
f 1136 755 1068
f 1681 1136 2334
f 2251 1966 2334
f 1966 1681 2334
f 2182 1966 2251
f 2182 2036 1966
f 1136 881 755
f 3507 3115 3383
f 3507 3383 3654
f 1872 1681 1966
f 929 881 1136
f 2036 1872 1966
f 1136 984 929
f 1681 1326 1136
f 1571 1326 1681
f 1804 1571 1681
f 1872 1804 1681
f 3383 3094 3534
f 3094 3186 3534
f 1571 1425 1326
f 3094 2953 3035
f 3094 3035 3186
f 3534 3186 3382
f 1028 984 1136
f 1326 1028 1136
f 2614 2798 2953
f 2953 2798 3035
f 3035 2798 2975
f 1084 1028 1326
f 1300 1084 1326
f 1425 1300 1326
f 2798 2614 2433
f 2168 2320 2245
f 1300 1251 1084
f 2287 2168 2007
f 2168 2093 2007
f 2320 2168 2287
f 1204 1084 1251
f 1251 1247 1204
f 1743 1809 2007
f 1247 1323 1204
f 1323 1383 1382
f 1382 1257 1323
f 1740 1609 1743
f 1742 1740 1743
f 1593 1610 1444
f 1593 1609 1740
f 1593 1740 1610
f 1954 2028 1768
f 1954 2018 2028
f 2018 2025 2028
f 2025 2628 2028
f 2028 2628 2517
f 1791 1768 1721
f 1791 1825 1768
f 1825 1954 1768
f 2735 2517 2628
f 1561 1721 1636
f 1541 1561 1457
f 1457 1350 1465
f 1465 1541 1457
f 2817 2732 2733
f 1304 1465 1350
f 2817 2809 2732
f 1353 1304 1350
f 1353 1241 1304
f 1241 1233 1304
f 2809 2813 2968
f 1235 1238 1241
f 1241 1238 1233
f 2968 2989 2965
f 1235 1193 1238
f 1193 1213 1238
f 2989 2982 2965
f 3051 2965 3059
f 2965 2982 3059
f 1138 1034 1183
f 1193 1138 1183
f 3059 3063 3051
f 1038 1109 1034
f 3051 3063 3129
f 1034 972 1038
f 1033 972 925
f 1033 1147 972
f 982 925 882
f 982 882 943
f 882 837 943
f 887 943 837
f 837 744 887
f 832 887 744
f 3158 2901 3212
f 3312 3212 2901
f 744 755 832
f 832 755 922
f 3312 3118 3507
f 3202 3507 3118
f 922 755 840
f 3507 3202 3115
f 3202 3096 3115
f 840 755 881
f 840 881 888
f 978 888 881
f 978 881 926
f 3115 3119 3383
f 881 929 926
f 2953 3119 2932
f 3094 3119 2953
f 3119 3094 3383
f 2714 2614 2953
f 984 1028 971
f 1028 1020 971
f 2320 2433 2360
f 2614 2360 2433
f 1023 1028 1084
f 2007 2093 2030
f 1084 1204 1017
f 1743 2007 2030
f 1257 1151 1323
f 1323 1151 1204
f 1743 1811 1742
f 1257 1382 1156
f 1382 1321 1156
f 1156 1321 1325
f 1321 1444 1325
f 1740 1671 1610
f 1444 1427 1325
f 1610 1554 1444
f 1554 1427 1444
f 2005 1954 1825
f 2005 2025 1954
f 2025 2018 1954
f 2025 2528 2628
f 2628 2528 2735
f 1721 1720 1791
f 1721 1561 1720
f 1791 1720 1825
f 2528 2632 2735
f 2632 2726 2735
f 2734 2735 2726
f 1541 1720 1561
f 2734 2726 2733
f 1716 1720 1541
f 1465 1599 1541
f 1599 1716 1541
f 1475 1599 1465
f 1475 1465 1304
f 1404 1475 1304
f 2817 2813 2809
f 1304 1233 1404
f 2968 2813 2910
f 1404 1233 1366
f 1238 1375 1233
f 1375 1366 1233
f 2968 2910 2920
f 2968 2920 2989
f 1193 1203 1213
f 1213 1203 1238
f 1193 1183 1203
f 1034 1185 1183
f 3059 2982 3063
f 2982 2898 3063
f 1185 1034 1202
f 1034 1109 1202
f 1038 972 1147
f 3063 3142 3129
f 1033 925 1085
f 3063 2892 3142
f 925 982 1085
f 2892 2901 3142
f 3142 2901 3158
f 943 887 1045
f 982 943 1045
f 832 1045 887
f 3312 2901 2940
f 832 922 1045
f 3312 2940 3118
f 3118 2940 3096
f 3096 3202 3118
f 922 840 886
f 2940 2939 3096
f 886 840 888
f 2863 3096 2939
f 886 888 919
f 3096 2863 2957
f 3096 2957 3115
f 919 888 978
f 978 926 1018
f 2863 2803 2932
f 2863 2932 2957
f 2957 2932 3115
f 3115 2932 3119
f 1018 926 968
f 926 929 968
f 2696 2626 2714
f 2696 2714 2803
f 2803 2714 2932
f 968 929 971
f 929 984 971
f 2626 2614 2714
f 2932 2714 2953
f 2626 2360 2614
f 2008 2245 2139
f 2320 2207 2245
f 2207 2139 2245
f 2320 2360 2207
f 1023 1019 1028
f 2245 2008 2168
f 2008 2093 2168
f 2093 2008 2030
f 1084 1017 1023
f 1743 2030 1811
f 1017 1204 1151
f 1742 1737 1740
f 1151 1257 1076
f 1257 1156 1076
f 1671 1740 1737
f 1610 1671 1554
f 1325 1427 1398
f 1398 1427 1442
f 1449 1442 1427
f 1554 1449 1427
f 2005 2147 2025
f 2147 2462 2025
f 2025 2462 2528
f 2632 2528 2462
f 1772 1720 1716
f 1720 1772 1825
f 1772 2005 1825
f 2733 2726 2818
f 2818 2726 2632
f 1599 1772 1716
f 2817 2733 2818
f 1597 1772 1599
f 1597 1599 1475
f 2818 2813 2817
f 1369 1597 1404
f 1597 1475 1404
f 1366 1369 1404
f 2813 2816 2910
f 1369 1366 1375
f 2910 2816 2920
f 2898 2920 2816
f 2989 2920 2898
f 1375 1238 1203
f 2989 2898 2982
f 1183 1249 1203
f 1249 1375 1203
f 1185 1249 1183
f 1147 1109 1038
f 1147 1202 1109
f 3063 2898 2892
f 1147 1033 1145
f 1033 1085 1141
f 1033 1141 1145
f 982 1045 1085
f 1085 1045 1082
f 1045 922 1082
f 2901 2885 2940
f 922 886 1082
f 2940 2885 2939
f 886 919 1031
f 1031 1082 886
f 2622 2863 2885
f 2885 2863 2939
f 1031 919 978
f 2460 2696 2622
f 1031 978 1018
f 2622 2696 2863
f 2863 2696 2803
f 2460 2360 2626
f 2460 2626 2696
f 968 971 1020
f 2460 2207 2360
f 2207 2164 2139
f 1028 1019 1020
f 1877 2030 2008
f 1023 1017 1019
f 1812 1811 1927
f 1811 2030 1927
f 1555 1811 1812
f 1811 1555 1742
f 1017 1151 1076
f 1076 1156 1064
f 1671 1742 1559
f 1737 1742 1671
f 1064 1156 1122
f 1156 1325 1122
f 1554 1671 1560
f 1671 1559 1560
f 1325 1275 1122
f 1275 1325 1398
f 1560 1449 1554
f 1442 1449 1398
f 2147 2305 2462
f 2147 2005 2148
f 2005 2079 2148
f 2630 2632 2462
f 2005 1856 2079
f 2632 2630 2724
f 2005 1772 1856
f 2877 2818 2632
f 1597 1523 1772
f 2818 2877 2813
f 1597 1416 1523
f 1597 1369 1416
f 1369 1399 1416
f 1375 1368 1369
f 1369 1368 1399
f 1375 1249 1368
f 1249 1239 1368
f 1249 1185 1239
f 1185 1202 1239
f 2898 2973 2892
f 1147 1160 1202
f 1147 1145 1160
f 1141 1097 1145
f 2892 2893 2901
f 1086 1097 1085
f 1097 1141 1085
f 2893 2832 2901
f 1082 1086 1085
f 2730 2901 2832
f 2805 2811 2901
f 2901 2811 2885
f 2811 2600 2885
f 2885 2600 2525
f 1031 1029 1082
f 2525 2534 2885
f 2885 2534 2622
f 2622 2379 2384
f 2622 2384 2460
f 1018 1029 1031
f 2164 2460 2384
f 968 1032 1018
f 1018 1032 1029
f 2460 2164 2207
f 1020 1032 968
f 2008 2139 2164
f 1877 2008 2164
f 1877 1810 2030
f 1927 2030 1810
f 1810 1812 1927
f 1017 1015 1019
f 1015 1017 1012
f 1012 1017 1076
f 1012 1064 1016
f 1012 1076 1064
f 1064 1122 1016
f 1155 1122 1275
f 1275 1091 1155
f 1449 1560 1379
f 1275 1398 1324
f 1324 1398 1449
f 2283 2631 2305
f 2305 2631 2462
f 2147 2148 2283
f 2283 2148 2079
f 2305 2147 2283
f 2462 2631 2630
f 1856 1932 2079
f 2630 2814 2724
f 2814 2632 2724
f 2814 2877 2632
f 1521 1856 1772
f 2877 2814 2889
f 1521 1772 1523
f 2889 2891 2877
f 2877 2891 2813
f 1523 1416 1463
f 1521 1523 1463
f 2891 2967 2813
f 2813 2967 2816
f 2967 2898 2816
f 2966 2898 2967
f 1305 1368 1239
f 1368 1305 1367
f 2898 2966 2973
f 2966 2976 2973
f 1202 1243 1239
f 1243 1305 1239
f 1191 1202 1160
f 1191 1243 1202
f 2976 2990 2973
f 2990 2974 2973
f 1145 1146 1160
f 1160 1146 1191
f 2973 2974 2892
f 2892 2974 2902
f 1097 1083 1145
f 2892 2902 2893
f 1097 1086 1083
f 2893 2738 2832
f 1082 1081 1086
f 2730 2805 2901
f 2627 2811 2805
f 2435 2600 2627
f 2811 2627 2600
f 1082 1080 1081
f 2382 2600 2435
f 2600 2382 2525
f 1082 1029 1080
f 1029 1069 1080
f 2173 2379 2382
f 2382 2379 2525
f 2525 2379 2534
f 2534 2379 2622
f 2173 2172 2379
f 2379 2172 2164
f 2379 2164 2384
f 2062 2164 2172
f 1029 1032 1069
f 1069 1032 1070
f 2062 1964 2164
f 1813 1877 1961
f 1964 1961 1877
f 1964 1877 2164
f 1037 1070 1032
f 1020 1037 1032
f 1813 1741 1877
f 1741 1810 1877
f 1020 1019 1037
f 1741 1676 1810
f 1676 1812 1810
f 1676 1555 1812
f 1555 1491 1742
f 1016 1014 1012
f 1012 1014 1015
f 1559 1742 1563
f 1036 1016 1122
f 1345 1560 1447
f 1560 1559 1447
f 1122 1155 1036
f 1275 1261 1091
f 1261 1275 1324
f 1449 1379 1324
f 2716 2631 2529
f 2283 2112 2296
f 2444 2283 2296
f 2631 2444 2529
f 2888 2631 2716
f 2283 2150 2112
f 2283 2444 2631
f 2883 2631 2888
f 2150 2283 2079
f 2631 2883 2630
f 2055 2079 1981
f 2055 2150 2079
f 2814 2630 2883
f 2958 2814 2883
f 1981 2079 1932
f 2814 2958 2952
f 2889 2952 3178
f 1521 1846 1856
f 2952 2889 2814
f 3178 3229 2889
f 3049 2889 3229
f 3049 2891 2889
f 1521 1463 1526
f 3049 2967 2891
f 1399 1552 1416
f 1399 1368 1552
f 2967 3021 2966
f 1368 1367 1371
f 3021 3075 2966
f 1367 1305 1371
f 1305 1314 1371
f 2966 2972 2976
f 1243 1244 1305
f 2972 2969 2976
f 2969 2988 2976
f 1191 1192 1243
f 2988 2971 2976
f 2976 2971 2990
f 2990 2971 2974
f 1191 1146 1192
f 2971 2806 2974
f 2902 2974 2806
f 2738 2893 2902
f 1086 1087 1083
f 1024 1087 1086
f 2738 2764 2832
f 2535 2730 2764
f 2832 2764 2730
f 2535 2615 2730
f 1024 1086 1081
f 2730 2615 2805
f 2615 2526 2805
f 2526 2627 2805
f 2378 2435 2526
f 2526 2435 2627
f 1008 1069 970
f 2378 2382 2435
f 1080 1069 1008
f 1008 1081 1080
f 2210 2382 2378
f 2210 2173 2382
f 2062 2172 2033
f 2173 2033 2172
f 1964 2062 1961
f 1070 977 1069
f 1069 977 970
f 1070 1037 977
f 1813 1961 1880
f 1741 1813 1648
f 1813 1668 1648
f 1037 1019 923
f 1676 1741 1674
f 1741 1648 1674
f 1551 1676 1674
f 1676 1551 1555
f 1015 923 1019
f 1742 1491 1563
f 1015 1014 923
f 1401 1559 1563
f 1014 1016 921
f 1559 1401 1447
f 1345 1349 1560
f 1002 1036 1155
f 1274 1379 1349
f 1560 1349 1379
f 1274 1279 1379
f 1002 1155 1091
f 1100 1261 1206
f 1324 1279 1261
f 1279 1206 1261
f 1324 1379 1279
f 1100 1002 1091
f 1261 1100 1091
f 2533 2529 2372
f 2716 2529 2533
f 2688 2716 2533
f 2785 2716 2688
f 2888 2716 2828
f 2828 2716 2785
f 2888 2828 3046
f 2529 2296 2372
f 2296 2529 2444
f 3195 2888 3046
f 2888 3195 2883
f 3195 2958 2883
f 1846 1932 1856
f 1521 1698 1846
f 3229 3177 3049
f 1689 1521 1526
f 1689 1698 1521
f 3177 3175 3049
f 1526 1463 1416
f 1416 1629 1526
f 1629 1689 1526
f 3049 3175 2967
f 1552 1629 1416
f 2967 3175 3021
f 3175 3123 3021
f 3021 3123 3075
f 1469 1368 1371
f 1469 1552 1368
f 3123 2972 3075
f 1381 1371 1314
f 1371 1381 1469
f 2966 3075 2972
f 1305 1244 1314
f 1243 1192 1244
f 1192 1307 1244
f 2971 2969 2864
f 2969 2886 2864
f 2988 2969 2971
f 2971 2864 2806
f 2736 2902 2806
f 1145 1083 1146
f 2640 2738 2736
f 2738 2902 2736
f 2738 2640 2698
f 2698 2535 2764
f 2738 2698 2764
f 2535 2464 2615
f 932 1024 1081
f 2615 2464 2470
f 2615 2470 2526
f 2470 2429 2526
f 2526 2429 2378
f 2241 2378 2429
f 2097 2210 2241
f 2241 2210 2378
f 1008 970 931
f 2097 2173 2210
f 2031 2033 2173
f 1962 1960 2062
f 1962 2062 2033
f 931 970 885
f 970 870 885
f 2062 1960 1961
f 977 870 970
f 977 1037 870
f 1961 1775 1880
f 1668 1813 1775
f 1880 1775 1813
f 870 1037 923
f 923 873 870
f 1648 1548 1674
f 1548 1551 1674
f 1491 1428 1563
f 923 1014 829
f 1428 1401 1563
f 829 1014 921
f 921 1016 918
f 918 1016 939
f 1016 1036 939
f 939 1036 938
f 938 1036 1002
f 1279 1217 1206
f 2688 2588 2791
f 2688 2533 2588
f 2887 2688 2791
f 2785 2887 3052
f 2785 2688 2887
f 2828 2785 3052
f 3204 2828 3052
f 2296 2193 2282
f 2372 2296 2282
f 3046 2828 3204
f 3204 3195 3046
f 2193 2296 2112
f 2150 2122 2112
f 2150 2055 2122
f 2958 3195 3453
f 2055 2051 2122
f 2055 1981 2051
f 1981 1982 2051
f 2958 3453 2952
f 3396 2952 3523
f 3523 2952 3453
f 1932 1985 1981
f 1981 1985 1982
f 3377 3178 3396
f 3178 2952 3396
f 1932 1846 1985
f 3377 3357 3178
f 1831 1985 1846
f 3178 3424 3229
f 3178 3357 3424
f 1846 1698 1831
f 3424 3342 3229
f 1762 1831 1698
f 3177 3229 3342
f 1698 1689 1762
f 1578 1629 1552
f 3175 3141 3123
f 1578 1552 1576
f 3123 3141 3076
f 1469 1576 1552
f 3076 2972 3123
f 1244 1381 1314
f 2886 2969 2985
f 2972 2985 2969
f 1308 1381 1244
f 1308 1244 1307
f 2864 2886 2725
f 1192 1190 1307
f 2864 2725 2806
f 2725 2635 2806
f 1190 1192 1146
f 2806 2635 2736
f 2635 2540 2736
f 1150 1146 1083
f 1150 1190 1146
f 2540 2538 2736
f 2736 2538 2640
f 2538 2463 2640
f 1087 1150 1083
f 2463 2535 2640
f 2640 2535 2698
f 1024 1025 1087
f 2463 2388 2535
f 2388 2464 2535
f 1024 932 1025
f 2388 2175 2429
f 2388 2429 2464
f 2464 2429 2470
f 932 1081 879
f 879 1081 1008
f 2175 2141 2241
f 2175 2241 2429
f 2141 1911 2097
f 2141 2097 2241
f 1911 2031 2097
f 848 1008 931
f 2097 2031 2173
f 1851 2033 2031
f 2033 1851 1962
f 1851 1738 1962
f 1962 1738 1960
f 1738 1670 1960
f 810 870 838
f 810 885 870
f 1670 1775 1961
f 1670 1961 1960
f 1650 1668 1775
f 838 870 800
f 1548 1648 1668
f 1430 1551 1548
f 800 870 835
f 870 873 835
f 1430 1451 1551
f 1451 1429 1551
f 873 923 835
f 1551 1429 1491
f 1551 1491 1555
f 835 923 808
f 923 829 808
f 1412 1428 1491
f 1428 1287 1401
f 1287 1286 1401
f 1401 1286 1447
f 875 829 921
f 1286 1228 1345
f 1286 1345 1447
f 875 921 918
f 1345 1228 1349
f 875 918 890
f 875 890 872
f 918 939 890
f 1228 1217 1274
f 1228 1274 1349
f 1274 1217 1279
f 940 890 938
f 890 939 938
f 1206 1116 1121
f 1206 1217 1116
f 940 938 1002
f 1121 1043 1100
f 1121 1100 1206
f 1043 940 1002
f 1002 1100 1043
f 2557 2608 2854
f 3073 2557 2854
f 3073 2887 2557
f 2791 2557 2887
f 3073 3203 3414
f 2557 2588 2499
f 2588 2557 2791
f 3052 2887 3073
f 3414 3052 3073
f 2588 2352 2499
f 3242 3052 3414
f 2352 2372 2267
f 2372 2352 2533
f 2352 2588 2533
f 2267 2372 2282
f 3448 3204 3242
f 3204 3052 3242
f 2187 2282 2193
f 3453 3204 3448
f 3204 3453 3195
f 1902 2122 2051
f 1902 2051 1982
f 3535 3396 3523
f 1982 1985 1843
f 3396 3535 3377
f 1843 1985 1831
f 3357 3377 3424
f 1763 1839 1831
f 3424 3262 3342
f 1763 1831 1762
f 3282 3177 3342
f 3177 3282 3175
f 3175 3282 3130
f 1578 1579 1629
f 3175 3130 3141
f 1576 1508 1578
f 2972 3076 2979
f 2972 2979 2985
f 2886 2985 2979
f 2725 2886 2979
f 1308 1307 1190
f 2635 2725 2639
f 1308 1190 1079
f 2540 2635 2575
f 1190 1150 1079
f 1150 1090 1079
f 2575 2538 2540
f 1087 1025 1090
f 1090 1150 1087
f 2388 2463 2396
f 2463 2381 2396
f 2388 2396 2381
f 2246 2388 2381
f 932 879 880
f 2092 2175 2246
f 2175 2388 2246
f 879 1008 834
f 2175 2092 2141
f 1008 848 834
f 1956 1911 2092
f 1911 2141 2092
f 1887 1911 1956
f 836 834 848
f 1911 1887 2031
f 1887 1851 2031
f 1736 1851 1887
f 848 931 805
f 1851 1736 1738
f 885 810 805
f 805 931 885
f 810 838 753
f 1670 1675 1775
f 1675 1650 1775
f 1650 1478 1668
f 760 838 800
f 1478 1430 1548
f 1478 1548 1668
f 800 702 760
f 800 835 702
f 1384 1429 1451
f 702 835 704
f 704 835 808
f 1429 1384 1491
f 1384 1288 1491
f 1412 1491 1288
f 1412 1288 1428
f 1282 1287 1288
f 1287 1428 1288
f 574 808 767
f 829 767 808
f 1225 1286 1282
f 1287 1282 1286
f 767 829 875
f 1228 1286 1225
f 807 700 875
f 875 700 767
f 872 807 875
f 1116 1217 1225
f 1217 1228 1225
f 872 762 807
f 857 766 872
f 872 766 762
f 872 890 857
f 890 891 857
f 891 890 940
f 1043 1059 990
f 1121 1059 1043
f 940 1043 891
f 891 1043 990
f 4121 3776 3781
f 4130 4080 4121
f 4121 3539 3568
f 3776 4121 3568
f 3539 3161 3568
f 4121 4009 3539
f 4121 4080 4009
f 3953 3539 4009
f 3539 3011 3161
f 2580 2678 2829
f 3011 3203 2829
f 3539 3203 3011
f 3953 3815 3539
f 3890 3815 3953
f 3203 3073 2829
f 2854 2580 2829
f 3073 2854 2829
f 3815 3203 3539
f 2854 2490 2580
f 2854 2608 2490
f 3738 3203 3815
f 3811 3738 3815
f 2557 2345 2608
f 2345 2557 2499
f 3738 3414 3203
f 2345 2499 2373
f 3739 3414 3738
f 2349 2373 2352
f 2373 2499 2352
f 3739 3563 3414
f 2352 2267 2349
f 3563 3242 3414
f 3448 3242 3563
f 3448 3563 3453
f 3563 3655 3453
f 3671 3655 3563
f 3453 3655 3523
f 3377 3440 3424
f 3424 3440 3262
f 1762 1773 1763
f 3262 3282 3342
f 1629 1579 1689
f 1578 1574 1579
f 3130 3138 3141
f 3141 3138 3050
f 1578 1508 1574
f 3076 3141 3062
f 3141 3050 3062
f 1576 1527 1508
f 1576 1469 1527
f 2722 3076 3062
f 3076 2722 2979
f 1381 1315 1376
f 1381 1308 1315
f 1308 1186 1258
f 2725 2979 2742
f 2979 2775 2742
f 1308 1079 1186
f 2725 2742 2639
f 2639 2666 2635
f 2575 2635 2666
f 1079 1090 1067
f 2575 2463 2538
f 2381 2463 2575
f 2118 2246 2381
f 935 932 880
f 935 1025 932
f 2009 2246 2118
f 2246 2009 2092
f 1956 2092 2009
f 1652 1887 1871
f 1871 1887 1956
f 764 836 717
f 836 848 717
f 1652 1666 1736
f 1652 1736 1887
f 1666 1614 1736
f 708 717 805
f 717 848 805
f 1736 1614 1651
f 1614 1556 1651
f 708 805 746
f 805 810 746
f 1556 1493 1651
f 1736 1651 1738
f 1651 1493 1670
f 1651 1670 1738
f 671 746 753
f 746 810 753
f 1670 1493 1531
f 1493 1492 1531
f 1670 1531 1675
f 671 753 709
f 1450 1531 1492
f 753 838 709
f 1531 1450 1478
f 1531 1478 1650
f 1531 1650 1675
f 709 760 627
f 709 838 760
f 1408 1430 1450
f 1450 1430 1478
f 760 613 627
f 702 613 760
f 1430 1384 1451
f 1384 1285 1288
f 702 704 666
f 666 704 808
f 666 808 574
f 1162 1282 1288
f 574 700 600
f 767 700 574
f 1282 1101 1225
f 1063 1116 1225
f 600 700 653
f 700 807 653
f 762 653 807
f 1004 1121 1116
f 762 616 653
f 891 990 1004
f 1121 1004 1059
f 1004 990 1059
f 857 856 766
f 856 857 891
f 715 616 762
f 763 715 766
f 766 715 762
f 766 856 763
f 4136 4160 4196
f 4196 4193 4136
f 3858 4068 4108
f 4033 3858 4108
f 3776 3564 3781
f 3781 3858 4121
f 3858 4033 4121
f 4033 4157 4121
f 4121 4144 4130
f 3568 3401 3564
f 3564 3776 3568
f 4144 4143 4130
f 4130 4143 4145
f 4130 4145 4080
f 3568 3161 3401
f 3161 2922 3116
f 4009 4080 4137
f 4080 4145 4137
f 3011 2829 2922
f 2922 3161 3011
f 2829 2677 2922
f 2829 2711 2677
f 3953 4009 4017
f 2711 2829 2678
f 2678 2586 2583
f 3953 4017 3890
f 2678 2580 2586
f 2586 2580 2491
f 2491 2490 2416
f 2491 2580 2490
f 3815 3884 3811
f 2416 2490 2374
f 2490 2608 2374
f 2374 2608 2345
f 3807 3738 3811
f 3807 3811 3884
f 2373 2349 2274
f 3738 3807 3739
f 3739 3807 3814
f 2267 2274 2349
f 3759 3563 3739
f 3814 3759 3739
f 3759 3745 3563
f 3563 3745 3671
f 2193 2186 2187
f 3753 3655 3671
f 2193 2112 2186
f 3535 3523 3663
f 1982 1900 1902
f 1902 1900 1901
f 1982 1843 1900
f 1843 1873 1900
f 1831 1839 1843
f 1843 1839 1873
f 3509 3440 3377
f 1763 1773 1839
f 3437 3262 3440
f 3509 3437 3440
f 1762 1705 1773
f 3262 3437 3282
f 1762 1689 1705
f 1579 1688 1689
f 3130 3282 3131
f 3131 3138 3130
f 1579 1574 1566
f 1508 1527 1574
f 1381 1376 1469
f 2722 2776 2979
f 2775 2776 2700
f 2776 2613 2700
f 2775 2979 2776
f 2613 2742 2700
f 2775 2700 2742
f 1186 1079 1164
f 2742 2544 2559
f 2742 2559 2639
f 1079 1106 1164
f 2639 2559 2666
f 1079 1067 1106
f 2559 2478 2575
f 2666 2559 2575
f 2478 2203 2575
f 1090 1025 1035
f 2575 2203 2381
f 2163 2118 2203
f 2381 2203 2118
f 1871 2009 1852
f 1735 1871 1852
f 1871 1956 2009
f 1735 1652 1871
f 836 764 834
f 1614 1494 1556
f 657 708 746
f 1556 1453 1493
f 746 671 657
f 1450 1492 1405
f 1493 1405 1492
f 709 628 671
f 709 627 628
f 1408 1450 1327
f 553 627 580
f 1408 1327 1430
f 1327 1342 1430
f 627 613 580
f 1221 1384 1342
f 1384 1430 1342
f 1221 1278 1384
f 1177 1285 1278
f 1285 1384 1278
f 1285 1177 1288
f 1177 1219 1288
f 702 666 613
f 666 574 613
f 1162 1288 1219
f 1162 1171 1282
f 1101 1282 1171
f 600 528 574
f 1101 1119 1225
f 1063 1225 1119
f 1063 914 1116
f 1116 914 1004
f 891 1004 954
f 891 954 860
f 653 477 600
f 653 616 477
f 860 856 891
f 670 477 616
f 616 715 670
f 670 578 579
f 670 579 477
f 4163 4160 4117
f 4163 4181 4160
f 3977 4117 4136
f 4117 4160 4136
f 4196 4160 4181
f 4136 4068 3977
f 4196 4181 4195
f 4108 4068 4136
f 4136 4159 4108
f 4159 4136 4193
f 4194 4196 4195
f 4068 3858 3977
f 4108 4159 4107
f 4159 4193 4194
f 4196 4194 4193
f 3781 3621 3713
f 3781 3713 3858
f 4033 4108 4107
f 4158 4107 4180
f 4107 4157 4033
f 4157 4107 4158
f 4171 4157 4180
f 4180 4157 4158
f 3621 3564 3489
f 3621 3781 3564
f 4121 4157 4144
f 4157 4171 4144
f 3401 3274 3489
f 3564 3401 3489
f 4144 4145 4143
f 3161 3006 3274
f 3401 3161 3274
f 3116 2844 3006
f 3116 3006 3161
f 2922 2838 2844
f 2844 3116 2922
f 2838 2922 2677
f 4137 4125 4009
f 4087 4017 4009
f 4009 4125 4087
f 2583 2711 2678
f 4087 4089 4017
f 2586 2556 2583
f 2586 2491 2556
f 2491 2483 2556
f 3815 3955 3884
f 3955 3903 3884
f 2374 2345 2265
f 2373 2271 2345
f 2271 2373 2274
f 3839 3814 3807
f 2282 2273 2267
f 2267 2273 2274
f 2282 2187 2273
f 3671 3745 3677
f 3671 3677 3753
f 2122 1902 2123
f 2122 2123 2112
f 3751 3523 3655
f 3753 3751 3655
f 1902 1901 2123
f 3751 3663 3523
f 2053 1901 1900
f 1972 1900 1873
f 3651 3377 3535
f 3663 3651 3535
f 1839 1972 1873
f 3651 3509 3377
f 1840 1839 1773
f 3282 3437 3284
f 1689 1688 1705
f 3282 3284 3131
f 1688 1579 1566
f 3131 3148 3138
f 2956 3050 3004
f 3004 3050 3148
f 3050 3138 3148
f 3050 2956 3062
f 2722 3062 2956
f 1469 1418 1527
f 1469 1376 1418
f 2722 2613 2776
f 1376 1506 1418
f 2613 2539 2742
f 2539 2544 2742
f 1308 1258 1315
f 1258 1374 1315
f 2539 2366 2544
f 2215 2397 2366
f 2544 2366 2397
f 2544 2397 2559
f 2559 2397 2478
f 1106 1067 1104
f 1170 1164 1106
f 1170 1186 1164
f 2397 2215 2478
f 1090 1077 1067
f 1067 1077 1104
f 2142 2072 2163
f 2142 2163 2215
f 2478 2215 2203
f 1090 1035 1077
f 1779 2010 2072
f 2072 2010 2163
f 2203 2215 2163
f 1025 935 1035
f 2163 2010 2118
f 935 884 1035
f 2010 1779 2009
f 1779 1852 2009
f 2010 2009 2118
f 935 880 884
f 1779 1669 1852
f 1852 1669 1735
f 879 883 880
f 1456 1735 1669
f 879 834 883
f 1456 1532 1735
f 834 764 883
f 1735 1532 1652
f 1532 1494 1652
f 1652 1494 1666
f 710 764 717
f 1494 1614 1666
f 1453 1556 1494
f 708 610 717
f 610 657 575
f 610 708 657
f 575 657 623
f 1453 1405 1493
f 657 671 623
f 1227 1450 1405
f 623 628 561
f 628 588 561
f 623 671 628
f 1227 1348 1450
f 588 627 518
f 588 628 627
f 1450 1348 1327
f 518 553 476
f 518 627 553
f 476 553 514
f 553 580 514
f 613 574 531
f 531 574 528
f 361 528 478
f 1119 1044 1063
f 1063 1044 914
f 478 528 507
f 528 600 507
f 507 432 478
f 600 359 507
f 600 477 359
f 763 787 715
f 787 670 715
f 731 578 670
f 670 787 731
f 578 492 579
f 579 492 477
f 597 492 578
f 4117 4162 4163
f 4163 4162 4181
f 3977 4070 4117
f 4162 4169 4181
f 4181 4169 4195
f 3943 3858 3713
f 3858 3943 3977
f 4159 4194 4195
f 4159 4169 4180
f 4159 4195 4169
f 4159 4180 4107
f 3637 3621 3544
f 3637 3713 3621
f 3544 3489 3482
f 3544 3621 3489
f 3489 3274 3293
f 3482 3489 3293
f 3274 3006 3003
f 4178 4135 4144
f 4144 4135 4145
f 2844 2841 3006
f 2844 2838 2841
f 4135 4138 4145
f 4138 4137 4145
f 2667 2838 2677
f 2711 2667 2677
f 2711 2583 2667
f 4048 3890 4017
f 4089 4048 4017
f 2491 2416 2483
f 2416 2408 2483
f 4048 3815 3890
f 2416 2358 2408
f 3815 4048 3955
f 4048 3969 3955
f 2358 2416 2272
f 2416 2374 2272
f 2272 2374 2265
f 3955 3969 3903
f 2265 2345 2272
f 2345 2351 2272
f 2345 2271 2351
f 3884 3903 3838
f 3838 3839 3884
f 3884 3839 3807
f 2274 2273 2271
f 3839 3816 3814
f 3814 3816 3759
f 3753 3677 3742
f 2112 2123 2186
f 3753 3742 3751
f 2110 2123 1901
f 2053 2110 1901
f 2053 1900 1980
f 1980 1900 1972
f 3509 3558 3500
f 3651 3558 3509
f 1972 1839 1840
f 3437 3509 3423
f 3509 3500 3423
f 1755 1773 1705
f 1755 1840 1773
f 3437 3423 3284
f 1705 1688 1755
f 3176 3131 3284
f 1635 1755 1688
f 3004 3131 3176
f 1635 1688 1566
f 3131 3004 3148
f 1566 1574 1635
f 2956 3004 2849
f 1577 1574 1527
f 1577 1635 1574
f 2723 2511 2619
f 2723 2722 2956
f 1506 1527 1418
f 1506 1577 1527
f 2723 2619 2722
f 2619 2511 2539
f 2619 2539 2613
f 2722 2619 2613
f 2539 2242 2366
f 1315 1374 1376
f 1374 1506 1376
f 1186 1248 1258
f 1248 1374 1258
f 1943 2142 2143
f 2143 2142 2242
f 2366 2242 2215
f 2242 2142 2215
f 1106 1104 1170
f 1186 1170 1248
f 1943 2072 2142
f 1077 1152 1104
f 1152 1170 1104
f 1152 1248 1170
f 1943 1853 2072
f 1152 1077 1144
f 1853 1744 1734
f 1853 1734 2072
f 1144 1077 1035
f 1734 1779 2072
f 983 1144 1035
f 1615 1779 1734
f 1035 884 983
f 884 974 983
f 1615 1534 1533
f 1779 1615 1669
f 1456 1533 1534
f 1615 1533 1669
f 880 883 884
f 883 974 884
f 1533 1456 1669
f 1456 1407 1532
f 1407 1328 1532
f 764 769 883
f 710 769 764
f 1532 1328 1494
f 717 659 710
f 1494 1220 1453
f 610 659 717
f 1453 1174 1405
f 575 623 572
f 572 561 517
f 572 623 561
f 561 588 517
f 516 509 518
f 518 509 517
f 517 588 518
f 1348 1058 1327
f 476 516 518
f 1058 1342 1327
f 1342 1058 1221
f 1058 941 1221
f 1221 941 1278
f 941 963 1177
f 941 1177 1278
f 580 613 514
f 514 613 405
f 1177 963 1219
f 405 613 531
f 1219 963 960
f 960 916 1162
f 960 1162 1219
f 916 1171 1162
f 1171 916 1101
f 1119 817 1044
f 817 914 1044
f 478 395 361
f 914 865 1004
f 432 356 395
f 395 478 432
f 954 1004 865
f 507 354 432
f 432 354 356
f 507 359 354
f 954 865 860
f 359 477 350
f 763 856 783
f 856 860 783
f 783 787 763
f 350 477 358
f 736 731 787
f 358 477 492
f 309 323 358
f 492 309 358
f 639 597 578
f 639 578 735
f 578 731 735
f 309 315 323
f 421 309 492
f 421 285 309
f 492 597 577
f 639 577 597
f 421 420 285
f 491 420 421
f 492 491 421
f 537 491 577
f 577 491 492
f 637 537 577
f 639 637 577
f 420 324 285
f 537 420 491
f 596 537 637
f 537 419 420
f 285 324 353
f 433 353 324
f 419 433 324
f 537 433 419
f 596 490 537
f 490 433 537
f 353 433 375
f 489 375 490
f 490 375 433
f 490 548 489
f 4070 3977 3943
f 4070 4109 4117
f 4109 4162 4117
f 3713 3714 3796
f 3943 3713 3796
f 4162 4109 4169
f 3566 3637 3372
f 3714 3637 3566
f 4169 4109 4146
f 3637 3258 3372
f 3714 3713 3637
f 4169 4146 4180
f 3637 3544 3258
f 3544 3402 3258
f 4146 4139 4180
f 3293 3082 3402
f 3293 3402 3482
f 3402 3544 3482
f 4171 4180 4139
f 3082 3293 3274
f 3274 3003 3082
f 4171 4178 4144
f 3006 2841 2834
f 2834 2992 3006
f 2992 3003 3006
f 4178 4170 4135
f 2838 2822 2841
f 2841 2822 2834
f 4135 4170 4138
f 4170 4126 4138
f 2822 2838 2676
f 4138 4126 4137
f 2676 2838 2667
f 4126 4120 4137
f 2577 2676 2667
f 2577 2667 2583
f 4087 4125 4085
f 4125 4081 4085
f 2556 2577 2583
f 4087 4085 4089
f 4050 4089 4085
f 4048 4089 4050
f 4050 4049 4048
f 2410 2483 2408
f 4048 4049 3969
f 2358 2272 2405
f 2408 2358 2405
f 3903 3969 3911
f 2405 2272 2351
f 2405 2351 2393
f 3903 3898 3838
f 2393 2351 2327
f 3838 3898 3839
f 2327 2351 2271
f 3898 3816 3839
f 2271 2273 2327
f 3759 3816 3755
f 3755 3710 3759
f 2187 2189 2273
f 3759 3710 3745
f 2186 2189 2187
f 2126 2189 2186
f 3677 3745 3710
f 3677 3710 3669
f 3677 3669 3742
f 2126 2186 2123
f 2110 2056 2123
f 2056 2126 2123
f 3742 3669 3751
f 3669 3668 3751
f 2056 2053 1988
f 2056 2110 2053
f 3663 3751 3668
f 1980 1921 1988
f 1988 2053 1980
f 3668 3651 3663
f 3575 3500 3558
f 3651 3650 3558
f 3650 3575 3558
f 1980 1972 1830
f 3474 3423 3500
f 3474 3500 3575
f 1830 1972 1840
f 1755 1692 1840
f 3176 3284 3392
f 3284 3423 3392
f 3392 3423 3474
f 1687 1692 1635
f 1692 1755 1635
f 2849 3004 3044
f 3004 3176 3044
f 2769 2956 2849
f 1632 1687 1635
f 2723 2956 2769
f 1635 1577 1632
f 1577 1471 1632
f 1471 1577 1506
f 2458 2302 2511
f 2302 2216 2242
f 2302 2242 2511
f 2511 2242 2539
f 1471 1506 1370
f 2165 2143 2216
f 2216 2143 2242
f 1506 1374 1370
f 2165 1948 2143
f 1374 1208 1370
f 1374 1248 1208
f 1948 1781 1943
f 1948 1943 2143
f 1617 1853 1781
f 1943 1781 1853
f 1248 1105 1208
f 1853 1617 1744
f 1617 1746 1744
f 1105 924 1208
f 1105 1248 1152
f 1672 1744 1746
f 1144 1105 1152
f 1535 1734 1672
f 1744 1672 1734
f 1105 983 924
f 1144 983 1105
f 983 974 924
f 1734 1535 1615
f 1535 1557 1615
f 974 831 924
f 1534 1615 1557
f 1456 1534 1454
f 1534 1557 1454
f 831 883 804
f 974 883 831
f 1407 1454 1402
f 1407 1456 1454
f 769 705 804
f 883 769 804
f 1407 1402 1328
f 1402 1341 1328
f 611 769 710
f 1328 1276 1494
f 710 659 611
f 1276 1220 1494
f 611 659 610
f 1220 1174 1453
f 575 567 610
f 575 572 567
f 1174 1227 1405
f 517 520 572
f 1227 1128 1348
f 509 521 517
f 517 521 520
f 1128 1115 1348
f 516 521 509
f 480 521 516
f 1115 1058 1348
f 480 516 476
f 476 479 480
f 514 479 476
f 941 958 963
f 405 479 514
f 405 531 403
f 403 531 400
f 528 361 400
f 400 531 528
f 867 1101 916
f 1101 867 1119
f 867 817 1119
f 817 823 914
f 914 823 865
f 823 789 865
f 354 364 356
f 356 364 352
f 359 364 354
f 865 789 860
f 296 364 359
f 789 783 860
f 296 359 350
f 296 350 290
f 732 787 783
f 358 290 350
f 358 323 290
f 323 279 290
f 787 732 736
f 731 736 682
f 279 315 286
f 279 323 315
f 731 682 735
f 735 682 685
f 286 315 237
f 315 309 237
f 639 735 643
f 735 685 643
f 639 643 637
f 237 309 244
f 309 285 244
f 643 631 637
f 420 419 324
f 631 596 637
f 631 621 596
f 621 631 669
f 244 285 250
f 285 353 250
f 621 490 596
f 701 621 669
f 490 621 548
f 699 548 621
f 701 699 621
f 353 287 250
f 699 576 548
f 576 699 742
f 353 375 287
f 375 332 287
f 414 332 375
f 489 414 375
f 556 548 576
f 576 742 740
f 556 489 548
f 740 556 576
f 489 488 414
f 556 488 489
f 3855 3943 3796
f 3943 3855 3912
f 3566 3372 3483
f 3566 3483 3565
f 3565 3723 3566
f 3566 3723 3714
f 3723 3796 3714
f 4070 3943 4034
f 4070 4034 4109
f 3294 3224 3295
f 3483 3372 3294
f 4034 3943 3912
f 3224 3294 3183
f 3372 3183 3294
f 4034 4146 4109
f 3183 3372 3258
f 3183 3258 3086
f 3258 3402 3086
f 3086 3402 3082
f 4146 3993 4139
f 3086 3082 2912
f 2912 3082 2766
f 3993 4082 4139
f 4139 4082 4171
f 3003 2843 2766
f 2766 3082 3003
f 4082 4134 4171
f 2992 2790 2843
f 2843 3003 2992
f 4171 4134 4178
f 2834 2582 2790
f 2992 2834 2790
f 4178 4134 4170
f 4134 4079 4170
f 2822 2584 2834
f 4170 4079 4126
f 2676 2609 2584
f 2584 2822 2676
f 2609 2577 2493
f 2609 2676 2577
f 2493 2556 2414
f 2493 2577 2556
f 2414 2556 2410
f 4050 4085 4045
f 2410 2556 2483
f 3999 4050 4045
f 4050 3999 4049
f 3999 4004 4049
f 3969 4049 4004
f 2344 2405 2393
f 3903 3911 3898
f 2202 2393 2327
f 2273 2189 2121
f 3755 3641 3710
f 2126 2121 2189
f 3669 3710 3649
f 3710 3641 3649
f 3560 3669 3649
f 1988 1978 2056
f 3665 3669 3560
f 1988 1987 1978
f 3669 3665 3668
f 1988 1921 1987
f 1921 1917 1987
f 3665 3651 3668
f 3575 3650 3586
f 1840 1730 1830
f 3478 3474 3586
f 3474 3575 3586
f 1730 1840 1692
f 3098 3176 3164
f 3164 3176 3286
f 3176 3392 3286
f 3478 3286 3392
f 3392 3474 3478
f 1730 1692 1620
f 2943 3044 3024
f 3024 3044 3098
f 3044 3176 3098
f 1620 1692 1687
f 2849 3044 2943
f 1687 1564 1620
f 2524 2769 2687
f 1687 1632 1564
f 2458 2511 2524
f 2723 2524 2511
f 2723 2769 2524
f 1632 1471 1545
f 2458 2220 2302
f 1480 1471 1415
f 1545 1471 1480
f 2302 2220 2165
f 2302 2165 2216
f 1415 1471 1370
f 1854 1948 2032
f 2032 1948 2165
f 1800 1948 1854
f 1948 1800 1781
f 1208 980 1370
f 1800 1617 1781
f 1208 924 980
f 1443 1672 1617
f 1617 1672 1746
f 1672 1443 1535
f 1535 1443 1446
f 924 862 980
f 1403 1454 1446
f 1535 1446 1557
f 924 831 862
f 1446 1454 1557
f 1343 1454 1403
f 831 804 747
f 1454 1343 1402
f 747 804 707
f 1343 1207 1402
f 707 804 705
f 1207 1341 1402
f 705 769 662
f 1341 1207 1328
f 1207 1163 1328
f 662 769 611
f 1328 1163 1276
f 662 611 606
f 1276 1102 1220
f 1174 1220 1102
f 523 611 610
f 523 610 567
f 567 572 522
f 1174 1128 1227
f 522 520 444
f 522 572 520
f 444 520 521
f 1128 1062 1115
f 908 1058 1062
f 1062 1058 1115
f 521 480 443
f 908 1006 1058
f 941 1058 1006
f 443 480 479
f 443 479 407
f 407 479 405
f 863 963 958
f 963 863 960
f 863 915 960
f 916 960 915
f 367 403 400
f 824 916 915
f 867 916 868
f 916 824 868
f 367 400 361
f 817 867 826
f 826 823 817
f 357 361 395
f 395 356 357
f 789 823 794
f 823 737 794
f 352 364 294
f 794 745 789
f 294 364 296
f 745 797 789
f 789 797 783
f 797 765 783
f 783 765 732
f 279 295 290
f 732 749 736
f 749 748 736
f 736 748 682
f 279 286 295
f 748 685 682
f 286 237 293
f 293 237 292
f 292 237 318
f 318 237 244
f 318 244 327
f 643 651 631
f 327 244 250
f 651 669 631
f 651 614 669
f 669 614 701
f 250 287 339
f 339 287 360
f 414 533 360
f 546 533 414
f 614 546 701
f 701 546 699
f 699 546 742
f 360 287 332
f 546 620 742
f 360 332 414
f 414 488 546
f 546 488 556
f 546 556 620
f 742 620 740
f 620 556 740
f 3870 3855 3834
f 3870 3915 3855
f 3845 3834 3855
f 3973 3855 3915
f 3796 3723 3794
f 3855 3796 3845
f 3796 3794 3845
f 3794 3846 3845
f 3973 3912 3855
f 3565 3483 3638
f 3565 3638 3723
f 3638 3722 3723
f 3794 3723 3722
f 3912 3973 3916
f 3295 3224 3403
f 3295 3403 3294
f 3403 3483 3294
f 3891 3794 3722
f 3794 3891 3935
f 3794 3935 3846
f 3916 3846 3935
f 3935 4034 3916
f 3916 4034 3912
f 3183 3403 3224
f 3935 3891 4034
f 4034 3891 4146
f 3891 3894 3993
f 3891 3993 4146
f 3894 3835 3993
f 3835 3827 3993
f 2843 2790 2766
f 3993 3827 3992
f 3993 3992 4082
f 4082 3992 4054
f 4054 4134 4082
f 2565 2582 2834
f 4134 4054 4079
f 2609 2487 2584
f 4126 4079 4120
f 2487 2609 2493
f 4039 4081 4079
f 4079 4081 4120
f 2493 2414 2413
f 4001 4085 4039
f 4081 4039 4085
f 4085 4001 4045
f 4001 3933 4045
f 2410 2409 2414
f 2414 2409 2413
f 3933 3999 4045
f 3910 4004 3999
f 4004 3910 3969
f 3910 3908 3969
f 3833 3911 3908
f 3911 3969 3908
f 3911 3833 3898
f 3833 3837 3898
f 3747 3816 3837
f 3816 3898 3837
f 2115 2202 2273
f 2202 2327 2273
f 3659 3755 3747
f 3755 3816 3747
f 2116 2115 2121
f 2115 2273 2121
f 3579 3641 3659
f 3755 3659 3641
f 2126 2124 2121
f 3519 3649 3579
f 3641 3579 3649
f 2126 2056 2124
f 3649 3519 3560
f 3519 3441 3560
f 2056 1978 2047
f 1978 2061 2047
f 3441 3559 3560
f 3665 3560 3559
f 1987 2061 1978
f 1921 1905 1917
f 1905 1987 1917
f 3665 3653 3651
f 1921 1832 1905
f 3651 3653 3650
f 1980 1832 1921
f 3407 3586 3653
f 3586 3650 3653
f 1980 1830 1832
f 1830 1684 1832
f 3394 3478 3407
f 3407 3478 3586
f 1830 1730 1684
f 3038 3164 3100
f 3298 3100 3164
f 3478 3394 3164
f 3394 3298 3164
f 2954 3024 2946
f 3098 3038 3024
f 3038 2946 3024
f 3098 3164 3038
f 3478 3164 3286
f 1730 1620 1618
f 1730 1618 1684
f 2943 2954 2851
f 2943 3024 2954
f 2769 2851 2687
f 2769 2849 2851
f 2943 2851 2849
f 1620 1564 1585
f 1632 1585 1564
f 2220 2075 2037
f 2458 2427 2220
f 2458 2524 2427
f 1481 1545 1480
f 1632 1545 1585
f 1415 1466 1480
f 1480 1466 1481
f 1747 2032 2075
f 2037 2075 2032
f 2037 2032 2165
f 2220 2037 2165
f 1415 1370 1466
f 1370 1365 1466
f 2032 1747 1854
f 1747 1800 1854
f 1747 1709 1800
f 1370 1196 1365
f 1594 1800 1709
f 1370 980 1196
f 1594 1497 1536
f 1594 1536 1800
f 1536 1617 1800
f 1431 1409 1536
f 1536 1409 1617
f 1409 1443 1617
f 1409 1229 1443
f 862 903 980
f 1443 1229 1403
f 1443 1403 1446
f 1229 1230 1343
f 1229 1343 1403
f 747 862 831
f 750 741 747
f 1130 1207 1230
f 1343 1230 1207
f 707 750 747
f 1130 1129 1163
f 1130 1163 1207
f 662 707 705
f 1129 1065 1163
f 1065 1102 1163
f 1163 1102 1276
f 611 605 606
f 1065 1011 1102
f 611 523 605
f 1102 1011 1174
f 1011 956 1128
f 1011 1128 1174
f 522 523 567
f 956 991 1128
f 1128 991 1062
f 991 951 1062
f 444 521 443
f 1062 951 908
f 908 913 1006
f 443 407 406
f 1006 913 941
f 913 861 941
f 941 861 958
f 958 861 863
f 405 404 407
f 403 404 405
f 403 367 404
f 824 739 868
f 868 739 867
f 739 826 867
f 361 357 367
f 826 730 823
f 737 823 730
f 356 352 357
f 352 329 357
f 294 329 352
f 794 716 745
f 288 294 296
f 745 716 765
f 745 765 797
f 290 288 296
f 732 765 703
f 295 288 290
f 703 749 732
f 295 278 288
f 295 293 278
f 749 714 748
f 286 293 295
f 748 714 697
f 748 697 685
f 325 293 292
f 697 679 685
f 325 292 318
f 643 685 679
f 533 651 679
f 643 679 651
f 327 250 348
f 348 250 339
f 348 339 365
f 365 339 487
f 651 533 614
f 339 360 487
f 487 360 533
f 533 546 614
f 4036 4035 3940
f 4035 3997 3938
f 3870 3708 3937
f 3834 3708 3870
f 3938 3997 3937
f 3870 3937 3915
f 3937 3997 3996
f 4035 3996 3997
f 3624 3708 3638
f 3708 3834 3845
f 3937 3973 3915
f 3996 3973 3937
f 3403 3355 3483
f 3638 3483 3624
f 3638 3708 3722
f 3795 3722 3845
f 3845 3722 3708
f 3845 3846 3795
f 3996 3974 3973
f 3973 3974 3936
f 3973 3936 3916
f 3403 3084 3160
f 3795 3891 3722
f 3795 3846 3936
f 3846 3916 3936
f 3084 3403 3183
f 3891 3795 3936
f 3084 3086 2998
f 3084 3183 3086
f 3891 3961 3894
f 2913 2912 2848
f 2912 2760 2848
f 2913 3086 2912
f 2760 2912 2766
f 3877 3835 3894
f 2766 2790 2712
f 3835 3877 3827
f 2712 2790 2582
f 3827 3877 3992
f 3877 3983 3992
f 3992 3983 4054
f 4054 3983 4024
f 4054 4024 4079
f 2584 2565 2834
f 4024 3971 4039
f 4024 4039 4079
f 2493 2413 2487
f 3971 4001 4039
f 3971 3878 4001
f 3878 3880 3933
f 3878 3933 4001
f 2413 2409 2558
f 3933 3880 3999
f 3880 3910 3999
f 2408 2409 2410
f 2408 2411 2409
f 2405 2411 2408
f 3910 3958 3908
f 3958 3975 3908
f 2405 2344 2411
f 2344 2346 2411
f 3833 3908 3975
f 2393 2346 2344
f 3833 3975 3963
f 3833 3963 3837
f 2202 2205 2393
f 2202 2115 2205
f 3659 3747 3648
f 2205 2115 2270
f 2270 2115 2116
f 3579 3659 3589
f 3659 3648 3589
f 2121 2124 2116
f 3579 3589 3519
f 2056 2047 2124
f 3519 3512 3441
f 1990 2047 2061
f 3512 3559 3441
f 3512 3665 3559
f 1990 2061 1987
f 3665 3511 3653
f 3373 3653 3511
f 1841 1905 1832
f 3373 3407 3653
f 3298 3407 3287
f 1832 1684 1757
f 3038 3100 3101
f 3287 3101 3298
f 3101 3100 3298
f 3298 3394 3407
f 2954 2880 2705
f 2946 2880 2954
f 1684 1618 1637
f 2705 2514 2687
f 2514 2524 2687
f 2705 2687 2954
f 2954 2687 2851
f 1620 1630 1618
f 1618 1630 1637
f 2514 2456 2524
f 2456 2427 2524
f 1612 1585 1499
f 1620 1585 1630
f 1585 1612 1630
f 2236 2091 2220
f 2091 2075 2220
f 2236 2220 2456
f 2456 2220 2427
f 1499 1585 1501
f 1481 1433 1432
f 1432 1501 1481
f 1501 1545 1481
f 1501 1585 1545
f 1710 2075 2091
f 1466 1433 1481
f 1747 2075 1710
f 1433 1466 1385
f 1385 1365 1292
f 1385 1466 1365
f 1292 1365 1303
f 1479 1594 1590
f 1747 1590 1594
f 1747 1594 1709
f 1303 1196 1273
f 1303 1365 1196
f 1497 1594 1479
f 1273 1196 1210
f 1497 1406 1536
f 1409 1431 1410
f 1431 1406 1410
f 1431 1536 1406
f 1026 1196 980
f 1229 1409 1410
f 1229 1410 1231
f 930 980 903
f 1229 1231 1230
f 811 862 770
f 811 903 862
f 1175 1230 1231
f 741 694 770
f 770 747 741
f 770 862 747
f 1175 1103 1230
f 694 741 750
f 1130 1230 1103
f 750 707 612
f 1130 1103 1126
f 1007 1129 1126
f 1130 1126 1129
f 612 707 662
f 1065 1129 1061
f 1129 1007 1061
f 612 662 606
f 530 606 605
f 962 1011 1061
f 1011 1065 1061
f 605 523 530
f 523 484 530
f 484 523 412
f 962 956 1011
f 412 523 522
f 956 910 991
f 444 362 412
f 412 522 444
f 991 910 951
f 910 858 951
f 951 858 908
f 858 847 908
f 362 444 443
f 362 443 331
f 908 847 913
f 847 809 913
f 331 443 406
f 809 768 913
f 913 768 861
f 768 820 861
f 407 333 406
f 861 820 863
f 820 777 863
f 407 404 333
f 777 785 863
f 333 404 299
f 785 915 863
f 915 785 824
f 367 306 299
f 299 404 367
f 367 242 306
f 739 730 826
f 357 242 367
f 357 305 242
f 305 197 242
f 305 191 197
f 357 329 305
f 737 634 794
f 634 716 794
f 191 148 168
f 305 148 191
f 329 294 305
f 149 148 305
f 305 294 149
f 294 288 149
f 691 655 716
f 716 655 765
f 765 655 703
f 288 122 149
f 703 655 749
f 288 278 122
f 749 655 714
f 655 658 714
f 122 278 167
f 230 167 278
f 293 230 278
f 658 635 697
f 658 697 714
f 293 325 230
f 258 229 230
f 325 258 230
f 697 635 679
f 325 318 258
f 258 318 327
f 635 544 679
f 447 327 365
f 544 447 487
f 447 365 487
f 679 544 533
f 365 327 348
f 533 544 487
f 3872 3998 3940
f 3998 4071 3940
f 3940 4071 4036
f 4036 4071 4098
f 3871 3694 3872
f 3872 3940 3871
f 4035 3871 3940
f 4036 4098 4035
f 3938 3937 3871
f 3938 3871 4035
f 3297 3546 3355
f 3694 3624 3546
f 3871 3708 3694
f 3708 3871 3937
f 3996 4035 4083
f 4035 4098 4083
f 3546 3624 3355
f 3624 3694 3708
f 3355 3624 3483
f 3974 3996 4037
f 3996 4083 4037
f 3244 3403 3160
f 3244 3355 3403
f 4037 4023 3974
f 3084 3244 3160
f 3974 4023 3936
f 2913 3084 2998
f 3936 4023 3891
f 4023 4014 3891
f 3086 2913 2998
f 3891 4014 3961
f 4014 3962 3961
f 2760 2913 2848
f 3961 3962 3894
f 2574 2680 2766
f 2766 2680 2760
f 2766 2712 2574
f 3968 3877 3894
f 3962 3968 3894
f 2574 2712 2582
f 3968 3882 3983
f 3968 3983 3877
f 3882 3895 3983
f 3983 3895 4024
f 2584 2487 2565
f 2487 2558 2565
f 3895 3971 4024
f 2487 2413 2558
f 3895 3765 3971
f 3765 3733 3971
f 3971 3733 3878
f 3878 3733 3683
f 3878 3683 3880
f 2476 2558 2409
f 3683 3803 3880
f 3803 3868 3880
f 3868 3910 3880
f 2476 2409 2475
f 2409 2411 2475
f 3958 3910 3868
f 3868 3963 3958
f 3958 3963 3975
f 2399 2411 2346
f 2399 2475 2411
f 2399 2346 2398
f 2393 2343 2346
f 2343 2398 2346
f 3963 3888 3837
f 2393 2205 2343
f 2205 2328 2343
f 3747 3837 3648
f 3837 3888 3648
f 2270 2328 2205
f 2270 2116 2256
f 3533 3589 3648
f 3533 3514 3589
f 2124 2256 2116
f 3519 3589 3514
f 3514 3512 3519
f 3511 3665 3512
f 1990 1987 1979
f 1987 1944 1979
f 1905 1944 1987
f 1905 1841 1944
f 1841 1836 1944
f 3102 3101 3191
f 3287 3191 3101
f 3373 3191 3287
f 1832 1838 1841
f 1841 1838 1836
f 3101 3102 3025
f 3287 3407 3373
f 3025 2870 3101
f 2870 2946 3101
f 1832 1757 1838
f 2506 2705 2567
f 2870 2880 2946
f 3101 2946 3038
f 1684 1756 1757
f 2567 2705 2880
f 1684 1637 1756
f 2076 2091 2236
f 2506 2456 2514
f 2506 2514 2705
f 2091 2076 2012
f 2506 2236 2456
f 2012 1889 2091
f 1511 1612 1499
f 2091 1889 1882
f 1501 1511 1499
f 1930 1882 1745
f 1882 1930 2091
f 1501 1432 1511
f 1745 1739 1930
f 1930 1739 1710
f 1930 1710 2091
f 1385 1291 1378
f 1378 1432 1385
f 1385 1432 1433
f 1645 1710 1739
f 1385 1361 1291
f 1645 1653 1710
f 1385 1292 1361
f 1458 1590 1558
f 1653 1558 1590
f 1653 1747 1710
f 1303 1309 1292
f 1292 1309 1361
f 1590 1458 1479
f 1747 1653 1590
f 1210 1199 1273
f 1303 1273 1309
f 1273 1199 1309
f 1458 1461 1479
f 1196 1199 1210
f 1406 1497 1461
f 1497 1479 1461
f 1196 1026 1199
f 1355 1410 1406
f 1173 1231 1355
f 1231 1410 1355
f 930 933 980
f 980 933 1026
f 930 927 933
f 1178 1231 1173
f 811 927 903
f 930 903 927
f 1057 1175 1178
f 1178 1175 1231
f 770 751 811
f 770 694 656
f 770 656 751
f 1057 1060 1103
f 1057 1103 1175
f 750 656 694
f 654 656 612
f 656 750 612
f 1007 1126 1060
f 1103 1060 1126
f 607 612 606
f 1007 942 1061
f 962 942 899
f 942 904 899
f 942 962 1061
f 606 530 607
f 530 484 607
f 899 898 962
f 898 821 827
f 898 827 910
f 898 910 962
f 962 910 956
f 410 484 412
f 784 910 827
f 910 784 858
f 362 363 412
f 363 410 412
f 784 847 858
f 847 728 809
f 809 728 768
f 331 406 330
f 262 330 406
f 262 406 301
f 406 333 301
f 768 683 777
f 768 777 820
f 683 650 777
f 299 261 301
f 301 333 299
f 777 650 644
f 777 644 785
f 785 644 824
f 261 299 306
f 824 644 739
f 644 634 730
f 644 730 739
f 261 306 205
f 306 242 205
f 242 197 205
f 197 137 205
f 634 737 730
f 191 168 197
f 197 168 137
f 168 102 137
f 716 634 691
f 86 102 168
f 148 86 168
f 691 598 655
f 149 122 148
f 148 122 86
f 122 68 86
f 598 593 655
f 593 658 655
f 71 68 122
f 167 71 122
f 438 544 593
f 658 593 635
f 167 87 71
f 593 544 635
f 167 116 87
f 438 372 447
f 438 447 544
f 230 177 167
f 229 177 230
f 258 272 229
f 272 258 327
f 372 304 327
f 372 327 447
f 177 116 167
f 229 272 177
f 304 272 327
f 4111 3981 4188
f 3872 3873 3981
f 3998 3872 3981
f 4071 3998 3981
f 4071 3981 4111
f 4206 4071 4111
f 3694 3546 3705
f 3873 3872 3705
f 3872 3694 3705
f 4098 4071 4206
f 4206 4110 4098
f 4098 4110 4083
f 3244 3047 3196
f 3297 3244 3196
f 3355 3244 3297
f 4110 4037 4083
f 3244 3084 3047
f 4023 4037 4069
f 4037 4161 4069
f 2913 2763 3084
f 4023 4069 4014
f 4069 4062 4014
f 3962 4014 3982
f 2671 2680 2574
f 2671 2760 2680
f 3962 3982 3968
f 2582 2561 2574
f 2561 2671 2574
f 3968 3982 4076
f 2582 2565 2561
f 3991 3882 3968
f 4076 3991 3968
f 3991 3945 3882
f 3882 3945 3895
f 3945 3892 3895
f 3765 3895 3836
f 3895 3892 3836
f 3836 3733 3765
f 2558 2552 2565
f 3733 3740 3683
f 3810 3740 3733
f 2476 2552 2558
f 3740 3803 3683
f 3803 3740 3752
f 3803 3752 3868
f 3868 3752 3963
f 2406 2475 2399
f 3963 3752 3758
f 3963 3758 3888
f 2399 2398 2343
f 3758 3754 3888
f 2310 2343 2328
f 3888 3754 3648
f 2179 2310 2270
f 2328 2270 2310
f 3754 3615 3648
f 2270 2100 2179
f 2100 2270 2106
f 3615 3672 3648
f 3672 3533 3648
f 2256 2106 2270
f 2256 2114 2106
f 3533 3588 3514
f 3533 3672 3588
f 2114 2256 2124
f 2047 1990 2046
f 2047 2046 2124
f 3514 3588 3512
f 3588 3513 3512
f 1990 1979 2046
f 3513 3498 3512
f 3512 3498 3511
f 2046 1979 1970
f 1970 1979 1944
f 1970 1944 1971
f 1944 1836 1971
f 3025 3102 3191
f 3373 3395 3191
f 1838 1971 1836
f 2950 2779 2870
f 2870 3025 2950
f 2880 2779 2567
f 2880 2870 2779
f 1758 1838 1757
f 2362 2209 2236
f 2506 2362 2236
f 2441 2362 2506
f 2441 2506 2567
f 1756 1758 1757
f 2096 2236 2209
f 2096 2076 2236
f 1756 1637 1625
f 1625 1637 1528
f 1637 1612 1528
f 2076 2096 2012
f 1612 1511 1528
f 1528 1511 1460
f 1637 1630 1612
f 1889 1818 1886
f 1511 1434 1460
f 1656 1882 1733
f 1886 1733 1882
f 1889 1886 1882
f 1745 1882 1656
f 1432 1378 1434
f 1511 1432 1434
f 1745 1656 1739
f 1656 1654 1739
f 1434 1378 1291
f 1654 1608 1645
f 1608 1558 1645
f 1654 1645 1739
f 1291 1361 1301
f 1558 1653 1645
f 1301 1361 1264
f 1458 1558 1459
f 1309 1201 1264
f 1264 1361 1309
f 1201 1309 1199
f 1459 1461 1458
f 1153 1201 1199
f 1406 1461 1347
f 1153 1026 1027
f 1153 1199 1026
f 1355 1406 1358
f 1406 1347 1358
f 1173 1355 1358
f 979 1027 1026
f 896 979 933
f 979 1026 933
f 927 845 896
f 896 933 927
f 1178 1173 1120
f 811 845 927
f 1057 1178 1120
f 811 751 845
f 992 1057 1120
f 992 964 1060
f 992 1060 1057
f 660 751 656
f 1060 964 1007
f 656 654 660
f 1007 964 942
f 964 874 942
f 654 612 607
f 874 904 942
f 607 484 445
f 904 781 899
f 781 819 899
f 790 821 819
f 899 819 898
f 819 821 898
f 821 790 827
f 415 410 321
f 415 484 410
f 410 340 321
f 302 282 340
f 410 363 340
f 363 302 340
f 363 362 302
f 678 728 779
f 779 728 847
f 784 779 847
f 362 308 302
f 678 695 728
f 362 331 308
f 331 263 308
f 728 695 768
f 263 331 330
f 330 262 263
f 636 683 695
f 683 768 695
f 262 301 220
f 301 180 220
f 650 683 648
f 683 636 648
f 301 150 180
f 301 261 150
f 648 622 650
f 150 261 178
f 559 644 622
f 650 622 644
f 261 205 178
f 205 185 178
f 644 559 634
f 205 151 185
f 135 151 137
f 151 205 137
f 137 118 135
f 102 98 118
f 137 102 118
f 102 99 98
f 598 691 634
f 102 86 99
f 86 82 99
f 86 69 82
f 86 68 69
f 598 547 593
f 57 69 68
f 496 593 547
f 57 68 49
f 496 426 438
f 438 593 496
f 87 49 71
f 49 68 71
f 372 426 338
f 372 438 426
f 304 257 272
f 372 257 304
f 132 87 116
f 127 132 116
f 177 127 116
f 4188 3918 4236
f 4188 3981 3918
f 4277 4188 4236
f 3981 3873 3918
f 3918 3873 3788
f 3705 3724 3788
f 3873 3705 3788
f 4249 4188 4277
f 3705 3546 3567
f 4188 4249 4111
f 3297 3375 3567
f 3546 3297 3567
f 4111 4249 4206
f 4249 4254 4206
f 3297 3194 3301
f 3375 3297 3301
f 3196 3008 3194
f 3194 3297 3196
f 4206 4235 4110
f 4254 4235 4206
f 3008 3047 2845
f 3008 3196 3047
f 4235 4207 4110
f 2845 3047 2657
f 4110 4207 4037
f 3047 3084 2657
f 4037 4207 4161
f 3084 2763 2657
f 4161 4182 4069
f 2662 2763 2913
f 2913 2760 2662
f 3982 4014 4075
f 4014 4062 4075
f 2555 2671 2561
f 2555 2760 2671
f 4075 4076 3982
f 2565 2571 2561
f 3934 3892 3945
f 2565 2579 2571
f 2565 2552 2579
f 3836 3810 3733
f 2476 2481 2552
f 3793 3740 3810
f 3793 3893 3740
f 2475 2530 2476
f 2476 2530 2549
f 3893 3841 3740
f 2475 2406 2530
f 2406 2407 2530
f 3740 3841 3752
f 3841 3850 3752
f 3850 3831 3752
f 2399 2471 2406
f 2406 2471 2407
f 3752 3831 3758
f 3831 3792 3758
f 3831 3849 3792
f 2399 2339 2471
f 2343 2339 2399
f 3758 3792 3804
f 2343 2310 2339
f 2310 2390 2339
f 3758 3804 3754
f 2244 2390 2310
f 3804 3749 3754
f 2179 2244 2310
f 3754 3749 3615
f 2179 2100 2244
f 3615 3749 3746
f 2106 2102 2100
f 2100 2102 2244
f 3746 3672 3615
f 2106 2108 2102
f 2106 2114 2108
f 2124 2065 2114
f 2065 2124 2046
f 3587 3513 3588
f 2016 2065 2046
f 2016 2046 1898
f 3513 3587 3498
f 1898 2046 1970
f 2771 2950 2947
f 3026 2947 2950
f 3395 3373 3498
f 3373 3511 3498
f 1971 1693 1898
f 1970 1971 1898
f 2771 2779 2950
f 3026 2950 3025
f 3190 3026 3191
f 3191 3026 3025
f 3191 3395 3190
f 1971 1838 1693
f 2504 2441 2718
f 2567 2718 2441
f 2718 2567 2779
f 1838 1758 1693
f 2371 2362 2504
f 2362 2441 2504
f 1758 1625 1693
f 2371 2238 2362
f 2238 2209 2362
f 1758 1756 1625
f 2238 2096 2209
f 1611 1528 1539
f 1611 1625 1528
f 2012 2013 1818
f 2012 2096 2013
f 2013 2096 2238
f 1460 1411 1539
f 1539 1528 1460
f 2012 1818 1889
f 1818 1733 1886
f 1411 1460 1434
f 1291 1223 1411
f 1434 1291 1411
f 1608 1654 1619
f 1656 1619 1654
f 1301 1181 1291
f 1291 1181 1223
f 1400 1558 1608
f 1301 1264 1181
f 1331 1459 1400
f 1558 1400 1459
f 1264 1201 1140
f 1209 1347 1331
f 1331 1347 1461
f 1331 1461 1459
f 1201 1153 1140
f 1153 1053 1140
f 1209 1284 1347
f 1153 1027 1053
f 1347 1284 1358
f 1053 979 841
f 1053 1027 979
f 1358 1107 1176
f 1358 1176 1173
f 1055 1173 1176
f 841 845 756
f 845 841 896
f 841 979 896
f 1055 989 1120
f 1055 1120 1173
f 845 665 756
f 989 992 1120
f 845 751 665
f 751 673 665
f 964 992 989
f 673 582 665
f 660 582 673
f 673 751 660
f 582 660 654
f 874 964 911
f 607 445 582
f 607 582 654
f 874 814 904
f 781 904 814
f 484 415 445
f 790 819 782
f 819 781 782
f 827 790 782
f 335 415 321
f 632 784 690
f 784 827 690
f 340 252 321
f 784 632 779
f 252 282 246
f 340 282 252
f 282 302 246
f 246 302 264
f 302 308 264
f 678 586 695
f 586 603 695
f 264 263 223
f 264 308 263
f 603 599 695
f 223 262 201
f 262 220 201
f 223 263 262
f 636 695 640
f 695 599 640
f 549 648 640
f 636 640 648
f 549 592 648
f 648 592 622
f 559 622 592
f 178 185 106
f 185 133 106
f 559 554 634
f 554 460 634
f 151 133 185
f 151 112 133
f 135 112 151
f 118 98 112
f 135 118 112
f 634 460 598
f 460 449 598
f 75 45 72
f 99 75 98
f 98 75 72
f 99 82 75
f 449 481 598
f 69 45 82
f 82 45 75
f 598 481 547
f 45 69 21
f 69 57 21
f 481 496 547
f 481 390 496
f 390 426 496
f 57 49 56
f 74 56 49
f 390 338 426
f 74 49 87
f 338 255 372
f 255 257 372
f 132 127 87
f 177 225 127
f 272 225 177
f 3918 4199 4236
f 4199 4252 4236
f 4277 4236 4252
f 4277 4252 4316
f 3567 3639 3705
f 3639 3724 3705
f 4277 4316 4317
f 4277 4317 4249
f 4276 4249 4317
f 4249 4276 4254
f 3185 3194 3085
f 3185 3301 3194
f 4276 4282 4254
f 3008 2897 3085
f 3194 3008 3085
f 4282 4256 4254
f 3008 2845 2897
f 4254 4256 4235
f 4256 4279 4235
f 2845 2740 2897
f 2845 2753 2740
f 4232 4207 4235
f 4232 4235 4279
f 2753 2845 2657
f 4197 4161 4207
f 4197 4207 4224
f 4207 4232 4224
f 2657 2763 2662
f 4161 4197 4182
f 4197 4224 4203
f 4168 4069 4182
f 4168 4182 4203
f 4182 4197 4203
f 2573 2662 2555
f 4069 4168 4062
f 2662 2760 2555
f 4075 4062 4175
f 4062 4168 4175
f 2571 2555 2561
f 4175 4133 4075
f 4075 4133 4076
f 4133 4051 4076
f 4051 3991 4076
f 3991 4051 3945
f 4051 4066 3945
f 4013 3934 3945
f 4066 4013 3945
f 2669 2571 2579
f 3934 4013 3892
f 3972 3836 3892
f 4013 3972 3892
f 2552 2578 2579
f 2578 2669 2579
f 3836 3972 3810
f 3972 3913 3810
f 2552 2481 2578
f 2481 2482 2578
f 3913 3893 3810
f 3810 3893 3793
f 2476 2484 2481
f 2476 2549 2484
f 3893 3820 3841
f 3841 3820 3850
f 2530 2407 2471
f 3820 3831 3850
f 2404 2471 2339
f 3849 3824 3792
f 3792 3824 3804
f 2404 2339 2390
f 3804 3824 3749
f 2188 2390 2244
f 2102 2188 2244
f 2188 2102 2190
f 2102 2108 2190
f 3746 3670 3672
f 3672 3670 3588
f 2114 2190 2108
f 2114 2065 2190
f 2065 2052 2190
f 3596 3581 3588
f 3588 3581 3587
f 2016 2045 2065
f 2016 1898 2045
f 3498 3587 3493
f 3587 3581 3493
f 1913 2045 1898
f 3190 3395 3289
f 3498 3493 3395
f 2594 2779 2771
f 3190 2947 3026
f 1913 1898 1693
f 2718 2779 2594
f 1764 1913 1693
f 2504 2221 2371
f 2594 2221 2504
f 2504 2718 2594
f 2024 2238 2135
f 2221 2135 2238
f 2221 2238 2371
f 1693 1625 1639
f 1639 1764 1693
f 1925 1885 2013
f 1885 1818 2013
f 1925 2013 2024
f 2024 2013 2238
f 1518 1611 1539
f 1625 1611 1639
f 1733 1818 1885
f 1539 1411 1518
f 1733 1616 1656
f 1411 1306 1518
f 1616 1547 1656
f 1608 1656 1547
f 1608 1619 1656
f 1411 1223 1184
f 1411 1184 1306
f 1547 1400 1608
f 1181 1184 1223
f 1264 1143 1181
f 1143 1184 1181
f 1334 1157 1331
f 1334 1331 1400
f 1157 1143 1140
f 1264 1140 1143
f 1331 1157 1263
f 1140 985 1124
f 1140 1165 1157
f 1165 1140 1124
f 1263 1157 1209
f 1157 1165 1209
f 1263 1209 1331
f 1140 1053 985
f 1209 1165 1284
f 985 1053 839
f 1010 1165 1124
f 839 1053 841
f 1165 1010 1107
f 1165 1107 1284
f 1284 1107 1358
f 1107 1010 1009
f 833 839 841
f 1009 1055 1107
f 1107 1055 1176
f 841 756 833
f 756 771 833
f 1055 1009 989
f 771 756 665
f 866 989 1009
f 665 524 602
f 989 866 964
f 866 822 964
f 582 525 524
f 524 665 582
f 822 911 964
f 733 874 822
f 822 874 911
f 525 445 411
f 525 582 445
f 781 814 733
f 874 733 814
f 445 409 411
f 409 415 335
f 409 445 415
f 297 335 284
f 335 321 284
f 321 297 284
f 321 252 297
f 252 248 297
f 246 248 252
f 586 678 632
f 678 779 632
f 222 248 246
f 246 264 222
f 217 222 223
f 222 264 223
f 586 552 603
f 223 201 217
f 201 179 217
f 220 179 201
f 503 549 599
f 599 549 640
f 155 179 180
f 179 220 180
f 155 180 153
f 549 502 592
f 136 153 150
f 153 180 150
f 150 178 136
f 592 502 559
f 502 468 559
f 136 178 106
f 468 460 554
f 468 554 559
f 133 90 106
f 90 112 46
f 90 133 112
f 46 98 33
f 112 98 46
f 33 98 72
f 431 449 460
f 72 45 17
f 22 17 21
f 17 45 21
f 449 389 384
f 449 384 481
f 384 342 390
f 384 390 481
f 21 57 56
f 74 89 56
f 108 89 74
f 87 108 74
f 255 225 257
f 342 255 338
f 390 342 338
f 108 87 127
f 225 108 127
f 225 272 257
f 4074 3918 3799
f 4074 4199 3918
f 3799 3918 3788
f 4199 4217 4252
f 3639 3799 3724
f 3799 3788 3724
f 4252 4217 4316
f 3375 3639 3567
f 4271 4316 4217
f 3375 3301 3465
f 4316 4271 4317
f 4271 4261 4317
f 4261 4276 4317
f 3085 2897 2914
f 4232 4279 4224
f 4223 4203 4224
f 2555 2571 2573
f 4223 4168 4203
f 4223 4175 4168
f 4275 4175 4223
f 4275 4227 4175
f 4227 4133 4175
f 4227 4228 4133
f 4173 4051 4133
f 4133 4228 4173
f 4051 4173 4066
f 4013 4066 4096
f 3972 4013 3976
f 4013 4096 3976
f 3976 3913 3972
f 3913 3956 3893
f 3913 3976 3956
f 2481 2484 2482
f 2484 2549 2530
f 3899 3820 3893
f 2530 2471 2340
f 2471 2266 2340
f 3831 3813 3849
f 2471 2404 2266
f 2266 2404 2281
f 3813 3824 3849
f 2404 2390 2281
f 3749 3824 3748
f 2281 2390 2188
f 2281 2188 2176
f 3749 3748 3746
f 3588 3670 3596
f 2065 2045 2052
f 3493 3408 3289
f 3090 3190 3289
f 3395 3493 3289
f 1913 1700 1847
f 2771 2772 2594
f 2771 2947 2772
f 3190 3090 2947
f 2024 2135 2146
f 2222 2146 2135
f 1764 1717 1700
f 1700 1913 1764
f 2222 2135 2221
f 2431 2222 2221
f 2221 2594 2431
f 1855 1925 2024
f 1717 1639 1591
f 1717 1764 1639
f 1885 1925 1888
f 1925 1855 1888
f 1518 1468 1591
f 1611 1518 1591
f 1591 1639 1611
f 1888 1823 1885
f 1823 1733 1885
f 1616 1733 1657
f 1733 1729 1657
f 1729 1733 1823
f 1468 1518 1302
f 1495 1616 1538
f 1657 1538 1616
f 1302 1518 1306
f 1616 1495 1547
f 1184 1245 1306
f 1346 1400 1495
f 1400 1547 1495
f 1198 1245 1184
f 1157 1334 1346
f 1334 1400 1346
f 1184 1143 1198
f 1157 1346 1131
f 1157 1047 1143
f 1047 1198 1143
f 1047 1124 985
f 1131 1047 1157
f 1047 1131 1124
f 986 1047 985
f 1131 1127 1124
f 985 839 986
f 839 895 986
f 1010 1124 1127
f 1010 1127 1009
f 895 839 801
f 833 711 839
f 839 711 801
f 833 771 711
f 1009 965 871
f 668 711 602
f 711 665 602
f 665 711 771
f 866 1009 871
f 668 602 524
f 816 866 871
f 529 668 524
f 822 866 816
f 525 529 524
f 761 822 816
f 733 822 761
f 525 411 529
f 411 409 529
f 686 781 733
f 781 686 782
f 686 646 782
f 322 409 335
f 646 827 782
f 298 322 335
f 827 646 690
f 646 590 690
f 298 335 297
f 590 632 690
f 249 298 297
f 590 510 632
f 245 249 248
f 249 297 248
f 510 586 632
f 510 550 586
f 245 222 200
f 245 248 222
f 586 550 501
f 217 174 200
f 200 222 217
f 501 552 586
f 501 473 552
f 179 129 134
f 174 179 134
f 217 179 174
f 473 503 552
f 503 599 552
f 603 552 599
f 179 155 129
f 503 504 549
f 129 113 95
f 153 113 155
f 155 113 129
f 502 549 504
f 113 58 95
f 153 136 113
f 422 502 504
f 468 502 459
f 502 422 459
f 136 106 113
f 468 459 460
f 113 106 58
f 428 460 459
f 43 40 58
f 106 43 58
f 90 43 106
f 431 460 428
f 43 12 40
f 376 431 428
f 46 12 43
f 43 90 46
f 33 17 12
f 46 33 12
f 72 17 33
f 431 376 449
f 376 382 449
f 389 449 382
f 382 349 389
f 21 28 22
f 22 28 32
f 389 349 384
f 60 28 21
f 349 251 384
f 60 21 56
f 251 342 384
f 89 60 56
f 111 60 89
f 108 111 89
f 211 255 251
f 251 255 342
f 255 211 225
f 211 108 225
f 3799 3798 4074
f 3639 3620 3799
f 3799 3620 3798
f 4063 4199 4074
f 4217 4199 4063
f 3639 3375 3620
f 3375 3465 3620
f 4217 4063 4198
f 4198 4247 4217
f 4247 4271 4217
f 4198 4226 4247
f 3185 3166 3301
f 3301 3166 3465
f 4271 4247 4261
f 3185 3085 3166
f 4276 4261 4262
f 4262 4261 4247
f 3085 2914 3166
f 4276 4262 4282
f 4282 4262 4256
f 4256 4262 4239
f 2753 2755 2740
f 4239 4258 4256
f 4256 4258 4279
f 2753 2657 2755
f 2673 2755 2657
f 4280 4224 4279
f 4258 4280 4279
f 2662 2663 2657
f 2657 2663 2673
f 2662 2573 2663
f 4224 4280 4223
f 4223 4280 4301
f 2573 2571 2663
f 4223 4301 4302
f 2663 2571 2675
f 4302 4275 4223
f 4302 4303 4275
f 2675 2571 2661
f 4270 4228 4275
f 4275 4228 4227
f 4303 4270 4275
f 4173 4228 4231
f 4303 4231 4270
f 4270 4231 4228
f 4173 4231 4106
f 2661 2571 2670
f 4106 4096 4066
f 4066 4173 4106
f 2571 2669 2670
f 4106 3976 4096
f 2669 2578 2670
f 2578 2647 2670
f 2578 2482 2647
f 3976 4011 3956
f 2480 2647 2482
f 2484 2480 2482
f 2530 2383 2403
f 2530 2403 2484
f 3893 3900 3899
f 3899 3900 3820
f 2383 2530 2340
f 3820 3823 3831
f 3831 3823 3813
f 2266 2281 2255
f 3741 3824 3813
f 2255 2281 2249
f 3673 3748 3741
f 3748 3824 3741
f 2177 2281 2176
f 3590 3748 3673
f 3590 3746 3748
f 2188 2191 2176
f 2176 2191 2177
f 2190 2195 2188
f 2188 2195 2191
f 3746 3590 3670
f 2190 2052 2195
f 2049 2195 2052
f 3596 3408 3581
f 2045 2043 2052
f 2052 2043 2049
f 3289 3114 3090
f 3408 3114 3289
f 3581 3408 3493
f 2045 1934 2043
f 1934 1913 1847
f 1934 2045 1913
f 2431 2594 2527
f 2024 2146 2078
f 2317 2146 2222
f 2431 2317 2222
f 1600 1700 1627
f 1700 1717 1627
f 1717 1591 1627
f 1591 1514 1627
f 1732 1888 1855
f 1514 1591 1468
f 1888 1732 1823
f 1467 1514 1468
f 1732 1729 1823
f 1537 1657 1729
f 1468 1302 1467
f 1302 1372 1467
f 1553 1495 1538
f 1537 1553 1657
f 1553 1538 1657
f 1306 1256 1302
f 1256 1372 1302
f 1256 1245 1212
f 1256 1306 1245
f 1346 1495 1553
f 1212 1198 1099
f 1245 1198 1212
f 1110 1346 1283
f 1198 1047 1099
f 1131 1346 1110
f 1131 1046 1127
f 895 758 850
f 986 895 850
f 799 758 801
f 801 758 895
f 959 1009 1046
f 1127 1046 1009
f 965 1009 959
f 801 711 799
f 711 664 799
f 864 871 959
f 965 959 871
f 711 573 664
f 711 668 573
f 668 543 573
f 815 816 871
f 543 668 529
f 543 529 418
f 529 374 418
f 733 761 727
f 374 529 409
f 727 686 733
f 409 265 374
f 727 646 686
f 409 270 265
f 409 322 270
f 322 256 270
f 322 298 256
f 646 581 590
f 298 249 256
f 256 249 207
f 510 590 581
f 245 156 249
f 249 156 207
f 510 451 550
f 200 126 156
f 156 245 200
f 550 500 501
f 174 134 126
f 126 200 174
f 473 501 464
f 501 500 464
f 470 503 464
f 503 473 464
f 134 129 110
f 470 450 503
f 110 95 65
f 110 129 95
f 450 381 504
f 450 504 503
f 95 58 63
f 50 63 58
f 504 381 422
f 41 50 58
f 26 41 40
f 41 58 40
f 422 387 459
f 459 387 428
f 26 40 5
f 5 40 12
f 428 344 376
f 344 343 376
f 12 17 3
f 376 343 382
f 17 22 3
f 343 259 382
f 10 3 22
f 22 32 10
f 259 349 382
f 209 140 208
f 209 208 259
f 259 208 251
f 259 251 349
f 28 60 94
f 140 111 208
f 111 108 211
f 111 211 208
f 208 211 251
f 3542 3798 3620
f 3798 4028 4074
f 4063 4074 4028
f 3620 3465 3473
f 3473 3465 3420
f 4132 4198 4063
f 4132 4115 4198
f 4198 4115 4226
f 4226 4115 4225
f 4226 4225 4247
f 4247 4225 4262
f 4225 4176 4239
f 4225 4239 4262
f 2914 2897 2904
f 2897 2740 2759
f 4176 4243 4239
f 2755 2759 2740
f 4239 4243 4258
f 4258 4243 4280
f 4243 4177 4280
f 4177 4301 4280
f 2675 2664 2663
f 2663 2664 2673
f 4301 4260 4302
f 4302 4260 4303
f 2661 2569 2675
f 4260 4216 4303
f 4156 4231 4216
f 4303 4216 4231
f 4052 4106 4156
f 4231 4156 4106
f 2661 2670 2674
f 4052 4124 4106
f 4007 4106 4124
f 2647 2668 2670
f 3976 4106 4016
f 4106 4007 4016
f 2647 2652 2668
f 3976 4016 4012
f 3976 4012 4011
f 2570 2652 2647
f 3956 4011 3957
f 4011 4012 3957
f 2570 2647 2480
f 3893 3956 3887
f 3956 3957 3887
f 2484 2473 2480
f 3893 3887 3900
f 2484 2403 2473
f 3821 3900 3887
f 3820 3900 3821
f 2266 2325 2340
f 3823 3735 3813
f 2255 2252 2266
f 3741 3813 3735
f 2249 2262 2255
f 2255 2262 2252
f 3741 3735 3593
f 2281 2227 2249
f 2227 2262 2249
f 3673 3741 3674
f 3741 3593 3674
f 2104 2227 2177
f 2227 2281 2177
f 3590 3673 3591
f 3673 3674 3591
f 2104 2177 2191
f 3591 3577 3590
f 3590 3577 3670
f 3408 3596 3577
f 3670 3577 3596
f 2041 2195 2049
f 1924 2049 2043
f 2797 2947 2871
f 3090 3028 2947
f 3028 2871 2947
f 3090 3114 3028
f 1924 1934 1859
f 1934 1808 1859
f 1924 2043 1934
f 2797 2707 2772
f 2772 2947 2797
f 1847 1808 1934
f 2594 2707 2527
f 2594 2772 2707
f 1808 1847 1700
f 2431 2527 2317
f 1808 1600 1588
f 1808 1700 1600
f 2078 2006 2024
f 2243 2078 2146
f 2146 2317 2243
f 1296 1588 1540
f 1600 1540 1588
f 1855 2024 1881
f 1600 1514 1540
f 1600 1627 1514
f 1644 1732 1785
f 1732 1855 1785
f 1540 1387 1296
f 1549 1729 1644
f 1729 1732 1644
f 1336 1214 1296
f 1387 1336 1296
f 1540 1467 1387
f 1540 1514 1467
f 1336 1265 1214
f 1467 1336 1387
f 1537 1729 1549
f 1265 1169 1214
f 1336 1467 1372
f 1166 1078 1169
f 1265 1166 1169
f 1336 1372 1265
f 1266 1386 1380
f 1537 1380 1553
f 1380 1386 1553
f 1265 1256 1166
f 1372 1256 1265
f 1386 1266 1335
f 1386 1335 1553
f 1166 1022 1078
f 1166 1256 1212
f 1335 1283 1346
f 1335 1346 1553
f 1099 1022 1166
f 1166 1212 1099
f 1099 987 1022
f 1110 1283 1172
f 947 877 901
f 987 877 947
f 1099 1047 987
f 1047 893 877
f 987 1047 877
f 1047 986 893
f 946 1131 993
f 1131 1110 993
f 846 850 758
f 846 893 850
f 893 986 850
f 1046 1131 946
f 946 967 1046
f 959 1046 967
f 799 664 663
f 967 864 959
f 663 664 615
f 664 573 615
f 573 527 615
f 871 864 815
f 676 816 815
f 416 485 418
f 485 543 418
f 761 816 676
f 418 336 416
f 374 336 418
f 761 676 727
f 336 265 254
f 336 374 265
f 727 672 646
f 519 646 672
f 270 202 265
f 256 202 270
f 646 519 581
f 256 207 202
f 207 143 154
f 202 207 154
f 510 581 513
f 581 472 513
f 207 156 143
f 451 510 513
f 156 124 143
f 124 156 130
f 130 156 126
f 451 465 550
f 130 126 84
f 550 465 500
f 84 126 79
f 134 79 126
f 465 464 500
f 134 110 79
f 79 110 65
f 320 450 470
f 320 283 450
f 65 63 34
f 65 95 63
f 283 307 381
f 283 381 450
f 307 241 381
f 34 41 4
f 50 41 63
f 63 41 34
f 26 4 41
f 381 260 422
f 26 5 4
f 260 387 422
f 387 260 326
f 387 326 428
f 326 281 344
f 326 344 428
f 6 5 12
f 281 231 314
f 281 314 344
f 344 314 343
f 3 6 12
f 231 236 314
f 314 236 160
f 314 160 343
f 160 192 343
f 343 192 259
f 32 31 10
f 31 3 10
f 61 31 32
f 192 160 209
f 192 209 259
f 94 61 28
f 61 32 28
f 160 140 209
f 111 94 60
f 3729 3941 3798
f 3798 3941 4028
f 3620 3473 3542
f 4028 3941 4063
f 3941 4008 4063
f 3465 3250 3420
f 4063 4008 4132
f 3250 3465 3166
f 4008 4046 4132
f 4132 4046 4115
f 3166 2914 3250
f 4077 4115 4046
f 4077 4225 4115
f 4176 4225 4077
f 2897 2759 2904
f 2759 2833 2904
f 2759 2755 2833
f 4176 4167 4243
f 2756 2755 2673
f 2756 2833 2755
f 4167 4177 4243
f 2756 2673 2758
f 2673 2664 2758
f 4177 4119 4260
f 4177 4260 4301
f 2675 2569 2664
f 4119 4156 4260
f 4260 4156 4216
f 4090 4052 4156
f 2670 2668 2674
f 4052 4044 4124
f 4044 4007 4124
f 2746 2668 2752
f 2652 2752 2668
f 3959 4012 4016
f 3901 3957 3959
f 3957 4012 3959
f 2480 2486 2570
f 3756 3887 3901
f 3887 3957 3901
f 2480 2473 2486
f 3887 3756 3821
f 2340 2325 2383
f 2325 2403 2383
f 3823 3666 3735
f 3666 3664 3735
f 2325 2266 2335
f 2252 2335 2266
f 3664 3593 3735
f 2227 2153 2262
f 3593 3591 3674
f 2104 2183 2227
f 2227 2183 2153
f 2104 2113 2183
f 2191 2113 2104
f 2195 1975 2191
f 1975 2113 2191
f 1975 2195 2041
f 3577 3591 3408
f 3028 3114 3106
f 3290 3106 3114
f 3591 3290 3408
f 3290 3114 3408
f 2049 1924 2041
f 1924 1936 2041
f 1767 1936 1859
f 1936 1924 1859
f 2527 2797 2443
f 2707 2797 2527
f 1859 1808 1767
f 2527 2443 2317
f 2443 2324 2317
f 1808 1641 1767
f 2167 2243 2324
f 2324 2243 2317
f 2078 2167 2006
f 2167 2078 2243
f 1808 1588 1641
f 1881 2024 2006
f 1588 1296 1515
f 1588 1515 1641
f 1455 1515 1296
f 1714 1785 1881
f 1785 1855 1881
f 1644 1785 1714
f 1296 1362 1455
f 1214 1232 1277
f 1352 1296 1277
f 1296 1214 1277
f 1296 1352 1388
f 1296 1388 1362
f 1549 1362 1388
f 1214 1260 1232
f 1352 1260 1388
f 1388 1380 1549
f 1549 1380 1537
f 1218 1214 1169
f 1214 1218 1266
f 1214 1266 1260
f 1260 1266 1388
f 1388 1266 1380
f 1118 1169 1078
f 1118 1218 1169
f 1218 1132 1335
f 1218 1335 1266
f 1078 1022 1118
f 1132 1172 1283
f 1132 1283 1335
f 947 901 878
f 1048 1110 1132
f 1132 1110 1172
f 901 877 878
f 993 1110 1048
f 893 844 877
f 1048 905 993
f 844 905 852
f 905 844 893
f 993 905 946
f 905 893 946
f 757 852 758
f 758 828 846
f 828 758 852
f 893 846 946
f 799 757 758
f 791 849 828
f 846 828 849
f 846 849 946
f 946 849 967
f 757 799 663
f 849 864 967
f 849 791 864
f 526 615 527
f 791 729 864
f 680 676 729
f 864 729 815
f 573 485 527
f 485 526 527
f 729 676 815
f 485 573 543
f 641 676 680
f 641 604 676
f 416 336 310
f 604 560 676
f 676 560 727
f 254 310 336
f 560 672 727
f 210 254 204
f 254 265 204
f 560 568 672
f 568 519 672
f 265 202 204
f 202 158 204
f 202 154 158
f 519 472 581
f 143 109 154
f 472 436 513
f 436 452 513
f 513 452 451
f 124 130 109
f 109 143 124
f 452 394 451
f 394 408 451
f 130 84 91
f 408 366 451
f 451 366 465
f 366 379 465
f 465 379 464
f 379 313 377
f 379 377 464
f 464 377 470
f 79 65 27
f 377 313 320
f 377 320 470
f 27 34 7
f 27 65 34
f 8 2 7
f 7 34 8
f 283 241 307
f 4 2 8
f 8 34 4
f 241 239 381
f 239 212 260
f 239 260 381
f 2 4 1
f 4 5 1
f 195 281 212
f 212 281 260
f 260 281 326
f 1 5 6
f 281 195 231
f 195 166 161
f 195 161 231
f 14 6 3
f 44 14 3
f 231 161 236
f 101 161 166
f 161 160 236
f 44 3 31
f 73 62 31
f 62 44 31
f 140 101 73
f 101 140 161
f 73 31 61
f 73 61 94
f 73 94 111
f 73 111 140
f 161 140 160
f 3571 3729 3542
f 3542 3729 3798
f 3542 3473 3571
f 3729 3797 3941
f 3473 3420 3571
f 3420 3381 3571
f 3950 3941 3797
f 3950 4008 3941
f 3420 3250 3381
f 4008 3950 4046
f 3950 3942 4046
f 4006 4046 3942
f 4046 4006 4077
f 4084 4176 4077
f 4084 4003 4176
f 4176 4003 4167
f 4142 4167 4003
f 4167 4142 4177
f 4142 4122 4177
f 2758 2747 2756
f 4122 4067 4177
f 4177 4067 4119
f 2758 2664 2747
f 4067 4086 4119
f 2569 2566 2664
f 4119 4086 4156
f 4090 4156 4086
f 2661 2568 2569
f 2569 2568 2566
f 2661 2674 2568
f 2655 2668 2746
f 4044 4021 4007
f 2746 2752 2655
f 4007 4021 4016
f 2576 2655 2652
f 2655 2752 2652
f 3959 4021 3960
f 3959 4016 4021
f 2550 2576 2570
f 2570 2576 2652
f 3959 3960 3901
f 2486 2550 2570
f 2403 2392 2473
f 3756 3737 3821
f 2335 2258 2325
f 2258 2333 2325
f 2229 2258 2252
f 2258 2335 2252
f 2262 2154 2229
f 2262 2229 2252
f 3664 3675 3593
f 2153 2099 2154
f 2154 2262 2153
f 3593 3675 3591
f 2153 2035 2099
f 2153 2183 2035
f 2113 2086 2035
f 2035 2183 2113
f 2086 2113 1975
f 3290 3591 3291
f 3591 3480 3291
f 3028 3106 3029
f 3291 3106 3290
f 1936 1795 1827
f 2797 2871 2781
f 3028 3029 2871
f 1795 1936 1767
f 2797 2532 2443
f 1795 1767 1682
f 2532 2324 2443
f 2167 2324 2120
f 1641 1517 1567
f 2167 2120 2006
f 1881 1958 1883
f 1881 2006 1958
f 1517 1515 1485
f 1517 1641 1515
f 1515 1455 1389
f 1881 1883 1714
f 1455 1362 1319
f 1549 1644 1464
f 1277 1319 1352
f 1319 1362 1352
f 1352 1362 1356
f 1260 1137 1232
f 1260 1218 1137
f 1118 1042 994
f 1093 1042 1118
f 876 961 947
f 1118 1022 1093
f 1022 988 1093
f 1093 1072 1132
f 947 878 876
f 947 961 987
f 961 988 987
f 1022 987 988
f 1048 1132 1072
f 878 877 844
f 1072 988 1048
f 844 772 796
f 772 844 852
f 905 900 852
f 772 757 718
f 757 692 718
f 772 852 757
f 692 757 663
f 692 663 562
f 663 571 562
f 571 615 526
f 571 663 615
f 791 792 729
f 680 729 687
f 729 738 687
f 485 416 454
f 454 526 485
f 641 680 647
f 680 687 647
f 647 652 641
f 641 652 604
f 310 227 289
f 416 310 289
f 604 652 608
f 227 254 203
f 254 210 203
f 254 227 310
f 604 608 560
f 560 608 563
f 560 563 568
f 163 204 158
f 519 568 563
f 519 563 538
f 158 131 138
f 519 512 472
f 131 154 115
f 131 158 154
f 512 469 472
f 115 154 109
f 436 472 440
f 472 469 440
f 436 440 452
f 109 130 91
f 394 452 440
f 394 440 397
f 394 397 408
f 366 373 316
f 366 408 397
f 366 397 373
f 316 379 366
f 313 379 312
f 313 312 320
f 283 320 238
f 320 312 238
f 238 243 283
f 241 283 243
f 16 2 15
f 241 243 239
f 2 1 15
f 239 243 216
f 216 212 239
f 212 216 198
f 42 15 1
f 198 169 212
f 169 195 212
f 1 13 42
f 169 171 195
f 6 13 1
f 14 42 6
f 42 13 6
f 101 166 171
f 195 171 166
f 81 14 44
f 81 44 62
f 73 101 62
f 3571 3569 3729
f 3569 3642 3729
f 3642 3797 3729
f 3381 3569 3571
f 3797 3902 3950
f 3902 3942 3950
f 3250 2993 3381
f 3902 3939 3942
f 3250 2914 2993
f 3942 3939 4006
f 3939 4084 4006
f 4006 4084 4077
f 3939 3881 4084
f 3881 4003 4084
f 2833 2840 2904
f 3995 4142 4003
f 4142 3995 4122
f 4043 4067 4122
f 2664 2665 2747
f 4067 4043 4086
f 4043 3994 4086
f 2664 2566 2665
f 2566 2674 2665
f 3994 3948 4090
f 3994 4090 4086
f 2566 2568 2674
f 4052 4090 3948
f 2668 2655 2674
f 2576 2551 2655
f 3896 3960 4021
f 3896 3905 3960
f 2576 2550 2551
f 3901 3960 3905
f 3756 3901 3905
f 2403 2391 2392
f 2403 2325 2391
f 2325 2341 2391
f 3821 3737 3666
f 2325 2333 2341
f 3666 3685 3664
f 2258 2268 2333
f 2109 2105 2099
f 2099 2105 2154
f 2099 2035 1969
f 2099 1969 2109
f 2086 1969 2035
f 2034 1969 1975
f 1969 2086 1975
f 3591 3580 3480
f 2041 1915 1975
f 1915 2034 1975
f 3029 3106 3107
f 3291 3107 3106
f 1915 1936 1827
f 1915 2041 1936
f 2872 3029 2948
f 1795 1915 1827
f 2783 2781 2872
f 2781 2871 2872
f 2871 3029 2872
f 1662 1795 1682
f 2532 2291 2324
f 2781 2532 2797
f 1767 1662 1682
f 2080 2120 2291
f 2120 2324 2291
f 1662 1641 1567
f 1662 1767 1641
f 1933 2120 2080
f 1485 1474 1517
f 1517 1662 1567
f 1958 2006 1933
f 2006 2120 1933
f 1485 1391 1474
f 1391 1485 1422
f 1485 1515 1422
f 1319 1422 1389
f 1422 1515 1389
f 1714 1678 1644
f 1277 1269 1319
f 1455 1319 1389
f 1232 1182 1269
f 1269 1277 1232
f 1188 1182 1137
f 1137 1182 1232
f 1464 1362 1549
f 1137 1092 1188
f 1352 1356 1260
f 1218 1092 1137
f 1092 1118 994
f 1092 1218 1118
f 1132 1218 1161
f 1218 1226 1161
f 1042 1000 994
f 1093 1161 1042
f 1093 1132 1161
f 843 1000 876
f 1000 961 876
f 1049 1072 1093
f 1049 1093 988
f 878 843 876
f 966 988 961
f 1049 988 1072
f 773 843 796
f 843 844 796
f 843 878 844
f 1048 988 966
f 772 773 796
f 869 900 966
f 900 905 966
f 905 1048 966
f 692 773 718
f 773 772 718
f 852 900 851
f 900 869 851
f 536 583 562
f 562 583 692
f 793 828 851
f 828 852 851
f 791 828 792
f 828 793 792
f 571 448 536
f 536 562 571
f 448 526 423
f 526 454 423
f 448 571 526
f 729 792 688
f 729 688 738
f 368 454 416
f 368 416 289
f 647 557 652
f 181 227 203
f 652 557 539
f 652 539 608
f 210 181 203
f 181 204 138
f 181 210 204
f 608 538 563
f 138 204 163
f 138 163 158
f 462 519 483
f 519 538 483
f 519 462 512
f 435 469 462
f 469 512 462
f 70 115 109
f 392 469 435
f 392 440 469
f 109 91 70
f 52 70 91
f 397 440 373
f 29 52 84
f 52 91 84
f 29 84 19
f 19 84 79
f 19 79 27
f 275 312 379
f 27 23 19
f 27 7 23
f 238 312 275
f 16 7 2
f 16 23 7
f 238 214 243
f 214 186 243
f 175 216 186
f 186 216 243
f 216 175 169
f 216 169 198
f 30 15 42
f 128 171 175
f 175 171 169
f 42 14 81
f 88 101 128
f 128 101 171
f 81 62 88
f 88 62 101
f 3569 3381 3406
f 3642 3731 3797
f 3797 3731 3902
f 3381 2993 3406
f 3902 3731 3701
f 3902 3701 3939
f 2993 2914 2915
f 2914 2904 2915
f 3701 3881 3939
f 3879 4003 3881
f 2756 2757 2833
f 3995 3994 4043
f 4122 3995 4043
f 2747 2757 2756
f 3869 4052 3948
f 2655 2643 2674
f 4052 3869 4044
f 3869 4021 4044
f 2655 2551 2643
f 2486 2472 2550
f 2486 2473 2472
f 3666 3737 3678
f 3666 3678 3685
f 2154 2105 2087
f 2154 2087 2132
f 2132 2228 2154
f 2154 2228 2229
f 2229 2228 2258
f 2109 2087 2105
f 2087 2109 1969
f 3591 3675 3580
f 3675 3647 3580
f 2087 1969 1891
f 1891 1969 1903
f 1969 2034 1903
f 3480 3580 3481
f 3291 3480 3481
f 1903 1915 1865
f 1903 2034 1915
f 3029 3107 3010
f 1865 1915 1765
f 3010 2948 3029
f 1795 1662 1765
f 1765 1915 1795
f 2781 2783 2682
f 1662 1565 1765
f 2682 2316 2291
f 2532 2682 2291
f 2781 2682 2532
f 2080 2291 2149
f 2291 2316 2149
f 1517 1474 1565
f 1565 1474 1439
f 1662 1517 1565
f 1933 2080 2015
f 2080 2149 2015
f 1474 1391 1439
f 1958 1933 1787
f 1933 2015 1787
f 1958 1787 1883
f 1391 1422 1322
f 1714 1883 1787
f 1319 1269 1322
f 1322 1422 1319
f 1644 1678 1543
f 1464 1644 1543
f 1195 1189 1182
f 1182 1189 1269
f 1188 1195 1182
f 1362 1344 1356
f 1362 1464 1344
f 1188 1092 997
f 1218 1260 1226
f 1260 1356 1226
f 948 936 997
f 948 997 994
f 997 1092 994
f 854 786 936
f 948 854 936
f 948 1000 854
f 948 994 1000
f 1000 1042 1056
f 854 1000 843
f 843 743 786
f 854 843 786
f 961 957 966
f 843 773 743
f 773 692 743
f 692 617 743
f 448 486 511
f 486 536 511
f 536 486 583
f 583 617 692
f 793 851 725
f 511 536 448
f 793 725 792
f 688 594 693
f 423 368 334
f 423 454 368
f 688 693 738
f 687 738 649
f 687 649 647
f 475 557 649
f 557 647 649
f 266 227 206
f 266 289 227
f 227 181 206
f 557 475 539
f 138 123 206
f 181 138 206
f 608 539 538
f 539 483 538
f 138 131 123
f 462 483 466
f 131 115 105
f 391 462 466
f 115 55 105
f 435 462 398
f 462 391 398
f 115 70 55
f 380 435 398
f 392 435 380
f 70 38 55
f 380 399 392
f 392 399 440
f 70 52 38
f 440 399 373
f 52 29 38
f 316 277 276
f 316 280 379
f 275 379 280
f 280 273 275
f 238 275 273
f 16 15 64
f 64 15 30
f 77 64 30
f 147 175 159
f 175 186 159
f 76 77 42
f 77 30 42
f 107 76 128
f 147 107 175
f 76 42 81
f 76 81 128
f 107 128 175
f 81 88 128
f 3602 3406 3299
f 3406 3602 3569
f 3642 3569 3602
f 3406 2993 3299
f 3642 3602 3731
f 3602 3404 3731
f 3731 3404 3701
f 2904 2921 2915
f 2921 2993 2915
f 2904 2840 2921
f 3601 3701 3404
f 3701 3601 3607
f 3701 3607 3687
f 3701 3687 3881
f 3881 3687 3879
f 3687 3809 3879
f 3879 3995 4003
f 3809 3995 3879
f 3995 3809 3994
f 3809 3869 3994
f 2747 2665 2749
f 3994 3869 3948
f 2749 2665 2650
f 2674 2650 2665
f 2674 2648 2650
f 2643 2648 2674
f 2551 2648 2643
f 4021 3869 3896
f 2550 2548 2551
f 2550 2472 2548
f 2473 2392 2472
f 3756 3905 3656
f 3756 3656 3737
f 3678 3737 3702
f 2333 2268 2341
f 3702 3696 3678
f 3678 3696 3685
f 2258 2228 2268
f 3685 3647 3664
f 2087 1899 2132
f 3664 3647 3675
f 2087 1891 1899
f 1903 1899 1891
f 3010 3107 3169
f 3291 3169 3107
f 3481 3380 3291
f 3380 3169 3291
f 3481 3580 3380
f 1903 1897 1899
f 1770 1865 1765
f 1903 1865 1897
f 3010 3040 2948
f 1765 1640 1770
f 2682 2783 2878
f 2872 2878 2783
f 2872 2948 2878
f 1765 1565 1640
f 1565 1575 1640
f 1565 1439 1486
f 1565 1486 1575
f 1946 2149 2082
f 2149 2316 2082
f 1421 1486 1439
f 2015 2149 1946
f 1439 1391 1421
f 1391 1359 1421
f 1774 1787 1946
f 1787 2015 1946
f 1787 1774 1714
f 1774 1678 1714
f 1391 1322 1359
f 1322 1254 1359
f 1322 1269 1254
f 1462 1464 1490
f 1543 1490 1464
f 1269 1189 1254
f 1344 1464 1462
f 1188 1139 1195
f 1188 997 1139
f 997 1112 1139
f 997 996 1112
f 936 996 997
f 936 786 802
f 936 802 996
f 1056 1161 1167
f 1161 1226 1167
f 1042 1161 1056
f 961 1000 957
f 1000 1003 957
f 1000 1056 1003
f 786 743 752
f 786 752 802
f 780 966 957
f 743 618 752
f 869 966 780
f 486 618 583
f 583 618 617
f 743 617 618
f 725 851 780
f 851 869 780
f 486 448 370
f 370 448 423
f 594 792 725
f 594 688 792
f 551 738 693
f 334 368 266
f 738 551 649
f 266 368 289
f 649 551 545
f 228 266 206
f 545 475 649
f 206 176 228
f 475 467 539
f 206 123 176
f 123 120 176
f 430 539 467
f 539 430 483
f 131 121 123
f 123 121 120
f 483 430 466
f 131 105 121
f 105 55 121
f 55 48 121
f 351 380 398
f 55 47 48
f 351 355 380
f 55 38 47
f 38 37 47
f 380 355 399
f 373 399 355
f 38 29 37
f 29 20 37
f 277 373 355
f 277 316 373
f 19 20 29
f 188 316 276
f 19 24 20
f 316 188 280
f 188 226 280
f 23 24 19
f 66 24 23
f 280 226 273
f 66 23 39
f 193 238 226
f 273 226 238
f 23 16 39
f 238 193 214
f 193 186 214
f 39 16 64
f 66 39 64
f 77 66 64
f 159 193 146
f 159 186 193
f 146 119 147
f 146 147 159
f 77 76 119
f 119 76 107
f 119 107 147
f 3405 3299 2993
f 3299 3405 3602
f 3602 3405 3404
f 2993 3162 3405
f 3005 2993 2921
f 3405 3184 3404
f 3601 3404 3184
f 2921 2840 2846
f 3601 3253 3607
f 2840 2833 2846
f 3605 3607 3253
f 3605 3687 3607
f 2757 2846 2833
f 2719 2846 2757
f 3687 3605 3484
f 3484 3809 3687
f 2719 2757 2672
f 3680 3809 3484
f 3680 3688 3809
f 2757 2747 2672
f 2672 2747 2749
f 3809 3688 3869
f 3688 3757 3869
f 3869 3757 3681
f 2648 2551 2531
f 3869 3681 3896
f 2551 2548 2531
f 2548 2415 2531
f 2472 2259 2548
f 2548 2259 2415
f 2472 2314 2259
f 2392 2314 2472
f 3905 3499 3656
f 2392 2277 2314
f 2391 2313 2277
f 2277 2392 2391
f 3737 3656 3578
f 2391 2341 2313
f 3737 3578 3702
f 2341 2232 2313
f 2313 2232 2199
f 3578 3685 3702
f 2341 2268 2232
f 2268 2228 2232
f 3702 3685 3696
f 2132 1973 2232
f 2228 2132 2232
f 1899 1892 1973
f 1973 2132 1899
f 3380 3580 3647
f 1899 1867 1892
f 1752 1867 1899
f 3380 3412 3169
f 1752 1899 1797
f 3010 3169 3040
f 1897 1865 1797
f 1797 1899 1897
f 2857 2948 2881
f 3040 2881 2948
f 2799 2878 2857
f 2878 2948 2857
f 1664 1770 1640
f 2606 2682 2799
f 2682 2878 2799
f 2606 2445 2682
f 2682 2445 2316
f 1568 1640 1575
f 1359 1320 1421
f 1359 1271 1320
f 1543 1678 1601
f 1789 1601 1678
f 1774 1789 1678
f 1254 1134 1216
f 1271 1254 1216
f 1359 1254 1271
f 1254 1154 1134
f 1544 1490 1543
f 1543 1601 1544
f 1189 1139 1154
f 1154 1254 1189
f 1139 1189 1195
f 1289 1344 1338
f 1344 1462 1338
f 1338 1462 1452
f 1344 1289 1356
f 1289 1280 1356
f 1226 1356 1280
f 996 949 973
f 973 1112 996
f 1280 1179 1226
f 1179 1180 1226
f 894 949 996
f 1167 1226 1180
f 894 802 855
f 894 996 802
f 1056 1167 1096
f 1180 1096 1167
f 802 722 855
f 722 624 698
f 902 957 1003
f 752 624 722
f 802 752 722
f 902 795 780
f 902 780 957
f 618 534 540
f 624 618 540
f 624 752 618
f 486 534 618
f 725 780 719
f 486 370 534
f 370 424 534
f 645 725 719
f 370 334 300
f 370 423 334
f 594 725 645
f 300 334 224
f 594 551 693
f 224 334 266
f 482 545 551
f 228 145 224
f 228 224 266
f 475 545 482
f 482 499 475
f 145 228 176
f 475 499 467
f 176 144 145
f 499 463 467
f 120 100 144
f 144 176 120
f 467 463 430
f 463 434 430
f 100 120 121
f 121 92 100
f 430 434 466
f 466 434 386
f 48 18 92
f 121 48 92
f 391 466 386
f 351 398 386
f 391 386 398
f 47 37 54
f 37 20 54
f 277 319 276
f 277 355 319
f 54 20 51
f 20 24 51
f 188 187 226
f 51 24 66
f 78 51 66
f 114 97 78
f 187 97 193
f 187 193 226
f 97 114 146
f 97 146 193
f 78 66 77
f 78 77 114
f 114 77 119
f 114 119 146
f 3184 3162 3005
f 3005 3162 2993
f 3162 3184 3405
f 3253 3601 3184
f 3033 3005 2921
f 3005 3033 3184
f 3033 3253 3184
f 2846 3041 2921
f 3041 3033 2921
f 3296 3605 3253
f 3605 3296 3484
f 2672 2638 2719
f 2672 2646 2638
f 2563 2646 2672
f 2672 2749 2563
f 2563 2749 2505
f 2505 2749 2485
f 2485 2749 2650
f 3688 3703 3757
f 3703 3690 3757
f 2402 2648 2531
f 3757 3690 3697
f 3757 3697 3681
f 2531 2415 2257
f 3681 3499 3896
f 2257 2415 2259
f 3896 3499 3905
f 2314 2277 2159
f 2277 2313 2159
f 3578 3656 3499
f 2199 2232 2157
f 3578 3487 3685
f 2232 1973 2157
f 2157 1973 1965
f 3487 3412 3685
f 1892 1819 1965
f 1973 1892 1965
f 3685 3412 3647
f 1819 1892 1867
f 3412 3380 3647
f 3040 3169 3034
f 3034 2881 3040
f 1697 1770 1582
f 1770 1697 1865
f 1697 1797 1865
f 1582 1770 1664
f 1568 1582 1640
f 1582 1664 1640
f 2606 2518 2445
f 1525 1582 1568
f 2445 2361 2316
f 1568 1575 1525
f 2082 2316 2081
f 2316 2361 2081
f 1525 1486 1487
f 1525 1575 1486
f 1946 2082 1922
f 2082 2081 1922
f 1487 1421 1364
f 1421 1373 1364
f 1421 1487 1486
f 1946 1922 1857
f 1270 1373 1320
f 1373 1421 1320
f 1659 1789 1719
f 1719 1789 1857
f 1789 1774 1857
f 1774 1946 1857
f 1216 1270 1271
f 1320 1271 1270
f 1659 1613 1601
f 1789 1659 1601
f 1216 1134 1039
f 1216 1039 1270
f 1613 1544 1601
f 1154 1039 1134
f 1462 1490 1448
f 1490 1544 1448
f 1154 1139 1039
f 1452 1448 1338
f 1462 1448 1452
f 1039 1139 1113
f 1113 973 1039
f 1222 1280 1289
f 949 906 1039
f 973 949 1039
f 973 1113 1112
f 1113 1139 1112
f 1280 1222 1179
f 949 813 906
f 1050 1180 1179
f 776 775 684
f 855 775 813
f 813 775 776
f 949 894 813
f 1050 1096 1180
f 684 775 698
f 698 775 722
f 722 775 855
f 813 894 855
f 955 1056 1050
f 1056 1096 1050
f 684 698 584
f 859 902 955
f 1056 955 1003
f 955 902 1003
f 584 698 624
f 535 540 474
f 624 540 584
f 584 540 535
f 788 795 859
f 795 902 859
f 455 474 540
f 474 455 413
f 540 534 455
f 734 780 788
f 795 788 780
f 455 337 413
f 719 734 689
f 719 780 734
f 455 424 337
f 455 534 424
f 689 645 719
f 424 370 337
f 370 247 337
f 689 642 645
f 300 218 247
f 247 370 300
f 638 594 645
f 642 638 645
f 595 594 638
f 218 224 183
f 218 300 224
f 594 595 551
f 183 145 152
f 224 145 183
f 482 551 595
f 145 117 152
f 595 609 482
f 482 609 499
f 609 508 499
f 117 100 93
f 117 145 144
f 499 508 463
f 100 53 93
f 117 144 100
f 100 36 53
f 471 434 463
f 508 471 463
f 471 437 434
f 92 18 36
f 36 100 92
f 437 386 434
f 437 396 386
f 396 351 386
f 47 25 48
f 48 25 18
f 351 396 355
f 396 345 355
f 47 11 25
f 319 355 345
f 47 9 11
f 47 54 9
f 269 319 345
f 276 319 269
f 54 35 9
f 54 51 35
f 187 188 162
f 51 78 35
f 139 78 97
f 97 187 139
f 139 187 162
f 2846 2719 2762
f 2846 2762 3041
f 3253 3033 3122
f 3253 3122 3296
f 2719 2638 2762
f 3122 3033 3041
f 3122 3530 3296
f 3296 3530 3484
f 3530 3680 3484
f 2563 2545 2646
f 3680 3530 3688
f 2505 2572 2563
f 2563 2572 2545
f 3530 3459 3688
f 3688 3459 3703
f 2485 2650 2402
f 3703 3459 3690
f 2650 2648 2402
f 2402 2531 2347
f 3697 3690 3681
f 2347 2531 2257
f 2257 2259 2101
f 2101 2259 2159
f 2159 2259 2314
f 2101 2159 2107
f 2159 2313 2107
f 3499 3400 3578
f 3400 3418 3578
f 2107 2199 2090
f 2199 2040 2090
f 2107 2313 2199
f 2199 2157 2040
f 3578 3418 3487
f 2157 1953 2040
f 1953 2157 1965
f 3053 3487 3418
f 1965 1820 1953
f 3487 3053 3109
f 3487 3109 3412
f 1819 1820 1965
f 1867 1750 1819
f 3169 3109 3036
f 3109 3169 3412
f 1748 1750 1752
f 1750 1867 1752
f 3036 2881 3034
f 3036 3034 3169
f 1797 1697 1752
f 1697 1748 1752
f 2857 2881 2792
f 2792 2624 2857
f 2624 2799 2857
f 1582 1605 1697
f 2518 2606 2624
f 2624 2606 2799
f 1605 1582 1524
f 2445 2518 2361
f 1524 1487 1420
f 1487 1524 1525
f 1524 1582 1525
f 2081 2361 2223
f 1364 1420 1487
f 1364 1318 1393
f 1393 1420 1364
f 2017 1922 2081
f 1318 1364 1373
f 1857 1922 1788
f 1270 1253 1373
f 1731 1659 1719
f 1788 1731 1719
f 1788 1719 1857
f 1095 1253 1270
f 1270 1039 1095
f 1731 1613 1659
f 1489 1544 1613
f 1338 1448 1396
f 1396 1448 1489
f 1489 1448 1544
f 1289 1338 1222
f 1338 1396 1222
f 1039 906 1095
f 906 897 1095
f 1179 1222 1125
f 806 906 813
f 806 897 906
f 1050 1179 1125
f 806 813 776
f 712 776 684
f 776 712 806
f 1001 955 1050
f 1050 1125 1001
f 712 684 584
f 912 859 955
f 912 955 1001
f 541 474 442
f 474 541 535
f 584 535 541
f 541 712 584
f 853 859 912
f 853 788 859
f 474 413 442
f 413 439 442
f 853 734 788
f 413 337 425
f 439 413 425
f 371 337 247
f 371 425 337
f 247 268 371
f 555 638 642
f 234 218 183
f 218 234 247
f 234 268 247
f 497 595 555
f 638 555 595
f 182 183 152
f 182 234 183
f 595 497 506
f 595 506 609
f 117 182 152
f 427 493 506
f 506 493 609
f 609 493 508
f 93 103 117
f 103 182 117
f 427 453 493
f 93 53 103
f 493 453 508
f 453 401 508
f 378 508 401
f 67 53 36
f 67 103 53
f 508 378 471
f 471 378 437
f 378 388 437
f 18 80 36
f 80 67 36
f 437 388 396
f 388 347 396
f 18 25 80
f 240 396 347
f 80 25 59
f 396 240 345
f 240 269 345
f 25 11 59
f 240 213 269
f 11 9 59
f 213 190 188
f 213 276 269
f 213 188 276
f 9 35 59
f 188 139 162
f 59 35 78
f 59 78 139
f 2762 2638 3041
f 3041 2638 2918
f 3041 2918 3122
f 2638 2646 2918
f 2646 2545 2918
f 2545 2572 2918
f 3122 3237 3530
f 2572 2505 2918
f 2918 2505 2789
f 2918 2789 3122
f 3122 2789 3237
f 2505 2485 2789
f 3237 2789 2987
f 3237 2987 3188
f 3237 3188 3239
f 3237 3239 3459
f 3237 3459 3530
f 2485 2402 2547
f 2547 2789 2485
f 3239 3121 3459
f 2347 2412 2402
f 2412 2547 2402
f 3459 3121 3499
f 3459 3499 3690
f 2412 2347 2329
f 3690 3499 3681
f 2329 2347 2257
f 2101 2323 2257
f 2329 2257 2323
f 2101 2107 2323
f 2040 2107 2090
f 2040 2178 2107
f 2178 2323 2107
f 3400 3182 3418
f 3182 3193 3418
f 1953 2042 2040
f 2042 2178 2040
f 1974 2042 1953
f 3418 3193 3053
f 1895 1953 1820
f 1974 1953 1895
f 1819 1895 1820
f 3053 2890 3036
f 3053 3036 3109
f 1895 1819 1750
f 2792 2881 3036
f 1748 1895 1750
f 1697 1680 1748
f 1680 1605 1606
f 1697 1605 1680
f 2446 2518 2536
f 2536 2518 2624
f 1440 1606 1524
f 1606 1605 1524
f 2306 2361 2350
f 2350 2361 2446
f 2361 2518 2446
f 2223 2361 2306
f 1318 1272 1397
f 1440 1420 1397
f 1524 1420 1440
f 2083 2081 2223
f 1318 1187 1272
f 1393 1318 1397
f 1397 1420 1393
f 2083 1861 2017
f 2081 2083 2017
f 1861 1806 2017
f 2017 1806 1922
f 1318 1373 1187
f 1624 1731 1806
f 1253 1098 1373
f 1373 1098 1187
f 1624 1603 1731
f 1806 1731 1788
f 1806 1788 1922
f 1253 1095 1098
f 1603 1437 1489
f 1603 1489 1613
f 1603 1613 1731
f 1095 934 1051
f 1098 1095 1051
f 1437 1357 1489
f 1357 1396 1489
f 1357 1351 1396
f 1095 830 934
f 1222 1396 1351
f 1268 1215 1222
f 1268 1222 1351
f 830 1095 897
f 998 1125 1215
f 1215 1125 1222
f 830 897 754
f 754 723 661
f 754 897 806
f 998 1001 1125
f 754 806 723
f 712 630 723
f 712 723 806
f 909 912 998
f 998 912 1001
f 541 532 630
f 630 532 587
f 712 541 630
f 541 442 441
f 441 532 541
f 909 853 912
f 439 417 442
f 417 441 442
f 677 734 909
f 734 853 909
f 417 221 303
f 417 439 425
f 677 689 734
f 371 221 417
f 425 371 417
f 591 689 677
f 371 268 221
f 555 642 591
f 642 689 591
f 268 234 221
f 182 165 184
f 234 182 184
f 497 555 505
f 141 125 165
f 182 141 165
f 141 96 125
f 427 506 505
f 497 505 506
f 103 83 96
f 141 103 96
f 141 182 103
f 385 453 427
f 453 385 401
f 317 378 401
f 103 67 83
f 83 67 85
f 378 317 341
f 378 341 388
f 67 80 85
f 388 341 347
f 341 235 347
f 80 59 104
f 347 235 240
f 194 240 235
f 170 142 190
f 170 190 194
f 194 190 213
f 194 213 240
f 190 142 188
f 104 59 142
f 142 139 188
f 139 142 59
f 2789 2876 2987
f 2789 2547 2720
f 2876 2789 2720
f 2987 3012 3188
f 3188 3012 3239
f 2547 2326 2720
f 3121 3239 3012
f 2326 2547 2412
f 3121 3400 3499
f 2329 2192 2269
f 2269 2412 2329
f 2329 2323 2127
f 3400 3121 3182
f 2323 2178 1986
f 2178 2042 1989
f 2929 3193 3032
f 3182 3032 3193
f 3193 2929 3053
f 1895 1842 1974
f 2890 3053 2959
f 1895 1673 1842
f 2837 3036 2890
f 2837 2792 3036
f 1673 1748 1583
f 1895 1748 1673
f 2621 2624 2837
f 2624 2792 2837
f 1680 1583 1748
f 1606 1441 1583
f 1680 1606 1583
f 2446 2536 2448
f 2536 2465 2448
f 2624 2621 2536
f 1441 1606 1440
f 2448 2350 2446
f 1272 1234 1397
f 1397 1441 1440
f 2223 2248 2083
f 1094 1234 1187
f 1234 1272 1187
f 1858 1806 1861
f 1828 1806 1858
f 1094 1187 1040
f 1051 1040 1098
f 1040 1187 1098
f 1603 1498 1437
f 1602 1498 1603
f 1602 1603 1624
f 937 1051 934
f 937 1040 1051
f 1424 1357 1437
f 1424 1437 1498
f 934 889 937
f 1424 1351 1357
f 889 934 830
f 830 754 778
f 778 754 696
f 754 726 696
f 995 998 1215
f 995 1215 1268
f 625 726 661
f 726 754 661
f 661 565 625
f 723 630 565
f 565 661 723
f 909 998 995
f 441 457 532
f 441 417 457
f 221 234 199
f 555 591 458
f 199 234 184
f 165 196 184
f 555 458 505
f 165 125 196
f 458 461 505
f 96 172 125
f 369 427 461
f 505 461 427
f 96 83 172
f 253 385 369
f 369 385 427
f 172 83 157
f 253 401 385
f 274 317 401
f 274 291 317
f 83 85 157
f 164 157 85
f 317 291 341
f 164 85 173
f 233 189 232
f 233 232 271
f 271 232 291
f 291 232 341
f 173 85 80
f 232 189 173
f 189 164 173
f 341 232 235
f 173 80 104
f 173 142 170
f 173 170 232
f 232 170 194
f 232 194 235
f 173 104 142
f 2611 2623 2326
f 2713 2623 2611
f 2744 2623 2713
f 2720 2326 2623
f 2744 2720 2623
f 2839 2720 2744
f 2720 2839 2876
f 2876 2839 2987
f 2839 3012 2987
f 2263 2326 2412
f 2263 2412 2269
f 2839 2745 3012
f 3012 2745 3121
f 2745 2981 3121
f 2192 2329 2127
f 2981 2929 3121
f 2127 2323 1986
f 3121 2929 3182
f 2178 1989 1986
f 2929 3032 3182
f 1989 1941 1673
f 2042 1941 1989
f 1941 1842 1673
f 1974 1842 1941
f 1941 2042 1974
f 2895 2959 2929
f 2929 2959 3053
f 2855 2890 2959
f 1673 1583 1470
f 2890 2449 2837
f 2449 2708 2837
f 2837 2708 2621
f 2477 2536 2708
f 1583 1441 1470
f 1441 1377 1470
f 2387 2465 2477
f 2465 2536 2477
f 2621 2708 2536
f 1441 1339 1377
f 2248 2350 2387
f 2465 2387 2448
f 2387 2350 2448
f 1339 1397 1317
f 1339 1441 1397
f 2306 2350 2248
f 1317 1397 1234
f 2223 2306 2248
f 1234 1200 1317
f 2066 2022 2083
f 2083 2248 2066
f 1234 1094 1200
f 1858 1861 1828
f 1861 2022 1828
f 1861 2083 2022
f 952 1094 1040
f 1624 1806 1828
f 1040 937 952
f 889 952 937
f 778 889 803
f 889 830 803
f 830 778 803
f 1268 1351 1290
f 675 778 696
f 1268 1290 1224
f 726 675 696
f 995 1268 1123
f 1268 1224 1123
f 601 675 625
f 675 726 625
f 565 601 625
f 995 1123 1021
f 498 565 587
f 587 565 630
f 532 402 498
f 498 587 532
f 909 995 892
f 995 1021 892
f 532 457 402
f 457 328 402
f 677 909 818
f 909 892 818
f 457 417 328
f 713 677 818
f 328 417 303
f 591 677 713
f 328 303 221
f 589 591 713
f 328 221 219
f 494 591 589
f 458 591 494
f 221 199 219
f 494 429 458
f 429 383 458
f 184 196 199
f 458 383 461
f 196 125 172
f 311 369 383
f 383 369 461
f 311 253 369
f 215 274 253
f 253 274 401
f 189 215 164
f 215 157 164
f 274 215 233
f 215 189 233
f 274 233 271
f 274 271 291
f 2713 2611 2744
f 2611 2326 2610
f 2326 2263 2610
f 2611 2610 2744
f 2744 2610 2839
f 2610 2745 2839
f 2263 2269 2394
f 2263 2394 2610
f 2610 2633 2745
f 2269 2192 2394
f 2610 2394 2633
f 2633 2981 2745
f 2981 2633 2788
f 2633 2523 2788
f 2192 2127 2394
f 2127 2332 2394
f 2981 2788 2929
f 2160 2127 1986
f 2160 2198 2127
f 1986 2162 2160
f 2788 2455 2929
f 1989 1992 1986
f 1992 2162 1986
f 2929 2455 2895
f 2455 2520 2895
f 1989 1673 1992
f 1673 1868 1992
f 2895 2855 2959
f 2895 2520 2855
f 1647 1673 1607
f 2380 2890 2855
f 1550 1607 1470
f 1607 1673 1470
f 1550 1470 1488
f 2380 2449 2890
f 1488 1470 1395
f 1470 1394 1395
f 2449 2387 2477
f 2449 2477 2708
f 1394 1470 1377
f 2169 2248 2387
f 1317 1159 1339
f 1159 1317 1200
f 2066 2248 2169
f 1200 1149 1158
f 2022 2021 1937
f 2022 2066 2021
f 1149 1200 1094
f 2022 1937 1828
f 1094 952 1041
f 952 953 1041
f 1624 1828 1677
f 1602 1624 1500
f 1624 1677 1500
f 952 889 842
f 1424 1498 1500
f 1602 1500 1498
f 1351 1424 1299
f 1424 1445 1299
f 1500 1445 1424
f 825 778 759
f 778 706 759
f 825 889 778
f 706 778 675
f 1351 1299 1290
f 633 601 570
f 601 569 570
f 633 675 601
f 569 601 565
f 446 498 402
f 446 495 498
f 328 456 402
f 456 446 402
f 818 892 774
f 328 393 456
f 720 713 774
f 713 818 774
f 713 720 619
f 456 393 346
f 494 456 346
f 589 456 494
f 619 589 713
f 328 219 346
f 328 346 393
f 346 429 494
f 219 199 267
f 219 267 346
f 346 267 429
f 429 267 383
f 199 196 267
f 267 311 383
f 196 172 267
f 267 215 311
f 172 215 267
f 172 157 215
f 215 253 311
f 2523 2394 2332
f 2394 2523 2633
f 2198 2332 2127
f 2523 2455 2788
f 2332 2198 2455
f 2332 2455 2523
f 2160 2162 2198
f 2162 2250 2198
f 2198 2250 2455
f 1869 1992 1822
f 1942 1992 1869
f 1822 1992 1868
f 1673 1647 1868
f 2520 2461 2855
f 2461 2380 2855
f 2319 2387 2380
f 2380 2387 2449
f 2319 2321 2387
f 1377 1237 1395
f 1395 1394 1377
f 1339 1237 1377
f 2027 2169 2321
f 2321 2169 2387
f 1237 1339 1159
f 2027 2021 2169
f 1158 1159 1200
f 1884 1937 2021
f 2169 2021 2066
f 1149 1013 1158
f 1013 1041 981
f 1041 1013 1094
f 1013 1149 1094
f 1862 1828 1937
f 952 842 953
f 1677 1604 1500
f 1604 1546 1500
f 889 825 842
f 1354 1445 1438
f 1500 1546 1445
f 1546 1438 1445
f 706 825 759
f 1445 1354 1299
f 675 633 706
f 633 626 706
f 1290 1135 1224
f 1135 1075 1224
f 585 626 570
f 570 626 633
f 1224 1075 1114
f 570 569 585
f 1114 1005 1123
f 1114 1123 1224
f 565 498 542
f 565 542 569
f 1005 999 1021
f 1021 1123 1005
f 498 495 542
f 892 999 907
f 892 1021 999
f 812 892 907
f 495 446 515
f 812 774 892
f 456 515 446
f 812 721 720
f 812 720 774
f 619 564 515
f 674 564 619
f 667 674 619
f 667 720 721
f 515 456 589
f 515 589 619
f 720 667 619
f 1869 1822 1942
f 2170 2162 1992
f 2162 2170 2239
f 2162 2239 2250
f 1822 1868 1942
f 1942 1996 1992
f 1996 2170 1992
f 2455 2250 2520
f 1868 1849 1942
f 1849 1940 1942
f 1940 1996 1942
f 2250 2253 2520
f 2520 2253 2461
f 1647 1665 1849
f 1868 1647 1849
f 2253 2380 2461
f 1607 1550 1496
f 1496 1665 1607
f 1607 1665 1647
f 2380 2253 2319
f 2253 2230 2319
f 1413 1496 1395
f 1395 1496 1488
f 1550 1488 1496
f 2230 2174 2319
f 1395 1340 1413
f 2174 2321 2319
f 1395 1237 1340
f 1237 1236 1340
f 2174 2027 2321
f 1237 1159 1236
f 1159 1117 1236
f 1884 2021 2027
f 1117 1158 1013
f 1159 1158 1117
f 1683 1862 1884
f 1884 1862 1937
f 1041 950 981
f 950 1013 981
f 1862 1683 1828
f 950 1041 953
f 1570 1677 1683
f 1828 1683 1677
f 953 842 950
f 842 825 950
f 1677 1570 1604
f 1546 1570 1438
f 1546 1604 1570
f 706 681 825
f 1194 1299 1354
f 1299 1194 1290
f 1135 1290 1194
f 626 585 681
f 706 626 681
f 1005 1114 1075
f 569 558 585
f 1005 917 999
f 569 542 558
f 542 566 558
f 798 907 917
f 999 917 907
f 542 495 566
f 566 495 515
f 566 515 564
f 724 812 798
f 798 812 907
f 674 724 629
f 721 724 674
f 721 812 724
f 629 564 674
f 721 674 667
f 2170 2250 2239
f 2170 1996 2180
f 2180 2315 2170
f 2315 2250 2170
f 2315 2253 2250
f 2253 2315 2389
f 1849 1665 1940
f 1996 1940 2155
f 1996 2155 2180
f 2389 2231 2253
f 1940 1952 2155
f 2230 2231 2155
f 2231 2180 2155
f 2253 2231 2230
f 1413 1665 1496
f 1665 1071 1940
f 1940 1071 1952
f 2155 1952 2174
f 2155 2174 2230
f 1413 1071 1665
f 1071 1413 1340
f 1952 2027 2174
f 1236 1071 1340
f 2027 1952 1884
f 1071 1236 1117
f 1952 1071 1570
f 1952 1570 1683
f 1952 1683 1884
f 1071 1013 950
f 1013 1071 1117
f 950 825 1071
f 1071 1438 1570
f 1071 1354 1438
f 825 566 1071
f 1071 1194 1354
f 825 681 566
f 1071 1075 1135
f 1071 1135 1194
f 681 585 566
f 566 917 1071
f 1071 917 1075
f 585 558 566
f 917 1005 1075
f 566 798 917
f 566 564 724
f 566 724 798
f 629 724 564
f 2315 2180 2231
f 2389 2315 2231
f 3823 3821 3666
f 3820 3821 3823
f 6141 6000 6040
f 6141 6040 6126
f 6141 6126 6359
f 6141 5856 6000
f 6141 6359 6556
f 6545 5803 6556
f 6556 5803 6141
f 6141 5698 5856
f 5803 5698 6141
f 6545 6120 5803
f 5698 5604 5626
f 5604 5698 5592
f 5592 5698 5675
f 6545 6416 6120
f 5803 5675 5698
f 6315 6234 6085
f 6234 6315 6401
f 6234 6126 6085
f 6359 6234 6401
f 6499 6359 6401
f 6809 6359 6860
f 6860 6359 6499
f 6040 6085 6126
f 6359 6126 6234
f 6556 6359 6809
f 6997 6556 6809
f 6997 6974 6556
f 6769 6545 6556
f 6974 6769 6556
f 5724 5814 5856
f 5698 5626 5724
f 5724 5856 5698
f 6747 6545 6769
f 6769 6974 6842
f 6769 6842 6747
f 6564 6416 6545
f 6747 6564 6545
f 5604 5592 5536
f 6416 6564 6479
f 5535 5451 5592
f 5592 5451 5536
f 5884 5675 5803
f 6120 5884 5803
f 6416 6309 6121
f 6416 6121 6120
f 6416 6479 6309
f 5451 5362 5536
f 5592 5675 5535
f 6120 6033 5884
f 6120 6121 6033
f 5535 5362 5451
f 5534 5535 5575
f 5675 5618 5575
f 5675 5575 5535
f 5535 5360 5362
f 5534 5360 5535
f 5534 5575 5483
f 5534 5483 5381
f 5534 5381 5360
f 6860 6686 6797
f 6963 6860 6797
f 6598 6499 6354
f 6499 6598 6686
f 6499 6401 6354
f 6809 6860 6963
f 7144 6809 6963
f 6315 6354 6401
f 6332 6354 6315
f 6860 6499 6686
f 7144 7112 6809
f 7144 7160 7112
f 6997 6809 7112
f 6040 6000 6008
f 7295 7112 7160
f 7112 7295 6997
f 7295 6974 6997
f 5814 5724 5752
f 7283 7110 7295
f 7295 7110 6974
f 5724 5626 5674
f 5752 5724 5674
f 6842 6974 6926
f 7110 7132 6926
f 7110 6926 6974
f 5626 5604 5674
f 5604 5536 5559
f 5604 5559 5674
f 6493 6564 6747
f 6121 6310 5951
f 6564 6493 6479
f 5951 6033 6121
f 6309 6310 6121
f 6479 6310 6309
f 5536 5362 5421
f 5536 5421 5469
f 5802 5675 5884
f 5802 5884 5885
f 5884 5951 5885
f 6033 5951 5884
f 5362 5390 5421
f 5802 5618 5675
f 5362 5353 5390
f 5575 5618 5802
f 5300 5353 5360
f 5360 5353 5362
f 5802 5483 5575
f 5323 5252 5300
f 5360 5323 5300
f 5360 5381 5323
f 5483 5802 5442
f 5381 5352 5323
f 5442 5352 5381
f 5483 5442 5381
f 5323 5271 5252
f 5352 5271 5323
f 5352 5442 5374
f 5271 5232 5252
f 5277 5352 5374
f 5271 5206 5232
f 5277 5271 5352
f 5247 5271 5277
f 5271 5147 5206
f 5214 5271 5247
f 5196 5163 5271
f 5271 5163 5147
f 5271 5214 5196
f 6687 6598 6688
f 6687 6688 6789
f 6778 6687 6789
f 6778 6797 6686
f 6789 6797 6778
f 6789 7117 6797
f 6797 7117 6963
f 6598 6687 6686
f 6778 6686 6687
f 7144 6963 7117
f 7144 7117 7238
f 7144 7238 7350
f 7144 7350 7231
f 7160 7144 7325
f 7325 7144 7231
f 7427 7160 7325
f 6085 6040 6008
f 7295 7160 7427
f 7413 7295 7427
f 6000 5856 5814
f 6000 5814 6008
f 7295 7413 7283
f 5752 5750 5814
f 5752 5674 5750
f 5750 5674 5710
f 7253 7110 7283
f 6379 6747 6842
f 6926 6636 6842
f 5559 5510 5674
f 6747 6379 6493
f 5559 5536 5469
f 6310 5885 5951
f 6310 6479 6331
f 6493 6331 6479
f 5885 5805 5802
f 5680 5802 5805
f 5469 5421 5416
f 5357 5390 5353
f 5569 5543 5680
f 5543 5802 5680
f 5353 5300 5307
f 5802 5543 5442
f 5256 5307 5252
f 5307 5300 5252
f 5401 5442 5543
f 5232 5256 5252
f 5256 5232 5217
f 5217 5232 5206
f 5293 5277 5374
f 5206 5147 5174
f 5174 5217 5206
f 5277 5293 5231
f 5143 5174 5147
f 5247 5277 5231
f 5147 5126 5143
f 5122 5074 5126
f 5147 5122 5126
f 5163 5122 5147
f 5231 5214 5247
f 5074 5122 5100
f 5122 5115 5100
f 5163 5175 5115
f 5163 5115 5122
f 5196 5175 5163
f 6953 6791 6937
f 6953 6937 7199
f 6688 6715 6791
f 6688 6791 6953
f 6953 7199 7009
f 6953 6789 6688
f 7117 6789 6953
f 7117 6953 7009
f 7009 7173 7117
f 7173 7238 7117
f 6598 6354 6539
f 7325 7231 7350
f 7325 7350 7534
f 7434 7325 7534
f 6332 6315 6008
f 7325 7434 7427
f 7427 7434 7506
f 6315 6085 6008
f 7427 7506 7413
f 6008 5814 5880
f 5880 5750 5710
f 5814 5750 5880
f 5710 5674 5692
f 7405 7253 7283
f 7405 7283 7413
f 5692 5674 5576
f 5576 5674 5510
f 7188 7132 7110
f 7110 7253 7188
f 6636 6379 6842
f 5510 5559 5479
f 6493 6379 6331
f 5479 5559 5469
f 5903 5805 5885
f 5903 5885 6026
f 6310 6026 5885
f 6310 6331 6026
f 5464 5479 5469
f 5469 5416 5464
f 5421 5390 5357
f 5421 5357 5375
f 5375 5416 5421
f 5680 5754 5617
f 5754 5680 5805
f 5805 5813 5754
f 5569 5680 5617
f 5312 5357 5353
f 5307 5312 5353
f 5543 5569 5484
f 5543 5484 5403
f 5307 5256 5251
f 5543 5403 5401
f 5374 5442 5401
f 5256 5217 5240
f 5293 5374 5401
f 5293 5401 5292
f 5231 5293 5292
f 5143 5087 5135
f 5135 5174 5143
f 5231 5292 5275
f 5087 5143 5126
f 5126 5074 5087
f 5074 5048 5087
f 5184 5214 5211
f 5231 5211 5214
f 5044 5048 5074
f 5100 5044 5074
f 5184 5134 5175
f 5175 5196 5184
f 5214 5184 5196
f 5134 5115 5175
f 5115 5042 5100
f 5100 5042 5044
f 6783 6799 6971
f 6783 6971 6937
f 6937 6971 7199
f 6937 6791 6783
f 6783 6791 6715
f 7173 7009 7328
f 7328 7009 7199
f 7238 7173 7328
f 7402 7238 7328
f 6688 6598 6625
f 6688 6625 6715
f 7564 7238 7402
f 7564 7350 7238
f 6598 6539 6625
f 7534 7350 7564
f 6354 6339 6539
f 7434 7534 7634
f 6354 6332 6339
f 7506 7434 7634
f 6251 6332 6008
f 7506 7634 7643
f 5880 6064 6008
f 7506 7643 7413
f 7405 7413 7547
f 7547 7413 7643
f 5692 5691 5710
f 5691 5880 5710
f 7405 7254 7253
f 7547 7254 7405
f 5576 5625 5690
f 5576 5690 5692
f 5690 5691 5692
f 6845 6636 6926
f 7132 6845 6926
f 7188 6845 7132
f 7188 7253 7254
f 5510 5625 5576
f 5690 5625 5681
f 6636 6453 6379
f 6453 6636 6795
f 6636 6845 6795
f 5510 5479 5625
f 6218 6026 6331
f 6417 6218 6331
f 6417 6331 6379
f 6379 6453 6417
f 6036 5949 6026
f 5949 5903 6026
f 6026 6218 6036
f 5479 5464 5625
f 5625 5464 5589
f 5805 5903 5813
f 5464 5527 5589
f 5464 5416 5527
f 5754 5813 5677
f 5813 5903 5677
f 5677 5903 5949
f 5357 5312 5375
f 5375 5358 5416
f 5416 5358 5450
f 5450 5527 5416
f 5617 5754 5677
f 5358 5375 5312
f 5312 5307 5324
f 5312 5324 5358
f 5484 5569 5631
f 5569 5617 5631
f 5617 5677 5631
f 5631 5574 5484
f 5307 5251 5264
f 5264 5324 5307
f 5484 5489 5403
f 5529 5489 5574
f 5574 5489 5484
f 5489 5401 5403
f 5251 5256 5240
f 5489 5449 5401
f 5489 5529 5449
f 5240 5217 5239
f 5292 5401 5351
f 5401 5449 5351
f 5351 5449 5411
f 5351 5329 5292
f 5174 5178 5239
f 5217 5174 5239
f 5283 5292 5329
f 5158 5178 5135
f 5135 5178 5174
f 5292 5283 5275
f 5089 5158 5087
f 5158 5135 5087
f 5231 5275 5211
f 5073 5087 5048
f 5087 5073 5089
f 5184 5211 5182
f 5044 5024 5048
f 5048 5024 5073
f 5134 5184 5182
f 5023 4991 5024
f 5044 5023 5024
f 5044 5042 5023
f 5123 5115 5134
f 5141 5123 5134
f 4966 4991 5001
f 5023 5001 4991
f 5115 5085 5042
f 5085 5115 5123
f 5042 5001 5023
f 4966 4959 4942
f 5001 4959 4966
f 5050 5001 5042
f 5085 5050 5042
f 4959 4919 4942
f 5001 4985 4959
f 5050 5007 5001
f 5001 5007 4985
f 4959 4908 4919
f 4974 4908 4959
f 4985 4974 4959
f 4908 4881 4919
f 4950 4908 4974
f 4908 4840 4881
f 4908 4950 4946
f 4974 4946 4950
f 4840 4839 4815
f 4908 4839 4840
f 4839 4786 4815
f 4946 4839 4908
f 4933 4909 4946
f 4839 4783 4786
f 4909 4839 4946
f 4909 4895 4839
f 4897 4839 4895
f 4839 4795 4783
f 4807 4795 4839
f 4839 4897 4879
f 4839 4820 4807
f 4879 4820 4839
f 6635 6322 6695
f 6862 6635 6695
f 6635 6271 6322
f 6799 6635 6862
f 7122 6799 6862
f 6356 6271 6635
f 6602 6356 6635
f 6971 6799 7122
f 7200 6971 7122
f 6799 6602 6635
f 7227 6971 7200
f 6447 6356 6602
f 7227 7199 6971
f 7394 7227 7441
f 6783 6447 6602
f 6799 6783 6602
f 7328 7199 7227
f 7394 7328 7227
f 7402 7328 7394
f 7394 7441 7402
f 6783 6528 6447
f 6715 6528 6783
f 7402 7441 7537
f 7564 7402 7537
f 7564 7537 7636
f 6715 6625 6528
f 7564 7636 7652
f 7534 7564 7696
f 7696 7564 7652
f 7634 7534 7696
f 7634 7696 7712
f 7634 7712 7701
f 7634 7701 7643
f 6251 6008 6269
f 6064 6074 6008
f 6008 6074 6269
f 5880 5971 6064
f 5971 5880 5909
f 5880 5691 5909
f 7643 7701 7547
f 7547 7701 7596
f 5909 5691 5690
f 7188 7254 7249
f 7547 7249 7254
f 7465 7249 7547
f 7465 7547 7596
f 5681 5909 5690
f 6856 6845 7011
f 6845 7249 7011
f 7188 7249 6845
f 6795 6845 6856
f 6795 6856 6766
f 5625 5656 5681
f 6124 6218 6417
f 6361 6124 6417
f 6453 6361 6417
f 6361 6453 6565
f 6453 6766 6565
f 6795 6766 6453
f 5656 5625 5589
f 6218 6124 6036
f 6036 6124 5952
f 6036 5952 5949
f 5589 5527 5656
f 5527 5450 5472
f 5472 5656 5527
f 5952 5677 5949
f 5450 5358 5472
f 5677 5952 5614
f 5368 5472 5358
f 5631 5677 5614
f 5324 5343 5358
f 5343 5368 5358
f 5614 5574 5631
f 5264 5299 5324
f 5299 5343 5324
f 5251 5240 5264
f 5529 5574 5448
f 5448 5574 5614
f 5240 5239 5250
f 5240 5250 5264
f 5264 5250 5299
f 5449 5529 5448
f 5411 5449 5448
f 5178 5221 5239
f 5239 5221 5250
f 5158 5176 5178
f 5322 5275 5329
f 5329 5275 5283
f 5351 5322 5329
f 5351 5411 5322
f 5322 5411 5448
f 5158 5089 5144
f 5144 5176 5158
f 5176 5221 5178
f 5322 5282 5275
f 5322 5448 5305
f 5101 5144 5089
f 5144 5136 5176
f 5211 5275 5282
f 5305 5282 5322
f 5101 5136 5144
f 5282 5230 5211
f 5230 5282 5305
f 5073 5070 5089
f 5086 5101 5089
f 5086 5136 5101
f 5230 5305 5223
f 5073 5024 5070
f 5089 5070 5086
f 5230 5182 5211
f 5045 5070 5024
f 5134 5182 5177
f 5200 5177 5182
f 5182 5230 5200
f 5230 5223 5200
f 5024 4991 4990
f 5024 4990 5045
f 5141 5134 5162
f 5134 5177 5162
f 4966 4962 4991
f 4991 4962 4990
f 5123 5141 5162
f 4962 4966 4951
f 4951 4966 4942
f 5085 5123 5114
f 5123 5162 5114
f 4938 4942 4919
f 4942 4938 4951
f 5085 5114 5078
f 4912 4919 4884
f 4884 4919 4881
f 4919 4912 4938
f 5050 5085 5075
f 5078 5075 5085
f 5050 5022 5007
f 5022 5050 5058
f 4881 4878 4884
f 5022 4985 5007
f 4881 4840 4853
f 4881 4853 4878
f 4998 4974 4985
f 5022 4998 4985
f 4946 4974 4998
f 4998 5022 5004
f 4840 4815 4826
f 4840 4826 4853
f 4998 5004 4997
f 4998 4977 4946
f 4997 4977 4998
f 4815 4786 4797
f 4797 4826 4815
f 4977 4933 4946
f 4975 4933 4977
f 4933 4975 4937
f 4783 4785 4786
f 4785 4797 4786
f 4909 4933 4937
f 4909 4937 4895
f 4783 4784 4785
f 4897 4895 4911
f 4784 4783 4795
f 4897 4911 4900
f 4784 4795 4807
f 4897 4900 4879
f 4879 4900 4902
f 4784 4807 4790
f 4902 4874 4879
f 4902 4899 4874
f 4820 4790 4807
f 4862 4827 4820
f 4879 4862 4820
f 4874 4862 4879
f 4874 4899 4883
f 4827 4790 4820
f 4883 4862 4874
f 4872 4862 4883
f 4862 4872 4827
f 6322 6410 6695
f 6410 6322 6271
f 6694 6881 6695
f 6695 6881 6862
f 6862 6881 7122
f 6410 6526 6694
f 6694 6695 6410
f 6881 6956 7122
f 6410 6271 6526
f 7121 7122 6956
f 7122 7121 7200
f 7227 7200 7121
f 6526 6271 6356
f 7208 7227 7121
f 6526 6356 6514
f 7443 7441 7208
f 7441 7227 7208
f 6514 6356 6447
f 6514 6447 6522
f 6447 6528 6522
f 7441 7443 7537
f 6528 6436 6522
f 7649 7636 7443
f 7636 7537 7443
f 6436 6528 6625
f 7652 7636 7649
f 6436 6625 6539
f 6436 6539 6446
f 7652 7649 7700
f 7705 7696 7700
f 7700 7696 7652
f 6446 6539 6339
f 7705 7712 7696
f 6332 6353 6339
f 6251 6269 6353
f 6332 6251 6353
f 7712 7770 7768
f 7712 7768 7701
f 6064 5971 6074
f 5909 5887 5971
f 7596 7701 7676
f 7513 7596 7676
f 5681 5887 5909
f 7086 6928 7249
f 7249 6928 7011
f 7086 7249 7252
f 7249 7513 7252
f 7465 7513 7249
f 7596 7513 7465
f 6470 6766 6767
f 6767 6856 6928
f 6767 6766 6856
f 7011 6928 6856
f 5681 5656 5748
f 6565 6766 6470
f 5689 5748 5656
f 5748 5689 5747
f 5748 5747 5898
f 5898 5747 5952
f 5898 5952 6037
f 6124 6136 6037
f 6395 6136 6124
f 6395 6361 6470
f 6565 6470 6361
f 5747 5874 5952
f 6124 6037 5952
f 6361 6395 6124
f 5472 5689 5656
f 5689 5472 5747
f 5472 5522 5747
f 5747 5522 5874
f 5952 5874 5614
f 5522 5614 5874
f 5522 5472 5368
f 5614 5522 5448
f 5299 5250 5241
f 5241 5343 5299
f 5343 5241 5368
f 5368 5241 5522
f 5221 5241 5250
f 5522 5305 5448
f 5522 5241 5305
f 5221 5176 5241
f 5176 5142 5241
f 5142 5176 5136
f 5241 5142 5223
f 5241 5223 5305
f 5136 5086 5142
f 5142 5200 5223
f 5142 5121 5140
f 5142 5140 5200
f 5069 5070 5045
f 5070 5069 5086
f 5086 5088 5142
f 5142 5088 5121
f 5200 5140 5177
f 5045 4990 5014
f 5045 5014 5017
f 5069 5045 5017
f 5069 5088 5086
f 5140 5121 5162
f 5177 5140 5162
f 4990 4962 4979
f 4990 4979 5014
f 5162 5121 5114
f 4962 4951 4956
f 4962 4956 4979
f 5121 5112 5114
f 5114 5112 5078
f 4938 4954 4951
f 4951 4954 4956
f 4912 4930 4938
f 4930 4954 4938
f 5058 5050 5075
f 4930 4912 4884
f 5078 5083 5075
f 5078 5112 5083
f 4851 4878 4853
f 4878 4851 4884
f 4941 4930 4884
f 5022 5058 5040
f 5040 5058 5075
f 4851 4877 4884
f 5022 5040 5004
f 4853 4826 4824
f 4824 4851 4853
f 5004 5040 5013
f 5013 4983 4997
f 4997 4983 4977
f 4997 5004 5013
f 4826 4797 4814
f 4814 4824 4826
f 4837 4851 4824
f 4983 4976 4977
f 4977 4976 4975
f 4797 4796 4814
f 4937 4975 4976
f 4937 4976 4945
f 4797 4785 4796
f 4785 4780 4796
f 4937 4945 4936
f 4937 4936 4895
f 4785 4784 4780
f 4780 4784 4781
f 4895 4936 4934
f 4895 4934 4911
f 4781 4784 4782
f 4900 4911 4934
f 4934 4931 4900
f 4900 4931 4902
f 4902 4931 4910
f 4782 4784 4790
f 4902 4901 4899
f 4902 4910 4901
f 4901 4898 4899
f 4790 4798 4782
f 4899 4898 4883
f 4806 4790 4827
f 4872 4883 4898
f 4872 4898 4866
f 4827 4825 4806
f 4827 4833 4825
f 4827 4846 4833
f 4872 4866 4846
f 4872 4846 4827
f 6694 6785 6881
f 6881 6785 6956
f 6785 6694 6526
f 6962 7121 6956
f 6526 6514 6785
f 6956 6785 6962
f 7121 6962 7208
f 7035 7208 6962
f 7236 7329 7208
f 7208 7329 7443
f 7329 7538 7443
f 7700 7443 7538
f 7649 7443 7700
f 6519 6436 6446
f 6339 6353 6446
f 7712 7705 7770
f 6353 6269 6352
f 6269 6074 6352
f 7767 7768 7770
f 6351 6352 6074
f 6351 6074 6233
f 5971 6139 6074
f 6139 6233 6074
f 5887 6038 5971
f 6038 6139 5971
f 7675 7676 7701
f 7701 7768 7675
f 7252 7513 7597
f 7597 7513 7676
f 7676 7675 7597
f 5681 5959 5887
f 5959 6038 5887
f 7262 7086 7252
f 7252 7368 7262
f 5681 5748 5931
f 5959 5681 5931
f 6928 7086 7041
f 5748 5898 5931
f 6136 6154 6037
f 6566 6470 6767
f 6928 6566 6767
f 5898 5999 5931
f 6037 6034 5999
f 6037 5999 5898
f 6154 6034 6037
f 6334 6228 6395
f 6395 6228 6136
f 6334 6395 6470
f 5069 5017 5059
f 5059 5084 5069
f 5069 5084 5088
f 5088 5084 5121
f 5014 4979 5043
f 5017 5014 5059
f 5121 5084 5097
f 5121 5097 5112
f 4956 4954 4968
f 4956 4968 4979
f 4979 4968 5000
f 4979 5000 5043
f 5014 5043 5059
f 4954 4930 4941
f 4954 4941 4968
f 5112 5097 5094
f 4968 4941 4965
f 4965 5000 4968
f 5112 5094 5083
f 4915 4965 4941
f 5082 5040 5083
f 5083 5040 5075
f 4877 4941 4884
f 4941 4877 4915
f 5082 5057 5040
f 4852 4877 4851
f 4877 4890 4915
f 5082 5067 5057
f 4877 4852 4890
f 5013 4976 4983
f 4824 4814 4837
f 4852 4851 4837
f 4865 4890 4852
f 5033 4976 5013
f 5040 5033 5013
f 5057 5033 5040
f 5057 5067 5033
f 4789 4814 4796
f 4814 4789 4837
f 4837 4789 4816
f 4832 4852 4837
f 5020 4945 4976
f 5033 5020 4976
f 4796 4780 4789
f 4816 4832 4837
f 5020 4958 4945
f 4787 4789 4780
f 4945 4958 4936
f 5015 4958 5020
f 4780 4781 4787
f 4958 4934 4936
f 4972 4958 5015
f 4972 5015 5010
f 4787 4781 4782
f 4787 4782 4788
f 4972 4934 4958
f 4972 4931 4934
f 4788 4782 4792
f 4972 4910 4931
f 4792 4782 4804
f 4910 4972 4967
f 4804 4782 4791
f 4918 4898 4910
f 4910 4898 4901
f 4910 4967 4949
f 4910 4949 4918
f 4782 4798 4791
f 4918 4949 4921
f 4798 4790 4806
f 4918 4903 4898
f 4798 4806 4811
f 4806 4825 4811
f 4887 4866 4898
f 4903 4887 4898
f 4798 4811 4800
f 4846 4825 4833
f 4886 4846 4866
f 4887 4886 4866
f 4805 4811 4825
f 4850 4805 4846
f 4846 4805 4825
f 4886 4850 4846
f 4850 4886 4871
f 4811 4805 4800
f 6785 6784 6962
f 7035 6954 7036
f 7036 7208 7035
f 7036 7236 7208
f 6514 6784 6785
f 6962 6784 6954
f 6962 6954 7035
f 7358 7538 7236
f 7538 7329 7236
f 7392 7445 7358
f 7358 7445 7538
f 6780 6514 6522
f 7445 7566 7538
f 7538 7566 7700
f 6522 6436 6689
f 6689 6780 6522
f 6689 6436 6519
f 6446 6445 6519
f 7772 7770 7705
f 6353 6445 6446
f 7770 7781 7767
f 6352 6351 6353
f 7675 7768 7767
f 7597 7368 7252
f 7597 7530 7368
f 7041 7086 7138
f 7138 7086 7248
f 7262 7248 7086
f 5959 5931 5999
f 6928 7041 6844
f 6844 7041 7138
f 6228 6154 6136
f 6228 6334 6311
f 6566 6928 6753
f 6753 6928 6844
f 6470 6394 6334
f 6566 6394 6470
f 6566 6753 6394
f 5043 5000 5021
f 5043 5021 5041
f 5041 5059 5043
f 5059 5041 5066
f 5059 5066 5084
f 5084 5066 5097
f 5094 5097 5066
f 4965 4999 5000
f 5000 4999 5021
f 5021 5066 5041
f 5066 5099 5094
f 5099 5083 5094
f 5083 5099 5139
f 4999 4965 4984
f 4999 4984 5021
f 5082 5083 5139
f 5150 5082 5139
f 4984 4965 4929
f 4929 4965 4915
f 5149 5120 5150
f 5150 5120 5082
f 4984 4929 4947
f 4984 4947 4986
f 4986 5021 4984
f 5067 5082 5120
f 5120 5149 5119
f 5119 5149 5133
f 5120 5119 5067
f 4890 4865 4889
f 4906 4915 4890
f 4915 4906 4929
f 4929 4906 4928
f 4928 4947 4929
f 5119 5133 5130
f 4852 4832 4865
f 4890 4889 4906
f 5119 5033 5067
f 5119 5130 5110
f 5079 5033 5119
f 5110 5079 5119
f 4832 4864 4865
f 4864 4889 4865
f 5079 5020 5033
f 5079 5110 5096
f 4789 4787 4816
f 5015 5020 5039
f 5079 5039 5020
f 4816 4787 4813
f 4816 4813 4832
f 4832 4813 4845
f 4845 4864 4832
f 5079 5064 5039
f 5064 5079 5096
f 5039 5010 5015
f 4787 4788 4813
f 5038 5010 5039
f 5064 5038 5039
f 4788 4792 4813
f 4813 4792 4831
f 4972 5010 4995
f 5038 5064 5053
f 4831 4792 4804
f 5038 4995 5010
f 5038 5026 4995
f 5038 5053 5026
f 4802 4831 4804
f 4995 4967 4972
f 5006 4967 4995
f 4995 5026 5006
f 4791 4801 4804
f 4804 4801 4802
f 4967 5006 4949
f 4949 5006 4994
f 4791 4798 4801
f 4994 4926 4949
f 4949 4926 4921
f 4903 4918 4926
f 4921 4926 4918
f 4926 4994 4960
f 4926 4960 4922
f 4903 4926 4887
f 4887 4926 4922
f 4904 4886 4887
f 4887 4922 4904
f 4799 4800 4805
f 4904 4871 4886
f 4799 4805 4803
f 4904 4885 4871
f 4885 4904 4925
f 4799 4803 4794
f 4822 4803 4805
f 4850 4822 4805
f 4803 4808 4794
f 4822 4808 4803
f 4850 4838 4822
f 4858 4838 4850
f 4850 4871 4858
f 7236 7036 7395
f 6876 7036 6954
f 7358 7236 7395
f 7358 7395 7539
f 7539 7395 7541
f 6876 6784 6514
f 6784 6876 6954
f 7392 7358 7539
f 7539 7445 7392
f 7566 7445 7779
f 7566 7779 7647
f 6717 6780 6689
f 6689 6519 6717
f 7566 7647 7700
f 6631 6717 6519
f 7705 7700 7647
f 6445 6543 6519
f 6543 6631 6519
f 7705 7771 7772
f 7770 7772 7771
f 6353 6444 6445
f 6444 6543 6445
f 7770 7771 7781
f 6353 6351 6444
f 6351 6233 6340
f 7767 7781 7850
f 6233 6139 6340
f 6340 6139 6038
f 6340 6038 6258
f 7803 7675 7767
f 7675 7598 7597
f 7598 7675 7803
f 6258 6038 5959
f 6258 5959 6172
f 7530 7417 7368
f 7530 7597 7598
f 7530 7598 7417
f 7215 7248 7262
f 7368 7215 7262
f 5959 5999 6035
f 6035 6172 5959
f 7215 7138 7248
f 6229 6154 6228
f 6229 6228 6334
f 6228 6311 6334
f 6924 6844 7106
f 7106 6844 7138
f 5999 6034 6035
f 6154 6035 6034
f 6154 6135 6035
f 6154 6229 6135
f 6334 6294 6229
f 6394 6294 6334
f 6873 6294 6753
f 6753 6294 6394
f 6873 6753 6844
f 6844 6924 6873
f 5099 5116 5139
f 5139 5116 5150
f 5068 5066 5021
f 5066 5068 5099
f 5099 5068 5116
f 5150 5116 5149
f 5016 5068 5021
f 5116 5132 5149
f 5021 4986 5016
f 5133 5132 5131
f 5149 5132 5133
f 4969 5016 4986
f 4952 4969 4947
f 4947 4969 4986
f 5133 5131 5130
f 5130 5131 5113
f 4947 4928 4952
f 5130 5113 5110
f 4928 4906 4913
f 4928 4913 4952
f 5113 5111 5110
f 4889 4888 4906
f 4906 4888 4913
f 5096 5110 5111
f 5096 5111 5093
f 4889 4864 4888
f 5093 5095 5096
f 4864 4876 4888
f 4876 4864 4868
f 5077 5064 5096
f 5096 5095 5077
f 4836 4864 4845
f 4836 4845 4813
f 4864 4836 4868
f 4836 4813 4831
f 5077 5053 5064
f 4836 4831 4834
f 4836 4834 4868
f 4868 4834 4856
f 5053 5077 5065
f 4831 4830 4834
f 5053 5065 5026
f 4830 4802 4801
f 4831 4802 4830
f 5037 5019 5026
f 5026 5065 5037
f 5026 5019 5006
f 5019 4994 5006
f 4798 4793 4801
f 5031 4994 5037
f 5037 4994 5019
f 5037 5054 5031
f 5031 4960 4994
f 4800 4793 4798
f 5032 4960 5031
f 4799 4793 4800
f 5032 5009 4960
f 4793 4799 4810
f 4960 4940 4922
f 5009 4940 4960
f 4810 4799 4794
f 4940 4904 4922
f 4940 5009 4957
f 4925 4904 4940
f 4957 4925 4940
f 4957 5009 4963
f 4925 4957 4916
f 4916 4957 4935
f 4957 4963 4935
f 4794 4808 4809
f 4808 4822 4809
f 4925 4916 4885
f 4809 4822 4838
f 4858 4871 4861
f 4885 4861 4871
f 4916 4861 4885
f 4916 4869 4861
f 4916 4935 4923
f 4809 4838 4821
f 4860 4838 4858
f 4861 4860 4858
f 4861 4869 4860
f 4916 4923 4869
f 4841 4821 4838
f 4860 4841 4838
f 7036 6876 7120
f 7541 7582 7539
f 6876 6514 6888
f 6888 6514 6780
f 7539 7582 7779
f 6780 6801 6888
f 7779 7445 7539
f 7779 7889 7647
f 7647 7889 7897
f 7806 7647 7897
f 7806 7705 7647
f 7771 7705 7867
f 6444 6402 6543
f 7771 7867 7944
f 7771 7944 7781
f 7963 7781 7944
f 6340 6341 6351
f 7963 7850 7781
f 7850 7966 7767
f 7838 7803 7767
f 7767 7966 7838
f 6258 6172 6183
f 7595 7417 7598
f 7598 7802 7595
f 7803 7802 7598
f 7803 7838 7802
f 7368 7396 7215
f 7396 7368 7417
f 7417 7595 7461
f 6172 6035 6167
f 6172 6167 6183
f 7106 7138 7215
f 6035 6135 6167
f 6167 6229 6181
f 6167 6135 6229
f 6873 6384 6294
f 7106 6977 6924
f 7106 7085 6977
f 6229 6248 6181
f 6294 6248 6229
f 6294 6384 6248
f 6873 6751 6384
f 6873 6924 6751
f 5068 5105 5116
f 5116 5105 5132
f 5016 5063 5068
f 5063 5105 5068
f 5105 5138 5132
f 5132 5138 5169
f 5016 5047 5063
f 5063 5047 5056
f 5131 5132 5169
f 4996 5016 4969
f 5016 4996 5047
f 4969 4952 4996
f 5111 5113 5131
f 5169 5111 5131
f 5169 5170 5111
f 4987 4996 4952
f 4978 4996 4987
f 4939 4952 4913
f 4952 4939 4987
f 4987 4939 4961
f 4961 4978 4987
f 5170 5093 5111
f 4914 4913 4888
f 4913 4914 4939
f 5170 5095 5093
f 4876 4875 4888
f 4875 4914 4888
f 5155 5095 5170
f 4876 4868 4875
f 4905 4914 4875
f 5155 5077 5095
f 4875 4868 4856
f 4882 4905 4875
f 5155 5065 5077
f 4834 4830 4856
f 4875 4856 4882
f 5153 5065 5155
f 4830 4849 4856
f 4849 4882 4856
f 4819 4830 4801
f 4830 4819 4849
f 5153 5037 5065
f 4849 4819 4854
f 4819 4823 4854
f 5153 5054 5037
f 4854 4823 4863
f 5128 5054 5153
f 5153 5152 5128
f 4819 4801 4793
f 4863 4823 4847
f 4847 4823 4835
f 5032 5031 5054
f 5128 5032 5054
f 4819 4793 4812
f 4819 4812 4823
f 4823 4848 4835
f 4848 4847 4835
f 4823 4812 4848
f 4848 4812 4844
f 4812 4793 4810
f 4812 4810 4829
f 4812 4829 4844
f 5029 5009 5032
f 5128 5029 5032
f 5173 5029 5128
f 5173 5107 5029
f 4810 4794 4817
f 4817 4829 4810
f 4963 5009 5029
f 5208 5107 5173
f 4794 4809 4817
f 5207 5107 5208
f 5060 5034 5029
f 5107 5060 5029
f 5029 4993 4963
f 5034 4993 5029
f 5207 5109 5107
f 4963 4923 4935
f 4981 4948 4963
f 4993 4981 4963
f 5091 5060 5107
f 5167 5109 5207
f 4821 4818 4809
f 4809 4818 4817
f 4948 4923 4963
f 5109 5091 5107
f 4841 4860 4855
f 4948 4917 4923
f 4981 4917 4948
f 4993 5008 4981
f 4993 5034 5008
f 5167 5159 5109
f 5167 5168 5159
f 4821 4828 4818
f 4842 4828 4841
f 4841 4828 4821
f 4841 4855 4842
f 5109 5104 5091
f 5159 5104 5109
f 7036 7120 7395
f 7395 7120 7541
f 7120 7540 7541
f 7582 7541 7540
f 7540 7635 7582
f 6888 6889 6876
f 6876 6889 7120
f 7582 7635 7734
f 7734 7779 7582
f 6888 6801 6889
f 7779 7734 7889
f 6780 6717 6711
f 6780 6711 6801
f 6717 6631 6620
f 6717 6620 6711
f 7705 7806 7897
f 7867 7705 7897
f 7867 7897 8016
f 6543 6525 6620
f 6631 6543 6620
f 6543 6402 6525
f 7867 8016 7944
f 6351 6268 6444
f 7944 8016 8014
f 6341 6268 6351
f 7944 8014 7963
f 7966 7850 7963
f 7963 8014 7966
f 6340 6258 6255
f 6340 6255 6341
f 6258 6267 6255
f 6258 6183 6266
f 6258 6266 6267
f 7710 7595 7802
f 6183 6167 6266
f 7363 7396 7461
f 7461 7396 7417
f 7085 7106 7317
f 7317 7106 7215
f 7396 7317 7215
f 6977 6751 6924
f 6248 6265 6181
f 6248 6384 6265
f 6977 6786 6751
f 6751 6570 6384
f 6570 6751 6786
f 6265 6384 6081
f 6384 6330 6081
f 6570 6330 6384
f 6568 6330 6570
f 5098 5105 5072
f 5072 5105 5063
f 5105 5098 5138
f 5138 5098 5181
f 5138 5181 5169
f 5056 5072 5063
f 5080 5098 5072
f 5169 5181 5194
f 5072 5056 5047
f 5169 5194 5190
f 5169 5190 5170
f 4996 4978 5035
f 4996 5035 5047
f 5035 5072 5047
f 5012 5035 4978
f 5170 5190 5148
f 4978 4961 5012
f 5170 5148 5155
f 4961 4939 4914
f 5012 4961 5002
f 4914 4905 4944
f 4914 4944 4970
f 4914 4970 4961
f 4970 5002 4961
f 5148 5151 5155
f 4905 4882 4944
f 5155 5151 5153
f 4873 4882 4849
f 4882 4873 4944
f 4849 4854 4873
f 4873 4920 4944
f 5153 5151 5129
f 4873 4907 4920
f 4863 4873 4854
f 4873 4863 4907
f 5152 5153 5154
f 5154 5153 5129
f 4848 4863 4847
f 4863 4896 4907
f 4863 4848 4892
f 4896 4863 4892
f 5152 5154 5171
f 4848 4880 4892
f 5152 5171 5172
f 5152 5172 5128
f 4848 4844 4880
f 5128 5172 5173
f 5173 5172 5193
f 4844 4829 4880
f 5173 5193 5191
f 5173 5191 5208
f 4880 4829 4867
f 4829 4817 4843
f 4829 4843 4867
f 5207 5208 5210
f 5210 5208 5191
f 4857 4867 4843
f 4843 4817 4818
f 4869 4891 4859
f 4923 4891 4869
f 5179 5192 5167
f 5207 5179 5167
f 4843 4818 4842
f 4843 4842 4857
f 4857 4842 4855
f 4860 4859 4855
f 4855 4859 4857
f 4860 4869 4859
f 4917 4891 4923
f 4955 4891 4917
f 4981 4955 4917
f 5060 5061 5034
f 5091 5061 5060
f 5091 5102 5061
f 5168 5167 5157
f 5167 5192 5157
f 4842 4818 4828
f 4981 4980 4955
f 4980 4981 5008
f 5034 5061 5008
f 5008 5061 5018
f 5102 5091 5104
f 5102 5104 5157
f 5008 4992 4980
f 5008 5018 4992
f 5159 5157 5104
f 5168 5157 5159
f 7120 6955 7540
f 7581 7635 7540
f 6802 6955 6889
f 6955 7120 6889
f 7734 7635 7581
f 7734 7581 7716
f 6802 6889 6801
f 7734 7716 7841
f 7889 7734 7841
f 6801 6711 6599
f 6711 6405 6599
f 7889 7898 7897
f 6405 6711 6620
f 7897 7898 7964
f 7897 7964 8016
f 6405 6620 6525
f 7964 8014 8016
f 6187 6402 6444
f 6268 6341 6255
f 7966 8014 7960
f 7966 7960 7871
f 7838 7871 7842
f 7966 7871 7838
f 7709 7710 7802
f 7802 7838 7842
f 7802 7842 7709
f 6266 6167 6267
f 7444 7446 7461
f 7595 7593 7444
f 7595 7444 7461
f 7595 7710 7593
f 7317 7396 7363
f 7461 7446 7363
f 6181 6166 6167
f 6977 7085 7104
f 7240 7104 7317
f 7317 7104 7085
f 7317 7363 7240
f 7240 7186 7104
f 6166 6181 6265
f 7104 7023 6977
f 7104 7186 7023
f 6166 6265 6092
f 6786 6977 7023
f 7023 7099 6843
f 7023 7186 7099
f 6265 6081 6092
f 6570 6786 6568
f 6662 6568 6786
f 6786 7023 6662
f 6662 7023 6843
f 6330 6134 6081
f 6081 6134 6032
f 6568 6585 6419
f 6568 6419 6330
f 6330 6308 6134
f 6330 6419 6308
f 5181 5161 5222
f 5181 5222 5194
f 5098 5080 5081
f 5161 5098 5118
f 5161 5181 5098
f 5222 5245 5194
f 5071 5080 5072
f 5071 5081 5080
f 5081 5118 5098
f 5245 5190 5194
f 5071 5072 5035
f 5049 5071 5035
f 5245 5213 5190
f 5012 5049 5035
f 5213 5148 5190
f 5213 5245 5244
f 5012 5002 5011
f 5012 5011 5027
f 5027 5049 5012
f 5220 5148 5213
f 5213 5244 5220
f 5027 5011 5030
f 5002 4970 4982
f 4982 5011 5002
f 5011 4982 5030
f 5220 5151 5148
f 4982 5003 5030
f 4944 4982 4970
f 5219 5151 5220
f 4944 5003 4982
f 5219 5129 5151
f 5003 4944 4988
f 4944 4920 4953
f 4944 4953 4988
f 5219 5154 5129
f 5219 5272 5259
f 5219 5259 5154
f 4920 4907 4896
f 4920 4927 4953
f 4920 4896 4927
f 4927 4932 4953
f 5259 5171 5154
f 4896 4932 4927
f 5243 5171 5259
f 4932 4896 4894
f 5243 5172 5171
f 4894 4896 4880
f 4880 4896 4892
f 5193 5172 5243
f 5193 5243 5246
f 4893 4894 4880
f 5246 5191 5193
f 4893 4880 4867
f 4893 4867 4943
f 4924 4943 4867
f 5210 5191 5246
f 5210 5209 5207
f 5210 5246 5209
f 4870 4867 4857
f 4867 4870 4924
f 4964 4943 4955
f 4964 4955 4973
f 5179 5207 5197
f 5207 5209 5197
f 4857 4859 4870
f 4870 4859 4891
f 4870 4891 4924
f 5179 5156 5192
f 4955 4924 4891
f 4955 4943 4924
f 4955 4980 4973
f 4973 4980 5005
f 5005 4992 5028
f 5028 4992 5018
f 5028 5018 5061
f 5102 5028 5061
f 5102 5156 5028
f 5157 5156 5102
f 5157 5192 5156
f 5005 4980 4992
f 6846 6955 6802
f 6955 6846 7364
f 6955 7364 7540
f 7540 7364 7607
f 7540 7607 7581
f 7581 7607 7716
f 6802 6781 6846
f 6802 6801 6599
f 7737 7716 7607
f 7716 7737 7841
f 6599 6355 6571
f 7841 7737 7889
f 7898 7889 7737
f 6405 6355 6599
f 6355 6405 6187
f 7898 7896 7964
f 6187 6405 6525
f 6187 6525 6402
f 7896 7887 7964
f 6268 6187 6444
f 7964 7887 7960
f 8014 7964 7960
f 7887 7893 7960
f 6255 6184 6268
f 6255 6075 6184
f 7766 7871 7849
f 7871 7893 7849
f 7960 7893 7871
f 7871 7766 7842
f 6075 6255 6267
f 7709 7842 7766
f 6170 6267 6167
f 7710 7709 7593
f 6166 6170 6167
f 7279 7363 7446
f 7279 7240 7363
f 7446 7444 7279
f 7240 7279 7081
f 7240 7081 7186
f 6843 7099 7081
f 7186 7081 7099
f 6843 7081 6919
f 6081 6066 6092
f 6032 6066 6081
f 6585 6568 6662
f 6032 6010 6066
f 6010 6032 6133
f 6134 6133 6032
f 6308 6133 6134
f 6308 6419 6488
f 6010 6133 6060
f 6250 6060 6133
f 6308 6250 6133
f 6308 6488 6250
f 5161 5189 5222
f 5118 5189 5161
f 5189 5229 5222
f 5245 5222 5248
f 5248 5222 5229
f 5081 5071 5092
f 5081 5092 5118
f 5124 5189 5118
f 5118 5092 5124
f 5245 5248 5265
f 5049 5092 5071
f 5124 5092 5106
f 5092 5049 5106
f 5245 5265 5261
f 5245 5261 5244
f 5030 5049 5027
f 5049 5030 5106
f 5106 5030 5090
f 5220 5244 5261
f 5030 5003 5090
f 5090 5003 5076
f 5288 5219 5261
f 5261 5219 5220
f 5003 5051 5076
f 5272 5219 5288
f 5288 5317 5272
f 5051 5003 5062
f 5003 4988 4989
f 5317 5259 5272
f 5003 4989 5062
f 5062 4989 5055
f 4988 4953 4989
f 4989 5046 5055
f 5315 5259 5317
f 4932 4989 4953
f 5314 5262 5315
f 5315 5262 5259
f 5046 4989 5025
f 5262 5243 5259
f 4932 4894 4971
f 4932 4971 4989
f 4989 4971 5025
f 5274 5243 5262
f 4971 4894 4893
f 5274 5246 5243
f 5246 5274 5260
f 4893 4943 4971
f 5036 4971 4964
f 4971 4943 4964
f 5036 4964 5052
f 5246 5260 5224
f 5195 5209 5224
f 5224 5209 5246
f 4964 4973 5005
f 4964 5005 5052
f 5108 5052 5156
f 5108 5156 5195
f 5195 5156 5179
f 5195 5179 5197
f 5209 5195 5197
f 5005 5028 5052
f 5052 5028 5156
f 6781 6571 6782
f 6782 6846 6781
f 6846 7198 7364
f 7198 7308 7364
f 6571 6802 6599
f 6571 6781 6802
f 7536 7737 7607
f 6355 6317 6408
f 6571 6355 6408
f 7536 7773 7737
f 6355 6188 6317
f 7737 7773 7898
f 6355 6187 6188
f 7773 7628 7896
f 7773 7896 7898
f 7896 7758 7887
f 6268 6184 6187
f 7893 7887 7895
f 7895 7894 7893
f 7849 7893 7894
f 7849 7862 7766
f 6075 6267 6170
f 7709 7766 7862
f 7801 7709 7862
f 7862 7845 7801
f 7593 7709 7801
f 7693 7444 7593
f 7593 7801 7693
f 6166 5998 6170
f 7444 7455 7279
f 5998 6166 6092
f 7279 7455 7379
f 5998 6092 5930
f 7235 7128 7279
f 7279 7128 7081
f 7279 7379 7235
f 7081 7128 6919
f 5930 6092 6066
f 6944 6843 6919
f 6066 6010 5930
f 6764 6653 6662
f 6843 6944 6764
f 6843 6764 6662
f 6653 6585 6662
f 6419 6585 6488
f 6585 6653 6488
f 5906 6010 6060
f 6250 6488 6286
f 6488 6653 6286
f 5906 6060 5812
f 6132 5958 6250
f 6250 5958 6060
f 6132 6250 6286
f 6060 5958 5812
f 5189 5199 5229
f 5229 5199 5248
f 5199 5189 5124
f 5248 5199 5228
f 5124 5137 5199
f 5199 5137 5185
f 5235 5228 5199
f 5228 5253 5248
f 5248 5253 5265
f 5228 5235 5253
f 5253 5249 5265
f 5106 5137 5124
f 5185 5137 5164
f 5289 5261 5265
f 5265 5291 5289
f 5090 5137 5106
f 5137 5090 5164
f 5164 5090 5146
f 5090 5127 5146
f 5261 5289 5347
f 5127 5090 5076
f 5346 5261 5347
f 5346 5347 5531
f 5346 5288 5261
f 5686 5595 5531
f 5595 5686 5620
f 5051 5127 5076
f 5595 5317 5531
f 5531 5317 5346
f 5127 5051 5117
f 5346 5317 5288
f 5369 5317 5595
f 5369 5595 5620
f 5051 5062 5117
f 5117 5062 5103
f 5369 5620 5402
f 5369 5315 5317
f 5062 5055 5103
f 5314 5315 5369
f 5402 5314 5369
f 5055 5046 5103
f 5046 5125 5103
f 5314 5402 5316
f 5276 5262 5314
f 5314 5316 5276
f 5025 5036 5046
f 5046 5036 5125
f 5262 5276 5274
f 5025 4971 5036
f 5274 5276 5255
f 5125 5036 5052
f 5125 5052 5145
f 5145 5052 5108
f 5145 5108 5183
f 5255 5260 5274
f 5255 5183 5195
f 5183 5108 5195
f 5255 5195 5224
f 5260 5255 5224
f 6408 6409 6571
f 6782 6571 6691
f 6782 6861 6846
f 6846 6861 7198
f 6861 7134 7198
f 6317 6171 6100
f 6317 6100 6409
f 6408 6317 6409
f 7198 7196 7308
f 7196 7302 7308
f 7302 7391 7308
f 7308 7391 7364
f 7364 7391 7536
f 7364 7536 7607
f 6188 6171 6317
f 7399 7535 7536
f 7536 7535 7669
f 7536 7669 7773
f 7669 7535 7575
f 7575 7773 7669
f 7575 7628 7773
f 6188 6144 6171
f 6187 6144 6188
f 7497 7668 7628
f 7668 7758 7628
f 7628 7758 7896
f 6184 6144 6187
f 7707 7895 7758
f 7758 7895 7887
f 7849 7894 7839
f 7839 7862 7849
f 7862 7958 7845
f 6170 6067 6075
f 7693 7801 7845
f 6170 5998 6067
f 7693 7845 7726
f 7455 7444 7524
f 7444 7693 7524
f 7524 7693 7670
f 7726 7670 7693
f 7379 7455 7486
f 7524 7486 7455
f 7314 7235 7379
f 7128 7235 7266
f 6919 7128 6944
f 6010 5843 5930
f 5906 5843 6010
f 6286 6653 6645
f 6376 6286 6645
f 5906 5839 5843
f 5839 5906 5812
f 6286 6376 6287
f 5812 5772 5839
f 6286 6287 6132
f 6132 6287 6212
f 5772 5812 5755
f 6132 6212 6202
f 5943 5755 5958
f 5958 5755 5812
f 6202 5943 6132
f 6132 5943 5958
f 5755 5943 5849
f 5943 6202 6105
f 5849 5943 5883
f 6105 5883 5943
f 5199 5185 5215
f 5199 5215 5235
f 5249 5284 5265
f 5348 5265 5297
f 5297 5265 5284
f 5215 5185 5202
f 5235 5215 5227
f 5253 5235 5249
f 5249 5235 5227
f 5291 5265 5348
f 5164 5202 5185
f 5291 5348 5289
f 5289 5348 5367
f 5186 5202 5146
f 5146 5202 5164
f 5347 5289 5367
f 5347 5367 5524
f 5347 5524 5531
f 5165 5186 5127
f 5127 5186 5146
f 5531 5524 5523
f 5531 5523 5572
f 5531 5572 5686
f 5127 5166 5165
f 5686 5572 5620
f 5117 5166 5127
f 5523 5459 5572
f 5572 5407 5620
f 5459 5355 5407
f 5459 5407 5572
f 5620 5407 5402
f 5301 5279 5278
f 5407 5345 5402
f 5279 5237 5278
f 5301 5278 5355
f 5355 5345 5407
f 5117 5103 5160
f 5237 5201 5180
f 5355 5278 5316
f 5355 5316 5345
f 5345 5316 5402
f 5237 5180 5278
f 5145 5160 5103
f 5145 5103 5125
f 5180 5160 5145
f 5278 5255 5316
f 5316 5255 5276
f 5145 5183 5180
f 5180 5183 5255
f 5180 5255 5278
f 6100 5890 6157
f 6157 6319 6409
f 6409 6319 6692
f 6409 6692 6571
f 6692 6691 6571
f 6782 6691 6692
f 6409 6100 6157
f 6782 6692 6861
f 6861 7118 7134
f 5890 6100 6171
f 5890 6171 5991
f 7118 7196 7198
f 7118 7198 7134
f 5991 6171 5989
f 7536 7391 7399
f 7302 7399 7391
f 5989 6171 6144
f 7399 7416 7535
f 7416 7575 7535
f 7575 7416 7497
f 7575 7497 7628
f 7504 7668 7497
f 7668 7504 7707
f 7758 7668 7707
f 6184 6083 6144
f 7895 7707 7708
f 7895 7708 7894
f 6184 6075 6083
f 7839 7894 7708
f 6075 6082 6083
f 6075 6067 6082
f 7958 7862 7839
f 7845 7958 7956
f 7726 7845 7956
f 5986 5934 5998
f 5998 5934 6067
f 7796 7726 7956
f 5930 5986 5998
f 7524 7670 7590
f 7796 7670 7726
f 7314 7379 7486
f 7590 7486 7524
f 5921 5907 5930
f 5930 5907 5986
f 7314 7266 7235
f 5930 5854 5921
f 6653 6764 6765
f 6645 6653 6765
f 5854 5930 5843
f 6376 6645 6392
f 6392 6220 6376
f 6220 6203 6376
f 6376 6203 6287
f 5772 5722 5773
f 6115 6212 6203
f 6212 6287 6203
f 5722 5772 5755
f 6115 6108 6212
f 5722 5755 5720
f 6212 6108 6202
f 5623 5624 5670
f 5755 5762 5720
f 5755 5849 5762
f 6108 6105 6202
f 5762 5849 5883
f 5883 5806 5762
f 5968 5806 5883
f 5883 6105 5968
f 6098 5954 6194
f 5954 6098 5899
f 6098 6194 6221
f 6099 5899 6098
f 6221 6099 6098
f 6099 5797 5899
f 6506 6099 6221
f 5297 5284 5298
f 5320 5321 5319
f 5249 5254 5284
f 5321 5320 5319
f 5298 5342 5297
f 5227 5236 5254
f 5227 5254 5249
f 5297 5342 5348
f 5797 5669 5573
f 6099 5669 5797
f 6644 6099 6506
f 5236 5227 5215
f 6642 6099 6644
f 5215 5202 5216
f 5216 5236 5215
f 5409 5348 5342
f 5409 5367 5348
f 5573 5367 5409
f 6099 5740 5669
f 6302 5740 6099
f 6362 6302 6099
f 6642 6362 6099
f 5202 5186 5203
f 5203 5216 5202
f 5524 5367 5573
f 5669 5524 5573
f 5740 5524 5669
f 6642 6567 6362
f 5186 5165 5188
f 5188 5203 5186
f 5740 5523 5524
f 5740 5804 5523
f 5876 5804 5740
f 6302 5876 5740
f 6023 5876 6302
f 5188 5165 5166
f 5459 5523 5447
f 5166 5117 5187
f 5187 5188 5166
f 5355 5459 5447
f 5619 5447 5523
f 5804 5619 5523
f 5187 5117 5160
f 5446 5355 5447
f 5545 5446 5619
f 5619 5446 5447
f 5279 5225 5237
f 5344 5279 5301
f 5355 5344 5301
f 5446 5344 5355
f 5198 5160 5204
f 5204 5201 5225
f 5237 5225 5201
f 5279 5294 5225
f 5344 5446 5406
f 5180 5204 5160
f 5201 5204 5180
f 5344 5294 5279
f 5225 5212 5204
f 5294 5212 5225
f 5963 5819 6043
f 5963 6043 6157
f 6157 6043 6205
f 6157 6205 6319
f 5963 5890 5867
f 6157 5890 5963
f 6319 6473 6692
f 5890 5933 5867
f 6779 6861 6692
f 5933 5890 5991
f 6861 6779 7118
f 7118 6779 7033
f 5933 5991 5989
f 7196 7118 7033
f 7196 7223 7302
f 7302 7223 7399
f 5989 6144 6002
f 7399 7223 7416
f 7428 7416 7223
f 6144 6069 6002
f 7504 7497 7702
f 6069 6144 6083
f 7707 7504 7702
f 7702 7708 7707
f 6083 6082 6095
f 6012 6082 6067
f 6012 6067 5990
f 6067 5934 5990
f 7956 7957 7852
f 5934 5986 5917
f 7797 7658 7670
f 7797 7796 7852
f 7796 7956 7852
f 5986 5837 5917
f 7508 7670 7658
f 7508 7590 7670
f 7796 7797 7670
f 5986 5907 5837
f 7590 7508 7486
f 5907 5921 5837
f 5921 5854 5855
f 7021 6765 7128
f 7128 6765 6944
f 7210 7021 7128
f 7266 7210 7128
f 7314 7210 7266
f 5854 5853 5855
f 6645 6508 6392
f 5853 5854 5928
f 5854 5843 5928
f 6508 6378 6392
f 6220 6219 6204
f 6392 6378 6219
f 6392 6219 6220
f 5839 5831 5843
f 5831 5928 5843
f 6220 6204 6203
f 5839 5772 5773
f 5839 5773 5831
f 6203 6204 6115
f 6115 6104 6108
f 5773 5722 5720
f 5773 5720 5792
f 5670 5624 5623
f 6104 6019 6108
f 5720 5762 5792
f 6108 6019 6105
f 6019 5968 6105
f 6019 6107 5968
f 5792 5762 5806
f 5968 6107 6116
f 5792 5806 5811
f 5968 5811 5806
f 6131 5957 6116
f 6116 5957 5968
f 6131 6116 6201
f 5957 5811 5968
f 6130 5957 6131
f 6131 6201 6199
f 6131 6199 6130
f 5954 5811 5957
f 6130 5954 5957
f 6194 5954 6130
f 6130 6199 6194
f 6215 6194 6199
f 5811 5899 5753
f 5954 5899 5811
f 6215 6216 6194
f 6194 6216 6221
f 5749 5641 5753
f 5797 5749 5899
f 5899 5749 5753
f 5641 5749 5648
f 6281 6221 6216
f 6221 6281 6506
f 5797 5648 5749
f 5281 5284 5254
f 5281 5254 5267
f 5298 5284 5281
f 5648 5573 5544
f 5797 5573 5648
f 6291 6463 6281
f 6281 6463 6506
f 6506 6463 6644
f 5254 5236 5258
f 5258 5267 5254
f 5318 5410 5342
f 5342 5410 5409
f 5409 5410 5544
f 5409 5544 5573
f 6463 6457 6644
f 6642 6644 6457
f 5236 5216 5238
f 5238 5258 5236
f 6641 6642 6457
f 5238 5216 5242
f 6642 6641 6567
f 5216 5203 5218
f 5218 5242 5216
f 6581 6302 6362
f 6567 6581 6362
f 6567 6641 6640
f 6567 6640 6581
f 6581 6640 6580
f 5203 5188 5205
f 5205 5218 5203
f 6301 6023 6302
f 6581 6580 6301
f 6581 6301 6302
f 6023 6301 6300
f 5205 5188 5187
f 5226 5205 5187
f 6028 5876 6023
f 5967 5804 5876
f 5876 6028 5967
f 5226 5187 5160
f 5226 5160 5198
f 5798 5619 5804
f 5233 5226 5198
f 5619 5684 5571
f 5233 5198 5270
f 5233 5270 5257
f 5530 5415 5545
f 5545 5415 5446
f 5545 5619 5571
f 5545 5571 5530
f 5198 5204 5270
f 5415 5326 5344
f 5415 5344 5406
f 5446 5415 5406
f 5204 5212 5270
f 5270 5294 5302
f 5326 5302 5294
f 5326 5294 5344
f 5294 5270 5212
f 6043 5819 6155
f 5963 5784 5819
f 6155 6205 6043
f 5963 5867 5784
f 5784 5867 5783
f 5783 5867 5933
f 6501 6473 6319
f 6600 6692 6501
f 6692 6473 6501
f 6692 6600 6779
f 5933 5894 5783
f 5933 5989 5894
f 7032 7129 7033
f 7033 7129 7196
f 7196 7129 7223
f 6002 6003 5989
f 6093 6003 6002
f 7129 7428 7223
f 6002 6069 6093
f 7129 7360 7428
f 7428 7360 7416
f 7416 7360 7497
f 7627 7497 7360
f 6083 6095 6069
f 7627 7702 7497
f 7702 7627 7632
f 7702 7632 7708
f 7708 7632 7809
f 7809 7995 7708
f 7708 7995 7839
f 6082 6012 6095
f 7995 7958 7839
f 7995 7975 7958
f 6012 5990 6015
f 7975 7957 7958
f 7958 7957 7956
f 5990 5934 6015
f 6015 5934 5917
f 7874 7797 7852
f 7957 7874 7852
f 6015 5917 5974
f 7508 7456 7486
f 7591 7508 7658
f 5837 5974 5917
f 7381 7486 7456
f 7210 7314 7315
f 7314 7381 7315
f 7486 7381 7314
f 7170 7210 7315
f 6944 6765 6764
f 7021 7210 7170
f 6614 6544 6645
f 6645 6544 6508
f 6645 6765 6614
f 5855 5853 5844
f 6544 6378 6508
f 5844 5853 5928
f 6378 6544 6288
f 6219 6378 6288
f 5831 5844 5928
f 6219 6288 6204
f 5831 5833 5844
f 5831 5773 5833
f 6204 6208 6115
f 5773 5771 5833
f 6115 6208 6104
f 6104 6208 6111
f 5739 5771 5773
f 5773 5792 5739
f 6104 6112 6019
f 6112 6107 6019
f 6107 6201 6116
f 5739 5792 5703
f 5792 5652 5703
f 5811 5652 5792
f 6201 6119 6199
f 6200 6199 6119
f 6199 6200 6215
f 5638 5652 5753
f 5811 5753 5652
f 5638 5753 5641
f 5638 5641 5587
f 6216 6215 6363
f 5648 5532 5641
f 6216 6363 6281
f 5281 5267 5296
f 5281 5296 5298
f 5296 5342 5298
f 5306 5350 5318
f 5418 5318 5350
f 5648 5544 5532
f 6291 6281 6363
f 6291 6363 6643
f 5342 5296 5318
f 5306 5318 5303
f 5544 5318 5532
f 5532 5318 5418
f 6463 6291 6643
f 5258 5296 5267
f 5303 5318 5296
f 5318 5544 5410
f 6643 6457 6463
f 5296 5258 5285
f 5285 5303 5296
f 6643 6658 6457
f 5285 5258 5238
f 6658 6641 6457
f 5238 5242 5285
f 6641 6658 6640
f 5218 5266 5242
f 6658 6639 6640
f 5234 5266 5205
f 5205 5266 5218
f 6640 6639 6580
f 5234 5205 5226
f 6300 6301 6382
f 6580 6382 6301
f 6580 6639 6382
f 6300 6152 6023
f 5263 5226 5257
f 5967 5798 5804
f 6028 6152 5967
f 6028 6023 6152
f 5226 5233 5257
f 5263 5295 5328
f 5619 5798 5684
f 5684 5798 5676
f 5263 5270 5295
f 5684 5460 5530
f 5684 5530 5571
f 5263 5257 5270
f 5295 5270 5302
f 5295 5302 5326
f 5415 5439 5326
f 5530 5460 5439
f 5530 5439 5415
f 5819 5784 5818
f 5819 5818 6054
f 5819 6054 6155
f 5818 5784 5872
f 6319 6205 6320
f 5784 5783 5872
f 6319 6320 6501
f 5872 5783 5895
f 5783 5894 5895
f 5894 5989 6005
f 5894 6005 5895
f 6600 6501 6790
f 6779 6600 6790
f 5989 6004 6005
f 6779 6790 7033
f 7033 6790 7032
f 5989 6003 6004
f 7032 6936 7129
f 7129 6936 7088
f 7129 7088 7326
f 7360 7129 7326
f 6069 6095 6093
f 7470 7604 7360
f 7604 7627 7360
f 7604 7666 7627
f 7632 7627 7810
f 7809 7810 7923
f 7809 7632 7810
f 7995 7809 7923
f 7995 8063 8040
f 7995 8040 7975
f 6012 6071 6095
f 6015 6071 6012
f 7957 7975 7926
f 6015 6007 6071
f 7585 7797 7874
f 7585 7874 7926
f 7957 7926 7874
f 7585 7591 7658
f 7585 7658 7797
f 7459 7456 7585
f 7585 7456 7591
f 6015 5974 6007
f 7278 7100 7315
f 7508 7591 7456
f 7381 7456 7315
f 5974 5837 5980
f 7315 7100 7170
f 7021 6854 6765
f 5837 5921 5980
f 7170 7100 7021
f 5855 6006 5921
f 6006 5980 5921
f 6765 6675 6614
f 5855 5844 6006
f 6377 6290 6544
f 6544 6290 6288
f 6288 6290 6211
f 5833 5775 5832
f 5833 5832 5844
f 6204 6211 6208
f 6288 6211 6204
f 5775 5833 5774
f 5714 5774 5771
f 5774 5833 5771
f 6208 6118 6111
f 5739 5714 5771
f 6104 6111 6112
f 6112 6111 6020
f 6112 6020 6107
f 6107 6020 6119
f 6107 6119 6201
f 5739 5703 5718
f 5703 5652 5707
f 5638 5651 5652
f 5651 5707 5652
f 6106 6119 6103
f 6119 6106 6200
f 5638 5587 5651
f 6215 6200 6106
f 5641 5509 5587
f 6289 6363 6215
f 5418 5404 5461
f 5418 5461 5532
f 5532 5461 5509
f 5509 5641 5532
f 5418 5350 5404
f 5404 5350 5349
f 5306 5349 5350
f 6643 6363 6289
f 5306 5303 5330
f 5303 5285 5304
f 5304 5330 5303
f 6658 6643 6661
f 6661 6643 6454
f 5285 5242 5280
f 5280 5304 5285
f 6815 6658 6661
f 5280 5242 5266
f 6812 6639 6815
f 6815 6639 6658
f 5273 5280 5234
f 5234 5280 5266
f 5280 5273 5290
f 5234 5226 5273
f 5328 5290 5273
f 6572 6382 6639
f 6572 6639 6663
f 6812 6663 6639
f 5226 5263 5273
f 5328 5273 5263
f 5370 5290 5328
f 5290 5370 5371
f 6152 5676 5798
f 5967 6152 5798
f 6300 6296 6152
f 6382 6296 6300
f 6572 6296 6382
f 5370 5328 5295
f 5370 5439 5460
f 5684 5676 5460
f 5295 5326 5370
f 5439 5370 5326
f 6054 5818 5981
f 6054 6239 6155
f 6155 6239 6205
f 5981 5818 5872
f 6320 6205 6239
f 5981 5872 6005
f 6005 5872 5895
f 6501 6426 6577
f 6790 6501 6577
f 6790 6757 7032
f 6004 6003 6042
f 6757 6790 6577
f 7032 6757 6936
f 7005 6936 6757
f 6936 7005 7126
f 6936 7126 7088
f 6003 6093 6042
f 6162 6042 6093
f 7169 7326 7126
f 7126 7326 7088
f 6162 6093 6095
f 6162 6095 6168
f 6162 6168 6186
f 7360 7326 7470
f 7666 7805 7627
f 7810 7627 7805
f 7810 7805 7904
f 7810 7904 7923
f 7904 8033 7923
f 8033 7995 7923
f 7995 8033 8063
f 6168 6095 6071
f 7462 7397 7459
f 7462 7459 7585
f 7926 7462 7585
f 7397 7278 7459
f 7024 6964 6854
f 7024 6854 7278
f 7315 7459 7278
f 7456 7459 7315
f 6007 5974 5980
f 6007 5980 6071
f 7278 6854 7100
f 6855 6744 6964
f 6964 6744 6854
f 7100 6854 7021
f 6675 6765 6854
f 5980 6006 5997
f 6377 6544 6614
f 6290 6377 6467
f 5832 6006 5844
f 5775 5908 5832
f 6211 6209 6208
f 6208 6209 6118
f 5774 5908 5775
f 6118 6109 6111
f 6111 6109 6020
f 5739 5718 5714
f 5714 5718 5790
f 5703 5701 5718
f 6020 6018 6119
f 5703 5653 5701
f 5703 5713 5653
f 5713 5703 5707
f 5707 5651 5713
f 6103 6119 6018
f 5509 5651 5587
f 6215 6106 6197
f 6213 6215 6197
f 6215 6213 6289
f 5507 5509 5461
f 6293 6289 6213
f 5404 5349 5425
f 6485 6643 6293
f 6643 6289 6293
f 5306 5373 5349
f 5373 5425 5349
f 5373 5306 5330
f 6643 6485 6454
f 5400 5330 5304
f 6582 6661 6454
f 5304 5280 5400
f 6661 6582 6816
f 6815 6661 6816
f 6815 6816 6812
f 5280 5290 5356
f 5290 5372 5356
f 5371 5372 5290
f 6663 6812 6813
f 6663 6813 6705
f 5443 5370 5460
f 6578 6296 6572
f 6578 6572 6705
f 6705 6572 6663
f 5460 5486 5443
f 5460 6297 5486
f 5676 6297 5460
f 6152 6297 5676
f 6296 6297 6152
f 6054 5981 6056
f 6054 6056 6239
f 6239 6056 6320
f 6426 6501 6320
f 5981 6005 6056
f 6426 6320 6502
f 6056 6005 6094
f 6502 6601 6426
f 6601 6577 6426
f 6577 6601 6690
f 6757 6577 6690
f 6005 6004 6094
f 6757 6690 7039
f 6004 6042 6094
f 6094 6042 6162
f 7005 6757 7039
f 7005 7039 7115
f 7126 7005 7115
f 7126 7115 7169
f 7169 7115 7264
f 7326 7169 7264
f 7264 7390 7326
f 7390 7470 7326
f 7470 7390 7498
f 7510 7604 7498
f 7498 7604 7470
f 7604 7510 7577
f 7604 7577 7666
f 7666 7577 7673
f 7666 7673 7805
f 7805 7673 7814
f 7805 7814 7904
f 7847 7904 7814
f 7904 7847 8033
f 7847 8024 8033
f 8063 8033 8024
f 6168 6185 6186
f 8040 8063 8069
f 8069 8063 8024
f 8040 8221 8205
f 7853 7463 7462
f 7926 7853 7462
f 8205 7975 8040
f 7397 7462 7463
f 7278 7397 7306
f 7397 7463 7306
f 6071 6076 6168
f 7024 7278 7187
f 7278 7306 7187
f 6964 7024 7102
f 7187 7102 7024
f 6071 6091 6076
f 5980 6091 6071
f 6855 6964 6744
f 6744 6964 6869
f 6748 6744 6869
f 6744 6748 6854
f 6854 6748 6675
f 6614 6675 6748
f 6467 6377 6614
f 6467 6614 6748
f 6080 5997 6006
f 6006 5995 6080
f 6006 5832 5995
f 6211 6290 6467
f 5995 5832 5908
f 5995 5908 5994
f 5908 5927 5994
f 5908 5774 5914
f 5908 5914 5927
f 6209 6117 6118
f 5714 5851 5774
f 5851 5914 5774
f 6118 6117 6109
f 6109 6117 6021
f 5790 5851 5714
f 6109 6021 6020
f 5790 5718 5761
f 6021 6018 6020
f 5718 5655 5719
f 5718 5719 5761
f 5655 5718 5701
f 5653 5655 5701
f 5636 5653 5651
f 5651 5653 5713
f 6103 6018 6022
f 5651 5509 5603
f 5651 5603 5636
f 6103 6022 6106
f 6113 6197 6022
f 6197 6106 6022
f 6213 6197 6113
f 5507 5461 5468
f 5404 5425 5471
f 5404 5471 5461
f 5461 5471 5468
f 6213 6485 6293
f 6485 6213 6214
f 6485 6214 6454
f 6282 6454 6214
f 5373 5330 5400
f 6454 6282 6422
f 6422 6582 6454
f 6582 6422 6704
f 6582 6704 6816
f 6812 6816 6814
f 6814 6816 6704
f 5400 5280 5356
f 5400 5356 5388
f 6812 6814 6813
f 6814 6660 6813
f 5372 5388 5356
f 5372 5371 5388
f 6559 6547 6660
f 6660 6547 6705
f 6660 6705 6813
f 5371 5370 5408
f 5371 5408 5388
f 5443 5408 5370
f 6705 6547 6578
f 6297 5685 5486
f 5896 5685 6297
f 6483 6297 6296
f 6578 6483 6296
f 6578 6547 6483
f 6056 6238 6320
f 6320 6238 6502
f 6238 6056 6094
f 6238 6318 6407
f 6238 6407 6502
f 6407 6601 6502
f 6601 6407 6690
f 6238 6094 6318
f 6690 6871 7039
f 6318 6094 6236
f 6094 6162 6236
f 7039 6871 7031
f 7031 7116 7039
f 7039 7116 7115
f 6236 6162 6404
f 7115 7116 7264
f 6162 6276 6404
f 6186 6276 6162
f 7510 7498 7577
f 7577 7498 7671
f 6186 6185 6276
f 7673 7577 7671
f 7673 7671 7814
f 7814 7671 7865
f 7814 7865 7847
f 7847 7865 7909
f 7847 7909 7997
f 7847 7997 8024
f 7997 8069 8024
f 8221 8040 8069
f 6175 6185 6168
f 7993 7853 7926
f 7975 7993 7926
f 8205 7993 7975
f 7853 7526 7463
f 7853 7993 7872
f 7458 7306 7526
f 7526 7306 7463
f 7872 7526 7853
f 6168 6076 6175
f 7102 7187 7306
f 7306 7239 7102
f 7022 6869 7102
f 6869 6964 7102
f 6748 6869 6742
f 5980 5997 6091
f 6748 6742 6673
f 5997 5996 6091
f 6673 6467 6748
f 6673 6742 6853
f 5996 5997 6080
f 6467 6673 6489
f 6489 6673 6853
f 5929 5996 5995
f 5996 6080 5995
f 5929 5995 5994
f 5929 5994 5924
f 6211 6467 6489
f 6307 6209 6489
f 6489 6209 6211
f 6307 6489 6487
f 5927 5924 5994
f 5914 5852 5927
f 6307 6117 6209
f 6307 6487 6193
f 6117 6307 6193
f 5770 5852 5851
f 5852 5914 5851
f 6117 6193 6021
f 6021 6193 6195
f 5721 5770 5790
f 5770 5851 5790
f 5721 5790 5761
f 5721 5761 5719
f 5719 5655 5717
f 6207 6018 6021
f 6021 6195 6207
f 6207 6022 6018
f 6022 6207 6284
f 5509 5506 5603
f 6113 6022 6284
f 6283 6113 6284
f 5507 5506 5509
f 6213 6113 6283
f 5507 5468 5506
f 6213 6283 6365
f 5471 5425 5436
f 5471 5436 5468
f 6213 6365 6368
f 6214 6213 6370
f 6370 6213 6368
f 5425 5373 5420
f 5425 5420 5436
f 6282 6214 6370
f 6370 6507 6282
f 5373 5389 5420
f 6422 6282 6507
f 5400 5389 5373
f 6422 6507 6704
f 5389 5400 5440
f 6704 6750 6758
f 5440 5400 5427
f 6758 6940 6704
f 6940 6814 6704
f 6814 6940 7017
f 5400 5388 5427
f 6814 7017 7078
f 6814 6732 6660
f 5427 5388 5408
f 6668 6559 6660
f 6660 6732 6668
f 5443 5427 5408
f 5486 5427 5443
f 6547 6668 6476
f 6547 6559 6668
f 5685 5746 5697
f 5685 5896 5746
f 6297 6017 5896
f 6387 6017 6483
f 6483 6017 6297
f 6387 6483 6476
f 6547 6476 6483
f 6407 6318 6236
f 6690 6961 6871
f 6407 6236 6500
f 6407 6500 6690
f 6690 6500 6961
f 7031 6871 6961
f 6236 6404 6518
f 6500 6236 6518
f 6404 6276 6518
f 7264 7116 7237
f 6497 6518 6276
f 7390 7264 7471
f 7498 7390 7471
f 6276 6434 6497
f 6434 6276 6185
f 7909 7865 7905
f 7909 7905 7997
f 6232 6434 6185
f 8069 8204 8221
f 6185 6175 6232
f 8205 8097 7993
f 7992 7872 7993
f 7993 8097 7992
f 7458 7526 7365
f 7526 7515 7365
f 7872 7515 7526
f 7919 7515 7872
f 7992 7919 7872
f 6076 6273 6175
f 7365 7306 7458
f 7365 7239 7306
f 6273 6076 6091
f 7022 7102 7217
f 7022 6853 6869
f 6853 7022 7014
f 7022 7217 7014
f 6853 6742 6869
f 6853 7014 6852
f 6073 5996 5929
f 6489 6853 6558
f 6558 6853 6852
f 5929 5924 5975
f 5929 5975 6073
f 6489 6558 6487
f 6487 6558 6210
f 5927 5852 5922
f 5927 5922 5924
f 6210 6193 6487
f 5770 5922 5852
f 5842 5922 5770
f 6193 6210 6195
f 6195 6210 6110
f 5842 5770 5721
f 5721 5794 5842
f 5721 5719 5794
f 5717 5794 5719
f 6195 6110 6207
f 5636 5655 5653
f 5636 5603 5622
f 5636 5622 5655
f 6207 6110 6114
f 6114 6284 6207
f 6284 6114 6283
f 5603 5506 5582
f 5582 5622 5603
f 5596 5582 5506
f 6283 6114 6198
f 5468 5533 5506
f 5533 5596 5506
f 6365 6283 6198
f 5436 5533 5468
f 5436 5420 5533
f 6370 6368 6507
f 5420 5505 5533
f 5389 5505 5420
f 6704 6507 6669
f 5505 5389 5440
f 6704 6669 6750
f 6874 6758 6750
f 6758 6874 6940
f 5440 5427 5505
f 5427 5504 5505
f 7078 6664 6814
f 6814 6664 6732
f 6732 6664 6702
f 5528 5697 5746
f 6029 6387 6386
f 6386 6387 6476
f 6386 6476 6668
f 6386 6668 6702
f 5427 5486 5504
f 5486 5528 5504
f 5685 5528 5486
f 5697 5528 5685
f 5896 5948 5746
f 6017 5948 5896
f 5948 6017 6029
f 6732 6702 6668
f 6017 6387 6029
f 6500 6540 6576
f 6500 6576 6961
f 6518 6540 6500
f 7031 6961 7016
f 7016 7202 7031
f 7031 7202 7116
f 6518 6497 6540
f 7116 7202 7237
f 7264 7237 7471
f 7498 7471 7578
f 7671 7498 7578
f 7671 7578 7655
f 7865 7671 7655
f 7865 7655 7732
f 7865 7732 7831
f 7865 7831 7905
f 7997 7905 8149
f 8069 7997 8149
f 8149 8204 8069
f 8221 8204 8233
f 6232 6348 6350
f 8221 8230 8205
f 6348 6232 6175
f 8097 8205 8140
f 8205 8230 8140
f 7992 7908 7919
f 8097 7908 7992
f 8140 7908 8097
f 6273 6348 6175
f 7919 7860 7584
f 7919 7584 7515
f 7919 7908 7860
f 7515 7453 7365
f 7239 7365 7246
f 6273 6091 6264
f 7102 7239 7217
f 7239 7246 7217
f 7246 7209 7217
f 6998 7014 7209
f 7217 7209 7014
f 6174 6264 6091
f 6091 5996 6174
f 6998 7098 7014
f 6174 5996 6180
f 7014 7098 6852
f 6073 6077 5996
f 5996 6077 6180
f 6852 6851 6868
f 6852 7098 6851
f 6868 6558 6852
f 6558 6868 6752
f 5922 5926 5924
f 5924 5926 5975
f 6210 6558 6562
f 6558 6752 6562
f 5922 5937 5926
f 6562 6451 6210
f 6451 6562 6468
f 6451 6110 6210
f 6451 6468 6456
f 6451 6456 6455
f 6451 6114 6110
f 5655 5650 5654
f 6458 6114 6451
f 5655 5622 5650
f 6451 6455 6458
f 5582 5596 5649
f 5582 5649 5622
f 6458 6198 6114
f 6548 6198 6458
f 6548 6365 6198
f 6368 6365 6548
f 6368 6548 6560
f 6368 6560 6507
f 6560 6669 6507
f 6750 6669 6874
f 6874 7019 6940
f 6940 7019 7017
f 7017 7019 7145
f 7017 7145 7078
f 5504 5528 5583
f 5583 5528 5746
f 5583 5746 5756
f 6386 6027 6029
f 6664 6638 6702
f 5746 5767 5756
f 5948 6029 6027
f 6386 6388 6027
f 5746 5979 5767
f 5948 5979 5746
f 5948 6027 5979
f 6388 6386 6505
f 6702 6505 6386
f 6702 6638 6505
f 6576 6891 6961
f 6927 7016 6891
f 7016 6961 6891
f 6540 6497 6725
f 7016 6927 7202
f 7174 7237 7202
f 6497 6619 6725
f 6725 6619 6596
f 7237 7174 7327
f 7471 7237 7327
f 7471 7389 7578
f 6619 6497 6596
f 7389 7471 7327
f 7578 7389 7400
f 7578 7400 7655
f 6596 6497 6434
f 7831 7925 7905
f 6434 6232 6633
f 8149 7905 7925
f 6633 6232 6443
f 8149 7925 8142
f 6443 6232 6350
f 6443 6350 6527
f 6350 6349 6527
f 8149 8142 8204
f 8142 8233 8204
f 8233 8231 8221
f 8221 8231 8230
f 6348 6349 6350
f 6348 6273 6349
f 7908 7979 7916
f 7908 8198 7979
f 8140 8198 7908
f 8140 8230 8198
f 7725 7584 7860
f 7725 7860 7798
f 7908 7916 7798
f 7908 7798 7860
f 7525 7453 7515
f 7584 7525 7515
f 6273 6264 6277
f 7246 7365 7453
f 7453 7525 7452
f 7246 7453 7378
f 7452 7378 7453
f 6998 7209 7185
f 7246 7185 7209
f 7185 7246 7216
f 7185 7098 6998
f 7185 7216 7098
f 7098 7216 7083
f 6073 5975 6009
f 6073 6009 6077
f 6868 6851 6752
f 6752 6851 6756
f 5975 5926 6009
f 6562 6752 6756
f 6562 6756 6657
f 6562 6657 6546
f 5922 5842 5850
f 5922 5850 5937
f 6562 6546 6468
f 6468 6462 6456
f 6468 6546 6462
f 5842 5794 5850
f 5794 5769 5850
f 6456 6462 6366
f 5794 5717 5769
f 6456 6366 6380
f 6456 6380 6455
f 5655 5654 5769
f 5717 5655 5769
f 6465 6455 6380
f 6465 6466 6455
f 6455 6466 6458
f 5649 5650 5622
f 6548 6458 6466
f 6466 6549 6548
f 5649 5596 5602
f 5649 5602 5650
f 5596 5533 5602
f 6548 6549 6655
f 6548 6655 6560
f 5602 5533 5505
f 6560 6655 6741
f 6741 6669 6560
f 6669 6741 6817
f 5602 5505 5611
f 6817 6874 6669
f 6874 6817 7019
f 7019 6817 7010
f 7019 7010 7145
f 5611 5505 5504
f 7145 7010 7177
f 5611 5504 5621
f 7145 7177 7175
f 5504 5583 5621
f 5583 5809 5621
f 5756 5809 5583
f 5970 5904 5809
f 6563 6664 6939
f 7078 6939 6664
f 7175 7078 7145
f 7175 7310 7078
f 7175 7370 7310
f 5809 5756 5767
f 6563 5970 6579
f 6664 6563 6579
f 6664 6579 6638
f 5809 5767 5970
f 6579 5970 6388
f 5767 5979 5970
f 5979 6027 5970
f 5970 6027 6388
f 6579 6388 6505
f 6638 6579 6505
f 6576 6540 6685
f 6576 6685 6891
f 6685 6540 6725
f 6927 7174 7202
f 6725 6596 6775
f 6776 6725 6775
f 7327 7400 7389
f 7400 7533 7655
f 6724 6775 6596
f 7655 7533 7667
f 6724 6596 6434
f 6724 6434 6723
f 7655 7667 7732
f 7732 7667 7787
f 7732 7787 7831
f 6633 6723 6434
f 8142 7925 7962
f 8142 7962 7977
f 6527 6633 6443
f 6517 6527 6349
f 8142 8093 8233
f 8232 8233 8093
f 8231 8233 8232
f 6349 6273 6393
f 6349 6393 6450
f 6277 6393 6273
f 8092 7979 8198
f 8198 8172 8092
f 6336 6277 6264
f 7525 7584 7724
f 7725 7724 7584
f 7916 7725 7798
f 7916 7979 7989
f 8092 8074 7989
f 8092 7989 7979
f 7452 7525 7514
f 7916 7902 7725
f 7916 7989 7902
f 7216 7246 7378
f 7452 7514 7377
f 7525 7589 7514
f 7525 7724 7589
f 6174 6263 6264
f 6263 6336 6264
f 7452 7377 7378
f 6174 6180 6263
f 7216 7378 7245
f 6263 6180 6262
f 7083 7216 7245
f 6077 6179 6180
f 6179 6262 6180
f 7245 6972 7083
f 6972 7098 7083
f 6179 6077 6163
f 6972 6851 7098
f 6009 6163 6077
f 6851 6972 7020
f 6070 6163 6009
f 6851 7020 6756
f 6070 6009 5926
f 6657 6756 6918
f 5926 6031 6070
f 5926 5937 5977
f 6031 5926 5977
f 6546 6657 6850
f 6657 6918 6850
f 5905 5977 5937
f 5905 5937 5850
f 6462 6546 6637
f 6546 6850 6637
f 5828 5905 5850
f 5828 5850 5769
f 6366 6462 6464
f 6462 6637 6464
f 5764 5828 5654
f 5654 5828 5769
f 5764 5830 5828
f 6583 6366 6464
f 5654 5688 5764
f 6465 6380 6583
f 6583 6380 6366
f 5688 5654 5650
f 6466 6465 6670
f 5688 5650 5736
f 5650 5702 5736
f 6549 6466 6670
f 5602 5702 5650
f 6892 6549 6670
f 6923 6549 6892
f 6923 6655 6549
f 5602 5611 5668
f 6923 6741 6655
f 7006 6741 6923
f 7006 6817 6741
f 7010 6817 7006
f 7010 7006 7179
f 7179 7177 7010
f 7177 7179 7243
f 7177 7243 7312
f 5611 5621 5687
f 5687 5621 5763
f 7312 7175 7177
f 5809 5763 5621
f 5904 5763 5809
f 7078 7176 6931
f 7370 7175 7312
f 7519 7370 7520
f 7520 7370 7312
f 7519 7520 7648
f 5904 5881 5763
f 5970 5881 5904
f 7078 6931 6939
f 7078 7270 7176
f 7310 7270 7078
f 7519 7648 7630
f 5970 6097 5881
f 6563 6097 5970
f 6563 6867 6097
f 6939 6867 6563
f 6939 6931 6867
f 7310 7403 7270
f 7370 7403 7310
f 7518 7370 7519
f 7519 7630 7518
f 7370 7518 7403
f 6685 6725 6776
f 6685 6776 6891
f 6776 6927 6891
f 6927 6776 6775
f 7327 7174 7400
f 7400 7488 7533
f 6724 6927 6775
f 7533 7488 7603
f 7533 7603 7667
f 7667 7665 7787
f 6633 6632 6723
f 7831 7787 7864
f 7831 7864 7925
f 7925 7864 7962
f 6633 6622 6632
f 6527 6622 6633
f 8142 7977 8093
f 6527 6541 6622
f 6517 6541 6527
f 6517 6349 6450
f 6517 6450 6541
f 8133 8232 8093
f 6450 6393 6442
f 8198 8230 8231
f 8198 8231 8172
f 8172 8220 8092
f 6393 6277 6511
f 8092 8220 8189
f 6511 6277 6336
f 8092 8189 8170
f 8092 8170 8074
f 7989 8074 8090
f 8196 8074 8170
f 6336 6344 6511
f 7724 7725 7784
f 7725 7902 7784
f 8089 7902 7989
f 8089 7989 8090
f 8146 8090 8074
f 8146 8089 8090
f 8196 8146 8074
f 6336 6263 6344
f 7794 7724 7784
f 7902 7794 7784
f 8146 8137 8089
f 7589 7377 7514
f 7589 7724 7829
f 7794 7829 7724
f 8089 7829 7794
f 8089 7794 7902
f 8089 7987 7829
f 7377 7245 7378
f 7377 7589 7491
f 7491 7376 7377
f 7377 6972 7245
f 7097 7020 6972
f 6972 7377 7097
f 7097 7377 7376
f 7097 7376 6999
f 6070 6031 6163
f 6756 7020 6918
f 6918 7020 6999
f 7097 6999 7020
f 6850 6918 6740
f 6918 6999 6740
f 6740 6637 6850
f 6656 6464 6637
f 6637 6740 6656
f 6671 6464 6656
f 6671 6656 6808
f 6583 6464 6671
f 5848 5830 5764
f 6583 6671 6808
f 6465 6583 6808
f 6808 6818 6465
f 5848 5764 5688
f 6670 6465 6818
f 6670 6818 6894
f 6892 6670 6894
f 6892 6894 7082
f 7096 6892 7082
f 5702 5716 5736
f 7096 7082 7214
f 5702 5602 5788
f 5702 5788 5716
f 7096 6923 6892
f 7214 6923 7096
f 5788 5602 5668
f 7179 7006 7214
f 7214 7006 6923
f 7280 7179 7214
f 7280 7243 7179
f 7243 7280 7448
f 5668 5611 5687
f 5668 5687 5801
f 5801 5687 5793
f 7505 7312 7448
f 7448 7312 7243
f 5763 5793 5687
f 5793 5763 5768
f 7520 7312 7505
f 7520 7505 7580
f 7520 7580 7648
f 7648 7580 7721
f 5881 5768 5763
f 5768 5881 6192
f 6192 5881 6101
f 6841 6931 7176
f 7270 7204 7176
f 7648 7721 7703
f 6101 5881 6097
f 6101 6097 6484
f 6484 6097 6867
f 6931 6841 6867
f 7403 7311 7270
f 7311 7204 7270
f 7630 7648 7659
f 7648 7703 7659
f 7518 7311 7403
f 7311 7518 7659
f 7659 7518 7630
f 6927 7008 7174
f 7174 7008 7324
f 7174 7324 7400
f 7400 7324 7488
f 7030 7008 6724
f 6724 7008 6927
f 7487 7488 7324
f 7603 7665 7667
f 6724 6723 7030
f 6723 6798 7030
f 7488 7487 7603
f 7665 7745 7787
f 6798 6723 6632
f 7804 7878 7745
f 7745 7878 7864
f 7745 7864 7787
f 7864 7878 7962
f 6632 6622 6798
f 7962 7878 7977
f 7994 7977 7878
f 7977 7994 8093
f 6712 6622 6541
f 8032 8093 7994
f 8093 8032 8133
f 6541 6450 6727
f 6727 6712 6541
f 6727 6450 6709
f 6442 6709 6450
f 8232 8133 8126
f 8232 8126 8231
f 6442 6393 6586
f 6586 6709 6442
f 8173 8231 8126
f 8172 8173 8163
f 8231 8173 8172
f 8172 8163 8220
f 6586 6393 6511
f 8170 8189 8333
f 8196 8170 8333
f 8146 8196 8304
f 8333 8304 8196
f 6344 6263 6431
f 8304 8137 8146
f 8333 8335 8304
f 7987 8089 8088
f 8137 8088 8089
f 8137 8121 8088
f 8121 8137 8194
f 8304 8194 8137
f 6263 6262 6343
f 8185 8121 8194
f 8185 8088 8121
f 8304 8185 8194
f 6179 6343 6262
f 7829 7491 7589
f 7987 8088 7985
f 7985 8088 8087
f 8088 8185 8087
f 7491 7694 7376
f 7829 7694 7491
f 7987 7694 7829
f 7694 7339 7376
f 7694 7987 7985
f 6031 6274 6163
f 6274 6031 6177
f 7339 6999 7376
f 6177 6031 5977
f 7694 7489 7339
f 5977 5905 6078
f 6078 6177 5977
f 7339 7338 6999
f 7489 7338 7339
f 5905 5828 6063
f 6063 6078 5905
f 7338 6656 6999
f 6999 6656 6740
f 6063 5828 5830
f 7338 6808 6656
f 5848 6068 5830
f 7338 6818 6808
f 7353 6818 7338
f 5988 6068 5848
f 5988 5848 5688
f 5882 5988 5688
f 7353 6894 6818
f 5882 5688 5736
f 5882 5736 5847
f 7353 7082 6894
f 7353 7214 7082
f 7436 7214 7353
f 5716 5847 5736
f 5788 5847 5716
f 7280 7436 7490
f 7280 7214 7436
f 5788 5668 5801
f 5788 5801 5810
f 5810 5801 5897
f 5897 5801 5956
f 7521 7448 7490
f 7490 7448 7280
f 7807 7521 7490
f 7807 7448 7521
f 5801 5793 5956
f 7807 7505 7448
f 5793 5768 5956
f 5956 5768 6057
f 7721 7580 7807
f 7807 7580 7505
f 7855 7721 7807
f 7914 7855 8029
f 6057 5768 6192
f 7914 7721 7855
f 6192 6101 6303
f 6941 6484 6841
f 6941 6841 7018
f 7901 7703 7914
f 7914 7703 7721
f 8029 7901 7914
f 6484 6303 6101
f 6867 6841 6484
f 7176 7018 6841
f 7176 7125 7018
f 7204 7125 7176
f 7125 7204 7311
f 7659 7545 7311
f 7899 7703 7901
f 7311 7299 7125
f 7545 7299 7311
f 7659 7586 7545
f 7703 7899 7720
f 7659 7720 7586
f 7703 7720 7659
f 7720 7899 7943
f 7008 7030 7324
f 7030 7029 7213
f 7030 7213 7324
f 7213 7366 7324
f 7324 7366 7487
f 7030 6798 6930
f 6930 7029 7030
f 7029 6930 7213
f 7213 6930 7127
f 7603 7487 7600
f 7600 7665 7603
f 7665 7600 7745
f 7745 7600 7731
f 7731 7804 7745
f 6622 6930 6798
f 7804 7731 7878
f 7878 7731 7788
f 7878 7788 7994
f 7788 7921 7994
f 8032 8173 8133
f 8126 8133 8173
f 8220 8163 8270
f 6719 6586 6628
f 6586 6511 6628
f 8270 8189 8220
f 8286 8333 8270
f 8270 8333 8189
f 8333 8286 8336
f 6511 6344 6523
f 8333 8336 8335
f 6344 6431 6523
f 8335 8336 8385
f 6263 6343 6431
f 8304 8335 8384
f 8335 8385 8384
f 8304 8303 8185
f 8423 8303 8384
f 8384 8303 8304
f 6343 6179 6163
f 6343 6163 6342
f 8185 7985 8087
f 8371 8303 8423
f 8462 8371 8423
f 6274 6342 6163
f 8185 8371 7985
f 8303 8371 8185
f 8457 8371 8462
f 6177 6178 6274
f 7985 7338 7694
f 8371 7338 7985
f 7338 7489 7694
f 7353 7338 8371
f 8514 8371 8457
f 6063 5830 6068
f 8514 7353 8371
f 8458 7353 8514
f 8511 8458 8514
f 8458 8162 7353
f 5882 5847 5915
f 7353 7490 7436
f 8162 7490 7353
f 5810 5915 5788
f 5788 5915 5847
f 5915 5810 5897
f 5915 5897 6102
f 8162 7807 7490
f 8419 8162 8458
f 8461 8419 8458
f 5897 5956 6102
f 6102 5956 6030
f 8379 8162 8419
f 8162 7855 7807
f 8029 7855 8162
f 6057 6030 5956
f 6030 6057 6226
f 6226 6057 6192
f 6226 6192 6389
f 8379 8029 8162
f 6303 6389 6192
f 6484 6389 6303
f 6389 6484 6755
f 6941 6755 6484
f 8340 8029 8379
f 8379 8377 8340
f 7125 7241 7095
f 8322 7901 8029
f 8340 8322 8029
f 7299 7241 7125
f 7299 7482 7371
f 7545 7482 7299
f 8322 7943 7901
f 7901 7943 7899
f 7545 7548 7482
f 7545 7586 7548
f 8322 8275 7945
f 7945 8275 8218
f 7548 7586 7554
f 7720 7554 7586
f 7943 7719 7720
f 8322 7945 7943
f 7719 7554 7720
f 7945 8218 8028
f 7830 7719 7943
f 7945 7830 7943
f 7945 8028 7830
f 7366 7213 7468
f 7366 7468 7487
f 6930 6949 7127
f 7267 7213 7127
f 7600 7487 7468
f 7600 7468 7532
f 6930 6622 6886
f 6886 6949 6930
f 6886 6622 6712
f 6886 6712 6885
f 7788 7731 7863
f 7921 7788 7863
f 7921 7863 7891
f 6712 6727 6804
f 6804 6885 6712
f 8072 8032 7994
f 8032 8072 8173
f 6727 6721 6804
f 6709 6720 6727
f 6727 6720 6721
f 6709 6586 6719
f 6709 6719 6720
f 8173 8072 8073
f 8173 8073 8163
f 8163 8073 8270
f 6628 6629 6719
f 8270 8073 8197
f 8270 8197 8286
f 8285 8336 8286
f 8285 8241 8336
f 8331 8336 8241
f 8336 8331 8385
f 8385 8331 8295
f 6343 6433 6431
f 8385 8295 8384
f 8342 8423 8295
f 8423 8384 8295
f 6343 6342 6433
f 6274 6261 6342
f 8462 8392 8457
f 6274 6178 6261
f 8466 8457 8392
f 8457 8466 8514
f 6177 6078 6079
f 6177 6079 6178
f 6063 6079 6078
f 8466 8430 8514
f 6068 6089 6063
f 6063 6089 6079
f 6068 5988 6016
f 6068 6016 6089
f 5988 5882 5973
f 5988 5973 6016
f 5973 5882 5915
f 5973 5915 6129
f 6129 5915 6128
f 5915 6102 6128
f 8458 8511 8463
f 6304 6128 6102
f 6102 6226 6304
f 6304 6226 6486
f 6226 6102 6030
f 6486 6226 6389
f 6486 6389 6612
f 8419 8461 8424
f 6612 6389 6796
f 6755 6796 6389
f 6942 6796 6755
f 8379 8419 8424
f 6941 6942 6755
f 6942 6941 6969
f 6941 7018 6969
f 7018 7125 6969
f 7125 7095 6969
f 8322 8326 8275
f 7371 7482 7484
f 7371 7484 7410
f 8326 8218 8275
f 7482 7548 7484
f 7484 7548 7553
f 8218 8326 8273
f 7553 7548 7587
f 8066 8218 8273
f 7548 7554 7625
f 7587 7548 7625
f 8218 8066 8028
f 7554 7719 7680
f 7554 7680 7625
f 7789 7719 7830
f 7830 7791 7789
f 8028 7791 7830
f 7267 7532 7213
f 7213 7532 7468
f 6949 6886 6965
f 6949 7267 7127
f 7731 7600 7664
f 6885 6880 6886
f 7654 7731 7664
f 7654 7730 7731
f 7863 7731 7730
f 6804 6803 6885
f 7833 7863 7730
f 7891 7863 7833
f 7891 7833 7921
f 7921 7833 7965
f 7921 7965 7994
f 7994 7965 8072
f 6804 6721 6803
f 7965 7969 8072
f 8072 7969 8073
f 7969 8077 8073
f 8073 8077 8197
f 6719 6629 6720
f 6511 6523 6629
f 6628 6511 6629
f 8179 8285 8197
f 8197 8285 8286
f 8285 8179 8241
f 8331 8241 8295
f 6430 6433 6342
f 8423 8342 8462
f 8462 8342 8386
f 6261 6430 6342
f 8462 8386 8392
f 6429 6261 6178
f 8387 8466 8392
f 6306 6429 6178
f 6079 6306 6178
f 8466 8387 8430
f 6079 6089 6306
f 8514 8430 8459
f 6306 6089 6254
f 6254 6089 6016
f 6016 6176 6254
f 6176 6016 5973
f 8514 8459 8511
f 6176 5973 6129
f 6337 6176 6129
f 8511 8459 8463
f 6337 6129 6128
f 6337 6128 6304
f 6337 6304 6574
f 6574 6304 6486
f 6574 6486 6612
f 8458 8463 8461
f 6574 6612 6743
f 8461 8463 8435
f 6612 6796 6743
f 6942 6743 6796
f 8461 8435 8424
f 8424 8400 8379
f 8400 8376 8379
f 8379 8376 8377
f 6969 7095 7178
f 7241 7234 7178
f 7241 7178 7095
f 7398 7234 7241
f 8340 8377 8376
f 8340 8376 8327
f 7241 7299 7398
f 7371 7398 7299
f 7398 7371 7410
f 8340 8325 8322
f 8325 8326 8322
f 8326 8274 8273
f 8066 8273 8116
f 7692 7680 7719
f 7719 7789 7791
f 7719 7791 7692
f 8028 8078 7791
f 8066 8078 8028
f 8066 8116 8078
f 7267 7601 7532
f 7532 7601 7600
f 7664 7600 7601
f 7654 7664 7730
f 6722 6880 6803
f 6880 6885 6803
f 6722 6803 6710
f 7965 7833 7837
f 6630 6710 6721
f 6710 6803 6721
f 7965 7837 7948
f 6630 6721 6720
f 7965 7948 7969
f 7969 7948 8061
f 8077 7969 8061
f 6536 6720 6629
f 8077 8061 8197
f 8197 8061 8179
f 6523 6536 6629
f 8295 8239 8342
f 8342 8239 8386
f 8329 8386 8239
f 6430 6261 6429
f 8392 8386 8387
f 8386 8329 8290
f 8387 8386 8290
f 8381 8430 8290
f 8430 8387 8290
f 6306 6254 6357
f 8381 8459 8430
f 6357 6254 6305
f 8459 8372 8463
f 6391 6305 6176
f 6176 6305 6254
f 6391 6438 6305
f 6391 6176 6390
f 6176 6337 6390
f 6759 6390 6337
f 6759 6337 6574
f 6848 6759 6574
f 6574 6743 6848
f 8463 8372 8435
f 6743 6942 6848
f 8435 8372 8424
f 7141 6848 6942
f 8400 8424 8372
f 7141 6942 6969
f 7178 7141 6969
f 7234 7141 7178
f 8376 8400 8327
f 7543 7398 7410
f 7543 7410 7550
f 8327 8325 8340
f 7622 7550 7410
f 7410 7484 7622
f 7484 7553 7820
f 7820 7553 7587
f 8274 8326 8325
f 8273 8274 8201
f 7744 7625 7680
f 8116 8273 8201
f 7744 7680 7692
f 7744 7692 7749
f 7749 7692 7792
f 7692 7791 7792
f 7791 7857 7792
f 8078 7857 7791
f 8079 7857 8078
f 8078 8116 8079
f 6965 6886 6857
f 6949 7206 7267
f 7601 7267 7664
f 6886 6880 6857
f 7255 7267 7206
f 7255 7386 7267
f 7386 7664 7267
f 6880 6722 6771
f 7730 7664 7837
f 7833 7730 7837
f 7948 7837 7835
f 6720 6618 6630
f 6720 6491 6618
f 8013 8061 7967
f 8061 7948 7967
f 6536 6491 6720
f 8061 8013 8012
f 6536 6535 6491
f 8061 8012 8179
f 6523 6535 6536
f 8060 8179 8012
f 6431 6439 6535
f 6523 6431 6535
f 8241 8060 8123
f 8241 8179 8060
f 8169 8241 8123
f 8241 8169 8295
f 6433 6439 6431
f 6433 6448 6439
f 8177 8239 8169
f 8169 8239 8295
f 6430 6448 6433
f 6531 6448 6430
f 6430 6429 6531
f 8239 8236 8329
f 6531 6429 6512
f 8329 8236 8290
f 6306 6512 6429
f 6306 6357 6542
f 8271 8381 8290
f 6521 6542 6357
f 6521 6357 6515
f 6515 6357 6305
f 6515 6305 6438
f 6515 6438 6616
f 8459 8381 8372
f 6616 6438 6391
f 8271 8269 8381
f 6616 6391 6615
f 6800 6616 6615
f 8381 8269 8372
f 6615 6391 6390
f 6615 6390 6759
f 6615 6759 6800
f 6759 6848 7043
f 7043 6848 7046
f 6848 7141 7046
f 7260 7046 7141
f 8372 8234 8400
f 7234 7260 7141
f 7309 7260 7234
f 7398 7309 7234
f 7447 7309 7398
f 8234 8237 8327
f 8400 8234 8327
f 7398 7543 7447
f 7615 7543 7550
f 7615 7550 7622
f 8325 8327 8238
f 7746 7622 7484
f 7746 7484 7820
f 8238 8240 8325
f 7819 7820 7587
f 8325 8240 8274
f 7819 7587 7625
f 8274 8240 8180
f 7625 7744 7819
f 7819 7744 7749
f 8201 8274 8180
f 8116 8201 8132
f 7749 7792 7828
f 8132 8131 8116
f 7792 7857 7883
f 7792 7883 7828
f 8079 8116 8131
f 8079 8131 8026
f 8079 8026 7857
f 6949 6965 7206
f 7206 7321 7255
f 7255 7321 7386
f 6771 6857 6880
f 7466 7576 7386
f 7386 7576 7664
f 6396 6771 6722
f 7599 7837 7576
f 7837 7664 7576
f 7835 7837 7599
f 6630 6538 6710
f 6538 6630 6618
f 6538 6618 6491
f 7967 7948 7835
f 6441 6491 6535
f 6441 6535 6439
f 8060 8012 8059
f 8123 8060 8059
f 8169 8123 8122
f 8169 8168 8177
f 8236 8225 8272
f 8236 8272 8290
f 6512 6306 6542
f 8272 8271 8290
f 6521 6515 6713
f 6760 6713 6515
f 6760 6515 6883
f 6883 6515 6616
f 6877 6883 6616
f 8271 8223 8269
f 6877 6616 6800
f 6877 6800 6759
f 6877 6759 6935
f 8269 8223 8164
f 6759 7043 6935
f 8269 8164 8372
f 7048 6935 7043
f 8164 8166 8372
f 7043 7046 7048
f 7048 7046 7133
f 7133 7046 7140
f 8166 8219 8372
f 7046 7260 7269
f 7046 7269 7140
f 8372 8219 8234
f 7260 7309 7406
f 7260 7406 7269
f 7309 7447 7406
f 7406 7447 7450
f 8234 8165 8174
f 8234 8174 8237
f 7543 7609 7447
f 7447 7609 7450
f 7609 7543 7615
f 8327 8237 8238
f 7819 7749 7828
f 8180 8132 8201
f 7828 7883 7928
f 7883 7857 7912
f 8026 7912 7857
f 8115 8026 8131
f 6857 6793 6929
f 6965 6857 6929
f 7028 6965 6929
f 7028 7090 6965
f 6857 6771 6793
f 7090 7301 6965
f 6965 7301 7206
f 7206 7301 7321
f 7386 7321 7301
f 6793 6771 6396
f 6722 6437 6396
f 7466 7599 7576
f 6437 6722 6710
f 7599 7713 7835
f 6538 6437 6710
f 6538 6537 6437
f 7835 7713 7711
f 6491 6537 6538
f 7835 7711 7967
f 6491 6441 6537
f 7906 7967 7711
f 7967 7906 8013
f 8013 7906 7955
f 8013 7955 7971
f 8013 7971 8012
f 8059 8012 7971
f 8059 8071 8123
f 8122 8123 8071
f 6530 6439 6448
f 6530 6448 6627
f 8122 8120 8169
f 8239 8177 8168
f 8239 8168 8226
f 6716 6448 6531
f 8226 8236 8239
f 6716 6531 6512
f 6716 6512 6623
f 6623 6512 6714
f 6714 6512 6542
f 8272 8225 8249
f 8272 8249 8271
f 6714 6542 6713
f 6713 6542 6521
f 6968 6883 6877
f 8271 8249 8223
f 8249 8243 8223
f 8223 8243 8164
f 6877 6935 6968
f 7048 6968 6935
f 8276 8164 8243
f 8276 8166 8164
f 8276 8337 8166
f 7048 7133 7180
f 7409 7133 7140
f 8166 8337 8219
f 7409 7140 7269
f 8299 8234 8219
f 7269 7406 7409
f 7450 7409 7406
f 8165 8234 8299
f 8247 8165 8299
f 8247 8174 8165
f 7686 7609 7615
f 8174 8247 8338
f 8174 8338 8237
f 7686 7615 7622
f 8237 8338 8238
f 7686 7622 7746
f 8238 8338 8324
f 7820 7819 7827
f 8238 8324 8240
f 7828 7827 7819
f 8240 8324 8180
f 7828 7822 7827
f 8180 8222 8132
f 7828 7928 7822
f 8132 8222 8131
f 7928 7883 7912
f 8115 7912 8026
f 8131 8222 8115
f 6929 6774 6950
f 6929 6593 6774
f 6950 6978 6929
f 6593 6929 6592
f 6929 6978 7028
f 7090 7028 6978
f 6793 6516 6592
f 6929 6793 6592
f 6978 7091 7090
f 7090 7091 7263
f 7090 7263 7301
f 6793 6396 6516
f 7466 7355 7599
f 7599 7355 7542
f 7542 7608 7599
f 7608 7713 7599
f 7738 7711 7713
f 7711 7738 7906
f 7738 7859 7906
f 6441 6440 6537
f 7906 7859 7955
f 7859 7954 7955
f 6439 6440 6441
f 7971 7955 7954
f 7971 8071 8059
f 6627 6448 6624
f 8168 8169 8120
f 6448 6716 6624
f 8236 8226 8225
f 8226 8224 8225
f 8225 8224 8249
f 6967 6713 6760
f 6967 6760 6883
f 7045 6967 6883
f 7045 6883 6968
f 7045 6968 7143
f 7143 6968 7048
f 7143 7048 7207
f 7207 7048 7180
f 7332 7207 7180
f 7180 7335 7332
f 7180 7133 7335
f 7133 7409 7335
f 7433 7335 7409
f 8219 8337 8373
f 8219 8373 8299
f 8299 8373 8378
f 7609 7617 7450
f 8247 8299 8378
f 8247 8378 8338
f 7609 7686 7617
f 7686 7746 7685
f 7746 7820 7750
f 8291 8180 8324
f 7827 7822 7882
f 8180 8291 8287
f 8180 8287 8222
f 7882 7822 7982
f 7928 7982 7822
f 8037 7982 7928
f 8222 8287 8242
f 7928 7912 8037
f 8115 8095 7912
f 7912 8095 8037
f 8222 8242 8115
f 6681 6754 6819
f 6681 6774 6496
f 6819 6774 6681
f 6774 6819 6950
f 6950 6819 7093
f 6774 6593 6496
f 6592 6516 6593
f 6593 6516 6313
f 7091 6978 7263
f 6313 6516 6259
f 7301 7263 7343
f 6516 6396 6259
f 7386 7301 7343
f 7355 7466 7343
f 7466 7386 7343
f 7355 7421 7542
f 7542 7421 7608
f 6333 6437 6537
f 7608 7421 7573
f 7608 7573 7713
f 7713 7573 7738
f 7738 7573 7642
f 7738 7642 7859
f 6333 6537 6440
f 6333 6440 6345
f 7786 7859 7642
f 7903 7859 7786
f 7859 7903 7954
f 6440 6439 6428
f 7954 7903 7971
f 7971 7903 8071
f 7988 8071 7903
f 8064 8122 8071
f 8122 8064 8120
f 8065 8168 8064
f 8168 8120 8064
f 6716 6728 6624
f 8226 8168 8065
f 6623 6728 6716
f 6806 6728 6623
f 8226 8184 8224
f 6623 6714 6806
f 6884 6806 6714
f 6884 6714 6713
f 8184 8250 8224
f 8224 8277 8249
f 6713 6967 6884
f 7044 6884 6967
f 7044 6967 7136
f 8249 8277 8341
f 6967 7045 7136
f 8249 8350 8243
f 8249 8341 8350
f 7045 7143 7136
f 7181 7136 7143
f 7407 7136 7181
f 7181 7143 7232
f 7143 7207 7232
f 8276 8243 8350
f 8350 8374 8427
f 8350 8427 8276
f 7330 7232 7332
f 7232 7207 7332
f 8420 8276 8427
f 7332 7335 7330
f 8337 8276 8420
f 8420 8426 8337
f 7451 7330 7335
f 7451 7335 7433
f 8373 8337 8561
f 8561 8337 8426
f 7409 7450 7433
f 7620 7433 7450
f 8494 8378 8561
f 8561 8378 8373
f 7450 7617 7620
f 7683 7620 7617
f 8494 8338 8378
f 7617 7686 7683
f 7683 7686 7685
f 8494 8394 8338
f 7685 7746 7815
f 7815 7746 7750
f 8324 8338 8394
f 8394 8418 8324
f 7750 7820 7873
f 7873 7820 7823
f 7820 7827 7823
f 7823 7827 7884
f 8460 8324 8418
f 7827 7882 7884
f 8398 8291 8324
f 8493 8398 8460
f 8460 8398 8324
f 7982 7884 7882
f 8397 8287 8398
f 8398 8287 8291
f 8398 8472 8397
f 8027 8050 7982
f 8027 7982 8037
f 8242 8287 8348
f 8397 8348 8287
f 8027 8037 8050
f 8050 8037 8095
f 8050 8095 8080
f 8095 8115 8297
f 8297 8115 8242
f 8242 8348 8297
f 6609 6666 6777
f 6777 6524 6609
f 6777 6666 6820
f 6754 6496 6777
f 6777 6496 6524
f 6777 6820 6754
f 6280 6524 6496
f 6835 6819 6820
f 6820 6819 6754
f 6681 6496 6754
f 6819 6835 7012
f 6280 6496 6142
f 7093 6819 7012
f 6496 6313 6142
f 6593 6313 6496
f 6978 6950 7190
f 7190 6950 7093
f 7263 6978 7190
f 7263 7190 7346
f 7343 7263 7346
f 7346 7423 7343
f 6259 6396 6437
f 6259 6437 6230
f 7343 7423 7355
f 7423 7421 7355
f 7421 7423 7496
f 6230 6437 6333
f 7496 7573 7421
f 6333 6335 6230
f 6333 6346 6335
f 6345 6346 6333
f 7786 7642 7762
f 7988 7903 7786
f 7988 7970 8071
f 6627 6533 6530
f 7970 8064 8071
f 7970 7968 8064
f 6627 6584 6533
f 7968 8065 8064
f 6624 6584 6627
f 6584 6624 6728
f 6584 6728 6626
f 8226 8065 8117
f 8226 8117 8184
f 6728 6806 6626
f 6626 6806 6884
f 8184 8117 8250
f 6884 6849 6626
f 6884 7044 7049
f 6884 7049 6849
f 7049 7044 7182
f 7044 7136 7182
f 8401 8341 8277
f 7334 7182 7136
f 7182 7334 7333
f 7136 7407 7334
f 7181 7232 7407
f 7480 7407 7232
f 7232 7330 7480
f 7480 7330 7551
f 7330 7451 7551
f 8420 8427 8473
f 7551 7451 7522
f 8420 8473 8475
f 8420 8475 8426
f 7522 7451 7433
f 7522 7433 7616
f 8561 8426 8475
f 7682 7616 7433
f 7620 7682 7433
f 7751 7682 7620
f 7751 7620 7747
f 7747 7620 7683
f 8561 8558 8494
f 8494 8558 8524
f 7683 7685 7815
f 7747 7683 7815
f 8394 8494 8515
f 8494 8524 8515
f 7877 7815 7750
f 8418 8394 8515
f 7877 7750 7873
f 8418 8515 8613
f 7931 7873 7823
f 8418 8613 8460
f 7931 7823 7884
f 8460 8613 8564
f 8564 8493 8460
f 8021 7931 7884
f 8493 8564 8521
f 7884 7982 8021
f 8398 8493 8485
f 8493 8521 8485
f 7982 8050 8021
f 8098 8021 8050
f 8398 8485 8472
f 8485 8521 8560
f 8098 8050 8080
f 8485 8560 8472
f 8095 8297 8080
f 8297 8098 8080
f 8472 8560 8529
f 8397 8347 8348
f 8348 8347 8297
f 8406 8347 8397
f 8472 8406 8397
f 8529 8406 8472
f 6374 6452 6279
f 5796 6055 5941
f 6374 6279 6055
f 6279 5941 6055
f 6279 6452 6557
f 6279 5834 5941
f 6609 6279 6557
f 6821 6609 6557
f 6810 6821 6557
f 6524 5834 6279
f 6609 6524 6279
f 6666 6609 6821
f 6895 6666 6821
f 6981 6666 6895
f 6524 5871 5834
f 6979 6820 6981
f 6981 6820 6666
f 5918 5869 5871
f 6820 6979 7142
f 6524 5918 5871
f 7142 6835 6820
f 6280 5918 6524
f 6280 5944 5918
f 7012 6835 7142
f 7012 7142 7220
f 7220 7093 7012
f 6280 6142 5944
f 7093 7220 7287
f 7190 7093 7287
f 5960 6142 6259
f 6313 6259 6142
f 7190 7287 7346
f 6259 6039 5960
f 6230 6062 6259
f 6259 6062 6039
f 7496 7423 7414
f 6062 6230 6169
f 6230 6335 6227
f 7573 7560 7642
f 6227 6335 6346
f 7646 7642 7626
f 6345 6338 6346
f 7646 7762 7642
f 6345 6440 6338
f 6440 6428 6338
f 7762 7646 7706
f 7762 7706 7786
f 6439 6529 6428
f 6439 6530 6529
f 7706 7774 7988
f 7706 7988 7786
f 7900 7970 7774
f 7774 7970 7988
f 6530 6533 6534
f 7968 7970 7950
f 7950 7970 7900
f 6533 6584 6532
f 7968 7950 7978
f 8065 7968 7978
f 8065 7978 8055
f 6584 6626 6532
f 6532 6626 6762
f 8117 8065 8118
f 6761 6762 6626
f 6762 6761 6960
f 6960 6761 6943
f 6626 6849 6761
f 8224 8250 8280
f 6943 6761 7049
f 7049 6761 6849
f 7183 6943 7049
f 8280 8277 8224
f 7372 7183 7182
f 7049 7182 7183
f 7182 7333 7372
f 7408 7372 7333
f 7408 7333 7334
f 7478 7408 7334
f 7478 7334 7407
f 8341 8429 8350
f 7546 7478 7407
f 8429 8374 8350
f 8374 8429 8487
f 7546 7407 7480
f 8427 8374 8516
f 8516 8374 8487
f 7614 7546 7480
f 8516 8530 8427
f 7614 7480 7551
f 8427 8530 8473
f 7678 7614 7551
f 8473 8530 8567
f 7678 7551 7522
f 8473 8567 8475
f 7678 7522 7616
f 8604 8475 8567
f 8561 8475 8604
f 8561 8604 8558
f 7930 7747 7815
f 8613 8515 8524
f 8524 8558 8613
f 8646 8564 8613
f 8617 8564 8646
f 8617 8521 8564
f 8617 8560 8521
f 8021 8098 8109
f 8098 8297 8215
f 8098 8215 8109
f 8560 8617 8616
f 8616 8529 8560
f 8616 8617 8710
f 8529 8484 8406
f 8616 8484 8529
f 8484 8616 8481
f 8616 8710 8615
f 5870 5733 5672
f 5672 5733 5565
f 5503 5565 5568
f 5820 5733 5870
f 5940 5820 5870
f 5820 5940 6044
f 5733 5568 5565
f 5942 5820 6044
f 6122 5942 6044
f 5733 5521 5568
f 5820 5521 5733
f 6241 5942 6122
f 5796 5521 5820
f 5942 5796 5820
f 6241 6055 5942
f 6240 6055 6241
f 6055 6240 6374
f 6374 6240 6360
f 6055 5796 5942
f 6372 6374 6360
f 6452 6374 6471
f 6471 6374 6372
f 5521 5796 5597
f 6452 6471 6693
f 5941 5597 5796
f 6557 6452 6693
f 6557 6693 6917
f 5597 5700 5512
f 5941 5700 5597
f 6810 6557 6917
f 6810 6917 6984
f 5941 5834 5700
f 6810 6984 6983
f 6821 6810 6983
f 6821 6983 7013
f 5700 5834 5715
f 5834 5871 5715
f 6821 7013 6895
f 6981 6895 7013
f 6981 7013 7089
f 5715 5871 5779
f 5869 5726 5871
f 5871 5726 5779
f 6981 7089 7164
f 5726 5869 5612
f 6981 7164 6979
f 7164 7142 6979
f 5869 5759 5612
f 5869 5918 5759
f 7142 7194 7220
f 5918 5944 5857
f 5857 5944 5841
f 6142 5841 5944
f 7290 7287 7220
f 6142 5960 5841
f 6039 5838 5960
f 5960 5838 5807
f 7423 7346 7356
f 7423 7356 7414
f 6039 6062 5838
f 7496 7414 7495
f 6062 5886 5838
f 5886 6062 6169
f 7573 7496 7495
f 7573 7495 7560
f 6169 5985 5886
f 6169 6230 5985
f 5985 6230 6227
f 7642 7560 7626
f 6346 6347 6227
f 6346 6338 6347
f 7706 7646 7631
f 7706 7631 7697
f 7774 7706 7697
f 6534 6529 6530
f 7900 7774 7759
f 7900 7759 7844
f 7846 7900 7844
f 6534 6533 6672
f 7900 7846 7950
f 6672 6533 6532
f 6763 6672 6532
f 6763 6532 6762
f 6763 6762 6872
f 6872 6762 6960
f 7047 6872 6960
f 8118 8065 8055
f 8118 8134 8117
f 6960 6943 7047
f 7047 6943 7184
f 8117 8134 8183
f 8250 8117 8183
f 7184 6943 7183
f 7184 7183 7244
f 8280 8250 8183
f 7244 7183 7411
f 7411 7183 7372
f 7408 7411 7372
f 7611 7411 7408
f 7611 7408 7552
f 8341 8401 8464
f 7552 7408 7478
f 8341 8464 8487
f 8341 8487 8429
f 7641 7552 7478
f 7641 7478 7618
f 7618 7478 7546
f 7723 7618 7546
f 8527 8516 8487
f 8516 8527 8605
f 7723 7546 7722
f 7722 7546 7614
f 8516 8605 8530
f 7783 7722 7614
f 7783 7614 7755
f 7755 7614 7678
f 8530 8647 8567
f 7755 7678 7616
f 7755 7616 7817
f 8567 8645 8604
f 7616 7682 7817
f 8604 8645 8558
f 7817 7682 7875
f 7682 7751 7875
f 7875 7751 7747
f 7875 7747 7930
f 8558 8645 8652
f 8558 8652 8613
f 7913 7930 7815
f 7815 7877 7913
f 7913 7877 7873
f 7913 7873 8042
f 7873 7931 8042
f 8646 8613 8652
f 8646 8652 8700
f 8042 7931 8096
f 8646 8700 8699
f 8646 8699 8617
f 7931 8021 8096
f 8154 8096 8021
f 8154 8021 8109
f 8617 8699 8737
f 8154 8109 8207
f 8617 8737 8710
f 8109 8215 8207
f 8215 8297 8246
f 8297 8365 8246
f 8297 8347 8365
f 8406 8451 8347
f 8406 8484 8451
f 8484 8481 8451
f 8615 8481 8616
f 8481 8584 8451
f 8615 8584 8481
f 8698 8584 8615
f 5565 5481 5526
f 5579 5565 5526
f 5672 5579 5615
f 5672 5615 5821
f 5672 5565 5579
f 5565 5391 5481
f 5481 5391 5430
f 5870 5672 5821
f 5940 5821 5946
f 5565 5503 5391
f 5940 5870 5821
f 5391 5503 5399
f 5940 5946 6044
f 5503 5568 5399
f 6122 6044 6243
f 6243 6241 6122
f 6241 6243 6503
f 6360 6240 6241
f 6241 6605 6360
f 5568 5521 5399
f 6360 6605 6604
f 6372 6360 6604
f 5398 5399 5521
f 5429 5398 5521
f 6471 6372 6922
f 5597 5429 5521
f 6745 6471 6922
f 6693 6471 6745
f 5597 5465 5429
f 6917 6693 6745
f 5512 5465 5597
f 5700 5511 5512
f 5700 5560 5511
f 5715 5560 5700
f 7013 6983 7060
f 7060 7089 7013
f 5715 5599 5560
f 5779 5599 5715
f 5599 5726 5612
f 5779 5726 5599
f 7089 7224 7164
f 7164 7194 7142
f 7194 7164 7291
f 5612 5759 5644
f 7221 7220 7291
f 7291 7220 7194
f 5918 5644 5759
f 5918 5857 5644
f 7290 7220 7221
f 5644 5857 5647
f 5841 5647 5857
f 5841 5735 5647
f 5807 5735 5841
f 5841 5960 5807
f 5735 5807 5723
f 5723 5807 5838
f 7414 7418 7495
f 5838 5886 5723
f 5723 5886 5985
f 7492 7560 7418
f 7560 7495 7418
f 7626 7492 7559
f 7626 7560 7492
f 5985 6227 6125
f 6227 6347 6125
f 7626 7631 7646
f 7697 7695 7774
f 7759 7774 7695
f 6674 6529 6534
f 6674 6534 6672
f 6672 6763 6878
f 7846 7907 7950
f 7950 7907 7978
f 6872 6878 6763
f 7015 6878 6872
f 7907 7974 7978
f 7978 7974 8055
f 7131 7015 7047
f 7047 7015 6872
f 7131 7047 7275
f 8055 7974 8010
f 8055 8010 8118
f 7275 7047 7274
f 7274 7047 7244
f 8118 8010 8083
f 8118 8083 8134
f 7047 7184 7244
f 7274 7244 7373
f 7244 7411 7373
f 7516 7373 7611
f 7611 7373 7411
f 7516 7611 7624
f 8277 8280 8278
f 7624 7611 7688
f 7688 7611 7679
f 8401 8277 8278
f 7611 7552 7679
f 8401 8278 8417
f 7679 7552 7641
f 8487 8464 8533
f 8533 8527 8487
f 7641 7618 7723
f 7723 7722 7934
f 7783 7934 7722
f 8605 8647 8530
f 7783 7755 8009
f 8647 8645 8567
f 8009 7755 7817
f 8157 8009 7817
f 8645 8650 8690
f 8150 7817 7875
f 7875 8107 8150
f 7875 7930 8107
f 8046 8107 7930
f 8645 8690 8701
f 8645 8701 8652
f 7930 7913 8046
f 8046 7913 8081
f 8081 7913 8259
f 8210 8259 7913
f 8210 7913 8042
f 8315 8042 8096
f 8315 8096 8216
f 8216 8096 8154
f 8154 8207 8216
f 8267 8216 8207
f 8267 8207 8215
f 8267 8215 8264
f 8801 8737 8802
f 8802 8821 8801
f 8246 8264 8215
f 8801 8710 8737
f 8347 8369 8365
f 8369 8347 8451
f 8451 8411 8369
f 8615 8710 8801
f 8698 8615 8801
f 8859 8698 8801
f 8411 8451 8410
f 8779 8698 8859
f 8820 8779 8859
f 8451 8584 8410
f 8410 8584 8556
f 8779 8614 8698
f 8698 8614 8584
f 8849 8779 8820
f 8884 8849 8820
f 8584 8614 8556
f 8779 8658 8614
f 8746 8658 8779
f 8849 8746 8779
f 8849 8884 8885
f 8556 8614 8555
f 8732 8595 8658
f 8658 8595 8614
f 8555 8614 8595
f 8746 8732 8658
f 8732 8746 8849
f 8885 8732 8849
f 8595 8732 8596
f 8850 8732 8885
f 8696 8596 8732
f 8778 8696 8850
f 8850 8696 8732
f 5579 5526 5616
f 5616 5526 5515
f 5579 5616 5743
f 5743 5615 5579
f 5526 5481 5515
f 5481 5470 5515
f 5615 5743 5744
f 5615 5744 5821
f 5821 5744 6046
f 5481 5430 5470
f 5821 6046 5875
f 5470 5430 5462
f 5391 5462 5430
f 5947 5946 5875
f 5875 5946 5821
f 6127 5946 5947
f 5946 6127 6325
f 6243 6044 6325
f 6325 6044 5946
f 6324 6243 6325
f 5391 5399 5475
f 6243 6324 6373
f 6243 6373 6503
f 6659 6241 6503
f 6659 6646 6605
f 5475 5399 5474
f 6241 6659 6605
f 6696 6605 6646
f 5399 5398 5474
f 6696 6604 6605
f 6604 6696 6840
f 6840 6696 6863
f 5474 5398 5452
f 6840 6372 6604
f 6922 6372 6840
f 5452 5398 5429
f 6922 7037 6745
f 5553 5490 5465
f 5490 5429 5465
f 6917 6745 7037
f 7037 7066 6917
f 6984 6917 7064
f 7064 6917 7066
f 5591 5553 5512
f 5553 5465 5512
f 5591 5512 5511
f 5591 5511 5557
f 6984 7064 7152
f 6984 7152 6983
f 5557 5511 5585
f 5511 5560 5585
f 7060 6983 7152
f 5585 5560 5635
f 5560 5599 5635
f 7089 7060 7224
f 5635 5599 5612
f 5635 5612 5725
f 7291 7290 7221
f 5644 5647 5735
f 7346 7287 7297
f 5735 5723 5866
f 5866 5723 5836
f 7414 7356 7354
f 7414 7354 7422
f 5723 5985 5836
f 7414 7435 7418
f 6024 5836 5985
f 7559 7492 7493
f 6125 6024 5985
f 7559 7569 7626
f 6347 6338 6424
f 6347 6424 6125
f 7569 7558 7631
f 7626 7569 7631
f 6424 6338 6478
f 7631 7558 7697
f 6338 6428 6478
f 7697 7558 7695
f 6428 6529 6478
f 6707 6478 6674
f 6674 6478 6529
f 6707 6674 6718
f 7759 7695 7782
f 6875 6674 6672
f 6875 6672 6878
f 7092 6875 6878
f 7782 7844 7759
f 7844 7782 8022
f 7092 6878 7015
f 7092 7015 7131
f 7846 7844 8022
f 7092 7131 7271
f 7272 7092 7271
f 7907 7846 7974
f 7974 7846 8022
f 7131 7275 7271
f 8057 7974 8022
f 7274 7271 7275
f 8010 7974 8057
f 8057 8067 8010
f 8010 8067 8128
f 8010 8128 8083
f 7274 7373 7374
f 8083 8128 8134
f 8183 8134 8128
f 8183 8128 8175
f 7373 7516 7374
f 7624 7588 7516
f 7516 7588 7374
f 8280 8183 8217
f 7624 7623 7588
f 8280 8217 8278
f 7624 7688 7687
f 7624 7687 7623
f 7679 7687 7688
f 7687 7679 7741
f 8359 8417 8278
f 7816 7741 7880
f 8464 8401 8417
f 7679 7641 7741
f 7880 7741 7641
f 7935 7880 7641
f 8533 8464 8417
f 7935 7641 7934
f 7934 7641 7723
f 8562 8605 8533
f 8533 8605 8527
f 8605 8562 8608
f 7938 7934 7783
f 7938 7783 7937
f 8009 7937 7783
f 8647 8650 8645
f 8157 7817 8150
f 8690 8689 8701
f 8107 8046 8081
f 8701 8768 8652
f 8767 8652 8768
f 8700 8652 8767
f 8210 8042 8362
f 8362 8042 8315
f 8700 8767 8804
f 8700 8804 8699
f 8804 8803 8699
f 8803 8737 8699
f 8315 8216 8349
f 8349 8216 8267
f 8803 8802 8737
f 8267 8264 8447
f 8803 8812 8802
f 8802 8812 8821
f 8447 8264 8365
f 8365 8264 8246
f 8365 8369 8412
f 8801 8821 8859
f 8859 8821 8888
f 8483 8412 8411
f 8412 8369 8411
f 8547 8483 8411
f 8859 8888 8884
f 8411 8410 8547
f 8859 8884 8820
f 8547 8410 8549
f 8549 8410 8556
f 8642 8549 8556
f 8884 8922 8885
f 8642 8556 8555
f 8642 8555 8687
f 8885 8922 8921
f 8687 8555 8719
f 8719 8555 8595
f 8719 8595 8657
f 8885 8921 8850
f 8595 8596 8657
f 8719 8657 8745
f 8829 8719 8745
f 8850 8921 8920
f 8596 8696 8657
f 8657 8696 8745
f 8745 8778 8829
f 8829 8778 8864
f 8778 8850 8864
f 8864 8850 8920
f 8778 8745 8696
f 5616 5628 5822
f 5616 5515 5550
f 5550 5628 5616
f 5743 5616 5822
f 5822 5742 5743
f 5743 5742 5877
f 5613 5550 5470
f 5470 5550 5515
f 5744 5743 5877
f 6046 5744 5877
f 5470 5480 5613
f 6046 6249 6127
f 5462 5480 5470
f 5947 5875 6046
f 6127 5947 6046
f 6127 6249 6325
f 6324 6325 6373
f 6373 6325 6469
f 6373 6469 6472
f 6503 6373 6472
f 6503 6472 6659
f 6659 6472 6746
f 5462 5391 5475
f 6646 6659 6746
f 6646 6746 6865
f 5474 5435 5475
f 6646 6865 6958
f 6646 6958 6696
f 6863 6696 6958
f 6863 6958 6840
f 6840 7070 6922
f 5502 5452 5429
f 7037 6922 7068
f 5502 5429 5490
f 5553 5502 5490
f 7037 7068 7066
f 7064 7065 7154
f 5591 5557 5601
f 7064 7154 7152
f 5657 5601 5557
f 5657 5557 5585
f 5585 5635 5657
f 5657 5635 5643
f 5643 5635 5727
f 5727 5635 5725
f 5920 5644 5735
f 7290 7297 7287
f 7346 7297 7344
f 7344 7356 7346
f 5866 5836 5936
f 6165 5936 5836
f 7492 7418 7435
f 7492 7435 7493
f 5836 6024 6165
f 6182 6165 6024
f 6024 6125 6182
f 6298 6182 6125
f 7559 7493 7507
f 7559 7507 7569
f 6424 6298 6125
f 6707 6665 6478
f 6718 6665 6707
f 7569 7640 7558
f 6718 6674 6870
f 7640 7695 7558
f 6875 6870 6674
f 7695 7640 7782
f 7137 6870 6875
f 7137 6875 7092
f 7313 7137 7092
f 7313 7092 7272
f 7523 7313 7272
f 7272 7271 7523
f 8017 8022 7986
f 8022 8017 8057
f 7523 7271 7375
f 7375 7271 7274
f 7613 7523 7375
f 8067 8057 8017
f 7274 7374 7375
f 7375 7374 7613
f 8067 8070 8128
f 8129 8128 8070
f 8128 8129 8175
f 7613 7374 7588
f 7818 7588 7623
f 7793 7818 7623
f 8217 8183 8175
f 7793 7623 7790
f 7790 7623 7687
f 7687 7741 7790
f 7790 7741 7816
f 8004 7790 7816
f 8278 8217 8359
f 8004 7816 7880
f 8417 8359 8380
f 8053 7880 7935
f 8562 8417 8380
f 8417 8562 8533
f 8101 7935 7938
f 7938 7935 7934
f 7938 7937 8101
f 8647 8605 8608
f 8101 7937 8009
f 8101 8009 8153
f 8153 8009 8157
f 8690 8650 8770
f 8157 8150 8208
f 8690 8770 8689
f 8208 8150 8211
f 8150 8107 8211
f 8107 8081 8211
f 8262 8211 8081
f 8701 8689 8769
f 8081 8259 8262
f 8701 8769 8768
f 8314 8259 8210
f 8767 8768 8811
f 8767 8811 8804
f 8314 8210 8362
f 8370 8362 8315
f 8370 8315 8349
f 8447 8349 8267
f 8814 8812 8803
f 8812 8814 8852
f 8447 8365 8450
f 8501 8450 8365
f 8894 8821 8812
f 8501 8365 8412
f 8501 8412 8550
f 8894 8888 8821
f 8412 8483 8550
f 8550 8483 8552
f 8591 8552 8483
f 8888 8893 8884
f 8591 8483 8547
f 8591 8547 8549
f 8591 8549 8627
f 8922 8884 8893
f 8922 8893 8965
f 8887 8922 8965
f 8549 8642 8627
f 8659 8627 8642
f 8642 8687 8659
f 8887 8886 8922
f 8659 8687 8697
f 8922 8886 8921
f 8687 8719 8697
f 8697 8719 8731
f 8886 8866 8921
f 8719 8776 8731
f 8866 8776 8819
f 8866 8819 8921
f 8719 8829 8776
f 8819 8776 8829
f 8921 8819 8920
f 8864 8819 8829
f 8819 8864 8920
f 5694 5628 5667
f 5628 5694 5822
f 5742 5822 5965
f 5550 5667 5628
f 5877 5742 5965
f 5667 5550 5645
f 5877 5965 6196
f 6148 5877 6196
f 6046 5877 6148
f 6249 6046 6148
f 6249 6148 6459
f 6325 6249 6459
f 6325 6459 6469
f 6469 6459 6647
f 6472 6469 6823
f 6746 6472 6823
f 5462 5476 5480
f 6746 6823 6906
f 5475 5476 5462
f 6865 6746 6906
f 6865 6906 6904
f 6865 6904 6958
f 5475 5435 5476
f 5435 5474 5473
f 6958 7074 7007
f 5452 5473 5474
f 6958 7007 6840
f 5473 5452 5497
f 7007 7070 6840
f 5452 5502 5497
f 7065 7068 7070
f 7070 7068 6922
f 5502 5553 5566
f 7068 7065 7066
f 5553 5591 5566
f 7066 7065 7064
f 5591 5601 5566
f 5601 5657 5658
f 5657 5643 5658
f 7152 7150 7060
f 5643 5727 5728
f 7224 7060 7150
f 5725 5728 5727
f 7150 7292 7224
f 7224 7292 7164
f 5725 5612 5861
f 5858 5861 5612
f 7291 7164 7292
f 5858 5612 5644
f 7291 7292 7290
f 5644 5920 5858
f 7292 7282 7290
f 7290 7282 7297
f 5920 5735 5925
f 7282 7285 7297
f 5735 5866 5925
f 5982 5925 5866
f 5982 5866 5987
f 5987 5866 5936
f 7356 7344 7354
f 6065 5987 5936
f 6065 5936 6164
f 5936 6165 6164
f 7422 7435 7414
f 6165 6182 6164
f 7493 7435 7439
f 6475 6298 6424
f 7507 7493 7500
f 7500 7493 7439
f 6490 6475 6424
f 6424 6478 6490
f 6665 6490 6478
f 7507 7570 7569
f 7640 7569 7570
f 6665 6718 6807
f 6870 6807 6718
f 7782 7640 7698
f 7782 7698 7757
f 6870 7137 7124
f 7313 7124 7137
f 7281 7124 7313
f 7785 7782 7757
f 7281 7313 7340
f 7785 8022 7782
f 7340 7313 7412
f 7927 8022 7785
f 7412 7313 7523
f 7412 7523 7689
f 8017 7986 8058
f 7689 7523 7613
f 7821 7689 7613
f 8058 8067 8017
f 8056 8070 8067
f 8070 8056 8178
f 8178 8129 8070
f 7821 7613 7818
f 7818 7613 7588
f 8178 8175 8129
f 8178 8251 8175
f 8251 8217 8175
f 8217 8251 8323
f 8359 8217 8323
f 8359 8323 8405
f 8405 8380 8359
f 8380 8405 8431
f 8004 7880 8053
f 8043 8004 8053
f 8380 8431 8523
f 8523 8562 8380
f 8053 7935 8104
f 8104 7935 8101
f 8110 8104 8101
f 8562 8523 8610
f 8110 8101 8209
f 8610 8608 8562
f 8101 8153 8209
f 8209 8153 8158
f 8647 8608 8650
f 8153 8157 8158
f 8157 8208 8158
f 8158 8208 8212
f 8770 8650 8742
f 8211 8212 8208
f 8212 8211 8248
f 8689 8770 8769
f 8211 8262 8248
f 8259 8266 8262
f 8262 8266 8248
f 8769 8772 8768
f 8259 8314 8266
f 8266 8314 8319
f 8811 8768 8772
f 8314 8362 8319
f 8409 8319 8362
f 8409 8362 8370
f 8449 8409 8370
f 8449 8370 8349
f 8811 8814 8804
f 8804 8814 8803
f 8449 8349 8499
f 8499 8349 8447
f 8447 8450 8503
f 8812 8852 8894
f 8450 8501 8503
f 8548 8503 8501
f 8548 8501 8589
f 8894 8903 8888
f 8501 8550 8589
f 8589 8550 8552
f 8633 8589 8552
f 8903 8936 8888
f 8936 8893 8888
f 8633 8552 8591
f 8681 8633 8591
f 8893 8936 8984
f 8681 8591 8659
f 8659 8591 8627
f 8720 8681 8659
f 8965 8893 8984
f 8965 8984 9036
f 8720 8659 8697
f 8759 8720 8697
f 9036 8887 8965
f 8886 8887 9036
f 8886 9036 9065
f 8759 8697 8762
f 8762 8697 8731
f 9058 8886 9065
f 9058 9065 9090
f 8935 8866 8886
f 9058 8935 8886
f 8776 8762 8731
f 8776 8830 8762
f 8830 8776 8865
f 8776 8866 8865
f 8935 8865 8866
f 8865 8901 8830
f 8935 8901 8865
f 9058 9090 9076
f 9058 8901 8935
f 9058 9076 8901
f 5694 5646 5678
f 5694 5678 5799
f 5667 5646 5694
f 5822 5799 5825
f 5822 5694 5799
f 5822 5825 5965
f 5825 6156 5965
f 5645 5646 5667
f 6156 6196 5965
f 5645 5550 5613
f 6459 6148 6196
f 6459 6196 6550
f 5665 5645 5578
f 5578 5645 5613
f 6459 6550 6573
f 5556 5578 5613
f 5556 5613 5480
f 5556 5665 5578
f 6573 6647 6459
f 6647 6698 6469
f 6469 6698 6823
f 6824 6906 6823
f 5537 5551 5435
f 5435 5551 5476
f 6904 7074 6958
f 5537 5435 5547
f 5547 5435 5473
f 7074 7123 7007
f 5473 5497 5547
f 5590 5547 5497
f 7070 7007 7123
f 7123 7157 7070
f 5497 5502 5590
f 5609 5590 5502
f 7070 7157 7156
f 5609 5502 5566
f 7070 7156 7065
f 5634 5609 5566
f 5634 5566 5601
f 7156 7154 7065
f 7154 7153 7152
f 5658 5643 5728
f 7152 7153 7150
f 5861 5777 5725
f 5777 5728 5725
f 7150 7094 7292
f 7282 7229 7285
f 7344 7297 7285
f 6164 6090 6065
f 6090 6164 6257
f 6257 6164 6182
f 6423 6257 6298
f 6298 6257 6182
f 6423 6298 6475
f 6475 6490 6792
f 6792 6490 6665
f 6792 6665 6807
f 7500 7439 7570
f 7500 7570 7507
f 6807 6870 6938
f 7124 6938 6870
f 7640 7651 7698
f 7281 7265 7124
f 7549 7281 7340
f 7340 7412 7549
f 7549 7412 7690
f 7927 7785 7843
f 7689 7681 7690
f 7689 7690 7412
f 7927 7986 8022
f 7689 7821 7681
f 8058 8056 8067
f 7821 7818 7933
f 7933 7818 7939
f 7818 7793 7939
f 7939 7793 7790
f 8251 8279 8323
f 7790 8004 7939
f 8001 7939 8004
f 8343 8323 8279
f 8323 8343 8405
f 8001 8004 8043
f 8160 8053 8104
f 8523 8431 8603
f 8160 8104 8110
f 8160 8110 8159
f 8523 8603 8606
f 8523 8606 8610
f 8159 8110 8209
f 8213 8159 8209
f 8608 8610 8694
f 8694 8610 8606
f 8313 8209 8158
f 8650 8608 8694
f 8313 8158 8255
f 8742 8650 8694
f 8742 8694 8805
f 8255 8158 8212
f 8310 8255 8212
f 8770 8742 8805
f 8310 8212 8248
f 8310 8248 8311
f 8770 8805 8855
f 8854 8770 8855
f 8854 8769 8770
f 8853 8769 8854
f 8311 8248 8399
f 8399 8248 8266
f 8399 8266 8321
f 8867 8772 8853
f 8853 8772 8769
f 8867 8853 8890
f 8478 8321 8266
f 8266 8319 8478
f 8811 8772 8867
f 8811 8867 8931
f 8495 8409 8449
f 8811 8931 8939
f 8495 8449 8499
f 8939 8814 8811
f 8985 8814 8939
f 8546 8499 8447
f 8546 8447 8503
f 8985 8852 8814
f 8989 8894 8852
f 8852 8985 8989
f 8982 8894 8989
f 8982 8903 8894
f 8938 8903 8982
f 8676 8589 8633
f 8936 8903 8938
f 8938 8959 8936
f 8959 8984 8936
f 8633 8681 8676
f 8984 8959 8988
f 9036 8984 8988
f 9036 8988 9040
f 8720 8759 8729
f 9065 9036 9040
f 9065 9040 9066
f 8759 8762 8796
f 9066 9064 9065
f 9065 9064 9090
f 8830 8796 8762
f 8861 8796 8830
f 9077 8944 8901
f 9090 9064 9077
f 8830 8901 8861
f 8944 8861 8901
f 9090 9077 9076
f 9076 9077 8901
f 5678 5632 5682
f 5646 5492 5678
f 5678 5492 5632
f 5682 5901 5678
f 5678 5901 5799
f 5799 5901 5825
f 5825 5901 6156
f 5646 5580 5492
f 5580 5444 5492
f 6369 6156 6295
f 5444 5580 5540
f 5444 5540 5487
f 6196 6156 6369
f 6369 6551 6196
f 5645 5540 5646
f 5646 5540 5580
f 6551 6550 6196
f 5467 5487 5491
f 5540 5491 5487
f 5540 5539 5491
f 5491 5539 5514
f 5491 5514 5467
f 5665 5539 5645
f 5645 5539 5540
f 6573 6550 6551
f 5514 5539 5513
f 5665 5513 5539
f 6698 6647 6573
f 5513 5556 5554
f 5665 5556 5513
f 5556 5480 5554
f 6826 6823 6698
f 5554 5480 5476
f 6826 6824 6823
f 5554 5476 5564
f 5664 5476 5551
f 5577 5664 5537
f 5537 5664 5551
f 5577 5537 5547
f 5547 5590 5577
f 5577 5590 5609
f 7072 7155 7157
f 7157 7155 7156
f 5704 5609 5634
f 5704 5634 5712
f 5712 5634 5601
f 7156 7155 7154
f 7063 7153 7155
f 7154 7155 7153
f 5601 5658 5712
f 5658 5728 5712
f 7153 7063 7094
f 7063 7061 7094
f 7153 7094 7150
f 5777 5778 5728
f 7061 7076 7094
f 7094 7076 7292
f 7292 7076 7147
f 7292 7147 7282
f 7158 7229 7147
f 7147 7229 7282
f 7344 7285 7298
f 7342 7344 7298
f 7344 7342 7354
f 7422 7354 7342
f 7422 7342 7419
f 6222 6137 6231
f 6231 6137 6090
f 7422 7419 7435
f 6090 6257 6231
f 6257 6423 6231
f 6423 6492 6231
f 6423 6475 6492
f 6792 6492 6475
f 7419 7432 7435
f 7435 7432 7439
f 6792 6794 6492
f 6794 6792 6807
f 7432 7517 7439
f 7570 7439 7517
f 7570 7517 7571
f 6794 6807 6938
f 6794 6938 6945
f 7571 7651 7570
f 7640 7570 7651
f 7101 6945 6938
f 6938 7124 7101
f 7265 7101 7124
f 7265 7242 7101
f 7304 7242 7265
f 7704 7698 7651
f 7265 7281 7304
f 7698 7704 7778
f 7549 7475 7281
f 7610 7475 7549
f 7778 7757 7698
f 7778 7775 7757
f 7757 7775 7785
f 7690 7610 7549
f 7843 7785 7775
f 7843 7848 7927
f 7743 7690 7681
f 7984 7927 7848
f 7927 8038 7986
f 7743 7681 7752
f 7927 7984 8038
f 8038 8058 7986
f 7821 7752 7681
f 8056 8058 8038
f 8178 8056 8084
f 8182 8178 8084
f 7933 7939 8049
f 8178 8182 8298
f 8049 7939 8048
f 8251 8178 8298
f 8279 8251 8298
f 8048 7939 8001
f 8279 8298 8345
f 8279 8345 8425
f 8048 8001 8099
f 8343 8279 8405
f 8405 8279 8425
f 8001 8043 8099
f 8428 8431 8425
f 8425 8431 8405
f 8099 8043 8053
f 8187 8099 8053
f 8053 8160 8187
f 8187 8160 8256
f 8513 8431 8428
f 8431 8513 8603
f 8160 8159 8256
f 8316 8256 8159
f 8603 8513 8607
f 8159 8213 8316
f 8606 8603 8607
f 8213 8209 8316
f 8316 8209 8364
f 8606 8607 8736
f 8694 8606 8736
f 8364 8209 8313
f 8313 8255 8366
f 8733 8694 8736
f 8805 8694 8733
f 8805 8733 8815
f 8366 8255 8310
f 8366 8310 8408
f 8805 8815 8855
f 8310 8311 8408
f 8408 8311 8448
f 8448 8311 8399
f 8853 8854 8930
f 8448 8399 8500
f 8890 8853 8930
f 8399 8321 8500
f 8500 8321 8478
f 8960 8890 8930
f 8478 8319 8504
f 8960 8867 8890
f 8504 8319 8409
f 8931 8867 8960
f 8931 8960 9019
f 8409 8495 8504
f 8981 8939 8931
f 8931 9019 8981
f 8495 8499 8504
f 8504 8499 8543
f 8499 8546 8543
f 8543 8546 8628
f 8989 8985 8981
f 8981 8985 8939
f 8546 8503 8597
f 8628 8546 8597
f 8503 8548 8597
f 8669 8597 8548
f 8989 9014 9023
f 8989 9023 8982
f 8717 8548 8589
f 8717 8589 8676
f 9023 8938 8982
f 9070 8959 9023
f 9023 8959 8938
f 9070 9023 9050
f 8681 8723 8676
f 9067 8988 9070
f 9070 8988 8959
f 9105 9067 9127
f 8681 8720 8729
f 8681 8729 8723
f 9040 8988 9067
f 9105 9040 9067
f 9105 9127 9153
f 9103 9040 9105
f 9153 9103 9105
f 8828 8729 8759
f 9103 9066 9040
f 9103 9153 9122
f 9102 9066 9103
f 9102 9103 9122
f 8828 8759 8796
f 8828 8796 8837
f 9102 9064 9066
f 9150 9102 9152
f 9152 9102 9122
f 8796 8861 8860
f 8796 8860 8837
f 8969 8860 8944
f 8944 8860 8861
f 9102 9120 9078
f 9102 9078 9064
f 9150 9120 9102
f 9077 9078 8969
f 9077 8969 8944
f 9064 9078 9077
f 5383 5414 5457
f 5457 5525 5519
f 5519 5383 5457
f 5519 5525 5683
f 5519 5378 5383
f 5683 5632 5519
f 5891 5632 5683
f 5383 5378 5364
f 5682 5632 5891
f 5891 5683 5969
f 5455 5378 5519
f 5632 5455 5519
f 5901 5682 5891
f 5901 5891 5969
f 5901 5969 6156
f 6156 5969 6285
f 5378 5405 5392
f 5378 5392 5364
f 5455 5405 5378
f 5632 5492 5455
f 6285 6295 6156
f 5455 5444 5405
f 5405 5444 5422
f 5492 5444 5455
f 6369 6295 6460
f 6551 6369 6552
f 5513 5508 5514
f 5513 5554 5508
f 6826 6907 6824
f 6907 6906 6824
f 5564 5476 5607
f 5476 5664 5607
f 6904 6973 7074
f 5664 5577 5711
f 7074 7073 7123
f 7157 7123 7073
f 7157 7073 7072
f 5711 5577 5704
f 5704 5577 5609
f 5712 5738 5704
f 5712 5729 5738
f 5728 5729 5712
f 7063 7053 7061
f 5728 5778 5729
f 7061 7151 7147
f 5777 5861 5845
f 5777 5845 5778
f 7061 7147 7076
f 5861 5865 5845
f 5858 5865 5861
f 5858 5920 5913
f 5858 5913 5865
f 5925 5938 5920
f 7229 7158 7219
f 5925 5982 5984
f 5925 5984 5938
f 7229 7219 7285
f 5982 6013 5984
f 5987 6013 5982
f 7298 7285 7256
f 5987 6065 6013
f 6065 6090 6013
f 6013 6090 6137
f 7342 7298 7284
f 6222 6326 6137
f 6432 6326 6222
f 7342 7284 7419
f 6432 6222 6231
f 7419 7284 7384
f 7384 7464 7419
f 6432 6231 6492
f 6703 6432 6492
f 7432 7419 7517
f 7517 7419 7464
f 6749 6703 6492
f 7517 7464 7650
f 6492 6794 6749
f 6945 6749 6794
f 6749 6945 7040
f 7571 7517 7650
f 7040 6945 7103
f 7763 7571 7650
f 7101 7103 6945
f 7242 7103 7101
f 7307 7242 7304
f 7382 7307 7304
f 7763 7651 7571
f 7704 7651 7763
f 7704 7763 7834
f 7304 7281 7475
f 7778 7704 7834
f 7778 7834 7953
f 7775 7778 7953
f 7610 7621 7619
f 7952 7775 7953
f 7610 7690 7621
f 7848 7843 7952
f 7952 7843 7775
f 7621 7690 7743
f 7848 7952 8085
f 8085 7952 8119
f 8085 7984 7848
f 8085 8038 7984
f 7868 7752 7821
f 8056 8038 8085
f 8056 8085 8119
f 8056 8119 8188
f 7821 7933 7868
f 8182 8056 8188
f 8182 8188 8302
f 8182 8084 8056
f 8298 8182 8302
f 8298 8302 8345
f 8345 8302 8328
f 8345 8328 8422
f 7933 8082 7940
f 7933 8049 8082
f 8082 8049 8048
f 8155 8082 8048
f 8345 8422 8432
f 8425 8345 8432
f 8155 8048 8099
f 8518 8425 8432
f 8155 8099 8187
f 8261 8155 8187
f 8518 8428 8425
f 8522 8428 8518
f 8569 8513 8522
f 8256 8261 8187
f 8360 8261 8256
f 8513 8428 8522
f 8688 8513 8569
f 8688 8569 8851
f 8256 8316 8360
f 8688 8607 8513
f 8736 8607 8688
f 8851 8736 8688
f 8364 8313 8508
f 8857 8736 8851
f 8443 8508 8313
f 8313 8366 8443
f 8857 8733 8736
f 8815 8733 8892
f 8892 8733 8857
f 8815 8892 8897
f 8443 8366 8408
f 8855 8815 8897
f 8855 8897 8924
f 8509 8443 8408
f 8497 8408 8448
f 8854 8855 8924
f 8854 8924 8954
f 8448 8500 8497
f 8954 8930 8854
f 8954 8995 8930
f 8500 8478 8497
f 8986 8930 8995
f 8960 8930 8986
f 9013 8960 8986
f 8592 8478 8504
f 9019 8960 9013
f 9019 9014 8981
f 8504 8543 8590
f 8590 8543 8628
f 8629 8590 8628
f 8981 9014 8989
f 8628 8597 8669
f 9014 9018 9023
f 8669 8548 8730
f 9023 9018 9048
f 8548 8717 8730
f 9048 9050 9023
f 9050 9048 9096
f 9096 9070 9050
f 9070 9096 9067
f 8717 8676 8723
f 9096 9127 9067
f 9127 9096 9118
f 9127 9118 9153
f 8743 8723 8729
f 8729 8828 8743
f 8828 8875 8743
f 9153 9160 9122
f 8875 8828 8837
f 9151 9152 9160
f 9160 9152 9122
f 9152 9151 9150
f 9150 9151 9161
f 9150 9161 9120
f 8969 8902 8860
f 8969 8983 8902
f 9078 8983 8969
f 9101 8983 9120
f 9120 8983 9078
f 5433 5445 5457
f 5457 5445 5542
f 5542 5445 5493
f 5414 5395 5433
f 5414 5433 5457
f 5525 5457 5542
f 5525 5542 5629
f 5383 5395 5414
f 5683 5525 5629
f 5683 5629 5696
f 5683 5696 5800
f 5383 5396 5395
f 5969 5683 5800
f 5969 5800 5945
f 5396 5383 5364
f 5969 5945 6123
f 6123 6247 5969
f 5969 6247 6285
f 6285 6247 6367
f 5364 5392 5386
f 6367 6295 6285
f 6460 6295 6367
f 6460 6367 6480
f 5397 5392 5405
f 5397 5405 5422
f 6480 6369 6460
f 5422 5424 5397
f 5424 5422 5444
f 5424 5444 5487
f 5424 5487 5467
f 5424 5467 5466
f 5466 5467 5514
f 6551 6830 6573
f 5466 5514 5508
f 6573 6830 6829
f 6573 6829 6698
f 5554 5546 5508
f 6698 6829 6910
f 5554 5558 5546
f 6698 6910 6826
f 6910 6907 6826
f 5564 5558 5554
f 5564 5607 5558
f 5607 5586 5558
f 5664 5637 5607
f 6993 7074 6973
f 7074 6993 7073
f 5711 5705 5664
f 7072 7073 6993
f 7072 7077 7155
f 5787 5738 5766
f 7155 7077 7063
f 5766 5738 5729
f 5766 5729 5846
f 5826 5846 5729
f 5826 5729 5778
f 5911 5826 5778
f 5911 5778 5845
f 5911 5845 5865
f 5911 5865 5913
f 5920 5938 5913
f 7147 7159 7158
f 7162 7158 7159
f 7158 7162 7219
f 6013 6011 5984
f 7285 7219 7256
f 7256 7219 7162
f 6011 6013 6138
f 7298 7256 7351
f 6013 6137 6138
f 6326 6138 6137
f 6326 6312 6138
f 7298 7351 7284
f 6326 6432 6474
f 6326 6474 6312
f 7284 7351 7420
f 6703 6676 6474
f 7284 7420 7384
f 6703 6474 6432
f 7384 7420 7464
f 6676 6703 6749
f 7511 7650 7464
f 7650 7511 7629
f 7040 7025 6749
f 7040 7130 7025
f 7130 7040 7105
f 7130 7261 7203
f 7130 7105 7261
f 7637 7650 7629
f 7040 7103 7105
f 7261 7105 7103
f 7261 7103 7247
f 7261 7247 7307
f 7637 7717 7650
f 7650 7717 7763
f 7103 7242 7247
f 7307 7247 7242
f 7307 7382 7383
f 7637 7638 7717
f 7382 7304 7380
f 7382 7380 7476
f 7760 7834 7717
f 7834 7763 7717
f 7304 7475 7380
f 7476 7380 7475
f 7476 7475 7544
f 7834 7760 7761
f 7619 7544 7610
f 7544 7475 7610
f 7832 7834 7761
f 7834 7832 7953
f 7953 7832 7888
f 7953 7888 7952
f 7946 7952 7888
f 7621 7743 7736
f 7808 7736 7743
f 7946 8023 7952
f 7952 8023 8119
f 7808 7743 7752
f 7808 7752 7868
f 7946 7951 7973
f 7946 7973 8023
f 8119 8023 8054
f 8119 8054 8188
f 7868 7933 7983
f 7999 7983 7933
f 8054 8167 8188
f 8188 8167 8302
f 7999 7933 7940
f 8302 8167 8328
f 8082 7999 7940
f 8167 8281 8328
f 8281 8422 8328
f 8082 8155 8111
f 8281 8375 8422
f 8375 8390 8422
f 8422 8390 8432
f 8432 8390 8421
f 8432 8421 8518
f 8268 8155 8214
f 8518 8421 8522
f 8155 8261 8307
f 8155 8307 8214
f 8568 8662 8569
f 8261 8360 8307
f 8351 8307 8357
f 8357 8307 8360
f 8522 8421 8569
f 8569 8421 8568
f 8568 8625 8662
f 8662 8781 8851
f 8662 8851 8569
f 8781 8662 8625
f 8508 8316 8364
f 8625 8806 8781
f 8781 8806 8851
f 8851 8806 8857
f 8806 8892 8857
f 8892 8806 8856
f 8892 8856 8897
f 8924 8897 8856
f 8923 8924 8856
f 8408 8497 8509
f 8954 8924 8923
f 8923 8995 8954
f 8509 8497 8586
f 8497 8478 8557
f 8586 8497 8557
f 8991 8986 8995
f 8986 8991 9016
f 8478 8592 8557
f 9016 9013 8986
f 8592 8504 8593
f 9016 9019 9013
f 8504 8590 8593
f 8636 8593 8590
f 8590 8629 8636
f 9014 9019 9043
f 9014 9043 9018
f 8712 8628 8669
f 8712 8669 8730
f 9018 9043 9072
f 9018 9072 9073
f 9018 9073 9048
f 8730 8717 8724
f 9096 9048 9073
f 9096 9073 9136
f 8723 8724 8717
f 9118 9096 9136
f 9136 9134 9118
f 8724 8723 8780
f 9118 9134 9158
f 8780 8723 8743
f 9159 9153 9158
f 9158 9153 9118
f 8827 8780 8875
f 8875 8780 8743
f 8863 8827 8875
f 9153 9159 9111
f 8904 8863 8875
f 9111 9159 9153
f 9159 9160 9153
f 9160 9159 9199
f 9160 9199 9192
f 9189 9160 9192
f 8904 8875 8837
f 8904 8837 8860
f 8904 8860 8963
f 9189 9151 9160
f 8902 8963 8860
f 8983 8963 8902
f 8963 8983 9029
f 9061 9029 8983
f 9189 9161 9151
f 9161 9061 9101
f 9161 9101 9120
f 9101 9061 8983
f 5445 5380 5494
f 5445 5494 5493
f 5445 5334 5380
f 5395 5334 5445
f 5433 5395 5445
f 5334 5395 5311
f 5696 5629 5679
f 5679 5823 5696
f 5823 5800 5696
f 5311 5395 5333
f 5800 5823 6050
f 5333 5395 5339
f 5945 5800 6050
f 5339 5395 5396
f 6123 5945 6050
f 6123 6050 6247
f 6247 6050 6252
f 5339 5396 5385
f 6247 6252 6461
f 5385 5396 5364
f 6367 6247 6461
f 5364 5386 5385
f 6367 6461 6648
f 5392 5397 5386
f 5428 5386 5397
f 6480 6367 6648
f 6648 6736 6480
f 5478 5428 5424
f 5428 5397 5424
f 6736 6369 6480
f 6736 6552 6369
f 6552 6736 6831
f 5478 5424 5463
f 6552 6831 6551
f 5424 5466 5463
f 6831 6830 6551
f 5466 5438 5463
f 5438 5466 5508
f 5500 5438 5546
f 5438 5508 5546
f 5500 5546 5558
f 5500 5558 5499
f 5558 5552 5499
f 5552 5558 5586
f 5586 5607 5593
f 5593 5607 5637
f 6973 6904 6905
f 5637 5664 5642
f 5642 5664 5705
f 7072 6993 7071
f 5704 5705 5711
f 5704 5731 5705
f 5704 5738 5731
f 7071 7077 7072
f 5766 5846 5863
f 7077 7053 7063
f 5912 5846 5826
f 7151 7061 7053
f 5826 5911 5912
f 5938 5923 5913
f 7162 7159 7256
f 6011 6138 6140
f 6151 6140 6138
f 7256 7230 7351
f 6312 6381 6138
f 6138 6381 6151
f 7305 7351 7230
f 6381 6312 6588
f 6381 6588 6590
f 6588 6589 6590
f 6312 6474 6588
f 6587 6588 6474
f 7420 7351 7305
f 6474 6677 6587
f 6676 6677 6474
f 6676 6787 6677
f 7464 7420 7511
f 7511 7420 7567
f 6676 6749 6787
f 7025 6946 6787
f 7025 6787 6749
f 7025 7087 6946
f 7511 7567 7629
f 7025 7130 7203
f 7025 7203 7087
f 7629 7567 7574
f 7316 7203 7261
f 7629 7574 7637
f 7261 7307 7316
f 7457 7316 7383
f 7383 7316 7307
f 7574 7677 7637
f 7382 7454 7383
f 7383 7454 7457
f 7638 7637 7717
f 7382 7544 7454
f 7382 7476 7544
f 7761 7760 7890
f 7544 7619 7657
f 7761 7890 7832
f 7812 7657 7619
f 7888 7832 7890
f 7888 7890 7981
f 7812 7619 7621
f 7812 7621 7736
f 7812 7736 7824
f 7981 7946 7888
f 7946 7981 8011
f 7736 7808 7824
f 7951 7946 8011
f 7951 8011 8086
f 7941 7824 7808
f 7951 7941 7973
f 8023 7951 8086
f 7941 7808 7868
f 7941 7868 8006
f 7951 8006 7941
f 7973 7941 8006
f 8023 8006 7951
f 8006 8023 7973
f 8054 8023 8086
f 8086 8181 8054
f 7868 7983 8006
f 8006 7983 8008
f 8054 8181 8190
f 7983 7999 8008
f 8008 7999 8039
f 8167 8054 8190
f 8190 8282 8167
f 7999 8082 8111
f 7999 8111 8039
f 8282 8281 8167
f 8281 8282 8301
f 8281 8301 8346
f 8268 8111 8155
f 8346 8375 8281
f 8375 8346 8402
f 8465 8375 8402
f 8421 8390 8465
f 8465 8390 8375
f 8214 8307 8300
f 8517 8421 8465
f 8351 8358 8300
f 8351 8300 8307
f 8482 8452 8360
f 8452 8357 8360
f 8568 8565 8625
f 8482 8360 8316
f 8482 8316 8486
f 8316 8508 8486
f 8508 8443 8531
f 8443 8551 8631
f 8891 8856 8806
f 8551 8443 8509
f 8990 8923 8856
f 8643 8551 8509
f 8990 8995 8923
f 8995 8990 9045
f 8643 8509 8586
f 8634 8586 8557
f 9045 8991 8995
f 9045 9091 8991
f 8634 8557 8673
f 8673 8557 8592
f 8673 8592 8593
f 8673 8593 8713
f 9016 9068 9019
f 8713 8593 8636
f 9019 9068 9095
f 9019 9095 9062
f 8713 8636 8712
f 8712 8636 8629
f 9019 9062 9043
f 8712 8629 8628
f 9043 9098 9072
f 9072 9098 9141
f 9072 9141 9117
f 9072 9117 9073
f 8795 8730 8724
f 9117 9141 9139
f 8835 8795 8724
f 9136 9073 9117
f 9139 9136 9117
f 9139 9172 9136
f 8724 8780 8835
f 8835 8780 8827
f 9136 9172 9181
f 9136 9181 9134
f 9129 9134 9158
f 9129 9158 9134
f 9134 9181 9158
f 9159 9158 9181
f 9159 9181 9199
f 8904 8908 8863
f 8952 8908 8904
f 8904 8963 8952
f 8963 8993 8952
f 9029 8993 8963
f 9192 9163 9189
f 9029 9061 8993
f 9061 9104 8993
f 9061 9121 9104
f 9161 9121 9061
f 9162 9121 9161
f 9162 9161 9189
f 9162 9189 9163
f 5380 5417 5494
f 5494 5495 5493
f 5359 5417 5334
f 5334 5417 5380
f 5417 5495 5494
f 5493 5581 5542
f 5542 5581 5629
f 5311 5359 5334
f 5311 5333 5340
f 6050 5823 5966
f 5339 5340 5333
f 6050 5966 6158
f 6050 6158 6252
f 6252 6158 6299
f 6461 6252 6299
f 5337 5339 5385
f 6461 6299 6652
f 6461 6652 6650
f 5337 5385 5386
f 5337 5386 5308
f 6650 6648 6461
f 6648 6650 6738
f 5386 5335 5308
f 5428 5335 5386
f 6648 6738 6736
f 5478 5338 5428
f 5428 5338 5335
f 5478 5363 5338
f 5463 5363 5478
f 5438 5366 5363
f 5463 5438 5363
f 5366 5438 5413
f 5438 5500 5413
f 6910 6829 6837
f 6837 6893 6910
f 5500 5499 5413
f 5413 5499 5441
f 6893 6907 6910
f 5499 5552 5441
f 5552 5586 5518
f 5586 5593 5518
f 5518 5593 5562
f 6973 6898 6993
f 5637 5642 5593
f 5593 5642 5606
f 5593 5606 5562
f 6993 6898 7071
f 5642 5705 5663
f 5642 5663 5606
f 5663 5705 5731
f 7071 7053 7077
f 5787 5766 5757
f 5846 5912 5935
f 7151 7053 7058
f 7058 7149 7151
f 7151 7149 7147
f 5911 5939 5912
f 5913 5939 5911
f 5913 5923 5939
f 5923 5910 5840
f 5938 5910 5923
f 5938 5984 6011
f 5938 6011 5910
f 7159 7286 7256
f 6011 6140 6052
f 6159 6052 6140
f 7256 7286 7345
f 6140 6151 6225
f 6140 6225 6159
f 7230 7256 7345
f 6151 6381 6225
f 6590 6611 6381
f 7305 7230 7345
f 7345 7357 7305
f 6590 6621 6611
f 6590 6589 6621
f 6621 6588 6587
f 6589 6588 6621
f 7357 7420 7305
f 6677 6621 6587
f 6787 6768 6677
f 6768 6621 6677
f 6768 6946 6933
f 6946 6768 6787
f 6933 6946 7087
f 7567 7420 7442
f 7567 7442 7529
f 7273 7087 7203
f 7567 7727 7574
f 7316 7273 7203
f 7457 7477 7316
f 7677 7574 7727
f 7677 7727 7780
f 7457 7483 7477
f 7483 7454 7544
f 7483 7457 7454
f 7677 7717 7637
f 7776 7760 7780
f 7780 7760 7717
f 7780 7717 7677
f 7890 7760 7776
f 7890 7776 7910
f 7890 7910 7990
f 7657 7812 7795
f 8030 7981 7990
f 7990 7981 7890
f 7885 7795 7812
f 7981 8030 8011
f 8011 8030 8124
f 7885 7812 7824
f 8007 7885 7824
f 8086 8011 8254
f 7824 7941 8007
f 8086 8254 8227
f 8041 7941 8006
f 8086 8227 8181
f 8041 8006 8008
f 8108 8041 8008
f 8190 8181 8294
f 8108 8008 8112
f 8112 8008 8039
f 8190 8294 8282
f 8112 8039 8111
f 8346 8301 8282
f 8346 8282 8353
f 8346 8353 8391
f 8346 8391 8402
f 8402 8391 8476
f 8465 8402 8476
f 8214 8300 8268
f 8358 8268 8300
f 8352 8268 8358
f 8476 8474 8465
f 8517 8465 8474
f 8358 8351 8352
f 8352 8351 8436
f 8517 8474 8573
f 8452 8436 8357
f 8436 8351 8357
f 8565 8568 8573
f 8573 8568 8421
f 8573 8421 8517
f 8625 8565 8693
f 8482 8486 8532
f 8531 8486 8508
f 8806 8625 8693
f 8806 8693 8775
f 8587 8531 8443
f 8587 8443 8631
f 8631 8551 8618
f 8891 8806 8900
f 8806 8775 8900
f 8900 8961 8891
f 8961 8856 8891
f 8961 8990 8856
f 8618 8551 8643
f 9045 8990 9025
f 8643 8586 8630
f 9025 9056 9045
f 8586 8634 8630
f 9091 9045 9056
f 8630 8634 8671
f 8634 8673 8671
f 8671 8673 8686
f 9068 9016 8991
f 8991 9091 9068
f 8713 8686 8673
f 9068 9091 9095
f 8686 8713 8755
f 8755 8713 8725
f 8725 8713 8787
f 8713 8712 8787
f 9142 9062 9110
f 9110 9062 9095
f 8787 8712 8766
f 9098 9043 9142
f 9043 9062 9142
f 9098 9142 9166
f 8712 8730 8766
f 9098 9157 9141
f 8797 8766 8730
f 8797 8730 8795
f 9205 9141 9157
f 9172 9139 9205
f 9205 9139 9141
f 9205 9229 9172
f 8937 8795 8835
f 8835 8827 8937
f 9207 9181 9229
f 9229 9181 9172
f 8908 8827 8863
f 8937 8827 8908
f 8975 8937 8908
f 9199 9181 9207
f 8975 8908 8952
f 8975 8952 9022
f 9199 9207 9186
f 9199 9186 9192
f 9022 8952 8993
f 9186 9104 9121
f 9186 9121 9163
f 9192 9186 9163
f 8993 9104 9022
f 9162 9163 9121
f 5417 5458 5495
f 5629 5581 5699
f 5679 5629 5699
f 5823 5679 5699
f 5823 5699 5879
f 5823 5879 5966
f 5879 6149 6158
f 5311 5340 5365
f 6158 5966 5879
f 6299 6158 6149
f 6554 6652 6299
f 5308 5335 5309
f 5338 5363 5335
f 6830 6837 6829
f 5413 5313 5366
f 5313 5413 5376
f 5413 5441 5376
f 5376 5441 5437
f 5563 5437 5552
f 5437 5441 5552
f 6907 6893 6906
f 5563 5552 5518
f 6893 6905 6906
f 6906 6905 6904
f 5518 5562 5563
f 5562 5538 5563
f 6973 6905 6898
f 5562 5606 5538
f 5606 5588 5538
f 5606 5663 5588
f 5663 5640 5588
f 6990 7071 6898
f 5663 5731 5732
f 7071 6990 7053
f 5738 5732 5731
f 5738 5787 5732
f 5787 5757 5732
f 6990 6982 7053
f 5766 5863 5757
f 5863 5835 5757
f 5846 5835 5863
f 5846 5935 5835
f 5912 5939 5935
f 7058 7053 6982
f 7058 7057 7149
f 7147 7149 7148
f 7148 7149 7057
f 5939 5923 5992
f 5840 5961 5923
f 5961 5992 5923
f 5983 5961 5910
f 5961 5840 5910
f 7147 7163 7159
f 5910 6011 5983
f 6011 6052 6058
f 6159 6058 6052
f 7163 7286 7159
f 6421 6159 6225
f 6381 6421 6225
f 6482 6421 6381
f 6381 6611 6482
f 7357 7345 7341
f 7420 7357 7442
f 6933 7087 7107
f 7529 7764 7567
f 7764 7727 7567
f 7087 7273 7318
f 7087 7318 7107
f 7273 7316 7318
f 7477 7362 7316
f 7316 7362 7318
f 7727 7764 7780
f 7780 7764 7910
f 7691 7477 7483
f 7776 7780 7910
f 7483 7544 7691
f 7544 7657 7691
f 7657 7813 7691
f 7657 7795 7813
f 8030 7990 8124
f 7795 7885 7858
f 7885 7929 7858
f 7885 8007 7929
f 7929 8007 7942
f 8124 8136 8011
f 8136 8254 8011
f 8007 7941 7942
f 7942 7941 8041
f 8041 8108 8051
f 8294 8181 8227
f 8294 8227 8344
f 8112 8113 8108
f 8108 8113 8051
f 8282 8294 8353
f 8353 8294 8344
f 8353 8344 8393
f 8113 8112 8111
f 8111 8268 8113
f 8393 8391 8353
f 8391 8393 8479
f 8391 8479 8476
f 8404 8113 8268
f 8268 8352 8404
f 8474 8476 8602
f 8573 8474 8602
f 8573 8704 8565
f 8532 8571 8482
f 8704 8693 8565
f 8693 8704 8692
f 8571 8532 8486
f 8486 8531 8571
f 8632 8571 8531
f 8692 8765 8693
f 8693 8765 8775
f 8632 8531 8587
f 8775 8765 8807
f 8775 8807 8872
f 8587 8631 8644
f 8872 8900 8775
f 8900 8872 8907
f 8618 8644 8631
f 8900 8907 8997
f 8900 8997 8961
f 8618 8678 8670
f 8618 8670 8644
f 8678 8618 8670
f 8670 8618 8643
f 8716 8670 8643
f 8643 8630 8716
f 8990 9037 9025
f 8630 8711 8716
f 9025 9037 9056
f 9056 9037 9080
f 9080 9092 9056
f 9056 9092 9091
f 9091 9092 9112
f 8671 8711 8630
f 8711 8671 8686
f 9131 9091 9112
f 9131 9130 9091
f 9130 9095 9091
f 9110 9095 9130
f 9110 9130 9154
f 9142 9110 9154
f 9154 9166 9142
f 8787 8766 8846
f 8831 8787 8846
f 9157 9098 9201
f 9201 9098 9166
f 8766 8797 8846
f 8946 8846 8797
f 9217 9201 9224
f 9217 9157 9201
f 8797 8795 8946
f 9205 9157 9217
f 9205 9217 9220
f 9217 9224 9220
f 8946 8937 8994
f 8946 8795 8937
f 8994 8937 9031
f 9228 9207 9229
f 9031 8937 9032
f 9032 8937 8975
f 9060 9032 8975
f 9207 9228 9215
f 8975 9022 9060
f 9060 9022 9106
f 9106 9104 9164
f 9164 9186 9215
f 9207 9215 9186
f 9104 9106 9022
f 9186 9164 9104
f 5495 5584 5493
f 5584 5581 5493
f 5581 5630 5699
f 5417 5359 5432
f 5458 5417 5432
f 5699 5741 5879
f 5879 6153 6149
f 6149 6153 6206
f 5359 5311 5394
f 5394 5432 5359
f 5394 5311 5365
f 6206 6299 6149
f 6299 6206 6554
f 5339 5331 5340
f 5337 5331 5339
f 5337 5336 5331
f 5308 5336 5337
f 5308 5309 5336
f 5309 5335 5363
f 5309 5363 5286
f 5286 5363 5366
f 5286 5366 5313
f 5313 5376 5354
f 6837 6838 6893
f 5376 5437 5354
f 5563 5485 5437
f 5563 5538 5485
f 5485 5538 5588
f 5594 5588 5640
f 5640 5663 5732
f 5693 5732 5757
f 5757 5835 5781
f 5781 5835 5935
f 7058 6982 7059
f 5935 5889 5816
f 5889 5935 5939
f 7059 7057 7058
f 5939 5888 5889
f 5939 5992 5978
f 7148 7146 7147
f 5983 6001 5961
f 5983 6011 6001
f 6001 6011 6058
f 6058 6159 6084
f 7161 7218 7163
f 7286 7163 7218
f 7286 7218 7345
f 6159 6327 6084
f 6421 6327 6159
f 6421 6482 6327
f 6482 6610 6327
f 6610 6482 6611
f 6611 6621 6610
f 7341 7345 7218
f 6770 6610 6621
f 7442 7357 7341
f 6621 6768 6770
f 6933 6770 6768
f 7442 7341 7494
f 7529 7442 7494
f 6933 7107 7108
f 7107 7165 7108
f 7107 7318 7165
f 7318 7303 7165
f 7404 7303 7362
f 7362 7303 7318
f 7477 7404 7362
f 7512 7404 7477
f 7799 7910 7764
f 7477 7691 7512
f 7910 7799 8125
f 8125 7990 7910
f 8125 8124 7990
f 7936 7813 7795
f 7936 7795 7858
f 7929 7936 7858
f 8130 8124 8125
f 8045 7936 7929
f 8124 8130 8136
f 8045 7929 7942
f 8136 8130 8191
f 8045 7942 8044
f 8191 8254 8136
f 7942 8041 8044
f 8106 8044 8041
f 8106 8041 8051
f 8106 8051 8152
f 8330 8344 8227
f 8152 8051 8113
f 8344 8330 8389
f 8257 8152 8113
f 8389 8393 8344
f 8479 8393 8528
f 8407 8257 8113
f 8113 8404 8407
f 8528 8476 8479
f 8476 8528 8602
f 8404 8352 8436
f 8496 8404 8436
f 8496 8436 8452
f 8496 8452 8545
f 8704 8744 8692
f 8452 8482 8545
f 8571 8572 8482
f 8482 8572 8545
f 8807 8692 8744
f 8807 8765 8692
f 8637 8632 8677
f 8677 8632 8587
f 8862 8872 8807
f 8872 8862 8925
f 8677 8587 8644
f 8907 8872 8925
f 8907 8925 8941
f 8677 8644 8672
f 8997 8907 8941
f 8997 8941 9015
f 8715 8672 8644
f 8997 9015 8961
f 8715 8644 8670
f 9039 8961 9015
f 8757 8715 8670
f 8990 8961 9039
f 9039 9038 8990
f 8757 8670 8716
f 9038 9037 8990
f 8757 8716 8789
f 9037 9038 9123
f 8789 8716 8711
f 9037 9123 9092
f 9037 9092 9080
f 8839 8789 8711
f 9112 9092 9116
f 8711 8686 8839
f 8839 8686 8848
f 9131 9112 9116
f 9131 9116 9128
f 8686 8755 8848
f 9131 9128 9130
f 9130 9128 9149
f 8755 8725 8848
f 8882 8848 8725
f 8882 8725 8787
f 8882 8787 8833
f 9149 9154 9130
f 9154 9149 9187
f 8787 8831 8833
f 9154 9187 9166
f 8846 8836 8831
f 8831 8836 8833
f 9166 9187 9197
f 9197 9201 9166
f 9224 9201 9197
f 9224 9197 9206
f 8836 8846 8946
f 9224 9206 9221
f 8946 8913 8836
f 9221 9220 9224
f 8913 8946 8915
f 8946 8994 8915
f 9220 9229 9205
f 8994 9006 8915
f 9223 9229 9220
f 9031 9032 8994
f 8994 9032 9006
f 9223 9219 9229
f 9006 9032 9005
f 9229 9219 9228
f 9005 9032 9060
f 9219 9215 9228
f 9060 9051 9005
f 9106 9051 9060
f 9164 9051 9106
f 9215 9138 9164
f 5495 5458 5482
f 5482 5584 5495
f 5584 5630 5581
f 5741 5699 5630
f 5458 5432 5434
f 5458 5434 5482
f 5879 5741 6153
f 5432 5394 5387
f 5432 5387 5434
f 5365 5332 5387
f 5394 5365 5387
f 5365 5340 5332
f 5331 5332 5340
f 6652 6554 6561
f 6652 6651 6650
f 5310 5331 5336
f 6738 6650 6651
f 5309 5287 5310
f 5310 5336 5309
f 6831 6736 6832
f 5287 5309 5286
f 5313 5269 5286
f 6831 6836 6830
f 6830 6836 6837
f 5268 5269 5313
f 5313 5354 5268
f 5354 5382 5268
f 5354 5437 5382
f 6838 6903 6893
f 6893 6903 6905
f 5437 5485 5382
f 5485 5453 5382
f 6905 6903 6898
f 6903 6921 6898
f 5485 5561 5453
f 5561 5485 5588
f 5561 5588 5594
f 6990 6898 6921
f 6990 6921 6991
f 5594 5640 5732
f 5594 5732 5661
f 6991 6987 6990
f 5661 5732 5693
f 5661 5693 5659
f 6987 7002 6990
f 6990 7002 6982
f 5693 5757 5781
f 5781 5935 5816
f 7059 6982 7002
f 5781 5816 5780
f 5816 5888 5780
f 5816 5889 5888
f 7059 7051 7057
f 7057 7051 7148
f 7148 7051 7054
f 7148 7054 7146
f 6173 5961 6001
f 7146 7163 7147
f 6173 6001 6084
f 6084 6001 6058
f 6260 6173 6084
f 7167 7161 7163
f 6260 6084 6292
f 6084 6327 6292
f 6610 6420 6292
f 6610 6292 6327
f 6610 6591 6420
f 6610 6788 6591
f 7424 7218 7322
f 6770 6788 6610
f 7341 7218 7424
f 6933 6947 6770
f 7084 6947 6933
f 7424 7494 7341
f 7494 7424 7509
f 6933 7108 7084
f 7171 7084 7108
f 7108 7165 7171
f 7303 7171 7165
f 7764 7529 7494
f 7764 7494 7799
f 7404 7512 7612
f 7512 7555 7612
f 7555 7512 7691
f 7691 7661 7555
f 8125 7799 7918
f 7691 7813 7661
f 8125 7918 8068
f 7813 7936 7825
f 7936 7915 7825
f 8068 8138 8125
f 7936 8045 7915
f 8130 8125 8228
f 8228 8125 8138
f 8191 8130 8228
f 8191 8228 8283
f 8135 8045 8044
f 8254 8191 8283
f 8135 8044 8151
f 8151 8044 8106
f 8151 8191 8135
f 8191 8151 8135
f 8283 8227 8254
f 8227 8283 8330
f 8252 8151 8106
f 8252 8106 8152
f 8258 8252 8152
f 8258 8152 8317
f 8317 8152 8257
f 8393 8389 8467
f 8456 8317 8257
f 8257 8407 8456
f 8456 8407 8404
f 8456 8404 8505
f 8496 8505 8404
f 8602 8738 8573
f 8496 8545 8502
f 8738 8704 8573
f 8704 8738 8744
f 8502 8545 8572
f 8572 8571 8598
f 8808 8807 8744
f 8807 8808 8858
f 8571 8632 8637
f 8571 8637 8598
f 8873 8818 8898
f 8807 8858 8818
f 8807 8818 8862
f 8873 8898 8927
f 8818 8869 8862
f 8873 8869 8818
f 8677 8682 8637
f 8862 8873 8925
f 8862 8869 8873
f 8873 8927 8925
f 8672 8682 8677
f 8941 8925 8955
f 8682 8672 8761
f 9015 8941 8955
f 9015 8955 9017
f 8761 8672 8726
f 8672 8715 8726
f 8726 8715 8752
f 9039 9015 9017
f 9039 9017 9044
f 8715 8757 8752
f 9039 9044 9038
f 8752 8757 8789
f 9038 9044 9083
f 9038 9083 9123
f 8792 8789 8839
f 9116 9092 9123
f 9128 9116 9175
f 9175 9116 9123
f 8798 8792 8848
f 8792 8839 8848
f 9175 9202 9128
f 9149 9128 9202
f 8848 8838 8798
f 8838 8848 8882
f 9187 9149 9231
f 9231 9149 9198
f 8833 8838 8882
f 9231 9214 9187
f 8878 8838 8833
f 8833 8836 8878
f 9197 9187 9232
f 9232 9187 9214
f 8976 8878 8836
f 9232 9206 9197
f 8976 8836 8933
f 9206 9232 9221
f 8836 8913 8933
f 8915 8933 8913
f 8974 8933 8915
f 9220 9221 9223
f 9001 8974 8915
f 9223 9221 9226
f 9001 8915 9006
f 9005 9001 9006
f 9223 9200 9219
f 9200 9178 9219
f 9138 9079 9051
f 9215 9178 9138
f 9219 9178 9215
f 9005 9051 9079
f 9164 9138 9051
f 5584 5482 5570
f 5570 5630 5584
f 5630 5673 5741
f 5630 5570 5673
f 5741 5673 5824
f 6206 6153 6217
f 5434 5456 5482
f 5482 5456 5570
f 5387 5456 5434
f 5387 5516 5456
f 5456 5516 5541
f 6554 6206 6217
f 6554 6217 6375
f 5387 5332 5516
f 6554 6375 6561
f 5379 5516 5332
f 5379 5332 5331
f 5379 5331 5431
f 6652 6561 6651
f 5431 5331 5384
f 5310 5393 5331
f 5331 5393 5384
f 6738 6651 6737
f 5287 5393 5310
f 6738 6737 6736
f 5393 5287 5377
f 6832 6736 6737
f 6832 6836 6831
f 5287 5286 5377
f 5377 5286 5341
f 5286 5269 5341
f 5341 5269 5327
f 5269 5268 5361
f 5269 5361 5327
f 5361 5268 5325
f 6837 6836 6838
f 5268 5382 5325
f 5426 5325 5382
f 5325 5426 5423
f 6838 6822 6903
f 5453 5426 5382
f 5605 5426 5453
f 5453 5561 5605
f 5605 5561 5594
f 6991 6921 6987
f 6986 6976 6987
f 6987 6976 7002
f 5781 5709 5693
f 7059 7002 7051
f 7002 6980 7051
f 5888 5932 5780
f 7056 7051 6980
f 5939 5932 5888
f 5939 5978 5932
f 5961 5955 5992
f 5992 5955 5978
f 7056 7054 7051
f 5961 6173 5955
f 6173 6260 6253
f 6253 6260 6275
f 6399 6427 6400
f 6427 6399 6400
f 7146 7167 7163
f 6275 6260 6329
f 6329 6427 6397
f 6427 6329 6510
f 6427 6510 6397
f 6260 6292 6329
f 6420 6329 6292
f 6397 6510 6494
f 6420 6613 6510
f 6420 6510 6329
f 6510 6613 6494
f 7167 7218 7161
f 7218 7167 7300
f 6591 6613 6420
f 6679 6772 6613
f 6679 6591 6772
f 6679 6613 6591
f 7322 7218 7300
f 6788 6772 6591
f 6947 6772 6788
f 7424 7322 7300
f 7424 7300 7438
f 6770 6947 6788
f 6947 7084 7135
f 7509 7424 7438
f 7331 7168 7171
f 7494 7509 7644
f 7171 7303 7331
f 7303 7404 7331
f 7644 7799 7494
f 7799 7644 7800
f 7765 7799 7800
f 7672 7612 7661
f 7661 7612 7555
f 7799 7765 7918
f 7826 7672 7661
f 7661 7813 7826
f 7813 7825 7826
f 7826 7825 7851
f 7998 7851 7825
f 7825 7915 7998
f 8138 8068 8284
f 7915 8045 7998
f 8135 7998 8045
f 8229 8228 8284
f 8284 8228 8138
f 8283 8228 8229
f 8283 8229 8292
f 8330 8283 8292
f 8151 8252 8202
f 8252 8258 8263
f 8292 8403 8330
f 8403 8389 8330
f 8468 8389 8403
f 8263 8258 8317
f 8467 8389 8468
f 8563 8393 8467
f 8317 8456 8263
f 8563 8528 8393
f 8563 8734 8528
f 8505 8453 8456
f 8734 8602 8528
f 8602 8734 8771
f 8496 8502 8505
f 8505 8502 8534
f 8534 8502 8574
f 8588 8574 8502
f 8502 8572 8588
f 8626 8588 8572
f 8744 8738 8808
f 8808 8738 8817
f 8626 8572 8598
f 8626 8598 8661
f 8661 8598 8660
f 8858 8808 8817
f 8660 8598 8637
f 8660 8702 8714
f 8818 8858 8898
f 8637 8714 8660
f 8660 8714 8702
f 8898 8858 8926
f 8926 8927 8898
f 8714 8637 8682
f 8761 8714 8682
f 8926 8925 8927
f 8925 8926 8955
f 8761 8726 8790
f 9017 9088 9107
f 8790 8726 8752
f 9017 9107 9044
f 8752 8789 8792
f 9148 9123 9083
f 9123 9148 9180
f 8840 8792 8798
f 9180 9175 9123
f 9230 9202 9175
f 9198 9149 9230
f 9230 9149 9202
f 8876 8798 8838
f 9231 9198 9230
f 8876 8838 8914
f 9214 9231 9235
f 8914 8838 8948
f 8948 8838 8878
f 9232 9214 9235
f 9235 9234 9232
f 8948 8878 8976
f 9232 9234 9221
f 8976 8933 9004
f 9221 9234 9233
f 8933 8974 9004
f 9007 9004 8974
f 9221 9233 9227
f 8974 9001 9007
f 9052 9007 9001
f 9226 9227 9223
f 9227 9216 9223
f 9221 9227 9226
f 9075 9052 9001
f 9200 9182 9178
f 9200 9223 9216
f 9075 9001 9005
f 9138 9178 9182
f 9079 9075 9005
f 9075 9079 9138
f 5673 5745 5824
f 5824 6150 5741
f 5741 6150 6153
f 6217 6153 6150
f 5570 5456 5541
f 5570 5541 5671
f 5570 5671 5673
f 5673 5671 5745
f 5541 5516 5549
f 6364 6375 6217
f 6561 6375 6555
f 5501 5549 5379
f 5379 5549 5516
f 5501 5379 5431
f 6553 6731 6561
f 6731 6651 6561
f 5384 5501 5431
f 5384 5393 5419
f 6731 6834 6651
f 6834 6737 6651
f 5377 5419 5393
f 6737 6834 6832
f 5419 5377 5454
f 6832 6911 6836
f 5377 5341 5454
f 5341 5327 5361
f 6836 6911 6909
f 5361 5325 5488
f 5325 5412 5488
f 5325 5423 5412
f 5477 5412 5423
f 5477 5423 5426
f 5477 5426 5496
f 5498 5477 5496
f 5426 5605 5496
f 5567 5496 5605
f 6900 6921 6903
f 5661 5610 5594
f 6986 6987 6916
f 5659 5660 5661
f 5659 5693 5660
f 6976 7000 7002
f 7002 7062 7056
f 7002 7056 6980
f 5860 5780 5932
f 5955 5860 5978
f 5860 5932 5978
f 7113 7075 7056
f 7056 7075 7054
f 7146 7054 7075
f 7146 7075 7205
f 6253 6275 6173
f 6173 6275 6160
f 7205 7192 7146
f 7146 7192 7167
f 7257 7192 7205
f 7257 7205 7288
f 6385 6329 6397
f 7167 7192 7257
f 7257 7300 7167
f 7425 7438 7300
f 7438 7425 7561
f 7438 7561 7509
f 7171 7168 7084
f 7561 7644 7509
f 7331 7404 7369
f 7460 7369 7404
f 7404 7612 7460
f 7612 7592 7460
f 7672 7592 7612
f 7800 7991 7765
f 7991 7918 7765
f 8075 8068 7918
f 7998 8114 7851
f 7998 8135 8114
f 8292 8229 8382
f 8135 8151 8156
f 8292 8382 8396
f 8396 8403 8292
f 8403 8396 8438
f 8403 8438 8480
f 8252 8263 8265
f 8265 8263 8318
f 8480 8468 8403
f 8468 8480 8519
f 8468 8519 8467
f 8445 8318 8263
f 8263 8456 8445
f 8445 8456 8453
f 8534 8453 8505
f 8574 8638 8639
f 8602 8771 8784
f 8602 8784 8738
f 8638 8588 8639
f 8638 8574 8588
f 8679 8626 8661
f 8661 8718 8679
f 8817 8738 8784
f 8817 8784 8826
f 8817 8826 8905
f 8718 8661 8660
f 8858 8817 8905
f 8660 8714 8718
f 8758 8718 8714
f 8905 8926 8858
f 8926 8905 8970
f 8970 8964 8926
f 8714 8761 8758
f 8964 8970 8926
f 8926 8970 8955
f 8955 8970 9047
f 8761 8790 8832
f 9017 8955 9088
f 8832 8790 8752
f 8832 8752 8841
f 9107 9083 9044
f 9083 9107 9132
f 8841 8752 8792
f 9148 9083 9132
f 9132 9155 9148
f 9148 9155 9168
f 8792 8840 8841
f 9180 9148 9168
f 9180 9168 9222
f 9175 9180 9222
f 8840 8798 8911
f 8973 8911 8798
f 9225 9230 9222
f 9222 9230 9175
f 8973 8798 8909
f 8909 8798 8876
f 9230 9225 9231
f 8876 8914 8909
f 9218 9235 9225
f 9225 9235 9231
f 8914 8918 8909
f 8918 8914 8948
f 9235 9218 9234
f 8948 8966 8918
f 8948 8976 8966
f 8976 9002 8966
f 9234 9218 9208
f 9002 8976 9004
f 9234 9208 9233
f 9208 9179 9233
f 9004 9007 9012
f 9179 9216 9233
f 9179 9140 9182
f 9179 9182 9216
f 9007 9052 9012
f 9140 9137 9182
f 9227 9233 9216
f 9089 9052 9075
f 9200 9216 9182
f 9075 9137 9089
f 9138 9137 9075
f 9138 9182 9137
f 5824 5745 5893
f 5824 5893 6150
f 6150 5893 6246
f 6150 6246 6217
f 6364 6217 6246
f 5671 5541 5695
f 5671 5695 5827
f 5671 5827 5745
f 5827 5893 5745
f 6364 6371 6375
f 5633 5695 5549
f 5549 5695 5541
f 6555 6375 6371
f 6555 6553 6561
f 5633 5549 5501
f 5501 5639 5633
f 5384 5639 5501
f 5384 5419 5548
f 5384 5548 5666
f 5454 5548 5419
f 5548 5454 5517
f 5517 5454 5341
f 5517 5341 5488
f 5488 5341 5361
f 5520 5488 5412
f 5520 5412 5477
f 5520 5477 5498
f 5498 5496 5567
f 5567 5600 5498
f 6822 6900 6903
f 5567 5605 5598
f 5594 5598 5605
f 6921 6916 6987
f 5661 5660 5662
f 6986 6916 6976
f 5780 5791 5781
f 5780 5862 5791
f 5860 5862 5780
f 5860 5859 5862
f 5859 5860 5955
f 7222 7075 7113
f 5955 6173 6025
f 6160 6025 6173
f 7205 7075 7222
f 7205 7222 7288
f 6329 6385 6275
f 6397 6495 6385
f 6397 6494 6495
f 6613 6680 6494
f 6494 6680 6495
f 7288 7426 7257
f 7426 7300 7257
f 6613 6772 6678
f 6613 6678 6680
f 7426 7425 7300
f 6772 6947 6925
f 6947 7026 6925
f 7561 7425 7557
f 6947 7135 7026
f 7084 7168 7135
f 7644 7561 7557
f 7644 7557 7714
f 7331 7369 7168
f 7800 7644 7714
f 7460 7592 7527
f 7740 7592 7672
f 7800 7714 7991
f 7672 7826 7740
f 8075 7918 7991
f 8035 7740 7826
f 7826 7851 8035
f 8075 8148 8068
f 7851 8114 8035
f 8284 8068 8148
f 8114 8135 8156
f 8284 8382 8229
f 8156 8151 8192
f 8151 8202 8192
f 8252 8192 8202
f 8320 8192 8252
f 8396 8382 8438
f 8320 8252 8265
f 8265 8318 8320
f 8415 8320 8318
f 8480 8477 8520
f 8415 8318 8414
f 8520 8519 8480
f 8467 8519 8563
f 8318 8445 8414
f 8498 8414 8445
f 8507 8498 8445
f 8507 8445 8453
f 8507 8453 8553
f 8734 8563 8655
f 8655 8735 8734
f 8453 8534 8553
f 8599 8553 8534
f 8574 8639 8599
f 8574 8599 8534
f 8773 8784 8771
f 8784 8773 8823
f 8784 8823 8826
f 8588 8626 8639
f 8626 8679 8639
f 8823 8905 8826
f 8905 8823 8970
f 8679 8718 8683
f 8754 8683 8758
f 8683 8718 8758
f 8758 8761 8754
f 8754 8761 8832
f 9047 9049 8955
f 9049 9088 8955
f 9088 9049 9119
f 8832 8842 8847
f 9107 9088 9119
f 8841 8842 8832
f 9132 9107 9119
f 9119 9156 9132
f 8842 8841 8868
f 9132 9156 9155
f 8868 8841 8877
f 9168 9155 9173
f 8877 8841 8911
f 9222 9168 9173
f 9222 9173 9211
f 8841 8840 8911
f 9222 9211 9225
f 8973 8909 8980
f 8909 9009 8980
f 9225 9211 9218
f 9211 9209 9218
f 9009 8909 8918
f 9009 8918 9033
f 9033 8918 8966
f 9209 9196 9218
f 9002 9033 8966
f 9034 9033 9002
f 9218 9196 9208
f 9034 9002 9086
f 9086 9002 9004
f 9086 9140 9165
f 9208 9196 9179
f 9004 9012 9086
f 9165 9140 9196
f 9196 9140 9179
f 9086 9012 9052
f 9140 9086 9137
f 9052 9089 9086
f 9086 9089 9137
f 6246 5893 6191
f 5893 5827 5878
f 6191 6328 6246
f 6246 6328 6364
f 6049 5893 5878
f 5893 6049 6191
f 6364 6328 6371
f 5789 5878 5695
f 5695 5878 5827
f 6328 6477 6371
f 6371 6477 6555
f 5789 5695 5633
f 6555 6477 6553
f 5633 5639 5789
f 5789 5639 5873
f 5666 5873 5639
f 6731 6553 6701
f 6731 6701 6739
f 5639 5384 5666
f 6833 6832 6834
f 6911 6832 6833
f 6911 6833 6912
f 5708 5517 5488
f 6912 6909 6911
f 5708 5488 5627
f 5627 5488 5520
f 6836 6909 6866
f 5627 5520 5498
f 5627 5498 5608
f 6836 6839 6838
f 5498 5600 5608
f 6839 6822 6838
f 5600 5567 5555
f 5600 5555 5608
f 6822 6839 6900
f 5567 5598 5555
f 6900 6839 6901
f 6901 6921 6900
f 5594 5610 5598
f 5610 5661 5662
f 5660 5693 5706
f 5693 5709 5706
f 5781 5782 5709
f 5781 5791 5782
f 5785 5791 5862
f 7119 7056 7062
f 5785 5862 5859
f 5785 5859 5900
f 5955 5900 5859
f 6025 6145 5955
f 6160 6145 6025
f 6145 6160 6143
f 6160 6275 6143
f 6275 6270 6143
f 7288 7222 7228
f 6275 6385 6270
f 6772 6847 6678
f 6678 6847 6680
f 6772 6925 6847
f 7426 7557 7425
f 7557 7426 7639
f 7026 7135 7109
f 7639 7729 7557
f 7729 7714 7557
f 7714 7729 7836
f 7479 7369 7460
f 7479 7556 7460
f 7556 7479 7460
f 7836 7856 7714
f 7460 7527 7479
f 7592 7740 7527
f 7856 7991 7714
f 7991 7856 8034
f 8034 8075 7991
f 7740 8035 8019
f 8148 8075 8034
f 8148 8034 8289
f 8102 8019 8035
f 8114 8102 8035
f 8289 8284 8148
f 8102 8114 8156
f 8382 8284 8339
f 8382 8339 8383
f 8156 8192 8193
f 8320 8312 8192
f 8480 8438 8477
f 8520 8544 8519
f 8498 8506 8414
f 8506 8498 8507
f 8668 8655 8563
f 8655 8668 8735
f 8771 8734 8773
f 8599 8639 8663
f 8773 8825 8823
f 8823 8825 8895
f 8639 8679 8663
f 8970 8823 8895
f 8679 8683 8663
f 8970 8895 8971
f 8683 8754 8703
f 8782 8703 8777
f 8970 8971 9028
f 8777 8703 8754
f 8970 9028 9047
f 8754 8832 8777
f 8777 8832 8847
f 8777 8847 8794
f 8794 8847 8842
f 8794 8842 8947
f 9156 9119 9170
f 9156 9170 9191
f 8947 8842 8868
f 9155 9156 9191
f 9212 9155 9191
f 8868 8877 8879
f 8879 8877 8940
f 9212 9173 9155
f 8877 8911 8940
f 8940 8911 8916
f 9173 9212 9211
f 8911 8973 8950
f 8911 8950 8916
f 9212 9204 9211
f 8973 8977 8950
f 8977 8973 8980
f 8980 9009 9010
f 8980 9010 8977
f 9211 9204 9209
f 9009 9008 9010
f 9008 9009 9033
f 9008 9033 9034
f 9209 9204 9196
f 9034 9053 9008
f 9167 9196 9204
f 9034 9086 9053
f 9165 9053 9086
f 9165 9167 9053
f 9196 9167 9165
f 5878 5789 5892
f 5878 5892 6049
f 6049 6245 6191
f 6191 6245 6328
f 6245 6049 6048
f 6328 6245 6414
f 6328 6414 6477
f 5789 5873 5892
f 5892 5873 5976
f 5976 6048 5892
f 6048 6049 5892
f 6477 6701 6553
f 5873 5666 5795
f 5873 5795 5976
f 6834 6731 6739
f 6833 6834 6739
f 5666 5548 5829
f 5666 5829 5795
f 5734 5829 5517
f 5517 5829 5548
f 5734 5517 5708
f 6912 6913 6909
f 6866 6909 6913
f 6836 6811 6839
f 5608 5555 5598
f 6921 6901 6916
f 6901 6915 6916
f 5662 5660 5706
f 6976 6915 6985
f 6985 7000 6976
f 7062 7002 7000
f 7062 7000 7119
f 7119 7055 7056
f 5900 5791 5785
f 7056 7055 7113
f 6061 5900 5955
f 7113 7055 7228
f 5955 6145 6061
f 6145 6041 6061
f 7222 7113 7228
f 6145 6143 6041
f 7288 7228 7289
f 6385 6398 6270
f 6398 6415 6270
f 6495 6398 6385
f 6594 6495 6680
f 7288 7289 7415
f 7426 7288 7415
f 6966 6847 6925
f 7639 7426 7415
f 7639 7415 7653
f 7026 6966 6925
f 7109 7111 7026
f 7111 6966 7026
f 7135 7111 7109
f 7639 7653 7729
f 7135 7168 7111
f 7319 7111 7168
f 7729 7861 7836
f 7168 7369 7319
f 7479 7594 7369
f 7861 7856 7836
f 7856 7861 7924
f 7479 7527 7594
f 7742 7594 7527
f 7924 7972 7856
f 7527 7740 7742
f 7972 8034 7856
f 7932 7742 7740
f 7972 8036 8034
f 7740 8019 7932
f 8034 8036 8176
f 8003 7932 8019
f 8289 8034 8176
f 8031 8003 8019
f 8102 8031 8019
f 8161 8031 8102
f 8245 8161 8156
f 8161 8102 8156
f 8284 8289 8339
f 8245 8156 8193
f 8339 8355 8383
f 8192 8312 8193
f 8438 8382 8383
f 8320 8444 8312
f 8438 8383 8477
f 8320 8415 8444
f 8477 8469 8520
f 8414 8413 8415
f 8415 8413 8444
f 8520 8469 8544
f 8563 8519 8544
f 8414 8506 8413
f 8563 8544 8577
f 8668 8563 8654
f 8563 8577 8654
f 8654 8707 8668
f 8735 8668 8707
f 8507 8553 8506
f 8707 8740 8735
f 8735 8740 8734
f 8553 8599 8575
f 8553 8575 8506
f 8740 8824 8734
f 8734 8824 8773
f 8575 8599 8663
f 8575 8663 8619
f 8664 8619 8663
f 8773 8824 8825
f 8663 8706 8664
f 8825 8874 8895
f 8706 8663 8721
f 8943 8895 8874
f 8895 8943 8971
f 8721 8663 8683
f 8721 8683 8703
f 8748 8721 8703
f 8748 8782 8783
f 8971 9000 9028
f 8782 8748 8703
f 8777 8788 8782
f 8782 8788 8783
f 9028 9000 9074
f 9074 9047 9028
f 9047 9074 9125
f 9119 9049 9047
f 9119 9047 9125
f 8777 8794 8788
f 8843 8788 8794
f 9119 9125 9146
f 9170 9119 9146
f 9170 9146 9174
f 9174 9191 9170
f 9191 9174 9188
f 8947 8868 8910
f 8910 8868 8879
f 9195 9191 9188
f 9191 9195 9212
f 8910 8879 8940
f 8972 8910 8940
f 9195 9194 9212
f 8940 8916 8972
f 9194 9193 9212
f 8972 8916 8978
f 8978 8916 8950
f 8950 8977 8978
f 9212 9193 9204
f 8977 9010 9024
f 9204 9193 9183
f 9010 9008 9054
f 9193 9167 9183
f 9193 9143 9167
f 9183 9167 9204
f 9054 9008 9053
f 9054 9053 9087
f 9087 9053 9167
f 9087 9167 9143
f 6048 6414 6245
f 6048 5976 6051
f 6048 6051 6278
f 6414 6608 6477
f 6477 6608 6701
f 6701 6608 6739
f 6051 5950 6278
f 6048 6278 6414
f 6414 6278 6608
f 6739 6608 6649
f 6739 6649 6833
f 5795 6051 5976
f 6051 5795 5950
f 6833 6649 6730
f 5829 5950 5795
f 6833 6730 6700
f 6833 6700 6912
f 6735 6912 6700
f 6912 6735 6913
f 6735 6866 6913
f 6897 6901 6839
f 5760 5598 5610
f 6901 6897 6915
f 5610 5662 5760
f 5760 5662 5706
f 5760 5706 5786
f 5737 5786 5706
f 6916 6915 6976
f 7000 6985 7119
f 7119 6985 6915
f 5730 5782 5791
f 5791 5776 5730
f 5776 5791 5900
f 5776 5900 5815
f 5900 5962 5815
f 5962 5900 6061
f 6061 6041 5962
f 6041 6143 6146
f 6270 6314 6143
f 6314 6146 6143
f 7388 7228 7293
f 6270 6415 6314
f 7289 7228 7388
f 7289 7388 7437
f 6398 6595 6415
f 6398 6594 6595
f 6398 6495 6594
f 7415 7289 7437
f 7415 7437 7602
f 6594 6680 6882
f 6680 6847 6882
f 6847 6887 6882
f 6847 6966 6887
f 7027 6887 6966
f 7602 7653 7415
f 7653 7602 7674
f 7653 7674 7739
f 7111 7027 6966
f 7739 7729 7653
f 7729 7739 7870
f 7861 7729 7870
f 7861 7870 7911
f 7861 7911 7920
f 7319 7369 7528
f 7594 7528 7369
f 7861 7920 7924
f 7920 8000 7924
f 7972 7924 8036
f 8036 7924 8000
f 8144 8036 8000
f 8176 8036 8144
f 8176 8144 8171
f 8334 8176 8171
f 8047 8031 8161
f 8289 8176 8334
f 8334 8332 8289
f 8289 8332 8439
f 8289 8439 8339
f 8339 8309 8355
f 8309 8339 8355
f 8355 8339 8439
f 8193 8312 8245
f 8309 8245 8312
f 8312 8355 8309
f 8355 8312 8309
f 8355 8416 8383
f 8416 8477 8383
f 8312 8444 8367
f 8477 8416 8538
f 8477 8444 8469
f 8444 8477 8490
f 8490 8477 8538
f 8444 8413 8437
f 8469 8444 8437
f 8490 8554 8444
f 8490 8578 8554
f 8578 8490 8538
f 8578 8538 8622
f 8437 8413 8536
f 8437 8536 8469
f 8536 8544 8469
f 8577 8535 8576
f 8577 8536 8535
f 8577 8544 8536
f 8601 8578 8622
f 8601 8554 8578
f 8413 8506 8536
f 8535 8536 8506
f 8622 8621 8601
f 8654 8576 8621
f 8654 8577 8576
f 8654 8621 8656
f 8622 8656 8621
f 8654 8656 8709
f 8654 8709 8707
f 8535 8506 8575
f 8535 8575 8576
f 8576 8575 8621
f 8707 8709 8774
f 8621 8575 8620
f 8621 8620 8674
f 8620 8665 8674
f 8740 8707 8824
f 8824 8707 8774
f 8620 8575 8619
f 8619 8674 8620
f 8620 8674 8665
f 8664 8674 8619
f 8825 8824 8874
f 8874 8824 8934
f 8706 8728 8664
f 8721 8728 8706
f 8943 8874 8934
f 8943 8934 8968
f 8728 8721 8756
f 8971 8943 8968
f 8971 8968 9000
f 8721 8748 8756
f 9074 9000 9021
f 9074 9021 9109
f 8783 8793 8748
f 8793 8783 8788
f 9074 9109 9125
f 9146 9125 9176
f 8843 8844 8788
f 9146 9176 9174
f 9174 9176 9213
f 8844 8843 8947
f 8947 8843 8794
f 9174 9213 9188
f 9188 9213 9210
f 9188 9210 9195
f 9195 9210 9194
f 8972 8978 8979
f 8978 9030 9003
f 9194 9210 9193
f 9030 8978 8977
f 9193 9210 9184
f 8977 9024 9030
f 9055 9024 9059
f 9024 9010 9059
f 9144 9059 9143
f 9144 9143 9184
f 9184 9143 9193
f 9010 9054 9059
f 9087 9059 9054
f 9059 9087 9143
f 6608 6278 6504
f 6608 6504 6649
f 6223 6278 5950
f 6278 6223 6504
f 6223 5950 6059
f 6223 6413 6504
f 6413 6730 6504
f 6504 6730 6649
f 6223 6244 6413
f 6730 6413 6700
f 5953 5950 5829
f 5950 5953 6059
f 6059 5953 5964
f 5964 6223 6059
f 5953 5829 5734
f 6413 6699 6700
f 6699 6735 6700
f 5868 5953 5734
f 5868 5734 5708
f 5868 5708 5765
f 6735 6654 6866
f 6827 6866 6654
f 5708 5627 5765
f 5765 5627 5608
f 6827 6825 6866
f 6866 6825 6836
f 5765 5608 5758
f 5758 5608 5598
f 6839 6811 6902
f 5758 5598 5760
f 6902 6897 6839
f 5760 5786 5758
f 6897 6988 7001
f 6897 7001 6915
f 6915 7001 7050
f 5706 5709 5737
f 6915 7050 7225
f 7225 7119 6915
f 5782 5751 5709
f 7119 7225 7294
f 5782 5730 5751
f 5817 5751 5902
f 5902 5751 5730
f 5902 5730 5776
f 5902 5776 6053
f 7294 7055 7119
f 7294 7296 7055
f 6053 5962 6147
f 5776 5815 6053
f 6053 5815 5962
f 6147 5962 6146
f 6147 6146 6235
f 7228 7055 7293
f 5962 6041 6146
f 6235 6146 6314
f 7388 7293 7359
f 7388 7359 7352
f 7388 7352 7437
f 7440 7437 7352
f 6594 6882 6595
f 7437 7440 7602
f 7602 7440 7633
f 7674 7602 7633
f 6887 7027 6948
f 7870 7739 7892
f 7111 7250 7027
f 7870 7892 7922
f 7870 7922 7911
f 7911 7922 7949
f 7111 7319 7250
f 7319 7449 7250
f 7528 7449 7319
f 7920 7911 8000
f 8000 7911 7949
f 7594 7742 7660
f 7728 7660 7742
f 7949 8141 8000
f 8141 8144 8000
f 8144 8199 8171
f 8171 8199 8235
f 8171 8235 8334
f 8003 8031 8047
f 8003 8047 8002
f 8439 8525 8355
f 8309 8312 8245
f 8416 8355 8525
f 8416 8525 8538
f 8454 8367 8444
f 8454 8444 8554
f 8656 8622 8666
f 8666 8750 8656
f 8554 8488 8454
f 8488 8554 8601
f 8709 8656 8750
f 8601 8621 8488
f 8621 8640 8600
f 8674 8640 8621
f 8824 8774 8934
f 8674 8664 8680
f 8756 8680 8728
f 8680 8664 8728
f 8992 9000 8968
f 9000 8992 9021
f 8748 8764 8756
f 9084 9109 9021
f 9109 9084 9114
f 8748 8793 8764
f 8793 8845 8764
f 9109 9114 9126
f 9125 9109 9126
f 9125 9126 9176
f 9176 9126 9171
f 8845 8793 8788
f 8845 8788 8883
f 8883 8788 8844
f 8883 8844 8917
f 9177 9176 9171
f 9176 9177 9213
f 8917 8844 8951
f 8951 8844 8947
f 9213 9177 9133
f 8949 8951 8947
f 9213 9133 9190
f 8949 8947 8945
f 8910 8945 8947
f 9213 9190 9210
f 8910 8972 8979
f 8910 8979 8945
f 9210 9190 9203
f 8979 8978 9011
f 9210 9203 9185
f 8978 9003 9011
f 9011 9003 9030
f 9203 9145 9185
f 9030 9024 9055
f 9030 9055 9145
f 9145 9144 9185
f 9185 9144 9184
f 9185 9184 9210
f 9145 9055 9059
f 9145 9059 9144
f 6244 6223 5964
f 6244 6047 6413
f 6413 6047 6699
f 5964 5953 5868
f 5964 6047 6244
f 6699 6047 6481
f 6735 6699 6481
f 5964 5868 5993
f 5964 5993 6047
f 6735 6481 6654
f 5993 5868 5765
f 6827 6654 6733
f 5919 5993 5765
f 6825 6827 6733
f 6825 6811 6836
f 6902 6811 6994
f 5765 5758 5786
f 5765 5786 5919
f 5919 5786 5916
f 6994 6899 6902
f 6902 6899 6897
f 6988 6897 6989
f 6989 6896 6988
f 5864 5786 5737
f 5786 5864 5916
f 7001 6975 7050
f 5864 5737 5709
f 7050 6975 7225
f 5864 5709 5808
f 6975 7052 7225
f 5817 5709 5751
f 5709 5817 5808
f 6053 5817 5902
f 7294 7225 7233
f 7233 7225 7052
f 6147 6235 6383
f 6147 6383 6053
f 6403 6383 6235
f 6498 6383 6403
f 7296 7293 7055
f 7293 7296 7499
f 6403 6235 6314
f 6425 6403 6314
f 6498 6425 6575
f 6425 6498 6403
f 6684 6575 6683
f 7293 7499 7359
f 6415 6425 6314
f 7352 7359 7469
f 6415 6595 6425
f 6773 6425 6595
f 7440 7352 7469
f 7440 7469 7562
f 6595 6882 6773
f 6858 6773 6882
f 7633 7440 7562
f 7633 7562 7699
f 6970 6858 6882
f 7633 7699 7718
f 6970 6882 6887
f 6970 6887 6948
f 7718 7674 7633
f 7027 6970 6948
f 7718 7811 7674
f 7674 7811 7739
f 7811 7892 7739
f 7027 7250 7251
f 7385 7320 7251
f 7949 7922 7892
f 7949 7892 7959
f 7250 7385 7251
f 7250 7449 7385
f 7528 7594 7660
f 7528 7660 7449
f 7949 7959 8127
f 8141 7949 8127
f 8144 8141 8199
f 7742 7753 7728
f 8235 8199 8244
f 8334 8235 8244
f 8334 8244 8440
f 8440 8332 8334
f 8047 8161 8052
f 8440 8439 8332
f 8439 8440 8526
f 8439 8526 8525
f 8538 8525 8611
f 8312 8367 8361
f 8538 8611 8612
f 8612 8622 8538
f 8622 8612 8666
f 8666 8612 8741
f 8741 8750 8666
f 8750 8741 8786
f 8750 8786 8889
f 8454 8488 8455
f 8750 8889 8813
f 8750 8813 8709
f 8774 8709 8813
f 8621 8600 8488
f 8774 8813 8929
f 8934 8774 8929
f 8640 8674 8680
f 8968 8934 8929
f 8968 8929 8992
f 8684 8680 8756
f 8756 8727 8684
f 9041 9021 8992
f 9021 9041 9084
f 8727 8756 8764
f 8764 8763 8727
f 9114 9084 9115
f 8764 8799 8763
f 8764 8845 8799
f 9114 9097 9147
f 9114 9147 9126
f 8799 8845 8883
f 9097 9135 9147
f 9126 9147 9171
f 8883 8881 8799
f 9147 9135 9171
f 8883 8917 8881
f 8881 8917 8949
f 8881 8949 8880
f 8917 8951 8949
f 9171 9135 9177
f 8949 8945 8880
f 9177 9135 9133
f 9133 9124 9190
f 9020 8945 8979
f 9081 9124 9133
f 9190 9124 9203
f 9026 9020 8979
f 9124 9169 9203
f 9026 8979 9011
f 9026 9011 9030
f 9026 9030 9081
f 9081 9030 9145
f 9081 9145 9124
f 9124 9145 9169
f 9169 9145 9203
f 6047 6088 6224
f 5993 6088 6047
f 6654 6481 6734
f 5993 6087 6088
f 5919 5972 5993
f 5993 5972 6087
f 6825 6908 6959
f 6825 6959 6811
f 5972 5919 5916
f 5972 5916 6045
f 6899 6914 6897
f 6045 5916 6014
f 6989 6897 6914
f 6988 6896 7038
f 7038 7004 6988
f 6988 7004 7001
f 7004 6975 7001
f 6014 5916 5864
f 5864 5808 6014
f 7258 6975 7004
f 7258 7052 6975
f 6014 5808 5817
f 7233 7052 7258
f 7233 7258 7348
f 7348 7258 7259
f 5817 6053 6014
f 7348 7347 7233
f 7233 7347 7294
f 6316 6014 6053
f 6383 6316 6053
f 6418 6316 6383
f 7429 7294 7347
f 7429 7296 7294
f 6383 6607 6418
f 6383 6498 6607
f 6575 6607 6498
f 7499 7296 7429
f 6425 6597 6575
f 6575 6706 6607
f 6575 6684 6706
f 6575 6597 6683
f 6684 6683 6706
f 7469 7359 7499
f 6597 6682 6683
f 6890 6706 6682
f 6682 6706 6683
f 7469 7499 7572
f 6682 6597 6773
f 6773 6597 6425
f 6682 6773 6890
f 7568 7562 7572
f 7572 7562 7469
f 6890 6773 6951
f 6951 6773 6858
f 7699 7562 7568
f 7189 6858 6970
f 7811 7718 7699
f 6970 7027 7189
f 7027 7251 7189
f 7320 7189 7251
f 7323 7189 7320
f 7892 7811 8020
f 7531 7320 7385
f 8020 7959 7892
f 7385 7449 7531
f 7662 7531 7449
f 8127 7959 8147
f 7449 7660 7662
f 7728 7662 7660
f 8199 8141 8127
f 8199 8127 8244
f 7742 7932 7753
f 7932 8003 7917
f 7932 7917 7753
f 8002 7917 8003
f 8440 8244 8395
f 8440 8395 8433
f 8052 8161 8195
f 8510 8526 8440
f 8526 8510 8540
f 8161 8245 8195
f 8526 8540 8525
f 8525 8623 8653
f 8245 8312 8195
f 8653 8611 8525
f 8612 8611 8653
f 8612 8653 8786
f 8367 8454 8361
f 8786 8741 8612
f 8786 8653 8889
f 8454 8455 8361
f 8889 8896 8813
f 8488 8600 8641
f 8488 8641 8455
f 8929 8813 8896
f 8929 8896 9027
f 8600 8640 8641
f 8680 8641 8640
f 8992 8929 9027
f 8680 8685 8641
f 8680 8684 8685
f 8992 9027 9041
f 9041 9027 9069
f 9041 9069 9046
f 8684 8705 8685
f 8684 8727 8705
f 9041 9046 9084
f 9063 9084 9046
f 9084 9063 9115
f 8822 8727 8763
f 9115 9063 9114
f 9114 9063 9099
f 8834 8763 8799
f 9114 9099 9097
f 9135 9097 9113
f 8880 8834 8881
f 8834 8799 8881
f 9135 9113 9108
f 9135 9108 9093
f 8962 8880 8945
f 9135 9093 9133
f 8996 8962 9020
f 9093 9082 9133
f 9020 8962 8945
f 9081 9133 9082
f 9081 9082 9020
f 9081 9020 9026
f 6224 6088 6190
f 6224 6667 6047
f 6047 6667 6481
f 6734 6481 6667
f 6087 6190 6088
f 6654 6734 6828
f 6087 5972 6096
f 6828 6825 6733
f 6828 6733 6654
f 6825 6828 6908
f 6096 5972 6045
f 6045 6358 6096
f 6908 6920 6959
f 6959 6920 6996
f 6959 6996 6811
f 6995 6994 6996
f 6996 6994 6811
f 6899 6994 6995
f 6899 6995 6914
f 6086 6045 6014
f 6989 7038 6896
f 7038 6989 7067
f 7004 7038 7067
f 7004 7067 7349
f 6086 6014 6072
f 7258 7004 7259
f 7259 7004 7349
f 7349 7348 7259
f 7348 7349 7347
f 6406 6237 6014
f 7349 7361 7347
f 6014 6316 6406
f 6418 6406 6316
f 7429 7347 7361
f 6520 6418 6607
f 7361 7431 7429
f 7499 7429 7431
f 7499 7431 7503
f 6706 6890 6859
f 6934 6859 6890
f 7572 7499 7503
f 6934 6890 6951
f 6934 6951 7139
f 7139 6951 6858
f 7139 6858 7191
f 7699 7568 7715
f 6858 7189 7191
f 7811 7699 7715
f 7811 7715 7854
f 7323 7191 7189
f 7323 7320 7401
f 7531 7401 7320
f 7684 7401 7531
f 8020 7811 7854
f 7531 7662 7684
f 7728 7684 7662
f 7881 7684 7728
f 7881 7728 7753
f 7881 7753 7876
f 8147 8244 8127
f 8244 8147 8253
f 7917 7876 7753
f 8253 8395 8244
f 8002 8047 8052
f 8002 8052 7917
f 8581 8440 8433
f 8206 8091 8052
f 8440 8581 8510
f 8052 8195 8206
f 8510 8570 8540
f 8570 8525 8540
f 8525 8570 8624
f 8525 8624 8623
f 8195 8312 8361
f 8651 8653 8623
f 8651 8695 8653
f 8695 8753 8653
f 8455 8446 8361
f 8653 8753 8889
f 8816 8889 8753
f 8585 8489 8455
f 8816 8906 8889
f 8906 8896 8889
f 8896 8906 8999
f 8455 8641 8594
f 8999 9027 8896
f 8999 9042 9027
f 8722 8641 8685
f 9069 9027 9042
f 9069 9042 9071
f 8722 8685 8705
f 9069 9071 9046
f 8727 8722 8705
f 8791 8722 8727
f 9046 9071 9094
f 8791 8727 8822
f 9046 9094 9063
f 9100 9099 9094
f 9094 9099 9063
f 8763 8834 8822
f 8912 8822 8834
f 9099 9100 9097
f 8912 8834 8919
f 9097 9100 9113
f 8919 8834 8880
f 9100 9085 9108
f 9113 9100 9108
f 8919 9057 9085
f 9057 8919 8962
f 8962 8919 8880
f 9085 9057 9108
f 9108 9057 9093
f 8996 9057 8962
f 9057 8996 9035
f 9093 9057 9035
f 8996 9020 9035
f 9093 9035 9082
f 9082 9035 9020
f 6667 6224 6634
f 6096 6224 6087
f 6087 6224 6190
f 6224 6096 6358
f 6224 6358 6634
f 6667 6634 6734
f 6734 6634 6828
f 6634 6606 6828
f 6828 6606 6908
f 6242 6358 6045
f 6606 6920 6908
f 6358 6242 6412
f 6358 6412 6634
f 6634 6412 6606
f 6242 6323 6412
f 6606 6412 6509
f 6606 6697 6920
f 6920 6697 6996
f 6045 6323 6242
f 6697 6864 6996
f 6996 6864 6995
f 6045 6086 6272
f 6045 6272 6323
f 6995 6864 6914
f 6272 6086 6161
f 6161 6086 6321
f 6992 6989 6914
f 6989 7079 7067
f 6189 6321 6086
f 6189 6086 6072
f 7349 7067 7079
f 7349 7079 7226
f 6256 6072 6014
f 7349 7393 7430
f 6256 6014 6237
f 7349 7430 7473
f 6513 6237 6406
f 7349 7473 7361
f 6520 6513 6406
f 6406 6418 6520
f 7431 7361 7563
f 6706 6859 6607
f 6859 6520 6607
f 7431 7563 7605
f 7431 7605 7503
f 7645 7503 7605
f 7572 7503 7645
f 6934 7139 7193
f 7568 7572 7735
f 7735 7572 7645
f 7193 7139 7191
f 7735 7715 7568
f 7715 7735 7869
f 7323 7268 7191
f 7367 7268 7323
f 7323 7401 7367
f 7869 7854 7715
f 7854 7869 7961
f 7961 7996 7854
f 7401 7684 7663
f 7996 8020 7854
f 8020 7996 8025
f 8020 8025 8062
f 8062 8076 8020
f 7684 7748 7663
f 8076 7959 8020
f 7748 7684 7754
f 8076 8147 7959
f 8147 8076 8203
f 8147 8203 8308
f 7684 7881 7754
f 7881 7876 7754
f 8253 8147 8308
f 8395 8253 8308
f 7876 7917 7976
f 8395 8492 8433
f 7917 8052 8105
f 8091 8105 8052
f 8581 8433 8492
f 8581 8492 8648
f 8091 8206 8139
f 8624 8581 8648
f 8570 8510 8581
f 8624 8570 8581
f 8206 8195 8260
f 8648 8623 8624
f 8354 8260 8195
f 8623 8739 8651
f 8195 8361 8354
f 8749 8651 8739
f 8361 8446 8354
f 8695 8651 8749
f 8753 8695 8749
f 8489 8446 8455
f 8816 8753 8899
f 8489 8585 8537
f 8899 8906 8816
f 8906 8899 8958
f 8585 8455 8594
f 8957 8999 8958
f 8958 8999 8906
f 8594 8641 8675
f 8999 8957 8987
f 8751 8675 8641
f 8987 9042 8999
f 8641 8722 8751
f 8987 8967 9042
f 8967 9071 9042
f 8751 8722 8791
f 8870 8751 8791
f 8791 8822 8870
f 8870 8822 8942
f 8967 8998 9071
f 9071 8998 9094
f 8942 8912 8967
f 8967 8912 8998
f 8942 8822 8912
f 9094 8998 9100
f 8998 8912 8919
f 8998 8919 9085
f 8998 9085 9100
f 6606 6509 6697
f 6323 6272 6412
f 6412 6411 6509
f 6411 6697 6509
f 6412 6272 6411
f 6697 6411 6569
f 6697 6569 6864
f 6864 6569 6957
f 6864 6957 6914
f 6272 6161 6411
f 6411 6161 6569
f 6992 6914 6957
f 6161 6435 6569
f 6992 7003 6989
f 6161 6321 6435
f 7003 7079 6989
f 7079 7003 7069
f 7080 7079 7069
f 6449 6321 6189
f 6321 6449 6435
f 7079 7080 7226
f 6449 6189 6072
f 7349 7226 7166
f 6449 6072 6256
f 6449 6256 6726
f 6726 6256 6237
f 6726 6237 6513
f 6617 6513 6520
f 6617 6520 6879
f 7563 7361 7583
f 7606 7563 7583
f 6520 6859 6879
f 6932 6879 6859
f 7606 7605 7563
f 7605 7769 7645
f 6859 6934 6932
f 7193 6932 6934
f 7645 7769 7866
f 7645 7866 7735
f 7268 7201 7193
f 7268 7193 7191
f 7337 7201 7268
f 7869 7735 7866
f 7869 7866 7980
f 7367 7337 7268
f 7961 7869 7980
f 7481 7367 7401
f 7481 7401 7485
f 7996 7961 7980
f 7401 7663 7485
f 7579 7485 7663
f 8094 8062 8025
f 8094 8076 8062
f 8076 8094 8145
f 8076 8145 8203
f 7748 7579 7663
f 7879 7748 7754
f 8145 8308 8203
f 8308 8145 8288
f 7886 7879 7754
f 8308 8288 8471
f 7754 7876 7886
f 8308 8471 8388
f 7876 7976 7886
f 8388 8395 8308
f 8103 7976 7917
f 8492 8395 8388
f 8105 8103 7917
f 8583 8648 8492
f 8648 8583 8649
f 8105 8091 8139
f 8206 8105 8139
f 8260 8105 8206
f 8649 8739 8648
f 8739 8623 8648
f 8260 8354 8363
f 8434 8363 8354
f 8749 8739 8810
f 8434 8354 8446
f 8753 8749 8810
f 8810 8809 8753
f 8491 8434 8446
f 8809 8899 8753
f 8446 8489 8491
f 8579 8491 8489
f 8899 8809 8928
f 8579 8489 8537
f 8585 8579 8537
f 8635 8579 8585
f 8958 8899 8928
f 8958 8928 8953
f 8635 8585 8594
f 8635 8594 8675
f 8953 8957 8958
f 8760 8635 8675
f 8957 8956 8987
f 8675 8751 8760
f 8800 8760 8751
f 8987 8956 8932
f 8800 8751 8870
f 8800 8870 8932
f 8987 8932 8967
f 8932 8870 8942
f 8932 8942 8967
f 6569 6729 6957
f 6957 6729 7003
f 6992 6957 7003
f 6569 6435 6603
f 6569 6603 6729
f 6603 6435 6449
f 6603 6708 6729
f 7003 7042 7069
f 7042 7080 7069
f 6603 6449 6708
f 7003 6729 7042
f 7042 7166 7080
f 7226 7080 7166
f 7349 7166 7393
f 6708 6449 6726
f 7393 7474 7430
f 7430 7474 7502
f 7430 7502 7473
f 6617 6726 6513
f 6805 6726 6617
f 7502 7565 7473
f 7473 7565 7361
f 6617 6879 6805
f 7565 7583 7361
f 7583 7565 7777
f 6952 6805 6879
f 7606 7583 7777
f 6879 6932 6952
f 7114 6952 6932
f 7777 7605 7606
f 7114 6932 7172
f 7605 7777 7769
f 6932 7193 7172
f 7201 7172 7193
f 7277 7172 7336
f 7336 7172 7201
f 7337 7336 7201
f 7980 7866 7769
f 7980 7769 8015
f 7481 7337 7367
f 7481 7485 7387
f 7980 8015 8018
f 7996 7980 8025
f 8025 7980 8018
f 8018 8094 8025
f 8094 8018 8143
f 8145 8094 8143
f 8145 8143 8200
f 8145 8200 8296
f 8145 8296 8288
f 8288 8296 8471
f 7879 7886 7748
f 8471 8470 8388
f 8103 8005 7976
f 8492 8388 8470
f 8492 8470 8542
f 8542 8583 8492
f 8583 8542 8566
f 8582 8583 8566
f 8583 8582 8649
f 8105 8260 8368
f 8582 8559 8649
f 8691 8649 8559
f 8260 8363 8368
f 8739 8649 8691
f 8691 8747 8739
f 8739 8747 8810
f 8434 8442 8363
f 8491 8442 8434
f 8491 8539 8442
f 8691 8667 8747
f 8667 8708 8747
f 8810 8747 8708
f 8708 8928 8810
f 8810 8928 8809
f 8491 8579 8539
f 8580 8539 8579
f 8580 8579 8667
f 8928 8708 8785
f 8667 8579 8708
f 8708 8579 8760
f 8760 8579 8635
f 8708 8760 8785
f 8785 8871 8928
f 8928 8871 8953
f 8785 8760 8871
f 8953 8871 8957
f 8760 8800 8871
f 8957 8871 8956
f 8932 8871 8800
f 8956 8871 8932
f 6729 7034 7042
f 7042 7034 7166
f 6729 6708 6726
f 6729 6726 7034
f 7166 7034 7197
f 7034 6726 6805
f 7166 7197 7393
f 7393 7197 7474
f 7474 7197 7502
f 7034 6805 7114
f 7034 7114 7197
f 7197 7114 7195
f 7197 7472 7502
f 7502 7472 7565
f 7114 6805 6952
f 7197 7195 7472
f 7472 7501 7565
f 7565 7501 7777
f 7195 7114 7211
f 7195 7211 7472
f 7472 7211 7501
f 7114 7172 7211
f 7172 7212 7211
f 7172 7277 7212
f 7501 7656 7733
f 7501 7733 7777
f 7777 7733 7769
f 7277 7276 7212
f 7336 7337 7277
f 7277 7337 7276
f 7656 7840 7733
f 7840 8015 7733
f 7733 8015 7769
f 7276 7337 7481
f 7481 7387 7276
f 8015 7840 7947
f 8015 7947 8018
f 7387 7485 7467
f 7579 7467 7485
f 7579 7756 7467
f 8018 7947 8143
f 7579 7748 7756
f 8186 8306 8200
f 8200 8306 8296
f 8186 8143 7947
f 8143 8186 8200
f 8186 8293 8306
f 8296 8356 8471
f 7748 7886 7756
f 8306 8293 8305
f 8296 8306 8356
f 8356 8306 8305
f 8356 8305 8293
f 8356 8293 8470
f 8471 8356 8470
f 7886 7976 8005
f 7886 8005 7756
f 8470 8541 8542
f 8005 8103 8100
f 8293 8512 8470
f 8512 8541 8470
f 8542 8541 8566
f 8103 8105 8100
f 8100 8105 8368
f 8566 8541 8512
f 8566 8512 8582
f 8559 8582 8512
f 8559 8609 8691
f 8442 8441 8363
f 8441 8368 8363
f 8580 8441 8442
f 8609 8580 8667
f 8691 8609 8667
f 8539 8580 8442
f 7211 7212 7501
f 7212 7276 7501
f 7276 7387 7501
f 7501 7756 7656
f 7656 7756 7840
f 7501 7387 7467
f 7756 7947 7840
f 7756 7501 7467
f 7947 7756 8186
f 7756 8005 8186
f 8186 8005 8100
f 8186 8100 8293
f 8100 8559 8293
f 8293 8559 8512
f 8559 8100 8368
f 8580 8559 8368
f 8368 8441 8580
f 8609 8559 8580
f 4120 4081 4125
f 4125 4137 4120
