v -145.23540 40.96750 847.85192871
v -145.20290 42.10310 850.35742188
v -145.16321 42.71140 847.82019043
v -145.13739 40.06050 850.43591309
v -145.08261 44.17140 850.49291992
v -145.06549 48.05160 850.23980713
v -144.47180 43.10360 850.49090576
v -144.36639 45.12530 851.90429688
v -144.29401 39.86840 853.14837646
v -144.28610 48.32540 851.42340088
v -144.27930 48.31870 847.84552002
v -144.22360 44.18840 847.39697266
v -144.14000 38.81060 847.72320557
v -143.97380 38.13970 853.49481201
v -143.53369 43.11750 853.09942627
v -143.40091 38.81610 844.94122314
v -143.33270 40.96480 853.89959717
v -143.23349 37.69870 845.65167236
v -143.12509 36.71130 847.79467773
v -142.45151 36.86930 855.90667725
v -142.43671 44.11660 844.56408691
v -142.42081 46.23630 853.66027832
v -142.34821 39.84900 856.71862793
v -142.29730 49.28060 853.58612061
v -142.29300 43.11990 843.13000488
v -142.24319 49.04920 844.46368408
v -142.21539 40.89460 841.77032471
v -142.19380 35.77710 853.49279785
v -142.14999 36.80110 842.02667236
v -141.95520 50.38940 844.51007080
v -141.43300 41.77370 858.84350586
v -141.41901 42.95880 856.86511230
v -141.38310 38.67110 861.91058350
v -141.32019 35.51320 850.47979736
v -141.31311 36.73010 862.12951660
v -141.25310 34.80820 856.70971680
v -141.24640 34.88600 844.27612305
v -141.18440 52.21180 850.50482178
v -141.11650 45.91540 857.28521729
v -141.08569 43.12470 862.27728271
v -141.08440 41.04650 865.05841064
v -141.07779 38.80310 867.93841553
v -141.04520 34.59140 865.11627197
v -141.03830 50.39770 841.83599854
v -141.02690 45.06880 841.55700684
v -141.00891 34.72770 841.85101318
v -141.00290 33.75800 862.49761963
v -140.90439 52.35970 853.75982666
v -140.90060 37.12930 868.48687744
v -140.37340 52.06880 844.40899658
v -140.36340 46.08240 859.95532227
v -140.35840 33.60360 865.03002930
v -140.35590 41.99000 840.69848633
v -140.34460 49.09060 858.92407227
v -140.28979 35.91650 840.03222656
v -140.26181 42.99420 865.32940674
v -140.26129 51.31350 856.58197021
v -140.21069 33.68810 859.28601074
v -140.20670 41.02190 868.14990234
v -140.14430 49.43579 841.03582764
v -140.13290 38.96720 839.51202393
v -140.12021 53.24040 853.20660400
v -140.10860 34.51620 844.50189209
v -140.08580 51.36020 841.73468018
v -140.05521 42.08470 868.13848877
v -140.00769 33.75810 868.49017334
v -140.00720 48.34770 862.51599121
v -139.97530 46.26550 840.78900146
v -139.40460 53.28070 855.75830078
v -139.32220 46.01910 867.77270508
v -139.30011 37.63430 871.30328369
v -139.22070 48.19660 865.32611084
v -139.20331 41.98960 839.78491211
v -139.17630 33.47900 859.30517578
v -139.16640 37.70800 838.47412109
v -139.15579 33.68460 838.91418457
v -139.10480 32.89110 853.50622559
v -139.10181 53.38180 845.44927979
v -139.09189 31.84580 862.34808350
v -139.03769 47.07540 868.19470215
v -139.00690 39.91990 871.49621582
v -138.96960 49.29410 865.48480225
v -138.92630 31.67960 868.63287354
v -138.90550 34.18720 871.60717773
v -138.29779 32.74630 850.87841797
v -138.28210 51.29130 862.72961426
v -138.19000 50.33450 865.47717285
v -138.18880 51.37360 841.04229736
v -138.13730 32.59690 859.42547607
v -138.13310 30.77240 865.21209717
v -138.13170 52.35770 862.32690430
v -138.12619 30.77190 867.86578369
v -138.11060 42.98070 871.35089111
v -138.06931 40.90810 838.48071289
v -138.04410 49.37540 868.14477539
v -137.86481 54.49050 859.28082275
v -137.38330 35.01050 836.01477051
v -137.21521 52.41850 865.28259277
v -137.19850 32.53340 859.49511719
v -137.19119 36.70230 835.76062012
v -137.14481 31.68790 859.68591309
v -137.08760 31.55130 871.75897217
v -137.08679 30.62280 868.44207764
v -137.08670 44.08560 871.84912109
v -137.08481 55.36980 845.13922119
v -137.08340 32.77110 874.26879883
v -137.08011 42.04220 838.39727783
v -137.03110 32.69330 837.01538086
v -137.02110 39.90400 874.44158936
v -137.01320 51.51090 868.02069092
v -136.95401 53.45750 865.24688721
v -136.94501 55.72940 856.68487549
v -136.94270 55.60360 859.77679443
v -136.89331 31.46800 857.23107910
v -136.84839 30.40730 865.50280762
v -136.84760 55.60870 847.49639893
v -136.84381 31.68490 874.42010498
v -136.83270 56.50410 859.15881348
v -136.13100 47.13180 872.75689697
v -136.12810 44.07960 838.37847900
v -136.12241 30.80190 874.09851074
v -136.10251 55.52610 844.66729736
v -136.09079 46.16460 838.51879883
v -136.06009 30.50400 860.11218262
v -136.05220 38.07070 835.46630859
v -136.05150 50.33350 839.93627930
v -136.05150 53.45550 842.08789062
v -136.04919 51.37850 869.85870361
v -136.04761 49.29360 871.42211914
v -136.04750 29.72600 868.12042236
v -136.03329 56.64350 856.50219727
v -136.00171 30.42340 846.09088135
v -135.96860 29.76820 841.53631592
v -135.95970 39.70590 835.47369385
v -135.93710 44.09900 874.52886963
v -135.90430 31.62030 875.30517578
v -135.84470 38.81130 877.58721924
v -135.84351 34.72320 877.49517822
v -135.16040 45.03400 874.87988281
v -135.11371 29.53550 863.76507568
v -135.11099 56.56860 850.35992432
v -135.10910 54.79010 867.16589355
v -135.08740 30.64020 836.64379883
v -135.07590 56.43440 845.19671631
v -135.07190 39.92280 877.67388916
v -135.01379 55.53470 843.43347168
v -135.01170 41.19990 835.44732666
v -135.01001 29.63560 870.84710693
v -135.00990 35.77070 833.54089355
v -135.00970 29.70020 838.88623047
v -134.94690 48.19530 838.36437988
v -134.92650 58.32870 859.64862061
v -134.92300 29.35890 852.81787109
v -134.87061 34.71830 878.20001221
v -134.83069 44.90080 877.34112549
v -134.80380 48.18310 874.81719971
v -134.80330 29.39410 841.86541748
v -134.32651 28.90810 860.98400879
v -134.22769 39.73020 879.90649414
v -134.13541 57.11270 863.57360840
v -134.06270 41.11020 834.07110596
v -133.99210 44.14480 835.38800049
v -133.97079 57.76640 855.81060791
v -133.96899 32.63560 833.27581787
v -133.96770 38.70620 832.65582275
v -133.96429 50.33600 874.38049316
v -133.96289 58.53910 859.31561279
v -133.96280 33.54440 832.68298340
v -133.95990 54.50750 870.27020264
v -133.95819 42.01340 879.47479248
v -133.95200 28.41420 847.49609375
v -133.90730 50.28070 838.41522217
v -133.90021 38.08950 880.28460693
v -133.88449 27.68400 850.52502441
v -133.88370 28.72520 841.27581787
v -133.87540 48.33160 877.11578369
v -133.83069 42.97310 833.90820312
v -133.82860 46.16830 835.42718506
v -133.69220 58.66390 862.48431396
v -133.08350 27.55440 853.67962646
v -133.04361 36.82210 880.29260254
v -132.98990 28.65110 871.22277832
v -132.98630 32.58830 832.58770752
v -132.95059 39.98350 832.36199951
v -132.92720 47.21180 878.66802979
v -132.92709 57.60970 845.00408936
v -132.92679 52.41500 839.30041504
v -132.92400 52.42000 874.28637695
v -132.92151 44.08720 832.79132080
v -132.91971 50.33370 876.98638916
v -132.91791 58.45930 847.54919434
v -132.86900 48.20300 835.50177002
v -132.86499 42.04060 880.45080566
v -132.84381 34.80010 878.75268555
v -132.83450 45.21470 880.31011963
v -132.82790 27.53920 847.81042480
v -132.82570 27.57790 859.49060059
v -132.78119 58.85790 865.01458740
v -132.46091 38.23830 880.58410645
v -131.97870 27.33460 848.11468506
v -131.97200 28.56530 871.70812988
v -131.96060 30.63750 833.62597656
v -131.94861 55.49750 871.73028564
v -131.93010 27.30100 859.35791016
v -131.92400 36.87770 880.31732178
v -131.88820 31.60620 875.99157715
v -131.88739 57.61430 844.38092041
v -131.88640 34.72020 878.47070312
v -131.88589 32.77630 877.42700195
v -131.88570 50.33350 878.25177002
v -131.88519 54.49600 839.94097900
v -131.88501 50.33390 836.54461670
v -131.88490 57.61470 868.58770752
v -131.88280 54.55519 874.02160645
v -131.88190 28.47860 841.50878906
v -131.88000 51.37550 837.09802246
v -131.83411 40.85410 829.55419922
v -131.82831 46.11550 832.41650391
v -131.82581 34.73110 829.55737305
v -131.82071 36.81030 829.32727051
v -131.79840 27.43260 865.49792480
v -131.79251 26.63240 850.28137207
v -131.69370 29.71650 835.41241455
v -131.00259 41.93360 829.35247803
v -130.92500 29.68310 874.44940186
v -130.90240 58.66520 844.66021729
v -130.85010 53.45880 838.32037354
v -130.84531 54.49860 875.57397461
v -130.78421 48.20090 832.42022705
v -130.76089 25.60270 856.51092529
v -130.67459 44.90110 829.28369141
v -130.64240 38.18050 826.06469727
v -130.56630 27.50040 844.18688965
v -130.33630 26.44330 850.26721191
v -129.92250 25.43110 859.32379150
v -129.88750 61.76590 857.60058594
v -129.87961 35.67800 826.39099121
v -129.85361 58.72050 842.95550537
v -129.84439 47.21470 829.71569824
v -129.82350 49.20110 880.39361572
v -129.80899 61.76000 864.77398682
v -129.80661 33.67490 876.83502197
v -129.80630 60.74060 868.15631104
v -129.80600 31.46720 829.89916992
v -129.80539 27.67860 841.29229736
v -129.80411 35.67260 877.57141113
v -129.80371 26.63790 847.27978516
v -129.80090 57.62370 873.36376953
v -129.79680 33.68300 826.78479004
v -129.79541 32.44080 829.37927246
v -129.75830 25.55200 865.19451904
v -129.72391 52.57290 835.57568359
v -129.72321 27.44670 871.67071533
v -129.69510 59.70640 843.26910400
v -129.50320 25.48490 853.78759766
v -128.88800 36.80850 823.22668457
v -128.88159 27.38960 844.74749756
v -128.88120 61.49750 844.87609863
v -128.85080 40.86220 821.06518555
v -128.84030 44.07760 823.96429443
v -128.82901 29.32950 835.50347900
v -128.81729 42.05650 822.92980957
v -128.80760 50.32640 832.38702393
v -128.80620 46.17370 826.44189453
v -128.77359 37.84320 879.24237061
v -128.77100 34.71920 876.91107178
v -128.76440 54.49680 836.54730225
v -128.76309 60.79990 870.20520020
v -128.76280 55.53470 837.10382080
v -128.76170 62.61340 851.25708008
v -128.75980 38.28770 820.67999268
v -128.75360 25.40840 868.38452148
v -128.73059 51.36320 880.36059570
v -128.69699 26.65950 871.60150146
v -128.69409 24.50800 856.73071289
v -128.63980 62.70540 865.61401367
v -128.55389 24.18970 860.05041504
v -128.51361 35.61500 822.64929199
v -127.87650 26.56320 847.82220459
v -127.87340 42.97420 818.21197510
v -127.83970 35.73610 820.51068115
v -127.81560 50.38540 829.93249512
v -127.80510 29.51720 832.52850342
v -127.77990 29.58000 874.39447021
v -127.72270 39.92380 880.06622314
v -127.72230 59.69200 841.40618896
v -127.72190 57.61380 838.42987061
v -127.72180 28.47850 873.41168213
v -127.72110 59.70060 873.37097168
v -127.71950 31.59710 875.14019775
v -127.66700 54.60800 878.61840820
v -127.65610 25.35340 869.88146973
v -127.64260 23.40400 859.32641602
v -127.64210 52.57030 832.53387451
v -127.59250 35.73390 817.88751221
v -127.57450 28.38960 843.91802979
v -127.57070 49.44250 828.94207764
v -127.53400 28.63000 835.36938477
v -127.53140 31.25090 826.74407959
v -127.52020 63.65240 865.69750977
v -127.51090 62.92120 850.26159668
v -127.46650 22.30840 862.49090576
v -126.89000 26.40250 849.99377441
v -126.85360 37.06120 815.16137695
v -126.76360 62.65590 844.81042480
v -126.76040 34.50690 817.51141357
v -126.74340 53.38710 880.38098145
v -126.74270 28.27640 844.20672607
v -126.73820 45.11170 817.51721191
v -126.68470 63.61030 868.64239502
v -126.68450 57.61720 876.66888428
v -126.68250 39.92350 879.41699219
v -126.68080 60.74160 872.93060303
v -126.67940 23.32230 867.51330566
v -126.67360 32.54020 820.23242188
v -126.61060 23.13410 857.20129395
v -126.60850 25.20120 853.39172363
v -126.60500 55.61400 834.36267090
v -126.58930 32.87760 817.38238525
v -126.56550 63.68670 851.48370361
v -126.53250 43.73730 814.51519775
v -126.51450 47.32110 820.68438721
v -126.47190 35.37190 811.89068604
v -125.84050 62.81370 871.12670898
v -125.75390 25.50680 850.67437744
v -125.73890 44.17690 812.09136963
v -125.73410 27.33640 847.27307129
v -125.71000 31.69230 817.24151611
v -125.70780 26.51970 848.40447998
v -125.69660 35.82470 877.33587646
v -125.69150 42.06980 880.36700439
v -125.67830 63.84740 868.22497559
v -125.64390 61.78020 841.76739502
v -125.64330 34.71800 875.97241211
v -125.64210 57.61700 835.68060303
v -125.63910 60.68670 873.50488281
v -125.63760 51.36680 826.65502930
v -125.63560 24.36120 869.48809814
v -125.63540 63.90090 863.22821045
v -125.58830 57.56079 877.45812988
v -125.58690 59.70150 838.61529541
v -125.57450 46.15720 814.67858887
v -125.57390 42.69350 808.16448975
v -125.56070 36.88270 877.93878174
v -125.55340 35.10970 808.28967285
v -125.55150 54.43040 880.38452148
v -125.51090 49.22309 822.80841064
v -125.46040 37.51310 805.18261719
v -125.43910 44.14250 808.86560059
v -125.43370 39.92850 802.70300293
v -125.42590 63.96500 853.27081299
v -125.42540 63.99600 856.48968506
v -125.39940 42.00520 805.27502441
v -125.30550 27.57390 840.73138428
v -124.88250 48.09450 817.62231445
v -124.79660 63.70310 845.60137939
v -124.78490 43.04220 805.52941895
v -124.78110 28.34530 835.65972900
v -124.75630 33.52510 806.65252686
v -124.75320 38.87930 800.23602295
v -124.73210 22.92480 856.74621582
v -124.73090 41.11460 802.37738037
v -124.72920 36.01860 803.08172607
v -124.70370 31.12010 812.89752197
v -124.69430 37.67430 802.73681641
v -124.68400 34.64270 874.80267334
v -124.67900 55.45190 832.39459229
v -124.67340 20.24330 865.19598389
v -124.65620 59.63570 838.23150635
v -124.65460 26.34460 871.48101807
v -124.60790 33.67810 874.53051758
v -124.60080 29.59070 873.17230225
v -124.59890 61.78330 873.68872070
v -124.59610 20.41690 860.54980469
v -124.59520 64.69960 856.79919434
v -124.59430 53.45430 829.27130127
v -124.54450 62.81440 843.12817383
v -124.54150 21.18790 867.35717773
v -124.52670 64.69880 865.65081787
v -124.49710 64.70020 853.92272949
v -124.46360 19.45390 862.59027100
v -124.43730 42.08100 799.96618652
v -124.39520 38.42580 796.52728271
v -124.39450 45.25480 805.86560059
v -124.35710 32.56250 799.73730469
v -124.31360 49.28320 817.17791748
v -123.76260 28.58660 824.06359863
v -123.74240 43.89260 801.97119141
v -123.68760 35.25570 794.08367920
v -123.65710 30.76100 805.22180176
v -123.65210 29.71640 811.50469971
v -123.63730 31.44190 802.95520020
v -123.62790 24.18060 853.38623047
v -123.61530 21.31780 868.44732666
v -123.60410 38.59130 793.50848389
v -123.56060 38.88100 876.92498779
v -123.55910 64.65051 871.44049072
v -123.55900 36.80230 876.18951416
v -123.55610 60.73780 838.80352783
v -123.55440 30.45550 807.95092773
v -123.55280 31.64560 797.35772705
v -123.54900 64.02500 848.22039795
v -123.50390 61.72630 874.48181152
v -123.50310 58.60460 877.48480225
v -123.48980 26.59030 871.90417480
v -123.46470 55.47540 880.39587402
v -123.39740 50.56460 820.48272705
v -123.39180 36.56070 787.96557617
v -123.38080 26.48920 844.39898682
v -123.35610 38.87780 790.50817871
v -123.35420 31.51470 790.78491211
v -123.30980 43.09590 796.51977539
v -123.23530 29.44080 805.06542969
v -123.23460 27.59930 831.59619141
v -122.76280 28.65270 816.32861328
v -122.65000 40.07030 790.37432861
v -122.64740 30.97590 789.57330322
v -122.64100 29.59070 801.33850098
v -122.62300 27.33340 839.10278320
v -122.62080 64.94480 868.17547607
v -122.62060 25.24750 848.11541748
v -122.61130 29.71740 796.48321533
v -122.61130 64.98740 858.23632812
v -122.60670 33.27020 784.67010498
v -122.59670 59.61760 835.70257568
v -122.59490 19.19820 865.14532471
v -122.57790 58.65830 834.20312500
v -122.57490 56.58000 830.78631592
v -122.56790 52.07370 822.55169678
v -122.52790 47.25570 805.49060059
v -122.51850 21.19030 857.58367920
v -122.51790 24.31050 870.42749023
v -122.51760 61.77530 841.08917236
v -122.51730 20.28090 858.25451660
v -122.51200 19.25040 859.72113037
v -122.45360 37.38880 784.18078613
v -122.43630 43.03920 793.49749756
v -122.38330 18.41220 862.49932861
v -122.35980 33.98990 779.09832764
v -122.31730 38.80530 784.48931885
v -122.31630 45.19470 796.70617676
v -122.30770 30.85350 778.55010986
v -122.24260 47.27590 802.49450684
v -122.23090 40.96540 787.35070801
v -121.80430 26.19330 844.91320801
v -121.80040 44.08610 794.09082031
v -121.63940 28.27200 871.96307373
v -121.58600 31.11520 776.00738525
v -121.58570 21.19770 868.50640869
v -121.57780 36.79970 874.52441406
v -121.57570 36.90110 779.09277344
v -121.55440 62.73190 841.67169189
v -121.53440 21.24490 856.47192383
v -121.48890 46.06400 880.38519287
v -121.48290 43.04670 878.37982178
v -121.48180 56.57460 829.62609863
v -121.47910 65.73660 859.21148682
v -121.47670 44.08910 878.78717041
v -121.46250 51.50950 817.65441895
v -121.46100 28.40460 790.51538086
v -121.43110 38.62450 874.60632324
v -121.42490 62.76640 874.45880127
v -121.42170 59.64430 877.49230957
v -121.42100 23.17170 853.27990723
v -121.41990 64.89510 871.18487549
v -121.41360 51.23770 814.70562744
v -121.40760 45.07350 793.49902344
v -121.40020 28.33860 796.48382568
v -121.37520 27.53800 826.55108643
v -121.36410 27.73080 780.63909912
v -121.33380 64.90160 847.94018555
v -121.30110 28.24980 784.98327637
v -121.27560 36.78920 775.66760254
v -121.27500 39.91940 781.49328613
v -121.27380 33.79830 770.06890869
v -121.27200 28.38920 769.79168701
v -121.23340 31.43830 766.34289551
v -121.23020 27.51280 793.49499512
v -121.21100 43.17440 787.69757080
v -121.20280 63.97650 845.00677490
v -121.07910 65.79790 852.88739014
v -120.61560 38.68810 777.95678711
v -120.56530 27.84890 768.58380127
v -120.56370 29.78230 764.29541016
v -120.54650 60.73650 838.06689453
v -120.53350 31.58770 764.10198975
v -120.53210 27.33520 830.11791992
v -120.52130 65.06630 865.00677490
v -120.50660 46.63040 795.04681396
v -120.49580 46.22660 880.27227783
v -120.49420 58.71580 878.71258545
v -120.49180 40.96300 781.50848389
v -120.45360 54.54070 823.54748535
v -120.44090 27.39220 802.18750000
v -120.44050 20.28770 868.25537109
v -120.43920 22.18180 853.72839355
v -120.43780 56.57020 828.99688721
v -120.43490 18.28070 859.90942383
v -120.43420 56.67640 880.40881348
v -120.43280 19.24070 858.25671387
v -120.43050 36.85750 772.67327881
v -120.38580 40.90880 874.68041992
v -120.37900 19.17190 866.80108643
v -120.36140 27.29210 787.32312012
v -120.35870 26.39090 775.31567383
v -120.35350 38.96010 873.94598389
v -120.30470 26.66010 832.51531982
v -120.29150 30.28550 758.47247314
v -120.28300 26.23710 842.16998291
v -120.27230 27.29590 813.85119629
v -120.26850 26.46670 784.69561768
v -120.23620 33.73470 763.87799072
v -120.20390 26.39760 763.98059082
v -120.16730 27.70700 757.54132080
v -120.16590 42.06600 781.49749756
v -120.16480 38.03340 772.85931396
v -120.12460 65.75500 868.60382080
v -119.57310 36.41550 768.40051270
v -119.49310 33.96790 761.64379883
v -119.49270 26.62450 757.22113037
v -119.45710 50.06000 802.48937988
v -119.45000 26.39960 797.06549072
v -119.44540 25.28400 870.52331543
v -119.40450 64.06440 844.89392090
v -119.40210 65.82070 864.66802979
v -119.40010 44.08780 876.52862549
v -119.39460 26.29380 759.95178223
v -119.39260 59.70100 833.63739014
v -119.39230 33.67570 873.29101562
v -119.37850 65.88690 850.25561523
v -119.37680 25.23540 772.38952637
v -119.34850 26.53820 835.73522949
v -119.33850 31.19750 754.63452148
v -119.33260 25.15200 844.96099854
v -119.32920 18.30750 865.14202881
v -119.30650 50.40330 805.25830078
v -119.28980 52.20140 880.86749268
v -119.26990 20.23220 856.36907959
v -119.24260 61.72380 838.54040527
v -119.22350 26.39510 749.01397705
v -119.21700 28.25590 749.01849365
v -119.19020 26.30090 805.63439941
v -119.18280 33.61060 757.47930908
v -119.17230 63.79930 874.40667725
v -119.16000 24.31380 760.79711914
v -119.07670 65.69170 871.49212646
v -118.56570 27.26850 819.43841553
v -118.50940 48.11690 880.41528320
v -118.50540 41.11330 775.71862793
v -118.45690 19.94450 856.95220947
v -118.45540 24.52000 751.52380371
v -118.45270 30.75370 749.37701416
v -118.41770 27.43380 835.68682861
v -118.36180 43.04700 874.55499268
v -118.35270 26.48420 832.50537109
v -118.35270 28.45290 835.50097656
v -118.35080 61.78440 876.88623047
v -118.34560 24.39770 781.72161865
v -118.34550 24.20290 756.66058350
v -118.33940 58.65600 830.61602783
v -118.33820 23.33450 765.82409668
v -118.30140 53.60910 815.14428711
v -118.29000 40.97120 873.21990967
v -118.27560 66.08981 852.81079102
v -118.27510 46.25030 878.61749268
v -118.27130 24.45140 745.34130859
v -118.26550 58.59260 880.36437988
v -118.26490 23.33260 847.71771240
v -118.25400 66.67751 850.49328613
v -118.21430 18.28000 862.29840088
v -118.20120 33.78030 754.51489258
v -118.19200 27.18130 740.50427246
v -118.18110 59.69540 832.77062988
v -118.15520 40.98770 772.65869141
v -118.15360 30.54770 745.69427490
v -118.15050 26.50200 817.21887207
v -118.14830 56.43510 823.49377441
v -118.13980 28.20690 871.78479004
v -118.07410 23.10540 757.70690918
v -118.02970 18.92770 865.09442139
v -117.48140 24.43110 787.66998291
v -117.46140 23.34850 772.30450439
v -117.46000 40.07870 769.72979736
v -117.43900 23.68500 741.56127930
v -117.43060 27.32560 826.51818848
v -117.41690 26.29750 839.07250977
v -117.41220 25.26650 737.37231445
v -117.40840 30.75160 743.37188721
v -117.40490 53.64710 814.77532959
v -117.39080 63.77150 841.82568359
v -117.38770 23.54390 780.82910156
v -117.37620 27.43630 835.11529541
v -117.32160 23.17040 869.34729004
v -117.32100 37.93710 763.53601074
v -117.31520 21.18660 867.58422852
v -117.31490 22.10090 850.62347412
v -117.31400 26.60560 829.87561035
v -117.31400 43.04400 873.03027344
v -117.30610 55.33570 819.79461670
v -117.27350 37.78430 872.13818359
v -117.26300 22.42900 766.34521484
v -117.23640 28.07380 736.12841797
v -117.23000 56.73340 824.19897461
v -117.20640 40.99600 769.51550293
v -117.14640 23.36390 736.49652100
v -117.14180 24.97280 731.65740967
v -117.13840 64.66721 844.06268311
v -117.13080 61.74490 877.41632080
v -117.11880 58.45640 829.18609619
v -117.11600 24.44690 796.51031494
v -117.11220 51.44120 863.05358887
v -117.10920 51.47510 865.27447510
v -117.10640 25.25080 802.78833008
v -117.10620 33.67560 748.48687744
v -117.10470 49.44320 865.19580078
v -117.10320 66.07491 859.09729004
v -117.07880 26.43600 731.01971436
v -117.07630 29.50470 736.64752197
v -117.06130 49.38440 862.67651367
v -116.91510 21.88610 750.45391846
v -116.61500 66.64291 850.67919922
v -116.47470 25.50510 810.34558105
v -116.46550 26.30780 814.77038574
v -116.43650 22.35350 738.99127197
v -116.40120 22.82490 735.02099609
v -116.36630 22.21010 766.62542725
v -116.36520 45.04980 874.15161133
v -116.34580 24.55260 802.28662109
v -116.33850 50.15650 793.91442871
v -116.33820 47.15180 877.48657227
v -116.32650 19.22980 865.36901855
v -116.32070 36.88190 872.00720215
v -116.28380 41.07450 871.44561768
v -116.27790 37.83440 759.95062256
v -116.27740 59.60820 880.33227539
v -116.27600 66.07100 853.31500244
v -116.27410 21.44030 763.47912598
v -116.27220 49.24980 880.41101074
v -116.27030 50.48850 797.20117188
v -116.26990 52.41570 865.16271973
v -116.26580 51.24140 799.71527100
v -116.26450 23.46600 789.93438721
v -116.26420 26.26770 727.54620361
v -116.26380 48.33640 865.57092285
v -116.26310 50.35480 862.06262207
v -116.25360 23.14610 781.56951904
v -116.21440 21.32620 850.79467773
v -116.20950 22.22630 774.63061523
v -116.20910 38.88160 760.67529297
v -116.20730 49.22230 790.49237061
v -116.20150 51.56310 802.53247070
v -116.19330 42.91150 871.16320801
v -116.19050 34.72100 748.49890137
v -116.18560 25.32430 871.31018066
v -116.18340 27.33950 832.36157227
v -116.18050 66.73890 859.70812988
v -116.17240 53.35350 862.53002930
v -116.14760 21.14410 742.63629150
v -116.13720 29.57820 733.49920654
v -116.13100 54.49160 814.49298096
v -116.11410 53.37830 864.82037354
v -116.09390 25.06640 724.70281982
v -116.07510 46.17190 865.13781738
v -116.07110 46.17220 862.75000000
v -116.06540 66.77960 856.21832275
v -116.06220 23.37160 724.53100586
v -116.05680 28.34260 727.59490967
v -116.01840 21.18130 736.05432129
v -115.96320 48.40770 862.61950684
v -115.56890 18.32690 862.40863037
v -115.52880 32.45770 739.70440674
v -115.45560 31.60870 872.66632080
v -115.39380 21.30400 733.00592041
v -115.37910 65.89021 847.44769287
v -115.36970 22.27110 868.49041748
v -115.36070 47.41820 877.47619629
v -115.35540 44.08830 868.33880615
v -115.33780 46.27280 868.50561523
v -115.33060 21.39090 730.21801758
v -115.32660 21.19330 763.86901855
v -115.32610 53.40860 862.73217773
v -115.32340 46.17880 871.72210693
v -115.32280 24.17270 796.92767334
v -115.31370 26.14940 838.97552490
v -115.28640 27.47240 724.75128174
v -115.26040 65.69860 871.13159180
v -115.26020 22.26810 781.49627686
v -115.23620 48.16710 868.50231934
v -115.23330 45.23480 862.73028564
v -115.23270 20.39830 760.21960449
v -115.23170 41.93100 869.96838379
v -115.22720 43.19420 868.24438477
v -115.22690 56.41890 820.73211670
v -115.22600 53.61160 809.19641113
v -115.22110 21.24480 769.66198730
v -115.21460 29.45910 727.80621338
v -115.19910 32.63710 872.67877197
v -115.18220 66.04620 862.47790527
v -115.18110 21.14830 727.93981934
v -115.17440 25.98910 721.67858887
v -115.15980 55.39590 816.94067383
v -115.15230 26.24130 815.14727783
v -115.07460 53.12380 805.14721680
v -115.07030 44.25200 862.50427246
v -115.06160 23.18300 715.61560059
v -115.05740 20.31760 721.48291016
v -115.04720 23.18820 790.77850342
v -114.98330 23.27950 847.07318115
v -114.94640 32.74030 736.66522217
v -114.82910 19.98340 730.06201172
v -114.51310 49.56730 880.50982666
v -114.51000 61.78180 838.33050537
v -114.46180 47.34480 871.49798584
v -114.39620 59.70160 832.27819824
v -114.35330 63.77400 841.45550537
v -114.34610 22.15610 713.70477295
v -114.31940 48.95310 784.50299072
v -114.30750 27.26470 832.51049805
v -114.29580 64.89680 871.60412598
v -114.27530 39.84190 869.90863037
v -114.26500 54.25840 862.91717529
v -114.26270 25.22340 871.44940186
v -114.23680 19.40360 757.37091064
v -114.23620 19.22950 724.30590820
v -114.19640 65.74730 865.28967285
v -114.19620 57.62460 826.22888184
v -114.19430 66.71450 848.01287842
v -114.19400 53.44980 861.99078369
v -114.19330 27.33350 826.78900146
v -114.19320 18.28410 862.30487061
v -114.18820 45.13290 862.12652588
v -114.18290 28.61480 724.40942383
v -114.18130 53.45170 866.56091309
v -114.14840 50.33320 869.84667969
v -114.13530 43.03770 865.85351562
v -114.13110 26.39370 835.50482178
v -114.12870 21.39320 781.68249512
v -114.12420 63.60250 874.81738281
v -114.11650 25.26680 713.26318359
v -114.10080 48.46090 876.98492432
v -114.07580 20.26140 712.49267578
v -114.05440 54.35649 810.93261719
v -114.04280 22.42920 790.64508057
v -114.03330 48.31260 781.73052979
v -114.02410 20.06880 766.24707031
v -114.02120 19.10570 718.47100830
v -114.02120 21.20660 709.97497559
v -113.98410 23.91710 709.74560547
v -113.95530 28.57810 721.78778076
v -113.94180 26.54490 823.99517822
v -113.92810 54.36470 865.20562744
v -113.91870 18.19170 724.50811768
v -113.86510 27.44970 872.30932617
v -113.46730 19.04020 727.50482178
v -113.43830 49.24500 871.97161865
v -113.40690 49.34080 787.28839111
v -113.37090 19.92120 865.00030518
v -113.34800 27.23860 829.30261230
v -113.30640 19.51640 711.70532227
v -113.29150 55.58320 817.64520264
v -113.26420 29.49230 724.35308838
v -113.26160 60.83600 878.92419434
v -113.24900 50.43810 793.18951416
v -113.23490 47.05650 775.66967773
v -113.23110 18.31550 859.72607422
v -113.22630 21.11080 866.99987793
v -113.21470 18.33330 753.31427002
v -113.21220 23.07790 847.26867676
v -113.20550 56.52870 820.70880127
v -113.20070 19.02430 856.66662598
v -113.19290 18.11520 718.66387939
v -113.18980 21.05360 778.93328857
v -113.15390 19.04520 862.38690186
v -113.15310 50.34270 871.47583008
v -113.14430 51.30050 796.13861084
v -113.14190 23.43530 802.26507568
v -113.14180 62.89060 876.46691895
v -113.09820 21.13380 850.66040039
v -113.09430 53.44930 867.10498047
v -113.08910 65.09510 862.49871826
v -113.08780 20.09850 772.33551025
v -113.07400 18.08180 746.20062256
v -113.06800 24.15970 805.02648926
v -113.06720 26.31450 835.06921387
v -113.06600 24.24710 841.48437500
v -113.06440 44.16550 862.82128906
v -113.06240 52.35649 802.18817139
v -113.04210 40.97730 868.53302002
v -113.02830 17.90110 727.83520508
v -113.02760 25.46740 814.69787598
v -113.01800 23.26820 870.10150146
v -113.01690 37.83630 871.35052490
v -113.00120 62.76450 838.55639648
v -112.97600 25.34200 706.67199707
v -112.96970 30.76700 724.87591553
v -112.95240 50.18130 789.93017578
v -112.94270 21.00180 704.08300781
v -112.94240 27.42840 712.48632812
v -112.94150 22.92370 703.54437256
v -112.75360 64.75710 869.00622559
v -112.75090 16.83860 721.48028564
v -112.41820 17.39280 740.73480225
v -112.27800 64.84530 844.53100586
v -112.27780 22.40430 795.69177246
v -112.27430 35.79990 871.95117188
v -112.27110 18.64470 708.12139893
v -112.26890 64.72380 873.93621826
v -112.24230 26.46690 828.56329346
v -112.22150 23.17040 799.32507324
v -112.20520 54.28110 805.66290283
v -112.20510 26.29400 833.08007812
v -112.20100 44.09510 863.83929443
v -112.19080 55.70040 820.10577393
v -112.14120 35.77760 739.48077393
v -112.11500 19.00890 859.50061035
v -112.11200 22.27350 847.69512939
v -112.11100 19.25370 853.99340820
v -112.11090 23.26910 844.51098633
v -112.11040 18.47250 856.52142334
v -112.11040 47.20860 861.31268311
v -112.10770 51.37110 860.28002930
v -112.10730 66.83030 853.61529541
v -112.10710 60.73200 832.76080322
v -112.10670 53.45600 861.55407715
v -112.10600 58.59210 826.76171875
v -112.10520 59.64630 829.78070068
v -112.10350 25.20190 811.73822021
v -112.09030 49.15700 781.87707520
v -112.08850 55.68950 815.23577881
v -112.05730 62.81500 877.31658936
v -112.05260 45.06850 862.59790039
v -112.05120 29.61640 718.34497070
v -112.04920 48.10500 777.94232178
v -112.04450 66.70710 850.50531006
v -112.04330 44.27620 764.27209473
v -112.03340 18.22920 760.50817871
v -112.03090 23.96940 700.31481934
v -112.00820 62.91950 839.09399414
v -111.99980 56.37329 817.52642822
v -111.97710 50.32880 860.08349609
v -111.97480 25.35110 872.14831543
v -111.96920 17.01810 730.31610107
v -111.95240 26.29540 703.65240479
v -111.94980 31.67240 724.58630371
v -111.93830 17.02320 712.99560547
v -111.91230 24.50570 838.37731934
v -111.90690 16.90330 736.84570312
v -111.90670 52.20180 796.88409424
v -111.90240 19.00890 766.80603027
v -111.90100 59.77460 880.38470459
v -111.90040 19.10940 700.52038574
v -111.90040 22.93840 697.52160645
v -111.86730 29.50530 715.27886963
v -111.86350 24.41620 808.92797852
v -111.80490 19.28690 773.11737061
v -111.52740 51.00050 877.45269775
v -111.37150 54.62670 865.38128662
v -111.35880 64.71740 863.13342285
v -111.33050 52.22410 880.45379639
v -111.31680 54.43440 810.97961426
v -111.26400 21.33700 789.64678955
v -111.25460 27.43650 706.58367920
v -111.22210 22.07380 850.14129639
v -111.21030 50.17030 785.40441895
v -111.20800 56.56480 820.40112305
v -111.19450 21.51560 695.11218262
v -111.18510 54.30440 805.99377441
v -111.16260 44.18700 763.52288818
v -111.14260 26.32990 824.43908691
v -111.14200 16.79030 727.88427734
v -111.12910 15.22230 723.86071777
v -111.12310 49.23320 860.20581055
v -111.11470 17.07770 706.51110840
v -111.07410 22.10780 793.29302979
v -111.07270 66.65331 853.20257568
v -111.07210 19.17840 856.59631348
v -111.07170 23.46350 841.51831055
v -111.06930 43.04760 865.35931396
v -111.06870 62.95010 841.22338867
v -111.06840 52.41550 860.32647705
v -111.06820 64.69770 844.59771729
v -111.06410 17.21970 753.92858887
v -111.06260 20.31270 784.26580811
v -111.06190 17.02700 748.18902588
v -111.05750 64.03450 871.76940918
v -111.05310 65.02110 856.81738281
v -111.01720 47.07290 772.01452637
v -111.00920 23.90860 694.68621826
v -111.00890 21.24350 869.50457764
v -111.00770 60.56660 832.60620117
v -111.00410 18.35750 697.35906982
v -110.99810 39.97720 748.87109375
v -110.99330 55.30550 862.88922119
v -110.98880 21.03710 787.02722168
v -110.98840 30.75360 718.67327881
v -110.93660 15.92520 713.08819580
v -110.89860 20.00820 692.43139648
v -110.89690 17.09450 700.97180176
v -110.88510 64.71030 859.51818848
v -110.86650 23.40500 805.11602783
v -110.86260 22.86610 691.74749756
v -110.86040 17.96600 760.79541016
v -110.79910 18.24340 766.87390137
v -110.72230 28.63700 706.65527344
v -110.35350 26.85910 697.49908447
v -110.35170 48.30310 778.28021240
v -110.30800 30.25810 712.66717529
v -110.21840 50.46620 789.79821777
v -110.19710 15.01400 718.81799316
v -110.17740 19.27610 778.05950928
v -110.16370 64.42860 874.55328369
v -110.15260 20.53170 689.52941895
v -110.15220 26.19590 829.49121094
v -110.15080 52.58050 803.09197998
v -110.14360 20.04900 781.34130859
v -110.13820 15.92930 727.95440674
v -110.12410 40.01430 748.50500488
v -110.11990 59.61360 880.57769775
v -110.10230 55.40750 868.19879150
v -110.09320 48.10740 775.28747559
v -110.09000 55.36190 814.88623047
v -110.08900 40.95550 868.16711426
v -110.08780 48.19150 860.56970215
v -110.08290 20.10400 868.35137939
v -110.07400 49.11970 780.85821533
v -110.06610 15.92070 734.19268799
v -110.03520 52.48690 879.44580078
v -110.03410 54.38810 812.39508057
v -110.03090 58.82040 830.07379150
v -110.02880 60.59690 880.30810547
v -110.02820 22.39240 799.26788330
v -110.02570 19.19590 865.68438721
v -110.02380 16.18350 748.11071777
v -110.02220 16.04420 742.33770752
v -110.02100 25.35230 872.97631836
v -110.02050 32.70290 724.25518799
v -110.02040 51.23750 792.95550537
v -110.01500 20.14990 855.00701904
v -109.97130 42.05920 865.73260498
v -109.96790 23.75760 688.82720947
v -109.96540 56.50370 820.68450928
v -109.95540 58.32850 826.26782227
v -109.94530 59.93420 833.05438232
v -109.94480 35.74460 730.49890137
v -109.94200 50.41420 859.05157471
v -109.93590 25.27450 835.01391602
v -109.93470 14.94700 724.33911133
v -109.93000 25.24940 815.07800293
v -109.92370 53.56270 811.58331299
v -109.91300 24.46660 812.13189697
v -109.89610 38.80770 742.32849121
v -109.89170 55.63390 865.21539307
v -109.85810 47.12920 769.74438477
v -109.85520 20.38910 686.22808838
v -109.84570 15.99430 697.87469482
v -109.81790 16.92440 754.79730225
v -109.81370 62.81300 876.90338135
v -109.76080 17.20220 760.86981201
v -109.59310 64.54660 856.04290771
v -109.29490 63.74900 874.56567383
v -109.25610 52.20360 796.71130371
v -109.20520 45.82250 763.65032959
v -109.16540 30.02400 873.73992920
v -109.14960 14.12420 715.13330078
v -109.13730 62.82930 874.18487549
v -109.12530 27.26450 694.23632812
v -109.12390 53.38740 808.49548340
v -109.12300 38.87900 869.78350830
v -109.10760 59.52770 880.36242676
v -109.09920 54.44350 880.29272461
v -109.07750 38.97430 742.49707031
v -109.06060 54.49790 871.79870605
v -109.05650 55.47610 862.45831299
v -109.05500 15.89210 742.83148193
v -109.05010 25.42110 829.49530029
v -109.05000 23.14800 802.85791016
v -109.04330 45.18250 863.50439453
v -109.04260 15.99780 694.47222900
v -109.00040 42.98550 754.64477539
v -108.99690 53.05390 802.50598145
v -108.99650 52.55140 805.21551514
v -108.99190 64.82861 853.10278320
v -108.99090 34.71810 872.86657715
v -108.98910 27.43170 873.89489746
v -108.98880 33.62240 873.30187988
v -108.98850 64.69210 847.49938965
v -108.98770 54.49800 860.91851807
v -108.98760 21.32330 793.13000488
v -108.98520 19.00490 774.90032959
v -108.98350 47.36610 770.23071289
v -108.98120 30.20480 705.92797852
v -108.97800 15.17050 739.35900879
v -108.97600 14.87480 727.50811768
v -108.95580 52.76080 877.62438965
v -108.95490 22.04810 850.91192627
v -108.93910 53.49400 811.58441162
v -108.92310 23.32820 872.59027100
v -108.92270 55.71790 820.74420166
v -108.92190 23.95930 683.17822266
v -108.91250 36.93360 733.51489258
v -108.90870 14.06810 709.48321533
v -108.90340 42.08390 865.64239502
v -108.89170 30.62870 709.24291992
v -108.87520 22.30690 844.48132324
v -108.85780 51.16170 787.87908936
v -108.85520 19.30100 682.52081299
v -108.83680 17.02700 685.46527100
v -108.82780 58.73590 832.33630371
v -108.82360 16.98250 687.76519775
v -108.82090 18.31640 865.71069336
v -108.78080 27.42050 691.47277832
v -108.77670 22.87020 679.91461182
v -108.72080 16.16140 754.88000488
v -108.70810 18.23930 772.17712402
v -108.61240 19.20420 859.52130127
v -108.54500 20.15940 856.01550293
v -108.39480 61.08110 865.77770996
v -108.34830 61.95370 862.50140381
v -108.19570 57.48060 868.51672363
v -108.15980 52.27580 799.68408203
v -108.12100 52.35330 802.50628662
v -108.12100 60.54790 871.39691162
v -108.09750 55.48670 820.08428955
v -108.09520 16.37600 684.69580078
v -108.07150 20.68020 677.13818359
v -108.05660 13.79910 712.29351807
v -108.03880 15.14470 691.22399902
v -108.03800 13.95520 706.11938477
v -108.02730 36.71950 872.20440674
v -108.02270 36.63050 727.85321045
v -108.01270 64.62280 850.48590088
v -107.99970 27.41840 688.47747803
v -107.99100 18.23860 862.84747314
v -107.95430 51.30630 793.66528320
v -107.95340 24.51470 819.91357422
v -107.95180 54.49890 859.64147949
v -107.95030 23.27280 838.30511475
v -107.94720 40.85910 745.51300049
v -107.94670 33.51080 718.73272705
v -107.94450 52.41550 858.53417969
v -107.94440 42.75810 751.34539795
v -107.94370 47.15480 862.11090088
v -107.94330 21.06540 790.86529541
v -107.94190 63.90660 847.51257324
v -107.94070 40.96750 867.37878418
v -107.94020 14.01750 727.69702148
v -107.93610 33.74250 721.49951172
v -107.93460 44.90020 759.73510742
v -107.93170 20.39500 853.50421143
v -107.90510 57.66990 865.07257080
v -107.88760 14.89280 738.67889404
v -107.88590 34.71290 724.38171387
v -107.88250 23.91160 677.01458740
v -107.88020 25.29280 874.42327881
v -107.86590 24.23420 835.05670166
v -107.86550 13.11350 724.71820068
v -107.86390 20.06000 870.46112061
v -107.85750 24.11930 808.75659180
v -107.83390 17.23390 679.35528564
v -107.82440 59.58280 864.91430664
v -107.80870 49.14600 776.07122803
v -107.80820 48.24960 859.53479004
v -107.79230 17.90550 768.78228760
v -107.78880 56.73680 826.72790527
v -107.78740 51.52480 802.93457031
v -107.77930 52.49410 811.34509277
v -107.73500 27.42560 685.47827148
v -107.72740 15.14460 748.54620361
v -107.70060 13.74960 700.74182129
v -107.69800 17.99590 865.27850342
v -107.54620 23.33980 805.88250732
v -107.49400 54.51330 876.61791992
v -107.31550 51.47670 798.84759521
v -107.20240 49.37510 781.36560059
v -107.17680 60.87609 859.68609619
v -107.16610 55.92650 877.24768066
v -107.12870 59.59010 877.34820557
v -107.12270 59.21360 874.78741455
v -107.12050 56.69430 874.51300049
v -107.07290 22.46250 838.83422852
v -107.05700 12.94290 712.52441406
v -107.04880 51.08590 787.51489258
v -107.00240 41.05510 745.50329590
v -107.00000 22.97040 799.64379883
v -106.98320 25.19460 826.73889160
v -106.97930 38.70920 733.71331787
v -106.97620 16.15050 760.02758789
v -106.96450 46.10440 863.40509033
v -106.96010 19.75430 670.93280029
v -106.95980 36.79370 727.57617188
v -106.95000 16.02890 679.28277588
v -106.90820 25.16020 823.87017822
v -106.90790 58.65610 862.29638672
v -106.90470 55.72570 823.50189209
v -106.90450 20.02640 787.08068848
v -106.90390 21.39110 796.02862549
v -106.90120 22.27680 798.07360840
v -106.90110 47.40120 859.76641846
v -106.90090 28.53970 874.65679932
v -106.90060 54.49030 817.51727295
v -106.89990 20.28560 790.10552979
v -106.89810 49.29300 858.28039551
v -106.84930 37.89630 871.39282227
v -106.84930 44.02100 865.42669678
v -106.83190 24.02130 670.89898682
v -106.82050 40.00030 868.66790771
v -106.81840 32.71280 712.27557373
v -106.80750 22.42970 802.18817139
v -106.80040 34.88140 724.14739990
v -106.75820 16.86540 762.78607178
v -106.72770 52.63890 812.06219482
v -106.72650 22.36890 667.88800049
v -106.72350 14.07390 738.68920898
v -106.70960 17.94990 668.48632812
v -106.70430 43.95160 754.28210449
v -106.69830 26.38780 676.48638916
v -106.69370 59.65170 859.47760010
v -106.62270 44.89960 757.33850098
v -106.62150 46.33070 764.16369629
v -106.40730 15.82540 672.81311035
v -106.34160 22.05610 850.81719971
v -106.10000 49.03390 775.32281494
v -106.04340 27.43950 679.53527832
v -106.03320 17.18500 766.93847656
v -106.03140 12.97950 696.68762207
v -106.01690 13.81770 728.09332275
v -106.01260 24.47400 826.24560547
v -106.00730 18.13720 772.89532471
v -105.95920 56.50160 859.33001709
v -105.95810 24.21020 830.09472656
v -105.95530 49.43130 784.26031494
v -105.95470 37.93650 730.50537109
v -105.94750 18.87380 775.75201416
v -105.94540 51.33100 857.25177002
v -105.94040 40.79070 739.72631836
v -105.94030 33.59880 875.04650879
v -105.93310 21.51420 847.27868652
v -105.92450 16.14150 670.04052734
v -105.92110 36.85820 872.49902344
v -105.92000 48.17610 772.36840820
v -105.90050 12.05880 706.76501465
v -105.87670 17.30210 862.79870605
v -105.86990 21.18910 873.40850830
v -105.86760 59.53610 835.83160400
v -105.86530 54.50100 857.68408203
v -105.86370 46.15560 862.55059814
v -105.86330 19.30600 784.46179199
v -105.86260 22.15330 842.21771240
v -105.86250 18.06860 870.24841309
v -105.86160 22.15180 849.77532959
v -105.86020 61.56970 841.56390381
v -105.85860 54.30310 817.51782227
v -105.83510 15.08290 753.78601074
v -105.80790 39.91190 736.66357422
v -105.80640 20.20390 872.99169922
v -105.80530 21.25110 793.63562012
v -105.80520 23.43910 832.51300049
v -105.80060 49.85350 781.70849609
v -105.80020 13.84620 733.50457764
v -105.79550 54.74890 820.69671631
v -105.78960 17.77730 664.18780518
v -105.78080 18.30620 778.27490234
v -105.78010 51.29300 808.06951904
v -105.77750 13.01710 688.29522705
v -105.76630 59.79590 838.31280518
v -105.76050 26.27440 670.46142578
v -105.75830 23.76980 664.80377197
v -105.75310 22.29320 799.25122070
v -105.72780 23.26980 875.50622559
v -105.72620 42.00330 745.50646973
v -105.70790 50.08570 794.10089111
v -105.66780 43.87090 751.48181152
v -105.65180 22.02860 659.28857422
v -105.62950 50.56400 805.94348145
v -105.61670 19.20350 658.99298096
v -105.61320 20.27820 855.94787598
v -105.60000 49.34180 790.51812744
v -105.52780 32.73450 705.69812012
v -105.41060 28.68880 679.33538818
v -105.13170 16.90410 764.11248779
v -105.03750 60.75620 853.66467285
v -104.96720 26.91240 669.36657715
v -104.95760 18.08120 775.50018311
v -104.95210 34.58000 715.50030518
v -104.92400 31.48060 694.50091553
v -104.87680 24.24830 817.42822266
v -104.84270 61.58600 844.68579102
v -104.83800 48.33440 779.44250488
v -104.83020 47.35380 767.20898438
v -104.82980 56.56510 826.71240234
v -104.82900 53.22360 856.40118408
v -104.82880 17.20210 863.07617188
v -104.82750 22.18960 847.46380615
v -104.82560 22.29120 875.96197510
v -104.82160 42.00490 867.90539551
v -104.82150 32.63940 875.91937256
v -104.82140 37.88760 727.46008301
v -104.82080 11.89880 724.59729004
v -104.82000 26.38390 876.69122314
v -104.81650 17.09320 868.37597656
v -104.81330 53.64939 817.52130127
v -104.81320 33.73800 709.51361084
v -104.80930 28.46990 676.26550293
v -104.79440 13.05670 733.00238037
v -104.78480 36.56320 723.79351807
v -104.76750 19.17180 781.65289307
v -104.76660 38.82540 871.45959473
v -104.75670 22.69750 655.38769531
v -104.75040 18.35460 656.14251709
v -104.74510 34.54760 712.50311279
v -104.74490 12.80680 727.74310303
v -104.74380 11.98230 691.30090332
v -104.70970 54.76700 856.05749512
v -104.69080 49.28720 856.65728760
v -104.69000 21.38940 793.30560303
v -104.68600 23.54190 814.12109375
v -104.68580 47.20370 859.40509033
v -104.68540 25.60170 661.86090088
v -104.65820 22.40540 835.84381104
v -104.64710 24.29700 655.83917236
v -104.62500 49.47540 799.87957764
v -104.61660 11.72300 697.28710938
v -104.56620 58.40010 832.90032959
v -104.42340 14.75720 664.75500488
v -104.19060 60.91610 850.09747314
v -104.18110 22.44410 802.28790283
v -104.17380 23.28540 805.78308105
v -104.11400 39.57840 730.82501221
v -104.09860 30.28520 682.50097656
v -104.06300 50.22280 805.01147461
v -104.03300 14.77600 750.26800537
v -103.97630 20.23110 784.94641113
v -103.97370 15.84740 758.05090332
v -103.96910 44.27680 865.20440674
v -103.95620 46.23820 763.50927734
v -103.91180 48.38850 793.78930664
v -103.90380 21.67430 650.12347412
v -103.89710 32.56890 697.66387939
v -103.89640 45.93170 759.86450195
v -103.88200 24.20830 827.06848145
v -103.87590 19.01040 650.67138672
v -103.87290 56.65030 829.03808594
v -103.85550 47.90310 769.50372314
v -103.84950 60.53500 841.76538086
v -103.83840 15.02420 661.24328613
v -103.83830 37.89600 872.68457031
v -103.83560 18.02800 775.32928467
v -103.82010 34.85650 715.06530762
v -103.78470 11.98850 682.71350098
v -103.78440 51.49020 855.05932617
v -103.78290 30.73940 685.51269531
v -103.78070 16.19230 766.11621094
v -103.77490 47.20880 858.41772461
v -103.77400 16.19790 868.04498291
v -103.73450 10.98830 722.56457520
v -103.72970 22.23090 850.04858398
v -103.72940 22.38680 797.01190186
v -103.72850 47.43280 790.34210205
v -103.72670 19.00290 778.41510010
v -103.72600 41.94730 868.49511719
v -103.71990 25.16670 652.82519531
v -103.71780 27.53940 664.33880615
v -103.71700 45.12450 862.95172119
v -103.71560 53.21800 814.54809570
v -103.70940 20.15480 876.17517090
v -103.69590 16.23140 865.26422119
v -103.69160 30.63140 877.48590088
v -103.68730 16.04890 654.90197754
v -103.66290 14.01250 748.08111572
v -103.64400 26.57060 658.45678711
v -103.63620 55.48340 853.20709229
v -103.62430 51.44590 811.33471680
v -103.61900 44.41990 754.83312988
v -103.61010 13.74520 741.78851318
v -103.60550 43.99460 751.39532471
v -103.60290 41.29750 739.82397461
v -103.60230 23.14070 647.49267578
v -103.58600 47.11900 787.76007080
v -103.58160 17.29940 772.30279541
v -103.58040 13.06040 738.91418457
v -103.55730 42.86460 745.11242676
v -103.48560 23.06880 847.19561768
v -103.42630 21.46030 877.85021973
v -103.12190 30.26270 676.49078369
v -103.07930 23.50700 809.14178467
v -103.02830 12.00890 679.18048096
v -103.01120 58.78350 850.48919678
v -102.93470 29.17680 667.29718018
v -102.93040 32.49910 691.68450928
v -102.91330 49.37280 804.80480957
v -102.90870 33.50210 700.33349609
v -102.89680 40.79850 733.95471191
v -102.89170 17.02180 647.21398926
v -102.88860 58.65620 838.13928223
v -102.86860 19.53120 644.12359619
v -102.86850 26.77410 653.86889648
v -102.86620 55.52590 823.69708252
v -102.85510 59.58010 847.32647705
v -102.85390 46.36430 771.77429199
v -102.84550 10.93980 693.24719238
v -102.82450 42.73790 742.20458984
v -102.82230 21.03580 784.72711182
v -102.81860 45.84070 757.50897217
v -102.81730 18.31330 775.61828613
v -102.81650 19.91570 778.83898926
v -102.81590 35.68210 875.21142578
v -102.81230 57.67770 850.47668457
v -102.80610 19.17300 877.19171143
v -102.80590 23.07500 839.27197266
v -102.79760 24.38780 818.49627686
v -102.79630 41.01730 869.92248535
v -102.79630 50.27370 854.81402588
v -102.78610 18.02470 874.50451660
v -102.78460 28.41680 661.66638184
v -102.76850 10.95130 724.47241211
v -102.75130 46.16320 766.50952148
v -102.74630 53.58800 853.14178467
v -102.74130 22.40550 835.69110107
v -102.73990 37.83650 724.64721680
v -102.73910 17.09060 871.61962891
v -102.73800 36.79700 721.50939941
v -102.73650 23.07550 796.14892578
v -102.72620 53.35460 816.95391846
v -102.71350 10.73090 708.12847900
v -102.68340 20.21150 781.66107178
v -102.67590 24.31170 811.51470947
v -102.67270 17.86630 860.08959961
v -102.67200 11.91460 673.97222900
v -102.66970 46.72200 763.73980713
v -102.66370 55.46100 850.75268555
v -102.66250 45.04480 754.78021240
v -102.66100 35.91190 718.28918457
v -102.63390 44.89170 865.31701660
v -102.62150 24.12370 805.51440430
v -102.61160 29.68900 669.72778320
v -102.59810 17.86560 641.45520020
v -102.59040 20.06860 856.27679443
v -102.56840 20.00540 637.94787598
v -102.56560 46.07550 781.45269775
v -102.50610 23.10540 640.49780273
v -102.49610 16.43750 766.63238525
v -102.47960 23.32520 829.38287354
v -102.46750 27.55090 652.65631104
v -102.43610 15.29760 759.74511719
v -102.42410 35.62430 712.25128174
v -102.41280 12.66850 667.31610107
v -102.39770 11.78550 727.56359863
v -102.38840 14.80080 649.76287842
v -101.99010 32.38460 685.92559814
v -101.91020 12.69020 732.42578125
v -101.87020 14.85190 754.48522949
v -101.82470 20.27500 635.11022949
v -101.80220 40.01800 730.52697754
v -101.79750 12.76760 664.51232910
v -101.79680 32.77030 691.22808838
v -101.78830 10.87570 682.76440430
v -101.78460 24.22500 640.33032227
v -101.77280 22.34770 844.83648682
v -101.77120 44.86260 754.52508545
v -101.76960 15.03710 646.25109863
v -101.76010 31.35960 673.82269287
v -101.75810 10.65020 697.13500977
v -101.75490 35.81520 875.48132324
v -101.75460 49.23260 855.05322266
v -101.74900 23.04350 838.43139648
v -101.74860 16.16750 863.12719727
v -101.74370 33.81280 700.07452393
v -101.71090 58.39770 838.69708252
v -101.70960 21.12360 853.31671143
v -101.70570 24.31640 823.78741455
v -101.70320 22.32930 790.64160156
v -101.70150 19.01120 772.78167725
v -101.69960 37.84190 873.89111328
v -101.69860 11.95620 730.46331787
v -101.69650 45.17960 776.13842773
v -101.69630 51.37060 852.12438965
v -101.69500 30.38200 664.97979736
v -101.69430 18.20580 880.27941895
v -101.69140 56.57000 829.51177979
v -101.68700 17.02950 877.50219727
v -101.68400 9.94450 700.69927979
v -101.62980 57.34910 832.31408691
v -101.62880 16.25870 763.49920654
v -101.62630 16.89850 638.44122314
v -101.61840 52.33410 850.75921631
v -101.61700 22.46430 841.28338623
v -101.61060 29.58060 880.44152832
v -101.61060 55.77300 826.98077393
v -101.60950 26.14010 640.49090576
v -101.60260 57.71520 836.11572266
v -101.56400 22.24690 835.40960693
v -101.55800 26.69650 880.87451172
v -101.54270 44.24110 757.98022461
v -101.53300 17.82960 635.41711426
v -101.49240 10.64820 686.64648438
v -101.49130 22.94620 631.55511475
v -101.45310 16.06180 880.26397705
v -101.40910 16.05390 868.16900635
v -101.01690 57.74700 844.09747314
v -100.91320 29.11760 652.31201172
v -100.88720 45.29310 785.13842773
v -100.85140 30.41150 661.33068848
v -100.83930 43.94880 751.71240234
v -100.82560 55.45890 847.60260010
v -100.82160 32.46120 679.80712891
v -100.81400 33.59050 691.95062256
v -100.81219 17.83150 632.87341309
v -100.80600 43.12590 745.36248779
v -100.78540 20.67070 629.10821533
v -100.77840 26.94840 639.37817383
v -100.77640 44.13420 761.45288086
v -100.76920 15.94730 882.92272949
v -100.76460 16.81580 760.50720215
v -100.74730 37.93360 724.27197266
v -100.74430 10.86990 673.89697266
v -100.74229 35.84500 712.79687500
v -100.74139 34.63090 700.73162842
v -100.74130 14.16080 751.72821045
v -100.73960 10.67430 721.22601318
v -100.73800 23.45030 826.84600830
v -100.71630 16.04470 874.69567871
v -100.71040 39.91980 727.58197021
v -100.66170 13.03570 742.26849365
v -100.66020 50.25070 808.50378418
v -100.65850 35.76060 876.26660156
v -100.65840 48.23820 802.66772461
v -100.65810 40.96500 870.63012695
v -100.65760 21.59830 835.36840820
v -100.65649 37.83740 874.52600098
v -100.65560 32.63600 878.69799805
v -100.65510 41.75720 733.49200439
v -100.65400 56.65060 832.05242920
v -100.65200 38.82860 725.35961914
v -100.64880 13.79290 745.20971680
v -100.64230 28.47650 646.50598145
v -100.61540 57.53490 841.09429932
v -100.60100 47.20700 799.49139404
v -100.59731 23.57950 628.24621582
v -100.58740 10.94890 667.74987793
v -100.58470 45.24400 790.30688477
v -100.57809 27.38190 883.32373047
v -100.57780 53.37320 847.76361084
v -100.55830 25.35200 823.22467041
v -100.55510 21.93280 850.34008789
v -100.54320 21.46630 847.65600586
v -100.54041 44.07690 769.37969971
v -100.53870 23.13650 883.98211670
v -100.52600 25.44940 808.63140869
v -100.52570 17.15750 763.30090332
v -100.50670 18.95670 769.28472900
v -100.49000 16.87050 628.97192383
v -100.48300 20.20150 853.63421631
v -100.47791 15.71090 634.45959473
v -100.47630 19.72980 625.67761230
v -100.47150 16.27450 886.11297607
v -100.46420 22.49990 790.30120850
v -100.45920 21.45930 784.31127930
v -100.45580 13.85070 641.02941895
v -100.45520 25.21200 628.52777100
v -100.44970 9.89170 716.69128418
v -100.41260 10.62000 676.95989990
v -99.90649 44.94720 865.15252686
v -99.87360 42.05390 736.27758789
v -99.81540 22.09300 844.23101807
v -99.81460 10.92100 664.51739502
v -99.78239 23.45460 829.52197266
v -99.77840 24.46130 625.83551025
v -99.77370 15.33530 630.71508789
v -99.77010 16.94130 626.43701172
v -99.76830 22.78500 623.21850586
v -99.76330 32.48030 673.35217285
v -99.75760 22.24750 835.59002686
v -99.74780 42.00110 870.39300537
v -99.73800 26.59080 631.71112061
v -99.73210 12.93230 739.18188477
v -99.73210 43.12920 748.76727295
v -99.72650 32.73430 679.17517090
v -99.69730 20.07360 772.93548584
v -99.69380 40.79980 727.84979248
v -99.68570 15.78840 872.06781006
v -99.68440 17.16090 859.56610107
v -99.68200 13.10120 880.50598145
v -99.67830 31.41720 659.31207275
v -99.67440 9.87580 682.14001465
v -99.67190 13.89970 637.52258301
v -99.66930 14.88430 886.23352051
v -99.66850 21.56440 889.10900879
v -99.66800 22.28530 838.85540771
v -99.66250 24.42060 826.59820557
v -99.65510 23.67070 794.14532471
v -99.65240 21.09850 850.28277588
v -99.61740 11.97110 732.94348145
v -99.61720 49.29100 852.06842041
v -99.61590 33.47300 682.66790771
v -99.61580 10.99800 658.20208740
v -99.61540 47.21150 856.24761963
v -99.61380 30.55530 883.13647461
v -99.61240 19.24180 769.67480469
v -99.61050 34.71800 877.74719238
v -99.61030 28.46800 883.88348389
v -99.57310 43.02890 742.37982178
v -99.55960 46.16830 859.30010986
v -99.55410 26.26950 886.57470703
v -99.55110 43.60640 745.72332764
v -99.54980 17.45960 889.30517578
v -99.54690 25.50730 802.95037842
v -99.54620 22.50550 787.50128174
v -99.53889 10.78390 724.60119629
v -99.53790 32.46870 667.94982910
v -99.53149 27.26330 628.72717285
v -99.51360 26.18330 625.50738525
v -99.50610 16.04130 754.17077637
v -99.50090 47.25810 802.71160889
v -99.49990 13.26790 742.63769531
v -99.49310 15.85430 751.32843018
v -99.47940 18.32690 622.27111816
v -99.47890 24.42830 796.63629150
v -99.46950 44.96570 793.26092529
v -99.45210 16.87180 623.19268799
v -99.45170 28.46800 634.49127197
v -99.44870 43.82010 776.46228027
v -99.42910 53.51320 817.93328857
v -99.40919 24.05860 620.08068848
v -99.39760 29.52540 640.49389648
v -99.37560 12.74680 877.83489990
v -99.36480 11.89530 880.49060059
v -98.91560 31.35900 655.68652344
v -98.86830 57.34970 835.56958008
v -98.84579 10.92220 656.07757568
v -98.76960 32.43310 880.73797607
v -98.74540 43.11730 772.71697998
v -98.73019 16.87800 620.65112305
v -98.73010 27.34650 886.84307861
v -98.72549 29.27350 634.49328613
v -98.71380 28.12150 627.93029785
v -98.70560 56.43770 829.30767822
v -98.70399 19.84930 617.09069824
v -98.70120 22.95620 784.12622070
v -98.68820 9.91480 672.35278320
v -98.66020 35.84510 706.80151367
v -98.65359 15.90690 748.94409180
v -98.64760 45.11870 862.28759766
v -98.64420 27.20080 820.12817383
v -98.64390 9.98810 724.14367676
v -98.64020 51.36870 847.65332031
v -98.63370 26.38930 889.48132324
v -98.63260 25.36130 619.03491211
v -98.63250 33.83640 688.34661865
v -98.63060 40.95470 727.57409668
v -98.62350 29.45610 886.45629883
v -98.61920 32.77110 672.52752686
v -98.59959 56.69480 838.35241699
v -98.58570 42.20230 743.07019043
v -98.57940 42.00220 871.26257324
v -98.57740 37.84050 876.67272949
v -98.57730 52.60890 817.23669434
v -98.57560 25.47600 826.50567627
v -98.57520 55.52660 841.54339600
v -98.57290 49.37810 808.83587646
v -98.57240 33.68000 880.42608643
v -98.57170 10.94150 649.75128174
v -98.57070 43.16880 868.51312256
v -98.56940 47.20290 853.99377441
v -98.56860 14.93490 889.34912109
v -98.52960 52.11480 814.28100586
v -98.51860 21.47170 778.48291016
v -98.51350 15.14160 868.51068115
v -98.51220 38.76940 721.66717529
v -98.49810 25.33770 892.18151855
v -98.49280 39.03820 724.13391113
v -98.49070 47.12870 803.64367676
v -98.48600 21.43640 841.75549316
v -98.47960 9.64530 703.09680176
v -98.47800 10.78140 878.18927002
v -98.47650 36.64900 709.36651611
v -98.46240 10.83340 883.21051025
v -98.45910 31.63930 652.67559814
v -98.43390 27.26720 619.40362549
v -98.42400 45.46880 516.72637939
v -98.41700 50.48470 811.61889648
v -98.41440 44.13460 865.28839111
v -98.40919 20.20450 610.60009766
v -98.40780 18.57450 612.10729980
v -98.40100 46.01390 512.18719482
v -98.37650 22.38280 839.08142090
v -98.37040 9.63720 682.53179932
v -98.37020 24.51820 611.00579834
v -98.36971 20.69230 892.64447021
v -98.36810 11.81950 886.43530273
v -98.35250 12.33230 733.63867188
v -98.33470 52.89970 511.35791016
v -98.33140 11.66490 643.48992920
v -98.32950 29.59350 889.19921875
v -98.32500 54.38450 514.27490234
v -98.32450 12.80880 631.79052734
v -98.28780 13.80500 625.34338379
v -98.25940 13.89990 508.59478760
v -98.24420 23.66710 787.49169922
v -98.22880 16.74800 508.11410522
v -98.16260 9.79570 879.87677002
v -97.89180 19.94870 853.87670898
v -97.81490 31.36510 646.67907715
v -97.77550 42.79260 734.19567871
v -97.76580 32.45480 658.33581543
v -97.75999 11.76620 727.44427490
v -97.73820 42.78470 737.37530518
v -97.73210 15.78640 865.90728760
v -97.69880 42.07830 780.99121094
v -97.68980 19.16880 608.92999268
v -97.68310 46.15440 509.44259644
v -97.66460 52.41339 844.65130615
v -97.65880 44.48120 513.59210205
v -97.65460 28.34050 619.49780273
v -97.64990 20.37820 848.30529785
v -97.64670 43.14300 793.50048828
v -97.64270 13.83550 511.11648560
v -97.62160 41.12520 766.30078125
v -97.61790 10.83030 646.61047363
v -97.61580 28.33810 808.51879883
v -97.61540 25.16170 610.06530762
v -97.60900 52.15730 520.02752686
v -97.60440 13.99430 622.22937012
v -97.59380 55.52930 823.40069580
v -97.59010 38.93700 876.04931641
v -97.58910 11.82710 637.17828369
v -97.58740 9.85880 660.70660400
v -97.58500 10.77620 875.20379639
v -97.58500 31.54040 886.43737793
v -97.58470 34.61480 688.90698242
v -97.58010 32.76880 663.80981445
v -97.57390 26.56110 892.39459229
v -97.57060 18.97910 856.25640869
v -97.54300 18.13960 757.94873047
v -97.53860 38.71530 718.75872803
v -97.53750 37.99470 716.21142578
v -97.53360 36.79890 878.89270020
v -97.53329 41.81520 727.85552979
v -97.53190 36.95330 710.19989014
v -97.53160 37.67660 712.73571777
v -97.53050 48.24170 850.66149902
v -97.53000 18.29840 760.49798584
v -97.52720 12.85130 889.35070801
v -97.52640 29.51430 625.36248779
v -97.52530 17.15300 858.22857666
v -97.52500 29.51760 891.35589600
v -97.52230 16.06890 892.25872803
v -97.52160 18.09200 510.49359131
v -97.51920 13.90860 506.73889160
v -97.51620 42.97750 870.55102539
v -97.51330 28.41050 892.15728760
v -97.51210 15.00800 505.86871338
v -97.49440 27.48730 802.68920898
v -97.49080 16.18010 748.50469971
v -97.49000 21.24520 844.71850586
v -97.47600 33.50570 668.29272461
v -97.47470 44.08340 799.50292969
v -97.47270 10.03950 724.31091309
v -97.47231 50.27820 811.47149658
v -97.46000 28.54500 823.05340576
v -97.45880 8.90080 703.50421143
v -97.45779 8.87140 697.94262695
v -97.44540 28.30550 613.71600342
v -97.43810 24.36780 508.49389648
v -97.43440 56.47350 826.78967285
v -97.42230 51.02780 521.06988525
v -97.42060 55.78020 512.63787842
v -97.41930 40.96820 748.70288086
v -97.41900 41.94460 787.69750977
v -97.41750 18.24710 505.21749878
v -97.41040 47.17170 520.98901367
v -97.41020 55.54280 519.52972412
v -97.40810 41.36590 509.96191406
v -97.40600 34.50910 512.48040771
v -97.40450 22.69020 511.01419067
v -97.39580 46.02370 856.15008545
v -97.38850 32.32090 509.08349609
v -97.38710 23.41550 505.71438599
v -97.38580 15.98390 610.47113037
v -97.37300 54.65530 820.81158447
v -97.37230 51.45210 844.54278564
v -97.37090 13.74100 871.35791016
v -97.37040 30.46270 520.19848633
v -97.37000 26.96440 514.35711670
v -97.35940 28.57780 523.24829102
v -97.35670 41.64680 745.14697266
v -97.35640 21.34910 513.52398682
v -97.35220 20.85730 604.17742920
v -97.34690 11.99580 511.65451050
v -97.33570 9.60510 671.61572266
v -97.32910 25.54450 605.18768311
v -97.32800 23.14780 601.70642090
v -97.32600 43.88200 868.26971436
v -97.32220 26.43030 517.48559570
v -97.31841 56.56730 832.36688232
v -97.31509 19.00370 502.68319702
v -97.30470 30.57700 628.51470947
v -97.28250 16.16760 859.83270264
v -97.28160 44.22180 521.04638672
v -97.27960 11.99570 514.70947266
v -97.27010 29.71310 815.23559570
v -97.25920 57.41990 517.31408691
v -97.25810 31.59810 889.47991943
v -97.24380 13.85210 619.30389404
v -97.23650 24.01740 502.37429810
v -97.22950 26.39710 523.48840332
v -97.22240 55.54399 508.75939941
v -97.20810 19.02220 520.30621338
v -96.83680 27.21110 826.68237305
v -96.69430 32.49510 649.86962891
v -96.69110 9.74520 715.64178467
v -96.69099 10.91440 640.11859131
v -96.68390 47.12580 523.22448730
v -96.67820 26.40360 520.50268555
v -96.66550 41.91840 736.53967285
v -96.65590 23.03860 841.45550537
v -96.65130 15.33720 609.70861816
v -96.64940 30.32460 620.14093018
v -96.64340 24.41400 505.02429199
v -96.64260 38.23620 506.23989868
v -96.63510 42.20480 796.67852783
v -96.63370 14.56460 736.06182861
v -96.63160 29.16370 612.92987061
v -96.62910 18.77740 757.11138916
v -96.62289 14.07900 868.74902344
v -96.62220 19.36100 602.08520508
v -96.62190 22.35840 599.11621094
v -96.61280 18.20330 518.12988281
v -96.61090 41.81530 730.51690674
v -96.60880 50.13190 525.90502930
v -96.60840 27.33380 796.36260986
v -96.60760 29.45220 823.49621582
v -96.60560 36.72710 508.57528687
v -96.60240 32.20440 506.00100708
v -96.60000 21.01420 601.79650879
v -96.59579 22.33650 775.50567627
v -96.59460 30.04350 523.18621826
v -96.59180 15.88040 863.10357666
v -96.59180 25.44880 602.10711670
v -96.58950 38.92590 721.63452148
v -96.58850 28.31550 526.31939697
v -96.58300 40.00440 779.12097168
v -96.57410 20.15360 850.79028320
v -96.56550 13.98400 616.27130127
v -96.56039 56.43200 835.80871582
v -96.55700 29.51470 805.51019287
v -96.55590 19.83020 762.91467285
v -96.54960 11.80940 889.63757324
v -96.54930 25.48370 523.68792725
v -96.54670 19.93160 520.69940186
v -96.53979 19.05460 894.01812744
v -96.53419 33.83470 673.19982910
v -96.53130 17.29170 751.88146973
v -96.52630 52.55910 523.51812744
v -96.50620 9.94870 646.22491455
v -96.50560 44.02220 802.54150391
v -96.50170 30.48060 814.01708984
v -96.49870 10.98820 631.25921631
v -96.49870 45.12320 803.72692871
v -96.49770 40.71110 748.67578125
v -96.49740 17.10700 749.17407227
v -96.49530 53.45150 841.56939697
v -96.49450 33.47280 658.89331055
v -96.49260 34.64340 683.42578125
v -96.49220 15.07970 504.37008667
v -96.49120 56.40670 823.79791260
v -96.48980 8.84090 678.19982910
v -96.48940 25.28180 894.45538330
v -96.48810 13.89600 892.24621582
v -96.48260 11.00120 514.30987549
v -96.48180 35.75990 880.74908447
v -96.48040 8.90060 670.82952881
v -96.47990 48.31280 526.21417236
v -96.47840 57.31670 829.50000000
v -96.47791 18.07100 502.52600098
v -96.47690 22.28350 499.97009277
v -96.47510 55.74320 523.07580566
v -96.47370 25.28750 517.52008057
v -96.47360 9.35480 697.49328613
v -96.43990 22.36000 773.07702637
v -96.43781 47.25840 808.38372803
v -96.43510 13.76180 730.30590820
v -96.43150 21.43300 895.37622070
v -96.43050 39.78220 757.49371338
v -96.43030 26.39460 832.50646973
v -96.42550 11.94760 508.63821411
v -96.42329 16.05400 604.88897705
v -96.42190 58.56680 517.23718262
v -96.42110 14.41870 518.04748535
v -96.41880 8.77540 700.49841309
v -96.41720 10.08510 721.45532227
v -96.41680 24.37860 514.95312500
v -96.41350 24.23680 525.73132324
v -96.41160 24.30130 499.75830078
v -96.40649 20.04370 517.74902344
v -96.39660 31.67630 892.11572266
v -96.39110 30.52500 805.46929932
v -96.38720 55.53850 507.27218628
v -96.37910 15.05920 739.16668701
v -96.37540 27.43480 793.48150635
v -96.37410 39.01170 780.90472412
v -96.36790 40.76270 790.86541748
v -96.36200 38.93690 760.54760742
v -96.35291 17.74010 599.84729004
v -96.35250 28.27240 604.31628418
v -96.34900 18.06630 526.10571289
v -96.34840 37.39800 523.99761963
v -96.33880 30.05500 526.77319336
v -96.33680 23.86960 520.51037598
v -96.33459 41.47680 727.50860596
v -96.32450 20.32410 595.73480225
v -96.32450 53.40360 817.48291016
v -96.32240 18.29260 856.05450439
v -96.32100 28.23890 500.06948853
v -96.31640 26.61770 529.31719971
v -96.31540 44.09340 859.61291504
v -96.29020 46.10450 526.31140137
v -96.28670 25.14780 595.53692627
v -96.28230 24.17360 895.51232910
v -96.27040 30.47030 823.72430420
v -96.26720 15.77200 522.75128174
v -96.23260 19.31050 760.11682129
v -96.21510 56.77580 508.73919678
v -96.01930 57.68420 523.39190674
v -95.99350 10.67970 889.77868652
v -95.75270 25.28560 784.49719238
v -95.72940 44.72370 525.83941650
v -95.70219 23.32260 775.77722168
v -95.67470 9.85610 643.97619629
v -95.65770 29.51350 826.49859619
v -95.65250 21.19100 517.41979980
v -95.64780 24.28580 517.78167725
v -95.64100 33.61480 886.68420410
v -95.63150 28.30510 793.50189209
v -95.62810 42.73270 804.82897949
v -95.62550 25.18840 781.72161865
v -95.62170 20.22900 763.50622559
v -95.61971 39.76360 790.74200439
v -95.60670 17.81450 596.92431641
v -95.60380 10.86960 511.96701050
v -95.60250 28.32080 531.77539062
v -95.60000 13.74490 728.04461670
v -95.59620 39.92670 795.76757812
v -95.59560 31.60460 805.73468018
v -95.59290 37.91000 780.94287109
v -95.58459 36.96080 526.13061523
v -95.58400 20.81230 593.08642578
v -95.57640 29.47650 529.67358398
v -95.57249 29.38030 604.49420166
v -95.56890 29.72680 502.29800415
v -95.55240 25.32780 593.10070801
v -95.54560 14.39520 606.29180908
v -95.53810 39.04480 724.38281250
v -95.53580 56.40499 835.20770264
v -95.53170 34.79760 529.11230469
v -95.52330 33.39960 643.88391113
v -95.52040 34.71050 883.74218750
v -95.51960 34.84150 687.94592285
v -95.51830 9.58340 655.68212891
v -95.51750 39.91660 742.00451660
v -95.51370 33.79980 666.73699951
v -95.51080 37.83180 769.03161621
v -95.50420 21.13300 499.63610840
v -95.50000 29.37660 499.61059570
v -95.49960 38.95110 751.41009521
v -95.49720 11.76030 871.50701904
v -95.46040 31.65680 817.78912354
v -95.45840 16.05530 739.93859863
v -95.45610 44.01480 859.75769043
v -95.45560 49.49730 844.26440430
v -95.45560 52.34720 814.75842285
v -95.45551 30.55070 826.50671387
v -95.45530 46.36210 850.28002930
v -95.45490 55.44890 820.69610596
v -95.45461 41.93380 874.29797363
v -95.45430 55.52970 837.36822510
v -95.45320 13.77140 868.38861084
v -95.45120 17.15810 501.79629517
v -95.45110 26.60350 532.26818848
v -95.45030 32.67220 636.80017090
v -95.44960 31.59680 893.52801514
v -95.44640 12.93800 613.51562500
v -95.44140 30.55830 610.35168457
v -95.43430 31.53420 617.06878662
v -95.40720 37.84260 760.17230225
v -95.40040 39.85810 877.56317139
v -95.39090 22.28850 498.77200317
v -95.39010 54.44370 505.34439087
v -95.38820 16.96420 895.37860107
v -95.38409 22.14930 529.84967041
v -95.38190 33.73210 889.56896973
v -95.37570 35.67760 794.18572998
v -95.37160 48.07730 847.54858398
v -95.36580 13.01990 520.96917725
v -95.36060 54.57780 526.32421875
v -95.36030 36.89990 793.65270996
v -95.35699 28.55010 895.34149170
v -95.34650 41.29780 502.44158936
v -95.34390 38.49060 799.02069092
v -95.34270 39.70320 721.47088623
v -95.34019 15.25640 597.89691162
v -95.33459 18.18420 751.16070557
v -95.32970 31.92010 796.02001953
v -95.32890 36.86000 772.54199219
v -95.32270 33.88050 799.91998291
v -95.31430 40.06500 527.06909180
v -95.31150 29.38300 598.49108887
v -95.30080 21.03610 850.24981689
v -95.29770 34.62690 673.71142578
v -95.29610 32.89000 808.95520020
v -95.28500 18.65200 588.08898926
v -95.28239 25.02980 583.98651123
v -95.27380 51.56650 502.50860596
v -95.26230 37.88980 805.28192139
v -95.24370 21.09740 583.51818848
v -95.24050 14.94140 526.40057373
v -95.22540 50.33650 842.84020996
v -95.22300 24.31300 775.05902100
v -95.22079 31.51140 826.73059082
v -95.21730 45.05720 529.45782471
v -95.20650 34.78960 888.92852783
v -95.05560 8.85150 658.65527344
v -94.79310 43.93750 867.94982910
v -94.67070 25.53650 779.24188232
v -94.65900 21.24230 763.76837158
v -94.64440 16.26230 859.21002197
v -94.64200 28.35740 832.68157959
v -94.63360 35.63930 689.62359619
v -94.62430 35.83110 796.72332764
v -94.62070 37.73230 799.78131104
v -94.62040 35.74770 790.71380615
v -94.61660 35.88650 782.97747803
v -94.60851 9.81000 635.23962402
v -94.60440 31.32410 605.05560303
v -94.60370 21.77020 532.10638428
v -94.59330 31.59410 499.49850464
v -94.58790 36.73070 769.07342529
v -94.58440 32.72710 817.25067139
v -94.58260 29.54520 790.11981201
v -94.58000 37.76800 751.52392578
v -94.57770 19.18640 754.49072266
v -94.57630 38.04090 808.06231689
v -94.57330 38.09670 531.84057617
v -94.57310 39.01970 734.14501953
v -94.57010 40.68340 529.05072021
v -94.56590 18.78330 585.12408447
v -94.56370 29.26790 592.49359131
v -94.55490 39.84570 727.59399414
v -94.54680 38.87550 880.36480713
v -94.54160 21.45960 581.07531738
v -94.54010 9.04340 707.03558350
v -94.53960 34.95040 805.17700195
v -94.52890 33.55490 640.51269531
v -94.52240 24.85090 580.98522949
v -94.51980 48.42060 529.64959717
v -94.50520 13.06250 604.21649170
v -94.50430 35.75670 773.10571289
v -94.49460 14.94070 730.94329834
v -94.49250 25.19800 841.44958496
v -94.48530 35.91110 884.12707520
v -94.47729 38.98850 724.73272705
v -94.47540 57.54860 507.41891479
v -94.47500 12.74860 724.40808105
v -94.47280 20.28000 896.50177002
v -94.47100 36.80370 883.48992920
v -94.47060 37.94360 712.02581787
v -94.46970 13.79560 727.33557129
v -94.46720 37.83600 746.05767822
v -94.46581 9.99870 625.53308105
v -94.46510 45.02380 808.43792725
v -94.46230 57.68140 526.08917236
v -94.46040 50.43110 813.32781982
v -94.45520 12.80710 523.44299316
v -94.44420 36.66930 697.96429443
v -94.41550 15.00750 863.98742676
v -94.41510 38.82300 715.53851318
v -94.41100 51.43520 841.30871582
v -94.41060 13.94670 865.80859375
v -94.41050 47.22130 530.92572021
v -94.40960 11.87350 721.33551025
v -94.40919 32.58750 826.35687256
v -94.40840 21.29570 848.85479736
v -94.40700 8.84930 700.87750244
v -94.40610 36.38750 817.31719971
v -94.40570 8.69360 872.63201904
v -94.40390 59.29610 523.71582031
v -94.40269 53.45560 529.11669922
v -94.40150 34.72600 890.95037842
v -94.40110 23.28630 535.48809814
v -94.39211 13.83580 598.85150146
v -94.36090 18.90930 853.98822021
v -94.35650 12.91530 894.04742432
v -94.34940 14.88510 895.38720703
v -94.34230 39.91570 878.05267334
v -94.33910 36.63790 757.27301025
v -94.33820 56.64880 824.42968750
v -94.33560 32.38930 784.06896973
v -94.33279 28.47650 583.89300537
v -94.33140 42.06530 874.55578613
v -94.33130 45.12510 532.25909424
v -94.33051 34.80340 818.20587158
v -94.32320 30.63460 895.35290527
v -94.31281 29.71890 784.25622559
v -94.30920 11.73180 718.48779297
v -94.30690 43.14520 859.18121338
v -94.30610 33.05040 822.85107422
v -94.29650 45.01710 851.07177734
v -94.29330 27.39300 780.99340820
v -94.28160 35.55290 768.40197754
v -94.27390 48.31380 811.59509277
v -94.27230 25.41540 896.68530273
v -94.27080 31.63720 536.05517578
v -94.26700 21.85130 573.35961914
v -94.26600 17.66970 581.83300781
v -94.25680 22.30730 847.28198242
v -94.25529 25.27100 496.56961060
v -94.25330 40.07930 811.28558350
v -94.25140 15.89130 588.90252686
v -94.25020 40.96700 809.10607910
v -94.24920 10.01100 511.99481201
v -94.24820 33.60800 826.04760742
v -94.24300 30.48440 592.50030518
v -94.23960 38.88820 499.49938965
v -94.23920 43.12040 864.76910400
v -94.23840 35.17520 533.13891602
v -94.23730 54.60649 502.79449463
v -94.23510 29.58790 496.64471436
v -94.23430 31.48890 496.78298950
v -94.22330 36.79830 748.20928955
v -94.21930 28.47120 835.52630615
v -94.21190 12.96480 505.56039429
v -94.20670 19.24130 532.78771973
v -94.20490 36.73930 886.49359131
v -94.20480 25.15550 569.46417236
v -94.20160 29.06610 576.93408203
v -94.16510 27.50570 571.53967285
v -94.16410 22.36310 763.69848633
v -94.15560 37.06410 499.20089722
v -94.15030 17.29150 742.30126953
v -93.97660 8.83250 644.49481201
v -93.72400 21.06360 757.75701904
v -93.60620 32.40830 781.30700684
v -93.60570 23.25850 766.47650146
v -93.59970 33.54690 625.69757080
v -93.59660 20.94670 535.04437256
v -93.57680 57.39900 829.47271729
v -93.57240 30.55450 832.50787354
v -93.56140 29.50730 583.32269287
v -93.54520 35.70220 756.70147705
v -93.54080 39.04920 882.31311035
v -93.53790 27.46030 778.32562256
v -93.53780 16.90770 736.79357910
v -93.52100 38.87540 721.50592041
v -93.51700 15.81230 862.30578613
v -93.51340 33.66690 773.24621582
v -93.50390 34.89110 535.12280273
v -93.50250 15.48280 585.08789062
v -93.49930 22.35460 569.46551514
v -93.49120 9.75550 623.94000244
v -93.48810 10.99940 712.97967529
v -93.48680 32.69570 496.79541016
v -93.47830 35.91790 694.02301025
v -93.47070 9.95470 520.32019043
v -93.46899 27.54060 569.08697510
v -93.45959 38.03430 724.15789795
v -93.45399 29.94010 541.22381592
v -93.45240 34.47110 644.02062988
v -93.45070 23.18730 497.05560303
v -93.45030 25.38400 566.15478516
v -93.45020 11.90010 523.53222656
v -93.44760 24.47250 541.03778076
v -93.44200 52.33850 815.85949707
v -93.43400 35.81310 748.80389404
v -93.43330 13.97280 592.26959229
v -93.42820 8.69670 891.28381348
v -93.42590 18.84620 577.28088379
v -93.42200 19.05050 499.56600952
v -93.41700 31.54220 592.64801025
v -93.41530 27.38760 838.86462402
v -93.38720 32.56010 600.35321045
v -93.38480 37.83940 730.23571777
v -93.38400 8.65000 685.33599854
v -93.38350 47.41360 844.27709961
v -93.38260 56.56290 831.94708252
v -93.38120 39.98660 499.36779785
v -93.37880 23.27530 763.79522705
v -93.37750 55.53850 834.36822510
v -93.37420 36.79480 736.79547119
v -93.37330 20.15080 850.80212402
v -93.37100 24.31110 844.44268799
v -93.36971 17.02110 532.34747314
v -93.36890 56.57950 528.01849365
v -93.36770 13.89930 528.26708984
v -93.36740 43.11070 809.71917725
v -93.36690 8.62110 680.18188477
v -93.36490 8.05220 682.51617432
v -93.36420 35.84150 497.51278687
v -93.36370 46.17140 533.00390625
v -93.36110 30.71750 495.97061157
v -93.33020 10.73400 709.35388184
v -93.32230 34.62980 826.47601318
v -93.31990 17.30560 739.49700928
v -93.31370 13.20820 724.50347900
v -93.31340 7.65570 872.82537842
v -93.31340 9.79280 870.29608154
v -93.31140 30.60880 580.81610107
v -93.31060 19.28960 535.54748535
v -93.30700 12.07980 718.48742676
v -93.29960 14.87910 502.69180298
v -93.29601 20.30880 751.94860840
v -93.29430 30.48070 775.02972412
v -93.29260 29.39860 550.30828857
v -93.28940 28.55370 838.17120361
v -93.27390 51.45320 532.37927246
v -93.27370 18.41870 745.63500977
v -93.26151 21.35110 541.67950439
v -93.26089 36.68500 697.18707275
v -93.25540 29.42080 560.03991699
v -93.25480 26.41110 772.17938232
v -93.25120 43.97410 853.17218018
v -93.25020 45.17020 849.78930664
v -93.24840 31.31060 571.96728516
v -93.24620 21.85530 560.11248779
v -93.24520 17.14680 856.59027100
v -93.24220 37.89930 718.69232178
v -93.23970 34.64390 658.29357910
v -93.23410 37.40300 536.05810547
v -93.23351 12.85930 895.46307373
v -93.22910 18.00200 574.47351074
v -93.21770 30.63540 835.12091064
v -93.21460 33.55880 765.70367432
v -93.21130 34.54540 757.03027344
v -93.21010 39.91980 814.59509277
v -93.20959 10.78820 511.04080200
v -93.19860 14.94420 583.47619629
v -93.19780 9.91330 703.32098389
v -93.19510 51.93820 499.22149658
v -93.18810 33.48180 539.68011475
v -93.18740 37.89880 820.31390381
v -93.18280 36.93130 724.50250244
v -93.17250 22.31000 757.47418213
v -93.16730 31.58620 577.11029053
v -93.16240 21.19680 544.77740479
v -93.14920 42.80570 874.62530518
v -93.07260 60.96749 511.49929810
v -93.06410 35.85620 892.60009766
v -93.04640 61.92340 517.62237549
v -92.93660 22.21080 898.01910400
v -92.79170 43.75640 868.50292969
v -92.73300 56.67680 828.70141602
v -92.61290 38.63850 710.32537842
v -92.60100 32.50610 767.42541504
v -92.57560 36.87920 727.49877930
v -92.55600 43.13780 871.49969482
v -92.53960 30.70320 771.63067627
v -92.53450 33.67320 757.77532959
v -92.52790 36.66120 823.75701904
v -92.52320 28.52010 495.63580322
v -92.50820 55.18320 820.29492188
v -92.49720 26.41560 769.33172607
v -92.49520 39.52850 817.97039795
v -92.48690 33.68840 831.63781738
v -92.48140 21.12260 547.58789062
v -92.47710 20.09590 541.35571289
v -92.47079 35.59710 679.06298828
v -92.46860 47.28580 843.45989990
v -92.45350 30.67670 558.41021729
v -92.45340 36.82800 538.68530273
v -92.44440 13.56740 721.00067139
v -92.44060 8.87690 629.57012939
v -92.44040 37.93240 822.62921143
v -92.42570 9.84430 616.36212158
v -92.42450 34.87890 670.05798340
v -92.41760 19.85950 561.91510010
v -92.41070 43.04910 853.94842529
v -92.41070 50.17130 813.66027832
v -92.40960 58.57870 527.62677002
v -92.40891 30.76410 549.93780518
v -92.40800 33.81510 541.77587891
v -92.40760 32.87480 543.83679199
v -92.40690 8.63710 682.48651123
v -92.39140 17.36880 570.58349609
v -92.38589 53.30860 498.98519897
v -92.38550 9.68760 697.33679199
v -92.38450 32.69840 495.75839233
v -92.38150 41.02380 812.83221436
v -92.37420 32.63020 576.22412109
v -92.34180 35.90870 725.21118164
v -92.34120 34.43510 613.45727539
v -92.33960 35.75650 733.07098389
v -92.33850 20.14370 851.87908936
v -92.33730 33.67200 751.49377441
v -92.33430 36.95230 698.20281982
v -92.33360 37.90760 707.21362305
v -92.33350 53.45060 836.89782715
v -92.33230 15.00790 862.27490234
v -92.33230 27.43360 841.37890625
v -92.33230 46.30550 811.57202148
v -92.33120 15.91390 727.71881104
v -92.32970 15.91690 859.61798096
v -92.32940 55.53710 530.56610107
v -92.32491 33.68000 895.34649658
v -92.32480 19.24220 498.81781006
v -92.32470 59.89750 523.48010254
v -92.31960 39.99620 883.05541992
v -92.31560 6.61150 871.92382812
v -92.28410 18.02500 898.39410400
v -92.28320 48.31070 841.31750488
v -92.27420 11.87470 866.94891357
v -92.26890 9.79230 893.78222656
v -92.26300 60.74820 509.86389160
v -92.26270 28.39340 766.71179199
v -92.26040 17.02660 535.49920654
v -92.25330 42.09150 811.48431396
v -92.25090 44.06910 538.35418701
v -92.25031 34.80640 495.68011475
v -92.24940 23.35460 847.39257812
v -92.24730 57.77180 505.44018555
v -92.24580 60.82200 520.84027100
v -92.24460 32.79440 584.19512939
v -92.24070 27.50660 898.40081787
v -92.23930 33.71360 596.08428955
v -92.23840 3.74500 880.49572754
v -92.22290 39.08260 539.07550049
v -92.22120 36.77680 541.72418213
v -92.22020 32.64270 556.36437988
v -92.21429 32.75250 580.64562988
v -92.21320 19.05210 541.83020020
v -92.21230 25.30960 762.99310303
v -92.20430 50.33490 838.62170410
v -92.20420 19.10570 555.60699463
v -92.18420 38.54060 712.52441406
v -92.17800 34.47380 742.47381592
v -92.17320 31.34410 760.51049805
v -92.17230 56.45060 826.49261475
v -92.16500 50.40840 535.50677490
v -92.12260 33.67230 553.77490234
v -92.09200 8.61660 655.49798584
v -92.08780 10.62270 604.51080322
v -92.08680 12.77010 587.20037842
v -92.08440 8.54380 673.89440918
v -92.08250 13.81780 580.81878662
v -91.80560 10.98750 508.67620850
v -91.67470 42.95720 865.33782959
v -91.55330 8.90780 689.46588135
v -91.53600 14.99520 577.75372314
v -91.53570 28.47180 763.72930908
v -91.51540 9.86540 607.96252441
v -91.49950 42.21110 854.69110107
v -91.49610 30.54240 760.50921631
v -91.49310 20.15080 745.31408691
v -91.48759 56.57940 500.32510376
v -91.45650 37.38520 892.71612549
v -91.45590 10.91440 598.63360596
v -91.45551 25.37430 760.32531738
v -91.44550 33.74130 583.33050537
v -91.44290 33.75140 556.25439453
v -91.43880 17.26490 559.71240234
v -91.43719 36.76100 544.81860352
v -91.42740 32.72010 745.88757324
v -91.42170 34.86070 549.96032715
v -91.41460 34.65960 611.19079590
v -91.41400 18.00320 541.50329590
v -91.41070 17.09020 538.50408936
v -91.40900 38.94590 541.88397217
v -91.39630 8.69160 651.95330811
v -91.39380 47.74350 493.83801270
v -91.39240 8.80900 620.62109375
v -91.39230 34.71570 727.49462891
v -91.39020 54.58689 497.08389282
v -91.38020 16.18270 568.22338867
v -91.37420 37.67160 712.50677490
v -91.37220 40.15200 883.25878906
v -91.36920 10.87040 523.42626953
v -91.36860 13.90350 718.93859863
v -91.36800 53.37500 533.53521729
v -91.36540 43.14200 868.68322754
v -91.36320 12.86890 712.95092773
v -91.35609 37.76740 709.67510986
v -91.35190 56.35950 829.50079346
v -91.34460 6.61310 891.28198242
v -91.33890 33.71710 736.63037109
v -91.33380 9.79880 515.17852783
v -91.33110 48.05680 538.09240723
v -91.30040 38.63460 495.00729370
v -91.29960 43.68650 871.50360107
v -91.29810 32.64180 835.32427979
v -91.29490 46.26810 841.63800049
v -91.29140 24.31350 847.24377441
v -91.28850 54.49630 834.27191162
v -91.28770 13.89850 897.48999023
v -91.28560 15.08620 859.77398682
v -91.28550 43.03280 874.34777832
v -91.28380 11.73310 703.78857422
v -91.28160 34.72160 650.16577148
v -91.28030 29.51390 898.36248779
v -91.28030 44.08200 540.00109863
v -91.28020 40.08750 814.88562012
v -91.28000 46.28320 538.55261230
v -91.27510 17.95790 550.91961670
v -91.26530 23.41580 496.13580322
v -91.24170 30.49620 838.68280029
v -91.23820 34.87940 577.64538574
v -91.23440 57.56210 529.45709229
v -91.22810 11.87460 896.54742432
v -91.22370 15.92670 898.41198730
v -91.21870 27.35180 757.68200684
v -91.21550 55.36430 820.83807373
v -91.21370 59.68800 526.68560791
v -91.21120 20.22720 852.01141357
v -91.20800 43.03310 541.32092285
v -91.20570 7.90170 655.24212646
v -91.19180 52.49220 493.96978760
v -91.19170 26.29150 757.36712646
v -91.18770 9.89470 520.45037842
v -91.17240 24.33100 754.18090820
v -91.17090 8.00350 678.83032227
v -91.16790 3.50770 877.83038330
v -91.16209 9.80810 691.69598389
v -91.16010 48.25400 838.80059814
v -91.15690 35.78000 569.88110352
v -91.15260 12.15780 709.48297119
v -91.13130 31.34820 748.50238037
v -91.13120 35.96180 553.07391357
v -91.13000 40.99020 493.59490967
v -91.09850 34.71750 718.21667480
v -91.09830 63.81820 514.58331299
v -91.08950 8.56000 662.26239014
v -91.08790 17.02710 553.25537109
v -91.07350 57.49200 496.65921021
v -91.06530 36.79640 712.03472900
v -91.02470 35.77600 577.94110107
v -90.95330 59.62200 496.56140137
v -90.95240 34.98990 584.57922363
v -90.80920 15.57070 724.73321533
v -90.58500 17.95740 730.49298096
v -90.52119 19.88590 736.88110352
v -90.49930 57.75260 499.50338745
v -90.49100 20.19150 739.81958008
v -90.48990 33.60290 727.52130127
v -90.45690 26.29080 754.47949219
v -90.45590 30.55210 748.78112793
v -90.44610 35.88260 682.14050293
v -90.44610 56.30239 826.49627686
v -90.42090 44.24970 844.34368896
v -90.42070 38.60270 823.67181396
v -90.41550 24.30720 751.25469971
v -90.41470 31.50580 742.74768066
v -90.39350 39.76440 544.96679688
v -90.37540 8.83770 612.74908447
v -90.37030 36.86640 553.56921387
v -90.36330 36.73580 561.97637939
v -90.36100 7.83790 651.53442383
v -90.34550 35.53420 615.64477539
v -90.34030 53.67540 493.85110474
v -90.34010 59.69700 499.18231201
v -90.33500 35.59260 609.36090088
v -90.33130 8.85950 682.72882080
v -90.33120 49.13150 813.83428955
v -90.32899 4.69260 889.35339355
v -90.32740 24.31260 847.58880615
v -90.32719 28.39840 842.62768555
v -90.31570 43.09890 871.70910645
v -90.31509 8.54250 631.48187256
v -90.31290 4.33460 872.54742432
v -90.31200 8.46400 658.74609375
v -90.29860 53.50980 534.35711670
v -90.29720 16.95890 547.52722168
v -90.29630 36.88140 694.49682617
v -90.28860 39.83700 817.59619141
v -90.28230 7.78780 669.16687012
v -90.25520 37.58660 700.71881104
v -90.25370 33.67660 718.48962402
v -90.25200 42.19810 865.49102783
v -90.25160 37.55790 697.86877441
v -90.25140 27.43340 844.43389893
v -90.25020 15.98310 501.26409912
v -90.24860 9.74430 601.51019287
v -90.24840 53.44190 817.79339600
v -90.24830 34.71640 896.44671631
v -90.24770 33.72530 835.61968994
v -90.24760 35.67160 493.75659180
v -90.24730 61.78090 508.37939453
v -90.24680 5.70960 870.47277832
v -90.24200 16.05730 541.69567871
v -90.23770 47.21770 540.46917725
v -90.23540 34.90990 657.70208740
v -90.20950 41.89320 851.29321289
v -90.20380 32.69300 724.82629395
v -90.20230 30.58850 841.21929932
v -90.19740 10.83400 694.35607910
v -90.19470 55.52680 829.62261963
v -90.19450 55.57640 823.42572021
v -90.19380 52.46580 835.42230225
v -90.19260 9.79170 867.26702881
v -90.19080 64.62850 517.61267090
v -90.19070 40.91540 814.59082031
v -90.18860 12.91260 863.99389648
v -90.18830 13.90900 532.37500000
v -90.18530 13.84200 898.40399170
v -90.18350 39.01530 820.89282227
v -90.18300 18.06370 727.71429443
v -90.18150 52.22920 493.51651001
v -90.17990 63.83480 511.83590698
v -90.17979 26.38780 748.71331787
v -90.17770 56.62460 494.42919922
v -90.16820 11.97870 700.93371582
v -90.16510 10.86160 586.96319580
v -90.16451 60.89370 523.87451172
v -90.16320 22.31610 850.43261719
v -90.15981 7.98840 676.46917725
v -90.15981 59.78110 495.57958984
v -90.14440 28.35670 745.70520020
v -90.12740 38.93380 550.50067139
v -90.12240 17.98640 855.12567139
v -90.11180 16.04590 551.07562256
v -90.11060 11.11530 697.48522949
v -90.09930 23.34850 745.03442383
v -90.09440 31.34770 736.51690674
v -90.09350 39.77830 493.50689697
v -90.09300 33.75310 715.26568604
v -90.07790 14.00870 862.30938721
v -90.06900 12.86180 529.28149414
v -90.06380 55.37400 493.59280396
v -90.04550 9.61930 519.90911865
v -90.01870 35.65130 637.46307373
v -90.01610 10.61200 590.13641357
v -90.01230 9.02180 517.28009033
v -89.97560 61.51860 497.31811523
v -89.90970 41.88680 860.62152100
v -89.76750 35.62030 650.10101318
v -89.61240 35.90810 709.33892822
v -89.46950 20.32870 734.24719238
v -89.41550 28.66580 742.13146973
v -89.41389 26.38900 745.32312012
v -89.41280 30.30430 737.33868408
v -89.40290 63.85520 520.11682129
v -89.40100 60.75090 505.00799561
v -89.38430 31.54200 729.70062256
v -89.37350 23.29560 742.33282471
v -89.35480 60.89970 502.04071045
v -89.35440 40.88170 547.72888184
v -89.34990 31.70460 493.65969849
v -89.33800 8.83810 604.51782227
v -89.29120 17.02210 724.35058594
v -89.28979 34.31890 493.60461426
v -89.28130 41.92730 813.80401611
v -89.28070 36.83580 832.40289307
v -89.27470 7.89920 620.40942383
v -89.27260 61.78640 505.77868652
v -89.26880 16.06170 856.77972412
v -89.26610 14.85360 562.68072510
v -89.26600 55.62850 826.34802246
v -89.26570 21.29720 496.60330200
v -89.26550 32.69120 838.62451172
v -89.26530 4.53410 889.62622070
v -89.26140 8.56810 616.01428223
v -89.26060 36.67960 682.81372070
v -89.25591 51.46760 816.33087158
v -89.25010 2.61080 875.40582275
v -89.22880 37.90160 562.71270752
v -89.21510 64.82030 517.65441895
v -89.21350 31.59110 721.78637695
v -89.21330 10.85120 688.94982910
v -89.21040 49.29140 837.06091309
v -89.20920 58.52070 529.48699951
v -89.20910 5.57950 892.19207764
v -89.20810 46.17470 838.52539062
v -89.20800 45.12700 813.04150391
v -89.20790 7.65510 894.72528076
v -89.20770 54.35770 820.33642578
v -89.20760 37.84050 893.92999268
v -89.20670 56.17060 823.64862061
v -89.20650 11.95070 864.47839355
v -89.20640 29.51500 899.47802734
v -89.20630 36.92600 691.35699463
v -89.20551 9.69040 682.17968750
v -89.20540 54.54970 831.81707764
v -89.20500 33.67600 897.89837646
v -89.20461 37.43050 694.49139404
v -89.20390 40.75520 889.43560791
v -89.20350 36.56470 608.89141846
v -89.20290 55.53330 532.41809082
v -89.20270 44.08970 544.30761719
v -89.20250 49.29250 540.36859131
v -89.20060 9.73960 595.35339355
v -89.19520 43.04710 544.96948242
v -89.18860 57.63410 493.69509888
v -89.16310 17.12360 499.60610962
v -89.15359 51.42650 835.51788330
v -89.15130 36.73770 895.39837646
v -89.14861 39.87100 553.51159668
v -89.14740 9.79370 896.54687500
v -89.14740 36.69540 595.79748535
v -89.14660 60.74330 526.27478027
v -89.14360 35.69410 835.75512695
v -89.13780 45.05190 838.88439941
v -89.13640 10.00010 685.46618652
v -89.13610 62.61500 496.85119629
v -89.13409 2.46480 882.92858887
v -89.13020 29.59670 844.23010254
v -89.12990 26.46810 847.32940674
v -89.12720 36.86890 687.82751465
v -89.12710 11.02200 580.35412598
v -89.12640 41.11230 859.50799561
v -89.12430 35.67170 659.02069092
v -89.12060 61.84990 495.89859009
v -89.11050 24.21410 739.38842773
v -89.09800 36.66930 697.32531738
v -89.08549 62.71500 499.51000977
v -89.07220 11.81590 526.56768799
v -89.07150 35.88160 618.77362061
v -89.07020 49.35350 814.65661621
v -89.05550 27.35340 738.79827881
v -89.04810 38.71680 827.20678711
v -89.04250 7.78260 630.21917725
v -89.02940 38.83730 562.25097656
v -89.02119 64.97440 514.21551514
v -89.00980 53.39660 535.44061279
v -88.97960 36.72000 835.72918701
v -88.95470 17.01880 720.92382812
v -88.94260 65.86810 502.27151489
v -88.89810 64.96330 499.58551025
v -88.89050 32.63670 712.12390137
v -88.87740 7.71360 658.59808350
v -88.86360 12.98080 530.15551758
v -88.81950 35.56540 700.12231445
v -88.61340 9.73940 514.70202637
v -88.61140 15.76430 715.50567627
v -88.49580 41.30390 844.55938721
v -88.44991 33.73240 709.64770508
v -88.41380 9.02350 517.71350098
v -88.40440 40.21500 850.98669434
v -88.40060 35.91540 673.32318115
v -88.37070 18.06300 724.25292969
v -88.36600 15.00940 546.75170898
v -88.35570 9.49440 676.12280273
v -88.33770 62.88450 505.34280396
v -88.33300 22.25460 733.33770752
v -88.32580 24.86100 901.32550049
v -88.32080 42.99630 874.49969482
v -88.30980 7.71660 643.46069336
v -88.30680 24.31190 735.95050049
v -88.30680 27.43190 735.47857666
v -88.28500 30.60520 718.51251221
v -88.28149 13.79140 862.29809570
v -88.27780 20.25590 727.55737305
v -88.27700 11.48880 688.00079346
v -88.26040 9.54150 673.75640869
v -88.25410 9.83390 586.74829102
v -88.25060 42.90600 882.72869873
v -88.24690 48.17330 542.52661133
v -88.24600 13.06490 532.51837158
v -88.24360 9.65300 866.41149902
v -88.24250 64.82630 511.24771118
v -88.24080 36.90960 595.85961914
v -88.23590 34.66230 838.60467529
v -88.23070 47.21150 543.00000000
v -88.22680 47.15180 813.92242432
v -88.22370 64.77650 505.49578857
v -88.22169 35.81460 896.48571777
v -88.22141 11.71370 577.55548096
v -88.20779 65.88880 505.31741333
v -88.20650 38.92580 565.56951904
v -88.20320 52.44960 817.83520508
v -88.18650 31.56320 899.18511963
v -88.17780 12.76620 694.82427979
v -88.17329 39.91610 892.26470947
v -88.17290 55.51280 823.81201172
v -88.17060 36.65390 694.47808838
v -88.16900 14.11360 550.23541260
v -88.16790 42.71850 868.04980469
v -88.16750 3.49320 871.74340820
v -88.16600 45.26110 837.58129883
v -88.16550 22.22650 851.99487305
v -88.16550 41.02030 889.42938232
v -88.16440 59.83530 527.87597656
v -88.16290 39.94090 816.47082520
v -88.16280 47.21360 837.23211670
v -88.16180 39.19810 817.69061279
v -88.16040 63.86880 522.37182617
v -88.15930 40.01390 556.88262939
v -88.15860 1.61860 883.09222412
v -88.14790 37.91330 580.53710938
v -88.12410 12.95320 899.08172607
v -88.11940 8.61660 604.13781738
v -88.11360 51.31350 538.52117920
v -88.11240 25.41960 733.47778320
v -88.11130 39.78860 820.49578857
v -88.10920 11.76310 864.26098633
v -88.10730 7.70770 867.44781494
v -88.10220 40.82950 859.65698242
v -88.10060 40.04950 856.30902100
v -88.09300 32.71680 709.24420166
v -88.08980 5.57340 869.55072021
v -88.08580 12.79680 505.26550293
v -88.08400 19.18250 854.41809082
v -88.08270 36.63050 619.49127197
v -88.07680 12.93670 565.96099854
v -88.06020 36.68980 614.17559814
v -88.05960 64.90691 498.25720215
v -88.04870 24.31250 731.05487061
v -88.04269 40.08600 559.83288574
v -88.04260 27.42600 730.27062988
v -88.03970 14.74440 542.44152832
v -88.03329 6.61410 894.10168457
v -88.03230 39.72110 844.59960938
v -88.02310 19.03120 724.03381348
v -88.01970 28.63110 721.29699707
v -88.01830 30.04620 493.58401489
v -88.01310 53.53140 820.45489502
v -88.00740 37.89750 838.65972900
v -88.00640 62.98570 496.51690674
v -87.98680 39.86960 565.30908203
v -87.97639 38.87770 841.51177979
v -87.96880 39.78830 853.11010742
v -87.96720 42.32920 838.12609863
v -87.96250 43.13740 877.20788574
v -87.93440 14.02860 502.65179443
v -87.93100 39.83960 823.48632812
v -87.92440 12.70540 568.49890137
v -87.92380 9.85030 522.58410645
v -87.91490 17.02330 714.93487549
v -87.90800 20.69160 901.44342041
v -87.88560 67.89400 502.57958984
v -87.71730 10.57690 511.91018677
v -87.42060 7.71580 637.49267578
v -87.38100 20.06240 724.50958252
v -87.37690 18.07030 718.64916992
v -87.37120 25.35520 730.28320312
v -87.33330 27.42640 727.21472168
v -87.33170 33.67750 841.56317139
v -87.33040 33.67450 703.76678467
v -87.32510 28.46800 847.38372803
v -87.31640 16.94990 901.00140381
v -87.31100 7.93680 664.84399414
v -87.29140 38.88540 832.27972412
v -87.29050 12.93930 694.49487305
v -87.28419 27.52930 722.21038818
v -87.27710 1.57260 875.28100586
v -87.27540 21.95850 724.70098877
v -87.27420 9.68500 517.68017578
v -87.27100 13.95600 547.64941406
v -87.26880 31.53200 844.46679688
v -87.26070 37.84030 841.90447998
v -87.25900 10.78140 898.34228516
v -87.25730 42.98040 874.88861084
v -87.25050 32.67780 706.04187012
v -87.24840 8.83320 592.67620850
v -87.23610 33.72930 700.79138184
v -87.22430 36.55690 670.47009277
v -87.21339 42.81870 871.38067627
v -87.20869 45.04850 814.00280762
v -87.20600 37.58600 685.74291992
v -87.20570 1.57920 886.10919189
v -87.20270 16.94360 855.97497559
v -87.19020 34.83500 841.52569580
v -87.18490 13.77770 536.04302979
v -87.18250 39.93740 817.78381348
v -87.18200 12.92190 862.39508057
v -87.18069 32.69170 899.10620117
v -87.17830 13.95330 541.35968018
v -87.17580 50.38950 540.45227051
v -87.17110 12.86650 562.77557373
v -87.17090 9.88820 581.08770752
v -87.15150 50.47060 816.53771973
v -87.14590 42.83320 886.47540283
v -87.14211 39.84610 835.72192383
v -87.13620 25.34720 850.42230225
v -87.13499 41.35440 866.25781250
v -87.13150 55.28400 823.46191406
v -87.13080 37.61270 688.50518799
v -87.13050 14.03980 859.71850586
v -87.12880 36.85920 683.07128906
v -87.12820 66.76660 517.75872803
v -87.12620 42.01760 874.48681641
v -87.12600 4.53830 892.19873047
v -87.12570 8.30980 640.56549072
v -87.12550 15.07610 858.02917480
v -87.12540 13.06500 556.22937012
v -87.12460 43.04930 814.98449707
v -87.12450 46.16660 546.27917480
v -87.12390 51.37370 834.72528076
v -87.12270 36.71650 691.29602051
v -87.12120 43.12470 550.65692139
v -87.12020 11.68610 526.61138916
v -87.11900 42.01050 835.85949707
v -87.11520 9.91210 523.53979492
v -87.11010 68.82430 502.80609131
v -87.08580 27.44920 901.37530518
v -87.07540 8.61470 598.22650146
v -87.07510 12.07570 688.32080078
v -87.06310 38.88490 580.45098877
v -87.05220 11.67170 506.09219360
v -87.04590 53.37070 832.28649902
v -87.04550 55.61290 532.64337158
v -87.04070 43.05270 836.75091553
v -87.03830 68.10360 500.76599121
v -87.02640 25.42970 720.92547607
v -87.02610 27.37730 718.36279297
v -87.02390 37.97290 591.21618652
v -87.02361 40.90730 835.42437744
v -87.02119 35.75340 691.76782227
v -87.01840 10.83540 577.51861572
v -87.01230 66.99160 508.66488647
v -86.97940 35.76630 842.20269775
v -86.96480 35.84070 626.17541504
v -86.92700 11.17970 682.49627686
v -86.89670 10.33130 677.01501465
v -86.88170 7.82240 604.62451172
v -86.88140 9.58290 583.50750732
v -86.87960 41.11990 562.48931885
v -86.87500 69.06390 505.27560425
v -86.86430 36.95740 610.47338867
v -86.83929 11.71380 570.99810791
v -86.49440 16.88340 709.36022949
v -86.36819 55.28890 826.35662842
v -86.33120 27.59320 715.49078369
v -86.31880 19.93670 717.84429932
v -86.31370 13.90460 694.49530029
v -86.31000 9.52280 667.49072266
v -86.29590 18.31630 712.77349854
v -86.29330 35.85570 844.51531982
v -86.29180 25.33740 718.31072998
v -86.28130 12.93390 554.24249268
v -86.26400 31.32730 703.88378906
v -86.25160 66.86411 519.29931641
v -86.23940 35.90930 661.49707031
v -86.22930 28.51790 493.60430908
v -86.21410 6.61860 895.30200195
v -86.20240 41.94210 559.68719482
v -86.18020 34.57070 694.49212646
v -86.17350 30.87400 847.45080566
v -86.17060 16.94640 901.39678955
v -86.16140 39.21480 820.82019043
v -86.15530 10.86200 526.30529785
v -86.15100 37.51130 676.72338867
v -86.14720 49.34980 835.37902832
v -86.14110 10.91430 574.46942139
v -86.13770 10.72220 898.51159668
v -86.13440 44.08710 550.84497070
v -86.12910 69.06590 502.46240234
v -86.11130 43.98150 875.51037598
v -86.10260 15.91420 700.50091553
v -86.09760 32.64480 697.50329590
v -86.09030 45.12770 835.56628418
v -86.09010 46.30490 814.62292480
v -86.08960 9.94190 511.90838623
v -86.08740 40.95580 892.26202393
v -86.08459 52.24520 538.54132080
v -86.08350 14.94680 858.46380615
v -86.08330 39.07990 826.67108154
v -86.08290 63.86610 524.68011475
v -86.08240 61.78170 494.45010376
v -86.08200 4.66660 868.51440430
v -86.08100 5.70400 867.46520996
v -86.08080 53.39720 831.44671631
v -86.07980 66.00560 522.25360107
v -86.07710 67.09410 511.79800415
v -86.07660 38.88380 583.77850342
v -86.07491 1.54510 873.00292969
v -86.07140 7.86090 598.14801025
v -86.06599 0.57930 882.19757080
v -86.05300 21.66930 713.19702148
v -86.03970 8.61650 592.10870361
v -86.03760 46.10470 547.54809570
v -86.03620 36.69990 682.18487549
v -86.03580 68.02680 499.72009277
v -86.03500 60.62210 493.64999390
v -86.03170 48.23820 544.40039062
v -86.03160 38.82040 895.41400146
v -86.02310 9.79410 864.69122314
v -86.01340 39.78180 823.04656982
v -86.01089 40.70150 577.64770508
v -86.00980 67.12260 514.67132568
v -86.00480 8.78390 661.70501709
v -86.00270 8.86530 583.29357910
v -86.00220 58.73660 529.64111328
v -85.99040 43.94920 883.10968018
v -85.98860 25.12670 711.95629883
v -85.97370 37.63520 610.48132324
v -85.96920 11.88480 863.29278564
v -85.96830 18.99890 709.46948242
v -85.96360 40.78180 832.04260254
v -85.96160 27.34310 709.32421875
v -85.95420 12.99950 534.96527100
v -85.93840 7.96210 653.33807373
v -85.93840 10.08810 670.35211182
v -85.93210 34.32010 847.82061768
v -85.93100 31.51560 697.71112061
v -85.93000 0.57840 875.11267090
v -85.92970 37.43150 679.24829102
v -85.92910 35.75620 688.23760986
v -85.91970 44.00410 553.49462891
v -85.89090 56.48270 532.49792480
v -85.88840 37.83620 853.88690186
v -85.85650 35.74170 848.40478516
v -85.83929 7.71580 639.66741943
v -85.83720 15.07140 694.68640137
v -85.81430 41.14820 571.11340332
v -85.78270 38.67510 593.19622803
v -85.75710 7.58900 627.85162354
v -85.75480 70.25861 508.15649414
v -85.62500 10.65570 509.09619141
v -85.40160 13.81390 688.75970459
v -85.29230 8.70520 658.50262451
v -85.24730 27.55310 706.30627441
v -85.23540 36.83940 618.93029785
v -85.23310 11.69340 565.68988037
v -85.21899 16.04160 697.51159668
v -85.20890 39.91130 580.45727539
v -85.19980 12.94940 541.73327637
v -85.18750 28.47480 850.42218018
v -85.17990 49.21990 816.64440918
v -85.17750 39.94390 820.60290527
v -85.16949 40.00470 829.39807129
v -85.16451 33.68320 691.48699951
v -85.14771 19.51380 706.20147705
v -85.14360 46.15750 547.71649170
v -85.14110 36.74620 672.52648926
v -85.13741 39.09160 862.38757324
v -85.13040 11.91160 559.50262451
v -85.13040 25.71620 706.70989990
v -85.12910 9.98120 523.28399658
v -85.12400 24.22840 852.67791748
v -85.12340 17.98590 856.57910156
v -85.09220 7.78570 644.11718750
v -85.08090 41.95570 565.75781250
v -85.05161 23.26800 853.46258545
v -85.04710 36.67530 661.49932861
v -85.04470 26.38620 851.75970459
v -85.04410 36.58910 631.49707031
v -85.04380 40.97500 817.94097900
v -85.04320 43.04580 833.87359619
v -85.04250 53.24600 820.53259277
v -85.04180 65.94110 496.69070435
v -85.04130 14.94610 859.39508057
v -85.04130 42.09870 562.78991699
v -85.04110 7.86270 592.15148926
v -85.04100 8.91030 580.57531738
v -85.04100 64.90640 496.03271484
v -85.04070 2.45800 889.67669678
v -85.04041 36.84110 665.00891113
v -85.04041 51.36480 818.26910400
v -85.03970 21.26520 496.58630371
v -84.99090 9.74650 661.35510254
v -84.98730 54.20340 823.35937500
v -84.98680 35.69680 898.46130371
v -84.98620 5.52020 867.23278809
v -84.98579 62.76910 526.47607422
v -84.98570 59.63890 529.45599365
v -84.98370 13.84500 860.94110107
v -84.98140 35.62220 685.48547363
v -84.98000 1.35700 873.01800537
v -84.94570 27.36730 703.33898926
v -84.93530 10.57640 577.27850342
v -84.93130 3.50030 892.24169922
v -84.92700 42.91980 889.36901855
v -84.92640 44.91740 880.47558594
v -84.90390 35.82240 639.92828369
v -84.89290 30.46180 694.75231934
v -84.87939 21.85420 705.78460693
v -84.81410 54.62920 534.35870361
v -84.78940 39.36540 826.50610352
v -84.77980 43.87940 886.48797607
v -84.67979 41.84170 572.06707764
v -84.65020 44.14140 874.91448975
v -84.64100 44.89400 877.68627930
v -84.63930 12.69330 546.84722900
v -84.55300 42.39760 872.04772949
v -84.40210 13.72480 682.49420166
v -84.34460 35.97730 679.32092285
v -84.33611 36.92800 613.85919189
v -84.31480 15.93430 691.75292969
v -84.27050 71.72950 505.68481445
v -84.24770 10.69840 523.48767090
v -84.21040 27.62060 700.14117432
v -84.20480 25.08320 703.28350830
v -84.19400 7.52770 622.27001953
v -84.18110 18.93050 699.74041748
v -84.17039 41.60190 867.99401855
v -84.15680 39.67640 586.51342773
v -84.13940 50.32960 833.37487793
v -84.13589 8.70940 898.28131104
v -84.13580 39.01440 862.62719727
v -84.11909 28.58260 851.91021729
v -84.08510 15.90800 688.73638916
v -84.08430 42.96580 816.82672119
v -84.08190 1.50040 889.15698242
v -84.07790 37.51220 664.76177979
v -84.07410 32.63030 850.70849609
v -84.07380 67.94500 522.35302734
v -84.07339 54.23460 826.25091553
v -84.06390 14.95010 501.63500977
v -84.06000 7.58230 631.42169189
v -84.05760 41.02300 577.23730469
v -84.05500 6.67260 865.62347412
v -84.03260 69.17810 514.45410156
v -84.01860 9.94600 658.49731445
v -84.01700 35.89390 673.76428223
v -84.01390 32.63840 688.50488281
v -84.00990 30.54210 691.52502441
v -84.00680 37.44470 619.48687744
v -84.00439 35.95130 634.50567627
v -84.00390 17.02850 499.68280029
v -84.00330 52.40750 831.28497314
v -84.00230 69.06500 499.69180298
v -84.00190 37.77710 607.17681885
v -84.00031 21.18400 855.24389648
v -83.99870 40.08710 580.44561768
v -83.99720 45.12470 553.30670166
v -83.99630 9.84380 511.95660400
v -83.99471 36.84590 622.50567627
v -83.99319 53.23910 829.68798828
v -83.99139 28.48800 493.61349487
v -83.99060 71.09000 511.41140747
v -83.96049 5.52410 895.25299072
v -83.94790 0.55260 886.33209229
v -83.94470 41.95370 831.36041260
v -83.94120 13.97580 679.72088623
v -83.94060 34.64680 685.23608398
v -83.93670 68.86121 520.24121094
v -83.93030 9.74430 517.20007324
v -83.92920 3.49670 868.76141357
v -83.92630 37.50580 667.27349854
v -83.92340 19.19030 856.46392822
v -83.92270 48.32610 544.76202393
v -83.92170 37.91650 601.72912598
v -83.91920 -0.33800 874.53839111
v -83.91330 41.04340 892.74920654
v -83.90100 8.75200 648.63830566
v -83.89660 6.88770 628.57849121
v -83.88990 38.98690 589.82019043
v -83.88340 22.28530 700.27429199
v -83.88000 28.39540 694.15557861
v -83.87030 59.52620 493.59539795
v -83.86440 9.87950 655.49890137
v -83.85519 24.14070 697.95159912
v -83.85440 19.33850 697.03857422
v -83.84660 26.31280 696.79412842
v -83.84350 10.53550 519.91491699
v -83.83960 70.90891 502.28829956
v -83.83839 39.73660 895.54931641
v -83.76620 9.74160 577.41979980
v -83.75610 11.90960 547.71197510
v -83.75430 36.54530 641.05358887
v -83.65919 10.64840 567.91900635
v -83.60580 7.82860 585.40930176
v -83.59760 11.65230 555.85339355
v -83.38010 12.68360 529.30468750
v -83.32401 13.55250 673.64831543
v -83.22620 44.97920 880.69207764
v -83.20779 23.27170 697.71490479
v -83.20180 16.22480 686.41027832
v -83.18550 36.67490 661.32952881
v -83.16859 28.56920 691.50518799
v -83.16299 35.88480 670.32360840
v -83.15520 31.22300 901.44189453
v -83.15179 38.81940 597.31280518
v -83.12790 19.21150 694.30847168
v -83.12440 36.63260 634.72711182
v -83.12300 32.71190 685.66192627
v -83.11930 7.78230 634.92797852
v -83.11100 69.06790 520.23907471
v -83.11020 35.98230 646.26330566
v -83.10620 43.04120 817.79522705
v -83.08100 36.91960 619.50628662
v -83.07370 37.88980 604.48529053
v -83.05140 43.18960 564.98999023
v -83.04850 43.09130 889.43121338
v -83.04180 53.21170 823.40130615
v -83.04170 45.06020 833.17462158
v -83.04080 45.04380 816.83880615
v -83.04030 66.91200 524.20019531
v -83.02600 8.94710 517.14019775
v -83.02130 31.48470 685.92889404
v -83.01880 58.71990 530.49627686
v -83.01840 15.95180 682.62841797
v -82.97670 35.70510 856.71911621
v -82.97290 41.19500 828.86547852
v -82.96680 51.36880 540.38958740
v -82.96320 7.65520 897.50781250
v -82.96310 11.02590 526.53979492
v -82.96220 24.30430 854.58148193
v -82.96040 37.19030 607.48797607
v -82.95970 17.02310 500.57369995
v -82.95940 11.69160 862.43029785
v -82.95900 49.29360 818.27758789
v -82.95869 32.53620 853.46447754
v -82.95700 49.28970 544.26538086
v -82.95530 39.91590 865.72222900
v -82.95490 22.23000 496.60900879
v -82.95440 0.18420 877.51812744
v -82.92570 68.06100 523.13250732
v -82.91680 12.85910 504.50079346
v -82.91620 36.72210 898.41900635
v -82.91050 42.89100 568.50799561
v -82.90610 72.17500 511.08981323
v -82.90410 63.80880 526.50292969
v -82.90140 11.90480 505.75350952
v -82.89960 44.13640 886.44268799
v -82.89850 41.82520 577.11730957
v -82.89750 11.88160 528.46679688
v -82.89650 4.46750 893.99517822
v -82.88969 44.23590 559.00189209
v -82.88651 37.59580 616.71661377
v -82.87730 20.34620 691.37152100
v -82.87610 35.35280 679.23089600
v -82.87090 37.83720 862.33251953
v -82.86320 -0.42780 880.49700928
v -82.85720 34.67450 856.34008789
v -82.85110 36.84900 859.70501709
v -82.84250 18.01800 687.97998047
v -82.83750 15.98140 679.44757080
v -82.82930 47.27130 547.72631836
v -82.81440 35.91370 664.02392578
v -82.81140 23.18340 688.72760010
v -82.80700 26.15010 687.82440186
v -82.79460 6.78460 616.69512939
v -82.76990 37.77610 610.63128662
v -82.71980 14.02390 670.69219971
v -82.71860 1.50840 871.51629639
v -82.71350 10.86860 556.70739746
v -82.70940 7.49840 610.50018311
v -82.69450 8.90520 514.52209473
v -82.65800 7.65020 607.23278809
v -82.56110 9.90470 567.58551025
v -82.34420 12.68780 664.63922119
v -82.16130 42.88090 820.84179688
v -82.12830 17.98210 685.50012207
v -82.12240 48.05380 832.47680664
v -82.10490 33.89620 676.66882324
v -82.10000 23.59290 685.83111572
v -82.09510 41.94120 824.39068604
v -82.07530 16.87620 679.35998535
v -82.07020 33.76980 673.35717773
v -82.06410 45.11860 817.82830811
v -82.05120 19.26890 685.83508301
v -82.03990 27.26370 682.66821289
v -82.03419 36.60570 646.17388916
v -82.01480 42.14750 574.04028320
v -82.01060 47.28610 817.80572510
v -82.00020 7.90790 580.74169922
v -81.99940 0.36920 886.22979736
v -81.99710 2.54030 892.29821777
v -81.99590 37.83980 607.32080078
v -81.98870 37.69080 615.93267822
v -81.98700 39.72230 588.93762207
v -81.98130 36.92210 619.12567139
v -81.97990 49.23690 819.33251953
v -81.97870 13.91390 901.45129395
v -81.96671 38.66480 603.86071777
v -81.96080 7.75760 628.74200439
v -81.95030 38.72060 600.69921875
v -81.93770 5.64790 865.61682129
v -81.93030 36.55320 652.04241943
v -81.92950 45.52190 832.11340332
v -81.92950 64.82340 496.04690552
v -81.92790 43.05220 830.53887939
v -81.92610 51.36470 821.74072266
v -81.92350 29.51310 493.77508545
v -81.92329 10.91420 862.44482422
v -81.92320 35.50560 664.35882568
v -81.92230 38.78320 597.49420166
v -81.92020 70.05750 500.38809204
v -81.91949 14.94100 503.38870239
v -81.91949 18.06250 857.74578857
v -81.91949 37.95510 598.41662598
v -81.91840 15.07110 859.02130127
v -81.91810 51.57020 538.92761230
v -81.91660 37.88210 862.80877686
v -81.91410 73.01220 511.78741455
v -81.91310 45.27990 555.80432129
v -81.91240 73.01740 509.06381226
v -81.91100 18.06890 499.69610596
v -81.90850 39.52150 595.39288330
v -81.90829 47.01180 550.48742676
v -81.88160 31.39500 679.63757324
v -81.86920 10.09460 649.78430176
v -81.86270 60.67930 529.46032715
v -81.86120 66.92640 496.70498657
v -81.85960 23.04350 682.10241699
v -81.85000 15.02960 670.74310303
v -81.84489 31.49490 676.93548584
v -81.84360 6.85500 610.30090332
v -81.84250 57.76500 493.57681274
v -81.84220 44.87110 886.63317871
v -81.83929 12.94160 860.72802734
v -81.83410 53.53250 535.73028564
v -81.82360 0.32350 874.60247803
v -81.81940 43.85780 565.44329834
v -81.79539 19.62240 681.91058350
v -81.78780 51.23860 541.33618164
v -81.76440 39.06930 592.34692383
v -81.76290 42.15980 871.67132568
v -81.75500 12.70320 531.77728271
v -81.73160 33.82700 857.06799316
v -81.70290 8.78310 636.99279785
v -81.69610 42.28320 891.90930176
v -81.67550 45.19240 880.50537109
v -81.49520 43.86010 874.04528809
v -81.46519 33.83880 679.97949219
v -81.42580 50.55390 829.49060059
v -81.35350 -0.51280 882.75372314
v -81.22240 32.72030 679.27667236
v -81.19230 14.89490 667.75891113
v -81.18130 7.76730 583.38598633
v -81.13850 12.82860 658.49841309
v -81.11280 30.19720 676.35577393
v -81.09890 36.61210 629.74578857
v -81.09510 43.12300 828.58837891
v -81.08770 22.55450 679.47967529
v -81.07440 44.87180 821.63238525
v -81.07350 9.61210 512.10699463
v -81.07330 7.46450 607.70269775
v -81.06599 34.96960 656.24560547
v -81.04880 51.18560 824.31549072
v -81.03419 33.64160 667.33868408
v -81.02040 45.08130 829.22302246
v -81.01900 42.83330 574.13842773
v -81.01801 23.25940 856.47399902
v -81.00360 49.34340 821.56671143
v -80.99570 49.38450 828.56878662
v -80.98420 12.75710 536.11651611
v -80.97690 44.92160 559.51599121
v -80.96720 36.80140 493.51580811
v -80.96600 18.73150 676.37432861
v -80.96250 14.86570 664.73199463
v -80.96190 72.02831 502.85501099
v -80.95210 34.57830 663.91540527
v -80.94991 52.34120 538.52868652
v -80.94420 12.02290 538.89349365
v -80.94420 12.35390 901.09851074
v -80.94300 8.85040 514.90277100
v -80.94290 48.29850 820.88140869
v -80.93570 44.07130 889.03918457
v -80.88380 25.49100 856.43658447
v -80.88360 8.69760 578.51959229
v -80.87720 70.94180 520.62548828
v -80.87620 7.66230 898.33807373
v -80.87550 44.91780 886.11547852
v -80.87289 23.27070 496.60830688
v -80.87030 9.75170 640.34631348
v -80.86870 45.76470 880.49127197
v -80.86300 12.86640 505.81961060
v -80.83150 10.77720 523.08520508
v -80.83120 12.68610 654.92468262
v -80.82350 69.05711 523.29479980
v -80.82200 64.84940 526.48687744
v -80.81980 48.19720 547.43017578
v -80.81910 4.13870 894.81738281
v -80.81910 70.04691 499.72799683
v -80.81880 11.76490 861.64208984
v -80.80880 9.57370 577.32739258
v -80.80350 33.81210 493.58261108
v -80.80320 38.95890 595.67260742
v -80.80310 22.79460 676.00500488
v -80.80310 67.06371 497.15890503
v -80.79700 56.65280 532.65417480
v -80.78540 35.59690 643.04931641
v -80.78300 46.08360 824.10540771
v -80.77110 21.21340 857.14062500
v -80.72490 20.38750 675.74841309
v -80.72450 27.34140 670.68927002
v -80.72380 39.99250 868.47021484
v -80.72160 26.23230 672.78662109
v -80.70570 31.34330 856.88842773
v -80.69940 6.79670 618.20660400
v -80.64460 34.55730 647.18621826
v -80.16080 46.25270 826.27416992
v -80.11411 48.24260 823.88049316
v -80.07159 32.48560 664.31201172
v -80.06110 11.88270 649.65942383
v -80.05650 48.23970 826.49230957
v -80.04570 28.57720 667.50579834
v -80.01720 40.09320 895.23828125
v -80.00570 18.08390 670.32537842
v -80.00490 26.38730 670.25872803
v -79.97980 35.62950 631.64532471
v -79.97970 34.90520 634.59320068
v -79.97160 1.20530 871.96850586
v -79.94160 40.04790 584.07690430
v -79.94040 11.71610 545.10327148
v -79.91830 11.66100 524.04791260
v -79.91190 44.94760 874.92358398
v -79.90550 10.98100 547.90087891
v -79.89670 67.97050 498.45559692
v -79.89149 32.32320 901.44049072
v -79.88700 7.52430 592.39508057
v -79.88000 11.99450 528.97967529
v -79.84710 44.27550 562.49322510
v -79.84370 15.01180 658.88159180
v -79.84330 33.60290 649.70812988
v -79.84160 6.74050 607.17858887
v -79.84019 14.94030 504.01119995
v -79.84010 9.58350 571.28027344
v -79.83890 44.13120 565.32379150
v -79.83860 62.82660 527.97631836
v -79.83850 72.13140 502.90390015
v -79.83750 39.69560 868.08489990
v -79.83690 19.11140 499.66189575
v -79.83660 70.10760 500.27508545
v -79.83600 46.02700 554.12188721
v -79.83500 45.16090 880.42712402
v -79.83400 64.90810 496.93139648
v -79.83240 36.97310 863.73107910
v -79.82780 6.82010 595.53887939
v -79.78770 18.92550 667.56500244
v -79.78391 42.98260 871.70629883
v -79.78130 57.55530 532.43249512
v -79.78110 16.96670 501.71389771
v -79.77620 9.10170 517.65478516
v -79.77240 37.75310 604.32629395
v -79.76700 11.90170 646.72509766
v -79.76089 34.78990 631.95770264
v -79.75790 16.06740 859.47430420
v -79.73390 36.79410 898.49517822
v -79.72260 44.30450 883.89288330
v -79.72090 16.97750 663.98822021
v -79.71310 36.79070 612.91571045
v -79.70980 31.77890 654.74700928
v -79.68650 28.47330 661.70312500
v -79.68370 25.26400 666.79638672
v -79.67480 8.80940 577.21350098
v -79.65300 10.06280 635.25939941
v -79.63870 35.81160 619.71502686
v -79.63741 35.62150 624.94488525
v -79.60880 9.21280 631.81842041
v -79.46290 12.81410 507.01159668
v -79.19580 11.69190 643.76361084
v -79.04640 33.72280 643.04742432
v -79.03060 13.89690 652.49572754
v -79.00330 29.70390 658.11920166
v -78.98070 32.37190 649.88732910
v -78.97920 16.80290 660.74237061
v -78.97050 71.25050 520.36767578
v -78.96280 25.19430 664.27557373
v -78.96230 27.50900 661.27221680
v -78.93030 50.12560 543.20257568
v -78.92780 8.69890 862.66748047
v -78.89799 26.38300 495.79391479
v -78.88570 40.91510 493.53430176
v -78.88380 38.65370 596.06359863
v -78.87531 12.77840 529.95159912
v -78.87450 55.45400 534.33697510
v -78.86380 43.73950 889.82379150
v -78.86330 39.71020 592.09478760
v -78.85500 10.64880 553.30920410
v -78.85400 33.62090 860.94970703
v -78.84300 34.75920 628.31018066
v -78.80161 11.90220 640.95800781
v -78.80150 45.17660 559.49737549
v -78.79900 9.88250 511.97021484
v -78.79810 7.72440 617.04229736
v -78.79660 23.21230 497.34811401
v -78.79650 20.15230 499.43530273
v -78.79650 45.76130 880.35021973
v -78.79539 39.91420 589.19219971
v -78.79370 35.76240 863.61627197
v -78.79350 32.72740 901.35870361
v -78.79190 45.20830 877.51519775
v -78.77290 9.74830 517.08312988
v -78.74920 65.84470 526.46710205
v -78.74590 36.95600 604.67401123
v -78.73780 21.11880 664.07562256
v -78.73579 -0.54560 877.46997070
v -78.73579 73.01480 506.17840576
v -78.73520 63.80380 496.59030151
v -78.73500 43.11840 571.41369629
v -78.73450 35.88030 613.88531494
v -78.72900 2.39040 892.46240234
v -78.72770 5.50200 865.49230957
v -78.71890 44.87020 565.25469971
v -78.71750 41.02750 581.04412842
v -78.71570 60.90170 529.17340088
v -78.71510 40.71300 586.58239746
v -78.71040 6.85400 589.32843018
v -78.69780 27.37170 658.34167480
v -78.68270 2.38350 870.02429199
v -78.65050 17.09500 658.02862549
v -78.64720 30.71000 649.04968262
v -78.60720 30.55610 859.55187988
v -78.60650 42.73300 576.95019531
v -78.39400 10.61550 549.86480713
v -78.34840 10.50840 519.82379150
v -78.12199 46.29570 552.92291260
v -78.00780 13.90010 646.64288330
v -77.96671 22.22690 661.30609131
v -77.96111 27.56080 655.30041504
v -77.93520 16.80720 654.74829102
v -77.92230 7.49430 586.35681152
v -77.92180 36.62590 607.81347656
v -77.91940 25.11830 658.25939941
v -77.91420 45.98650 556.28228760
v -77.89550 19.10150 658.13232422
v -77.87010 52.40670 538.26062012
v -77.86500 -0.45750 874.51220703
v -77.84290 23.18170 858.47589111
v -77.83430 10.47050 628.04400635
v -77.82030 32.58030 861.21240234
v -77.81920 4.60010 865.94152832
v -77.81480 49.25730 544.66790771
v -77.81039 34.76240 622.32592773
v -77.80730 66.04560 498.63610840
v -77.80290 -0.59110 879.90368652
v -77.79260 12.88550 901.47137451
v -77.76830 42.12370 493.57101440
v -77.76620 0.47450 871.84771729
v -77.76600 14.92180 860.33459473
v -77.76400 -0.54900 883.28332520
v -77.76060 38.75330 867.24969482
v -77.76060 40.75020 585.43701172
v -77.76040 72.10780 520.19421387
v -77.75850 29.51850 859.64440918
v -77.75800 45.16090 880.44342041
v -77.75660 58.66230 531.02722168
v -77.75600 13.90780 643.66510010
v -77.75020 43.04710 872.06707764
v -77.74969 1.61760 892.09661865
v -77.73040 8.72040 619.35498047
v -77.70940 53.49820 493.55938721
v -77.70340 9.84660 553.35467529
v -77.70309 45.11560 559.16210938
v -77.70200 44.07590 565.48327637
v -77.70150 53.50780 535.69458008
v -77.69970 70.09470 523.28137207
v -77.69890 37.77710 898.40881348
v -77.69870 1.28440 889.58392334
v -77.69640 73.01600 517.24822998
v -77.69570 43.03260 571.30438232
v -77.69000 11.96740 533.06579590
v -77.67599 42.15850 871.47711182
v -77.67419 63.94160 497.05389404
v -77.67360 42.08650 892.74707031
v -77.65840 27.37270 652.33947754
v -77.64211 12.74500 529.99310303
v -77.62590 11.82970 523.60510254
v -77.62450 35.61900 613.49731445
v -77.60960 17.09490 652.02862549
v -77.60770 32.39110 637.52441406
v -77.60139 25.12060 654.79248047
v -77.58640 40.72880 895.60058594
v -77.42050 9.23830 622.35577393
v -77.23530 12.57430 637.50018311
v -77.04840 0.24130 874.49682617
v -77.02209 45.09120 493.51510620
v -77.00190 73.04570 511.49179077
v -76.96450 39.83940 586.58880615
v -76.92620 12.10280 526.33142090
v -76.90331 27.58830 649.19689941
v -76.89420 16.80720 648.74829102
v -76.88180 10.85620 628.50207520
v -76.85139 31.46000 637.69067383
v -76.82440 41.17980 577.31201172
v -76.82420 44.25370 883.97949219
v -76.80750 7.55590 581.11242676
v -76.78850 38.07740 589.26409912
v -76.77900 44.98220 874.34790039
v -76.77780 45.95200 877.89862061
v -76.77580 42.97700 892.25750732
v -76.77150 9.91360 547.99969482
v -76.77029 68.08200 500.99688721
v -76.75620 43.21450 565.41357422
v -76.73730 19.20090 859.48419189
v -76.72200 22.24860 652.11450195
v -76.71870 47.20790 549.36297607
v -76.71650 27.43990 860.18469238
v -76.71609 35.74350 899.65863037
v -76.71609 51.36830 538.76489258
v -76.71560 -0.50410 886.03308105
v -76.71560 6.61660 864.20172119
v -76.71450 22.22710 498.70220947
v -76.71410 71.27150 505.67370605
v -76.71400 71.67001 520.96942139
v -76.71370 35.94970 604.19610596
v -76.71250 39.97020 580.90112305
v -76.70880 9.68290 862.12957764
v -76.70869 11.83110 508.86859131
v -76.69640 40.98080 869.97491455
v -76.69120 52.51300 493.64019775
v -76.67210 38.88250 586.35382080
v -76.65810 55.59050 532.65527344
v -76.64830 43.94700 889.28338623
v -76.64070 72.97950 516.76690674
v -76.63620 6.85670 583.29650879
v -76.63450 70.08930 523.21502686
v -76.61610 27.36780 646.34497070
v -76.60680 13.85210 637.35437012
v -76.59920 41.96070 573.91607666
v -76.59669 19.17520 649.12329102
v -76.58240 12.66530 523.61450195
v -76.56080 37.79890 591.93542480
v -76.56060 25.19380 648.80377197
v -76.55920 38.96100 868.51049805
v -76.55690 34.66860 615.93298340
v -76.55530 26.49410 859.72277832
v -76.42310 1.51410 891.12469482
v -76.41550 4.57430 895.51409912
v -75.99290 59.39010 495.79141235
v -75.92560 30.64990 634.49810791
v -75.92390 22.23150 649.28582764
v -75.90891 9.98730 517.70922852
v -75.90310 11.82950 628.50708008
v -75.85220 16.80910 642.74328613
v -75.84440 10.62070 544.35638428
v -75.84180 19.26700 646.29107666
v -75.84010 10.89980 520.33819580
v -75.83490 -0.43680 874.81988525
v -75.80840 40.89180 895.39422607
v -75.78540 21.18710 859.48602295
v -75.78250 36.62470 598.80920410
v -75.75600 67.86770 501.12789917
v -75.75510 45.20060 874.99389648
v -75.74879 27.35860 496.22000122
v -75.74830 8.77860 862.25250244
v -75.74730 31.58350 628.93560791
v -75.74170 45.95790 877.52972412
v -75.73780 16.95310 860.19702148
v -75.73430 7.71530 862.77770996
v -75.73430 45.18610 553.32989502
v -75.73260 10.94480 538.99719238
v -75.72580 8.61600 610.49432373
v -75.72430 9.60740 556.32037354
v -75.70020 11.74270 901.33038330
v -75.69920 13.90930 505.81909180
v -75.67740 46.17160 550.24810791
v -75.67720 72.01051 508.98928833
v -75.67710 43.03150 892.10827637
v -75.67590 40.82320 577.22448730
v -75.67550 31.73020 862.61968994
v -75.67320 0.44700 871.75659180
v -75.67280 17.02900 502.65890503
v -75.67050 37.84010 867.27429199
v -75.66990 49.28540 541.94458008
v -75.66550 36.92480 592.42010498
v -75.66510 -0.75750 881.21350098
v -75.62170 45.11350 883.50677490
v -75.62060 30.61210 862.39660645
v -75.61500 35.80820 865.56042480
v -75.60740 11.96920 625.94860840
v -75.60340 34.82950 607.89080811
v -75.59690 6.89390 598.49249268
v -75.59340 7.81400 604.92352295
v -75.58570 44.87920 886.70941162
v -75.54370 37.83490 898.30999756
v -75.54340 65.94440 526.27819824
v -75.53720 55.53390 532.43402100
v -75.53140 30.40330 631.93109131
v -75.52980 26.38620 642.80920410
v -75.52921 61.06780 529.18762207
v -75.52510 17.10290 640.03967285
v -75.52170 14.05740 631.92828369
v -75.51740 19.34600 642.79742432
v -75.42160 28.58500 496.15460205
v -75.35660 7.09660 601.47979736
v -75.06330 9.97870 514.67492676
v -74.97270 8.64210 576.60540771
v -74.87910 12.66020 523.49200439
v -74.83839 26.33260 640.30371094
v -74.83611 11.67950 535.08557129
v -74.80949 58.63920 530.25561523
v -74.80400 70.26791 520.60552979
v -74.79850 11.97530 529.96887207
v -74.77020 18.20020 638.05737305
v -74.76330 66.98341 524.81750488
v -74.74020 10.85230 511.79299927
v -74.73870 16.02940 634.63812256
v -74.73060 67.13931 501.29470825
v -74.72980 63.96740 498.70199585
v -74.72600 -0.77270 878.13537598
v -74.71480 33.50940 616.51202393
v -74.71220 8.61830 604.93609619
v -74.71111 72.01801 511.72109985
v -74.70610 69.08000 522.56207275
v -74.70399 45.94940 880.49041748
v -74.70370 23.20810 640.49291992
v -74.69970 3.35920 868.46166992
v -74.68010 38.83050 580.63720703
v -74.63940 21.88450 640.30352783
v -74.63780 6.86170 580.86639404
v -74.63520 46.16410 547.96929932
v -74.63499 1.41090 870.34448242
v -74.63460 15.97960 504.20019531
v -74.63290 50.32980 538.61370850
v -74.63260 44.13450 889.01507568
v -74.63200 21.19340 499.63330078
v -74.63160 12.65680 527.10137939
v -74.63140 19.10300 501.46640015
v -74.63140 43.97040 556.65631104
v -74.57809 39.91340 577.48278809
v -74.57100 -1.42000 883.18109131
v -74.55690 71.94580 514.48907471
v -74.55180 9.90640 541.28228760
v -74.52690 9.85450 613.16137695
v -74.52670 32.66580 901.32012939
v -74.52220 48.18810 543.93511963
v -74.50090 52.41040 535.34149170
v -74.49240 35.72170 597.99139404
v -74.47870 26.22470 636.81207275
v -74.40620 13.95710 506.84429932
v -74.14880 8.86280 552.13879395
v -74.14230 34.26250 607.36267090
v -74.10780 8.79020 557.07910156
v -73.94341 28.66750 631.48992920
v -73.94320 30.66870 625.50158691
v -73.94279 15.73500 631.35247803
v -73.84620 23.26370 637.74060059
v -73.79330 12.75570 526.47070312
v -73.77330 9.60880 547.65539551
v -73.74820 7.70770 898.40118408
v -73.73560 12.75590 508.69409180
v -73.73030 10.78960 514.32031250
v -73.71820 24.19620 635.13867188
v -73.68800 6.68850 584.05371094
v -73.67690 45.83810 880.26879883
v -73.67360 -1.46220 880.71569824
v -73.66650 8.37080 597.94738770
v -73.66470 8.82740 604.30969238
v -73.66040 17.07870 631.64910889
v -73.65850 8.49820 577.56561279
v -73.65310 45.07080 550.50042725
v -73.64560 45.10900 883.48498535
v -73.64460 10.83930 534.84979248
v -73.64080 36.59870 589.64471436
v -73.60201 34.71170 601.50311279
v -73.60190 21.31580 634.47937012
v -73.59680 37.91050 580.71832275
v -73.59380 67.95680 502.65258789
v -73.59370 3.61910 867.55871582
v -73.59310 8.69460 863.39801025
v -73.59280 6.61310 864.73980713
v -73.59240 63.73120 498.81838989
v -73.59140 23.26820 498.84729004
v -73.58990 43.23210 556.48870850
v -73.58839 39.85490 895.40057373
v -73.58780 28.46740 862.47290039
v -73.58490 34.84060 598.44201660
v -73.58040 12.93300 619.88470459
v -73.53750 9.80900 607.89331055
v -73.53580 36.79440 898.34289551
v -73.53190 19.04700 501.63049316
v -73.52410 38.88670 868.82000732
v -73.52330 70.80950 508.51141357
v -73.51200 39.75540 577.15161133
v -73.50940 34.80070 866.26123047
v -73.50920 5.64350 896.39971924
v -73.47820 11.88860 526.06677246
v -73.45820 64.89410 526.28479004
v -73.45690 54.49010 532.39147949
v -73.45300 42.93160 871.57452393
v -73.45070 27.42310 630.81402588
v -73.44710 0.55780 889.40808105
v -73.44610 15.08480 861.20001221
v -73.43560 37.92250 868.46289062
v -73.42010 69.65090 505.43728638
v -72.92050 31.17820 496.22860718
v -72.83510 -0.42790 886.56829834
v -72.83100 44.71440 874.42980957
v -72.80530 29.61040 622.49719238
v -72.80490 52.26480 495.70959473
v -72.80150 -0.58840 877.53662109
v -72.79640 10.83490 610.77618408
v -72.77970 -0.37900 874.76629639
v -72.75510 27.36370 628.30627441
v -72.74760 35.62030 592.87072754
v -72.70170 -0.67420 880.32391357
v -72.69960 15.15450 623.20941162
v -72.69630 25.13140 629.01007080
v -72.68950 26.45600 497.57180786
v -72.66600 70.91940 514.65930176
v -72.63640 44.16750 550.92608643
v -72.62520 6.94980 590.39270020
v -72.61400 10.58780 535.31750488
v -72.60420 69.00360 521.70080566
v -72.59399 13.97130 901.39941406
v -72.58990 26.35860 861.92517090
v -72.56870 31.70390 613.33660889
v -72.55659 2.45140 869.02917480
v -72.55569 37.05490 580.73767090
v -72.55500 23.26750 861.04669189
v -72.55450 53.45590 532.54022217
v -72.55310 36.79800 867.66448975
v -72.55120 51.37350 534.41998291
v -72.55060 32.76510 865.45007324
v -72.55050 7.65310 864.60467529
v -72.54990 42.92750 556.66320801
v -72.54380 10.79030 512.23162842
v -72.52070 35.71270 589.65051270
v -72.49850 19.60640 628.13781738
v -72.49540 38.87050 577.42877197
v -72.48660 10.90740 517.32019043
v -72.47370 0.54850 888.20782471
v -72.46440 10.84810 862.60479736
v -72.46021 35.92850 585.93518066
v -72.43320 58.77830 529.06060791
v -72.43140 7.71930 577.63989258
v -72.42800 16.96220 624.92578125
v -72.39930 27.26780 624.81372070
v -72.39301 47.12730 541.87542725
v -72.33880 10.68280 514.79779053
v -72.26420 69.81190 520.05657959
v -72.24910 21.18770 860.83648682
v -72.16320 11.98530 610.00402832
v -71.74270 12.85560 613.48992920
v -71.71500 11.55340 520.69219971
v -71.68719 23.40850 625.32788086
v -71.68449 27.41760 622.32598877
v -71.68069 8.54150 571.94628906
v -71.67530 69.21960 508.67111206
v -71.64771 61.77250 527.20648193
v -71.62560 44.19070 880.99517822
v -71.62520 61.66650 498.74578857
v -71.61520 42.92970 871.82641602
v -71.59150 29.45430 616.56829834
v -71.59050 40.89590 870.20812988
v -71.58521 42.15240 556.71972656
v -71.57790 69.97150 517.28222656
v -71.57170 18.01850 622.64160156
v -71.56630 10.78530 524.13159180
v -71.56500 51.31680 533.99420166
v -71.54790 44.11950 550.12170410
v -71.52260 15.97990 619.50177002
v -71.51660 44.01640 874.92700195
v -71.51610 0.51250 874.62170410
v -71.51550 9.81830 598.96032715
v -71.51480 48.24750 538.65698242
v -71.51360 56.71800 496.64889526
v -71.51340 63.87049 500.27301025
v -71.51250 14.81320 505.35980225
v -71.51060 9.73900 535.50689697
v -71.51040 15.98630 502.87570190
v -71.50800 36.68590 580.85498047
v -71.50790 10.91330 509.95309448
v -71.50420 17.15690 501.94311523
v -71.49860 47.20070 541.22558594
v -71.46660 25.17660 861.97912598
v -71.45650 29.56170 901.38549805
v -71.45450 38.81760 868.62561035
v -71.45440 56.63280 529.50781250
v -71.45190 23.21280 499.01831055
v -71.45160 10.00700 601.52117920
v -71.45080 35.75540 898.33587646
v -71.45040 43.95190 885.92742920
v -71.44470 43.10410 888.99407959
v -71.43221 38.63450 577.16168213
v -71.43000 66.90090 523.37530518
v -71.42950 9.81610 899.01300049
v -71.42910 4.60870 868.21710205
v -71.42770 6.68100 896.41351318
v -71.37910 38.87560 895.31182861
v -71.23740 25.43410 498.17428589
v -70.81281 29.71500 613.49340820
v -70.73660 25.99910 619.66217041
v -70.70120 30.69880 607.94873047
v -70.64760 7.01950 581.15191650
v -70.63969 15.90670 616.29522705
v -70.62440 13.89690 610.64141846
v -70.62430 46.72090 496.44430542
v -70.60220 55.54160 529.57592773
v -70.56270 38.05230 574.44940186
v -70.55140 68.82270 508.35589600
v -70.54150 33.73760 592.71301270
v -70.53310 13.93540 505.51940918
v -70.53290 16.97450 616.64831543
v -70.53130 49.28510 535.61279297
v -70.51680 69.04450 517.15167236
v -70.50010 33.74130 496.53979492
v -70.48420 29.58090 864.27478027
v -70.47320 66.98320 522.38177490
v -70.46980 8.95000 592.64819336
v -70.46930 7.66040 865.44042969
v -70.46880 9.74000 529.64538574
v -70.46860 21.21920 619.07348633
v -70.46200 2.45840 871.78051758
v -70.46030 9.67790 511.66519165
v -70.45930 31.72970 865.47113037
v -70.45150 51.43000 496.63909912
v -70.42340 41.86740 556.50469971
v -70.42110 51.43150 532.44458008
v -70.41030 62.81880 526.32373047
v -70.39910 7.83390 576.80108643
v -70.39430 35.84030 897.77368164
v -70.39420 7.92520 586.48571777
v -70.39400 42.88200 889.14550781
v -70.39230 40.87590 892.40722656
v -70.38890 2.32150 889.17828369
v -70.35000 43.10530 874.90472412
v -70.34740 37.88100 868.52838135
v -70.33210 29.60190 610.03601074
v -70.31290 66.98790 505.47570801
v -70.30250 34.59890 586.49401855
v -70.27119 25.82280 615.72448730
v -70.23520 8.53990 548.58569336
v -70.20890 33.18800 595.50250244
v -70.20270 42.70600 553.31518555
v -69.77510 11.73070 601.64910889
v -69.65150 9.73730 520.99688721
v -69.62980 17.15670 613.49780273
v -69.59220 22.43100 614.16601562
v -69.55730 38.88170 894.09960938
v -69.55460 26.27740 613.27752686
v -69.55370 8.77990 533.55682373
v -69.53610 23.50500 862.11437988
v -69.53350 9.41320 589.00927734
v -69.50940 8.46720 565.70819092
v -69.50420 34.94530 580.84588623
v -69.50380 0.54810 878.20208740
v -69.50060 67.13461 506.05090332
v -69.49910 25.07320 901.50201416
v -69.49890 68.81320 514.49121094
v -69.46640 17.03030 901.37420654
v -69.44150 27.47980 901.33380127
v -69.43990 14.88350 607.65307617
v -69.43650 60.80020 499.67080688
v -69.43430 27.42540 610.49511719
v -69.43260 18.88110 613.25097656
v -69.43190 64.90960 503.26818848
v -69.43080 13.78600 505.33609009
v -69.43020 1.42180 875.00421143
v -69.43020 36.85620 577.33618164
v -69.43010 62.82710 525.72528076
v -69.42950 8.69380 864.97198486
v -69.42930 12.85770 862.89007568
v -69.42880 4.53390 868.82409668
v -69.42880 28.47180 497.50561523
v -69.42870 33.66310 898.50427246
v -69.42800 61.78700 500.27841187
v -69.42599 41.86460 871.79931641
v -69.42150 16.11270 501.93670654
v -69.36930 11.87290 507.18820190
v -69.36850 2.90320 889.80047607
v -69.36790 6.89340 895.56018066
v -69.36590 43.83650 883.23120117
v -69.34750 0.62920 882.83709717
v -69.34370 7.74190 568.77380371
v -69.34260 7.91080 514.55059814
v -69.26760 49.37240 532.50238037
v -69.16030 8.96850 586.30480957
v -69.11530 12.91670 600.92077637
v -68.95450 29.86800 604.50469971
v -68.71920 43.30480 545.05401611
v -68.66970 7.76020 558.84637451
v -68.62260 32.98920 586.45690918
v -68.60780 31.37410 899.35357666
v -68.59580 19.36770 610.52032471
v -68.55290 15.91000 607.26501465
v -68.54130 55.61540 498.76098633
v -68.53710 8.77350 526.50421143
v -68.52610 59.68880 527.06372070
v -68.45980 8.54200 532.77581787
v -68.45590 53.32450 498.59439087
v -68.45350 43.09180 883.29168701
v -68.45250 9.94440 589.69531250
v -68.45180 26.21320 607.82781982
v -68.45180 29.50000 864.86791992
v -68.44670 7.80560 565.32958984
v -68.44560 20.14410 499.61898804
v -68.44510 39.97350 870.50299072
v -68.44090 52.47420 529.40698242
v -68.44020 37.68960 571.64947510
v -68.43990 50.27730 530.99261475
v -68.40790 28.48070 604.49682617
v -68.39350 23.46340 610.24731445
v -68.39300 9.52950 577.77978516
v -68.39240 17.15460 607.28601074
v -68.39070 58.79530 499.68109131
v -68.38710 12.85800 899.13861084
v -68.38700 10.77610 897.92156982
v -68.38650 1.43270 877.93420410
v -68.38570 38.82970 893.65472412
v -68.38480 55.54270 528.06567383
v -68.38440 3.49630 871.78369141
v -68.38360 34.76740 580.33569336
v -68.38150 8.63700 509.72830200
v -68.38050 41.78470 889.64178467
v -68.37670 25.47660 901.33197021
v -68.33170 36.84930 895.51867676
v -68.33080 13.95490 503.90539551
v -68.33080 36.45160 577.49542236
v -68.26990 20.97410 607.69171143
v -68.23210 7.76050 542.95111084
v -68.23010 45.04850 538.82800293
v -68.22660 8.06230 571.61682129
v -68.20450 67.62980 511.49829102
v -68.17820 20.15660 901.28887939
v -68.14890 7.54610 512.12701416
v -68.12350 42.70660 886.27416992
v -68.09980 32.33450 589.35632324
v -67.69380 14.73990 601.47882080
v -67.68940 28.73910 601.31152344
v -67.60600 7.79090 520.30670166
v -67.59660 23.26960 607.72778320
v -67.49230 13.71660 598.10717773
v -67.47010 43.11110 544.15319824
v -67.45920 63.86190 504.30731201
v -67.42690 2.46160 874.85601807
v -67.41790 7.79290 531.94641113
v -67.40960 30.60490 592.81280518
v -67.40620 39.71560 559.67309570
v -67.40470 33.66780 580.81317139
v -67.40080 5.58230 892.24377441
v -67.39910 60.68390 501.49389648
v -67.35830 40.79530 553.51489258
v -67.35830 42.90030 880.48358154
v -67.35460 27.43160 601.49768066
v -67.35190 60.74250 525.72851562
v -67.34850 53.45330 527.73162842
v -67.34630 14.94070 862.89569092
v -67.34540 7.78630 526.12512207
v -67.34480 5.57250 869.52868652
v -67.34460 40.81990 871.77630615
v -67.34270 51.37400 528.40972900
v -67.34170 7.65370 894.66900635
v -67.34100 14.81440 502.54769897
v -67.34010 45.12420 538.19689941
v -67.33850 1.63550 882.55407715
v -67.31810 21.05730 499.21310425
v -67.31510 15.99390 862.58068848
v -67.28610 9.79310 577.49261475
v -67.27930 41.79550 874.71209717
v -67.26920 1.74200 877.50988770
v -67.26660 36.71500 895.36730957
v -67.25930 10.69770 505.65478516
v -67.25760 39.87790 556.61877441
v -67.24820 6.61790 514.51208496
v -67.23850 47.20550 532.79272461
v -67.22630 30.54450 497.80371094
v -67.21490 2.64500 886.22052002
v -67.17860 18.49370 603.81231689
v -67.15200 25.21470 603.70812988
v -67.12820 15.92020 600.51531982
v -67.03400 9.36220 580.33361816
v -66.52940 41.29060 547.64349365
v -66.46049 25.42600 601.25427246
v -66.44420 63.99300 506.00100708
v -66.44100 29.50740 899.11169434
v -66.43900 32.40300 866.49328613
v -66.42510 40.25050 889.12799072
v -66.42460 13.89410 595.22851562
v -66.40630 38.77660 498.79638672
v -66.40359 57.64690 526.39428711
v -66.39970 9.53870 568.75531006
v -66.39920 48.51660 499.45318604
v -66.38730 11.81740 586.94018555
v -66.37940 47.14710 498.95458984
v -66.37280 8.06060 563.04748535
v -66.36720 14.88090 595.79608154
v -66.36380 38.93610 891.18438721
v -66.34180 7.54670 529.93768311
v -66.33150 14.90520 899.02807617
v -66.30790 18.99950 601.23132324
v -66.30740 9.73500 866.17077637
v -66.30620 52.49280 499.63211060
v -66.30620 57.48570 501.41128540
v -66.30520 11.94480 504.13821411
v -66.30520 12.85800 897.83502197
v -66.30450 39.01730 556.48132324
v -66.30370 37.64460 868.61853027
v -66.29900 41.92940 883.48559570
v -66.28200 35.98460 571.21319580
v -66.27550 62.81230 522.34442139
v -66.27260 35.68560 574.29992676
v -66.25670 17.08720 598.49212646
v -66.25420 49.34840 529.26708984
v -66.25300 10.77770 504.55499268
v -66.25050 59.64660 524.99450684
v -66.23330 18.22780 862.64440918
v -66.20180 22.22020 862.64752197
v -66.17800 52.41700 526.57287598
v -66.10910 38.76370 558.92828369
v -66.10070 37.93800 561.89471436
v -65.96960 4.78120 889.00408936
v -65.78690 65.18180 511.32971191
v -65.77150 40.73100 499.39349365
v -65.66340 30.69400 586.64007568
v -65.50110 27.31790 595.65777588
v -65.49530 45.39410 499.55340576
v -65.46690 24.31040 598.50109863
v -65.39930 33.67520 896.27752686
v -65.37030 58.65810 502.55239868
v -65.34510 42.15320 541.73547363
v -65.33870 6.62470 524.42327881
v -65.33530 7.53270 541.14141846
v -65.33210 38.98770 499.55349731
v -65.32520 9.78980 568.49200439
v -65.32260 36.74430 893.69909668
v -65.28020 47.10510 499.89859009
v -65.27290 15.97890 898.53302002
v -65.27280 62.88740 508.37078857
v -65.27260 23.34140 598.25360107
v -65.27040 17.22200 595.29711914
v -65.26960 8.69080 867.62341309
v -65.26840 51.32500 526.40618896
v -65.26660 31.79160 580.27032471
v -65.26540 6.84270 537.23309326
v -65.26520 11.81650 896.37817383
v -65.26400 5.64490 517.50677490
v -65.26300 18.19610 499.52679443
v -65.26200 46.16350 532.61682129
v -65.25960 2.79610 880.68847656
v -65.25860 19.23990 499.14358521
v -65.20860 49.24080 501.02990723
v -65.20740 7.65610 506.86648560
v -65.20580 42.97860 539.01611328
v -65.20090 30.43960 865.56420898
v -65.20080 4.77060 514.33770752
v -65.19880 10.00790 571.48577881
v -65.19640 39.45190 889.86859131
v -65.19460 49.22080 526.84210205
v -65.19410 6.62410 529.86901855
v -65.18790 60.74050 522.97827148
v -65.17990 4.78330 511.39401245
v -65.15590 41.67590 883.49768066
v -65.14680 20.97730 595.69158936
v -65.12720 38.93260 871.88897705
v -65.11910 26.30460 594.82171631
v -65.11580 41.66990 880.94042969
v -65.08980 37.56860 562.37097168
v -65.08260 42.90620 502.88070679
v -65.06130 44.74610 502.89080811
v -65.03620 28.47100 589.04357910
v -64.99450 6.81410 870.16821289
v -64.92450 41.09630 502.51510620
v -64.56970 14.74360 589.48468018
v -64.54820 63.86090 514.47601318
v -64.53240 62.22940 519.87982178
v -64.47490 23.26370 595.73211670
v -64.45540 26.38040 498.10659790
v -64.45410 46.15860 502.51181030
v -64.31080 16.94270 898.33239746
v -64.31060 50.24850 501.57611084
v -64.30470 13.81940 864.94207764
v -64.30390 60.74220 505.91320801
v -64.29440 4.54830 874.85083008
v -64.28830 28.40180 865.08581543
v -64.28550 55.47840 501.81420898
v -64.28460 41.94550 541.50512695
v -64.27930 31.59240 579.46099854
v -64.27800 5.52350 508.72369385
v -64.26660 27.46410 898.37017822
v -64.25180 35.57620 568.44000244
v -64.23520 7.64590 891.37292480
v -64.22910 34.71910 894.72949219
v -64.22750 41.02390 544.48571777
v -64.22580 45.28280 505.16699219
v -64.22420 13.89850 896.54992676
v -64.22380 9.73450 893.66827393
v -64.22370 42.97800 538.42968750
v -64.22270 49.46450 525.20892334
v -64.22230 40.11020 547.48272705
v -64.22220 27.43290 498.10360718
v -64.22190 5.52460 520.81951904
v -64.17500 30.50060 896.73120117
v -64.17090 8.69730 504.32168579
v -64.16200 12.91800 501.70379639
v -64.15910 4.49430 511.67001343
v -64.15820 39.70710 874.77679443
v -64.14960 25.17980 592.02398682
v -64.14230 30.63070 866.05432129
v -64.12080 38.93840 502.26370239
v -64.11070 10.72040 867.37512207
v -64.06960 48.26590 505.15899658
v -64.06140 57.55120 523.29217529
v -64.05640 18.58380 591.81439209
v -64.00520 15.92020 588.51538086
v -63.96390 3.96700 877.50378418
v -63.88050 12.50070 580.31011963
v -63.62060 13.57560 583.21948242
v -63.52590 27.62890 586.47161865
v -63.46310 50.21740 502.93429565
v -63.44030 61.86410 511.95498657
v -63.41470 22.93360 898.53112793
v -63.39470 56.49440 523.57922363
v -63.37340 61.71980 516.58312988
v -63.36420 59.69580 519.92761230
v -63.34340 9.58460 559.93402100
v -63.32620 28.55060 583.48638916
v -63.31510 4.60480 517.70239258
v -63.31350 47.36550 508.00250244
v -63.30870 59.53130 508.36358643
v -63.29330 37.97830 553.81030273
v -63.27640 9.80640 868.55078125
v -63.27380 36.88690 891.36920166
v -63.27180 34.79950 868.69641113
v -63.25980 55.54530 502.91320801
v -63.25590 35.76250 499.63369751
v -63.25090 57.56120 504.29541016
v -63.23880 41.04330 541.65777588
v -63.22820 34.89490 565.39282227
v -63.18880 9.90720 562.49877930
v -63.18820 36.80000 871.43139648
v -63.18750 28.60630 865.69281006
v -63.18580 10.77420 893.53833008
v -63.18510 19.04230 589.23181152
v -63.18390 15.98160 896.56390381
v -63.18380 20.54510 898.31311035
v -63.18210 6.61450 872.63049316
v -63.18090 5.57020 506.88989258
v -63.18050 47.20230 527.93597412
v -63.17830 3.76100 514.52148438
v -63.16400 19.10200 864.72570801
v -63.15560 10.87440 565.95672607
v -63.14050 11.02730 568.51330566
v -63.13840 33.73160 868.54199219
v -63.12940 33.61880 894.00097656
v -63.12340 4.70240 523.03961182
v -63.11420 54.73850 505.48190308
v -63.10130 24.22510 897.57830811
v -63.09420 34.79620 499.53909302
v -63.08060 59.48709 514.26098633
v -63.06320 56.26610 508.97149658
v -63.03550 18.14940 586.71752930
v -63.02790 44.00370 532.89221191
v -63.02740 23.98390 588.78228760
v -62.95420 51.84120 522.83697510
v -62.89250 5.63340 532.15148926
v -62.76800 39.30520 877.86541748
v -62.47070 55.62820 505.34390259
v -62.45850 57.61660 505.67208862
v -62.35560 58.65690 517.49829102
v -62.35030 58.64790 514.89398193
v -62.35020 56.57550 511.52429199
v -62.35000 30.55890 577.62017822
v -62.34250 17.30140 499.01928711
v -62.31520 56.57140 520.01257324
v -62.28390 28.46440 896.38897705
v -62.28090 15.07490 580.69781494
v -62.27310 24.17060 586.29357910
v -62.27010 37.82690 553.50646973
v -62.25270 24.65030 865.45690918
v -62.25150 28.41640 580.59362793
v -62.24870 53.84480 519.46362305
v -62.22740 52.84860 512.02691650
v -62.21740 12.77960 867.40240479
v -62.20350 16.03900 865.65130615
v -62.20170 34.65900 892.23931885
v -62.19940 35.75760 500.97628784
v -62.18470 41.05040 540.98529053
v -62.17770 25.30140 497.82418823
v -62.16010 14.93030 577.78552246
v -62.15430 8.74880 889.09851074
v -62.15040 26.46170 865.68402100
v -62.15010 16.95430 583.26318359
v -62.14810 21.53350 586.31549072
v -62.14580 18.06360 895.72839355
v -62.14210 12.80000 893.51940918
v -62.14210 14.80260 499.64129639
v -62.14200 39.98290 544.48089600
v -62.13990 45.12340 529.88171387
v -62.13900 10.91030 501.41870117
v -62.13510 47.22590 509.64990234
v -62.13330 7.53670 547.11968994
v -62.12640 31.53290 894.05609131
v -62.08180 6.66930 503.94628906
v -62.08180 9.79200 501.67260742
v -62.07530 3.43770 514.41699219
v -62.07090 35.68120 889.82910156
v -62.06330 4.73030 529.11077881
v -62.06130 7.94110 550.63909912
v -62.02400 8.62200 871.89190674
v -61.97840 6.45570 537.80590820
v -61.94150 48.97330 512.11907959
v -61.90830 5.73720 535.25201416
v -61.62880 30.83770 574.72192383
v -61.42420 21.19020 497.84091187
v -61.37180 42.13960 508.36749268
v -61.31500 52.40830 517.49829102
v -61.31420 14.82640 574.51019287
v -61.31190 7.64870 874.59887695
v -61.31120 52.33400 514.90319824
v -61.29880 26.24260 580.80157471
v -61.28810 23.95310 581.25952148
v -61.28130 17.31800 580.51318359
v -61.27200 28.35360 895.50177002
v -61.25750 50.27620 520.07708740
v -61.24750 20.09350 581.08477783
v -61.20760 50.33830 514.82989502
v -61.19860 32.85720 499.20748901
v -61.19340 10.68520 870.34362793
v -61.19290 38.78990 547.71972656
v -61.18420 19.02180 895.43182373
v -61.18040 39.99890 541.93310547
v -61.17690 14.85960 867.37829590
v -61.17040 20.36880 865.65338135
v -61.16970 31.59530 868.61138916
v -61.16300 11.81260 891.44482422
v -61.15420 33.61710 870.29211426
v -61.12690 43.01810 533.06158447
v -61.11080 49.21590 520.74578857
v -61.10720 23.39070 865.71160889
v -61.10660 6.78780 544.27618408
v -61.10480 28.34020 867.41857910
v -61.10410 35.76430 872.74078369
v -61.10330 38.88790 507.00619507
v -61.10150 15.98170 893.96960449
v -61.10070 36.80210 503.89318848
v -61.09530 45.12400 529.32507324
v -61.09460 12.72320 499.67239380
v -61.09290 36.81090 553.74127197
v -61.05980 13.83670 892.37628174
v -61.04310 4.58970 504.30661011
v -61.04060 44.08400 510.21850586
v -61.03720 3.69390 522.74609375
v -61.03570 17.95020 577.83581543
v -61.03450 9.48920 553.12872314
v -61.02500 33.90210 499.81500244
v -61.01380 6.53370 502.62359619
v -60.99580 1.62910 511.34869385
v -60.97560 47.40830 523.03930664
v -60.91740 25.50700 895.18359375
v -60.87030 45.05140 511.61520386
v -60.86280 18.22360 886.51098633
v -60.79750 21.27370 886.35839844
v -60.46800 8.39810 883.20031738
v -60.42140 36.94410 883.19677734
v -60.39800 7.64480 880.47821045
v -60.31510 31.86020 568.10052490
v -60.30720 49.20910 517.72760010
v -60.30090 48.31430 520.42480469
v -60.27960 11.72790 889.43731689
v -60.26190 27.42500 577.42218018
v -60.24810 48.25580 517.18389893
v -60.23540 35.91930 875.03552246
v -60.18560 11.28970 887.15460205
v -60.17430 19.12930 577.32031250
v -60.16770 12.36050 561.60650635
v -60.16580 1.65370 508.66101074
v -60.14190 13.90000 889.50958252
v -60.13800 8.74910 877.65863037
v -60.13660 47.33810 520.11682129
v -60.12800 16.03940 892.36920166
v -60.12600 28.46980 574.34820557
v -60.12340 15.91870 571.79852295
v -60.10530 21.12600 883.94372559
v -60.07530 35.70360 886.19061279
v -60.06390 29.57050 868.67559814
v -60.06370 38.03980 508.34750366
v -60.06040 9.89940 553.72229004
v -60.06020 46.21930 514.46289062
v -60.05980 2.59280 505.68130493
v -60.05940 45.12730 528.37280273
v -60.05850 41.99270 535.27722168
v -60.05550 39.92440 509.59210205
v -60.00920 33.81010 889.15167236
v -60.00900 6.96380 542.64477539
v -60.00480 26.23320 577.13537598
v -59.99060 30.35110 568.98138428
v -59.97330 16.92710 890.07727051
v -59.96480 36.40510 879.85748291
v -59.96040 16.06910 885.91992188
v -59.92620 38.82470 544.62927246
v -59.92150 34.54010 559.26898193
v -59.87030 17.02470 883.73370361
v -59.86630 3.35210 516.93041992
v -59.83150 14.21400 565.94207764
v -59.81480 19.88150 890.07611084
v -59.80250 10.83850 872.42382812
v -59.35100 17.11010 892.10760498
v -59.26500 20.30360 892.26702881
v -59.22040 35.65020 880.76428223
v -59.19980 19.34640 574.51177979
v -59.19390 9.81620 880.25677490
v -59.13800 10.72940 882.35601807
v -59.09670 38.99410 541.83319092
v -59.08890 36.81360 550.39379883
v -59.04150 22.21890 889.65502930
v -59.02950 27.49180 571.65252686
v -59.02720 17.08790 868.69152832
v -59.02640 27.41940 868.79138184
v -59.02560 12.85520 871.77838135
v -59.02450 43.04880 512.58587646
v -59.02290 32.63870 873.04577637
v -59.01970 3.36000 503.65289307
v -59.01830 12.92390 561.35980225
v -59.01740 40.92830 536.08569336
v -59.01320 44.08750 529.36737061
v -59.00930 3.62520 526.29577637
v -58.98860 23.30990 892.10162354
v -58.96960 33.67970 886.44519043
v -58.96850 10.95520 875.40881348
v -58.96690 10.78190 498.94000244
v -58.96290 15.92550 869.55572510
v -58.96090 5.84850 538.14440918
v -58.95830 5.62940 501.45379639
v -58.95490 17.02380 882.47717285
v -58.94490 19.02020 571.68688965
v -58.93920 31.59040 889.35540771
v -58.93810 9.66490 550.25848389
v -58.90280 28.25960 892.02380371
v -58.86360 11.66420 556.26080322
v -58.85220 13.95740 562.37268066
v -58.67190 36.85240 508.16400146
v -58.58460 29.57570 567.43927002
v -58.49600 34.91390 502.90478516
v -58.37660 30.50350 889.68457031
v -58.31290 15.50500 564.93872070
v -58.27080 5.39420 532.10681152
v -58.22440 23.34210 889.26538086
v -58.20160 33.89430 556.59771729
v -58.18740 11.82780 879.55700684
v -58.17780 3.29580 517.70080566
v -58.15010 17.18950 568.47991943
v -58.11820 12.86660 880.29138184
v -58.11010 32.74720 885.20111084
v -58.10720 38.97270 510.44891357
v -58.10080 32.68850 875.88269043
v -58.07730 2.45060 514.47662354
v -58.07460 23.26230 883.55950928
v -58.06160 25.36130 890.85119629
v -58.05630 9.65720 547.92761230
v -58.03350 24.51330 571.34082031
v -58.02550 38.85950 541.55511475
v -57.99460 30.55380 872.00628662
v -57.98140 45.06380 518.15148926
v -57.98010 14.12720 880.29998779
v -57.96860 21.13430 496.54010010
v -57.95040 12.91550 875.13311768
v -57.93930 24.24880 886.49749756
v -57.93330 27.36130 871.31152344
v -57.90200 26.28010 568.83740234
v -57.90090 41.04370 512.38427734
v -57.89920 2.65910 522.93872070
v -57.89400 0.70400 508.27239990
v -57.88650 37.67330 547.20672607
v -57.87640 24.30690 883.77368164
v -57.87070 45.00900 525.70007324
v -57.86620 43.15470 529.68182373
v -57.86290 12.00120 556.48858643
v -57.82550 35.68240 550.88360596
v -57.27410 18.11360 871.05828857
v -57.21500 25.35570 888.83239746
v -57.19520 14.05600 874.39440918
v -57.15180 14.03700 877.13189697
v -57.14950 31.58850 883.20550537
v -57.14880 26.27220 871.35852051
v -57.11840 31.52960 878.30657959
v -57.10870 29.29000 886.32049561
v -57.10130 2.54020 517.27038574
v -57.08120 16.98260 871.96917725
v -57.08120 30.54900 875.08599854
v -57.06970 15.76090 874.49200439
v -57.06270 30.60250 883.49517822
v -57.05380 18.07330 496.49771118
v -57.01660 39.03600 538.87689209
v -57.01510 3.64860 529.18579102
v -57.01030 0.70360 508.60379028
v -57.00030 30.78340 561.78668213
v -56.99790 44.08550 527.89611816
v -56.99430 25.35310 883.76928711
v -56.98760 9.85080 547.63702393
v -56.94440 21.17990 879.47137451
v -56.94160 20.33200 568.15979004
v -56.93980 27.43710 886.08850098
v -56.93970 42.97430 514.42669678
v -56.93940 13.89990 558.38232422
v -56.93700 39.92810 537.36871338
v -56.93430 3.62450 501.46899414
v -56.93330 45.03950 521.06530762
v -56.91080 7.69850 498.87939453
v -56.88040 14.88230 496.56079102
v -56.87800 1.32670 505.75808716
v -56.85630 26.38680 496.88119507
v -56.85130 44.94950 525.91540527
v -56.84630 24.09080 496.48040771
v -56.83960 16.41340 876.62280273
v -56.80060 5.84360 535.60400391
v -56.78530 28.46630 875.20428467
v -56.69110 37.83140 544.62500000
v -56.49350 20.06810 495.91720581
v -56.30370 34.54600 502.21139526
v -56.15050 17.59710 877.48431396
v -56.15020 24.29010 878.18212891
v -56.14310 29.42870 880.27258301
v -56.10600 27.50180 882.94757080
v -56.07500 25.24590 874.86871338
v -56.07190 18.71590 874.95947266
v -56.06680 13.73480 556.23022461
v -55.98850 2.66020 526.48071289
v -55.95080 1.47970 508.42749023
v -55.94900 3.50190 529.24267578
v -55.94490 10.71950 547.56341553
v -55.90770 33.53270 499.79980469
v -55.90130 31.79180 556.28167725
v -55.90090 34.71810 552.27612305
v -55.90020 28.47430 562.41278076
v -55.89940 15.98050 559.21166992
v -55.89890 3.19360 514.50708008
v -55.89600 44.85030 520.52117920
v -55.89590 39.80400 511.54739380
v -55.89450 29.51350 497.56280518
v -55.89430 2.44630 511.56600952
v -55.89090 6.51700 535.63287354
v -55.86700 25.38950 496.46130371
v -55.83200 4.54680 532.19122314
v -55.82900 40.95990 532.89099121
v -55.82010 12.85120 496.54180908
v -55.81640 0.85490 505.83279419
v -55.70820 44.02970 526.53979492
v -55.58250 36.61610 547.85498047
v -55.13410 9.67920 497.10369873
v -54.94640 33.74680 502.16571045
v -54.93700 34.63720 550.86968994
v -54.92690 4.78410 532.71838379
v -54.91220 31.65000 498.52218628
v -54.86590 19.10500 559.97058105
v -54.86190 18.06030 559.31750488
v -54.85600 4.58250 499.62759399
v -54.85500 42.11100 514.90258789
v -54.79850 2.35330 502.76379395
v -54.75640 38.93040 511.46929932
v -54.69410 44.06630 520.81091309
v -54.69020 42.05800 529.73242188
v -54.68980 12.80100 550.11853027
v -54.62780 39.80240 536.14752197
v -53.95820 27.49490 559.57611084
v -53.88370 36.26560 548.05932617
v -53.88210 20.31030 559.42987061
v -53.87540 2.35060 505.33309937
v -53.87490 7.90570 538.72558594
v -53.87370 31.54650 554.69458008
v -53.82290 1.81470 502.68310547
v -53.82160 17.02150 556.03430176
v -53.81700 38.80520 541.21057129
v -53.81250 28.47490 496.45520020
v -53.81160 10.83540 496.12969971
v -53.80680 39.66980 538.61840820
v -53.76210 29.56300 556.56652832
v -53.75670 10.73390 544.37237549
v -53.74140 35.76380 506.53381348
v -53.73300 12.93860 549.36602783
v -53.70470 3.48920 500.57189941
v -53.70330 41.93650 514.86853027
v -53.65640 2.68820 514.28192139
v -53.48090 34.91730 505.73989868
v -53.00710 2.56930 502.65670776
v -53.00230 28.30200 556.88397217
v -52.90450 37.84040 509.97021484
v -52.85590 3.41370 502.13101196
v -52.82860 8.75380 496.58139038
v -52.78140 22.00860 556.82189941
v -52.77970 19.16520 556.09771729
v -52.77890 18.06340 553.95172119
v -52.77730 11.93150 544.92980957
v -52.77400 37.76990 542.14898682
v -52.77310 31.52780 497.97659302
v -52.77300 42.05970 529.39129639
v -52.77010 2.65870 508.47518921
v -52.76960 3.66800 500.01470947
v -52.76610 4.66480 498.97698975
v -52.72080 8.31190 537.68322754
v -52.70620 2.66260 523.23742676
v -52.70240 40.02230 513.08789062
v -52.68340 42.87690 517.51617432
v -52.68280 4.52570 526.65032959
v -52.66710 26.54790 556.59527588
v -52.64730 3.36070 510.91751099
v -52.63810 33.61140 550.51629639
v -52.05540 2.62070 514.74658203
v -52.04400 39.91370 535.27270508
v -51.98940 34.70690 505.19448853
v -51.86450 3.55490 502.78170776
v -51.81480 3.38980 507.93341064
v -51.79090 9.02670 538.87139893
v -51.74700 23.48420 556.18310547
v -51.73430 17.02120 550.80218506
v -51.73340 14.93710 549.26660156
v -51.73300 37.84250 509.53131104
v -51.73140 31.59380 552.37402344
v -51.72980 5.57240 498.68161011
v -51.72790 30.55380 495.97378540
v -51.68020 31.53990 496.94400024
v -51.65250 35.67440 547.27862549
v -51.60920 25.30740 556.07421875
v -51.58710 33.81410 502.42550659
v -51.53270 31.73090 499.40570068
v -50.79990 26.32960 554.60009766
v -50.77080 43.76210 523.27728271
v -50.76850 3.38550 514.19921875
v -50.75020 28.52960 553.44470215
v -50.70370 5.46870 499.74279785
v -50.69590 43.09470 526.00897217
v -50.69570 2.79280 520.51538086
v -50.69470 19.10300 550.80969238
v -50.69180 38.76940 538.23968506
v -50.69070 31.79660 499.54150391
v -50.68850 35.75410 546.26641846
v -50.68680 8.82550 495.91320801
v -50.68580 31.58780 496.00048828
v -50.68570 33.59870 501.17089844
v -50.64460 9.39420 537.61157227
v -50.63310 31.64610 550.49078369
v -50.63270 12.79930 543.37292480
v -50.61320 5.72950 529.36517334
v -50.60200 43.13930 521.08630371
v -50.59590 42.83120 517.64782715
v -50.56370 24.28480 493.59228516
v -50.55600 24.23610 553.35571289
v -50.54110 39.03230 535.29101562
v -50.47130 4.61760 502.44470215
v -49.81200 3.63100 509.00180054
v -49.74060 41.01690 514.71771240
v -49.72620 10.69130 538.68927002
v -49.71170 26.44790 553.30718994
v -49.69880 38.57790 536.62408447
v -49.65410 14.94230 544.66467285
v -49.65400 17.67860 493.60519409
v -49.65180 6.48920 529.39550781
v -49.65080 36.79470 505.66088867
v -49.64940 18.06250 548.87219238
v -49.64940 22.22620 551.84179688
v -49.64880 35.75270 544.46411133
v -49.64870 38.87480 510.99719238
v -49.64750 3.51040 519.93109131
v -49.64700 11.82000 541.21636963
v -49.64210 7.65910 496.71179199
v -49.63410 27.45490 493.86120605
v -49.44740 43.10610 523.48437500
v -48.74620 39.91970 532.42950439
v -48.66530 29.56970 550.39379883
v -48.66020 43.04420 520.35137939
v -48.62400 10.77270 494.50421143
v -48.61130 39.91810 511.61639404
v -48.61100 18.06030 547.37078857
v -48.60860 35.75060 502.40100098
v -48.60750 32.63170 495.84921265
v -48.60540 3.89280 521.03338623
v -48.60410 6.60860 498.25500488
v -48.60330 25.34380 551.58660889
v -48.60290 36.85510 540.87121582
v -48.60230 7.85980 532.57659912
v -48.59970 3.70420 517.64520264
v -48.54910 43.04120 526.27062988
v -48.43290 5.58030 500.20080566
v -48.41370 4.67170 503.47601318
v -48.40730 4.43800 513.75048828
v -47.70470 30.55290 548.73760986
v -47.69670 42.13560 517.13311768
v -47.62690 28.49910 493.55700684
v -47.62170 9.79740 535.33129883
v -47.61960 33.67080 496.69250488
v -47.61830 10.78740 493.77969360
v -47.59420 14.86870 493.53540039
v -47.57000 20.14190 547.37817383
v -47.56710 14.94020 542.67480469
v -47.56710 15.98260 543.40850830
v -47.56710 33.67350 544.57092285
v -47.56690 28.47250 549.40612793
v -47.56690 42.98900 517.52416992
v -47.56570 39.91820 510.99819946
v -47.50830 34.71610 499.38739014
v -47.50570 9.62750 494.91241455
v -47.49970 37.96850 535.67541504
v -47.48770 44.78980 523.61297607
v -47.48350 41.04580 529.75500488
v -47.40090 4.49730 519.69757080
v -47.24890 5.73560 500.53610229
v -46.60550 9.66330 532.83142090
v -46.52940 31.59670 546.37322998
v -46.52650 33.67530 495.64770508
v -46.52600 17.02180 543.66998291
v -46.52580 6.81630 496.91390991
v -46.52510 11.81510 537.37512207
v -46.52460 7.78830 495.42999268
v -46.52410 37.84240 503.63531494
v -46.52340 42.00760 513.07690430
v -46.52130 35.75010 540.10791016
v -46.51960 44.94660 523.65942383
v -46.51900 44.01750 517.61108398
v -46.47140 39.91980 508.66690063
v -46.47120 41.95180 529.48229980
v -46.45870 4.79830 520.66607666
v -46.44340 34.94870 499.15350342
v -46.33140 10.30460 493.58810425
v -45.74690 4.68530 512.60559082
v -45.74370 6.87990 526.95251465
v -45.60360 28.32420 547.51123047
v -45.58440 40.02010 508.49749756
v -45.55720 5.84570 523.70397949
v -45.54640 31.53200 493.58850098
v -45.54460 33.61990 542.70440674
v -45.54260 39.92020 532.38598633
v -45.48800 20.14330 544.43920898
v -45.48780 37.83730 502.43780518
v -45.48630 24.31080 546.41339111
v -45.48530 19.10340 543.78570557
v -45.47320 45.17680 526.32800293
v -45.43160 40.91730 508.51928711
v -45.42640 44.15770 527.64947510
v -45.42550 14.88480 540.37017822
v -45.37140 8.76400 493.80090332
v -45.23760 46.16580 526.07788086
v -44.57850 30.55340 544.56970215
v -44.57510 36.79570 499.32330322
v -44.52480 36.86510 537.38671875
v -44.50490 5.48840 516.65570068
v -44.50180 11.87620 535.33050537
v -44.49850 6.95830 499.18310547
v -44.49630 8.64290 529.31860352
v -44.46230 5.64320 509.22891235
v -44.44800 22.22490 544.44879150
v -44.44490 38.98440 532.47308350
v -44.44330 45.12950 527.56677246
v -44.43790 36.75190 496.98910522
v -44.38680 39.86990 532.09100342
v -44.38180 46.16440 517.88037109
v -44.37280 47.15590 526.26202393
v -44.30500 37.90640 499.50640869
v -44.11570 49.21700 526.04858398
v -44.03060 50.33090 523.63580322
v -43.59350 39.92150 502.57360840
v -43.55400 48.36550 523.17327881
v -43.49590 45.22490 514.30877686
v -43.46740 32.69200 541.49468994
v -43.46620 47.20630 517.54931641
v -43.45780 8.82230 494.02139282
v -43.43640 11.10530 532.89660645
v -43.40920 24.42270 544.41278076
v -43.40680 28.60150 544.33599854
v -43.40640 42.00270 505.30599976
v -43.40300 18.06300 540.74749756
v -43.40250 17.02310 540.25128174
v -43.40190 36.80020 495.56790161
v -43.40110 47.20920 527.22668457
v -43.37850 50.27230 526.04608154
v -43.35570 40.96280 502.69750977
v -43.35500 46.17370 514.57421875
v -43.34930 5.80790 519.18151855
v -43.34610 8.98330 529.49707031
v -43.34310 39.85820 532.52569580
v -43.34250 33.73420 493.58920288
v -43.32300 43.12200 529.58898926
v -43.32000 35.67300 538.40527344
v -43.30980 8.60050 496.51129150
v -43.28490 50.33350 521.93377686
v -43.27170 37.83710 535.34277344
v -43.27100 31.59420 541.63409424
v -43.16730 45.07960 508.67651367
v -42.60860 6.46270 511.92669678
v -42.55460 15.78930 538.47351074
v -42.49470 42.06060 502.59109497
v -42.47480 47.16810 514.38159180
v -42.43280 50.24980 526.88110352
v -42.42050 50.72320 520.18041992
v -42.39010 7.52670 505.51010132
v -42.36540 7.85530 499.87350464
v -42.36490 20.14350 541.45117188
v -42.36160 9.65990 529.37567139
v -42.30470 44.03070 529.49389648
v -42.30450 9.82310 493.71670532
v -42.30450 36.85000 535.69049072
v -42.29710 6.82390 523.20440674
v -42.29530 46.39720 508.50088501
v -42.24110 52.34180 523.26019287
v -42.14990 50.33940 506.50851440
v -42.10250 52.41740 508.37091064
v -42.07830 51.36020 526.13519287
v -42.07510 44.14650 502.36239624
v -42.07220 42.06260 499.61770630
v -41.44220 46.17470 505.12780762
v -41.40440 27.21850 542.48937988
v -41.38270 29.57010 541.48999023
v -41.37810 43.10110 530.23248291
v -41.34490 8.76520 497.39401245
v -41.32510 22.22540 541.46069336
v -41.32400 6.86390 508.73168945
v -41.32050 47.21050 528.15661621
v -41.31880 15.04330 536.73779297
v -41.25950 7.59940 523.20581055
v -41.25030 39.92840 496.52679443
v -41.24890 50.33780 503.75711060
v -41.24270 53.20120 523.47918701
v -41.23420 54.24720 517.73437500
v -41.23310 52.49750 506.63919067
v -41.19090 34.71140 538.29687500
v -41.16230 46.08930 502.40509033
v -41.15100 8.63050 502.26278687
v -41.14060 49.29360 502.78930664
v -41.11600 44.09180 499.57931519
v -40.57610 6.82100 518.04437256
v -40.40190 55.12060 511.52441406
v -40.35800 8.86870 526.60321045
v -40.34300 6.90610 511.66250610
v -40.28670 24.30770 541.41638184
v -40.28490 10.59260 494.10348511
v -40.28240 48.25000 527.96331787
v -40.28130 18.06870 538.50750732
v -40.27700 46.22520 500.90560913
v -40.27490 50.32910 502.68258667
v -40.27350 53.45560 507.14389038
v -40.27040 36.74210 493.89788818
v -40.23620 40.99870 496.56021118
v -40.19890 28.55390 540.71051025
v -40.12400 8.61850 505.29141235
v -39.80320 35.49830 493.50588989
v -39.37440 31.59330 539.26812744
v -39.37120 34.71940 536.85772705
v -39.30930 8.62690 505.73580933
v -39.29560 44.14240 530.08099365
v -39.23950 20.14450 539.17358398
v -39.23690 49.29670 501.57940674
v -39.23440 45.13000 498.54980469
v -39.22640 55.28890 517.69610596
v -39.21520 51.20410 526.42248535
v -39.18240 10.89740 529.33459473
v -39.16080 36.88040 534.60662842
v -39.15930 8.62320 523.25860596
v -39.15750 13.97640 533.62109375
v -39.12450 7.88680 508.98989868
v -39.10470 53.39380 522.06707764
v -39.10080 39.91720 532.45379639
v -39.07740 9.90470 497.03781128
v -38.95820 54.38140 520.31927490
v -38.49040 55.36769 511.49139404
v -38.34600 23.21560 539.44958496
v -38.27850 7.82180 517.46002197
v -38.20660 50.32270 526.54400635
v -38.20140 12.85280 493.64709473
v -38.20110 9.49890 505.22918701
v -38.20100 7.86350 512.24450684
v -38.19810 50.32930 501.61569214
v -38.14470 53.45120 505.68481445
v -38.14070 46.10970 529.47100830
v -38.13960 14.88180 533.89660645
v -38.13560 10.78730 496.60211182
v -38.12900 38.92860 532.61499023
v -38.11790 17.09640 536.42010498
v -37.78480 55.63800 513.85931396
v -37.21690 29.57100 538.50170898
v -37.21000 8.60820 516.66009521
v -37.20640 55.39170 508.92660522
v -37.16190 32.63920 537.27819824
v -37.15650 20.14450 537.68151855
v -37.15590 36.79800 534.24218750
v -37.15390 11.82410 495.43368530
v -37.15240 55.53760 517.29022217
v -37.15170 10.05180 526.50201416
v -37.14400 42.49750 531.02947998
v -37.13470 37.85410 493.57980347
v -37.10340 44.08240 496.57339478
v -37.07690 8.95290 523.28240967
v -37.03900 56.36540 514.51629639
v -36.99160 8.81230 509.64828491
v -36.34440 54.60460 520.29870605
v -36.24220 27.24640 538.56127930
v -36.16420 48.24630 498.94329834
v -36.13100 25.43080 538.47802734
v -36.11890 11.56600 499.69610596
v -36.11550 11.89550 496.73928833
v -36.11240 22.23020 537.84069824
v -36.10870 10.69680 526.35571289
v -36.06230 50.49920 526.24768066
v -36.05910 47.14710 529.43469238
v -36.05710 9.80660 523.64898682
v -36.05680 15.93080 533.90679932
v -36.03540 18.14410 536.17742920
v -36.02790 8.89810 511.77749634
v -36.02640 14.95870 493.60089111
v -35.99050 52.29830 502.53878784
v -35.76080 49.38930 499.70639038
v -35.65460 54.42030 505.65771484
v -35.47710 9.61330 510.57489014
v -35.14720 8.96440 517.10357666
v -35.07620 55.39690 520.27532959
v -35.07290 56.36140 517.31988525
v -35.04900 38.78870 532.51489258
v -34.98860 52.48550 523.72088623
v -34.89340 45.11190 496.57589722
v -34.33710 25.15940 537.62841797
v -34.20360 11.48660 505.83898926
v -34.04460 30.88100 536.82580566
v -34.03620 18.06030 534.91888428
v -34.03480 10.02310 511.33950806
v -34.02240 14.96810 531.62072754
v -33.97700 33.72870 535.51422119
v -33.95620 10.94420 526.14471436
v -33.95430 16.04340 493.62390137
v -33.92230 48.04250 529.50109863
v -33.85440 53.33440 523.55541992
v -33.78940 51.43170 526.30761719
v -33.43860 27.67590 537.50598145
v -33.38870 41.70630 531.37591553
v -33.21900 56.45230 517.00781250
v -33.20740 56.51070 511.58499146
v -33.05590 10.00810 517.27288818
v -32.99040 21.18590 536.05969238
v -32.97150 16.02400 494.00408936
v -32.93730 12.02440 505.37619019
v -32.91370 20.22510 535.89978027
v -32.90980 10.66790 520.19329834
v -32.88050 10.95540 509.30459595
v -32.85770 37.83310 532.45831299
v -32.09360 38.73580 493.58129883
v -32.01630 35.71930 533.49761963
v -31.95950 10.89680 516.84362793
v -31.95450 56.50890 509.65390015
v -31.95080 57.33820 511.95019531
v -31.88440 13.13510 529.42211914
v -31.88060 55.68850 508.48150635
v -31.87010 17.10120 533.29547119
v -31.86670 57.36340 514.72271729
v -31.83870 12.22090 526.65020752
v -31.79520 12.93960 505.40771484
v -31.11410 18.12720 493.76980591
v -30.99530 57.36600 514.27600098
v -30.95760 11.84010 520.65411377
v -30.91440 21.18610 535.00909424
v -30.90660 56.37290 508.87719727
v -30.85530 45.00660 496.56030273
v -30.85460 11.82850 515.43951416
v -30.84520 23.13620 535.90081787
v -30.84130 37.06420 531.86981201
v -30.83300 13.02750 505.85049438
v -30.83160 48.09510 498.76989746
v -30.82980 33.59310 535.32989502
v -30.80320 37.81940 493.56350708
v -30.68350 13.09330 526.26440430
v -30.09930 14.49920 528.98510742
v -30.02420 41.03130 530.64471436
v -29.92660 47.26540 498.60018921
v -29.91920 20.16310 494.07580566
v -29.90510 51.22700 501.60000610
v -29.86950 20.14450 534.16021729
v -29.81470 54.53600 505.88769531
v -29.81420 15.92990 530.88610840
v -29.81210 34.76890 532.71240234
v -29.80740 55.59320 508.82479858
v -29.78990 18.14370 533.17559814
v -29.63840 16.14240 502.45639038
v -29.61320 12.29130 520.49060059
v -28.96900 22.18120 493.88500977
v -28.90210 55.51430 520.00170898
v -28.88490 15.08490 529.17901611
v -28.87540 17.93120 500.04830933
v -28.84150 56.43130 514.47949219
v -28.83770 56.36510 516.90600586
v -28.83470 31.57860 535.42828369
v -28.83330 13.68900 514.00628662
v -28.83000 43.95250 496.51251221
v -28.82880 13.91610 509.06631470
v -28.82800 17.02400 531.05847168
v -28.76190 53.34520 523.41510010
v -28.75440 51.26770 526.36639404
v -28.74980 16.06370 530.46850586
v -28.72560 19.12240 499.32769775
v -28.70280 48.24770 529.25592041
v -28.67720 14.79070 526.26892090
v -28.60200 51.44060 502.59609985
v -27.91960 49.28870 527.81451416
v -27.91240 30.50050 535.44738770
v -27.86100 55.52380 517.28021240
v -27.84570 53.45390 505.53768921
v -27.84400 23.33210 535.38598633
v -27.83230 24.32010 493.61099243
v -27.78870 18.06460 502.34619141
v -27.74290 47.26110 529.41247559
v -27.73900 54.53370 520.40386963
v -27.73380 48.18490 499.58081055
v -27.73000 14.18780 523.64788818
v -27.72860 33.73020 532.63830566
v -27.67830 14.02140 514.81518555
v -27.65690 39.92350 529.59027100
v -27.62000 35.59580 493.59640503
v -26.86790 28.41610 535.43621826
v -26.82690 14.07460 520.71697998
v -26.81710 16.95790 527.01519775
v -26.75290 50.19580 501.61260986
v -26.75180 14.10560 517.69067383
v -26.75150 21.19090 499.37139893
v -26.75090 19.10060 531.36218262
v -26.74830 15.83990 526.08807373
v -26.74820 23.27030 534.50579834
v -26.74350 53.64050 506.19570923
v -26.73940 24.35370 493.99121094
v -26.69210 38.93370 529.55999756
v -26.69030 42.98530 496.57809448
v -26.67300 55.28790 511.51071167
v -26.66520 54.40980 520.13861084
v -26.66290 33.59350 532.50781250
v -25.89630 52.46469 523.20697021
v -25.78720 15.18300 523.57391357
v -25.76950 19.10090 503.55621338
v -25.76850 26.44810 535.26489258
v -25.76040 25.35280 534.79852295
v -25.71740 54.55200 517.45709229
v -25.70930 15.11450 514.82257080
v -25.70840 22.22370 499.67309570
v -25.70830 51.30410 524.65942383
v -25.70730 21.19220 532.44628906
v -25.70670 22.22680 533.25646973
v -25.70130 50.33510 525.40020752
v -25.69360 23.18860 499.29681396
v -25.68890 16.94180 508.75469971
v -25.64700 47.14880 499.61648560
v -25.64280 54.29330 508.81021118
v -25.57310 15.99180 511.63031006
v -25.06830 54.59420 513.86291504
v -24.87100 43.91410 529.71350098
v -24.86570 15.88970 514.24157715
v -24.68770 32.75870 493.63250732
v -24.67340 31.60000 532.43078613
v -24.66770 18.06180 525.21777344
v -24.63020 28.57310 493.65969849
v -24.60930 52.40800 505.84939575
v -24.60910 41.94030 496.59469604
v -24.58460 24.39610 499.35159302
v -24.54090 29.51500 532.57379150
v -24.53640 26.52580 494.29559326
v -24.53100 46.17110 528.94702148
v -24.50620 30.47050 493.64630127
v -23.86700 16.94560 523.11578369
v -23.75930 36.79610 530.01422119
v -23.72120 26.25030 497.01770020
v -23.71010 28.52570 532.50421143
v -23.70340 17.98570 509.65570068
v -23.70340 54.31450 516.81390381
v -23.70200 16.15660 517.72222900
v -23.68770 44.14200 529.32507324
v -23.68160 19.16530 526.32031250
v -23.67860 52.35700 521.96289062
v -23.67540 44.18350 498.64050293
v -23.67530 50.33360 504.02770996
v -23.63520 18.00790 523.45019531
v -23.63310 16.19390 514.69738770
v -23.62610 24.30800 531.41589355
v -23.62500 48.11590 501.45690918
v -23.62460 53.43740 520.00292969
v -23.62380 54.21420 511.89358521
v -23.62350 40.96450 528.34887695
v -23.62200 39.92500 528.39031982
v -23.62050 53.30750 508.62478638
v -23.54840 49.12570 526.48150635
v -23.24470 26.30960 500.19989014
v -22.80200 17.02800 514.23309326
v -22.78820 22.22320 505.61169434
v -22.74710 18.01570 512.25842285
v -22.71920 36.79870 529.46270752
v -22.70890 18.06600 519.68731689
v -22.69340 38.91720 496.09588623
v -22.66500 43.92570 498.66128540
v -22.59390 20.20640 526.18029785
v -22.59380 21.12910 508.58401489
v -22.58580 22.22430 529.36877441
v -22.58330 24.30830 530.56878662
v -22.58300 26.39100 531.29907227
v -22.57980 51.37290 506.53710938
v -22.52860 28.44820 496.80929565
v -22.42810 19.11400 517.95739746
v -21.88300 25.35280 505.51528931
v -21.78990 19.18840 514.50421143
v -21.75980 20.14180 511.76379395
v -21.71300 23.26500 508.96160889
v -21.67880 29.30110 497.46450806
v -21.67840 34.71720 529.47381592
v -21.64460 26.62690 504.99090576
v -21.62270 30.48120 495.83749390
v -21.61600 21.32490 526.30688477
v -21.59950 49.23520 524.71636963
v -21.59760 46.22270 501.27239990
v -21.55010 22.23250 527.85589600
v -21.54200 48.25150 503.59289551
v -21.54170 39.92180 527.27740479
v -21.54020 53.23880 514.21118164
v -21.52960 52.19050 520.63531494
v -21.48920 47.25880 526.46447754
v -21.48210 28.45490 504.77890015
v -21.46080 40.00400 497.05639648
v -21.44280 25.17680 513.82348633
v -21.44230 23.17660 518.09057617
v -21.42530 53.12240 516.89660645
v -20.74600 26.55390 508.52209473
v -20.74530 23.35050 520.26788330
v -20.74290 30.64130 496.65139771
v -20.65990 32.63850 529.49780273
v -20.64290 26.51930 529.46771240
v -20.63990 41.93660 498.64550781
v -20.58250 32.55080 495.99578857
v -20.57220 23.33090 526.41900635
v -20.57210 34.68570 496.03671265
v -20.51040 42.00590 526.53332520
v -20.50930 24.31680 527.85400391
v -20.50650 47.07180 502.55911255
v -20.50550 36.86210 496.62399292
v -20.50320 28.47290 508.53439331
v -20.45400 39.80710 526.19348145
v -20.43800 37.75760 526.45001221
v -20.42690 52.05930 511.68218994
v -20.42370 47.12160 526.30401611
v -20.41820 50.24430 506.63571167
v -20.37890 30.48500 505.29901123
v -20.37820 27.30060 514.51470947
v -20.37750 35.75950 527.65588379
v -19.70660 36.79860 526.44201660
v -19.70220 28.55740 511.29550171
v -19.69550 24.59690 525.59930420
v -19.61910 32.58620 497.59939575
v -19.61420 26.58430 520.21002197
v -19.56250 43.00940 526.33447266
v -19.54350 46.12700 526.29290771
v -19.53650 33.68360 496.85839844
v -19.53100 30.55500 508.50259399
v -19.51440 45.12530 501.55679321
v -19.45480 43.04230 500.61761475
v -19.42130 29.57070 512.29968262
v -19.41880 35.76070 526.12902832
v -19.22840 29.27290 520.95147705
v -18.72240 29.99620 526.39447021
v -18.67500 34.62990 526.41839600
v -18.66880 30.64540 511.73889160
v -18.66300 27.59080 523.29418945
v -18.63910 26.76800 526.02539062
v -18.58480 40.87750 523.37261963
v -18.55840 36.09490 520.70031738
v -18.53340 33.56760 505.66229248
v -18.53300 30.85020 519.72277832
v -18.42200 48.24660 522.38549805
v -18.42160 37.70730 498.63269043
v -18.41960 46.16630 503.63250732
v -18.41870 42.00880 500.27951050
v -18.41170 48.24100 506.62939453
v -18.37010 34.72890 499.61761475
v -18.34840 38.94230 520.08239746
v -18.34120 33.91270 508.50790405
v -18.31720 35.75540 517.52221680
v -18.23460 34.59890 505.50000000
v -17.63390 35.75710 499.57211304
v -17.61710 34.80010 508.50000000
v -17.58950 34.91690 502.32669067
v -17.49030 36.70180 500.27621460
v -17.40160 43.32830 523.08288574
v -17.39220 38.88250 499.90161133
v -17.38460 39.92170 517.48089600
v -17.37920 40.83330 501.00549316
v -17.32150 42.01170 520.47357178
v -17.29570 44.00600 503.51470947
v -17.22880 36.01050 508.47570801
v -17.16470 45.94640 522.72808838
v -16.60010 48.27450 517.32098389
v -16.59010 37.92560 502.28698730
v -16.58250 47.27170 520.40209961
v -16.56830 37.06910 511.11401367
v -16.47880 43.05480 520.11059570
v -16.43090 42.08030 502.76208496
v -16.39810 38.94380 511.32980347
v -16.35630 47.13490 508.84210205
v -16.34430 40.97080 514.48858643
v -16.28810 45.12620 506.16619873
v -16.27620 45.19670 520.08087158
v -16.25890 38.89410 506.07391357
v -16.21310 43.04760 517.10961914
v -15.81950 47.48190 511.35440063
v -15.56990 46.23470 517.66979980
v -15.55460 40.08170 505.29479980
v -15.53550 39.98370 508.49060059
v -15.44230 42.07590 511.69311523
v -15.42570 42.93410 506.56149292
v -15.31150 44.09110 514.46881104
v -14.72500 45.07500 511.17559814
v -14.57610 44.09010 511.48419189
f 2487 2768 2935
f 2935 3085 3320
f 2487 2935 2402
f 2487 2402 2423
f 2402 2354 2423
f 2312 2354 2402
f 2402 2935 3320
f 3345 3320 3379
f 2402 2266 2312
f 2402 3320 3345
f 2419 2402 3345
f 2402 2419 2266
f 2419 2324 2266
f 3306 3241 3345
f 2419 3345 3125
f 3241 3125 3345
f 2445 2419 3125
f 2419 2445 2381
f 2445 3125 3154
f 4529 4589 4593
f 4761 4798 4714
f 4478 4529 4437
f 4437 4529 4593
f 4714 4637 4691
f 4714 4798 4808
f 4637 4437 4593
f 2442 2445 2914
f 2914 2445 3154
f 3060 2914 3154
f 2728 2442 2914
f 2728 2609 2442
f 4801 4752 4808
f 4437 4637 4714
f 4801 4806 4752
f 4441 4437 4714
f 4806 4772 4752
f 4441 4395 4437
f 4752 4441 4714
f 4752 4714 4808
f 4675 4441 4752
f 4395 4441 4405
f 4675 4752 4702
f 4702 4752 4729
f 4719 4702 4729
f 4656 4441 4675
f 4702 4685 4675
f 4472 4441 4656
f 4472 4656 4548
f 4656 4616 4548
f 4616 4583 4548
f 4472 4440 4441
f 4489 4472 4548
f 4514 4489 4548
f 3080 3157 3057
f 3157 3204 3057
f 2612 2835 2840
f 2753 2840 3057
f 2506 2840 2753
f 2506 2612 2840
f 2935 3057 3267
f 3057 3204 3267
f 2428 2498 2506
f 2498 2612 2506
f 2935 3267 3085
f 2506 2411 2428
f 2411 2506 2768
f 2768 2506 2753
f 2768 2753 3057
f 2768 3057 2935
f 3267 3332 3398
f 3332 3531 3398
f 2332 2428 2411
f 2487 2411 2768
f 3085 3267 3398
f 2411 2329 2332
f 2411 2405 2329
f 2405 2411 2487
f 2405 2423 2329
f 2423 2269 2329
f 2423 2405 2487
f 3085 3398 3320
f 3320 3398 3626
f 3320 3626 3379
f 2423 2354 2269
f 2354 2182 2269
f 3379 3626 3559
f 2182 2312 2136
f 2354 2312 2182
f 2312 2266 2136
f 3676 3379 3559
f 3345 3379 3676
f 3345 3676 3657
f 2324 2084 2266
f 3306 3345 3657
f 4521 4638 4666
f 4691 4666 4707
f 4691 4707 4737
f 4714 4737 4774
f 2324 2284 2084
f 2419 2284 2324
f 3241 3306 3657
f 4568 4590 4521
f 4521 4590 4638
f 4589 4521 4666
f 4691 4737 4714
f 4714 4774 4803
f 4637 4589 4666
f 4637 4666 4691
f 4714 4803 4761
f 4803 4865 4837
f 2284 2419 2381
f 4761 4803 4837
f 3241 3657 3666
f 4502 4568 4521
f 4837 4865 4881
f 3154 3125 3241
f 3154 3241 3666
f 4439 4502 4458
f 4458 4521 4529
f 4458 4502 4521
f 4593 4589 4637
f 4798 4837 4881
f 2215 2096 2381
f 2445 2215 2381
f 4529 4521 4589
f 4761 4837 4798
f 4798 4881 4877
f 2215 2060 2096
f 3555 3154 3666
f 4898 4875 4877
f 2215 2184 2060
f 2184 2445 2442
f 2184 2215 2445
f 3060 3154 3555
f 4387 4439 4424
f 4424 4458 4478
f 4424 4439 4458
f 4478 4458 4529
f 4898 4894 4875
f 2027 2060 2184
f 2098 2184 2442
f 3060 3555 3453
f 4808 4798 4877
f 4808 4875 4854
f 4808 4877 4875
f 4875 4871 4854
f 4894 4871 4875
f 2184 2098 2027
f 2157 2098 2442
f 4369 4387 4424
f 4369 4370 4387
f 2098 2026 2027
f 2026 2098 2157
f 2157 2442 2609
f 4369 4424 4437
f 4437 4424 4478
f 4871 4851 4854
f 3240 3060 3453
f 4323 4369 4415
f 4415 4369 4437
f 4854 4801 4808
f 4854 4845 4801
f 4851 4845 4854
f 2157 2015 2026
f 2015 2157 2609
f 4845 4806 4801
f 2015 2609 2300
f 2300 2609 2728
f 2914 3060 3141
f 3413 3240 3453
f 4261 4323 4415
f 4395 4415 4437
f 4845 4811 4806
f 2300 2728 2453
f 2453 2728 2914
f 2991 2914 3141
f 3141 3060 3240
f 3413 3254 3240
f 4292 4415 4395
f 4292 4261 4415
f 4811 4790 4806
f 2300 2067 2015
f 3240 3254 3141
f 4790 4772 4806
f 2844 2453 2914
f 2844 2914 2991
f 4263 4292 4395
f 4752 4785 4729
f 4772 4785 4752
f 4215 4263 4268
f 4785 4719 4729
f 4268 4395 4405
f 4268 4263 4395
f 4702 4719 4743
f 4242 4268 4405
f 4743 4732 4702
f 4259 4242 4405
f 4685 4702 4732
f 4295 4259 4405
f 4420 4405 4441
f 4616 4656 4633
f 4675 4633 4656
f 4675 4647 4633
f 4685 4647 4675
f 4324 4295 4420
f 4420 4295 4405
f 4420 4441 4440
f 4324 4299 4295
f 4616 4623 4583
f 4623 4610 4583
f 4647 4623 4633
f 4623 4616 4633
f 4338 4420 4386
f 4338 4324 4420
f 4420 4440 4450
f 4472 4450 4440
f 4562 4583 4610
f 4548 4583 4562
f 4338 4299 4324
f 4426 4414 4420
f 4426 4420 4450
f 4462 4450 4472
f 4489 4462 4472
f 4514 4548 4532
f 4562 4532 4548
f 4414 4386 4420
f 4462 4426 4450
f 4462 4489 4514
f 4460 4426 4462
f 2906 3064 3080
f 3080 3151 3157
f 3080 3064 3151
f 3151 3186 3157
f 3151 3201 3186
f 2835 2906 2840
f 2835 2767 2906
f 2840 2906 3080
f 2600 2767 2835
f 2600 2697 2767
f 2840 3080 3057
f 3157 3186 3204
f 3186 3303 3204
f 3411 3332 3303
f 2522 2697 2600
f 3204 3303 3267
f 3267 3303 3332
f 3332 3411 3468
f 2600 2509 2522
f 2612 2600 2835
f 2600 2612 2509
f 3531 3627 3611
f 2612 2498 2509
f 3332 3468 3531
f 3398 3531 3611
f 3627 3726 3611
f 3611 3726 3713
f 2332 2355 2428
f 2332 2337 2355
f 3398 3611 3626
f 3626 3611 3713
f 3713 3765 3626
f 2329 2337 2332
f 2337 2329 2251
f 3765 3746 3626
f 2251 2329 2269
f 2182 2251 2269
f 3559 3626 3746
f 3559 3746 3750
f 3676 3559 3750
f 3676 3750 3852
f 2266 2084 2136
f 3842 3676 3852
f 3657 3676 3842
f 3842 3886 3844
f 4666 4658 4712
f 3844 3657 3842
f 3886 3876 3844
f 4600 4644 4638
f 4638 4658 4666
f 4638 4644 4658
f 4712 4718 4707
f 4707 4756 4792
f 4707 4718 4756
f 4666 4712 4707
f 4737 4707 4792
f 4577 4586 4600
f 4737 4792 4774
f 4774 4792 4819
f 3839 3844 3873
f 3876 3873 3844
f 4577 4600 4638
f 4774 4819 4803
f 4803 4819 4838
f 4900 4874 4838
f 3657 3844 3839
f 4557 4577 4590
f 4590 4577 4638
f 4803 4838 4874
f 4590 4568 4557
f 4803 4874 4865
f 4865 4874 4917
f 4931 4865 4917
f 2022 2084 2284
f 3666 3657 3839
f 3873 3883 3839
f 4865 4929 4881
f 4865 4931 4929
f 4509 4568 4506
f 4881 4929 4915
f 2037 2284 2381
f 2037 2022 2284
f 3883 3985 3839
f 4506 4502 4492
f 4506 4568 4502
f 4929 4927 4915
f 2096 2037 2381
f 4439 4492 4502
f 4927 4924 4915
f 3666 3839 3985
f 4471 4492 4439
f 4877 4915 4898
f 4881 4915 4877
f 4924 4898 4915
f 4924 4919 4898
f 2096 2060 2037
f 3666 3985 3826
f 3826 3985 4008
f 4439 4449 4471
f 2060 1935 2037
f 3555 3666 3826
f 3826 4008 4077
f 4008 4105 4077
f 4105 4281 4077
f 4281 4303 4077
f 4387 4449 4439
f 4919 4894 4898
f 1935 2060 2027
f 4281 4344 4303
f 4370 4384 4387
f 4384 4449 4387
f 1863 1935 2027
f 3950 3826 4077
f 4289 4077 4303
f 4303 4344 4369
f 4370 4344 4374
f 4369 4344 4370
f 4370 4374 4384
f 2027 2026 1863
f 3555 3568 3453
f 3724 3555 3826
f 3826 3950 3724
f 4038 4077 4289
f 4289 4303 4323
f 4323 4303 4369
f 1813 1863 2026
f 3568 3555 3724
f 3950 4077 4038
f 3413 3453 3568
f 3650 3568 3724
f 4261 4289 4323
f 4851 4831 4845
f 1793 2026 2015
f 1793 1813 2026
f 3724 3950 3927
f 3927 3950 4038
f 4038 4289 4261
f 4845 4831 4811
f 3532 3413 3568
f 3532 3568 3650
f 3650 3927 3756
f 3650 3724 3927
f 4263 4038 4261
f 4263 4261 4292
f 4790 4811 4804
f 2015 1886 1793
f 1886 1775 1793
f 1886 2015 2067
f 3254 3413 3371
f 3371 3413 3532
f 3532 3650 3639
f 3816 3927 4038
f 2300 1886 2067
f 3371 3532 3485
f 3639 3650 3756
f 3816 3756 3927
f 3816 4038 4263
f 4790 4785 4772
f 1862 1775 1886
f 2202 1886 2300
f 3141 3254 3200
f 3200 3254 3255
f 3255 3254 3371
f 3900 3816 4263
f 3900 4263 4064
f 4064 4263 4215
f 4785 4767 4719
f 2076 1862 1886
f 2202 2076 1886
f 2202 2300 2453
f 2991 3141 3074
f 3074 3141 3200
f 4767 4743 4719
f 2904 2844 2991
f 2904 2991 3074
f 2376 2202 2453
f 2488 2376 2453
f 2488 2844 2904
f 2488 2453 2844
f 3897 3816 3900
f 4023 3900 4064
f 4023 3897 3900
f 4023 4064 4215
f 4023 4215 4268
f 4046 4023 4268
f 4046 4268 4242
f 4685 4732 4727
f 4097 4046 4242
f 4097 4242 4259
f 4097 3954 4046
f 4647 4685 4686
f 4180 4259 4295
f 4180 4097 4259
f 4646 4623 4647
f 4180 4295 4299
f 4617 4562 4610
f 4258 4299 4338
f 4386 4368 4338
f 4496 4462 4514
f 4496 4532 4544
f 4514 4532 4496
f 4562 4544 4532
f 4258 4338 4306
f 4368 4386 4414
f 4432 4426 4460
f 4460 4462 4496
f 4306 4183 4258
f 4306 4338 4348
f 4348 4338 4368
f 4414 4379 4368
f 4379 4414 4426
f 4432 4379 4426
f 4460 4455 4432
f 4368 4347 4348
f 4379 4347 4368
f 3198 3201 3128
f 2941 3064 2906
f 3064 3128 3151
f 3151 3128 3201
f 2767 2941 2906
f 2767 2741 2941
f 3201 3361 3186
f 2624 2688 2697
f 2688 2741 2697
f 2741 2767 2697
f 3303 3361 3411
f 3303 3186 3361
f 2521 2624 2697
f 3411 3467 3468
f 3468 3467 3527
f 2521 2697 2522
f 3468 3527 3531
f 3531 3527 3627
f 2509 2521 2522
f 2509 2559 2521
f 2509 2537 2559
f 3627 3716 3726
f 2440 2509 2498
f 2537 2509 2440
f 2428 2440 2498
f 3713 3726 3801
f 3726 3794 3801
f 2355 2440 2428
f 3713 3801 3765
f 3765 3801 3879
f 3853 3765 3879
f 3746 3765 3853
f 3746 3853 3935
f 3853 3984 3935
f 2025 2251 2182
f 2182 1912 2025
f 3750 3935 3852
f 3750 3746 3935
f 3984 3852 3935
f 1912 2182 2136
f 3984 3969 3852
f 3842 3852 3930
f 3969 3930 3852
f 3901 3842 3930
f 4619 4657 4658
f 2136 1897 1912
f 4658 4657 4720
f 4712 4720 4718
f 4718 4720 4746
f 4718 4746 4765
f 3930 3928 3901
f 4576 4587 4599
f 4599 4619 4644
f 4644 4619 4658
f 4720 4712 4658
f 4718 4765 4756
f 4765 4824 4756
f 4765 4820 4824
f 2136 2084 1897
f 3842 3901 3886
f 3928 3886 3901
f 4586 4574 4576
f 4586 4576 4600
f 4600 4599 4644
f 4600 4576 4599
f 4792 4756 4824
f 4824 4857 4819
f 4824 4859 4857
f 3928 3876 3886
f 4792 4824 4819
f 3928 3919 3876
f 4838 4819 4857
f 4880 4900 4857
f 4586 4577 4556
f 4838 4857 4900
f 4933 4901 4900
f 3918 3876 3919
f 4577 4539 4556
f 4874 4900 4901
f 4901 4933 4917
f 4933 4941 4917
f 3918 3873 3876
f 4539 4577 4557
f 4874 4901 4917
f 3922 3873 3918
f 4524 4539 4557
f 4917 4941 4931
f 2084 2022 1897
f 4557 4509 4524
f 4568 4509 4557
f 4941 4951 4931
f 3922 3959 3873
f 3959 3883 3873
f 4951 4937 4931
f 4937 4929 4931
f 3959 4036 3883
f 3883 4036 3985
f 4471 4506 4492
f 4471 4482 4506
f 4482 4509 4506
f 4937 4927 4929
f 2037 1935 2022
f 4008 3985 4036
f 4036 4095 4008
f 4373 4423 4388
f 4423 4449 4388
f 4449 4423 4463
f 4449 4463 4471
f 4926 4924 4927
f 4926 4919 4924
f 4008 4095 4105
f 4095 4193 4105
f 4193 4269 4105
f 4269 4281 4105
f 4269 4300 4281
f 4894 4919 4926
f 4300 4344 4281
f 4300 4359 4344
f 4359 4373 4344
f 4373 4374 4344
f 4374 4373 4388
f 4384 4388 4449
f 4374 4388 4384
f 4871 4888 4851
f 1849 1935 1863
f 4851 4888 4864
f 1813 1849 1863
f 4851 4853 4831
f 4853 4847 4831
f 4847 4811 4831
f 1704 1718 1793
f 4847 4804 4811
f 1793 1775 1704
f 1775 1677 1704
f 4804 4785 4790
f 4833 4785 4804
f 1775 1695 1677
f 4833 4767 4785
f 1775 1862 1695
f 3487 3371 3485
f 3487 3532 3540
f 3487 3485 3532
f 3540 3532 3639
f 4833 4780 4767
f 3210 3255 3371
f 3210 3371 3487
f 3540 3639 3633
f 3633 3639 3756
f 4767 4732 4743
f 4767 4753 4732
f 4780 4753 4767
f 2076 1774 1862
f 1774 1695 1862
f 3210 3200 3255
f 3431 3210 3487
f 3756 3816 3897
f 2076 1877 1774
f 1877 2076 2202
f 1877 2202 2108
f 2108 2202 2376
f 3074 2985 2904
f 2985 3200 3210
f 2985 3074 3200
f 3194 3210 3431
f 3633 3756 3728
f 3728 3756 3897
f 2618 2488 2904
f 2893 2904 2985
f 2985 3065 2893
f 3065 2985 3210
f 3630 3633 3728
f 3728 3897 3813
f 4753 4727 4732
f 3813 3777 3728
f 3813 3897 4023
f 2893 2618 2904
f 3954 3813 4023
f 3954 4023 4046
f 4685 4727 4701
f 4701 4686 4685
f 4049 3954 4097
f 4180 4049 4097
f 4647 4686 4646
f 4623 4646 4671
f 4054 4049 4180
f 4671 4610 4623
f 4562 4617 4596
f 4106 4054 4180
f 4106 4053 4054
f 4106 4299 4258
f 4106 4180 4299
f 4543 4496 4544
f 4562 4575 4544
f 4106 4258 4183
f 4306 4256 4183
f 4256 4172 4183
f 4360 4379 4398
f 4347 4379 4360
f 4433 4398 4432
f 4398 4379 4432
f 4455 4433 4432
f 4330 4306 4348
f 4330 4348 4347
f 4337 4330 4347
f 4347 4360 4337
f 4330 4256 4306
f 4320 4308 4330
f 4337 4334 4330
f 4334 4320 4330
f 2874 3073 2941
f 3073 3064 2941
f 3128 3073 3198
f 3128 3064 3073
f 3266 3372 3198
f 2712 2874 2741
f 2941 2741 2874
f 3198 3361 3201
f 3198 3372 3361
f 3361 3372 3411
f 3372 3467 3411
f 3372 3554 3467
f 2712 2688 2624
f 2741 2688 2712
f 3467 3554 3527
f 3554 3689 3527
f 3554 3660 3689
f 2521 2562 2624
f 3527 3689 3627
f 3707 3716 3689
f 2521 2559 2562
f 3627 3689 3716
f 3716 3707 3794
f 3707 3834 3794
f 3716 3794 3726
f 2449 2537 2440
f 2437 2449 2440
f 3794 3932 3801
f 2355 2437 2440
f 2437 2355 2337
f 3801 3932 3879
f 3932 4018 3879
f 2217 2437 2251
f 2337 2251 2437
f 3853 3879 3986
f 3879 4018 3986
f 3853 3986 3984
f 4018 3984 3986
f 2251 2025 2217
f 4018 4017 3984
f 2217 2025 1887
f 4017 4006 3984
f 2025 1912 1887
f 4659 4722 4657
f 4657 4620 4659
f 4722 4746 4720
f 4750 4771 4746
f 4587 4620 4619
f 4619 4620 4657
f 4722 4720 4657
f 4746 4771 4765
f 4771 4802 4765
f 4553 4572 4569
f 4569 4588 4587
f 4569 4572 4588
f 4599 4587 4619
f 4802 4820 4765
f 4802 4844 4820
f 4587 4576 4569
f 4887 4859 4820
f 3961 3928 3930
f 3969 3961 3930
f 4824 4820 4859
f 4859 4887 4880
f 1897 1610 1912
f 4558 4576 4574
f 4558 4569 4576
f 4859 4880 4857
f 4880 4918 4916
f 3944 3928 3961
f 3944 3919 3928
f 4558 4574 4586
f 4880 4916 4900
f 4916 4933 4900
f 4916 4945 4933
f 4586 4556 4558
f 3944 3918 3919
f 4518 4536 4539
f 4536 4556 4539
f 4933 4945 4941
f 4954 4941 4945
f 1897 1719 1610
f 4486 4518 4524
f 4539 4524 4518
f 4954 4951 4941
f 1897 2022 1719
f 3959 3922 4093
f 4524 4509 4486
f 4509 4482 4486
f 4947 4937 4951
f 3959 4095 4036
f 3959 4093 4095
f 4468 4482 4463
f 4471 4463 4482
f 4937 4934 4927
f 2022 1733 1719
f 4359 4407 4423
f 2022 1935 1733
f 4193 4095 4191
f 4191 4269 4193
f 4269 4333 4300
f 4423 4373 4359
f 4934 4926 4927
f 4934 4923 4926
f 4333 4359 4300
f 4926 4912 4894
f 4923 4912 4926
f 1935 1849 1733
f 4899 4894 4912
f 4894 4899 4871
f 4899 4888 4871
f 4882 4864 4888
f 1718 1849 1813
f 4853 4851 4864
f 1718 1813 1793
f 4804 4847 4850
f 1677 1718 1704
f 4850 4833 4804
f 4780 4833 4840
f 1695 1774 1669
f 3487 3482 3431
f 3482 3487 3540
f 3633 3482 3540
f 4753 4780 4727
f 1774 1764 1669
f 1764 1651 1669
f 1877 1764 1774
f 3424 3431 3482
f 3499 3482 3633
f 2108 1764 1877
f 3065 3210 3194
f 3194 3431 3424
f 3628 3499 3633
f 3628 3633 3630
f 3662 3630 3728
f 3662 3628 3630
f 3777 3662 3728
f 4780 4711 4727
f 2030 1764 2108
f 2108 2376 2595
f 2595 2376 2488
f 2618 2595 2488
f 2994 3065 3144
f 3194 3144 3065
f 3717 3662 3777
f 4727 4711 4701
f 2618 2893 2994
f 2994 2893 3065
f 3854 3777 3813
f 3854 3717 3777
f 3954 3854 3813
f 2693 2595 2618
f 2693 2618 2994
f 2999 2693 2994
f 3854 3954 3864
f 4646 4686 4668
f 3864 3822 3854
f 3953 3864 3954
f 4049 3953 3954
f 3953 3822 3864
f 3953 4049 4054
f 4610 4671 4617
f 4668 4671 4646
f 3902 3822 3953
f 4575 4562 4592
f 4592 4562 4596
f 4053 3953 4054
f 4544 4575 4543
f 4460 4496 4537
f 4100 4053 4106
f 4100 3997 4053
f 4183 4100 4106
f 4537 4455 4460
f 4172 4100 4183
f 4172 4139 4100
f 4139 3997 4100
f 4360 4334 4337
f 4222 4139 4172
f 4260 4222 4256
f 4222 4172 4256
f 4308 4256 4330
f 4308 4260 4256
f 4308 4320 4317
f 4296 4308 4317
f 4317 4320 4334
f 4296 4260 4308
f 3266 3198 3073
f 2802 2997 2874
f 3073 2874 2997
f 3372 3266 3346
f 3346 3426 3372
f 2712 2802 2874
f 3554 3372 3426
f 3426 3542 3554
f 3608 3554 3542
f 2712 2624 2802
f 2624 2758 2802
f 3660 3554 3608
f 2704 2624 2562
f 2758 2624 2704
f 3660 3707 3689
f 2559 2704 2562
f 3888 3834 3707
f 2449 2554 2537
f 2554 2559 2537
f 3888 3794 3834
f 3888 3932 3794
f 2382 2449 2437
f 2437 2210 2382
f 3970 3979 3932
f 2217 2210 2437
f 4018 3932 3979
f 2144 2210 1961
f 2210 2217 1961
f 4018 3979 4010
f 1797 1822 1961
f 1822 2144 1961
f 1706 1822 1797
f 1797 1961 1887
f 1887 1961 2217
f 4010 4017 4018
f 4010 4006 4017
f 4629 4659 4620
f 4629 4697 4659
f 4659 4697 4706
f 4706 4722 4659
f 4706 4725 4722
f 4725 4750 4722
f 4554 4579 4588
f 4579 4620 4588
f 4793 4829 4771
f 1797 1912 1706
f 1912 1797 1887
f 4006 3969 3984
f 4572 4554 4588
f 4587 4588 4620
f 4722 4750 4746
f 4771 4829 4802
f 4829 4844 4802
f 3978 3969 4006
f 4554 4572 4553
f 1912 1610 1706
f 4844 4887 4820
f 4887 4943 4918
f 3978 3961 3969
f 4569 4558 4553
f 4887 4918 4880
f 4558 4551 4553
f 4918 4943 4916
f 3961 3978 3944
f 3978 4050 3944
f 4943 4956 4916
f 4551 4556 4536
f 4558 4556 4551
f 4945 4916 4956
f 4050 4101 3944
f 4956 4957 4945
f 3918 3944 4101
f 4954 4957 4953
f 4954 4945 4957
f 1719 1672 1610
f 3918 4101 3922
f 4101 4065 3922
f 4065 4142 3922
f 4142 4093 3922
f 4952 4951 4954
f 4142 4136 4093
f 4476 4482 4468
f 4476 4486 4482
f 4951 4952 4947
f 4136 4095 4093
f 4448 4463 4421
f 4468 4463 4448
f 4191 4095 4136
f 4407 4421 4423
f 4423 4421 4463
f 1732 1719 1733
f 4191 4328 4269
f 4336 4333 4328
f 4336 4366 4333
f 4366 4407 4359
f 4269 4328 4333
f 4333 4366 4359
f 4925 4923 4934
f 4921 4912 4923
f 4925 4921 4923
f 4902 4882 4888
f 4899 4902 4888
f 1733 1663 1676
f 1718 1733 1849
f 4882 4869 4864
f 1733 1718 1663
f 4869 4853 4864
f 4869 4847 4853
f 4850 4847 4866
f 1663 1718 1677
f 4813 4780 4840
f 4813 4791 4780
f 1599 1647 1669
f 1669 1651 1599
f 1651 1597 1599
f 4711 4780 4738
f 4791 4738 4780
f 1651 1648 1597
f 1764 1648 1651
f 3482 3499 3424
f 1648 1764 2030
f 2595 2030 2108
f 3194 3228 3144
f 3228 3424 3377
f 3228 3194 3424
f 3424 3499 3377
f 3632 3510 3628
f 3510 3499 3628
f 3632 3628 3662
f 3632 3662 3717
f 4711 4738 4701
f 1785 1597 1648
f 1785 1648 2030
f 2242 2030 2595
f 2242 2133 2030
f 2994 3144 2999
f 3377 3252 3228
f 3854 3729 3717
f 2803 2242 2595
f 2803 2595 2693
f 2803 2693 2999
f 3822 3729 3854
f 4689 4668 4686
f 4701 4689 4686
f 4617 4671 4660
f 3773 3674 3822
f 3902 3773 3822
f 4607 4617 4618
f 4596 4617 4607
f 4641 4618 4617
f 4660 4641 4617
f 4607 4581 4596
f 4581 4592 4596
f 3997 3902 3953
f 4053 3997 3953
f 4496 4564 4537
f 4496 4543 4564
f 4564 4543 4575
f 4592 4564 4575
f 3938 3902 3997
f 4455 4537 4498
f 4398 4433 4434
f 4433 4455 4473
f 4126 3938 3997
f 3997 4139 4126
f 4361 4360 4355
f 4360 4399 4355
f 4360 4398 4399
f 4434 4399 4398
f 4346 4317 4334
f 4360 4361 4334
f 4361 4346 4334
f 4139 4222 4126
f 4296 4317 4278
f 4245 4222 4260
f 4260 4296 4278
f 4245 4260 4278
f 2997 3071 3073
f 3328 3266 3073
f 3346 3266 3328
f 2802 2915 2997
f 3472 3426 3383
f 2915 2802 2897
f 3472 3542 3426
f 3542 3472 3608
f 3472 3665 3608
f 2774 2802 2758
f 2774 2897 2802
f 3660 3608 3665
f 3783 3660 3709
f 3783 3707 3660
f 2554 2758 2704
f 3872 3707 3783
f 2559 2554 2704
f 3888 3707 3872
f 3888 3872 3924
f 2517 2449 2403
f 2554 2449 2517
f 2144 2403 2382
f 2382 2403 2449
f 3932 3888 3924
f 3924 3970 3932
f 2210 2144 2382
f 4009 3979 3970
f 4009 4010 3979
f 4009 4021 4010
f 4682 4695 4694
f 1666 1822 1706
f 4626 4640 4629
f 4640 4682 4629
f 4682 4697 4629
f 4697 4682 4694
f 4697 4694 4706
f 4733 4706 4694
f 4733 4725 4706
f 4612 4620 4579
f 4629 4612 4626
f 4629 4620 4612
f 4775 4725 4733
f 4775 4750 4725
f 4775 4793 4750
f 4775 4795 4793
f 1591 1666 1706
f 4021 4032 4010
f 4793 4771 4750
f 4826 4793 4795
f 4826 4829 4793
f 4861 4829 4826
f 4844 4829 4861
f 3978 4006 4010
f 4032 3978 4010
f 4861 4885 4844
f 4885 4887 4844
f 4542 4554 4553
f 1706 1610 1591
f 4943 4887 4885
f 1610 1584 1591
f 4032 4061 3978
f 4540 4542 4553
f 4949 4943 4885
f 3978 4061 4050
f 4540 4553 4551
f 4949 4956 4943
f 1612 1584 1610
f 4110 4101 4050
f 4536 4540 4551
f 4525 4540 4536
f 4511 4525 4536
f 4110 4170 4101
f 4170 4065 4101
f 4511 4536 4518
f 1612 1610 1672
f 4464 4511 4518
f 4170 4220 4065
f 4220 4142 4065
f 4448 4464 4486
f 4518 4486 4464
f 4952 4954 4953
f 4142 4220 4204
f 4468 4486 4476
f 4468 4448 4486
f 4944 4947 4952
f 4136 4142 4204
f 4944 4942 4947
f 4191 4204 4288
f 4288 4309 4191
f 4336 4411 4366
f 4411 4407 4366
f 4421 4407 4411
f 4939 4947 4942
f 4939 4937 4947
f 1719 1673 1672
f 1719 1732 1673
f 4136 4204 4191
f 4191 4309 4328
f 4328 4309 4336
f 4939 4934 4937
f 4939 4925 4934
f 1732 1733 1673
f 1673 1733 1676
f 4907 4899 4912
f 4907 4902 4899
f 4892 4882 4902
f 4889 4869 4882
f 4892 4889 4882
f 1674 1663 1677
f 4850 4849 4833
f 4849 4840 4833
f 4849 4813 4840
f 1647 1695 1669
f 1647 1677 1695
f 4849 4834 4813
f 4813 4794 4791
f 4784 4791 4794
f 1599 1597 1647
f 4738 4791 4784
f 1597 1616 1647
f 1597 1688 1616
f 1597 1785 1688
f 2133 1785 2030
f 3499 3510 3465
f 4689 4701 4738
f 1839 1688 1785
f 2019 1839 1785
f 2133 2019 1785
f 2133 2242 2803
f 2133 2803 2625
f 3144 3228 2999
f 3377 3499 3465
f 3586 3510 3632
f 3729 3632 3717
f 2747 2625 2803
f 2911 2747 2803
f 2911 2803 2999
f 3113 2911 2999
f 3113 2999 3228
f 3252 3113 3228
f 3674 3586 3632
f 3674 3632 3729
f 3822 3674 3729
f 4689 4671 4668
f 4641 4660 4655
f 3785 3674 3773
f 4564 4592 4581
f 3911 3785 3773
f 3938 3773 3902
f 3955 3911 3938
f 3911 3773 3938
f 4434 4433 4473
f 4498 4473 4455
f 3938 4126 3955
f 4317 4346 4290
f 4355 4346 4361
f 4107 3955 4126
f 4245 4107 4126
f 4245 4278 4290
f 4290 4278 4317
f 4222 4245 4126
f 3328 3073 3071
f 2915 2963 2997
f 3071 2997 2963
f 3491 3472 3383
f 3491 3569 3472
f 3665 3472 3569
f 2517 2674 2554
f 2758 2554 2674
f 3783 3924 3872
f 3709 3924 3783
f 2326 2517 2403
f 2403 2144 2326
f 2326 2144 1787
f 1787 2144 1822
f 1666 1787 1822
f 4021 4009 4020
f 4682 4681 4695
f 4681 4699 4695
f 4703 4695 4699
f 4703 4694 4695
f 4703 4733 4694
f 4571 4601 4579
f 4601 4612 4579
f 4626 4612 4601
f 1594 1666 1591
f 4554 4571 4579
f 4069 4076 4032
f 4076 4061 4032
f 4885 4936 4949
f 4050 4061 4121
f 4936 4950 4949
f 4121 4138 4050
f 4050 4138 4110
f 4949 4950 4955
f 4955 4956 4949
f 4138 4253 4110
f 4955 4957 4956
f 4110 4253 4170
f 4955 4953 4957
f 4170 4253 4220
f 4253 4307 4220
f 4307 4331 4220
f 4948 4944 4953
f 4944 4952 4953
f 4204 4220 4288
f 4288 4220 4331
f 4288 4331 4309
f 4331 4351 4309
f 4400 4421 4411
f 4421 4464 4448
f 4421 4447 4464
f 4309 4351 4336
f 4336 4400 4411
f 4336 4351 4400
f 4925 4939 4921
f 4939 4922 4921
f 4907 4912 4921
f 1683 1673 1676
f 1663 1683 1676
f 1663 1791 1683
f 4869 4866 4847
f 4867 4850 4866
f 1663 1674 1791
f 1686 1674 1677
f 1686 1677 1647
f 1699 1686 1647
f 4848 4834 4849
f 4832 4813 4834
f 4794 4813 4822
f 4832 4822 4813
f 4766 4759 4784
f 4797 4784 4794
f 1699 1647 1616
f 4736 4738 4759
f 4784 4759 4738
f 1699 1616 1688
f 4738 4693 4689
f 4708 4693 4738
f 4736 4708 4738
f 1839 1769 1688
f 1769 1699 1688
f 3465 3510 3511
f 3511 3510 3586
f 2282 2019 2133
f 2527 2282 2133
f 2527 2133 2625
f 2527 2625 2747
f 3024 2911 3113
f 3113 3252 3261
f 3252 3377 3465
f 3455 3252 3465
f 3511 3455 3465
f 3674 3599 3586
f 4660 4671 4683
f 4689 4693 4671
f 4693 4683 4671
f 3133 3024 3113
f 3261 3133 3113
f 3735 3599 3674
f 3735 3674 3785
f 4614 4607 4618
f 4537 4564 4581
f 3911 3824 3785
f 3905 3824 3911
f 3905 3955 3999
f 3905 3911 3955
f 4055 3999 3955
f 4290 4286 4206
f 4286 4346 4355
f 4377 4399 4430
f 4377 4355 4399
f 4434 4430 4399
f 4055 3955 4107
f 4055 4107 4153
f 4153 4107 4206
f 4286 4290 4346
f 4332 4286 4355
f 4357 4332 4355
f 4377 4357 4355
f 4206 4107 4245
f 4206 4245 4290
f 3138 3235 3071
f 3235 3328 3071
f 3383 3346 3328
f 3346 3383 3426
f 2963 3138 3071
f 2921 2915 2897
f 2921 2963 2915
f 3569 3616 3665
f 3665 3709 3660
f 2774 2726 2897
f 2726 2758 2674
f 2726 2774 2758
f 3709 3665 3924
f 2461 2674 2517
f 3924 3665 3925
f 2461 2326 2395
f 2461 2517 2326
f 3924 3925 3973
f 2146 2395 2326
f 3924 3973 3970
f 1787 2146 2326
f 4009 3970 3973
f 4009 4019 4020
f 1701 1787 1666
f 1671 1701 1666
f 4626 4634 4640
f 4681 4640 4663
f 4681 4682 4640
f 4703 4734 4733
f 1594 1671 1666
f 4626 4601 4634
f 4733 4749 4775
f 4734 4749 4733
f 4749 4795 4775
f 4749 4783 4795
f 4031 4032 4021
f 4554 4552 4571
f 4795 4783 4826
f 4814 4826 4783
f 4032 4031 4069
f 4031 4066 4069
f 4826 4814 4861
f 4868 4861 4814
f 4868 4936 4861
f 4861 4936 4885
f 4076 4069 4066
f 4542 4552 4554
f 1579 1594 1591
f 1579 1621 1594
f 4117 4121 4076
f 4121 4061 4076
f 4513 4542 4540
f 1579 1591 1584
f 4138 4121 4129
f 4504 4513 4525
f 4540 4525 4513
f 1579 1584 1612
f 4213 4138 4129
f 4467 4525 4511
f 4467 4504 4525
f 1698 1579 1612
f 4253 4138 4213
f 4213 4257 4253
f 4287 4307 4253
f 4447 4467 4464
f 4464 4467 4511
f 4946 4948 4955
f 4948 4953 4955
f 4352 4331 4307
f 4352 4351 4331
f 4352 4394 4351
f 1672 1698 1612
f 4351 4394 4400
f 4436 4421 4400
f 4447 4421 4436
f 4940 4944 4948
f 4940 4932 4944
f 4932 4930 4944
f 4930 4942 4944
f 4930 4920 4942
f 4920 4939 4942
f 4920 4922 4939
f 4913 4907 4921
f 4913 4902 4907
f 1693 1673 1683
f 4895 4889 4892
f 1777 1693 1683
f 1791 1777 1683
f 4870 4869 4889
f 4870 4866 4869
f 1791 1831 1777
f 4870 4867 4866
f 1791 1674 1831
f 1674 1830 1831
f 1830 1674 1794
f 1674 1686 1794
f 4849 4850 4867
f 1686 1699 1794
f 4846 4836 4834
f 4846 4834 4848
f 4832 4834 4836
f 4797 4822 4815
f 4797 4794 4822
f 4832 4815 4822
f 1794 1788 1727
f 1699 1788 1794
f 4708 4736 4759
f 3511 3590 3455
f 3590 3511 3586
f 3599 3590 3586
f 2019 2062 1839
f 2062 1769 1839
f 2062 2019 2282
f 2641 2527 2922
f 2922 2527 2747
f 2922 2747 2911
f 3261 3455 3401
f 3261 3252 3455
f 2531 2427 2527
f 2427 2282 2527
f 2641 2531 2527
f 3024 2974 2911
f 2974 2922 2911
f 2974 3133 3211
f 2974 3024 3133
f 3133 3261 3211
f 3735 3696 3599
f 4628 4655 4661
f 4628 4641 4655
f 4655 4660 4661
f 4683 4661 4660
f 4641 4628 4618
f 4628 4614 4618
f 3824 3735 3785
f 4537 4581 4578
f 4607 4614 4581
f 4614 4578 4581
f 3896 3824 3905
f 4494 4498 4526
f 4537 4526 4498
f 3896 3905 3999
f 3896 3999 3977
f 4454 4434 4473
f 4454 4473 4470
f 4498 4494 4473
f 4494 4470 4473
f 3977 3999 4055
f 4153 3977 4055
f 4412 4357 4377
f 4412 4377 4430
f 4454 4430 4434
f 4200 4153 4206
f 4237 4200 4206
f 4206 4286 4237
f 4332 4237 4286
f 3235 3312 3328
f 3312 3373 3328
f 3373 3383 3328
f 3373 3491 3383
f 3373 3461 3491
f 3461 3569 3491
f 3461 3616 3569
f 3461 3600 3616
f 3616 3600 3665
f 2726 2921 2897
f 2674 2757 2726
f 2461 2757 2674
f 3600 3668 3860
f 3665 3600 3860
f 3860 3925 3665
f 2436 2461 2395
f 2757 2461 2436
f 2146 2218 2395
f 2436 2395 2218
f 3910 3973 3925
f 1787 1985 2146
f 3973 3974 4009
f 3973 3910 3974
f 1985 1787 1823
f 4009 3974 4019
f 1823 1787 1701
f 3962 4019 3974
f 4019 4024 4020
f 4019 3962 4024
f 4640 4662 4663
f 4662 4681 4663
f 4730 4699 4681
f 4730 4703 4699
f 4730 4734 4703
f 4031 4020 4024
f 4031 4021 4020
f 4611 4634 4601
f 4611 4642 4634
f 4642 4640 4634
f 4662 4640 4642
f 4730 4681 4662
f 4734 4730 4749
f 1621 1671 1594
f 4608 4601 4571
f 4611 4601 4608
f 4749 4730 4755
f 4776 4749 4755
f 4749 4776 4783
f 4825 4814 4783
f 4570 4571 4552
f 4570 4608 4571
f 4783 4776 4778
f 4825 4783 4778
f 4814 4825 4818
f 4862 4868 4814
f 4818 4862 4814
f 4868 4862 4936
f 1670 1665 1621
f 4066 4074 4076
f 4936 4862 4938
f 1621 1579 1670
f 4117 4074 4088
f 4076 4074 4117
f 4938 4862 4914
f 4117 4118 4121
f 4117 4088 4118
f 4533 4542 4513
f 4129 4121 4118
f 4504 4510 4513
f 4936 4938 4950
f 4129 4225 4213
f 4946 4955 4950
f 1579 1698 1670
f 4467 4505 4504
f 4257 4287 4253
f 4307 4287 4310
f 4310 4352 4307
f 4419 4452 4447
f 4467 4447 4452
f 4940 4948 4946
f 4393 4394 4352
f 4393 4400 4394
f 4393 4419 4400
f 4419 4436 4400
f 4436 4419 4447
f 4932 4883 4930
f 4883 4920 4930
f 1682 1698 1672
f 1682 1672 1673
f 4911 4922 4920
f 4922 4913 4921
f 4913 4904 4902
f 1684 1682 1673
f 4904 4892 4902
f 1693 1684 1673
f 1684 1693 1713
f 4904 4895 4892
f 1777 1713 1693
f 4876 4870 4889
f 4895 4876 4889
f 1777 1831 1808
f 1831 1830 1808
f 1830 1749 1808
f 4855 4849 4867
f 1749 1830 1794
f 4848 4849 4855
f 1707 1749 1794
f 1794 1727 1707
f 1820 1707 1727
f 4836 4815 4832
f 4815 4809 4797
f 1820 1727 1788
f 4784 4779 4766
f 4797 4779 4784
f 1788 1893 1820
f 4757 4766 4763
f 4757 4759 4766
f 4779 4763 4766
f 1788 1699 1893
f 4759 4728 4708
f 4757 4728 4759
f 3604 3455 3590
f 3457 3455 3604
f 4708 4688 4693
f 4704 4688 4708
f 4704 4708 4728
f 1699 1769 2062
f 2922 2875 2823
f 2875 2922 2940
f 3455 3457 3406
f 3401 3455 3406
f 3604 3590 3599
f 3604 3599 3696
f 2062 2282 2314
f 2427 2314 2282
f 2424 2314 2427
f 2641 2621 2531
f 2621 2922 2823
f 2621 2641 2922
f 2940 2922 2974
f 3145 2974 3211
f 2940 2974 3145
f 3261 3284 3211
f 3406 3284 3401
f 3284 3261 3401
f 4661 4652 4639
f 4688 4683 4693
f 2424 2427 2531
f 4628 4639 4605
f 4661 4639 4628
f 4652 4661 4683
f 3735 3790 3696
f 3790 3735 3824
f 4605 4614 4628
f 3951 3824 3896
f 3790 3824 3951
f 4537 4550 4526
f 4550 4537 4578
f 4567 4578 4614
f 3977 3951 3896
f 4494 4526 4477
f 4005 3951 3977
f 4102 4005 3977
f 4477 4470 4494
f 4153 4102 3977
f 4102 4153 4200
f 4412 4430 4425
f 4454 4425 4430
f 4237 4332 4357
f 4357 4412 4381
f 3325 3235 3138
f 3312 3235 3325
f 3325 3373 3312
f 3325 3385 3373
f 3385 3461 3373
f 3138 2993 3147
f 3138 2963 2993
f 3147 3325 3138
f 3147 3262 3325
f 3473 3461 3385
f 3473 3573 3461
f 3573 3600 3461
f 2891 2993 2921
f 2993 2963 2921
f 3147 2993 2973
f 3473 3464 3573
f 2921 2726 2891
f 3668 3573 3645
f 3668 3600 3573
f 2891 2726 2757
f 2757 2436 2580
f 3720 3860 3668
f 2218 2408 2436
f 2580 2436 2408
f 2408 2218 2203
f 3860 3910 3925
f 1985 2203 2146
f 2203 2218 2146
f 3962 3910 3865
f 3962 3974 3910
f 1776 1823 1701
f 3972 4024 3962
f 1671 1776 1701
f 3972 4031 4024
f 4677 4730 4662
f 4677 4740 4730
f 1621 1753 1671
f 1753 1776 1671
f 3972 4014 4031
f 4608 4642 4611
f 4755 4730 4740
f 4014 4066 4031
f 4650 4642 4608
f 4650 4665 4642
f 4665 4662 4642
f 4677 4662 4665
f 4755 4778 4776
f 4818 4825 4778
f 1621 1665 1753
f 1665 1729 1753
f 4508 4552 4542
f 4789 4818 4778
f 4789 4830 4818
f 4862 4818 4830
f 3972 3948 4014
f 4074 4014 3948
f 4074 4066 4014
f 4533 4508 4542
f 4856 4862 4830
f 4914 4862 4856
f 3948 4088 4074
f 4510 4508 4533
f 4886 4914 4856
f 4108 4088 3948
f 4108 4118 4088
f 4510 4533 4513
f 4108 4129 4118
f 4935 4938 4914
f 4935 4950 4938
f 4129 4108 4225
f 4466 4490 4467
f 4505 4467 4490
f 4935 4946 4950
f 1670 1698 1712
f 1698 1826 1712
f 4257 4213 4225
f 4262 4287 4257
f 4262 4310 4287
f 4466 4467 4452
f 4928 4946 4935
f 4376 4352 4310
f 4376 4393 4352
f 4376 4416 4393
f 4452 4419 4416
f 4928 4940 4946
f 4419 4393 4416
f 4932 4928 4910
f 4940 4928 4932
f 4932 4910 4883
f 1698 1682 1806
f 4883 4884 4920
f 4903 4911 4884
f 4884 4911 4920
f 4905 4922 4911
f 1682 1736 1806
f 4913 4922 4905
f 4908 4904 4913
f 1684 1736 1682
f 1684 1713 1705
f 4908 4895 4904
f 4908 4893 4895
f 1748 1705 1713
f 1713 1777 1748
f 4893 4876 4895
f 4870 4855 4867
f 4855 4839 4848
f 1707 1805 1749
f 4839 4836 4846
f 4839 4846 4848
f 1820 1805 1707
f 4821 4809 4815
f 4821 4815 4836
f 4809 4779 4797
f 1893 1915 1820
f 4715 4704 4728
f 4745 4728 4757
f 1893 1699 1972
f 3390 3406 3457
f 3546 3457 3604
f 2062 1972 1699
f 1972 2062 2069
f 2510 2273 2424
f 3183 3284 3336
f 3336 3284 3406
f 3390 3336 3406
f 3618 3546 3604
f 3604 3696 3618
f 4688 4704 4674
f 2273 2069 2062
f 2273 2062 2314
f 2273 2314 2424
f 2621 2424 2531
f 2621 2510 2424
f 2687 2621 2823
f 3183 3145 3211
f 3183 3211 3284
f 4683 4688 4652
f 3790 3808 3696
f 3808 3790 3881
f 3951 3881 3790
f 4614 4605 4567
f 3909 3881 3951
f 4578 4567 4550
f 4477 4454 4470
f 4237 4221 4200
f 4221 4176 4200
f 4221 4237 4277
f 4277 4357 4350
f 4277 4237 4357
f 4381 4350 4357
f 3325 3262 3385
f 3464 3473 3385
f 2891 2973 2993
f 2973 3262 3147
f 2757 2973 2891
f 3262 3445 3385
f 3445 3464 3385
f 3645 3464 3547
f 3645 3573 3464
f 2973 2757 2752
f 2752 2998 2973
f 2998 3148 2973
f 3148 3262 2973
f 3547 3464 3445
f 2580 2752 2757
f 2849 2998 2752
f 3679 3645 3547
f 3720 3645 3679
f 3720 3668 3645
f 2408 2494 2580
f 2580 2494 2752
f 3805 3860 3720
f 3805 3910 3860
f 2203 2494 2408
f 2203 2308 2494
f 3805 3865 3910
f 1823 1970 1985
f 1970 2176 1985
f 1985 2308 2203
f 1985 2176 2308
f 3805 3840 3865
f 3865 3840 3962
f 1776 1894 1823
f 1894 1970 1823
f 3972 3962 3840
f 1894 2091 1970
f 3806 3972 3840
f 3868 3972 3806
f 1776 1753 1894
f 1753 1986 1894
f 3868 3892 3972
f 4741 4740 4677
f 4741 4755 4740
f 1729 1986 1753
f 4508 4555 4552
f 4570 4552 4555
f 4555 4602 4570
f 4602 4608 4570
f 4602 4615 4608
f 4615 4650 4608
f 4677 4650 4678
f 4677 4665 4650
f 4678 4741 4677
f 4786 4789 4778
f 3892 3948 3972
f 4555 4508 4523
f 4747 4755 4741
f 4755 4786 4778
f 3908 3948 3892
f 4523 4508 4510
f 4507 4523 4510
f 4747 4786 4755
f 1665 1670 1729
f 1670 1772 1729
f 4830 4863 4856
f 4886 4856 4863
f 1712 1772 1670
f 4108 3948 4096
f 4507 4504 4505
f 4507 4510 4504
f 1816 1772 1712
f 4897 4914 4886
f 4935 4914 4897
f 1712 1826 1816
f 4096 4140 4108
f 4140 4225 4108
f 4466 4485 4490
f 4262 4257 4225
f 4297 4310 4262
f 4487 4466 4452
f 4485 4466 4487
f 4896 4935 4897
f 4935 4896 4928
f 1698 1905 1826
f 4297 4376 4310
f 4380 4416 4376
f 4452 4416 4431
f 4376 4297 4345
f 4380 4376 4345
f 4380 4431 4416
f 4878 4910 4896
f 4896 4910 4928
f 1698 1806 1905
f 1806 1845 1905
f 4883 4910 4878
f 4903 4884 4891
f 4903 4906 4911
f 4905 4911 4906
f 1807 1806 1736
f 4905 4908 4913
f 1684 1740 1736
f 1740 1807 1736
f 1684 1705 1740
f 4909 4908 4905
f 1705 1814 1740
f 4909 4893 4908
f 1748 1814 1705
f 1748 1792 1814
f 1792 1748 1777
f 1792 1777 1808
f 4876 4855 4870
f 1805 1808 1749
f 1805 1792 1808
f 4839 4817 4836
f 4800 4821 4817
f 4817 4821 4836
f 1820 2090 1805
f 4764 4769 4800
f 4800 4769 4821
f 4769 4809 4821
f 1820 1915 2090
f 4769 4779 4809
f 4757 4769 4731
f 4763 4769 4757
f 4769 4763 4779
f 4731 4745 4757
f 1915 1972 2069
f 1893 1972 1915
f 3390 3457 3486
f 3507 3486 3457
f 4728 4745 4715
f 2092 2069 2273
f 3002 3145 3183
f 3189 3183 3336
f 3336 3348 3189
f 3336 3390 3348
f 3486 3348 3390
f 3546 3507 3457
f 4715 4700 4704
f 2510 2735 2685
f 2875 2982 2735
f 2940 2982 2875
f 2982 2940 3145
f 3145 3002 2982
f 3696 3572 3618
f 4688 4674 4649
f 4700 4674 4704
f 2735 2510 2687
f 2510 2621 2687
f 2735 2687 2823
f 2735 2823 2875
f 4635 4603 4639
f 4652 4649 4635
f 4639 4652 4635
f 4649 4652 4688
f 3808 3747 3696
f 3747 3671 3696
f 4567 4603 4580
f 4605 4603 4567
f 4603 4605 4639
f 4527 4550 4546
f 4550 4580 4546
f 4550 4567 4580
f 4477 4497 4474
f 4526 4497 4477
f 4527 4497 4550
f 4497 4526 4550
f 4015 3909 3951
f 4474 4454 4477
f 4005 4015 3951
f 4057 4015 4005
f 4381 4406 4392
f 4412 4406 4381
f 4406 4412 4425
f 4102 4200 4176
f 4392 4353 4381
f 4353 4350 4381
f 4221 4244 4176
f 4279 4244 4221
f 4277 4279 4221
f 3197 3262 3148
f 3449 3547 3445
f 3148 2998 3197
f 3197 3274 3262
f 3274 3445 3262
f 3274 3449 3445
f 3609 3547 3449
f 3609 3679 3547
f 2494 2576 2752
f 2849 2752 2850
f 2850 2998 2849
f 2850 3079 2998
f 3079 3197 2998
f 3079 3274 3197
f 3609 3748 3679
f 3748 3720 3679
f 2308 2465 2494
f 2465 2576 2494
f 2576 2850 2752
f 3079 2850 2976
f 3449 3594 3609
f 3805 3720 3748
f 2465 2308 2176
f 2465 2777 2576
f 2777 2850 2576
f 3594 3748 3609
f 2303 2465 2176
f 3638 3594 3449
f 3638 3748 3594
f 3840 3805 3748
f 2091 2176 1970
f 2200 2176 2091
f 2303 2176 2200
f 3638 3658 3748
f 3770 3748 3658
f 3770 3840 3748
f 3770 3806 3840
f 2200 2091 1894
f 3758 3770 3658
f 3758 3806 3770
f 3811 3806 3758
f 3892 3806 3811
f 3892 3868 3806
f 1729 1954 1986
f 4523 4541 4555
f 4541 4602 4555
f 3863 3892 3811
f 3892 3863 3908
f 4523 4507 4541
f 4565 4584 4541
f 4584 4602 4541
f 4584 4615 4602
f 4584 4650 4615
f 4678 4650 4676
f 4744 4741 4678
f 4747 4741 4744
f 4747 4789 4786
f 1772 1954 1729
f 4507 4522 4541
f 4584 4651 4650
f 4651 4676 4650
f 4676 4744 4678
f 4744 4754 4747
f 4754 4789 4747
f 4754 4830 4789
f 1954 1772 1978
f 3998 3948 3908
f 3998 4096 3948
f 4507 4505 4522
f 4522 4565 4541
f 4621 4651 4584
f 4807 4830 4754
f 1816 1919 1772
f 1772 1919 1978
f 3908 3863 3998
f 4490 4501 4505
f 4522 4505 4501
f 4501 4565 4522
f 4561 4621 4584
f 4807 4863 4830
f 4807 4816 4863
f 4897 4886 4863
f 1826 1919 1816
f 4096 3998 4048
f 4490 4485 4501
f 4501 4547 4565
f 4547 4584 4565
f 4547 4561 4584
f 4561 4597 4621
f 4816 4807 4796
f 4897 4863 4816
f 1826 1999 1919
f 4175 4140 4096
f 4175 4247 4140
f 4247 4225 4140
f 4247 4262 4225
f 4501 4485 4487
f 4487 4530 4501
f 4530 4547 4501
f 4226 4247 4175
f 4297 4262 4247
f 4247 4311 4297
f 4311 4345 4297
f 4452 4453 4487
f 4816 4896 4897
f 1826 1944 1999
f 4453 4452 4431
f 4469 4487 4453
f 4530 4487 4469
f 4796 4827 4816
f 4827 4896 4816
f 1826 1905 1944
f 4358 4380 4345
f 4760 4827 4796
f 4827 4878 4896
f 4380 4453 4431
f 4760 4828 4827
f 4828 4860 4827
f 4860 4878 4827
f 4860 4883 4878
f 4773 4828 4760
f 4828 4883 4860
f 4773 4810 4828
f 4810 4835 4828
f 4835 4883 4828
f 4883 4835 4884
f 1854 1905 1845
f 4891 4884 4835
f 1806 1854 1845
f 4852 4891 4835
f 4852 4890 4891
f 4890 4903 4891
f 4890 4906 4903
f 4852 4872 4890
f 4872 4906 4890
f 1806 1807 1854
f 1807 1847 1854
f 4872 4905 4906
f 4873 4909 4872
f 4909 4905 4872
f 1814 1807 1740
f 1792 1878 1814
f 4879 4909 4873
f 4879 4893 4909
f 1792 1889 1878
f 4823 4858 4842
f 4858 4879 4842
f 4858 4876 4879
f 4879 4876 4893
f 4841 4858 4823
f 1792 1805 1889
f 4858 4855 4876
f 4817 4858 4841
f 4858 4839 4855
f 1805 2031 1889
f 4800 4817 4768
f 4858 4817 4839
f 4768 4764 4800
f 1805 2090 2031
f 4764 4768 4739
f 4739 4742 4764
f 4742 4769 4764
f 4745 4731 4716
f 4742 4731 4769
f 4745 4716 4715
f 2069 2092 1915
f 2092 2273 2422
f 4700 4716 4696
f 4715 4716 4700
f 2525 2422 2510
f 2422 2273 2510
f 2525 2510 2685
f 2525 2735 2949
f 2525 2685 2735
f 2735 3002 2949
f 3002 3183 3189
f 3335 3243 3348
f 3243 3189 3348
f 3335 3348 3486
f 3546 3486 3507
f 3546 3462 3486
f 4649 4674 4696
f 4674 4700 4696
f 3002 2735 2982
f 3618 3462 3546
f 3671 3572 3696
f 4603 4635 4622
f 4635 4649 4622
f 3808 3749 3747
f 4474 4497 4456
f 3909 3808 3881
f 3909 3848 3808
f 4429 4454 4474
f 4429 4406 4425
f 4429 4425 4454
f 4057 4176 4196
f 4353 4349 4302
f 4392 4349 4353
f 4102 4057 4005
f 4057 4102 4176
f 4196 4176 4244
f 4350 4353 4302
f 4302 4279 4277
f 4302 4277 4350
f 3209 3274 3079
f 3315 3449 3274
f 3315 3274 3209
f 3315 3460 3449
f 2850 2777 2976
f 3158 3079 2976
f 3158 3209 3079
f 3460 3638 3449
f 2465 2303 2482
f 2482 2777 2465
f 2482 2794 2777
f 2794 2976 2777
f 3381 3460 3315
f 3446 3638 3460
f 2275 2482 2303
f 2482 2695 2794
f 3381 3446 3460
f 3446 3548 3638
f 2200 2275 2303
f 3548 3580 3638
f 3580 3658 3638
f 2200 1986 2275
f 2200 1894 1986
f 3678 3658 3580
f 3678 3758 3658
f 2113 2275 1986
f 3678 3811 3758
f 1954 2113 1986
f 3760 3811 3678
f 3736 3811 3760
f 3736 3863 3811
f 3863 3736 3825
f 1954 1978 2097
f 3998 3863 3898
f 4680 4744 4676
f 1919 1999 1978
f 2097 1978 1999
f 4012 3998 3898
f 4012 4048 3998
f 4621 4636 4651
f 4636 4680 4651
f 4680 4676 4651
f 4680 4754 4744
f 4796 4807 4754
f 4680 4796 4754
f 4087 4096 4048
f 4087 4175 4096
f 4636 4621 4597
f 4717 4796 4680
f 4547 4530 4561
f 4561 4609 4597
f 4609 4636 4597
f 4717 4760 4796
f 4255 4247 4226
f 4294 4247 4255
f 4294 4311 4247
f 4311 4358 4345
f 4530 4469 4503
f 4530 4528 4561
f 4528 4609 4561
f 1942 1999 1944
f 4380 4358 4397
f 4397 4417 4380
f 4417 4453 4380
f 4469 4453 4417
f 4417 4480 4469
f 4480 4503 4469
f 4503 4528 4530
f 4624 4636 4609
f 4664 4680 4636
f 4664 4717 4680
f 1905 1942 1944
f 4500 4503 4480
f 4528 4503 4500
f 4624 4664 4636
f 4664 4690 4717
f 4690 4760 4717
f 4773 4760 4710
f 1905 1854 1942
f 4710 4760 4690
f 4724 4710 4690
f 4710 4724 4773
f 4810 4852 4835
f 4724 4758 4773
f 4758 4810 4773
f 1854 2024 1942
f 4777 4810 4758
f 4777 4852 4810
f 4799 4852 4777
f 4799 4872 4852
f 1840 1854 1847
f 4812 4799 4805
f 4812 4872 4799
f 1807 1840 1847
f 4812 4873 4872
f 1807 1814 1840
f 1814 1878 1840
f 4843 4873 4812
f 4782 4842 4843
f 4842 4873 4843
f 4842 4879 4873
f 4823 4842 4782
f 4788 4841 4823
f 4787 4841 4788
f 1889 2031 1934
f 4787 4817 4841
f 4787 4768 4817
f 4739 4768 4787
f 4726 4739 4787
f 4696 4723 4698
f 4723 4726 4698
f 4723 4739 4726
f 4723 4742 4739
f 1915 2092 2090
f 2398 2092 2422
f 2090 2092 2398
f 4696 4716 4723
f 4742 4723 4731
f 4723 4716 4731
f 4622 4649 4653
f 4649 4672 4653
f 2657 2398 2525
f 2398 2422 2525
f 2552 2657 2525
f 2552 2525 2949
f 4672 4649 4696
f 3002 3095 2949
f 3095 3002 3189
f 3243 3095 3189
f 3462 3330 3335
f 3462 3335 3486
f 4566 4580 4606
f 4515 4546 4538
f 4546 4566 4538
f 4546 4580 4566
f 4606 4580 4603
f 4606 4603 4622
f 4515 4527 4546
f 3747 3701 3671
f 3701 3629 3671
f 3701 3747 3749
f 4515 4497 4527
f 3808 3796 3749
f 3796 3808 3848
f 4456 4429 4474
f 3909 3894 3848
f 4060 3894 3909
f 4015 4060 3909
f 4196 4015 4057
f 4196 4244 4293
f 4293 4244 4279
f 4293 4279 4302
f 3244 3315 3209
f 3244 3381 3315
f 2794 2862 2976
f 2862 3158 2976
f 3209 3158 3244
f 2794 2695 2862
f 2862 3088 3158
f 2482 2366 2518
f 2482 2275 2366
f 2518 2695 2482
f 2518 2862 2695
f 2518 3088 2862
f 3324 3381 3244
f 3324 3446 3381
f 3324 3496 3446
f 3496 3548 3446
f 2113 2366 2275
f 3582 3548 3496
f 3582 3580 3548
f 2366 2113 2235
f 3619 3580 3582
f 3619 3678 3580
f 3664 3678 3619
f 3664 3760 3678
f 3664 3736 3760
f 2113 1954 2235
f 3664 3825 3736
f 1954 2097 2235
f 3825 3898 3863
f 2298 2097 1999
f 3947 3898 3825
f 3947 4012 3898
f 4141 4175 4087
f 4174 4226 4141
f 4226 4175 4141
f 4174 4255 4226
f 4358 4311 4294
f 4313 4358 4294
f 4403 4417 4397
f 4403 4451 4417
f 4451 4480 4417
f 4549 4609 4528
f 1942 2055 1999
f 2055 2126 1999
f 4493 4500 4480
f 4528 4493 4534
f 4528 4500 4493
f 4534 4549 4528
f 4604 4624 4609
f 4604 4632 4624
f 4632 4664 4624
f 1942 2024 2055
f 4451 4493 4480
f 4549 4604 4609
f 4632 4690 4664
f 4604 4595 4632
f 4673 4690 4632
f 4673 4692 4690
f 4692 4724 4690
f 4713 4724 4692
f 4673 4713 4692
f 4758 4724 4713
f 1854 2011 2024
f 4735 4758 4713
f 4735 4777 4758
f 4799 4777 4735
f 4748 4799 4735
f 4748 4805 4799
f 1854 1840 2011
f 4762 4805 4748
f 1840 1988 2011
f 1840 1878 1988
f 4762 4781 4805
f 4781 4812 4805
f 4781 4843 4812
f 4781 4782 4843
f 4770 4823 4782
f 1889 1988 1878
f 4751 4770 4782
f 4770 4788 4823
f 1934 1988 1889
f 4684 4705 4709
f 4721 4751 4705
f 4721 4770 4751
f 4721 4788 4770
f 4687 4705 4684
f 4687 4721 4705
f 4726 4788 4721
f 4726 4787 4788
f 1934 2031 2044
f 2031 2106 2044
f 2106 2031 2212
f 4653 4670 4654
f 4670 4698 4687
f 4698 4721 4687
f 4698 4726 4721
f 2031 2090 2212
f 2090 2398 2212
f 4625 4622 4654
f 4622 4653 4654
f 4653 4672 4670
f 4698 4670 4672
f 4698 4672 4696
f 4566 4606 4625
f 4606 4622 4625
f 2661 2398 2657
f 2785 2657 2552
f 2785 2552 2949
f 2949 3095 3123
f 3123 3095 3243
f 3123 3243 3335
f 3330 3123 3335
f 3330 3462 3459
f 4495 4515 4538
f 3618 3522 3462
f 3522 3459 3462
f 3522 3618 3572
f 3671 3629 3572
f 4456 4461 4438
f 4495 4461 4497
f 4461 4456 4497
f 4495 4497 4515
f 4389 4429 4401
f 4429 4438 4401
f 4438 4429 4456
f 3796 3701 3749
f 4362 4349 4392
f 4392 4389 4362
f 4406 4389 4392
f 4389 4406 4429
f 4062 4060 4015
f 4062 4015 4196
f 4182 4196 4265
f 4265 4196 4291
f 4302 4318 4291
f 4318 4302 4349
f 4293 4291 4196
f 4291 4293 4302
f 3088 3130 3158
f 3130 3244 3158
f 3130 3295 3244
f 3295 3324 3244
f 2749 3088 2518
f 2749 2980 3088
f 3295 3368 3324
f 3368 3496 3324
f 2518 2235 2586
f 2518 2366 2235
f 2586 2749 2518
f 3069 3088 2980
f 3130 3088 3069
f 3433 3496 3368
f 3433 3483 3496
f 2283 2586 2235
f 3483 3582 3496
f 3625 3582 3483
f 3625 3619 3582
f 3625 3664 3619
f 2235 2097 2283
f 3781 3664 3625
f 2097 2298 2283
f 3825 3664 3781
f 3814 3825 3781
f 1999 2214 2298
f 2296 2298 2214
f 3825 3814 3903
f 3903 3947 3825
f 4012 3947 3987
f 3987 4037 4012
f 4037 4048 4012
f 4037 4087 4048
f 1999 2167 2214
f 2167 2223 2214
f 4087 4037 4081
f 4081 4141 4087
f 4174 4141 4163
f 4163 4255 4174
f 1999 2126 2167
f 4243 4294 4255
f 4243 4313 4294
f 4313 4322 4325
f 4325 4358 4313
f 4325 4383 4358
f 4383 4397 4358
f 4322 4313 4243
f 4383 4403 4397
f 4403 4428 4451
f 4531 4534 4493
f 4531 4549 4534
f 4531 4573 4549
f 4573 4604 4549
f 4595 4604 4573
f 2024 2137 2055
f 2137 2126 2055
f 4630 4632 4595
f 4630 4673 4632
f 4594 4595 4573
f 4594 4630 4595
f 4669 4673 4630
f 4669 4713 4673
f 2024 2011 2137
f 2011 2065 2137
f 4627 4669 4630
f 4669 4735 4713
f 4679 4735 4669
f 4643 4669 4627
f 4679 4748 4735
f 4643 4679 4669
f 4679 4762 4748
f 2070 2011 1988
f 4667 4679 4643
f 4781 4762 4679
f 4643 4645 4667
f 4709 4679 4667
f 4709 4781 4679
f 4751 4781 4709
f 4781 4751 4782
f 1988 2044 2070
f 4648 4667 4645
f 4648 4684 4667
f 4684 4709 4667
f 1934 2044 1988
f 4751 4709 4705
f 4598 4631 4648
f 4631 4684 4648
f 2115 2044 2106
f 2106 2163 2115
f 4598 4625 4631
f 4625 4654 4631
f 4654 4684 4631
f 4684 4670 4687
f 2212 2163 2106
f 2212 2227 2163
f 4585 4625 4598
f 4684 4654 4670
f 2212 2263 2227
f 2263 2212 2604
f 4520 4566 4585
f 4538 4566 4520
f 4566 4625 4585
f 2398 2604 2212
f 2604 2398 2661
f 2785 2949 2811
f 2811 2949 3123
f 3131 3123 3330
f 4461 4495 4488
f 3522 3420 3459
f 3629 3492 3572
f 3492 3522 3572
f 3894 3882 3848
f 4144 4060 4062
f 4182 4062 4196
f 4182 4144 4062
f 3069 3092 3130
f 3092 3295 3130
f 2662 2749 2586
f 2749 2662 2769
f 2769 2980 2749
f 3092 3069 2980
f 3238 3295 3092
f 3238 3368 3295
f 2586 2484 2551
f 2586 2283 2484
f 2551 2662 2586
f 2484 2283 2551
f 3634 3625 3483
f 2385 2551 2283
f 3598 3634 3483
f 2283 2298 2385
f 2298 2296 2385
f 2214 2310 2296
f 3936 3947 3903
f 3936 3987 3947
f 2214 2223 2310
f 3880 3936 3903
f 4150 4141 4081
f 4150 4163 4141
f 2223 2264 2310
f 4211 4255 4163
f 4211 4243 4255
f 4322 4243 4211
f 4343 4325 4322
f 4343 4383 4325
f 2224 2223 2167
f 4403 4383 4410
f 4410 4428 4403
f 2126 2178 2167
f 2178 2224 2167
f 4465 4493 4451
f 4451 4428 4410
f 4410 4465 4451
f 4465 4479 4493
f 4479 4531 4493
f 2126 2137 2178
f 4512 4531 4479
f 4512 4573 4531
f 4535 4573 4512
f 4535 4594 4573
f 4560 4594 4535
f 4594 4560 4630
f 4560 4627 4630
f 4627 4560 4591
f 2011 2070 2065
f 4559 4627 4591
f 4559 4643 4627
f 4582 4643 4559
f 4613 4643 4582
f 4613 4645 4643
f 4613 4648 4645
f 2115 2070 2044
f 4563 4613 4582
f 4545 4613 4563
f 4545 4598 4613
f 4598 4648 4613
f 4519 4598 4545
f 4519 4520 4598
f 4520 4585 4598
f 2263 2262 2227
f 2604 2384 2263
f 4459 4488 4520
f 4488 4538 4520
f 4443 4488 4459
f 2811 2661 2657
f 4488 4495 4538
f 2785 2811 2657
f 4391 4413 4443
f 4413 4488 4443
f 4413 4461 4488
f 2944 3123 3131
f 3131 3330 3182
f 3182 3330 3459
f 3420 3182 3459
f 3404 3420 3522
f 4389 4401 4413
f 4413 4401 4438
f 4413 4438 4461
f 3492 3404 3522
f 3508 3492 3629
f 3500 3508 3629
f 3500 3629 3701
f 4280 4291 4318
f 4318 4349 4327
f 4389 4327 4362
f 4327 4349 4362
f 3796 3780 3701
f 3780 3848 3882
f 3780 3796 3848
f 4291 4280 4265
f 3894 4060 4090
f 4090 4060 4144
f 2989 2980 2769
f 3092 2980 2989
f 2989 3238 3092
f 3301 3368 3238
f 2769 2662 2551
f 2926 2989 2769
f 3301 3238 2989
f 3495 3483 3433
f 3495 3598 3483
f 2385 2557 2551
f 2769 2551 2557
f 2557 2385 2681
f 2296 2681 2385
f 2296 2483 2681
f 3625 3634 3740
f 3740 3781 3625
f 2483 2310 2486
f 2483 2296 2310
f 3740 3793 3781
f 3793 3814 3781
f 3793 3903 3814
f 3903 3793 3880
f 3943 3987 3936
f 2310 2264 2348
f 3943 4037 3987
f 4047 4081 4037
f 2323 2348 2264
f 4047 4079 4081
f 4079 4150 4081
f 2223 2258 2264
f 2258 2323 2264
f 4150 4211 4163
f 4267 4322 4211
f 2223 2224 2258
f 4343 4322 4371
f 4371 4385 4343
f 4385 4383 4343
f 4385 4410 4383
f 4465 4410 4445
f 4445 4479 4465
f 2137 2179 2178
f 4445 4491 4479
f 2111 2137 2065
f 2111 2179 2137
f 4479 4491 4512
f 4491 4535 4512
f 4560 4535 4517
f 4517 4591 4560
f 4559 4591 4517
f 4516 4559 4517
f 4516 4582 4559
f 4516 4563 4582
f 4481 4516 4499
f 4481 4545 4516
f 4545 4563 4516
f 2163 2142 2115
f 4484 4545 4481
f 4484 4519 4545
f 2263 2384 2262
f 4484 4459 4519
f 4459 4520 4519
f 4444 4443 4459
f 2604 2535 2384
f 2535 2367 2384
f 4404 4443 4444
f 4391 4443 4404
f 2642 2661 2811
f 2868 2811 3123
f 4342 4391 4404
f 2944 2868 3123
f 2944 3131 3182
f 4389 4391 4342
f 4391 4389 4413
f 4342 4327 4389
f 3500 3701 3692
f 4280 4318 4327
f 3780 3692 3701
f 4182 4209 4187
f 4209 4182 4265
f 3894 4051 3882
f 4090 4051 3894
f 4187 4144 4182
f 2926 3014 2989
f 3014 3149 2989
f 3149 3301 2989
f 3365 3368 3301
f 3365 3433 3368
f 2818 2926 2769
f 2769 2681 2765
f 2769 2557 2681
f 2765 2818 2769
f 3365 3495 3433
f 3480 3495 3365
f 3520 3495 3480
f 3520 3598 3495
f 3598 3520 3570
f 3570 3620 3598
f 3620 3634 3598
f 2765 2681 2483
f 3634 3620 3740
f 2310 2348 2486
f 2348 2441 2486
f 3793 3832 3880
f 2413 2441 2348
f 3832 3936 3880
f 3943 3936 3832
f 2323 2350 2348
f 2350 2413 2348
f 3949 4037 3943
f 4047 4037 3949
f 4150 4079 4098
f 4098 4223 4150
f 4223 4211 4150
f 4223 4267 4211
f 4298 4322 4267
f 4298 4371 4322
f 2224 2260 2258
f 2260 2323 2258
f 4298 4315 4371
f 2179 2224 2178
f 4356 4410 4385
f 4445 4410 4356
f 4435 4445 4356
f 2111 2177 2179
f 4457 4445 4435
f 4457 4491 4445
f 4491 4457 4435
f 4446 4491 4435
f 4446 4475 4491
f 4475 4535 4491
f 4517 4535 4475
f 4427 4517 4475
f 4427 4516 4517
f 4427 4483 4516
f 2142 2065 2070
f 4483 4499 4516
f 2142 2070 2115
f 4442 4481 4499
f 2163 2162 2142
f 2163 2227 2162
f 4408 4422 4442
f 4422 4484 4442
f 4442 4484 4481
f 4422 4459 4484
f 2384 2367 2262
f 4422 4444 4459
f 4404 4444 4422
f 2661 2642 2604
f 2642 2535 2604
f 4404 4365 4329
f 4329 4342 4404
f 3283 3185 3182
f 3283 3182 3420
f 3283 3420 3404
f 4280 4329 4312
f 4280 4327 4329
f 4329 4327 4342
f 3360 3283 3404
f 3360 3404 3492
f 4265 4280 4249
f 4104 4144 4187
f 4249 4209 4265
f 4144 4104 4090
f 3014 3076 3149
f 3076 3301 3149
f 3285 3365 3301
f 2818 2910 2926
f 2910 3014 2926
f 3425 3365 3285
f 3425 3480 3365
f 2740 2818 2765
f 3480 3425 3419
f 3419 3520 3480
f 2765 2684 2740
f 2765 2483 2684
f 2483 2486 2684
f 3694 3793 3740
f 2491 2486 2441
f 2491 2684 2486
f 3793 3694 3832
f 3949 3980 4047
f 3980 4079 4047
f 4164 4223 4098
f 4228 4267 4164
f 4267 4223 4164
f 4228 4298 4267
f 4301 4315 4298
f 4301 4319 4315
f 4356 4315 4319
f 4356 4371 4315
f 2236 2224 2179
f 2236 2260 2224
f 4356 4385 4371
f 4435 4356 4390
f 4418 4435 4390
f 4418 4446 4435
f 4427 4475 4402
f 2122 2065 2142
f 4396 4499 4483
f 4396 4409 4499
f 4442 4499 4409
f 2299 2227 2262
f 4408 4442 4382
f 2367 2299 2262
f 2415 2299 2367
f 4408 4404 4422
f 4365 4408 4364
f 4365 4404 4408
f 2367 2535 2415
f 2570 2415 2535
f 2570 2535 2642
f 2811 2724 2642
f 2724 2811 2868
f 4329 4365 4312
f 3022 3182 3185
f 3321 3283 3360
f 3360 3492 3422
f 3422 3492 3508
f 4209 4249 4187
f 3500 3422 3508
f 4187 4137 4104
f 4090 4058 4051
f 4090 4104 4058
f 3202 3301 3076
f 3202 3285 3301
f 3072 3014 2910
f 3076 3014 3072
f 3072 3202 3076
f 2910 2818 2740
f 3425 3285 3419
f 2684 2793 2740
f 3615 3740 3620
f 3615 3694 3740
f 2581 2684 2491
f 3802 3943 3832
f 2413 2491 2441
f 3943 3802 3856
f 3943 3856 3949
f 3980 3949 3856
f 4028 4079 3980
f 4079 4028 4098
f 4228 4164 4198
f 4198 4283 4228
f 4283 4298 4228
f 4301 4298 4283
f 4319 4390 4356
f 2177 2236 2179
f 4367 4390 4319
f 4367 4418 4390
f 4378 4367 4326
f 4418 4367 4378
f 4378 4375 4418
f 4375 4446 4418
f 4475 4375 4402
f 4475 4446 4375
f 4396 4427 4402
f 4396 4483 4427
f 2162 2122 2142
f 2173 2162 2227
f 4382 4442 4409
f 2230 2173 2227
f 2299 2230 2227
f 4341 4408 4382
f 2299 2415 2328
f 4341 4364 4408
f 4276 4365 4364
f 2570 2642 2724
f 4276 4312 4365
f 2944 2724 2868
f 2948 2944 3182
f 4312 4276 4227
f 3022 2948 3182
f 3185 3283 3247
f 4280 4227 4249
f 4227 4280 4312
f 3321 3247 3283
f 4227 4187 4249
f 3741 3704 3692
f 3780 3741 3692
f 3741 3780 3882
f 3293 3202 3251
f 3293 3285 3202
f 2740 3004 2910
f 2910 3004 3072
f 3285 3322 3419
f 3293 3322 3285
f 3322 3488 3419
f 3488 3520 3419
f 2740 2793 3004
f 3570 3488 3533
f 3520 3488 3570
f 2602 2793 2684
f 2602 2730 2793
f 3533 3620 3570
f 3585 3620 3533
f 3620 3585 3615
f 3677 3694 3615
f 2581 2602 2684
f 3694 3677 3832
f 2581 2491 2413
f 3802 3823 3856
f 3869 3980 3856
f 4151 4164 4098
f 4151 4198 4164
f 2236 2256 2260
f 4198 4301 4283
f 2225 2256 2236
f 4282 4301 4198
f 2225 2236 2177
f 4319 4301 4282
f 2166 2225 2177
f 4326 4319 4282
f 4326 4367 4319
f 2111 2117 2177
f 2117 2166 2177
f 4335 4378 4326
f 4335 4354 4378
f 4354 4375 4378
f 4372 4375 4354
f 4372 4396 4375
f 4375 4396 4402
f 4372 4363 4396
f 4363 4339 4396
f 4340 4409 4339
f 4339 4409 4396
f 2173 2122 2162
f 4340 4382 4409
f 2257 2230 2299
f 4341 4340 4305
f 4340 4341 4382
f 2328 2257 2299
f 4305 4321 4341
f 4321 4364 4341
f 2451 2328 2415
f 2570 2451 2415
f 4321 4276 4364
f 2679 2570 2724
f 2451 2570 2679
f 3247 3022 3185
f 4189 4187 4227
f 3321 3360 3422
f 4104 4137 3975
f 4189 4137 4187
f 3500 3502 3422
f 3502 3692 3704
f 3502 3500 3692
f 3882 4051 3741
f 3975 4058 4104
f 3322 3293 3251
f 3072 3004 3124
f 3124 3202 3072
f 3202 3124 3251
f 2793 2837 3004
f 2793 2730 2837
f 3428 3802 3832
f 3428 3823 3802
f 2351 2516 2413
f 2516 2581 2413
f 3823 3869 3856
f 3798 3869 3823
f 3870 3980 3869
f 2350 2351 2413
f 3870 3917 3980
f 3917 4028 3980
f 3917 4098 4028
f 4098 3917 3988
f 3988 4151 4098
f 4282 4198 4246
f 4282 4246 4326
f 4314 4354 4335
f 4372 4314 4316
f 4372 4354 4314
f 4316 4363 4372
f 4316 4339 4363
f 4316 4340 4339
f 4304 4340 4316
f 4305 4340 4304
f 4285 4321 4305
f 4285 4276 4321
f 4285 4254 4276
f 2679 2724 2663
f 4173 4276 4254
f 2944 2821 2724
f 2821 2663 2724
f 2821 2944 2948
f 4189 4227 4125
f 4173 4227 4276
f 4137 4125 3989
f 4189 4125 4137
f 4137 3989 3975
f 3741 4051 3845
f 4058 3845 4051
f 4058 3975 3845
f 3004 3190 3124
f 3124 3272 3251
f 3124 3190 3272
f 3272 3322 3251
f 3272 3323 3322
f 3323 3488 3322
f 3323 3533 3488
f 3004 2837 2968
f 2602 2711 2730
f 3353 3832 3677
f 3353 3428 3832
f 2516 2613 2581
f 2613 2602 2581
f 2351 2460 2516
f 3798 3870 3869
f 2323 2351 2350
f 4116 4198 4151
f 4116 4246 4198
f 4246 4335 4326
f 4246 4284 4335
f 4284 4314 4335
f 2068 2117 2111
f 4210 4316 4314
f 2230 2181 2173
f 4285 4305 4195
f 2451 2257 2328
f 4190 4254 4285
f 2663 2451 2679
f 4190 4173 4254
f 4125 4173 4190
f 2808 2821 2948
f 4173 4125 4227
f 3022 2808 2948
f 3022 3247 2946
f 3989 4190 4001
f 4125 4190 3989
f 3026 2946 3247
f 3026 3247 3321
f 3026 3321 3422
f 3755 3704 3741
f 3755 3741 3845
f 3190 3196 3272
f 3004 2968 3090
f 3090 3190 3004
f 3196 3190 3090
f 3362 3533 3323
f 2837 2827 2968
f 3362 3329 3533
f 3329 3585 3533
f 3329 3615 3585
f 2730 2827 2837
f 2730 2711 2827
f 3388 3677 3615
f 3388 3353 3677
f 2602 2613 2711
f 2516 2563 2613
f 2460 2563 2516
f 2320 2351 2323
f 3917 3859 3988
f 2302 2323 2260
f 2302 2320 2323
f 2256 2302 2260
f 4246 4116 4192
f 4246 4192 4284
f 4219 4314 4284
f 4219 4210 4314
f 2068 2111 2065
f 2181 2122 2173
f 4251 4304 4316
f 4201 4305 4304
f 2257 2181 2230
f 2270 2181 2257
f 4201 4195 4305
f 2257 2451 2270
f 2598 2270 2451
f 4195 4190 4285
f 2451 2663 2598
f 2598 2663 2620
f 4190 4195 4154
f 2821 2714 2663
f 2714 2620 2663
f 2714 2821 2808
f 4190 4154 4001
f 3022 2946 2808
f 3195 3026 3422
f 3975 3884 3841
f 3989 3884 3975
f 3989 4001 3884
f 3223 3195 3422
f 3223 3422 3502
f 3607 3502 3704
f 3841 3845 3975
f 3196 3268 3272
f 3268 3323 3272
f 2968 2996 3090
f 2996 3268 3090
f 3268 3196 3090
f 2968 2827 2996
f 3323 3329 3362
f 3388 3615 3329
f 2711 2613 2799
f 2799 2827 2711
f 2563 2799 2613
f 3870 3798 3659
f 2351 2320 2460
f 3659 3917 3870
f 3859 3940 3988
f 2225 2302 2256
f 3940 4151 3988
f 3940 4116 4151
f 2186 2225 2166
f 2117 2121 2166
f 4192 4116 4146
f 2121 2117 2068
f 2063 2121 2068
f 2033 2063 2068
f 4210 4251 4316
f 2057 2068 2065
f 2057 2065 2122
f 2122 2181 2128
f 4304 4251 4185
f 4185 4201 4304
f 4201 4132 4195
f 2598 2620 2270
f 4195 4132 4154
f 4154 4002 4001
f 2738 2714 2808
f 2738 2808 2946
f 3223 3502 3607
f 3734 3607 3704
f 3734 3755 3782
f 3734 3704 3755
f 3845 3782 3755
f 3845 3841 3782
f 3329 3323 3268
f 2827 3040 2996
f 2996 3040 3119
f 3268 2996 3119
f 2827 2799 2865
f 2827 2865 3040
f 3489 3823 3428
f 2563 2773 2799
f 3489 3798 3823
f 3759 3917 3659
f 3917 3759 3859
f 2121 2186 2166
f 3940 3861 4063
f 4116 3940 4063
f 4063 4146 4116
f 4192 4146 4131
f 4131 4284 4192
f 4131 4166 4284
f 4166 4219 4284
f 2035 2063 2033
f 4219 4166 4210
f 2068 2057 2033
f 2057 2012 2033
f 2075 2012 2057
f 2075 2057 2122
f 2128 2075 2122
f 2620 2181 2270
f 4132 4067 4154
f 4154 4067 4002
f 2855 2738 2946
f 4002 3906 4001
f 3026 2855 2946
f 3153 3026 3195
f 3841 3884 3906
f 4001 3906 3884
f 3543 3798 3489
f 3543 3589 3798
f 2460 2773 2563
f 2331 2773 2460
f 3798 3589 3659
f 2320 2331 2460
f 3719 3778 3759
f 2302 2331 2320
f 3759 3861 3859
f 3778 3861 3759
f 3861 3940 3859
f 2225 2226 2302
f 2186 2226 2225
f 2034 2141 2063
f 2141 2121 2063
f 2034 2063 2035
f 4145 4166 4131
f 4145 4210 4166
f 4145 4160 4210
f 4160 4251 4210
f 2012 1953 2033
f 2012 2075 2013
f 4160 4185 4251
f 4103 4201 4185
f 2181 2245 2128
f 4132 4103 4067
f 4103 4132 4201
f 2181 2620 2245
f 2561 2245 2620
f 2620 2714 2561
f 2561 2714 2738
f 4002 4067 4039
f 4002 4039 3906
f 3841 3906 3763
f 3223 3153 3195
f 3763 3782 3841
f 3595 3519 3607
f 3595 3607 3734
f 3119 3282 3268
f 3282 3329 3268
f 2799 2895 2865
f 2865 3001 3040
f 2865 2895 3001
f 3040 3001 3119
f 3388 3282 3353
f 3329 3282 3388
f 2895 2799 2773
f 3589 3644 3659
f 3644 3759 3659
f 3644 3719 3759
f 3861 3778 4063
f 2121 2141 2186
f 4063 3778 3937
f 3937 4022 4063
f 4022 4030 4063
f 4030 4146 4063
f 4146 4030 4120
f 4120 4131 4146
f 4131 4120 4145
f 2035 2033 1953
f 4070 4160 4145
f 4124 4160 4070
f 4185 4124 4103
f 4124 4185 4160
f 4103 4072 4067
f 4072 4039 4067
f 2703 2561 2738
f 2703 2738 2855
f 3026 2943 2855
f 2943 3026 3153
f 3906 3818 3763
f 3906 4039 3818
f 3456 3223 3607
f 3456 3607 3519
f 3680 3595 3734
f 3782 3680 3734
f 3782 3763 3680
f 2895 2909 3001
f 3001 3273 3119
f 3282 3119 3273
f 3353 3282 3273
f 2692 2810 2773
f 2810 2895 2773
f 2810 2909 2895
f 3477 3428 3353
f 3375 3477 3353
f 3489 3428 3477
f 3477 3543 3489
f 2331 2583 2773
f 2692 2773 2583
f 3526 3543 3477
f 3578 3543 3526
f 3578 3589 3543
f 3578 3631 3589
f 3631 3644 3589
f 3631 3719 3644
f 2583 2331 2302
f 3705 3719 3631
f 3719 3772 3778
f 3799 3778 3772
f 2226 2255 2302
f 3705 3772 3719
f 3893 3937 3799
f 3937 3778 3799
f 2141 2105 2186
f 2105 2226 2186
f 4030 3937 3893
f 2034 2047 2141
f 2047 2105 2141
f 3937 4030 4022
f 1997 2047 2034
f 1953 1997 2034
f 4030 4070 4120
f 4070 4145 4120
f 1953 2034 2035
f 4071 4075 4070
f 4070 4075 4124
f 1949 2012 2013
f 1949 1953 2012
f 4075 4072 4103
f 4075 4103 4124
f 2056 2013 2075
f 2075 2128 2056
f 2128 2134 2056
f 4042 4039 4072
f 2128 2245 2134
f 4042 4026 4039
f 2245 2241 2134
f 2561 2241 2245
f 3966 4039 4026
f 3818 4039 3966
f 2503 2241 2561
f 2703 2503 2561
f 3966 3831 3818
f 2664 2703 2855
f 2839 2855 2943
f 3137 2943 3153
f 3137 3042 2943
f 3223 3137 3153
f 3680 3763 3831
f 3831 3763 3818
f 3106 3042 3137
f 3106 3137 3223
f 3355 3106 3456
f 3106 3223 3456
f 3479 3355 3456
f 3519 3479 3456
f 3831 3654 3680
f 3654 3595 3680
f 2909 3181 3001
f 3181 3273 3001
f 3311 3273 3275
f 3311 3353 3273
f 3353 3311 3375
f 2692 2759 2810
f 2759 2881 2810
f 2881 2909 2810
f 3181 2909 2881
f 3275 3273 3181
f 3380 3477 3375
f 2692 2583 2759
f 2493 2583 2302
f 3526 3593 3578
f 3593 3631 3578
f 3593 3705 3631
f 2255 2333 2302
f 2219 2255 2226
f 3799 3772 3742
f 3742 3893 3799
f 2219 2226 2105
f 2047 2077 2105
f 4030 3893 3976
f 3976 4070 4030
f 4070 3976 3968
f 3968 4071 4070
f 1953 1914 1911
f 1953 1949 1914
f 4075 4071 4027
f 4043 4042 4075
f 1945 1949 2013
f 4042 4072 4075
f 3967 3966 4026
f 3967 3831 3966
f 2664 2503 2703
f 2839 2664 2855
f 2710 2664 2839
f 2776 2710 2839
f 2776 2839 2764
f 3042 2839 2943
f 2764 2839 3042
f 3831 3967 3737
f 2947 2764 3042
f 3737 3654 3831
f 3384 3290 3355
f 3384 3355 3479
f 3479 3519 3513
f 3513 3519 3595
f 3513 3595 3654
f 3311 3347 3375
f 2759 2932 2881
f 3380 3375 3347
f 3380 3356 3477
f 3356 3526 3477
f 2700 2759 2583
f 2302 2333 2493
f 3587 3705 3593
f 3587 3690 3705
f 2219 2333 2255
f 3772 3690 3742
f 3705 3690 3772
f 3787 3874 3742
f 3742 3874 3893
f 1997 2077 2047
f 3893 3874 3920
f 3920 3976 3893
f 1946 1997 1953
f 3976 3920 3968
f 1911 1946 1953
f 4013 4071 3968
f 4071 4013 4027
f 4043 4075 4027
f 1914 1949 1910
f 1949 1945 1910
f 3993 4042 4043
f 1989 1910 1945
f 3993 4011 4042
f 2017 1945 2013
f 2017 1989 1945
f 2013 2056 2017
f 3964 4042 4011
f 4042 3964 4026
f 2241 2056 2134
f 2239 2056 2241
f 3964 3967 4026
f 2407 2239 2241
f 2241 2503 2407
f 2407 2503 2426
f 2664 2549 2503
f 2549 2426 2503
f 2549 2664 2710
f 3967 3843 3737
f 2947 3042 3106
f 3106 3355 3290
f 3737 3682 3654
f 3654 3571 3513
f 3181 3257 3275
f 3257 3311 3275
f 3257 3347 3311
f 2881 3047 3181
f 2881 3093 3047
f 3047 3257 3181
f 3257 3356 3347
f 3356 3380 3347
f 3093 2881 2932
f 3257 3047 3093
f 2700 2583 2493
f 3391 3526 3356
f 3391 3434 3526
f 3434 3593 3526
f 3434 3523 3593
f 3523 3587 3593
f 2105 2077 2219
f 2077 2221 2219
f 3690 3787 3742
f 1906 1946 1911
f 3968 3957 4013
f 4013 4043 4027
f 4013 3993 4043
f 3993 3964 4011
f 2073 2017 2056
f 2056 2239 2073
f 3923 3967 3964
f 3923 3843 3967
f 2407 2426 2239
f 3843 3752 3737
f 2485 2549 2710
f 3737 3752 3703
f 2648 2485 2710
f 2648 2776 2764
f 2648 2710 2776
f 3737 3703 3682
f 3188 3106 3290
f 3276 3188 3290
f 3276 3290 3384
f 3384 3479 3513
f 3654 3682 3571
f 3155 3257 3093
f 3246 3257 3155
f 3257 3246 3356
f 2700 2800 2759
f 2932 2759 2800
f 2958 3093 2932
f 3246 3391 3356
f 2221 2493 2333
f 2219 2221 2333
f 3587 3564 3690
f 3564 3661 3690
f 3787 3661 3797
f 3690 3661 3787
f 3787 3797 3874
f 2021 2077 1997
f 3920 3874 3915
f 3915 3968 3920
f 1850 1906 1911
f 3968 3915 3957
f 1850 1911 1914
f 3957 3913 4013
f 1846 1850 1914
f 3913 3993 4013
f 1846 1914 1910
f 3913 3963 3993
f 3963 3964 3993
f 3963 3890 3964
f 3890 3923 3964
f 3846 3838 3843
f 3846 3843 3923
f 2426 2073 2239
f 3843 3838 3752
f 3752 3669 3703
f 3703 3669 3516
f 2838 2764 2947
f 3516 3682 3703
f 3276 3206 3188
f 3276 3384 3206
f 3206 3513 3441
f 3206 3384 3513
f 3441 3513 3571
f 3516 3571 3682
f 2958 3075 3093
f 3075 3155 3093
f 3242 3246 3155
f 2700 2927 2800
f 2958 2932 2800
f 3246 3242 3391
f 2493 2555 2700
f 3391 3410 3434
f 3410 3523 3434
f 3410 3587 3523
f 3497 3564 3587
f 3497 3536 3564
f 3564 3536 3661
f 2079 2221 2077
f 3661 3693 3797
f 2021 2079 2077
f 1946 2021 1997
f 3797 3804 3874
f 3874 3875 3915
f 3874 3804 3875
f 3889 3957 3915
f 1850 1810 1817
f 3957 3889 3926
f 1850 1846 1810
f 3926 3913 3957
f 1838 1810 1846
f 1838 1846 1910
f 3913 3890 3963
f 1910 1900 1838
f 1910 1989 1900
f 3890 3846 3923
f 2017 2073 1989
f 3838 3792 3752
f 2253 1989 2073
f 2253 2426 2485
f 2253 2073 2426
f 2549 2485 2426
f 3752 3624 3669
f 2690 2648 2764
f 2838 2690 2764
f 2838 2947 3106
f 3571 3516 3441
f 2958 3063 3075
f 3063 3155 3075
f 3063 2958 3067
f 3242 3155 3063
f 2555 2780 2700
f 2927 2700 2780
f 3212 3263 3391
f 3263 3410 3391
f 3410 3497 3587
f 3536 3524 3661
f 3524 3693 3661
f 3693 3524 3797
f 1906 1933 1946
f 1933 2021 1946
f 3797 3789 3804
f 3797 3524 3789
f 3877 3915 3804
f 3804 3915 3875
f 3915 3877 3889
f 1726 1817 1810
f 3889 3850 3913
f 3889 3913 3926
f 1810 1803 1726
f 1810 1838 1803
f 3850 3890 3913
f 1851 1803 1838
f 3850 3862 3890
f 1900 1851 1838
f 3830 3890 3862
f 3846 3830 3792
f 3890 3830 3846
f 3792 3838 3846
f 3738 3752 3792
f 3738 3624 3752
f 2648 2443 2485
f 2443 2377 2485
f 2443 2648 2690
f 2761 2690 2838
f 3053 2958 2800
f 3053 3067 2958
f 3063 3053 3242
f 3063 3067 3053
f 3045 3391 3242
f 3045 3212 3391
f 2555 2493 2481
f 3374 3497 3410
f 3497 3524 3536
f 2079 2261 2221
f 2221 2261 2493
f 2021 1933 2079
f 1817 1848 1850
f 1848 1906 1850
f 3804 3833 3877
f 3804 3829 3833
f 1738 1817 1726
f 1691 1738 1726
f 3833 3889 3877
f 1726 1687 1691
f 1734 1687 1726
f 1734 1726 1803
f 1725 1734 1803
f 3830 3788 3792
f 1955 1900 1989
f 3788 3738 3792
f 2238 1955 1989
f 1989 2253 2238
f 3738 3695 3624
f 3695 3640 3624
f 2485 2377 2253
f 2377 2238 2253
f 2585 2443 2690
f 3669 3517 3516
f 3669 3624 3517
f 2761 2585 2690
f 2761 2838 3106
f 3206 3114 3188
f 3516 3454 3441
f 3517 3454 3516
f 3454 3206 3441
f 2927 2967 2800
f 2800 3051 3053
f 2800 2967 3051
f 3051 3242 3053
f 3051 3045 3242
f 2927 2907 2967
f 3291 3410 3263
f 3291 3374 3410
f 2356 2481 2493
f 3374 3440 3497
f 3440 3524 3497
f 2261 2356 2493
f 3524 3739 3789
f 3789 3739 3761
f 1804 1817 1738
f 1804 1848 1817
f 3753 3804 3761
f 3761 3804 3789
f 3804 3753 3829
f 1738 1691 1690
f 3829 3889 3833
f 3779 3828 3829
f 3829 3828 3889
f 3828 3850 3889
f 1734 1725 1687
f 3828 3862 3850
f 3828 3830 3862
f 1803 1786 1725
f 1803 1851 1786
f 3828 3764 3830
f 3764 3788 3830
f 1900 1955 1851
f 3712 3695 3738
f 3712 3738 3788
f 3640 3695 3602
f 3640 3517 3624
f 2443 2247 2377
f 2709 2585 2761
f 2709 2761 3025
f 3025 2761 3106
f 3025 3106 3188
f 3188 3114 3025
f 3517 3471 3454
f 3193 3114 3206
f 3471 3442 3454
f 2967 3045 3051
f 2555 2713 2780
f 2907 2927 2780
f 2907 2984 2967
f 3045 2967 2984
f 2261 2353 2356
f 3501 3524 3440
f 3739 3501 3653
f 3524 3501 3739
f 1933 1882 2079
f 1882 2261 2079
f 1882 1906 1848
f 3739 3653 3688
f 1804 1882 1848
f 3714 3761 3688
f 3688 3761 3739
f 3762 3829 3753
f 1687 1690 1691
f 3829 3762 3791
f 3791 3779 3829
f 1609 1687 1725
f 1725 1786 1609
f 1786 1678 1609
f 3779 3764 3828
f 1716 1678 1786
f 1786 1851 1716
f 3745 3788 3764
f 3745 3712 3788
f 2238 1851 1955
f 3640 3602 3538
f 2377 2247 2238
f 3471 3517 3421
f 3640 3538 3517
f 3421 3442 3471
f 3193 3206 3454
f 3019 2907 2780
f 3019 2984 2907
f 3045 2984 3019
f 3046 3045 3019
f 3046 3212 3045
f 3046 3263 3212
f 3219 3291 3263
f 3219 3269 3291
f 3269 3374 3291
f 3269 3337 3374
f 3374 3337 3440
f 1906 1882 1933
f 1722 1882 1804
f 1662 1722 1738
f 1722 1804 1738
f 1662 1690 1620
f 1662 1738 1690
f 3714 3753 3761
f 1620 1690 1587
f 1687 1587 1690
f 3762 3744 3779
f 3762 3779 3791
f 1609 1587 1687
f 1587 1609 1582
f 1609 1583 1582
f 3744 3764 3779
f 1622 1583 1609
f 3744 3715 3764
f 1678 1622 1609
f 3715 3745 3764
f 3712 3745 3656
f 1881 1716 1851
f 3656 3695 3712
f 3602 3656 3603
f 3695 3656 3602
f 1881 1851 2247
f 1851 2238 2247
f 3602 3561 3538
f 3561 3493 3538
f 2456 2443 2585
f 3517 3538 3421
f 2709 2456 2585
f 3023 3025 3114
f 3084 3023 3114
f 3084 3114 3193
f 3442 3421 3454
f 2481 2599 2555
f 2481 2356 2599
f 2599 2713 2555
f 2713 2599 2780
f 2872 2780 2599
f 2872 3019 2780
f 3005 3019 2872
f 3046 3219 3263
f 3394 3501 3440
f 3394 3470 3501
f 3470 3576 3501
f 2261 1882 2188
f 3576 3653 3501
f 1883 2188 1882
f 3653 3576 3651
f 1722 1883 1882
f 3653 3651 3688
f 3691 3714 3651
f 3651 3714 3688
f 1613 1662 1620
f 3714 3691 3700
f 1587 1613 1620
f 3700 3753 3714
f 3700 3698 3753
f 3698 3762 3753
f 3698 3715 3762
f 3715 3744 3762
f 1583 1622 1532
f 3697 3745 3715
f 3697 3663 3745
f 1743 1678 1716
f 3663 3655 3656
f 3663 3656 3745
f 1716 1881 1743
f 3655 3603 3656
f 3603 3561 3602
f 2171 1881 2247
f 2443 2349 2247
f 2349 2171 2247
f 3538 3493 3421
f 3493 3319 3421
f 2709 2448 2456
f 2709 3025 2878
f 2878 3025 3023
f 3421 3319 3253
f 3084 3193 3167
f 3454 3167 3193
f 3454 3253 3167
f 3253 3454 3421
f 3046 3019 3005
f 3048 3219 3046
f 2356 2511 2599
f 2511 2597 2599
f 2807 2872 2599
f 2511 2356 2353
f 3337 3394 3440
f 1717 1883 1722
f 3651 3576 3613
f 1662 1717 1722
f 3651 3652 3691
f 3651 3613 3652
f 3698 3691 3652
f 3691 3698 3700
f 1547 1587 1582
f 1537 1547 1582
f 3672 3715 3698
f 1537 1582 1583
f 3672 3663 3715
f 1537 1583 1532
f 3663 3697 3715
f 1678 1703 1622
f 1678 1743 1703
f 3621 3603 3655
f 2171 1743 1881
f 3493 3561 3319
f 2456 2349 2443
f 3018 2878 3023
f 3018 3023 3084
f 3018 3084 3167
f 2807 2902 2872
f 2902 2966 2872
f 3048 3046 3005
f 2597 2807 2599
f 2966 3005 2872
f 2966 3048 3005
f 3048 3225 3219
f 3225 3269 3219
f 3225 3337 3269
f 3394 3302 3470
f 3597 3613 3576
f 1578 1613 1587
f 3672 3698 3652
f 1547 1537 1523
f 1537 1516 1523
f 1532 1516 1537
f 3617 3621 3663
f 3621 3655 3663
f 3566 3603 3621
f 3603 3566 3537
f 1743 2171 1703
f 3537 3561 3603
f 3537 3319 3561
f 2349 2267 2171
f 2267 2349 2456
f 2878 2448 2709
f 2807 2912 2902
f 2912 2966 2902
f 2807 2597 2912
f 2912 3048 2966
f 2511 2353 2425
f 3226 3337 3225
f 3226 3302 3337
f 3337 3302 3394
f 3470 3302 3576
f 1883 2043 2188
f 1717 2043 1883
f 3576 3558 3597
f 3576 3302 3558
f 3302 3504 3558
f 1643 1662 1613
f 1578 1643 1613
f 3613 3597 3606
f 1547 1578 1587
f 3606 3652 3613
f 3606 3617 3652
f 3617 3672 3652
f 1470 1523 1516
f 3617 3663 3672
f 1532 1519 1516
f 1596 1519 1532
f 1532 1622 1596
f 3596 3566 3621
f 2171 2058 1703
f 2058 1622 1703
f 3537 3342 3319
f 2058 2171 2267
f 3253 3319 3052
f 3167 2931 3018
f 3167 3253 2931
f 2511 2706 2597
f 3109 3048 2912
f 3048 3109 3225
f 3109 3178 3225
f 3178 3226 3225
f 2261 2425 2353
f 3249 3504 3302
f 1717 1643 2043
f 1662 1643 1717
f 3558 3563 3597
f 3558 3504 3563
f 1535 1643 1578
f 1511 1535 1547
f 1535 1578 1547
f 1511 1547 1523
f 1467 1523 1470
f 1467 1511 1523
f 3606 3597 3605
f 3605 3617 3606
f 1470 1516 1454
f 1469 1454 1516
f 1469 1516 1519
f 3588 3596 3617
f 3596 3621 3617
f 3518 3505 3537
f 3518 3537 3566
f 3505 3439 3537
f 1596 1622 1968
f 1622 2058 1968
f 3439 3342 3537
f 3439 3351 3342
f 2267 2456 2363
f 3319 3342 3052
f 2448 2363 2456
f 2448 2878 2801
f 3253 3052 2894
f 2931 2801 2878
f 2931 2878 3018
f 2894 2931 3253
f 2597 2706 2831
f 2831 2912 2597
f 2706 2511 2425
f 3178 3249 3226
f 2294 2261 2188
f 2294 2425 2261
f 3226 3249 3302
f 3249 3415 3504
f 2043 1643 1696
f 3504 3415 3503
f 1535 1696 1643
f 3504 3503 3550
f 3550 3563 3504
f 1510 1511 1474
f 1510 1535 1511
f 1459 1474 1511
f 3567 3597 3563
f 1511 1467 1459
f 1467 1438 1459
f 3567 3605 3597
f 1438 1467 1470
f 1438 1470 1454
f 1409 1438 1454
f 3567 3588 3605
f 3588 3617 3605
f 1454 1451 1409
f 1454 1469 1451
f 1468 1451 1469
f 1469 1519 1468
f 3596 3518 3566
f 1519 1596 1468
f 1968 1757 1596
f 1932 1757 1968
f 3439 3402 3351
f 3351 3298 3342
f 2267 2169 2058
f 2169 2267 2363
f 3342 3227 3052
f 3342 3298 3227
f 2448 2515 2363
f 3214 3249 3178
f 2043 2066 2188
f 2294 2188 2066
f 3447 3503 3415
f 1534 1696 1535
f 1510 1534 1535
f 3512 3567 3550
f 3550 3567 3563
f 1438 1409 1396
f 3588 3567 3512
f 3518 3596 3525
f 3525 3596 3588
f 1407 1409 1451
f 1451 1453 1407
f 1451 1468 1453
f 1595 1468 1596
f 3439 3505 3451
f 3451 3402 3439
f 1596 1757 1595
f 3351 3227 3298
f 1932 1968 2058
f 2169 1932 2058
f 2962 3052 3227
f 2515 2448 2801
f 2962 2894 3052
f 2931 2894 2801
f 2706 2903 2831
f 2831 2903 2960
f 3109 2831 2960
f 3109 2912 2831
f 3179 3178 3109
f 2859 2706 2425
f 2706 2859 2903
f 3178 3179 3214
f 3179 3249 3214
f 1696 1879 2043
f 1879 1952 2043
f 3249 3179 3415
f 3415 3399 3447
f 3415 3179 3399
f 3179 3352 3399
f 1520 1534 1510
f 3498 3550 3503
f 1410 1520 1474
f 1520 1510 1474
f 1410 1474 1459
f 1396 1410 1438
f 1410 1459 1438
f 3525 3588 3512
f 1352 1396 1409
f 1409 1394 1352
f 1409 1407 1394
f 1458 1394 1407
f 1453 1458 1407
f 3466 3505 3518
f 1485 1453 1468
f 3505 3466 3451
f 1468 1595 1485
f 3351 3402 3387
f 1932 1711 1757
f 3227 3387 3224
f 3351 3387 3227
f 3227 3097 2962
f 3227 3224 3097
f 3179 3339 3352
f 1534 1879 1696
f 3503 3458 3498
f 3503 3447 3458
f 3475 3498 3458
f 3475 3512 3498
f 3498 3512 3550
f 3512 3475 3506
f 1357 1396 1352
f 3506 3525 3512
f 1338 1357 1352
f 3506 3478 3525
f 3478 3463 3525
f 3463 3518 3525
f 1394 1384 1352
f 1394 1458 1384
f 3463 3450 3466
f 3463 3466 3518
f 3450 3402 3451
f 3450 3451 3466
f 1595 1625 1485
f 1757 1625 1595
f 3387 3343 3224
f 2626 2515 2801
f 2626 2801 2894
f 3097 2826 2962
f 2859 2945 2903
f 2960 2903 2945
f 3039 3109 2960
f 3109 3039 3179
f 1952 2066 2043
f 3179 3230 3339
f 1855 1952 1879
f 3352 3339 3349
f 1879 1534 1524
f 3352 3349 3386
f 3386 3399 3352
f 1524 1534 1520
f 1410 1524 1520
f 3447 3399 3448
f 3448 3458 3447
f 1389 1410 1396
f 1357 1389 1396
f 3475 3478 3506
f 1340 1357 1338
f 1338 1352 1336
f 1352 1384 1336
f 1360 1336 1384
f 3452 3450 3463
f 1384 1458 1360
f 3403 3402 3450
f 3403 3387 3402
f 1453 1485 1458
f 1485 1625 1458
f 1592 1458 1625
f 1757 1711 1625
f 1711 1592 1625
f 3343 3250 3224
f 3224 3250 3142
f 2169 1828 1932
f 2626 2677 2541
f 3224 3142 3097
f 3142 2930 3097
f 2352 2626 2541
f 2352 2515 2626
f 2797 2626 2894
f 2797 2677 2626
f 2797 2962 2826
f 2797 2894 2962
f 3039 2960 2945
f 3039 3159 3179
f 2964 2859 2425
f 3159 3230 3179
f 3280 3339 3230
f 3339 3280 3288
f 1524 1855 1879
f 3339 3288 3334
f 3334 3349 3339
f 1435 1524 1410
f 3399 3386 3448
f 1389 1435 1410
f 3448 3475 3458
f 3448 3452 3475
f 3452 3478 3475
f 1295 1340 1338
f 3452 3463 3478
f 1295 1338 1336
f 3403 3450 3452
f 3350 3343 3387
f 3350 3387 3403
f 3343 3316 3250
f 3316 3229 3250
f 3229 3142 3250
f 1932 1828 1711
f 1828 1618 1711
f 2039 1828 2169
f 2039 2169 2363
f 2515 2352 2363
f 2541 2677 2797
f 2541 2797 2826
f 2859 2964 2945
f 2945 2964 3039
f 2294 2430 2425
f 2430 2964 2425
f 3159 3168 3230
f 3230 3233 3280
f 3230 3168 3233
f 1524 1602 1855
f 1435 1602 1524
f 3392 3448 3386
f 1343 1340 1296
f 1343 1357 1340
f 1296 1340 1277
f 3400 3448 3392
f 3400 3452 3448
f 1295 1277 1340
f 3405 3452 3400
f 3405 3403 3452
f 3405 3389 3403
f 1293 1295 1336
f 3389 3350 3403
f 3350 3316 3343
f 3286 3229 3316
f 1592 1360 1458
f 1711 1618 1592
f 1618 1360 1592
f 1754 1618 1828
f 3142 3229 3078
f 3229 3213 3078
f 2352 2265 2363
f 3142 3078 2930
f 3097 2930 2826
f 3168 3192 3233
f 1709 1855 1602
f 1577 1709 1602
f 1400 1602 1435
f 1389 1400 1435
f 1343 1400 1357
f 1400 1389 1357
f 3349 3392 3386
f 3364 3392 3349
f 3364 3400 3392
f 1237 1277 1295
f 3400 3364 3405
f 1241 1237 1295
f 3364 3389 3405
f 1295 1293 1241
f 1293 1336 1348
f 1336 1360 1348
f 3338 3286 3316
f 3338 3316 3350
f 1348 1360 1561
f 3286 3231 3213
f 3229 3286 3213
f 1360 1618 1561
f 1561 1618 1529
f 3172 3078 3213
f 1754 1529 1618
f 2039 2363 2265
f 2930 2786 2826
f 3039 3055 3159
f 3055 3115 3159
f 2727 2964 2430
f 3168 3159 3115
f 1952 1860 2066
f 1860 1952 1855
f 3220 3233 3192
f 1709 1604 1855
f 1577 1602 1400
f 3340 3349 3334
f 1261 1296 1277
f 1237 1261 1277
f 1237 1241 1208
f 3389 3338 3350
f 1268 1241 1293
f 1268 1245 1241
f 1293 1348 1268
f 3289 3286 3338
f 3289 3231 3286
f 1529 1348 1561
f 3231 3172 3213
f 3172 3146 3078
f 1754 1828 1858
f 2039 1858 1828
f 2237 2039 2265
f 2930 2936 2786
f 2936 2930 3078
f 2727 2829 2964
f 3039 2829 3055
f 3039 2964 2829
f 2294 2386 2430
f 2386 2294 2066
f 1604 1762 1855
f 1860 1855 1762
f 1527 1577 1400
f 3277 3280 3233
f 1343 1527 1400
f 3277 3288 3280
f 3288 3340 3334
f 1270 1296 1261
f 1220 1270 1261
f 1261 1237 1220
f 1237 1208 1220
f 3340 3364 3349
f 3294 3364 3340
f 1209 1208 1241
f 3294 3389 3364
f 1241 1245 1209
f 3294 3289 3338
f 3294 3338 3389
f 3279 3231 3289
f 1529 1268 1348
f 3172 3231 3146
f 3078 3146 2936
f 2039 1921 1858
f 1921 2039 2237
f 2311 2237 2265
f 2311 2265 2352
f 2311 2352 2541
f 2541 2826 2524
f 2524 2826 2786
f 2936 2805 2786
f 2954 3055 2829
f 2954 3062 3055
f 2386 2505 2430
f 3055 3062 3115
f 3168 3115 3192
f 1860 2125 2066
f 1577 1604 1709
f 1527 1604 1577
f 1314 1483 1527
f 3233 3232 3277
f 3233 3220 3232
f 1527 1343 1314
f 1296 1314 1343
f 1270 1314 1296
f 3288 3277 3292
f 3292 3340 3288
f 1208 1175 1173
f 1208 1209 1175
f 1224 1175 1209
f 3294 3279 3289
f 1209 1245 1224
f 3234 3231 3279
f 3234 3191 3231
f 1268 1529 1245
f 3231 3191 3146
f 3146 3107 2936
f 3191 3107 3146
f 1245 1529 1495
f 3107 2898 2936
f 2936 2898 2845
f 2845 2805 2936
f 2311 2365 2237
f 2524 2365 2311
f 2524 2311 2541
f 2635 2524 2786
f 2805 2635 2786
f 2727 2430 2505
f 2386 2066 2125
f 3115 3129 3192
f 3129 3171 3192
f 3171 3220 3192
f 1483 1604 1527
f 1314 1402 1483
f 3220 3174 3221
f 3221 3232 3220
f 3232 3237 3277
f 3232 3221 3237
f 1220 1218 1270
f 1218 1262 1270
f 1208 1218 1220
f 3264 3277 3237
f 3264 3292 3277
f 3292 3287 3340
f 3292 3264 3287
f 3287 3294 3340
f 1161 1173 1175
f 3287 3264 3294
f 3264 3279 3294
f 1175 1224 1161
f 1495 1354 1245
f 2898 3127 2845
f 3107 3127 2898
f 1495 1529 1465
f 1754 1626 1529
f 1626 1465 1529
f 1626 1754 1858
f 2237 2365 2327
f 2845 2775 2805
f 2327 2365 2524
f 2805 2775 2635
f 2889 2829 2842
f 2889 2954 2829
f 3015 3062 2954
f 3062 3129 3115
f 1860 1908 2125
f 2386 2125 2172
f 3117 3171 3129
f 1604 1630 1762
f 1630 1655 1762
f 1483 1402 1604
f 1402 1630 1604
f 3174 3220 3171
f 1288 1377 1402
f 1288 1402 1314
f 1270 1262 1314
f 1262 1288 1314
f 3222 3237 3221
f 3237 3222 3236
f 1167 1182 1208
f 1182 1218 1208
f 3236 3264 3237
f 1167 1208 1173
f 1167 1173 1161
f 3207 3279 3264
f 3207 3234 3279
f 3207 3218 3234
f 3218 3191 3234
f 3107 3191 3127
f 1346 1224 1245
f 1346 1245 1354
f 3127 3027 2845
f 1465 1354 1495
f 2720 2775 2845
f 2842 2924 2889
f 2889 2924 2954
f 2924 2956 2954
f 2727 2650 2829
f 2842 2829 2650
f 3015 2954 2956
f 2172 2164 2386
f 2505 2386 2164
f 2533 2727 2505
f 3129 3062 3117
f 1860 1655 1751
f 1860 1762 1655
f 1630 1402 1509
f 1509 1402 1377
f 3117 3174 3171
f 3163 3174 3117
f 1288 1262 1182
f 1182 1262 1218
f 3174 3222 3221
f 1166 1182 1167
f 1112 1166 1167
f 3222 3264 3236
f 1167 1161 1112
f 3222 3207 3264
f 1161 1114 1112
f 3207 3176 3218
f 1138 1114 1161
f 1161 1224 1138
f 3176 3191 3218
f 3176 3127 3191
f 3105 3027 3127
f 1346 1354 1439
f 3027 3020 2720
f 1439 1354 1465
f 3027 2720 2845
f 1626 1858 1689
f 1921 1771 1858
f 1771 1689 1858
f 1771 1921 2237
f 2237 2327 2240
f 2775 2720 2635
f 2533 2650 2727
f 2819 2842 2650
f 2842 2819 2924
f 2533 2505 2164
f 2956 3062 3015
f 1751 1908 1860
f 2172 2125 1908
f 1335 1471 1377
f 1471 1509 1377
f 3108 3163 3117
f 1288 1335 1377
f 3165 3163 3108
f 1182 1335 1288
f 3174 3163 3177
f 3177 3222 3174
f 1105 1166 1112
f 1089 1105 1112
f 3207 3222 3176
f 1114 1089 1112
f 3105 3082 3020
f 1346 1138 1224
f 3027 3105 3020
f 1439 1328 1346
f 3020 2950 2720
f 2950 2787 2720
f 1439 1465 1461
f 1626 1539 1465
f 1539 1461 1465
f 2720 2787 2548
f 1771 2237 2240
f 2370 2240 2327
f 2370 2524 2635
f 2370 2327 2524
f 2548 2635 2720
f 2819 2899 2924
f 2899 2956 2924
f 2956 2899 3035
f 3062 2956 3035
f 1630 1551 1655
f 1551 1751 1655
f 3062 3035 3083
f 3083 3117 3062
f 1551 1509 1471
f 1551 1630 1509
f 3117 3083 3108
f 1471 1335 1361
f 1361 1335 1203
f 1203 1335 1182
f 1166 1203 1182
f 3165 3177 3163
f 1116 1166 1105
f 1053 1116 1105
f 3177 3165 3156
f 3156 3222 3177
f 3176 3222 3156
f 1105 1089 1053
f 1089 1114 1091
f 3162 3126 3176
f 1120 1091 1114
f 3126 3105 3127
f 3126 3127 3176
f 1114 1138 1120
f 1120 1138 1328
f 1138 1346 1328
f 3082 2950 3020
f 1415 1328 1439
f 1415 1439 1461
f 2635 2410 2370
f 2635 2548 2410
f 2650 2533 2457
f 2736 2819 2650
f 2533 2164 2342
f 2899 3031 3035
f 2871 3031 2899
f 1477 1494 1551
f 1751 1551 1494
f 3083 3035 3031
f 1551 1471 1477
f 1203 1284 1361
f 3156 3165 3108
f 1179 1166 1116
f 1203 1166 1179
f 3126 3162 3156
f 3162 3176 3156
f 1025 1053 1089
f 3126 3034 3105
f 3034 3082 3105
f 3034 3013 3082
f 3013 2919 2950
f 3013 2950 3082
f 2919 2708 2950
f 1415 1286 1328
f 2950 2708 2787
f 1586 1539 1626
f 1689 1586 1626
f 2536 2787 2708
f 2536 2548 2787
f 1771 1766 1689
f 1771 2240 2180
f 2548 2536 2410
f 2736 2791 2819
f 2342 2457 2533
f 2673 2650 2457
f 2650 2791 2736
f 2673 2791 2650
f 2791 2871 2819
f 2819 2871 2899
f 3007 3031 2871
f 1751 1763 1908
f 2172 1908 1763
f 3101 3031 3007
f 3101 3104 3031
f 3104 3083 3031
f 1361 1405 1471
f 1477 1471 1405
f 3104 3077 3083
f 1284 1405 1361
f 3077 3108 3083
f 1179 1229 1284
f 1284 1203 1179
f 3077 3156 3108
f 1116 1123 1179
f 3077 3081 3156
f 1067 1053 1032
f 1067 1116 1053
f 1012 1032 1053
f 3156 3081 3111
f 3111 3126 3156
f 1053 1025 1012
f 1025 1006 1012
f 3091 3126 3111
f 1059 1025 1089
f 3091 3034 3126
f 1089 1091 1059
f 2977 2919 3013
f 1328 1286 1120
f 1286 1091 1120
f 2708 2919 2476
f 1766 1586 1689
f 2094 1771 2180
f 2370 2316 2240
f 2316 2180 2240
f 2410 2316 2370
f 2410 2536 2316
f 2536 2357 2316
f 2673 2457 2502
f 2791 2673 2766
f 2871 2766 2852
f 2791 2766 2871
f 1857 2164 2172
f 2852 3007 2871
f 1857 2172 1763
f 1763 1494 1548
f 1763 1751 1494
f 1405 1284 1229
f 3038 3077 3104
f 1123 1229 1179
f 1123 1116 1067
f 3038 3081 3077
f 999 1032 1012
f 1006 999 1012
f 3029 3091 3081
f 3081 3091 3111
f 1025 1059 1006
f 1059 1007 1006
f 3091 3029 3034
f 1024 1007 1059
f 1059 1091 1024
f 3034 2977 3013
f 3029 2977 3034
f 1024 1091 1249
f 1091 1286 1249
f 2870 2707 2919
f 1415 1356 1286
f 1356 1415 1395
f 1461 1395 1415
f 2919 2707 2476
f 1539 1484 1461
f 1484 1395 1461
f 1484 1539 1586
f 2536 2476 2357
f 2708 2476 2536
f 2180 2095 2094
f 2316 2357 2180
f 2502 2653 2673
f 2653 2766 2673
f 2164 1857 1927
f 2342 2164 1927
f 2852 2920 3007
f 1548 1629 1763
f 2961 3101 2920
f 3101 3007 2920
f 2961 3104 3101
f 1477 1405 1349
f 1229 1349 1405
f 1251 1349 1229
f 2961 2975 3104
f 2975 3038 3104
f 1229 1123 1067
f 3017 3038 2975
f 1011 999 966
f 1011 1032 999
f 3032 3081 3038
f 1006 954 999
f 3037 3029 3081
f 954 1006 978
f 1009 1006 1007
f 1009 978 1006
f 3012 2977 3029
f 3012 2953 2977
f 2977 2953 2919
f 2953 2870 2919
f 2870 2547 2707
f 1356 1249 1286
f 2707 2497 2476
f 2094 1766 1771
f 2180 2244 2081
f 2244 2180 2357
f 2357 2476 2244
f 2095 2081 2094
f 2081 2095 2180
f 2653 2671 2766
f 2671 2792 2766
f 2792 2852 2766
f 2342 1927 2061
f 2852 2792 2920
f 1857 1763 1629
f 1355 1406 1477
f 1494 1406 1548
f 1494 1477 1406
f 2900 2961 2920
f 1477 1349 1355
f 2901 2975 2900
f 2900 2975 2961
f 1251 1229 1032
f 1067 1032 1229
f 2955 3017 2975
f 3017 3032 3038
f 940 966 999
f 3016 3032 3017
f 940 999 954
f 3032 3037 3081
f 912 940 954
f 954 978 912
f 3006 3012 3037
f 3012 3029 3037
f 1024 1009 1007
f 1027 1009 1024
f 1024 1249 1027
f 1164 1027 1249
f 2886 2804 2870
f 2886 2870 2953
f 2804 2691 2870
f 1212 1164 1249
f 2870 2691 2547
f 1356 1212 1249
f 2707 2547 2497
f 2547 2463 2497
f 1766 2094 1661
f 1982 2081 2244
f 2476 2497 2244
f 2502 2475 2653
f 2475 2569 2653
f 2569 2671 2653
f 2569 2683 2671
f 2683 2792 2671
f 2061 2116 2342
f 2457 2342 2116
f 2475 2502 2457
f 2683 2702 2792
f 2702 2920 2792
f 2920 2702 2816
f 2860 2900 2816
f 2816 2900 2920
f 1355 1349 1289
f 1349 1251 1185
f 1185 1289 1349
f 1185 1032 1011
f 1251 1032 1185
f 2934 2955 2901
f 2901 2955 2975
f 905 966 940
f 901 905 940
f 940 912 901
f 912 897 901
f 3016 3006 3032
f 3006 3037 3032
f 955 897 912
f 912 978 955
f 2959 3012 3006
f 2959 2953 3012
f 2959 2886 2953
f 2873 2804 2886
f 2691 2463 2547
f 1356 1300 1212
f 1300 1356 1362
f 1395 1362 1356
f 1484 1381 1395
f 1381 1362 1395
f 1381 1484 1586
f 1381 1586 1573
f 2497 2463 2318
f 1766 1661 1586
f 1661 1573 1586
f 1661 2094 2081
f 2318 2244 2497
f 2368 2479 2475
f 2368 2457 2116
f 2475 2457 2368
f 2479 2569 2475
f 2683 2731 2702
f 1367 1417 1548
f 1629 1548 1417
f 2702 2731 2744
f 2744 2816 2702
f 1238 1406 1355
f 1548 1406 1367
f 1355 1289 1238
f 2860 2901 2900
f 966 1185 1011
f 2939 2955 2934
f 2955 2939 3017
f 2952 3017 2939
f 2952 3016 3017
f 888 905 901
f 866 901 897
f 866 888 901
f 2959 3016 2952
f 2959 3006 3016
f 2938 2873 2886
f 2938 2886 2959
f 2873 2809 2798
f 1027 978 1009
f 2804 2873 2798
f 1125 1027 1164
f 2804 2637 2566
f 2798 2719 2804
f 2719 2637 2804
f 1212 1125 1164
f 2691 2566 2463
f 2566 2691 2804
f 1300 1222 1212
f 2463 2566 2390
f 2463 2390 2318
f 2390 2183 2318
f 1661 2081 1982
f 2244 2318 1982
f 2192 2374 2368
f 2508 2479 2368
f 1973 2116 2061
f 2368 2116 2192
f 2374 2508 2368
f 2569 2508 2731
f 2479 2508 2569
f 2731 2683 2569
f 1857 1629 1417
f 1406 1238 1291
f 1185 1238 1289
f 2789 2860 2744
f 2744 2860 2816
f 2860 2789 2806
f 1185 966 905
f 2939 2934 2901
f 2937 2952 2939
f 888 866 852
f 2952 2933 2959
f 891 866 897
f 2933 2938 2959
f 897 955 891
f 2879 2873 2938
f 2879 2809 2873
f 978 1027 955
f 2809 2719 2798
f 1069 955 1027
f 1125 1069 1027
f 2637 2416 2566
f 2566 2416 2390
f 1789 1778 1661
f 1789 1661 1982
f 2318 2183 1982
f 2371 2508 2374
f 1540 1973 2061
f 2192 2116 1973
f 2526 2731 2508
f 1540 2061 1927
f 2731 2526 2649
f 1367 1406 1291
f 2649 2744 2731
f 2744 2649 2789
f 843 1238 1185
f 905 843 1185
f 2860 2806 2854
f 2854 2901 2860
f 2901 2876 2939
f 2901 2854 2876
f 837 843 888
f 843 905 888
f 2937 2939 2876
f 837 888 852
f 851 837 852
f 2937 2933 2952
f 851 852 866
f 866 891 851
f 2879 2938 2933
f 2817 2809 2879
f 891 955 898
f 2719 2743 2406
f 2809 2743 2719
f 2637 2719 2406
f 1222 1125 1212
f 2406 2416 2637
f 1381 1300 1362
f 2416 2135 2390
f 2390 2135 2183
f 1661 1778 1789
f 1638 2374 2192
f 1973 1540 1575
f 2192 1973 1638
f 2508 2371 2526
f 1927 1345 1540
f 1927 1857 1345
f 1202 1417 1367
f 2526 2632 2649
f 1178 1202 1238
f 1291 1238 1202
f 1367 1291 1202
f 2647 2649 2632
f 2649 2647 2789
f 2647 2725 2789
f 991 1178 1238
f 1238 843 991
f 2876 2877 2937
f 2876 2854 2877
f 799 843 837
f 2877 2933 2937
f 837 797 799
f 851 797 837
f 2879 2933 2877
f 797 851 806
f 2861 2817 2879
f 873 851 891
f 898 873 891
f 1069 1028 955
f 1141 1069 1125
f 1141 1125 1222
f 1381 1324 1300
f 2416 2293 2135
f 2293 2416 2406
f 1460 1381 1573
f 1661 1660 1573
f 1660 1661 1789
f 2183 2135 1982
f 2374 1639 2193
f 2374 1638 1639
f 2278 2374 2193
f 2278 2371 2374
f 1638 1973 1575
f 2278 2526 2371
f 2526 2431 2632
f 2632 2593 2647
f 991 1003 1178
f 991 843 904
f 2789 2725 2784
f 2784 2806 2789
f 843 862 904
f 794 862 843
f 2822 2854 2806
f 2822 2877 2854
f 794 843 799
f 2822 2861 2877
f 797 794 799
f 2861 2879 2877
f 2822 2817 2861
f 851 873 806
f 2817 2782 2809
f 2782 2715 2743
f 2782 2743 2809
f 1028 873 898
f 955 1028 898
f 2406 2715 2321
f 2743 2715 2406
f 1141 1026 1069
f 2406 2321 2293
f 2321 2099 2293
f 2099 2135 2293
f 1660 1789 1982
f 1660 1982 1950
f 2135 1950 1982
f 1965 2150 2193
f 2150 2278 2193
f 1965 2193 1639
f 2278 2431 2526
f 1248 1345 1857
f 1540 1345 1416
f 2530 2632 2431
f 1417 1210 1248
f 1417 1202 1210
f 1857 1417 1248
f 2632 2530 2593
f 1178 1107 1202
f 907 1107 1178
f 1178 1003 907
f 904 1003 991
f 2717 2784 2725
f 1003 904 862
f 862 794 798
f 2779 2822 2784
f 2784 2822 2806
f 748 798 794
f 794 747 748
f 797 747 794
f 747 797 759
f 2817 2822 2779
f 797 806 759
f 896 806 873
f 873 1028 896
f 1001 896 1028
f 1001 1028 1026
f 1069 1026 1028
f 1141 1081 1026
f 1300 1255 1222
f 1255 1300 1324
f 1460 1324 1381
f 2135 2099 1950
f 2150 2231 2278
f 2231 2271 2278
f 2278 2271 2330
f 2330 2431 2278
f 1416 1575 1540
f 2330 2420 2431
f 2420 2530 2431
f 1202 1107 1210
f 2420 2523 2530
f 2523 2593 2530
f 2593 2523 2647
f 2699 2725 2647
f 907 862 853
f 1003 862 907
f 2725 2699 2717
f 853 862 798
f 2779 2784 2717
f 739 798 748
f 716 739 748
f 716 748 747
f 747 741 716
f 747 759 741
f 2763 2817 2779
f 2763 2721 2782
f 2763 2782 2817
f 845 759 806
f 806 896 845
f 2721 2715 2782
f 2721 2622 2715
f 2715 2622 2277
f 2277 2321 2715
f 964 1001 1026
f 2321 2277 2059
f 1255 1324 1419
f 2321 2059 2099
f 1660 1710 1573
f 1950 1710 1660
f 1950 2099 1710
f 1635 1975 1965
f 2150 1975 2231
f 2150 1965 1975
f 1965 1639 1635
f 1332 1575 1416
f 2330 2271 2325
f 1248 1332 1345
f 1416 1345 1332
f 1248 1210 1184
f 1210 1039 1047
f 1210 1107 1039
f 1047 1184 1210
f 2523 2544 2608
f 2608 2647 2523
f 853 895 907
f 2647 2638 2699
f 2647 2608 2638
f 798 832 853
f 749 739 732
f 749 798 739
f 705 732 739
f 739 716 705
f 2723 2763 2779
f 2718 2763 2723
f 741 746 716
f 771 741 759
f 2718 2721 2763
f 759 845 771
f 1001 964 896
f 2622 2528 2277
f 1081 964 1026
f 1141 1222 1198
f 1255 1198 1222
f 2059 2277 2003
f 2099 2003 1710
f 2059 2003 2099
f 1739 1899 1975
f 1899 2052 1975
f 1975 1634 1739
f 1975 1635 1634
f 2052 2124 2231
f 1975 2052 2231
f 1321 1414 1638
f 1639 1414 1635
f 1639 1638 1414
f 2231 2124 2271
f 1638 1575 1321
f 2271 2124 2325
f 2330 2372 2420
f 2330 2325 2372
f 2420 2372 2523
f 2372 2462 2523
f 1107 907 895
f 853 832 895
f 832 798 749
f 2698 2717 2699
f 2717 2723 2779
f 2717 2698 2723
f 716 746 706
f 741 771 746
f 2721 2628 2622
f 2718 2628 2721
f 896 771 845
f 2628 2528 2622
f 2628 2520 2528
f 964 909 896
f 909 771 896
f 2528 2520 2274
f 2274 2277 2528
f 2277 2274 2107
f 2277 2107 2003
f 2003 1790 1710
f 1460 1419 1324
f 1544 1710 1790
f 1544 1573 1710
f 1899 1960 2052
f 1414 1568 1635
f 1634 1635 1568
f 1739 1634 1568
f 2064 2124 2052
f 1205 1321 1248
f 1321 1332 1248
f 1575 1332 1321
f 2187 2325 2124
f 1248 1184 1109
f 2325 2388 2372
f 1039 895 844
f 1107 895 1039
f 2523 2462 2544
f 844 832 795
f 895 832 844
f 795 832 749
f 2698 2699 2638
f 700 732 705
f 706 700 705
f 706 705 716
f 2627 2718 2698
f 2698 2718 2723
f 752 746 771
f 2627 2628 2718
f 2627 2607 2628
f 771 801 752
f 2628 2607 2520
f 2520 2444 2274
f 909 801 771
f 947 909 964
f 1056 947 964
f 1081 1056 964
f 2168 2107 2274
f 2107 1979 2003
f 2107 2168 1979
f 1508 1419 1460
f 1979 1790 2003
f 1544 1460 1573
f 1544 1508 1460
f 1570 1809 1568
f 1809 1739 1568
f 1852 1899 1739
f 1809 1852 1739
f 1852 1960 1899
f 1568 1433 1570
f 1568 1414 1433
f 2052 1960 2064
f 1205 1319 1321
f 1319 1414 1321
f 2124 2064 2139
f 2124 2139 2187
f 1248 1109 1205
f 2187 2268 2325
f 936 1052 1047
f 1184 1052 1109
f 1184 1047 1052
f 2325 2268 2388
f 1047 1039 936
f 2388 2462 2372
f 844 936 1039
f 732 761 749
f 749 761 795
f 685 732 700
f 662 685 700
f 700 666 662
f 706 666 700
f 666 706 699
f 2640 2627 2698
f 746 724 706
f 724 699 706
f 746 752 724
f 2607 2534 2520
f 2534 2444 2520
f 871 752 801
f 909 871 801
f 871 909 947
f 2274 2102 2168
f 2274 2444 2102
f 2444 2334 2102
f 2168 2102 1962
f 1141 1198 1081
f 1198 1056 1081
f 1979 1962 1657
f 1962 1979 2168
f 1255 1419 1315
f 1315 1419 1508
f 1979 1657 1790
f 1790 1657 1544
f 1549 1570 1479
f 1570 1549 1637
f 1570 1637 1809
f 1809 1947 1852
f 1433 1422 1479
f 1433 1479 1570
f 1852 1947 1960
f 1319 1422 1414
f 1414 1422 1433
f 2064 1947 2080
f 2064 1960 1947
f 1090 1197 1205
f 1205 1197 1319
f 2139 2064 2080
f 1090 1109 1030
f 1109 1090 1205
f 2187 2139 2152
f 1052 1030 1109
f 844 1030 936
f 936 1030 1052
f 2268 2339 2388
f 2388 2438 2462
f 761 696 795
f 2462 2438 2544
f 667 761 732
f 667 696 761
f 685 667 732
f 2608 2603 2638
f 2603 2630 2638
f 685 643 667
f 2630 2698 2638
f 643 685 662
f 2629 2698 2630
f 666 643 662
f 2640 2698 2629
f 679 666 699
f 2601 2546 2640
f 2546 2627 2640
f 699 724 754
f 2627 2546 2607
f 724 752 754
f 752 789 754
f 2546 2534 2607
f 2401 2534 2546
f 789 752 870
f 2444 2534 2401
f 871 870 752
f 870 871 916
f 2198 2334 2401
f 2334 2444 2401
f 916 871 947
f 916 947 993
f 1966 2334 2198
f 1056 993 947
f 993 1056 1046
f 1046 1056 1126
f 1966 2102 2334
f 1126 1056 1198
f 1126 1198 1211
f 1962 1966 1841
f 1966 1962 2102
f 1211 1198 1315
f 1211 1315 1347
f 1347 1315 1508
f 1347 1508 1605
f 1255 1315 1198
f 1605 1508 1544
f 1544 1657 1605
f 1657 1841 1605
f 1841 1657 1962
f 1728 1809 1637
f 1353 1479 1422
f 1728 1947 1809
f 1422 1228 1353
f 1422 1319 1228
f 1228 1197 1132
f 1319 1197 1228
f 1197 1090 1132
f 2139 2080 2152
f 944 1000 1030
f 1090 1030 1000
f 1030 844 944
f 2388 2339 2438
f 795 696 844
f 2438 2543 2544
f 2603 2544 2543
f 2603 2608 2544
f 2587 2630 2603
f 643 606 617
f 2630 2587 2629
f 625 606 643
f 625 643 666
f 2601 2640 2629
f 666 679 625
f 2538 2546 2601
f 699 754 710
f 2538 2401 2546
f 710 754 789
f 870 842 789
f 2335 2198 2401
f 842 870 916
f 1957 1966 2198
f 1046 1126 1159
f 1841 1721 1781
f 1966 1721 1841
f 1966 1957 1721
f 1350 1204 1211
f 1841 1781 1605
f 1347 1350 1211
f 1374 1350 1347
f 1374 1347 1605
f 1353 1431 1479
f 1431 1549 1479
f 1637 1431 1463
f 1637 1549 1431
f 1603 1637 1463
f 1603 1728 1637
f 1154 1292 1228
f 1292 1353 1228
f 1132 1154 1228
f 1947 1728 1943
f 1000 1086 1090
f 1086 1132 1090
f 1947 1943 2080
f 1943 2087 2080
f 2152 2189 2187
f 2152 2080 2189
f 2187 2189 2268
f 2189 2281 2268
f 944 844 709
f 844 696 709
f 2418 2438 2339
f 2438 2418 2435
f 2438 2435 2513
f 2513 2543 2438
f 659 696 667
f 617 659 643
f 659 667 643
f 2543 2587 2603
f 2587 2542 2601
f 2587 2601 2629
f 2538 2601 2542
f 673 625 679
f 699 673 679
f 710 673 699
f 2538 2432 2401
f 2432 2335 2401
f 842 847 789
f 926 847 842
f 926 842 916
f 993 926 916
f 2198 2051 1957
f 2198 2335 2051
f 1211 1204 1126
f 1204 1159 1126
f 1781 1590 1605
f 1721 1590 1781
f 1492 1374 1605
f 1492 1350 1374
f 1492 1605 1590
f 1603 1606 1728
f 1606 1714 1728
f 1276 1431 1353
f 1353 1292 1276
f 971 1154 1132
f 1132 1086 971
f 951 1086 1000
f 814 951 944
f 1000 944 951
f 2080 2087 2189
f 2087 2232 2189
f 944 709 814
f 2268 2281 2339
f 2281 2418 2339
f 671 709 696
f 671 659 618
f 696 659 671
f 659 602 618
f 602 659 617
f 587 602 617
f 587 617 606
f 2542 2587 2543
f 606 605 587
f 606 625 605
f 2542 2507 2538
f 625 673 668
f 673 710 668
f 2432 2336 2051
f 2335 2432 2051
f 802 789 847
f 992 926 993
f 992 993 1051
f 1957 1798 1721
f 1957 2051 1798
f 1046 1113 993
f 1113 1159 1274
f 1113 1046 1159
f 1280 1159 1204
f 1280 1204 1350
f 1492 1475 1350
f 1301 1606 1463
f 1603 1463 1606
f 1431 1301 1463
f 1431 1276 1301
f 1714 1685 1728
f 971 1135 1154
f 1292 1135 1276
f 1292 1154 1135
f 1728 1685 1943
f 1685 1859 1943
f 1943 1859 1967
f 1086 951 971
f 2232 2281 2189
f 671 814 709
f 2418 2281 2347
f 2418 2347 2412
f 2412 2435 2418
f 602 588 618
f 2433 2513 2435
f 602 587 572
f 2507 2542 2513
f 2513 2542 2543
f 584 587 605
f 625 624 605
f 624 584 605
f 2439 2538 2507
f 658 625 668
f 658 624 625
f 2439 2432 2538
f 2439 2336 2432
f 802 668 710
f 2338 2101 2336
f 789 802 710
f 2336 2101 2051
f 926 934 847
f 934 802 847
f 934 926 992
f 2051 1867 1798
f 1113 1051 993
f 1721 1798 1475
f 1280 1274 1159
f 1280 1350 1423
f 1423 1350 1475
f 1590 1475 1492
f 1475 1590 1721
f 1501 1606 1301
f 1501 1553 1606
f 1553 1714 1606
f 1083 1170 1135
f 1170 1276 1135
f 1553 1685 1714
f 1943 2072 2087
f 2232 2259 2281
f 572 588 602
f 2435 2412 2433
f 587 566 572
f 587 584 566
f 584 624 658
f 2417 2338 2336
f 2417 2336 2439
f 668 782 658
f 802 782 668
f 2038 1867 2051
f 2101 2038 2051
f 2101 2338 2038
f 992 974 934
f 1113 1274 1434
f 1434 1274 1423
f 1798 1514 1475
f 1274 1280 1423
f 1423 1475 1514
f 1408 1504 1501
f 1301 1276 1281
f 1408 1301 1281
f 1501 1301 1408
f 1553 1501 1504
f 1135 1038 1083
f 1135 971 1038
f 1685 1759 1859
f 892 971 951
f 951 814 892
f 1943 1967 2072
f 814 671 653
f 653 671 614
f 614 618 588
f 614 671 618
f 2281 2259 2322
f 2322 2347 2281
f 2347 2322 2341
f 2412 2347 2341
f 575 588 572
f 2404 2433 2412
f 2433 2434 2513
f 2433 2404 2434
f 566 575 572
f 2434 2507 2513
f 2434 2439 2507
f 2434 2417 2439
f 620 584 658
f 2346 2338 2417
f 2250 2114 2038
f 2338 2250 2038
f 2038 2114 1760
f 802 884 782
f 2038 1760 1867
f 934 974 933
f 1867 1653 1541
f 1867 1760 1653
f 1867 1541 1798
f 1269 1113 1434
f 1798 1541 1514
f 1434 1423 1514
f 1275 1408 1281
f 1172 1276 1170
f 1281 1276 1172
f 1476 1504 1408
f 1504 1476 1553
f 1041 1083 1038
f 1553 1667 1685
f 1667 1759 1685
f 1038 971 917
f 1759 1864 1859
f 971 892 917
f 1864 1967 1859
f 892 814 649
f 2028 2072 1967
f 649 814 653
f 2087 2072 2232
f 541 552 575
f 2340 2404 2412
f 575 540 541
f 540 566 551
f 575 566 540
f 2404 2417 2434
f 2346 2417 2404
f 620 566 584
f 2315 2250 2338
f 2315 2338 2346
f 658 782 620
f 2114 1901 1760
f 934 933 802
f 933 884 802
f 992 1068 974
f 1068 933 974
f 1068 992 1051
f 1541 1515 1434
f 1113 1231 1051
f 1269 1231 1113
f 1514 1541 1434
f 1115 1172 1170
f 1275 1281 1172
f 1403 1408 1275
f 1115 1083 1041
f 1170 1083 1115
f 1403 1476 1408
f 979 1038 917
f 1041 1038 979
f 1759 1667 1864
f 1864 1939 1967
f 2028 1967 1939
f 2232 2072 2191
f 571 614 588
f 2232 2191 2259
f 571 588 575
f 2322 2259 2191
f 533 571 552
f 571 575 552
f 533 552 541
f 2340 2412 2341
f 2346 2404 2340
f 723 782 767
f 2114 2109 1901
f 2109 2114 2250
f 2109 1940 1901
f 1901 1752 1760
f 1013 884 933
f 1541 1653 1515
f 1068 1051 1231
f 1515 1512 1434
f 1418 1231 1269
f 1418 1269 1434
f 1512 1418 1434
f 1359 1403 1331
f 1273 1172 1115
f 1273 1275 1172
f 1331 1275 1273
f 1403 1275 1331
f 1041 979 1115
f 1617 1864 1667
f 1939 1994 2028
f 1939 1864 1994
f 2072 2028 2048
f 2131 2072 2048
f 634 614 571
f 653 614 634
f 2131 2191 2072
f 2249 2322 2191
f 2322 2249 2306
f 2306 2341 2322
f 520 533 541
f 2341 2306 2340
f 520 541 540
f 551 520 540
f 2340 2313 2346
f 2313 2315 2346
f 579 551 566
f 620 579 566
f 2140 2109 2250
f 782 723 620
f 1901 1723 1752
f 1723 1901 1940
f 884 882 782
f 882 767 782
f 1760 1752 1413
f 1013 956 884
f 1653 1512 1515
f 1653 1413 1512
f 1413 1653 1760
f 1153 1068 1231
f 1153 933 1068
f 1153 1231 1351
f 1418 1351 1231
f 1273 1303 1331
f 1303 1359 1331
f 1118 1273 1115
f 1118 1239 1273
f 1393 1403 1359
f 1048 1115 979
f 835 979 892
f 979 917 892
f 1476 1667 1553
f 1617 1783 1864
f 1783 1884 1864
f 649 653 634
f 2028 1994 2048
f 2191 2131 2155
f 543 533 519
f 543 571 533
f 2191 2155 2233
f 508 519 533
f 2191 2233 2249
f 533 514 508
f 533 520 514
f 2246 2306 2249
f 2306 2313 2340
f 545 520 551
f 559 545 551
f 2254 2315 2313
f 579 559 551
f 2254 2250 2315
f 2254 2140 2250
f 690 637 620
f 2040 2109 2140
f 723 690 620
f 767 836 723
f 902 836 767
f 882 902 767
f 958 882 884
f 958 902 882
f 956 958 884
f 1723 1633 1752
f 1013 933 1233
f 1418 1413 1344
f 1512 1413 1418
f 1153 1233 933
f 1344 1153 1351
f 1344 1233 1153
f 1418 1344 1351
f 1048 1119 1118
f 1119 1239 1118
f 1303 1273 1239
f 1303 1393 1359
f 962 1048 979
f 1118 1115 1048
f 1411 1403 1393
f 1446 1403 1411
f 1403 1446 1476
f 1446 1667 1476
f 1802 1884 1783
f 1864 1884 1994
f 634 571 543
f 520 527 514
f 2254 2306 2246
f 2254 2313 2306
f 527 520 545
f 2228 2140 2254
f 579 545 559
f 2228 2085 2140
f 2085 2040 2140
f 637 579 620
f 2040 2036 1821
f 2109 2040 1940
f 836 690 723
f 1821 1641 1723
f 1940 1821 1723
f 1940 2040 1821
f 1723 1641 1633
f 1110 958 956
f 1013 1110 956
f 1087 1013 1233
f 1087 1110 1013
f 1413 1383 1344
f 1235 1329 1303
f 1119 1048 962
f 1235 1239 1119
f 1303 1239 1235
f 1393 1303 1329
f 962 979 868
f 979 835 868
f 1446 1617 1667
f 604 649 594
f 649 634 594
f 1802 1936 1884
f 594 634 543
f 1936 1994 1884
f 1994 2008 2048
f 512 518 519
f 518 543 519
f 2130 2131 2048
f 519 486 512
f 2131 2130 2155
f 2130 2151 2155
f 486 519 508
f 2233 2155 2151
f 484 486 508
f 2211 2249 2233
f 2249 2211 2246
f 514 484 508
f 514 527 513
f 2246 2228 2254
f 579 561 545
f 2040 2085 2036
f 637 601 579
f 2036 1924 1821
f 690 680 637
f 745 680 690
f 1821 1836 1746
f 1924 1836 1821
f 1821 1746 1641
f 903 836 902
f 903 849 836
f 1180 1110 1087
f 1449 1383 1413
f 1752 1449 1413
f 1752 1633 1449
f 1252 1087 1233
f 1252 1180 1087
f 1341 1252 1233
f 1344 1341 1233
f 1341 1344 1383
f 990 1189 1119
f 1189 1235 1119
f 868 953 962
f 1119 962 953
f 1316 1329 1235
f 1329 1316 1393
f 1393 1316 1411
f 835 892 764
f 1316 1446 1411
f 1617 1741 1783
f 1802 1783 1741
f 1802 1861 1936
f 2008 2054 2048
f 2130 2048 2054
f 486 484 477
f 484 476 477
f 2154 2211 2233
f 483 476 484
f 483 484 514
f 513 483 514
f 2211 2159 2228
f 2211 2228 2246
f 531 527 545
f 2159 2085 2228
f 561 531 545
f 2085 2042 2036
f 579 601 561
f 2042 1924 2036
f 637 626 601
f 680 626 637
f 836 745 690
f 745 836 849
f 1063 903 902
f 1633 1498 1449
f 1641 1498 1633
f 1641 1746 1498
f 958 1063 902
f 1124 958 1110
f 1124 1063 958
f 1124 1110 1180
f 1383 1449 1341
f 1140 1243 1189
f 1243 1235 1189
f 990 1119 953
f 1316 1235 1243
f 764 887 835
f 887 868 835
f 953 868 887
f 764 892 649
f 1531 1617 1446
f 583 604 594
f 516 583 594
f 516 543 518
f 516 594 543
f 501 518 512
f 475 501 486
f 501 512 486
f 486 477 475
f 2154 2233 2151
f 2159 2211 2154
f 505 483 513
f 527 531 513
f 531 505 513
f 2118 2042 2085
f 2118 2085 2159
f 561 582 531
f 601 582 561
f 626 582 601
f 745 695 680
f 855 745 849
f 855 781 745
f 1128 1063 1124
f 1450 1449 1498
f 1279 1124 1180
f 1341 1450 1279
f 1450 1341 1449
f 1252 1279 1180
f 1279 1252 1341
f 920 1061 990
f 1061 1140 990
f 1140 1189 990
f 953 887 990
f 1243 1299 1316
f 764 649 604
f 604 583 574
f 1617 1608 1741
f 583 516 549
f 1800 1802 1741
f 1802 1800 1861
f 518 501 516
f 1903 1936 1861
f 1936 1956 1994
f 1936 1903 1956
f 1994 1956 2008
f 473 475 477
f 2110 2130 2054
f 2110 2151 2130
f 448 473 477
f 2151 2110 2154
f 476 448 477
f 2154 2118 2159
f 2042 1779 1924
f 680 695 626
f 695 648 626
f 1924 1779 1836
f 781 695 745
f 1746 1836 1478
f 989 855 849
f 1450 1498 1372
f 1478 1498 1746
f 903 989 849
f 1014 903 1063
f 1014 989 903
f 1014 1063 1128
f 1124 1183 1128
f 1183 1124 1279
f 1372 1304 1279
f 1372 1279 1450
f 1122 1140 1061
f 1122 1188 1140
f 833 920 887
f 920 990 887
f 1061 920 906
f 1188 1243 1140
f 1299 1375 1316
f 1316 1375 1446
f 1521 1446 1375
f 1446 1521 1531
f 1531 1608 1617
f 549 574 583
f 492 516 482
f 492 549 516
f 473 482 501
f 482 516 501
f 473 501 475
f 2008 1956 2054
f 1956 2041 2054
f 476 483 505
f 2110 2050 2118
f 2110 2118 2154
f 2050 2042 2118
f 2050 1917 2042
f 2042 1917 1779
f 1917 1827 1779
f 626 648 582
f 648 591 582
f 1827 1735 1779
f 695 737 648
f 1836 1779 1566
f 855 915 781
f 1498 1304 1372
f 1498 1478 1304
f 1133 989 1128
f 989 1014 1128
f 1133 1128 1183
f 1247 1183 1279
f 1247 1279 1304
f 1061 906 925
f 744 833 764
f 833 887 764
f 906 920 833
f 1188 1299 1243
f 1299 1339 1375
f 1339 1401 1375
f 489 574 515
f 604 574 489
f 1521 1608 1531
f 574 549 515
f 549 492 515
f 1800 1844 1861
f 1903 1861 1844
f 439 451 473
f 473 448 439
f 2110 2054 2041
f 448 442 439
f 470 442 448
f 470 448 476
f 505 470 476
f 2007 1917 2050
f 531 558 505
f 558 511 505
f 2007 1923 1917
f 531 591 558
f 582 591 531
f 1923 1827 1917
f 648 687 591
f 1735 1566 1779
f 772 737 695
f 781 772 695
f 1478 1325 1305
f 1836 1325 1478
f 1836 1457 1325
f 1457 1836 1566
f 910 855 989
f 910 915 855
f 1305 1304 1478
f 1162 1183 1247
f 1162 1133 1183
f 1305 1259 1304
f 1259 1247 1304
f 1074 1158 1122
f 828 925 833
f 925 906 833
f 1074 1061 925
f 1122 1061 1074
f 1188 1122 1158
f 1188 1278 1299
f 604 744 764
f 1278 1339 1299
f 1375 1401 1521
f 492 482 474
f 1800 1741 1801
f 474 473 451
f 474 482 473
f 1903 1931 1956
f 436 451 439
f 424 436 439
f 1956 1931 1996
f 1996 2041 1956
f 417 424 439
f 472 442 470
f 2050 2110 2041
f 2002 2007 2050
f 511 470 505
f 1827 1923 1835
f 1827 1835 1735
f 687 646 591
f 737 687 648
f 1835 1538 1566
f 1735 1835 1566
f 781 883 772
f 883 781 915
f 1325 1259 1305
f 910 989 1147
f 1133 1147 989
f 1162 1147 1133
f 1206 1162 1247
f 1206 1247 1259
f 756 864 925
f 864 1005 925
f 1005 1082 925
f 1082 1074 925
f 717 833 744
f 828 717 756
f 828 833 717
f 925 828 756
f 1082 1131 1074
f 1131 1158 1074
f 1158 1131 1188
f 1131 1278 1188
f 489 744 604
f 1401 1668 1521
f 1521 1668 1608
f 1668 1741 1608
f 444 492 474
f 440 444 474
f 1801 1844 1800
f 474 451 440
f 451 436 440
f 1895 1903 1844
f 1895 1931 1903
f 442 417 439
f 1996 2002 2041
f 2002 2050 2041
f 470 504 472
f 1938 2007 2002
f 511 504 470
f 1938 1923 2007
f 1938 1835 1923
f 581 511 558
f 1825 1598 1538
f 1835 1825 1538
f 591 581 558
f 646 581 591
f 743 646 687
f 894 737 772
f 1302 1325 1457
f 1566 1538 1457
f 894 772 883
f 1325 1302 1232
f 1259 1325 1232
f 910 1095 915
f 1147 1095 910
f 1206 1147 1162
f 1232 1206 1259
f 1005 864 908
f 744 650 717
f 756 717 650
f 1082 1258 1131
f 1278 1131 1258
f 489 515 479
f 515 492 479
f 1668 1801 1741
f 1801 1837 1844
f 416 440 436
f 408 416 436
f 1895 1844 1837
f 1895 1930 1931
f 436 424 408
f 1996 1931 1930
f 424 411 408
f 417 411 424
f 1938 2002 1996
f 504 511 581
f 1598 1507 1538
f 743 707 646
f 1371 1457 1507
f 861 737 894
f 861 687 737
f 1457 1215 1302
f 1457 1371 1215
f 1507 1457 1538
f 1101 883 915
f 1101 894 883
f 1101 915 1095
f 1206 1232 1101
f 1101 1095 1147
f 1101 1147 1206
f 1034 1082 1005
f 1034 1171 1082
f 629 796 756
f 864 756 796
f 908 864 796
f 1082 1171 1177
f 521 650 744
f 1082 1177 1258
f 489 521 744
f 1440 1339 1278
f 1339 1440 1401
f 1518 1401 1440
f 467 479 446
f 467 489 479
f 1668 1401 1518
f 444 446 479
f 492 444 479
f 1615 1801 1668
f 416 444 440
f 410 416 408
f 389 410 408
f 411 389 408
f 504 460 472
f 1833 1835 1938
f 1833 1825 1835
f 1833 1799 1825
f 1825 1799 1456
f 1825 1456 1598
f 646 642 581
f 642 646 707
f 1598 1456 1507
f 874 743 687
f 1371 1507 1456
f 861 874 687
f 1043 861 894
f 1302 1215 1156
f 1101 1043 894
f 1232 1156 1101
f 1156 1232 1302
f 763 848 796
f 848 937 796
f 937 908 796
f 1005 908 937
f 1034 1005 937
f 521 629 650
f 629 756 650
f 763 796 629
f 1236 1177 1171
f 1258 1177 1236
f 1236 1437 1258
f 1437 1278 1258
f 1437 1440 1278
f 1437 1518 1440
f 1518 1615 1668
f 437 446 444
f 410 437 416
f 437 444 416
f 1801 1842 1837
f 1895 1837 1842
f 1891 1930 1895
f 389 395 410
f 1938 1996 1930
f 422 417 442
f 1902 1833 1938
f 472 422 442
f 460 422 472
f 478 504 522
f 478 460 504
f 610 522 504
f 581 610 504
f 1799 1730 1456
f 1730 1490 1456
f 642 683 581
f 1322 1371 1490
f 804 707 743
f 804 743 874
f 1490 1371 1456
f 988 861 1043
f 988 874 861
f 1096 988 1043
f 1168 1215 1371
f 1101 1096 1043
f 1096 1101 1156
f 961 937 848
f 961 1073 937
f 639 775 763
f 848 763 775
f 1073 1034 937
f 1073 1171 1034
f 763 629 639
f 1171 1221 1236
f 1426 1437 1236
f 489 467 441
f 1518 1437 1615
f 467 446 441
f 446 437 412
f 1656 1720 1615
f 1615 1720 1801
f 412 437 410
f 395 412 410
f 1720 1842 1801
f 1898 1895 1842
f 395 389 383
f 1898 1929 1895
f 1929 1928 1895
f 1928 1891 1895
f 389 385 383
f 1928 1904 1891
f 401 389 411
f 1904 1902 1891
f 1891 1902 1930
f 1902 1938 1930
f 411 422 401
f 411 417 422
f 468 422 460
f 478 468 460
f 478 522 468
f 1833 1730 1799
f 1490 1730 1517
f 610 581 683
f 776 642 707
f 776 683 642
f 809 776 707
f 804 809 707
f 1097 874 988
f 1097 1156 1168
f 1371 1257 1168
f 1371 1322 1257
f 1096 1097 988
f 1156 1097 1096
f 1168 1156 1215
f 1020 961 848
f 1020 1073 961
f 775 639 641
f 629 521 639
f 1073 1221 1171
f 1290 1236 1221
f 1290 1426 1236
f 521 489 441
f 1437 1656 1615
f 384 430 446
f 430 441 446
f 384 412 388
f 384 446 412
f 382 388 412
f 1755 1842 1720
f 412 395 382
f 395 360 382
f 360 395 383
f 385 360 383
f 389 401 385
f 494 468 522
f 610 542 522
f 613 542 610
f 628 613 610
f 628 610 683
f 1490 1226 1322
f 1490 1517 1226
f 931 804 874
f 931 809 804
f 931 874 1097
f 1097 1168 1084
f 914 980 1020
f 980 1021 1020
f 651 703 641
f 703 787 641
f 787 775 641
f 848 775 787
f 914 848 787
f 914 1020 848
f 1021 1065 1020
f 1065 1073 1020
f 1230 1290 1221
f 521 441 443
f 443 441 430
f 1513 1437 1426
f 1656 1437 1513
f 1513 1755 1656
f 1720 1656 1755
f 1842 1755 1834
f 350 362 360
f 362 382 360
f 1913 1842 1834
f 360 348 350
f 1913 1898 1842
f 365 348 360
f 363 365 360
f 363 360 385
f 401 392 385
f 390 401 422
f 390 392 401
f 1843 1902 1904
f 418 390 422
f 1843 1833 1902
f 1843 1796 1833
f 468 418 422
f 1796 1745 1730
f 1796 1730 1833
f 494 418 468
f 1745 1652 1730
f 522 542 494
f 1730 1652 1517
f 783 628 683
f 1652 1506 1517
f 783 683 776
f 776 809 976
f 1334 1226 1517
f 931 976 809
f 1108 931 1097
f 1108 976 931
f 1097 1084 1108
f 1108 1084 1168
f 1108 1168 1226
f 1226 1168 1257
f 1322 1226 1257
f 867 914 810
f 703 810 787
f 787 810 914
f 981 980 914
f 981 1021 980
f 536 641 639
f 1065 1174 1073
f 639 521 536
f 1073 1174 1221
f 1174 1230 1221
f 443 536 521
f 1513 1426 1424
f 1424 1559 1513
f 1559 1571 1513
f 536 443 430
f 1513 1571 1758
f 388 357 384
f 1513 1758 1755
f 1834 1755 1758
f 357 388 382
f 353 357 362
f 357 382 362
f 353 362 350
f 1898 1913 1929
f 1913 1941 1929
f 365 363 348
f 363 345 348
f 1951 1929 1941
f 1951 1928 1929
f 1928 1951 1904
f 1951 1909 1904
f 359 363 385
f 385 390 359
f 385 392 390
f 1843 1904 1909
f 390 418 413
f 494 413 418
f 783 613 628
f 854 783 776
f 1517 1506 1334
f 900 776 976
f 900 854 776
f 900 976 1071
f 1226 1334 1227
f 1108 1071 976
f 1071 1108 1226
f 1227 1071 1226
f 694 742 810
f 867 810 742
f 562 703 651
f 810 703 694
f 981 867 967
f 914 867 981
f 967 1066 981
f 1066 1021 981
f 1021 1066 1065
f 1066 1163 1065
f 641 466 459
f 641 536 466
f 651 641 459
f 1163 1174 1065
f 1163 1230 1174
f 1272 1424 1290
f 1424 1426 1290
f 536 430 466
f 1571 1559 1780
f 1780 1969 1571
f 386 384 355
f 386 430 384
f 1758 1571 1969
f 349 355 357
f 355 384 357
f 1969 1834 1758
f 357 343 349
f 1969 2018 1834
f 343 357 353
f 343 353 350
f 343 350 348
f 2018 1941 1834
f 1941 1913 1834
f 363 359 345
f 364 359 390
f 400 364 390
f 391 390 413
f 391 400 390
f 1619 1652 1745
f 622 542 613
f 1506 1652 1448
f 1652 1619 1448
f 1058 854 1071
f 1506 1448 1334
f 1448 1285 1334
f 854 900 1071
f 1227 1334 1285
f 660 742 694
f 860 867 742
f 860 967 867
f 860 949 967
f 703 562 694
f 949 996 967
f 967 996 1066
f 651 459 562
f 1111 1163 1066
f 1111 1264 1163
f 1264 1272 1163
f 1272 1230 1163
f 1272 1565 1424
f 1565 1559 1424
f 1565 1580 1559
f 1290 1230 1272
f 1580 1658 1559
f 1559 1658 1780
f 466 430 386
f 1971 2009 1780
f 1969 1780 2009
f 1969 2009 2197
f 1969 2197 2093
f 326 349 343
f 321 326 343
f 2018 2093 2213
f 2018 1969 2093
f 2213 2016 2018
f 2016 1941 2018
f 343 323 321
f 345 343 348
f 343 345 323
f 2016 1951 1941
f 328 323 345
f 345 359 328
f 359 364 328
f 364 400 391
f 1756 1745 1796
f 1756 1619 1745
f 542 510 494
f 576 510 542
f 623 576 542
f 622 623 542
f 622 613 827
f 783 827 613
f 827 783 854
f 950 854 1058
f 1285 1448 1326
f 1071 1186 1058
f 1216 1186 1071
f 1216 1071 1227
f 1216 1227 1285
f 660 701 742
f 701 829 742
f 829 860 742
f 829 921 860
f 921 928 860
f 589 660 694
f 860 928 949
f 928 996 949
f 928 1100 996
f 1100 1111 996
f 694 562 589
f 996 1111 1066
f 1152 1264 1111
f 1264 1323 1272
f 1323 1522 1272
f 1522 1565 1272
f 1580 1565 1658
f 1658 1565 1870
f 1658 1870 1780
f 1780 1870 1971
f 2009 1971 2175
f 2197 2009 2175
f 2197 2175 2358
f 2197 2358 2558
f 2358 2512 2558
f 342 355 349
f 2468 2197 2558
f 2468 2558 2652
f 2652 2558 2746
f 321 342 326
f 342 349 326
f 2197 2468 2093
f 2093 2468 2446
f 2652 2446 2468
f 2652 2680 2446
f 2213 2093 2446
f 2213 2185 2016
f 2446 2185 2213
f 2446 2396 2185
f 2396 2297 2185
f 2132 2016 2185
f 2297 2132 2185
f 2132 1983 2016
f 304 321 323
f 2000 2016 1983
f 1937 2016 2000
f 1937 1951 2016
f 1951 1937 1909
f 1937 1866 1909
f 1866 1843 1909
f 1843 1866 1796
f 1866 1756 1796
f 413 415 391
f 1700 1619 1756
f 494 415 413
f 1619 1543 1448
f 702 623 622
f 790 622 827
f 790 702 622
f 790 827 948
f 1310 1326 1448
f 1310 1448 1443
f 854 948 827
f 948 854 950
f 950 1058 1186
f 1285 1186 1216
f 1186 1285 1326
f 760 839 829
f 839 921 829
f 839 998 921
f 589 599 660
f 599 701 660
f 760 829 701
f 1023 921 998
f 1023 928 921
f 1023 1100 928
f 493 577 562
f 577 599 562
f 599 589 562
f 1100 1152 1111
f 562 459 493
f 1201 1264 1152
f 1323 1264 1201
f 1556 1811 1565
f 1811 1870 1565
f 1811 2071 1870
f 1811 2158 2071
f 2158 2378 2071
f 1556 1565 1522
f 1870 2071 1971
f 1971 2071 2175
f 2175 2071 2378
f 2378 2458 2358
f 2564 2665 2458
f 459 466 407
f 2175 2378 2358
f 2358 2458 2512
f 2458 2665 2512
f 466 386 407
f 2665 2843 2813
f 2843 2987 2813
f 2512 2665 2558
f 2558 2813 2746
f 2558 2665 2813
f 2813 3041 2746
f 2813 2987 3041
f 355 342 309
f 2746 3041 2972
f 3036 2972 3041
f 2652 2746 2972
f 280 309 321
f 342 321 309
f 2887 2652 2972
f 2972 2965 2887
f 3036 2965 2972
f 321 304 280
f 2680 2652 2887
f 2680 2887 2832
f 2965 2832 2887
f 2577 2446 2680
f 2832 2577 2680
f 304 295 280
f 2160 2132 2297
f 2297 2369 2160
f 2297 2396 2369
f 2396 2446 2577
f 2658 2579 2577
f 2160 2138 2132
f 2579 2369 2396
f 2579 2396 2577
f 2138 1983 2132
f 306 295 304
f 319 304 323
f 319 306 304
f 323 328 319
f 1866 1700 1756
f 415 364 391
f 1659 1619 1700
f 494 469 415
f 469 510 547
f 469 494 510
f 1659 1543 1619
f 576 547 510
f 576 623 750
f 750 623 702
f 1448 1543 1443
f 950 1035 948
f 1035 950 1186
f 1186 1326 1310
f 693 769 701
f 769 760 701
f 769 813 760
f 839 760 865
f 760 813 865
f 941 839 865
f 941 998 839
f 1023 1160 1100
f 2158 1811 1873
f 1160 1152 1100
f 1160 1201 1152
f 1160 1323 1201
f 1623 1522 1323
f 1623 1679 1522
f 1679 1556 1522
f 1679 1811 1556
f 1811 1679 1873
f 2470 2564 2378
f 2470 2610 2564
f 493 459 429
f 2307 2378 2158
f 2378 2564 2458
f 2610 2834 2564
f 2665 2564 2843
f 2843 2564 2834
f 2834 2987 2843
f 2834 3059 2987
f 459 407 429
f 3059 3049 2987
f 407 386 355
f 3121 3134 3049
f 322 347 355
f 2987 3049 3041
f 3134 3041 3049
f 322 355 309
f 3134 3036 3041
f 3134 3112 3036
f 309 280 260
f 3036 3028 2965
f 280 259 260
f 2832 2965 3028
f 3028 2814 2832
f 2369 2579 2588
f 2588 2579 2658
f 2832 2658 2577
f 2832 2814 2658
f 2814 2734 2658
f 280 271 259
f 2400 2170 2160
f 2400 2160 2369
f 2734 2588 2658
f 280 295 271
f 295 278 271
f 281 278 295
f 295 306 281
f 2138 2000 1983
f 306 319 281
f 1937 2000 2005
f 319 328 315
f 328 364 415
f 1866 1819 1700
f 1819 1659 1700
f 790 869 702
f 1035 1186 1127
f 1443 1370 1310
f 726 825 769
f 825 813 769
f 825 865 813
f 577 603 599
f 603 701 599
f 693 701 603
f 769 693 603
f 1765 2158 1873
f 1765 1995 2158
f 1995 2234 2158
f 577 493 497
f 1094 1160 1023
f 1094 1190 1160
f 1190 1297 1160
f 1297 1323 1160
f 1297 1623 1323
f 1679 1623 1873
f 1623 1765 1873
f 2234 2307 2158
f 2392 2307 2234
f 2392 2378 2307
f 2378 2472 2470
f 2378 2392 2472
f 2472 2568 2470
f 2568 2670 2470
f 2610 2670 2834
f 2610 2470 2670
f 2670 2846 2834
f 2970 3059 2834
f 2970 3116 3059
f 347 429 407
f 3116 3049 3059
f 407 355 347
f 3121 3049 3116
f 3121 3170 3134
f 3170 3160 3134
f 322 309 264
f 3112 3134 3160
f 309 260 264
f 3033 3028 3036
f 3112 3033 3036
f 262 260 259
f 2814 3028 3033
f 2369 2588 2619
f 2772 2619 2588
f 2772 2734 2814
f 2619 2400 2369
f 2734 2772 2588
f 271 232 259
f 2138 2160 2170
f 2345 2170 2400
f 256 232 271
f 271 278 256
f 2170 2156 2138
f 2156 2100 2138
f 2100 2000 2138
f 281 319 278
f 319 249 278
f 2005 2000 2100
f 315 249 319
f 1937 1918 1866
f 387 315 328
f 415 387 328
f 1866 1918 1819
f 1731 1659 1819
f 729 585 547
f 576 729 547
f 750 729 576
f 975 790 948
f 975 869 790
f 1092 975 948
f 1443 1543 1557
f 1035 1092 948
f 1127 1092 1035
f 1127 1186 1240
f 1240 1186 1310
f 1240 1310 1370
f 825 942 865
f 942 941 865
f 726 769 603
f 1064 941 942
f 998 941 1064
f 577 497 603
f 1064 1023 998
f 1064 1094 1023
f 1190 1379 1297
f 1379 1388 1297
f 1765 1623 1664
f 1995 1765 1664
f 2234 1995 2149
f 2343 2392 2234
f 2452 2472 2392
f 2343 2452 2392
f 2452 2568 2472
f 337 456 493
f 456 497 493
f 1623 1297 1388
f 2716 2568 2452
f 2716 2670 2568
f 2716 2892 2670
f 429 337 493
f 2892 2846 2670
f 2846 2970 2834
f 2892 2970 2846
f 2892 3116 2970
f 347 337 429
f 282 337 347
f 347 297 282
f 3122 3121 3116
f 3121 3122 3170
f 3122 3173 3170
f 297 322 239
f 347 322 297
f 3173 3160 3170
f 322 264 239
f 3173 3169 3160
f 3169 3112 3160
f 262 264 260
f 3110 3033 3112
f 217 224 259
f 262 259 224
f 259 232 217
f 3033 2863 2814
f 2979 2863 3033
f 2345 2400 2514
f 2400 2619 2514
f 2514 2619 2772
f 2751 2514 2772
f 2751 2814 2863
f 2751 2772 2814
f 256 220 232
f 2345 2156 2170
f 278 237 256
f 278 249 237
f 2100 2020 2005
f 2005 1980 1937
f 2020 1980 2005
f 1937 1980 1918
f 299 249 315
f 315 387 299
f 1871 1819 1918
f 1871 1829 1819
f 1829 1731 1819
f 387 415 469
f 469 547 585
f 585 729 655
f 1708 1543 1659
f 750 702 869
f 1708 1557 1543
f 975 1092 1085
f 1127 1085 1092
f 1443 1420 1370
f 1557 1489 1443
f 1489 1420 1443
f 1420 1240 1370
f 826 929 825
f 609 726 603
f 726 826 825
f 942 825 929
f 560 609 497
f 609 603 497
f 1190 1094 1064
f 1995 1664 1773
f 2045 1995 1773
f 2045 2149 1995
f 1242 1379 1190
f 1379 1536 1388
f 1536 1623 1388
f 1664 1623 1536
f 2279 2234 2149
f 2279 2343 2234
f 2279 2391 2343
f 2391 2452 2343
f 376 456 337
f 2892 2716 2913
f 2913 3116 2892
f 282 376 337
f 3116 2913 3102
f 3122 3116 3102
f 3118 3169 3173
f 231 239 264
f 3169 3118 3112
f 264 262 231
f 3110 3112 3118
f 262 224 231
f 3033 3110 2979
f 2979 2815 2863
f 2751 2636 2514
f 2815 2751 2863
f 232 220 217
f 256 237 220
f 2100 2156 2161
f 2345 2161 2156
f 249 219 237
f 249 250 219
f 2020 2100 2161
f 2286 1980 2020
f 249 244 250
f 299 244 249
f 2286 1918 1980
f 2046 1871 1918
f 299 387 283
f 358 387 469
f 414 358 469
f 414 469 487
f 487 469 585
f 1731 1708 1659
f 597 487 585
f 655 597 585
f 750 758 729
f 808 750 869
f 808 758 750
f 808 869 913
f 1784 1708 1731
f 975 913 869
f 1466 1708 1784
f 1557 1708 1466
f 1127 1240 1130
f 1557 1466 1489
f 1342 1240 1420
f 1420 1466 1342
f 1420 1489 1466
f 714 823 826
f 823 890 826
f 890 929 826
f 890 943 929
f 573 609 560
f 573 714 609
f 714 726 609
f 826 726 714
f 943 1008 929
f 573 560 528
f 1008 942 929
f 1008 1064 942
f 1008 1223 1064
f 1223 1190 1064
f 367 427 428
f 456 528 497
f 456 428 528
f 497 528 560
f 1242 1190 1223
f 1382 1379 1242
f 1382 1432 1379
f 1694 2083 1773
f 2083 2045 1773
f 2083 2149 2045
f 367 428 456
f 1432 1536 1379
f 1694 1536 1432
f 1694 1664 1536
f 1664 1694 1773
f 2149 2083 2289
f 376 367 456
f 2289 2279 2149
f 2279 2289 2391
f 2391 2289 2477
f 2391 2477 2452
f 2756 2913 2716
f 294 367 376
f 2452 2477 2694
f 2694 2716 2452
f 2694 2756 2716
f 2756 2905 2913
f 282 294 376
f 3102 2905 2882
f 3102 2913 2905
f 263 282 297
f 3030 3102 2882
f 3030 3122 3102
f 239 229 263
f 239 263 297
f 3030 3173 3122
f 218 229 239
f 3030 3056 3173
f 3056 3118 3173
f 239 231 218
f 189 218 231
f 3056 3058 3118
f 3058 3110 3118
f 231 177 189
f 231 224 177
f 224 184 177
f 2918 3110 3058
f 224 217 184
f 2783 2918 2833
f 2783 2815 2918
f 2918 2815 2979
f 2918 2979 3110
f 2751 2783 2636
f 2783 2751 2815
f 165 184 217
f 2514 2636 2447
f 2345 2514 2447
f 165 219 149
f 219 168 149
f 219 217 220
f 219 165 217
f 2447 2161 2345
f 237 219 220
f 168 219 250
f 183 168 250
f 2161 2286 2020
f 183 250 244
f 1918 2286 2129
f 202 183 244
f 2129 2046 1918
f 283 244 299
f 1871 2046 2029
f 298 283 387
f 1926 1829 1871
f 507 414 487
f 655 729 718
f 718 729 758
f 1926 1731 1829
f 507 597 555
f 507 487 597
f 655 555 597
f 808 718 758
f 808 913 811
f 946 811 913
f 946 913 975
f 946 975 1085
f 1784 1472 1466
f 1127 946 1085
f 1157 1130 1240
f 1157 1342 1318
f 1157 1240 1342
f 714 793 823
f 425 485 427
f 485 528 427
f 1144 1223 1008
f 1144 1294 1223
f 369 425 427
f 428 427 528
f 1294 1242 1223
f 1294 1390 1242
f 369 367 335
f 367 369 427
f 1390 1382 1242
f 1390 1432 1382
f 1390 1528 1432
f 1528 1744 1432
f 318 335 367
f 1744 1694 1432
f 1853 1694 1744
f 1853 2083 1694
f 1853 2086 2083
f 2086 2289 2083
f 318 367 269
f 367 267 269
f 294 267 367
f 2393 2477 2289
f 252 267 294
f 2393 2489 2477
f 2489 2694 2477
f 216 252 282
f 282 252 294
f 2682 2694 2489
f 2682 2756 2694
f 2682 2905 2756
f 263 212 216
f 263 216 282
f 2882 2905 2682
f 229 212 263
f 2737 2882 2682
f 192 212 229
f 2737 3030 2882
f 178 229 218
f 178 192 229
f 2737 2971 3030
f 2971 3056 3030
f 189 178 218
f 2745 2971 2737
f 189 162 178
f 2971 3058 3056
f 177 162 189
f 2696 2833 2745
f 2833 2971 2745
f 2833 2918 2971
f 2971 2918 3058
f 2686 2833 2696
f 161 147 177
f 161 177 184
f 2701 2783 2686
f 2686 2783 2833
f 134 147 161
f 2667 2783 2701
f 134 184 165
f 134 161 184
f 2636 2783 2667
f 125 134 165
f 2667 2611 2636
f 149 125 165
f 2636 2611 2447
f 2611 2519 2447
f 125 149 100
f 2495 2447 2519
f 149 97 100
f 2161 2447 2495
f 168 97 149
f 168 108 97
f 2495 2380 2161
f 168 164 108
f 183 164 168
f 2380 2286 2161
f 202 143 183
f 143 164 183
f 261 223 244
f 223 202 244
f 261 244 283
f 2029 2046 2129
f 298 261 283
f 298 387 296
f 296 387 358
f 2029 1926 1871
f 507 419 414
f 532 419 507
f 556 553 592
f 592 655 718
f 2078 1926 2029
f 555 532 507
f 555 553 532
f 592 553 555
f 592 555 655
f 736 592 718
f 736 808 784
f 736 718 808
f 784 808 811
f 1731 1926 2078
f 1784 1731 2078
f 1472 1784 2078
f 1055 946 1127
f 1055 1127 1130
f 2078 1585 1472
f 1037 1055 1130
f 1037 1130 1157
f 1219 1037 1157
f 1219 1157 1318
f 1318 1342 1391
f 1428 1342 1466
f 1391 1342 1428
f 1466 1472 1428
f 793 838 823
f 838 890 823
f 485 539 528
f 539 573 528
f 712 714 539
f 793 714 712
f 879 890 838
f 943 890 879
f 369 399 425
f 539 714 573
f 1151 1144 1008
f 1151 1165 1144
f 1165 1294 1144
f 335 287 341
f 335 341 369
f 1294 1368 1390
f 1368 1436 1390
f 269 335 318
f 269 287 335
f 1436 1528 1390
f 1436 1552 1528
f 1552 1744 1528
f 1875 1853 1744
f 1744 1552 1875
f 1875 2086 1853
f 269 252 227
f 252 269 267
f 2086 1875 2194
f 2194 2289 2086
f 2194 2393 2289
f 172 227 216
f 216 227 252
f 2489 2393 2229
f 2229 2319 2489
f 2464 2489 2319
f 2464 2682 2489
f 216 192 172
f 192 216 212
f 2737 2682 2464
f 151 172 192
f 2319 2578 2464
f 2578 2737 2464
f 2467 2578 2319
f 123 151 178
f 178 151 192
f 2467 2573 2578
f 2578 2573 2737
f 2573 2745 2737
f 178 120 123
f 2496 2573 2467
f 178 162 120
f 2573 2696 2745
f 177 107 162
f 107 120 162
f 2616 2696 2573
f 177 147 107
f 2616 2686 2696
f 94 147 134
f 94 107 147
f 2616 2701 2686
f 61 134 125
f 61 94 134
f 75 61 125
f 75 125 100
f 75 97 55
f 97 76 55
f 97 75 100
f 2519 2556 2495
f 2556 2380 2495
f 97 108 76
f 2556 2454 2380
f 2454 2286 2380
f 150 76 108
f 143 108 164
f 143 150 108
f 2286 2301 2129
f 2454 2301 2286
f 175 150 143
f 175 143 202
f 175 202 223
f 2129 2112 2029
f 2301 2112 2129
f 245 223 261
f 261 298 296
f 308 296 358
f 354 308 358
f 354 414 419
f 354 358 414
f 592 553 556
f 2112 2078 2029
f 509 419 532
f 532 553 586
f 684 586 592
f 586 553 592
f 684 592 736
f 784 811 785
f 846 785 811
f 846 811 946
f 1585 2078 1715
f 1958 1715 2078
f 1037 946 1055
f 1309 1318 1365
f 1219 1080 1037
f 1365 1318 1391
f 1365 1391 1428
f 1428 1488 1365
f 1472 1488 1428
f 1472 1585 1488
f 590 715 539
f 715 793 712
f 715 881 793
f 881 838 793
f 881 879 838
f 524 539 452
f 539 524 590
f 712 539 715
f 986 943 879
f 986 1044 943
f 377 399 333
f 377 433 399
f 433 425 399
f 425 452 485
f 425 433 452
f 485 452 539
f 1008 943 1044
f 1044 1151 1008
f 1151 1244 1165
f 341 399 369
f 341 333 399
f 1244 1294 1165
f 287 286 341
f 286 333 341
f 1244 1368 1294
f 207 286 287
f 211 287 269
f 211 207 287
f 227 211 269
f 1875 1558 1761
f 1875 1552 1558
f 187 211 227
f 1761 2194 1875
f 127 146 126
f 126 146 211
f 126 211 187
f 1976 2194 1761
f 1976 2393 2194
f 127 126 88
f 126 187 172
f 172 187 227
f 44 64 60
f 64 88 60
f 151 126 172
f 1916 2393 1976
f 2393 1916 2229
f 60 88 126
f 2207 2229 1916
f 60 126 151
f 2207 2319 2229
f 60 45 44
f 45 60 68
f 68 60 151
f 2319 2207 2165
f 2165 2467 2319
f 68 151 123
f 2287 2467 2165
f 120 68 123
f 2287 2496 2467
f 45 120 73
f 45 68 120
f 2344 2573 2496
f 73 120 107
f 2344 2616 2573
f 73 53 45
f 73 107 94
f 27 53 61
f 61 73 94
f 61 53 73
f 2614 2701 2616
f 2614 2667 2701
f 61 75 27
f 2611 2667 2614
f 2644 2611 2614
f 75 55 27
f 55 29 27
f 2644 2705 2611
f 2705 2519 2611
f 46 29 55
f 55 76 46
f 2705 2656 2519
f 2656 2556 2519
f 2656 2631 2556
f 2631 2454 2556
f 133 46 76
f 76 150 133
f 2301 2454 2389
f 2631 2389 2454
f 157 150 175
f 215 175 223
f 215 223 245
f 2301 2196 2112
f 2389 2196 2301
f 257 245 261
f 296 257 261
f 2196 2078 2112
f 586 509 532
f 1958 2078 2196
f 785 736 784
f 708 684 736
f 708 736 785
f 877 785 846
f 877 846 946
f 877 1037 1004
f 877 946 1037
f 1282 1309 1365
f 1080 1004 1037
f 1148 1219 1318
f 1148 1080 1219
f 1386 1282 1365
f 1386 1365 1488
f 1464 1488 1585
f 1715 1572 1585
f 1572 1464 1585
f 607 715 590
f 803 881 715
f 356 480 377
f 480 452 377
f 480 524 452
f 590 524 607
f 881 986 879
f 305 377 333
f 433 377 452
f 1044 1187 1151
f 305 286 258
f 286 305 333
f 1187 1244 1151
f 254 258 286
f 238 226 254
f 238 254 286
f 1244 1298 1368
f 207 226 238
f 1298 1399 1368
f 1368 1399 1436
f 207 238 286
f 1436 1399 1404
f 146 186 211
f 146 144 186
f 211 186 207
f 1436 1404 1552
f 1404 1558 1552
f 127 122 146
f 122 144 146
f 78 105 64
f 64 122 127
f 64 105 122
f 1611 1761 1558
f 50 78 64
f 88 64 127
f 1611 1976 1761
f 50 44 30
f 64 44 50
f 1680 1976 1611
f 1680 1916 1976
f 44 26 30
f 1869 1916 1680
f 1869 2207 1916
f 2082 2207 1869
f 44 45 26
f 2165 2207 2082
f 45 21 26
f 2496 2287 2344
f 25 21 45
f 25 45 53
f 27 16 25
f 27 25 53
f 2616 2529 2614
f 2616 2344 2529
f 27 29 16
f 2606 2644 2614
f 19 18 29
f 29 37 19
f 29 46 37
f 37 46 63
f 2722 2656 2705
f 63 46 132
f 2643 2631 2656
f 133 132 46
f 2631 2643 2389
f 157 133 150
f 157 132 133
f 2643 2500 2389
f 175 171 157
f 171 175 215
f 2389 2361 2196
f 2500 2361 2389
f 233 171 215
f 233 215 245
f 233 245 257
f 354 327 308
f 327 354 419
f 2361 2375 2196
f 409 327 419
f 409 509 445
f 409 419 509
f 2375 2089 2196
f 534 509 586
f 2196 2089 1958
f 568 534 586
f 708 568 684
f 568 586 684
f 818 708 785
f 818 785 877
f 1282 1193 1309
f 1958 2014 1715
f 2089 2014 1958
f 1004 818 877
f 1004 1080 1148
f 1148 1318 1193
f 1309 1193 1318
f 1386 1358 1282
f 1358 1386 1464
f 1464 1386 1488
f 2014 1654 1715
f 1193 1137 1148
f 1654 1572 1715
f 569 607 524
f 569 674 607
f 674 715 607
f 715 674 727
f 727 803 715
f 727 834 803
f 402 471 480
f 471 524 480
f 986 881 803
f 301 356 377
f 402 480 356
f 377 305 301
f 305 258 270
f 254 270 258
f 226 270 254
f 1187 1225 1244
f 1225 1298 1244
f 191 226 186
f 226 207 186
f 1298 1307 1399
f 186 144 191
f 144 116 141
f 144 122 116
f 122 105 116
f 1442 1558 1404
f 1442 1611 1558
f 1545 1611 1442
f 1545 1680 1611
f 11 30 26
f 1680 1545 1869
f 1869 1545 1892
f 1892 2082 1869
f 26 12 11
f 2082 1892 2120
f 2120 2165 2082
f 12 26 21
f 2165 2120 2287
f 2120 2344 2287
f 3 12 25
f 25 12 21
f 2344 2120 2387
f 2344 2387 2529
f 1 25 16
f 1 3 25
f 2387 2532 2529
f 16 13 1
f 2606 2529 2532
f 2606 2614 2529
f 18 13 16
f 29 18 16
f 2705 2644 2606
f 2722 2705 2796
f 2788 2722 2796
f 2788 2656 2722
f 2788 2643 2656
f 2788 2732 2643
f 2643 2732 2500
f 2361 2500 2633
f 196 233 200
f 196 171 233
f 308 327 296
f 327 279 296
f 2361 2501 2375
f 2633 2501 2361
f 247 200 233
f 279 247 257
f 247 233 257
f 279 257 296
f 327 409 329
f 421 329 409
f 421 409 445
f 2375 2288 2089
f 2288 2375 2360
f 2501 2668 2375
f 2668 2360 2375
f 708 818 768
f 2288 2216 2089
f 816 768 818
f 816 818 1004
f 995 1004 1148
f 2088 2014 2089
f 1137 1150 1148
f 1445 1358 1464
f 1445 1572 1491
f 1445 1464 1572
f 1491 1572 1654
f 1654 1981 1907
f 1654 2014 1981
f 1614 1491 1654
f 1907 1614 1654
f 621 674 569
f 481 530 471
f 530 524 471
f 569 524 530
f 803 834 982
f 351 380 402
f 380 471 402
f 982 986 803
f 1031 986 982
f 1031 1044 986
f 356 320 351
f 356 301 320
f 351 402 356
f 1044 1031 1187
f 1031 1225 1187
f 270 226 191
f 1298 1287 1307
f 1298 1225 1287
f 141 191 144
f 1330 1399 1307
f 1330 1404 1399
f 1404 1385 1442
f 50 38 48
f 50 30 38
f 48 78 50
f 1385 1545 1442
f 6 38 30
f 1545 1385 1493
f 30 11 6
f 1640 1545 1493
f 1892 1545 1640
f 1892 1640 1872
f 11 5 6
f 12 5 11
f 1872 2120 1892
f 2120 1872 2006
f 12 3 7
f 5 12 7
f 2 7 3
f 2 3 1
f 1 4 2
f 1 13 4
f 18 4 13
f 2606 2795 2705
f 2796 2705 2795
f 34 28 19
f 37 34 19
f 34 37 63
f 85 34 63
f 132 85 63
f 2890 2732 2788
f 2890 2988 2732
f 2988 2812 2732
f 157 171 174
f 2732 2633 2500
f 2633 2732 2812
f 174 171 196
f 222 196 200
f 234 222 200
f 234 200 247
f 234 247 279
f 234 279 303
f 279 327 303
f 329 303 327
f 2501 2633 2668
f 2812 2830 2633
f 2830 2668 2633
f 325 303 329
f 325 421 393
f 325 329 421
f 464 421 445
f 445 509 464
f 496 464 509
f 496 509 534
f 534 568 496
f 568 708 768
f 2216 2288 2360
f 2668 2409 2360
f 538 496 568
f 647 596 568
f 647 568 768
f 863 816 1004
f 863 1004 995
f 995 1148 1150
f 1193 1256 1150
f 1193 1282 1256
f 1256 1282 1358
f 1444 1256 1358
f 2089 2216 2088
f 2360 2409 2216
f 778 647 768
f 817 778 816
f 778 768 816
f 863 817 816
f 1150 1137 1193
f 1445 1444 1358
f 1491 1444 1445
f 1981 2014 2088
f 2216 2190 2088
f 2309 2190 2216
f 1614 1742 1601
f 1614 1907 1742
f 530 564 569
f 564 621 569
f 665 674 636
f 727 674 665
f 875 834 822
f 875 982 834
f 564 530 481
f 636 621 564
f 674 621 636
f 423 471 380
f 423 481 471
f 982 1181 1031
f 301 305 270
f 1031 1181 1225
f 163 191 141
f 1287 1271 1307
f 1271 1330 1307
f 112 131 141
f 131 163 141
f 141 116 112
f 1271 1404 1330
f 1271 1317 1404
f 1317 1385 1404
f 78 48 62
f 1317 1376 1385
f 6 10 38
f 48 38 10
f 1493 1385 1376
f 22 24 10
f 1640 1493 1563
f 6 5 10
f 5 8 10
f 8 22 10
f 1872 1640 1815
f 1872 1815 2006
f 5 15 8
f 2006 1815 2119
f 2119 2120 2006
f 7 15 5
f 15 2 17
f 15 7 2
f 2119 2174 2248
f 2120 2119 2248
f 2248 2387 2120
f 4 9 2
f 17 2 9
f 4 14 9
f 2532 2615 2606
f 4 18 14
f 2606 2615 2795
f 18 19 14
f 28 14 19
f 2978 2796 2795
f 77 28 34
f 2978 2788 2796
f 3010 2788 2978
f 2890 2788 3010
f 3010 3096 2890
f 77 85 89
f 77 34 85
f 3096 2988 2890
f 132 89 85
f 153 158 132
f 157 153 132
f 2812 2988 2885
f 174 153 157
f 153 174 180
f 180 174 196
f 2830 2812 2885
f 317 255 303
f 255 234 303
f 303 325 317
f 2830 3136 2824
f 2668 2830 2824
f 3136 2983 2824
f 464 393 421
f 2668 2574 2409
f 2574 2668 2824
f 2983 2828 2824
f 596 538 568
f 1121 995 1150
f 1121 1150 1256
f 2824 2828 2574
f 938 863 995
f 1049 995 1121
f 1369 1121 1256
f 1444 1369 1256
f 2409 2309 2216
f 2309 2409 2574
f 2828 2596 2574
f 863 938 817
f 1452 1369 1444
f 1452 1444 1491
f 1452 1491 1614
f 1452 1614 1601
f 1812 1601 1742
f 1812 1742 1907
f 1990 1812 1981
f 1812 1907 1981
f 1990 1981 2088
f 1990 2088 2190
f 656 727 665
f 822 727 656
f 822 834 727
f 886 875 822
f 959 875 886
f 959 982 875
f 351 352 380
f 352 375 380
f 959 1181 982
f 1181 959 1075
f 236 276 270
f 301 270 276
f 1075 1117 1181
f 1117 1225 1181
f 163 236 191
f 191 236 270
f 1225 1117 1093
f 1093 1287 1225
f 1093 1129 1287
f 163 131 152
f 1129 1213 1287
f 1213 1271 1287
f 78 69 105
f 69 96 105
f 105 112 116
f 96 112 105
f 1317 1213 1191
f 1317 1271 1213
f 62 69 78
f 62 48 69
f 1250 1317 1191
f 1317 1250 1376
f 10 57 48
f 1191 1214 1250
f 1214 1312 1250
f 1312 1376 1250
f 1312 1493 1376
f 10 24 57
f 1364 1493 1312
f 1364 1563 1493
f 1496 1563 1364
f 24 22 39
f 1563 1496 1502
f 1502 1675 1563
f 1675 1640 1563
f 8 15 22
f 39 15 32
f 39 22 15
f 1640 1675 1815
f 1815 1868 2119
f 1868 2004 2119
f 2004 2174 2119
f 15 17 32
f 17 31 32
f 2429 2248 2373
f 2429 2387 2248
f 31 9 23
f 31 17 9
f 2429 2504 2387
f 2387 2504 2532
f 14 23 9
f 2532 2592 2615
f 2504 2592 2532
f 14 20 23
f 2795 2615 2884
f 3008 2795 2884
f 28 20 14
f 3011 2795 3008
f 2978 2795 3011
f 77 36 28
f 36 20 28
f 89 74 77
f 132 114 89
f 2988 3096 3166
f 158 114 132
f 3166 3136 2988
f 180 158 153
f 3136 2885 2988
f 197 180 196
f 222 230 196
f 230 197 196
f 230 222 234
f 3136 2830 2885
f 230 234 255
f 275 235 255
f 275 255 317
f 2983 3136 3120
f 316 275 317
f 316 317 325
f 361 316 393
f 316 325 393
f 431 361 393
f 431 393 464
f 2828 2983 3120
f 453 431 464
f 453 464 496
f 2908 2828 3120
f 3161 2908 3120
f 538 453 496
f 550 538 596
f 596 647 550
f 995 1016 938
f 1016 876 938
f 1016 995 1049
f 1049 1176 1016
f 1049 1121 1176
f 1337 1176 1369
f 1176 1121 1369
f 2908 3161 2925
f 770 647 778
f 778 817 770
f 817 938 876
f 1452 1337 1369
f 1632 1452 1601
f 1601 1812 1632
f 1990 2190 2309
f 2574 2596 2309
f 2596 2908 2825
f 2596 2828 2908
f 2825 2908 2925
f 819 770 817
f 876 819 817
f 1925 1812 1990
f 1990 2309 2414
f 2414 2309 2596
f 2825 2655 2596
f 2123 1925 1990
f 2123 1990 2414
f 2414 2596 2655
f 2450 2414 2655
f 636 616 665
f 616 656 665
f 780 822 656
f 423 457 481
f 616 636 564
f 698 780 656
f 822 780 886
f 423 380 375
f 899 959 886
f 339 320 300
f 339 351 320
f 351 339 352
f 959 899 1075
f 301 300 320
f 276 300 301
f 899 1018 1075
f 236 163 167
f 167 163 152
f 152 131 118
f 118 112 113
f 118 131 112
f 1145 1213 1129
f 112 96 113
f 1036 1145 1129
f 69 91 96
f 1040 1145 1036
f 1040 1191 1145
f 1145 1191 1213
f 48 91 69
f 821 1040 1036
f 1040 1134 1191
f 48 57 91
f 57 86 91
f 945 1040 821
f 945 1134 1040
f 1134 1214 1191
f 24 54 57
f 872 1102 945
f 1102 1134 945
f 1134 1102 1214
f 1062 1102 872
f 1062 1098 1102
f 1217 1102 1098
f 1217 1214 1102
f 1217 1312 1214
f 1217 1364 1312
f 24 39 54
f 39 51 54
f 1253 1364 1217
f 1502 1364 1253
f 1502 1496 1364
f 31 39 32
f 2174 2373 2248
f 31 33 39
f 23 33 31
f 2591 2592 2504
f 2615 2820 2884
f 2592 2820 2615
f 35 23 20
f 20 36 35
f 2978 3011 3010
f 3011 3096 3010
f 77 58 36
f 58 47 36
f 58 77 74
f 114 99 89
f 114 101 99
f 3096 3248 3166
f 3248 3299 3166
f 158 124 114
f 124 101 114
f 3299 3281 3166
f 3281 3136 3166
f 3136 3281 3313
f 180 197 158
f 3136 3313 3366
f 230 204 197
f 204 230 235
f 235 230 255
f 3136 3366 3395
f 3120 3136 3297
f 3395 3297 3136
f 293 277 275
f 275 316 293
f 374 316 361
f 3120 3297 3409
f 3579 3409 3297
f 431 374 361
f 3161 3409 3363
f 3161 3120 3409
f 434 374 431
f 434 431 453
f 434 453 500
f 538 500 453
f 435 374 434
f 500 435 434
f 500 538 498
f 550 498 538
f 670 550 647
f 670 647 770
f 876 932 815
f 876 1016 1015
f 1337 1015 1176
f 1015 1016 1176
f 2925 3161 3066
f 498 435 500
f 770 819 815
f 765 770 815
f 815 819 876
f 1327 1337 1452
f 1481 1327 1452
f 1481 1452 1632
f 3066 3363 3215
f 3066 3161 3363
f 1644 1481 1632
f 1644 1632 1812
f 1644 1812 1925
f 2750 2825 2925
f 2750 2925 3066
f 3068 3066 3215
f 1697 1644 1925
f 2199 1925 2123
f 2291 2123 2414
f 2291 2199 2123
f 2450 2291 2414
f 2825 2678 2655
f 2678 2825 2750
f 2836 3066 3068
f 2836 2750 3066
f 2678 2291 2450
f 2678 2450 2655
f 2836 2672 2750
f 2851 2836 3068
f 2672 2678 2750
f 616 698 656
f 423 488 457
f 616 564 481
f 725 780 698
f 352 423 375
f 780 858 886
f 858 899 886
f 339 423 352
f 858 1018 899
f 179 241 236
f 241 276 236
f 1060 1075 1018
f 167 179 236
f 1117 1075 1093
f 160 167 152
f 160 179 167
f 160 152 118
f 160 118 113
f 824 987 893
f 987 973 893
f 987 1036 973
f 973 1036 1129
f 91 98 96
f 96 98 113
f 681 728 721
f 728 824 721
f 824 893 721
f 824 880 987
f 880 1036 987
f 657 728 681
f 728 880 824
f 880 821 1036
f 611 645 657
f 645 728 657
f 645 821 728
f 821 880 728
f 82 86 57
f 645 840 821
f 840 945 821
f 54 72 57
f 57 72 82
f 619 645 611
f 619 840 645
f 872 945 840
f 67 72 54
f 669 840 619
f 820 872 840
f 923 872 820
f 923 1062 872
f 67 54 51
f 664 840 669
f 664 731 840
f 731 820 840
f 820 831 923
f 923 1042 1062
f 1042 1098 1062
f 977 923 831
f 1042 923 977
f 1042 1217 1098
f 1042 1146 1217
f 1146 1263 1217
f 1263 1253 1217
f 39 56 51
f 56 67 51
f 689 731 664
f 731 786 820
f 786 831 820
f 1263 1542 1253
f 1542 1502 1253
f 1542 1675 1502
f 704 731 689
f 704 786 731
f 1815 1542 1581
f 1675 1542 1815
f 40 56 39
f 1581 1922 1815
f 1868 1815 1922
f 2243 2174 2004
f 2174 2243 2373
f 33 40 39
f 2429 2669 2504
f 2669 2591 2504
f 2820 2592 2591
f 23 35 33
f 3008 3070 3011
f 36 47 35
f 3011 3070 3096
f 3070 3258 3096
f 3096 3258 3248
f 3258 3429 3248
f 79 58 74
f 79 47 58
f 89 79 74
f 3248 3429 3299
f 90 79 89
f 101 89 99
f 101 90 89
f 124 90 101
f 3281 3299 3313
f 3313 3429 3437
f 3313 3299 3429
f 158 140 124
f 140 115 124
f 3313 3437 3366
f 3437 3535 3366
f 204 158 197
f 3395 3366 3535
f 3535 3635 3575
f 3395 3535 3575
f 3297 3395 3575
f 275 277 235
f 277 251 235
f 3579 3575 3635
f 3579 3297 3575
f 3579 3702 3601
f 3579 3635 3702
f 293 316 302
f 381 302 316
f 316 374 381
f 3409 3579 3601
f 3601 3702 3867
f 3363 3409 3601
f 3601 3867 3866
f 438 381 374
f 374 435 438
f 773 815 932
f 932 876 1015
f 1015 1337 1142
f 3817 3363 3601
f 3817 3601 3866
f 438 435 498
f 498 550 570
f 570 550 670
f 670 765 730
f 670 770 765
f 765 773 730
f 773 765 815
f 1033 932 1015
f 1142 1033 1015
f 1142 1337 1192
f 1327 1192 1337
f 3417 3363 3817
f 1266 1192 1327
f 3363 3417 3308
f 3552 3417 3817
f 1366 1266 1327
f 1366 1327 1481
f 1697 1366 1644
f 1366 1481 1644
f 1737 1697 2053
f 2053 1697 1925
f 2053 1925 2199
f 3215 3363 3308
f 2195 2053 2199
f 2195 2291 2421
f 2195 2199 2291
f 2545 2421 2678
f 2421 2291 2678
f 2678 2672 2545
f 2836 2851 2672
f 3068 3087 2851
f 3817 3807 3552
f 2659 2545 2672
f 2781 2659 2851
f 2659 2672 2851
f 2986 2781 2851
f 2986 2851 3087
f 3087 3068 3215
f 3087 3215 3152
f 3152 3215 3308
f 3308 3417 3552
f 3807 3722 3552
f 3061 2986 3087
f 3061 3087 3152
f 3152 3308 3376
f 3376 3308 3552
f 3376 3552 3592
f 3722 3592 3552
f 3239 3152 3376
f 3592 3414 3376
f 3414 3239 3376
f 457 488 525
f 525 481 457
f 525 616 481
f 686 616 525
f 686 698 616
f 725 698 686
f 423 339 379
f 420 423 379
f 488 423 420
f 332 339 300
f 1018 1017 1060
f 1018 858 1017
f 241 179 198
f 243 241 198
f 1060 1093 1075
f 179 160 198
f 1060 1050 1093
f 1050 1129 1093
f 1050 973 1129
f 113 142 160
f 973 952 893
f 973 1050 952
f 142 113 111
f 751 661 721
f 751 721 857
f 857 721 893
f 952 857 893
f 111 113 98
f 661 657 681
f 721 661 681
f 640 657 661
f 87 91 86
f 87 98 91
f 657 640 611
f 640 612 611
f 82 87 86
f 615 611 612
f 615 619 611
f 619 615 669
f 615 644 669
f 67 70 72
f 663 669 644
f 663 664 669
f 977 1088 1042
f 664 663 689
f 1146 1042 1088
f 786 812 831
f 977 812 939
f 977 831 812
f 977 1104 1088
f 1104 1146 1088
f 1104 1234 1146
f 1234 1263 1146
f 1263 1234 1333
f 1333 1542 1263
f 1462 1542 1333
f 1462 1581 1542
f 692 735 704
f 735 812 704
f 812 786 704
f 878 939 812
f 939 1002 977
f 1002 1104 977
f 1868 1922 2004
f 40 59 56
f 878 812 735
f 1922 2023 2004
f 2243 2004 2023
f 41 40 33
f 41 59 40
f 2571 2429 2373
f 2571 2669 2429
f 2669 2820 2591
f 2669 2880 2820
f 2880 2990 2820
f 2820 2990 2884
f 2990 3008 2884
f 2990 3164 3008
f 3008 3164 3070
f 3164 3199 3070
f 3199 3205 3070
f 43 35 47
f 43 33 35
f 3070 3205 3258
f 3432 3438 3258
f 3438 3544 3429
f 47 52 43
f 3258 3438 3429
f 3544 3583 3429
f 79 92 47
f 92 52 47
f 92 79 90
f 3675 3667 3583
f 3437 3583 3535
f 3437 3429 3583
f 3535 3583 3667
f 3667 3754 3635
f 3836 3904 3754
f 221 158 204
f 3635 3535 3667
f 3635 3754 3702
f 3702 3754 3904
f 3702 3904 3934
f 3991 4041 3934
f 235 221 204
f 251 221 235
f 3702 4041 3867
f 3702 3934 4041
f 4029 3867 4041
f 277 272 251
f 293 302 277
f 302 272 277
f 4089 3867 4029
f 302 381 368
f 4083 3867 4089
f 368 381 378
f 766 757 773
f 3866 3867 4083
f 378 381 438
f 378 438 426
f 730 773 757
f 932 766 773
f 3866 4083 4000
f 535 438 498
f 535 426 438
f 570 535 498
f 570 580 535
f 631 580 670
f 580 570 670
f 730 631 670
f 1010 1033 1070
f 1010 932 1033
f 3866 4000 4034
f 1070 1033 1142
f 1607 1366 1697
f 1607 1697 1737
f 3817 3866 3807
f 3807 3866 4034
f 1974 2053 1977
f 1974 1737 2053
f 2195 1977 2053
f 3807 4034 3931
f 2397 2195 2421
f 2397 2421 2545
f 2473 2397 2545
f 2473 2545 2589
f 2589 2659 2781
f 2589 2545 2659
f 3722 3807 3931
f 4033 3851 3931
f 2553 2473 2589
f 2589 2781 2771
f 2771 2781 2986
f 3529 3592 3722
f 3721 3722 3931
f 3931 3851 3721
f 2771 2553 2589
f 3061 3152 3239
f 3592 3529 3414
f 3721 3529 3722
f 2771 2986 3061
f 3584 3529 3721
f 2896 2771 3061
f 2896 3239 3054
f 2896 3061 3239
f 3239 3414 3370
f 3418 3370 3414
f 3414 3529 3530
f 3530 3529 3584
f 3721 3670 3584
f 3271 3054 3239
f 3271 3239 3370
f 3418 3414 3530
f 3300 3271 3370
f 3530 3370 3418
f 420 517 488
f 525 488 517
f 686 525 517
f 686 719 725
f 719 780 725
f 339 332 379
f 332 397 379
f 420 379 397
f 719 800 780
f 800 858 780
f 276 310 300
f 332 300 310
f 800 885 858
f 241 310 276
f 310 241 243
f 858 885 1017
f 885 1022 1017
f 243 198 213
f 160 213 198
f 1019 1050 1060
f 1019 919 1050
f 213 160 142
f 1050 919 952
f 952 919 857
f 751 733 661
f 733 751 779
f 857 779 751
f 919 779 857
f 110 111 98
f 142 111 110
f 640 661 733
f 110 98 87
f 612 640 733
f 87 128 110
f 733 734 612
f 95 87 82
f 128 87 95
f 688 615 612
f 72 95 82
f 688 644 615
f 80 72 70
f 80 95 72
f 688 663 644
f 688 678 663
f 689 663 678
f 67 56 70
f 677 704 689
f 1234 1260 1333
f 56 93 70
f 704 677 692
f 1195 1234 1104
f 1195 1260 1234
f 1333 1562 1462
f 1581 1462 1562
f 1581 1692 1922
f 1581 1562 1692
f 1922 2148 2023
f 2148 2243 2023
f 2148 2276 2243
f 65 56 59
f 65 93 56
f 788 878 735
f 1104 1002 1045
f 1045 1195 1104
f 1473 1260 1311
f 1333 1260 1473
f 1473 1562 1333
f 2276 2373 2243
f 2276 2571 2373
f 735 692 691
f 691 788 735
f 922 939 878
f 922 1002 939
f 1106 1195 1045
f 41 42 59
f 788 922 878
f 968 1002 922
f 968 1045 1002
f 968 1106 1045
f 3331 3310 3199
f 42 41 33
f 3205 3199 3310
f 3541 3432 3393
f 49 42 33
f 3205 3393 3258
f 3310 3393 3205
f 3258 3393 3432
f 3541 3553 3432
f 3581 3553 3637
f 3637 3687 3581
f 43 49 33
f 43 84 49
f 3438 3553 3544
f 3438 3432 3553
f 3544 3553 3581
f 3687 3857 3675
f 43 66 84
f 3583 3581 3687
f 52 66 43
f 3544 3581 3583
f 3583 3687 3675
f 3675 3857 3667
f 3667 3857 3983
f 3836 3667 3983
f 3836 3983 4003
f 92 66 52
f 92 83 66
f 3836 4003 3958
f 4003 4084 3958
f 92 124 103
f 92 90 124
f 115 103 124
f 3754 3667 3836
f 3904 3836 3958
f 3934 3958 4135
f 4084 4135 3958
f 140 130 115
f 130 103 115
f 130 140 148
f 3904 3958 3934
f 3934 4135 3991
f 158 182 140
f 182 148 140
f 4135 4091 3991
f 221 182 158
f 4041 3991 4091
f 253 221 251
f 4041 4091 4168
f 272 253 251
f 4029 4041 4168
f 302 314 272
f 4089 4029 4168
f 368 314 302
f 314 368 378
f 314 378 394
f 791 675 766
f 449 394 426
f 495 595 593
f 595 675 593
f 757 766 675
f 394 378 426
f 449 426 495
f 503 595 495
f 675 730 757
f 924 766 932
f 426 503 495
f 503 580 595
f 675 595 631
f 595 580 631
f 675 631 730
f 924 932 1010
f 1057 1010 1070
f 4000 4083 4167
f 535 503 426
f 503 535 580
f 1057 1070 1149
f 4034 4000 4167
f 1200 1070 1142
f 1200 1149 1070
f 1200 1142 1192
f 1266 1254 1192
f 1254 1200 1192
f 1254 1266 1366
f 1254 1366 1398
f 1398 1607 1480
f 1398 1366 1607
f 4167 4082 4034
f 4167 4181 4082
f 1567 1480 1607
f 1607 1737 1567
f 1724 1567 1737
f 1876 1724 1974
f 1724 1737 1974
f 1974 1977 1876
f 3931 4034 4082
f 2208 1876 1977
f 2195 2208 1977
f 4033 3931 4082
f 2208 2397 2473
f 2208 2195 2397
f 2394 2208 2473
f 3960 3851 4033
f 2394 2473 2553
f 3851 3960 3891
f 3981 3891 3960
f 2394 2553 2590
f 2590 2553 2771
f 3723 3721 3851
f 2590 2771 2755
f 2896 2755 2771
f 3670 3721 3723
f 2848 2755 2896
f 3054 2848 2896
f 3584 3647 3530
f 3647 3584 3670
f 3647 3670 3723
f 3851 3809 3723
f 3921 3809 3851
f 2754 2755 2848
f 3370 3530 3476
f 3476 3530 3528
f 3528 3530 3647
f 2923 2848 3054
f 2923 3054 3271
f 3278 3271 3300
f 3278 3300 3370
f 3278 3370 3476
f 3647 3577 3528
f 3481 3476 3528
f 3577 3481 3528
f 465 517 420
f 517 465 546
f 546 686 517
f 465 420 397
f 324 332 310
f 397 332 324
f 324 268 313
f 324 310 268
f 243 268 310
f 243 289 268
f 313 268 289
f 248 243 213
f 289 243 248
f 1022 1060 1017
f 1022 1019 1060
f 1079 1019 1022
f 248 213 203
f 919 1019 972
f 1079 972 1019
f 203 213 169
f 213 142 169
f 110 128 142
f 169 142 128
f 919 972 779
f 779 734 733
f 779 774 734
f 972 774 779
f 129 128 95
f 734 688 612
f 774 755 734
f 755 688 734
f 80 129 95
f 80 119 129
f 755 713 688
f 713 678 688
f 80 104 119
f 713 682 678
f 70 104 80
f 682 689 678
f 93 104 70
f 682 677 689
f 682 598 677
f 598 652 677
f 652 692 677
f 1562 1649 1692
f 1692 2148 1922
f 1692 2153 2148
f 2276 2148 2153
f 2285 2276 2153
f 2285 2362 2276
f 691 692 652
f 1311 1427 1473
f 1554 1562 1473
f 1649 1562 1554
f 1998 1692 1649
f 1998 2153 1692
f 2651 2571 2276
f 2651 2869 2880
f 3549 3378 3317
f 3549 3612 3614
f 3612 3727 3614
f 59 93 65
f 633 691 652
f 1554 1473 1427
f 2669 2571 2651
f 2651 2880 2669
f 2869 2990 2880
f 2869 3094 2990
f 3094 3164 2990
f 3164 3094 3208
f 3208 3331 3164
f 3378 3331 3317
f 3541 3549 3614
f 3727 3757 3614
f 3727 3810 3757
f 42 81 59
f 633 720 691
f 720 788 691
f 720 968 788
f 968 922 788
f 1207 1260 1195
f 1207 1311 1260
f 1207 1373 1311
f 1373 1427 1311
f 3199 3164 3331
f 3331 3378 3310
f 3310 3378 3393
f 3393 3378 3549
f 3810 3857 3757
f 968 1103 1106
f 1195 1106 1103
f 1103 1207 1195
f 1373 1207 1246
f 3541 3393 3549
f 3541 3614 3637
f 3637 3757 3687
f 3637 3614 3757
f 3687 3757 3857
f 42 49 81
f 49 71 81
f 632 720 633
f 632 792 720
f 792 968 720
f 1207 1103 1139
f 3553 3541 3637
f 3810 3914 3857
f 805 968 792
f 805 983 968
f 1029 968 983
f 1029 1103 968
f 3857 3914 3990
f 49 84 71
f 3857 3990 3983
f 3990 4092 3983
f 4003 3983 4086
f 3983 4092 4086
f 4092 4171 4086
f 84 66 83
f 4003 4086 4084
f 4086 4171 4084
f 92 102 83
f 102 92 103
f 4084 4212 4135
f 4084 4171 4212
f 148 103 130
f 4091 4135 4212
f 221 201 182
f 201 221 253
f 578 432 523
f 4091 4212 4168
f 4218 4168 4212
f 578 523 654
f 4168 4218 4234
f 272 274 253
f 274 272 292
f 292 370 274
f 370 338 405
f 523 593 654
f 314 292 272
f 292 338 370
f 292 314 338
f 593 722 654
f 338 394 405
f 394 432 405
f 675 791 722
f 791 841 722
f 791 889 841
f 394 338 314
f 394 449 432
f 449 523 432
f 495 593 523
f 722 593 675
f 997 889 924
f 935 889 997
f 4083 4089 4168
f 4083 4168 4234
f 449 495 523
f 791 766 889
f 766 924 889
f 1155 924 1057
f 997 924 1155
f 4083 4234 4229
f 1010 1057 924
f 1057 1149 1155
f 1149 1200 1320
f 4167 4229 4238
f 4167 4083 4229
f 1254 1320 1200
f 1320 1254 1398
f 1421 1320 1398
f 1421 1398 1480
f 4238 4181 4167
f 4082 4181 4169
f 4231 4169 4181
f 1724 1480 1567
f 2208 1724 1876
f 4033 4082 4169
f 1865 1724 2208
f 1865 1681 1724
f 4169 4078 4033
f 4169 4156 4078
f 2208 2104 1865
f 3960 4033 4078
f 2104 2208 2394
f 3981 3960 4078
f 4156 4059 4078
f 2205 2104 2394
f 2205 2103 2104
f 2590 2205 2394
f 3981 3921 3891
f 4078 3921 3981
f 4078 4059 3921
f 2205 2590 2383
f 3921 3851 3891
f 2594 2383 2590
f 2755 2594 2590
f 3921 3996 3809
f 3996 3795 3809
f 2364 2205 2383
f 2364 2383 2594
f 2594 2755 2754
f 3809 3771 3723
f 3809 3795 3771
f 2572 2364 2594
f 2572 2594 2754
f 2760 2848 2923
f 2760 2754 2848
f 3278 2923 3271
f 3577 3723 3673
f 3577 3647 3723
f 3723 3718 3673
f 3718 3723 3771
f 3021 2760 2923
f 3307 3278 3476
f 3623 3577 3673
f 3180 3021 3278
f 3021 2923 3278
f 3307 3180 3278
f 3307 3476 3481
f 3562 3430 3481
f 3562 3481 3577
f 3623 3562 3577
f 3430 3307 3481
f 738 686 546
f 397 544 465
f 546 465 544
f 544 738 546
f 719 686 738
f 719 807 800
f 719 777 807
f 911 800 807
f 911 885 800
f 911 960 885
f 373 462 397
f 462 544 397
f 777 719 738
f 965 885 960
f 313 373 324
f 397 324 373
f 403 462 373
f 373 313 336
f 403 373 336
f 1022 965 1077
f 1022 885 965
f 313 289 311
f 289 248 311
f 1078 1079 1022
f 311 248 228
f 214 248 203
f 228 248 214
f 169 214 203
f 169 188 214
f 1072 994 972
f 128 188 169
f 994 774 972
f 128 129 188
f 129 166 188
f 166 129 156
f 129 119 156
f 755 740 713
f 740 676 713
f 676 682 713
f 104 156 119
f 104 139 156
f 104 135 139
f 682 627 598
f 3184 3357 3208
f 3357 3317 3208
f 135 104 93
f 554 598 627
f 2153 2292 2285
f 2292 2362 2285
f 2646 2742 2651
f 2742 2866 2651
f 3100 2869 2866
f 3100 3094 2869
f 3100 3208 3094
f 3100 3184 3208
f 3317 3357 3549
f 3549 3357 3412
f 3549 3412 3557
f 3557 3612 3549
f 3557 3622 3612
f 3622 3686 3612
f 598 633 652
f 1874 1998 1649
f 2143 2153 1998
f 2153 2143 2292
f 2540 2276 2362
f 2540 2651 2276
f 2540 2675 2651
f 2646 2651 2675
f 2651 2866 2869
f 3208 3317 3331
f 3727 3612 3686
f 93 59 135
f 59 109 135
f 563 554 502
f 563 598 554
f 3819 3727 3686
f 3810 3727 3819
f 59 81 109
f 502 506 563
f 598 563 633
f 1554 1429 1624
f 1554 1427 1429
f 1624 1649 1554
f 1874 1649 1624
f 506 450 563
f 450 600 563
f 563 600 633
f 1429 1427 1373
f 3914 3810 3819
f 81 71 109
f 600 632 633
f 1139 1246 1207
f 3914 3956 3990
f 3956 4122 3990
f 461 450 506
f 632 805 792
f 1029 1139 1103
f 1306 1373 1246
f 1306 1363 1373
f 1429 1373 1363
f 84 109 71
f 450 529 600
f 529 632 600
f 1029 1136 1139
f 1139 1306 1246
f 3990 4122 4092
f 84 106 109
f 366 371 450
f 529 697 632
f 697 805 632
f 983 1136 1029
f 697 983 805
f 985 1136 983
f 4171 4092 4122
f 4122 4205 4171
f 84 83 106
f 371 529 450
f 102 106 83
f 102 117 106
f 290 372 371
f 371 447 529
f 529 672 697
f 672 983 697
f 672 985 983
f 4205 4239 4171
f 103 121 102
f 121 117 102
f 206 136 201
f 372 447 371
f 447 672 529
f 963 985 672
f 963 1099 985
f 1099 1136 985
f 4212 4171 4239
f 148 121 103
f 136 121 148
f 148 182 136
f 206 201 225
f 284 288 372
f 753 963 672
f 4239 4266 4212
f 136 182 201
f 201 253 225
f 253 274 225
f 274 284 225
f 274 288 284
f 405 447 372
f 578 672 447
f 753 672 578
f 984 1099 963
f 4266 4218 4212
f 370 372 288
f 370 405 372
f 447 432 578
f 753 984 963
f 288 274 370
f 447 405 432
f 654 753 578
f 654 722 753
f 722 841 753
f 841 935 753
f 935 984 753
f 935 1199 984
f 4234 4218 4266
f 4266 4274 4234
f 935 1054 1199
f 997 1054 935
f 889 935 841
f 1169 997 1143
f 1155 1143 997
f 4274 4229 4234
f 1155 1194 1143
f 1155 1265 1194
f 4274 4275 4229
f 1155 1149 1265
f 1313 1149 1320
f 1265 1149 1313
f 1380 1313 1320
f 1421 1380 1320
f 4264 4238 4229
f 4275 4264 4229
f 4240 4238 4264
f 4240 4181 4238
f 4240 4231 4181
f 1681 1421 1480
f 1480 1724 1681
f 4231 4216 4169
f 1627 1525 1681
f 1865 1627 1681
f 4216 4156 4169
f 4216 4179 4156
f 1984 1627 1865
f 1984 1865 2104
f 2103 1627 1984
f 2103 1984 2104
f 4068 3996 4059
f 4059 3996 3921
f 4068 3933 3996
f 3795 3996 3933
f 2572 2459 2364
f 2639 2459 2572
f 2760 2572 2754
f 2760 2639 2572
f 2853 2760 3021
f 2790 2639 2760
f 2790 2760 2853
f 2853 3021 2928
f 3021 3089 2928
f 3089 3021 3180
f 3344 3307 3430
f 2928 2790 2853
f 3296 3180 3307
f 3344 3296 3307
f 3407 3430 3562
f 557 608 544
f 608 738 544
f 807 777 830
f 830 911 807
f 830 930 911
f 930 957 911
f 911 957 960
f 957 965 960
f 544 462 557
f 608 762 738
f 762 777 738
f 403 557 462
f 965 957 1077
f 403 340 404
f 403 336 340
f 404 463 403
f 463 557 403
f 463 491 557
f 1022 1077 1078
f 311 340 313
f 340 336 313
f 1076 1078 1077
f 1076 1079 1078
f 291 311 228
f 1076 972 1079
f 1076 1072 972
f 228 214 188
f 166 190 188
f 228 188 190
f 774 994 856
f 774 856 755
f 856 740 755
f 156 176 166
f 190 166 176
f 156 185 176
f 156 139 185
f 630 682 676
f 155 185 139
f 630 627 682
f 565 627 630
f 3260 3358 3357
f 3358 3416 3357
f 3416 3412 3357
f 3416 3474 3412
f 135 155 139
f 526 554 565
f 554 627 565
f 2742 2867 2866
f 2867 3100 2866
f 2867 3099 3100
f 3099 3184 3100
f 3260 3357 3184
f 3514 3412 3474
f 3514 3557 3412
f 3514 3610 3557
f 3610 3622 3557
f 458 455 526
f 455 554 526
f 2742 2646 2617
f 3622 3751 3686
f 135 145 155
f 502 554 455
f 2646 2675 2540
f 2617 2646 2540
f 3803 3686 3751
f 3803 3819 3686
f 135 109 145
f 2143 1998 1993
f 3916 3819 3803
f 461 455 396
f 455 461 502
f 461 506 502
f 1624 1885 1874
f 1885 1998 1874
f 1885 1993 1998
f 4016 3819 3916
f 3914 3819 4016
f 109 137 145
f 1429 1555 1624
f 1885 1624 1636
f 4016 3956 3914
f 398 461 396
f 4122 3956 4016
f 109 138 137
f 344 398 396
f 398 450 461
f 1429 1363 1425
f 1425 1555 1429
f 1636 1555 1425
f 1624 1555 1636
f 4016 4148 4122
f 330 398 344
f 109 106 138
f 334 398 330
f 334 366 398
f 398 366 450
f 1306 1425 1363
f 4148 4159 4122
f 138 106 154
f 242 246 208
f 242 266 246
f 266 334 330
f 334 371 366
f 1196 1139 1136
f 1306 1139 1196
f 1306 1499 1425
f 4205 4122 4159
f 117 154 106
f 117 136 154
f 206 242 209
f 242 334 266
f 242 290 334
f 290 371 334
f 136 209 154
f 136 206 209
f 206 225 242
f 284 290 242
f 1267 1306 1196
f 1499 1306 1267
f 4205 4235 4239
f 121 136 117
f 225 284 242
f 1099 1196 1136
f 1099 1267 1196
f 290 284 372
f 1099 1199 1267
f 4266 4239 4235
f 1199 1099 984
f 1199 1283 1267
f 4274 4266 4272
f 4271 4274 4272
f 1054 1169 1199
f 1054 997 1169
f 1169 1283 1199
f 1194 1283 1169
f 1169 1143 1194
f 1194 1265 1283
f 1283 1265 1308
f 4271 4275 4274
f 1265 1313 1308
f 4270 4275 4271
f 1380 1308 1313
f 4270 4264 4275
f 1397 1380 1421
f 1421 1681 1525
f 4232 4240 4264
f 4232 4231 4240
f 4231 4232 4216
f 4232 4202 4216
f 1525 1627 1574
f 1600 1574 1627
f 4128 4156 4179
f 1627 2103 1600
f 4059 4156 4128
f 4115 4068 4059
f 4128 4115 4059
f 2317 1600 2103
f 2103 2205 2317
f 2205 2364 2317
f 3965 3933 4068
f 2364 2459 2317
f 3820 3933 3965
f 3795 3933 3820
f 3718 3771 3768
f 3820 3768 3795
f 3768 3771 3795
f 2992 2762 2790
f 2992 2928 3089
f 3623 3673 3706
f 3706 3673 3718
f 3768 3706 3718
f 2928 2992 2790
f 3009 2992 3089
f 3265 3009 3089
f 3265 3089 3180
f 3265 3180 3296
f 3296 3344 3265
f 3407 3344 3430
f 3469 3562 3560
f 3469 3407 3562
f 3623 3560 3562
f 777 762 830
f 567 635 608
f 635 762 608
f 850 830 762
f 850 930 830
f 969 957 930
f 969 1077 957
f 567 608 557
f 918 930 850
f 557 491 567
f 635 850 762
f 491 499 567
f 970 1077 969
f 406 491 463
f 406 499 491
f 970 1076 1077
f 340 307 346
f 340 311 307
f 346 404 340
f 346 463 404
f 346 406 463
f 307 311 291
f 970 1072 1076
f 927 994 970
f 970 994 1072
f 291 228 273
f 273 307 291
f 859 927 970
f 190 210 228
f 273 228 210
f 856 859 711
f 927 859 994
f 859 856 994
f 240 273 210
f 856 711 740
f 210 190 185
f 190 176 185
f 638 676 711
f 676 740 711
f 185 240 210
f 548 565 638
f 565 630 638
f 638 630 676
f 240 185 195
f 490 565 548
f 185 155 195
f 490 526 565
f 3099 3143 3184
f 3143 3203 3184
f 3203 3256 3260
f 3358 3474 3416
f 331 455 454
f 455 458 454
f 458 490 454
f 490 458 526
f 2742 2858 2867
f 2951 2867 2858
f 3099 2867 2951
f 3260 3184 3203
f 3256 3314 3260
f 3314 3358 3260
f 155 170 195
f 170 193 195
f 2550 2778 2617
f 2742 2617 2778
f 2550 2362 2292
f 2550 2540 2362
f 2540 2550 2617
f 155 145 170
f 159 170 145
f 193 170 159
f 396 455 331
f 1993 2204 2143
f 2204 2272 2143
f 2272 2292 2143
f 3858 3916 3803
f 331 285 312
f 312 396 331
f 137 159 145
f 1636 1948 1885
f 1948 1993 1885
f 2049 1993 1948
f 137 173 159
f 205 265 285
f 265 312 285
f 265 344 312
f 344 396 312
f 137 138 173
f 138 154 173
f 154 181 173
f 194 205 181
f 208 265 205
f 208 246 265
f 344 265 266
f 265 246 266
f 344 266 330
f 154 194 181
f 194 208 205
f 1425 1499 1636
f 1499 1560 1636
f 1560 1770 1636
f 209 194 154
f 208 194 209
f 208 209 242
f 1560 1499 1430
f 1430 1530 1560
f 1499 1267 1430
f 1530 1430 1387
f 1430 1267 1387
f 4235 4272 4266
f 1283 1387 1267
f 1283 1392 1387
f 1283 1378 1392
f 4224 4207 4271
f 4250 4271 4207
f 1283 1308 1378
f 4250 4270 4271
f 1380 1378 1308
f 4152 4184 4270
f 1380 1397 1378
f 4214 4270 4184
f 4214 4264 4270
f 1421 1482 1397
f 1421 1525 1482
f 4214 4232 4264
f 4214 4202 4232
f 1525 1574 1526
f 4199 4216 4202
f 1576 1526 1574
f 4216 4199 4179
f 4199 4162 4179
f 4161 4179 4162
f 4161 4128 4179
f 1600 2317 2222
f 4068 3899 3965
f 4115 3899 4068
f 3820 3965 3899
f 2762 2582 2639
f 3768 3820 3815
f 2790 2762 2639
f 3265 3344 3304
f 3304 3407 3469
f 3304 3344 3407
f 3623 3565 3560
f 3515 3435 3469
f 3515 3469 3560
f 3565 3515 3560
f 918 969 930
f 918 850 635
f 499 635 567
f 918 859 969
f 859 970 969
f 537 635 499
f 537 918 635
f 406 537 499
f 711 918 537
f 711 859 918
f 273 346 307
f 537 406 346
f 638 711 537
f 548 638 537
f 273 537 346
f 240 199 273
f 199 537 273
f 454 548 537
f 199 331 537
f 331 454 537
f 454 490 548
f 195 199 240
f 3099 3140 3143
f 3140 3203 3143
f 3521 3514 3474
f 2951 3086 3099
f 3099 3086 3140
f 3203 3140 3217
f 3256 3203 3217
f 3217 3314 3256
f 3217 3354 3314
f 3354 3358 3314
f 3436 3358 3354
f 3474 3358 3436
f 3521 3474 3436
f 3521 3642 3514
f 3514 3642 3610
f 2550 2666 2778
f 2742 2778 2858
f 2951 2858 2778
f 3732 3622 3610
f 3622 3732 3751
f 193 199 195
f 2292 2575 2550
f 2575 2292 2272
f 3912 3916 3858
f 199 285 331
f 3916 3912 4016
f 159 173 193
f 173 199 193
f 2204 1993 2049
f 199 205 285
f 2049 1948 1964
f 3912 4114 4016
f 181 199 173
f 199 181 205
f 1636 1964 1948
f 4016 4114 4148
f 1636 1770 1964
f 1770 1959 1964
f 1959 1770 1856
f 1856 1770 1560
f 4159 4203 4205
f 1530 1856 1560
f 4205 4203 4235
f 4203 4233 4235
f 1530 1387 1497
f 4241 4235 4233
f 4241 4272 4235
f 1500 1497 1387
f 4252 4272 4241
f 1387 1392 1500
f 1392 1441 1500
f 4272 4252 4273
f 4273 4271 4272
f 4273 4252 4271
f 4252 4248 4271
f 4248 4224 4271
f 1392 1378 1441
f 1378 1412 1441
f 1412 1447 1441
f 4133 4250 4207
f 4133 4270 4250
f 4133 4152 4270
f 1397 1412 1378
f 1397 1482 1412
f 4184 4202 4214
f 1525 1526 1482
f 4202 4162 4199
f 1600 1576 1574
f 4161 4113 4128
f 4162 4113 4161
f 4113 4115 4128
f 2222 1576 1600
f 4113 3899 4115
f 2459 2499 2317
f 2499 2222 2317
f 2639 2582 2459
f 2582 2499 2459
f 3815 3733 3768
f 3820 3899 3815
f 3043 2762 2992
f 3556 3565 3623
f 3556 3706 3733
f 3556 3623 3706
f 3768 3733 3706
f 3009 3043 2992
f 3103 3043 3009
f 3103 3009 3265
f 3103 3304 3309
f 3103 3265 3304
f 3309 3469 3435
f 3309 3304 3469
f 3515 3490 3435
f 3515 3565 3490
f 3140 3135 3217
f 3354 3443 3436
f 3521 3436 3443
f 3484 3642 3521
f 2778 2666 2864
f 2864 2951 2778
f 3000 2951 2864
f 2951 3000 3086
f 3382 3217 3135
f 3354 3217 3382
f 3642 3732 3610
f 3642 3643 3732
f 3786 3751 3732
f 2575 2666 2550
f 3643 3786 3732
f 3786 3803 3751
f 3858 3786 3837
f 3803 3786 3858
f 3837 3912 3858
f 2204 2480 2272
f 2272 2480 2575
f 2049 2480 2204
f 2032 2049 1964
f 2032 2480 2049
f 4114 3912 4134
f 1959 2032 1964
f 4114 4134 4148
f 1856 1920 1959
f 4148 4134 4159
f 4134 4178 4159
f 1832 1920 1856
f 4178 4203 4159
f 1832 1856 1628
f 1530 1628 1856
f 1497 1550 1530
f 1628 1530 1550
f 1497 1500 1550
f 1500 1533 1550
f 4236 4252 4241
f 1441 1533 1500
f 1441 1503 1533
f 4248 4252 4230
f 4248 4217 4224
f 1441 1447 1503
f 1447 1487 1503
f 4217 4207 4224
f 4217 4133 4207
f 4133 4217 4112
f 4112 4111 4133
f 4111 4152 4133
f 4152 4111 4149
f 1455 1447 1412
f 4149 4184 4152
f 1482 1455 1412
f 1482 1486 1455
f 4149 4202 4184
f 1526 1486 1482
f 1526 1589 1486
f 4149 4123 4202
f 1576 1589 1526
f 4123 4162 4202
f 1589 1576 1824
f 4040 4113 4162
f 1824 1576 2359
f 2222 2359 1576
f 4113 4040 3827
f 3827 3899 4113
f 2359 2222 2499
f 2359 2499 2455
f 2654 2499 2582
f 2455 2499 2654
f 3730 3815 3827
f 2841 2654 2762
f 3815 3730 3733
f 3827 3815 3899
f 2762 2654 2582
f 2917 2841 2762
f 2917 2762 3043
f 3043 3309 3327
f 3733 3685 3556
f 3309 3043 3103
f 3369 3309 3435
f 3369 3327 3309
f 3490 3369 3435
f 3565 3556 3490
f 3000 2969 3086
f 2969 3135 3086
f 3135 3140 3086
f 3484 3521 3443
f 2666 2857 2864
f 2857 2969 2864
f 2969 3000 2864
f 3245 3382 3135
f 3354 3382 3443
f 3484 3643 3642
f 2857 2666 2748
f 3683 3786 3643
f 3683 3774 3786
f 3786 3774 3837
f 3907 3912 3837
f 2032 2252 2480
f 2252 2032 2145
f 3912 3907 3982
f 3982 4134 3912
f 1920 2032 1959
f 1920 2145 2032
f 4134 3982 4056
f 4143 4134 4056
f 4143 4178 4134
f 1890 1920 1832
f 1628 1702 1832
f 1702 1890 1832
f 4178 4143 4186
f 4186 4203 4178
f 4186 4233 4203
f 1645 1628 1550
f 1645 1702 1628
f 4233 4194 4241
f 4233 4186 4194
f 1593 1645 1550
f 4194 4236 4241
f 1593 1550 1533
f 1546 1593 1533
f 4194 4252 4236
f 1503 1546 1533
f 4248 4230 4217
f 4230 4197 4217
f 4112 4217 4165
f 4197 4165 4217
f 4165 4155 4112
f 1447 1505 1487
f 4155 4147 4112
f 4147 4111 4112
f 4149 4111 4147
f 1447 1455 1505
f 1455 1564 1505
f 1486 1564 1455
f 1486 1642 1564
f 4127 4149 4147
f 4127 4123 4149
f 1589 1642 1486
f 4119 4123 4127
f 1589 1824 1642
f 1642 1824 1747
f 4123 4040 4162
f 2359 2280 1824
f 4040 3941 3871
f 3871 3827 4040
f 3730 3871 3800
f 3730 3827 3871
f 2654 2466 2455
f 2888 2841 2917
f 2888 2917 3043
f 2888 3043 3327
f 3730 3685 3733
f 3591 3556 3685
f 3551 3369 3490
f 3551 3490 3556
f 3591 3551 3556
f 3098 3245 3135
f 3245 3359 3382
f 3359 3427 3382
f 3427 3443 3382
f 3427 3484 3443
f 2748 3098 2857
f 3098 2969 2857
f 3098 3135 2969
f 3098 3333 3245
f 3359 3245 3333
f 3643 3484 3534
f 3684 3683 3643
f 2575 2567 2666
f 2567 2748 2666
f 3098 2748 2929
f 3649 3643 3534
f 3774 3683 3684
f 2567 2575 2480
f 3649 3684 3643
f 3699 3774 3684
f 3699 3769 3774
f 3847 3774 3769
f 2567 2480 2471
f 3837 3774 3847
f 3847 3907 3837
f 2471 2480 2252
f 3847 3885 3907
f 3982 3907 3885
f 2145 1920 1987
f 4056 3982 4035
f 1920 1890 1987
f 4143 4035 4004
f 4143 4056 4035
f 1702 1795 1890
f 1987 1890 1795
f 4186 4143 4004
f 4052 4186 4004
f 1645 1795 1702
f 4194 4186 4052
f 4025 4194 4052
f 1650 1645 1593
f 4188 4194 4025
f 1546 1650 1593
f 4188 4252 4194
f 1546 1631 1650
f 4188 4208 4252
f 1503 1569 1546
f 1631 1546 1569
f 4208 4230 4252
f 4208 4197 4230
f 1503 1487 1569
f 4208 4177 4197
f 4177 4165 4197
f 1487 1588 1569
f 4158 4165 4177
f 4158 4155 4165
f 1487 1505 1588
f 1588 1505 1750
f 1505 1646 1750
f 4158 4157 4155
f 4157 4147 4155
f 1564 1646 1505
f 4157 4130 4147
f 1564 1768 1646
f 1646 1768 1992
f 1642 1768 1564
f 4130 4127 4147
f 4130 4099 4127
f 1642 1747 1768
f 1768 1747 1991
f 4099 4119 4127
f 4085 4119 4099
f 1991 1747 2127
f 1824 2127 1747
f 3992 4123 4085
f 4085 4123 4119
f 3992 4040 4123
f 3946 4040 3992
f 2280 2074 1824
f 2074 2280 2209
f 3941 4040 3946
f 2280 2359 2466
f 2466 2359 2455
f 2605 2466 2676
f 3941 3800 3871
f 2676 2466 2654
f 3685 3730 3731
f 3730 3800 3731
f 2856 2676 2841
f 2676 2654 2841
f 2856 2841 2888
f 2888 3003 2856
f 3003 2888 3044
f 3591 3685 3648
f 3044 2888 3327
f 3270 3044 3327
f 3318 3270 3327
f 3318 3327 3396
f 3396 3551 3397
f 3551 3591 3545
f 3369 3396 3327
f 3396 3369 3551
f 3175 3333 3098
f 3175 3341 3333
f 3359 3333 3341
f 3341 3427 3359
f 3341 3408 3427
f 3534 3427 3408
f 3534 3484 3427
f 2942 2929 2748
f 3098 2929 2942
f 2942 3175 3098
f 3341 3175 3216
f 2471 2770 2567
f 2770 2748 2567
f 2770 2942 2748
f 3539 3649 3534
f 3699 3684 3649
f 2490 2471 2252
f 2490 2560 2471
f 2770 2471 2560
f 3776 3821 3769
f 3885 3847 3821
f 3847 3769 3821
f 2490 2252 2145
f 3942 3982 3885
f 2145 2379 2490
f 3942 3885 3821
f 4035 3982 3942
f 1987 2201 2145
f 2379 2145 2201
f 3942 4004 4035
f 1795 2201 1987
f 2201 1795 1880
f 2001 2201 1880
f 3952 4052 4004
f 1795 1645 1880
f 1645 2001 1880
f 4025 4052 3952
f 2001 1650 1896
f 2001 1645 1650
f 4073 4188 4025
f 1631 1767 1650
f 1767 1896 1650
f 4073 4208 4188
f 1631 1569 1767
f 4109 4208 4073
f 1569 1818 1767
f 1588 1818 1569
f 1588 1782 1818
f 4080 4177 4208
f 1588 1750 1782
f 1782 1750 1963
f 4080 4158 4177
f 1646 1888 1750
f 1750 1888 1963
f 4080 4157 4158
f 4044 4094 4080
f 4094 4157 4080
f 3994 4094 4044
f 4094 4130 4157
f 1646 1992 1888
f 1768 1991 1992
f 1992 1991 2290
f 4094 4099 4130
f 1991 2127 2290
f 3855 4045 3945
f 4045 4094 3945
f 4094 4045 4099
f 4045 4085 4099
f 3855 3895 4045
f 2127 2209 2304
f 3946 4045 3895
f 3946 3992 4045
f 4045 3992 4085
f 2074 2127 1824
f 2127 2074 2209
f 2209 2280 2469
f 2469 2492 2209
f 3812 3946 3895
f 2469 2280 2466
f 2466 2605 2469
f 3800 3946 3812
f 3800 3941 3946
f 2605 2676 2729
f 2883 2729 2916
f 3648 3685 3731
f 3731 3800 3812
f 2729 2676 2856
f 2856 2916 2729
f 2856 3003 2916
f 3591 3648 3545
f 3270 3397 3150
f 3270 3318 3397
f 3397 3551 3545
f 3044 3150 3003
f 3150 3044 3270
f 3318 3396 3397
f 3341 3216 3326
f 3341 3444 3408
f 3444 3534 3408
f 2847 2942 2770
f 2942 2995 3175
f 2995 3216 3175
f 3326 3444 3341
f 3444 3539 3534
f 2847 2995 2942
f 3539 3641 3649
f 3641 3699 3649
f 3641 3681 3699
f 3681 3769 3699
f 3681 3776 3769
f 2560 2847 2770
f 2379 2560 2490
f 2379 2478 2560
f 2560 2660 2847
f 3725 3776 3681
f 3725 3821 3776
f 3878 3942 3821
f 2478 2660 2560
f 3725 3878 3821
f 3878 3725 3743
f 3878 3952 3942
f 3952 4004 3942
f 2379 2001 2295
f 2379 2201 2001
f 2295 2478 2379
f 3743 3835 3878
f 3835 3952 3878
f 3835 3939 3952
f 4025 3952 3939
f 2295 2001 1896
f 1896 2220 2295
f 4025 3939 4073
f 1896 1767 2220
f 1767 2010 2220
f 4007 4073 3939
f 4007 4109 4073
f 2010 1767 1818
f 2010 2147 2220
f 1818 2147 2010
f 3971 4109 4007
f 3971 4208 4109
f 1782 2147 1818
f 3971 4080 4208
f 1963 2147 1782
f 3995 4080 3971
f 1888 2206 1963
f 1963 2206 2147
f 3929 4044 3995
f 4044 4080 3995
f 2305 2206 1888
f 3994 4044 3929
f 1888 1992 2305
f 3929 3887 3994
f 1992 2290 2305
f 3945 3994 3887
f 3945 4094 3994
f 3855 3945 3887
f 2290 2304 2399
f 2399 2304 2584
f 2127 2304 2290
f 3766 3895 3855
f 2304 2492 2584
f 2304 2209 2492
f 2492 2645 2584
f 3767 3895 3766
f 2739 2645 2883
f 3648 3767 3646
f 2492 2469 2645
f 3731 3895 3767
f 2645 2469 2605
f 2645 2605 2729
f 2729 2883 2645
f 2916 2981 2883
f 2981 3132 2883
f 3132 2981 3139
f 3509 3648 3646
f 3731 3767 3648
f 3731 3812 3895
f 3139 3545 3509
f 3545 3648 3509
f 2981 2916 3003
f 2981 3150 3139
f 2981 3003 3150
f 3397 3545 3139
f 3139 3150 3397
f 3367 3444 3326
f 3259 3216 2995
f 3326 3216 3367
f 3539 3444 3367
f 3187 3259 2995
f 3259 3367 3216
f 3539 3494 3641
f 3725 3681 3641
f 2565 2660 2478
f 2660 2957 2847
f 2957 2995 2847
f 2957 3187 2995
f 3259 3494 3367
f 3494 3539 3367
f 3641 3494 3725
f 2295 2565 2478
f 2565 2689 2660
f 3636 3725 3494
f 3636 3743 3725
f 2565 2295 2474
f 2220 2474 2295
f 2474 2689 2565
f 2660 2689 2957
f 3711 3743 3636
f 3743 3711 3835
f 3711 3775 3835
f 3775 3939 3835
f 2220 2539 2474
f 2539 2689 2474
f 3971 3939 3775
f 3939 3971 4007
f 2147 2623 2220
f 2623 2539 2220
f 3784 3971 3775
f 3784 3995 3971
f 2206 2623 2147
f 2206 2634 2623
f 2623 2634 2733
f 3784 3710 3995
f 3710 3929 3995
f 2305 2634 2206
f 2305 2399 2634
f 3849 3929 3710
f 2399 2733 2634
f 3849 3887 3929
f 2305 2290 2399
f 2399 2584 2733
f 2733 2584 3050
f 3574 3766 3710
f 3766 3849 3710
f 2739 3050 2584
f 3849 3855 3887
f 3050 3132 3305
f 3574 3646 3766
f 3849 3766 3855
f 2645 2739 2584
f 2739 2883 3050
f 2883 3132 3050
f 3423 3646 3574
f 3646 3767 3766
f 3509 3646 3423
f 3139 3305 3132
f 3139 3423 3305
f 3509 3423 3139
f 2957 2689 3187
f 3708 3636 3494
f 3708 3711 3636
f 3708 3259 3187
f 3259 3708 3494
f 2539 3187 2689
f 3708 3775 3711
f 2623 3187 2539
f 2623 3708 3187
f 3708 3784 3775
f 2623 2733 3708
f 3050 3708 2733
f 3050 3305 3708
f 3708 3305 3784
f 3305 3574 3784
f 3574 3710 3784
f 3305 3423 3574
