v -128.57220 12.91100 988.20898438
v -128.54660 14.87570 985.79089355
v -128.54581 15.84680 988.50152588
v -128.49530 20.10230 988.74768066
v -128.49330 11.62570 985.72741699
v -128.43161 22.14800 991.27111816
v -128.42279 9.89240 985.73010254
v -128.38730 18.19710 988.19622803
v -128.29810 18.11290 991.70318604
v -127.83410 15.97920 985.79199219
v -127.76570 16.82060 991.30462646
v -127.71980 21.06030 994.13012695
v -127.70300 23.25820 991.49487305
v -127.70270 19.26450 987.12707520
v -127.65570 14.99400 991.26037598
v -127.64510 8.75400 985.34259033
v -127.64150 15.02260 984.80139160
v -127.58190 22.22920 988.75079346
v -127.53740 24.18650 994.47918701
v -127.50530 7.65570 982.78747559
v -127.47690 25.11870 991.39831543
v -127.44100 26.17930 994.48852539
v -127.37170 4.73330 982.68707275
v -126.85570 20.22610 994.50439453
v -126.82430 21.18710 987.37139893
v -126.79900 8.69990 982.68103027
v -126.67180 8.69190 988.21636963
v -126.67100 6.74580 981.67462158
v -126.61430 10.72490 982.60467529
v -126.60870 25.34160 997.23278809
v -126.59210 4.45890 984.37097168
v -126.55330 10.77710 990.05627441
v -126.54290 3.55300 982.37011719
v -126.53670 24.37470 988.63989258
v -126.46070 29.44790 997.01477051
v -126.42570 29.43330 994.38427734
v -126.42290 27.48200 991.89550781
v -126.40200 27.60950 997.35906982
v -126.16060 2.50730 982.82171631
v -125.77190 6.61170 987.37152100
v -125.74220 18.11270 984.68988037
v -125.69710 8.75400 981.53100586
v -125.64270 14.94110 993.40429688
v -125.58130 12.79960 982.50579834
v -125.57800 3.60170 980.38989258
v -125.57190 2.45080 979.86682129
v -125.56690 30.71500 997.55242920
v -125.56630 19.17880 984.79541016
v -125.55870 24.39080 987.71191406
v -125.53790 27.43290 990.27587891
v -125.51210 21.19350 997.43469238
v -125.50820 12.85860 992.75280762
v -125.50390 18.06540 995.75598145
v -125.46140 0.44300 979.83630371
v -125.31050 32.54640 997.26232910
v -125.30380 -1.63220 979.63488770
v -125.28930 31.64660 994.58721924
v -124.71910 32.37220 999.89440918
v -124.71040 28.41410 990.39581299
v -124.64620 30.61130 992.62731934
v -124.64480 0.30870 982.30767822
v -124.59750 24.26220 999.06439209
v -124.58490 -1.60150 978.00958252
v -124.54450 7.70980 989.99047852
v -124.53930 14.88330 982.48559570
v -124.53560 5.51290 979.56011963
v -124.52240 33.59470 997.49420166
v -124.46350 10.77580 992.73522949
v -124.46030 5.57090 988.51629639
v -124.26280 -4.75910 976.65972900
v -124.18190 -7.96500 973.49572754
v -123.68820 20.14340 998.66040039
v -123.60300 35.62810 997.65881348
v -123.56180 0.36420 984.36712646
v -123.55900 15.98050 996.40490723
v -123.55710 -1.71590 981.41558838
v -123.55020 33.86960 994.88146973
v -123.54860 6.65720 979.45550537
v -123.54100 -5.74590 976.34790039
v -123.53530 -7.05780 973.55798340
v -123.50360 16.96580 997.37030029
v -123.49870 16.95770 982.47259521
v -123.49670 23.21110 985.52600098
v -123.49450 8.63460 979.52319336
v -123.49410 -4.83330 973.85601807
v -123.48490 35.86240 1000.48870850
v -123.47870 -7.96300 974.92010498
v -123.47110 -4.91490 978.37219238
v -123.44450 -2.69720 981.06439209
v -123.42800 26.39050 1001.58929443
v -123.41760 0.36370 976.45648193
v -123.27720 37.64190 1000.31372070
v -123.22660 -9.96060 973.52581787
v -122.63620 -9.91160 971.09912109
v -122.61620 22.27550 984.35278320
v -122.57440 27.48930 987.46112061
v -122.56870 3.43290 988.41497803
v -122.56870 35.81580 996.04522705
v -122.56850 8.74730 992.77362061
v -122.52400 9.96380 979.46166992
v -122.51770 -1.66830 974.48352051
v -122.51430 24.30850 1001.73278809
v -122.51290 28.47920 1003.33892822
v -122.48780 1.43740 976.38928223
v -122.46400 34.72190 994.61297607
v -122.45790 2.39280 976.50842285
v -122.45780 19.04800 982.47320557
v -122.43990 -4.75650 972.34411621
v -122.43820 13.81690 996.40472412
v -122.43660 33.91070 1003.54852295
v -122.43360 38.74210 1000.40222168
v -122.42370 11.59540 979.49572754
v -122.38680 11.81700 995.53088379
v -122.38230 -6.92030 977.76593018
v -122.37820 -8.35200 970.44311523
v -122.37590 -10.04180 974.77032471
v -122.30740 35.70290 1003.52862549
v -122.30510 -11.12040 973.25622559
v -122.18180 -12.10560 970.82879639
v -121.60750 27.43360 1003.51928711
v -121.52810 22.28280 1001.73809814
v -121.52670 -5.93580 979.43212891
v -121.51860 38.93570 997.80438232
v -121.47470 31.59660 990.41369629
v -121.47000 -0.67050 985.50469971
v -121.46310 25.36020 985.38842773
v -121.45610 12.91030 979.45672607
v -121.43110 6.70710 992.56628418
v -121.42070 3.54790 989.73547363
v -121.41940 26.33670 985.51788330
v -121.41820 0.42430 986.78222656
v -121.41800 25.29270 1003.36877441
v -121.41750 -5.93020 970.55517578
v -121.41740 21.13050 982.50048828
v -121.41620 4.47440 976.49017334
v -121.41380 14.88280 979.55279541
v -121.38840 40.83340 1000.65759277
v -121.38180 39.99540 1003.11077881
v -121.36730 14.96560 998.52069092
v -121.33670 -4.78460 981.10180664
v -121.13870 42.96740 1000.49810791
v -120.59800 -13.03840 972.98669434
v -120.56810 4.53450 991.27947998
v -120.53340 -6.87120 969.34497070
v -120.53340 -1.66620 972.34527588
v -120.51280 36.72380 1004.97100830
v -120.49000 41.07540 999.10449219
v -120.48130 20.19840 1001.73370361
v -120.47610 41.02110 1003.36871338
v -120.43900 39.92290 997.68908691
v -120.43790 0.36810 987.72790527
v -120.43730 5.61020 976.39050293
v -120.43710 35.75690 994.56658936
v -120.41950 -13.07190 967.75781250
v -120.38030 16.96360 979.52239990
v -120.37610 23.21490 982.49578857
v -120.37480 9.79600 995.39398193
v -120.36760 -9.16850 967.58422852
v -120.35690 -0.59610 972.57250977
v -120.35060 43.11820 999.85540771
v -120.17540 -14.26670 967.83782959
v -119.53060 7.66240 994.35687256
v -119.49250 5.61700 975.12799072
v -119.49110 22.27590 981.16058350
v -119.47500 -2.59570 985.45269775
v -119.45070 30.55170 987.46087646
v -119.44260 -11.23390 966.15930176
v -119.41600 1.42100 973.44989014
v -119.40040 41.02800 998.48437500
v -119.39640 -5.87960 981.38348389
v -119.39520 26.39340 983.77728271
v -119.39520 40.96560 1004.96960449
v -119.39510 -9.00650 978.72583008
v -119.39510 33.66740 991.62927246
v -119.39480 13.90100 977.59210205
v -119.38710 -15.04060 970.21392822
v -119.38380 44.07900 1003.11291504
v -119.38350 10.71680 976.57409668
v -119.38270 8.73700 976.44232178
v -119.33500 19.04850 979.50488281
v -119.31770 7.73110 975.52777100
v -119.31530 -3.71880 969.57238770
v -119.31110 44.87190 1000.90942383
v -119.30750 37.92040 1006.41748047
v -119.29000 23.30190 1004.52471924
v -118.48880 3.49430 991.32348633
v -118.48870 14.94650 1000.31787109
v -118.45010 1.45460 972.15081787
v -118.42660 25.26850 982.34552002
v -118.37710 -1.70000 970.45147705
v -118.37610 -6.90320 967.45141602
v -118.35880 -15.16450 970.86572266
v -118.35690 -13.95870 973.56359863
v -118.35670 -3.79430 984.40722656
v -118.35650 18.06580 1002.25061035
v -118.35510 3.71890 973.46582031
v -118.35480 28.47450 984.31152344
v -118.35410 -12.12280 976.26898193
v -118.35370 20.18550 979.39831543
v -118.35360 32.63730 989.43359375
v -118.35280 43.04670 1005.08007812
v -118.35230 35.75260 994.19842529
v -118.35120 24.30790 981.10168457
v -118.35030 -9.00040 965.77252197
v -118.33960 11.85970 976.40368652
v -118.29350 45.05150 1003.20812988
v -118.29200 -0.73190 970.52447510
v -118.29160 -5.93680 967.51129150
v -118.26980 5.65210 992.76312256
v -118.21680 21.18820 1004.25872803
v -118.21640 28.47660 1007.39410400
v -118.21620 -15.38510 964.91461182
v -118.21320 25.35000 1006.47039795
v -117.44730 -6.91370 982.30041504
v -117.41090 20.19100 978.14709473
v -117.39060 45.03880 1005.35382080
v -117.37170 3.55500 991.37927246
v -117.36890 7.71730 994.44989014
v -117.34320 22.20480 978.60772705
v -117.32450 14.98480 976.44360352
v -117.31840 0.39700 970.40161133
v -117.31480 -0.53360 988.39477539
v -117.31420 43.95230 999.92260742
v -117.31350 37.84090 995.50079346
v -117.31320 11.95090 998.08068848
v -117.31230 40.96450 1007.39477539
v -117.31130 45.06070 1000.92840576
v -117.31090 0.50300 989.08361816
v -117.30960 5.57210 992.47381592
v -117.30920 17.02590 1001.72668457
v -117.30910 44.08800 1006.29931641
v -117.30740 -4.80650 967.36517334
v -117.29350 41.07210 998.37402344
v -117.25780 -2.69680 986.39801025
v -117.25580 -2.76130 968.51898193
v -117.25390 20.20650 1004.12231445
v -117.25260 7.59750 973.48022461
v -117.24900 -3.85490 967.48980713
v -117.24900 16.96300 976.53051758
v -117.23500 45.83170 1003.65478516
v -117.23070 12.93760 998.46997070
v -117.22790 30.70950 985.52557373
v -117.22570 1.49480 989.46807861
v -117.18450 -7.95860 981.04852295
v -117.04160 -16.40800 969.92248535
v -116.98760 -17.15380 967.27392578
v -116.49280 -16.91940 964.56701660
v -116.40810 23.27140 1006.33288574
v -116.40480 -10.03860 979.34008789
v -116.36390 0.41380 968.62072754
v -116.32700 34.71860 989.78997803
v -116.27730 28.48100 982.34100342
v -116.27590 18.29290 976.43530273
v -116.27550 13.88930 974.70190430
v -116.27520 8.92380 973.43151855
v -116.27320 -13.24300 976.14947510
v -116.27290 7.65300 993.79302979
v -116.27270 -0.66960 987.88397217
v -116.27180 17.02340 1001.42352295
v -116.27170 36.79370 994.09057617
v -116.27130 39.92240 1008.58728027
v -116.27090 2.48400 970.39788818
v -116.21850 35.75790 991.66052246
v -116.21510 -10.05520 962.76647949
v -116.21400 29.46340 982.50909424
v -116.20920 29.45440 1009.40051270
v -116.19480 24.38390 978.34130859
v -116.18970 25.50190 979.54772949
v -116.18070 10.55770 973.46228027
v -116.11570 -15.22610 961.44689941
v -116.09980 -11.43040 961.43078613
v -115.97450 4.52780 970.25842285
v -115.34990 2.44800 968.63189697
v -115.32620 18.15840 975.09210205
v -115.30970 11.65900 973.37030029
v -115.29020 5.62470 991.45629883
v -115.28980 23.33350 1006.40820312
v -115.28880 12.91320 997.42938232
v -115.28410 42.10530 999.50048828
v -115.23740 -2.75380 985.52899170
v -115.23690 27.42970 1008.73602295
v -115.23210 21.41590 976.46630859
v -115.23200 -15.37070 973.15728760
v -115.23200 10.77550 995.54370117
v -115.23070 -1.71450 986.44787598
v -115.23050 43.04660 1008.88598633
v -115.22940 14.93990 998.74230957
v -115.22660 38.87600 1010.38439941
v -115.22460 42.00650 1009.35577393
v -115.18720 35.79560 991.32159424
v -115.17550 -14.20570 975.01782227
v -115.17390 21.13180 1004.45172119
v -115.17300 27.38060 979.48876953
v -115.17250 -3.85070 964.49719238
v -115.17210 46.09400 1006.20562744
v -115.15290 6.69130 992.32958984
v -115.14560 19.26140 975.01409912
v -115.13970 23.04990 976.47229004
v -115.11780 6.55710 970.41790771
v -115.09480 -5.87680 983.37841797
v -115.07260 14.54430 973.37829590
v -114.39120 11.88680 972.20428467
v -114.32150 -11.07850 979.31512451
v -114.30400 -7.93020 961.50640869
v -114.30160 44.13990 1002.00500488
v -114.28940 26.43690 977.62597656
v -114.26450 -17.16190 970.43591309
v -114.24570 20.20940 1003.36517334
v -114.24530 32.63470 983.78918457
v -114.23270 -10.00750 959.55657959
v -114.19950 5.56320 989.98779297
v -114.19820 6.60930 991.17919922
v -114.19750 13.89730 997.16217041
v -114.19570 10.77150 994.25872803
v -114.19220 8.69350 992.57379150
v -114.19220 16.20900 973.46569824
v -114.19190 39.91680 997.21520996
v -114.19130 7.68890 970.26727295
v -114.19130 37.83560 994.15368652
v -114.19090 19.10830 1001.89379883
v -114.19040 -6.78790 982.97808838
v -114.19010 -2.72660 964.36761475
v -114.18990 -16.27960 959.63922119
v -114.18690 46.15960 1004.62811279
v -114.18630 -4.83790 983.73101807
v -114.13440 25.29730 976.53521729
v -114.13120 20.14550 974.53997803
v -114.12580 9.67990 970.52960205
v -114.10920 -8.91990 981.24487305
v -114.09850 -15.31590 958.62609863
v -113.98720 -5.87940 961.37091064
v -113.96250 -18.18200 966.67230225
v -113.28200 4.46180 988.47271729
v -113.24260 -6.99600 982.39581299
v -113.23160 40.87700 997.55017090
v -113.21360 -18.15000 961.78338623
v -113.20910 27.49550 1009.32727051
v -113.20630 24.36980 1006.39978027
v -113.20450 31.59310 981.22857666
v -113.20450 46.21640 1009.10028076
v -113.16590 -9.99370 958.31872559
v -113.15900 11.81950 993.37847900
v -113.15890 -7.96080 981.60906982
v -113.15800 8.69350 991.09088135
v -113.15670 -0.62230 985.37030029
v -113.15490 41.87130 998.96997070
v -113.15080 36.79350 991.13781738
v -113.15070 23.26900 1005.22991943
v -113.14840 -7.96240 958.79730225
v -113.14470 19.17060 1000.58160400
v -113.14330 -16.12650 973.52447510
v -113.14280 39.83870 1012.34619141
v -113.14140 10.93720 970.35900879
v -113.13480 18.12160 999.41571045
v -113.09580 40.96090 1011.92407227
v -113.09360 33.73380 985.34179688
v -113.09040 27.37940 976.54760742
v -113.08990 47.07970 1006.58032227
v -113.08900 -3.85300 961.41448975
v -113.08480 22.17190 973.55517578
v -113.07860 33.63600 1012.39227295
v -113.07370 -11.15580 957.00640869
v -113.06910 13.77010 970.56896973
v -113.06620 -12.04290 978.29290771
v -113.04470 7.69550 967.67797852
v -112.88130 -14.32840 976.23742676
v -112.34240 -6.72420 958.71636963
v -112.27620 14.86010 994.16961670
v -112.27350 16.94220 997.11999512
v -112.23780 8.85430 967.55078125
v -112.20900 20.19060 972.09448242
v -112.19630 2.48580 964.47491455
v -112.19520 -4.92050 982.36401367
v -112.18650 -4.87990 958.91479492
v -112.17470 10.59780 967.85449219
v -112.16520 -17.25720 958.82360840
v -112.16180 0.36550 984.52307129
v -112.15820 45.07470 1003.54632568
v -112.12270 30.53870 979.33361816
v -112.11960 15.98260 994.42358398
v -112.11760 10.77900 988.96911621
v -112.11440 23.26750 1004.52557373
v -112.11020 4.54050 985.83959961
v -112.10940 32.62940 982.13940430
v -112.10870 -11.08390 978.70178223
v -112.10860 46.17060 1010.55169678
v -112.10850 35.75680 987.07159424
v -112.10780 29.51820 1010.18750000
v -112.10670 -16.15160 957.62292480
v -112.10540 26.39500 1007.65112305
v -112.10470 -2.71410 961.27569580
v -112.10210 14.99770 970.40002441
v -112.10010 1.42510 985.08679199
v -112.04840 1.48030 963.04101562
v -112.02430 47.99350 1006.88360596
v -111.99720 24.25190 973.42547607
v -111.96700 33.69410 1012.79302979
v -111.91200 14.61880 991.10821533
v -111.80650 17.02500 970.24371338
v -111.46000 20.90690 1000.29901123
v -111.39830 -18.24860 966.99432373
v -111.17750 11.88080 967.52050781
v -111.15660 11.75150 988.38348389
v -111.14500 24.30580 1003.74340820
v -111.14200 5.70340 985.34149170
v -111.11830 0.39150 961.41961670
v -111.10890 -6.97130 955.82348633
v -111.10810 -2.75470 958.74951172
v -111.07960 5.59200 964.29852295
v -111.07770 2.44880 982.86981201
v -111.07720 -1.60620 982.18267822
v -111.07620 19.09950 994.48461914
v -111.07520 9.73140 985.87207031
v -111.07060 39.91600 994.65167236
v -111.06900 -13.03490 954.79821777
v -111.06820 32.75900 1012.35089111
v -111.06810 48.03640 1006.67419434
v -111.06770 38.87320 991.96319580
v -111.06660 42.00250 1000.02819824
v -111.06540 -13.06400 977.23638916
v -111.06540 -8.95060 955.29211426
v -111.06520 -10.95450 954.28277588
v -111.06480 47.20780 1010.88018799
v -111.05990 45.12910 1012.30187988
v -111.01290 25.40930 973.34912109
v -111.00370 48.17510 1009.26147461
v -110.98860 18.09910 970.27117920
v -110.98760 4.60220 962.96728516
v -110.98710 31.67270 978.20947266
v -110.98610 -0.60040 959.96728516
v -110.97840 35.77130 1013.25537109
v -110.95390 -18.41010 961.90948486
v -110.91170 44.16490 1003.51208496
v -110.16660 22.16230 997.12377930
v -110.16550 17.99540 989.06201172
v -110.13250 8.56930 964.37322998
v -110.13070 -5.84720 955.49932861
v -110.12580 -8.04500 979.27148438
v -110.11520 10.70380 985.27172852
v -110.07710 46.26820 1005.32879639
v -110.07240 16.17550 988.18029785
v -110.06980 11.72820 964.88800049
v -110.06170 -9.00600 952.94207764
v -110.04540 14.97500 967.31567383
v -110.04300 26.45210 1003.95031738
v -110.04060 3.55060 982.12860107
v -110.03550 20.15210 991.51617432
v -110.03540 28.54940 1007.64801025
v -110.03420 -10.04280 977.69250488
v -110.03310 3.72110 961.36547852
v -110.03300 23.27130 997.48559570
v -110.02930 42.00390 1013.77301025
v -110.02760 36.79330 985.88140869
v -110.02670 39.91660 994.04022217
v -110.02590 33.67560 980.87359619
v -110.02520 -0.60920 979.57342529
v -110.02340 22.46140 970.43920898
v -110.02300 44.08310 1003.08337402
v -110.02270 -10.18290 952.76251221
v -110.02270 -3.79680 955.79882812
v -110.01970 -19.19070 964.14160156
v -110.01900 47.20810 1012.28289795
v -110.00980 -1.66560 958.25640869
v -109.96760 -16.14320 973.37170410
v -109.95540 27.44050 973.28448486
v -109.94690 -19.15170 961.40539551
v -109.94660 48.96190 1009.71600342
v -109.93920 7.75130 963.03222656
v -109.89230 17.02680 967.47131348
v -109.88590 24.42580 997.79858398
v -109.85440 24.13890 970.42578125
v -109.82780 18.84200 988.09991455
v -109.77780 28.47660 973.31011963
v -109.28960 28.27730 1006.18298340
v -109.25670 12.96580 964.74450684
v -109.18760 21.43260 989.76708984
v -109.16070 -9.00090 976.75952148
v -109.10470 24.36490 994.82281494
v -109.07800 -12.20490 976.25012207
v -109.07130 -19.07800 964.92010498
v -109.07120 34.64300 1012.48028564
v -109.06210 29.51120 1006.78778076
v -109.05010 -18.29920 959.03210449
v -109.04120 -15.18840 955.62310791
v -109.03340 -5.92900 952.92132568
v -109.02830 -1.71650 955.75158691
v -109.02230 14.94100 964.82720947
v -109.00090 -17.71580 969.02447510
v -108.99590 -19.18250 961.88909912
v -108.99330 14.93600 982.97467041
v -108.99300 7.58670 979.91479492
v -108.99220 -14.20690 974.56896973
v -108.98900 1.20510 958.08697510
v -108.98780 6.41020 961.08190918
v -108.98760 -0.67450 976.89642334
v -108.98710 38.87350 988.97302246
v -108.98650 39.91990 1014.59472656
v -108.98620 43.04130 998.62628174
v -108.98610 48.18060 1012.50012207
v -108.98520 34.71660 980.62341309
v -108.94130 1.70420 979.05603027
v -108.91150 9.61430 961.61407471
v -108.90790 0.43670 956.97161865
v -108.90580 -13.08640 953.90350342
v -108.90550 18.10200 967.22552490
v -108.90230 31.67280 975.24768066
v -108.86550 24.30520 991.86578369
v -108.86090 4.52240 958.55059814
v -108.82000 -16.28980 957.19427490
v -108.16640 -18.12300 964.48059082
v -108.16230 -17.39450 958.95532227
v -108.11980 -14.16480 973.14288330
v -108.08020 24.30740 989.05328369
v -108.05720 -16.32900 968.73730469
v -108.04810 10.80200 961.49517822
v -108.04390 -7.91310 951.76562500
v -108.03670 8.61010 979.32751465
v -108.03640 25.39770 968.62359619
v -108.01960 44.06040 1015.28460693
v -108.00420 34.77970 1012.32928467
v -108.00010 -12.06110 952.64941406
v -107.98530 30.55070 973.45831299
v -107.96260 22.29120 967.38702393
v -107.96240 5.51920 976.88842773
v -107.95210 29.51650 1003.11999512
v -107.95190 0.36440 976.14849854
v -107.94940 -1.71530 973.90338135
v -107.94930 33.67540 1010.88500977
v -107.94790 41.99830 994.97351074
v -107.94630 -0.44230 955.35168457
v -107.94610 39.91820 991.04998779
v -107.94600 37.84000 1014.16827393
v -107.94460 19.10770 982.95251465
v -107.94450 36.79560 982.88470459
v -107.94450 49.20830 1009.37219238
v -107.94380 47.20500 1006.11389160
v -107.94370 33.67580 977.87158203
v -107.94350 49.22980 1012.16870117
v -107.94160 45.12690 1001.62640381
v -107.94130 12.85980 961.79272461
v -107.94060 16.01760 964.27880859
v -107.93960 21.02630 966.12481689
v -107.93440 18.01390 964.77722168
v -107.89420 -16.11130 959.57391357
v -107.89120 46.16490 1003.65081787
v -107.89060 -13.21990 954.09588623
v -107.88130 40.90680 1015.40057373
v -107.87190 -5.78920 951.59167480
v -107.86300 -9.95980 951.74212646
v -107.85020 -16.07870 964.75500488
v -107.84990 23.26590 985.77050781
v -107.84980 -8.89880 972.90057373
v -107.81840 25.34900 988.66918945
v -107.79360 -14.00370 969.80212402
v -107.74530 -2.88730 952.38372803
v -107.73530 2.51050 955.45397949
v -107.73470 7.72000 958.45391846
v -107.11240 -15.23210 963.95410156
v -107.10960 15.71520 979.86499023
v -107.08010 -15.16370 958.77777100
v -107.07620 28.51450 969.40002441
v -107.04730 31.59650 1006.25360107
v -107.03170 18.97710 964.40887451
v -106.99660 -0.75700 973.32690430
v -106.98870 43.03650 997.13140869
v -106.95620 -4.66950 951.03002930
v -106.94920 30.52120 1000.50970459
v -106.94400 22.13750 964.88348389
v -106.91150 14.06550 979.17181396
v -106.91110 6.71970 976.20190430
v -106.91100 8.92600 958.36779785
v -106.91100 14.13100 961.36779785
v -106.91010 3.72100 955.36541748
v -106.90970 4.52600 973.91217041
v -106.90810 11.81570 976.90820312
v -106.90800 18.06380 979.90759277
v -106.90500 49.28230 1008.12481689
v -106.90440 -11.07970 952.06829834
v -106.90420 5.57400 975.37188721
v -106.90390 36.80260 1013.33038330
v -106.90220 -12.11730 952.97058105
v -106.90200 -0.62860 952.65362549
v -106.89870 46.11500 1015.41302490
v -106.86870 10.63090 958.61718750
v -106.86720 15.83520 961.61389160
v -106.86680 5.42950 955.61859131
v -106.85690 26.33690 967.54119873
v -106.85230 45.12370 1000.65362549
v -106.85000 47.20730 1015.01440430
v -106.84960 25.40820 985.49768066
v -106.84700 -13.15620 955.64331055
v -106.83060 -13.88400 958.73962402
v -106.82340 38.87380 985.83807373
v -106.77990 50.32910 1012.38842773
v -106.77390 26.49180 985.83038330
v -106.75440 32.55940 1006.02270508
v -106.74790 -8.02710 967.69909668
v -106.74280 -12.40030 963.50189209
v -106.70330 -6.78610 969.69848633
v -106.57270 51.29350 1012.20959473
v -106.10440 1.65250 952.73181152
v -106.07060 31.65580 1000.68530273
v -106.04920 50.46060 1009.95422363
v -106.04030 31.42450 997.50939941
v -105.95070 -12.12300 960.79461670
v -105.94210 34.72130 1009.34167480
v -105.93040 36.80750 1012.58020020
v -105.92110 38.94830 1015.26348877
v -105.91230 43.81550 997.07019043
v -105.87440 23.26980 981.02349854
v -105.87200 16.82210 961.09747314
v -105.87010 2.44520 970.91387939
v -105.86870 6.40950 955.08947754
v -105.86870 11.61450 958.08947754
v -105.86750 13.90300 976.48522949
v -105.86750 20.14430 979.48577881
v -105.86670 -11.08740 961.47521973
v -105.86670 -3.80200 967.86688232
v -105.86650 0.36970 951.14447021
v -105.86650 30.57450 970.27227783
v -105.86530 47.20760 1003.72027588
v -105.86400 -7.96280 950.63409424
v -105.86230 39.91480 988.03698730
v -105.86210 26.39440 983.00207520
v -105.86190 34.71190 976.34197998
v -105.86180 17.02220 977.92852783
v -105.85950 32.63570 971.72650146
v -105.85800 50.33250 1014.04821777
v -105.80130 28.41900 967.41430664
v -105.80020 31.54490 970.42407227
v -105.79990 24.31010 964.48339844
v -105.78850 20.02430 961.61407471
v -105.78590 8.76750 973.71228027
v -105.78430 42.14980 992.28350830
v -105.76660 32.83910 1000.77722168
v -105.71960 -2.75710 949.53857422
v -105.71230 28.55310 985.72552490
v -105.68410 4.52500 952.50421143
v -105.64110 42.19130 1015.95538330
v -105.60370 -9.07320 963.34527588
v -105.59990 34.72330 1005.91888428
v -104.94240 -11.01530 955.68322754
v -104.92520 21.21200 961.49517822
v -104.91140 3.40270 970.32067871
v -104.89460 10.61160 955.26898193
v -104.88770 -10.09910 958.79937744
v -104.87730 50.32950 1008.21630859
v -104.86100 30.55840 967.75762939
v -104.85750 27.43340 964.83197021
v -104.84190 25.38970 964.36700439
v -104.83340 6.61170 970.91461182
v -104.82990 -2.69340 967.18017578
v -104.82920 34.72240 1003.11999512
v -104.82870 9.84710 973.17852783
v -104.82750 13.89940 973.90460205
v -104.82750 20.14540 976.90460205
v -104.82660 14.94240 974.94262695
v -104.82620 28.47580 983.00537109
v -104.82380 1.40050 968.93267822
v -104.82210 -5.88050 964.60418701
v -104.82170 -9.00320 951.38647461
v -104.82170 48.24980 1005.06732178
v -104.82150 38.87350 982.96942139
v -104.82110 33.67300 973.06158447
v -104.81950 -5.75020 948.87622070
v -104.81950 26.38870 981.37750244
v -104.81840 23.26870 961.79718018
v -104.81460 50.28090 1015.37487793
v -104.77290 33.73850 997.34613037
v -104.77120 -10.03240 952.68432617
v -104.76390 25.28490 979.72058105
v -104.76020 0.23730 967.67950439
v -104.74780 44.22470 997.32177734
v -104.73990 53.12120 1012.59570312
v -104.67130 30.63510 985.72552490
v -104.66450 17.91100 958.30529785
v -104.60990 8.75910 952.49407959
v -104.56940 2.28410 949.36376953
v -104.43650 36.96710 1008.99108887
v -103.88180 34.62600 994.63568115
v -103.88110 41.01520 1015.38238525
v -103.86620 36.72710 1006.27838135
v -103.85770 14.78510 955.28387451
v -103.85550 9.57890 952.28320312
v -103.85040 23.07120 976.80889893
v -103.83540 52.46230 1014.09332275
v -103.83400 31.64580 985.51281738
v -103.82300 25.34960 961.75311279
v -103.82070 29.51810 964.81939697
v -103.80910 7.72500 970.36059570
v -103.79060 16.91270 973.76751709
v -103.78970 35.76000 1000.48907471
v -103.78820 19.33770 958.36602783
v -103.78810 45.11900 997.61737061
v -103.78740 10.78110 970.90399170
v -103.78510 -4.84060 963.37677002
v -103.78400 3.29010 949.09429932
v -103.78240 28.47170 981.38311768
v -103.78110 -9.78870 952.86077881
v -103.78060 39.91660 985.03637695
v -103.78060 47.20320 1002.99627686
v -103.78050 35.75680 975.06658936
v -103.78050 42.06860 989.18078613
v -103.77850 5.56920 968.92388916
v -103.77730 31.58910 967.43200684
v -103.77580 52.41500 1010.44622803
v -103.74780 21.04210 958.62048340
v -103.73620 21.37400 976.24188232
v -103.72010 -8.02660 958.29248047
v -103.71980 53.32630 1012.47412109
v -103.70730 13.98180 953.98498535
v -103.68630 11.64030 952.48437500
v -103.65570 4.46360 967.58770752
v -103.62850 32.71530 985.71960449
v -103.62510 6.56230 949.56909180
v -103.52870 34.85250 991.68927002
v -102.89160 44.96830 996.88360596
v -102.81470 12.70360 952.22619629
v -102.77050 11.88750 970.36389160
v -102.75060 22.02750 958.09979248
v -102.74670 18.30200 955.37719727
v -102.74490 7.65930 967.84881592
v -102.74440 26.39050 976.81378174
v -102.74430 -2.75860 961.89727783
v -102.74400 -7.90050 949.83898926
v -102.74330 48.24610 1003.61492920
v -102.74200 14.94420 970.84039307
v -102.74140 30.55370 981.38311768
v -102.74030 20.98800 973.71197510
v -102.73970 49.28660 1006.09637451
v -102.73950 37.83850 978.01098633
v -102.73950 50.33350 1016.73162842
v -102.73740 30.54810 964.43658447
v -102.73700 42.00540 988.24182129
v -102.73620 33.67900 968.72491455
v -102.73560 7.45640 949.07318115
v -102.73460 -2.89190 946.61047363
v -102.71740 36.72760 994.70587158
v -102.67680 27.38020 961.40972900
v -102.66830 35.84700 991.73199463
v -102.65560 54.24410 1012.82702637
v -102.63530 15.78120 952.48242188
v -102.62650 10.65970 949.49291992
v -102.62020 4.38950 946.58331299
v -102.54050 46.18300 1017.00140381
v -102.51050 24.13700 958.12292480
v -102.50740 32.95620 982.89611816
v -102.39410 2.56000 945.93719482
v -102.05210 37.69110 1000.21002197
v -102.04750 -6.96480 955.77661133
v -101.97050 5.72820 946.74597168
v -101.95750 18.19960 953.14172363
v -101.94700 40.81070 1012.70678711
v -101.93150 -7.89280 952.50622559
v -101.83360 34.63080 985.45208740
v -101.76500 2.44690 964.39331055
v -101.73910 26.38960 958.71301270
v -101.73670 8.75610 967.37207031
v -101.70440 -4.83910 958.21166992
v -101.70420 31.59540 979.84747314
v -101.70360 6.61420 965.93328857
v -101.70220 27.42890 976.38287354
v -101.70180 5.56950 964.80621338
v -101.70030 -7.70680 949.89288330
v -101.70020 0.36660 962.92187500
v -101.70010 50.32850 1006.54418945
v -101.69960 -5.87640 947.98748779
v -101.69850 35.75770 971.62237549
v -101.69850 40.95550 982.97521973
v -101.69830 34.71360 970.06500244
v -101.69790 52.41550 1016.56250000
v -101.69670 47.29070 1017.50317383
v -101.69620 53.45670 1010.44598389
v -101.69400 -1.58590 944.98602295
v -101.69140 0.38110 943.84899902
v -101.63770 54.47900 1015.12170410
v -101.63460 29.46280 961.41461182
v -101.62930 46.22880 997.64318848
v -101.61850 1.42290 943.68829346
v -101.61060 43.14230 1015.92578125
v -101.58170 19.92220 952.59277344
v -101.54900 35.83980 985.88732910
v -101.49990 38.88740 997.13208008
v -101.49550 23.12020 955.12799072
v -101.37680 42.34130 1015.09692383
v -101.35780 37.95330 990.99517822
v -100.90690 24.30300 973.55957031
v -100.89460 2.84980 943.84747314
v -100.80150 8.61230 944.03802490
v -100.73351 55.28640 1012.83679199
v -100.73310 23.28680 972.20300293
v -100.72340 15.89260 949.14569092
v -100.71870 -4.78040 946.57739258
v -100.71380 12.92400 967.40087891
v -100.69720 28.47340 958.74371338
v -100.66570 15.97630 967.85052490
v -100.66320 -5.87270 948.06408691
v -100.66299 30.55420 976.81591797
v -100.66280 49.28720 1003.62060547
v -100.66220 -1.71740 958.83178711
v -100.66120 29.51090 976.38299561
v -100.65940 -0.67580 960.36932373
v -100.65940 16.91830 968.84417725
v -100.65940 26.39200 973.75421143
v -100.65760 41.99860 985.03637695
v -100.65750 37.83950 974.62371826
v -100.65739 2.45680 961.79632568
v -100.65710 36.79580 973.05828857
v -100.65610 19.09710 970.19757080
v -100.65560 32.63240 964.37341309
v -100.65550 10.82570 946.27929688
v -100.65120 -1.84670 943.65728760
v -100.64780 50.33330 1018.35168457
v -100.59320 49.23450 1018.41528320
v -100.58830 6.80200 943.43341064
v -100.58330 44.15320 989.07312012
v -100.57961 3.56650 962.75512695
v -100.57950 46.32060 997.16442871
v -100.53720 26.27960 955.58551025
v -100.51900 24.50480 954.94030762
v -100.48880 19.10260 949.39038086
v -100.01660 22.22490 970.85339355
v -99.84290 40.92480 1005.87231445
v -99.74150 -3.91590 955.08807373
v -99.70380 41.92540 1009.24139404
v -99.69920 49.28010 1003.12207031
v -99.69170 31.51330 961.17089844
v -99.67540 -2.80740 943.53149414
v -99.67110 20.20700 949.21508789
v -99.66270 45.99260 993.78308105
v -99.65870 10.81490 943.55621338
v -99.62690 35.75850 982.48229980
v -99.62289 1.40580 958.90478516
v -99.62190 46.16750 1017.04827881
v -99.61971 34.71760 981.27917480
v -99.61770 51.36860 1006.55859375
v -99.61760 40.95710 979.88262939
v -99.61740 53.45560 1009.47711182
v -99.61650 18.94470 967.71032715
v -99.61600 34.71700 965.71807861
v -99.61500 12.66270 964.71020508
v -99.61230 2.36510 940.64752197
v -99.61180 27.42900 973.36499023
v -99.60890 53.45670 1018.32702637
v -99.56570 -4.82890 946.67858887
v -99.55870 30.50060 958.62072754
v -99.55510 32.57990 961.66699219
v -99.53160 40.98460 994.95617676
v -99.49220 13.95310 943.66479492
v -99.46440 39.84650 990.90417480
v -99.41040 5.36220 940.41320801
v -99.36980 22.03100 948.99688721
v -99.36790 20.14390 968.51019287
v -98.98130 44.89000 1015.66198730
v -98.76370 43.83770 1012.46807861
v -98.72520 28.39740 955.34381104
v -98.70760 47.21560 1018.25500488
v -98.70670 9.43030 940.76788330
v -98.66710 26.38820 970.81439209
v -98.65660 29.51530 955.83190918
v -98.65410 38.87360 985.81640625
v -98.64690 6.44810 940.26287842
v -98.64550 14.78640 943.26818848
v -98.64520 35.69910 979.90942383
v -98.62510 31.64870 958.71911621
v -98.58620 46.10550 1016.86297607
v -98.58590 -2.76190 952.95379639
v -98.58549 9.74290 961.81732178
v -98.58350 33.67770 976.91119385
v -98.58190 -4.75630 949.11962891
v -98.58080 30.55270 973.75720215
v -98.58030 0.36720 956.93389893
v -98.57930 49.96910 1002.78692627
v -98.57550 36.79850 968.62561035
v -98.57550 43.03750 982.97521973
v -98.57491 22.23460 967.84271240
v -98.57380 29.51090 973.36981201
v -98.56880 56.57360 1016.88562012
v -98.56820 32.63570 976.32257080
v -98.47780 27.43230 952.58428955
v -98.45480 11.81360 940.63049316
v -98.44610 46.22670 991.70440674
v -98.44430 -0.78970 939.07830811
v -98.43620 23.46360 948.93609619
v -98.43449 57.47410 1015.40191650
v -97.73040 42.92280 1003.24609375
v -97.68760 9.72710 938.05310059
v -97.66720 6.46270 937.80572510
v -97.62440 46.26610 991.50488281
v -97.61960 10.77450 961.41900635
v -97.61600 44.33480 1012.62518311
v -97.59500 46.03810 988.98718262
v -97.59330 -2.80380 940.69610596
v -97.58860 35.76510 978.19470215
v -97.58210 37.79730 982.11822510
v -97.54380 12.66210 940.10217285
v -97.54280 2.33290 955.79998779
v -97.54070 24.22620 967.65069580
v -97.53830 15.98030 963.47802734
v -97.53720 19.33830 943.40472412
v -97.53630 54.49350 1009.58770752
v -97.53600 51.37450 1019.15582275
v -97.53460 44.08060 985.03637695
v -97.53450 39.91450 973.97528076
v -97.53430 37.83540 970.09259033
v -97.53370 33.67600 959.72088623
v -97.52710 47.22390 1018.10809326
v -97.52710 55.53800 1018.51702881
v -97.48380 4.69870 958.20251465
v -97.47570 -3.88760 943.66510010
v -97.47200 57.61360 1013.81890869
v -97.45570 25.42510 947.51977539
v -97.44700 50.39150 1003.19342041
v -97.36720 21.01550 943.25579834
v -97.29610 16.84190 940.11248779
v -96.89290 13.89470 961.81677246
v -96.75390 19.23420 941.14251709
v -96.74460 20.13940 964.56549072
v -96.66060 6.04010 935.09808350
v -96.64040 25.27110 946.33911133
v -96.60970 22.21300 943.34301758
v -96.57390 16.94100 961.87219238
v -96.57110 31.51670 955.17187500
v -96.54760 0.11790 935.00787354
v -96.53391 26.39240 946.72418213
v -96.49980 -1.68420 937.28948975
v -96.49750 34.59570 960.83312988
v -96.49699 6.61310 957.14819336
v -96.49660 11.98930 937.33697510
v -96.49490 -0.73230 952.06549072
v -96.49440 43.03930 979.88262939
v -96.49360 40.95760 976.03649902
v -96.49170 56.57950 1019.00341797
v -96.49070 10.58070 958.70819092
v -96.48880 12.86250 960.13677979
v -96.45280 32.75230 956.07360840
v -96.44850 -1.68750 949.73889160
v -96.43580 -3.83170 946.11541748
v -96.42380 28.47240 949.25329590
v -96.42270 49.41410 998.05517578
v -96.41380 47.29660 1017.36297607
v -96.34740 7.81280 958.03942871
v -96.34340 16.03940 937.50640869
v -96.29800 39.92660 982.27960205
v -96.19570 18.06400 962.39257812
v -95.71350 18.33070 938.14837646
v -95.61750 -1.62810 934.51660156
v -95.60410 49.14200 1018.42858887
v -95.60139 7.56880 934.15509033
v -95.58730 27.42700 967.47113037
v -95.56530 -2.80730 937.58172607
v -95.56240 -0.04700 931.97528076
v -95.54890 49.38680 997.51147461
v -95.53170 -4.50170 943.63800049
v -95.52570 16.87830 937.22912598
v -95.52450 6.59700 931.95501709
v -95.50980 57.61640 1011.65838623
v -95.49360 10.85450 934.56518555
v -95.46339 26.39160 966.48327637
v -95.46250 20.14450 961.81988525
v -95.46070 -2.76050 946.52288818
v -95.45590 13.90200 958.80981445
v -95.45560 45.18230 983.16308594
v -95.45540 36.80490 976.57092285
v -95.45530 1.40150 952.28137207
v -95.45290 51.37400 1002.01892090
v -95.45270 53.44940 1006.55352783
v -95.45190 22.22800 963.56420898
v -95.45160 37.83980 965.63031006
v -95.45160 45.25640 995.07781982
v -95.45150 28.41510 946.71130371
v -95.45120 39.92180 970.80249023
v -95.45020 39.92430 981.11828613
v -95.44480 59.69640 1017.11590576
v -95.41310 14.84710 959.77789307
v -95.40430 45.24730 1001.13671875
v -95.40010 -3.83680 940.67449951
v -95.31240 30.61450 949.67291260
v -95.30820 -0.73500 926.64447021
v -95.29960 46.01360 997.75878906
v -95.27940 -2.58870 931.03948975
v -95.27390 2.10070 926.00079346
v -95.21620 13.66520 934.10931396
v -94.75690 3.48900 952.77337646
v -94.65269 32.63580 970.68548584
v -94.57630 8.86900 931.35589600
v -94.56240 46.10260 1005.74017334
v -94.54870 6.86000 928.36987305
v -94.54210 46.87280 987.37237549
v -94.51180 26.49400 941.11828613
v -94.48911 46.32920 1009.14660645
v -94.48360 -3.61600 931.22747803
v -94.48060 49.28160 994.33557129
v -94.47890 28.46970 943.94628906
v -94.46581 11.75400 931.50708008
v -94.46270 2.05380 922.69122314
v -94.42950 37.87080 964.55310059
v -94.42329 5.40160 952.73498535
v -94.41760 25.34770 964.34069824
v -94.41570 0.36180 949.32031250
v -94.41510 21.18290 961.38049316
v -94.41470 53.44200 1006.01989746
v -94.41310 6.60790 953.92260742
v -94.41240 49.39150 1018.16650391
v -94.41150 41.99650 973.97528076
v -94.41080 58.66110 1019.42749023
v -94.41040 15.18850 934.33721924
v -94.41020 55.53140 1009.23809814
v -94.40670 60.73340 1014.41168213
v -94.39740 60.73640 1018.07672119
v -94.39500 56.52999 1020.10589600
v -94.36140 -1.81010 946.19628906
v -94.36040 46.92600 997.38812256
v -94.35410 21.16760 935.46490479
v -94.34940 39.98100 970.04321289
v -94.34600 -3.78380 940.77020264
v -94.34150 33.75780 970.72460938
v -94.34109 30.63470 967.70648193
v -94.33660 42.14480 984.45678711
v -94.33279 50.41290 1018.89398193
v -94.32510 61.53120 1015.85198975
v -94.30740 43.20580 985.75842285
v -94.28560 -2.88590 943.39337158
v -94.27100 19.87870 934.37457275
v -94.25040 32.86430 952.43988037
v -94.23710 54.86140 1020.18750000
v -94.19500 -3.79810 925.21148682
v -94.16910 27.43010 940.66601562
v -94.16370 7.56030 919.97308350
v -94.14650 0.93030 919.35437012
v -94.12820 -2.95910 922.68927002
v -94.11680 -0.61510 921.54779053
v -93.61470 11.80730 955.55230713
v -93.54050 11.97700 928.81707764
v -93.52589 13.74140 931.11450195
v -93.52110 21.10520 934.34997559
v -93.51540 -4.57740 931.66259766
v -93.46450 7.84070 917.89916992
v -93.38730 54.48010 1006.41333008
v -93.37630 29.51350 965.87939453
v -93.37490 20.14590 958.75860596
v -93.37400 23.26490 961.37811279
v -93.37340 36.80490 973.57092285
v -93.37289 27.43140 963.46582031
v -93.37240 9.63130 953.84417725
v -93.37210 59.70210 1012.61267090
v -93.37130 -0.67740 946.40142822
v -93.37060 43.03960 976.03649902
v -93.37050 44.08490 978.00708008
v -93.36980 49.22760 1015.46398926
v -93.36930 61.69970 1015.45007324
v -93.35480 4.95970 916.39562988
v -93.35450 -2.68690 919.82397461
v -93.30920 -4.48510 940.01123047
v -93.30910 61.76670 1018.10772705
v -93.29870 12.57900 913.51971436
v -93.27330 51.42930 997.75030518
v -93.27110 0.53120 916.63250732
v -93.26970 47.36810 998.99591064
v -93.26610 10.60080 953.90649414
v -93.22900 13.95910 925.68249512
v -93.19901 14.76630 910.61669922
v -93.19810 11.46010 910.21710205
v -93.19670 5.74290 913.82867432
v -93.19450 21.09070 910.26867676
v -93.18950 7.65250 913.03570557
v -93.17020 15.85000 928.49609375
v -93.16451 24.01580 934.21697998
v -93.15380 -4.89780 923.29211426
v -93.14930 22.04150 907.84442139
v -93.14920 12.73680 907.66821289
v -93.05000 34.72910 901.69622803
v -93.03481 28.39470 907.36480713
v -93.02810 32.56050 904.43579102
v -93.01720 35.63190 901.73052979
v -92.63360 44.93450 985.87542725
v -92.54510 17.07620 928.50292969
v -92.49690 53.11730 1002.42248535
v -92.48849 15.16510 925.50421143
v -92.48130 -0.60130 916.80377197
v -92.47860 29.66800 940.72851562
v -92.47791 21.10700 931.28338623
v -92.42570 14.21880 913.25817871
v -92.36729 47.92910 985.85150146
v -92.33500 -2.75150 917.74291992
v -92.33290 21.18290 958.37811279
v -92.33290 25.34690 961.37609863
v -92.33230 29.51100 964.38702393
v -92.33090 57.61660 1009.59259033
v -92.33080 2.44720 947.86328125
v -92.33060 55.53720 1006.59191895
v -92.33040 27.43130 962.60852051
v -92.33010 33.67810 968.69390869
v -92.32990 53.45380 1020.04577637
v -92.32640 50.43970 992.69891357
v -92.32401 58.65120 1021.29437256
v -92.32350 61.78420 1019.47637939
v -92.32249 28.46350 937.27832031
v -92.32100 2.40750 913.90942383
v -92.31920 26.52520 906.60339355
v -92.31880 4.54200 913.32458496
v -92.31830 -4.83180 920.03320312
v -92.31820 24.44910 906.88549805
v -92.31689 28.54970 905.64801025
v -92.31410 34.85550 900.56170654
v -92.31050 29.45480 907.31329346
v -92.28490 21.26110 907.11022949
v -92.28160 42.95610 982.20031738
v -92.27859 4.69350 949.20672607
v -92.27350 42.00070 970.74890137
v -92.26450 56.57370 1021.37371826
v -92.25999 30.55890 904.82348633
v -92.25980 12.91190 906.34350586
v -92.25520 36.79080 955.81732178
v -92.25439 33.95420 901.74279785
v -92.25060 36.74340 901.44421387
v -92.24760 31.59810 907.16217041
v -92.23860 42.00440 979.69018555
v -92.23759 32.71490 903.14971924
v -92.23590 27.49820 910.32098389
v -92.21660 49.58380 1015.40991211
v -92.21540 33.63290 904.49780273
v -92.19430 -3.84470 940.13861084
v -92.18980 18.05460 922.12640381
v -92.16000 29.43450 904.76580811
v -92.15981 21.13260 928.50537109
v -92.15840 49.00220 988.83190918
v -92.15570 19.26060 914.17407227
v -92.15480 46.92500 982.90759277
v -92.15140 37.75800 898.88128662
v -92.14940 38.96080 901.20178223
v -92.14440 40.88100 895.87402344
v -92.13890 39.86640 898.42681885
v -92.13680 30.68300 940.56072998
v -92.10870 40.96310 898.50531006
v -92.09410 -5.69890 928.33642578
v -92.08920 7.64840 950.52697754
v -92.08820 12.85710 953.52099609
v -91.98070 42.91530 895.55767822
v -91.59450 48.15350 991.62512207
v -91.57850 -4.92040 934.13220215
v -91.52840 25.42580 931.97161865
v -91.52080 18.95280 917.21179199
v -91.46150 46.17300 985.54797363
v -91.44160 21.04380 915.81079102
v -91.42900 22.42150 928.37078857
v -91.42770 20.34270 925.36492920
v -91.39910 22.45350 913.64807129
v -91.38210 49.99560 991.30340576
v -91.37830 47.91440 985.29437256
v -91.37180 48.95930 988.29547119
v -91.36740 47.54650 988.14379883
v -91.36320 49.23690 993.92962646
v -91.36240 59.67980 1021.38348389
v -91.35880 38.95950 897.04370117
v -91.34460 51.44270 995.29638672
v -91.33940 33.68000 901.69061279
v -91.33880 36.74550 898.70251465
v -91.33860 1.35210 913.59429932
v -91.30479 62.84740 1015.61938477
v -91.30190 47.21080 983.38690186
v -91.30190 48.25380 986.39282227
v -91.29850 50.33640 992.42187500
v -91.29560 31.59580 964.59509277
v -91.29550 36.80110 970.58978271
v -91.29280 6.61580 908.72412109
v -91.29220 0.36520 943.75170898
v -91.29200 23.26490 958.37811279
v -91.29190 -0.67760 943.37078857
v -91.29180 -0.54180 915.15032959
v -91.29130 14.94400 952.84521484
v -91.29120 4.53230 946.84417725
v -91.29050 60.73989 1012.60772705
v -91.29030 55.53170 1006.15332031
v -91.29000 39.92410 975.06829834
v -91.28460 27.35770 912.46051025
v -91.28230 4.52880 910.80688477
v -91.28230 28.47450 910.90112305
v -91.28200 32.63700 907.89599609
v -91.28080 -5.69750 920.00579834
v -91.27940 31.59710 909.38299561
v -91.27859 34.71860 907.14709473
v -91.27831 38.88840 903.37042236
v -91.27760 9.80570 904.94488525
v -91.26530 44.01220 895.12072754
v -91.25300 35.77130 952.35021973
v -91.23759 49.30700 1000.69140625
v -91.23180 53.25560 1000.08288574
v -91.23050 8.70460 905.99658203
v -91.22600 29.57490 903.93487549
v -91.22510 46.21160 979.52172852
v -91.22440 41.02450 894.32281494
v -91.21180 15.98040 953.76751709
v -91.20880 43.04570 892.89349365
v -91.20470 43.12890 981.35797119
v -91.20170 24.15200 928.04656982
v -91.19550 51.58110 1018.23120117
v -91.18290 22.04210 919.50732422
v -91.17970 49.30550 1008.36853027
v -91.17750 47.05330 982.49353027
v -91.14120 43.24150 898.01629639
v -91.13180 42.23570 970.39251709
v -91.13150 24.25110 914.50152588
v -91.12840 11.91360 904.72827148
v -91.01430 44.98810 892.67181396
v -90.96030 -5.94970 922.72790527
v -90.88100 48.25150 985.50000000
v -90.87160 50.33290 991.49761963
v -90.86819 49.29670 988.49957275
v -90.66190 49.29140 991.49267578
v -90.66130 47.20920 985.48278809
v -90.65960 48.25180 988.47869873
v -90.38600 24.45570 925.36199951
v -90.36720 54.49580 1021.26318359
v -90.34550 33.67220 943.55249023
v -90.34420 27.53120 929.08557129
v -90.33740 24.50350 916.80297852
v -90.32780 41.92950 976.87121582
v -90.32560 50.41920 997.09570312
v -90.31970 46.29920 983.94830322
v -90.31150 16.11880 905.88641357
v -90.30530 35.82240 898.62268066
v -90.29890 3.43560 910.59332275
v -90.25810 6.53080 946.65539551
v -90.25380 53.45410 1019.93627930
v -90.25259 20.14060 954.57147217
v -90.25190 9.73370 949.20599365
v -90.25110 1.40390 943.38061523
v -90.25100 25.34690 958.37811279
v -90.24960 37.84340 970.57220459
v -90.24900 28.47240 960.56890869
v -90.24900 30.55450 962.59912109
v -90.24890 3.48820 944.93432617
v -90.24800 45.12390 976.04309082
v -90.24750 47.61800 985.50000000
v -90.24750 48.25150 983.67437744
v -90.24750 48.25150 987.32562256
v -90.24750 48.88500 985.50000000
v -90.24750 60.74040 1012.30639648
v -90.24730 58.65450 1009.61608887
v -90.24680 47.19770 984.60528564
v -90.24560 40.05620 894.44720459
v -90.24550 28.60840 903.95709229
v -90.24510 27.42510 914.01019287
v -90.24460 37.84500 906.37408447
v -90.24460 40.96760 903.36376953
v -90.24390 29.45150 931.50207520
v -90.24350 43.17980 891.69061279
v -90.24319 54.43800 1002.92309570
v -90.24120 31.59770 910.90197754
v -90.24020 29.51350 913.22058105
v -90.23790 45.19930 890.66851807
v -90.19480 9.74120 904.05828857
v -90.19260 -4.82570 935.87988281
v -90.18910 42.99970 979.30950928
v -90.18530 -2.69900 915.45281982
v -90.15240 49.22740 990.54992676
v -90.15000 51.21440 991.97399902
v -90.14760 25.21230 919.77990723
v -90.14560 11.82110 904.08062744
v -90.11760 50.22589 988.94128418
v -90.07800 46.92030 979.90130615
v -90.06740 52.17400 994.52282715
v -90.04810 27.43170 925.69549561
v -90.04300 -6.64820 922.65802002
v -90.03910 30.55230 931.48382568
v -90.03580 46.09560 890.06829834
v -90.03030 49.30060 986.04150391
v -90.00870 46.16280 895.01269531
v -89.71940 18.06110 953.01190186
v -89.61400 48.25150 985.50000000
v -89.60960 7.65110 946.85791016
v -89.60820 12.85590 949.85437012
v -89.52280 45.99830 982.42010498
v -89.42680 -6.04150 927.34759521
v -89.39180 26.58960 922.38012695
v -89.39130 29.31360 927.95629883
v -89.36510 27.42520 916.72271729
v -89.35560 39.82090 958.94879150
v -89.31640 12.79950 904.14147949
v -89.29650 47.91440 982.18469238
v -89.28709 36.72130 967.85510254
v -89.28660 40.88790 973.75842285
v -89.28140 9.47110 946.77520752
v -89.27560 62.83380 1021.34442139
v -89.27320 50.51020 1000.48559570
v -89.26480 32.69440 901.63122559
v -89.26350 5.43970 907.55920410
v -89.23880 47.09380 890.09448242
v -89.23750 52.26930 1015.29748535
v -89.22729 64.87210 1019.66790771
v -89.22220 47.21080 980.37872314
v -89.22079 50.39290 1006.06939697
v -89.21750 50.40510 993.89361572
v -89.21330 33.67780 964.57098389
v -89.20980 35.75750 967.41192627
v -89.20930 27.42880 958.39202881
v -89.20850 -4.83000 916.82031250
v -89.20760 31.59670 902.27490234
v -89.20760 36.80820 897.64459229
v -89.20600 30.55040 913.96600342
v -89.20570 48.52330 988.33148193
v -89.20570 52.18740 991.89520264
v -89.20480 -0.67780 940.36230469
v -89.20480 39.92460 906.37829590
v -89.20461 -3.66270 915.61187744
v -89.20410 42.00660 976.32250977
v -89.20170 -4.72980 935.67822266
v -89.20170 51.49400 997.36749268
v -89.20000 43.04650 901.95709229
v -89.19960 22.22610 954.54748535
v -89.19940 53.50660 997.37231445
v -89.19850 32.63540 913.25952148
v -89.19480 6.74180 904.69818115
v -89.17160 64.87020 1015.82818604
v -89.15750 49.41390 990.96728516
v -89.15130 39.81720 894.52758789
v -89.14930 44.08620 970.72558594
v -89.14890 59.70100 1010.50292969
v -89.12500 34.80100 899.78540039
v -89.12320 48.51190 985.43670654
v -89.11020 28.38020 919.49237061
v -89.09420 65.77171 1018.33032227
v -89.07510 50.73280 1009.83978271
v -89.06210 47.06840 979.37792969
v -89.04090 -5.52590 934.21600342
v -89.03850 51.07900 988.84020996
v -89.03640 50.04340 985.92187500
v -89.02660 52.36740 994.87219238
v -88.96390 15.97670 950.47692871
v -88.96260 31.52310 928.27917480
v -88.96010 10.77230 947.51220703
v -88.92320 48.11910 889.52362061
v -88.78650 48.25060 982.48327637
v -88.58100 47.20920 982.34832764
v -88.47791 21.30290 906.06011963
v -88.46260 34.51560 937.63171387
v -88.40520 50.34080 991.62121582
v -88.37170 49.36710 988.64282227
v -88.32420 30.54880 916.72491455
v -88.30300 30.70600 925.36627197
v -88.25610 49.21890 983.56842041
v -88.24740 39.85040 970.75048828
v -88.24610 -1.79630 937.59027100
v -88.23190 7.45900 943.80560303
v -88.22860 47.14300 886.98150635
v -88.22310 46.22470 980.94738770
v -88.22240 -1.65620 913.55700684
v -88.22180 41.02540 892.80462646
v -88.22130 36.85690 967.50500488
v -88.21810 57.50420 1006.22619629
v -88.21410 25.35280 905.06951904
v -88.20440 54.75040 1021.28369141
v -88.18120 51.37480 989.38970947
v -88.17260 29.51390 958.55609131
v -88.17020 3.48990 941.87518311
v -88.16670 63.86320 1014.21209717
v -88.16660 31.59690 960.46899414
v -88.16590 61.77380 1012.25738525
v -88.16580 35.75320 912.39819336
v -88.16570 33.67760 913.98809814
v -88.16490 12.86560 946.84271240
v -88.16490 18.07060 949.84271240
v -88.16389 27.56540 904.10083008
v -88.16180 24.30960 954.55462646
v -88.16100 45.12630 901.61749268
v -88.16040 39.92400 907.80200195
v -88.16010 37.84370 910.31048584
v -88.16000 47.20040 981.74432373
v -88.15970 7.78910 903.46441650
v -88.15840 32.63400 928.49902344
v -88.12210 5.75900 943.23999023
v -88.11909 44.14110 889.57067871
v -88.11890 46.89540 976.75988770
v -88.08110 46.15380 973.80767822
v -88.07850 31.59510 922.72259521
v -88.07140 48.18480 984.44177246
v -88.07000 51.58290 997.93939209
v -88.04010 48.13990 979.97961426
v -88.00660 44.31700 970.34210205
v -87.97370 49.11530 982.56811523
v -87.96330 40.18370 958.47680664
v -87.91910 1.40810 910.58129883
v -87.74670 50.34080 985.50451660
v -87.74610 51.37570 988.48437500
v -87.54280 51.37360 991.49487305
v -87.54140 49.28780 985.51171875
v -87.53830 50.33220 988.48278809
v -87.32770 37.64660 898.47241211
v -87.32170 35.65340 913.69189453
v -87.31880 45.96620 901.71008301
v -87.31550 32.69420 922.30859375
v -87.29580 55.22550 997.62951660
v -87.28391 33.67610 916.71697998
v -87.27390 52.28010 1008.24072266
v -87.26110 52.55190 1012.66192627
v -87.23570 49.21960 886.50140381
v -87.21810 55.62950 1000.49230957
v -87.19440 5.37420 940.80889893
v -87.18400 46.22850 886.52368164
v -87.18020 47.07550 981.75427246
v -87.17820 51.56600 994.38623047
v -87.15060 15.89770 904.91918945
v -87.13499 14.85880 946.65527344
v -87.13160 33.67820 961.60748291
v -87.13070 20.06220 949.65081787
v -87.13050 58.65570 1006.62377930
v -87.13029 45.18870 978.52069092
v -87.12890 46.24170 978.93688965
v -87.12680 -6.70560 919.68438721
v -87.12620 26.39040 954.56909180
v -87.12620 60.74430 1009.61730957
v -87.12590 1.40770 938.86853027
v -87.12510 31.59600 959.69158936
v -87.12469 38.88610 968.89642334
v -87.12469 45.20470 970.58227539
v -87.12460 34.72580 901.31011963
v -87.12450 35.76120 900.22711182
v -87.12450 43.04870 975.37890625
v -87.12400 47.13120 901.39581299
v -87.12379 48.38420 983.93218994
v -87.12360 9.73470 902.74169922
v -87.12250 51.59470 991.56268311
v -87.12210 19.09940 949.36828613
v -87.12199 38.88640 897.00860596
v -87.12190 44.08900 906.35711670
v -87.12060 42.00600 907.79809570
v -87.12000 34.77900 931.47540283
v -87.11950 43.05100 907.28509521
v -87.11900 3.33520 907.84460449
v -87.11830 50.01250 982.49798584
v -87.11630 66.98150 1017.03271484
v -87.11230 48.18210 977.96929932
v -87.06980 42.99320 891.18029785
v -87.06830 -5.86690 929.98992920
v -87.06270 6.56760 902.94488525
v -87.05800 47.08970 977.18731689
v -87.05790 38.88120 911.13232422
v -87.04640 36.56010 914.36541748
v -87.04430 49.35160 984.65008545
v -87.03280 51.31079 990.54522705
v -87.03190 49.62830 985.29711914
v -87.02930 50.41619 983.35882568
v -87.01801 24.22450 905.39538574
v -86.99570 51.26810 985.98712158
v -86.95390 52.31050 988.52899170
v -86.95180 49.00180 979.91339111
v -86.95170 49.29380 883.85961914
v -86.95070 54.30810 993.89691162
v -86.86450 48.35220 883.53167725
v -86.70340 20.02940 905.80322266
v -86.48650 15.97910 946.85491943
v -86.33580 10.77390 943.56707764
v -86.26330 48.26040 982.47399902
v -86.24480 36.52060 934.47772217
v -86.19820 55.89350 1021.46820068
v -86.18290 46.22190 978.86627197
v -86.16980 0.36320 936.22088623
v -86.16790 35.99310 918.86352539
v -86.16690 -6.66470 928.47222900
v -86.16550 49.16320 984.58770752
v -86.15089 65.88350 1021.37042236
v -86.14709 4.60950 904.37261963
v -86.14170 -2.69390 913.62597656
v -86.13330 -4.78210 931.40698242
v -86.09970 52.42510 995.44317627
v -86.08990 43.04700 973.57049561
v -86.08980 51.53130 990.90350342
v -86.08940 -6.70560 925.68041992
v -86.08940 50.47570 988.08221436
v -86.08680 49.70890 985.84460449
v -86.08670 36.80370 964.56811523
v -86.08640 39.92440 896.58001709
v -86.08620 53.46800 1012.47692871
v -86.08430 -2.76370 934.24822998
v -86.08390 63.86020 1012.63977051
v -86.08140 -4.63670 916.38659668
v -86.07980 44.08760 907.79522705
v -86.07500 53.91899 1016.20568848
v -86.07290 68.02870 1019.67309570
v -86.07200 5.58850 901.96697998
v -86.03080 37.78970 916.51867676
v -86.02480 51.30790 984.15051270
v -86.01820 40.96350 911.13537598
v -86.01700 7.60790 901.63568115
v -86.00550 55.44930 1020.73339844
v -86.00460 43.13920 892.03552246
v -86.00270 -3.71940 933.23522949
v -85.97200 49.13450 979.48999023
v -85.95520 54.28450 994.70080566
v -85.94341 51.16960 889.50408936
v -85.93740 43.18950 961.97271729
v -85.91650 52.11800 985.91491699
v -85.91510 53.16110 988.83068848
v -85.79300 36.97490 927.83300781
v -85.73030 54.61790 994.69622803
v -85.67599 50.33350 982.50000000
v -85.45820 49.28850 982.48852539
v -85.44450 -0.67390 934.85357666
v -85.28160 51.38240 988.61767578
v -85.25300 52.42280 991.46099854
v -85.19480 53.36540 993.88372803
v -85.18760 50.54399 985.24328613
v -85.18560 51.28380 892.70971680
v -85.17010 39.00530 916.68237305
v -85.16700 68.93060 1017.31927490
v -85.15550 30.43960 903.91082764
v -85.14540 48.20680 980.81909180
v -85.13710 39.62360 946.21118164
v -85.13510 54.16350 991.30731201
v -85.12379 46.09200 976.85571289
v -85.11510 -5.80240 925.48632812
v -85.11160 8.61270 901.55841064
v -85.11140 15.78700 943.80920410
v -85.10120 65.94590 1014.36279297
v -85.09380 38.60010 940.32629395
v -85.09010 53.62170 997.51367188
v -85.06020 51.36920 983.52172852
v -85.06000 53.45680 989.39160156
v -85.05070 45.20020 886.98168945
v -85.05030 10.78100 940.81268311
v -85.04960 35.76050 961.60748291
v -85.04730 12.85710 942.47711182
v -85.04630 59.49750 1006.11608887
v -85.04601 22.22780 948.56451416
v -85.04550 4.52350 937.28210449
v -85.04430 2.44390 935.91979980
v -85.04359 29.51490 954.46899414
v -85.04340 28.47300 953.89410400
v -85.04320 26.39200 951.46820068
v -85.04290 28.47350 904.78198242
v -85.04290 34.72500 901.55670166
v -85.04250 37.84300 899.27111816
v -85.04250 49.70000 982.50000000
v -85.04250 50.33350 980.67437744
v -85.04250 50.33350 984.32562256
v -85.04250 50.96700 982.50000000
v -85.04190 25.35110 950.89868164
v -85.03979 38.03410 920.07177734
v -85.03889 43.04170 910.96612549
v -85.03799 47.32490 971.36450195
v -85.03760 5.72320 901.30072021
v -85.03709 49.28130 981.60919189
v -85.03510 41.94370 913.36517334
v -85.03110 7.67650 939.05871582
v -85.02330 43.38450 962.16772461
v -85.00380 53.51490 1005.89770508
v -85.00010 14.08710 943.24151611
v -84.99920 -5.52610 922.08349609
v -84.98710 64.85020 1013.42840576
v -84.98700 61.78010 1009.57287598
v -84.97160 24.38850 949.67626953
v -84.95461 -4.83340 928.40411377
v -84.94230 48.89140 976.50061035
v -84.92661 56.45750 997.19860840
v -84.91720 49.35520 880.70001221
v -84.91451 48.19930 880.69317627
v -84.90050 45.00490 966.63952637
v -84.88710 1.33070 910.34948730
v -84.88320 51.27950 895.95227051
v -84.86490 40.78590 916.99652100
v -84.85940 50.15370 979.61547852
v -84.80270 54.45040 991.89532471
v -84.69901 47.21660 883.10791016
v -84.62600 51.37750 982.49200439
v -84.62600 52.41850 985.49200439
v -84.62600 53.45950 988.49200439
v -84.41900 51.36740 985.49359131
v -84.41850 53.45420 991.49108887
v -84.41530 52.41420 988.48278809
v -84.40900 50.33350 982.50000000
v -84.19950 54.37420 1009.65112305
v -84.17950 48.25180 979.41687012
v -84.16020 3.33540 907.45617676
v -84.10260 48.44300 906.40997314
v -84.08830 56.67170 997.48248291
v -84.08279 45.05150 973.80700684
v -84.07550 40.08310 946.74182129
v -84.07450 39.03600 940.72247314
v -84.07140 13.70220 940.80877686
v -84.06520 42.00120 916.49151611
v -84.05880 0.42790 910.53167725
v -84.05540 49.29590 980.86572266
v -84.03650 55.53500 992.41149902
v -84.03100 61.76790 1009.28350830
v -84.00900 -2.75860 930.36358643
v -84.00860 31.59650 955.60748291
v -84.00850 5.56860 936.37072754
v -84.00810 28.47360 952.53210449
v -84.00660 9.73600 938.92492676
v -84.00610 56.65890 1020.16699219
v -84.00560 4.52920 934.87182617
v -84.00540 55.74480 1018.41101074
v -84.00510 49.30610 977.19079590
v -84.00470 38.88570 964.56970215
v -84.00470 42.00580 969.12731934
v -84.00430 -2.74290 914.02740479
v -84.00430 53.62800 995.05639648
v -84.00400 38.98050 925.77838135
v -84.00290 32.63750 957.37847900
v -84.00220 4.47730 901.87097168
v -84.00210 -1.71410 912.64880371
v -84.00210 34.71920 959.67468262
v -84.00200 22.30720 946.76593018
v -84.00150 35.76740 901.35797119
v -83.99780 46.17060 910.20532227
v -83.99319 2.52390 908.49511719
v -83.99270 45.12510 910.97259521
v -83.98960 43.97220 913.52069092
v -83.98890 47.41600 880.51068115
v -83.98610 52.09970 982.49890137
v -83.98610 53.14070 985.49890137
v -83.98610 54.18170 988.49890137
v -83.96150 6.61400 901.08312988
v -83.94330 44.11400 891.03332520
v -83.94040 50.26430 977.74932861
v -83.93900 47.34540 978.44262695
v -83.93000 -3.55540 916.73321533
v -83.92101 59.77190 1006.14337158
v -83.91780 53.71310 991.34771729
v -83.91600 50.39330 981.65332031
v -83.91420 51.44440 980.46209717
v -83.91420 52.48540 983.46209717
v -83.91420 53.52640 986.46209717
v -83.90960 50.66920 982.29797363
v -83.90960 51.71020 985.29797363
v -83.90960 52.75120 988.29797363
v -83.86660 39.88180 925.50329590
v -83.86079 70.23660 1019.67907715
v -83.81720 49.06440 975.92437744
v -83.73720 45.26460 889.01312256
v -83.60910 40.17080 943.38208008
v -83.19630 53.05010 886.75238037
v -83.14310 -3.78630 922.64227295
v -83.14010 54.39540 1002.48699951
v -83.13300 -2.83380 928.20660400
v -83.13300 49.41860 979.31140137
v -83.07660 0.47510 931.30218506
v -83.05120 54.42390 989.46252441
v -83.05000 55.20400 991.31860352
v -83.03790 40.08160 928.04412842
v -83.02230 40.95130 925.50262451
v -83.01630 48.30650 977.97521973
v -83.01540 54.67380 994.99938965
v -83.00720 49.23670 877.83117676
v -82.97590 51.37420 984.58978271
v -82.97590 52.41520 987.58978271
v -82.97590 53.45620 990.58978271
v -82.97070 -1.66120 913.87658691
v -82.96680 4.52680 933.37677002
v -82.96210 8.69240 935.98150635
v -82.96190 11.81960 937.83282471
v -82.95990 64.90960 1011.41522217
v -82.95950 30.56190 904.41137695
v -82.95930 35.76910 901.54199219
v -82.95600 39.92230 897.43750000
v -82.95470 49.28420 978.72760010
v -82.95230 56.63040 994.38623047
v -82.95070 40.96780 896.58178711
v -82.93660 3.51170 931.77539062
v -82.91530 43.18290 970.38812256
v -82.90850 51.16560 979.47161865
v -82.89810 58.71540 1000.87231445
v -82.89490 50.20060 977.34002686
v -82.88790 40.05570 933.75439453
v -82.88730 51.36460 880.86059570
v -82.80690 2.45230 907.15417480
v -82.80510 46.23450 964.72308350
v -82.75780 55.54440 991.87182617
v -82.75200 40.96390 931.12628174
v -82.71720 44.21970 891.97119141
v -82.55300 54.49750 988.50000000
v -82.54269 52.41630 982.49627686
v -82.54050 53.45560 985.48187256
v -82.33700 54.49269 991.52539062
v -82.33600 51.37170 982.50860596
v -82.33600 52.41270 985.50860596
v -82.33600 53.45370 988.50860596
v -82.15790 72.57961 1018.63269043
v -82.15280 -2.45500 922.36999512
v -82.13820 -1.81010 925.50610352
v -82.11700 0.36540 928.27392578
v -82.11490 47.06570 883.21600342
v -82.04370 3.43450 902.22229004
v -82.01920 49.24480 978.79431152
v -82.01660 46.25730 964.49169922
v -82.01660 58.72130 1021.46881104
v -81.99860 40.89120 964.72668457
v -81.97280 44.05760 919.68542480
v -81.92930 0.43400 910.85272217
v -81.92661 33.67820 955.60748291
v -81.92640 53.52690 886.52911377
v -81.92599 30.55570 952.49768066
v -81.92530 37.84080 960.47027588
v -81.92390 25.34970 946.75549316
v -81.92390 28.47270 949.75518799
v -81.92280 61.78170 1006.61041260
v -81.92240 24.30610 946.36767578
v -81.92240 27.42930 949.36700439
v -81.92230 12.85140 937.27960205
v -81.92220 69.06710 1014.63922119
v -81.92200 50.46180 980.94677734
v -81.92160 58.78370 1000.51397705
v -81.92110 2.10750 908.25970459
v -81.92110 47.21040 975.09161377
v -81.92020 36.80090 959.69158936
v -81.91949 53.86400 988.50000000
v -81.91949 54.49750 986.67437744
v -81.91949 54.49750 990.32562256
v -81.91949 55.13100 988.50000000
v -81.91890 65.94390 1012.22991943
v -81.91840 39.84950 898.37188721
v -81.91790 51.42590 880.43841553
v -81.91710 55.53820 989.69909668
v -81.91530 51.36570 981.74761963
v -81.91500 51.35750 976.62872314
v -81.90610 36.80960 901.32879639
v -81.87060 9.67630 934.35870361
v -81.86090 2.44610 928.10711670
v -81.85650 48.36470 910.84509277
v -81.84959 54.82800 991.78582764
v -81.84260 72.17460 1017.35559082
v -81.84010 56.58630 1015.48059082
v -81.82719 53.39070 987.44421387
v -81.82570 52.34980 984.55529785
v -81.80721 56.52940 991.82537842
v -81.79740 52.30340 979.93182373
v -81.78930 53.34750 982.93457031
v -81.78610 57.53260 994.34130859
v -81.78070 42.20200 928.31951904
v -81.76950 45.18870 958.73242188
v -81.76430 43.11220 949.49700928
v -81.72770 54.32040 985.56719971
v -81.71111 49.30190 910.61669922
v -81.50300 55.54150 988.49200439
v -81.28600 54.49750 988.50000000
v -81.16890 4.47410 928.65509033
v -81.12469 14.93480 937.61437988
v -81.12379 0.30990 914.80462646
v -81.09019 0.36480 921.90087891
v -81.06440 45.12840 919.51068115
v -81.04539 6.60820 929.17687988
v -81.04200 42.00530 940.01147461
v -81.03419 48.16750 967.55999756
v -81.02050 7.64860 931.21667480
v -81.00750 55.48950 999.68389893
v -81.00400 46.12380 918.86328125
v -81.00340 1.45790 911.36737061
v -81.00170 3.54120 925.81939697
v -80.97720 1.36830 921.49530029
v -80.95970 2.35890 910.07287598
v -80.95800 59.01900 1021.30389404
v -80.94200 2.66120 902.21978760
v -80.93770 72.23811 1020.04260254
v -80.93550 51.26570 981.81811523
v -80.92380 42.99530 931.31079102
v -80.88610 14.80590 904.46148682
v -80.88390 11.81230 934.32598877
v -80.88340 22.22800 942.45849609
v -80.87970 48.25490 976.32867432
v -80.87960 55.23709 889.01049805
v -80.87950 3.62640 901.12689209
v -80.87900 53.58920 986.93658447
v -80.87620 50.33040 876.47338867
v -80.87490 55.75120 1008.71789551
v -80.87400 44.14140 925.50109863
v -80.87289 49.29440 875.84362793
v -80.87110 42.16650 935.17828369
v -80.87100 52.39730 976.99432373
v -80.86960 45.24910 958.50939941
v -80.86310 56.26370 988.49890137
v -80.82890 52.53460 984.96801758
v -80.82370 64.90400 1009.60906982
v -80.82159 73.10110 1018.43322754
v -80.82080 68.02950 1013.26007080
v -80.81890 47.16800 877.75708008
v -80.81841 72.19100 1016.78948975
v -80.81800 71.28120 1021.32208252
v -80.81790 46.12090 886.42639160
v -80.81660 48.19840 875.96112061
v -80.79460 44.16430 952.28448486
v -80.79269 54.55910 987.65258789
v -80.79120 55.60840 986.46209717
v -80.78660 54.83320 988.29797363
v -80.76010 55.76620 994.23211670
v -80.75550 3.48880 922.86102295
v -80.75170 57.40960 994.72021484
v -80.71960 31.60280 904.44061279
v -80.70690 54.20470 982.84442139
v -80.70680 53.16610 979.84228516
v -80.61411 44.14880 928.50067139
v -80.60740 40.01040 962.63220215
v -80.10699 6.48200 900.78460693
v -80.04010 2.39320 918.73962402
v -80.00310 5.49830 925.27069092
v -79.96570 56.72390 1012.67718506
v -79.94920 55.75640 991.52301025
v -79.94009 43.88200 943.22290039
v -79.93400 57.28900 991.32360840
v -79.93060 56.50300 989.46240234
v -79.92101 44.23610 949.72808838
v -79.91830 46.09180 970.76428223
v -79.91650 62.73290 1006.30480957
v -79.90610 53.72370 985.13867188
v -79.85930 64.89800 1009.29162598
v -79.85291 55.53820 990.58978271
v -79.84680 15.97970 936.38647461
v -79.84641 43.12240 966.22027588
v -79.84570 51.49100 981.20178223
v -79.84350 54.33810 987.63610840
v -79.84260 53.36220 984.74230957
v -79.84200 13.89430 934.32189941
v -79.84130 71.14910 1014.64190674
v -79.84120 41.04470 896.99548340
v -79.84019 66.98510 1011.30340576
v -79.83880 6.61070 925.31927490
v -79.83880 52.48730 981.89941406
v -79.83820 22.22670 941.60180664
v -79.83820 25.35000 944.69409180
v -79.83820 28.47310 947.69531250
v -79.83820 33.67800 953.67510986
v -79.83670 47.21040 973.32672119
v -79.83500 52.40670 976.23138428
v -79.83490 56.35960 895.77789307
v -79.83400 52.42010 878.65399170
v -79.83390 59.24600 1020.36541748
v -79.82700 55.30530 985.55438232
v -79.81980 56.79330 994.53881836
v -79.80730 46.29140 880.75177002
v -79.80640 60.84400 1021.48889160
v -79.78850 2.59190 911.00238037
v -79.78570 54.40570 982.52752686
v -79.78410 53.36140 979.50860596
v -79.78329 56.64420 1009.13989258
v -79.77990 59.88950 998.27728271
v -79.77520 56.62910 998.37982178
v -79.77240 13.96730 904.42419434
v -79.76711 45.38770 955.51123047
v -79.76040 46.97060 886.37689209
v -79.75510 4.61860 919.94641113
v -79.68360 9.76240 901.81677246
v -79.60410 57.62260 992.02282715
v -79.48540 44.13840 892.23687744
v -79.42380 56.57630 988.49212646
v -79.29140 56.50390 991.73437500
v -79.21300 55.53570 988.50860596
v -78.94260 22.23310 905.56182861
v -78.91510 36.80540 901.55529785
v -78.89750 52.36990 981.79510498
v -78.87780 55.60450 886.75128174
v -78.87350 9.65280 901.55621338
v -78.87160 48.17900 973.75018311
v -78.85699 53.57150 984.82989502
v -78.85640 46.94450 886.44018555
v -78.83830 56.46480 897.79687500
v -78.82630 52.45380 910.19219971
v -78.80550 18.06230 936.48150635
v -78.80540 17.02100 934.88549805
v -78.80340 45.20230 931.82702637
v -78.80120 23.26760 940.75598145
v -78.80090 54.62390 986.94232178
v -78.80080 35.76230 954.47399902
v -78.80060 15.97640 934.32580566
v -78.79650 3.49570 900.94689941
v -78.79560 48.24370 961.83569336
v -78.79560 55.52580 987.74719238
v -78.79490 56.45400 889.99890137
v -78.79230 49.29560 976.29779053
v -78.79180 49.99670 914.57708740
v -78.79080 46.09920 887.52722168
v -78.79041 46.16210 928.50622559
v -78.79000 46.35600 874.93078613
v -78.78540 59.99140 998.02148438
v -78.78290 59.94580 1021.26947021
v -78.76140 73.20171 1021.31927490
v -78.74890 56.35590 985.81811523
v -78.74300 52.41350 877.65838623
v -78.74240 52.40720 973.71362305
v -78.73680 2.57760 907.35058594
v -78.73630 57.48160 988.89739990
v -78.73579 42.98310 895.28869629
v -78.72650 20.22470 937.72381592
v -78.72130 47.36350 922.48181152
v -78.71760 49.36990 873.58227539
v -78.69850 57.53830 1011.78857422
v -78.68010 58.01900 1015.79467773
v -78.67300 46.31030 883.68731689
v -78.65680 61.58610 1002.42828369
v -78.65150 43.03880 964.59771729
v -78.63870 56.75120 1003.25067139
v -78.51060 3.83060 913.49621582
v -77.85740 56.58990 991.33068848
v -77.84340 58.75540 991.49230957
v -77.83630 32.56220 949.68090820
v -77.83240 39.85010 898.71429443
v -77.81779 60.82220 1021.46209717
v -77.81360 55.42930 987.81347656
v -77.80780 11.81670 926.10089111
v -77.78170 10.77420 925.26660156
v -77.76450 7.64910 919.96777344
v -77.76360 43.37200 964.86419678
v -77.76320 9.73440 923.00579834
v -77.76290 13.89890 929.00109863
v -77.76250 32.69050 904.36322021
v -77.76130 52.48440 981.54992676
v -77.76110 57.43030 1003.16650391
v -77.75930 15.98030 931.87579346
v -77.75930 73.23110 1014.64221191
v -77.75900 37.84930 901.30242920
v -77.75780 35.76110 953.90057373
v -77.75780 64.90601 1006.61218262
v -77.75620 30.55510 947.69311523
v -77.75610 27.43220 944.67480469
v -77.75591 46.24900 934.85119629
v -77.75591 54.62030 977.34582520
v -77.75240 53.45840 878.63647461
v -77.75190 48.25630 973.27209473
v -77.74930 58.48550 988.69329834
v -77.74580 75.30721 1016.71777344
v -77.73199 70.13770 1012.48132324
v -77.72350 48.38070 961.48120117
v -77.70820 51.36640 874.72662354
v -77.69770 47.11900 871.82427979
v -77.67329 46.17850 874.50091553
v -77.67290 76.02361 1018.54180908
v -77.67250 52.56740 973.33221436
v -77.62680 57.07920 985.00897217
v -77.58400 15.30000 904.76007080
v -77.58250 2.57790 902.23199463
v -77.51540 46.22180 885.85412598
v -77.09880 49.01220 922.81188965
v -76.93480 57.86110 1010.46997070
v -76.90150 48.18840 928.69702148
v -76.86380 48.00900 934.49291992
v -76.84480 2.66150 907.21740723
v -76.79880 47.35800 952.71118164
v -76.79680 13.86270 904.35058594
v -76.79640 51.29660 976.87371826
v -76.79190 47.24820 937.53021240
v -76.77720 57.62040 986.27447510
v -76.77119 52.07190 914.42681885
v -76.76810 61.08640 1021.30297852
v -76.76680 47.20920 943.00402832
v -76.76350 52.36480 875.62347412
v -76.74270 46.14380 967.73052979
v -76.72670 54.54560 976.40368652
v -76.72520 56.70230 991.32977295
v -76.72220 55.65810 987.20739746
v -76.72150 50.48460 919.24627686
v -76.71989 56.64240 886.54071045
v -76.71930 56.63860 987.88079834
v -76.71810 25.35430 940.60760498
v -76.71750 8.69690 919.66851807
v -76.71671 31.59500 947.89801025
v -76.71650 48.18130 955.48999023
v -76.71560 53.45860 982.37329102
v -76.71560 69.07111 1010.71777344
v -76.71510 23.26810 938.69396973
v -76.71500 34.71950 951.45208740
v -76.71420 66.98850 1008.39569092
v -76.71350 64.89980 1006.16162109
v -76.71150 48.24480 871.46771240
v -76.71080 57.42880 994.14337158
v -76.70990 49.28470 925.50390625
v -76.70869 57.21080 985.08941650
v -76.67120 47.31100 948.99829102
v -76.66090 53.45360 877.65722656
v -76.66020 59.01020 1015.75939941
v -76.65690 60.80470 994.91778564
v -76.65610 63.86280 1003.62322998
v -76.65510 58.41700 892.83239746
v -76.65440 41.11940 960.20568848
v -76.64990 3.43650 900.52368164
v -76.64690 6.61230 900.18768311
v -76.63700 45.33820 874.11102295
v -76.63020 58.47540 898.48468018
v -76.62920 6.26350 915.50970459
v -76.62300 45.38170 871.54412842
v -76.61971 4.62490 910.91748047
v -76.61440 76.24550 1018.10662842
v -76.55389 46.01450 876.78540039
v -76.54539 2.46550 901.57470703
v -76.24930 40.96690 898.38867188
v -75.83590 52.34980 968.10772705
v -75.83330 57.78770 1003.74047852
v -75.80721 56.64630 988.22619629
v -75.75529 50.25670 973.81207275
v -75.75410 48.40180 943.06311035
v -75.74710 49.45020 931.04522705
v -75.73911 76.22141 1015.57440186
v -75.71780 2.46360 904.35827637
v -75.69980 45.92870 889.69299316
v -75.67800 21.18570 934.75549316
v -75.67790 75.31461 1014.64422607
v -75.67780 30.55510 945.46838379
v -75.67640 20.14210 934.36761475
v -75.67570 11.81850 922.57208252
v -75.67500 17.02200 930.06628418
v -75.67419 29.51410 944.69207764
v -75.67419 60.90890 994.68737793
v -75.67410 24.30920 938.67541504
v -75.67350 37.85230 954.42907715
v -75.67280 50.24600 928.49420166
v -75.67210 68.02400 1009.24761963
v -75.67150 54.49780 878.63580322
v -75.67070 55.42200 909.62518311
v -75.67010 61.32650 1020.36480713
v -75.66900 47.21250 869.82647705
v -75.66570 49.34270 937.19488525
v -75.61349 58.74080 897.51629639
v -75.61230 62.92090 1021.49731445
v -75.61030 46.11670 869.95050049
v -75.61010 49.29000 955.25897217
v -75.60680 58.58500 890.26593018
v -75.60450 58.71860 985.88757324
v -75.60250 45.14670 871.58911133
v -75.59171 59.71380 1015.47912598
v -75.59100 1.74230 901.52520752
v -75.56520 54.54560 910.85437012
v -75.55780 64.04890 1003.33258057
v -75.46180 77.26960 1015.58129883
v -75.39570 74.37030 1021.45220947
v -75.32320 44.09900 893.90832520
v -74.78320 29.54650 904.94189453
v -74.75540 58.52700 983.07781982
v -74.73019 45.13650 874.47558594
v -74.72791 50.52520 958.61572266
v -74.71240 58.79750 889.97808838
v -74.70779 77.31400 1019.45959473
v -74.70770 50.48950 937.02850342
v -74.70430 58.81930 985.73651123
v -74.69410 72.22630 1011.71417236
v -74.69350 58.55740 1003.17901611
v -74.69189 51.23580 933.91821289
v -74.69030 53.45360 876.08410645
v -74.66850 55.21430 911.45739746
v -74.63880 19.10420 931.56750488
v -74.63741 9.67050 918.12689209
v -74.63560 26.39220 939.47058105
v -74.63460 14.94160 925.57000732
v -74.63440 51.45380 925.81579590
v -74.63430 33.67890 948.41729736
v -74.63420 14.96130 904.41271973
v -74.63280 29.51860 943.52978516
v -74.63230 50.32320 871.48120117
v -74.63230 50.37020 942.84020996
v -74.63170 66.97960 1006.42230225
v -74.63130 54.49710 971.63146973
v -74.63110 60.73920 991.24060059
v -74.63050 37.84510 953.89892578
v -74.62980 54.50130 982.34960938
v -74.62960 40.97750 958.36791992
v -74.62650 44.33460 871.27990723
v -74.61840 62.02760 1021.27032471
v -74.58270 52.55130 967.44647217
v -74.57760 35.70590 950.98651123
v -74.57570 51.37300 872.78729248
v -74.57570 52.41100 922.32550049
v -74.57401 60.09980 1015.96527100
v -74.57200 4.52940 899.18640137
v -74.56800 47.15280 967.68432617
v -74.56580 75.36670 1021.33898926
v -74.56260 58.71570 901.65386963
v -74.56010 6.55110 913.61376953
v -74.55990 78.31741 1015.88232422
v -74.55490 32.71930 947.62481689
v -74.50080 52.35640 976.77447510
v -74.45230 58.51440 997.24108887
v -74.38370 44.09970 868.73352051
v -74.23180 59.79930 894.85717773
v -73.83580 51.17250 951.64282227
v -73.81150 58.89470 1007.44299316
v -73.72360 64.85760 1001.03448486
v -73.70670 52.28460 940.26068115
v -73.67210 13.82420 922.68017578
v -73.67101 55.46370 982.83007812
v -73.67020 51.52970 943.06109619
v -73.66949 41.93860 958.72839355
v -73.66890 49.29350 970.81787109
v -73.65620 58.78040 982.69622803
v -73.65400 59.85369 898.01037598
v -73.65370 62.90400 1021.46221924
v -73.64590 10.78100 919.34790039
v -73.64040 2.40010 898.85571289
v -73.59330 18.06580 928.57128906
v -73.59290 36.80070 951.41912842
v -73.59260 22.22530 933.46917725
v -73.59230 52.51230 929.10870361
v -73.59210 6.61160 899.48797607
v -73.59090 26.39520 938.89581299
v -73.59000 50.34090 973.21258545
v -73.58910 54.49040 970.35577393
v -73.58830 5.57340 898.88970947
v -73.53920 46.11540 886.21832275
v -73.53160 43.21810 961.41162109
v -73.53149 3.65360 907.83752441
v -73.52769 61.84500 991.90100098
v -73.52650 44.09460 865.90472412
v -73.52200 32.56380 904.40997314
v -73.51801 37.77060 901.40112305
v -73.51580 53.43730 925.76208496
v -73.51020 52.41410 961.47912598
v -73.50850 47.29240 867.67962646
v -73.48490 60.53460 895.76208496
v -73.45730 3.48580 897.99749756
v -73.45500 78.50110 1018.44018555
v -73.44410 1.42160 901.49627686
v -73.43260 7.74540 915.02160645
v -73.36000 1.58800 904.33178711
v -73.33870 43.05760 865.89916992
v -73.30850 57.39490 987.99047852
v -72.74560 47.01830 966.99438477
v -72.72010 52.19100 975.91540527
v -72.69120 9.74260 901.40759277
v -72.68770 45.91520 889.47821045
v -72.66541 57.75270 989.21392822
v -72.63091 52.42030 953.42791748
v -72.62840 46.01550 880.97747803
v -72.61490 53.32520 961.49652100
v -72.61370 54.42150 940.44671631
v -72.61190 58.51090 991.89038086
v -72.61020 74.27361 1011.58630371
v -72.60870 51.37160 870.46252441
v -72.60420 63.16970 1021.30297852
v -72.59860 43.05180 868.64752197
v -72.57540 53.57160 943.69628906
v -72.56190 58.86780 1000.80401611
v -72.55780 55.46670 916.49517822
v -72.55630 30.55430 942.46862793
v -72.55250 15.98140 924.45660400
v -72.55190 36.80210 950.98760986
v -72.55161 9.64830 916.55322266
v -72.55050 56.57870 880.25592041
v -72.55020 75.32640 1012.40447998
v -72.54810 66.98690 1003.47961426
v -72.54500 71.15120 1009.35321045
v -72.54500 79.47480 1014.35198975
v -72.54390 53.45100 949.03332520
v -72.50180 60.09090 983.65539551
v -72.49310 76.30270 1012.48919678
v -72.49190 61.14090 1015.96679688
v -72.49010 22.16560 932.74188232
v -72.47710 76.35310 1021.31732178
v -72.47130 15.02330 923.66827393
v -72.47030 24.39000 935.64398193
v -72.46890 59.53340 904.49639893
v -72.46690 44.16850 864.71997070
v -72.40020 65.13430 1000.34429932
v -72.39830 46.16460 964.70037842
v -72.39670 40.89100 898.35211182
v -72.39170 62.01250 991.48107910
v -72.38620 0.61290 901.26812744
v -72.38050 44.96080 876.83081055
v -72.36760 55.47620 931.50000000
v -72.27470 54.83070 927.94152832
v -72.15040 60.83870 894.83331299
v -71.90540 42.97760 895.54870605
v -71.71440 59.57310 1000.49951172
v -71.69200 3.51970 907.69891357
v -71.67661 5.65230 910.94201660
v -71.66190 54.57710 964.73199463
v -71.66010 55.62030 943.00842285
v -71.64000 60.53940 901.30371094
v -71.62770 60.45090 889.51940918
v -71.61750 45.19040 889.32299805
v -71.61010 45.03040 892.31451416
v -71.59489 55.76460 916.28631592
v -71.59380 53.38640 976.72851562
v -71.58970 12.78460 919.64978027
v -71.58180 50.26160 970.72570801
v -71.57300 57.62320 988.29052734
v -71.57270 44.01900 874.08508301
v -71.56740 80.38040 1017.56188965
v -71.56190 39.98400 898.53491211
v -71.56060 55.53130 919.94372559
v -71.55949 78.53620 1019.42852783
v -71.53951 10.83050 901.59020996
v -71.52280 31.43380 904.44201660
v -71.51241 35.75670 948.42022705
v -71.51170 70.17240 1006.53607178
v -71.51020 43.04340 871.19360352
v -71.50909 4.53080 897.61822510
v -71.50909 55.59050 967.34222412
v -71.50900 19.10570 927.45422363
v -71.50790 54.59870 950.33337402
v -71.50600 55.53910 875.64038086
v -71.50439 63.40130 1020.35021973
v -71.50370 35.66110 902.11358643
v -71.50130 54.58650 957.23638916
v -71.49390 56.52870 932.00891113
v -71.48800 16.01440 904.41027832
v -71.47110 64.96220 1021.48406982
v -71.46030 37.84670 952.17242432
v -71.45020 59.75060 904.33099365
v -71.45000 78.38810 1012.51928711
v -71.44970 42.05850 863.88690186
v -71.44920 45.20920 884.04821777
v -71.44850 55.62070 982.43103027
v -71.43770 29.55220 940.46197510
v -71.43670 41.03100 865.41998291
v -71.43610 44.80580 962.33319092
v -71.43539 0.45100 898.74969482
v -71.42870 61.79420 1015.47949219
v -71.42820 22.31120 931.55731201
v -71.42480 81.22560 1015.79742432
v -71.42470 46.32460 865.53082275
v -71.30670 56.50950 946.71148682
v -71.26790 60.97970 985.27349854
v -71.25020 40.00910 862.92382812
v -71.24610 32.73770 944.65582275
v -71.17580 61.63270 895.48059082
v -70.76280 60.72550 890.04437256
v -70.66180 55.53700 961.28369141
v -70.63651 0.38050 901.63372803
v -70.61830 46.13460 964.21447754
v -70.56219 58.65510 940.00897217
v -70.55659 59.54580 994.72619629
v -70.55009 56.73160 949.04248047
v -70.52490 35.60510 901.66870117
v -70.51660 52.34340 973.72967529
v -70.51190 56.58240 955.02581787
v -70.50670 58.42530 973.09698486
v -70.48990 73.22221 1009.28179932
v -70.47270 27.43200 936.47021484
v -70.47110 39.79770 898.46752930
v -70.46989 5.54520 911.74371338
v -70.46960 44.08590 874.75952148
v -70.46950 6.60690 898.53961182
v -70.46870 18.06880 925.52600098
v -70.46870 35.76320 947.99182129
v -70.46820 6.75290 913.45947266
v -70.46770 50.32940 867.46350098
v -70.46490 14.94280 921.41687012
v -70.46420 3.48890 896.47448730
v -70.46330 11.82140 918.24322510
v -70.46310 56.51750 982.76531982
v -70.46190 0.50690 897.28710938
v -70.42690 80.50820 1018.22912598
v -70.41700 58.72390 991.64831543
v -70.41500 55.53650 874.66009521
v -70.41150 2.45330 907.27630615
v -70.41020 62.06910 1015.64758301
v -70.40280 74.21941 1009.41979980
v -70.40250 58.58540 910.68518066
v -70.40220 42.99540 862.61901855
v -70.40190 81.43300 1015.46600342
v -70.39700 63.97090 1021.06378174
v -70.39500 60.87780 982.51599121
v -70.39440 39.98840 861.96771240
v -70.38920 78.51981 1011.57348633
v -70.38910 57.38530 985.04437256
v -70.35510 80.51680 1013.66217041
v -70.35100 59.60020 937.76531982
v -70.33510 38.94640 862.72589111
v -70.33080 42.09870 895.33038330
v -70.31841 56.67950 958.91790771
v -70.31300 21.34700 929.64532471
v -70.31080 57.71860 952.50610352
v -70.31060 58.97410 976.28881836
v -70.29050 58.76980 946.67822266
v -70.13240 44.14470 960.23382568
v -70.13190 37.92510 862.79791260
v -69.89670 59.90840 1001.95318604
v -69.62720 57.56710 915.93750000
v -69.61700 45.02420 887.36358643
v -69.60201 67.58881 999.59118652
v -69.58030 58.73840 952.03637695
v -69.57980 57.69860 958.04571533
v -69.57790 59.78090 946.03399658
v -69.56700 56.76260 919.51531982
v -69.54940 59.57480 994.25817871
v -69.53220 48.11320 967.04620361
v -69.53080 61.71410 890.79937744
v -69.52470 57.37900 923.22247314
v -69.52320 60.68090 943.16571045
v -69.51711 0.45780 904.14916992
v -69.50960 41.04920 868.82031250
v -69.50570 13.83210 919.63018799
v -69.50360 1.32720 895.74072266
v -69.48310 53.45690 870.45288086
v -69.47720 64.88620 1021.36529541
v -69.47169 57.62690 964.22937012
v -69.46960 61.68430 898.25177002
v -69.46790 38.83020 865.25988770
v -69.44880 30.37580 904.44622803
v -69.44130 48.25900 865.42498779
v -69.43000 9.72770 915.61322021
v -69.42920 27.43360 935.89709473
v -69.42820 -0.46170 901.48577881
v -69.42800 30.55850 939.45697021
v -69.42720 10.77050 901.36309814
v -69.42650 43.04530 873.38952637
v -69.42640 5.57010 897.23791504
v -69.42550 56.58110 875.63970947
v -69.42500 59.76360 907.47662354
v -69.42480 63.03960 1018.40100098
v -69.42380 69.06910 1001.89648438
v -69.37370 60.64650 937.50048828
v -69.37199 25.29490 933.04791260
v -69.37080 14.88940 920.91101074
v -69.37010 50.32870 866.81347656
v -69.36780 35.70050 946.68768311
v -69.36630 0.31470 896.84362793
v -69.36290 76.30220 1009.47680664
v -69.35800 37.90730 861.86859131
v -69.34950 81.56060 1012.81079102
v -69.34610 60.89380 901.70227051
v -69.32440 59.75030 952.21728516
v -69.30850 39.52350 953.16741943
v -69.29840 76.33891 1021.42578125
v -69.29240 58.74620 958.25860596
v -69.28760 -0.65480 898.64868164
v -69.22670 43.20470 892.24969482
v -69.22300 61.77880 943.47668457
v -69.16510 58.47070 988.10900879
v -68.54630 58.72940 967.33172607
v -68.54120 61.54300 949.49841309
v -68.53770 59.78700 958.01947021
v -68.53090 80.56940 1011.22332764
v -68.49860 41.89370 895.38879395
v -68.46470 37.76090 899.39440918
v -68.46380 20.07230 925.65307617
v -68.46250 71.07270 1003.17108154
v -68.46049 60.57510 907.27520752
v -68.45820 54.43090 976.73559570
v -68.45020 19.10360 904.65130615
v -68.44660 47.41150 964.92370605
v -68.44390 34.56710 901.66699219
v -68.42970 72.19341 1003.80169678
v -68.40290 45.14440 862.39709473
v -68.39860 44.99840 880.84051514
v -68.39730 57.71270 919.50292969
v -68.39320 15.97820 903.61950684
v -68.39230 23.26740 929.89782715
v -68.39130 63.81610 1018.41979980
v -68.38860 60.85050 1003.64581299
v -68.38790 54.49090 871.30267334
v -68.38680 30.56250 938.90270996
v -68.38670 52.40710 868.31427002
v -68.38670 57.61470 877.30029297
v -68.38580 7.64970 898.53411865
v -68.38380 44.09020 877.50170898
v -68.38350 50.28760 970.09887695
v -68.38290 58.72690 913.48669434
v -68.38170 1.40130 894.20092773
v -68.38110 2.57790 894.11077881
v -68.37960 36.80870 864.37670898
v -68.37680 39.91380 952.74908447
v -68.37350 62.61450 892.69647217
v -68.37250 82.51900 1016.90270996
v -68.33120 39.87160 897.26202393
v -68.33050 70.05600 1000.67297363
v -68.32780 46.11170 862.46960449
v -68.32670 34.38360 944.32312012
v -68.32290 59.69730 910.34552002
v -68.32200 78.38410 1009.48980713
v -68.31430 81.35740 1018.52398682
v -68.31220 44.09930 889.04809570
v -68.30640 25.43090 932.63970947
v -68.30620 -1.38340 898.34497070
v -68.28570 59.75140 964.21899414
v -68.25320 5.57650 911.58007812
v -68.25180 58.92670 928.69189453
v -68.22060 63.78150 943.27172852
v -68.20430 52.68660 973.96191406
v -68.18210 62.57730 953.34057617
v -68.18200 61.84809 934.76867676
v -68.17500 62.88970 937.69110107
v -68.17020 56.52030 845.27239990
v -68.16990 56.57500 849.95428467
v -68.05020 83.40480 1015.33319092
v -67.65140 61.34390 973.36340332
v -67.54490 56.63510 982.41467285
v -67.53880 24.27220 904.86767578
v -67.51380 44.97280 883.29632568
v -67.50290 35.72020 946.20611572
v -67.50120 60.82070 964.02490234
v -67.49700 61.93930 958.04187012
v -67.49390 63.94850 949.03839111
v -67.47190 60.80300 969.73327637
v -67.45180 54.89610 846.88342285
v -67.42960 56.52870 853.10388184
v -67.42680 14.86870 919.63977051
v -67.42210 56.50450 842.44158936
v -67.41200 58.66240 988.28747559
v -67.40170 37.89840 898.56738281
v -67.40090 4.52930 894.46301270
v -67.39520 58.65510 847.31280518
v -67.38440 51.27600 970.64447021
v -67.36290 1.41530 907.29412842
v -67.34870 61.79380 1006.49792480
v -67.34810 27.43200 933.46948242
v -67.34700 75.33680 1006.26977539
v -67.34650 79.50660 1009.39331055
v -67.34640 62.87720 979.34497070
v -67.34590 22.22340 927.67187500
v -67.34570 43.11030 875.17370605
v -67.34530 7.64700 898.27667236
v -67.34510 19.10290 924.22351074
v -67.34490 11.81120 901.34588623
v -67.34330 38.88470 867.41680908
v -67.34300 9.86680 915.54949951
v -67.33960 43.04700 860.37878418
v -67.33320 0.36800 904.70629883
v -67.30370 52.41930 865.71582031
v -67.29350 49.29920 863.16632080
v -67.29070 48.19650 862.34527588
v -67.28960 15.92690 920.92211914
v -67.28860 37.89950 866.71759033
v -67.28650 61.78100 964.65789795
v -67.27710 82.60530 1011.02288818
v -67.25000 63.86360 955.37927246
v -67.22270 60.58230 930.57867432
v -67.22120 83.63860 1012.69158936
v -67.21280 42.98590 958.02331543
v -67.20190 65.87380 943.88500977
v -67.20140 54.86640 858.98718262
v -67.19170 65.00780 949.51049805
v -67.17580 52.58650 852.99462891
v -67.17550 55.46030 838.74151611
v -67.16940 58.71280 842.15130615
v -67.16380 63.92520 937.36022949
v -67.13950 69.00040 996.61767578
v -67.13790 58.09390 859.41711426
v -67.13730 59.69700 853.77947998
v -67.13060 53.36110 841.51562500
v -67.10130 3.34060 910.18530273
v -67.09980 62.89510 892.50292969
v -66.93830 84.59760 1012.33288574
v -66.64510 44.20370 884.14520264
v -66.53590 83.71430 1015.18267822
v -66.50640 45.26630 859.78979492
v -66.50130 62.61470 901.12127686
v -66.49960 82.69891 1016.89941406
v -66.49580 58.84390 919.31231689
v -66.47410 37.67310 949.02008057
v -66.46150 49.12680 862.07977295
v -66.46070 65.13330 1021.19439697
v -66.45920 65.70700 952.49841309
v -66.45580 59.78470 856.02947998
v -66.45160 55.54150 836.22631836
v -66.43210 53.45620 859.43200684
v -66.42170 66.91180 946.49017334
v -66.41210 52.51900 863.11602783
v -66.40850 48.33710 860.08697510
v -66.39310 60.59130 994.75000000
v -66.38940 27.38220 904.43249512
v -66.38620 63.05590 963.83819580
v -66.38270 36.71990 899.39440918
v -66.38210 74.20050 1003.13897705
v -66.38170 31.53060 937.75360107
v -66.38150 72.11650 1000.13879395
v -66.37720 20.03870 904.40252686
v -66.37590 44.00960 958.70269775
v -66.37070 42.85650 892.46228027
v -66.36370 -1.57090 900.91870117
v -66.36100 62.88420 1009.48510742
v -66.36070 77.46420 1021.37872314
v -66.36050 33.73690 901.52099609
v -66.35770 54.61440 867.98321533
v -66.35630 40.83540 859.50958252
v -66.35570 63.80810 976.62237549
v -66.35120 62.81490 889.38952637
v -66.34500 61.77160 847.16217041
v -66.32570 52.52660 973.36248779
v -66.30870 10.78090 915.81268311
v -66.30820 42.07240 874.56188965
v -66.30800 55.54290 870.05670166
v -66.30710 40.83870 895.42047119
v -66.30680 40.97180 871.84320068
v -66.30670 6.61520 912.68707275
v -66.30660 -1.53230 895.91241455
v -66.30600 27.43360 932.89709473
v -66.30570 4.52820 893.52331543
v -66.30550 23.26880 927.47070312
v -66.30520 73.18650 1000.74169922
v -66.30470 61.77439 904.49798584
v -66.30430 6.61030 896.52709961
v -66.30410 81.58950 1009.39208984
v -66.29930 58.47730 985.50842285
v -66.29490 57.55970 982.77850342
v -66.27050 38.75820 859.61968994
v -66.25270 59.76690 991.68957520
v -66.25070 51.24470 843.77728271
v -66.25040 65.01720 982.33929443
v -66.24830 25.29670 930.37719727
v -66.24370 66.83620 943.08111572
v -66.24330 78.38770 1006.41241455
v -66.23030 56.51410 835.81652832
v -66.22990 63.86590 967.71020508
v -66.22690 43.93430 889.26910400
v -66.19800 67.90460 946.46289062
v -66.18370 59.56510 862.01708984
v -66.18210 56.38230 863.38641357
v -66.17960 50.20640 855.21380615
v -66.17920 45.05810 961.00897217
v -66.16720 64.20760 1018.47607422
v -66.16610 60.80470 928.55139160
v -66.16430 64.99510 961.50469971
v -66.15720 32.84260 940.35791016
v -66.15490 61.77920 842.04071045
v -66.14550 52.18299 839.24322510
v -66.13710 59.53550 922.50329590
v -66.13480 -0.72020 903.91809082
v -66.13030 60.66180 859.49542236
v -66.12840 62.74700 844.51812744
v -66.12370 59.47790 838.48999023
v -66.12280 62.52130 850.99212646
v -66.10000 66.74091 956.33880615
v -66.03340 49.23020 850.30682373
v -65.55820 60.54360 912.78320312
v -65.53140 69.97470 994.69042969
v -65.45470 49.28420 856.72180176
v -65.43200 43.97510 880.98010254
v -65.42880 3.61460 910.44067383
v -65.42020 68.66300 945.84167480
v -65.41810 62.97680 897.79119873
v -65.41460 52.25790 836.65460205
v -65.41170 68.11250 952.03051758
v -65.40420 64.95500 975.50671387
v -65.39910 49.88470 842.98040771
v -65.39550 66.12650 960.84802246
v -65.38260 -0.72120 892.59020996
v -65.36030 43.98340 887.09118652
v -65.35810 63.80370 850.18322754
v -65.35370 48.30870 853.33532715
v -65.34960 38.81240 949.71221924
v -65.34510 65.05960 967.05737305
v -65.34430 1.40430 887.21649170
v -65.34420 32.55230 902.06347656
v -65.34220 35.68400 943.70819092
v -65.34170 22.15340 925.62738037
v -65.33940 49.13620 847.94891357
v -65.33460 25.34590 904.42712402
v -65.33120 54.72570 976.88708496
v -65.32850 56.50940 979.72589111
v -65.32080 39.97990 895.55938721
v -65.32010 2.50610 908.99200439
v -65.31410 61.79600 1003.47961426
v -65.30140 77.40280 1003.77160645
v -65.27460 68.01511 988.13812256
v -65.26580 34.72310 864.38928223
v -65.26480 62.71810 901.63739014
v -65.26420 39.87070 952.08422852
v -65.26400 57.62049 872.63067627
v -65.26360 63.68540 890.20709229
v -65.26280 46.10380 961.66729736
v -65.26260 71.22010 994.93707275
v -65.26240 15.98050 902.30371094
v -65.26230 84.67091 1015.18890381
v -65.26220 59.70140 877.79840088
v -65.26200 42.07120 875.17431641
v -65.26120 30.56070 935.89569092
v -65.26090 64.72511 1015.49981689
v -65.26080 13.89910 918.40399170
v -65.26010 63.86000 932.72259521
v -65.25940 5.57100 911.74731445
v -65.25680 3.48690 889.71160889
v -65.25430 61.72800 859.31982422
v -65.25160 47.15950 964.09008789
v -65.20880 59.64280 919.15740967
v -65.20840 38.94120 869.99462891
v -65.20260 23.21710 926.90539551
v -65.20230 80.46970 1006.41241455
v -65.19870 85.66570 1012.21429443
v -65.19810 33.74180 861.44622803
v -65.19260 60.61450 925.71777344
v -65.19000 46.17310 856.38421631
v -65.18760 65.95060 970.69262695
v -65.17290 48.20950 847.72717285
v -65.16880 68.03011 958.36932373
v -65.16760 68.96450 988.48968506
v -65.15880 49.16390 842.09710693
v -65.14110 47.15590 853.17156982
v -65.13370 60.86600 910.29901123
v -65.13340 59.75680 835.73590088
v -65.13160 32.70220 862.50250244
v -65.12910 22.36500 904.41320801
v -65.12880 66.07630 976.10058594
v -65.10970 69.16950 952.50537109
v -65.10540 67.08550 964.51092529
v -65.09320 59.77540 865.36999512
v -65.09210 42.23060 892.07061768
v -65.08990 66.07190 1021.47320557
v -65.05900 68.09430 940.80126953
v -65.05800 64.89440 850.47760010
v -65.05150 70.10780 946.71008301
v -65.04340 85.72760 1009.63800049
v -65.03990 49.28300 838.51281738
v -65.01980 53.42690 973.47509766
v -65.01380 1.17820 883.35791016
v -64.96750 60.94830 999.65087891
v -64.84790 -0.84400 884.14300537
v -64.84490 31.60400 862.71038818
v -64.78550 -2.52970 897.11090088
v -64.71020 59.48060 987.99871826
v -64.48030 56.72640 868.49822998
v -64.45120 67.07690 938.10931396
v -64.41390 -1.64500 892.47021484
v -64.37730 69.86940 955.49829102
v -64.37700 65.54810 846.85992432
v -64.37500 68.11090 964.03747559
v -64.37350 70.90780 949.49719238
v -64.35480 63.99200 1009.84808350
v -64.35450 63.72250 897.60357666
v -64.34930 61.78360 862.29199219
v -64.34920 -0.60340 904.48687744
v -64.32800 67.10050 976.03381348
v -64.32550 69.06660 961.16839600
v -64.31100 73.31400 997.23931885
v -64.30410 67.14160 970.04309082
v -64.30260 75.23930 1000.17309570
v -64.30070 35.67900 899.39392090
v -64.29600 44.89300 856.37237549
v -64.29330 32.72050 863.98461914
v -64.28970 43.89280 883.68609619
v -64.28250 64.90680 853.47332764
v -64.27490 32.57600 901.50091553
v -64.27050 63.74310 889.97558594
v -64.26390 47.26360 844.67010498
v -64.26330 46.22180 850.65637207
v -64.26040 79.48480 1003.77160645
v -64.25840 48.17590 964.71319580
v -64.22930 28.47350 931.58837891
v -64.22790 7.65340 912.81707764
v -64.22640 40.96730 857.72497559
v -64.22460 39.79930 895.47332764
v -64.22410 59.70010 877.04962158
v -64.22380 41.96010 955.09912109
v -64.22280 35.71570 943.17041016
v -64.22260 10.77250 898.55822754
v -64.22260 18.06290 921.44421387
v -64.22250 10.77600 915.44982910
v -64.22230 38.88380 870.41967773
v -64.22010 61.78030 907.48529053
v -64.21890 74.22640 997.56237793
v -64.21620 81.60841 1006.27441406
v -64.20780 51.52980 832.80291748
v -64.20740 21.16280 924.18511963
v -64.19600 -0.52200 880.88580322
v -64.17950 57.76790 871.39660645
v -64.16890 36.81280 858.98840332
v -64.16780 35.81720 867.10211182
v -64.15860 71.19810 946.98999023
v -64.15770 40.90200 952.66802979
v -64.15560 64.98400 1015.50701904
v -64.15290 61.77090 880.85919189
v -64.15290 68.10140 977.07507324
v -64.14780 31.65840 861.78070068
v -64.14520 36.87600 945.09490967
v -64.13820 1.40680 880.61407471
v -64.13260 5.72560 892.43579102
v -64.13010 34.71830 940.62402344
v -64.12430 63.91090 841.10211182
v -64.10460 61.72670 835.60180664
v -64.08380 69.46930 983.22869873
v -64.08140 63.76180 931.55401611
v -64.07950 62.82300 862.21917725
v -64.06430 61.67000 928.31951904
v -64.06180 81.64391 1018.43438721
v -64.06170 42.96860 856.38757324
v -64.03970 66.83051 850.95892334
v -64.02030 45.07390 853.49487305
v -64.01570 72.18750 952.46502686
v -63.99840 70.88630 959.50762939
v -63.96840 67.05310 847.97009277
v -63.88740 23.54930 926.53350830
v -63.82160 47.01610 841.50897217
v -63.41850 66.11311 1021.28698730
v -63.41260 58.58860 868.88171387
v -63.37150 75.31651 997.50769043
v -63.35100 65.25121 1018.63220215
v -63.33630 61.63430 997.93048096
v -63.33030 68.99471 938.08978271
v -63.32910 72.28090 955.02978516
v -63.32250 62.80920 883.52239990
v -63.31160 36.80400 868.70239258
v -63.30310 70.25850 982.51818848
v -63.29400 84.71530 1006.51251221
v -63.28070 59.76870 988.97662354
v -63.26480 42.81270 890.02392578
v -63.26330 42.97190 955.71557617
v -63.26250 60.57650 916.27197266
v -63.26060 70.34550 963.83630371
v -63.26020 86.67760 1013.65942383
v -63.25950 77.32121 1000.17401123
v -63.24470 -2.61640 900.85632324
v -63.24230 70.04390 969.96472168
v -63.24090 64.68440 1009.47460938
v -63.23600 64.90400 933.05981445
v -63.23590 17.04400 920.31970215
v -63.23190 34.72500 940.21417236
v -63.23030 54.60390 976.35418701
v -63.22460 61.84940 1000.50292969
v -63.22130 81.56620 1003.77117920
v -63.18880 43.16290 886.33502197
v -63.18820 40.96630 893.58447266
v -63.18680 59.80700 919.17608643
v -63.18290 59.64720 868.64099121
v -63.18250 40.05560 894.24530029
v -63.18220 10.76830 898.24462891
v -63.18180 62.81600 904.49462891
v -63.18150 12.85750 899.61151123
v -63.17930 57.66710 830.47229004
v -63.17920 41.02470 876.08288574
v -63.17800 60.67230 991.96307373
v -63.17630 87.52810 1012.28771973
v -63.17460 15.98760 901.45678711
v -63.17100 52.42830 829.86590576
v -63.17080 64.69521 895.47100830
v -63.16850 -2.85310 896.28668213
v -63.16100 1.41190 877.94567871
v -63.12390 13.84460 917.47552490
v -63.12390 72.30310 988.32647705
v -63.12130 38.94930 949.24829102
v -63.11950 32.58180 865.43298340
v -63.11090 30.61890 861.80627441
v -63.10830 83.71680 1004.98150635
v -63.10620 42.89640 880.73187256
v -63.10190 5.64870 911.21661377
v -63.10110 -2.61270 883.51397705
v -63.08620 71.10460 969.13909912
v -63.07380 66.14280 856.05621338
v -63.05980 86.71590 1006.68060303
v -63.05650 72.23200 961.39422607
v -63.03580 87.73230 1009.49780273
v -63.02770 73.33350 955.50537109
v -63.02180 0.37110 906.08032227
v -63.00250 29.60260 862.50067139
v -62.97810 41.81310 877.66241455
v -62.97460 74.27171 949.72467041
v -62.97340 56.45190 829.39782715
v -62.97320 72.32290 943.88739014
v -62.96610 2.51220 877.78790283
v -62.53130 4.30010 883.66131592
v -62.47300 -2.68260 889.69549561
v -62.33360 77.40000 997.52221680
v -62.32500 68.52050 846.94860840
v -62.30600 72.19241 980.23889160
v -62.29640 73.30970 961.02288818
v -62.29570 74.35220 955.03131104
v -62.28740 74.43350 991.71679688
v -62.28600 1.46550 907.40899658
v -62.25120 -2.74780 886.79809570
v -62.24900 67.96920 853.53021240
v -62.24250 68.09660 936.05462646
v -62.23180 60.49750 922.74462891
v -62.22110 72.34790 967.08587646
v -62.22010 79.39830 1000.16552734
v -62.21940 34.63650 899.27648926
v -62.21870 37.76420 896.50738525
v -62.21810 73.38420 988.03491211
v -62.21790 49.30620 967.18103027
v -62.20450 25.28790 926.58441162
v -62.19760 41.02190 892.47668457
v -62.19690 87.80431 1006.61700439
v -62.19560 40.90420 856.41699219
v -62.19370 33.73060 859.61260986
v -62.17980 61.77960 832.38519287
v -62.14830 82.83860 1003.36798096
v -62.14670 32.63830 934.47357178
v -62.14620 34.83180 937.92761230
v -62.14530 49.29440 830.65930176
v -62.14320 85.58910 1015.48028564
v -62.14280 27.43110 928.35552979
v -62.14180 9.73480 895.57647705
v -62.14120 -0.67230 878.27398682
v -62.14010 63.76210 901.63842773
v -62.13860 -2.61080 880.72692871
v -62.13800 61.77950 910.48822021
v -62.13670 61.84280 868.05859375
v -62.13580 50.38540 829.69519043
v -62.13440 75.29980 949.97839355
v -62.10740 84.54330 1003.59960938
v -62.10380 59.57970 829.71838379
v -62.09970 39.86700 874.74377441
v -62.08290 6.55750 911.45660400
v -62.08180 -1.64540 904.06219482
v -62.07710 87.80400 1012.26147461
v -62.07550 1.46760 876.80126953
v -62.07330 38.12440 946.60198975
v -62.07080 68.98380 850.49029541
v -62.06800 88.78530 1009.27661133
v -62.06340 64.02320 931.48779297
v -62.06080 64.01830 898.69140625
v -62.05910 9.81410 914.20690918
v -62.05560 53.53420 973.66662598
v -62.05480 82.54270 1018.40417480
v -62.03880 62.83060 832.66632080
v -62.02490 -3.50310 883.66589355
v -62.02020 62.89000 865.81677246
v -62.01650 77.39951 1021.36328125
v -62.00940 60.74650 874.50292969
v -62.00630 73.36230 979.45611572
v -62.00570 35.76010 869.77282715
v -62.00330 64.91120 835.58337402
v -62.00220 75.32990 991.29302979
v -61.99320 72.26660 940.79852295
v -61.96820 -3.61460 897.68841553
v -61.95940 55.47390 976.67407227
v -61.95250 60.66250 925.41271973
v -61.93600 75.24720 961.87579346
v -61.93470 4.45740 877.89178467
v -61.93430 76.34541 955.46160889
v -61.91130 66.12930 1015.49951172
v -61.90970 74.27351 970.16601562
v -61.89590 36.94910 942.98107910
v -61.86800 59.70070 919.84613037
v -61.85410 89.75070 1006.58630371
v -61.48540 60.81540 992.06610107
v -61.43360 59.62370 988.02398682
v -61.35420 53.59160 826.99200439
v -61.33840 61.70170 928.38562012
v -61.29080 79.28530 996.96899414
v -61.25870 65.98540 861.58618164
v -61.25590 75.07900 982.95520020
v -61.25180 76.11650 961.51812744
v -61.24120 76.88040 951.37249756
v -61.22950 60.81320 871.63269043
v -61.22700 66.22960 1018.42822266
v -61.20670 41.13590 952.40142822
v -61.19980 58.91210 922.36621094
v -61.18210 64.81210 887.89892578
v -61.18160 33.59860 899.04229736
v -61.17820 77.22480 955.46087646
v -61.17630 -0.74060 904.54351807
v -61.17580 65.79570 1009.71032715
v -61.16980 22.16220 922.56591797
v -61.16860 57.72980 828.02081299
v -61.16680 81.62260 1000.21582031
v -61.15930 76.42630 990.92889404
v -61.15760 42.98280 850.68170166
v -61.15680 71.28630 937.91137695
v -61.15490 21.14900 902.06158447
v -61.15480 29.45140 901.41699219
v -61.15320 62.97350 1003.39691162
v -61.15220 36.74400 871.47607422
v -61.14880 3.54370 876.06567383
v -61.14500 76.42520 1021.38610840
v -61.14440 5.38080 878.35327148
v -61.11110 57.96520 982.90930176
v -61.11000 74.36720 974.01397705
v -61.10540 85.53130 1003.03302002
v -61.10240 62.82210 929.75469971
v -61.10170 41.02910 880.40197754
v -61.10130 75.41580 965.06317139
v -61.10080 8.62490 892.21508789
v -61.10080 28.47240 927.56738281
v -61.10040 9.72640 895.02862549
v -61.10040 44.10870 844.10882568
v -61.10040 69.06910 935.32897949
v -61.10010 44.43170 840.92651367
v -61.10000 66.98880 933.57647705
v -61.09980 17.02400 900.50689697
v -61.09970 60.73060 916.25091553
v -61.09960 64.91040 1006.96398926
v -61.09950 39.92420 893.58972168
v -61.09940 64.78661 897.83142090
v -61.09900 11.81580 897.30267334
v -61.09790 62.81900 907.49127197
v -61.09530 59.69620 921.59857178
v -61.09440 15.98520 918.44250488
v -61.09390 51.50450 827.90917969
v -61.08920 32.58070 931.70977783
v -61.06980 2.44880 875.97009277
v -61.05130 44.11620 958.14801025
v -61.04440 88.74751 1003.63629150
v -61.04350 64.04350 883.72399902
v -61.04190 3.43480 908.47460938
v -61.03950 -3.72190 886.17749023
v -61.02790 67.07560 1020.35089111
v -61.02630 63.86660 832.28112793
v -61.02310 76.35710 985.44592285
v -61.01740 42.96070 886.96728516
v -61.01700 69.85220 853.64300537
v -61.01510 27.77560 862.54937744
v -61.01470 47.13360 962.69012451
v -61.00720 68.10360 856.67449951
v -61.00150 60.99490 874.30328369
v -61.00140 78.39230 991.93438721
v -60.97330 51.30430 970.00952148
v -60.96820 42.20060 889.19067383
v -60.94640 18.21720 920.18792725
v -60.93980 55.29130 826.49468994
v -60.87890 62.04210 999.93920898
v -60.86890 77.39700 967.17279053
v -60.86640 78.43300 958.66760254
v -60.85710 75.48170 943.88128662
v -60.84680 61.52950 993.93121338
v -60.25780 27.40810 901.50677490
v -60.25130 77.26780 971.05871582
v -60.24500 81.21060 996.36920166
v -60.22700 35.67330 935.04357910
v -60.22180 77.44600 984.35229492
v -60.21710 68.82211 841.73101807
v -60.20740 84.61350 1000.34619141
v -60.20420 90.92320 1004.09368896
v -60.19960 34.71510 934.20788574
v -60.19190 64.70050 901.29040527
v -60.18470 74.28890 940.56280518
v -60.16510 65.94220 862.67321777
v -60.15490 79.27570 958.76721191
v -60.14270 27.77030 862.80279541
v -60.14030 52.32650 970.69079590
v -60.13800 30.61850 928.31530762
v -60.13790 78.59520 961.04479980
v -60.12650 29.31490 865.14349365
v -60.12150 38.93750 856.41668701
v -60.11910 69.96750 847.87652588
v -60.11360 39.97890 892.58972168
v -60.11230 69.00060 856.43872070
v -60.10590 58.61769 925.40460205
v -60.10060 -3.43630 880.64062500
v -60.09890 20.17070 901.48217773
v -60.09110 60.68830 826.85900879
v -60.08420 38.74600 943.31121826
v -60.08010 56.64410 826.49652100
v -60.07210 28.48080 864.76989746
v -60.06320 27.42700 925.28479004
v -60.06150 65.84250 1009.09320068
v -60.06060 41.88120 952.38568115
v -60.06030 -1.63750 877.69439697
v -60.06020 25.34400 923.95758057
v -60.06000 31.59810 867.41302490
v -60.06000 34.72120 870.41412354
v -60.05960 12.85890 915.55712891
v -60.05940 37.71670 895.46630859
v -60.05900 32.63580 899.20330811
v -60.05850 20.14490 920.75592041
v -60.05850 61.70890 913.32617188
v -60.05850 63.85720 904.49548340
v -60.05770 63.73280 930.71282959
v -60.05720 37.84780 874.62927246
v -60.05680 41.03030 881.16937256
v -60.05670 90.78460 1009.29852295
v -60.05600 40.97220 853.45098877
v -60.05230 -3.88330 893.04772949
v -60.04980 32.69720 860.14862061
v -60.04980 65.73760 895.18780518
v -60.04920 65.73890 890.25292969
v -60.04730 4.47210 874.75891113
v -60.04680 5.62020 877.12091064
v -60.03780 58.56890 982.64019775
v -60.03710 69.07970 1021.10412598
v -60.01520 59.79170 916.90252686
v -60.00830 28.49030 862.11682129
v -60.00400 30.61460 866.99328613
v -60.00400 88.78280 1012.39062500
v -60.00320 58.42850 920.10498047
v -60.00150 48.30820 828.03942871
v -60.00090 33.73430 869.99157715
v -59.98830 -1.71010 902.90948486
v -59.98700 91.69180 1006.50518799
v -59.98050 13.99600 898.46289062
v -59.97890 0.44360 905.42932129
v -59.97870 10.85680 914.20458984
v -59.97600 78.59570 949.96472168
v -59.97300 47.13230 961.82452393
v -59.97220 50.25740 826.61492920
v -59.96800 59.38430 984.80889893
v -59.95010 48.05440 964.12847900
v -59.94540 8.68500 889.40972900
v -59.93780 74.13940 1021.33148193
v -59.92650 62.90540 1000.86401367
v -59.92130 79.74651 988.86798096
v -59.91770 80.37730 955.87677002
v -59.90120 71.60310 1021.30749512
v -59.87860 79.30680 970.25292969
v -59.87110 78.63641 981.63787842
v -59.86220 53.25330 972.97583008
v -59.85670 66.13831 832.84588623
v -59.82570 80.51490 961.32739258
v -59.82390 91.73820 1003.52148438
v -59.80720 5.49250 874.60821533
v -59.39300 7.54290 883.97479248
v -59.29740 64.61730 880.82409668
v -59.28800 42.78570 886.78210449
v -59.27850 33.67180 928.58312988
v -59.27570 90.02090 1001.14489746
v -59.22490 61.78870 994.64471436
v -59.21810 56.64170 979.29559326
v -59.19120 56.73820 922.67309570
v -59.17180 40.81110 853.45129395
v -59.16670 84.61230 997.28100586
v -59.14350 -3.98740 889.50360107
v -59.13990 80.66660 988.50927734
v -59.11740 83.74420 995.08807373
v -59.11570 29.44310 925.33740234
v -59.11110 24.22930 922.42651367
v -59.09910 79.63610 973.04559326
v -59.09760 1.32900 875.05432129
v -59.09610 37.71300 936.56140137
v -59.09000 64.82550 868.18957520
v -59.07980 57.21900 919.78021240
v -59.07900 67.82910 835.70220947
v -59.07090 66.92080 862.46057129
v -59.06050 28.58250 862.93127441
v -59.05540 62.83040 826.85711670
v -59.02980 80.61380 964.95581055
v -59.02150 38.75790 856.35351562
v -59.02050 42.07530 952.47241211
v -59.01980 43.10780 955.27880859
v -59.01770 61.77030 913.13720703
v -59.01750 37.97330 894.24749756
v -59.01750 66.98950 933.01208496
v -59.01720 38.88780 877.90258789
v -59.01640 8.69050 911.96411133
v -59.01550 47.27740 827.55242920
v -59.01340 65.85030 895.12078857
v -59.01220 -4.63220 892.21948242
v -59.01020 54.50300 824.53558350
v -59.00990 60.97250 991.50390625
v -59.00450 92.02690 1006.46990967
v -59.00310 37.65240 931.83929443
v -58.98860 70.11670 934.56488037
v -58.98350 77.43280 943.29620361
v -58.96690 58.71680 928.44409180
v -58.95860 56.58380 925.72882080
v -58.95730 62.81400 910.26489258
v -58.95400 3.54900 873.85711670
v -58.94830 75.31831 938.44848633
v -58.94300 -3.78520 898.81640625
v -58.94300 70.15930 853.61798096
v -58.93970 81.55490 970.67047119
v -58.93710 63.94620 827.64331055
v -58.93390 8.92220 889.16137695
v -58.93380 73.31820 936.34387207
v -58.92910 5.64950 873.68249512
v -58.92740 82.59610 1018.29992676
v -58.92520 66.99040 1009.63757324
v -58.92270 32.57240 925.34771729
v -58.89860 35.83360 926.29101562
v -58.89650 91.63200 1000.52600098
v -58.88560 81.67841 985.30261230
v -58.88100 81.55290 952.88037109
v -58.87860 86.83060 997.36047363
v -58.87700 82.46581 959.28070068
v -58.87660 28.48120 866.66912842
v -58.86440 53.59950 922.71600342
v -58.86240 54.88820 919.26049805
v -58.80580 66.04591 889.23498535
v -58.75700 68.34570 838.49261475
v -58.75340 -4.55910 883.13470459
v -58.71040 45.07420 958.48419189
v -58.62340 60.54600 988.09948730
v -58.61300 70.93930 850.30029297
v -58.50950 62.61480 997.16778564
v -58.47940 69.02490 1018.35449219
v -58.30940 7.41750 877.50457764
v -58.26080 63.69520 874.51879883
v -58.25270 55.70200 976.83691406
v -58.25200 41.25050 847.98400879
v -58.11610 85.84400 994.28399658
v -58.11360 47.21680 963.08178711
v -58.11120 63.04000 1000.44097900
v -58.10030 35.77920 922.61358643
v -58.09510 52.90610 925.01989746
v -58.07420 54.63570 916.90179443
v -58.07090 63.85860 871.65881348
v -58.06400 71.08421 1019.42602539
v -58.06090 82.90411 984.34881592
v -58.05900 20.06430 919.39007568
v -58.05820 30.47440 861.90679932
v -58.05770 90.85410 1010.48120117
v -58.05540 35.67750 896.27459717
v -58.05170 55.60420 928.00939941
v -58.05040 87.97560 997.33666992
v -58.04860 59.68490 915.46508789
v -58.04350 39.34880 928.63079834
v -58.03550 52.41730 970.86450195
v -58.03310 1.46810 874.57550049
v -58.03260 37.90200 856.45489502
v -58.03100 64.90891 880.35980225
v -58.01710 83.69590 966.20550537
v -57.99440 39.84820 939.81127930
v -57.98330 -4.76600 889.59722900
v -57.98210 22.22660 919.60400391
v -57.98100 61.92060 931.58807373
v -57.98050 33.73210 860.25122070
v -57.97980 64.90750 827.89349365
v -57.97960 42.21780 952.40850830
v -57.97820 82.79850 971.10302734
v -57.97800 14.92860 898.28070068
v -57.97760 12.85160 895.54669189
v -57.97700 52.27520 823.73699951
v -57.97670 43.24730 838.51208496
v -57.97620 -4.62280 898.20288086
v -57.97580 65.94590 829.48132324
v -57.97550 66.99060 933.02581787
v -57.97490 -2.61600 901.45941162
v -57.97490 85.72210 1015.39862061
v -57.97440 39.92610 882.36499023
v -57.97420 63.65230 907.99969482
v -57.97410 65.03060 901.11297607
v -57.97290 59.69980 824.41278076
v -57.97230 41.79560 889.27990723
v -57.97190 35.76070 858.47631836
v -57.96970 -1.84130 877.53631592
v -57.96930 39.92890 853.43450928
v -57.96520 82.16840 951.38439941
v -57.95060 45.01460 919.43750000
v -57.94210 28.86400 922.15899658
v -57.92430 73.99480 1019.47009277
v -57.92090 65.90041 1006.33251953
v -57.92040 31.53930 861.66107178
v -57.91920 44.15400 835.33862305
v -57.91870 15.97700 898.91699219
v -57.91840 -3.72830 899.90307617
v -57.91780 84.34410 970.95788574
v -57.91650 28.42530 863.67791748
v -57.91440 27.56680 865.58618164
v -57.91150 40.25060 917.06378174
v -57.89920 84.71740 985.38970947
v -57.89670 4.61080 908.29931641
v -57.89590 62.73630 910.35290527
v -57.89470 66.81770 892.70141602
v -57.86850 70.11820 1015.86859131
v -57.86440 45.46100 925.96527100
v -57.86020 83.63140 956.14617920
v -57.84970 36.30750 919.12542725
v -57.84600 68.15060 859.60107422
v -57.84320 30.55370 869.76849365
v -57.84120 33.67750 872.77111816
v -57.84050 88.78820 1012.56042480
v -57.83790 78.44260 940.61779785
v -57.83440 58.65960 823.55603027
v -57.83170 91.91531 1009.23901367
v -57.82870 40.17060 937.70031738
v -57.82190 31.43690 921.78100586
v -57.81960 70.17281 856.02740479
v -57.80590 64.73270 904.32128906
v -57.78750 44.10140 928.52337646
v -57.74800 10.06990 889.66589355
v -57.70230 94.04530 1000.51257324
v -57.66490 61.63410 991.28662109
v -57.64170 57.57450 979.43377686
v -57.29140 40.82490 942.76312256
v -57.20100 69.97971 1013.01098633
v -57.16890 11.65240 892.54638672
v -57.16160 71.58460 1018.11700439
v -57.13610 38.61510 916.49291992
v -57.13080 42.85130 932.13018799
v -57.12960 9.38610 883.49639893
v -57.09820 45.14750 928.73858643
v -57.08120 52.57320 928.32067871
v -57.08080 69.66100 837.92150879
v -57.07240 85.89800 984.15472412
v -57.07230 42.14100 949.66137695
v -57.05790 91.77410 995.06860352
v -57.05290 88.88120 994.04412842
v -57.05070 33.00780 916.98590088
v -57.04090 79.44660 1018.95019531
v -57.02000 47.30330 964.27197266
v -57.01950 41.76150 886.83862305
v -57.01200 66.91570 1006.82202148
v -57.01130 80.52081 1018.47991943
v -56.99640 40.90840 889.38507080
v -56.99440 84.67740 955.53649902
v -56.99360 46.28700 826.77172852
v -56.98730 29.45660 898.37017822
v -56.95280 17.01760 916.52630615
v -56.95090 23.33840 919.11291504
v -56.94710 28.12580 919.44671631
v -56.94680 26.81130 865.53942871
v -56.94590 75.34210 1019.07232666
v -56.94430 18.05790 917.37902832
v -56.94370 15.98480 898.38977051
v -56.94310 44.19210 913.25762939
v -56.94290 41.82300 844.52270508
v -56.94280 70.22750 841.54138184
v -56.93910 28.54730 868.20312500
v -56.93910 53.32700 913.24237061
v -56.93880 -4.58190 898.46917725
v -56.93820 42.98810 838.53070068
v -56.93800 12.79200 894.93280029
v -56.93650 82.60650 1016.76318359
v -56.93650 93.84060 1006.39178467
v -56.93580 65.94151 898.48760986
v -56.93400 31.73030 897.34381104
v -56.93290 37.83680 893.58312988
v -56.93260 18.05680 899.02197266
v -56.93250 64.91180 1003.27832031
v -56.93120 13.90220 914.61853027
v -56.92760 7.59060 871.90612793
v -56.92640 49.16350 823.69952393
v -56.92380 94.81450 1003.49188232
v -56.92330 66.03740 933.26629639
v -56.89390 25.37640 898.59387207
v -56.88930 71.15770 1015.09442139
v -56.88840 57.67070 931.32318115
v -56.88180 59.83710 931.75262451
v -56.87870 2.39430 905.64752197
v -56.87830 74.18050 934.61791992
v -56.87780 67.98400 1009.31048584
v -56.87640 8.69210 880.11859131
v -56.87640 29.57310 869.65539551
v -56.87320 16.96470 898.43048096
v -56.86960 -2.95710 878.06329346
v -56.86920 93.99680 997.50042725
v -56.86680 31.53940 916.93859863
v -56.86340 85.72400 958.74127197
v -56.85660 66.81890 883.73406982
v -56.85260 -3.71110 899.61352539
v -56.84970 8.77600 911.20141602
v -56.84910 86.77600 978.99688721
v -56.83960 29.46400 864.07568359
v -56.83760 45.02750 932.09442139
v -56.83460 36.30630 916.03717041
v -56.82300 54.58640 930.01287842
v -56.81620 65.94730 868.50158691
v -56.80750 64.97660 871.87371826
v -56.78800 8.88650 876.93597412
v -56.77640 42.26080 940.73162842
v -56.75230 8.69310 872.13201904
v -56.73460 52.01160 909.92700195
v -56.72030 82.67890 946.69329834
v -56.71960 74.05431 1015.80957031
v -56.70210 50.36390 968.89562988
v -56.68640 67.06510 889.49798584
v -56.67410 45.64180 909.91918945
v -56.62220 52.47180 971.99261475
v -56.58990 66.05950 826.43548584
v -56.14860 23.98140 898.61401367
v -56.14550 79.41230 1018.22277832
v -56.13010 43.98200 910.51452637
v -56.10480 28.52500 865.72149658
v -56.10230 8.88800 881.06799316
v -56.10070 75.40440 1017.96636963
v -56.09260 56.50740 931.39630127
v -56.06320 63.85250 907.14129639
v -56.05470 65.06190 874.72802734
v -56.04750 59.70290 822.58007812
v -56.03990 47.79270 931.53118896
v -56.02970 88.01060 978.59808350
v -56.02810 43.19110 940.31030273
v -56.01390 38.28810 910.98059082
v -55.99570 -4.87430 892.02062988
v -55.99570 81.40231 943.04431152
v -55.99430 93.11580 992.08898926
v -55.98950 17.98250 916.38958740
v -55.98400 43.28630 952.71099854
v -55.98170 55.37090 910.48388672
v -55.97600 36.79410 857.92041016
v -55.97600 87.72630 1013.54272461
v -55.96670 0.42870 874.60101318
v -55.96310 43.05400 949.48767090
v -55.96120 17.97340 898.19531250
v -55.95810 39.01370 853.36389160
v -55.95760 62.76620 908.69842529
v -55.95410 60.79760 910.48352051
v -55.95250 10.77190 886.48822021
v -55.94630 34.77960 860.29528809
v -55.94230 9.72740 871.85400391
v -55.93530 34.66100 895.27789307
v -55.93390 38.29290 880.91357422
v -55.91090 23.12080 916.58862305
v -55.90930 42.19790 838.56890869
v -55.90630 40.89040 910.27069092
v -55.90340 46.17560 934.50891113
v -55.89990 29.57700 916.25311279
v -55.89980 44.09660 939.92480469
v -55.89860 40.08260 884.08300781
v -55.89790 31.65150 863.44970703
v -55.89780 13.97420 914.20117188
v -55.89630 66.89310 895.49420166
v -55.89620 40.77730 847.51739502
v -55.89570 28.71450 868.21679688
v -55.89520 69.06841 858.38769531
v -55.89400 44.16760 832.12182617
v -55.89300 64.89481 904.23571777
v -55.89240 58.73230 910.56896973
v -55.89240 61.65200 933.43212891
v -55.89170 71.04840 842.49029541
v -55.89120 66.99250 1006.29650879
v -55.89060 47.15660 823.88781738
v -55.89060 66.91560 883.11499023
v -55.88880 6.73880 871.25408936
v -55.85200 80.45200 1015.70367432
v -55.84070 94.05020 1006.37799072
v -55.83980 34.94200 876.22729492
v -55.83830 6.55620 908.64892578
v -55.83760 89.83000 1012.28790283
v -55.83600 29.40580 865.68041992
v -55.83430 75.38420 1015.31140137
v -55.83320 63.81540 823.58300781
v -55.82900 76.30531 934.63342285
v -55.82850 51.51480 822.37530518
v -55.82210 95.98790 1000.49700928
v -55.81470 -0.59420 902.42498779
v -55.81330 68.18420 859.87048340
v -55.81200 8.77800 871.19622803
v -55.81000 61.86200 822.69042969
v -55.80770 10.57550 874.95428467
v -55.78440 88.94720 968.02331543
v -55.76960 94.91911 991.43957520
v -55.75510 89.88641 976.30560303
v -55.71650 36.15960 910.50262451
v -55.70480 47.22960 934.52288818
v -55.69050 87.95510 959.48950195
v -55.66490 42.58150 906.98681641
v -55.64890 30.41730 913.50878906
v -55.63200 54.44120 907.10961914
v -55.62500 85.81630 952.12658691
v -55.53670 67.01940 865.95111084
v -55.53550 67.82830 890.05981445
v -55.29760 60.57480 987.81512451
v -55.24250 57.67990 979.51971436
v -55.18060 45.27940 958.59442139
v -55.15250 65.94170 873.93609619
v -55.13930 63.00420 997.57843018
v -55.10860 9.93680 880.30950928
v -55.08870 14.62280 895.12207031
v -55.02950 81.64990 1014.64959717
v -55.02450 36.79600 892.39862061
v -55.02120 49.35440 967.32202148
v -55.02080 -2.91590 877.65838623
v -55.02060 34.81160 910.28582764
v -55.00400 95.89610 991.50811768
v -54.99570 37.60190 856.63317871
v -54.96000 52.58510 932.94537354
v -54.95700 91.04321 975.86212158
v -54.95600 48.52700 934.54608154
v -54.95080 72.19960 1012.43450928
v -54.94970 76.84361 1014.06622314
v -54.93730 39.04270 889.10321045
v -54.93480 29.68680 871.24291992
v -54.93100 71.14650 852.32110596
v -54.93020 59.55350 982.82879639
v -54.92670 39.73100 883.80639648
v -54.91960 47.42210 964.30480957
v -54.91690 87.68460 1013.23748779
v -54.91650 58.21130 907.80737305
v -54.91250 37.83730 889.92919922
v -54.90380 32.57490 895.17681885
v -54.89630 70.07301 933.65130615
v -54.88340 78.40820 934.86932373
v -54.86180 75.32530 1012.81896973
v -54.85930 -4.56330 880.25659180
v -54.85620 -4.77540 895.19567871
v -54.85540 34.73650 876.42761230
v -54.85530 15.98330 914.27362061
v -54.85520 39.73280 850.51220703
v -54.85430 31.53390 864.17559814
v -54.85420 31.59870 873.71838379
v -54.85370 95.98930 1003.42962646
v -54.85350 84.68771 1014.23217773
v -54.85330 41.16700 841.50421143
v -54.85330 42.01290 838.51177979
v -54.85220 29.37780 895.65319824
v -54.85200 46.30350 823.77899170
v -54.85180 93.08410 1008.45727539
v -54.85160 55.40540 820.66857910
v -54.85130 65.73540 901.95837402
v -54.84660 71.27710 841.55371094
v -54.84560 89.95050 962.26409912
v -54.84410 67.05080 880.49182129
v -54.84410 96.90010 1000.49468994
v -54.84000 12.72710 871.81689453
v -54.83060 26.34320 896.49371338
v -54.81500 61.97910 934.48400879
v -54.79590 3.43480 905.47338867
v -54.79310 10.94570 880.33337402
v -54.78800 56.52160 820.58380127
v -54.78680 72.01270 845.28747559
v -54.78480 59.85770 985.25677490
v -54.78450 -4.90260 889.32421875
v -54.77940 68.02261 886.50268555
v -54.77730 25.27860 913.69989014
v -54.77380 63.94590 822.80181885
v -54.76970 71.94030 850.28741455
v -54.76950 58.93920 934.45159912
v -54.76660 11.89490 871.00958252
v -54.76130 79.56510 935.63623047
v -54.75980 95.98320 985.76971436
v -54.74900 91.07600 968.20501709
v -54.72260 92.06750 973.42950439
v -54.70560 40.85260 904.71850586
v -54.67070 30.86760 910.15820312
v -54.66380 35.59990 907.05871582
v -54.65360 82.66750 940.60839844
v -54.64590 -4.93960 886.79150391
v -54.61830 35.70390 892.12231445
v -54.56010 13.78270 871.90887451
v -54.55370 61.79399 991.78271484
v -54.16850 23.97220 913.86462402
v -54.11310 29.61220 910.63928223
v -54.10100 52.65660 972.22399902
v -54.08670 89.83010 958.85607910
v -54.08210 84.46140 943.50671387
v -54.07700 38.94330 886.50170898
v -54.05160 61.61570 907.66271973
v -54.03680 33.47030 907.62408447
v -54.03450 28.29650 895.54968262
v -53.99340 97.17661 994.31048584
v -53.97240 11.96590 880.27929688
v -53.95320 91.62550 963.96478271
v -53.94530 12.91510 886.27471924
v -53.94450 54.49390 820.53649902
v -53.92890 45.19480 944.14270020
v -53.92000 67.79330 895.33532715
v -53.91460 93.20171 973.41198730
v -53.91090 34.92150 877.58068848
v -53.90940 77.45040 933.86779785
v -53.90550 38.78970 853.33551025
v -53.90330 34.81420 892.27307129
v -53.89460 -5.54510 892.61376953
v -53.89460 66.90891 871.44531250
v -53.89330 69.94630 829.81610107
v -53.89270 28.46380 910.46612549
v -53.89150 91.89420 1010.14709473
v -53.88200 38.74610 883.73529053
v -53.88180 62.82330 906.45849609
v -53.88010 66.92020 898.45880127
v -53.87560 30.40600 871.22222900
v -53.87480 59.83880 907.14270020
v -53.87030 4.64520 871.57019043
v -53.86790 31.54980 874.07232666
v -53.86110 12.91290 870.75408936
v -53.83130 0.31160 874.49377441
v -53.82360 75.31080 933.56140137
v -53.81970 30.55770 866.88018799
v -53.81840 34.71040 860.89801025
v -53.81750 57.67570 934.59259033
v -53.81720 29.50580 894.14147949
v -53.81600 69.06860 827.65509033
v -53.81560 78.28000 1012.52178955
v -53.81460 59.65770 982.56848145
v -53.81460 95.08601 1006.21588135
v -53.81430 -0.67150 900.42022705
v -53.81350 69.07520 1006.58520508
v -53.81300 9.73350 909.69812012
v -53.81270 -3.71880 877.77081299
v -53.81230 40.12600 844.50421143
v -53.81230 40.97190 841.51177979
v -53.81190 -2.75040 898.19451904
v -53.81150 7.65460 908.45227051
v -53.81120 42.20480 835.49468994
v -53.81090 65.95320 934.92602539
v -53.81090 72.04221 849.82299805
v -53.81080 36.74180 880.25097656
v -53.81020 69.12110 856.35797119
v -53.81000 64.91300 1000.27886963
v -53.80950 46.04080 823.73419189
v -53.80710 32.63660 892.51519775
v -53.79850 14.81060 871.75537109
v -53.79690 60.68980 820.64160156
v -53.76430 44.54860 952.47277832
v -53.76120 37.83890 886.62640381
v -53.75860 63.91720 904.46881104
v -53.75810 90.87460 1010.52087402
v -53.75730 1.35370 902.90612793
v -53.75660 47.14220 940.70220947
v -53.75390 43.16790 832.01940918
v -53.75230 47.15540 822.22222900
v -53.74770 96.18790 982.11859131
v -53.74430 58.53200 820.48590088
v -53.74030 81.56100 937.31262207
v -53.74010 68.82391 886.49481201
v -53.73820 56.66040 977.61737061
v -53.73240 3.57010 905.28833008
v -53.73190 -5.62780 883.28680420
v -53.73190 70.02650 853.55450439
v -53.72500 19.57700 895.23522949
v -53.70670 50.46060 820.56201172
v -53.70360 93.95731 970.78967285
v -53.69800 51.79080 970.72467041
v -53.69540 80.52120 935.73901367
v -53.69530 98.03960 997.49041748
v -53.67620 67.97791 863.14752197
v -53.66870 85.72150 943.67321777
v -53.65730 38.79390 903.77587891
v -53.65100 33.83590 904.49230957
v -53.61480 16.89200 892.16912842
v -53.61190 26.32600 894.79339600
v -53.60810 98.15180 994.47113037
v -53.58810 47.43880 961.26068115
v -53.56230 72.35030 844.50030518
v -53.54290 92.10191 961.70202637
v -53.51900 15.86870 871.83197021
v -53.06670 12.56400 911.26440430
v -52.97640 80.59290 1012.56280518
v -52.97070 50.33020 937.61352539
v -52.97030 25.35280 910.38500977
v -52.94150 -4.88030 892.24609375
v -52.93010 38.95480 901.26312256
v -52.92410 18.00360 892.35369873
v -52.90980 60.61790 985.29968262
v -52.90890 94.75380 969.95928955
v -52.90150 98.01580 986.05603027
v -52.89350 15.25330 888.24188232
v -52.88820 35.64320 859.37512207
v -52.87980 68.88700 859.66491699
v -52.87690 49.24560 964.28948975
v -52.87510 67.18211 867.90832520
v -52.85490 -0.60090 900.09478760
v -52.85390 15.09740 877.08898926
v -52.85090 68.18340 892.02917480
v -52.84900 24.30930 910.45117188
v -52.83920 37.85180 853.59368896
v -52.83770 86.82350 1012.41052246
v -52.83640 67.14960 874.15258789
v -52.83430 -0.58390 874.61199951
v -52.83330 39.08400 847.68548584
v -52.83240 62.88130 904.53833008
v -52.83170 30.62240 868.42211914
v -52.82820 58.72410 979.59088135
v -52.82750 89.83170 1010.43457031
v -52.82690 70.10350 829.46960449
v -52.82080 65.99510 901.09747314
v -52.81900 14.99010 870.06170654
v -52.81490 73.30040 1009.38146973
v -52.80370 55.52570 901.14221191
v -52.79150 11.87800 870.13452148
v -52.77590 93.01000 1008.72412109
v -52.77470 79.53930 1011.62072754
v -52.77460 97.03610 1003.27868652
v -52.77370 71.15190 1007.86669922
v -52.77260 39.93090 844.51562500
v -52.77260 64.90750 822.24548340
v -52.77220 57.62370 977.89111328
v -52.77210 51.42880 937.57202148
v -52.77200 68.89960 880.74462891
v -52.77190 66.98480 823.71289062
v -52.77150 -3.73960 895.34490967
v -52.77060 31.67540 874.23187256
v -52.77060 55.54020 975.36090088
v -52.77050 76.36620 1009.83709717
v -52.76960 -4.95300 880.60449219
v -52.76950 65.95000 935.29211426
v -52.76930 66.99080 1003.18560791
v -52.76730 69.07550 854.01269531
v -52.76720 15.98800 911.88128662
v -52.76720 63.91280 997.40472412
v -52.76580 21.21660 911.84381104
v -52.76560 48.12050 820.67919922
v -52.76510 98.00920 1000.49609375
v -52.76480 72.19470 847.52410889
v -52.75460 73.17661 841.66857910
v -52.75180 16.94930 871.60601807
v -52.69620 68.33770 856.73712158
v -52.69440 16.05200 880.69519043
v -52.68990 50.41330 966.23748779
v -52.66710 26.54920 907.31158447
v -52.65680 93.13130 961.76812744
v -52.65470 68.19130 934.51080322
v -52.64010 95.09250 1006.28692627
v -52.63790 96.91430 975.94128418
v -52.62740 38.81470 898.72119141
v -52.61880 99.15051 994.61767578
v -52.61140 22.22980 910.34771729
v -52.60640 99.17830 991.25018311
v -52.60380 69.14620 886.48840332
v -52.60220 -5.68930 888.81878662
v -52.56720 17.76430 875.06951904
v -52.29520 71.67710 933.65100098
v -52.18400 48.20270 942.93188477
v -52.06410 46.24100 952.68890381
v -52.00230 28.40280 904.70080566
v -51.96220 47.22180 946.50030518
v -51.93770 32.49750 901.50549316
v -51.88990 37.93120 898.26409912
v -51.88420 32.47610 865.38201904
v -51.88340 33.59740 862.62707520
v -51.87480 80.57040 933.24090576
v -51.86080 68.86820 892.29357910
v -51.85680 97.94801 976.29669189
v -51.85530 99.06130 983.05957031
v -51.85100 18.07420 889.07037354
v -51.83790 17.13720 885.83288574
v -51.83330 -5.66460 880.66857910
v -51.83200 36.70050 883.50012207
v -51.83080 68.12830 877.52258301
v -51.80900 19.04130 871.80828857
v -51.80750 64.83960 997.74688721
v -51.80540 61.95220 994.13311768
v -51.79730 36.67520 856.37921143
v -51.79390 38.03900 850.68402100
v -51.79230 38.88900 847.69287109
v -51.79060 36.58120 880.86718750
v -51.78610 74.27290 841.52459717
v -51.74150 13.88940 910.46618652
v -51.74000 39.37890 895.63690186
v -51.73610 54.43040 895.89788818
v -51.73420 66.85281 899.62329102
v -51.73410 17.12780 881.05090332
v -51.73200 3.48870 903.60388184
v -51.73150 68.79260 862.12249756
v -51.73140 44.28660 823.58209229
v -51.73090 60.99000 988.73406982
v -51.73090 67.77590 898.13592529
v -51.73090 68.08791 865.12750244
v -51.73030 31.53540 865.68682861
v -51.73030 40.96940 838.51171875
v -51.73030 70.97990 829.79327393
v -51.73000 77.39571 932.50860596
v -51.72960 41.82080 835.51068115
v -51.72950 73.24070 1006.83489990
v -51.72820 45.19660 821.54907227
v -51.72760 14.80860 868.73992920
v -51.72740 71.31480 833.20129395
v -51.72610 20.34030 889.31597900
v -51.72580 31.72610 889.00732422
v -51.72580 73.23500 846.56457520
v -51.72520 70.05270 827.55902100
v -51.72370 56.51980 937.40557861
v -51.72360 49.42550 819.69891357
v -51.69460 60.68440 936.73132324
v -51.68170 53.50930 937.84472656
v -51.67830 77.56520 1009.20343018
v -51.67470 66.98441 823.53558350
v -51.67420 5.51520 905.47692871
v -51.67240 30.62440 868.66088867
v -51.67170 43.04840 829.51257324
v -51.67040 62.88920 995.67578125
v -51.66650 69.93640 886.48541260
v -51.65800 84.68930 937.25421143
v -51.65740 75.25520 844.31658936
v -51.65690 32.56390 898.92681885
v -51.65380 81.64630 933.39849854
v -51.65200 69.90740 883.28088379
v -51.65140 18.06120 868.84869385
v -51.65110 19.10050 880.88482666
v -51.65100 -3.62610 894.22662354
v -51.64710 83.72520 935.52270508
v -51.64000 46.09330 820.63031006
v -51.59960 61.67050 991.49182129
v -51.59900 31.40200 871.31542969
v -51.59350 100.23120 988.67059326
v -51.59150 28.39690 901.74127197
v -51.59140 96.26350 967.69018555
v -51.58020 19.22670 886.33880615
v -51.54190 20.08880 869.11492920
v -51.50930 48.42410 946.53802490
v -51.48100 21.10160 871.50531006
v -51.47200 76.27271 844.08807373
v -50.92900 35.83470 880.66552734
v -50.91560 48.25370 955.21490479
v -50.88380 68.10050 874.34930420
v -50.88380 86.83290 938.52789307
v -50.88300 31.73460 898.28558350
v -50.86770 27.31830 901.51037598
v -50.86150 24.14160 904.49157715
v -50.84070 54.49150 970.02368164
v -50.83320 31.53160 886.69018555
v -50.83320 58.66110 976.22009277
v -50.83200 56.58070 973.02502441
v -50.82090 67.88731 895.94750977
v -50.81650 99.20800 999.77502441
v -50.80660 34.66500 877.79290771
v -50.78810 98.97900 973.01251221
v -50.78100 34.61120 883.48809814
v -50.77330 49.34990 958.29602051
v -50.76940 98.13600 1001.94079590
v -50.76710 72.11730 848.41851807
v -50.76650 61.56170 988.74359131
v -50.76490 21.18690 875.15570068
v -50.76320 21.97890 871.49871826
v -50.75560 63.92340 901.25927734
v -50.75360 57.67830 937.57891846
v -50.75190 53.14870 892.92572021
v -50.74870 91.91441 1007.58239746
v -50.74580 64.97300 997.58679199
v -50.74220 74.33380 838.92120361
v -50.72250 11.69630 869.53912354
v -50.70400 51.37270 961.49072266
v -50.69790 62.82820 901.01757812
v -50.69690 80.51810 1009.21020508
v -50.69580 70.11450 1004.54431152
v -50.69550 74.27541 1006.15820312
v -50.69410 77.40080 1006.84167480
v -50.69400 31.49250 871.77648926
v -50.69350 61.78770 898.99481201
v -50.69290 83.70880 1010.37988281
v -50.69220 41.94590 832.53057861
v -50.69220 58.66030 895.95751953
v -50.69200 -0.79780 874.52209473
v -50.69150 35.76010 856.60009766
v -50.69100 75.31600 932.49871826
v -50.69090 20.26270 881.02191162
v -50.68970 15.07190 868.28833008
v -50.68950 73.23531 837.08032227
v -50.68930 39.92840 841.51159668
v -50.68920 16.11520 868.21331787
v -50.68880 69.07450 934.92626953
v -50.68850 40.77730 838.50982666
v -50.68810 75.31620 845.48071289
v -50.68780 60.75790 898.61279297
v -50.68690 30.50350 865.42742920
v -50.68630 78.30970 931.65698242
v -50.68530 54.50080 939.03112793
v -50.68510 60.74630 819.45477295
v -50.68470 32.48280 883.75518799
v -50.67790 31.59130 862.99749756
v -50.65670 68.03230 1002.31402588
v -50.65360 60.63980 979.34802246
v -50.64680 52.41410 940.81317139
v -50.64170 33.56360 876.23602295
v -50.64110 63.85350 820.58111572
v -50.63410 72.19360 835.15972900
v -50.63250 -2.81090 876.23638916
v -50.63220 71.09810 849.02947998
v -50.62870 97.34130 967.51849365
v -50.61930 59.62820 976.26898193
v -50.61550 27.35550 898.92950439
v -50.61180 34.64260 859.19982910
v -50.60950 42.96950 829.05767822
v -50.60940 5.65220 905.20062256
v -50.60090 70.03011 850.51550293
v -50.59920 23.17550 877.50042725
v -50.57860 29.07670 870.91467285
v -50.57620 67.96951 856.33850098
v -50.57330 54.49560 967.11297607
v -50.57020 57.62040 970.85760498
v -50.56820 25.50410 871.34362793
v -50.56620 68.02180 863.25531006
v -50.55590 24.27140 885.89508057
v -50.55340 5.50490 871.17230225
v -50.55180 100.49330 979.68450928
v -50.54950 22.16010 868.98608398
v -50.54430 31.52840 895.71777344
v -50.54390 52.49390 961.71728516
v -50.54150 30.34730 885.95220947
v -50.53510 27.35380 868.31018066
v -50.51720 70.10370 826.81439209
v -50.51520 80.53391 931.67669678
v -50.47980 99.32870 970.70208740
v -50.47440 24.47920 901.31610107
v -50.44010 68.97250 852.76251221
v -50.17740 101.79860 986.92309570
v -49.98360 21.24700 904.79901123
v -49.94910 33.87500 877.67211914
v -49.93990 18.88640 907.70288086
v -49.86490 49.19990 949.82189941
v -49.84930 31.51540 874.33666992
v -49.84680 31.68900 881.28442383
v -49.83890 33.62630 880.49371338
v -49.83620 26.29430 898.46527100
v -49.83620 50.14160 947.37329102
v -49.80670 50.33330 955.20068359
v -49.80100 58.75400 970.21740723
v -49.78980 51.37560 958.11871338
v -49.78660 54.49900 964.11657715
v -49.77590 51.31460 943.78680420
v -49.77550 54.35940 892.18060303
v -49.77450 25.30900 874.68798828
v -49.76890 87.57830 1009.48059082
v -49.74680 101.45160 979.19299316
v -49.74250 61.93150 937.53649902
v -49.73960 78.35900 1006.32257080
v -49.73740 61.55130 978.59020996
v -49.73560 60.99060 985.28741455
v -49.72990 25.05190 882.37017822
v -49.72580 67.94560 823.60882568
v -49.72480 30.28780 883.48919678
v -49.72360 29.42920 895.46490479
v -49.71860 81.57070 931.61651611
v -49.70750 -1.59970 874.60211182
v -49.70600 44.26570 820.72979736
v -49.70230 21.24510 867.74121094
v -49.70150 68.07771 895.15002441
v -49.69810 -3.73250 892.49548340
v -49.69340 70.94400 886.20019531
v -49.66900 92.08321 949.76068115
v -49.65950 83.71671 1009.22082520
v -49.65930 61.67400 982.15887451
v -49.65700 71.30490 830.19818115
v -49.65550 63.75480 937.45111084
v -49.65530 24.42470 878.10260010
v -49.65400 11.78850 908.24121094
v -49.65390 80.51970 1006.76300049
v -49.65220 61.78450 897.38000488
v -49.65140 35.79380 892.23461914
v -49.65050 97.17580 1002.72528076
v -49.65030 13.89970 869.07611084
v -49.64990 74.27520 933.01031494
v -49.64970 76.36250 1004.92517090
v -49.64950 41.17060 832.50427246
v -49.64810 89.87760 943.25671387
v -49.64580 74.27631 846.42352295
v -49.64430 38.88680 844.50878906
v -49.64360 39.73560 841.50689697
v -49.64360 77.37600 842.00640869
v -49.64340 71.04900 881.16790771
v -49.64320 30.55760 862.60809326
v -49.64200 2.31940 901.43249512
v -49.63890 23.35140 867.30767822
v -49.63600 78.44490 931.39270020
v -49.63190 27.43510 865.48260498
v -49.61010 65.95200 898.21557617
v -49.60660 16.94880 907.25567627
v -49.59470 65.89090 936.88128662
v -49.59180 57.56330 939.07360840
v -49.59130 60.87690 991.72747803
v -49.58830 101.27541 997.21270752
v -49.58800 3.43740 902.64709473
v -49.58140 -4.76050 877.78332520
v -49.58100 5.99240 871.04388428
v -49.57660 98.22421 964.81768799
v -49.56950 78.10001 844.34637451
v -49.56930 100.36781 970.69909668
v -49.56680 52.58000 943.41107178
v -49.55500 67.08540 856.48101807
v -49.52970 -5.47470 889.41241455
v -49.52810 54.49810 961.10418701
v -49.51980 99.25620 1000.27832031
v -49.51920 95.09220 1003.54669189
v -49.51510 58.41619 964.90917969
v -49.50940 62.82880 995.40539551
v -49.50650 36.71960 889.73168945
v -49.47980 102.30480 976.52899170
v -49.45880 62.82120 970.89642334
v -49.42120 26.31020 895.48779297
v -49.41600 69.07510 874.51800537
v -49.40080 71.22290 883.50567627
v -49.37350 90.99340 943.49499512
v -49.26710 21.18590 900.92010498
v -49.14100 7.23050 905.31488037
v -48.94870 23.32900 898.81597900
v -48.90080 19.15290 904.65771484
v -48.81710 51.39070 951.55352783
v -48.81230 67.18240 853.63690186
v -48.75520 52.63220 953.09771729
v -48.74630 62.89020 968.06170654
v -48.74510 54.43590 957.92919922
v -48.72490 89.86170 1007.52728271
v -48.71200 68.01970 868.43652344
v -48.70990 25.30040 865.60742188
v -48.70810 63.81960 973.49188232
v -48.70330 -5.81080 880.85211182
v -48.69020 62.74490 819.81329346
v -48.68130 58.65970 892.20892334
v -48.66910 61.84310 985.55407715
v -48.66770 70.17790 847.56140137
v -48.65760 71.14900 880.37701416
v -48.64690 49.30860 817.63012695
v -48.64270 84.63470 931.89801025
v -48.62650 52.46800 946.88269043
v -48.62250 14.99080 907.13537598
v -48.61770 55.53260 940.81921387
v -48.61600 58.66070 961.50091553
v -48.61540 20.01450 901.49121094
v -48.61510 81.56350 1006.12329102
v -48.61480 11.92940 907.34051514
v -48.61230 34.74670 889.24969482
v -48.61170 69.90770 892.24707031
v -48.61140 62.82590 895.55541992
v -48.61090 65.94880 996.86181641
v -48.61060 91.97430 1005.73010254
v -48.60950 82.60400 1006.46459961
v -48.60870 3.46160 871.62701416
v -48.60860 21.18660 867.12921143
v -48.60820 59.70120 818.48071289
v -48.60800 -2.83420 892.71838379
v -48.60800 71.15421 934.98150635
v -48.60750 42.99130 823.52770996
v -48.60750 43.97270 820.73547363
v -48.60740 33.68040 858.09161377
v -48.60730 40.12600 835.50421143
v -48.60730 40.97060 832.51177979
v -48.60720 34.85630 856.32928467
v -48.60660 12.85290 869.82720947
v -48.60620 37.84720 847.51171875
v -48.60600 74.27800 846.28912354
v -48.60560 64.90440 972.92169189
v -48.60190 32.50810 859.58001709
v -48.60060 -4.91550 889.35192871
v -48.55030 64.84460 820.64929199
v -48.54950 59.64490 939.47009277
v -48.54880 45.07540 819.26428223
v -48.54690 61.84720 995.02947998
v -48.54350 75.30090 1001.99353027
v -48.53900 61.70830 964.27001953
v -48.53830 97.05120 960.85577393
v -48.53140 69.23280 847.54357910
v -48.52960 56.54150 817.60968018
v -48.52590 36.64910 853.12219238
v -48.50380 69.27290 874.88092041
v -48.49520 67.97300 936.78259277
v -48.49520 73.17230 835.47027588
v -48.48500 56.58240 958.11938477
v -48.47360 60.05239 991.59240723
v -48.47220 23.18880 895.74938965
v -48.45350 60.57800 961.65557861
v -48.45130 66.10730 862.94512939
v -48.44140 63.23030 978.85198975
v -48.39220 35.76330 886.49499512
v -48.37460 87.98290 934.76287842
v -48.37400 66.90620 967.73370361
v -47.83310 29.64110 889.49859619
v -47.78780 53.45720 946.24560547
v -47.73660 69.99040 826.60211182
v -47.73260 54.45080 944.25982666
v -47.73210 15.98060 904.39202881
v -47.70600 44.10720 883.67932129
v -47.70070 69.06330 893.43188477
v -47.69200 104.05980 993.82452393
v -47.69080 54.50230 951.52307129
v -47.68740 66.00890 895.32171631
v -47.65510 71.94250 829.85681152
v -47.65240 70.31260 1000.46099854
v -47.65240 103.32660 995.39569092
v -47.65130 78.09590 844.06909180
v -47.64570 50.31440 883.50372314
v -47.63840 65.93940 857.06591797
v -47.63160 4.58510 871.56750488
v -47.63020 19.15560 898.65612793
v -47.62590 -5.73850 878.44500732
v -47.61380 -5.97190 883.60540771
v -47.59980 86.77380 932.00750732
v -47.59670 104.44981 990.00250244
v -47.59490 85.65360 931.61297607
v -47.58220 84.76410 1006.25988770
v -47.57820 64.90840 895.15112305
v -47.57600 65.05550 961.79168701
v -47.57440 21.12910 895.49291992
v -47.57250 77.40131 1000.89971924
v -47.57200 82.60410 1003.93109131
v -47.57180 57.67040 955.48162842
v -47.57130 63.86650 894.37561035
v -47.57130 77.24561 841.70452881
v -47.57100 70.03770 892.06207275
v -47.57040 59.70250 889.61181641
v -47.56920 22.22410 866.31958008
v -47.56910 67.95860 967.51361084
v -47.56900 24.44110 864.80737305
v -47.56890 69.07510 999.65252686
v -47.56890 74.19151 837.12280273
v -47.56840 75.17390 838.59161377
v -47.56820 72.19370 845.63098145
v -47.56800 -1.83870 874.56970215
v -47.56760 65.94981 996.47747803
v -47.56730 61.89630 986.98431396
v -47.56700 34.60090 856.30322266
v -47.56700 74.27710 933.57452393
v -47.56590 60.75930 994.08471680
v -47.56550 40.77730 832.50982666
v -47.56430 76.36940 931.71240234
v -47.56390 64.85381 977.07757568
v -47.56250 102.46160 970.51190186
v -47.56170 62.82870 995.11468506
v -47.56050 36.80250 850.50622559
v -47.55990 28.34190 862.56640625
v -47.52960 53.27170 883.47119141
v -47.52860 46.03090 817.76031494
v -47.52290 14.88060 904.40570068
v -47.51760 30.68870 886.52148438
v -47.51620 17.01710 901.47369385
v -47.51370 -3.89400 876.32171631
v -47.51280 26.41590 889.50878906
v -47.51200 68.09870 847.26031494
v -47.50850 61.72690 939.55078125
v -47.50800 -0.67610 873.91558838
v -47.50600 38.00980 844.50732422
v -47.50300 72.13020 886.38610840
v -47.50200 55.46940 886.06878662
v -47.49670 54.74570 946.73352051
v -47.49350 48.83960 817.52990723
v -47.45950 72.18240 832.56591797
v -47.45760 104.63890 977.00830078
v -47.44760 -1.58900 895.36199951
v -47.43080 101.33260 997.34790039
v -47.42830 22.14490 892.75042725
v -47.42680 90.93591 937.61267090
v -47.42640 -5.60720 886.59600830
v -47.41500 64.82600 979.75561523
v -47.37920 62.70030 958.48132324
v -47.37830 59.57710 955.48168945
v -47.37660 67.76720 961.49731445
v -47.36820 44.25780 880.19451904
v -47.34610 103.43660 970.56488037
v -47.32750 69.95690 964.96148682
v -47.29700 66.99450 847.34478760
v -47.28860 -6.62030 880.39190674
v -47.25090 105.60710 980.77502441
v -46.87000 104.95040 973.52081299
v -46.77430 55.62510 946.52642822
v -46.73440 -2.79700 892.42230225
v -46.73240 10.67230 904.70599365
v -46.72950 64.00220 958.50708008
v -46.72840 43.01130 880.49652100
v -46.69130 57.54630 952.26702881
v -46.68300 60.66700 955.26239014
v -46.67590 56.51730 944.17388916
v -46.67340 45.31770 817.62957764
v -46.66450 25.28650 887.07910156
v -46.66290 24.10440 889.31652832
v -46.65870 99.25890 998.53271484
v -46.65070 94.60820 945.99322510
v -46.62380 85.77720 931.41809082
v -46.62310 22.13760 890.00677490
v -46.61440 61.70860 994.17840576
v -46.61420 8.61940 904.39648438
v -46.61400 78.35730 1000.31909180
v -46.61010 12.91150 904.26171875
v -46.60910 59.79560 990.40661621
v -46.60450 19.02340 867.92797852
v -46.60060 54.30120 880.87799072
v -46.58910 38.95910 838.48687744
v -46.58670 103.35650 995.30541992
v -46.58380 64.95330 853.79968262
v -46.58380 68.01550 823.97302246
v -46.58260 68.08570 970.59942627
v -46.57930 38.72470 841.34167480
v -46.56860 102.44450 967.56079102
v -46.54660 41.94710 823.54797363
v -46.53900 68.98200 892.20727539
v -46.53700 52.42370 880.26849365
v -46.53530 67.10490 892.56652832
v -46.53460 59.85030 992.53192139
v -46.53450 59.08090 991.49481201
v -46.53420 63.80830 985.56689453
v -46.53370 64.95670 982.66290283
v -46.53200 81.56340 1000.93902588
v -46.52960 82.60450 1002.38012695
v -46.52870 66.06281 958.32812500
v -46.52860 60.74080 888.37567139
v -46.52630 21.18680 866.92730713
v -46.52600 69.06760 873.02307129
v -46.52590 39.73880 835.50427246
v -46.52410 68.98441 970.34301758
v -46.52400 1.40790 872.91320801
v -46.52280 5.57100 902.62719727
v -46.52170 73.95280 883.37481689
v -46.52140 67.08241 844.65130615
v -46.51990 64.85390 820.96618652
v -46.51930 -6.73960 883.14630127
v -46.50110 14.93660 901.41070557
v -46.48620 61.72750 988.73541260
v -46.48470 62.76950 994.25177002
v -46.48030 69.91950 844.31439209
v -46.47800 70.20541 829.50128174
v -46.47670 49.37910 877.50592041
v -46.47430 94.00260 1001.77490234
v -46.47040 104.45570 993.99591064
v -46.46840 35.87790 880.51361084
v -46.46750 63.80890 939.65692139
v -46.46730 2.39100 899.91650391
v -46.46420 64.90250 865.46838379
v -46.46340 56.82050 946.49737549
v -46.45810 72.06910 833.45770264
v -46.45790 8.77720 871.51452637
v -46.45760 95.22280 949.50079346
v -46.45730 28.39090 883.94842529
v -46.45410 58.63910 817.60552979
v -46.45330 18.21370 895.02697754
v -46.44540 4.61110 902.19769287
v -46.43980 35.61460 853.33331299
v -46.43480 20.24830 889.78759766
v -46.42550 60.80080 940.89678955
v -46.40120 -5.81790 885.06237793
v -46.39610 63.93160 862.10778809
v -46.39400 98.22100 998.67291260
v -46.38140 60.82630 952.72290039
v -46.36670 68.99900 958.47381592
v -46.36610 99.48960 961.45812988
v -46.36310 71.23030 832.59020996
v -46.35650 106.46310 988.48352051
v -46.35640 73.26270 881.07647705
v -46.33480 24.05300 886.05310059
v -46.32630 72.08840 961.18737793
v -46.28220 64.75660 955.02148438
v -46.27960 -3.98570 889.28350830
v -46.26710 72.18420 964.51428223
v -46.26680 43.30670 876.92718506
v -46.20910 70.34911 960.34350586
v -45.81900 59.79640 991.38189697
v -45.75900 17.21180 895.30792236
v -45.73070 61.84120 991.57519531
v -45.70530 58.59930 944.07208252
v -45.70350 62.82440 988.57641602
v -45.68950 41.76870 877.50567627
v -45.68570 52.88090 877.50598145
v -45.67890 27.24900 883.47259521
v -45.65320 22.24210 886.32159424
v -45.63620 33.33670 880.48980713
v -45.63140 58.60380 948.93139648
v -45.62960 75.31010 844.94702148
v -45.62810 63.80460 993.76422119
v -45.62180 70.10950 889.57281494
v -45.60630 63.92800 850.65710449
v -45.60590 9.90590 871.59301758
v -45.59560 44.18240 817.69488525
v -45.59160 106.30910 991.11657715
v -45.58110 36.70470 848.10278320
v -45.57850 68.99770 997.29022217
v -45.56520 23.34470 864.91632080
v -45.56520 71.07190 936.80090332
v -45.55660 62.70010 952.47930908
v -45.54980 -5.99040 877.73980713
v -45.54920 95.15041 1000.41387939
v -45.54360 26.45130 862.58929443
v -45.54260 32.69440 856.57708740
v -45.54020 65.99741 822.07971191
v -45.53930 62.92210 856.82287598
v -45.53880 29.58010 859.58239746
v -45.53800 72.19720 843.80621338
v -45.53070 20.16090 886.81481934
v -45.50820 62.83240 887.04547119
v -45.49710 57.61980 880.49560547
v -45.49550 74.27400 844.93231201
v -45.49370 90.01320 1003.35400391
v -45.49110 64.85410 868.49560547
v -45.48890 65.07681 988.50408936
v -45.48850 15.84430 870.55249023
v -45.48780 7.64940 872.43951416
v -45.48620 2.44540 872.84521484
v -45.48540 -2.87930 874.59838867
v -45.48500 6.60720 902.45281982
v -45.48450 76.35880 933.23138428
v -45.48330 73.35770 838.32031250
v -45.43580 55.49530 877.32849121
v -45.43030 59.70340 883.48199463
v -45.42680 65.93690 844.22680664
v -45.42650 65.89090 939.65698242
v -45.42640 107.40720 979.36437988
v -45.42510 58.91040 946.48571777
v -45.42350 13.88440 871.47631836
v -45.42190 43.05920 818.88110352
v -45.41560 33.60740 877.94390869
v -45.41330 66.98890 980.50701904
v -45.40740 61.78580 949.78729248
v -45.40490 72.27370 967.16168213
v -45.39890 68.10471 872.24450684
v -45.39660 18.24910 886.81982422
v -45.38640 62.88380 940.90667725
v -45.38480 -1.72010 893.83398438
v -45.37840 18.00400 870.06329346
v -45.37640 72.13610 936.56787109
v -45.36000 79.41800 997.58752441
v -45.35650 73.23040 958.82318115
v -45.35500 94.05151 1000.54028320
v -45.35490 70.97160 832.79998779
v -45.35170 24.30960 864.59020996
v -45.35020 34.92000 853.17889404
v -45.34770 72.25021 886.23712158
v -45.34490 68.32260 841.57562256
v -45.34220 62.94510 850.20922852
v -45.33950 27.35050 880.72412109
v -45.33830 54.45970 874.70599365
v -45.33690 22.15240 883.71459961
v -45.33190 16.05640 892.03497314
v -45.32790 20.22000 868.58477783
v -45.31940 76.24670 997.07592773
v -45.29670 41.49850 874.12927246
v -45.29070 74.14140 961.51092529
v -45.25440 87.15830 1003.02587891
v -45.25010 92.14440 934.82379150
v -45.23350 66.72680 989.07757568
v -44.78970 67.92360 976.36138916
v -44.78710 12.77780 898.88348389
v -44.74900 14.07860 895.28137207
v -44.72600 75.24270 844.16949463
v -44.67150 32.64080 877.49121094
v -44.66090 37.67750 844.49700928
v -44.66040 69.12270 994.80468750
v -44.65920 66.01210 991.86608887
v -44.65480 45.04220 871.97027588
v -44.63440 61.83960 943.35131836
v -44.62160 39.76660 874.34881592
v -44.61770 26.16480 880.49670410
v -44.61730 17.81720 884.48229980
v -44.61450 21.05130 883.48797607
v -44.60660 73.93501 883.14379883
v -44.60390 61.82190 851.54602051
v -44.59790 66.99150 993.80059814
v -44.59060 53.91760 871.72900391
v -44.58410 68.09370 889.43151855
v -44.58200 61.84770 865.13110352
v -44.58160 105.49841 992.28851318
v -44.56910 68.01350 988.49639893
v -44.56720 10.60510 901.32379150
v -44.54890 58.71100 877.63891602
v -44.54340 73.16380 880.47637939
v -44.53300 61.52120 946.47918701
v -44.52640 75.04150 841.68682861
v -44.52260 -1.79420 892.71618652
v -44.51480 -3.59100 889.97198486
v -44.50580 107.31100 988.57568359
v -44.50130 23.22090 865.86199951
v -44.49310 64.90750 886.88940430
v -44.48640 -6.75760 878.23657227
v -44.48260 84.68750 998.09979248
v -44.46250 84.18740 931.21447754
v -44.45890 71.15190 841.37707520
v -44.45750 68.98880 952.86260986
v -44.45490 61.85929 883.81658936
v -44.45420 69.13210 973.80352783
v -44.45140 106.46680 991.06799316
v -44.45060 62.65440 868.56811523
v -44.44900 73.09810 838.51861572
v -44.44850 68.11900 982.75592041
v -44.44840 8.56190 873.25158691
v -44.44830 4.52790 900.88787842
v -44.44770 41.17310 820.58197021
v -44.44770 80.52140 997.10870361
v -44.44760 13.80570 872.54162598
v -44.44650 71.15660 970.37750244
v -44.44550 27.43340 861.63317871
v -44.44430 72.20090 885.71972656
v -44.44430 101.33570 961.37921143
v -44.44370 74.27300 964.68920898
v -44.44360 74.33000 958.46008301
v -44.44350 1.40650 873.23571777
v -44.44130 74.27610 935.75292969
v -44.43940 73.23430 957.36389160
v -44.43640 1.41320 898.57031250
v -44.40850 46.59790 869.22119141
v -44.40180 64.88720 841.63488770
v -44.39790 102.44061 994.38348389
v -44.38930 104.41010 992.75750732
v -44.38880 67.97290 939.52069092
v -44.38510 66.81690 823.69042969
v -44.38480 97.23280 949.89947510
v -44.37770 95.34320 943.50451660
v -44.37460 38.96140 871.93939209
v -44.36850 71.30200 877.47979736
v -44.36840 18.04720 871.64410400
v -44.36450 76.44341 994.74371338
v -44.36330 72.11430 993.99359131
v -44.36290 60.58510 848.15899658
v -44.36010 108.40440 979.76531982
v -44.35660 92.05840 933.38549805
v -44.35200 59.79840 853.07458496
v -44.34840 64.96620 940.90722656
v -44.34520 42.92760 817.69989014
v -44.32520 60.75040 867.89569092
v -44.32490 68.92941 829.85577393
v -44.30440 2.45080 899.42462158
v -44.29720 21.10650 880.71112061
v -44.29560 57.56580 869.17767334
v -44.29550 63.76000 841.92510986
v -44.29540 16.27710 883.27832031
v -44.29390 14.06520 886.90490723
v -44.28500 75.39291 964.11639404
v -44.25360 58.67610 862.08642578
v -44.25010 33.44090 874.04827881
v -44.24410 76.22720 961.49353027
v -44.22480 26.82860 877.00579834
v -44.18620 65.94810 871.98089600
v -44.13700 -6.66980 883.41070557
v -44.10680 61.72920 844.15472412
v -43.92420 86.77810 999.34429932
v -43.83750 108.26711 976.91229248
v -43.81570 18.92590 871.40997314
v -43.74650 70.05950 953.05987549
v -43.73990 74.18460 841.72161865
v -43.71150 62.76560 946.32720947
v -43.68760 71.14680 838.25219727
v -43.67870 69.82980 838.68029785
v -43.64860 59.89610 875.05810547
v -43.64710 15.13040 883.46490479
v -43.64590 31.67050 874.49438477
v -43.63420 25.02200 877.49578857
v -43.63180 37.41130 871.49548340
v -43.62010 63.87000 943.51489258
v -43.61190 22.16230 868.61541748
v -43.61140 69.07990 982.50048828
v -43.60820 62.69220 883.19677734
v -43.58820 72.11490 841.12249756
v -43.58550 72.26570 838.83032227
v -43.57760 17.62670 874.49578857
v -43.57230 34.61010 853.41552734
v -43.56850 72.11170 991.26739502
v -43.55710 40.96600 820.75970459
v -43.55660 70.09460 835.67169189
v -43.55410 10.85970 874.87280273
v -43.55350 59.36110 870.76940918
v -43.54480 56.90820 865.48950195
v -43.54030 101.34130 994.43768311
v -43.53300 95.09380 998.56909180
v -43.52770 11.71660 895.79321289
v -43.52710 57.73470 856.69561768
v -43.52270 16.65200 880.19158936
v -43.52140 108.44830 982.00402832
v -43.51750 37.96160 836.15539551
v -43.50810 97.27190 949.53100586
v -43.49820 57.70410 862.32147217
v -43.49030 67.94230 838.59759521
v -43.48920 58.46390 850.74450684
v -43.48750 26.30830 863.64257812
v -43.47470 73.21050 883.13867188
v -43.46330 74.21130 991.78948975
v -43.46120 5.62080 900.08282471
v -43.46110 37.71570 841.31072998
v -43.46030 21.19820 877.48510742
v -43.45860 73.12061 991.46228027
v -43.45600 -4.77690 874.69152832
v -43.45370 64.89120 820.85620117
v -43.44260 85.78600 997.39208984
v -43.42810 80.44640 994.41412354
v -43.41540 73.85910 880.65197754
v -43.41440 67.04680 940.81341553
v -43.41220 83.64030 994.91900635
v -43.41120 63.72840 820.01647949
v -43.41080 63.71450 872.20507812
v -43.41060 91.86910 1000.31591797
v -43.41000 90.92350 931.70281982
v -43.40890 70.11150 875.27917480
v -43.40850 72.19611 953.00128174
v -43.40840 77.40691 994.14459229
v -43.40800 75.32050 955.97332764
v -43.40420 52.11460 859.68579102
v -43.40290 8.61350 899.85638428
v -43.40250 3.48750 899.89447021
v -43.40250 73.64301 883.30169678
v -43.40250 74.27650 881.64892578
v -43.40250 74.27650 883.95239258
v -43.40250 74.91000 883.30169678
v -43.40240 103.42350 962.63769531
v -43.40200 74.28101 967.34027100
v -43.40100 -0.67400 873.65802002
v -43.39940 95.78600 940.07958984
v -43.39920 -3.66490 874.21960449
v -43.39820 41.94420 817.97448730
v -43.39790 105.50510 967.27947998
v -43.39390 12.28040 892.45251465
v -43.39050 65.94960 885.95642090
v -43.37910 80.54740 931.60357666
v -43.36740 21.25100 871.68048096
v -43.36570 32.35600 871.62420654
v -43.36310 70.10160 982.27331543
v -43.36180 25.29720 865.71569824
v -43.36150 31.59540 856.85388184
v -43.35690 29.45390 859.93127441
v -43.35120 39.98060 823.50592041
v -43.34890 70.05400 939.35858154
v -43.34830 71.95650 877.67626953
v -43.34680 -5.93110 876.01531982
v -43.34680 64.82800 946.26422119
v -43.34640 98.16510 995.77648926
v -43.34420 60.61190 844.31329346
v -43.34330 77.26190 961.49792480
v -43.34030 20.38060 874.50927734
v -43.32770 11.80260 882.81549072
v -43.32640 100.44910 958.38427734
v -43.32180 36.64890 847.29132080
v -43.31210 87.94730 999.92242432
v -43.30690 28.48160 873.87762451
v -43.30660 44.19550 864.91650391
v -43.30370 48.16240 861.91589355
v -43.30110 62.18210 876.85968018
v -43.29730 55.44700 853.41931152
v -43.29080 38.33090 867.99127197
v -43.28060 70.20831 976.88897705
v -43.27700 53.35150 856.18469238
v -43.26820 22.74220 874.38012695
v -43.26590 11.81110 889.07061768
v -43.25450 9.73400 875.21362305
v -43.24870 57.54470 847.92639160
v -43.24510 51.21360 858.80059814
v -43.24450 65.14750 838.31378174
v -43.24400 77.47440 958.94140625
v -43.21430 40.10430 865.48028564
v -43.20970 35.03100 868.18640137
v -43.18060 93.99800 998.61242676
v -43.16140 36.90150 844.51440430
v -43.12910 -7.75440 880.11822510
v -42.76900 74.27650 883.30169678
v -42.76340 21.21120 874.49957275
v -42.70700 64.98890 943.72772217
v -42.70100 11.66990 892.27508545
v -42.69270 22.32300 871.26940918
v -42.68230 10.82280 895.38720703
v -42.67800 65.99730 946.63098145
v -42.61380 26.39160 865.35229492
v -42.61140 28.46680 862.42852783
v -42.60910 62.91250 877.93267822
v -42.59060 63.70090 838.84759521
v -42.57630 24.43940 868.58111572
v -42.56900 53.54620 853.51049805
v -42.56630 44.02280 862.49139404
v -42.56470 33.55540 868.20959473
v -42.56380 9.73340 877.87939453
v -42.55130 72.13171 883.31799316
v -42.54040 23.43600 871.25689697
v -42.52890 51.36600 856.26739502
v -42.52630 108.44901 971.02587891
v -42.52350 92.92620 998.82812500
v -42.52290 63.92110 875.01269531
v -42.52140 28.42970 870.64770508
v -42.51560 58.61030 817.63140869
v -42.50880 63.80560 879.94232178
v -42.49990 6.51780 874.75097656
v -42.45390 68.98680 949.15362549
v -42.44180 75.23740 936.40441895
v -42.43690 78.36240 933.58581543
v -42.43590 8.62480 898.20410156
v -42.43190 69.07530 940.79980469
v -42.42850 72.12160 880.42608643
v -42.42510 4.63330 874.47558594
v -42.41700 101.28620 992.98876953
v -42.41640 65.86270 874.60418701
v -42.38640 67.05390 943.74810791
v -42.38090 29.46410 863.08190918
v -42.37700 59.70960 841.70861816
v -42.37570 33.68210 853.94958496
v -42.36990 81.56410 991.91369629
v -42.36880 67.12050 874.67340088
v -42.36860 76.35740 991.18621826
v -42.36570 72.19180 951.37689209
v -42.36340 72.20300 971.62249756
v -42.36320 0.50290 898.85021973
v -42.36300 107.64070 985.74108887
v -42.36150 -1.71650 873.79656982
v -42.36140 -0.46930 898.07910156
v -42.36130 104.46360 963.08050537
v -42.35950 100.35690 955.96118164
v -42.35920 97.22640 946.66967773
v -42.35700 38.88930 826.50152588
v -42.35450 109.45760 979.50280762
v -42.35360 -7.71120 877.52142334
v -42.32140 90.85610 931.67218018
v -42.31770 57.57320 844.49188232
v -42.31270 72.13551 939.29339600
v -42.30880 68.02700 946.45831299
v -42.30500 106.59500 988.34979248
v -42.30400 66.99320 883.38708496
v -42.29960 74.27261 952.57208252
v -42.29910 96.34870 942.69598389
v -42.29770 64.77171 821.44982910
v -42.28510 38.72430 862.03039551
v -42.27930 -0.82590 895.75067139
v -42.26590 44.28010 858.90911865
v -42.26510 79.43140 933.35998535
v -42.26450 41.90530 817.57617188
v -42.25660 51.59060 850.81488037
v -42.25460 48.46440 853.81182861
v -42.25000 31.53610 859.50897217
v -42.24510 32.38780 865.29211426
v -42.24090 55.40230 847.31420898
v -42.24020 66.59790 826.50457764
v -42.23990 66.90620 835.39971924
v -42.23910 7.65020 877.51879883
v -42.23720 45.32200 856.67370605
v -42.23610 62.05020 838.49310303
v -42.22920 102.38230 991.54132080
v -42.20900 71.40051 979.48828125
v -42.20420 79.31921 959.17248535
v -42.20330 10.52480 886.51080322
v -42.20020 35.71750 850.62371826
v -42.16660 53.25840 849.72979736
v -42.11740 67.56390 832.49151611
v -42.09770 40.30640 858.91119385
v -42.04350 36.96700 838.02618408
v -41.66770 73.17640 985.66040039
v -41.65290 30.63360 862.27587891
v -41.60090 65.04300 877.52587891
v -41.57390 32.71840 856.40728760
v -41.54720 38.72330 859.46130371
v -41.54180 -6.90840 883.60021973
v -41.54160 69.14021 946.49890137
v -41.49550 65.86530 835.54602051
v -41.49330 32.72050 862.26177979
v -41.48440 88.78481 997.13800049
v -41.48020 75.23600 952.35400391
v -41.46560 71.15400 940.75000000
v -41.45680 100.30151 992.74877930
v -41.45050 -7.88020 880.85961914
v -41.44560 84.33950 991.65618896
v -41.42460 33.60010 856.51361084
v -41.41760 82.60160 991.33728027
v -41.41240 3.57220 874.70001221
v -41.41190 0.29630 898.33221436
v -41.40330 36.00980 847.76379395
v -41.40140 73.14960 939.38079834
v -41.40050 77.32290 935.63000488
v -41.39410 97.09081 943.72698975
v -41.39300 70.07230 943.51501465
v -41.39280 6.61290 897.01098633
v -41.38710 36.80600 858.35571289
v -41.38670 69.01421 876.49639893
v -41.38310 42.12840 856.45947266
v -41.37820 -5.92740 874.69488525
v -41.37540 -2.79680 892.53198242
v -41.36570 83.57650 931.52581787
v -41.36420 109.60220 974.00671387
v -41.33630 82.64120 931.83489990
v -41.32900 86.76280 991.98138428
v -41.32790 78.47601 934.75030518
v -41.32670 78.44250 988.86810303
v -41.32610 4.49140 898.16601562
v -41.32560 37.84890 829.52691650
v -41.32450 62.69200 819.95898438
v -41.32450 102.37690 958.75537109
v -41.32350 52.41200 847.29217529
v -41.32340 107.66010 967.58709717
v -41.32250 46.23180 853.27362061
v -41.32220 81.43130 932.64099121
v -41.32140 6.55080 877.73406982
v -41.32050 93.00910 933.19647217
v -41.31980 95.09210 934.05212402
v -41.31910 49.29780 850.26501465
v -41.31900 108.42400 985.13537598
v -41.31830 96.12560 934.97900391
v -41.31810 39.08700 820.61010742
v -41.31590 -7.99430 877.79492188
v -41.27480 2.50280 874.58868408
v -41.27200 64.84690 835.33990479
v -41.27160 58.65090 817.92102051
v -41.26950 71.15630 946.47161865
v -41.26860 89.90490 997.07397461
v -41.26540 99.20420 992.97052002
v -41.25760 98.26670 949.91900635
v -41.25110 -5.07520 886.42156982
v -41.23590 36.76600 851.07830811
v -41.20110 58.86150 838.55700684
v -41.18580 97.16970 946.51672363
v -41.18240 66.91800 880.03417969
v -41.17770 -3.70860 889.96337891
v -41.17010 55.61970 841.49420166
v -41.16480 50.50440 847.49847412
v -41.15840 60.63900 838.01611328
v -41.15710 43.27070 853.48681641
v -41.09590 47.49520 849.99127197
v -41.09470 54.55340 843.51287842
v -41.09150 78.60250 964.44647217
v -40.69430 65.13880 826.04980469
v -40.68150 8.79690 892.67010498
v -40.62240 57.68040 839.10540771
v -40.56730 69.84050 880.30780029
v -40.56160 71.28740 943.49548340
v -40.56020 67.12170 877.69396973
v -40.54820 73.19701 979.36877441
v -40.54210 75.31750 949.65319824
v -40.54040 36.94220 833.06372070
v -40.50460 38.27900 853.49951172
v -40.48620 75.31730 985.48101807
v -40.48520 73.30790 946.48742676
v -40.47900 36.91260 844.44390869
v -40.47570 72.25190 946.17498779
v -40.47260 68.03160 880.08892822
v -40.46520 69.06561 877.87438965
v -40.46190 36.91760 847.51892090
v -40.44460 73.18820 941.23278809
v -40.41890 6.61190 895.33520508
v -40.41180 98.21840 992.74987793
v -40.40650 81.33960 958.00042725
v -40.37990 107.48500 964.93127441
v -40.36890 -7.86430 883.15612793
v -40.36600 76.28280 938.90332031
v -40.35900 108.62300 984.34069824
v -40.35580 79.55200 953.04852295
v -40.35220 88.63210 931.76879883
v -40.35000 64.73560 824.21539307
v -40.34620 106.47520 963.42797852
v -40.33730 104.52171 988.39379883
v -40.32730 80.38660 961.91857910
v -40.32420 36.72360 840.31018066
v -40.30060 -4.84770 887.85571289
v -40.29620 77.32250 949.71350098
v -40.29620 85.08290 931.93103027
v -40.28870 79.54520 988.11541748
v -40.28780 1.53840 874.75091553
v -40.28750 61.77910 835.57977295
v -40.28560 96.13950 993.41229248
v -40.28320 88.85340 991.96582031
v -40.28010 -2.74270 894.36309814
v -40.27930 103.42330 959.97528076
v -40.27910 109.46481 982.32568359
v -40.27850 90.79560 933.24420166
v -40.27730 89.89320 994.23950195
v -40.27710 101.34020 956.51641846
v -40.27520 38.81680 820.62457275
v -40.27380 110.50150 976.78680420
v -40.26550 39.74770 818.09869385
v -40.24540 64.79450 831.61859131
v -40.23220 75.26431 970.69360352
v -40.22590 96.06950 934.72637939
v -40.22530 -8.75580 880.34228516
v -40.22080 -1.65550 895.63610840
v -40.21980 37.84950 823.66748047
v -40.21910 76.35610 985.09759521
v -40.21410 99.25660 952.72320557
v -40.20330 63.77680 821.68518066
v -40.20290 109.73600 979.91821289
v -40.20270 97.95910 937.83972168
v -40.19880 84.75930 988.70147705
v -40.13220 37.77070 847.04412842
v -40.12510 81.63410 961.11621094
v -40.08810 82.60550 955.84881592
v -40.07970 110.54180 974.36102295
v -39.94890 55.76450 838.09399414
v -39.87890 40.63890 817.57208252
v -39.56930 74.36450 943.27832031
v -39.55500 78.49300 949.37658691
v -39.52990 3.22240 895.73559570
v -39.49380 74.35670 973.36920166
v -39.48300 76.52430 940.58087158
v -39.47660 74.28280 976.50646973
v -39.45660 75.32671 943.67919922
v -39.45380 79.46890 937.59497070
v -39.44910 83.72200 934.55291748
v -39.37450 59.70480 835.56878662
v -39.37380 105.50700 986.73461914
v -39.37160 75.36800 979.36700439
v -39.35380 6.60440 892.39758301
v -39.35120 93.07050 994.47167969
v -39.33160 78.36020 985.15832520
v -39.32740 95.15041 934.85998535
v -39.32580 80.68990 949.50561523
v -39.32310 97.95210 937.54919434
v -39.31230 81.49540 937.71520996
v -39.30310 97.91780 940.18560791
v -39.28370 83.94310 954.62182617
v -39.25830 89.73830 934.69342041
v -39.24980 97.10430 943.00512695
v -39.24840 77.34310 982.64349365
v -39.24720 91.97120 994.24688721
v -39.24540 59.56860 819.51782227
v -39.24470 97.02680 936.41180420
v -39.24350 87.81020 988.81109619
v -39.24340 80.58041 985.57531738
v -39.24290 85.72640 988.21081543
v -39.24230 -0.54220 874.67279053
v -39.24140 -1.71250 895.95697021
v -39.24110 5.50210 880.33770752
v -39.24050 96.08321 949.55169678
v -39.24040 94.05560 993.40863037
v -39.24010 80.52451 964.34307861
v -39.23950 -4.83850 874.08850098
v -39.23900 103.42450 987.40618896
v -39.23780 36.92480 843.34661865
v -39.23380 36.80370 826.53192139
v -39.23330 100.30270 954.34387207
v -39.23300 109.52960 967.75897217
v -39.23280 105.50090 961.64801025
v -39.20120 75.38210 973.82812500
v -39.19650 -7.94840 874.82550049
v -39.19330 82.65640 985.74749756
v -39.19000 78.38540 967.68859863
v -39.18660 84.62930 936.93908691
v -39.18600 -3.50160 892.67828369
v -39.18590 95.15860 946.89630127
v -39.17990 98.27950 952.48272705
v -39.17870 -0.72500 895.46258545
v -39.17520 -8.97940 877.71862793
v -39.17150 42.95940 847.85083008
v -39.17110 53.38200 838.83862305
v -39.16100 57.54170 835.70928955
v -39.15360 -1.76520 874.51800537
v -39.14980 80.67980 946.34619141
v -39.13800 79.89330 942.85827637
v -39.13300 86.66220 953.10290527
v -39.11850 56.63700 817.72961426
v -39.10720 82.33270 946.13177490
v -39.10420 36.03640 840.84088135
v -39.10370 95.04710 992.85192871
v -39.08670 86.84460 949.70007324
v -39.07460 85.61871 955.51110840
v -39.02170 39.72830 817.64477539
v -38.82630 7.04990 886.16558838
v -38.70470 62.81960 832.41888428
v -38.46150 86.05770 937.64678955
v -38.43830 81.84860 940.50927734
v -38.41830 92.66640 937.72137451
v -38.41300 80.74561 943.48522949
v -38.41210 96.20690 943.20062256
v -38.39060 97.05090 938.43402100
v -38.38460 82.49741 943.81817627
v -38.37270 77.47460 970.34991455
v -38.36850 55.60970 817.60211182
v -38.34040 77.40080 979.69451904
v -38.33890 94.03540 949.45959473
v -38.33080 103.42340 986.75280762
v -38.32950 35.83940 830.45520020
v -38.32820 88.58400 947.72680664
v -38.30510 -1.76030 894.97949219
v -38.30080 85.72630 957.93218994
v -38.26790 6.60140 889.08239746
v -38.26250 98.08260 990.08557129
v -38.25290 -8.01740 883.37738037
v -38.24860 58.65779 819.55541992
v -38.24810 1.50550 876.52600098
v -38.24550 56.49820 835.31109619
v -38.23980 84.72870 958.67712402
v -38.20410 60.69290 820.74017334
v -38.20380 83.64690 985.12579346
v -38.20370 61.71900 832.28381348
v -38.20220 97.31260 952.62548828
v -38.20220 101.34451 987.41009521
v -38.20180 -0.68070 894.74102783
v -38.20180 61.78130 821.74951172
v -38.20140 94.99950 952.19781494
v -38.19930 90.87540 991.06481934
v -38.19710 3.58930 878.62377930
v -38.19710 35.78020 837.98327637
v -38.19300 -9.05700 880.42572021
v -38.16900 47.15420 841.89862061
v -38.15040 62.68000 828.76702881
v -38.14390 -7.01610 874.30590820
v -38.14390 -3.79100 890.92822266
v -38.13820 36.81060 820.80249023
v -38.13470 -6.91370 886.20318604
v -38.13470 110.59520 970.99621582
v -38.12730 3.40020 892.70892334
v -38.12590 109.57850 982.24652100
v -38.12300 44.00820 844.71600342
v -38.12170 50.25540 838.87237549
v -38.11290 36.57330 840.99798584
v -38.10060 54.60550 835.62170410
v -38.08930 89.91071 953.08758545
v -38.08380 87.87270 955.54772949
v -38.06610 103.34840 958.54107666
v -38.04360 83.73220 961.45227051
v -38.03100 108.56210 964.76702881
v -37.97410 79.48161 981.50189209
v -37.94910 110.78840 973.51269531
v -37.62130 77.24020 973.34771729
v -37.50740 77.40500 976.66558838
v -37.36260 61.84000 824.31781006
v -37.35400 53.21240 835.80407715
v -37.29710 108.62621 982.46990967
v -37.25150 92.93570 991.32061768
v -37.24420 81.47940 965.63348389
v -37.24060 6.35200 883.45989990
v -37.23910 94.05020 991.26080322
v -37.22050 5.50870 889.31542969
v -37.20910 56.51900 819.22082520
v -37.20490 -9.04510 874.86376953
v -37.16770 39.92860 844.42742920
v -37.16490 81.50330 981.91949463
v -37.16450 85.72980 984.38897705
v -37.16200 88.84850 985.83819580
v -37.16180 84.69030 982.93829346
v -37.16120 51.37540 835.88250732
v -37.16080 49.29310 838.40759277
v -37.16060 5.43070 881.88140869
v -37.16040 60.79310 823.47589111
v -37.15810 100.16930 954.79040527
v -37.15780 89.89220 987.37750244
v -37.15750 86.76830 958.60009766
v -37.15650 -5.88310 874.12878418
v -37.15290 55.53810 818.28051758
v -37.12790 78.50301 973.66638184
v -37.11060 82.54501 964.68927002
v -37.10600 90.06390 955.68792725
v -37.09850 35.81930 839.61181641
v -37.09460 99.25900 987.10137939
v -37.09050 36.87330 818.96197510
v -37.07310 111.50470 973.72857666
v -37.05030 34.82070 826.53649902
v -37.03210 56.58100 832.66961670
v -37.02900 104.46581 984.38031006
v -37.02340 42.00840 844.18499756
v -37.01860 -10.02950 877.50177002
v -36.96210 2.37740 891.91027832
v -36.63240 53.33740 817.57373047
v -36.34360 109.65550 967.27209473
v -36.31640 46.96580 838.81079102
v -36.28830 96.97990 988.52947998
v -36.27530 101.42760 985.50677490
v -36.25740 44.09040 841.40301514
v -36.25670 -0.67190 892.38531494
v -36.25370 91.98120 988.24011230
v -36.20020 59.77490 830.90301514
v -36.19710 110.70420 978.34277344
v -36.19140 -10.18700 880.01110840
v -36.18710 1.40700 891.02032471
v -36.17880 98.21201 987.45581055
v -36.17830 4.51940 880.77630615
v -36.17590 58.60560 821.95648193
v -36.17560 55.59570 832.48919678
v -36.17500 88.90710 958.41131592
v -36.17490 111.50920 976.32897949
v -36.16660 34.73190 838.06292725
v -36.16630 0.46440 876.82818604
v -36.13140 90.92941 985.62841797
v -36.12120 106.45960 982.25439453
v -36.11910 85.72670 961.69757080
v -36.11660 83.64291 980.91961670
v -36.11650 37.84380 840.97290039
v -36.11130 -2.76010 891.15441895
v -36.10880 -8.94760 883.37390137
v -36.10610 -2.82110 875.07000732
v -36.09530 95.03291 955.42779541
v -36.06580 109.72520 979.35559082
v -36.06040 42.98880 841.42529297
v -36.05780 80.45271 976.23718262
v -36.03840 86.84880 961.23999023
v -36.03680 101.41850 956.22583008
v -36.03430 -10.83250 877.49871826
v -36.03160 34.96500 820.52838135
v -35.98790 53.45790 832.63372803
v -35.97660 53.35920 817.69567871
v -35.92890 49.29220 835.53759766
v -35.92310 -7.95820 884.90338135
v -35.91530 94.15450 955.72528076
v -35.83420 37.59430 817.57629395
v -35.78370 45.40670 838.08752441
v -35.38010 81.51900 976.49548340
v -35.32360 80.68860 973.29071045
v -35.32350 4.44670 886.61340332
v -35.30930 59.63790 829.32330322
v -35.20910 33.75410 826.60748291
v -35.19450 48.24870 835.60412598
v -35.17960 52.47950 832.49688721
v -35.16490 39.84340 841.41198730
v -35.16450 111.49140 970.95507812
v -35.16160 36.70430 817.75567627
v -35.14280 33.76230 835.13732910
v -35.13770 91.81220 983.07202148
v -35.13340 84.74330 964.65289307
v -35.12960 4.51390 883.74127197
v -35.09010 111.52980 975.61499023
v -35.08660 40.96480 841.23730469
v -35.08180 88.91130 982.18212891
v -35.08160 96.19770 955.68450928
v -35.08150 109.53481 966.23822021
v -35.07630 -3.69630 890.25537109
v -35.07470 3.48130 879.41357422
v -35.07450 107.45000 963.22338867
v -35.07080 36.79900 839.94750977
v -35.07010 -9.90510 874.29217529
v -35.06770 -10.90020 875.13720703
v -35.06730 34.61220 820.57757568
v -35.02190 55.47860 830.96398926
v -35.01560 3.48520 886.52178955
v -35.00710 105.66380 961.50201416
v -34.97070 91.96941 958.46630859
v -34.96710 107.53080 979.21539307
v -34.94360 95.99830 985.19512939
v -34.92420 97.26030 955.87042236
v -34.91760 54.64970 820.61328125
v -34.86090 33.67860 820.69018555
v -34.82710 -11.15730 877.49847412
v -34.37640 101.17700 982.81781006
v -34.30410 51.25240 817.65441895
v -34.28610 110.62720 975.88299561
v -34.28580 82.68570 970.40301514
v -34.25160 110.69910 971.07299805
v -34.24940 57.62010 829.44641113
v -34.24560 82.61430 973.32061768
v -34.22670 93.01220 958.39117432
v -34.20750 83.65260 976.15747070
v -34.20290 -7.97480 873.90051270
v -34.20270 -2.86670 890.15039062
v -34.17750 109.73170 968.19598389
v -34.16630 42.00690 838.61822510
v -34.15600 56.51660 823.19531250
v -34.12000 86.68560 979.30737305
v -34.11830 -10.99010 880.70660400
v -34.10220 86.76791 964.34899902
v -34.09660 33.74810 837.07031250
v -34.09070 106.58940 961.92419434
v -34.09030 -0.62060 889.39392090
v -34.05960 57.53740 823.86370850
v -34.05650 109.73140 973.14111328
v -34.04200 51.37650 831.41558838
v -34.03990 89.89820 979.90362549
v -34.03920 104.45570 959.99822998
v -34.03720 88.84660 961.71881104
v -34.03680 85.72501 978.36871338
v -34.03470 105.50710 979.26019287
v -34.03410 55.40280 821.88262939
v -34.03320 -6.90700 886.63110352
v -34.03240 2.44540 878.09741211
v -34.03010 34.73110 838.52392578
v -34.02050 -11.14240 874.87261963
v -33.99620 83.70760 970.82220459
v -33.98210 38.82320 839.65618896
v -33.98180 87.74880 979.24041748
v -33.97090 33.74140 819.32507324
v -33.94630 -2.75130 875.40667725
v -33.93200 44.19800 835.63146973
v -33.92920 4.33930 882.95831299
v -33.90750 96.06860 982.58618164
v -33.90250 40.96450 838.57019043
v -33.89610 35.76130 839.19000244
v -33.89440 -5.87580 887.72381592
v -33.51540 57.72560 826.65570068
v -33.19720 98.28780 982.52380371
v -33.18470 102.34210 979.90008545
v -33.17320 108.50460 970.18731689
v -33.16080 4.27120 880.51159668
v -33.13070 0.36380 887.75378418
v -33.12840 51.37920 830.75469971
v -33.07640 56.46330 826.25372314
v -33.06530 -7.79630 886.43951416
v -33.06470 34.91310 817.69329834
v -33.06310 95.15500 958.58752441
v -33.05900 100.30610 981.01171875
v -33.05480 52.35280 819.30157471
v -33.05450 -2.70350 889.23797607
v -33.05200 1.40530 876.87322998
v -33.05090 37.78100 839.24432373
v -33.04840 106.48950 976.36401367
v -33.04610 31.61770 827.56701660
v -33.00650 55.53010 828.08770752
v -33.00340 91.00110 979.33331299
v -32.99930 107.31500 964.52728271
v -32.99890 92.85420 979.72790527
v -32.99830 101.39600 958.65057373
v -32.99630 54.35250 829.29449463
v -32.99610 -11.72580 880.66931152
v -32.99520 106.39540 961.81311035
v -32.99280 -3.79950 888.61267090
v -32.99250 -0.67670 875.87158203
v -32.98700 45.06090 834.10852051
v -32.94350 107.58020 973.46569824
v -32.91870 31.66790 834.89752197
v -32.85280 -12.88250 877.52008057
v -32.43050 85.47460 970.50500488
v -32.31250 85.73260 973.66021729
v -32.20880 107.51090 970.47247314
v -32.10350 86.81580 970.13708496
v -32.06090 49.36420 817.74212646
v -32.03910 88.77060 976.13427734
v -32.03650 90.84880 963.04852295
v -32.01530 39.78810 837.08288574
v -32.00940 2.52860 877.92987061
v -32.00700 33.62550 838.41320801
v -32.00440 103.41911 960.55511475
v -31.98400 30.60130 821.45520020
v -31.95880 -3.79590 874.83007812
v -31.95770 106.41811 965.15502930
v -31.95650 96.95630 959.96118164
v -31.95620 104.46610 976.35461426
v -31.95410 93.01040 961.71240234
v -31.94920 2.43410 883.47570801
v -31.94690 29.65800 829.67889404
v -31.94610 -5.87770 887.59509277
v -31.93980 30.61180 835.13842773
v -31.90140 87.81580 973.46099854
v -31.89720 53.38710 828.01470947
v -31.89360 3.27460 880.82189941
v -31.89320 31.65670 836.76281738
v -31.88920 31.65830 819.58117676
v -31.87770 99.06340 979.53881836
v -31.87530 95.09670 979.24658203
v -31.86620 35.67580 838.93060303
v -31.83140 34.59750 838.90100098
v -31.80630 49.37490 829.45410156
v -31.74320 34.51700 817.54479980
v -31.71770 29.45670 823.40002441
v -31.42210 54.53940 826.35430908
v -31.30100 -10.10910 883.43237305
v -31.16200 88.85360 967.40240479
v -31.12760 88.01360 970.30718994
v -31.09170 53.53370 823.84027100
v -31.04700 36.79750 838.40130615
v -31.04630 38.87990 836.79327393
v -31.04390 -3.80010 887.35772705
v -31.04200 47.30900 817.75268555
v -31.01770 -7.84170 886.42218018
v -31.00240 91.96780 976.14562988
v -30.99950 89.89470 973.05010986
v -30.99250 98.13420 960.56787109
v -30.98730 -13.07550 880.12561035
v -30.97160 104.46111 962.57800293
v -30.97110 0.30750 885.05181885
v -30.96940 95.18930 961.70819092
v -30.91380 51.31790 821.82159424
v -30.91300 -7.96230 873.82952881
v -30.89570 29.46200 820.72821045
v -30.89100 89.85600 968.13250732
v -30.89030 -13.03350 874.26171875
v -30.88930 -5.89770 874.42932129
v -30.86580 51.31220 827.95660400
v -30.86540 95.03510 976.55322266
v -30.86200 -3.99740 874.42358398
v -30.86010 104.46240 973.41278076
v -30.85080 30.61630 819.46691895
v -30.84950 -13.96560 877.35308838
v -30.82020 -13.94690 874.70501709
v -30.79270 101.34530 976.29248047
v -30.77060 47.29070 829.45831299
v -30.75300 35.72720 838.37188721
v -30.66490 28.56210 835.61932373
v -30.66050 28.39330 820.96691895
v -30.21260 42.04920 832.79992676
v -30.14670 52.27620 826.28497314
v -30.13820 101.27110 961.38739014
v -30.13020 91.08760 967.29290771
v -30.08900 92.07560 973.27770996
v -30.08740 91.00110 970.32580566
v -30.08720 103.42450 973.42279053
v -30.08610 104.45960 965.50830078
v -30.06580 45.14360 817.70611572
v -30.04680 104.38200 970.49768066
v -30.04140 96.13530 976.16369629
v -30.00820 -0.67720 884.78900146
v -30.00810 92.71970 967.80718994
v -30.00720 94.10590 973.29742432
v -30.00130 97.10980 962.84350586
v -29.94680 98.17300 961.81109619
v -29.93880 95.10060 964.55761719
v -29.93850 31.40520 838.34820557
v -29.93060 2.37850 880.27770996
v -29.92390 44.03070 830.98931885
v -29.92350 36.74270 837.01861572
v -29.92280 -13.20720 880.36230469
v -29.88590 100.23690 976.07080078
v -29.87560 50.33020 821.72888184
v -29.87320 47.07840 818.93542480
v -29.86680 0.35570 874.51959229
v -29.86530 29.65010 819.52227783
v -29.85660 29.56450 838.11767578
v -29.83540 98.38700 976.07250977
v -29.82760 49.23370 827.73779297
v -29.82670 -9.86500 884.36499023
v -29.81930 45.09710 829.65142822
v -29.81570 -1.77390 885.00567627
v -29.81260 2.37520 877.48529053
v -29.81150 101.40020 973.27001953
v -29.79910 27.30450 831.55047607
v -29.79350 -14.23170 874.96868896
v -29.78550 27.43120 820.83392334
v -29.77620 94.16210 968.14208984
v -29.73830 -12.12200 882.04632568
v -29.72300 103.17530 967.52178955
v -29.22210 31.89780 838.73590088
v -29.08160 50.24740 826.43731689
v -29.08080 95.18070 967.28021240
v -29.05340 43.16870 817.58508301
v -29.04820 102.30161 965.33129883
v -29.04680 97.18420 964.79797363
v -29.04360 50.32810 823.93267822
v -29.04140 95.17500 970.12237549
v -29.04000 98.21890 973.45458984
v -28.98460 100.17070 972.23022461
v -28.95120 25.55440 828.89947510
v -28.90950 49.28990 823.19537354
v -28.88560 35.70210 836.79309082
v -28.87860 27.54670 838.11407471
v -28.85410 31.64010 817.66168213
v -28.84140 48.25020 820.90509033
v -28.83070 -6.92570 885.62750244
v -28.82940 -1.71490 873.16369629
v -28.82630 -8.02700 885.34808350
v -28.82530 -14.97380 877.50769043
v -28.82360 40.96180 831.41369629
v -28.79560 49.22920 826.13201904
v -28.78610 47.15030 827.74591064
v -28.77350 1.45840 880.45037842
v -28.76550 27.49390 819.87347412
v -28.75410 3.15050 877.54571533
v -28.75260 33.71380 838.32141113
v -28.68300 25.48610 835.46411133
v -28.67930 25.28560 821.25347900
v -28.62050 26.46420 838.14752197
v -28.14800 -5.99510 873.22149658
v -27.94810 41.01550 817.64337158
v -27.92350 -3.80010 884.48950195
v -27.87620 3.14900 877.21472168
v -27.85180 43.10060 829.44720459
v -27.84760 45.06660 819.55529785
v -27.84340 1.40230 873.51898193
v -27.84180 -14.25070 880.33489990
v -27.81490 42.12890 817.76202393
v -27.80330 47.12780 826.65319824
v -27.79400 2.36930 874.87548828
v -27.78280 -15.30070 877.48657227
v -27.74100 38.93950 832.42999268
v -27.73400 -4.89820 884.49578857
v -27.66800 23.33950 823.68908691
v -27.66700 24.13870 830.13739014
v -27.65820 42.00160 829.55688477
v -27.65540 -13.16510 881.81140137
v -27.64960 -10.04230 884.15521240
v -27.64840 26.46030 838.88208008
v -27.64620 -16.01650 874.85729980
v -27.01870 2.37040 877.32617188
v -27.00020 47.12860 823.83441162
v -26.96880 38.95400 817.62329102
v -26.87910 -12.11910 883.27252197
v -26.86620 23.40060 835.29656982
v -26.82800 29.43080 838.91101074
v -26.81920 30.64050 817.63201904
v -26.81180 24.44900 838.36840820
v -26.80420 33.61860 836.75219727
v -26.76440 45.12440 821.01300049
v -26.75670 45.04750 826.66638184
v -26.75550 41.87310 818.90301514
v -26.74710 24.39210 820.12829590
v -26.74650 28.46630 818.78100586
v -26.74270 -9.00460 884.52667236
v -26.72270 -15.36640 874.19067383
v -26.70020 2.32980 874.63488770
v -26.69290 -0.62500 880.43237305
v -26.68920 40.06450 817.80718994
v -26.68560 23.33390 820.88000488
v -26.68060 22.18420 823.81787109
v -26.63510 1.45600 877.49279785
v -26.60600 22.14000 829.74591064
v -26.49310 21.11410 823.88958740
v -25.95570 45.04860 823.71142578
v -25.85230 20.38980 826.50787354
v -25.79710 24.36160 839.14007568
v -25.78810 37.58850 817.57531738
v -25.77760 38.78990 818.15081787
v -25.76570 -2.81570 881.73858643
v -25.72800 31.70090 817.61621094
v -25.72310 43.04540 820.98992920
v -25.71390 39.79220 818.90289307
v -25.70700 2.36390 872.72113037
v -25.70620 36.79980 831.41320801
v -25.70610 3.06870 874.44268799
v -25.70490 -16.27650 880.05932617
v -25.70280 26.39320 839.35650635
v -25.65610 30.60990 838.30957031
v -25.64050 21.24570 822.36657715
v -25.63170 -2.84290 871.50219727
v -25.62410 1.31820 877.35748291
v -25.58140 42.00440 827.66699219
v -25.49950 21.32530 838.47229004
v -25.44870 19.18720 826.51531982
v -24.91860 42.96500 826.43701172
v -24.88270 43.04380 823.86492920
v -24.80220 40.96340 827.72821045
v -24.79820 -0.67580 878.85900879
v -24.79750 36.80090 830.78942871
v -24.76990 -17.95830 874.76422119
v -24.72830 -6.86500 883.40417480
v -24.72620 2.37130 874.22631836
v -24.72130 22.29180 820.77416992
v -24.71110 22.28880 839.69396973
v -24.68210 40.96340 820.98889160
v -24.66740 26.39470 819.63482666
v -24.66640 25.35050 839.57507324
v -24.66510 34.71690 832.56848145
v -24.66240 -12.12530 883.48071289
v -24.66170 38.88200 828.40972900
v -24.66150 1.40030 870.22521973
v -24.66080 36.64530 818.92468262
v -24.65970 -16.27970 880.54437256
v -24.65960 20.09070 835.32928467
v -24.65620 19.05400 829.64367676
v -24.65610 0.36590 869.71447754
v -24.63300 41.94550 826.14477539
v -24.63240 29.49340 818.73071289
v -24.60880 23.38000 820.23107910
v -24.60140 20.20780 822.54150391
v -24.58440 -18.19080 877.17358398
v -23.83950 40.96060 823.86511230
v -23.76530 -9.00060 883.46801758
v -23.74440 19.23990 838.46978760
v -23.68560 -4.89870 881.55749512
v -23.66420 -4.80600 871.43103027
v -23.64250 38.88250 820.99328613
v -23.63230 28.46820 838.39422607
v -23.62580 22.28480 821.19281006
v -23.62440 -12.12160 883.69421387
v -23.62310 2.32670 871.50592041
v -23.62070 0.35910 877.16497803
v -23.62050 -0.81040 868.68389893
v -23.61980 -18.29120 877.77722168
v -23.61280 20.20680 841.12219238
v -23.59330 39.86260 826.16210938
v -23.57850 17.87180 831.93981934
v -23.56330 -11.13640 883.46447754
v -23.56310 -17.37090 874.02581787
v -23.56230 -18.40770 874.94891357
v -23.56220 18.13400 823.84808350
v -23.55690 17.14450 826.68127441
v -23.54060 -15.16590 881.81329346
v -23.53430 21.26320 841.36059570
v -23.50530 1.34670 868.59301758
v -23.50230 37.83970 828.35131836
v -23.37270 16.14280 827.09240723
v -22.79850 38.87860 823.86938477
v -22.76710 17.11450 833.05047607
v -22.69360 35.61120 820.71777344
v -22.65730 17.10910 824.81921387
v -22.64790 32.67300 819.83538818
v -22.64670 24.36610 820.57177734
v -22.64350 31.53770 833.99432373
v -22.64160 -12.06340 883.38409424
v -22.63320 -1.78320 878.54748535
v -22.58710 26.33530 839.08679199
v -22.58400 23.26270 840.69299316
v -22.58250 3.06910 871.35430908
v -22.56600 18.14400 841.56182861
v -22.55100 37.78160 826.21142578
v -22.52790 -4.78740 880.44757080
v -22.52160 19.05320 822.90258789
v -22.51790 -7.02700 871.47808838
v -22.51720 2.42400 868.75000000
v -22.45730 35.75820 828.37091064
v -22.44250 19.10670 841.96160889
v -22.37590 17.15960 841.38977051
v -21.79410 36.71740 826.53912354
v -21.75980 36.79820 823.96331787
v -21.70910 -3.78200 869.43750000
v -21.70520 0.45250 865.87902832
v -21.67280 30.55400 833.78509521
v -21.65870 14.04390 829.51452637
v -21.62390 -6.91770 881.24291992
v -21.61330 27.59550 820.65881348
v -21.59580 17.08830 823.70117188
v -21.59020 2.42090 871.26409912
v -21.56250 35.70090 826.20330811
v -21.55450 34.77000 823.41088867
v -21.55030 32.55870 820.84710693
v -21.54150 -14.20850 882.43927002
v -21.54150 -13.16750 882.68792725
v -21.54040 21.18440 822.27612305
v -21.53650 -19.35480 879.52441406
v -21.44780 14.86110 835.52319336
v -21.44520 -18.42170 880.50738525
v -21.44150 33.78600 829.02850342
v -21.33300 15.04010 840.63110352
v -21.25600 3.18630 868.50500488
v -20.70140 -8.80350 871.42681885
v -20.67660 33.75500 823.80157471
v -20.63690 24.29970 839.99951172
v -20.63350 -0.66450 865.58551025
v -20.58670 31.67280 831.36718750
v -20.58390 17.98790 823.16461182
v -20.55920 -0.73060 875.70147705
v -20.55700 12.85910 832.49182129
v -20.54790 16.04290 842.63891602
v -20.52440 33.59940 826.27832031
v -20.52000 -10.19360 871.53240967
v -20.50710 26.26510 822.24798584
v -20.50500 25.33880 838.63049316
v -20.50160 19.10460 842.65979004
v -20.50050 -2.76780 877.51031494
v -20.49470 14.03680 825.78240967
v -20.49240 28.46910 834.11688232
v -20.48610 -21.48760 877.34918213
v -20.47820 -21.49140 874.81719971
v -20.45210 31.51420 823.27862549
v -20.44430 23.14560 841.29718018
v -20.43530 12.93210 826.83862305
v -20.43360 -20.38730 873.75341797
v -20.42590 11.88450 829.53930664
v -20.41870 2.35520 870.21661377
v -20.24340 10.86080 829.89562988
v -19.68560 12.77180 835.27941895
v -19.62420 30.14840 823.40319824
v -19.60480 -21.39150 878.90637207
v -19.54400 -20.36090 880.28979492
v -19.53360 31.53310 826.36120605
v -19.52740 18.17600 823.60638428
v -19.52440 -10.10710 881.14160156
v -19.51160 -4.89630 868.36853027
v -19.50320 2.38970 862.72631836
v -19.46370 -12.12810 881.80120850
v -19.46040 0.36060 863.27777100
v -19.46040 23.26140 840.72430420
v -19.46030 29.51230 831.46099854
v -19.45800 -16.28900 881.61499023
v -19.45800 15.98210 824.63238525
v -19.45790 18.06400 843.18939209
v -19.45500 11.95310 827.82891846
v -19.45360 -6.01470 868.61157227
v -19.44680 13.96170 844.15002441
v -19.40650 30.55050 829.41333008
v -19.40460 3.47090 865.24969482
v -19.40330 -3.74040 867.19989014
v -19.40090 -19.35200 880.81109619
v -19.39990 -7.96020 879.78411865
v -19.39240 26.96240 835.86437988
v -19.38960 21.26680 823.48010254
v -19.33490 -22.53140 873.78607178
v -19.25740 11.95070 841.47650146
v -19.22130 12.80620 844.24438477
v -19.21120 9.81820 832.73211670
v -18.66810 30.46930 826.73541260
v -18.61070 11.68910 838.50628662
v -18.55490 20.14120 842.21887207
v -18.52910 -19.47200 872.37658691
v -18.51570 -13.31060 871.47979736
v -18.50800 -1.78430 875.50518799
v -18.49870 3.47840 867.36376953
v -18.48720 22.27690 823.64990234
v -18.47510 27.33170 824.99981689
v -18.44440 -24.43480 874.74420166
v -18.43140 24.30520 823.69671631
v -18.42830 28.58330 826.45037842
v -18.42490 -16.42910 871.60650635
v -18.42160 -0.68040 874.26940918
v -18.41940 -3.79540 866.58258057
v -18.41940 -0.67640 863.58782959
v -18.41870 12.73570 826.59521484
v -18.41850 -15.24950 881.78179932
v -18.41680 14.94060 845.07287598
v -18.35950 -1.66440 864.01031494
v -18.35930 13.83920 825.93249512
v -18.34650 8.75360 832.30981445
v -18.34200 -24.44290 877.32617188
v -18.34090 4.27350 865.53277588
v -18.33930 3.48270 859.82690430
v -18.33920 9.73260 835.51660156
v -18.33320 8.94910 829.59692383
v -18.29940 10.66490 838.98809814
v -18.24090 10.89530 844.24157715
v -18.17860 4.52440 859.66802979
v -18.08230 5.48130 859.20397949
v -18.00350 7.73860 833.07843018
v -17.65460 28.34120 829.39038086
v -17.55390 27.50760 826.84667969
v -17.51110 -6.92270 878.38018799
v -17.46220 19.02190 842.80859375
v -17.45870 15.89820 845.05627441
v -17.45770 12.93510 826.12847900
v -17.43890 -24.47830 877.66198730
v -17.43380 22.16630 839.99102783
v -17.43080 -8.02150 868.50500488
v -17.42800 2.39490 859.38519287
v -17.42510 11.87850 846.00598145
v -17.37680 24.30340 837.37371826
v -17.37590 14.80550 825.92498779
v -17.37540 3.49210 857.73657227
v -17.37350 -24.47560 873.53558350
v -17.37150 -20.59360 871.67169189
v -17.36800 -25.51200 873.79632568
v -17.31330 4.64830 862.80041504
v -17.30710 7.71640 831.10772705
v -17.30120 6.33270 859.42700195
v -17.30100 -25.65320 876.37310791
v -17.30000 5.61780 856.42871094
v -17.29110 1.32990 859.59527588
v -17.28440 -26.36590 874.53320312
v -17.12990 9.82100 847.62542725
v -17.09200 7.52300 853.49768066
v -16.67390 26.39920 829.72198486
v -16.54760 21.43750 826.24407959
v -16.53240 8.68960 838.50219727
v -16.47130 -3.79990 875.64739990
v -16.39960 12.91690 826.60858154
v -16.39100 8.69330 841.65399170
v -16.38970 -21.54650 880.43157959
v -16.37900 7.65670 838.07330322
v -16.35360 25.09900 832.77050781
v -16.34930 23.04190 826.91339111
v -16.34750 24.35520 829.36541748
v -16.34270 15.06730 826.59307861
v -16.34010 23.26700 837.05029297
v -16.33950 20.13220 841.56848145
v -16.33810 -4.83970 864.41241455
v -16.33710 4.45860 865.12097168
v -16.33650 13.89850 846.38238525
v -16.33610 -6.92110 866.26800537
v -16.33380 -17.33150 881.41491699
v -16.32790 0.36110 871.26257324
v -16.27810 9.67850 828.68658447
v -16.27480 -26.56330 874.83117676
v -16.27090 8.62420 853.28411865
v -16.26970 9.67500 850.42742920
v -16.26920 -2.81820 862.50360107
v -16.26890 6.90000 850.08630371
v -16.26860 7.59250 856.42578125
v -16.25420 -9.96380 879.95343018
v -16.20190 -5.88320 877.34979248
v -16.19010 5.84800 832.73370361
v -16.15940 8.41050 844.82977295
v -15.42810 -22.52900 880.30200195
v -15.42400 -7.92950 878.27398682
v -15.41840 23.20530 829.98992920
v -15.40960 -12.06200 880.49291992
v -15.37440 8.77310 829.00787354
v -15.36970 -26.60000 877.09832764
v -15.35470 23.30010 834.88787842
v -15.29870 4.52820 864.26672363
v -15.29620 2.42690 866.99371338
v -15.29440 0.36570 858.09838867
v -15.29260 -23.70870 871.65240479
v -15.29010 6.55600 831.14019775
v -15.28940 -0.80730 859.52941895
v -15.28890 -10.04950 868.40441895
v -15.28780 -26.55710 873.61950684
v -15.24150 15.85260 828.01599121
v -15.23770 12.79210 847.57019043
v -15.23710 10.71230 850.63079834
v -15.23610 -25.59790 878.18841553
v -15.23380 6.66240 859.31268311
v -15.16540 -2.76430 874.29840088
v -15.16480 17.01230 844.30847168
v -15.14370 22.22720 830.21441650
v -14.89460 4.41730 852.58532715
v -14.49720 22.29810 832.72412109
v -14.40810 18.93370 829.37841797
v -14.39110 14.93360 845.62017822
v -14.35740 -10.04750 878.72399902
v -14.33230 10.69690 828.81512451
v -14.31660 8.75280 829.59191895
v -14.31310 -24.50450 871.61480713
v -14.30920 0.30290 869.97747803
v -14.30510 1.35000 856.34838867
v -14.29630 -18.37930 881.25030518
v -14.25320 4.52530 862.70391846
v -14.25290 8.67790 856.15447998
v -14.25250 20.97360 838.64312744
v -14.20880 20.14710 830.15917969
v -14.19670 -9.98370 867.21209717
v -14.17090 4.78350 832.61950684
v -14.11550 -27.65160 874.71130371
v -13.38320 4.70360 847.66430664
v -13.34610 -5.88100 875.49761963
v -13.34600 -2.75630 872.86468506
v -13.34290 17.07560 843.03363037
v -13.33630 14.88710 829.74328613
v -13.33320 -14.13390 880.51580811
v -13.29190 5.50520 831.90209961
v -13.28700 1.33690 867.27282715
v -13.28060 10.88650 829.63189697
v -13.27080 7.59090 857.67529297
v -13.21430 -12.13020 868.39300537
v -13.21250 9.48780 854.05407715
v -13.20790 -0.67160 856.43408203
v -13.20570 -27.67370 876.45227051
v -13.15890 -4.78490 861.22320557
v -13.15670 6.61390 831.63488770
v -13.14450 12.01450 849.94567871
v -13.13450 5.63690 859.59161377
v -13.13060 12.92990 847.79467773
v -13.12500 -28.44010 874.54199219
v -13.07510 3.76820 835.57080078
v -12.69330 20.19630 835.16168213
v -12.30290 2.26960 865.52252197
v -12.29760 -23.57050 880.34649658
v -12.29480 18.01860 832.75610352
v -12.23190 -10.10410 878.15679932
v -12.22880 -3.85200 859.50891113
v -12.22800 4.53580 844.49377441
v -12.22440 -27.64240 877.25531006
v -12.22130 1.35200 853.23400879
v -12.17590 13.69430 847.64489746
v -12.17380 -24.74000 871.55902100
v -12.17320 -9.00270 864.34069824
v -12.16480 -10.17380 865.57727051
v -12.12900 14.00510 832.26257324
v -12.11090 4.48070 833.66912842
v -12.09350 -1.79600 871.37371826
v -12.06140 3.47590 862.77087402
v -12.04080 -4.84710 874.27612305
v -11.91910 17.83470 841.06207275
v -11.71980 -19.41610 881.07958984
v -11.38490 18.13620 835.72070312
v -11.27600 7.65580 832.51031494
v -11.26850 3.56910 841.49407959
v -11.26480 11.98630 850.11492920
v -11.20390 3.57440 834.62249756
v -11.19030 15.75190 834.01080322
v -11.18850 3.48740 847.14379883
v -11.18700 -8.01620 862.51098633
v -11.14730 17.89820 838.25701904
v -11.13880 1.54400 850.51580811
v -11.13680 6.61760 833.11090088
v -11.13310 6.86000 857.44537354
v -11.12990 2.73010 838.51220703
v -11.12920 -14.21340 868.37817383
v -11.12240 -23.53320 870.87878418
v -11.07480 0.42380 852.08618164
v -11.07330 -6.86960 860.95300293
v -11.07150 -13.10980 867.21160889
v -11.05060 2.70910 835.89221191
v -10.40930 16.11470 841.84027100
v -10.24190 1.33590 850.46588135
v -10.22550 -7.96720 875.64916992
v -10.17010 -4.75980 872.75781250
v -10.15370 11.44420 834.01202393
v -10.15110 3.27560 841.66607666
v -10.14600 2.38590 863.97479248
v -10.14580 -1.77130 869.71459961
v -10.14090 -5.93510 859.36077881
v -10.11370 15.89640 835.84368896
v -10.10370 -16.39140 868.82257080
v -10.09660 10.77730 850.73828125
v -10.09240 13.88790 846.99871826
v -10.09150 -25.65070 871.65148926
v -10.03170 2.63590 838.43707275
v -9.97760 8.71050 853.62738037
v -9.94660 4.62720 859.61090088
v -9.92620 -28.43520 874.77807617
v -9.85100 -10.02460 877.30102539
v -9.59060 16.17290 838.48309326
v -9.20930 -17.43940 868.59039307
v -9.11510 3.56190 861.38598633
v -9.10750 -4.89320 872.51440430
v -9.10600 -10.09780 862.50848389
v -9.05000 3.49650 837.20922852
v -9.04510 -16.29120 868.30651855
v -9.04280 -23.51610 870.86907959
v -9.00000 -3.84520 854.95611572
v -8.99470 -12.07200 864.22338867
v -8.99220 -1.65800 852.21759033
v -8.99170 2.40490 841.42712402
v -8.96290 -16.36900 880.43627930
v -8.93010 0.47620 865.47711182
v -8.82010 11.81170 847.78961182
v -8.24370 12.85860 838.02862549
v -8.22640 13.90210 838.78442383
v -8.14210 -5.88140 872.85321045
v -8.14110 -0.70190 850.53240967
v -8.13440 -2.76040 869.73608398
v -8.13030 5.43550 858.08691406
v -8.11660 1.47290 844.49877930
v -8.08600 13.82810 841.50421143
v -8.07540 5.69960 837.01922607
v -8.07010 -24.55530 880.33557129
v -8.06680 12.84340 845.97387695
v -8.05650 -5.93650 856.51910400
v -8.01870 -27.21660 873.15447998
v -8.00400 2.52340 840.00000000
v -7.99930 -14.33910 865.57641602
v -7.95900 -7.95840 858.28332520
v -7.94810 -23.66740 870.79901123
v -7.93140 8.51950 853.50512695
v -7.93120 13.64130 844.14300537
v -7.92940 1.66030 841.52777100
v -7.92670 -26.59320 878.55297852
v -7.87750 -11.09070 877.34588623
v -7.06960 -18.31250 880.47668457
v -7.02400 -12.17980 862.50848389
v -6.97490 -23.52020 880.43548584
v -6.97070 -1.67270 868.25988770
v -6.96910 -19.41400 868.42919922
v -6.96800 11.59970 847.64630127
v -6.96750 -6.92230 873.48492432
v -6.96550 3.49340 839.50231934
v -6.91300 11.68000 838.98962402
v -6.90870 8.68810 852.14648438
v -6.88500 0.28640 847.16949463
v -6.05370 -3.80180 870.04888916
v -5.99310 2.51040 862.14569092
v -5.98190 -2.81090 850.50762939
v -5.97940 -16.34930 865.47027588
v -5.97910 -26.63230 871.65258789
v -5.97220 -19.35240 880.43377686
v -5.92600 -25.52260 870.81750488
v -5.92420 1.47740 841.94348145
v -5.88800 -2.58120 868.35559082
v -5.87700 -10.04040 858.28198242
v -5.87670 -4.83570 852.28210449
v -5.86910 3.54530 859.70458984
v -5.86770 -24.60210 879.50677490
v -5.86430 0.41810 844.64892578
v -5.86420 -12.13220 877.38250732
v -5.86370 -21.47680 880.41790771
v -5.85210 4.45210 839.70080566
v -5.85210 9.58220 840.03277588
v -5.79400 -4.84530 871.30902100
v -5.21840 10.92540 841.84460449
v -5.04860 7.70420 853.19958496
v -5.04620 9.87780 847.61431885
v -4.94400 -21.55000 868.50238037
v -4.94110 -9.05680 856.50750732
v -4.93520 -14.26380 862.36022949
v -4.88200 -25.66050 878.71539307
v -4.83850 -24.52120 869.89489746
v -4.82750 -7.90470 873.45330811
v -4.82450 1.35480 843.02081299
v -3.98760 9.72180 844.52221680
v -3.91930 2.44690 861.03680420
v -3.90370 -3.85970 869.51947021
v -3.89770 -18.43110 865.49407959
v -3.84940 0.45340 863.91430664
v -3.84350 -12.12630 876.62512207
v -3.84160 -0.53300 844.55432129
v -3.84050 2.44970 842.36999512
v -3.79510 -12.12230 858.28259277
v -3.79470 -6.91770 852.28302002
v -3.79450 -1.70770 846.06597900
v -3.78840 -15.19120 861.29797363
v -3.71140 -9.01210 874.29510498
v -3.68270 8.59740 842.04998779
v -2.97050 9.47890 844.75250244
v -2.87140 5.56450 856.17211914
v -2.87060 -1.72760 866.72680664
v -2.86050 -19.46670 865.50872803
v -2.85340 -5.93700 850.56896973
v -2.80500 6.60840 853.51580811
v -2.80340 -25.65800 870.43157959
v -2.80300 -22.40230 867.46209717
v -2.79900 -2.62010 846.49401855
v -2.75180 -3.81220 868.65399170
v -2.74750 -6.87150 871.58801270
v -2.74670 -18.31490 864.00592041
v -2.74520 -4.77820 848.99487305
v -2.74470 -7.90400 852.21972656
v -2.74380 -27.59200 877.28179932
v -2.73730 3.48750 842.41320801
v -2.71800 -26.61690 877.91851807
v -2.66680 -13.22990 877.34832764
v -2.19520 -19.38530 879.26641846
v -2.10580 0.26810 864.05670166
v -2.08680 8.67600 844.74798584
v -1.88020 3.64950 859.08062744
v -1.85290 4.60820 856.70178223
v -1.84410 0.28630 844.01007080
v -1.83650 -26.77000 877.44500732
v -1.82490 6.54770 843.48590088
v -1.76230 -16.41720 860.64379883
v -1.76170 -13.16680 857.26751709
v -1.75990 6.60060 853.02630615
v -1.74680 -0.68290 844.65808105
v -1.70570 -11.02800 855.01031494
v -1.69750 8.36640 847.26727295
v -1.53350 -14.12050 877.41967773
v -0.87990 -27.61400 872.82122803
v -0.77930 -8.02010 872.33660889
v -0.77700 -7.89700 850.67602539
v -0.77630 -21.42900 865.54290771
v -0.72150 -2.75620 846.74041748
v -0.71730 -15.11080 858.26269531
v -0.71710 -4.83490 848.48919678
v -0.67640 -28.36540 874.71252441
v -0.66470 -17.27650 860.95037842
v -0.55390 -24.32960 868.32092285
v -0.03250 6.69460 847.50311279
v -0.00640 5.41460 844.34832764
v 0.18650 -19.33680 862.58312988
v 0.23670 2.36720 860.84918213
v 0.24400 -7.88940 871.58221436
v 0.24880 2.50630 844.56469727
v 0.31610 4.58920 856.09838867
v 0.31810 -6.91940 849.87298584
v 0.31950 -3.79730 848.18121338
v 0.32110 -9.91140 852.49749756
v 0.32480 -5.85720 870.21697998
v 0.36500 -0.68020 865.28179932
v 0.38590 -25.66420 869.94201660
v 0.40290 0.43940 862.77380371
v 0.44880 -21.41710 878.77490234
v 0.45040 -14.07440 856.53381348
v 0.46490 6.28470 850.26818848
v 1.30060 -26.74000 877.11578369
v 1.30130 2.44200 861.29199219
v 1.30360 -17.26950 859.60687256
v 1.35660 4.31950 856.48339844
v 1.36000 -7.95490 850.67962646
v 1.36050 -3.79820 848.44470215
v 1.36340 -27.66970 871.88427734
v 1.36370 -21.49740 865.60931396
v 1.41800 -5.93660 849.77069092
v 1.43000 -25.58380 877.76080322
v 1.44340 -28.28560 874.60540771
v 2.08970 4.70510 850.50048828
v 2.25880 3.48170 846.50646973
v 2.28730 -9.06170 872.43267822
v 2.31370 -23.65930 867.80877686
v 2.31850 -0.75990 846.87677002
v 2.32660 0.27890 864.33471680
v 2.39250 -6.87130 850.75909424
v 2.39620 -22.67240 867.37390137
v 2.39830 -16.28670 858.36297607
v 2.39900 2.23750 862.11511230
v 2.40070 -10.04620 852.76348877
v 2.40300 -25.66000 869.67480469
v 2.40320 -13.16940 855.53070068
v 2.44520 -20.45270 865.48931885
v 2.47010 -3.79820 868.28149414
v 2.52610 -14.21770 877.27410889
v 3.20430 3.44280 848.19549561
v 3.25900 -18.54090 863.32159424
v 3.35660 -3.88180 849.70068359
v 3.35760 -26.77160 870.81427002
v 3.35980 -27.48900 874.48162842
v 3.36200 1.60340 847.60498047
v 3.36400 -1.71530 866.25622559
v 3.36940 -23.62930 868.80877686
v 3.36980 -0.72150 847.84130859
v 3.37330 -15.18690 856.94342041
v 3.38340 -25.59510 877.18072510
v 3.43060 -27.52480 872.00878906
v 3.43120 -20.12980 868.12097168
v 3.43210 -16.23650 859.79589844
v 3.43210 -8.10370 852.38507080
v 3.43340 -1.84100 849.02380371
v 3.43390 3.23910 856.00646973
v 3.43450 -24.75410 870.02337646
v 3.43810 -11.22760 855.04711914
v 3.44160 -14.20940 876.72387695
v 3.49300 -8.94650 871.30603027
v 3.50630 -18.11150 867.53833008
v 3.51680 -24.53580 877.67358398
v 3.62780 -0.68550 865.05749512
v 4.22490 -26.61990 871.58221436
v 4.22850 -9.00930 853.58941650
v 4.22910 -3.79040 850.59429932
v 4.23380 2.49630 851.18731689
v 4.25500 -6.09250 854.78808594
v 4.26440 -26.68710 874.03088379
v 4.26470 -14.27420 856.99700928
v 4.31690 -17.49660 877.74597168
v 4.32300 0.43990 861.99407959
v 4.33710 -11.13660 857.33081055
v 4.34000 -6.92530 869.51708984
v 4.34290 -11.08730 872.76531982
v 4.35010 -2.53280 851.31848145
v 4.38130 -22.61350 877.71972656
v 4.38410 -15.20020 862.71807861
v 4.40740 -16.29930 877.41418457
v 4.41380 -23.50840 877.20251465
v 4.41620 -10.11530 871.15228271
v 4.42290 -5.93680 868.11322021
v 4.42770 -17.83650 870.79187012
v 4.47190 -8.94700 868.55340576
v 4.47270 -2.90120 865.27886963
v 4.47280 -4.83650 867.34112549
v 4.51030 -13.21780 874.04980469
v 4.52970 -2.80960 862.48999023
v 4.53070 -20.77980 874.02886963
v 4.54220 -5.67160 865.41760254
v 4.55670 -7.88720 865.96850586
v 4.57800 -4.91870 863.09588623
v 4.59860 -0.81080 860.08428955
v 4.63770 -11.41700 869.15710449
v 4.64260 -14.67090 872.15869141
v 5.11060 -0.75720 862.70941162
v 5.17170 -22.27260 877.15930176
v 5.18730 -7.00090 868.44360352
v 5.18820 -3.88340 865.52429199
v 5.19160 -11.17380 871.53430176
v 5.19340 -14.30080 874.49121094
v 5.19810 -13.01930 871.28039551
v 5.22710 -17.60610 877.19189453
v 5.28330 -19.14750 874.50952148
v 5.60360 -5.02820 861.78869629
v 5.70080 -5.88690 856.96130371
v 5.73990 -2.65610 862.39520264
v 5.74020 -5.77850 865.28833008
v 5.74410 -3.49240 854.30041504
v 5.77030 0.72150 853.36279297
v 5.77780 -0.68200 859.72601318
v 5.80740 1.38740 856.49121094
v 6.48440 -7.90410 864.86840820
v 6.52430 -4.78200 865.33447266
v 6.52580 -1.65990 862.41333008
v 6.57580 -5.87450 866.57031250
v 6.57700 -2.75180 864.26318359
v 6.63620 -6.91790 867.34692383
v 6.65920 1.47850 859.14892578
v 6.66880 -8.09370 857.11657715
v 6.67030 -10.45650 868.42578125
v 6.67940 -3.78130 850.74389648
v 6.73320 -7.00610 853.82910156
v 6.77600 3.34550 850.50531006
v 6.77730 3.47660 853.48907471
v 6.78210 -14.48990 871.01519775
v 6.78260 -10.99090 871.32037354
v 6.80960 -9.93170 858.86547852
v 6.86410 -12.06940 862.22521973
v 7.50690 -4.77250 850.71759033
v 7.52030 3.57720 848.11712646
v 7.52460 -15.57250 869.75152588
v 7.52830 -3.87560 866.32598877
v 7.56230 -11.06430 857.13958740
v 7.60250 0.22780 862.33489990
v 7.60280 -1.71830 864.02947998
v 7.61090 2.24170 859.38122559
v 7.61320 -7.90200 869.51672363
v 7.61940 -10.05390 871.38122559
v 7.61990 -8.92140 853.90808105
v 7.61990 -7.95980 853.43121338
v 7.66510 -3.73330 849.66491699
v 7.67240 3.42610 856.42669678
v 7.67440 -15.10860 874.20349121
v 7.69270 -12.57700 860.21197510
v 7.69780 -0.74670 847.74407959
v 7.77420 -13.09510 874.46582031
v 7.77560 -17.08900 867.66271973
v 7.82440 -14.61000 860.58319092
v 7.86550 -19.55880 871.01867676
v 7.86790 -18.25850 874.36920166
v 7.88080 4.43760 848.08337402
v 8.07290 -21.21640 874.53582764
v 8.46020 -9.88920 854.05102539
v 8.54440 -12.11430 856.88311768
v 8.57650 -13.24220 875.04968262
v 8.64840 -7.82230 851.88531494
v 8.64850 -6.77480 850.57568359
v 8.65720 5.29140 853.24560547
v 8.70220 -9.06190 871.46972656
v 8.70520 2.44670 859.38250732
v 8.70780 -0.61430 846.77301025
v 8.72290 -17.32470 875.97412109
v 8.78900 -15.18850 859.61138916
v 8.79920 5.62500 850.29760742
v 8.82100 -22.61580 871.85070801
v 8.92490 -23.43810 874.28558350
v 9.49640 -19.21190 865.85437012
v 9.60780 -18.28610 863.75830078
v 9.61090 -5.96770 869.30938721
v 9.63150 4.45940 856.38812256
v 9.63180 -2.69930 847.60241699
v 9.68830 -11.98400 855.26269531
v 9.68980 -22.59560 870.22369385
v 9.69630 -17.32820 862.53240967
v 9.71280 -21.56360 877.15081787
v 9.74320 -9.05590 852.55328369
v 9.74430 -1.77970 865.42578125
v 9.74710 -20.39880 867.10247803
v 9.75240 5.56680 853.41741943
v 9.75800 5.50330 844.68572998
v 9.77530 -17.24870 877.30590820
v 9.77960 -24.35590 874.12951660
v 9.82820 -23.57050 875.65838623
v 9.85100 2.37010 844.49481201
v 10.16070 6.60250 844.23632812
v 10.64730 -9.96640 852.90527344
v 10.67170 3.47770 859.19598389
v 10.72570 -18.35740 862.89141846
v 10.72790 -21.35600 867.26019287
v 10.72950 -5.87910 849.72900391
v 10.73000 -16.14950 859.66168213
v 10.73110 -15.25120 877.00317383
v 10.73310 -24.20760 871.36590576
v 10.75090 -7.82990 871.27929688
v 10.76450 -17.30910 877.59649658
v 10.78590 1.39590 862.31408691
v 10.78620 -11.14940 874.42626953
v 10.78950 4.58850 856.42199707
v 10.81240 -14.12640 857.78497314
v 10.81620 7.40770 850.64697266
v 10.86050 -9.00410 852.59747314
v 11.61550 5.51280 841.91430664
v 11.64850 -10.03870 853.64642334
v 11.71250 -3.73650 847.76220703
v 11.76590 6.60460 853.35552979
v 11.76720 -17.32410 862.40161133
v 11.76880 8.54530 844.62628174
v 11.77050 -0.67600 864.52502441
v 11.77090 -19.27750 864.33691406
v 11.77200 -0.67330 845.45690918
v 11.77480 -14.20020 858.37609863
v 11.77700 7.64930 842.94720459
v 11.85270 6.60950 841.67199707
v 11.85790 -25.40180 874.15960693
v 11.90580 -23.63240 870.02868652
v 12.73120 3.40800 842.32501221
v 12.74040 -11.15060 856.43811035
v 12.74540 5.62620 856.10858154
v 12.75430 -12.06950 875.36828613
v 12.78800 -24.52180 877.14788818
v 12.80950 -19.40590 865.44580078
v 12.81150 -21.49560 867.37341309
v 12.81300 -3.79780 867.92242432
v 12.81380 -17.32870 863.53192139
v 12.81580 -24.48090 870.50207520
v 12.81770 -25.43790 871.75646973
v 12.87200 8.63470 850.37127686
v 13.02100 9.72740 842.29968262
v 13.77010 2.36540 842.20660400
v 13.80080 7.71030 840.02117920
v 13.84900 -9.00590 855.30731201
v 13.85140 -15.24800 861.41839600
v 13.85160 -0.67380 846.02398682
v 13.85210 -5.87830 852.10400391
v 13.85370 -22.52820 868.61590576
v 13.85970 10.49830 847.25152588
v 13.89760 7.69090 853.17108154
v 13.90520 -14.28820 877.40478516
v 13.90690 -3.79940 849.46759033
v 13.90920 -10.10830 874.42932129
v 13.90920 -6.98510 871.45892334
v 13.90920 -3.86210 868.45892334
v 13.96400 -0.74130 865.41802979
v 14.40620 -24.60550 877.16827393
v 14.81810 5.49170 839.15441895
v 14.89110 1.34490 843.13598633
v 14.89390 -17.32060 865.28527832
v 14.90070 6.47590 838.64190674
v 14.93550 -25.58700 874.56719971
v 14.96830 10.76590 838.88928223
v 14.97100 -12.04200 859.46148682
v 15.01620 3.49590 859.55938721
v 15.19530 -19.24740 878.08197021
v 15.85750 10.69310 849.02209473
v 15.87400 2.45050 861.53448486
v 15.92890 1.67680 841.91870117
v 15.92960 -4.83530 853.39208984
v 15.93370 -17.32550 865.59497070
v 15.93410 -1.71580 849.10632324
v 15.93420 -20.44710 868.35437012
v 15.93450 -19.41290 867.45001221
v 15.93590 -2.75660 867.90490723
v 15.93600 2.58990 840.58428955
v 15.93670 -25.57550 871.80462646
v 15.93870 -9.00270 873.91967773
v 15.93870 -5.87950 870.92327881
v 15.99030 -13.22230 861.44659424
v 16.00660 -25.65060 875.91168213
v 16.00880 5.63970 856.69781494
v 16.01200 -7.87800 856.46148682
v 16.01730 -26.36110 874.16912842
v 16.06490 -0.67550 865.52850342
v 16.13680 12.77820 838.79357910
v 16.73990 -24.66180 877.39007568
v 16.88820 11.81830 835.93457031
v 16.90360 12.77020 846.46209717
v 16.92100 8.56670 835.75561523
v 16.94170 13.78130 839.08160400
v 16.97080 -21.49910 869.21447754
v 16.97140 2.30710 862.51342773
v 16.97350 6.55740 856.31060791
v 16.97490 -24.61250 870.92230225
v 16.97700 3.42960 839.66442871
v 16.97720 -16.28390 865.43218994
v 17.02710 -13.23880 877.40740967
v 17.04850 13.68920 844.25000000
v 17.05130 7.72700 853.76251221
v 17.05300 -9.96000 859.46148682
v 17.05510 9.80370 850.70202637
v 17.06820 2.35120 844.35638428
v 17.31590 14.80870 838.71899414
v 17.82890 14.03020 836.01757812
v 17.93970 7.56640 855.04119873
v 17.95930 2.44910 844.58471680
v 18.00760 1.41080 847.35998535
v 18.01160 -2.75440 853.39202881
v 18.01270 -11.08440 876.03637695
v 18.01540 0.22390 865.53289795
v 18.01560 12.79540 847.30609131
v 18.01650 -19.40560 868.38140869
v 18.01720 -13.16220 863.30450439
v 18.01720 5.57470 836.27111816
v 18.01850 -24.60690 871.47692871
v 18.01900 -4.84000 870.90460205
v 18.07510 3.39010 841.41302490
v 18.08370 -25.45420 877.43768311
v 18.09400 -5.79600 856.46148682
v 18.14940 -9.00340 874.50646973
v 18.18320 -25.64320 872.94030762
v 18.19270 15.64110 835.41271973
v 18.90430 9.66040 832.87518311
v 18.93510 14.89460 843.83569336
v 18.98170 3.66840 838.84747314
v 19.02510 -20.50440 869.15692139
v 19.05320 -3.80070 870.25207520
v 19.05480 -1.85690 868.48339844
v 19.05720 0.37350 850.42749023
v 19.05750 -16.28940 866.64361572
v 19.11430 0.42340 865.45111084
v 19.13500 -7.87800 859.46148682
v 19.13580 8.77030 833.44519043
v 19.13950 4.61420 859.68090820
v 19.22580 14.92730 832.46301270
v 19.33150 17.92840 835.52880859
v 19.87710 -26.34240 874.41131592
v 19.90930 17.15280 832.96771240
v 20.00180 -25.58940 877.14282227
v 20.01400 -10.12200 862.46148682
v 20.03200 -24.79920 871.71636963
v 20.09360 -0.67240 853.39202881
v 20.09420 7.48810 856.53381348
v 20.10090 11.88190 849.47338867
v 20.10140 7.52510 832.74951172
v 20.14260 -21.47060 869.83569336
v 20.15120 5.46740 835.75958252
v 20.15220 -1.66050 868.41162109
v 20.15240 3.47680 862.35479736
v 20.15440 -12.19100 877.41180420
v 20.15480 -8.02150 874.47088623
v 20.17600 -3.71400 856.46148682
v 20.18830 8.78190 853.74047852
v 20.27460 18.76410 832.41149902
v 20.97720 5.36250 838.82989502
v 20.99970 17.89830 830.03350830
v 21.08050 -2.70100 869.72601318
v 21.08180 -8.94910 875.27099609
v 21.08360 -5.82290 872.71569824
v 21.09360 19.99950 832.57031250
v 21.10980 -12.12080 865.40472412
v 21.13920 2.45540 850.42761230
v 21.13950 -14.20740 866.63427734
v 21.13980 -25.57050 871.79760742
v 21.14110 -24.48580 870.89978027
v 21.14150 -22.53570 870.17181396
v 21.14280 5.70450 834.00268555
v 21.19210 1.34840 865.47369385
v 21.19400 13.77940 847.52630615
v 21.19610 15.92360 844.48498535
v 21.30430 10.69710 829.54608154
v 21.33470 8.75350 854.80059814
v 21.95240 20.14170 830.04620361
v 22.05310 19.05630 840.79650879
v 22.06350 21.18180 835.28942871
v 22.09600 -8.04000 862.46148682
v 22.09650 17.98040 842.64288330
v 22.09970 8.61660 830.24749756
v 22.12640 2.50630 864.45092773
v 22.15890 -23.44630 877.69396973
v 22.17310 4.85230 835.60137939
v 22.17420 12.94330 828.30242920
v 22.17630 1.40830 853.41198730
v 22.17680 6.41900 833.06402588
v 22.18050 -19.41350 869.23211670
v 22.23540 -3.85420 858.44659424
v 22.23540 -0.73260 868.48498535
v 22.23650 -6.98000 874.45501709
v 22.30990 22.22190 834.95977783
v 22.31430 13.83530 847.67382812
v 22.36740 22.22190 829.88049316
v 22.43800 23.18510 832.49121094
v 22.87680 -15.61740 868.44677734
v 22.94770 -13.48870 877.94989014
v 22.99330 7.31600 841.33691406
v 23.06580 -26.36220 874.47418213
v 23.12130 0.36550 855.26519775
v 23.17040 23.26370 829.58630371
v 23.21350 -23.65800 877.39831543
v 23.21410 5.98640 832.67681885
v 23.21510 6.62570 835.21148682
v 23.21810 -11.20700 877.45800781
v 23.22020 -10.03810 865.41271973
v 23.22270 -1.71860 857.33117676
v 23.23030 -17.40390 878.51318359
v 23.23390 21.18930 838.47869873
v 23.23940 21.31610 826.85119629
v 23.23940 23.26420 835.32299805
v 23.26630 4.57030 862.17309570
v 23.27560 -2.81690 871.43627930
v 23.27710 16.95860 844.45751953
v 23.29800 5.64420 859.75689697
v 23.29810 11.89850 850.59417725
v 23.31480 17.97520 826.47100830
v 23.34910 7.59440 831.05700684
v 23.38100 13.83640 826.55187988
v 23.47920 7.65180 837.91461182
v 23.49650 6.77390 847.58898926
v 23.98910 6.75440 832.70788574
v 24.03910 23.27360 827.03558350
v 24.18130 4.45080 851.63397217
v 24.18220 11.73630 827.05590820
v 24.25730 -24.67860 875.97180176
v 24.25900 -22.66700 868.68328857
v 24.26190 6.55900 859.31042480
v 24.26250 -16.29070 868.89587402
v 24.26330 5.61670 850.64782715
v 24.26350 8.83140 828.77569580
v 24.31480 14.87550 847.32177734
v 24.31510 0.30740 868.47308350
v 24.31830 -4.89430 861.44659424
v 24.32240 -24.67550 870.23767090
v 24.34010 7.72800 856.75091553
v 24.36080 7.71900 832.43090820
v 24.36280 12.79860 850.00421143
v 24.39580 -25.64050 871.72442627
v 24.41070 25.41150 827.15960693
v 24.47540 26.28240 829.23852539
v 25.16610 10.77140 852.35070801
v 25.21760 7.90870 829.90802002
v 25.22380 -2.83530 872.43408203
v 25.24050 13.95410 847.51208496
v 25.24300 8.68230 856.03137207
v 25.24560 20.01250 823.80981445
v 25.24580 19.15780 842.46539307
v 25.24600 26.41130 826.70581055
v 25.24730 -6.86640 875.27142334
v 25.24910 1.46310 867.45581055
v 25.28700 9.65230 838.54162598
v 25.28780 9.66390 844.02978516
v 25.29910 -13.16230 868.37438965
v 25.29960 -3.79800 873.04449463
v 25.30090 1.40600 857.54479980
v 25.30300 -12.12860 867.70861816
v 25.30320 -25.49650 874.27416992
v 25.30640 24.30840 837.36010742
v 25.30730 21.18380 840.77899170
v 25.31130 27.07850 830.05621338
v 25.35490 9.68410 828.34478760
v 25.38310 -19.33990 868.23797607
v 25.38410 23.20210 823.79901123
v 25.38490 -26.35680 871.52819824
v 25.38550 13.00980 847.53021240
v 25.40740 -17.32330 878.65960693
v 25.41150 -6.86710 864.37921143
v 25.42270 7.58290 850.76788330
v 25.44070 17.01680 844.41400146
v 25.45730 9.68100 853.09082031
v 25.54650 28.35620 826.67871094
v 25.56250 28.39690 829.71630859
v 25.71100 9.73450 853.36572266
v 26.06850 8.83170 829.76068115
v 26.10260 10.88370 850.26892090
v 26.10720 8.74510 850.67401123
v 26.17070 9.81400 850.25012207
v 26.22400 8.28580 856.57409668
v 26.26370 16.93760 824.01367188
v 26.26460 -26.35320 871.73370361
v 26.26530 -22.61480 877.40618896
v 26.27340 -21.49810 868.06152344
v 26.28340 3.53810 856.44873047
v 26.28850 -24.55220 868.70782471
v 26.29640 25.29250 823.63122559
v 26.33930 3.48710 865.26092529
v 26.33980 10.77920 835.70471191
v 26.34120 -2.88980 861.53082275
v 26.34250 12.85330 846.35058594
v 26.34390 -0.67560 870.45159912
v 26.34450 -9.00350 866.63409424
v 26.34450 -7.96250 876.41711426
v 26.34450 9.10100 853.36572266
v 26.34450 9.73450 851.65710449
v 26.34450 9.73450 854.39562988
v 26.34450 10.36800 853.36572266
v 26.34560 11.95080 826.03350830
v 26.34610 -0.67190 860.53161621
v 26.37940 7.70040 853.69000244
v 26.38850 9.86940 829.62017822
v 26.38950 11.81540 843.95617676
v 26.39710 20.09250 823.05340576
v 26.40140 21.12130 841.40808105
v 26.41390 -21.62740 877.75482178
v 26.41680 4.60910 862.74432373
v 26.41760 11.66210 838.52368164
v 26.42590 28.34050 823.79431152
v 26.42900 17.10280 843.99389648
v 26.43370 -10.82890 877.86877441
v 26.50380 6.65550 859.25421143
v 26.61990 30.41450 826.48260498
v 27.09200 10.72000 832.49078369
v 27.17330 6.67160 856.50292969
v 27.26450 30.54810 829.27947998
v 27.28260 24.35690 822.49829102
v 27.29960 11.74950 826.10137939
v 27.30210 -23.65320 868.34960938
v 27.30590 -4.92000 875.20147705
v 27.31350 12.73210 838.50897217
v 27.32250 5.55780 862.02789307
v 27.32430 5.56530 856.77252197
v 27.32560 14.99800 844.30187988
v 27.32650 1.45970 859.48577881
v 27.32700 -16.29340 869.17932129
v 27.32900 0.41840 870.37359619
v 27.32920 23.32330 839.53698730
v 27.36370 -5.86650 865.40399170
v 27.37450 6.36680 859.26269531
v 27.37500 11.02420 826.94580078
v 27.37870 -24.60340 868.98022461
v 27.38420 14.93850 824.74230957
v 27.38670 26.39160 836.68371582
v 27.38840 28.47700 834.26232910
v 27.40280 12.76210 835.60241699
v 27.43670 12.80600 825.88262939
v 27.45820 -11.00610 868.39093018
v 27.46180 -1.63380 862.37011719
v 27.51430 31.59200 828.93457031
v 27.53800 31.65860 824.16290283
v 27.64110 32.55390 826.50201416
v 27.70150 30.63610 823.21002197
v 28.19240 -13.00640 878.87731934
v 28.22670 13.90570 840.74029541
v 28.30660 5.21860 862.58062744
v 28.34920 14.94070 841.72827148
v 28.35800 -23.51910 868.80480957
v 28.36630 -24.48500 871.43371582
v 28.36990 26.26280 820.81390381
v 28.37010 -4.78360 875.47827148
v 28.41320 3.54060 859.59161377
v 28.41420 21.18270 822.03631592
v 28.41450 12.86470 829.50830078
v 28.42060 -19.27970 868.59771729
v 28.42330 15.98420 842.66571045
v 28.42600 -2.75510 863.77160645
v 28.42650 -6.92040 866.63452148
v 28.44200 29.45470 820.86071777
v 28.46400 4.68100 859.74621582
v 28.47240 13.96040 835.50372314
v 28.47660 0.30380 871.42248535
v 28.47730 14.88530 825.06719971
v 28.51710 2.44260 868.22888184
v 28.79800 19.26900 842.38061523
v 29.21570 13.98000 826.55871582
v 29.29880 5.08000 862.72302246
v 29.31070 14.79160 832.21929932
v 29.38350 16.94500 823.20111084
v 29.38380 15.82220 837.58557129
v 29.38640 23.18350 820.95300293
v 29.39210 -24.27300 871.84808350
v 29.39400 30.59410 820.68780518
v 29.40880 0.42060 862.49353027
v 29.40950 -0.62360 872.69140625
v 29.41440 -21.47950 877.20678711
v 29.46000 15.98740 823.98498535
v 29.46650 28.47030 836.66021729
v 29.46720 -14.21100 879.38092041
v 29.46950 -17.33000 869.40130615
v 29.46950 32.63620 831.36688232
v 29.47030 30.55320 834.37072754
v 29.48860 34.71410 826.44287109
v 29.48950 34.63790 823.27899170
v 29.49610 14.99240 827.00531006
v 29.52420 22.16170 841.42340088
v 29.54720 -20.37150 877.83972168
v 29.57030 3.53650 865.31030273
v 29.61370 33.68130 820.77282715
v 29.63330 -23.16690 874.49530029
v 29.65710 16.11260 833.39422607
v 30.28910 15.98170 826.26458740
v 30.33550 3.48210 862.84259033
v 30.33760 17.10290 840.83251953
v 30.34420 16.97060 824.46569824
v 30.37420 21.18490 841.80627441
v 30.40660 30.60380 819.84277344
v 30.41760 16.87030 831.39312744
v 30.45020 -2.70130 865.47747803
v 30.45620 2.54070 862.71130371
v 30.45820 19.05910 841.15020752
v 30.49070 -16.08570 879.18347168
v 30.50070 -18.37650 878.27941895
v 30.50210 -7.96140 868.43029785
v 30.50210 1.40110 871.25109863
v 30.50580 -0.67900 873.68518066
v 30.50700 21.18450 821.74432373
v 30.50760 -2.75980 875.45172119
v 30.50960 -4.83950 866.76287842
v 30.51740 35.76240 828.35968018
v 30.53310 -15.19120 869.82781982
v 30.56510 19.10290 822.95129395
v 30.57680 36.84570 826.25439453
v 30.58440 -1.63580 865.34448242
v 30.58740 33.76680 819.58819580
v 30.60330 27.37570 838.42987061
v 30.61830 3.41800 865.42468262
v 30.66260 36.64830 820.94830322
v 30.76050 37.91440 826.17517090
v 31.38210 18.94570 824.22241211
v 31.46650 0.28350 864.52990723
v 31.46890 -19.48470 877.46099854
v 31.48110 19.10590 837.25531006
v 31.48660 21.24110 841.09582520
v 31.49000 22.28640 820.77416992
v 31.54450 4.10820 865.64642334
v 31.54780 34.71520 831.37939453
v 31.54930 -12.13570 869.67358398
v 31.55370 23.26880 840.23712158
v 31.55380 -12.12600 879.97528076
v 31.55560 36.80560 829.24847412
v 31.60140 -20.50880 870.77532959
v 31.60150 21.13080 822.13928223
v 31.60250 -18.30610 870.28961182
v 31.60420 23.38370 820.25817871
v 31.62190 38.88030 826.02941895
v 31.67260 19.33200 825.44610596
v 31.67430 38.87500 820.88092041
v 31.80800 39.84320 820.46051025
v 32.23110 -20.82420 874.25201416
v 32.33510 -21.33900 871.62188721
v 32.34740 20.23020 823.59417725
v 32.38820 35.11500 817.80712891
v 32.50990 21.18660 838.63171387
v 32.51340 32.56520 818.02709961
v 32.52630 -19.40520 877.15039062
v 32.53360 2.37570 871.25982666
v 32.53390 -1.66310 875.69262695
v 32.54530 40.82670 820.60089111
v 32.58090 -5.77720 868.45709229
v 32.58210 22.22900 839.61328125
v 32.58630 28.47870 819.02130127
v 32.58680 26.39190 839.17791748
v 32.58780 -16.29040 879.35589600
v 32.59050 -3.80870 877.49810791
v 32.59090 30.55650 836.46472168
v 32.59090 32.63540 834.40802002
v 32.59150 33.73410 833.63171387
v 32.60050 39.98090 826.42211914
v 32.64070 -20.37870 871.79907227
v 32.65690 38.91570 818.43182373
v 32.68100 37.44080 817.59667969
v 32.74360 2.59150 866.09942627
v 32.76250 41.04710 826.14477539
v 32.79450 34.05980 817.63220215
v 32.80380 42.00250 823.49487305
v 33.42710 22.22530 838.17950439
v 33.46120 21.26520 831.83557129
v 33.49530 1.40290 873.00701904
v 33.55090 23.19940 821.67877197
v 33.55670 3.15390 868.40161133
v 33.55820 22.11690 825.36901855
v 33.58780 42.91070 820.60589600
v 33.60200 40.90820 817.94177246
v 33.62650 0.36110 866.79132080
v 33.63150 28.47250 819.10369873
v 33.63230 -9.00380 880.00952148
v 33.63290 39.92460 828.56378174
v 33.64220 35.75990 832.59429932
v 33.67810 24.25660 820.87249756
v 33.70930 -14.12800 880.68151855
v 33.77940 42.06490 818.84362793
v 33.80750 43.11170 826.15258789
v 33.84670 44.08360 823.49169922
v 34.17780 39.11920 817.55249023
v 34.51840 24.26120 837.89648438
v 34.56970 31.68590 817.58721924
v 34.58810 26.30970 820.04132080
v 34.58880 -17.41720 871.17810059
v 34.59460 25.34430 838.57379150
v 34.60290 -9.08990 869.74310303
v 34.61060 -2.70250 868.50451660
v 34.61600 2.37750 868.77960205
v 34.63170 44.99180 820.60449219
v 34.67090 -4.84120 879.31231689
v 34.67220 37.84330 832.36389160
v 34.67310 -16.34800 878.75451660
v 34.67320 40.96610 829.35308838
v 34.67380 -1.72300 877.48028564
v 34.67590 34.72040 835.32580566
v 34.69220 45.12310 823.49560547
v 34.71200 43.16420 817.99707031
v 34.71470 -14.16390 880.48321533
v 34.72110 -12.22400 880.81988525
v 34.72420 24.44520 823.91229248
v 34.72970 29.45500 838.44891357
v 34.80810 2.43490 871.58782959
v 35.00420 24.76760 835.13122559
v 35.32490 42.09170 817.56787109
v 35.54340 25.43450 823.31048584
v 35.59210 26.28000 838.01477051
v 35.60130 45.12960 826.30499268
v 35.63210 1.32620 875.62652588
v 35.64910 0.42290 868.52160645
v 35.65010 -17.32590 871.97412109
v 35.65280 28.52880 838.48120117
v 35.70830 1.53930 868.73199463
v 35.71240 44.08640 827.88568115
v 35.71390 33.67860 836.24560547
v 35.71530 -7.96250 880.89916992
v 35.71570 42.98920 828.49212646
v 35.71780 3.17190 871.65161133
v 35.71790 28.47440 819.58020020
v 35.73340 47.14740 820.75781250
v 35.76480 -17.37500 876.90557861
v 35.77030 2.37420 874.15972900
v 35.77080 30.49190 838.33941650
v 35.77510 27.43280 820.81188965
v 35.79040 -14.12490 880.73309326
v 35.79130 -16.20450 871.57958984
v 35.80170 -18.06010 874.49420166
v 35.80740 45.19570 817.93579102
v 35.89640 -2.81420 869.25378418
v 35.96080 48.16320 823.27319336
v 36.64580 26.45140 831.79681396
v 36.65880 30.61960 817.73010254
v 36.69090 29.57090 838.24627686
v 36.73690 27.37300 835.55987549
v 36.73830 46.15760 817.63970947
v 36.74310 27.43140 824.36199951
v 36.75450 32.63650 836.99340820
v 36.75460 0.36000 877.48547363
v 36.75500 -0.67600 878.45861816
v 36.75520 -12.12500 881.06591797
v 36.75610 -5.88050 881.01141357
v 36.75890 38.88510 833.69018555
v 36.76500 36.80040 835.41998291
v 36.77240 47.29000 826.50299072
v 36.90310 49.35440 825.80261230
v 36.93760 49.28860 820.88049316
v 36.98320 47.23750 817.71508789
v 37.01240 50.25150 823.49322510
v 37.08570 101.74150 964.71118164
v 37.08930 104.06050 964.25860596
v 37.54380 27.50720 832.45581055
v 37.62410 -15.56880 877.07568359
v 37.68080 48.32390 817.96020508
v 37.71160 -13.24760 880.43481445
v 37.71540 0.28320 870.19238281
v 37.71690 2.36340 876.36431885
v 37.71870 32.51580 817.53460693
v 37.73080 100.55621 964.50250244
v 37.73850 -14.11240 871.61810303
v 37.78350 29.51650 820.99591064
v 37.78590 29.51460 836.78442383
v 37.79180 2.30890 870.70343018
v 37.79240 3.26610 871.76062012
v 37.79290 3.26650 874.43920898
v 37.79550 -10.04450 881.67761230
v 37.79840 42.00840 832.37329102
v 37.79860 -2.75620 880.43872070
v 37.79880 40.96450 832.71478271
v 37.79950 -3.79840 880.63458252
v 37.80070 49.29480 827.54168701
v 37.91880 105.49091 967.00988770
v 37.92840 105.50110 961.91827393
v 37.95570 28.70750 827.45849609
v 37.97650 98.84340 970.32348633
v 38.00620 -4.99580 870.59570312
v 38.01280 103.51400 970.43719482
v 38.04280 51.44530 826.13421631
v 38.04880 96.22490 967.26489258
v 38.08350 97.11360 964.49291992
v 38.11500 98.95790 963.79028320
v 38.20580 106.65180 961.63970947
v 38.66340 29.52290 834.58587646
v 38.75590 1.32690 878.57397461
v 38.76060 30.55190 835.68768311
v 38.76980 49.22560 817.66748047
v 38.77610 -15.17650 874.57971191
v 38.77640 51.36800 820.67669678
v 38.78080 -13.15700 880.21899414
v 38.81080 37.82680 836.12097168
v 38.82550 31.44120 820.74597168
v 38.82590 30.55450 823.50878906
v 38.83250 -14.20500 872.94891357
v 38.83280 31.59440 836.23760986
v 38.83350 29.59760 829.50207520
v 38.83650 33.67750 836.58227539
v 38.83650 34.71850 836.63677979
v 38.83700 -0.67590 879.74499512
v 38.84040 44.09020 832.35937500
v 38.84190 49.29320 828.42028809
v 38.84570 51.37720 827.81390381
v 38.85950 97.32890 961.82690430
v 38.90110 98.51170 973.47558594
v 38.91500 52.41490 826.03363037
v 38.92910 100.38570 958.75482178
v 38.96300 95.10340 970.48211670
v 39.00890 107.52340 967.33740234
v 39.01720 96.19640 973.17272949
v 39.04430 106.54770 970.47442627
v 39.04590 102.31091 973.63598633
v 39.05070 94.94820 965.07867432
v 39.12860 104.52900 958.45648193
v 39.14270 52.50680 820.86138916
v 39.17180 53.45240 823.50701904
v 39.71580 108.33430 962.42358398
v 39.76270 93.15710 970.48120117
v 39.78330 -9.95240 871.53979492
v 39.80800 30.69740 832.48876953
v 39.81240 93.09050 967.51672363
v 39.81850 -11.08210 871.89587402
v 39.82110 3.24850 874.73980713
v 39.83560 99.31500 958.59802246
v 39.86250 31.53370 826.50469971
v 39.87450 46.17060 832.34967041
v 39.87600 -9.00500 882.31439209
v 39.87850 33.74030 818.87988281
v 39.87910 2.44590 872.99261475
v 39.87930 39.92350 836.25848389
v 39.87970 -6.92260 882.84948730
v 39.87970 106.54840 959.35107422
v 39.88020 0.36690 880.32659912
v 39.88040 104.46340 973.52471924
v 39.88500 40.96450 835.47949219
v 39.88580 95.17250 961.86407471
v 39.88800 93.91410 964.54992676
v 39.89520 53.51180 826.53869629
v 39.93600 -11.14010 881.10461426
v 39.94320 98.22760 976.24499512
v 39.94800 101.47830 956.98052979
v 39.95690 2.51540 877.53009033
v 39.96500 106.63040 973.13708496
v 39.96630 100.38590 976.27270508
v 39.98400 52.41810 819.26788330
v 40.05500 91.09631 970.03851318
v 40.08140 93.09880 973.48272705
v 40.09040 108.62780 970.49230957
v 40.09830 109.53620 967.51281738
v 40.09910 91.86660 964.59729004
v 40.65640 94.96990 975.79760742
v 40.73720 32.63680 823.84057617
v 40.81590 94.10900 961.53027344
v 40.84640 -13.47510 876.92968750
v 40.85060 97.29640 976.67510986
v 40.85680 101.39761 976.67572021
v 40.90250 32.68870 834.25537109
v 40.90840 35.74890 817.60021973
v 40.91420 -12.11690 880.13549805
v 40.91690 2.44260 873.37799072
v 40.91700 36.79900 837.29071045
v 40.91850 103.42980 956.79681396
v 40.91990 -2.75750 882.70617676
v 40.92220 43.04860 835.39129639
v 40.92750 49.29260 831.57299805
v 40.92750 91.96710 962.64770508
v 40.93070 54.49640 828.37268066
v 40.93230 0.37190 872.27209473
v 40.94300 55.53620 826.40692139
v 40.97200 106.54250 958.62341309
v 40.97690 104.31720 976.29339600
v 40.97710 53.40520 829.38189697
v 40.98940 32.79860 826.96380615
v 40.99820 89.78310 967.82611084
v 41.05870 101.34850 955.52587891
v 41.09890 88.93121 970.50640869
v 41.13320 56.57380 826.40740967
v 41.15630 89.89880 973.32727051
v 41.15860 48.25090 832.67919922
v 41.16130 56.51850 823.66510010
v 41.71750 34.79750 820.36157227
v 41.73900 96.95370 978.91668701
v 41.81780 -12.96370 877.58972168
v 41.84130 55.53980 820.74090576
v 41.86020 89.94940 964.42968750
v 41.88520 52.41470 817.65539551
v 41.88820 -13.04860 874.90081787
v 41.90140 -8.13070 872.52038574
v 41.91730 107.39630 976.23840332
v 41.95520 34.72130 836.19702148
v 41.95670 3.34480 873.91119385
v 41.95950 108.63290 960.42559814
v 41.96120 0.36580 882.22467041
v 41.96170 108.62920 975.35510254
v 41.96220 4.24240 875.03692627
v 41.96260 109.78600 962.38159180
v 41.96340 45.13030 835.40979004
v 41.96630 88.85770 973.64898682
v 41.96680 56.58140 828.36407471
v 42.01510 100.36300 954.59527588
v 42.01580 -10.09950 881.47570801
v 42.01630 96.13790 956.54681396
v 42.02260 35.75880 820.53729248
v 42.02290 111.33620 967.49072266
v 42.02330 38.82380 838.36968994
v 42.03770 4.26780 877.61700439
v 42.03960 87.70030 967.99871826
v 42.04780 37.83870 817.65472412
v 42.05240 102.46810 979.28222656
v 42.05270 87.89070 973.05340576
v 42.09260 -6.92370 883.92779541
v 42.10680 94.00121 979.40972900
v 42.21960 85.80811 970.50341797
v 42.24030 58.53190 826.48602295
v 42.24750 86.63620 967.71929932
v 42.80100 34.69170 826.43218994
v 42.82620 91.87891 979.03912354
v 42.91820 2.36910 881.86108398
v 42.93560 85.65680 973.24041748
v 42.94400 -8.01130 883.45318604
v 42.94580 55.59710 819.31292725
v 42.96040 105.31760 979.24542236
v 42.99010 35.75800 836.67041016
v 42.99690 99.21240 953.96697998
v 42.99960 107.58300 958.67010498
v 43.00050 -11.08030 873.87261963
v 43.00110 43.04820 837.41412354
v 43.00120 -2.75740 884.52587891
v 43.00130 40.96380 838.50762939
v 43.00200 4.36680 877.51379395
v 43.00240 90.93230 960.07769775
v 43.00560 46.16790 835.77319336
v 43.00810 51.53350 832.67388916
v 43.00870 103.53391 979.76489258
v 43.00900 -0.67520 883.66333008
v 43.00900 95.14640 955.68377686
v 43.01240 86.84541 964.87109375
v 43.07130 97.18570 982.28991699
v 43.07530 94.02530 980.97229004
v 43.07880 -9.96780 881.67858887
v 43.08330 56.66030 819.58831787
v 43.09390 98.29760 982.27972412
v 43.09600 58.73250 829.13897705
v 43.14990 84.62330 968.17419434
v 43.17540 111.56910 970.94757080
v 43.25680 83.72310 970.50238037
v 43.79230 -2.74130 872.76818848
v 43.82430 35.71810 835.43011475
v 43.88990 103.26370 982.07318115
v 43.89860 83.57370 973.03118896
v 43.93070 96.05200 982.59869385
v 43.96060 109.59370 977.50592041
v 43.97210 36.79620 837.98608398
v 43.97450 60.49370 826.48498535
v 43.97910 -11.12350 877.33978271
v 43.98090 1.46360 873.93060303
v 43.99680 54.48480 817.63067627
v 44.03870 -11.00560 874.59271240
v 44.03980 86.77220 963.08551025
v 44.04020 2.63770 874.72131348
v 44.04160 -8.99860 883.00347900
v 44.04320 111.64320 964.80603027
v 44.04390 101.40450 953.17828369
v 44.04420 -7.82970 883.98339844
v 44.04570 104.52120 955.66870117
v 44.04580 99.24940 982.86419678
v 44.04650 110.69810 975.90002441
v 44.04660 93.01180 955.68048096
v 44.04710 88.84990 961.16198730
v 44.05480 -3.71140 885.40661621
v 44.09860 91.08110 982.39910889
v 44.10260 37.90420 839.18829346
v 44.12230 110.46481 961.52301025
v 44.12630 38.96400 839.63092041
v 44.21300 83.57330 976.27520752
v 44.24540 60.66950 823.76037598
v 44.25220 60.79980 828.63140869
v 44.84230 55.53640 833.53009033
v 44.88010 88.64851 981.95758057
v 44.92670 3.48460 883.12390137
v 44.98420 81.68730 973.18139648
v 45.02340 109.72680 978.01867676
v 45.02390 44.90450 839.82208252
v 45.02500 82.61040 976.46728516
v 45.07980 -10.03800 874.10748291
v 45.08250 -9.89780 880.40167236
v 45.08290 -5.88090 885.04437256
v 45.08330 0.36720 885.41430664
v 45.08340 46.15920 838.84381104
v 45.08430 111.69510 964.80938721
v 45.08470 4.50600 880.33508301
v 45.08550 87.80930 959.72100830
v 45.08730 106.54940 981.56427002
v 45.08820 89.89111 958.18878174
v 45.08920 99.39560 951.38830566
v 45.08940 60.74600 830.83709717
v 45.09070 112.63400 968.10290527
v 45.09360 112.66560 970.81170654
v 45.10760 41.02190 817.60821533
v 45.11820 43.14380 840.10180664
v 45.13370 97.23650 951.01977539
v 45.14030 100.14940 985.32177734
v 45.15320 59.70380 820.45800781
v 45.15600 61.78310 828.86981201
v 45.15690 51.45150 835.86578369
v 45.16210 4.51090 877.54650879
v 45.16910 53.53480 835.42547607
v 45.17040 92.59950 985.53839111
v 45.18780 56.57990 832.92260742
v 45.20580 86.93910 982.44757080
v 45.21000 81.45560 968.35797119
v 45.21380 36.88120 830.24511719
v 45.33640 62.74450 826.49938965
v 45.47870 94.00591 951.80957031
v 45.91650 48.25400 839.57299805
v 45.97860 79.72501 973.48529053
v 46.01740 37.79990 826.69470215
v 46.03630 107.62100 958.93109131
v 46.04260 5.31120 877.90338135
v 46.04860 91.02320 985.80511475
v 46.12090 37.78940 838.28979492
v 46.12130 4.52180 876.63610840
v 46.12190 91.06900 955.00811768
v 46.12230 37.01820 835.75750732
v 46.12310 39.93420 820.32092285
v 46.12340 38.75390 840.33172607
v 46.12400 108.62640 981.36712646
v 46.12600 101.33350 985.84179688
v 46.12620 83.64550 962.72540283
v 46.12630 100.30500 951.35198975
v 46.12690 -7.95640 883.14331055
v 46.12690 39.79110 841.35571289
v 46.13030 85.72710 961.18707275
v 46.13180 82.60350 964.52838135
v 46.13830 40.93290 841.56420898
v 46.14690 46.18480 841.31628418
v 46.17110 56.66280 817.59741211
v 46.17490 93.03080 952.07727051
v 46.18570 98.16000 949.48162842
v 46.19330 49.55720 838.76922607
v 46.19560 81.49850 979.47930908
v 46.20540 79.41940 971.07202148
v 46.21950 98.30510 988.28631592
v 46.22780 111.83950 975.89630127
v 46.24970 93.18750 988.55621338
v 46.29260 95.41130 988.76770020
v 46.29400 112.53820 968.06909180
v 46.29610 80.44770 979.26739502
v 46.30180 83.81130 982.57159424
v 46.32890 51.31120 838.63311768
v 46.37160 78.51930 973.49560547
v 46.40180 63.86270 829.48480225
v 46.74730 -3.96580 873.25140381
v 46.95740 37.75030 832.23187256
v 46.96500 94.45310 947.28167725
v 46.99910 91.10330 952.27642822
v 47.03240 92.82690 949.67932129
v 47.03410 41.86280 817.66900635
v 47.06070 90.85680 988.28338623
v 47.06190 85.74191 985.29901123
v 47.07490 79.48020 967.60040283
v 47.07630 -9.79540 877.28839111
v 47.08260 -4.67300 886.51788330
v 47.08300 107.51030 983.52648926
v 47.08460 60.74290 833.76342773
v 47.08570 39.93860 820.84417725
v 47.09220 86.84670 985.87310791
v 47.09670 110.56240 979.47497559
v 47.09970 87.88880 955.76617432
v 47.10110 105.38800 956.93988037
v 47.10850 -7.95880 874.10968018
v 47.11160 79.48560 979.48547363
v 47.11970 109.70560 964.28540039
v 47.16550 80.52390 964.86138916
v 47.16620 49.30730 841.24102783
v 47.16650 102.32040 987.53411865
v 47.16660 62.82660 821.64422607
v 47.16680 3.48680 875.65032959
v 47.16850 53.45650 838.42272949
v 47.16880 4.52860 885.10949707
v 47.16890 -1.71750 888.23547363
v 47.16990 0.43090 888.07049561
v 47.21290 -8.99270 874.78692627
v 47.21950 5.55270 883.00000000
v 47.22710 77.46810 973.50122070
v 47.23420 2.44860 874.85681152
v 47.23570 103.26511 954.40167236
v 47.23720 94.00560 991.16668701
v 47.24310 89.96280 949.11560059
v 47.24780 86.61131 958.16052246
v 47.26110 63.94930 832.14331055
v 47.27290 96.92980 946.14929199
v 47.27390 88.91280 952.65832520
v 47.30560 94.69020 941.09759521
v 47.32810 87.73760 988.37548828
v 47.33420 78.36260 967.84271240
v 47.37420 89.91930 940.82080078
v 47.39660 -5.93580 884.95269775
v 47.41880 97.08141 943.25982666
v 47.43890 78.44490 979.69879150
v 48.03140 91.80540 991.07489014
v 48.07920 89.04710 940.72052002
v 48.12630 -1.79520 888.93420410
v 48.13160 6.35890 880.72119141
v 48.13350 1.42030 874.45037842
v 48.17500 47.09320 844.44921875
v 48.19530 112.32830 973.15167236
v 48.19950 38.78190 838.18621826
v 48.19970 110.69870 979.26721191
v 48.20480 -8.81980 880.00769043
v 48.20590 105.50650 986.58087158
v 48.20650 62.82030 820.71917725
v 48.20920 85.78330 955.66009521
v 48.21020 109.56990 964.64288330
v 48.21080 63.86870 833.91619873
v 48.21100 79.48150 964.57550049
v 48.21140 39.03030 841.58190918
v 48.21180 54.49510 838.95111084
v 48.21260 50.56040 841.84222412
v 48.21380 81.55830 961.74877930
v 48.21590 95.09600 991.91229248
v 48.21600 98.27680 946.26660156
v 48.21740 65.85930 829.50762939
v 48.22750 77.37930 979.66357422
v 48.25160 83.52690 985.71099854
v 48.26220 64.89920 823.81250000
v 48.26730 -8.85460 875.25158691
v 48.27560 59.90020 835.80902100
v 48.27810 100.23410 990.27569580
v 48.28850 84.52810 958.15539551
v 48.28980 82.44870 961.22949219
v 48.29800 2.52500 889.34600830
v 48.31850 100.29530 949.69537354
v 48.31920 86.65691 952.48028564
v 48.32090 40.01140 844.54748535
v 48.33410 52.42880 841.55487061
v 48.33540 99.29180 991.47210693
v 48.33790 94.03710 992.98931885
v 48.34420 83.76280 937.48669434
v 48.34520 95.01970 937.30377197
v 48.34730 85.34280 943.85992432
v 48.35640 81.50710 985.65222168
v 48.35740 75.45470 976.31549072
v 48.36590 57.76840 817.59197998
v 48.38560 87.79871 932.04931641
v 48.39790 103.42590 988.60150146
v 48.41920 81.56690 940.49322510
v 48.42040 93.91600 931.94012451
v 48.42660 86.63750 933.92779541
v 48.44930 81.68060 937.66558838
v 48.45670 66.02340 831.93829346
v 48.52790 38.94820 830.48382568
v 48.61280 75.26570 972.87078857
v 49.02540 -7.14120 882.98498535
v 49.08750 85.64761 952.74017334
v 49.09690 84.54700 946.48669434
v 49.11530 87.83570 991.75799561
v 49.12790 81.56210 943.11639404
v 49.15080 80.58701 940.34020996
v 49.17810 94.85310 931.90637207
v 49.18880 6.53410 880.51300049
v 49.20140 59.51260 838.27001953
v 49.20400 41.90030 820.61877441
v 49.20670 84.88810 991.00421143
v 49.24420 103.35790 955.48358154
v 49.24430 5.56120 877.40362549
v 49.24500 102.24380 952.84521484
v 49.24520 109.61260 982.18518066
v 49.24550 62.81060 820.47528076
v 49.24640 79.61050 985.60089111
v 49.24810 -4.83080 886.44720459
v 49.24820 57.77800 838.72009277
v 49.24870 49.21820 845.08892822
v 49.24920 62.82010 835.80511475
v 49.24950 105.25940 958.48889160
v 49.24960 55.53690 841.21441650
v 49.24970 83.64180 955.22857666
v 49.25100 80.42600 985.70361328
v 49.25150 61.78290 836.93182373
v 49.25240 53.45250 842.00689697
v 49.25400 3.49180 889.64270020
v 49.25470 61.58760 819.67608643
v 49.25530 97.18200 994.16082764
v 49.25700 95.16010 934.52148438
v 49.26480 86.76690 931.31610107
v 49.26520 91.96700 929.86047363
v 49.26790 84.85130 931.85821533
v 49.29410 89.01450 928.92297363
v 49.30090 108.76020 964.83142090
v 49.31590 99.18170 946.36639404
v 49.32300 81.43550 934.73901367
v 49.32490 97.25610 938.77148438
v 49.32910 94.12860 930.69531250
v 49.35130 6.64730 885.84368896
v 49.38800 80.46740 943.86450195
v 49.43700 78.66161 942.87670898
v 49.45190 88.55960 994.68707275
v 49.47790 44.24360 817.67608643
v 49.49530 74.35700 979.72387695
v 49.50290 77.32010 937.80529785
v 49.50340 90.67471 928.59942627
v 49.95710 110.85780 973.48889160
v 50.02780 76.29080 984.34039307
v 50.04240 -8.02620 877.51788330
v 50.09680 82.60150 950.24902344
v 50.13750 49.18580 847.72290039
v 50.15320 98.20600 940.77679443
v 50.15690 82.47180 955.31030273
v 50.15980 100.42820 950.00097656
v 50.18830 83.71180 931.65502930
v 50.19400 81.46740 958.30480957
v 50.20990 7.40300 880.95532227
v 50.22970 42.01260 820.94708252
v 50.23140 106.59810 987.37738037
v 50.23340 75.31760 967.79638672
v 50.28190 56.57670 841.94830322
v 50.28330 -1.71960 873.09558105
v 50.28350 2.44730 873.74877930
v 50.28480 97.22960 937.95422363
v 50.28520 39.02200 847.14691162
v 50.28740 66.98200 825.09027100
v 50.28860 -6.92000 874.24932861
v 50.28870 38.24130 841.52478027
v 50.28920 1.40530 891.45001221
v 50.29030 67.82301 826.66699219
v 50.29120 80.57520 958.54840088
v 50.29230 6.60830 889.17541504
v 50.29250 0.36280 891.19158936
v 50.29280 105.56450 961.24652100
v 50.29490 66.98950 835.10589600
v 50.29600 96.13641 997.09136963
v 50.30310 79.47660 934.46807861
v 50.30410 67.97131 832.49670410
v 50.31170 92.05570 928.65850830
v 50.33180 -7.70680 880.34582520
v 50.33500 86.74281 928.88208008
v 50.33700 79.66050 947.12078857
v 50.34500 109.76130 979.63232422
v 50.34520 4.47540 874.54010010
v 50.34750 80.57720 933.30981445
v 50.34880 109.46310 967.61761475
v 50.34930 -7.81180 875.26000977
v 50.35070 77.39491 935.56359863
v 50.35530 76.21101 937.73657227
v 50.36600 74.28150 982.49847412
v 50.36740 68.08810 829.32269287
v 50.41080 43.92340 850.98651123
v 50.41140 76.42091 943.82769775
v 50.42150 49.08950 850.30157471
v 50.42400 87.72810 928.58422852
v 50.43230 39.54070 850.61572266
v 50.43560 88.81010 997.54040527
v 50.45790 73.08180 973.96228027
v 50.47070 74.19720 937.84381104
v 50.49340 58.66160 841.81671143
v 50.53650 72.27110 976.49468994
v 50.54010 73.32310 940.27459717
v 50.54290 68.99210 832.26000977
v 50.56180 77.40360 946.69879150
v 50.69350 41.21450 824.44378662
v 51.13720 80.45480 952.32897949
v 51.15060 -3.93310 873.51708984
v 51.17170 80.44310 955.50897217
v 51.17180 56.48780 844.70959473
v 51.17280 52.27110 849.81427002
v 51.17300 44.87970 853.04241943
v 51.17790 38.84440 842.08581543
v 51.18020 40.23960 855.78729248
v 51.22510 53.72920 847.80987549
v 51.22910 3.53750 873.56469727
v 51.23320 90.13820 928.39172363
v 51.23600 38.95040 838.90179443
v 51.24620 -2.59230 889.51849365
v 51.25050 84.76511 994.81787109
v 51.25550 87.88651 997.76037598
v 51.25570 108.37220 985.53833008
v 51.25610 42.66750 856.01361084
v 51.25820 -7.70380 877.51147461
v 51.26240 98.79090 942.70489502
v 51.26390 109.48631 982.23699951
v 51.26810 7.64470 880.36212158
v 51.27140 74.28481 985.48352051
v 51.27510 68.02520 826.44519043
v 51.27930 77.29390 988.64251709
v 51.27930 102.38010 955.78961182
v 51.27990 99.23450 946.63427734
v 51.28090 78.50031 949.52087402
v 51.28320 73.30000 943.31518555
v 51.28880 78.56190 961.12707520
v 51.32290 83.78191 930.14929199
v 51.32720 101.34460 994.34710693
v 51.32850 92.87070 928.70367432
v 51.32890 103.42450 992.58087158
v 51.32990 5.56360 874.59692383
v 51.32990 63.78690 838.81982422
v 51.33030 77.40160 961.79302979
v 51.33050 99.26080 995.93170166
v 51.33070 94.94570 931.72418213
v 51.33100 6.43550 892.07629395
v 51.33210 75.38230 935.54058838
v 51.33420 38.84180 847.34301758
v 51.33630 98.22210 997.19281006
v 51.33700 75.32170 946.31896973
v 51.37450 103.43420 958.46020508
v 51.37990 64.90141 820.65679932
v 51.38730 106.55020 964.66650391
v 51.39480 71.21951 976.67419434
v 51.39680 59.70390 842.18310547
v 51.39870 -5.03700 885.99353027
v 51.40320 46.16630 817.60052490
v 51.41110 76.20290 964.23657227
v 51.41110 92.88100 1000.32281494
v 51.41250 81.48480 993.49578857
v 51.43360 47.77330 854.06140137
v 51.44610 53.39830 850.81091309
v 51.46090 75.56070 988.52661133
v 51.46210 105.36401 961.89141846
v 51.46460 71.29380 979.70489502
v 51.47430 37.65290 853.18121338
v 51.47880 72.13290 938.19128418
v 51.49520 55.37490 850.27612305
v 51.50390 72.11040 970.80358887
v 51.53620 72.14980 943.21472168
v 51.54210 91.03900 1000.75531006
v 51.54410 70.11131 835.34417725
v 51.54490 36.31320 856.20428467
v 51.55120 36.71540 853.58270264
v 51.55870 78.61100 991.72589111
v 51.65630 66.03490 874.72869873
v 51.66270 66.90400 874.27160645
v 51.72940 8.79870 889.31689453
v 51.73640 70.96150 973.50219727
v 51.93100 58.59770 817.57928467
v 52.02010 108.73020 970.49920654
v 52.10700 58.72710 846.35430908
v 52.17770 78.39720 958.71191406
v 52.21110 49.09830 856.02630615
v 52.21200 52.09260 855.77752686
v 52.23950 55.33660 852.92749023
v 52.24310 9.52150 883.87097168
v 52.24380 46.71880 858.91210938
v 52.24880 71.16210 982.68487549
v 52.27460 77.39700 951.94671631
v 52.30170 6.60840 874.60662842
v 52.30240 81.64700 994.89050293
v 52.31810 80.46941 931.47882080
v 52.31970 70.24620 940.69610596
v 52.32840 67.83640 838.27709961
v 52.36330 105.50060 991.25799561
v 52.36390 100.21810 952.50909424
v 52.36760 0.36020 872.31817627
v 52.36780 44.08760 820.46899414
v 52.36810 93.00620 929.73449707
v 52.36850 68.02220 823.99932861
v 52.36900 80.57951 994.59082031
v 52.36950 45.12980 819.01379395
v 52.36980 1.40310 872.26910400
v 52.37000 6.35100 893.88067627
v 52.37020 101.34230 995.58459473
v 52.37040 69.07100 826.77416992
v 52.37040 96.13770 999.76190186
v 52.37060 -4.83890 874.00097656
v 52.37170 -5.87120 874.61889648
v 52.37170 75.31490 962.72491455
v 52.37230 98.22190 998.57299805
v 52.37250 60.74060 844.50207520
v 52.37290 3.49430 893.72998047
v 52.37420 62.76270 841.86102295
v 52.37430 79.35011 931.71112061
v 52.37450 73.23600 967.37097168
v 52.37500 66.10740 838.72637939
v 52.37690 70.11230 836.91088867
v 52.38260 71.10201 937.66381836
v 52.39690 78.27190 955.68841553
v 52.41970 96.07100 937.67199707
v 52.41980 106.64380 988.37188721
v 52.42200 -6.84750 877.34692383
v 52.42740 106.57951 967.56481934
v 52.42800 81.62350 930.45007324
v 52.44220 43.35560 859.95709229
v 52.44540 85.64671 999.47070312
v 52.45650 74.19750 934.63378906
v 52.46400 34.46900 859.55462646
v 52.48290 64.66320 871.95489502
v 52.48460 38.36960 844.08380127
v 52.50330 1.40480 893.21087646
v 52.51310 64.90670 877.30328369
v 52.53400 66.78101 871.44232178
v 52.53550 96.28860 940.76831055
v 52.53800 55.44890 859.04187012
v 52.54500 57.77110 856.06500244
v 52.54980 30.63940 859.89727783
v 52.56230 98.21111 946.88452148
v 52.57230 69.14270 943.08471680
v 52.57240 70.11990 984.92999268
v 52.57480 43.00650 862.49700928
v 52.57520 35.83240 853.61370850
v 52.57680 72.19910 988.51037598
v 52.57730 82.66880 997.59558105
v 52.58250 61.92910 872.08660889
v 52.58300 8.55510 874.50317383
v 52.58510 71.15520 946.46520996
v 52.58640 29.61880 862.57421875
v 52.58690 68.23010 940.31909180
v 52.58860 61.79740 874.78948975
v 52.59010 68.97060 937.72277832
v 52.60140 66.98430 879.99829102
v 52.61570 58.65680 853.95172119
v 52.62360 28.56020 865.27691650
v 52.62850 28.40470 862.85382080
v 52.65480 68.79020 875.34649658
v 53.00280 90.98351 928.65179443
v 53.19520 69.23320 976.49340820
v 53.21360 77.26611 955.50000000
v 53.22070 71.78370 832.50781250
v 53.25090 42.14100 864.83087158
v 53.25270 60.65930 847.70367432
v 53.26510 9.48830 874.50689697
v 53.27610 106.73000 986.07177734
v 53.27940 76.41230 952.68011475
v 53.27990 55.05780 861.89648438
v 53.28430 44.00320 862.68157959
v 53.29430 65.88710 880.46520996
v 53.30630 57.44940 859.63891602
v 53.32170 83.63320 928.65979004
v 53.32870 85.80380 1000.73388672
v 53.33430 59.69360 851.17517090
v 53.33720 32.73880 858.04150391
v 53.34980 10.68810 889.72479248
v 53.35340 38.83860 844.82147217
v 53.36050 64.89520 820.15332031
v 53.36330 37.10950 849.99298096
v 53.36530 70.17120 988.32342529
v 53.37440 39.70030 841.64202881
v 53.39680 107.18200 988.41491699
v 53.40700 1.26160 871.62841797
v 53.40900 -1.71800 872.56750488
v 53.40990 71.28720 936.13818359
v 53.41100 64.90170 841.97540283
v 53.41240 101.40450 958.23608398
v 53.41250 68.04980 943.65191650
v 53.41550 61.79040 877.63879395
v 53.41600 68.13670 880.75512695
v 53.41700 65.94390 820.69812012
v 53.41820 30.69580 858.71099854
v 53.41850 90.76370 1003.34729004
v 53.41870 68.02870 840.38470459
v 53.42110 66.99510 883.09429932
v 53.42120 69.86580 874.87591553
v 53.42130 60.80760 869.34631348
v 53.46750 28.51850 868.28448486
v 53.47130 74.33460 933.76452637
v 53.47980 28.53710 861.11889648
v 53.48280 27.43480 862.82629395
v 53.48280 86.76910 1002.02252197
v 53.48560 61.76770 850.90631104
v 53.48620 89.83820 928.59741211
v 53.48740 71.13741 829.80670166
v 53.49910 72.03500 967.18762207
v 53.51880 63.64730 845.13861084
v 53.52860 42.35000 826.35882568
v 53.53050 72.13660 949.60028076
v 53.53120 63.41700 865.82928467
v 53.53180 78.38710 995.22900391
v 53.54150 61.23750 859.81182861
v 53.54480 66.88210 938.44549561
v 53.54700 22.16700 868.22100830
v 53.55080 66.01080 868.41540527
v 53.55240 54.02450 865.65631104
v 53.55500 9.66840 871.99401855
v 53.55740 24.56590 868.66961670
v 53.55790 57.11950 868.64019775
v 53.56350 25.34980 865.42407227
v 53.56420 37.44370 866.05371094
v 53.56700 6.37300 871.44812012
v 53.57460 71.08421 991.26312256
v 53.57490 8.76900 895.36407471
v 53.57510 105.60390 991.30377197
v 53.59800 12.03470 880.74859619
v 53.60690 19.58480 871.09338379
v 53.61880 58.57890 873.64660645
v 53.62660 69.91370 883.29321289
v 53.62890 23.16030 865.70770264
v 53.63220 20.05350 868.65771484
v 53.64240 69.01930 988.48889160
v 53.64400 89.01740 1003.59722900
v 53.66200 68.09300 977.03979492
v 53.67230 64.98600 940.73138428
v 53.70120 13.61620 874.84631348
v 53.71900 18.09770 871.48309326
v 53.76180 10.82800 892.82427979
v 53.78050 66.03610 943.74847412
v 53.96140 -6.70840 880.49920654
v 54.11030 93.21130 934.50708008
v 54.25450 75.31610 958.49591064
v 54.29470 74.35970 961.14697266
v 54.29940 35.61340 853.80072021
v 54.30490 41.17540 834.46862793
v 54.32620 24.31780 871.66241455
v 54.34690 34.63920 870.98980713
v 54.34960 54.24480 868.41290283
v 54.35180 12.90410 880.44647217
v 54.36900 48.09200 817.62030029
v 54.37100 62.94850 858.49432373
v 54.37150 63.05720 849.86450195
v 54.37170 -0.51090 892.51879883
v 54.37170 67.94740 822.57299805
v 54.38630 14.70840 874.56488037
v 54.38700 64.83750 943.25671387
v 54.39280 74.27420 955.13269043
v 54.39290 37.68570 868.33142090
v 54.39960 72.13870 934.60906982
v 54.40100 70.21450 874.79022217
v 54.41620 58.69990 877.34118652
v 54.43480 39.96620 841.34637451
v 54.43710 70.24630 949.58428955
v 54.44640 102.37860 996.66882324
v 54.44710 104.32230 994.50531006
v 54.44980 73.37040 961.40948486
v 54.45050 31.60210 857.66961670
v 54.45220 94.05580 1002.90521240
v 54.45240 97.23540 1001.34478760
v 54.45250 71.15480 839.85949707
v 54.45350 106.13960 991.35577393
v 54.45380 33.81450 855.61499023
v 54.45410 68.16550 936.38018799
v 54.45430 92.02800 934.37139893
v 54.45600 27.57070 861.41552734
v 54.45940 24.44260 864.02630615
v 54.46070 84.62860 1003.19128418
v 54.46850 19.11680 868.46868896
v 54.47130 64.90870 938.02569580
v 54.47180 71.14970 883.17742920
v 54.50130 13.05530 888.24359131
v 54.50300 65.89790 844.57781982
v 54.50780 63.82220 850.79058838
v 54.51180 76.50450 997.38122559
v 54.51690 95.09071 943.51251221
v 54.51700 -6.66410 877.84790039
v 54.51820 23.32370 864.60412598
v 54.51870 105.61800 988.88049316
v 54.52450 60.67910 880.48547363
v 54.52610 63.87160 940.52899170
v 54.52620 73.02870 835.50042725
v 54.52740 50.10890 868.87567139
v 54.53260 42.98090 826.74249268
v 54.53330 10.86580 870.69769287
v 54.53530 66.79160 982.67340088
v 54.55480 29.59650 871.91418457
v 54.56830 72.08241 880.76989746
v 54.57060 21.89800 874.97509766
v 54.57240 4.55730 896.53210449
v 54.57790 14.81370 871.68127441
v 54.58100 37.79100 847.98278809
v 54.58330 15.91650 872.01721191
v 54.59190 66.08340 865.67120361
v 54.59560 80.45230 1000.52679443
v 54.59580 16.96000 869.24401855
v 54.59690 18.20090 877.69909668
v 54.59780 64.01100 856.32360840
v 54.61370 101.10900 958.75732422
v 54.61810 69.00080 823.87591553
v 54.61950 15.78540 880.82092285
v 54.62870 54.32710 871.98339844
v 54.65520 57.62490 877.51177979
v 54.65950 40.48590 871.50561523
v 54.69420 12.94490 892.23529053
v 54.69760 66.02180 985.50128174
v 54.69960 40.91040 838.27062988
v 54.70330 73.23190 838.15411377
v 54.72810 68.03420 991.68121338
v 54.86110 66.87540 973.18450928
v 54.87650 62.97830 944.10479736
v 54.88620 105.96730 981.90612793
v 55.16250 7.67120 870.47680664
v 55.17330 68.16790 970.88378906
v 55.18360 65.87711 888.11450195
v 55.30240 49.93579 871.12438965
v 55.32530 73.11860 955.80902100
v 55.33370 71.07970 952.48181152
v 55.33700 30.16460 874.04901123
v 55.33950 66.90891 844.82629395
v 55.34350 17.99010 880.71411133
v 55.34700 78.44170 1000.08978271
v 55.36340 69.07520 967.70672607
v 55.36660 13.89640 889.45001221
v 55.36920 22.16390 877.68371582
v 55.37040 42.13200 871.68719482
v 55.38420 27.56850 876.98858643
v 55.40150 71.06060 964.29980469
v 55.40760 72.03870 961.97637939
v 55.41070 56.66650 817.54931641
v 55.41870 65.15190 979.51672363
v 55.41880 79.55560 1000.75079346
v 55.42920 82.65960 1003.33538818
v 55.42970 81.63420 928.65551758
v 55.43950 74.10700 997.42468262
v 55.44070 64.80240 886.64062500
v 55.44480 55.59730 877.32678223
v 55.47920 64.99270 850.99151611
v 55.48600 100.21500 958.84790039
v 55.49000 99.25270 958.21569824
v 55.49050 -5.80690 877.68212891
v 55.49090 46.16850 819.63812256
v 55.49230 88.84700 929.73431396
v 55.49250 32.63700 857.45288086
v 55.49270 -4.83010 874.84442139
v 55.49310 93.01450 1004.38397217
v 55.49340 45.07310 821.20538330
v 55.49380 100.29840 999.66998291
v 55.49390 40.33350 874.27667236
v 55.49410 28.47730 860.46429443
v 55.49440 67.82570 867.78698730
v 55.49650 0.50580 871.22290039
v 55.49720 65.87950 858.91497803
v 55.49780 64.98110 985.46997070
v 55.49810 72.18890 830.62670898
v 55.49890 69.07550 870.07757568
v 55.49970 72.71160 879.83282471
v 55.50060 73.23210 839.86108398
v 55.50070 71.08590 886.74591064
v 55.50080 73.09650 832.77337646
v 55.50180 66.99091 991.66760254
v 55.50250 10.53070 898.06970215
v 55.50400 63.87310 937.55541992
v 55.50700 15.98450 868.59448242
v 55.50780 13.89270 868.95458984
v 55.51590 61.72400 943.33239746
v 55.53240 42.05900 832.49371338
v 55.54230 -5.75250 883.00079346
v 55.54240 43.34680 826.36810303
v 55.54810 -3.79790 873.88812256
v 55.54820 72.13620 958.67791748
v 55.54890 51.65870 874.47479248
v 55.55270 64.97070 936.76739502
v 55.55280 77.46000 930.86657715
v 55.55300 37.97490 847.98602295
v 55.55410 81.50520 1003.24108887
v 55.55540 65.89530 850.83239746
v 55.56170 57.55600 880.47448730
v 55.57060 71.30480 829.41772461
v 55.57850 72.97530 883.62121582
v 55.58830 105.29480 976.78161621
v 55.58990 70.11090 964.41851807
v 55.59040 13.89260 895.16339111
v 55.59140 61.69960 940.28002930
v 55.61050 18.11380 883.66772461
v 55.61090 33.92330 874.98797607
v 55.63090 77.33560 1000.39367676
v 55.63160 25.63250 878.05981445
v 55.63170 20.28440 881.06591797
v 55.65120 86.62200 928.56799316
v 55.65920 70.17710 889.35058594
v 55.66760 62.99260 886.65051270
v 55.70260 59.96440 943.48718262
v 55.71340 63.88010 991.47991943
v 55.74880 59.63250 940.81048584
v 55.91780 104.98820 988.26141357
v 56.22270 103.42471 970.02087402
v 56.28760 100.37040 961.49932861
v 56.29930 53.30130 877.03192139
v 56.34260 71.02631 958.50671387
v 56.36390 51.59249 817.57891846
v 56.36840 83.76110 1005.99328613
v 56.37920 61.39360 946.02160645
v 56.38120 70.19280 955.72949219
v 56.38450 17.97720 886.73052979
v 56.38510 20.07660 883.73327637
v 56.39230 67.03471 862.18438721
v 56.39550 69.98080 997.20550537
v 56.40560 43.05810 829.51098633
v 56.43300 64.07560 976.81561279
v 56.43680 61.84280 937.69519043
v 56.45200 31.51540 858.69439697
v 56.45390 95.01640 1004.12518311
v 56.45730 -4.76410 886.18103027
v 56.45920 32.31800 880.01159668
v 56.47640 103.41390 996.36151123
v 56.48050 20.09250 865.63958740
v 56.48380 86.76310 929.47131348
v 56.48600 12.80700 868.60687256
v 56.48810 68.08440 996.83728027
v 56.49840 62.94820 991.16088867
v 56.50650 69.04770 844.78900146
v 56.52920 39.96630 844.32312012
v 56.53010 69.20510 955.48840332
v 56.53090 94.05510 1004.42199707
v 56.53160 35.82990 854.99212646
v 56.53350 -0.66580 871.66369629
v 56.53430 72.18420 886.39599609
v 56.53440 71.01310 889.31640625
v 56.53510 24.31180 863.36602783
v 56.53540 71.15280 842.93402100
v 56.53560 65.82870 970.54180908
v 56.53660 71.28990 933.72009277
v 56.53820 16.11950 867.74847412
v 56.53980 90.93540 1006.36212158
v 56.54190 7.65750 899.72583008
v 56.54210 89.89730 1006.45367432
v 56.56470 54.70740 817.59509277
v 56.58540 37.08090 852.99511719
v 56.58850 99.26010 961.36358643
v 56.59170 62.89110 936.76147461
v 56.59210 2.50780 896.32641602
v 56.59580 70.17360 933.96929932
v 56.59660 15.06990 895.64251709
v 56.59670 13.96390 868.08197021
v 56.60150 104.29940 979.71057129
v 56.60210 104.22360 994.20220947
v 56.60390 58.61489 940.74279785
v 56.60450 63.93100 994.17388916
v 56.60470 26.37390 861.95941162
v 56.60800 63.66460 982.31109619
v 56.60850 66.99670 892.28833008
v 56.60950 70.26900 826.48040771
v 56.62540 69.01250 823.60870361
v 56.62760 100.24570 1000.42120361
v 56.62860 68.11230 892.27191162
v 56.63610 62.82130 985.99810791
v 56.64190 73.33041 1000.35522461
v 56.64200 70.06420 871.07958984
v 56.65150 20.31890 886.64831543
v 56.65310 34.58580 880.17407227
v 56.66830 -5.60130 883.28918457
v 56.67060 28.37010 881.06927490
v 56.67100 23.27790 884.05590820
v 56.67240 16.04890 895.11627197
v 56.67930 42.24880 832.71636963
v 56.70910 58.66310 946.15863037
v 56.73880 61.85600 949.51092529
v 56.76330 53.44940 880.50079346
v 56.76620 38.20160 878.22161865
v 56.78680 57.54640 940.82739258
v 56.99140 68.16900 954.43518066
v 57.01380 61.53960 988.29632568
v 57.18420 -2.63250 889.69873047
v 57.29200 69.12540 961.49261475
v 57.32910 64.58820 951.77447510
v 57.33620 64.74920 891.86859131
v 57.37950 80.58990 1005.94299316
v 57.38030 51.95570 880.11120605
v 57.39830 102.60320 976.48449707
v 57.40390 68.99810 958.44677734
v 57.41990 23.90070 886.03771973
v 57.42220 11.57710 901.13879395
v 57.42380 17.98310 892.71270752
v 57.42840 56.82790 943.73327637
v 57.43140 5.56780 869.91082764
v 57.44070 70.10851 891.34179688
v 57.44090 62.37620 974.96289062
v 57.45930 60.74560 949.88189697
v 57.47230 103.41380 985.20031738
v 57.47450 65.85070 967.52392578
v 57.47470 68.81850 865.48889160
v 57.47480 36.56350 880.20068359
v 57.48650 103.17440 997.27990723
v 57.49430 -5.62570 880.50958252
v 57.49670 27.35340 861.81048584
v 57.49780 45.13800 823.85430908
v 57.50340 72.27361 1000.71362305
v 57.50680 61.86340 985.27838135
v 57.51220 48.25170 819.57342529
v 57.51340 4.47230 898.30908203
v 57.51630 80.58620 928.63208008
v 57.51680 95.15090 1004.46258545
v 57.51740 73.75121 880.18688965
v 57.52150 63.74549 952.46636963
v 57.52930 67.97640 934.51617432
v 57.53070 55.39520 883.61901855
v 57.55180 64.80280 820.17620850
v 57.56330 -3.80050 886.81219482
v 57.56500 68.02580 960.51190186
v 57.56510 101.40411 971.06561279
v 57.57000 41.01320 841.37878418
v 57.57420 34.72380 857.52331543
v 57.57510 73.28980 842.54418945
v 57.57550 20.28160 865.05267334
v 57.57600 -2.75430 873.75238037
v 57.57600 23.26900 863.97027588
v 57.57600 78.44210 929.78509521
v 57.57620 66.88950 964.24932861
v 57.57660 75.45340 931.02227783
v 57.57720 81.56390 928.44519043
v 57.57780 71.14990 844.55932617
v 57.57830 71.08421 872.62512207
v 57.57950 58.46030 949.27667236
v 57.57960 73.15701 885.37261963
v 57.58070 47.25590 820.45458984
v 57.58170 75.14510 838.71252441
v 57.58210 58.71360 937.72619629
v 57.58410 61.79470 979.22821045
v 57.62140 64.81750 967.64569092
v 57.62270 101.28880 999.48828125
v 57.62470 -4.82890 877.53930664
v 57.63690 0.29940 894.02197266
v 57.64180 8.64170 901.35382080
v 57.64460 56.53440 941.02947998
v 57.65060 65.87610 997.33898926
v 57.65110 13.96380 901.11767578
v 57.65110 73.93300 883.19378662
v 57.65430 84.49360 928.92492676
v 57.66520 41.91830 838.46508789
v 57.67080 39.82160 847.52429199
v 57.67660 43.99810 829.50512695
v 57.69330 38.29210 880.99310303
v 57.69450 75.26200 1003.33642578
v 57.70020 22.11230 890.16271973
v 57.70080 65.92830 820.66607666
v 57.70760 63.86660 995.76190186
v 57.71170 74.34161 841.70141602
v 57.71200 66.01020 956.06799316
v 57.71210 29.65630 884.07952881
v 57.72700 56.67490 948.77832031
v 57.73260 17.09520 898.25177002
v 57.73760 71.08560 826.72918701
v 57.74290 19.18290 895.27557373
v 57.74560 52.34490 883.28967285
v 57.74620 60.75310 973.72052002
v 57.75070 28.24580 886.50640869
v 57.75120 62.65420 970.34777832
v 57.75390 24.08040 889.51831055
v 57.78200 75.24450 841.17150879
v 58.02520 69.22390 1000.99200439
v 58.28720 74.05500 1003.09027100
v 58.42310 69.00730 850.87030029
v 58.42540 65.94621 958.89880371
v 58.44770 101.34010 976.98419189
v 58.45050 16.85580 900.82501221
v 58.45600 65.06430 964.28552246
v 58.46050 62.98140 967.29382324
v 58.47320 25.27730 889.72930908
v 58.48540 6.61070 900.77789307
v 58.48790 60.09790 972.58367920
v 58.50770 60.86700 985.33221436
v 58.51130 36.39880 885.99768066
v 58.51150 59.47810 955.82867432
v 58.52210 56.38940 952.17791748
v 58.52570 66.93591 999.91101074
v 58.53260 101.41020 997.87310791
v 58.53410 -1.62280 892.30480957
v 58.54490 75.23010 842.32812500
v 58.54510 70.00681 847.80090332
v 58.54760 83.44040 929.79101562
v 58.55070 81.61740 928.72607422
v 58.55320 63.84210 956.10968018
v 58.55620 78.44180 1006.34680176
v 58.55690 60.68220 979.46899414
v 58.56180 28.49620 889.13751221
v 58.56580 65.88970 934.52722168
v 58.60270 98.22550 964.75292969
v 58.60910 87.73631 934.87371826
v 58.60940 69.00160 823.61517334
v 58.61220 70.11050 892.35119629
v 58.61370 72.23700 877.84692383
v 58.61420 -2.75250 874.45159912
v 58.61460 47.21540 820.84808350
v 58.61550 79.48150 929.43548584
v 58.61560 42.05660 838.38079834
v 58.61580 39.92680 847.50909424
v 58.61630 32.63880 860.30010986
v 58.61810 9.86980 868.23449707
v 58.61820 63.86560 996.38488770
v 58.61820 90.93480 1007.75561523
v 58.61930 44.19640 829.23980713
v 58.62220 100.15620 1001.18450928
v 58.62240 56.63180 937.71820068
v 58.62300 19.10110 898.48352051
v 58.62320 60.03600 988.25427246
v 58.62390 68.02960 895.30932617
v 58.62410 21.18790 895.49481201
v 58.62440 23.32270 892.66101074
v 58.62740 60.11540 991.23150635
v 58.62790 1.36930 871.49401855
v 58.63170 63.92450 895.20941162
v 58.65980 37.97460 853.23809814
v 58.66380 73.16330 883.77502441
v 58.67010 30.49360 861.36059570
v 58.67040 97.11681 1003.49658203
v 58.67380 62.88030 995.69512939
v 58.67750 55.53820 938.57727051
v 58.68440 83.70650 1009.36181641
v 58.68700 86.70181 1009.41009521
v 58.69250 54.43850 940.61181641
v 58.69880 7.73820 868.95031738
v 58.70500 57.45560 965.57238770
v 58.71190 42.95660 835.49981689
v 58.71420 71.14710 874.41912842
v 58.74620 2.44970 896.81652832
v 58.74800 70.23550 869.09851074
v 58.74910 59.87270 892.44592285
v 58.74990 76.07310 841.25817871
v 58.75100 77.33400 1006.39788818
v 58.75270 40.87150 884.06237793
v 58.76630 32.24380 887.04870605
v 58.77180 50.92260 883.94818115
v 58.77290 25.44440 892.25561523
v 58.77370 99.89761 972.67089844
v 58.79180 54.27590 951.98797607
v 58.80590 86.83580 934.98657227
v 58.81880 101.02590 999.91351318
v 58.82240 59.69880 979.40570068
v 58.82300 55.41630 959.03967285
v 58.82310 52.73740 946.85308838
v 58.82980 57.12560 970.84759521
v 58.83080 53.45670 940.59552002
v 58.86970 71.20490 1003.56872559
v 58.92390 74.43771 835.88989258
v 58.96430 -4.73560 882.86877441
v 59.44700 97.18610 964.51501465
v 59.45860 79.55100 1008.90667725
v 59.48340 61.78290 895.08947754
v 59.49130 25.24520 894.83038330
v 59.49970 14.85760 904.13159180
v 59.52120 101.39650 993.91119385
v 59.53160 70.88260 871.51019287
v 59.53530 26.71700 892.67779541
v 59.53610 40.70340 886.68408203
v 59.53620 54.63650 964.27172852
v 59.54470 73.02050 886.48291016
v 59.54620 32.06250 889.23468018
v 59.55220 99.35330 976.20898438
v 59.55530 76.24620 1006.57537842
v 59.55800 -3.79370 886.63079834
v 59.56310 53.44260 952.75292969
v 59.57560 92.93240 1007.20281982
v 59.58100 17.98610 866.12487793
v 59.59190 20.07710 901.09167480
v 59.59590 -2.81540 889.58099365
v 59.59910 73.29670 931.55822754
v 59.60580 52.54740 940.76379395
v 59.60590 67.08540 822.49499512
v 59.61690 30.18980 892.22869873
v 59.62670 61.59900 934.68939209
v 59.64190 101.26141 988.73901367
v 59.64310 91.97460 949.73382568
v 59.64660 28.34900 863.54260254
v 59.64710 72.13010 889.23571777
v 59.65100 98.21320 970.82427979
v 59.65340 35.76030 857.58758545
v 59.65460 71.02631 826.84729004
v 59.65550 24.17050 864.76477051
v 59.65600 76.13610 838.97460938
v 59.65650 77.39951 930.18670654
v 59.65670 41.01380 844.38977051
v 59.65790 63.85550 934.47570801
v 59.65980 -4.43070 877.58410645
v 59.66660 74.36670 1006.30529785
v 59.66870 22.28200 898.50170898
v 59.66980 55.69410 970.62011719
v 59.67100 58.66180 979.17602539
v 59.70710 100.24170 982.66351318
v 59.71290 69.94690 853.47198486
v 59.71510 4.58670 899.51892090
v 59.71760 54.55200 937.61950684
v 59.72060 11.76300 904.37817383
v 59.72410 73.06860 832.35449219
v 59.75270 87.90500 940.51440430
v 59.75290 19.09960 865.54211426
v 59.77550 30.55640 862.75939941
v 59.78910 60.53920 982.82122803
v 59.79140 34.24730 889.98468018
v 59.79440 51.28760 889.11499023
v 59.82510 50.19560 887.17999268
v 59.82850 17.01010 904.54608154
v 59.83240 40.42700 889.50042725
v 59.83630 27.20820 895.51867676
v 59.84510 51.75410 961.95068359
v 59.85600 38.75360 853.40948486
v 59.85800 70.31091 874.90338135
v 59.87040 50.33720 952.80322266
v 59.90240 56.74490 892.87292480
v 60.43230 69.97590 868.01440430
v 60.48610 58.58360 894.94067383
v 60.49500 100.29800 989.06481934
v 60.50000 70.43750 852.16778564
v 60.50570 64.43750 898.20581055
v 60.52660 74.50850 836.31848145
v 60.52660 97.10350 970.50708008
v 60.53020 19.26950 904.09777832
v 60.53920 72.03191 847.77130127
v 60.55620 28.40190 895.73400879
v 60.55920 25.26640 898.74499512
v 60.56360 20.20100 865.56030273
v 60.57460 68.02720 897.34527588
v 60.57510 88.84770 943.74481201
v 60.57950 42.53870 889.69177246
v 60.59940 34.29040 892.21392822
v 60.60180 59.77390 991.19848633
v 60.60560 56.63480 975.87579346
v 60.60740 52.41390 938.13128662
v 60.61370 76.09610 841.14959717
v 60.61440 35.68410 858.11962891
v 60.61580 73.39620 1006.75646973
v 60.62180 59.78310 895.82379150
v 60.63420 81.50190 930.58697510
v 60.64160 69.01110 824.94897461
v 60.64500 7.69970 868.56060791
v 60.64980 49.41780 952.32818604
v 60.65330 82.51000 1010.97747803
v 60.67420 50.24400 946.30999756
v 60.68350 24.35700 865.94641113
v 60.68480 72.02680 883.71160889
v 60.68550 21.18400 865.73040771
v 60.68570 82.60120 931.64392090
v 60.68790 60.75480 994.20111084
v 60.69020 30.61550 865.70141602
v 60.69050 17.01940 866.35607910
v 60.69050 69.25840 859.21557617
v 60.69280 64.09441 933.86041260
v 60.69290 87.86250 943.34002686
v 60.69360 -3.63050 889.16632080
v 60.69420 71.08990 892.13781738
v 60.69440 74.13470 844.68579102
v 60.69490 78.43630 930.40490723
v 60.69640 91.97440 1008.23577881
v 60.69640 98.15500 1003.18237305
v 60.69720 39.93040 850.35412598
v 60.69750 -0.68090 873.47601318
v 60.69750 76.35851 930.54510498
v 60.69760 47.21670 823.34136963
v 60.69800 88.85020 1010.15588379
v 60.69820 67.89491 1003.42248535
v 60.69860 42.05690 841.38769531
v 60.69880 1.41400 871.64093018
v 60.69890 19.09630 865.31237793
v 60.69930 48.26500 820.85168457
v 60.69930 59.63740 982.39422607
v 60.70010 67.89140 823.54602051
v 60.70290 44.19820 832.23510742
v 60.70590 57.48630 934.69378662
v 60.70610 59.79030 985.63812256
v 60.70620 70.95100 877.52551270
v 60.70690 76.44341 1009.27508545
v 60.71420 99.33970 988.28289795
v 60.73220 11.83150 867.47198486
v 60.74340 70.10240 871.16839600
v 60.74360 92.90630 958.68139648
v 60.74880 63.92640 998.96777344
v 60.75310 31.32930 882.84802246
v 60.75540 98.21291 979.51440430
v 60.76740 50.27970 941.63012695
v 60.77110 16.76410 905.99261475
v 60.77210 90.84870 952.27807617
v 60.77900 32.71650 862.20678711
v 60.78020 63.94450 821.04498291
v 60.78540 53.45320 970.27410889
v 60.79430 21.27390 904.17291260
v 60.79690 34.70850 880.20471191
v 60.79870 32.52720 871.51208496
v 60.81980 60.91880 898.44732666
v 60.82100 95.73870 969.56597900
v 60.82250 25.80400 879.87951660
v 60.82630 1.41160 896.73992920
v 60.82640 56.51240 894.56018066
v 60.83070 33.47420 895.29791260
v 60.83540 33.81010 875.01702881
v 60.83840 42.84470 892.31878662
v 60.83900 49.42660 958.49011230
v 60.84390 57.56160 895.63970947
v 60.85250 27.28110 883.24548340
v 60.85410 28.56510 898.25292969
v 60.87520 53.34720 937.18249512
v 60.88080 69.32660 864.90411377
v 60.89680 30.87790 868.67858887
v 60.98270 25.29460 901.80603027
v 61.41990 -4.66340 883.97137451
v 61.46640 70.00000 874.33428955
v 61.49740 98.27430 982.96667480
v 61.50030 24.31920 870.25646973
v 61.50980 32.68060 883.50891113
v 61.53790 71.27490 883.88208008
v 61.57420 95.09470 970.94158936
v 61.58510 27.39500 885.91918945
v 61.59020 35.70440 880.35180664
v 61.59520 25.17230 883.10192871
v 61.59680 49.96130 892.10870361
v 61.60110 65.87600 822.64447021
v 61.60570 43.05240 838.51361084
v 61.60620 5.57630 901.33020020
v 61.60670 40.90520 847.69421387
v 61.61330 29.71120 898.66217041
v 61.61490 44.28830 892.68572998
v 61.61640 22.28070 869.30847168
v 61.61790 34.66780 895.68450928
v 61.62490 91.96830 958.77838135
v 61.62670 0.37530 895.63018799
v 61.63280 99.24651 994.18750000
v 61.64150 64.51910 901.09149170
v 61.64450 42.34450 895.06738281
v 61.64710 72.20181 931.58441162
v 61.65200 75.10210 840.86907959
v 61.65270 49.19820 820.61682129
v 61.65760 66.90750 899.51898193
v 61.66030 51.86020 895.02142334
v 61.66540 32.56310 871.27258301
v 61.66950 57.79010 979.59252930
v 61.67080 14.09850 907.23400879
v 61.67250 19.04380 865.90637207
v 61.67630 97.11270 1004.40081787
v 61.68420 66.93580 1003.47509766
v 61.68460 31.61600 865.43780518
v 61.68880 50.33090 938.14312744
v 61.70420 73.31420 1009.18402100
v 61.71120 48.21400 954.24621582
v 61.72730 89.83981 952.67279053
v 61.72740 83.56921 934.85400391
v 61.72810 59.84140 992.96447754
v 61.73170 74.39460 844.46319580
v 61.73260 70.93980 892.32702637
v 61.73530 9.73960 904.53320312
v 61.73630 98.00570 1003.29467773
v 61.73850 15.97450 867.15637207
v 61.73850 47.21540 823.98522949
v 61.73850 70.04311 827.83172607
v 61.73870 34.72560 860.56860352
v 61.73940 86.76850 1011.57739258
v 61.73990 72.14410 832.69409180
v 61.74110 7.66540 868.59759521
v 61.74110 52.41770 969.35540771
v 61.74120 56.39420 895.65551758
v 61.74240 50.33460 964.21917725
v 61.74280 60.88360 933.57281494
v 61.74610 22.45490 904.73712158
v 61.74660 84.68810 1012.35357666
v 61.75730 58.87690 988.50500488
v 61.76490 54.54200 973.30578613
v 61.78430 71.09240 889.19732666
v 61.78610 -3.59290 877.66748047
v 61.78770 -4.70000 881.44891357
v 61.78990 98.14980 1000.87158203
v 61.79610 3.54460 899.51641846
v 61.79720 35.75410 877.22790527
v 61.80010 36.73040 882.93530273
v 61.80380 58.95980 991.07781982
v 61.80390 61.93490 901.41180420
v 61.81030 42.24920 841.50347900
v 61.82530 92.17320 964.79577637
v 61.84060 23.57160 886.76770020
v 61.84250 10.82290 905.57489014
v 61.85750 39.34740 852.64202881
v 61.86170 96.77271 981.54882812
v 61.86600 22.01370 874.29437256
v 61.86940 69.96890 862.70581055
v 61.87240 29.38250 901.30487061
v 61.87350 94.14830 973.22747803
v 61.87360 44.42480 832.33038330
v 61.89000 33.84660 886.10461426
v 61.89680 68.98870 1006.45697021
v 61.89730 37.68670 880.72070312
v 61.91240 34.32160 898.49731445
v 61.93050 21.18470 877.66699219
v 61.93480 95.03430 1006.42730713
v 61.94190 37.06280 877.99279785
v 61.94210 79.47960 1012.52490234
v 61.94960 47.21570 947.46691895
v 61.95280 47.21480 952.48950195
v 61.95520 32.08790 887.04791260
v 62.03980 71.25250 852.92498779
v 62.25090 98.46550 997.86822510
v 62.29190 56.49040 976.34069824
v 62.57220 21.10730 871.50360107
v 62.57290 59.50150 900.95422363
v 62.60540 43.75470 838.82940674
v 62.61100 88.84150 952.49542236
v 62.61290 92.93211 970.71118164
v 62.62020 75.43530 1012.03692627
v 62.64050 96.06230 982.85888672
v 62.65750 30.49990 901.68121338
v 62.65880 48.25150 940.70562744
v 62.66380 34.89350 886.39251709
v 62.66820 56.46270 933.11077881
v 62.67080 20.24170 877.52087402
v 62.67150 90.83200 961.79058838
v 62.67330 39.93700 853.02630615
v 62.68820 21.99350 886.70812988
v 62.69530 73.15780 931.27691650
v 62.69540 19.10500 868.35150146
v 62.69560 63.78790 822.24377441
v 62.69690 75.12960 844.14001465
v 62.70080 26.48540 904.68768311
v 62.70130 31.84730 868.61218262
v 62.71070 18.00420 867.35858154
v 62.72330 69.06680 895.38812256
v 62.72380 36.78520 876.30792236
v 62.72620 80.51950 932.56860352
v 62.77290 60.88470 820.64782715
v 62.77310 58.71760 820.49847412
v 62.77320 79.42860 931.74212646
v 62.77530 89.88990 1010.75549316
v 62.77570 32.69510 863.93420410
v 62.77650 15.84190 867.71710205
v 62.77730 70.03960 829.28790283
v 62.77850 50.33290 935.65020752
v 62.77950 68.03050 932.85052490
v 62.78050 2.45450 871.61999512
v 62.78190 65.94810 932.79656982
v 62.78620 64.91060 902.58508301
v 62.78680 32.34830 889.35821533
v 62.78690 -1.89820 875.04260254
v 62.78700 70.01270 859.64050293
v 62.78790 1.40040 897.39617920
v 62.79220 -2.58770 892.53887939
v 62.79490 68.87711 826.59368896
v 62.80920 71.22000 1009.46038818
v 62.82740 84.62310 940.88092041
v 62.83380 38.69160 880.33038330
v 62.83420 91.90710 1009.43750000
v 62.83460 47.44600 958.45977783
v 62.84340 37.14040 898.83477783
v 62.84340 70.87930 883.54028320
v 62.84410 74.13210 838.79138184
v 62.85100 62.77350 904.15600586
v 62.85800 93.12210 979.83038330
v 62.85850 36.80710 858.09838867
v 62.85950 45.06220 832.74127197
v 62.86020 61.86680 821.05712891
v 62.87080 70.26220 856.72509766
v 62.87750 41.81450 847.77868652
v 62.89610 32.04250 901.96417236
v 62.90590 19.20040 871.68157959
v 62.90870 37.83730 886.20019531
v 62.91420 89.93630 964.11267090
v 62.91430 13.90430 908.27490234
v 62.91530 35.55460 901.30847168
v 62.91820 25.50620 907.20562744
v 62.92660 90.93160 970.29278564
v 62.93550 83.48580 940.27117920
v 62.93830 96.77370 990.67810059
v 62.93910 -3.54390 877.94451904
v 62.94090 19.99460 889.13818359
v 62.95420 30.32830 904.49121094
v 62.96500 85.73140 946.51800537
v 62.97120 63.82260 1000.26892090
v 62.97560 69.17120 877.80187988
v 63.00130 39.69250 883.51757812
v 63.05190 -3.95120 888.81781006
v 63.07190 46.17770 943.50341797
v 63.10770 71.01410 854.26239014
v 63.17780 59.52900 984.82482910
v 63.20550 52.42710 970.34667969
v 63.56630 18.14450 868.89111328
v 63.57660 84.76530 943.73620605
v 63.60980 97.11510 997.50231934
v 63.62860 60.60550 904.05889893
v 63.65020 67.03951 825.22528076
v 63.65620 89.81450 967.94067383
v 63.66700 20.79940 910.14190674
v 63.68820 4.53530 901.33062744
v 63.69460 17.12860 869.20782471
v 63.69840 36.89530 901.67779541
v 63.71850 74.16710 1012.60729980
v 63.72550 39.91470 885.93432617
v 63.73190 77.47710 931.65960693
v 63.73510 87.72050 955.72619629
v 63.73710 95.88970 991.48437500
v 63.73870 69.78671 865.17999268
v 63.73910 18.14390 886.69750977
v 63.74070 65.00140 1003.31671143
v 63.74090 7.57360 903.60607910
v 63.74140 67.07740 1006.40277100
v 63.74670 90.93080 977.45129395
v 63.75040 51.43670 820.64172363
v 63.75120 51.51080 933.21002197
v 63.75640 94.81960 1006.61248779
v 63.76080 37.88240 877.50610352
v 63.76120 29.22260 892.18078613
v 63.76470 68.07660 898.14837646
v 63.76540 70.05350 1009.46502686
v 63.77680 33.95520 889.51599121
v 63.79730 72.20400 835.84832764
v 63.81030 74.40421 931.59649658
v 63.81170 -4.60080 885.84338379
v 63.81380 96.90350 1000.48217773
v 63.81420 57.74810 820.64617920
v 63.81430 80.52250 934.95581055
v 63.81500 85.67520 949.68029785
v 63.81770 32.64270 865.23272705
v 63.81950 19.04950 889.55950928
v 63.81980 32.55710 868.34442139
v 63.82050 4.53010 870.86419678
v 63.82050 48.25930 824.00042725
v 63.82050 49.29430 822.42822266
v 63.82050 70.11320 932.47619629
v 63.82070 44.13860 838.38348389
v 63.82110 85.72750 1013.29931641
v 63.82160 41.97070 847.61981201
v 63.82270 8.69540 868.86370850
v 63.82300 38.89490 856.17480469
v 63.82330 33.55360 862.62548828
v 63.82770 45.31810 951.60101318
v 63.82880 63.86250 904.57849121
v 63.83680 78.41950 1014.05889893
v 63.86720 66.97321 901.18109131
v 63.87240 40.10980 881.02642822
v 63.87260 48.20560 961.35699463
v 63.88360 59.64650 931.50811768
v 63.89700 69.22000 862.94439697
v 63.90040 36.95460 889.17187500
v 63.90710 24.45390 910.26452637
v 63.91690 42.95390 844.50738525
v 63.91950 87.91950 964.04718018
v 63.92400 68.13260 868.96502686
v 63.92470 92.08620 988.01330566
v 63.94930 73.35530 847.09082031
v 63.95700 36.72070 904.30627441
v 63.96790 95.09390 992.18841553
v 63.97840 70.04560 884.47589111
v 63.97970 89.94670 982.17108154
v 64.01580 1.17780 898.02569580
v 64.01760 -3.89700 883.77111816
v 64.01910 21.20590 892.55242920
v 64.03760 45.06660 941.63739014
v 64.05210 16.05410 880.47180176
v 64.07480 49.13580 963.94189453
v 64.09640 61.90779 997.42077637
v 64.10980 60.80450 994.55389404
v 64.29220 51.31680 967.40728760
v 64.61320 58.98590 988.73132324
v 64.67250 74.34710 1014.95800781
v 64.68860 87.65411 967.66461182
v 64.69330 84.67850 949.49291992
v 64.71630 15.00330 869.07531738
v 64.72130 93.99490 993.94970703
v 64.72360 92.04070 991.30120850
v 64.72970 45.13780 835.51232910
v 64.73240 65.94341 903.36517334
v 64.73420 46.30660 958.18927002
v 64.73710 31.85540 907.67541504
v 64.74450 30.61080 892.46057129
v 64.74590 85.73000 956.48852539
v 64.75310 38.30570 904.19738770
v 64.76230 53.47820 931.36920166
v 64.76710 73.31500 844.50518799
v 64.77430 46.07430 937.49987793
v 64.77890 87.72540 1013.11291504
v 64.78010 60.66010 822.17132568
v 64.78650 88.85101 982.86779785
v 64.78810 40.81320 880.60931396
v 64.79030 10.88040 868.66162109
v 64.79600 63.81110 1000.68701172
v 64.80040 37.90000 889.37628174
v 64.80110 48.18750 934.42749023
v 64.80320 69.05400 865.34960938
v 64.80610 69.01910 1009.47631836
v 64.82450 61.63830 907.30041504
v 64.84850 13.92190 868.97320557
v 64.85320 76.22830 932.92999268
v 64.85490 69.90131 888.92401123
v 64.85600 93.97270 1006.73541260
v 64.85820 73.23510 932.35009766
v 64.86120 69.07130 932.67230225
v 64.86140 69.06340 892.47210693
v 64.86150 2.44810 872.41821289
v 64.86150 7.65250 869.64190674
v 64.86210 25.35730 910.85321045
v 64.86400 18.06860 911.72149658
v 64.86420 35.76160 859.61102295
v 64.86450 73.09451 847.29809570
v 64.86470 31.84190 868.12377930
v 64.86670 14.82040 909.72802734
v 64.86890 32.64000 862.87231445
v 64.87060 68.02690 868.74279785
v 64.87330 68.09010 829.25988770
v 64.88140 60.78620 931.38989258
v 64.89510 54.92300 930.03790283
v 64.90180 82.50110 943.68780518
v 64.90740 20.28310 892.73590088
v 64.91140 44.22290 948.59838867
v 64.91460 92.29960 994.28491211
v 64.91870 11.87520 908.23590088
v 64.91900 8.74990 905.45367432
v 64.91940 58.30410 907.47039795
v 64.93220 33.76920 892.19488525
v 64.93430 72.19670 1014.01641846
v 64.93480 38.96500 889.16528320
v 64.94360 -0.58900 874.65350342
v 64.94860 33.77590 870.49737549
v 64.95050 31.28860 910.27148438
v 64.95700 14.93970 881.05291748
v 64.95760 16.07860 889.50531006
v 64.96540 88.96101 988.18572998
v 64.97040 45.30510 955.45257568
v 65.00300 73.12360 842.21429443
v 65.00460 87.89150 985.34039307
v 65.00480 63.86020 931.44787598
v 65.01900 40.97060 853.15539551
v 65.04670 86.76431 979.32952881
v 65.05180 15.07210 886.50872803
v 65.10130 46.32600 934.39489746
v 65.19360 67.89180 874.69049072
v 65.42810 95.22060 1000.30780029
v 65.49740 69.23580 885.87017822
v 65.56720 -4.51370 886.71112061
v 65.68270 59.59130 985.65600586
v 65.69490 86.77390 982.68609619
v 65.73870 42.71570 883.60711670
v 65.74130 -2.73830 877.86627197
v 65.74550 43.29930 940.97357178
v 65.74780 71.31700 1014.92358398
v 65.76560 3.43170 901.21649170
v 65.77360 93.99640 998.00799561
v 65.78550 88.74330 991.19268799
v 65.78740 81.56120 943.78417969
v 65.78850 44.20690 841.18469238
v 65.78870 40.27790 907.18359375
v 65.79480 83.53990 952.76611328
v 65.79590 44.85020 954.14978027
v 65.80320 38.00130 910.02130127
v 65.82150 12.85240 871.27697754
v 65.82370 69.06300 932.71038818
v 65.82400 62.74210 908.52191162
v 65.82440 79.74700 940.69482422
v 65.82480 6.53130 903.60552979
v 65.82760 85.72740 980.44360352
v 65.82830 59.65650 988.50897217
v 65.83860 81.67751 946.67681885
v 65.84600 -3.51830 880.50512695
v 65.84770 41.00930 880.46997070
v 65.85030 90.81440 994.83947754
v 65.89220 72.24230 850.47369385
v 65.89330 93.87760 1005.76068115
v 65.89400 16.09390 892.10839844
v 65.89460 22.60360 895.30731201
v 65.89710 86.76850 1013.95587158
v 65.89970 28.29200 895.42059326
v 65.90000 68.15250 895.11889648
v 65.90050 42.01560 850.34442139
v 65.90090 71.15170 933.02441406
v 65.90200 49.29490 824.73010254
v 65.90230 63.86750 824.27862549
v 65.90240 35.62770 859.56927490
v 65.90280 18.06250 893.58087158
v 65.90320 70.18360 1012.85498047
v 65.90330 56.43830 907.76031494
v 65.90380 37.77360 858.02398682
v 65.90390 81.56900 1016.45697021
v 65.90400 36.66910 859.25207520
v 65.90410 0.37480 874.42822266
v 65.90440 38.88320 856.63677979
v 65.90610 67.13880 868.52722168
v 65.90690 82.60880 1016.16552734
v 65.91050 31.66260 868.08880615
v 65.91060 59.93680 991.49920654
v 65.91080 49.22330 931.33087158
v 65.95220 46.46720 832.37438965
v 65.95370 65.93330 904.19097900
v 65.95880 62.83620 1000.12261963
v 65.96910 13.04120 879.91802979
v 65.97010 57.44960 928.52130127
v 65.97100 0.43420 897.18487549
v 65.97730 43.30900 949.48730469
v 65.97780 35.84060 892.33270264
v 65.97910 68.90590 892.24951172
v 65.98990 30.80840 865.27648926
v 65.99100 32.72640 869.41650391
v 65.99120 56.24630 928.27618408
v 65.99310 91.03540 997.49279785
v 66.00010 46.08050 835.50250244
v 66.00020 82.40280 952.22619629
v 66.00070 35.17060 871.82452393
v 66.00960 88.95940 994.21759033
v 66.00980 86.87970 991.18762207
v 66.02960 44.92230 934.35778809
v 66.03380 13.70050 883.29638672
v 66.03970 68.22610 830.76129150
v 66.05950 66.97791 901.24938965
v 66.06180 84.74220 985.17327881
v 66.06270 83.73061 977.47967529
v 66.06480 60.75100 994.24908447
v 66.07100 60.81260 910.58178711
v 66.07140 56.44700 910.16082764
v 66.08730 45.73300 908.08508301
v 66.09130 92.88570 998.30920410
v 66.11050 42.96070 946.80749512
v 66.11170 21.28360 913.84759521
v 66.15090 42.09150 940.51501465
v 66.23110 58.66450 982.73632812
v 66.73990 82.60420 960.60711670
v 66.74290 46.43520 929.30157471
v 66.75170 54.64810 910.11889648
v 66.76770 48.95030 929.00628662
v 66.77010 81.56470 952.65960693
v 66.77210 44.80030 841.82452393
v 66.78370 42.24570 912.83099365
v 66.79660 72.13560 844.09112549
v 66.79940 51.11650 926.09637451
v 66.81280 91.70110 1009.60858154
v 66.81750 33.01000 913.14227295
v 66.81830 56.84660 912.90588379
v 66.83100 43.11170 847.33410645
v 66.83270 80.50880 946.73870850
v 66.83910 -3.68610 883.91241455
v 66.83950 76.82820 1018.28222656
v 66.84460 44.56930 910.20947266
v 66.85610 83.64710 985.71539307
v 66.85740 82.68501 979.91857910
v 66.86690 52.33760 822.82482910
v 66.86850 48.19240 961.68280029
v 66.88230 6.55410 904.30908203
v 66.88400 72.39470 847.66241455
v 66.88470 -1.81820 877.61322021
v 66.88520 44.85930 931.34228516
v 66.88620 76.36060 935.56799316
v 66.88790 62.87850 909.03851318
v 66.88820 29.66090 895.49487305
v 66.89820 60.67140 991.93811035
v 66.92090 68.92540 886.46350098
v 66.92990 78.38480 940.66687012
v 66.93330 21.33450 895.59881592
v 66.93620 60.79770 823.67852783
v 66.93710 70.90150 859.16577148
v 66.93800 9.59810 870.59277344
v 66.93970 66.99461 1009.31707764
v 66.94020 64.91180 1005.37121582
v 66.94100 42.97440 886.27001953
v 66.94170 62.69390 824.90112305
v 66.94240 70.03820 860.97491455
v 66.94310 39.92420 890.58929443
v 66.94440 68.02690 865.30810547
v 66.94720 56.58490 976.87432861
v 66.94940 65.94200 827.73242188
v 66.95270 33.61910 859.68280029
v 66.98240 34.68070 859.45269775
v 66.99640 5.56840 871.07952881
v 66.99710 -1.70460 895.15887451
v 67.00080 15.98050 893.30279541
v 67.00250 10.83320 908.33087158
v 67.00310 45.32650 838.69732666
v 67.00710 59.64810 928.35009766
v 67.00720 30.57590 862.85528564
v 67.01540 41.11440 940.47412109
v 67.01770 31.75520 895.33239746
v 67.01900 37.92190 892.32788086
v 67.02300 79.55420 1018.37408447
v 67.03690 86.77451 994.79748535
v 67.04330 42.99580 883.35791016
v 67.04690 80.18250 948.70172119
v 67.06360 19.13290 914.53088379
v 67.06360 41.43110 852.60247803
v 67.06680 82.80390 988.32208252
v 67.07330 19.09980 895.39532471
v 67.07340 2.38630 899.98217773
v 67.07510 88.84530 1012.43902588
v 67.07620 -2.74800 880.52886963
v 67.07950 32.54780 916.30468750
v 67.08110 42.99930 931.51281738
v 67.08690 -3.66960 889.32202148
v 67.09920 15.01100 892.41491699
v 67.09970 70.26880 839.09197998
v 67.10060 83.64940 989.21520996
v 67.10880 13.90340 889.74060059
v 67.11130 59.76820 913.57843018
v 67.11240 48.25550 925.71667480
v 67.12270 59.57780 987.91802979
v 67.13490 80.64160 970.49188232
v 67.13900 85.82560 994.79248047
v 67.14710 23.45750 916.59759521
v 67.15210 28.25110 916.95837402
v 67.15310 40.97020 934.21820068
v 67.19450 65.78050 871.95288086
v 67.23380 72.20770 1018.65148926
v 67.31420 68.17290 884.79229736
v 67.71860 51.24920 967.57690430
v 67.73740 92.04340 1003.71722412
v 67.75070 80.57130 957.26361084
v 67.81170 46.87900 835.83081055
v 67.81460 76.51130 938.01928711
v 67.81840 44.41580 926.16418457
v 67.82140 79.47610 949.97259521
v 67.82770 43.84240 886.13861084
v 67.82950 41.99970 929.22912598
v 67.83240 31.97600 918.84808350
v 67.84210 66.78201 901.35168457
v 67.84330 10.77100 872.78009033
v 67.85280 48.47470 923.10717773
v 67.85290 80.60050 982.23571777
v 67.86830 33.97170 916.19061279
v 67.87740 90.98190 1003.09960938
v 67.90070 72.89870 850.28747559
v 67.90550 91.83710 1006.46862793
v 67.91120 79.48560 971.24377441
v 67.91170 55.62890 976.27777100
v 67.91240 9.78740 871.58099365
v 67.91330 60.66210 928.26599121
v 67.91870 68.08460 835.21990967
v 67.92150 57.48470 925.30541992
v 67.92440 32.69480 895.46539307
v 67.92720 42.94640 951.59289551
v 67.93210 -2.80120 892.56567383
v 67.97010 52.47600 823.71710205
v 67.97100 58.78550 823.70928955
v 67.97360 63.86830 826.89331055
v 67.97360 73.23071 934.47937012
v 67.97370 74.27930 934.94317627
v 67.97960 87.88741 1000.10797119
v 67.98030 83.64391 1016.75567627
v 67.98090 82.60930 991.51959229
v 67.98120 64.90720 829.07397461
v 67.98140 49.29040 827.73461914
v 67.98180 85.58380 1015.51367188
v 67.98280 68.03070 932.31890869
v 67.98380 67.88950 894.91528320
v 67.98490 66.98360 931.58551025
v 67.98530 0.37300 874.73132324
v 67.98630 79.53951 1019.00769043
v 67.98700 40.96930 877.76641846
v 67.98720 65.94460 868.61297607
v 67.98790 30.69770 866.20440674
v 67.98950 29.79390 865.07818604
v 67.99110 43.92420 883.81707764
v 67.99320 39.23330 917.15649414
v 68.03500 53.74310 919.51641846
v 68.03760 72.12000 853.45349121
v 68.03950 41.25250 946.63812256
v 68.04320 13.95810 911.33111572
v 68.04600 61.72800 928.45928955
v 68.04640 44.29000 844.69390869
v 68.04670 14.87570 892.48999023
v 68.05130 84.54680 994.69879150
v 68.05300 66.98790 880.53338623
v 68.05580 70.94220 841.79949951
v 68.05890 70.11180 1018.18280029
v 68.06030 33.75800 895.35791016
v 68.06730 31.67900 866.70898438
v 68.06810 47.29210 961.31787109
v 68.07300 54.71070 973.98052979
v 68.08270 79.27060 955.52117920
v 68.08470 44.09050 847.25421143
v 68.08560 64.89900 907.25000000
v 68.09710 56.32040 922.49768066
v 68.10320 78.63651 978.72332764
v 68.10930 38.19540 919.51739502
v 68.11190 78.50200 964.48028564
v 68.11440 4.52940 902.73620605
v 68.11930 10.77700 908.57971191
v 68.12440 39.97220 922.65118408
v 68.12830 39.73550 937.13348389
v 68.13460 81.48760 991.27661133
v 68.14020 77.00280 942.69842529
v 68.14200 66.09451 877.73339844
v 68.14310 79.54041 985.32690430
v 68.14540 65.93640 904.24658203
v 68.14690 58.63710 916.64489746
v 68.15280 46.01580 958.14978027
v 68.16270 28.65040 919.49768066
v 68.19400 38.88690 931.46258545
v 68.23380 30.05650 919.93981934
v 68.36380 48.37160 963.07507324
v 68.72540 71.28920 846.93377686
v 68.79860 38.96060 928.04650879
v 68.81390 72.11860 850.48260498
v 68.81950 78.43160 956.24920654
v 68.84880 76.57900 946.49548340
v 68.85530 45.84340 841.82519531
v 68.87130 59.62400 925.46630859
v 68.88110 10.81910 883.46942139
v 68.88240 6.60800 871.56689453
v 68.89280 77.48531 979.24188232
v 68.89440 11.88950 889.00061035
v 68.89560 38.40290 922.32122803
v 68.89570 22.22380 917.67199707
v 68.90290 77.45590 964.97912598
v 68.93850 61.95590 998.20458984
v 68.94110 67.86020 886.74291992
v 68.94720 8.75600 872.05548096
v 68.96330 71.09300 933.96099854
v 68.97320 42.01720 854.48150635
v 68.97580 47.39220 835.19830322
v 68.97750 75.03590 1021.21630859
v 69.01520 72.19230 934.72302246
v 69.01520 89.83400 1003.72198486
v 69.01620 75.31390 940.84252930
v 69.01760 90.72290 1009.20300293
v 69.02020 85.61930 999.99212646
v 69.02060 81.56470 994.50402832
v 69.02070 66.98270 931.54827881
v 69.02130 70.10450 858.00610352
v 69.02140 38.88140 873.12872314
v 69.02200 76.34930 1020.83190918
v 69.02260 70.94130 856.64208984
v 69.02340 38.88150 893.25061035
v 69.02390 4.52910 872.55267334
v 69.02440 51.37880 826.44287109
v 69.02510 65.95970 1009.27117920
v 69.02550 -0.67360 876.45117188
v 69.02700 41.94510 949.41790771
v 69.02740 38.88600 857.16888428
v 69.02760 18.06300 896.20172119
v 69.02770 40.96360 891.21417236
v 69.02790 66.98460 865.24237061
v 69.02830 71.93961 853.24951172
v 69.02870 40.97100 877.27508545
v 69.03200 39.94480 856.52758789
v 69.03240 58.80030 922.88269043
v 69.03370 61.77439 913.58178711
v 69.03390 9.91350 880.30078125
v 69.03590 -1.69270 878.00970459
v 69.07620 85.77800 1015.41748047
v 69.07850 44.10140 955.16351318
v 69.08160 29.45590 897.52227783
v 69.08180 9.79160 908.33331299
v 69.08320 17.08020 914.33001709
v 69.08520 66.99770 1012.34771729
v 69.08890 29.52610 863.94152832
v 69.09040 51.43160 968.73370361
v 69.09190 37.72170 933.98406982
v 69.09250 29.58000 861.25488281
v 69.10170 33.92220 922.97192383
v 69.10440 11.00530 886.72009277
v 69.10640 61.86220 927.45959473
v 69.10980 43.06400 853.11730957
v 69.11630 80.61360 994.46569824
v 69.12260 77.19061 955.22082520
v 69.12520 63.97530 871.79168701
v 69.13110 61.83969 826.93188477
v 69.13740 68.91200 838.80242920
v 69.14600 76.43420 981.91088867
v 69.15040 76.42060 961.52862549
v 69.15720 21.18650 917.53161621
v 69.16630 65.75780 877.55450439
v 69.17770 82.52510 997.17218018
v 69.17820 58.81370 919.64868164
v 69.24890 63.69010 910.70190430
v 69.30140 72.54210 1021.40447998
v 69.73950 29.30200 922.09240723
v 69.74900 8.84280 874.75158691
v 69.83530 65.74050 904.58898926
v 69.84470 84.63910 1000.07312012
v 69.84510 66.85370 896.23309326
v 69.85280 57.62150 979.89178467
v 69.85860 76.35191 955.66711426
v 69.86040 67.11370 886.90307617
v 69.86950 44.02270 886.68951416
v 69.87110 60.88520 994.70281982
v 69.88470 75.45020 963.87207031
v 69.89760 73.31510 937.85028076
v 69.91510 53.38240 970.71850586
v 69.92280 -3.51810 892.25610352
v 69.93580 88.57810 1012.60858154
v 69.94680 74.44431 944.31121826
v 69.95000 75.54420 983.23022461
v 69.95280 22.65470 898.37152100
v 69.96300 70.11200 934.36077881
v 69.97270 49.38610 964.72882080
v 69.97680 33.62340 925.65008545
v 69.98040 64.90200 907.24749756
v 69.98130 31.68500 859.22320557
v 69.98440 38.80940 871.75122070
v 69.98720 81.48100 1019.05810547
v 69.98960 2.61220 901.53381348
v 69.98990 62.82530 829.50610352
v 69.99200 76.31530 1021.41210938
v 69.99560 14.93900 912.67419434
v 70.00370 6.55200 872.99499512
v 70.00450 35.81560 895.52648926
v 70.00610 43.13760 880.51757812
v 70.00880 80.51820 996.93170166
v 70.00890 44.09410 850.65972900
v 70.05650 59.59760 826.76123047
v 70.05720 35.75790 868.51617432
v 70.05750 63.94140 868.72039795
v 70.05770 27.85270 862.48541260
v 70.06170 72.24970 937.46057129
v 70.06230 65.94611 835.37292480
v 70.06500 64.98590 1007.16870117
v 70.06500 79.48200 1020.10180664
v 70.06500 87.75690 1003.66180420
v 70.06570 31.59580 864.63812256
v 70.06570 43.05410 853.55242920
v 70.06650 0.36680 876.01678467
v 70.06650 2.44930 873.96740723
v 70.06650 68.02150 862.02801514
v 70.06690 40.96490 948.36279297
v 70.06750 -0.66630 877.46166992
v 70.06790 44.17670 883.76422119
v 70.06800 39.92850 874.27508545
v 70.06840 25.34430 920.76177979
v 70.06890 63.86350 928.94702148
v 70.06990 45.08010 847.50042725
v 70.07010 11.85700 889.70788574
v 70.07150 70.11031 1020.72387695
v 70.07280 9.52780 880.49249268
v 70.07280 34.68840 928.60809326
v 70.09040 86.75110 1003.27362061
v 70.09830 52.47510 826.83062744
v 70.10950 70.86620 850.28088379
v 70.11800 63.75990 871.50451660
v 70.11850 74.46990 951.91741943
v 70.11990 43.16300 889.34802246
v 70.12230 62.02310 1000.66687012
v 70.12340 38.12970 940.64428711
v 70.12470 79.41220 994.85931396
v 70.12690 10.64620 886.50537109
v 70.12780 12.91510 911.33929443
v 70.13540 40.90650 891.71978760
v 70.13720 29.59480 898.39892578
v 70.13950 75.07771 955.46759033
v 70.14450 66.83580 1012.70257568
v 70.19280 29.51920 861.07373047
v 70.20450 30.69290 859.63482666
v 70.21610 74.34810 958.28369141
v 70.21990 12.92930 892.43438721
v 70.22930 75.37350 988.03021240
v 70.23090 62.59520 913.86138916
v 70.23410 82.53340 1018.43768311
v 70.26640 74.23990 979.84619141
v 70.33030 45.60290 844.49987793
v 70.70660 69.11480 843.94067383
v 70.85470 88.92400 1006.80468750
v 70.86600 -2.66620 886.50628662
v 70.91390 67.29550 1018.17932129
v 70.93540 51.45120 829.35858154
v 70.96660 -2.74420 892.38146973
v 70.98020 29.57450 862.42199707
v 71.00030 61.63570 829.71899414
v 71.01050 69.20850 856.60638428
v 71.02390 43.02440 877.99029541
v 71.03000 66.81450 886.28442383
v 71.03050 17.98230 915.61077881
v 71.03050 88.71381 1009.48327637
v 71.03530 73.03761 972.16308594
v 71.04530 30.61210 898.48638916
v 71.04990 26.33470 922.42041016
v 71.05050 8.63960 907.58367920
v 71.05060 78.43510 996.93762207
v 71.05140 70.11020 935.47949219
v 71.05410 37.50920 939.50939941
v 71.05600 5.52310 904.58300781
v 71.05690 70.06590 1021.29052734
v 71.06650 32.58820 928.45251465
v 71.09550 55.55260 976.40838623
v 71.09680 72.13620 941.32769775
v 71.09830 30.55730 863.37402344
v 71.10200 85.67620 1003.65228271
v 71.10220 66.84530 931.57257080
v 71.10280 63.86630 832.99487305
v 71.10380 39.91860 856.95220947
v 71.10480 0.36520 876.46160889
v 71.10570 37.84350 869.89642334
v 71.10600 34.71850 866.58117676
v 71.10690 36.80410 896.10052490
v 71.10730 66.98130 862.46630859
v 71.10740 40.97220 856.50292969
v 71.10820 81.51760 1000.26867676
v 71.10840 40.97280 949.15008545
v 71.10910 38.82320 943.42327881
v 71.11060 61.77530 916.44927979
v 71.11280 29.51190 925.25537109
v 71.11300 12.72230 892.34558105
v 71.12400 66.06900 898.03558350
v 71.15150 65.80190 882.97210693
v 71.16200 20.20570 898.41528320
v 71.16680 77.32910 994.86328125
v 71.17270 74.26730 988.49237061
v 71.17550 8.54760 880.49682617
v 71.18060 31.67640 898.40820312
v 71.18250 72.99060 955.48950195
v 71.18440 44.08860 889.12170410
v 71.18760 16.06080 896.30230713
v 71.20110 23.31250 920.56457520
v 71.20390 76.45081 994.50579834
v 71.22400 52.43579 829.60858154
v 71.23900 71.98990 966.37182617
v 71.23960 20.14650 917.80847168
v 71.24050 68.10330 1019.77288818
v 71.25750 58.72230 985.48498535
v 71.25790 64.10350 877.97058105
v 71.26500 72.25250 982.33648682
v 71.26630 71.26860 975.54217529
v 71.27220 61.83460 925.55261230
v 71.29320 72.18650 951.38922119
v 71.30180 63.85570 928.57910156
v 71.30400 45.03380 883.80041504
v 71.30650 -1.43830 880.69201660
v 71.32830 68.83331 847.24798584
v 71.82780 53.46020 970.69299316
v 71.86830 61.49790 922.64660645
v 71.90480 72.11190 955.50921631
v 71.90560 67.06710 841.73602295
v 71.90790 66.09641 886.50549316
v 71.91350 63.03130 912.75500488
v 71.97010 57.99680 829.44030762
v 71.98650 61.61030 919.33642578
v 71.98690 13.98350 895.26000977
v 72.01020 70.18790 971.42828369
v 72.01070 4.52500 873.96618652
v 72.01530 10.78270 910.30010986
v 72.01610 7.65820 907.33551025
v 72.03540 9.83860 889.33508301
v 72.05890 82.29691 1018.67742920
v 72.05910 64.65490 907.49829102
v 72.05960 71.23870 982.72552490
v 72.06840 70.11221 937.86187744
v 72.07080 13.81840 912.60571289
v 72.07100 16.94410 915.77642822
v 72.07120 63.93690 877.73937988
v 72.07470 53.74240 829.80419922
v 72.08280 66.71790 892.64447021
v 72.08550 31.59750 859.22167969
v 72.09430 0.26380 877.65997314
v 72.10070 34.66280 934.44561768
v 72.13790 74.14900 991.49938965
v 72.14270 87.60070 1012.21209717
v 72.14370 83.59541 1003.65509033
v 72.14430 76.30290 996.93780518
v 72.14540 59.67920 831.01062012
v 72.14630 -1.69720 895.20068359
v 72.14630 81.61880 1001.70129395
v 72.14650 61.72480 832.72772217
v 72.14710 30.62000 859.83331299
v 72.14800 2.44800 875.17401123
v 72.14850 36.80070 896.39538574
v 72.14900 36.86290 940.35382080
v 72.14900 40.97120 893.27960205
v 72.14920 6.61120 877.30841064
v 72.15190 79.43401 1000.27178955
v 72.15410 43.05290 952.86999512
v 72.16410 62.90490 1003.95941162
v 72.18520 78.39280 1021.34350586
v 72.19730 44.09100 854.89807129
v 72.19750 65.95110 841.36462402
v 72.19760 70.27900 982.18408203
v 72.20600 5.49910 874.62030029
v 72.20960 71.01660 949.68707275
v 72.21820 4.73550 904.58709717
v 72.22030 -1.47110 883.47357178
v 72.22590 70.90701 955.53161621
v 72.22830 64.93700 901.47741699
v 72.24280 65.80190 1012.76312256
v 72.24400 73.32510 991.49328613
v 72.27740 31.40590 862.13629150
v 72.30170 69.06980 967.48242188
v 72.30740 8.84570 886.74041748
v 72.33820 70.23090 952.50219727
v 72.39740 68.66770 856.11376953
v 72.60090 61.67510 867.75341797
v 72.73750 47.96360 844.64111328
v 72.80150 60.62060 992.25628662
v 72.80550 68.15450 850.21368408
v 72.94110 -1.78290 892.48699951
v 72.95050 51.20190 835.83142090
v 72.96830 61.79250 1000.64007568
v 72.98100 70.11100 946.85247803
v 72.98530 69.13580 938.35809326
v 73.01890 69.83100 955.66619873
v 73.02070 85.87640 1015.02392578
v 73.05320 68.16400 975.89648438
v 73.07860 61.89210 925.08447266
v 73.10500 45.04850 886.73638916
v 73.10590 42.97450 874.84869385
v 73.10610 68.06990 967.17492676
v 73.10740 63.94450 864.36529541
v 73.11260 20.06740 918.59411621
v 73.11420 62.59170 916.02911377
v 73.11440 63.80510 907.53619385
v 73.11810 73.30621 994.00128174
v 73.12770 86.74870 1009.72308350
v 73.12840 13.84130 913.31292725
v 73.12890 33.73360 898.45501709
v 73.12890 53.40420 970.85040283
v 73.13000 64.76640 929.99139404
v 73.13140 31.59760 931.03051758
v 73.13170 63.17040 1006.82489014
v 73.13170 66.12531 1018.24639893
v 73.13730 30.49520 928.54968262
v 73.14050 45.22220 883.63531494
v 73.17640 29.93710 859.62469482
v 73.17990 68.08470 937.50622559
v 73.18080 -1.51260 889.47821045
v 73.18320 58.80120 986.07470703
v 73.18400 1.40220 876.63812256
v 73.18400 60.73160 833.63769531
v 73.18470 69.06300 982.49658203
v 73.18480 84.63530 1006.65222168
v 73.18540 42.00590 873.13067627
v 73.18620 24.31720 922.56298828
v 73.18730 85.72390 1007.63757324
v 73.18760 37.84560 943.32751465
v 73.18770 33.67630 863.53662109
v 73.18810 26.39300 924.73229980
v 73.18830 35.76090 864.47119141
v 73.18840 34.71850 863.98876953
v 73.18860 81.51190 1003.65722656
v 73.18920 35.76350 939.37359619
v 73.18960 79.53860 1001.70379639
v 73.19160 62.82720 865.31658936
v 73.19580 39.92830 946.90039062
v 73.19850 9.77330 889.76708984
v 73.20350 9.86700 909.62738037
v 73.21580 71.09270 988.74371338
v 73.22190 69.12070 951.37939453
v 73.22640 77.33160 1000.30718994
v 73.22700 64.62570 882.51361084
v 73.23500 44.00250 889.74822998
v 73.24120 64.91230 1012.35852051
v 73.24410 52.42650 835.52618408
v 73.24670 46.17170 853.74700928
v 73.25150 61.83670 919.07147217
v 73.25790 52.33610 969.37847900
v 73.26150 13.85790 895.50897217
v 73.26820 34.80070 898.31140137
v 73.27580 60.97920 871.76000977
v 73.28740 -0.46820 881.07202148
v 73.31000 70.09380 988.46636963
v 73.31150 32.47320 859.23071289
v 73.32040 8.55800 886.70080566
v 73.32250 64.91060 862.15948486
v 73.32350 48.59430 846.94628906
v 73.32950 42.08800 952.32257080
v 73.33690 47.28120 853.28540039
v 73.33950 67.06281 964.53369141
v 73.34490 10.84990 892.47967529
v 73.42540 65.74680 932.13427734
v 73.87450 1.55770 900.25030518
v 73.87660 47.01470 960.98138428
v 73.89700 30.72680 859.57598877
v 73.95410 67.05260 853.68237305
v 73.97090 54.04910 835.21960449
v 74.01990 68.02950 942.75152588
v 74.02030 65.94960 859.38427734
v 74.05940 65.70620 888.85461426
v 74.08440 49.29600 847.50347900
v 74.09200 60.72820 835.76452637
v 74.09720 47.14280 855.93249512
v 74.11280 66.00581 965.28277588
v 74.12240 67.09030 955.18292236
v 74.13210 62.97620 907.79510498
v 74.13600 65.87251 847.74090576
v 74.14420 86.51310 1012.17156982
v 74.15350 -1.45800 895.51727295
v 74.15350 32.74610 859.90948486
v 74.15610 43.05350 892.23461914
v 74.15690 58.82770 988.27947998
v 74.15910 83.70440 1016.96887207
v 74.16250 85.71260 1014.06188965
v 74.17290 29.46200 928.49481201
v 74.17350 10.72170 910.58380127
v 74.17580 45.32290 856.40728760
v 74.18060 65.73901 892.61981201
v 74.19680 64.76620 901.02520752
v 74.21930 4.39260 876.20837402
v 74.22270 74.27880 997.44067383
v 74.22350 37.84220 865.59002686
v 74.22380 39.92400 868.56939697
v 74.22520 85.66230 1009.77471924
v 74.22630 65.94590 976.47039795
v 74.22650 63.86050 904.49157715
v 74.22690 44.09270 856.93969727
v 74.22770 34.72190 898.52160645
v 74.22770 42.00800 893.38848877
v 74.22850 60.81480 865.41711426
v 74.22870 45.19920 880.51220703
v 74.23000 33.67920 936.37158203
v 74.23050 38.88370 896.16741943
v 74.23050 40.96450 857.54901123
v 74.23750 67.01680 1021.11492920
v 74.27020 50.39550 966.13122559
v 74.27710 61.83080 916.47039795
v 74.28050 78.49800 1003.25378418
v 74.28210 81.61950 1006.25372314
v 74.28530 27.48930 926.78002930
v 74.28750 10.71410 892.50579834
v 74.28800 68.03440 985.51171875
v 74.28870 17.08680 898.49377441
v 74.29210 0.23410 886.13232422
v 74.29230 63.82020 1009.51287842
v 74.29500 -0.61140 897.45257568
v 74.29830 64.76040 883.86688232
v 74.30280 60.67400 871.70397949
v 74.30510 46.09090 958.70678711
v 74.30580 65.89590 855.78759766
v 74.30630 5.57580 905.72241211
v 74.30650 58.52380 985.74230957
v 74.30760 48.09420 856.31732178
v 74.31170 38.90870 946.36047363
v 74.32420 53.34610 839.10919189
v 74.32960 65.89500 960.85400391
v 74.34650 53.46340 973.09210205
v 74.34700 62.82780 841.70947266
v 74.35250 56.19520 836.09637451
v 74.37160 45.12470 889.16607666
v 74.37550 66.81980 949.77307129
v 74.38760 50.78630 846.69110107
v 74.39160 60.82860 997.94342041
v 74.39430 59.60150 991.02661133
v 74.41900 64.90421 973.64849854
v 74.63010 46.16560 885.51538086
v 74.72890 66.14671 937.54620361
v 75.02140 59.75800 865.77618408
v 75.02860 0.29850 883.50970459
v 75.04310 65.00681 934.66802979
v 75.06230 58.97820 838.51037598
v 75.06760 64.70451 850.77441406
v 75.09630 64.82250 856.48107910
v 75.09900 51.16740 850.63031006
v 75.09950 4.52900 877.86389160
v 75.10820 16.06420 898.38812256
v 75.11900 46.01060 880.93048096
v 75.13270 61.76800 841.72027588
v 75.13770 9.74140 910.33666992
v 75.13920 15.98640 916.33978271
v 75.13970 19.10910 919.34118652
v 75.14000 22.23440 922.34228516
v 75.14790 40.90200 949.67608643
v 75.15180 64.96460 955.94329834
v 75.17870 72.19550 996.90057373
v 75.17940 32.54440 899.82360840
v 75.18690 1.33040 878.78509521
v 75.18710 62.57300 925.28912354
v 75.18790 45.04800 857.66992188
v 75.18940 42.97270 871.83410645
v 75.19190 0.21800 889.50250244
v 75.19450 62.98160 929.03771973
v 75.21240 64.98621 890.21801758
v 75.21640 51.32860 967.86090088
v 75.21640 65.08981 1018.26409912
v 75.25060 55.54959 976.86859131
v 75.26440 63.86450 964.46997070
v 75.26490 61.71450 922.50372314
v 75.26580 63.86440 973.50982666
v 75.26850 33.68170 937.32598877
v 75.26910 36.79780 863.56878662
v 75.27140 32.64110 934.84490967
v 75.27150 60.91090 1000.29498291
v 75.27160 61.79390 1003.48999023
v 75.27280 62.81980 907.48980713
v 75.27450 63.92140 883.52600098
v 75.27660 8.86040 890.72369385
v 75.29280 67.03101 1021.38818359
v 75.31640 49.72770 856.37628174
v 75.31950 63.79090 856.29388428
v 75.32240 79.35270 1021.32299805
v 75.32340 64.90240 951.38208008
v 75.32570 0.57230 881.32391357
v 75.32880 12.79360 895.51147461
v 75.33380 62.90040 859.26269531
v 75.33850 6.81840 907.55810547
v 75.34540 36.83910 943.37762451
v 75.35190 82.43681 1018.45831299
v 75.37020 52.22410 856.18841553
v 75.37420 52.41740 853.16180420
v 75.39360 60.93790 916.50067139
v 75.39860 56.31430 842.35052490
v 75.40480 57.82250 985.49652100
v 75.43540 53.88520 846.87481689
v 75.48590 75.40570 1001.10827637
v 75.48930 4.37490 880.51757812
v 75.51980 45.18070 958.28619385
v 75.55000 64.89890 980.14050293
v 75.59460 53.26350 973.10821533
v 75.90770 61.85260 860.03820801
v 75.97190 34.79560 859.57562256
v 76.09680 62.63170 856.66967773
v 76.10170 1.47940 880.76910400
v 76.13120 61.59040 849.32977295
v 76.15390 53.63510 855.65362549
v 76.15420 57.78540 865.69079590
v 76.16520 54.52460 847.48162842
v 76.17830 59.84170 994.86132812
v 76.17960 57.49570 982.67907715
v 76.18340 10.70420 893.91058350
v 76.20140 58.82710 861.52502441
v 76.21280 28.02760 901.45629883
v 76.22280 36.71850 859.16882324
v 76.23470 50.42400 967.54949951
v 76.23740 44.97890 874.83551025
v 76.24110 61.92140 970.29528809
v 76.25470 27.38090 928.48907471
v 76.25500 19.05040 919.58441162
v 76.25610 -0.54010 895.33007812
v 76.25640 43.10560 871.33697510
v 76.25980 22.17490 922.61639404
v 76.26370 25.39550 926.58721924
v 76.28680 58.78990 988.98937988
v 76.29400 7.58280 890.51849365
v 76.30140 69.15110 994.22229004
v 76.30260 83.64280 1011.08447266
v 76.30500 82.54871 1009.74749756
v 76.30670 6.55950 888.96270752
v 76.30670 64.67340 894.99987793
v 76.30910 70.11280 994.84997559
v 76.30960 72.19370 998.86730957
v 76.31030 42.90860 858.67498779
v 76.31040 28.47420 930.37298584
v 76.31170 61.78279 910.48120117
v 76.31180 62.94490 1009.66467285
v 76.31230 59.89660 874.64062500
v 76.31250 39.92450 896.26788330
v 76.31250 42.00640 894.02838135
v 76.32050 65.97280 1021.11682129
v 76.32130 48.50900 859.38769531
v 76.32240 44.09400 955.86920166
v 76.34920 37.78750 862.43402100
v 76.35840 61.78430 966.20867920
v 76.36110 52.35220 859.62738037
v 76.36850 54.18070 861.46020508
v 76.36870 54.51110 976.19140625
v 76.37160 15.92340 898.50128174
v 76.37270 48.33440 964.35369873
v 76.37570 5.43660 886.68249512
v 76.37600 63.59430 883.49761963
v 76.37690 61.66230 877.75567627
v 76.37810 40.96010 950.92181396
v 76.37940 34.75570 940.36901855
v 76.38120 57.55770 868.18621826
v 76.38390 46.24290 883.47821045
v 76.38540 24.37140 901.43988037
v 76.38830 3.49140 903.07232666
v 76.42010 60.74400 922.67211914
v 76.42490 61.77470 928.68457031
v 76.44180 0.37570 899.72521973
v 76.44810 55.42380 863.05432129
v 76.45400 79.43630 1021.21997070
v 76.46570 62.58520 952.53039551
v 76.47130 53.32190 862.11352539
v 76.50330 61.78530 973.31500244
v 76.94380 3.54360 883.18432617
v 77.00100 36.93090 859.83770752
v 77.05570 46.17360 886.49218750
v 77.07850 62.88880 945.72912598
v 77.09830 2.53110 883.73010254
v 77.10250 83.64180 1012.83349609
v 77.13550 64.05040 1017.68048096
v 77.14770 63.98950 889.88568115
v 77.18580 36.80850 943.73059082
v 77.19060 15.01960 898.39227295
v 77.20600 3.42250 886.48559570
v 77.22250 18.06680 919.33581543
v 77.23440 61.88810 932.90728760
v 77.24240 53.46010 973.80450439
v 77.26110 44.08840 956.84613037
v 77.26810 39.84400 859.07977295
v 77.27390 0.38200 892.85339355
v 77.27400 42.97420 868.82843018
v 77.27430 52.49210 862.50250244
v 77.27530 11.73610 912.81408691
v 77.27980 -0.41290 898.47113037
v 77.28030 60.89300 913.02307129
v 77.28310 83.43930 1015.20751953
v 77.28970 41.80540 952.41857910
v 77.29650 12.80350 913.58367920
v 77.30040 45.12890 874.40588379
v 77.33080 22.30160 901.41339111
v 77.33530 47.14900 961.68041992
v 77.34530 60.78800 955.01928711
v 77.34890 78.44160 1007.58428955
v 77.34900 74.33590 1003.27270508
v 77.34930 4.47940 889.17199707
v 77.34970 2.59350 889.42010498
v 77.34970 76.35430 1004.61718750
v 77.35010 47.21050 860.47607422
v 77.35120 59.65219 874.71508789
v 77.35200 43.04590 893.58337402
v 77.35220 35.75830 899.30407715
v 77.35320 36.80150 898.96588135
v 77.35350 15.98760 916.68750000
v 77.35580 81.50500 1010.82373047
v 77.39810 39.01940 859.82220459
v 77.40620 31.65340 935.97082520
v 77.40720 -0.37020 895.66229248
v 77.40760 29.57170 932.97149658
v 77.40910 2.50510 902.45977783
v 77.41350 61.73530 1006.32720947
v 77.41870 38.88680 947.93487549
v 77.42330 78.36260 1021.36920166
v 77.42970 63.71520 1015.02227783
v 77.43510 11.89680 896.28448486
v 77.43660 45.32440 889.36779785
v 77.44200 30.61440 901.43609619
v 77.44780 61.62400 910.23840332
v 77.45140 61.71749 944.86761475
v 77.48460 8.75280 892.67810059
v 77.49760 25.70640 901.70098877
v 77.50690 59.77500 958.29211426
v 77.58870 60.42459 970.49401855
v 77.65710 60.48380 915.86022949
v 78.10900 5.53240 905.97790527
v 78.14300 40.00530 859.66479492
v 78.24810 9.63980 910.55108643
v 78.25960 32.57900 937.52941895
v 78.26230 14.94280 916.32391357
v 78.27110 39.99430 862.21112061
v 78.31340 63.69220 889.52349854
v 78.31480 45.05090 871.83001709
v 78.31560 59.84990 877.37817383
v 78.33460 78.38590 1008.28332520
v 78.33750 1.41730 901.19830322
v 78.33790 52.36410 864.01019287
v 78.33920 28.42120 931.65118408
v 78.34140 63.66030 895.06048584
v 78.34500 54.64610 866.95709229
v 78.34530 60.64900 941.63977051
v 78.38190 35.76260 943.20861816
v 78.38630 76.35720 1006.42791748
v 78.38650 58.72720 958.27978516
v 78.38650 59.65710 949.85607910
v 78.38730 52.42050 973.11889648
v 78.38840 42.00630 865.62121582
v 78.38880 42.13710 859.74810791
v 78.38900 57.54900 871.37487793
v 78.38990 57.78140 986.17260742
v 78.39120 42.00400 953.85418701
v 78.39320 61.61580 880.75811768
v 78.39370 68.08450 995.97149658
v 78.39450 42.01310 895.28948975
v 78.39500 4.53210 890.42987061
v 78.39550 62.82840 1012.48370361
v 78.39560 59.62320 916.95422363
v 78.39670 59.58240 994.86840820
v 78.41950 60.62360 1000.93841553
v 78.42220 71.12241 1000.48101807
v 78.42460 46.07320 889.37048340
v 78.44560 49.35020 862.40771484
v 78.44990 24.36430 927.05041504
v 78.45240 60.86190 1003.82147217
v 78.45830 59.54450 924.74078369
v 78.46210 47.20880 962.92547607
v 78.46560 81.39750 1018.49652100
v 78.52560 53.45430 865.56781006
v 78.54720 66.11031 992.08581543
v 78.54870 61.93330 883.74749756
v 78.67200 46.94380 887.06219482
v 79.16290 59.78980 939.46270752
v 79.24370 43.00120 955.64819336
v 79.28800 48.20370 964.65002441
v 79.29000 58.90530 928.67938232
v 79.29270 37.79540 946.68212891
v 79.30010 57.70840 952.99389648
v 79.30430 22.22760 925.28259277
v 79.30790 54.43630 976.68310547
v 79.31030 58.87270 916.54492188
v 79.34600 59.54130 932.22412109
v 79.35130 47.05660 877.72521973
v 79.35250 82.26760 1015.28002930
v 79.35370 20.26140 901.46038818
v 79.35520 0.61510 895.82897949
v 79.36430 77.43900 1021.41430664
v 79.36440 8.70020 910.31750488
v 79.37450 5.64790 891.50317383
v 79.37650 81.50700 1017.50268555
v 79.37710 45.17670 871.39782715
v 79.38020 25.29800 928.63702393
v 79.42300 13.96720 898.47497559
v 79.42950 62.86380 894.67999268
v 79.43150 51.37940 970.92828369
v 79.43150 68.02860 997.37371826
v 79.43170 44.99260 861.45251465
v 79.43240 50.33860 969.38421631
v 79.43340 54.36850 867.23730469
v 79.43390 3.48630 891.49688721
v 79.43430 62.64800 887.00421143
v 79.43440 43.04980 894.10150146
v 79.43460 48.38800 862.65808105
v 79.43490 60.79770 880.61041260
v 79.43550 19.10400 921.40557861
v 79.43550 38.89010 898.35748291
v 79.43620 63.81020 1018.42358398
v 79.43780 61.79030 1009.49371338
v 79.47980 42.99240 861.28271484
v 79.48640 64.86210 1021.11352539
v 79.48660 46.22640 874.65289307
v 79.48830 4.58550 905.44500732
v 79.48980 1.64770 901.32958984
v 79.49080 18.11870 920.68298340
v 79.49410 30.61300 936.05712891
v 79.49490 38.91250 949.35607910
v 79.49950 45.13260 959.93457031
v 79.51180 12.85830 914.71258545
v 79.51190 7.73550 893.50830078
v 79.51500 62.67530 1012.71166992
v 79.51800 10.85260 896.28692627
v 79.55850 57.75380 970.50067139
v 79.56370 57.48800 967.46307373
v 79.57400 56.63510 964.11669922
v 79.58820 56.65340 952.32019043
v 79.77680 58.41130 919.50390625
v 80.13690 57.51360 985.64617920
v 80.14160 42.08750 862.41027832
v 80.28470 62.75630 987.63549805
v 80.31240 44.03920 865.49658203
v 80.33690 43.10190 862.80169678
v 80.36650 40.97680 952.77337646
v 80.39670 58.73600 877.18060303
v 80.39820 62.99310 1018.19030762
v 80.40710 45.05530 892.25701904
v 80.42070 55.64350 952.94677734
v 80.42170 3.44420 904.08361816
v 80.42470 78.44421 1011.08300781
v 80.42530 59.74450 910.80041504
v 80.44510 63.91220 991.29461670
v 80.47030 2.45900 892.94152832
v 80.47040 62.59120 895.32067871
v 80.47050 55.67560 980.34118652
v 80.47100 56.57230 946.21752930
v 80.47100 80.51170 1018.25238037
v 80.47190 80.46270 1013.87109375
v 80.47310 54.50970 978.02270508
v 80.47320 60.53890 880.60217285
v 80.47330 61.84460 886.57592773
v 80.47510 57.54280 937.14916992
v 80.47520 45.91920 871.30047607
v 80.47760 77.40231 1010.59039307
v 80.47930 21.18480 924.41491699
v 80.47960 52.41700 973.79498291
v 80.47980 63.92200 1020.42382812
v 80.47990 56.57120 871.72869873
v 80.50720 45.08460 862.78350830
v 80.50880 59.87260 1003.36810303
v 80.50950 59.55330 997.81402588
v 80.51560 58.54210 991.97222900
v 80.53170 27.49040 932.98931885
v 80.53240 20.19830 923.71600342
v 80.53480 58.77890 994.82727051
v 80.54270 43.04860 956.93292236
v 80.54340 48.25200 965.92950439
v 80.55420 46.24450 862.74542236
v 80.55500 33.67860 940.83099365
v 80.55590 61.63520 1009.71520996
v 80.59560 73.27071 1006.45941162
v 80.61630 57.73380 988.88348389
v 80.81340 45.98190 889.97448730
v 80.82250 64.86050 1021.43267822
v 81.09630 44.08640 862.73352051
v 81.33910 47.28900 880.59527588
v 81.34780 54.70670 960.62689209
v 81.38250 36.74300 946.52947998
v 81.38640 30.55840 937.46911621
v 81.40630 49.18600 967.60449219
v 81.40780 6.55540 907.61151123
v 81.41210 56.57180 932.20812988
v 81.43670 66.02590 997.12872314
v 81.44080 61.95070 1015.27252197
v 81.44230 19.21610 901.46539307
v 81.44610 61.83480 894.92370605
v 81.45870 49.23500 864.66577148
v 81.45970 2.46830 895.44342041
v 81.46060 3.63800 892.72338867
v 81.46080 63.81310 991.62902832
v 81.46230 74.21980 1007.95288086
v 81.46780 7.75090 894.32641602
v 81.51070 54.55750 949.69580078
v 81.51080 68.03111 1000.42822266
v 81.51090 55.49160 940.86950684
v 81.51190 56.77990 919.22009277
v 81.51390 57.17730 986.77862549
v 81.51500 34.72320 901.37792969
v 81.51590 33.68430 942.08709717
v 81.51640 51.37970 973.14978027
v 81.51800 11.69200 913.57690430
v 81.52030 18.06160 921.41351318
v 81.52180 46.17990 871.30999756
v 81.52220 38.88860 898.57617188
v 81.56070 61.62640 887.35858154
v 81.57350 17.07540 920.71691895
v 81.57440 26.44750 932.71588135
v 81.58720 45.16050 961.36791992
v 81.58960 13.08080 898.55010986
v 81.59320 54.65520 964.71710205
v 81.59830 60.59730 1006.72418213
v 81.64060 77.39080 1021.26757812
v 81.65280 42.98110 895.39068604
v 81.67340 8.77070 895.52111816
v 81.67370 57.76690 976.73181152
v 81.70980 54.49440 943.19702148
v 81.71030 2.53780 898.52539062
v 81.77390 56.37480 923.07098389
v 81.90460 59.25700 910.26171875
v 81.91070 44.03220 894.00378418
v 82.00430 47.21760 886.32781982
v 82.26440 60.75090 987.61907959
v 82.27270 55.75350 928.50299072
v 82.31040 45.30000 865.53558350
v 82.39610 71.23740 1006.32067871
v 82.41150 13.85380 916.63012695
v 82.42400 80.24001 1015.67218018
v 82.44410 47.21970 964.79827881
v 82.45130 54.64640 934.91497803
v 82.46180 51.42350 867.28558350
v 82.47930 22.31450 928.40350342
v 82.48080 10.93670 913.54577637
v 82.48320 60.91000 1012.27838135
v 82.48990 53.58860 943.29022217
v 82.49410 53.40000 976.77978516
v 82.49920 63.93840 1021.20288086
v 82.50050 31.93810 940.76379395
v 82.50380 76.30400 1011.22320557
v 82.50450 25.29910 931.63677979
v 82.50550 61.57420 894.91961670
v 82.51100 65.94870 997.76898193
v 82.55070 79.34020 1014.23040771
v 82.55110 47.05130 871.71142578
v 82.55160 61.56590 889.50561523
v 82.55350 76.48210 1021.37799072
v 82.55530 5.57430 907.22741699
v 82.55930 54.62640 871.43688965
v 82.55970 5.56990 893.43139648
v 82.56000 56.75690 874.77862549
v 82.60120 34.55020 944.60699463
v 82.60320 38.63690 950.52368164
v 82.60860 79.46050 1018.34411621
v 82.61060 46.24750 865.74102783
v 82.61420 19.15770 924.04821777
v 82.62330 43.06690 958.34417725
v 82.62640 48.09480 883.48779297
v 82.63000 57.47580 976.51831055
v 82.70480 52.49580 949.26660156
v 82.71990 58.88530 982.96099854
v 82.72680 39.92680 898.38342285
v 82.74960 54.22580 936.93518066
v 82.79940 53.13160 958.48779297
v 82.81650 52.34940 955.30102539
v 83.40160 39.87630 952.64801025
v 83.43730 68.11430 1003.32110596
v 83.46230 52.35020 946.31188965
v 83.46720 12.86430 916.34307861
v 83.46830 72.12310 1007.90948486
v 83.48650 2.91050 898.97760010
v 83.49050 52.56079 940.90509033
v 83.51670 46.41930 868.28332520
v 83.51860 62.90290 994.12762451
v 83.52060 17.10610 922.40332031
v 83.53010 55.85060 916.02569580
v 83.53750 78.37840 1019.52429199
v 83.54100 50.39390 867.26312256
v 83.54420 20.09320 925.65258789
v 83.54630 22.17400 928.62347412
v 83.55810 46.32190 889.57000732
v 83.58830 79.26660 1015.75061035
v 83.59420 12.77440 898.48797607
v 83.59430 7.51910 894.73767090
v 83.59470 52.41920 976.30480957
v 83.59480 31.55450 940.62701416
v 83.59610 60.73220 895.00317383
v 83.59620 47.21270 966.37487793
v 83.59900 48.25550 967.79669189
v 83.59900 50.33620 971.99322510
v 83.60050 4.52980 894.49011230
v 83.60170 28.47470 936.41497803
v 83.60210 66.07360 1000.28558350
v 83.60240 54.49549 981.36047363
v 83.60510 7.65740 909.44750977
v 83.60540 53.70190 967.50769043
v 83.63450 18.05310 901.45019531
v 83.65290 61.83630 991.63482666
v 83.65520 27.48850 935.71582031
v 83.66310 60.53080 886.87451172
v 83.67820 56.44880 874.75219727
v 83.70100 48.25380 878.03918457
v 83.72560 53.51280 928.50042725
v 83.72620 51.43070 946.49249268
v 83.76340 58.48580 982.69128418
v 83.79570 56.83320 985.52307129
v 83.80310 52.35180 934.38177490
v 84.37580 43.11580 958.76879883
v 84.44960 5.77240 907.31872559
v 84.45350 51.46120 958.48480225
v 84.46230 56.86820 979.77838135
v 84.46320 77.44991 1014.22137451
v 84.51230 39.97250 898.52661133
v 84.52080 47.44410 872.14288330
v 84.55020 51.36769 938.24188232
v 84.55220 48.17630 867.31829834
v 84.56400 59.76910 898.70977783
v 84.56590 57.28839 982.87121582
v 84.57380 9.66520 911.98547363
v 84.58490 19.05150 925.48028564
v 84.58550 26.33920 934.63702393
v 84.58560 59.70990 1009.64550781
v 84.58710 14.88710 919.63848877
v 84.58720 16.96900 922.62341309
v 84.58760 12.80270 916.63781738
v 84.58980 6.70770 894.85351562
v 84.59080 62.82680 994.74157715
v 84.59300 69.06660 1005.07891846
v 84.63150 50.40240 945.93109131
v 84.63190 39.93080 953.99230957
v 84.63350 56.56770 984.75988770
v 84.63430 35.82000 901.34381104
v 84.63490 11.94700 898.45001221
v 84.63590 54.43670 872.45690918
v 84.63640 61.86350 1018.85290527
v 84.63840 57.76870 907.41088867
v 84.64030 59.37200 885.38360596
v 84.64380 56.79940 985.54656982
v 84.64380 65.80860 1000.37207031
v 84.64510 73.23351 1010.61779785
v 84.64710 50.51640 955.29779053
v 84.67770 47.11930 889.36401367
v 84.67850 16.22150 900.53149414
v 84.69750 55.59410 983.87677002
v 84.70080 56.76690 988.35131836
v 84.71610 5.40760 904.44873047
v 84.71650 3.66420 895.91339111
v 84.71750 60.59210 1012.71520996
v 84.72190 55.77200 875.06219482
v 84.72970 56.40560 913.25250244
v 84.72970 57.39540 991.51300049
v 84.73260 51.47320 961.50292969
v 84.76130 76.34870 1021.20501709
v 84.79630 48.17780 874.04650879
v 84.79990 54.64560 973.74090576
v 84.83060 53.25790 967.68579102
v 84.84410 50.18970 952.14111328
v 84.98280 55.25700 915.95062256
v 85.05970 56.58260 985.51300049
v 85.16820 47.98000 887.08892822
v 85.30450 52.71880 923.07019043
v 85.33770 58.71080 987.60510254
v 85.34080 51.48370 931.66992188
v 85.43350 59.77770 892.51068115
v 85.50760 56.50530 982.56359863
v 85.52280 59.61280 898.23437500
v 85.54620 3.76740 898.50427246
v 85.54760 77.32040 1019.72650146
v 85.54770 60.95010 1018.20410156
v 85.55450 57.57340 986.16497803
v 85.59910 5.48930 894.98101807
v 85.60550 62.90190 997.13702393
v 85.60910 8.43080 910.01367188
v 85.62420 38.83430 952.68652344
v 85.62570 48.26570 871.30499268
v 85.62740 60.68560 991.62078857
v 85.66800 43.05400 895.63830566
v 85.67060 49.35130 868.72497559
v 85.67580 42.80500 959.56719971
v 85.67730 40.17760 955.57470703
v 85.68050 46.17140 966.37530518
v 85.68080 49.29520 971.98730469
v 85.68090 51.37020 869.27301025
v 85.68150 31.59740 942.41192627
v 85.68160 4.60090 901.47729492
v 85.68210 59.47950 886.51678467
v 85.68220 58.83910 1009.33666992
v 85.68440 53.49520 871.85382080
v 85.68570 57.50630 907.21331787
v 85.68740 56.72760 991.12371826
v 85.68870 7.54890 907.51287842
v 85.71490 62.85160 1021.38629150
v 85.73660 28.53140 938.98992920
v 85.73660 30.61280 941.71447754
v 85.73840 23.32450 932.70239258
v 85.73910 21.23810 930.04229736
v 85.74550 53.47060 980.04010010
v 85.75870 54.40480 973.72692871
v 85.75970 33.59510 945.48840332
v 85.77200 56.65060 983.47180176
v 85.80820 50.38890 931.50201416
v 85.80870 49.34910 937.54888916
v 85.81270 6.61420 907.27270508
v 85.82830 55.82270 985.52899170
v 85.83640 71.23480 1009.51629639
v 85.84580 77.91120 1018.14569092
v 85.87710 40.97620 898.31518555
v 85.89350 48.36190 880.62402344
v 85.92760 56.78210 994.91418457
v 86.16830 51.10560 925.01208496
v 86.52020 51.70530 967.68798828
v 86.54930 57.56870 988.77832031
v 86.55310 7.77490 910.10711670
v 86.59900 75.32111 1014.20648193
v 86.61010 45.05420 892.85180664
v 86.63200 58.73310 897.22271729
v 86.64160 59.86610 1015.27087402
v 86.64600 56.23180 982.47259521
v 86.65500 5.62770 895.75341797
v 86.66010 4.60390 898.43469238
v 86.66360 58.64939 887.17071533
v 86.66380 57.37170 985.69708252
v 86.66750 22.17520 931.63787842
v 86.67470 57.74160 1005.54901123
v 86.71440 44.09230 895.18341064
v 86.71790 49.29330 870.16467285
v 86.71820 11.82000 918.27557373
v 86.72100 43.04530 896.36212158
v 86.72170 45.13330 964.83209229
v 86.72180 50.33620 974.98718262
v 86.72270 55.52310 984.73150635
v 86.72280 17.02830 925.57098389
v 86.72280 57.68640 883.55371094
v 86.72290 28.47330 939.41107178
v 86.72400 69.98450 1008.23272705
v 86.72620 57.40530 988.45343018
v 86.72660 54.49000 874.64739990
v 86.72680 62.86730 997.78228760
v 86.77660 25.40750 935.98999023
v 86.77720 55.76210 988.47851562
v 86.78030 56.59230 991.36047363
v 86.78400 58.61080 1009.31439209
v 86.78620 57.49440 1000.67047119
v 86.78660 54.55890 983.86761475
v 86.79050 49.14980 955.44427490
v 86.82330 53.71360 982.00909424
v 86.82550 52.67179 979.14739990
v 86.85120 17.06480 901.43359375
v 86.95070 49.14000 880.04748535
v 87.13000 55.53850 985.50000000
v 87.36200 49.42580 928.89172363
v 87.57970 56.52400 986.02001953
v 87.59640 47.45020 938.17718506
v 87.59840 64.99191 1003.27301025
v 87.61010 10.86120 916.77801514
v 87.62700 75.31300 1020.09570312
v 87.64730 55.35450 982.57739258
v 87.66200 57.66680 989.22619629
v 87.68260 59.78240 994.12542725
v 87.68430 8.77950 913.50109863
v 87.69860 50.27570 870.60467529
v 87.69890 53.24920 976.85260010
v 87.70180 54.21230 979.64410400
v 87.70370 59.71180 1015.63708496
v 87.70560 35.05060 949.74810791
v 87.75900 39.91600 899.07971191
v 87.76030 5.57640 897.13458252
v 87.76050 67.11320 1006.40991211
v 87.76140 43.96070 895.41589355
v 87.76250 45.13040 966.37530518
v 87.76280 48.25420 971.98730469
v 87.76300 46.17350 967.79669189
v 87.76350 54.90499 985.50000000
v 87.76350 55.53850 983.67437744
v 87.76350 55.53850 987.32562256
v 87.76350 56.17200 985.50000000
v 87.76380 41.79970 959.62249756
v 87.76450 71.15190 1010.27178955
v 87.76630 6.56970 907.51190186
v 87.77650 8.71480 896.74572754
v 87.81040 53.21610 973.66052246
v 87.81820 51.42590 871.60668945
v 87.81980 55.72330 991.33728027
v 87.82150 51.43150 978.10510254
v 87.82260 19.16250 929.79907227
v 87.82280 29.56080 942.04217529
v 87.82430 54.49790 980.30590820
v 87.82900 54.36360 875.44238281
v 87.82920 48.50870 871.90698242
v 87.83240 51.23540 967.50781250
v 87.83480 61.73590 1021.24218750
v 87.85210 52.53700 979.73449707
v 87.85980 4.74660 901.41308594
v 87.86010 53.55020 982.53729248
v 87.86530 47.30280 952.42211914
v 87.88310 74.26030 1021.24017334
v 87.91290 48.31380 928.34252930
v 87.91520 75.37760 1015.84197998
v 87.93150 47.11890 949.45257568
v 87.94020 54.54959 985.04559326
v 88.01880 56.46170 997.80468750
v 88.06110 47.00190 934.54730225
v 88.17900 55.54440 988.50402832
v 88.34520 49.13750 883.92700195
v 88.39700 55.53850 985.50000000
v 88.53210 51.69370 916.11999512
v 88.55840 50.39740 919.51080322
v 88.55910 57.76700 889.98248291
v 88.62750 56.52420 988.77752686
v 88.62890 33.62070 901.85449219
v 88.65650 57.52500 898.46697998
v 88.71710 74.11070 1014.16339111
v 88.72580 70.03350 1010.45611572
v 88.72760 12.93910 922.71417236
v 88.73120 4.78420 898.88238525
v 88.74420 54.43030 980.34777832
v 88.74490 53.38980 977.35040283
v 88.74630 67.97260 1007.94482422
v 88.74840 49.30760 874.30297852
v 88.75120 25.29310 937.49389648
v 88.79310 50.39140 871.84210205
v 88.79560 57.54679 989.85961914
v 88.79850 55.27030 982.67767334
v 88.80210 40.83720 898.38177490
v 88.80320 58.86950 1015.49707031
v 88.80370 44.09230 964.83209229
v 88.80430 30.43190 943.59027100
v 88.80450 7.65260 897.02197266
v 88.80460 59.74520 994.71307373
v 88.80500 34.59200 949.56707764
v 88.80540 56.63600 883.53607178
v 88.80620 15.98450 927.12530518
v 88.80630 75.03060 1015.44207764
v 88.80650 64.83180 1003.50592041
v 88.80840 37.88430 954.27929688
v 88.80900 46.04320 892.35327148
v 88.81110 53.44820 874.75830078
v 88.81170 60.76600 997.35327148
v 88.85300 57.55790 895.05999756
v 88.86330 23.32680 935.78442383
v 88.86360 60.79520 1020.50238037
v 88.86780 11.74000 898.53161621
v 88.88030 55.66660 990.53570557
v 88.88460 40.96820 958.83868408
v 88.89390 49.47990 964.81372070
v 88.89460 55.61010 986.47192383
v 88.90220 47.00660 889.99822998
v 88.90440 53.71650 985.04748535
v 88.90720 52.67210 982.05859375
v 88.90880 51.62860 979.13897705
v 88.91090 9.73360 916.99499512
v 88.91440 5.69460 904.67999268
v 88.91930 75.81931 1018.14508057
v 88.93090 54.80020 988.67681885
v 88.95920 5.42580 901.04577637
v 89.00080 55.77830 998.06762695
v 89.19690 61.88530 1021.43841553
v 89.28740 48.00830 921.92749023
v 89.55140 47.25390 925.65319824
v 89.59430 54.49060 982.53558350
v 89.67170 56.57680 989.23840332
v 89.69560 53.24630 979.49279785
v 89.70450 55.25450 985.47979736
v 89.71650 19.10450 931.58410645
v 89.77390 13.97920 925.83258057
v 89.78500 52.13150 976.63818359
v 89.78590 39.96560 898.47052002
v 89.82130 61.81440 1000.29620361
v 89.83010 54.49900 987.58972168
v 89.83580 35.68990 901.40112305
v 89.84130 5.63880 898.71649170
v 89.84300 52.46340 977.19299316
v 89.84380 56.37280 883.50091553
v 89.84450 44.08940 966.37530518
v 89.84450 57.40620 889.23138428
v 89.84460 51.20350 970.68029785
v 89.84470 8.69840 897.49487305
v 89.84500 45.13250 967.79669189
v 89.84540 6.61290 897.75512695
v 89.84590 47.21320 971.98809814
v 89.84600 28.47350 942.38928223
v 89.84610 23.26850 936.38928223
v 89.84760 40.96760 960.12872314
v 89.85000 50.39840 978.06329346
v 89.85100 49.29310 916.64007568
v 89.88820 72.23330 1021.34527588
v 89.88970 45.23960 949.15863037
v 89.90360 44.03500 894.03967285
v 89.90460 27.49040 941.78411865
v 89.90560 54.32150 877.56939697
v 89.90730 54.68579 991.34161377
v 89.93170 51.49400 979.73907471
v 89.93580 60.94610 1021.41333008
v 89.93710 6.61610 913.62597656
v 89.94210 52.50860 982.58691406
v 89.95020 49.10150 964.49407959
v 89.96690 45.26020 892.42401123
v 89.99890 45.02990 934.16619873
v 90.00040 45.07080 946.93237305
v 90.00040 68.11190 1009.51629639
v 90.01860 5.68370 910.48937988
v 90.02290 53.50610 985.11529541
v 90.03170 45.03480 931.78680420
v 90.18550 45.93910 925.46972656
v 90.26100 54.50340 988.50402832
v 90.47040 54.49900 985.50378418
v 90.67550 34.77940 901.46728516
v 90.75280 73.16040 1020.07751465
v 90.76340 72.19801 1014.20642090
v 90.76620 50.39550 873.75909424
v 90.78100 55.54030 988.97387695
v 90.79860 49.47100 874.90747070
v 90.80360 58.74900 1018.13702393
v 90.80550 38.96840 958.46569824
v 90.81500 50.20340 913.52471924
v 90.82350 52.34720 977.33178711
v 90.82500 53.38940 980.34680176
v 90.83450 42.07190 895.59521484
v 90.83800 58.66160 994.74139404
v 90.83820 5.52220 907.39990234
v 90.86090 44.17240 943.70068359
v 90.87890 54.22980 982.67608643
v 90.88030 55.59370 883.52410889
v 90.88430 43.04900 964.83062744
v 90.88540 65.86691 1007.52130127
v 90.88630 57.82720 1015.47772217
v 90.88680 46.17590 970.76348877
v 90.88830 48.25450 974.99877930
v 90.88870 66.85270 1008.20800781
v 90.89060 15.10480 900.56610107
v 90.89070 7.65230 919.66662598
v 90.89300 61.82290 1000.78002930
v 90.89350 10.77560 925.10180664
v 90.89610 13.84150 928.36511230
v 90.94060 35.81770 953.97131348
v 90.94160 21.24630 936.04809570
v 90.94520 31.71120 948.07592773
v 90.95450 72.09840 1021.26257324
v 90.97660 54.57050 986.47589111
v 90.98610 51.63130 982.05029297
v 90.98630 52.67470 985.04962158
v 90.99530 54.51220 991.35882568
v 91.00430 4.59680 910.66540527
v 91.01690 53.76000 988.68511963
v 91.02330 4.66780 913.70379639
v 91.02580 18.06300 933.07092285
v 91.04190 62.90000 1003.45910645
v 91.04880 47.35230 961.73571777
v 91.05310 56.23750 895.14318848
v 91.06330 55.46510 1000.77941895
v 91.63419 48.05150 887.02398682
v 91.64091 43.36120 932.03070068
v 91.65740 72.38680 1015.52661133
v 91.67620 53.44840 982.53558350
v 91.67750 52.40370 979.50878906
v 91.71420 46.31420 919.47619629
v 91.72170 55.66140 886.69512939
v 91.75210 53.51810 902.04809570
v 91.77390 60.78240 1021.40832520
v 91.78651 54.21350 985.47979736
v 91.79230 55.53080 989.45111084
v 91.80170 19.10630 934.57177734
v 91.80570 22.23000 937.59381104
v 91.81789 45.02320 892.47467041
v 91.82920 56.74100 1012.23309326
v 91.84299 6.29840 904.11492920
v 91.85149 58.73790 997.13690186
v 91.85180 16.06120 931.76660156
v 91.85439 12.93120 928.75262451
v 91.85950 50.39420 874.87322998
v 91.86990 27.38000 943.49188232
v 91.87141 36.75500 955.64337158
v 91.87321 34.66770 952.63842773
v 91.91210 53.45800 987.58972168
v 91.92249 39.99250 961.36962891
v 91.92350 57.56150 1015.09790039
v 91.92620 63.73200 1004.93011475
v 91.92631 54.72780 1000.50061035
v 91.92631 55.30530 883.68103027
v 91.92670 39.01680 898.44390869
v 91.92770 53.39180 878.44970703
v 91.92789 43.04490 966.37280273
v 91.92960 6.62610 898.69958496
v 91.92989 31.59790 948.41937256
v 91.93140 11.81160 928.32702637
v 91.93150 68.02190 1010.26599121
v 91.93360 50.33460 981.35467529
v 91.93369 53.68150 988.56250000
v 91.93591 17.02340 933.47888184
v 91.98051 5.75370 901.40002441
v 91.98660 30.61430 947.79907227
v 92.00581 61.70580 1001.62622070
v 92.00930 6.53070 922.47058105
v 92.01000 3.49340 910.51251221
v 92.05579 47.00760 961.50512695
v 92.06800 44.01200 922.96191406
v 92.08340 48.40550 967.74639893
v 92.09710 2.53090 916.47900391
v 92.10300 51.41350 982.22790527
v 92.15031 5.57180 922.54840088
v 92.21340 53.68930 991.82098389
v 92.22330 2.39770 913.34869385
v 92.25750 48.06190 913.27319336
v 92.34400 52.41850 985.49200439
v 92.34400 53.45950 988.49200439
v 92.40520 25.19820 902.64947510
v 92.55190 52.41760 982.50390625
v 92.55241 53.45800 985.50378418
v 92.67921 42.32320 939.57940674
v 92.68610 47.10040 889.41387939
v 92.76009 63.87410 1006.17108154
v 92.80370 59.78810 1000.23260498
v 92.82560 1.64930 916.48461914
v 92.83570 56.65030 1012.66827393
v 92.85140 72.17640 1018.43218994
v 92.85270 54.60590 989.03619385
v 92.87991 33.75460 901.46649170
v 92.88280 70.98800 1014.16857910
v 92.88869 56.73090 994.38189697
v 92.89150 42.10320 928.93200684
v 92.90360 54.55660 895.07678223
v 92.90690 5.58030 904.29711914
v 92.91730 9.79180 928.42950439
v 92.95181 53.32180 901.22668457
v 92.96210 51.24560 876.34851074
v 92.96590 9.60190 898.19873047
v 92.96700 54.41980 883.51257324
v 92.96720 48.25410 978.36358643
v 92.96841 45.13500 970.77258301
v 92.96861 59.86980 1021.36968994
v 92.96889 53.51360 880.58361816
v 92.96970 66.98990 1010.58709717
v 92.97120 42.00910 964.85070801
v 92.97120 58.70400 997.77416992
v 92.97190 58.66550 1018.67437744
v 92.97401 42.96960 946.50109863
v 92.97761 52.19010 982.47509766
v 92.98389 16.11490 901.45477295
v 92.98389 53.14070 985.49890137
v 92.98389 54.18170 988.49890137
v 93.02860 24.36910 941.80108643
v 93.02900 3.55170 907.72088623
v 93.03159 52.12480 979.87091064
v 93.03170 48.12790 967.56390381
v 93.04420 42.16110 943.71520996
v 93.04990 14.86260 933.48510742
v 93.05579 52.48540 983.46209717
v 93.05579 53.52640 986.46209717
v 93.06040 51.71020 985.29797363
v 93.06040 52.75120 988.29797363
v 93.11060 49.46770 878.06939697
v 93.11410 8.69220 928.44549561
v 93.12160 49.87440 908.06451416
v 93.12679 42.06080 925.34020996
v 93.13081 45.27030 958.73571777
v 93.13960 2.37440 922.26361084
v 93.15400 1.29820 913.83319092
v 93.17159 54.40080 1000.77099609
v 93.21900 0.44450 916.49200439
v 93.76110 54.56860 889.49212646
v 93.83530 42.17610 922.16467285
v 93.84370 54.42660 989.46997070
v 93.89120 5.44480 904.60009766
v 93.89381 41.89310 895.45831299
v 93.89440 4.46950 925.51208496
v 93.93591 11.89310 931.75140381
v 93.94030 -0.43310 916.50030518
v 93.94300 8.74870 898.64630127
v 93.95220 52.35130 901.34100342
v 93.95300 30.50390 949.49139404
v 93.95390 1.41060 922.47772217
v 93.99410 52.41520 987.58978271
v 93.99410 53.45620 990.58978271
v 93.99931 71.03280 1019.68920898
v 94.00190 71.85500 1018.13537598
v 94.00761 31.59710 951.37182617
v 94.00829 24.31340 942.41687012
v 94.00860 37.41910 959.18109131
v 94.00950 46.17640 973.96191406
v 94.00970 51.35910 984.78350830
v 94.01130 48.25790 979.34460449
v 94.01189 61.42930 1003.18658447
v 94.01321 2.45480 908.92089844
v 94.01431 38.69830 898.47821045
v 94.03150 54.26240 892.21252441
v 94.04369 42.99100 967.75512695
v 94.05350 55.41619 991.68841553
v 94.06220 69.11691 1021.29229736
v 94.06240 6.52030 901.63989258
v 94.06879 28.53130 947.78338623
v 94.07090 45.97460 889.89068604
v 94.07169 50.39680 984.24377441
v 94.07490 9.67870 931.31121826
v 94.08050 49.46820 880.16430664
v 94.08540 52.32990 878.64227295
v 94.09040 12.78040 933.48211670
v 94.10580 43.20160 916.42510986
v 94.10990 49.55160 982.03619385
v 94.11140 53.51910 994.07910156
v 94.11401 51.36580 901.68060303
v 94.13779 44.92900 958.51507568
v 94.15800 -0.73510 914.17681885
v 94.16180 46.32700 964.74920654
v 94.26470 -1.63630 916.50671387
v 94.42680 52.41550 988.50000000
v 94.42741 51.37000 985.49731445
v 94.63400 52.41270 985.50860596
v 94.63400 53.45370 988.50860596
v 94.78400 43.37190 955.50592041
v 94.81150 40.23270 925.28747559
v 94.91750 19.10200 939.37188721
v 94.93230 51.19220 982.59649658
v 94.96210 33.60910 901.42852783
v 94.96310 53.55260 1003.24322510
v 94.98660 50.12780 979.84899902
v 94.99340 38.82350 961.73260498
v 94.99371 69.01410 1013.95562744
v 94.99390 37.90090 898.52362061
v 94.99560 -0.67230 922.48211670
v 95.00150 7.65390 931.35461426
v 95.03120 46.24260 964.95349121
v 95.04920 44.08910 972.27142334
v 95.05041 40.96610 965.92968750
v 95.05050 66.84731 1011.24157715
v 95.05061 47.21800 978.00830078
v 95.05090 11.81180 934.25909424
v 95.05210 54.44890 991.85699463
v 95.05210 55.67760 1015.20727539
v 95.05260 8.68880 899.58898926
v 95.05270 33.68740 954.42712402
v 95.05441 10.77380 899.32690430
v 95.05511 57.66040 997.78118896
v 95.05601 40.88720 943.49121094
v 95.05660 5.70710 902.91748047
v 95.06020 53.45920 989.70587158
v 95.06600 52.09960 985.50292969
v 95.09470 47.26820 907.45129395
v 95.10390 1.46930 909.03570557
v 95.10740 32.69660 953.72113037
v 95.10900 53.18040 883.87860107
v 95.11131 40.01350 922.71636963
v 95.11291 62.86140 1006.50970459
v 95.11720 -1.65810 913.67138672
v 95.12150 49.41700 981.73577881
v 95.13081 40.00820 896.64257812
v 95.13261 52.66830 991.76391602
v 95.13850 49.41570 982.65551758
v 95.13950 40.06600 940.73028564
v 95.16981 50.44290 985.30407715
v 95.17150 50.12160 976.88391113
v 95.17609 -2.68070 916.71142578
v 95.19880 3.42210 928.53991699
v 95.21889 -1.63420 922.50048828
v 95.24660 39.79120 937.70159912
v 95.45100 6.61460 931.81719971
v 95.51521 49.06970 883.98431396
v 95.83140 51.36110 898.44329834
v 95.92840 59.78830 1003.27941895
v 95.93751 52.51290 994.06500244
v 95.93870 18.59710 902.16577148
v 95.95679 51.29840 983.28649902
v 95.95730 50.33670 879.73162842
v 95.96020 65.88110 1010.91552734
v 95.96349 19.10210 940.56542969
v 95.97030 48.25570 904.39172363
v 95.98231 53.40360 991.64282227
v 95.99531 48.16180 886.26538086
v 96.00091 51.70820 988.70111084
v 96.00091 52.34580 986.46209717
v 96.00091 52.48520 990.53790283
v 96.00091 53.12280 988.29888916
v 96.01420 15.01770 937.64208984
v 96.03190 50.26680 980.34729004
v 96.03361 32.69330 901.49017334
v 96.03440 42.00370 913.42602539
v 96.08010 69.12790 1015.65588379
v 96.08730 51.36130 987.77886963
v 96.08781 54.63350 1012.66668701
v 96.08860 55.61650 1015.85498047
v 96.08871 61.91010 1006.41302490
v 96.08900 56.58760 1018.21380615
v 96.08920 40.96900 967.24969482
v 96.09000 6.62010 901.70318604
v 96.09000 42.00780 894.26770020
v 96.09090 37.84390 961.57287598
v 96.09141 39.92760 964.80731201
v 96.09161 43.96050 892.41912842
v 96.09240 52.64520 1003.16931152
v 96.09290 53.72630 1009.68658447
v 96.09341 58.70430 1000.80657959
v 96.09380 45.12740 974.98321533
v 96.10340 1.40060 928.33642578
v 96.10751 58.82010 1021.41571045
v 96.12580 45.06820 907.88629150
v 96.13351 51.36790 880.89422607
v 96.13960 7.66240 900.78302002
v 96.14899 29.57030 951.06591797
v 96.15060 26.44940 947.79882812
v 96.15450 50.39920 987.23657227
v 96.16441 67.01040 1021.29101562
v 96.17210 0.28620 927.48040771
v 96.19331 49.55170 985.01971436
v 96.19579 48.50590 982.07189941
v 96.21880 15.98200 939.05859375
v 96.21980 42.84360 955.50512695
v 96.22150 23.26750 945.06188965
v 96.23820 38.88540 919.52258301
v 96.24461 51.13040 895.95379639
v 96.24660 44.47320 962.41149902
v 96.25610 -0.37740 910.38031006
v 96.26110 4.46980 931.40020752
v 96.34580 52.37830 992.22711182
v 96.37411 -3.55950 916.24261475
v 96.51160 51.37140 988.51300049
v 96.58401 64.84351 1021.50097656
v 96.71520 52.41550 988.50000000
v 96.86610 41.28990 952.50592041
v 96.92989 51.25660 985.45141602
v 96.93560 2.60000 907.26678467
v 96.97221 10.88980 937.03887939
v 96.98260 50.12329 982.49218750
v 97.00311 30.55580 952.58697510
v 97.00401 24.30980 946.56549072
v 97.01470 37.89660 920.01251221
v 97.04670 49.29959 882.04687500
v 97.04929 68.82000 1015.47991943
v 97.05241 39.84110 896.49218750
v 97.05579 39.84330 913.70697021
v 97.06710 50.27660 880.99340820
v 97.06820 45.49820 889.19158936
v 97.07200 49.00850 979.63531494
v 97.11240 68.89340 1018.13989258
v 97.12650 47.26460 886.44470215
v 97.12830 42.00970 970.32519531
v 97.13000 49.34040 980.19177246
v 97.13061 51.19940 883.51928711
v 97.13120 42.00640 910.34631348
v 97.13180 30.53700 902.00561523
v 97.13239 -1.63990 912.02447510
v 97.13239 43.04820 972.37890625
v 97.13300 37.71910 898.41900635
v 97.13320 32.64050 955.57080078
v 97.13329 53.49150 991.89318848
v 97.13329 66.98880 1013.59136963
v 97.13340 53.45730 1009.65618896
v 97.13380 12.92130 900.29608154
v 97.13560 52.42280 989.71618652
v 97.13670 47.27300 981.04620361
v 97.13689 56.61800 997.77929688
v 97.13799 51.68430 991.55419922
v 97.14809 54.52770 994.38909912
v 97.15321 52.10390 988.51751709
v 97.16579 57.62090 1000.33599854
v 97.17989 46.22240 904.37078857
v 97.18011 44.14220 907.33502197
v 97.19740 43.96370 961.54107666
v 97.19981 57.62130 1020.06072998
v 97.20741 38.79660 940.73162842
v 97.21340 16.95440 901.76251221
v 97.21810 -1.80040 927.35620117
v 97.21870 48.37130 982.73822021
v 97.22070 49.41670 985.65289307
v 97.22559 51.44050 986.46881104
v 97.23080 40.96660 910.62677002
v 97.25900 48.04930 973.87060547
v 97.26060 13.89620 939.05761719
v 97.26330 8.69360 936.05798340
v 97.26850 18.06250 942.07031250
v 97.26940 21.18580 944.79388428
v 97.28150 36.87960 919.30468750
v 97.28820 50.43330 988.48767090
v 97.31341 52.33930 1003.78027344
v 97.33120 -4.55850 919.69097900
v 97.33649 63.82120 1009.61602783
v 97.46999 37.38510 931.80108643
v 98.00111 52.36870 991.76751709
v 98.03561 43.04760 907.39697266
v 98.03680 66.98341 1014.01000977
v 98.04450 26.39150 949.58398438
v 98.04659 64.90220 1021.26232910
v 98.08790 39.96590 910.49078369
v 98.09319 5.48600 903.70477295
v 98.09679 37.76130 913.70697021
v 98.10320 66.85490 1019.86041260
v 98.11021 31.70310 901.47900391
v 98.11111 49.22360 980.33178711
v 98.11190 50.26780 983.34552002
v 98.11440 51.30880 986.34851074
v 98.14091 58.86540 1003.60601807
v 98.16261 36.98380 898.40222168
v 98.16770 2.45830 907.53039551
v 98.16880 35.69440 925.11962891
v 98.17040 52.15250 988.68261719
v 98.17060 54.57250 1015.84912109
v 98.17220 45.13530 976.95678711
v 98.17310 55.54970 1018.18688965
v 98.17350 38.88310 966.27691650
v 98.17510 41.09780 894.48797607
v 98.17699 7.66190 901.72381592
v 98.18180 21.18620 945.42401123
v 98.18240 51.38550 1000.35412598
v 98.18510 36.97670 937.29290771
v 98.22570 4.36880 905.02221680
v 98.22980 6.55700 903.10961914
v 98.23280 34.77170 960.04431152
v 98.26900 38.88590 910.63128662
v 98.27579 49.55070 988.05670166
v 98.27810 48.50790 985.05780029
v 98.28851 0.30670 931.32037354
v 98.29270 -3.86060 925.48852539
v 98.29740 51.32540 994.16491699
v 98.30511 40.76090 952.51312256
v 98.30691 25.35020 949.57012939
v 98.30770 29.51440 953.77581787
v 98.30900 15.97890 942.06817627
v 98.30981 6.61150 936.06872559
v 98.31170 50.56020 991.23022461
v 98.32330 34.80060 919.27886963
v 98.32639 42.15830 958.73480225
v 98.32819 62.90590 1009.51379395
v 98.76470 23.99770 902.91400146
v 98.79920 49.52610 891.95971680
v 98.95350 49.33400 884.62261963
v 99.01009 67.06470 1018.23132324
v 99.04620 -4.68980 924.19860840
v 99.06300 50.12370 985.49291992
v 99.06350 51.16510 988.49798584
v 99.06840 52.44550 991.88262939
v 99.09299 5.57160 936.38238525
v 99.12901 37.88640 910.48712158
v 99.13210 13.01600 940.69482422
v 99.13300 53.62410 1015.37298584
v 99.13360 35.68340 913.71307373
v 99.13470 9.65500 901.06829834
v 99.13790 48.24730 884.85729980
v 99.14320 48.85880 981.55218506
v 99.15369 40.90920 907.36376953
v 99.15400 -3.78790 927.18841553
v 99.17200 50.59060 999.94232178
v 99.20679 58.66920 1021.30682373
v 99.20789 49.34390 983.20141602
v 99.20930 33.67620 922.48889160
v 99.21040 -3.65580 913.90362549
v 99.21320 52.68620 1012.67260742
v 99.21349 18.06040 901.56280518
v 99.21430 35.63440 961.58666992
v 99.21450 37.84610 964.84912109
v 99.21450 39.92520 968.92749023
v 99.21450 46.17950 982.03210449
v 99.21580 -4.65510 917.04180908
v 99.21889 55.57710 997.77911377
v 99.22100 35.74280 934.28088379
v 99.22359 50.34880 994.67541504
v 99.22421 47.26980 984.04992676
v 99.22511 41.93890 958.57379150
v 99.22720 49.47980 988.61590576
v 99.23499 53.43530 994.29351807
v 99.24780 56.57990 1000.33612061
v 99.25210 42.99590 973.76397705
v 99.26400 48.38030 892.49188232
v 99.26980 62.76290 1009.52111816
v 99.27959 46.03510 970.89569092
v 99.28030 50.45970 990.71801758
v 99.28130 10.88820 940.40588379
v 99.28350 48.36810 984.79827881
v 99.28600 46.23040 888.06988525
v 99.28741 41.92410 904.83758545
v 99.29740 -1.63390 911.78582764
v 99.32191 33.62330 916.33471680
v 99.35011 13.90060 942.06970215
v 99.35200 56.58400 1019.53320312
v 99.35419 23.26710 949.55169678
v 99.36381 46.48010 974.19970703
v 99.37470 48.50150 986.28277588
v 99.40549 32.63780 916.51611328
v 99.42300 36.39580 937.51019287
v 99.43861 34.37500 928.33837891
v 99.46081 -4.90430 919.72180176
v 99.98389 48.23630 886.85772705
v 100.02050 46.27650 898.25579834
v 100.08961 49.17620 983.35400391
v 100.09141 12.85530 942.30230713
v 100.10850 35.85690 910.55847168
v 100.11781 44.08630 901.39129639
v 100.12569 51.36580 989.46112061
v 100.12600 47.13370 895.30261230
v 100.17190 60.80040 1021.34631348
v 100.17719 7.57140 903.51629639
v 100.17930 6.61390 904.54339600
v 100.18031 11.73510 901.17102051
v 100.18420 4.45660 906.51629639
v 100.18980 50.09630 985.52050781
v 100.19849 64.84040 1019.51922607
v 100.19871 54.63200 1018.40502930
v 100.20170 29.45800 955.49371338
v 100.22131 59.70170 1006.33148193
v 100.22300 57.82470 1003.60650635
v 100.24140 47.14720 888.13281250
v 100.24351 22.43670 902.86730957
v 100.24360 66.47080 1015.40338135
v 100.24410 59.70350 1021.35308838
v 100.25069 64.82810 1012.61462402
v 100.25220 32.68900 925.49353027
v 100.25350 31.46700 901.47222900
v 100.25430 -2.75430 929.92510986
v 100.25449 -3.79100 914.67010498
v 100.25491 35.66640 899.13348389
v 100.25510 15.97470 900.99078369
v 100.25539 52.36180 1012.48120117
v 100.25550 45.13500 979.95617676
v 100.25581 53.49870 994.77319336
v 100.25620 40.96700 971.92779541
v 100.25770 41.94140 893.13671875
v 100.25871 2.44350 908.74841309
v 100.25970 46.16810 973.72167969
v 100.30030 27.49160 954.03997803
v 100.31460 32.69540 959.78430176
v 100.32520 8.69630 940.38342285
v 100.37749 43.04400 901.39050293
v 100.37859 45.06060 898.47192383
v 100.38650 44.02020 891.17010498
v 100.39111 25.34810 952.56701660
v 100.41480 39.03080 952.73547363
v 100.41599 30.60930 919.34942627
v 100.44621 31.68860 913.49450684
v 100.55880 5.70080 906.15698242
v 101.07710 47.10460 889.65051270
v 101.09260 39.92340 904.60937500
v 101.15560 36.80130 907.40252686
v 101.16650 46.27600 892.09930420
v 101.17970 30.29720 913.83117676
v 101.19460 29.36790 916.79467773
v 101.21239 9.78970 941.96520996
v 101.21340 -4.82330 916.88562012
v 101.21790 52.56880 994.39239502
v 101.21920 2.36600 909.42279053
v 101.22070 -5.69260 922.24792480
v 101.24300 33.62120 961.49121094
v 101.24551 62.82330 1011.02490234
v 101.24931 49.24090 984.91107178
v 101.28530 45.06970 891.12310791
v 101.29440 60.61350 1007.93878174
v 101.29481 12.99040 901.60540771
v 101.29520 45.13300 982.20751953
v 101.29530 -4.88920 925.09100342
v 101.29630 -3.83550 928.42010498
v 101.29650 58.66150 1020.56982422
v 101.29659 51.58090 1012.49279785
v 101.29720 36.80200 966.06652832
v 101.29729 39.92960 970.77569580
v 101.29771 0.36340 911.33337402
v 101.29800 -1.71350 933.36981201
v 101.29819 35.81260 898.54321289
v 101.29870 29.50820 902.22180176
v 101.30050 49.55940 1003.11437988
v 101.30109 54.53680 997.77960205
v 101.30470 23.26820 951.42401123
v 101.32980 55.53900 1000.33618164
v 101.33930 -2.76270 914.90637207
v 101.34769 42.82480 964.67919922
v 101.35149 19.09420 902.20532227
v 101.35210 42.00360 893.05548096
v 101.35360 17.99770 901.60430908
v 101.35830 28.73910 922.33709717
v 101.36160 49.10570 994.68591309
v 101.36320 53.45330 1016.91412354
v 101.36851 -5.61330 919.49780273
v 101.36970 38.74050 952.52221680
v 101.37009 37.76200 904.82879639
v 101.37260 39.84530 895.40600586
v 101.37791 32.71970 900.48840332
v 101.38641 28.55310 913.90612793
v 101.39001 34.71930 907.63909912
v 101.40580 47.21830 988.48028564
v 101.42860 0.36580 935.76721191
v 101.43430 2.44750 937.51409912
v 101.44880 43.20040 967.73901367
v 101.44981 29.52350 923.21539307
v 101.46380 22.28670 951.15411377
v 101.46380 27.54100 919.34460449
v 101.48800 34.64090 938.07110596
v 101.53350 32.52430 931.67071533
v 101.64989 11.77200 943.83508301
v 102.03761 44.19310 895.49511719
v 102.08469 33.78310 907.78637695
v 102.18259 64.84380 1016.03491211
v 102.19480 43.05700 891.90411377
v 102.19750 54.45740 1018.45440674
v 102.20161 42.98310 895.52520752
v 102.20570 28.47250 957.37860107
v 102.25370 44.02850 892.64178467
v 102.25950 -3.63310 931.14532471
v 102.26900 15.04620 901.67358398
v 102.27419 62.76350 1019.29467773
v 102.27959 26.27950 919.34637451
v 102.28730 -5.41540 921.94000244
v 102.28770 5.51400 940.42871094
v 102.30309 58.65860 1006.32849121
v 102.30489 56.78270 1003.60498047
v 102.32340 41.86570 893.32629395
v 102.32940 63.96010 1013.62927246
v 102.33120 17.14560 901.73187256
v 102.33601 31.59810 960.41387939
v 102.33601 51.25230 1012.28930664
v 102.33790 27.29330 922.50372314
v 102.33900 33.67380 900.05627441
v 102.34040 47.11350 988.76727295
v 102.34190 34.72130 964.57092285
v 102.34650 48.18950 994.49267578
v 102.34679 49.13940 1000.99230957
v 102.37470 38.88460 895.79791260
v 102.37760 25.40280 914.20709229
v 102.38160 40.91560 973.75671387
v 102.39539 35.75830 898.94110107
v 102.39581 -0.61950 935.70147705
v 102.39690 -4.76450 925.63989258
v 102.39710 30.61320 959.99487305
v 102.40310 51.29910 991.58978271
v 102.43160 29.61380 928.52349854
v 102.43681 24.32000 913.80572510
v 102.44579 24.42190 919.01348877
v 102.47460 55.54080 1019.09118652
v 102.47691 25.34940 955.56951904
v 102.48000 6.61170 941.79229736
v 102.48569 28.34220 910.39007568
v 102.53260 9.73300 905.08978271
v 102.54259 44.93740 982.67102051
v 102.96281 43.05280 892.70208740
v 103.18490 39.26290 958.78851318
v 103.18751 30.56040 907.77209473
v 103.20390 30.63250 931.71520996
v 103.21951 26.39130 910.64721680
v 103.23020 37.70380 901.57788086
v 103.23400 39.92770 894.82897949
v 103.23550 40.90260 895.57629395
v 103.24171 24.24330 921.94207764
v 103.24680 4.53040 940.57891846
v 103.24889 28.47270 958.56530762
v 103.25970 28.36010 928.17980957
v 103.28280 6.53210 908.61328125
v 103.29099 64.57370 1015.35339355
v 103.29160 36.73460 897.71411133
v 103.29520 38.81890 898.23699951
v 103.29610 13.82190 903.37432861
v 103.29790 37.92660 970.57611084
v 103.30531 36.62300 901.42620850
v 103.33469 24.50670 910.95178223
v 103.33601 22.14500 915.97229004
v 103.35740 39.12790 895.90740967
v 103.35880 8.68910 907.58972168
v 103.35900 50.43240 991.33862305
v 103.36480 35.61810 899.27191162
v 103.36590 19.09030 903.16290283
v 103.36730 33.61010 940.56597900
v 103.36930 53.62060 1018.45178223
v 103.37099 0.30340 913.85418701
v 103.37251 33.53840 900.52667236
v 103.37341 29.37080 902.98181152
v 103.37580 42.01100 978.37481689
v 103.37640 59.57240 1007.93878174
v 103.37701 57.61900 1019.69396973
v 103.37980 53.49980 997.72650146
v 103.38020 61.65070 1010.93487549
v 103.38239 -2.75570 917.89849854
v 103.38500 2.44670 939.73382568
v 103.41441 54.49950 1000.34020996
v 103.42310 26.38880 925.65991211
v 103.42530 5.58860 910.45269775
v 103.42840 5.64350 942.06329346
v 103.42989 60.68370 1019.24908447
v 103.43481 31.53540 900.97100830
v 103.44131 48.20250 1000.34472656
v 103.45080 40.73130 963.60882568
v 103.45480 28.39020 907.75927734
v 103.46560 27.53010 928.49499512
v 103.47810 25.44750 925.52337646
v 103.48170 22.39220 922.18457031
v 103.50930 30.47440 901.93591309
v 103.52460 32.55830 940.10467529
v 103.53440 34.94420 946.95062256
v 103.56969 19.10880 913.50292969
v 103.70631 21.40540 910.16967773
v 103.73150 7.60700 943.83447266
v 103.99590 39.92980 895.72521973
v 104.07841 36.88400 898.54412842
v 104.07900 35.67530 901.63299561
v 104.24480 32.55160 904.54479980
v 104.26200 14.17900 905.88421631
v 104.26560 9.35030 910.28277588
v 104.26760 33.66990 901.50189209
v 104.27821 61.78120 1018.43109131
v 104.27911 18.26570 917.41619873
v 104.28741 28.47250 960.37597656
v 104.28860 -4.55250 928.49371338
v 104.29090 29.50430 904.43371582
v 104.29810 6.19620 912.84808350
v 104.29881 19.21470 910.66668701
v 104.30640 21.18300 922.83337402
v 104.31670 31.37250 904.44757080
v 104.32101 23.10010 904.06610107
v 104.33160 -1.79450 917.62689209
v 104.34480 52.57090 997.36260986
v 104.34780 32.57320 900.93371582
v 104.34870 28.41070 903.29852295
v 104.38050 47.25870 997.49822998
v 104.40569 25.26180 903.95739746
v 104.40910 62.81770 1017.36682129
v 104.41241 17.96230 905.13220215
v 104.41300 29.92650 901.73449707
v 104.41750 47.07860 994.40307617
v 104.41790 42.01790 979.53833008
v 104.41830 43.05150 982.20501709
v 104.41950 -2.74390 934.14788818
v 104.41970 38.81650 958.71142578
v 104.42010 32.63810 964.56848145
v 104.42290 51.38070 1015.54052734
v 104.42300 40.92550 976.74420166
v 104.42471 55.54130 1019.21289062
v 104.42730 34.72360 967.51892090
v 104.44061 57.67620 1006.43737793
v 104.47520 0.42150 938.70031738
v 104.47919 52.41720 1017.05987549
v 104.48310 49.23440 1009.67169189
v 104.49129 34.63800 946.70190430
v 104.49799 21.37040 925.55377197
v 104.49940 11.55940 913.93762207
v 104.53530 48.26310 1006.50360107
v 104.55050 19.94110 923.08239746
v 104.55331 45.07500 988.31787109
v 104.55531 30.55490 962.79229736
v 104.55740 2.37870 914.08221436
v 104.55970 17.31260 922.22717285
v 104.57400 55.66490 1003.57373047
v 105.04090 32.62810 902.03570557
v 105.04440 24.41830 905.27752686
v 105.05930 -2.94880 922.51501465
v 105.11941 28.39490 904.73217773
v 105.12530 19.17750 904.63690186
v 105.12791 30.64710 901.64587402
v 105.19801 21.25140 904.66992188
v 105.19849 25.50460 904.65130615
v 105.24520 -1.72080 919.57421875
v 105.25990 1.41400 916.61047363
v 105.28420 11.29100 916.67156982
v 105.29890 15.97600 922.72131348
v 105.30280 53.61660 1000.35522461
v 105.34789 50.21020 991.57318115
v 105.37600 -3.54430 931.71850586
v 105.39350 -3.67040 928.66668701
v 105.39640 61.72070 1017.04260254
v 105.39730 61.72150 1012.69439697
v 105.43250 48.36710 988.34747314
v 105.43980 47.24880 1003.52062988
v 105.45800 51.30750 994.54547119
v 105.45850 58.53390 1007.94207764
v 105.46110 3.48900 942.41137695
v 105.46120 23.40410 957.31671143
v 105.46120 38.88500 974.92779541
v 105.46250 60.61040 1010.94671631
v 105.46290 35.76190 969.42108154
v 105.46490 30.55520 963.41839600
v 105.46729 32.63350 943.84527588
v 105.51920 2.50330 941.99182129
v 105.52300 37.96310 958.75018311
v 105.59119 25.34990 959.78637695
v 105.59200 13.57990 923.09338379
v 105.59470 10.65220 922.32971191
v 105.60580 5.25660 917.19738770
v 105.61660 9.71750 920.21331787
v 105.64530 1.45060 919.49908447
v 105.66390 42.85410 982.66241455
v 105.90560 27.42980 961.94329834
v 106.32030 15.64000 927.87249756
v 106.35860 6.53530 921.91760254
v 106.36781 56.57790 1018.84478760
v 106.41151 46.16620 997.77801514
v 106.42030 46.25850 1000.50091553
v 106.42049 50.40650 994.12982178
v 106.42060 -2.50810 934.63629150
v 106.42780 24.10520 931.68988037
v 106.43320 21.04240 930.79187012
v 106.43470 2.37400 922.01660156
v 106.43729 53.52400 1018.37139893
v 106.43740 58.71500 1018.31347656
v 106.44061 34.54860 951.75030518
v 106.44170 45.26320 994.50097656
v 106.44910 35.70300 970.49627686
v 106.49400 60.79460 1012.65887451
v 106.49650 49.36460 1014.46209717
v 106.49670 38.76470 961.61132812
v 106.49900 -1.63840 937.14648438
v 106.49950 25.34710 960.40521240
v 106.50030 0.37150 940.55938721
v 106.50230 37.84750 973.77551270
v 106.50530 6.47650 946.43151855
v 106.55070 55.62609 1003.96569824
v 106.56020 33.73680 968.79791260
v 106.57909 44.98190 991.94158936
v 106.58150 47.37850 1009.49572754
v 106.58170 54.57940 1018.74700928
v 106.61919 8.73370 925.12609863
v 106.63540 46.34900 983.33502197
v 106.63650 51.38150 1016.53442383
v 106.65180 36.64730 957.90429688
v 106.66290 14.01580 928.34417725
v 107.13410 -0.42380 924.93218994
v 107.33871 19.93070 931.19012451
v 107.37260 53.22540 1000.15447998
v 107.37859 -1.51050 928.77307129
v 107.47080 60.61940 1015.13909912
v 107.47750 59.64000 1016.72900391
v 107.47761 8.52820 928.16168213
v 107.47910 56.63440 1018.31512451
v 107.48710 40.97400 982.25799561
v 107.53350 -1.69010 934.24353027
v 107.53590 54.50060 1018.36157227
v 107.53800 30.55630 946.06250000
v 107.54099 33.68010 969.41387939
v 107.54140 59.56470 1010.93969727
v 107.54240 0.36940 942.27172852
v 107.54301 16.18140 931.24151611
v 107.54321 58.52350 1009.42932129
v 107.54369 50.37720 994.71728516
v 107.54391 35.69410 955.77709961
v 107.54520 56.44150 1006.33752441
v 107.54760 36.85650 958.94342041
v 107.58190 38.83380 976.75958252
v 107.58320 1.99660 928.02612305
v 107.59440 49.29959 1015.26367188
v 107.59901 42.01680 985.42059326
v 107.60059 38.93100 964.56542969
v 107.60191 32.69530 968.99511719
v 107.60680 47.15090 1009.66497803
v 107.61230 46.24570 1006.69348145
v 107.61240 31.58970 947.01580811
v 107.67710 4.52950 946.56811523
v 107.69151 4.52790 926.21508789
v 108.31429 3.40990 928.33068848
v 108.39010 -0.27140 931.52917480
v 108.39220 32.61010 951.74822998
v 108.44379 59.74540 1012.64538574
v 108.46180 5.67850 931.00268555
v 108.48431 44.20450 997.66961670
v 108.49830 12.69350 931.33770752
v 108.50510 -1.46170 937.27819824
v 108.50660 49.44640 994.35211182
v 108.50739 14.66820 931.59442139
v 108.53921 37.94610 964.29840088
v 108.58010 45.08800 1003.49621582
v 108.58199 45.17220 982.78552246
v 108.58270 56.67530 1007.61462402
v 108.58430 2.44800 945.41607666
v 108.58491 54.54030 1003.75292969
v 108.58500 52.41700 1017.08367920
v 108.62910 -0.65780 940.44091797
v 108.63500 57.56090 1016.73242188
v 108.64429 1.46440 944.99450684
v 108.66219 43.93960 994.94470215
v 108.66309 41.85540 985.83648682
v 108.71690 44.22850 1000.69360352
v 108.71740 50.34040 1016.15252686
v 108.73679 55.61480 1006.45538330
v 108.73730 17.98950 934.47320557
v 108.78561 23.16640 937.89617920
v 108.82841 2.20710 932.17041016
v 109.34280 46.24210 1011.59552002
v 109.49081 21.18530 961.51477051
v 109.50111 16.84470 934.54760742
v 109.54720 44.24270 982.40032959
v 109.56620 37.83660 964.70922852
v 109.56989 46.10480 985.74438477
v 109.57681 27.38860 967.20977783
v 109.61761 47.21590 1013.81500244
v 109.62299 52.41400 1016.89147949
v 109.62310 26.38930 966.07562256
v 109.62389 58.51950 1010.94299316
v 109.62400 18.05730 935.62988281
v 109.62420 30.55280 949.82269287
v 109.62560 38.80910 967.24572754
v 109.62881 52.45270 1000.77172852
v 109.66430 50.33700 997.34887695
v 109.68169 48.15440 991.50561523
v 109.71951 25.29900 943.27227783
v 109.75990 27.35550 946.35180664
v 109.75990 32.63650 972.06890869
v 109.76099 24.30600 964.62817383
v 109.78159 53.52860 1003.45678711
v 110.48980 4.17910 934.43457031
v 110.52970 55.53640 1016.23931885
v 110.53980 33.67780 973.66418457
v 110.54090 30.55490 970.66387939
v 110.58050 43.14130 1000.50061035
v 110.58289 57.69310 1014.19439697
v 110.58379 37.91420 967.12451172
v 110.58581 9.60450 934.54217529
v 110.60059 58.52760 1012.61541748
v 110.61060 43.01170 997.59802246
v 110.62200 -0.65700 940.45361328
v 110.65591 28.47250 949.46148682
v 110.66230 25.34820 944.62792969
v 110.66241 21.12440 940.45257568
v 110.66531 24.31070 943.63171387
v 110.66531 54.36780 1004.94207764
v 110.66740 51.37350 1016.47937012
v 110.66759 48.26320 1015.47937012
v 110.66891 42.12350 994.67291260
v 110.66940 2.44370 949.28619385
v 110.70800 37.78360 979.74700928
v 110.71980 10.66020 935.85162354
v 110.72790 36.80210 978.24987793
v 110.72810 47.30620 991.32928467
v 110.72840 15.20410 937.42059326
v 110.73180 42.96940 979.55108643
v 110.74650 41.85420 991.94879150
v 110.74970 1.32740 948.37182617
v 110.77850 45.02170 1009.64129639
v 110.77860 -0.60320 944.05352783
v 110.79639 4.53100 951.06817627
v 110.80140 27.43300 969.07000732
v 110.80199 22.22400 964.62811279
v 110.80300 29.51140 970.66290283
v 110.81890 20.06670 940.46691895
v 110.86030 0.37100 937.92309570
v 111.58480 21.18400 964.62689209
v 111.58891 5.56920 952.63427734
v 111.61961 58.32420 1012.31750488
v 111.62679 47.30390 1015.29382324
v 111.62890 35.83430 964.17626953
v 111.63081 34.79890 976.87329102
v 111.63390 51.60540 1001.03051758
v 111.65121 37.78180 967.63427734
v 111.65170 2.68620 937.42071533
v 111.65591 42.09910 979.27770996
v 111.69781 22.22650 943.73901367
v 111.70361 31.59550 955.85241699
v 111.70370 57.46720 1010.86041260
v 111.70400 43.17370 1006.49792480
v 111.70480 32.63150 958.27941895
v 111.70499 29.51340 952.81457520
v 111.70521 50.26380 997.62860107
v 111.70609 38.80800 970.24218750
v 111.70730 53.55790 1004.62780762
v 111.70750 20.14060 941.63787842
v 111.71090 23.26630 967.23718262
v 111.74590 48.25590 994.34661865
v 111.75860 46.07760 988.51330566
v 111.75890 34.77030 961.72088623
v 111.76040 30.55240 973.33410645
v 111.77470 13.81960 937.95208740
v 111.78370 -1.46470 940.75061035
v 111.78770 32.55850 975.38012695
v 111.83041 36.72630 979.96380615
v 111.83680 25.34950 969.05780029
v 111.84299 20.14200 964.62811279
v 111.85520 16.94180 940.50677490
v 111.94640 52.57230 1003.68829346
v 112.54960 44.29060 1012.15032959
v 112.62580 19.10200 964.62689209
v 112.62830 53.40280 1015.45697021
v 112.66720 39.92650 991.47521973
v 112.66930 0.44290 949.74389648
v 112.67860 14.09220 940.33148193
v 112.69090 15.83160 940.71649170
v 112.70161 34.66180 979.39532471
v 112.71400 11.40200 939.06079102
v 112.73920 27.43150 952.46728516
v 112.74270 25.35160 949.69372559
v 112.74410 7.07890 938.94897461
v 112.74830 56.26810 1009.43121338
v 112.74950 42.05070 979.73779297
v 112.75001 -1.59030 941.90057373
v 112.80740 39.80720 973.72888184
v 112.80781 -0.60170 940.48968506
v 112.81879 15.98050 963.02197266
v 112.82610 48.33500 1015.74798584
v 112.82900 46.25450 1014.29199219
v 112.87510 13.90030 961.57867432
v 112.88239 -2.40620 943.89099121
v 112.88430 18.05770 964.62768555
v 112.88700 35.69170 981.57397461
v 112.89600 2.44660 952.64440918
v 112.89930 17.98620 943.51049805
v 113.60439 28.47270 973.50488281
v 113.62240 9.57230 959.51818848
v 113.63230 15.05380 964.01177979
v 113.64460 51.37100 1015.43560791
v 113.64941 55.53020 1013.56628418
v 113.67460 52.40960 1003.72589111
v 113.68110 16.90790 964.60131836
v 113.70260 47.28680 994.17297363
v 113.71220 31.67640 976.72528076
v 113.73100 0.42200 940.47442627
v 113.73190 44.09500 1012.43707275
v 113.73209 37.78290 970.63537598
v 113.78181 32.63480 961.42822266
v 113.78350 20.09040 946.66619873
v 113.78350 23.21250 949.66479492
v 113.78370 29.57110 957.14038086
v 113.78629 21.24210 948.08007812
v 113.79130 45.17300 988.73382568
v 113.79250 0.35870 952.31671143
v 113.79290 19.10230 967.23718262
v 113.79321 49.33410 997.78100586
v 113.79481 39.86790 997.51361084
v 113.79810 35.65910 982.69659424
v 113.81240 41.93310 1006.47088623
v 113.84589 34.76510 964.68957520
v 113.86500 39.76410 994.92779541
v 113.87009 -0.75760 951.35308838
v 113.91560 7.65230 958.61212158
v 113.92100 23.26940 970.66088867
v 113.92490 27.42780 973.59057617
v 113.92490 45.13300 1013.40698242
v 113.93771 14.85940 943.46350098
v 113.98380 11.81180 961.67321777
v 114.03580 -2.82130 946.28338623
v 114.59389 55.41460 1012.29058838
v 114.62530 51.37580 1003.08068848
v 114.64091 6.61110 958.52978516
v 114.66380 24.42090 973.02569580
v 114.69199 51.37370 1014.38757324
v 114.70541 -2.67860 949.20288086
v 114.75249 44.24310 988.35711670
v 114.76060 2.50670 940.56018066
v 114.76569 55.19870 1009.59747314
v 114.82169 18.06140 946.87847900
v 114.82349 25.35030 954.01690674
v 114.82439 37.84740 991.79992676
v 114.82450 29.46320 958.68908691
v 114.82790 30.60850 959.78747559
v 114.82790 32.54220 979.63970947
v 114.82800 14.99310 944.70227051
v 114.82841 21.18650 949.79522705
v 114.82900 48.25150 1014.72967529
v 114.82951 39.85350 976.78137207
v 114.82951 47.21050 1014.50378418
v 114.82960 17.01880 967.23632812
v 114.83041 6.53670 941.53802490
v 114.83120 35.75500 967.70141602
v 114.83150 41.00630 979.72991943
v 114.83340 26.46640 973.83447266
v 114.83620 10.85370 961.83972168
v 114.84080 38.82660 997.34991455
v 114.84270 -2.81090 943.78887939
v 114.88750 1.34390 955.24468994
v 114.88931 -1.76800 942.53411865
v 114.88970 12.79610 964.24938965
v 114.89339 5.57000 958.52270508
v 114.96610 21.18320 970.66558838
v 114.98240 15.90410 946.42309570
v 115.06950 48.40730 997.68719482
v 115.08010 5.43680 940.97741699
v 115.68160 4.52910 958.52917480
v 115.69500 53.50990 1012.36938477
v 115.71709 35.80820 988.33831787
v 115.75159 10.73000 943.66748047
v 115.78201 23.26700 973.54748535
v 115.80041 30.63110 979.82781982
v 115.80560 6.60490 942.34710693
v 115.80810 54.36780 1009.65710449
v 115.85281 34.75560 967.51428223
v 115.86320 12.98830 946.22290039
v 115.86491 3.54480 941.94372559
v 115.86640 23.32650 954.09289551
v 115.86730 47.20900 1014.05187988
v 115.86930 47.14040 994.62792969
v 115.87031 37.83770 973.65222168
v 115.87051 0.36010 941.98150635
v 115.87060 49.21490 998.97241211
v 115.87270 22.22390 973.26348877
v 115.87321 -0.68040 942.23327637
v 115.87400 6.60770 961.35827637
v 115.87800 33.78950 985.57409668
v 115.90720 45.13560 991.35461426
v 115.92091 26.44590 958.23260498
v 115.92680 11.87450 945.17791748
v 115.92840 50.19010 1000.51367188
v 115.93259 -3.72260 943.86352539
v 115.93400 29.47630 961.32037354
v 115.93810 42.96660 985.54290771
v 116.00280 3.48240 958.62078857
v 116.00739 19.09890 970.66687012
v 116.00750 14.93880 967.59161377
v 116.02360 16.94390 949.42218018
v 116.58131 9.51340 964.08941650
v 116.68841 35.67190 991.25421143
v 116.72630 25.34760 976.49462891
v 116.75001 49.36870 1000.23260498
v 116.77520 50.33190 1013.23937988
v 116.79850 53.27150 1006.58538818
v 116.80840 17.95010 970.64227295
v 116.83030 42.09760 1012.29992676
v 116.83041 31.67740 964.53930664
v 116.83250 -2.83120 943.06469727
v 116.85020 27.37690 960.02508545
v 116.90321 20.06320 952.84057617
v 116.90929 24.30680 956.63201904
v 116.91280 38.74440 976.59991455
v 116.91390 39.91830 979.59558105
v 116.91511 2.44660 958.88098145
v 116.91560 7.73630 964.28729248
v 116.91579 4.52430 961.36059570
v 116.91759 20.14080 973.36309814
v 116.91759 32.63650 985.76281738
v 116.91770 16.06720 970.26989746
v 116.91801 13.97670 967.83868408
v 116.94019 41.05250 1010.98150635
v 116.95710 11.89940 967.32238770
v 116.96540 35.80610 970.71801758
v 116.96760 21.32190 955.31439209
v 116.97950 -0.66650 957.55358887
v 116.98569 -5.60430 946.71081543
v 116.98640 7.65710 945.01269531
v 116.99340 44.17020 1013.11938477
v 117.04620 29.44890 981.58197021
v 117.06460 17.98350 952.42022705
v 117.09260 -5.75710 949.50390625
v 117.12160 -4.83370 952.44647217
v 117.79270 47.36700 997.34979248
v 117.85110 23.15480 976.58062744
v 117.86111 1.56270 943.48468018
v 117.86320 51.32630 1003.67547607
v 117.87611 -2.67960 955.86907959
v 117.87640 3.56530 961.79730225
v 117.89400 10.72060 947.97680664
v 117.89831 13.75090 949.68878174
v 117.94270 -1.58820 943.56347656
v 117.94480 52.46310 1006.59881592
v 117.94550 32.63830 967.48309326
v 117.94660 35.90670 1000.49719238
v 117.94961 24.25600 958.72167969
v 117.95080 14.99350 950.70642090
v 117.95181 45.05760 991.62597656
v 117.95290 31.50160 985.69818115
v 117.95370 42.04710 985.71179199
v 117.95400 18.05920 953.62261963
v 117.95510 30.68690 985.43890381
v 117.95631 18.05440 973.36431885
v 117.95640 5.56670 964.33117676
v 117.95770 29.41240 982.69879150
v 117.95831 9.73150 967.36602783
v 117.95950 28.46940 982.40820312
v 117.96081 34.66160 994.65270996
v 117.96250 -3.79790 955.41687012
v 117.96560 25.40850 960.16192627
v 117.96641 8.64700 946.71789551
v 117.98330 15.96750 952.28851318
v 117.98740 43.03940 988.32061768
v 117.99441 45.30720 1012.96490479
v 118.00330 21.26950 976.33367920
v 118.00900 37.88840 976.63092041
v 118.00930 -1.66040 958.35601807
v 118.01211 29.64950 964.61932373
v 118.01231 -4.88640 945.31799316
v 118.02430 46.43010 995.14117432
v 118.07810 49.28860 1012.40191650
v 118.78790 50.33910 1003.09558105
v 118.80421 33.68000 994.23248291
v 118.85360 51.37180 1010.72698975
v 118.88889 8.57940 967.63641357
v 118.88889 16.90740 973.63641357
v 118.89440 37.74530 1008.57550049
v 118.91850 4.60580 964.75061035
v 118.92330 52.34200 1009.13708496
v 118.92420 0.43940 961.71307373
v 118.92800 2.20990 945.06512451
v 118.93740 41.03540 1012.23712158
v 118.95721 49.37380 1000.94122314
v 118.98611 48.37710 1012.24420166
v 118.98881 0.30240 944.93280029
v 118.99129 15.97910 953.62371826
v 118.99340 42.28990 1012.74371338
v 118.99461 -3.79960 944.72290039
v 118.99689 38.87660 979.63897705
v 118.99740 19.10070 976.35906982
v 118.99821 27.33040 982.69750977
v 118.99889 -4.94400 955.68237305
v 118.99920 -6.77140 946.81109619
v 118.99920 6.69900 967.26922607
v 119.00001 15.02720 973.26892090
v 119.00150 12.93360 970.83642578
v 119.00240 26.38740 982.41357422
v 119.03870 20.34200 958.34722900
v 119.04121 -6.00710 954.93218994
v 119.04681 12.96800 952.29467773
v 119.05109 35.80680 973.68969727
v 119.05759 2.39010 964.24749756
v 119.05939 30.56120 988.49230957
v 119.08160 33.56050 997.05407715
v 119.09299 23.26480 960.15802002
v 119.11680 11.87810 951.27099609
v 119.12099 45.12940 1012.42626953
v 119.13039 -7.61670 949.69940186
v 119.25629 3.64560 946.69909668
v 119.70530 22.00440 979.09130859
v 119.95170 42.01510 1012.36767578
v 119.95290 -2.84220 945.20251465
v 119.96920 34.71990 1003.47271729
v 120.00550 27.20960 965.52862549
v 120.01720 30.63760 967.74798584
v 120.02731 43.94410 1012.31701660
v 120.02880 52.11320 1006.65551758
v 120.03001 9.73520 951.11682129
v 120.03500 41.00620 985.71130371
v 120.03530 -4.84610 945.39422607
v 120.03730 44.12800 991.77807617
v 120.03831 17.01330 976.36376953
v 120.03860 20.22830 979.28729248
v 120.03899 36.84060 976.75592041
v 120.03910 8.68680 970.36358643
v 120.03980 24.30220 982.39910889
v 120.04230 -6.92110 955.70880127
v 120.04630 14.87680 955.28741455
v 120.04940 25.24890 982.71740723
v 120.05981 32.61000 970.48419189
v 120.07970 45.12270 994.33557129
v 120.08581 18.12090 958.32159424
v 120.09690 48.26300 1000.37170410
v 120.10999 -3.79340 961.25238037
v 120.11080 -8.01200 949.52581787
v 120.16171 21.18720 960.32318115
v 120.16860 38.88910 1010.40832520
v 120.24220 33.67950 1003.43591309
v 120.24960 -8.86580 952.51550293
v 120.25440 6.68540 949.67559814
v 120.91640 29.43720 991.46978760
v 120.91770 43.12620 991.23748779
v 120.94350 47.20770 1010.50567627
v 120.96720 3.31800 967.56671143
v 120.97089 7.53840 970.63641357
v 120.97089 15.86630 976.63580322
v 120.97280 30.65740 994.76281738
v 120.99380 -6.76700 946.09991455
v 120.99610 17.10380 958.57617188
v 120.99720 -0.59940 964.74981689
v 121.00249 23.34540 982.87280273
v 121.01260 51.30370 1007.90808105
v 121.02731 7.65200 951.10137939
v 121.06330 13.90030 955.77728271
v 121.06480 52.09080 1006.49920654
v 121.07590 18.05970 979.32647705
v 121.07880 47.20890 998.45959473
v 121.08021 22.22370 982.41491699
v 121.08089 1.34260 947.92608643
v 121.08131 5.65820 970.26788330
v 121.08199 13.98620 976.26892090
v 121.08331 37.83340 979.65191650
v 121.08350 11.89260 973.83642578
v 121.12260 9.81620 973.32519531
v 121.12540 19.10410 960.23120117
v 121.13610 -0.53860 946.82482910
v 121.13920 0.37070 966.56091309
v 121.14260 28.47430 991.49359131
v 121.15380 33.66530 973.53839111
v 121.16230 33.59750 1005.36468506
v 121.22691 5.45680 949.92639160
v 121.29571 24.38410 964.67382812
v 121.32079 -9.96010 955.74047852
v 121.32180 46.32600 997.67608643
v 121.85439 -8.03280 960.33367920
v 121.92110 19.17220 981.91851807
v 121.95550 27.51250 991.68957520
v 121.97410 50.32750 1007.74407959
v 121.97440 26.39510 990.79132080
v 122.00851 21.01610 982.68127441
v 122.03150 -3.72850 946.52191162
v 122.03330 15.02030 958.56921387
v 122.03690 35.85280 1009.29669189
v 122.04391 -3.71250 964.87512207
v 122.06190 25.29560 966.03472900
v 122.06451 3.48660 970.32800293
v 122.11179 35.76150 977.87762451
v 122.11221 39.92350 1010.63952637
v 122.11381 45.06130 994.67352295
v 122.11559 27.42950 968.58618164
v 122.11680 48.25160 1008.40307617
v 122.11829 42.64720 990.84197998
v 122.11851 39.96930 985.71191406
v 122.11910 8.69640 954.01782227
v 122.12031 15.97140 979.33551025
v 122.12099 7.64500 973.36358643
v 122.13171 -10.03810 958.51037598
v 122.16010 9.92570 955.34167480
v 122.16911 5.62150 952.28491211
v 122.17159 42.00370 1010.47131348
v 122.17850 -8.93990 948.29772949
v 122.19480 29.43980 997.71099854
v 122.19630 37.75670 980.63238525
v 122.26189 2.38470 970.44927979
v 122.26929 11.65410 955.96252441
v 122.27030 41.10980 988.59838867
v 122.32760 -1.62060 967.91638184
v 122.38850 28.47290 997.68347168
v 122.44180 -10.99840 958.94610596
v 122.93951 50.05880 1003.59167480
v 122.95840 4.59840 972.91418457
v 123.00520 24.38480 988.87481689
v 123.02081 40.95800 1010.16540527
v 123.02360 48.24720 1007.75347900
v 123.03510 21.18470 964.48669434
v 123.04839 6.44120 973.62677002
v 123.05579 14.82550 979.60772705
v 123.05680 30.60710 972.08111572
v 123.08050 -6.99930 947.55291748
v 123.08260 -3.92800 947.83801270
v 123.09350 25.34890 991.48461914
v 123.09710 45.18190 1009.34759521
v 123.10081 0.42340 970.42767334
v 123.10130 35.82810 1009.34771729
v 123.10250 27.37650 969.28558350
v 123.11649 23.26500 988.41760254
v 123.13670 35.80540 979.38568115
v 123.15440 33.54770 975.23217773
v 123.15720 39.00310 985.27557373
v 123.16230 32.63230 974.61578369
v 123.16540 10.85170 976.83691406
v 123.20119 -1.72130 949.36822510
v 123.20460 8.77520 976.32507324
v 123.20560 7.71040 955.30407715
v 123.20670 12.94330 979.30621338
v 123.20831 44.14420 994.38281250
v 123.21520 3.49360 952.39837646
v 123.21970 33.74190 1007.48492432
v 123.22179 -11.01430 949.85821533
v 123.22289 49.44130 1006.17987061
v 123.23550 36.88050 1009.83697510
v 123.30309 20.07850 985.58312988
v 123.32011 20.13920 964.54638672
v 123.37031 -5.81070 967.60247803
v 123.86691 31.71740 1006.03900146
v 124.03941 -1.96060 970.26208496
v 124.06640 46.16940 1007.75079346
v 124.13979 40.82750 1009.33911133
v 124.14170 25.29670 968.95001221
v 124.14190 12.80210 959.94720459
v 124.14620 6.60940 976.38500977
v 124.14710 37.02550 982.62731934
v 124.15920 21.18480 988.42370605
v 124.18290 50.01300 1003.55712891
v 124.19030 30.68630 973.56390381
v 124.19160 -8.09630 948.61737061
v 124.19331 23.39960 967.65722656
v 124.19550 35.76280 1008.70581055
v 124.19770 15.06950 961.69628906
v 124.19810 -10.03780 948.98278809
v 124.19871 41.00380 988.83618164
v 124.20090 35.80180 979.83221436
v 124.20290 18.05850 985.36169434
v 124.24880 37.78590 1009.36322021
v 124.25010 5.62560 955.35101318
v 124.25021 26.44530 970.36352539
v 124.25260 32.70340 1007.09320068
v 124.25300 9.78810 958.35107422
v 124.25871 28.47790 1002.44531250
v 124.26231 0.31150 973.27838135
v 124.26640 23.26530 991.84490967
v 124.27711 -12.96080 952.91308594
v 124.33910 -4.90530 970.43151855
v 124.83640 48.24250 1000.72589111
v 124.85270 13.70100 982.01922607
v 124.90929 9.51340 979.08941650
v 125.02911 -7.00520 969.86376953
v 125.13790 -4.88710 949.55841064
v 125.16810 28.49600 972.34649658
v 125.17400 48.18970 1005.04339600
v 125.18200 15.92710 963.32397461
v 125.18230 19.04930 965.94952393
v 125.18549 2.39180 954.02679443
v 125.18630 7.59540 957.29827881
v 125.23310 4.66030 955.65478516
v 125.23431 21.31760 967.65722656
v 125.23580 -2.88840 950.89672852
v 125.24070 7.73540 979.28387451
v 125.24191 45.95750 997.35217285
v 125.24210 13.89770 962.58972168
v 125.24310 41.93760 991.47711182
v 125.24351 11.94090 982.32330322
v 125.24441 15.97980 985.40570068
v 125.24700 -9.96280 967.75500488
v 125.27930 38.75610 985.67437744
v 125.29110 20.19960 967.34869385
v 125.29940 -12.17450 951.35577393
v 125.29960 29.57590 1004.42858887
v 125.30080 -2.76350 973.26110840
v 125.31280 -13.99280 958.46948242
v 125.31760 32.71690 1006.98327637
v 125.33030 -9.08080 969.38659668
v 125.33050 -14.03480 955.28961182
v 125.34100 20.04450 988.97528076
v 125.37881 34.65960 979.53668213
v 125.58810 2.44460 976.72821045
v 126.08030 25.28650 999.79718018
v 126.18191 47.99450 1000.52642822
v 126.19759 48.12500 1003.16680908
v 126.20780 18.14010 988.87298584
v 126.20811 11.81640 961.57922363
v 126.20910 15.01940 985.87231445
v 126.21619 -8.95050 949.68560791
v 126.22060 4.52960 978.45251465
v 126.22750 0.30980 954.02850342
v 126.23270 30.55260 975.35388184
v 126.27020 44.08780 1006.33288574
v 126.27190 -0.57670 976.19049072
v 126.27731 -10.04430 950.04119873
v 126.27810 -12.11390 966.98822021
v 126.27940 34.71440 1007.14758301
v 126.27979 -6.91830 950.49249268
v 126.28249 -13.99320 952.81439209
v 126.28291 13.89950 963.39862061
v 126.28440 39.96030 988.77239990
v 126.28539 9.73090 982.33551025
v 126.28640 -5.79240 973.17541504
v 126.32450 40.96700 991.34069824
v 126.32909 33.62130 1006.50091553
v 126.33210 1.46160 955.35192871
v 126.34310 39.83990 1006.62060547
v 126.34611 22.22380 996.44488525
v 126.35030 -14.06380 961.10021973
v 126.35810 24.38690 970.76031494
v 126.41570 29.51830 1004.36431885
v 126.41770 -7.96170 971.72247314
v 126.96580 38.64030 1006.73138428
v 127.03390 19.99450 993.49737549
v 127.10999 47.07710 1003.47668457
v 127.15929 32.72030 979.32141113
v 127.19691 18.06100 991.33990479
v 127.23660 34.63880 1006.36010742
v 127.23820 9.81580 961.59478760
v 127.24050 -13.23420 952.02941895
v 127.24281 23.18950 971.43988037
v 127.25961 46.28680 999.10650635
v 127.26260 47.14330 1000.86279297
v 127.26380 3.43040 957.28680420
v 127.26591 27.49510 1003.22869873
v 127.26640 -3.74340 974.77587891
v 127.26740 28.41750 974.95269775
v 127.26850 -1.77400 953.95288086
v 127.30390 36.86640 985.35382080
v 127.31330 43.09590 1005.05126953
v 127.31699 -14.03110 952.94812012
v 127.31760 15.92510 966.08520508
v 127.31980 35.80120 982.87268066
v 127.32079 25.35240 972.44329834
v 127.32230 28.60870 1003.97680664
v 127.32639 -14.84660 958.52758789
v 127.37501 -0.62170 955.35040283
v 127.38070 -14.19150 961.32391357
v 127.38320 18.05940 967.70971680
v 127.39040 46.32310 1003.14947510
v 127.39170 2.55690 979.37048340
v 127.39370 -10.36940 970.13061523
v 127.45190 12.85750 987.05767822
v 127.45600 -5.87520 974.19561768
v 127.48969 -0.65990 977.57269287
v 128.12839 44.95850 1003.64093018
v 128.21921 -14.19700 958.87341309
v 128.23080 18.06020 993.34478760
v 128.23090 24.31900 1000.28161621
v 128.23340 8.69100 984.35620117
v 128.24350 -14.02710 955.84197998
v 128.26660 46.87930 1000.40692139
v 128.28030 21.27740 997.34057617
v 128.28421 -11.16550 951.80340576
v 128.28430 -12.98790 967.13146973
v 128.29559 7.70870 961.54681396
v 128.30240 14.88190 966.31567383
v 128.30969 1.35100 979.37670898
v 128.35379 31.46470 978.32202148
v 128.35870 -5.74710 952.69970703
v 128.35919 14.93750 990.36901855
v 128.36151 30.55340 1004.15161133
v 128.36160 -13.86640 964.44207764
v 128.36200 12.85920 965.59368896
v 128.36221 -10.88410 970.24230957
v 128.36319 38.74540 988.43103027
v 128.36420 -3.92940 953.90362549
v 128.36639 -9.90240 971.28472900
v 128.36679 45.21750 997.94390869
v 128.36789 17.01660 968.58947754
v 128.40479 33.54270 981.00970459
v 128.41730 40.90140 991.51092529
v 128.42731 21.18230 971.43902588
v 128.46149 25.55050 1001.35028076
v 128.48639 6.61440 961.45422363
v 128.50131 5.57080 982.48657227
v 129.26260 42.01170 1003.46588135
v 129.26740 -3.79720 976.33520508
v 129.26941 0.37070 979.36431885
v 129.28589 3.43460 959.92218018
v 129.31570 5.72330 961.55078125
v 129.32471 24.22640 974.43090820
v 129.32480 28.39530 977.45770264
v 129.33081 44.08830 1002.00231934
v 129.33969 45.11660 1000.21960449
v 129.34860 22.16840 972.55010986
v 129.34891 -7.89730 973.29180908
v 129.35361 12.85950 966.36712646
v 129.38959 -10.97590 952.73510742
v 129.40051 -6.01030 953.95227051
v 129.40179 -12.12250 953.85980225
v 129.40341 36.89740 986.62017822
v 129.40430 10.77240 965.58270264
v 129.40701 20.14210 971.27020264
v 129.40860 34.88370 983.72119141
v 129.45840 19.16340 995.67620850
v 129.46259 9.79350 986.73651123
v 129.48090 7.57130 984.40661621
v 129.48599 25.43630 1001.10937500
v 129.48779 26.39570 1001.33782959
v 129.53079 -12.20170 966.63342285
v 129.53821 5.57360 983.53399658
v 129.54980 -8.92730 952.86309814
v 129.55740 36.63290 1003.32678223
v 129.55759 40.00170 991.47528076
v 129.59131 30.56410 979.55810547
v 130.26950 30.55810 1002.56219482
v 130.31009 3.49260 982.32482910
v 130.31320 13.90570 991.25817871
v 130.34399 44.87020 997.83801270
v 130.36551 0.28690 959.44171143
v 130.38220 44.02180 1000.30590820
v 130.43549 -12.95490 956.54650879
v 130.43579 42.89870 994.50579834
v 130.43771 17.15240 970.56402588
v 130.43881 8.74940 964.65191650
v 130.44061 -2.81290 957.08520508
v 130.44180 -7.96310 972.36962891
v 130.44241 2.44950 960.42889404
v 130.44571 33.67630 983.59057617
v 130.44611 21.32170 998.02612305
v 130.44629 27.43290 977.27478027
v 130.44669 38.93050 1002.04321289
v 130.44730 14.80700 968.90167236
v 130.49530 11.87390 967.38708496
v 130.49619 25.40410 976.38140869
v 130.49731 21.24070 973.41387939
v 130.50269 37.75910 988.49560547
v 130.50339 11.87390 989.43072510
v 130.52390 -2.67390 977.32171631
v 130.52759 22.30990 998.35430908
v 130.55679 7.67640 964.50561523
v 130.57870 19.10970 995.92358398
v 131.24039 -12.03710 955.56048584
v 131.40671 29.43120 980.45159912
v 131.42542 -3.85620 957.31561279
v 131.42700 -0.61180 979.29211426
v 131.48120 -12.10050 958.29290771
v 131.48169 27.42940 1000.40411377
v 131.48349 -10.16000 967.35083008
v 131.48380 -3.79680 975.68811035
v 131.48489 -12.04800 961.82147217
v 131.48520 0.36510 960.42602539
v 131.48630 -5.87710 956.59991455
v 131.48630 23.26900 998.38146973
v 131.48721 18.19860 995.20697021
v 131.49249 41.96500 994.41577148
v 131.49301 -1.71960 959.59350586
v 131.54099 -6.97730 972.04418945
v 131.54370 7.71550 986.31781006
v 131.56119 16.05690 970.73406982
v 131.56549 15.02340 992.40051270
v 131.57739 -10.83790 955.77557373
v 131.60172 5.59140 964.50469971
v 131.62070 11.82120 989.48779297
v 131.63730 41.88520 1000.02709961
v 132.43939 37.92950 1000.38208008
v 132.44781 1.32850 962.44262695
v 132.45859 29.52930 1000.41070557
v 132.46060 41.94670 997.19140625
v 132.46429 -5.82500 957.39422607
v 132.47049 29.45550 981.21508789
v 132.47589 22.22720 975.53057861
v 132.49789 12.85920 969.55389404
v 132.52051 40.82420 993.25750732
v 132.52350 -2.75590 975.46942139
v 132.52390 31.72430 982.73107910
v 132.52521 17.02300 993.67810059
v 132.52579 3.49140 963.44329834
v 132.52579 22.22640 996.90307617
v 132.52811 10.91150 989.02722168
v 132.52869 35.62670 987.21289062
v 132.52921 6.47900 965.90112305
v 132.52960 34.71610 986.59149170
v 132.53030 1.41540 980.42382812
v 132.53070 12.85910 989.94909668
v 132.53079 5.57280 984.20300293
v 132.54269 2.46930 981.23162842
v 132.58871 -8.10320 957.02307129
v 132.60269 9.81140 967.75787354
v 132.60660 7.73670 986.39758301
v 132.61499 -6.90950 971.55187988
v 132.72070 -11.70830 961.50341797
v 132.72369 -9.63940 967.48522949
v 133.31180 40.88110 997.49481201
v 133.43610 40.89000 994.84399414
v 133.48730 37.67290 990.12652588
v 133.48740 8.61400 968.43688965
v 133.48889 -0.75780 962.42962646
v 133.50250 39.85680 993.09851074
v 133.50879 34.66130 987.00848389
v 133.51031 25.29130 978.64477539
v 133.56061 29.64450 982.56329346
v 133.56070 15.98130 991.56268311
v 133.56281 25.34700 997.39068604
v 133.56570 21.18550 995.41699219
v 133.56601 -3.79260 973.54907227
v 133.56839 -3.92650 959.99151611
v 133.57129 24.17310 978.14093018
v 133.57141 14.80410 972.13311768
v 133.61929 11.87410 970.41430664
v 133.61942 21.24290 976.40698242
v 133.64810 18.14100 974.50701904
v 133.72031 -0.51800 977.64721680
v 133.76730 38.81550 997.20751953
v 134.23792 37.34270 997.81591797
v 134.34949 -9.96620 958.58789062
v 134.52100 -8.99910 958.91729736
v 134.52280 38.80720 994.22961426
v 134.52289 27.35720 997.40527344
v 134.52859 2.36940 965.43902588
v 134.59949 -2.63210 961.67797852
v 134.60229 -6.92190 969.37640381
v 134.60690 23.26480 995.41668701
v 134.60751 11.81650 987.90771484
v 134.60751 17.02090 974.26837158
v 134.60760 26.39390 980.27587891
v 134.60800 -4.83880 971.67468262
v 134.61069 6.61270 983.67199707
v 134.61121 19.11730 975.64489746
v 134.66010 9.78950 970.38702393
v 134.66110 24.36360 979.41998291
v 134.66129 14.99470 973.41387939
v 134.67331 6.60830 968.43902588
v 134.68430 1.48410 964.73498535
v 135.29901 -8.93220 961.59240723
v 135.30560 37.82860 994.74468994
v 135.48151 36.88970 991.96789551
v 135.56570 31.67450 985.61468506
v 135.58621 35.69810 990.31408691
v 135.59140 12.80250 972.48657227
v 135.59201 7.59480 969.54888916
v 135.59341 29.45300 984.21362305
v 135.63339 -6.15110 961.76123047
v 135.64169 27.56100 982.57751465
v 135.64529 4.58430 967.65289307
v 135.64801 21.18550 993.00268555
v 135.64841 33.67570 988.43859863
v 135.64929 15.98050 989.76440430
v 135.64941 11.81650 986.78887939
v 135.73669 -7.01530 962.11291504
v 136.33420 34.52210 994.62908936
v 136.41119 -6.78060 964.50677490
v 136.52710 -5.39350 964.36590576
v 136.60269 19.02340 991.35131836
v 136.60721 26.31530 994.41699219
v 136.61371 34.65050 991.57257080
v 136.61569 -5.80750 967.19989014
v 136.61780 -1.72540 964.59307861
v 136.63181 1.34800 966.56152344
v 136.65289 -0.68550 973.59869385
v 136.67661 -4.83300 969.27001953
v 136.68320 4.52730 979.51257324
v 136.68439 20.01140 978.18719482
v 136.68469 -2.75640 971.57702637
v 136.68600 14.93780 988.36450195
v 136.68680 10.77390 985.37512207
v 136.68979 2.44700 977.67132568
v 136.69009 13.89880 987.66741943
v 136.69141 23.26620 980.61511230
v 136.69220 9.60310 972.13568115
v 136.69229 0.22970 966.23767090
v 136.69299 4.39580 968.90301514
v 136.75400 18.03100 977.32952881
v 136.87570 31.46070 994.00640869
v 137.40390 -4.68310 967.22320557
v 137.41489 33.67340 991.63623047
v 137.64569 31.59050 988.72058105
v 137.64661 22.14910 991.41870117
v 137.65961 -1.66100 970.57312012
v 137.66791 30.49390 987.29779053
v 137.71170 -0.77810 967.69360352
v 137.71631 1.40760 967.92639160
v 137.72391 21.24000 979.67059326
v 137.72900 16.11230 976.66137695
v 137.73050 18.06360 989.53857422
v 137.73080 6.61170 980.58441162
v 137.73111 9.73450 983.57452393
v 137.73151 15.98040 987.76629639
v 137.78430 14.99580 976.41162109
v 138.36011 30.28640 991.78369141
v 138.36179 -1.71760 967.63299561
v 138.43521 -0.59500 970.16589355
v 138.67871 3.40910 976.28649902
v 138.67941 25.27540 991.24841309
v 138.68991 2.45060 970.71160889
v 138.69601 1.47070 973.19567871
v 138.70120 29.44520 988.56420898
v 138.70721 26.33180 984.31610107
v 138.71231 22.16790 981.30908203
v 138.71381 18.00400 978.51922607
v 138.75461 3.48970 970.90948486
v 138.76010 24.38440 990.10137939
v 138.76300 28.46520 986.72460938
v 138.76340 6.53400 972.28912354
v 138.76941 11.68170 975.18310547
v 138.81119 4.47460 976.43237305
v 138.82910 13.90050 985.18780518
v 138.85461 24.22340 983.51861572
v 138.88309 28.33510 990.90380859
v 139.47400 2.53090 973.20520020
v 139.50000 28.46480 988.57470703
v 139.57251 24.17600 988.49340820
v 139.62930 26.39040 985.87457275
v 139.63251 4.60800 973.83880615
v 139.71909 21.10210 988.28649902
v 139.72131 15.89550 985.25231934
v 139.72519 6.61210 973.73669434
v 139.73599 5.63180 976.19409180
v 139.74149 24.24060 985.55242920
v 139.79370 7.65250 973.88342285
v 139.79449 21.18220 982.45251465
v 139.79660 17.01640 979.49310303
v 139.79861 6.61430 977.85009766
v 139.80200 20.13890 987.46429443
v 139.80750 9.60350 975.23767090
v 139.81149 14.80440 978.13507080
v 139.86670 11.81550 982.19250488
v 140.13531 12.80250 977.08209229
v 140.51550 6.69350 976.15551758
v 140.53741 23.26730 985.63647461
v 140.53839 18.11070 985.34509277
v 140.54080 9.73700 979.35467529
v 140.58429 21.18260 985.45819092
v 140.60541 8.74710 976.75720215
v 140.61850 14.02700 982.31439209
v 140.65979 17.07640 982.34722900
v 140.67072 20.22000 982.86657715
v 140.70001 10.77730 976.90911865
v 140.76599 14.86650 979.47937012
v 141.37592 11.87430 979.57751465
v 141.55170 13.82170 979.74200439
f 4044 3835 3875
f 3835 4044 4381
f 4499 4661 4381
f 4499 4644 4661
f 3957 3835 4381
f 4381 4661 4747
f 4747 4784 4827
f 3957 4381 4747
f 3984 3944 3957
f 3984 3957 4747
f 4425 4747 4827
f 4827 4906 4943
f 3984 4747 4225
f 4583 4827 4978
f 4978 4827 4943
f 4425 4225 4747
f 4583 4425 4827
f 4225 4082 3984
f 4583 4978 5014
f 4314 4225 4425
f 4788 5014 5042
f 4788 4583 5014
f 5049 5042 5014
f 4788 5042 4933
f 4788 4650 4583
f 5080 5064 5042
f 4879 4788 4933
f 4879 4799 4788
f 5042 5064 5068
f 5089 5068 5064
f 5068 4933 5042
f 5089 5092 5068
f 5025 4933 5068
f 4025 4288 4294
f 3698 3867 3830
f 4294 4420 4483
f 4420 4676 4483
f 3691 3698 3852
f 3852 3698 3830
f 3446 3698 3691
f 3852 3830 4025
f 3852 4025 4044
f 4044 4025 4294
f 4294 4483 4381
f 4483 4609 4381
f 4483 4676 4609
f 4044 4294 4381
f 4499 4381 4609
f 3446 3691 3456
f 4609 4672 4499
f 3691 3852 3875
f 4644 4499 4672
f 3363 3456 3691
f 3363 3691 3875
f 3875 3852 4044
f 4644 4718 4661
f 4661 4718 4733
f 4718 4854 4733
f 3398 3352 3363
f 3398 3363 3875
f 4661 4733 4747
f 4854 4823 4733
f 4823 4747 4733
f 3398 3875 3835
f 4747 4823 4784
f 4823 4854 4784
f 4784 4882 4827
f 4784 4854 4882
f 3464 3398 3835
f 3606 3464 3835
f 4827 4882 4906
f 4882 4952 4906
f 4906 4993 4994
f 4993 5026 4994
f 3625 3535 3606
f 3625 3835 3944
f 3625 3606 3835
f 3944 3835 3957
f 4906 4994 4943
f 4994 5071 5046
f 3944 3598 3625
f 3984 3869 3944
f 4943 4994 4978
f 4978 4994 5046
f 3758 3598 3944
f 3856 3758 3869
f 3758 3944 3869
f 3869 3984 4082
f 5014 4978 5046
f 4118 3856 4082
f 3856 3869 4082
f 4225 4118 4082
f 5014 5093 5049
f 5014 5046 5093
f 5049 5093 5073
f 4194 4118 4225
f 4264 4194 4314
f 4194 4225 4314
f 4565 4314 4425
f 4565 4264 4314
f 5042 5073 5080
f 5042 5049 5073
f 5073 5117 5080
f 4495 4264 4565
f 4583 4565 4425
f 4565 4583 4650
f 5080 5117 5094
f 4650 4563 4565
f 5064 5094 5090
f 5064 5080 5094
f 5094 5139 5090
f 4739 4563 4650
f 4788 4739 4650
f 5064 5090 5089
f 5139 5089 5090
f 4692 4563 4739
f 5139 5124 5089
f 4782 4692 4739
f 4739 4788 4799
f 4815 4782 4799
f 4782 4739 4799
f 4862 4815 4799
f 4879 4862 4799
f 4862 4824 4815
f 5089 5124 5164
f 5162 5164 5124
f 4927 4862 4879
f 4927 4913 4862
f 4913 4824 4862
f 4927 4879 4933
f 5092 5089 5164
f 4962 4927 4933
f 5025 4962 4933
f 4962 4913 4927
f 5130 5092 5164
f 4996 4962 5025
f 4996 4954 4962
f 4954 4913 4962
f 5035 5025 5068
f 5164 5188 5130
f 4996 4969 4954
f 4996 5025 5035
f 5035 5068 5075
f 5075 5068 5092
f 5007 4969 4996
f 5035 5007 4996
f 5118 5130 5188
f 5039 5007 5035
f 5092 5130 5118
f 5035 5075 5074
f 5074 5075 5092
f 5074 5118 5131
f 5074 5092 5118
f 5131 5118 5165
f 5188 5165 5118
f 5074 5081 5035
f 5081 5039 5035
f 5131 5081 5074
f 5115 5081 5131
f 5165 5115 5131
f 3753 4001 3867
f 4001 4212 4093
f 3610 3753 3698
f 3698 3753 3867
f 3867 4001 4093
f 4212 4288 4093
f 4212 4431 4288
f 3369 3523 3519
f 3519 3610 3698
f 3519 3523 3610
f 3867 4093 4025
f 4025 4093 4288
f 4431 4420 4288
f 3867 4025 3830
f 4288 4420 4294
f 4544 4574 4420
f 3369 3519 3698
f 4420 4574 4676
f 4574 4682 4676
f 4574 4544 4682
f 4544 4710 4682
f 3292 3369 3446
f 3446 3369 3698
f 4710 4728 4682
f 4728 4676 4682
f 3292 3232 3095
f 3232 3446 3456
f 3232 3292 3446
f 4676 4761 4609
f 4676 4728 4761
f 3126 3095 3232
f 4609 4761 4672
f 4728 4846 4761
f 3126 3232 3456
f 4644 4761 4718
f 4644 4672 4761
f 4761 4846 4718
f 3363 3126 3456
f 4718 4846 4839
f 3352 3126 3363
f 4718 4839 4854
f 3352 3011 3126
f 4839 4939 4854
f 3352 3085 3011
f 3085 3352 3398
f 4854 4939 4882
f 3287 3085 3398
f 3287 3398 3464
f 4939 4952 4882
f 3464 3185 3287
f 4906 4952 4993
f 4952 5017 4993
f 3606 3535 3464
f 5017 5022 4993
f 3535 3185 3464
f 3535 3275 3185
f 5026 4993 5022
f 5026 5063 4994
f 5026 5022 5063
f 3350 3275 3535
f 3443 3350 3454
f 3350 3535 3454
f 3454 3535 3625
f 4994 5063 5071
f 3588 3443 3454
f 3598 3454 3625
f 3598 3588 3454
f 5063 5086 5071
f 5086 5046 5071
f 3855 3758 3856
f 5093 5046 5086
f 5086 5108 5093
f 4005 3855 3856
f 4005 3856 4118
f 5108 5073 5093
f 4194 4005 4118
f 5117 5073 5108
f 5108 5134 5117
f 4264 4495 4325
f 5134 5094 5117
f 4563 4495 4565
f 5139 5094 5134
f 5134 5160 5139
f 4692 4571 4563
f 5139 5182 5124
f 5139 5160 5182
f 5124 5182 5162
f 5182 5192 5162
f 4824 4782 4815
f 5162 5193 5164
f 5162 5192 5193
f 5192 5204 5193
f 5204 5222 5193
f 5193 5222 5230
f 4913 4954 4934
f 5193 5188 5164
f 5188 5193 5230
f 4969 4934 4954
f 5188 5230 5214
f 5267 5214 5230
f 5165 5188 5214
f 5267 5269 5214
f 5039 5081 5055
f 5165 5214 5266
f 5269 5266 5214
f 5115 5082 5081
f 5082 5055 5081
f 5165 5141 5115
f 5141 5165 5175
f 5175 5165 5196
f 5196 5165 5266
f 5115 5101 5082
f 5101 5085 5082
f 5101 5115 5132
f 5132 5115 5141
f 5266 5254 5196
f 5132 5085 5101
f 5132 5141 5175
f 5254 5208 5196
f 5153 5085 5132
f 5254 5234 5208
f 5189 5153 5175
f 5153 5132 5175
f 5175 5196 5208
f 5189 5175 5208
f 3610 3724 3753
f 3610 3604 3724
f 3753 3891 4001
f 3753 3724 3891
f 3891 4031 4001
f 3523 3425 3604
f 3523 3604 3610
f 4227 4001 4031
f 4212 4001 4227
f 3285 3222 3523
f 3222 3425 3523
f 3285 3523 3369
f 4420 4431 4517
f 2998 3080 3285
f 4517 4544 4420
f 2915 3285 3292
f 2915 2998 3285
f 3292 3285 3369
f 4544 4689 4710
f 3095 2915 3292
f 3126 2915 3095
f 4870 4728 4710
f 4846 4728 4870
f 4870 4877 4846
f 4877 4839 4846
f 2884 2917 3011
f 3011 2917 3126
f 4877 4935 4839
f 4939 4839 4935
f 3011 2812 2884
f 2812 3011 3085
f 3085 2863 2812
f 4952 4939 4935
f 4935 4971 4952
f 3085 2959 2863
f 5017 4971 5012
f 5017 4952 4971
f 2959 3085 3185
f 3185 3085 3287
f 3185 2950 2959
f 5032 5017 5012
f 5032 5022 5017
f 2950 3185 3275
f 5032 5050 5022
f 3275 3008 2950
f 5050 5063 5022
f 3159 3008 3275
f 5063 5050 5072
f 5072 5086 5063
f 3758 3588 3598
f 5086 5072 5107
f 3855 3588 3758
f 5086 5107 5108
f 5129 5108 5107
f 5108 5129 5134
f 5129 5148 5134
f 4495 4409 4325
f 4409 4495 4563
f 5134 5148 5160
f 5148 5173 5160
f 4571 4409 4563
f 4692 4623 4571
f 4623 4482 4571
f 5160 5173 5182
f 5173 5181 5182
f 4741 4623 4692
f 4692 4782 4741
f 5191 5182 5181
f 5192 5182 5191
f 4824 4794 4782
f 4794 4741 4782
f 5204 5191 5212
f 5204 5192 5191
f 4794 4824 4913
f 5212 5233 5204
f 5233 5222 5204
f 4920 4887 4913
f 5230 5222 5233
f 5233 5259 5230
f 4934 4920 4913
f 5259 5270 5230
f 5230 5270 5267
f 5270 5292 5267
f 5292 5327 5267
f 5327 5269 5267
f 5055 5021 5039
f 5327 5326 5269
f 5082 5056 5055
f 5266 5269 5318
f 5326 5318 5269
f 5084 5082 5085
f 5254 5266 5318
f 5087 5084 5085
f 5085 5153 5106
f 5234 5318 5303
f 5234 5254 5318
f 5328 5303 5318
f 5154 5106 5153
f 5163 5153 5189
f 5163 5154 5153
f 5234 5243 5208
f 5243 5234 5303
f 5163 5159 5154
f 5163 5189 5218
f 5218 5189 5208
f 5218 5159 5163
f 5218 5243 5279
f 5218 5208 5243
f 5279 5243 5303
f 5224 5159 5218
f 5275 5224 5279
f 5224 5218 5279
f 5296 5279 5303
f 5296 5275 5279
f 5328 5321 5303
f 5321 5296 5303
f 3594 3724 3604
f 3594 3766 3724
f 3724 3766 3891
f 3766 3899 3891
f 3899 4031 3891
f 3408 3508 3425
f 3508 3604 3425
f 3508 3594 3604
f 3088 3408 3425
f 4442 4212 4227
f 3425 3222 3088
f 4442 4431 4212
f 3080 3088 3222
f 3285 3080 3222
f 4442 4517 4431
f 3025 3080 2998
f 3025 3088 3080
f 2789 3025 2998
f 4652 4689 4544
f 2998 2915 2789
f 2915 2759 2789
f 2775 2759 2915
f 4689 4793 4710
f 2915 3126 2775
f 4710 4793 4870
f 3126 2829 2775
f 2829 3126 2917
f 4870 4793 4831
f 2732 2704 2829
f 4831 4877 4870
f 2732 2917 2884
f 2732 2829 2917
f 4888 4877 4831
f 4888 4935 4877
f 2732 2884 2812
f 4935 4888 4893
f 2709 2732 2812
f 4893 4924 4935
f 4971 4935 4924
f 2863 2709 2812
f 4876 4971 4924
f 4876 4958 4971
f 4958 5012 4971
f 2772 2863 2959
f 2959 2763 2772
f 4932 4958 4876
f 4932 4999 4958
f 4958 4999 5012
f 4999 5032 5012
f 2959 2950 2763
f 4999 5050 5032
f 3008 2763 2950
f 4966 5033 4999
f 4999 5033 5050
f 3008 3159 3106
f 5033 5072 5050
f 3269 3106 3159
f 3269 3159 3275
f 3275 3350 3269
f 5001 5072 5033
f 3453 3269 3350
f 3453 3350 3443
f 3443 3588 3453
f 5045 5072 5001
f 5107 5072 5045
f 3613 3453 3588
f 3613 3855 3706
f 3613 3588 3855
f 5045 5057 5107
f 3674 3706 3855
f 3674 4005 3859
f 3674 3855 4005
f 5057 5104 5107
f 5104 5129 5107
f 3859 4194 3936
f 3859 4005 4194
f 3936 4194 4264
f 5109 5129 5104
f 5109 5148 5129
f 4325 3936 4264
f 5109 5104 5057
f 5158 5109 5122
f 5158 5148 5109
f 5158 5173 5148
f 4571 4482 4409
f 5111 5158 5122
f 5158 5181 5173
f 4741 4665 4623
f 5178 5158 5111
f 5158 5178 5181
f 5178 5191 5181
f 5178 5200 5191
f 5200 5212 5191
f 4913 4887 4794
f 5212 5248 5233
f 5212 5200 5248
f 4887 4920 4900
f 5248 5259 5233
f 5259 5291 5270
f 5005 4969 5007
f 5292 5270 5291
f 5291 5317 5292
f 5039 5021 5007
f 5021 5005 5007
f 5317 5327 5292
f 5055 5038 5021
f 5056 5038 5055
f 5327 5350 5326
f 5350 5370 5326
f 5370 5318 5326
f 5085 5106 5087
f 5318 5370 5385
f 5373 5318 5385
f 5127 5106 5154
f 5373 5328 5318
f 5159 5149 5154
f 5159 5161 5149
f 5328 5373 5363
f 5159 5186 5161
f 5363 5393 5328
f 5224 5186 5159
f 5224 5226 5186
f 5321 5328 5397
f 5393 5397 5328
f 5245 5224 5275
f 5245 5226 5224
f 5296 5245 5275
f 5376 5321 5397
f 5245 5228 5226
f 5337 5296 5321
f 5285 5245 5296
f 5285 5228 5245
f 5285 5296 5337
f 5337 5376 5352
f 5337 5321 5376
f 5376 5377 5352
f 5397 5377 5376
f 5352 5285 5337
f 3600 3699 3766
f 3699 3958 3766
f 3899 3766 3958
f 3958 4056 3899
f 3766 3594 3600
f 4031 3899 4056
f 4056 4132 4031
f 4132 4227 4031
f 4442 4227 4265
f 2971 2995 3088
f 4442 4566 4517
f 2872 2971 3025
f 3088 3025 2971
f 4517 4566 4544
f 4566 4652 4544
f 2789 2872 3025
f 4689 4652 4678
f 4755 4689 4678
f 2759 2775 2655
f 2775 2576 2655
f 4593 4755 4678
f 4793 4689 4755
f 2704 2576 2775
f 2829 2704 2775
f 4639 4755 4593
f 4639 4742 4755
f 4831 4755 4742
f 4831 4793 4755
f 4762 4831 4742
f 4762 4816 4831
f 4816 4888 4831
f 4783 4816 4762
f 4816 4893 4888
f 2732 2709 2638
f 4783 4893 4816
f 4796 4893 4783
f 4796 4848 4893
f 4848 4924 4893
f 4876 4924 4848
f 2772 2638 2709
f 2772 2709 2863
f 4785 4932 4876
f 4795 4932 4785
f 4999 4932 4795
f 4795 4966 4999
f 4789 4966 4795
f 5033 4966 4789
f 4898 5033 4789
f 4898 5001 5033
f 4989 5001 4898
f 4989 5045 5001
f 3674 3453 3613
f 3674 3613 3706
f 4970 5031 4989
f 4989 5031 5045
f 5031 5057 5045
f 3777 3674 3859
f 4019 3936 4325
f 5109 5031 5053
f 5109 5057 5031
f 4409 4019 4325
f 5053 5122 5109
f 4275 4409 4482
f 5096 5122 5053
f 5096 5111 5122
f 4623 4525 4482
f 4665 4525 4623
f 4686 4665 4741
f 5120 5111 5096
f 5178 5111 5120
f 4794 4686 4741
f 5207 5178 5120
f 5207 5200 5178
f 4887 4800 4794
f 4900 4800 4887
f 5166 5207 5120
f 5207 5248 5200
f 5241 5248 5207
f 5241 5259 5248
f 4969 4920 4934
f 5241 5291 5259
f 5241 5253 5291
f 5317 5253 5325
f 5291 5253 5317
f 5021 5040 5005
f 5021 5038 5040
f 5327 5317 5325
f 5082 5066 5056
f 5350 5327 5325
f 5084 5066 5082
f 5350 5372 5370
f 5087 5126 5084
f 5106 5126 5087
f 5106 5127 5126
f 5385 5370 5372
f 5372 5410 5385
f 5410 5373 5385
f 5154 5149 5127
f 5149 5126 5127
f 5363 5373 5435
f 5413 5435 5373
f 5363 5435 5393
f 5435 5423 5393
f 5226 5198 5186
f 5226 5210 5198
f 5393 5423 5453
f 5397 5393 5453
f 5228 5210 5226
f 5377 5397 5431
f 5285 5280 5228
f 5280 5258 5228
f 5285 5309 5280
f 5309 5290 5280
f 5309 5285 5352
f 5404 5377 5431
f 5309 5352 5359
f 5359 5352 5377
f 5346 5290 5309
f 5387 5346 5359
f 5346 5309 5359
f 5359 5404 5395
f 5359 5377 5404
f 5424 5387 5395
f 5387 5359 5395
f 3699 3879 3958
f 3879 4040 3958
f 3958 4040 4056
f 4040 4132 4056
f 3170 3594 3508
f 3508 3408 3170
f 4227 4132 4265
f 3408 3088 3146
f 4442 4265 4432
f 3146 3088 2995
f 4566 4432 4452
f 4442 4432 4566
f 2796 2971 2872
f 4452 4498 4566
f 4652 4566 4498
f 2655 2872 2789
f 4554 4652 4498
f 2759 2655 2789
f 4554 4678 4652
f 4593 4678 4554
f 2704 2507 2576
f 2489 2704 2638
f 2489 2507 2704
f 2732 2638 2704
f 4674 4742 4639
f 4762 4742 4674
f 2441 2489 2638
f 4700 4762 4674
f 2638 2518 2441
f 4711 4762 4700
f 4762 4711 4783
f 4796 4783 4711
f 4725 4796 4711
f 4725 4848 4796
f 2518 2772 2589
f 2638 2772 2518
f 4876 4725 4785
f 4876 4848 4725
f 2772 2763 2589
f 2668 2589 2763
f 3008 3106 2852
f 3106 3269 3174
f 4864 4898 4789
f 3257 3174 3269
f 3257 3453 3348
f 3257 3269 3453
f 4970 4898 4864
f 4898 4970 4989
f 3437 3348 3453
f 3596 3437 3453
f 3596 3453 3674
f 3777 3596 3674
f 3685 3777 3859
f 4867 4970 4838
f 4867 5031 4970
f 3858 3685 3859
f 4019 3858 3936
f 3858 3859 3936
f 4909 5031 4867
f 5053 5031 4909
f 3998 4409 4003
f 3998 4019 4409
f 4941 5053 4909
f 4275 4003 4409
f 4284 4275 4482
f 4990 5053 4941
f 4990 5096 5053
f 4444 4284 4482
f 4444 4482 4525
f 5023 5096 4990
f 5070 5096 5023
f 5070 5120 5096
f 4794 4800 4686
f 5166 5120 5070
f 4920 4922 4900
f 5100 5185 5166
f 5185 5207 5166
f 5219 5185 5100
f 5185 5241 5207
f 4920 4968 4922
f 5219 5241 5185
f 4969 4968 4920
f 5005 4968 4969
f 5253 5241 5219
f 5040 4968 5005
f 5325 5253 5302
f 5056 5066 5038
f 5325 5354 5350
f 5325 5302 5354
f 5350 5354 5372
f 5126 5105 5084
f 5105 5066 5084
f 5410 5372 5354
f 5430 5373 5410
f 5413 5373 5430
f 5161 5136 5149
f 5430 5435 5413
f 5430 5458 5435
f 5186 5198 5161
f 5458 5423 5435
f 5198 5210 5229
f 5458 5483 5423
f 5483 5453 5423
f 5210 5260 5229
f 5483 5513 5453
f 5260 5228 5284
f 5210 5228 5260
f 5228 5258 5284
f 5397 5453 5491
f 5284 5280 5319
f 5258 5280 5284
f 5431 5397 5491
f 5280 5290 5319
f 5290 5324 5319
f 5431 5440 5404
f 5440 5431 5491
f 5395 5404 5440
f 5409 5346 5387
f 5409 5387 5424
f 5424 5440 5434
f 5424 5395 5440
f 5491 5434 5440
f 5448 5409 5424
f 5434 5448 5424
f 3663 3927 3681
f 3927 3879 3681
f 3879 3927 4040
f 3538 3663 3681
f 3699 3681 3879
f 4110 4040 3927
f 4110 4190 4040
f 4190 4260 4040
f 3681 3600 3538
f 3681 3699 3600
f 4040 4260 4132
f 4248 4132 4260
f 3600 3594 3354
f 4265 4248 4249
f 4265 4132 4248
f 3408 3146 3170
f 3146 2995 3042
f 4278 4432 4249
f 4249 4432 4265
f 2995 2895 3042
f 2995 2971 2895
f 4452 4278 4351
f 4452 4432 4278
f 2872 2654 2796
f 4368 4452 4351
f 4452 4368 4498
f 2872 2655 2654
f 4554 4498 4368
f 4435 4554 4368
f 4435 4512 4554
f 2507 2501 2576
f 2655 2576 2501
f 4593 4554 4512
f 4506 4593 4512
f 4519 4593 4506
f 4519 4639 4593
f 2421 2489 2420
f 2507 2489 2421
f 4674 4639 4519
f 2489 2441 2420
f 4582 4674 4519
f 4582 4700 4674
f 2441 2518 2502
f 4638 4711 4700
f 2521 2502 2518
f 4698 4725 4711
f 2518 2589 2521
f 4698 4785 4725
f 4698 4726 4785
f 4726 4795 4785
f 4726 4749 4795
f 2763 3008 2668
f 4789 4795 4749
f 2852 2668 3008
f 3086 3106 3174
f 4838 4970 4864
f 3348 3437 3596
f 3593 3348 3596
f 3593 3777 3685
f 3593 3596 3777
f 3781 3858 4019
f 3998 3781 4019
f 4885 4941 4909
f 4885 4940 4941
f 4940 4990 4941
f 4444 4525 4548
f 4665 4548 4525
f 4967 4990 4940
f 4967 5023 4990
f 4800 4765 4686
f 4765 4843 4857
f 4765 4800 4843
f 5037 5023 4967
f 5070 5023 5037
f 4800 4900 4843
f 4843 4911 4857
f 4843 4926 4911
f 5100 5166 5070
f 4843 4900 4926
f 4926 4987 4911
f 5037 5100 5070
f 4922 4926 4900
f 4926 4997 4987
f 4968 4926 4922
f 4926 4968 4997
f 5140 5219 5100
f 4968 5024 4997
f 5040 5024 4968
f 5215 5219 5140
f 5215 5253 5219
f 5215 5240 5253
f 5040 5066 5069
f 5038 5066 5040
f 5302 5253 5240
f 5329 5302 5298
f 5329 5354 5302
f 5066 5105 5069
f 5384 5354 5329
f 5126 5136 5105
f 5384 5410 5354
f 5149 5136 5126
f 5410 5438 5430
f 5410 5384 5438
f 5161 5180 5136
f 5198 5180 5161
f 5468 5430 5438
f 5458 5430 5468
f 5201 5180 5198
f 5458 5468 5483
f 5468 5484 5483
f 5284 5286 5260
f 5284 5319 5286
f 5513 5533 5453
f 5533 5491 5453
f 5324 5290 5432
f 5346 5432 5290
f 5533 5532 5491
f 5409 5432 5346
f 5491 5473 5434
f 5532 5473 5491
f 5442 5409 5448
f 5448 5463 5442
f 5448 5434 5463
f 5496 5463 5473
f 5463 5434 5473
f 3782 3928 3663
f 3782 3920 3928
f 3580 3782 3663
f 3928 3920 4110
f 3920 4175 4110
f 3663 3928 3927
f 3928 4110 3927
f 4175 4190 4110
f 4175 4246 4190
f 3580 3663 3538
f 4260 4246 4259
f 4260 4190 4246
f 3600 3354 3538
f 4259 4248 4260
f 4259 4184 4248
f 3594 3273 3354
f 3594 3170 3273
f 4184 4249 4248
f 4278 4249 4136
f 2895 2971 2738
f 2738 2796 2654
f 2971 2796 2738
f 4278 4208 4351
f 4231 4351 4208
f 4231 4368 4351
f 2654 2655 2501
f 2501 2507 2464
f 4395 4506 4512
f 2421 2464 2507
f 4506 4395 4519
f 2384 2421 2420
f 4510 4582 4519
f 2420 2426 2384
f 2420 2441 2426
f 4582 4510 4515
f 4515 4700 4582
f 2441 2502 2426
f 4515 4638 4700
f 2484 2426 2502
f 2502 2521 2484
f 2573 2521 2589
f 2668 2573 2589
f 2620 2573 2668
f 4749 4726 4688
f 4697 4789 4749
f 2850 2852 3106
f 4789 4697 4752
f 4752 4864 4789
f 3086 2850 3106
f 4752 4777 4864
f 4777 4838 4864
f 3169 3257 3348
f 3347 3169 3348
f 3434 3347 3348
f 3434 3348 3593
f 4777 4805 4838
f 4805 4867 4838
f 3682 3434 3593
f 3682 3593 3685
f 3682 3858 3781
f 3682 3685 3858
f 4797 4867 4805
f 4797 4909 4867
f 4771 4860 4797
f 4797 4860 4909
f 4860 4885 4909
f 4699 4771 4797
f 4812 4860 4771
f 4444 4548 4529
f 4812 4885 4860
f 4812 4930 4885
f 4665 4646 4548
f 4686 4646 4665
f 4686 4699 4646
f 4699 4737 4771
f 4699 4686 4737
f 4737 4812 4771
f 4737 4868 4812
f 4868 4930 4812
f 4885 4930 4940
f 4930 4967 4940
f 4737 4686 4765
f 4868 4737 4857
f 4737 4765 4857
f 4868 4931 4930
f 4931 4868 4911
f 4868 4857 4911
f 4930 5037 4967
f 4931 5011 4930
f 4931 4911 5011
f 5067 4930 5011
f 5067 5037 4930
f 4987 5011 4911
f 5067 5100 5037
f 4987 4997 5011
f 5169 5100 5067
f 5169 5140 5100
f 5024 5011 4997
f 5011 5060 5067
f 5011 5024 5060
f 5067 5099 5169
f 5060 5099 5067
f 5169 5215 5140
f 5024 5040 5060
f 5099 5119 5169
f 5060 5088 5099
f 5088 5119 5099
f 5069 5060 5040
f 5060 5069 5088
f 5170 5169 5119
f 5170 5205 5169
f 5205 5215 5169
f 5205 5240 5215
f 5069 5116 5088
f 5116 5119 5088
f 5116 5170 5119
f 5170 5223 5205
f 5223 5240 5205
f 5298 5302 5240
f 5105 5116 5069
f 5116 5156 5170
f 5156 5223 5170
f 5105 5147 5116
f 5147 5156 5116
f 5261 5298 5240
f 5330 5329 5298
f 5330 5384 5329
f 5136 5147 5105
f 5428 5384 5330
f 5428 5438 5384
f 5136 5172 5147
f 5180 5172 5136
f 5438 5428 5468
f 5468 5428 5490
f 5428 5449 5490
f 5468 5490 5484
f 5229 5257 5198
f 5257 5201 5198
f 5483 5484 5490
f 5229 5256 5257
f 5229 5260 5256
f 5513 5483 5490
f 5490 5535 5513
f 5286 5256 5260
f 5535 5533 5513
f 5533 5535 5558
f 5324 5322 5319
f 5432 5322 5324
f 5574 5533 5558
f 5532 5533 5574
f 5432 5409 5442
f 5454 5442 5463
f 5432 5442 5454
f 5532 5512 5473
f 5512 5532 5574
f 5479 5463 5496
f 5479 5454 5463
f 5496 5473 5512
f 5574 5552 5512
f 5552 5523 5512
f 5502 5479 5496
f 5523 5502 5512
f 5502 5496 5512
f 3799 3902 3782
f 3902 3920 3782
f 3799 3782 3635
f 3635 3580 3617
f 3635 3782 3580
f 4175 3920 3902
f 3902 4152 4175
f 4152 4246 4175
f 3617 3538 3477
f 3617 3580 3538
f 4096 4259 4152
f 4152 4259 4246
f 3354 3477 3538
f 3273 3364 3354
f 3354 3364 3477
f 3929 4184 4096
f 4184 4259 4096
f 4030 4184 3929
f 4030 4249 4184
f 2782 2909 3042
f 3146 2909 3170
f 3146 3042 2909
f 4030 4136 4249
f 3042 2895 2782
f 4030 4024 4136
f 4278 4136 4024
f 4113 4278 4024
f 2666 2654 2601
f 2666 2738 2654
f 4113 4208 4278
f 2506 2601 2654
f 4231 4208 4241
f 4241 4368 4231
f 2506 2501 2464
f 2506 2654 2501
f 4241 4435 4368
f 4512 4241 4331
f 4435 4241 4512
f 4331 4395 4512
f 2384 2388 2421
f 4413 4519 4395
f 4430 4510 4413
f 4413 4510 4519
f 2381 2369 2384
f 4510 4430 4515
f 2381 2384 2426
f 4485 4638 4515
f 4485 4711 4638
f 4485 4511 4711
f 4511 4698 4711
f 4698 4511 4492
f 4492 4726 4698
f 4492 4688 4726
f 2852 2850 2668
f 2850 2620 2668
f 3052 3257 3169
f 3052 3174 3257
f 4752 4744 4777
f 3266 3347 3434
f 4805 4777 4744
f 3433 3266 3434
f 3518 3433 3434
f 3518 3434 3682
f 4720 4805 4744
f 4720 4797 4805
f 3780 3518 3682
f 3780 3682 3781
f 3780 3781 3998
f 3780 3998 4003
f 3953 3780 4003
f 3953 4003 4275
f 3953 4275 4154
f 4154 4275 4284
f 4622 4699 4720
f 4720 4699 4797
f 4356 4154 4284
f 4356 4284 4444
f 4356 4444 4529
f 4529 4548 4622
f 4646 4622 4548
f 4622 4646 4699
f 5261 5223 5216
f 5261 5240 5223
f 5156 5216 5223
f 5261 5330 5298
f 5147 5179 5156
f 5179 5216 5156
f 5216 5244 5261
f 5244 5294 5261
f 5294 5330 5261
f 5294 5369 5330
f 5369 5428 5330
f 5172 5179 5147
f 5172 5216 5179
f 5392 5428 5369
f 5180 5211 5172
f 5211 5216 5172
f 5211 5244 5216
f 5244 5295 5294
f 5295 5369 5294
f 5277 5244 5211
f 5295 5244 5277
f 5374 5392 5369
f 5392 5419 5428
f 5449 5428 5419
f 5180 5201 5211
f 5201 5247 5211
f 5247 5277 5211
f 5490 5449 5501
f 5257 5247 5201
f 5256 5287 5257
f 5490 5501 5535
f 5286 5287 5256
f 5501 5545 5535
f 5319 5315 5286
f 5315 5287 5286
f 5322 5315 5319
f 5558 5535 5545
f 5545 5559 5558
f 5559 5579 5558
f 5579 5584 5558
f 5432 5347 5322
f 5574 5558 5584
f 5584 5579 5603
f 5416 5347 5432
f 5574 5584 5603
f 5432 5454 5436
f 5574 5603 5607
f 5479 5489 5454
f 5489 5436 5454
f 5502 5489 5479
f 5489 5502 5523
f 5552 5544 5523
f 5552 5574 5582
f 5582 5574 5607
f 5529 5523 5544
f 5544 5552 5582
f 5551 5544 5582
f 5588 5551 5582
f 3799 3635 3686
f 3779 3902 3799
f 3779 3863 3902
f 4077 3902 3863
f 3635 3617 3686
f 3686 3779 3799
f 4077 4152 3902
f 3686 3617 3603
f 4100 4077 3863
f 4077 4100 4152
f 3617 3477 3603
f 3603 3779 3686
f 3929 4100 3863
f 4100 4096 4152
f 3603 3537 3654
f 3603 3477 3537
f 3779 3603 3654
f 3654 3863 3779
f 3654 3929 3863
f 3929 4096 4100
f 3833 3929 3654
f 2909 3046 3170
f 3273 3170 3046
f 3833 4030 3929
f 3874 3950 3833
f 3833 3950 4030
f 2895 2738 2782
f 3950 4024 4030
f 3950 3972 4024
f 4113 4024 4080
f 4024 3972 4080
f 2586 2601 2506
f 4113 4080 4137
f 4137 4208 4113
f 4220 4241 4208
f 4220 4331 4241
f 2388 2464 2421
f 4349 4395 4331
f 4349 4413 4395
f 2388 2384 2369
f 4441 4515 4430
f 4515 4441 4485
f 2510 2484 2521
f 2533 2510 2521
f 2573 2533 2521
f 2570 2533 2573
f 2620 2570 2573
f 2621 2570 2620
f 4492 4514 4688
f 4688 4514 4749
f 2850 3086 2832
f 2832 3086 3174
f 4637 4752 4697
f 3174 3052 2832
f 4637 4744 4752
f 3266 3052 3169
f 3266 3169 3347
f 3342 3433 3518
f 3503 3342 3518
f 3578 3503 3518
f 3578 3518 3780
f 4622 4720 4578
f 3862 3578 3780
f 3862 3780 3953
f 4084 3862 3953
f 4336 4084 4154
f 4084 3953 4154
f 4336 4154 4356
f 4533 4529 4578
f 4578 4529 4622
f 4464 4336 4356
f 4464 4356 4529
f 4533 4464 4529
f 5295 5374 5369
f 5333 5374 5295
f 5407 5392 5374
f 5407 5419 5392
f 5277 5333 5295
f 5333 5407 5374
f 5419 5461 5449
f 5461 5501 5449
f 5247 5257 5277
f 5257 5301 5277
f 5301 5333 5277
f 5364 5407 5333
f 5501 5461 5493
f 5287 5301 5257
f 5301 5364 5333
f 5510 5493 5482
f 5510 5501 5493
f 5510 5545 5501
f 5315 5301 5287
f 5545 5510 5537
f 5322 5347 5315
f 5537 5559 5545
f 5590 5579 5559
f 5602 5579 5590
f 5603 5579 5602
f 5389 5347 5416
f 5603 5602 5631
f 5602 5646 5631
f 5432 5436 5416
f 5436 5389 5416
f 5607 5603 5631
f 5607 5631 5651
f 5646 5651 5631
f 5450 5436 5489
f 5607 5651 5634
f 5486 5450 5489
f 5515 5486 5523
f 5486 5489 5523
f 5523 5529 5515
f 5582 5607 5634
f 5555 5529 5544
f 5555 5515 5529
f 5551 5555 5544
f 5588 5582 5634
f 5651 5654 5634
f 5555 5551 5567
f 5567 5551 5588
f 5596 5588 5634
f 5654 5624 5634
f 5567 5588 5598
f 5598 5588 5596
f 5624 5610 5634
f 5610 5596 5634
f 3273 3370 3364
f 3439 3364 3370
f 3439 3477 3364
f 3439 3537 3477
f 3439 3701 3537
f 3701 3654 3537
f 3701 3833 3654
f 3327 3273 3046
f 3327 3370 3273
f 3708 3701 3439
f 3708 3833 3701
f 2909 2782 2875
f 3708 3874 3833
f 2662 2782 2666
f 2666 2782 2738
f 3874 3728 3950
f 3950 4000 3972
f 2586 2662 2601
f 2601 2662 2666
f 2525 2586 2506
f 2508 2525 2506
f 2508 2506 2464
f 4208 4164 4220
f 4208 4137 4164
f 2440 2508 2464
f 4223 4220 4164
f 2425 2440 2464
f 2425 2464 2388
f 4331 4279 4349
f 4331 4220 4279
f 2382 2425 2388
f 2370 2388 2369
f 2370 2382 2388
f 4349 4279 4342
f 4342 4413 4349
f 2381 2370 2369
f 2381 2382 2370
f 2381 2419 2382
f 4370 4430 4413
f 4370 4441 4430
f 2419 2381 2426
f 4426 4441 4370
f 2484 2419 2426
f 4426 4511 4441
f 4441 4511 4485
f 4511 4426 4492
f 4487 4749 4514
f 2832 2621 2620
f 2850 2832 2620
f 4487 4697 4749
f 4487 4637 4697
f 2832 3052 2936
f 4472 4744 4637
f 2936 3052 2983
f 2983 3052 3266
f 4472 4526 4744
f 3099 2983 3266
f 3342 3099 3266
f 3342 3266 3433
f 4526 4720 4744
f 3404 3503 3578
f 3577 3404 3578
f 3577 3862 3876
f 3577 3578 3862
f 3941 3876 3862
f 3941 3862 4084
f 4526 4533 4578
f 4526 4505 4533
f 4505 4464 4533
f 4440 4084 4336
f 4440 4336 4464
f 4464 4505 4440
f 5433 5461 5419
f 5405 5407 5364
f 5419 5407 5405
f 5405 5433 5419
f 5433 5460 5461
f 5461 5460 5493
f 5460 5482 5493
f 5301 5340 5364
f 5364 5340 5365
f 5365 5405 5364
f 5460 5510 5482
f 5301 5315 5340
f 5514 5510 5460
f 5347 5340 5315
f 5347 5339 5340
f 5537 5510 5536
f 5339 5347 5342
f 5564 5537 5536
f 5537 5564 5559
f 5564 5590 5559
f 5602 5590 5618
f 5371 5342 5347
f 5347 5389 5371
f 5618 5630 5602
f 5602 5630 5646
f 5436 5418 5389
f 5439 5418 5436
f 5450 5439 5436
f 5673 5651 5646
f 5673 5682 5651
f 5682 5654 5651
f 5518 5486 5515
f 5555 5518 5515
f 5654 5661 5624
f 5682 5661 5654
f 5648 5624 5661
f 5682 5672 5661
f 5672 5648 5661
f 5563 5518 5555
f 5571 5555 5567
f 5571 5563 5555
f 5571 5567 5598
f 5598 5596 5610
f 5610 5648 5627
f 5610 5624 5648
f 5648 5672 5627
f 5571 5598 5609
f 5609 5598 5610
f 5609 5610 5627
f 5572 5563 5571
f 5609 5572 5571
f 5609 5627 5623
f 5636 5623 5627
f 5594 5572 5609
f 5594 5609 5623
f 3327 3462 3370
f 3462 3439 3370
f 2909 3023 3046
f 3046 3023 3130
f 3327 3046 3130
f 3462 3708 3439
f 2782 2745 2875
f 2909 2875 3023
f 3728 3462 3531
f 3728 3708 3462
f 3728 3874 3708
f 2723 2782 2662
f 2745 2782 2723
f 3950 3728 3821
f 2617 2723 2662
f 3950 3821 4000
f 2586 2617 2662
f 2559 2586 2525
f 2559 2617 2586
f 3972 4000 4080
f 4000 4094 4080
f 4137 4080 4094
f 4220 4223 4279
f 4223 4272 4279
f 4345 4370 4342
f 4342 4370 4413
f 2495 2484 2510
f 4426 4370 4427
f 4427 4492 4426
f 2533 2526 2510
f 2526 2495 2510
f 2570 2526 2533
f 4427 4514 4492
f 2574 2526 2570
f 4514 4427 4487
f 2621 2574 2570
f 2621 2663 2574
f 2621 2832 2663
f 2936 2663 2832
f 4434 4513 4487
f 4513 4637 4487
f 4637 4513 4472
f 3248 3099 3342
f 3248 3503 3404
f 3248 3342 3503
f 4526 4578 4720
f 3499 3404 3577
f 3677 3499 3577
f 3677 3577 3876
f 4047 3876 3941
f 3941 4084 4047
f 4134 4047 4084
f 4134 4084 4440
f 4262 4134 4440
f 4396 4262 4440
f 4505 4460 4440
f 4460 4396 4440
f 5365 5400 5405
f 5400 5433 5405
f 5339 5365 5340
f 5464 5460 5433
f 5500 5460 5464
f 5500 5514 5460
f 5514 5536 5510
f 5339 5342 5316
f 5342 5312 5316
f 5587 5590 5564
f 5587 5618 5590
f 5342 5371 5312
f 5630 5618 5608
f 5389 5418 5371
f 5630 5662 5646
f 5439 5445 5418
f 5445 5439 5450
f 5478 5445 5450
f 5478 5450 5486
f 5518 5478 5486
f 5526 5478 5518
f 5674 5672 5682
f 5526 5563 5554
f 5526 5518 5563
f 5672 5674 5627
f 5554 5563 5572
f 5636 5627 5674
f 5636 5660 5623
f 5674 5671 5636
f 5671 5660 5636
f 5611 5594 5623
f 5623 5660 5640
f 5640 5660 5671
f 5589 5572 5594
f 5611 5589 5594
f 5611 5623 5640
f 5671 5664 5640
f 5642 5611 5640
f 5664 5642 5640
f 3268 3327 3130
f 3268 3462 3327
f 2745 2878 2875
f 2878 2911 2875
f 2911 3023 2875
f 3441 3531 3462
f 3268 3441 3462
f 3540 3728 3531
f 3540 3711 3728
f 3531 3441 3540
f 3821 3711 3802
f 3728 3711 3821
f 3821 3904 4000
f 3904 4038 4000
f 2508 2559 2525
f 4094 4164 4137
f 2505 2508 2440
f 2505 2559 2508
f 4235 4164 4168
f 4235 4223 4164
f 2424 2440 2425
f 2382 2424 2425
f 4342 4279 4272
f 4302 4345 4342
f 4350 4370 4345
f 2419 2495 2442
f 2484 2495 2419
f 4370 4350 4376
f 4376 4427 4370
f 2526 2513 2495
f 2568 2526 2574
f 2568 2513 2526
f 4427 4376 4434
f 4434 4487 4427
f 2614 2568 2574
f 2574 2663 2614
f 2663 2661 2614
f 2936 2661 2663
f 4423 4513 4434
f 2936 2757 2661
f 4513 4423 4472
f 4443 4526 4472
f 2908 2757 2936
f 2936 2983 3000
f 3099 3000 2983
f 2908 2936 3000
f 3072 3000 3099
f 3319 3072 3099
f 3319 3099 3248
f 3404 3319 3248
f 4443 4449 4526
f 3499 3319 3404
f 3499 3677 3576
f 4449 4470 4505
f 4449 4505 4526
f 3860 3677 3876
f 4047 3860 3876
f 3933 3860 4047
f 4092 4047 4134
f 4092 3933 4047
f 4092 4134 4262
f 4323 4092 4262
f 4396 4323 4262
f 4460 4448 4396
f 4448 4323 4396
f 5339 5343 5365
f 5343 5383 5365
f 5383 5400 5365
f 5441 5433 5400
f 5316 5343 5339
f 5398 5400 5383
f 5398 5441 5400
f 5464 5433 5441
f 5441 5398 5406
f 5488 5514 5500
f 5488 5536 5514
f 5465 5500 5464
f 5465 5488 5500
f 5560 5564 5536
f 5560 5587 5564
f 5371 5304 5312
f 5527 5536 5488
f 5527 5560 5536
f 5581 5587 5560
f 5581 5618 5587
f 5581 5608 5618
f 5622 5630 5608
f 5622 5662 5630
f 5380 5304 5371
f 5418 5380 5371
f 5646 5662 5673
f 5418 5357 5380
f 5357 5418 5445
f 5445 5401 5357
f 5478 5401 5445
f 5476 5401 5478
f 5526 5476 5478
f 5494 5476 5526
f 5554 5494 5526
f 5539 5494 5554
f 5572 5539 5554
f 5589 5539 5572
f 5679 5664 5671
f 5553 5539 5589
f 5589 5611 5617
f 5617 5586 5589
f 5679 5676 5664
f 5655 5617 5642
f 5617 5611 5642
f 5655 5642 5664
f 5676 5655 5664
f 3130 2911 3121
f 3130 3023 2911
f 3121 3268 3130
f 3121 3290 3268
f 3492 3441 3268
f 3492 3540 3441
f 3492 3587 3540
f 3587 3715 3540
f 2745 2815 2878
f 2911 2878 2815
f 3715 3711 3540
f 2723 2815 2745
f 3715 3802 3711
f 3802 3904 3821
f 2658 2723 2617
f 2658 2815 2723
f 4051 4000 4038
f 2559 2606 2617
f 2606 2658 2617
f 4000 4051 4094
f 4164 4094 4168
f 2493 2440 2424
f 4223 4235 4272
f 4277 4342 4272
f 2417 2424 2382
f 2419 2417 2382
f 2419 2442 2417
f 4302 4350 4345
f 4350 4302 4340
f 2495 2513 2445
f 4340 4376 4350
f 2513 2568 2445
f 2568 2432 2445
f 4423 4376 4340
f 4423 4434 4376
f 2568 2614 2432
f 2614 2661 2432
f 2661 2461 2432
f 2461 2661 2626
f 2626 2661 2757
f 4423 4443 4472
f 2626 2482 2461
f 2626 2757 2642
f 2642 2757 2908
f 2642 2482 2626
f 2758 2908 3000
f 3072 3319 3243
f 2642 2908 2758
f 3097 3000 3072
f 3097 3243 3079
f 3097 3072 3243
f 3422 3243 3319
f 3422 3319 3499
f 3491 3422 3576
f 3422 3499 3576
f 2758 2566 2642
f 3705 3491 3576
f 3705 3576 3677
f 3857 3677 3860
f 3857 3705 3677
f 4470 4460 4505
f 2938 2758 3000
f 2938 3000 3097
f 3857 3860 3933
f 4453 4460 4470
f 3857 3933 4092
f 4448 4460 4453
f 4092 3865 3857
f 4323 4448 4428
f 4095 4092 4323
f 4324 4095 4323
f 4428 4324 4323
f 5316 5310 5343
f 5310 5367 5343
f 5383 5367 5398
f 5383 5343 5367
f 5289 5310 5312
f 5312 5310 5316
f 5465 5464 5441
f 5312 5304 5289
f 5304 5288 5289
f 5517 5527 5488
f 5580 5581 5560
f 5304 5283 5288
f 5465 5517 5488
f 5527 5580 5560
f 5580 5608 5581
f 5580 5622 5608
f 5300 5283 5304
f 5380 5300 5304
f 5546 5580 5527
f 5313 5300 5380
f 5620 5662 5622
f 5357 5313 5380
f 5401 5360 5357
f 5415 5360 5401
f 5476 5415 5401
f 5699 5682 5673
f 5457 5415 5476
f 5699 5674 5682
f 5494 5457 5476
f 5446 5457 5494
f 5498 5446 5494
f 5539 5498 5494
f 5525 5498 5539
f 5553 5525 5539
f 5586 5553 5589
f 5585 5553 5586
f 5597 5585 5586
f 5617 5597 5586
f 5597 5617 5655
f 5621 5597 5655
f 5621 5600 5597
f 5655 5638 5621
f 5655 5659 5638
f 5676 5659 5655
f 3290 3469 3268
f 3469 3492 3268
f 2815 2901 2911
f 2901 2996 2911
f 2996 3121 2911
f 3469 3290 3121
f 3715 3884 3802
f 3802 3884 3904
f 3904 3884 4038
f 4051 4168 4094
f 2582 2559 2505
f 2606 2559 2582
f 2493 2505 2440
f 2493 2582 2505
f 4235 4277 4272
f 2424 2494 2493
f 2424 2417 2494
f 2442 2494 2417
f 2442 2444 2494
f 2444 2442 2495
f 2437 2495 2445
f 2437 2444 2495
f 2407 2437 2445
f 2353 2445 2432
f 2353 2407 2445
f 4339 4423 4340
f 2330 2353 2432
f 2245 2330 2403
f 2403 2330 2432
f 4423 4339 4371
f 2403 2432 2461
f 4371 4443 4423
f 2209 2245 2249
f 2249 2403 2461
f 2249 2245 2403
f 2249 2461 2482
f 4421 4443 4371
f 2254 2209 2249
f 2305 2254 2249
f 2305 2249 2482
f 4421 4449 4443
f 2305 2262 2254
f 4421 4470 4449
f 2566 2305 2482
f 2566 2262 2305
f 2566 2482 2642
f 2577 2262 2566
f 3243 3252 3079
f 3252 3243 3422
f 4421 4429 4470
f 3563 3422 3491
f 3563 3491 3705
f 4429 4453 4470
f 2649 2577 2566
f 2649 2566 2758
f 2649 2758 2717
f 2717 2758 2938
f 2938 3097 3105
f 3105 3097 3079
f 3105 3079 3252
f 3252 3263 3105
f 3343 3263 3422
f 3263 3252 3422
f 3865 3562 3705
f 3562 3563 3705
f 3857 3865 3705
f 2649 2594 2577
f 2938 3105 3063
f 3865 3693 3562
f 4446 4448 4453
f 4446 4428 4448
f 2717 2729 2649
f 2729 2594 2649
f 3263 3063 3105
f 3865 3784 3693
f 4095 3865 4092
f 2876 2729 2717
f 2876 2717 2938
f 2876 2938 2946
f 2946 2938 3063
f 3788 3784 3865
f 3942 3788 3865
f 3942 3865 4095
f 4324 4428 4394
f 4446 4394 4428
f 3063 2997 2946
f 4394 4366 4324
f 2903 2876 2946
f 2997 2903 2946
f 4091 3942 4095
f 4095 4324 4198
f 4324 4280 4198
f 4366 4280 4324
f 4091 4095 4198
f 5289 5308 5310
f 5308 5332 5310
f 5332 5355 5310
f 5355 5367 5310
f 5355 5382 5367
f 5382 5398 5367
f 5382 5406 5398
f 5289 5288 5308
f 5411 5406 5382
f 5411 5426 5406
f 5426 5455 5406
f 5455 5441 5406
f 5455 5465 5441
f 5237 5288 5283
f 5455 5470 5465
f 5470 5517 5465
f 5517 5546 5527
f 5605 5620 5580
f 5620 5622 5580
f 5283 5313 5237
f 5313 5239 5237
f 5313 5283 5300
f 5578 5580 5546
f 5578 5605 5580
f 5639 5662 5620
f 5274 5239 5313
f 5615 5605 5578
f 5620 5605 5615
f 5673 5678 5699
f 5673 5662 5678
f 5662 5639 5678
f 5357 5274 5313
f 5360 5274 5357
f 5678 5702 5699
f 5360 5278 5274
f 5341 5278 5360
f 5702 5694 5699
f 5403 5341 5360
f 5403 5360 5415
f 5457 5403 5415
f 5698 5699 5694
f 5446 5403 5457
f 5698 5674 5699
f 5498 5437 5446
f 5472 5437 5498
f 5679 5671 5674
f 5506 5498 5525
f 5506 5472 5498
f 5540 5525 5553
f 5540 5506 5525
f 5553 5556 5540
f 5556 5553 5585
f 5676 5684 5659
f 5684 5667 5659
f 5570 5556 5585
f 5600 5585 5597
f 5600 5570 5585
f 5647 5659 5667
f 5647 5638 5659
f 5604 5570 5600
f 5604 5600 5621
f 5621 5638 5626
f 5647 5626 5638
f 5595 5604 5621
f 5595 5621 5626
f 3492 3591 3587
f 3591 3715 3587
f 3492 3469 3591
f 3591 3826 3715
f 3826 3884 3715
f 3304 3469 3121
f 3494 3469 3304
f 2815 2658 2791
f 4038 4102 4051
f 4168 4051 4102
f 2791 2658 2606
f 2582 2791 2606
f 2493 2494 2582
f 4268 4342 4277
f 2460 2494 2444
f 4268 4302 4342
f 2405 2460 2444
f 4339 4302 4268
f 2301 2405 2406
f 2406 2405 2444
f 4339 4340 4302
f 2406 2444 2437
f 2286 2406 2407
f 2407 2406 2437
f 2353 2286 2407
f 2206 2286 2147
f 2147 2286 2353
f 2330 2147 2353
f 2147 2196 2098
f 2196 2110 2098
f 2196 2330 2245
f 2196 2147 2330
f 2200 2110 2196
f 2209 2200 2196
f 2245 2209 2196
f 4339 4353 4371
f 2209 2284 2200
f 4353 4421 4371
f 2209 2254 2284
f 4421 4353 4343
f 2254 2262 2284
f 2262 2347 2284
f 2284 2347 2409
f 4372 4421 4343
f 2409 2347 2542
f 4372 4429 4421
f 2577 2347 2262
f 2347 2615 2542
f 2347 2577 2615
f 2615 2716 2542
f 3422 3421 3343
f 3421 3422 3563
f 2577 2594 2615
f 2594 2716 2615
f 3592 3421 3563
f 3562 3592 3563
f 3693 3592 3562
f 4429 4446 4453
f 2594 2729 2716
f 3343 3206 3263
f 3421 3206 3343
f 3688 3592 3693
f 3693 3784 3688
f 4429 4394 4446
f 2729 2918 2716
f 2716 2918 2907
f 3263 3206 3063
f 2907 2918 2997
f 3063 3110 2997
f 3110 3063 3206
f 3283 3226 3206
f 3784 3788 3688
f 2876 2918 2729
f 2918 2876 2903
f 2918 2903 2997
f 3111 2907 2997
f 3111 2997 3110
f 3226 3110 3206
f 4365 4366 4394
f 4365 4280 4366
f 3164 3111 3110
f 3226 3164 3110
f 3925 3942 4091
f 3925 3827 3942
f 3827 3788 3942
f 3925 4091 4133
f 4133 4198 4280
f 4133 4091 4198
f 4365 4322 4280
f 3925 3786 3827
f 4280 4322 4133
f 4086 3925 4133
f 4322 4179 4133
f 4179 4086 4133
f 5237 5249 5288
f 5249 5282 5288
f 5282 5308 5288
f 5308 5282 5332
f 5356 5355 5332
f 5382 5355 5356
f 5157 5249 5237
f 5411 5455 5426
f 5237 5184 5157
f 5184 5237 5239
f 5382 5356 5396
f 5396 5411 5382
f 5455 5481 5470
f 5481 5517 5470
f 5508 5517 5481
f 5549 5517 5508
f 5549 5546 5517
f 5549 5578 5546
f 5615 5635 5620
f 5639 5620 5635
f 5669 5639 5635
f 5669 5678 5639
f 5206 5184 5239
f 5524 5549 5508
f 5524 5578 5549
f 5613 5615 5578
f 5635 5615 5613
f 5669 5702 5678
f 5278 5239 5274
f 5278 5250 5239
f 5561 5578 5524
f 5561 5613 5578
f 5669 5691 5702
f 5273 5250 5278
f 5341 5273 5278
f 5691 5694 5702
f 5698 5694 5691
f 5691 5705 5698
f 5341 5331 5273
f 5331 5246 5273
f 5403 5331 5341
f 5705 5696 5698
f 5334 5246 5331
f 5421 5334 5331
f 5421 5403 5437
f 5421 5331 5403
f 5446 5437 5403
f 5696 5674 5698
f 5472 5421 5437
f 5697 5674 5696
f 5422 5421 5472
f 5697 5679 5674
f 5477 5422 5472
f 5506 5477 5472
f 5700 5679 5697
f 5497 5477 5506
f 5497 5506 5540
f 5684 5676 5679
f 5497 5540 5556
f 5519 5497 5556
f 5570 5519 5556
f 5570 5548 5519
f 5562 5548 5570
f 5595 5570 5604
f 5595 5562 5570
f 5647 5643 5626
f 3469 3494 3591
f 3210 3304 3121
f 3826 4102 3884
f 2901 2993 2996
f 2993 3059 2996
f 3059 3121 2996
f 3210 3121 3059
f 4038 3884 4102
f 2791 2993 2815
f 2901 2815 2993
f 4102 4189 4168
f 2993 2791 2771
f 4226 4168 4189
f 4226 4235 4168
f 2771 2582 2699
f 2771 2791 2582
f 4226 4277 4235
f 2670 2699 2582
f 2582 2494 2670
f 2597 2670 2494
f 4267 4268 4277
f 4267 4230 4268
f 4230 4207 4268
f 2460 2597 2494
f 2460 2405 2339
f 4207 4339 4268
f 2301 2339 2405
f 2232 2301 2406
f 2103 2232 2286
f 2103 2123 2232
f 2286 2232 2406
f 2103 2286 2206
f 2103 2012 2008
f 2103 2098 2012
f 2098 2069 2012
f 2098 2103 2206
f 2098 2206 2147
f 4339 4207 4157
f 2110 2069 2098
f 2200 2125 2110
f 4343 4339 4157
f 4343 4353 4339
f 2125 2200 2284
f 2277 2284 2409
f 2409 2401 2277
f 2409 2562 2401
f 2542 2562 2409
f 2562 2542 2643
f 2643 2795 2677
f 4343 4354 4372
f 2643 2951 2795
f 2643 2542 2951
f 2542 2716 2951
f 2716 2924 2951
f 4380 4429 4372
f 2924 2716 2947
f 3592 3505 3421
f 3612 3505 3592
f 3592 3688 3612
f 4380 4394 4429
f 2907 2947 2716
f 2947 2907 3122
f 3421 3283 3206
f 3421 3505 3283
f 3505 3267 3283
f 3710 3612 3688
f 3038 3122 2907
f 3122 3038 3171
f 3267 3171 3226
f 3283 3267 3226
f 3111 3038 2907
f 3038 3164 3171
f 3038 3111 3164
f 3171 3164 3226
f 3688 3788 3723
f 4380 4365 4394
f 3788 3827 3723
f 4369 4322 4365
f 3827 3719 3723
f 3719 3827 3786
f 4369 4179 4322
f 4369 4362 4179
f 3759 3925 3923
f 3759 3786 3925
f 3923 3925 4017
f 4086 4017 3925
f 4179 4142 4086
f 4256 4142 4179
f 3786 3759 3719
f 3759 3632 3719
f 3851 3923 4017
f 3851 3759 3923
f 4017 4086 4142
f 4142 3996 4017
f 3759 3621 3632
f 3683 4017 3996
f 3683 3851 4017
f 3759 3683 3621
f 3683 3759 3851
f 3683 3599 3621
f 3996 3680 3683
f 3996 3774 3680
f 3683 3680 3599
f 5249 5265 5282
f 5265 5332 5282
f 5177 5202 5157
f 5249 5157 5202
f 5265 5249 5202
f 5356 5332 5265
f 5184 5128 5157
f 5379 5396 5356
f 5396 5425 5411
f 5455 5411 5425
f 5184 5145 5128
f 5145 5184 5206
f 5456 5455 5425
f 5481 5455 5456
f 5250 5206 5239
f 5487 5481 5456
f 5487 5508 5481
f 5652 5635 5613
f 5652 5669 5635
f 5652 5691 5669
f 5183 5145 5206
f 5250 5183 5206
f 5568 5613 5561
f 5569 5652 5613
f 5569 5644 5652
f 5644 5692 5652
f 5692 5691 5652
f 5692 5705 5691
f 5236 5183 5250
f 5273 5236 5250
f 5680 5692 5644
f 5273 5246 5236
f 5688 5696 5692
f 5680 5688 5692
f 5692 5696 5705
f 5334 5299 5246
f 5697 5696 5688
f 5688 5704 5697
f 5386 5299 5334
f 5386 5334 5421
f 5704 5690 5697
f 5361 5299 5386
f 5422 5386 5421
f 5399 5361 5386
f 5422 5399 5386
f 5690 5700 5697
f 5477 5447 5422
f 5443 5399 5422
f 5447 5443 5422
f 5447 5477 5497
f 5700 5684 5679
f 5474 5447 5497
f 5474 5443 5447
f 5474 5497 5519
f 5474 5519 5509
f 5548 5509 5519
f 5509 5469 5474
f 5562 5509 5548
f 5562 5538 5509
f 5658 5647 5667
f 5658 5643 5647
f 5595 5566 5562
f 5643 5637 5626
f 5658 5637 5643
f 5566 5538 5562
f 5658 5653 5637
f 5601 5566 5595
f 5595 5626 5633
f 5633 5626 5637
f 5653 5633 5637
f 5641 5601 5633
f 5601 5595 5633
f 5653 5641 5633
f 3813 4018 3826
f 3638 3826 3591
f 4018 4123 3826
f 4123 4239 3826
f 3210 3407 3304
f 3304 3407 3494
f 3826 4239 4102
f 3059 3211 3210
f 3210 3211 3309
f 3210 3309 3407
f 4295 4189 4102
f 2771 2819 2993
f 3059 2993 2819
f 2771 2699 2819
f 4295 4267 4189
f 4267 4226 4189
f 2819 2699 2641
f 4277 4226 4267
f 2641 2699 2670
f 2597 2641 2670
f 2468 2641 2597
f 4166 4230 4172
f 4166 4207 4230
f 2337 2468 2460
f 2460 2468 2597
f 2337 2339 2280
f 2339 2337 2460
f 2123 2280 2232
f 2232 2280 2301
f 2301 2280 2339
f 1962 2045 2008
f 2008 2123 2103
f 2008 2045 2123
f 4157 4207 4166
f 1923 1962 2008
f 2008 2012 1923
f 2012 1978 1923
f 2016 1978 2012
f 2069 2016 2012
f 2053 2016 2069
f 2110 2053 2069
f 2172 2053 2125
f 2053 2110 2125
f 2172 2125 2181
f 4215 4343 4157
f 2284 2181 2125
f 2292 2181 2277
f 2181 2284 2277
f 2467 2277 2401
f 2467 2401 2470
f 2470 2401 2562
f 2562 2837 2634
f 4343 4215 4254
f 2837 2562 2677
f 2562 2643 2677
f 4254 4354 4343
f 2795 2837 2677
f 4320 4354 4254
f 2795 2925 2837
f 2795 2951 2925
f 4320 4372 4354
f 2951 2924 3123
f 2924 3122 3123
f 3123 3122 3196
f 4320 4380 4372
f 2924 2947 3122
f 3612 3414 3505
f 3612 3627 3414
f 3627 3612 3671
f 3267 3414 3326
f 3505 3414 3267
f 3710 3671 3612
f 4338 4380 4320
f 3171 3196 3122
f 3196 3171 3267
f 3326 3196 3267
f 3710 3688 3723
f 3714 3710 3723
f 4375 4365 4380
f 4375 4369 4365
f 3714 3723 3719
f 4375 4362 4369
f 4362 4256 4179
f 3634 3657 3632
f 3657 3719 3632
f 4362 4319 4256
f 4256 4244 4142
f 4319 4244 4256
f 3539 3573 3621
f 4142 4127 3996
f 4244 4127 4142
f 4244 4217 4127
f 3479 3539 3621
f 3996 4104 3774
f 4104 3996 4127
f 4217 4104 4127
f 3621 3510 3479
f 3510 3445 3479
f 3510 3621 3599
f 4217 4196 4104
f 3383 3445 3510
f 3418 3510 3599
f 3680 3418 3599
f 3861 3774 4104
f 3861 4104 4117
f 4196 4117 4104
f 3510 3418 3383
f 3418 3358 3383
f 3513 3680 3664
f 3513 3418 3680
f 3664 3680 3774
f 3372 3358 3418
f 3372 3253 3358
f 3372 3418 3513
f 3861 4117 4081
f 3372 3291 3253
f 3291 3372 3513
f 3291 3513 3664
f 3664 3774 3861
f 4041 3861 4081
f 3214 3253 3291
f 3291 3184 3214
f 3277 3291 3664
f 3664 3861 3797
f 3797 3861 4041
f 3291 3277 3184
f 3277 3664 3416
f 3717 3664 3797
f 4041 4105 3797
f 3416 3664 3717
f 4105 3905 3797
f 3717 3797 3905
f 3850 3717 3905
f 5143 5171 5177
f 5190 5202 5177
f 5190 5227 5202
f 5227 5265 5202
f 5095 5143 5123
f 5143 5157 5123
f 5177 5157 5143
f 5171 5190 5177
f 5227 5272 5265
f 5272 5336 5265
f 5336 5356 5265
f 5128 5123 5157
f 5336 5379 5356
f 5145 5028 5128
f 5368 5379 5336
f 5379 5425 5396
f 5102 5028 5145
f 5391 5425 5379
f 5183 5138 5145
f 5487 5516 5508
f 5516 5524 5508
f 5138 5102 5145
f 5452 5456 5425
f 5452 5471 5456
f 5471 5487 5456
f 5516 5561 5524
f 5516 5547 5561
f 5547 5568 5561
f 5485 5487 5471
f 5485 5516 5487
f 5485 5534 5516
f 5534 5547 5516
f 5569 5613 5568
f 5612 5644 5569
f 5176 5138 5183
f 5236 5176 5183
f 5547 5569 5568
f 5680 5644 5612
f 5236 5246 5203
f 5299 5203 5246
f 5680 5704 5688
f 5203 5176 5236
f 5606 5632 5612
f 5632 5680 5612
f 5666 5680 5632
f 5666 5704 5680
f 5666 5690 5704
f 5299 5213 5203
f 5213 5299 5361
f 5690 5666 5687
f 5700 5690 5687
f 5687 5706 5700
f 5263 5361 5399
f 5263 5213 5361
f 5706 5708 5700
f 5271 5263 5399
f 5708 5701 5700
f 5701 5684 5700
f 5262 5271 5399
f 5262 5399 5443
f 5474 5459 5443
f 5689 5684 5701
f 5689 5667 5684
f 5459 5262 5443
f 5469 5459 5474
f 5459 5306 5262
f 5358 5459 5469
f 5689 5658 5667
f 5306 5459 5358
f 5444 5469 5475
f 5444 5358 5469
f 5475 5509 5499
f 5475 5469 5509
f 5499 5509 5538
f 5689 5670 5658
f 5670 5653 5658
f 5378 5358 5444
f 5522 5538 5542
f 5566 5542 5538
f 5420 5378 5444
f 5475 5462 5444
f 5522 5499 5538
f 5542 5566 5601
f 5653 5663 5641
f 5670 5663 5653
f 5462 5420 5444
f 5520 5499 5522
f 5565 5542 5601
f 5565 5601 5614
f 5614 5601 5641
f 5520 5522 5542
f 5520 5542 5565
f 5614 5641 5649
f 5649 5641 5663
f 5670 5649 5663
f 5657 5625 5649
f 5625 5614 5649
f 5670 5657 5649
f 4298 4123 4018
f 3638 3813 3826
f 3877 4018 3813
f 4298 4398 4123
f 3494 3501 3591
f 3501 3572 3591
f 3638 3591 3572
f 4123 4398 4239
f 3501 3494 3407
f 4392 4239 4398
f 3211 3231 3309
f 3309 3501 3407
f 4392 4295 4239
f 4239 4295 4102
f 4392 4379 4295
f 3050 3211 3059
f 4379 4341 4295
f 2819 2879 3059
f 2879 3050 3059
f 4267 4295 4341
f 2819 2793 2879
f 2819 2641 2793
f 4267 4250 4230
f 2551 2628 2545
f 2628 2641 2545
f 2793 2641 2628
f 2468 2545 2641
f 2240 2294 2337
f 2545 2468 2337
f 2186 2240 2280
f 2280 2240 2337
f 4172 4139 4166
f 2057 2186 2123
f 2057 2035 2186
f 2123 2186 2280
f 1944 1962 1922
f 1962 1944 2045
f 2045 1944 2057
f 2045 2057 2123
f 4139 4032 4166
f 1884 1922 1962
f 1884 1923 1767
f 4032 4157 4166
f 1923 1884 1962
f 1872 1780 1923
f 1924 1872 1923
f 1923 1978 1924
f 1975 1924 1978
f 1975 1978 2016
f 2026 1975 2016
f 2053 2026 2016
f 2153 2026 2053
f 2227 2172 2181
f 2227 2181 2292
f 2292 2467 2397
f 2292 2277 2467
f 4144 4215 4157
f 2552 2467 2705
f 2562 2467 2470
f 2705 2467 2634
f 2467 2562 2634
f 4215 4144 4159
f 2705 2634 2776
f 2837 2776 2634
f 2776 2837 2933
f 4215 4159 4254
f 2925 2933 2837
f 4236 4320 4254
f 2933 2925 3280
f 2925 2951 3280
f 2951 3123 3280
f 3123 3196 3344
f 3671 3525 3627
f 3671 3697 3525
f 3697 3671 3734
f 4320 4236 4252
f 3326 3344 3196
f 3326 3417 3344
f 3326 3414 3417
f 3525 3417 3414
f 3525 3414 3627
f 3671 3710 3734
f 4338 4320 4252
f 3710 3745 3734
f 3710 3714 3745
f 4338 4238 4380
f 4238 4375 4380
f 4238 4346 4375
f 3709 3745 3714
f 3709 3714 3719
f 3657 3709 3719
f 4346 4362 4375
f 3634 3656 3657
f 4319 4362 4346
f 4359 4319 4346
f 4333 4244 4319
f 4359 4333 4319
f 3573 3632 3621
f 3573 3634 3632
f 3539 3554 3573
f 4261 4217 4244
f 4261 4196 4217
f 4261 4266 4196
f 4266 4117 4196
f 3293 3358 3253
f 3214 3293 3253
f 4081 4117 4192
f 4266 4192 4117
f 4041 4081 4192
f 4266 4348 4192
f 2974 3212 3184
f 3212 3214 3184
f 4105 4041 4192
f 4348 4383 4192
f 3028 2974 3184
f 3028 3184 3020
f 3277 3020 3184
f 3905 4105 4192
f 3028 2941 2974
f 4106 3905 4192
f 4106 4192 4390
f 4383 4390 4192
f 3028 3020 2941
f 3020 2865 2941
f 3020 3277 3416
f 3416 3717 3850
f 3850 3905 4106
f 3071 2991 3020
f 2991 2865 3020
f 3071 3020 3416
f 3419 3416 3850
f 4021 3850 4106
f 4203 4106 4390
f 4203 4390 4497
f 4462 4497 4390
f 5078 5097 5095
f 5097 5114 5095
f 3245 3071 3416
f 3245 3416 3419
f 3419 3850 3502
f 4021 4106 4203
f 5051 5078 5047
f 5078 5095 5047
f 5114 5143 5095
f 5114 5144 5143
f 5171 5143 5144
f 5190 5171 5144
f 3502 3850 3676
f 3676 3850 3952
f 3952 3850 4021
f 4021 4203 4311
f 4203 4497 4640
f 4553 4640 4497
f 5047 5095 5128
f 5128 5095 5123
f 5209 5227 5190
f 5209 5272 5227
f 3757 3676 3952
f 4311 4203 4404
f 4404 4203 4640
f 4553 4614 4640
f 5028 4995 5047
f 5028 5047 5128
f 5264 5272 5209
f 5264 5336 5272
f 3930 3757 3952
f 3952 4021 4107
f 4107 4021 4311
f 4995 4960 4897
f 4960 4995 5028
f 5264 5368 5336
f 3930 3952 4107
f 4313 4107 4311
f 4313 4311 4404
f 5320 5368 5264
f 5391 5379 5368
f 5427 5425 5391
f 4313 4404 4620
f 4404 4732 4620
f 4404 4640 4732
f 4640 4774 4732
f 5427 5452 5425
f 4287 4107 4313
f 4960 5028 5041
f 5041 5028 5102
f 5041 5102 5138
f 5390 5391 5368
f 5390 5427 5391
f 4473 4287 4313
f 4690 4313 4620
f 4690 4473 4313
f 4957 4960 5041
f 5041 5138 5176
f 4690 4620 4732
f 4690 4732 4835
f 4835 4732 4914
f 4835 4914 4953
f 4914 4957 4953
f 5451 5485 5471
f 5451 5511 5485
f 5511 5534 5485
f 5511 5543 5534
f 5543 5547 5534
f 4628 4473 4690
f 4953 4957 5041
f 5543 5557 5547
f 5569 5547 5557
f 5593 5612 5569
f 5593 5606 5612
f 4719 4628 4690
f 4813 4719 4690
f 4813 4690 4835
f 4813 4835 4953
f 4813 4953 5041
f 4956 5041 5176
f 4813 5041 4956
f 5550 5569 5557
f 5569 5576 5593
f 5576 5606 5593
f 5591 5632 5606
f 4814 4719 4813
f 4858 4814 4813
f 5550 5576 5569
f 5632 5681 5666
f 5681 5687 5666
f 5681 5706 5687
f 4956 4858 4813
f 5077 4956 5176
f 5681 5693 5706
f 4964 4858 4956
f 5077 5176 5203
f 5077 5203 5213
f 5693 5708 5706
f 5006 4964 4956
f 5077 5006 4956
f 5077 5213 5151
f 5151 5213 5263
f 5701 5708 5693
f 5707 5701 5693
f 5061 5006 5077
f 5151 5263 5271
f 5151 5112 5077
f 5112 5061 5077
f 5152 5112 5151
f 5225 5151 5271
f 5707 5710 5701
f 5710 5689 5701
f 5225 5152 5151
f 5225 5271 5262
f 5710 5695 5689
f 5255 5225 5262
f 5255 5221 5225
f 5221 5152 5225
f 5255 5262 5306
f 5255 5306 5358
f 5695 5670 5689
f 5305 5268 5255
f 5268 5221 5255
f 5305 5255 5358
f 5305 5307 5268
f 5307 5314 5268
f 5307 5305 5358
f 5307 5358 5378
f 5475 5499 5462
f 5338 5314 5307
f 5362 5307 5378
f 5362 5338 5307
f 5362 5378 5420
f 5408 5420 5462
f 5462 5499 5495
f 5495 5499 5520
f 5592 5565 5614
f 5388 5338 5362
f 5408 5362 5420
f 5408 5388 5362
f 5408 5462 5495
f 5520 5565 5592
f 5592 5614 5625
f 5625 5657 5650
f 5670 5675 5657
f 5675 5650 5657
f 5466 5408 5495
f 5466 5495 5520
f 5599 5466 5592
f 5466 5520 5592
f 5599 5592 5625
f 5629 5599 5625
f 5650 5629 5625
f 4216 4018 3877
f 4216 4298 4018
f 4298 4216 4327
f 4327 4532 4298
f 3638 3783 3813
f 3783 3877 3813
f 4298 4532 4471
f 4398 4298 4471
f 4398 4471 4532
f 3356 3572 3501
f 4398 4532 4392
f 4522 4392 4532
f 3501 3309 3356
f 4522 4447 4392
f 4447 4379 4392
f 3231 3211 3050
f 4447 4382 4379
f 4367 4341 4379
f 4250 4267 4341
f 2551 2545 2340
f 2294 2340 2337
f 2337 2340 2545
f 4099 4111 4172
f 4111 4072 4139
f 4111 4139 4172
f 1967 2005 2035
f 1877 1967 1944
f 1944 2035 2057
f 1944 1967 2035
f 1764 1877 1922
f 1922 1877 1944
f 4072 4032 4139
f 4072 4007 4032
f 1764 1922 1884
f 1645 1764 1767
f 1767 1764 1884
f 1780 1557 1645
f 1780 1645 1767
f 1780 1767 1923
f 1776 1557 1780
f 1872 1776 1780
f 1872 1924 1981
f 4064 4157 4032
f 1975 1981 1924
f 1981 1975 2026
f 2153 2053 2172
f 2331 2153 2227
f 2153 2172 2227
f 2292 2342 2227
f 2342 2292 2397
f 2342 2397 2514
f 4064 4144 4157
f 2467 2514 2397
f 2514 2467 2552
f 4144 4064 4071
f 2730 2705 2776
f 2730 2776 2845
f 4144 4071 4159
f 2933 2845 2776
f 2845 2933 3006
f 3280 3006 2933
f 4159 4119 4254
f 3006 3280 3255
f 3280 3340 3255
f 4119 4236 4254
f 3280 3123 3340
f 3340 3417 3402
f 3697 3649 3402
f 3649 3697 3731
f 3344 3340 3123
f 3340 3344 3417
f 3417 3697 3402
f 4236 4119 4153
f 3697 3417 3525
f 3734 3731 3697
f 4236 4153 4252
f 4252 4238 4338
f 3768 3734 3745
f 3709 3768 3745
f 4253 4346 4238
f 4285 4346 4253
f 4285 4359 4346
f 3622 3656 3634
f 4285 4333 4359
f 3622 3634 3573
f 3554 3585 3573
f 3585 3622 3573
f 3496 3554 3539
f 3479 3496 3539
f 3445 3496 3479
f 4334 4266 4261
f 3362 3383 3358
f 3362 3445 3383
f 3293 3311 3358
f 3311 3362 3358
f 3212 3293 3214
f 4383 4373 4433
f 4383 4348 4373
f 3049 3212 2974
f 4433 4489 4383
f 2942 3049 2974
f 2803 2840 2941
f 2840 2942 2941
f 2942 2974 2941
f 4383 4489 4390
f 4489 4616 4390
f 2941 2838 2803
f 2838 2941 2865
f 4390 4616 4462
f 4616 4673 4462
f 2734 2803 2838
f 4462 4673 4497
f 5003 5036 5051
f 5036 5044 5051
f 5044 5062 5051
f 2838 2780 2734
f 2780 2712 2734
f 2780 2838 2865
f 4553 4497 4673
f 4810 4766 4673
f 4910 5003 4884
f 5003 4995 4884
f 4995 5051 5047
f 4995 5003 5051
f 5062 5083 5078
f 5051 5062 5078
f 5097 5083 5103
f 5097 5078 5083
f 5114 5097 5103
f 2767 2712 2780
f 2780 2865 2991
f 4614 4673 4766
f 4856 4774 4766
f 4856 4863 4774
f 4863 4856 4884
f 4897 4884 4995
f 5110 5114 5103
f 5144 5114 5110
f 2991 2767 2780
f 4553 4673 4614
f 4863 4884 4897
f 5209 5190 5144
f 2922 2767 2991
f 3098 2922 3071
f 2922 2991 3071
f 3198 3071 3245
f 3198 3098 3071
f 3245 3419 3316
f 3316 3419 3502
f 4640 4614 4766
f 4640 4766 4774
f 4914 4897 4960
f 5168 5209 5144
f 5168 5217 5209
f 5264 5209 5217
f 3198 3245 3316
f 3700 3502 3676
f 3700 3676 3757
f 4863 4897 4914
f 3432 3316 3502
f 3432 3502 3700
f 3757 3930 3948
f 3948 3930 4107
f 5217 5320 5264
f 3796 3700 3757
f 3907 3796 3948
f 3796 3757 3948
f 3948 4107 4089
f 4089 4107 4287
f 4732 4863 4914
f 4732 4774 4863
f 5293 5320 5217
f 5293 5345 5320
f 5345 5368 5320
f 5390 5368 5345
f 3907 3948 4089
f 4328 4089 4287
f 4328 4287 4473
f 4914 4960 4957
f 4181 4089 4328
f 4411 4181 4328
f 5349 5390 5345
f 5390 5451 5427
f 5451 5452 5427
f 5451 5471 5452
f 4496 4411 4473
f 4411 4328 4473
f 4628 4496 4473
f 5414 5451 5390
f 4636 4496 4628
f 5349 5414 5390
f 5375 5414 5349
f 5504 5511 5451
f 4745 4636 4628
f 4745 4628 4719
f 5467 5451 5414
f 5467 5504 5451
f 5504 5530 5511
f 5530 5543 5511
f 5530 5557 5543
f 4781 4745 4719
f 4781 4719 4814
f 4825 4814 4858
f 5530 5550 5557
f 5591 5606 5576
f 4901 4825 4858
f 4901 4858 4964
f 5645 5632 5591
f 5665 5632 5645
f 5665 5681 5632
f 5665 5693 5681
f 4963 4901 4964
f 4963 5006 5030
f 4963 4964 5006
f 5665 5707 5693
f 5061 5030 5006
f 5052 5030 5061
f 5685 5665 5645
f 5665 5685 5707
f 5133 5052 5061
f 5112 5133 5061
f 5707 5685 5709
f 5133 5152 5146
f 5133 5112 5152
f 5709 5710 5707
f 5703 5710 5709
f 5220 5146 5152
f 5703 5695 5710
f 5221 5220 5152
f 5281 5220 5221
f 5268 5281 5221
f 5703 5686 5695
f 5297 5281 5268
f 5686 5670 5695
f 5268 5314 5297
f 5314 5311 5297
f 5686 5675 5670
f 5686 5656 5675
f 5311 5314 5338
f 5353 5338 5388
f 5311 5338 5353
f 5353 5388 5402
f 5599 5619 5583
f 5599 5629 5619
f 5629 5656 5619
f 5629 5650 5656
f 5656 5650 5675
f 5408 5402 5388
f 5417 5402 5408
f 5417 5408 5466
f 5573 5417 5466
f 5573 5466 5599
f 5583 5573 5599
f 4173 4216 4058
f 4216 4291 4327
f 4216 4173 4291
f 4389 4327 4291
f 3877 4058 4216
f 3877 3834 4058
f 4532 4327 4389
f 4389 4520 4532
f 3834 3877 3783
f 3572 3620 3638
f 3783 3638 3620
f 3522 3620 3572
f 4531 4532 4520
f 3572 3356 3522
f 4531 4522 4532
f 4531 4508 4522
f 3309 3276 3356
f 4508 4447 4522
f 3073 3202 3231
f 3309 3202 3276
f 3309 3231 3202
f 4508 4382 4447
f 2976 3073 3050
f 3231 3050 3073
f 2868 2976 2879
f 3050 2879 2976
f 4382 4367 4379
f 4382 4341 4367
f 2676 2868 2793
f 2868 2879 2793
f 2793 2628 2676
f 2551 2647 2628
f 2240 2273 2294
f 2273 2340 2294
f 4112 4099 4172
f 2005 2133 2035
f 2035 2133 2186
f 3997 4072 4111
f 1877 1916 1967
f 3997 4007 4072
f 1764 1825 1877
f 1713 1764 1666
f 1825 1764 1713
f 1556 1666 1645
f 1645 1666 1764
f 4007 3903 4032
f 1557 1556 1645
f 1610 1776 1683
f 1610 1557 1776
f 3903 3969 4032
f 3969 4064 4032
f 1872 1829 1776
f 1829 1683 1776
f 1829 1872 1981
f 1829 1981 2118
f 2026 2118 1981
f 2118 2026 2153
f 2197 2118 2153
f 2197 2331 2375
f 2197 2153 2331
f 2331 2227 2342
f 2514 2552 2616
f 4064 3969 3980
f 2705 2616 2552
f 2719 2616 2730
f 2616 2705 2730
f 3980 4071 4064
f 3980 4159 4071
f 2934 2845 3006
f 2934 3006 3092
f 3092 3006 3255
f 3329 3255 3340
f 3329 3340 3440
f 3980 3886 4159
f 3340 3402 3440
f 3886 4035 4159
f 4035 4119 4159
f 3579 3440 3402
f 3636 3579 3649
f 3579 3402 3649
f 3649 3651 3636
f 3731 3651 3649
f 3736 3651 3731
f 4075 4153 4119
f 3736 3731 3734
f 3735 3736 3734
f 4075 4252 4153
f 4075 4138 4252
f 4138 4238 4252
f 4238 4138 4160
f 4160 4253 4238
f 4160 4229 4253
f 4229 4285 4253
f 3656 3709 3657
f 3622 3679 3656
f 4273 4333 4285
f 4273 4244 4333
f 4273 4261 4244
f 3541 3554 3496
f 3541 3585 3554
f 4251 4261 4273
f 4334 4261 4251
f 3362 3395 3445
f 4266 4334 4348
f 4348 4334 4373
f 3212 3227 3293
f 3311 3293 3227
f 3212 3195 3227
f 3049 3195 3212
f 3049 2942 2840
f 4616 4685 4673
f 4727 4810 4685
f 4727 4760 4810
f 4760 4874 4810
f 4673 4685 4810
f 4810 4874 4856
f 4856 4874 4884
f 4874 4910 4884
f 4874 4925 4910
f 4925 4988 4910
f 2712 2651 2734
f 4766 4810 4856
f 4988 5003 4910
f 5036 4988 5034
f 5003 4988 5036
f 5034 5044 5036
f 5044 5083 5062
f 2712 2640 2651
f 2767 2640 2712
f 5083 5044 5034
f 5079 5083 5034
f 5079 5103 5083
f 5110 5103 5079
f 2769 2640 2767
f 2922 2769 2767
f 5168 5144 5110
f 2913 2769 2922
f 2913 2922 3098
f 3198 2913 3098
f 5217 5168 5174
f 3198 3316 3338
f 3432 3338 3316
f 5174 5168 5110
f 3528 3338 3432
f 3570 3528 3432
f 3570 3432 3700
f 3796 3570 3700
f 3829 3570 3796
f 3907 3829 3796
f 5187 5217 5174
f 5187 5293 5217
f 3973 3829 3907
f 4181 3973 4089
f 3973 3907 4089
f 4357 4181 4411
f 5187 5252 5293
f 4357 4496 4458
f 4357 4411 4496
f 5344 5345 5293
f 5344 5349 5345
f 4636 4569 4496
f 4569 4458 4496
f 4569 4636 4687
f 5252 5235 5293
f 5235 5344 5293
f 4745 4687 4636
f 4757 4687 4745
f 5238 5344 5235
f 5344 5375 5349
f 4781 4757 4745
f 4841 4781 4814
f 4841 4757 4781
f 4825 4841 4814
f 4894 4825 4901
f 4841 4825 4894
f 5351 5375 5344
f 5351 5414 5375
f 4948 4901 4963
f 4894 4901 4948
f 4948 4963 4991
f 5351 5394 5414
f 5394 5467 5414
f 5394 5504 5467
f 4991 4963 5030
f 4991 5030 5048
f 5505 5550 5530
f 5505 5576 5550
f 5048 5030 5052
f 5394 5480 5504
f 5480 5530 5504
f 5048 5052 5098
f 5480 5505 5530
f 5591 5576 5505
f 5591 5577 5645
f 5677 5685 5645
f 5133 5098 5052
f 5677 5709 5685
f 5125 5098 5146
f 5098 5133 5146
f 5125 5146 5197
f 5505 5577 5591
f 5677 5645 5577
f 5199 5197 5232
f 5521 5577 5505
f 5677 5683 5709
f 5683 5703 5709
f 5220 5197 5146
f 5197 5231 5232
f 5197 5220 5231
f 5531 5577 5521
f 5531 5616 5577
f 5616 5677 5577
f 5616 5683 5677
f 5232 5231 5323
f 5507 5528 5531
f 5528 5616 5531
f 5616 5668 5683
f 5281 5231 5220
f 5281 5323 5231
f 5281 5297 5323
f 5366 5412 5348
f 5528 5541 5616
f 5541 5575 5616
f 5575 5628 5616
f 5628 5668 5616
f 5668 5686 5683
f 5683 5686 5703
f 5297 5348 5323
f 5297 5366 5348
f 5492 5528 5507
f 5297 5311 5366
f 5311 5353 5366
f 5417 5492 5412
f 5492 5541 5528
f 5668 5628 5656
f 5668 5656 5686
f 5412 5366 5353
f 5412 5353 5402
f 5412 5402 5417
f 5503 5492 5417
f 5503 5541 5492
f 5503 5575 5541
f 5628 5575 5583
f 5628 5583 5619
f 5628 5619 5656
f 5575 5503 5573
f 5503 5417 5573
f 5575 5573 5583
f 4307 4308 4306
f 4308 4358 4306
f 4023 4163 4058
f 4305 4307 4306
f 4358 4305 4306
f 3814 4023 3834
f 4058 3834 4023
f 4163 4173 4058
f 4163 4281 4173
f 4281 4291 4173
f 4291 4374 4389
f 4291 4281 4374
f 4374 4520 4389
f 3834 3783 3814
f 4417 4520 4374
f 4417 4531 4520
f 3276 3367 3356
f 3522 3356 3367
f 4417 4508 4531
f 4382 4508 4180
f 4180 4258 4382
f 4258 4341 4382
f 2676 2628 2647
f 4258 4250 4341
f 4258 4186 4250
f 4186 4230 4250
f 2463 2551 2340
f 2647 2551 2463
f 4186 4172 4230
f 4186 4112 4172
f 2133 2164 2186
f 2164 2212 2186
f 2212 2240 2186
f 2273 2240 2212
f 2005 2028 2133
f 3955 4111 4099
f 1967 2014 2005
f 3955 3997 4111
f 1850 1950 1916
f 1950 1967 1916
f 1692 1850 1825
f 1850 1877 1825
f 1916 1877 1850
f 3955 3943 3997
f 3943 4007 3997
f 1633 1713 1666
f 1825 1713 1692
f 1633 1666 1556
f 3943 3903 4007
f 1556 1450 1448
f 1450 1556 1557
f 1564 1400 1557
f 1400 1450 1557
f 1564 1557 1610
f 1564 1610 1683
f 3894 3969 3903
f 1887 1829 2118
f 2094 2118 2197
f 2342 2375 2331
f 2430 2375 2342
f 2430 2514 2524
f 2430 2342 2514
f 2616 2524 2514
f 3894 3980 3969
f 2719 2730 2874
f 2845 2874 2730
f 2977 2874 2934
f 2874 2845 2934
f 2977 2934 3092
f 3262 3092 3255
f 3255 3329 3262
f 3329 3440 3411
f 3411 3440 3579
f 3571 3411 3579
f 3579 3636 3571
f 4035 4075 4119
f 3651 3736 3692
f 3736 3735 3692
f 3754 3722 3735
f 4043 4138 4075
f 4138 4043 4073
f 3752 3735 3734
f 3752 3754 3735
f 4073 4160 4138
f 3752 3734 3768
f 4073 4229 4160
f 3709 3716 3768
f 3716 3752 3768
f 4073 4140 4229
f 4229 4140 4162
f 4162 4285 4229
f 4162 4273 4285
f 4161 4232 4162
f 4162 4232 4273
f 4273 4232 4251
f 3445 3397 3496
f 3395 3397 3445
f 3395 3362 3397
f 3311 3227 3362
f 4373 4334 4439
f 3143 3227 3195
f 4433 4373 4439
f 4439 4616 4433
f 3143 3195 2975
f 4489 4433 4616
f 2840 2975 3049
f 3195 3049 2975
f 2735 2975 2840
f 4715 4727 4616
f 2803 2735 2840
f 4616 4727 4685
f 4727 4715 4760
f 4715 4803 4760
f 4865 4760 4803
f 4865 4874 4760
f 4865 4925 4874
f 2734 2735 2803
f 2651 2735 2734
f 4919 4988 4925
f 4925 4865 4919
f 5034 4919 4950
f 5034 4988 4919
f 2651 2640 2591
f 2640 2593 2591
f 4981 5034 4950
f 5079 5034 4981
f 5002 5079 4981
f 2721 2593 2640
f 2640 2769 2721
f 5043 5079 5002
f 5091 5079 5043
f 5091 5110 5079
f 2790 2721 2769
f 2790 2769 2913
f 5091 5174 5110
f 3043 2870 2913
f 3043 2913 3198
f 3043 3198 3338
f 3381 3338 3528
f 5054 5091 5043
f 5137 5174 5091
f 3461 3381 3528
f 3461 3528 3570
f 5113 5091 5054
f 5113 5137 5091
f 5137 5187 5174
f 3973 3908 3829
f 4026 3908 3973
f 4026 3973 4181
f 4026 4181 4240
f 4357 4240 4181
f 4450 4240 4458
f 4240 4357 4458
f 4539 4458 4569
f 4450 4458 4539
f 4539 4569 4687
f 4539 4687 4671
f 5135 5137 5113
f 5135 5187 5137
f 4671 4687 4773
f 4855 4773 4841
f 5135 5167 5187
f 5235 5187 5167
f 5235 5252 5187
f 4757 4773 4687
f 4757 4841 4773
f 4855 4841 4878
f 5150 5167 5135
f 4841 4894 4878
f 4894 4936 4878
f 4894 4948 4936
f 4948 5000 4936
f 4948 5009 5000
f 5009 5059 5000
f 5238 5235 5167
f 5238 5351 5344
f 5009 4948 4991
f 5009 5058 5059
f 5058 5065 5059
f 5058 5121 5065
f 5142 5058 5155
f 5121 5058 5142
f 5142 5195 5167
f 5195 5238 5167
f 5195 5276 5238
f 5276 5351 5238
f 5058 5009 5048
f 5009 4991 5048
f 5125 5155 5058
f 5155 5194 5142
f 5194 5195 5142
f 5194 5276 5195
f 5276 5394 5351
f 5058 5048 5125
f 5242 5276 5194
f 5335 5394 5276
f 5098 5125 5048
f 5155 5199 5194
f 5199 5242 5194
f 5242 5335 5276
f 5335 5381 5394
f 5381 5480 5394
f 5197 5155 5125
f 5155 5197 5199
f 5381 5429 5480
f 5429 5505 5480
f 5199 5251 5242
f 5199 5232 5251
f 5251 5335 5242
f 5521 5505 5429
f 5251 5232 5323
f 5323 5335 5251
f 5323 5381 5335
f 5348 5381 5323
f 5348 5429 5381
f 5429 5507 5521
f 5507 5531 5521
f 5412 5429 5348
f 5412 5507 5429
f 5507 5412 5492
f 4307 4358 4308
f 4199 4281 4163
f 4307 4305 4358
f 3814 3954 4023
f 4023 3954 4135
f 4135 4163 4023
f 4135 4199 4163
f 4199 4374 4281
f 3620 3762 3783
f 3620 3615 3762
f 3783 3762 3814
f 4374 4199 4135
f 3552 3615 3522
f 3522 3615 3620
f 3522 3367 3458
f 3458 3552 3522
f 4374 4167 4417
f 4167 4317 4417
f 4317 4508 4417
f 2823 3041 3073
f 3202 3073 3041
f 4317 4180 4508
f 2976 2868 2823
f 3073 2976 2823
f 2676 2619 2868
f 4098 4258 4180
f 2463 2546 2647
f 2647 2546 2676
f 4016 4258 4098
f 4016 4186 4258
f 2349 2340 2273
f 2463 2340 2349
f 4112 4016 3922
f 4186 4016 4112
f 2164 2133 2028
f 2028 2005 2014
f 2014 1967 1950
f 1692 1713 1633
f 1633 1556 1491
f 1491 1448 1397
f 1556 1448 1491
f 3943 3894 3903
f 1397 1448 1450
f 1400 1346 1450
f 1887 1839 1779
f 1839 1887 1854
f 1631 1520 1564
f 1779 1631 1564
f 1779 1564 1683
f 1779 1683 1829
f 1887 1779 1829
f 1930 1854 1887
f 1930 1887 2118
f 1930 2118 2094
f 1520 1400 1564
f 2197 2375 2265
f 2430 2265 2375
f 2719 2696 2616
f 2696 2524 2616
f 2696 2719 2874
f 3154 2977 3262
f 2977 3092 3262
f 3390 3262 3329
f 3390 3154 3262
f 3411 3390 3329
f 3894 3886 3980
f 3411 3448 3390
f 3411 3571 3448
f 3636 3382 3571
f 3651 3382 3636
f 4035 3886 3844
f 3844 4075 4035
f 3692 3722 3644
f 3735 3722 3692
f 3946 4043 4075
f 4043 3946 4073
f 3754 3716 3722
f 3985 4059 4073
f 3754 3752 3716
f 4059 4140 4073
f 3679 3716 3709
f 4140 4059 4074
f 3679 3709 3656
f 4074 4162 4140
f 3622 3631 3679
f 4074 4097 4162
f 3569 3631 3622
f 4124 4161 4097
f 4097 4161 4162
f 3569 3622 3585
f 3541 3569 3585
f 3490 3541 3496
f 3490 3569 3541
f 4232 4161 4233
f 4233 4251 4232
f 4251 4316 4334
f 4251 4233 4316
f 3362 3251 3397
f 3133 3251 3227
f 3251 3362 3227
f 3227 3143 3133
f 2962 3143 2975
f 4651 4616 4439
f 2975 2735 2962
f 4651 4715 4616
f 4669 4792 4715
f 4715 4792 4803
f 4803 4792 4817
f 4817 4865 4803
f 2558 2651 2591
f 2735 2651 2558
f 4919 4865 4817
f 4875 4919 4817
f 4950 4919 4875
f 2593 2529 2591
f 2721 2599 2593
f 2790 2744 2721
f 2870 2744 2790
f 2870 2790 2913
f 4942 5043 5002
f 3043 3076 2870
f 3076 2985 2870
f 3076 3338 3381
f 3076 3043 3338
f 4942 5054 5043
f 3461 3553 3381
f 3803 3829 3908
f 3803 3570 3829
f 3964 3908 4050
f 4942 5027 5054
f 5113 5054 5027
f 4026 4050 3908
f 4050 4026 4240
f 4504 4050 4240
f 4504 4240 4450
f 4504 4539 4549
f 4504 4450 4539
f 4539 4693 4549
f 4693 4539 4671
f 4786 4693 4671
f 4944 5029 5027
f 5029 5113 5027
f 5029 5076 5113
f 5076 5135 5113
f 4773 4786 4671
f 4786 4773 4855
f 4944 5000 5029
f 4944 4878 4936
f 4944 4936 5000
f 5000 5076 5029
f 5000 5059 5076
f 5076 5150 5135
f 5059 5121 5076
f 5121 5150 5076
f 5121 5059 5065
f 5142 5150 5121
f 5142 5167 5150
f 3921 4135 3954
f 3615 3845 3762
f 3845 3921 3762
f 3921 3814 3762
f 3954 3814 3921
f 4079 4135 3921
f 4079 4374 4135
f 3615 3552 3565
f 3615 3565 3845
f 4079 4167 4374
f 3367 3497 3458
f 3219 3305 3276
f 3367 3276 3305
f 3367 3305 3497
f 3202 3116 3219
f 3202 3041 3116
f 3276 3202 3219
f 4180 4317 4167
f 3041 2823 2940
f 2619 2710 2868
f 2823 2868 2710
f 2619 2676 2546
f 3831 4112 3922
f 4099 3831 3675
f 3831 4099 4112
f 3675 3744 4099
f 3744 3955 4099
f 1950 1850 1867
f 1850 1692 1761
f 3744 3943 3955
f 1761 1692 1633
f 1491 1504 1633
f 1333 1491 1397
f 3660 3894 3943
f 1397 1450 1333
f 1450 1346 1333
f 1346 1289 1333
f 1267 1289 1346
f 1839 1854 1870
f 1930 1870 1854
f 1930 2094 1992
f 1992 2094 2115
f 1400 1267 1346
f 1671 1631 1779
f 1870 1671 1839
f 1671 1779 1839
f 2165 2094 2197
f 2165 2115 2094
f 2165 2265 2166
f 2165 2197 2265
f 1434 1373 1400
f 1434 1400 1520
f 2358 2430 2491
f 2358 2265 2430
f 2491 2430 2524
f 2681 2524 2696
f 2681 2696 2874
f 2882 2681 2874
f 3096 2882 2977
f 2882 2874 2977
f 3096 2977 3154
f 3157 3096 3154
f 3325 3157 3154
f 3154 3390 3325
f 3582 3886 3894
f 3390 3448 3325
f 3448 3333 3325
f 3582 3809 3886
f 3314 3333 3448
f 3448 3571 3314
f 3571 3382 3314
f 3886 3809 3844
f 3692 3444 3651
f 3602 3444 3692
f 3692 3644 3602
f 3889 4073 3946
f 3722 3601 3644
f 3889 3949 4073
f 3716 3601 3722
f 3949 3985 4073
f 3986 4059 3985
f 3679 3601 3716
f 4059 3986 3990
f 3990 4074 4059
f 4048 4097 3990
f 3990 4097 4074
f 3601 3631 3568
f 3679 3631 3601
f 3568 3631 3569
f 3486 3568 3569
f 3490 3486 3569
f 3397 3490 3496
f 3397 3251 3312
f 4347 4334 4316
f 4334 4347 4439
f 3143 3026 3133
f 4347 4518 4439
f 3143 2962 3026
f 4439 4518 4651
f 2962 2735 2652
f 4651 4669 4715
f 4518 4669 4651
f 4792 4717 4695
f 4792 4669 4717
f 2735 2558 2652
f 4746 4792 4695
f 4746 4817 4792
f 4758 4817 4746
f 2558 2591 2529
f 4875 4817 4758
f 4845 4875 4758
f 2523 2529 2593
f 4845 4883 4875
f 4883 4950 4875
f 2599 2523 2593
f 4836 4883 4845
f 4883 4981 4950
f 2721 2736 2599
f 2736 2721 2744
f 4883 4942 4981
f 4942 5002 4981
f 4177 4062 4509
f 4896 4942 4883
f 3076 3381 3237
f 3237 3381 3366
f 3964 3866 3803
f 3964 4062 3866
f 4050 4062 3964
f 4509 4062 4050
f 4509 4050 4504
f 4509 4549 4691
f 4509 4504 4549
f 4809 4691 4869
f 4869 4896 4809
f 4921 4942 4896
f 3553 3570 3803
f 3553 3461 3570
f 3964 3803 3908
f 4869 4921 4896
f 4693 4691 4549
f 4691 4693 4786
f 4869 4691 4855
f 4691 4786 4855
f 4921 5027 4942
f 4878 4869 4855
f 4921 4869 4944
f 4869 4878 4944
f 4921 4944 5027
f 3760 3845 3565
f 3921 4006 4079
f 3458 3565 3552
f 3458 3497 3565
f 4167 4079 4006
f 4008 4167 4006
f 3041 3009 3116
f 4008 4180 4167
f 4008 3919 4180
f 2546 2463 2428
f 4098 3919 3846
f 3919 4098 4180
f 3846 4016 4098
f 2156 2273 2212
f 2070 2104 2164
f 2164 2104 2156
f 2212 2164 2156
f 2014 2070 2028
f 2164 2028 2070
f 2014 1950 1971
f 1867 1971 1950
f 1761 1824 1850
f 1867 1850 1824
f 3943 3744 3660
f 1560 1633 1504
f 1504 1491 1333
f 1267 1252 1205
f 1400 1252 1267
f 1930 1992 2023
f 2166 1992 2115
f 2166 2115 2165
f 1252 1194 1205
f 1252 1400 1373
f 1631 1615 1520
f 1631 1671 1615
f 1843 1671 1870
f 2023 1843 1930
f 1843 1870 1930
f 2166 2265 2313
f 3582 3894 3660
f 1252 1248 1194
f 1248 1252 1373
f 1487 1434 1520
f 1487 1520 1615
f 2313 2265 2358
f 2455 2313 2491
f 2313 2358 2491
f 2491 2524 2455
f 1349 1248 1373
f 1434 1349 1373
f 2583 2455 2524
f 2583 2524 2681
f 2697 2583 2681
f 2755 2697 2681
f 2755 2681 2882
f 2910 2755 2882
f 2910 2882 3096
f 2927 2910 3096
f 3157 2927 3096
f 3333 3157 3325
f 3333 3180 3157
f 3314 3180 3333
f 3809 3582 3772
f 3772 3844 3809
f 3382 3651 3405
f 3651 3444 3405
f 3844 3720 4075
f 3720 3946 4075
f 3424 3444 3602
f 3644 3424 3602
f 3720 3755 3946
f 3644 3393 3424
f 3946 3755 3889
f 3644 3474 3393
f 3755 3949 3889
f 3644 3601 3474
f 3601 3463 3474
f 3985 3949 3986
f 3962 3986 3949
f 3601 3486 3463
f 3962 3990 3986
f 3601 3568 3486
f 4141 4124 4097
f 4141 4161 4124
f 3486 3490 3473
f 3490 3312 3473
f 4161 4141 4151
f 3490 3397 3312
f 4151 4233 4161
f 4233 4151 4316
f 3312 3251 3139
f 4316 4361 4347
f 3251 3133 3139
f 2962 3139 3026
f 3139 3133 3026
f 4361 4518 4347
f 2652 2847 2962
f 4518 4535 4596
f 4717 4669 4596
f 4669 4518 4596
f 2652 2558 2474
f 2346 2474 2558
f 2558 2529 2346
f 2529 2345 2346
f 2523 2345 2529
f 4681 4758 4746
f 4681 4753 4758
f 4753 4845 4758
f 4753 4836 4845
f 2595 2599 2736
f 2595 2736 2711
f 2744 2711 2736
f 4632 4772 4753
f 4772 4836 4753
f 2870 2799 2744
f 2799 2711 2744
f 2799 2870 2985
f 3761 3866 3853
f 3866 3977 3853
f 3866 4062 3977
f 4126 3977 4177
f 3977 4062 4177
f 4176 4126 4177
f 4474 4176 4177
f 4474 4177 4509
f 4632 4474 4509
f 4632 4509 4691
f 4691 4772 4632
f 4691 4809 4772
f 4809 4836 4772
f 4809 4896 4836
f 4836 4896 4883
f 3010 2937 2985
f 3010 2985 3076
f 3366 3381 3484
f 3381 3553 3484
f 3484 3553 3524
f 3761 3803 3866
f 3406 3237 3366
f 3406 3366 3484
f 3524 3553 3803
f 3761 3524 3803
f 3760 3895 3845
f 3895 3921 3845
f 3895 4006 3921
f 3497 3647 3565
f 3647 3760 3565
f 3219 3413 3305
f 3305 3400 3497
f 3305 3413 3400
f 3497 3400 3647
f 3898 3895 3760
f 3898 4006 3895
f 3898 4008 4006
f 3009 3178 3116
f 3265 3219 3116
f 3219 3265 3413
f 2823 2858 2940
f 2858 2939 2940
f 3009 2940 2939
f 3009 3041 2940
f 3898 3913 4008
f 3913 3919 4008
f 2619 2605 2710
f 3846 3919 3913
f 2605 2546 2428
f 2605 2619 2546
f 2273 2283 2349
f 2283 2433 2349
f 2428 2349 2433
f 2428 2463 2349
f 3771 4016 3846
f 2273 2156 2211
f 3922 3771 3687
f 3771 3922 4016
f 3687 3831 3922
f 3675 3831 3687
f 2010 2014 1971
f 1867 1976 1971
f 1855 1867 1824
f 1560 1824 1633
f 1633 1824 1761
f 3583 3660 3744
f 1333 1560 1504
f 1269 1560 1333
f 1267 1269 1289
f 1289 1269 1333
f 1205 1269 1267
f 1185 1269 1205
f 2023 1992 2166
f 1185 1205 1194
f 1139 1185 1194
f 1881 1843 2023
f 2157 1881 2023
f 2157 2023 2166
f 2255 2166 2313
f 2255 2157 2166
f 1194 1132 1139
f 1434 1487 1349
f 1671 1659 1615
f 1659 1656 1615
f 1843 1659 1671
f 1881 1814 1843
f 2320 2255 2313
f 2455 2320 2313
f 1194 1192 1132
f 1192 1248 1242
f 1192 1194 1248
f 1349 1242 1248
f 1487 1425 1349
f 1656 1487 1615
f 2351 2320 2455
f 2469 2351 2455
f 2537 2455 2583
f 2537 2469 2455
f 2537 2583 2697
f 1242 1155 1192
f 1155 1132 1192
f 1349 1317 1242
f 1425 1317 1349
f 2627 2537 2697
f 2700 2627 2697
f 2700 2755 2857
f 2700 2697 2755
f 2910 2857 2755
f 1300 1242 1317
f 2751 2700 2857
f 2910 2751 2857
f 3004 2927 3157
f 3004 3157 3180
f 3180 3065 3004
f 3254 3180 3314
f 3254 3065 3180
f 3254 3314 3382
f 3405 3254 3382
f 3405 3334 3254
f 3444 3334 3405
f 3772 3720 3844
f 3444 3424 3334
f 3424 3349 3334
f 3393 3349 3424
f 3704 3812 3755
f 3812 3949 3755
f 3949 3812 3737
f 3737 3882 3949
f 3882 3962 3949
f 3962 3882 3915
f 3915 3990 3962
f 3906 3990 3915
f 3990 4045 4048
f 3990 3906 4045
f 3247 3463 3473
f 3473 3463 3486
f 4045 4097 4048
f 4097 4067 4141
f 4097 4045 4067
f 3473 3312 3247
f 3312 3139 3175
f 4151 4271 4316
f 3084 3175 3139
f 2849 3084 2962
f 2962 3084 3139
f 4361 4316 4363
f 4316 4271 4363
f 4361 4363 4387
f 4387 4518 4361
f 2766 2849 2847
f 2962 2847 2849
f 4387 4469 4518
f 4469 4535 4518
f 2478 2766 2652
f 2652 2766 2847
f 2478 2474 2387
f 2474 2478 2652
f 4586 4596 4535
f 4586 4717 4596
f 2234 2387 2474
f 4586 4695 4717
f 2346 2279 2234
f 2346 2234 2474
f 4586 4746 4695
f 2346 2345 2279
f 4635 4746 4586
f 4681 4746 4635
f 2472 2345 2523
f 2599 2472 2523
f 4422 4126 4176
f 4667 4681 4635
f 4667 4753 4681
f 3761 3853 3960
f 3960 3853 3977
f 4474 4422 4176
f 4557 4422 4474
f 4615 4557 4632
f 4570 4557 4615
f 4632 4667 4615
f 4667 4632 4753
f 2799 2985 2937
f 4632 4557 4474
f 3010 3237 3173
f 3010 3076 3237
f 3339 3173 3237
f 3406 3524 3339
f 3406 3484 3524
f 3623 3524 3761
f 3406 3339 3237
f 3413 3584 3400
f 3400 3584 3590
f 3590 3647 3400
f 3789 3760 3647
f 3789 3898 3760
f 3178 3265 3116
f 3647 3590 3789
f 2858 2899 2939
f 2899 3009 2939
f 3009 3094 3178
f 3353 3265 3178
f 3789 3913 3898
f 2605 2785 2710
f 2710 2858 2823
f 2710 2785 2858
f 3094 3009 2899
f 3666 3913 3789
f 3666 3846 3913
f 2428 2517 2605
f 2517 2428 2433
f 3672 3771 3666
f 3666 3771 3846
f 2156 2163 2211
f 2283 2273 2211
f 3687 3771 3672
f 2070 2081 2104
f 2156 2104 2163
f 2014 2010 2070
f 2010 2081 2070
f 2010 1971 1976
f 1867 1855 1976
f 3512 3744 3675
f 3512 3583 3744
f 1269 1420 1560
f 3660 3377 3582
f 1185 1366 1269
f 1366 1185 1201
f 1201 1185 1139
f 1659 1843 1814
f 1983 1881 2157
f 1135 1139 1132
f 1712 1659 1814
f 1814 1881 1895
f 1983 1895 1881
f 2150 1983 2157
f 2174 2150 2157
f 2174 2157 2255
f 2174 2255 2320
f 1132 1133 1135
f 1132 1155 1133
f 1487 1473 1425
f 1473 1487 1656
f 1712 1656 1659
f 1895 1712 1814
f 2174 2320 2351
f 3377 3548 3582
f 1155 1130 1133
f 1317 1425 1300
f 1533 1418 1473
f 1533 1473 1656
f 2351 2225 2174
f 2386 2351 2469
f 2386 2321 2351
f 2386 2537 2627
f 2386 2469 2537
f 1155 1158 1130
f 1158 1242 1222
f 1158 1155 1242
f 1222 1242 1300
f 1425 1389 1300
f 1418 1389 1473
f 1389 1425 1473
f 2627 2449 2386
f 2627 2700 2751
f 3582 3548 3561
f 2751 2613 2627
f 2751 2910 2927
f 3561 3772 3582
f 1320 1222 1300
f 1389 1320 1300
f 2824 2751 2927
f 2824 2750 2751
f 2824 3004 3065
f 2824 2927 3004
f 3561 3618 3772
f 2928 2824 3065
f 2928 3254 3334
f 2928 3065 3254
f 3618 3720 3772
f 2928 3334 3179
f 3720 3618 3640
f 3160 3334 3349
f 3160 3179 3334
f 3640 3755 3720
f 3640 3704 3755
f 3349 3359 3160
f 3359 3349 3393
f 3359 3393 3474
f 3812 3704 3737
f 3223 3188 3359
f 3223 3359 3474
f 3727 3882 3737
f 3882 3727 3818
f 3223 3474 3463
f 3818 3915 3882
f 3818 3816 3915
f 3247 3223 3463
f 3197 3247 3312
f 3167 3197 3312
f 2954 3107 3084
f 3107 3083 3084
f 3083 3175 3084
f 3175 3083 3167
f 3175 3167 3312
f 2859 2954 3084
f 4151 4141 4150
f 4150 4271 4151
f 2701 2954 2859
f 2859 3084 2849
f 2701 2766 2631
f 2766 2701 2859
f 2766 2859 2849
f 4303 4387 4363
f 2478 2398 2631
f 2478 2631 2766
f 2398 2478 2341
f 2341 2293 2228
f 2293 2341 2387
f 2387 2341 2478
f 4469 4481 4535
f 2182 2228 2293
f 4481 4586 4535
f 2105 2182 2234
f 2105 2093 2182
f 2234 2182 2293
f 2234 2293 2387
f 2237 2105 2234
f 2237 2084 2105
f 2237 2234 2279
f 4463 4586 4481
f 4586 4463 4635
f 2202 2084 2237
f 2237 2279 2303
f 2345 2303 2279
f 3785 3761 3960
f 3960 3977 4037
f 3977 4126 4037
f 4126 4206 4037
f 2312 2202 2237
f 2312 2237 2303
f 2472 2303 2345
f 4405 4206 4422
f 4206 4126 4422
f 4405 4422 4570
f 4463 4405 4570
f 4570 4635 4463
f 2360 2312 2303
f 2360 2303 2472
f 2456 2472 2599
f 3435 3623 3495
f 3623 3785 3495
f 3623 3761 3785
f 4557 4570 4422
f 4615 4635 4570
f 4615 4667 4635
f 2595 2456 2599
f 2799 2687 2711
f 2799 2937 3022
f 3435 3339 3524
f 3435 3524 3623
f 3010 3022 2937
f 3087 3022 3010
f 3087 3010 3173
f 3203 3173 3339
f 3353 3413 3265
f 3353 3509 3413
f 3509 3584 3413
f 3789 3590 3584
f 3178 3270 3353
f 3449 3584 3509
f 3449 3658 3584
f 3584 3658 3789
f 2858 2785 2899
f 3270 3178 3094
f 3658 3666 3789
f 2517 2702 2605
f 2605 2768 2785
f 2605 2702 2768
f 2283 2477 2433
f 2543 2517 2433
f 2517 2543 2702
f 2163 2307 2211
f 2307 2283 2211
f 2081 2194 2104
f 2104 2194 2163
f 2010 2063 2081
f 2081 2063 2146
f 2081 2146 2194
f 3415 3675 3687
f 2010 1976 2063
f 3583 3512 3302
f 1824 1560 1856
f 1856 1560 1575
f 3302 3660 3583
f 3302 3377 3660
f 1420 1269 1391
f 1269 1366 1391
f 1201 1426 1366
f 1426 1201 1310
f 1201 1139 1310
f 1139 1246 1310
f 1246 1139 1135
f 1983 2150 1909
f 3471 3548 3377
f 1131 1133 1130
f 1135 1133 1131
f 1717 1712 1895
f 1717 1895 1909
f 1909 1895 1983
f 2100 2174 2225
f 2100 2150 2174
f 3548 3471 3485
f 1533 1656 1605
f 1605 1656 1712
f 1909 1848 1717
f 2100 1909 2150
f 2188 2100 2225
f 2219 2351 2321
f 2219 2225 2351
f 3485 3561 3548
f 1130 1116 1131
f 1130 1158 1116
f 1712 1655 1605
f 1712 1717 1655
f 2219 2188 2225
f 2328 2386 2449
f 2328 2321 2386
f 1075 1116 1158
f 1222 1105 1158
f 1320 1389 1418
f 1418 1533 1532
f 1605 1532 1533
f 2328 2219 2321
f 2459 2627 2613
f 2459 2449 2627
f 3485 3472 3561
f 3472 3618 3561
f 1158 1105 1075
f 1105 1072 1075
f 1105 1222 1320
f 1417 1418 1532
f 2459 2328 2449
f 2613 2751 2750
f 1115 1072 1105
f 1157 1115 1105
f 1157 1105 1320
f 1287 1157 1320
f 1418 1287 1320
f 1418 1417 1287
f 2530 2459 2613
f 2618 2613 2750
f 2618 2530 2613
f 2618 2750 2824
f 3618 3472 3560
f 2618 2824 2928
f 3179 2835 2928
f 3560 3640 3618
f 2835 2618 2928
f 3560 3704 3640
f 2890 2835 3179
f 2890 3160 3359
f 2890 3179 3160
f 3629 3704 3560
f 3704 3629 3641
f 2890 3359 3188
f 3641 3737 3704
f 3641 3727 3737
f 3188 2914 2890
f 2914 3188 3223
f 3818 3727 3642
f 3247 3181 3223
f 2914 3223 3181
f 3915 3816 3841
f 3841 3906 3915
f 3819 3906 3841
f 2854 2914 3181
f 3906 3947 4045
f 3906 3819 3947
f 2854 3181 3107
f 3107 3181 3197
f 3197 3181 3247
f 3947 4067 4045
f 2954 2854 3107
f 3107 3197 3167
f 4067 3947 4027
f 2708 2854 2954
f 3083 3107 3167
f 2703 2708 2954
f 4067 4150 4141
f 4067 4027 4150
f 2400 2708 2703
f 2703 2954 2701
f 2631 2400 2703
f 2398 2400 2631
f 2631 2703 2701
f 4271 4150 4171
f 4171 4363 4271
f 4171 4303 4363
f 2114 2177 2291
f 2341 2400 2398
f 2341 2291 2400
f 1485 1513 1614
f 1513 1841 1614
f 1841 1793 1614
f 1793 1841 1851
f 1793 1851 1974
f 1974 1851 2089
f 2089 1851 2114
f 2089 2114 2093
f 2093 2114 2228
f 2228 2114 2291
f 2228 2291 2341
f 4303 4469 4387
f 1614 1542 1485
f 1542 1481 1485
f 1542 1614 1793
f 1793 1974 2060
f 2060 1974 2089
f 2060 2089 2093
f 2093 2228 2182
f 4108 4283 4303
f 4283 4469 4303
f 1601 1481 1542
f 1762 1601 1542
f 1762 1542 1793
f 1762 1793 1864
f 1864 1793 2060
f 4108 4193 4283
f 4046 4193 4108
f 4193 4304 4283
f 4283 4481 4469
f 1684 1601 1762
f 1973 1864 2060
f 1973 2060 2105
f 2105 2060 2093
f 4304 4402 4283
f 4283 4402 4481
f 1753 1684 1762
f 1929 1753 1864
f 1753 1762 1864
f 1982 1929 1973
f 1929 1864 1973
f 1982 2105 2018
f 1982 1973 2105
f 2084 2018 2105
f 3795 4037 4046
f 3785 4037 3795
f 4037 4193 4046
f 4037 4228 4193
f 4228 4304 4193
f 4228 4402 4304
f 2107 2018 2084
f 4228 4037 4206
f 4402 4463 4481
f 2152 2107 2084
f 2152 2084 2202
f 2214 2152 2202
f 4037 3785 3960
f 4405 4228 4206
f 4228 4405 4402
f 2312 2214 2202
f 2289 2214 2312
f 2404 2289 2360
f 3429 3495 3451
f 4402 4405 4463
f 2360 2289 2312
f 2456 2360 2472
f 2456 2404 2360
f 2607 2456 2595
f 2687 2595 2711
f 2687 2607 2595
f 2778 2687 3022
f 2778 3022 3108
f 3108 3203 3289
f 3203 3429 3289
f 3203 3339 3429
f 3495 3429 3435
f 3429 3339 3435
f 2687 2799 3022
f 3022 3087 3108
f 3203 3108 3173
f 3108 3087 3173
f 3449 3509 3353
f 2785 2931 2899
f 2899 3131 3094
f 2899 3093 3131
f 3131 3270 3094
f 3230 3353 3270
f 3230 3449 3353
f 2785 2768 2931
f 3093 2899 2931
f 3504 3658 3449
f 3504 3666 3658
f 2477 2543 2433
f 2860 2768 2702
f 3504 3672 3666
f 2283 2307 2477
f 2635 2543 2477
f 3504 3687 3672
f 2194 2307 2163
f 2307 2295 2324
f 3504 3415 3687
f 2295 2307 2194
f 3675 3415 3332
f 3332 3512 3675
f 2006 2063 1976
f 1824 1856 1855
f 1420 1575 1560
f 3215 3377 3302
f 1391 1366 1426
f 1310 1429 1426
f 1429 1310 1246
f 1135 1183 1246
f 1135 1131 1183
f 1116 1245 1131
f 1131 1245 1183
f 3471 3472 3485
f 1245 1116 1075
f 1072 1122 1075
f 1717 1848 1904
f 1115 1122 1072
f 1157 1122 1115
f 1532 1605 1655
f 1904 1848 1909
f 2099 2188 2219
f 2099 2100 2188
f 2178 2219 2328
f 1074 1122 1119
f 1119 1157 1287
f 1119 1122 1157
f 1417 1299 1287
f 1532 1655 1654
f 1654 1655 1788
f 1788 1655 1717
f 1788 1717 1904
f 2099 1904 2100
f 1904 1909 2100
f 2099 2219 2178
f 2178 2328 2285
f 2285 2328 2459
f 2285 2459 2530
f 1299 1532 1507
f 1299 1417 1532
f 1507 1532 1654
f 1112 1074 1119
f 1190 1119 1287
f 1190 1112 1119
f 1190 1287 1299
f 1507 1654 1531
f 2835 2447 2618
f 1190 1125 1112
f 1364 1299 1507
f 2447 2285 2530
f 2447 2530 2618
f 3409 3629 3378
f 3378 3629 3560
f 1243 1125 1190
f 1243 1190 1299
f 1243 1299 1364
f 3629 3409 3558
f 1364 1103 1243
f 3558 3641 3629
f 1352 1103 1364
f 2534 2835 2890
f 2534 2447 2835
f 3558 3543 3641
f 3543 3727 3641
f 2578 2534 2890
f 2578 2890 2834
f 2914 2834 2890
f 3550 3818 3642
f 2453 2578 2834
f 3818 3730 3816
f 3818 3550 3730
f 3816 3730 3841
f 2834 2914 2854
f 2191 2453 2333
f 2549 2453 2834
f 2549 2834 2854
f 2333 2453 2549
f 3819 3790 3947
f 2708 2549 2854
f 3947 3790 3893
f 3893 4027 3947
f 3893 3945 4027
f 2043 2191 2177
f 2400 2333 2549
f 2400 2549 2708
f 3945 4150 4027
f 1513 1403 1757
f 2177 2191 2333
f 2291 2333 2400
f 3945 3994 4150
f 1260 1204 1280
f 1260 1280 1513
f 1513 1280 1403
f 1851 1837 1937
f 1851 1937 2114
f 2114 1937 2043
f 2177 2333 2291
f 3994 3978 4150
f 1513 1757 1841
f 1841 1757 1837
f 1841 1837 1851
f 2114 2043 2177
f 3978 4171 4150
f 1260 1253 1204
f 1253 1184 1204
f 1253 1260 1422
f 1422 1260 1513
f 1253 1422 1370
f 3992 4303 3978
f 3978 4303 4171
f 1370 1184 1253
f 1370 1422 1485
f 1485 1422 1513
f 3992 4108 4303
f 1314 1485 1436
f 1314 1370 1485
f 3707 4022 3817
f 4022 3992 3817
f 4022 4108 3992
f 1481 1436 1485
f 1463 1436 1481
f 1463 1481 1601
f 3795 4022 3707
f 3795 4046 4022
f 4046 4108 4022
f 1684 1463 1601
f 3586 3707 3611
f 3586 3795 3707
f 1667 1574 1684
f 1667 1684 1753
f 1991 1929 1982
f 2018 1991 1982
f 1991 2018 2107
f 2109 1991 2107
f 3289 3451 3361
f 3451 3460 3361
f 3451 3586 3460
f 3451 3495 3586
f 3795 3586 3785
f 3586 3495 3785
f 2152 2109 2107
f 2241 2109 2214
f 2109 2152 2214
f 2276 2214 2289
f 2241 2214 2276
f 3289 3429 3451
f 2276 2289 2404
f 2504 2404 2456
f 2955 2826 2952
f 2952 3090 2955
f 3090 3289 3192
f 2504 2456 2607
f 2607 2778 2728
f 3090 3108 3289
f 2687 2778 2607
f 2952 2826 2778
f 2952 2778 3108
f 2952 3108 3090
f 3093 3230 3131
f 3230 3270 3131
f 2860 2931 2768
f 2931 3019 3093
f 3412 3449 3230
f 3412 3504 3449
f 2635 2702 2543
f 3019 2931 2860
f 3412 3391 3504
f 2307 2324 2477
f 2770 2702 2635
f 2575 2477 2324
f 3391 3415 3504
f 2036 2063 2006
f 1855 2006 1976
f 3242 3512 3332
f 1856 2006 1855
f 3242 3302 3512
f 1856 1575 1734
f 1420 1391 1575
f 1391 1606 1575
f 1606 1391 1426
f 3220 3300 3215
f 3215 3300 3377
f 1478 1426 1429
f 1246 1305 1429
f 1427 1429 1305
f 3377 3300 3258
f 1183 1305 1246
f 3258 3471 3377
f 1183 1245 1305
f 1367 1305 1245
f 3258 3379 3471
f 1367 1245 1182
f 1245 1075 1182
f 3379 3472 3471
f 1075 1122 1182
f 1122 1179 1182
f 3472 3379 3392
f 1179 1122 1074
f 3392 3560 3472
f 1179 1074 1117
f 3392 3378 3560
f 1112 1117 1074
f 1788 1904 2024
f 1904 2099 2024
f 2024 2099 2178
f 1106 1112 1125
f 1106 1117 1112
f 1654 1788 2024
f 1073 1106 1104
f 1125 1104 1106
f 1507 1531 1364
f 1531 1654 2024
f 1243 1104 1125
f 1847 2024 2178
f 2447 2374 2285
f 3409 3543 3558
f 1104 1100 1073
f 1100 1104 1243
f 1364 1531 1352
f 1444 1531 2024
f 2374 2447 2534
f 1100 1070 1073
f 1103 1100 1243
f 1352 1531 1444
f 1847 2285 2374
f 1847 2178 2285
f 3498 3727 3543
f 1100 1103 1070
f 1847 1444 2024
f 3498 3642 3727
f 1336 1352 1444
f 2326 1847 2374
f 2578 2374 2534
f 1103 1107 1070
f 1107 1103 1352
f 1107 1352 1336
f 3498 3550 3642
f 1336 1847 1451
f 1336 1444 1847
f 2326 2374 2578
f 2326 2578 2453
f 3730 3550 3534
f 1107 1336 1451
f 1451 1847 1928
f 3534 3732 3730
f 3732 3841 3730
f 1107 1071 1070
f 1221 1107 1451
f 1928 1847 2326
f 3841 3732 3819
f 1928 2326 2043
f 2043 2326 2191
f 2191 2326 2453
f 1107 1113 1071
f 1113 1107 1221
f 3732 3790 3819
f 1403 1221 1451
f 1403 1451 1757
f 1757 1451 1928
f 1757 1928 1837
f 3838 3893 3790
f 3838 3945 3893
f 1113 1221 1280
f 1280 1221 1403
f 1937 1837 1928
f 1937 1928 2043
f 3994 3945 3838
f 1204 1071 1113
f 1204 1113 1280
f 3843 3994 3838
f 3843 3978 3994
f 3843 3992 3978
f 3769 3817 3843
f 3436 3817 3769
f 3611 3817 3436
f 3817 3992 3843
f 1166 1184 1189
f 1370 1189 1184
f 1288 1166 1189
f 1314 1189 1370
f 1314 1288 1189
f 3361 3611 3436
f 3611 3707 3817
f 1430 1288 1314
f 1463 1314 1436
f 3361 3460 3611
f 1430 1314 1463
f 1574 1430 1463
f 1574 1463 1684
f 1979 1991 2096
f 3460 3586 3611
f 1667 1753 1704
f 1704 1929 1879
f 1704 1753 1929
f 1879 1929 1935
f 1991 1935 1929
f 1991 1979 1935
f 2096 2109 2159
f 2096 1991 2109
f 2955 3192 3114
f 3192 3281 3114
f 3192 3361 3281
f 2159 2109 2241
f 2826 2955 2869
f 3361 3192 3289
f 2390 2276 2404
f 3192 2955 3090
f 2504 2390 2404
f 2728 2390 2607
f 2390 2504 2607
f 2778 2743 2728
f 2743 2778 2826
f 3115 3230 3093
f 3115 3249 3230
f 3249 3412 3230
f 2770 2860 2702
f 2860 2930 3019
f 3115 3093 3019
f 3250 3249 3115
f 3391 3412 3249
f 2575 2635 2477
f 2930 2860 2770
f 3250 3391 3249
f 2324 2511 2575
f 2324 2355 2511
f 3271 3391 3250
f 3271 3415 3391
f 2355 2295 2244
f 2324 2295 2355
f 3271 3332 3415
f 2063 2128 2146
f 2128 2194 2146
f 2295 2194 2244
f 2036 2128 2063
f 3271 3242 3332
f 2036 2006 2019
f 3242 3172 3302
f 3172 3215 3302
f 1734 1575 1720
f 1575 1606 1720
f 1426 1478 1606
f 1608 1606 1478
f 1429 1540 1478
f 3225 3300 3220
f 1429 1427 1540
f 3258 3300 3225
f 1305 1484 1427
f 1305 1367 1484
f 1438 1367 1368
f 1182 1368 1367
f 3236 3297 3258
f 1182 1360 1368
f 3297 3379 3258
f 3379 3297 3317
f 1179 1313 1182
f 1360 1182 1313
f 3317 3392 3379
f 1179 1250 1313
f 3317 3378 3392
f 1117 1181 1179
f 1250 1179 1181
f 1106 1178 1117
f 1117 1178 1181
f 3378 3386 3409
f 1178 1106 1073
f 1178 1073 1120
f 3368 3543 3409
f 1070 1120 1073
f 3543 3483 3498
f 1070 1148 1120
f 3385 3550 3498
f 1065 1148 1070
f 1065 1070 1071
f 3790 3732 3534
f 1062 1065 1071
f 3838 3790 3581
f 3581 3843 3838
f 1071 1204 1063
f 3480 3769 3581
f 3581 3769 3843
f 1204 1184 1063
f 3431 3769 3480
f 3431 3436 3769
f 1184 1066 1063
f 3204 3436 3431
f 1184 1166 1066
f 3281 3436 3204
f 3114 3281 3204
f 1288 1064 1166
f 3436 3281 3361
f 2096 2160 2064
f 2096 2159 2160
f 2160 2159 2226
f 2557 2538 2720
f 1383 1177 1288
f 1383 1223 1177
f 1383 1288 1430
f 1891 1879 1935
f 2241 2362 2226
f 2241 2427 2362
f 2515 2427 2538
f 2515 2538 2557
f 2538 2743 2720
f 2743 2777 2720
f 2743 2869 2777
f 2869 2955 3114
f 1383 1430 1574
f 1667 1607 1574
f 1751 1704 1831
f 1879 1831 1704
f 1879 1891 1831
f 2241 2226 2159
f 2427 2241 2276
f 1559 1383 1574
f 1559 1574 1607
f 1582 1559 1607
f 1582 1607 1667
f 1582 1667 1704
f 1751 1748 1704
f 2390 2427 2276
f 2538 2427 2728
f 2427 2390 2728
f 2538 2728 2743
f 2869 2743 2826
f 1690 1582 1704
f 1748 1690 1704
f 2930 3003 3019
f 3003 3115 3019
f 2575 2855 2635
f 2855 2770 2635
f 2770 2855 2930
f 2355 2698 2511
f 2575 2511 2855
f 2244 2344 2355
f 2244 2264 2344
f 2167 2194 2128
f 2264 2194 2167
f 2244 2194 2264
f 3271 3172 3242
f 1856 1941 2006
f 1941 2019 2006
f 1734 1869 1856
f 1941 1856 1869
f 3168 3215 3172
f 1869 1734 1720
f 3168 3220 3215
f 1720 1606 1747
f 1478 1609 1608
f 3168 3225 3220
f 1478 1540 1609
f 3168 3112 3225
f 1427 1544 1540
f 1609 1540 1544
f 3112 3258 3225
f 1427 1484 1544
f 1367 1505 1484
f 1544 1484 1505
f 1367 1438 1505
f 1439 1360 1390
f 1439 1368 1360
f 3297 3236 3317
f 1360 1313 1361
f 3200 3378 3317
f 1250 1301 1313
f 3200 3301 3378
f 1181 1301 1250
f 1181 1178 1301
f 1178 1251 1301
f 3386 3301 3260
f 3378 3301 3386
f 3260 3409 3386
f 1120 1176 1178
f 1251 1176 1244
f 1251 1178 1176
f 3260 3368 3409
f 3483 3543 3368
f 3385 3483 3368
f 1120 1148 1176
f 1176 1148 1203
f 3483 3385 3498
f 1065 1128 1148
f 1145 1148 1128
f 3534 3550 3385
f 3240 3534 3385
f 3240 3790 3534
f 3532 3790 3240
f 1065 1062 1128
f 1062 1083 1128
f 3532 3581 3790
f 3341 3581 3532
f 3264 3581 3341
f 1056 1062 1071
f 1056 1083 1062
f 3264 3480 3581
f 1056 1071 1063
f 3204 3480 3264
f 3204 3431 3480
f 1038 1056 1063
f 1066 1038 1063
f 2777 3007 2956
f 2625 2777 2786
f 1166 1064 1066
f 2226 2362 2402
f 2362 2471 2402
f 2471 2557 2402
f 2777 2869 3007
f 3007 2869 3114
f 3007 3114 3204
f 2108 2064 2160
f 2108 2226 2231
f 2108 2160 2226
f 2557 2777 2625
f 2557 2720 2777
f 1177 1064 1288
f 1177 1101 1064
f 1979 1977 1891
f 2096 1977 1979
f 2471 2515 2557
f 1177 1223 1101
f 1935 1979 1891
f 2471 2362 2427
f 2471 2427 2515
f 1223 1099 1101
f 1223 1159 1099
f 1831 1748 1751
f 1348 1159 1223
f 1348 1223 1383
f 1739 1690 1748
f 1348 1383 1559
f 1464 1582 1690
f 1464 1559 1582
f 1690 1649 1602
f 1739 1649 1690
f 1464 1348 1559
f 1464 1690 1602
f 1597 1464 1602
f 1649 1597 1602
f 2855 3003 2930
f 2511 2683 2855
f 2511 2698 2683
f 2945 3003 2855
f 2945 3068 3003
f 3068 3115 3003
f 3068 3250 3115
f 2435 2344 2264
f 2355 2344 2435
f 3068 3271 3250
f 2167 2270 2264
f 3068 3058 3271
f 2019 2128 2036
f 3058 3172 3271
f 3058 3168 3172
f 3058 3101 3168
f 1606 1608 1747
f 1608 1741 1747
f 1609 1689 1608
f 1741 1608 1689
f 3101 3112 3168
f 1581 1689 1609
f 1544 1581 1609
f 1561 1581 1544
f 1505 1561 1544
f 3112 3236 3258
f 3236 3112 3141
f 1368 1482 1438
f 1505 1438 1482
f 3141 3208 3236
f 1368 1439 1482
f 3208 3317 3236
f 1360 1361 1390
f 1361 1394 1390
f 3208 3200 3317
f 1313 1301 1361
f 1301 1340 1361
f 3151 3200 3208
f 3301 3200 3260
f 1340 1301 1251
f 1251 1244 1278
f 1176 1203 1244
f 1203 1217 1244
f 3385 3368 3256
f 1145 1203 1148
f 3062 3385 3256
f 1128 1143 1145
f 3240 3385 3062
f 3161 3341 3240
f 3341 3532 3240
f 1079 1128 1083
f 3183 3341 3161
f 3183 3264 3341
f 2713 2926 2862
f 2926 3183 3161
f 2956 3183 2926
f 2956 3007 3183
f 3264 3183 3204
f 3183 3007 3204
f 2633 2786 2713
f 2786 2926 2713
f 2786 2956 2926
f 1038 1034 1056
f 2287 2402 2278
f 2402 2633 2466
f 2786 2777 2956
f 2038 2064 2108
f 2786 2633 2625
f 1977 2064 2038
f 2108 2231 2132
f 2231 2226 2287
f 2287 2226 2402
f 2633 2402 2557
f 2633 2557 2625
f 1038 1066 1064
f 1977 2096 2064
f 1064 1052 1038
f 1064 1101 1052
f 1101 1058 1052
f 1101 1099 1058
f 1891 1794 1831
f 1099 1159 1058
f 1170 1058 1159
f 1170 1080 1058
f 1170 1159 1348
f 1170 1348 1256
f 1739 1634 1649
f 1085 1080 1170
f 1256 1085 1170
f 1306 1256 1348
f 1306 1348 1464
f 1597 1477 1464
f 1597 1618 1477
f 1649 1618 1597
f 1298 1256 1306
f 1477 1298 1464
f 1298 1306 1464
f 2683 2861 2855
f 2683 2808 2861
f 2855 2861 2945
f 2355 2561 2698
f 2355 2435 2561
f 2808 2683 2698
f 2945 2861 2949
f 2949 3068 2945
f 2949 2994 3068
f 2264 2270 2332
f 2264 2332 2435
f 2994 3058 3068
f 2994 3040 3058
f 2128 2175 2167
f 2167 2175 2270
f 2019 1949 2128
f 2175 2128 1949
f 1941 1949 2019
f 1869 1949 1941
f 1949 1869 1931
f 1720 1883 1869
f 1931 1869 1883
f 3118 3101 3058
f 1720 1747 1883
f 3120 3112 3101
f 3120 3141 3112
f 1482 1539 1505
f 1539 1561 1505
f 1459 1539 1482
f 3120 3208 3141
f 1439 1459 1482
f 1392 1439 1390
f 1392 1459 1439
f 1392 1390 1394
f 3120 3151 3208
f 3129 3151 3120
f 1376 1361 1340
f 1376 1394 1361
f 3200 3151 3129
f 3129 3260 3200
f 1322 1251 1278
f 1322 1340 1251
f 3163 3368 3260
f 1259 1278 1244
f 1259 1244 1217
f 3163 3162 3368
f 3162 3256 3368
f 1198 1203 1145
f 1198 1217 1203
f 3162 3077 3256
f 3077 3062 3256
f 1143 1198 1145
f 1128 1124 1143
f 3166 3062 2883
f 3062 3166 3240
f 2862 3166 2883
f 3166 3161 3240
f 2713 2883 2691
f 2713 2862 2883
f 2926 3166 2862
f 2926 3161 3166
f 2555 2691 2632
f 2555 2713 2691
f 1056 1061 1083
f 1061 1079 1083
f 2278 2383 2300
f 2278 2402 2383
f 2402 2466 2383
f 2466 2555 2383
f 2633 2713 2555
f 1034 1061 1056
f 2132 2169 2083
f 2555 2466 2633
f 2132 2235 2169
f 2235 2287 2278
f 2083 2108 2132
f 2235 2132 2231
f 2235 2231 2287
f 2083 2038 2108
f 1029 1034 1038
f 1900 1977 1953
f 1953 1977 2038
f 1977 1900 1840
f 1038 1052 1029
f 1840 1891 1977
f 1052 1058 1029
f 1058 1030 1029
f 1840 1794 1891
f 1831 1794 1748
f 1794 1750 1748
f 1739 1748 1750
f 1030 1080 1032
f 1058 1080 1030
f 1080 1053 1032
f 1680 1739 1740
f 1680 1634 1739
f 1080 1085 1053
f 1256 1053 1085
f 1649 1634 1618
f 1256 1102 1053
f 1102 1256 1298
f 1477 1618 1549
f 1634 1549 1618
f 1180 1102 1298
f 1298 1477 1410
f 2561 2435 2503
f 2808 2561 2503
f 2808 2698 2561
f 2808 2747 2822
f 2822 2861 2808
f 2822 2949 2861
f 2949 2822 2982
f 2175 2274 2270
f 2332 2270 2274
f 2274 2435 2332
f 2994 2949 2982
f 2982 3040 2994
f 3040 2982 3039
f 3039 3058 3040
f 1949 2058 2175
f 3058 3039 3057
f 1766 1747 1741
f 1766 1883 1747
f 1689 1766 1741
f 1642 1689 1581
f 1628 1642 1581
f 1561 1599 1581
f 1599 1628 1581
f 3069 3120 3101
f 3056 3129 3120
f 1376 1392 1394
f 1341 1376 1340
f 3102 3260 3129
f 1322 1341 1340
f 1277 1341 1322
f 3102 3163 3260
f 1276 1277 1322
f 1276 1322 1278
f 3102 2923 3163
f 1259 1276 1278
f 2923 3162 3163
f 2923 2989 3162
f 1213 1259 1217
f 1198 1213 1217
f 2828 3077 2989
f 2989 3077 3162
f 2828 2929 3077
f 2929 3062 3077
f 2632 2929 2828
f 1147 1198 1143
f 2929 2883 3062
f 1124 1147 1143
f 2399 2632 2532
f 2691 2929 2632
f 2691 2883 2929
f 1079 1124 1128
f 2229 2408 2399
f 2408 2632 2399
f 2169 2233 2144
f 2233 2300 2229
f 2300 2408 2229
f 2408 2383 2555
f 2408 2555 2632
f 2169 2300 2233
f 2408 2300 2383
f 2075 2083 2144
f 2083 2169 2144
f 2300 2169 2235
f 2300 2235 2278
f 1997 2083 2075
f 1902 2038 1997
f 1997 2038 2083
f 1953 2038 1902
f 1816 1840 1900
f 996 1029 1030
f 1795 1794 1840
f 1795 1786 1794
f 1786 1750 1794
f 1740 1739 1750
f 1030 1032 996
f 1053 1031 1032
f 1680 1740 1681
f 1031 1053 1027
f 1053 1102 1027
f 1102 1069 1027
f 1180 1069 1102
f 1512 1469 1410
f 1410 1549 1512
f 1410 1477 1549
f 1265 1206 1180
f 1265 1180 1298
f 1265 1298 1410
f 2567 2659 2503
f 2659 2808 2503
f 2747 2659 2801
f 2747 2808 2659
f 2801 2912 2747
f 2435 2363 2503
f 2363 2567 2503
f 2822 2747 2912
f 2435 2274 2363
f 2982 2912 3018
f 2982 2822 2912
f 2155 2274 2175
f 3039 2982 3018
f 2101 2155 2175
f 3066 3057 3039
f 2058 2101 2175
f 1964 2058 1949
f 2041 2058 1964
f 3118 3058 3057
f 1964 1949 1931
f 1883 1964 1931
f 1766 1871 1883
f 3132 3101 3118
f 1730 1766 1689
f 1642 1730 1689
f 1539 1599 1561
f 3056 3120 3069
f 1459 1495 1539
f 1392 1428 1459
f 1376 1428 1392
f 3032 3031 3056
f 3031 3129 3056
f 2988 3102 3031
f 3031 3102 3129
f 1264 1277 1276
f 2919 3102 2988
f 2919 2923 3102
f 1264 1276 1259
f 2754 2923 2919
f 1213 1264 1259
f 2754 2989 2923
f 2639 2754 2667
f 2754 2828 2989
f 1196 1213 1198
f 2639 2828 2754
f 1147 1196 1198
f 2639 2632 2828
f 2639 2532 2632
f 2229 2399 2322
f 2130 2233 2229
f 2130 2144 2233
f 2144 2130 2040
f 1898 2075 2040
f 2075 2144 2040
f 1898 1997 2075
f 1899 1902 1898
f 1898 1902 1997
f 1816 1795 1840
f 996 988 1029
f 1749 1750 1786
f 1749 1719 1750
f 996 1032 982
f 1032 979 982
f 1719 1682 1750
f 1682 1740 1750
f 1682 1681 1740
f 992 979 1032
f 1032 1031 992
f 1027 992 1031
f 1681 1636 1680
f 1636 1634 1680
f 1634 1512 1549
f 1636 1512 1634
f 1265 1275 1206
f 1265 1410 1469
f 2498 2659 2567
f 2813 2801 2659
f 2813 3078 2801
f 2413 2498 2567
f 3078 3017 2801
f 3017 2912 2801
f 2567 2363 2413
f 2912 3017 3018
f 3017 3190 3018
f 2155 2363 2274
f 3190 3066 3018
f 3066 3039 3018
f 3066 3145 3057
f 2058 2088 2101
f 2041 2088 2058
f 3145 3118 3057
f 1964 2003 2041
f 1883 1933 1964
f 1933 1883 1871
f 3145 3144 3118
f 1766 1791 1871
f 3144 3132 3118
f 3128 3101 3132
f 1628 1641 1642
f 1599 1641 1628
f 3014 2992 3032
f 3014 3032 3056
f 2978 3032 2992
f 1376 1371 1428
f 2978 3031 3032
f 1331 1371 1341
f 1371 1376 1341
f 2864 2905 3031
f 3031 2905 2988
f 1331 1341 1277
f 2848 2988 2905
f 2765 2919 2848
f 2848 2919 2988
f 2754 2919 2765
f 1196 1216 1213
f 1216 1264 1213
f 2563 2754 2765
f 2667 2754 2563
f 2334 2396 2475
f 2322 2396 2334
f 2396 2563 2475
f 2396 2532 2563
f 2667 2563 2639
f 2563 2532 2639
f 1126 1146 1147
f 1146 1196 1147
f 2229 2322 2334
f 2396 2322 2399
f 2396 2399 2532
f 1126 1147 1124
f 1077 1126 1124
f 2085 2229 2184
f 1077 1124 1079
f 2229 2085 2130
f 1067 1077 1079
f 2040 2085 1998
f 2085 2040 2130
f 1903 2040 1998
f 1067 1061 1034
f 1067 1079 1061
f 1903 1898 2040
f 1898 1903 1758
f 1758 1899 1898
f 995 1034 1029
f 1902 1899 1718
f 988 995 1029
f 1718 1745 1902
f 1745 1953 1902
f 1900 1745 1742
f 1745 1900 1953
f 1742 1816 1900
f 1742 1737 1816
f 1737 1795 1816
f 1737 1786 1795
f 988 996 956
f 996 982 956
f 1737 1749 1786
f 952 982 979
f 1682 1499 1681
f 1499 1636 1681
f 1512 1636 1553
f 1180 1136 1069
f 1136 1180 1206
f 1553 1460 1512
f 1460 1265 1469
f 1460 1275 1265
f 1512 1460 1469
f 4412 4543 4297
f 3909 4297 3989
f 3989 4297 4183
f 4183 4297 4543
f 3989 3911 3909
f 4183 4543 4475
f 4551 4475 4543
f 3911 3989 3836
f 3787 3989 4183
f 3756 3836 3989
f 3756 3989 3787
f 3725 3756 3787
f 4477 4318 4475
f 3787 4183 4475
f 3787 3689 3725
f 4475 3937 3787
f 4475 4318 3937
f 3005 2932 2844
f 2657 2784 2844
f 2413 2657 2498
f 2498 2657 2659
f 2659 2657 2844
f 2813 2932 3078
f 2813 2844 2932
f 2844 2813 2659
f 3017 3078 3191
f 3190 3017 3191
f 2190 2253 2363
f 2190 2155 2154
f 2363 2155 2190
f 3066 3190 3229
f 3066 3229 3209
f 3066 3209 3145
f 3209 3233 3145
f 1964 1989 2003
f 3233 3144 3145
f 1933 1989 1964
f 1871 1934 1933
f 3233 3207 3144
f 1791 1859 1871
f 1859 1791 1756
f 1756 1791 1766
f 3144 3142 3132
f 1670 1756 1730
f 1730 1756 1766
f 1642 1670 1730
f 1641 1670 1642
f 3069 3101 3128
f 1539 1495 1599
f 3069 3014 3056
f 1455 1495 1459
f 1428 1455 1459
f 2992 2898 2978
f 1337 1428 1371
f 2978 2898 2864
f 3031 2978 2864
f 1331 1266 1371
f 2761 2905 2864
f 2624 2905 2761
f 1331 1277 1266
f 1277 1247 1266
f 2848 2905 2624
f 1247 1264 1216
f 1247 1277 1264
f 2624 2765 2848
f 2359 2486 2624
f 2486 2765 2624
f 1142 1216 1196
f 2486 2563 2765
f 2475 2486 2359
f 2486 2475 2563
f 2204 2334 2299
f 2334 2359 2299
f 2334 2475 2359
f 2204 2257 2334
f 1082 1146 1126
f 2087 2204 2142
f 1024 1082 1126
f 2037 2204 2087
f 2257 2204 2229
f 2204 2184 2229
f 2257 2229 2334
f 2037 2184 2204
f 1126 1077 1024
f 1077 955 1024
f 2037 2085 2184
f 1907 1998 2037
f 2037 1998 2085
f 1035 1077 1067
f 1907 1903 1998
f 1035 1067 1034
f 1903 1907 1812
f 1812 1758 1903
f 1758 1718 1899
f 986 995 988
f 956 986 988
f 1650 1737 1742
f 1737 1650 1660
f 1749 1737 1660
f 952 956 982
f 1660 1719 1749
f 1638 1719 1660
f 1638 1682 1719
f 1682 1638 1499
f 1586 1636 1499
f 979 981 952
f 979 992 981
f 1488 1636 1586
f 1069 1037 1027
f 1037 992 1027
f 1136 1037 1069
f 1141 1037 1136
f 1553 1488 1465
f 1488 1553 1636
f 1136 1275 1326
f 1136 1206 1275
f 1326 1275 1435
f 1465 1460 1553
f 1460 1435 1275
f 1465 1435 1460
f 4147 4494 4491
f 4494 4568 4491
f 4222 4147 4491
f 4491 4568 4599
f 4490 4222 4491
f 4490 4491 4599
f 4222 4490 4297
f 4297 4490 4412
f 4412 4599 4560
f 4412 4490 4599
f 4605 4560 4599
f 4297 3963 4222
f 4412 4560 4543
f 4605 4543 4560
f 3909 3963 4297
f 3887 3963 3909
f 3909 3911 3887
f 4605 4592 4543
f 4592 4551 4543
f 3624 3911 3836
f 3624 3639 3911
f 4551 4477 4475
f 4592 4477 4551
f 3619 3624 3756
f 3756 3624 3836
f 3619 3564 3467
f 3564 3756 3725
f 3564 3619 3756
f 4318 4477 4488
f 3689 3564 3725
f 4488 4424 4318
f 3336 3564 3403
f 3336 3373 3564
f 3403 3564 3689
f 4386 4318 4424
f 4479 4386 4424
f 3595 3403 3689
f 3787 3595 3689
f 3937 4318 4386
f 3420 3403 3595
f 3937 3678 3787
f 4109 3937 4386
f 3403 3420 3286
f 3420 3595 3678
f 3678 3595 3787
f 3775 3678 3937
f 3775 3937 3934
f 3934 3937 4109
f 4386 4204 4109
f 3193 3286 3420
f 4109 4204 3934
f 3335 3420 3678
f 3193 3420 3335
f 3335 3678 3555
f 3555 3678 3775
f 3555 3775 3934
f 3015 3193 3335
f 3934 3545 3555
f 3934 3854 3545
f 3854 3684 3545
f 3335 3555 3545
f 2851 3015 2853
f 2853 3015 3005
f 3005 3015 3335
f 3005 3335 3089
f 2746 2851 2853
f 3089 3335 3545
f 2690 2746 2853
f 3005 3089 3187
f 3545 3187 3089
f 3545 3438 3187
f 2844 2853 3005
f 2690 2657 2556
f 2657 2690 2784
f 2784 2690 2853
f 2784 2853 2844
f 2932 3005 3187
f 2932 3187 3272
f 2657 2367 2556
f 3078 2932 3272
f 3187 3360 3272
f 2413 2367 2657
f 2413 2298 2367
f 3191 3078 3272
f 2253 2298 2363
f 2413 2363 2298
f 3190 3191 3272
f 3371 3190 3272
f 3190 3371 3229
f 3423 3229 3371
f 3423 3209 3229
f 2120 2154 2155
f 3423 3320 3209
f 2101 2074 2155
f 2074 2120 2155
f 2074 2101 2088
f 3233 3209 3320
f 2041 2034 2088
f 2034 2074 2088
f 2009 2034 2003
f 2003 2034 2041
f 1989 2009 2003
f 3320 3322 3233
f 3322 3298 3233
f 1871 1914 1934
f 3259 3233 3298
f 3259 3207 3233
f 1859 1914 1871
f 3142 3144 3207
f 1670 1768 1756
f 1768 1670 1665
f 3142 3128 3132
f 1665 1670 1641
f 1599 1665 1641
f 1455 1599 1495
f 1455 1428 1337
f 2893 2898 2992
f 2864 2898 2761
f 1371 1266 1337
f 2553 2624 2761
f 1247 1216 1098
f 2473 2624 2553
f 1028 1098 1216
f 1216 1142 1028
f 2288 2359 2392
f 2359 2473 2392
f 2473 2359 2624
f 2145 2299 2288
f 2299 2359 2288
f 1068 1142 1196
f 1196 1146 1068
f 2142 2204 2145
f 2204 2299 2145
f 1146 1082 1068
f 1082 1036 1068
f 1082 1024 1036
f 1996 2087 1993
f 1996 2037 2087
f 1858 1907 1996
f 1996 1907 2037
f 1077 1007 955
f 1863 1907 1858
f 1035 1007 1077
f 983 1007 1035
f 1863 1812 1907
f 1034 983 1035
f 1034 995 983
f 995 958 983
f 995 986 958
f 986 949 958
f 1651 1745 1718
f 949 986 956
f 919 949 956
f 1588 1745 1651
f 1588 1742 1745
f 1588 1650 1742
f 956 952 919
f 1592 1660 1650
f 1592 1638 1660
f 952 924 919
f 1458 1499 1638
f 947 924 952
f 1475 1586 1499
f 981 947 952
f 1037 981 992
f 1475 1488 1586
f 1435 1488 1326
f 1488 1435 1465
f 1326 1141 1136
f 4601 4658 4610
f 4312 4576 4494
f 4494 4601 4568
f 4494 4576 4601
f 4568 4601 4610
f 4494 4147 4312
f 4568 4610 4599
f 4658 4599 4610
f 3988 4312 4147
f 4658 4655 4599
f 4655 4605 4599
f 4222 3963 4147
f 3963 3887 3778
f 4655 4653 4605
f 3639 3887 3911
f 4653 4592 4605
f 3616 3639 3624
f 4653 4631 4592
f 3619 3457 3624
f 4602 4592 4631
f 4602 4477 4592
f 3619 3467 3457
f 4602 4488 4477
f 3373 3457 3467
f 3373 3467 3564
f 4488 4479 4424
f 4602 4591 4488
f 4591 4479 4488
f 4479 4466 4386
f 3021 3125 3336
f 3286 3336 3403
f 3336 3286 3021
f 4204 4466 4385
f 4204 4386 4466
f 4540 4385 4466
f 3027 3286 3193
f 3027 3021 3286
f 4204 4128 3934
f 4385 4414 4204
f 3027 2833 2798
f 2833 3027 3193
f 3934 4128 3854
f 3015 2833 3193
f 3854 4128 4087
f 2851 2833 3015
f 2851 2674 2833
f 3684 3854 4087
f 3684 4087 3878
f 2851 2746 2674
f 3545 3684 3529
f 3791 3529 3684
f 3791 3684 3878
f 2690 2598 2746
f 3438 3545 3529
f 3878 4114 3791
f 2422 2598 2556
f 2556 2598 2690
f 4114 3767 3791
f 3438 3529 3767
f 3767 3529 3791
f 2422 2367 2368
f 2556 2367 2422
f 3360 3187 3438
f 3360 3438 3767
f 3360 3767 3607
f 3607 3767 3748
f 2368 2367 2298
f 3371 3272 3360
f 3371 3360 3607
f 3423 3371 3607
f 3423 3607 3659
f 2162 2216 2190
f 3659 3605 3423
f 2154 2162 2190
f 2120 2162 2154
f 3320 3423 3608
f 3605 3608 3423
f 3608 3521 3320
f 2009 2030 2034
f 3322 3320 3482
f 3521 3482 3320
f 3482 3556 3322
f 1933 1934 1989
f 1934 2009 1989
f 1914 1939 1934
f 3235 3259 3261
f 3235 3207 3259
f 3213 3142 3207
f 3235 3213 3207
f 1768 1743 1756
f 3128 3142 3213
f 3075 3069 3128
f 1599 1455 1665
f 1455 1579 1665
f 3069 3075 3014
f 3075 2992 3014
f 2762 2898 2893
f 2653 2761 2762
f 2762 2761 2898
f 1215 1266 1247
f 1215 1337 1266
f 2653 2553 2761
f 2338 2553 2451
f 2288 2392 2338
f 2553 2338 2473
f 2338 2392 2473
f 1142 990 1028
f 2090 2145 2224
f 2145 2288 2224
f 1142 1068 990
f 2001 2145 2090
f 2087 2145 2001
f 2145 2087 2142
f 1958 1993 2001
f 1993 2087 2001
f 1882 1993 1958
f 1024 1014 1036
f 1857 1996 1882
f 1882 1996 1993
f 1024 955 1014
f 1857 1858 1996
f 1807 1858 1857
f 943 955 1007
f 1807 1863 1858
f 1738 1812 1807
f 1807 1812 1863
f 983 943 1007
f 983 929 943
f 1700 1738 1580
f 1700 1758 1738
f 1738 1758 1812
f 983 958 929
f 1652 1718 1700
f 1700 1718 1758
f 887 929 958
f 1652 1590 1718
f 1590 1651 1718
f 958 949 887
f 949 888 887
f 949 919 888
f 1526 1588 1399
f 1526 1592 1588
f 1588 1592 1650
f 1526 1527 1592
f 919 924 888
f 924 883 888
f 1413 1527 1526
f 1527 1638 1592
f 1413 1458 1527
f 1527 1458 1638
f 1304 1499 1458
f 926 883 924
f 924 947 926
f 1344 1499 1304
f 1344 1475 1499
f 951 926 947
f 947 981 951
f 1016 951 981
f 1037 1016 981
f 1308 1475 1344
f 1308 1488 1475
f 1054 1141 1254
f 1054 1037 1141
f 1254 1308 1344
f 1326 1488 1308
f 1326 1254 1141
f 1308 1254 1326
f 4576 4603 4601
f 4576 4606 4603
f 4601 4603 4658
f 4576 4467 4606
f 4147 3963 3988
f 3639 3778 3887
f 4659 4653 4655
f 3616 3470 3639
f 3380 3389 3624
f 3616 3624 3389
f 3457 3380 3624
f 4653 4654 4631
f 4654 4602 4631
f 3373 3238 3457
f 4654 4642 4602
f 4642 4591 4602
f 3125 3373 3336
f 4591 4588 4479
f 4588 4466 4479
f 2888 3125 3021
f 4588 4540 4466
f 3021 3027 2888
f 4385 4465 4414
f 4540 4534 4385
f 4534 4465 4385
f 3027 2798 2900
f 4414 4128 4204
f 4465 4456 4414
f 4534 4456 4465
f 4087 4128 4326
f 4326 4128 4414
f 4456 4326 4414
f 4456 4388 4326
f 4211 4087 4326
f 4388 4211 4326
f 2598 2674 2746
f 2598 2585 2674
f 4087 4211 3878
f 4388 4292 4211
f 4292 4114 4211
f 4114 3878 4211
f 4292 4224 4114
f 2487 2422 2416
f 2598 2422 2487
f 4224 4036 4114
f 3767 4114 3951
f 3951 4114 4036
f 4224 4125 4036
f 3748 3767 3951
f 4125 3951 4036
f 2314 2368 2298
f 4049 3868 3951
f 3607 3748 3868
f 3868 3748 3951
f 3659 3868 3792
f 3659 3607 3868
f 2190 2216 2253
f 3659 3792 3839
f 3605 3659 3690
f 3690 3659 3839
f 3608 3605 3690
f 3690 3696 3608
f 3696 3521 3608
f 2046 2074 2034
f 2030 2046 2034
f 3696 3482 3521
f 1943 2009 1934
f 1939 1943 1934
f 3298 3322 3452
f 3556 3452 3322
f 3452 3259 3298
f 1859 1798 1914
f 3452 3261 3259
f 1756 1798 1859
f 1743 1798 1756
f 1665 1579 1768
f 1579 1743 1768
f 1579 1455 1516
f 2992 3075 2916
f 2893 2916 2762
f 2916 2893 2992
f 1516 1337 1215
f 1455 1337 1516
f 2762 2807 2692
f 2692 2653 2762
f 2338 2451 2354
f 2451 2500 2354
f 2653 2500 2553
f 2500 2451 2553
f 1215 1247 1134
f 1134 1098 1081
f 1134 1247 1098
f 2199 2338 2290
f 2338 2199 2288
f 2199 2224 2288
f 1098 1028 1081
f 2199 2090 2224
f 1952 2001 2039
f 1958 2001 1952
f 2001 2090 2039
f 1860 1958 1952
f 1036 921 1068
f 1818 1958 1860
f 1036 1014 921
f 1882 1958 1818
f 946 917 1014
f 1424 1857 1882
f 955 946 1014
f 1363 1857 1424
f 915 917 946
f 1363 1514 1857
f 1514 1807 1857
f 946 943 915
f 943 946 955
f 943 863 915
f 1514 1548 1807
f 1548 1738 1807
f 1580 1738 1548
f 943 896 863
f 929 896 943
f 1523 1700 1580
f 881 896 929
f 1523 1652 1700
f 929 887 881
f 1521 1590 1523
f 1523 1590 1652
f 887 858 881
f 887 888 858
f 888 862 858
f 1590 1545 1651
f 1545 1588 1651
f 851 862 888
f 1399 1588 1545
f 1356 1526 1399
f 888 842 851
f 1356 1413 1526
f 888 883 842
f 1228 1413 1356
f 1304 1413 1228
f 1413 1304 1458
f 1123 1344 1304
f 893 883 926
f 951 893 926
f 1123 1254 1344
f 977 951 1016
f 1037 1054 1016
f 1123 1054 1254
f 4576 4419 4467
f 4603 4657 4658
f 4603 4606 4657
f 3988 4214 4312
f 4214 4419 4312
f 4312 4419 4576
f 3988 3963 3815
f 3963 3778 3815
f 3470 3778 3639
f 3616 3389 3470
f 4659 4654 4653
f 3457 3238 3380
f 4656 4654 4659
f 4656 4642 4654
f 3373 3125 3238
f 3125 2888 3016
f 4590 4540 4588
f 3027 2900 2888
f 4590 4584 4540
f 4584 4534 4540
f 2900 2798 2733
f 4521 4456 4534
f 2798 2833 2733
f 2833 2644 2733
f 2833 2674 2644
f 4388 4456 4468
f 4521 4468 4456
f 2644 2585 2587
f 2674 2585 2644
f 2587 2585 2516
f 4468 4393 4388
f 4393 4292 4388
f 2487 2585 2598
f 2516 2585 2487
f 4292 4360 4224
f 4393 4360 4292
f 2364 2416 2422
f 4224 4255 4125
f 4360 4255 4224
f 2364 2422 2368
f 2314 2364 2368
f 4125 4158 3951
f 4255 4158 4125
f 2275 2314 2298
f 4049 3951 4158
f 2260 2275 2253
f 2253 2275 2298
f 4049 4069 3868
f 4158 4069 4049
f 2260 2253 2216
f 3792 3868 4069
f 2218 2260 2216
f 4069 3983 3792
f 2207 2216 2162
f 2207 2218 2216
f 3792 3983 3839
f 3983 3892 3839
f 2138 2162 2120
f 2074 2126 2120
f 2126 2138 2120
f 3839 3801 3690
f 3892 3801 3839
f 3690 3801 3696
f 2046 2077 2074
f 3801 3743 3696
f 3696 3743 3482
f 2009 2046 2030
f 3556 3482 3633
f 3743 3633 3482
f 1943 1988 2009
f 1914 1943 1939
f 1966 1914 1798
f 3261 3452 3399
f 3399 3235 3261
f 1632 1798 1743
f 1743 1579 1632
f 3137 3128 3213
f 3128 3137 3075
f 3137 2916 3075
f 1579 1516 1632
f 2807 2762 2916
f 1215 1632 1516
f 2630 2692 2650
f 2692 2807 2650
f 2531 2653 2630
f 2630 2653 2692
f 2500 2653 2531
f 2210 2290 2302
f 2290 2354 2302
f 2290 2338 2354
f 2129 2199 2210
f 2199 2290 2210
f 2044 2199 2129
f 1081 1028 994
f 1999 2039 2044
f 1913 2039 1999
f 2044 2039 2090
f 2044 2090 2199
f 994 1028 990
f 1913 1952 2039
f 1819 1952 1913
f 990 1068 920
f 1860 1952 1819
f 1759 1818 1819
f 1818 1860 1819
f 914 921 1014
f 1759 1882 1818
f 1014 917 914
f 917 900 914
f 915 900 917
f 896 881 849
f 896 849 863
f 1548 1523 1580
f 1453 1521 1523
f 881 858 831
f 789 831 858
f 1272 1590 1521
f 862 815 858
f 1345 1590 1272
f 1345 1545 1590
f 858 815 789
f 1372 1545 1345
f 851 815 862
f 1372 1399 1545
f 1372 1356 1399
f 851 788 815
f 851 842 788
f 1233 1228 1356
f 779 842 883
f 779 788 842
f 775 779 883
f 1167 1169 1228
f 1169 1304 1228
f 883 812 775
f 1169 1123 1304
f 893 812 883
f 893 828 812
f 1012 1123 1169
f 893 951 910
f 977 1016 1023
f 1023 1054 1012
f 1023 1016 1054
f 1054 1123 1012
f 954 910 951
f 954 951 977
f 1023 954 977
f 4213 4408 4419
f 4467 4408 4507
f 4467 4419 4408
f 4419 4214 4213
f 4507 4606 4467
f 4633 4606 4507
f 4606 4633 4657
f 4657 4633 4663
f 4663 4658 4657
f 4666 4659 4655
f 3389 3380 3216
f 3380 3238 3216
f 4645 4641 4659
f 4641 4656 4659
f 3100 3125 3035
f 3238 3125 3100
f 4641 4642 4656
f 3035 3125 3016
f 4585 4591 4642
f 4590 4591 4585
f 4590 4588 4591
f 2733 2818 2900
f 2818 2888 2900
f 4524 4528 4590
f 4528 4584 4590
f 4584 4528 4534
f 4530 4534 4528
f 4530 4521 4534
f 2664 2733 2644
f 4530 4500 4521
f 4500 4468 4521
f 4451 4468 4500
f 4451 4393 4468
f 4451 4415 4393
f 2492 2487 2443
f 2492 2516 2487
f 2418 2443 2416
f 2416 2443 2487
f 4364 4393 4415
f 4364 4360 4393
f 4364 4329 4360
f 2364 2418 2416
f 4329 4255 4360
f 4247 4255 4329
f 2314 2317 2364
f 4255 4247 4158
f 4247 4174 4158
f 2275 2317 2314
f 2260 2269 2275
f 4116 4158 4174
f 4116 4069 4158
f 4039 3983 4069
f 3976 3892 3983
f 3976 3956 3892
f 3890 3801 3892
f 3890 3837 3801
f 3837 3743 3801
f 3837 3738 3743
f 3738 3633 3743
f 3559 3556 3633
f 3559 3452 3556
f 1966 1988 1943
f 3559 3399 3452
f 1966 1943 1914
f 3399 3246 3235
f 1632 1578 1798
f 1578 1801 1798
f 3235 3148 3213
f 3148 3137 3213
f 3148 3001 3137
f 3137 3001 2916
f 1632 1509 1578
f 2807 2916 2781
f 2781 2650 2807
f 1632 1215 1509
f 2302 2354 2376
f 2531 2376 2500
f 2376 2354 2500
f 2066 2129 2179
f 2129 2210 2179
f 1995 1999 2066
f 1999 2129 2066
f 1999 2044 2129
f 1081 978 1134
f 1912 1999 1995
f 978 994 971
f 1081 994 978
f 1820 1913 1912
f 1913 1999 1912
f 994 925 971
f 994 990 925
f 1695 1819 1820
f 1819 1913 1820
f 990 920 925
f 912 920 1068
f 1698 1819 1695
f 1068 921 912
f 1698 1759 1819
f 852 884 921
f 1604 1759 1698
f 921 914 852
f 1525 1759 1604
f 1424 1759 1525
f 1424 1882 1759
f 900 915 821
f 915 792 821
f 1452 1514 1363
f 915 863 792
f 849 792 863
f 1404 1548 1452
f 1452 1548 1514
f 881 811 849
f 1362 1548 1404
f 1362 1523 1548
f 881 831 811
f 1362 1453 1523
f 1332 1453 1362
f 743 811 831
f 1284 1453 1332
f 1284 1521 1453
f 831 789 743
f 1284 1272 1521
f 789 736 743
f 789 815 736
f 1272 1372 1345
f 815 751 736
f 1224 1372 1272
f 744 751 815
f 1172 1233 1224
f 1233 1372 1224
f 744 815 788
f 1233 1356 1372
f 748 744 788
f 1090 1233 1172
f 779 748 788
f 1090 1167 1233
f 1167 1228 1233
f 779 775 748
f 775 774 748
f 1047 1167 1090
f 1047 1169 1167
f 774 775 812
f 1012 1169 1047
f 737 812 828
f 737 774 812
f 1023 1012 961
f 828 793 737
f 845 793 828
f 845 828 893
f 938 845 910
f 845 893 910
f 910 954 938
f 961 938 954
f 961 954 1023
f 4276 4407 4408
f 4407 4503 4408
f 4503 4507 4408
f 4408 4213 4276
f 4503 4617 4507
f 4213 4214 4042
f 4633 4507 4617
f 4214 3988 4042
f 4617 4663 4633
f 3815 4042 3988
f 3763 4042 3815
f 4701 4658 4663
f 3763 3815 3778
f 3763 3778 3470
f 4666 4655 4658
f 4666 4648 4659
f 3388 3470 3389
f 3388 3389 3303
f 3389 3216 3303
f 4648 4645 4659
f 3100 3158 3238
f 3158 3216 3238
f 4600 4641 4645
f 4600 4642 4641
f 2957 3035 3016
f 4585 4642 4600
f 2957 2888 2818
f 2957 3016 2888
f 4550 4524 4585
f 4524 4590 4585
f 2773 2733 2731
f 2818 2733 2773
f 4530 4528 4418
f 4500 4530 4299
f 2580 2603 2587
f 2603 2644 2587
f 4384 4500 4299
f 4384 4451 4500
f 2492 2587 2516
f 4451 4384 4415
f 4329 4364 4061
f 2364 2379 2418
f 4088 4329 4061
f 2366 2379 2364
f 4088 4247 4329
f 2317 2366 2364
f 4247 4088 4121
f 4174 4247 4121
f 2308 2317 2275
f 2269 2308 2275
f 4121 4076 4174
f 4076 4116 4174
f 2258 2269 2260
f 4116 4076 4069
f 2218 2258 2260
f 4076 4039 4069
f 4039 3976 3983
f 2185 2207 2162
f 2185 2218 2207
f 2138 2185 2162
f 3956 3897 3892
f 3890 3892 3897
f 2074 2071 2126
f 2071 2138 2126
f 3890 3822 3837
f 2077 2071 2074
f 2009 2013 2046
f 1988 2013 2009
f 3633 3738 3733
f 3733 3559 3633
f 1798 1801 1966
f 3559 3246 3399
f 1732 1781 1801
f 1801 1578 1732
f 3235 3246 3148
f 2781 2921 2821
f 2916 2921 2781
f 2921 2916 3001
f 2715 2527 2650
f 2715 2650 2781
f 2230 2376 2348
f 2376 2436 2348
f 2376 2531 2436
f 2527 2436 2630
f 2436 2531 2630
f 2527 2630 2650
f 2230 2302 2376
f 1509 1215 1186
f 2066 2179 2131
f 1954 2042 2056
f 2042 2066 2056
f 2230 2179 2210
f 2230 2210 2302
f 1186 1215 1025
f 1954 1995 2042
f 2042 1995 2066
f 1025 1134 978
f 1215 1134 1025
f 1894 1912 1954
f 1820 1912 1894
f 1954 1912 1995
f 1696 1820 1894
f 939 978 971
f 880 939 971
f 1699 1820 1696
f 971 925 880
f 1699 1695 1820
f 912 925 920
f 1538 1695 1699
f 1552 1698 1538
f 1538 1698 1695
f 921 884 912
f 1525 1698 1552
f 1525 1604 1698
f 900 829 852
f 914 900 852
f 1406 1424 1525
f 900 821 829
f 1330 1452 1363
f 742 792 849
f 1404 1452 1330
f 849 811 742
f 811 718 742
f 1273 1362 1404
f 1273 1332 1362
f 743 718 811
f 1227 1284 1332
f 1137 1272 1284
f 998 1224 1137
f 1224 1272 1137
f 751 715 736
f 998 1109 1224
f 751 744 715
f 1109 1172 1224
f 744 697 715
f 1109 1090 1172
f 678 744 748
f 678 697 744
f 748 774 678
f 774 619 678
f 1000 1047 1090
f 937 1047 1000
f 774 737 619
f 1012 1047 937
f 961 1012 937
f 793 665 737
f 665 793 767
f 938 870 845
f 938 961 870
f 737 665 636
f 665 516 636
f 767 793 797
f 845 797 793
f 845 870 797
f 870 764 797
f 622 516 665
f 725 767 797
f 725 665 767
f 764 725 797
f 4407 4573 4503
f 4573 4634 4503
f 4503 4634 4679
f 4503 4679 4617
f 4679 4683 4617
f 4663 4617 4683
f 4701 4663 4683
f 4042 3763 3873
f 4701 4666 4658
f 4701 4643 4666
f 4643 4648 4666
f 4604 4648 4643
f 3158 3303 3216
f 4600 4648 4604
f 4600 4645 4648
f 2966 3035 2957
f 4542 4585 4600
f 4455 4524 4550
f 2804 2818 2773
f 2727 2773 2731
f 4524 4455 4418
f 4528 4524 4418
f 4400 4530 4418
f 2664 2731 2733
f 2603 2664 2644
f 4400 4299 4530
f 4245 4384 4299
f 4185 4384 4245
f 2492 2519 2587
f 2519 2580 2587
f 4185 4415 4384
f 2509 2519 2492
f 4185 4015 4415
f 2443 2509 2492
f 4015 4364 4415
f 2412 2439 2418
f 2439 2443 2418
f 4015 4061 4364
f 2379 2412 2418
f 4088 4053 4121
f 4053 4076 4121
f 2258 2267 2269
f 2267 2308 2269
f 4053 3981 4076
f 3981 4039 4076
f 3981 3976 4039
f 3981 3956 3976
f 3897 3822 3890
f 2071 2117 2138
f 3820 3837 3822
f 3837 3820 3738
f 3820 3739 3738
f 2013 2071 2046
f 2046 2071 2077
f 1966 2013 1988
f 1936 2013 1966
f 1781 1966 1801
f 3447 3559 3557
f 3246 3559 3447
f 3246 3241 3081
f 3447 3241 3246
f 3148 3081 3001
f 3081 3148 3246
f 2715 2781 2645
f 2645 2781 2821
f 1509 1279 1578
f 2436 2544 2348
f 2436 2527 2544
f 2645 2544 2527
f 2645 2527 2715
f 2193 2230 2261
f 2230 2309 2261
f 2056 2086 2050
f 2131 2193 2086
f 2131 2179 2193
f 2193 2179 2230
f 2309 2230 2348
f 2056 2131 2086
f 1959 2056 2050
f 2131 2056 2066
f 1894 1959 1821
f 2056 1959 1954
f 1959 1894 1954
f 1693 1894 1821
f 1025 978 923
f 939 860 978
f 1696 1894 1693
f 1589 1693 1529
f 1589 1696 1693
f 1530 1538 1589
f 1538 1699 1589
f 1589 1699 1696
f 819 880 912
f 925 912 880
f 912 884 819
f 1365 1552 1538
f 784 820 884
f 884 852 784
f 1311 1525 1365
f 1525 1552 1365
f 1311 1226 1525
f 1406 1525 1226
f 821 781 829
f 1270 1424 1406
f 821 752 781
f 1270 1363 1424
f 821 792 752
f 1270 1330 1363
f 742 752 792
f 1171 1330 1193
f 1330 1171 1404
f 1138 1273 1171
f 1171 1273 1404
f 1060 1332 1138
f 1332 1273 1138
f 743 712 718
f 1060 1227 1332
f 743 684 712
f 1060 1045 1227
f 677 684 743
f 1137 1227 1045
f 1137 1284 1227
f 736 677 743
f 1003 1137 1045
f 736 715 677
f 715 613 677
f 1003 998 1137
f 638 613 715
f 984 1109 998
f 697 638 715
f 697 678 638
f 897 965 984
f 984 965 1109
f 965 1090 1109
f 678 601 638
f 965 1000 1090
f 619 601 678
f 930 1000 965
f 930 937 1000
f 636 582 619
f 737 636 619
f 555 582 636
f 930 867 937
f 867 961 937
f 824 961 867
f 566 555 636
f 824 870 961
f 485 566 548
f 548 636 516
f 548 566 636
f 870 824 764
f 661 622 665
f 725 661 665
f 725 764 754
f 516 622 549
f 549 622 661
f 725 670 661
f 725 699 670
f 754 699 725
f 516 459 443
f 459 516 549
f 578 549 661
f 661 670 578
f 670 581 578
f 521 459 549
f 581 521 578
f 521 549 578
f 4624 4573 4407
f 4573 4780 4729
f 4573 4624 4780
f 4200 4335 4213
f 4335 4276 4213
f 4407 4276 4335
f 4634 4573 4729
f 4822 4634 4729
f 4200 4042 4055
f 4213 4042 4200
f 4634 4822 4679
f 4679 4822 4807
f 4683 4679 4775
f 4807 4775 4679
f 4701 4683 4775
f 4701 4775 4787
f 4787 4736 4701
f 3873 3763 3544
f 3763 3470 3544
f 4736 4702 4701
f 4702 4643 4701
f 3388 3303 3299
f 4649 4604 4643
f 3119 3158 3100
f 4604 4580 4600
f 4580 4537 4542
f 4580 4542 4600
f 4537 4438 4542
f 2818 2902 2957
f 2902 2966 2957
f 4438 4585 4542
f 4550 4438 4352
f 4438 4550 4585
f 2804 2825 2818
f 4352 4455 4550
f 4301 4455 4352
f 2727 2741 2773
f 4301 4418 4455
f 4205 4400 4301
f 4301 4400 4418
f 2664 2675 2731
f 2675 2727 2731
f 4400 4205 4299
f 2665 2664 2603
f 2665 2675 2664
f 2571 2600 2580
f 2600 2603 2580
f 2519 2571 2580
f 4054 4015 4185
f 2439 2509 2443
f 2366 2378 2379
f 2378 2412 2379
f 4061 3966 4088
f 3966 3982 4088
f 2318 2366 2317
f 3982 4053 4088
f 2311 2318 2308
f 2308 2318 2317
f 3982 3967 4053
f 2267 2311 2308
f 3967 3981 4053
f 2256 2267 2258
f 3967 3918 3981
f 2221 2258 2218
f 2221 2256 2258
f 3918 3956 3981
f 2185 2221 2218
f 3918 3897 3956
f 3918 3880 3897
f 2189 2221 2185
f 3880 3822 3897
f 2138 2189 2185
f 3739 3820 3822
f 3739 3733 3738
f 3739 3637 3733
f 2013 1936 1955
f 3733 3637 3559
f 3637 3557 3559
f 1936 1966 1838
f 1781 1838 1966
f 3557 3652 3447
f 1781 1731 1838
f 3447 3308 3241
f 3447 3652 3308
f 1546 1731 1732
f 1781 1732 1731
f 3002 3081 3241
f 1732 1492 1546
f 2682 2821 3002
f 2821 2921 3002
f 3002 2921 3001
f 3002 3001 3081
f 1732 1578 1492
f 2348 2544 2454
f 2544 2629 2454
f 2544 2645 2629
f 2682 2629 2645
f 2682 2645 2821
f 1578 1279 1382
f 1279 1509 1186
f 2050 2086 2078
f 2193 2078 2086
f 1910 1959 2002
f 2002 1959 2050
f 1691 1821 1862
f 1821 1910 1862
f 1821 1959 1910
f 936 1114 1025
f 1025 1114 1186
f 1587 1821 1691
f 923 936 1025
f 978 860 923
f 1529 1821 1587
f 1529 1693 1821
f 1528 1529 1587
f 939 856 860
f 1355 1529 1528
f 939 880 856
f 819 856 880
f 1411 1530 1529
f 1530 1589 1529
f 1411 1538 1530
f 884 820 819
f 1411 1365 1538
f 829 720 784
f 852 829 784
f 829 781 720
f 752 721 781
f 945 1270 1226
f 1226 1270 1406
f 676 721 752
f 922 1330 945
f 1330 1270 945
f 752 742 676
f 922 1193 1330
f 742 711 676
f 711 683 676
f 718 711 742
f 1193 1138 1171
f 711 712 645
f 712 711 718
f 1033 1060 1138
f 712 684 645
f 677 645 684
f 928 1003 1045
f 613 638 586
f 638 573 586
f 556 573 638
f 601 556 638
f 872 965 897
f 601 619 556
f 872 930 965
f 619 582 556
f 582 530 556
f 486 530 582
f 582 555 486
f 460 486 555
f 566 437 460
f 566 460 555
f 566 485 437
f 759 764 824
f 407 437 485
f 759 750 764
f 485 443 407
f 443 548 516
f 443 485 548
f 699 754 709
f 750 754 764
f 443 421 407
f 362 443 459
f 362 421 443
f 422 362 459
f 581 670 642
f 699 642 670
f 415 422 459
f 415 459 504
f 504 459 521
f 504 521 546
f 581 546 521
f 581 591 546
f 642 591 581
f 509 484 546
f 484 504 546
f 591 509 546
f 4484 4562 4407
f 4484 4703 4562
f 4562 4703 4624
f 4780 4624 4850
f 4780 4850 4892
f 4335 4484 4407
f 4407 4562 4624
f 4729 4780 4892
f 4822 4729 4892
f 4947 4822 4892
f 4947 4916 4822
f 4807 4822 4916
f 4055 4042 3873
f 4807 4787 4775
f 4787 4807 4880
f 4787 4819 4736
f 4833 4819 4787
f 3478 3470 3388
f 3478 3544 3470
f 4819 4763 4736
f 4763 4702 4736
f 4763 4731 4702
f 4731 4643 4702
f 3201 3299 3303
f 4649 4643 4668
f 4731 4668 4643
f 3201 3158 3119
f 3303 3158 3201
f 4668 4675 4649
f 4675 4604 4649
f 3037 3119 3100
f 4604 4675 4580
f 4675 4579 4580
f 3037 3100 3035
f 4537 4580 4579
f 2818 2887 2902
f 2825 2887 2818
f 2802 2804 2773
f 2802 2825 2804
f 4301 4352 4202
f 2741 2802 2773
f 2725 2741 2727
f 4130 4205 4202
f 4202 4205 4301
f 2675 2725 2727
f 4130 4299 4205
f 2600 2665 2603
f 4130 4065 4299
f 4065 4245 4299
f 4185 4065 4054
f 4065 4185 4245
f 2509 2522 2519
f 2522 2571 2519
f 2499 2509 2439
f 4015 3979 4061
f 2410 2499 2412
f 2412 2499 2439
f 2378 2410 2412
f 3979 3966 4061
f 2361 2366 2318
f 2361 2378 2366
f 3966 3883 3982
f 3883 3918 3967
f 3883 3967 3982
f 2256 2268 2267
f 2268 2311 2267
f 3840 3880 3918
f 2213 2256 2221
f 2189 2213 2221
f 3824 3822 3880
f 2119 2189 2138
f 3824 3804 3822
f 2119 2138 2117
f 3804 3741 3739
f 3804 3739 3822
f 2027 2119 2117
f 2071 2027 2117
f 3741 3665 3739
f 2013 2027 2071
f 3665 3652 3637
f 3665 3637 3739
f 1955 2027 2013
f 3557 3637 3652
f 1955 1838 1770
f 1936 1838 1955
f 3308 3652 3476
f 1838 1731 1770
f 3044 3241 3308
f 2454 2629 2547
f 2629 2866 2547
f 2629 2682 2866
f 2866 2682 3002
f 2958 2866 3002
f 3044 2958 3002
f 3044 3002 3241
f 2415 2348 2454
f 1492 1578 1382
f 2415 2261 2309
f 2415 2309 2348
f 2002 2052 1972
f 2052 2002 2050
f 2052 2050 2078
f 1901 1910 2002
f 1901 1862 1910
f 1691 1862 1706
f 1603 1691 1706
f 865 906 936
f 1600 1691 1603
f 923 865 936
f 1414 1587 1600
f 1600 1587 1691
f 846 865 860
f 860 865 923
f 1528 1587 1414
f 1355 1528 1414
f 795 846 856
f 856 846 860
f 856 757 795
f 1297 1529 1355
f 856 819 757
f 1297 1411 1529
f 819 820 757
f 820 746 757
f 1229 1411 1297
f 1168 1411 1229
f 1168 1365 1411
f 820 784 746
f 784 720 746
f 1086 1365 1168
f 1086 1311 1365
f 1086 1226 1311
f 720 781 707
f 1041 1226 1086
f 781 721 707
f 721 693 707
f 676 693 721
f 1041 945 1226
f 711 611 683
f 683 611 676
f 975 1193 922
f 962 1138 975
f 975 1138 1193
f 645 614 711
f 935 1138 962
f 935 1033 1138
f 584 614 645
f 934 1060 935
f 1060 1033 935
f 645 677 584
f 934 1045 1060
f 677 571 584
f 934 942 1045
f 613 571 677
f 942 928 1045
f 613 494 557
f 613 557 571
f 613 586 494
f 909 1003 928
f 508 494 586
f 909 998 1003
f 573 508 586
f 909 984 998
f 573 556 508
f 909 897 984
f 556 493 508
f 833 872 909
f 909 872 897
f 503 493 556
f 802 872 833
f 556 530 503
f 486 463 503
f 486 503 530
f 802 800 872
f 800 930 872
f 408 463 486
f 800 867 930
f 486 460 408
f 800 759 867
f 759 824 867
f 374 460 437
f 374 408 460
f 367 374 437
f 407 367 437
f 660 750 759
f 349 367 407
f 754 750 709
f 421 341 349
f 421 349 407
f 421 362 341
f 709 646 699
f 646 642 699
f 646 605 642
f 330 422 415
f 330 362 422
f 592 591 642
f 330 415 389
f 389 504 484
f 389 415 504
f 560 509 591
f 389 323 330
f 376 484 509
f 376 389 484
f 560 544 509
f 376 323 389
f 483 376 509
f 544 511 509
f 511 483 509
f 4818 4850 4626
f 4850 4818 4844
f 4850 4844 4895
f 4949 4850 4895
f 4558 4626 4703
f 4558 4406 4626
f 4703 4626 4850
f 4850 4949 4912
f 4200 4406 4484
f 4406 4558 4484
f 4484 4558 4703
f 4850 4624 4703
f 4949 4972 4912
f 4335 4200 4484
f 4850 4912 4892
f 4912 4972 4892
f 4972 4985 4892
f 4985 4947 4892
f 4985 4916 4947
f 4916 4880 4807
f 4880 4916 4951
f 3873 3544 3630
f 4880 4833 4787
f 4833 4880 4918
f 4819 4833 4908
f 4918 4908 4833
f 3355 3396 3388
f 3396 3478 3388
f 4908 4763 4819
f 4908 4851 4763
f 3355 3388 3299
f 4851 4731 4763
f 4851 4779 4731
f 4731 4675 4668
f 4779 4769 4731
f 4769 4675 4731
f 4769 4704 4675
f 4704 4579 4675
f 2966 2972 3035
f 2972 3037 3035
f 4547 4537 4579
f 4547 4438 4537
f 2902 2972 2966
f 4547 4516 4438
f 2887 2906 2902
f 4516 4332 4438
f 4438 4332 4352
f 4332 4237 4352
f 2817 2825 2802
f 4237 4202 4352
f 4237 4145 4202
f 2725 2740 2741
f 4145 4060 4130
f 4145 4130 4202
f 2665 2684 2675
f 2684 2725 2675
f 4060 4065 4130
f 2609 2665 2600
f 2581 2609 2571
f 2571 2609 2600
f 4065 3968 4054
f 2522 2581 2571
f 3968 4015 4054
f 3968 3914 4015
f 2499 2522 2509
f 3914 3979 4015
f 2410 2448 2499
f 3979 3872 3966
f 3872 3883 3966
f 3840 3918 3883
f 2282 2318 2311
f 2268 2282 2311
f 2183 2282 2256
f 2282 2268 2256
f 2213 2183 2256
f 3880 3804 3824
f 2161 2213 2189
f 2119 2161 2189
f 3742 3741 3804
f 3742 3721 3741
f 2119 2027 2102
f 3721 3665 3741
f 2102 2027 1984
f 1921 1984 2027
f 2027 1955 1921
f 3652 3493 3476
f 1955 1865 1921
f 1955 1770 1865
f 3054 2958 3044
f 3054 3044 3153
f 1668 1770 1731
f 2866 2877 2547
f 3308 3153 3044
f 1731 1546 1668
f 2261 2415 2496
f 2415 2454 2496
f 2496 2454 2547
f 2877 2866 2958
f 2095 2078 2149
f 2078 2201 2149
f 2201 2193 2261
f 2052 2078 2095
f 2201 2078 2193
f 1901 2002 1972
f 1694 1706 1792
f 1706 1862 1792
f 1522 1706 1694
f 1603 1706 1522
f 1114 936 927
f 936 906 927
f 1405 1603 1522
f 1414 1603 1405
f 1414 1600 1603
f 906 865 847
f 865 827 847
f 1358 1414 1405
f 865 846 827
f 1232 1414 1358
f 777 827 846
f 1231 1355 1232
f 1355 1414 1232
f 846 795 777
f 1231 1297 1355
f 739 777 795
f 1092 1297 1231
f 795 757 739
f 1044 1087 1092
f 1087 1297 1092
f 1087 1229 1297
f 688 739 757
f 757 746 688
f 1087 1168 1229
f 667 688 746
f 1042 1168 1087
f 720 643 667
f 720 667 746
f 1042 1086 1168
f 720 707 643
f 1001 1086 1042
f 632 643 707
f 960 1086 1001
f 960 1041 1086
f 693 632 707
f 693 676 632
f 945 1041 960
f 676 611 632
f 611 711 585
f 916 975 922
f 711 572 585
f 916 962 975
f 614 572 711
f 916 935 962
f 614 515 540
f 614 540 572
f 614 584 515
f 890 934 935
f 502 515 584
f 557 584 571
f 557 502 584
f 868 942 890
f 890 942 934
f 557 494 502
f 763 928 942
f 763 909 928
f 494 508 428
f 763 817 909
f 508 450 428
f 817 833 909
f 394 450 508
f 807 833 817
f 493 394 508
f 493 503 394
f 503 406 394
f 807 802 833
f 430 406 503
f 430 503 463
f 430 408 391
f 408 430 463
f 724 800 802
f 359 391 408
f 724 759 800
f 408 374 359
f 724 696 759
f 331 359 374
f 696 660 759
f 367 331 374
f 367 349 331
f 349 304 331
f 709 750 597
f 310 349 341
f 310 304 349
f 640 709 597
f 646 640 617
f 709 640 646
f 271 310 362
f 362 310 341
f 271 362 330
f 617 605 646
f 270 271 330
f 605 592 642
f 605 598 592
f 560 591 592
f 323 270 330
f 336 323 376
f 432 336 376
f 466 376 483
f 466 432 376
f 489 466 483
f 511 489 483
f 4808 4811 4705
f 4538 4626 4545
f 4626 4538 4705
f 4626 4705 4811
f 4811 4844 4818
f 4811 4890 4844
f 4890 4895 4844
f 4626 4811 4818
f 4915 4895 4890
f 4949 4895 4915
f 4915 4977 4949
f 4309 4538 4406
f 4406 4538 4545
f 4406 4545 4626
f 4977 5015 4949
f 4200 4309 4406
f 4949 5015 4972
f 3798 4309 4200
f 4055 3798 4200
f 5015 5016 4972
f 5016 4985 4972
f 3873 3798 4055
f 3873 3702 3798
f 4985 4984 4916
f 5016 4984 4985
f 3702 3873 3630
f 4984 4951 4916
f 4951 4918 4880
f 4986 4918 4951
f 3396 3544 3478
f 4918 4973 4908
f 4973 4937 4908
f 3294 3355 3299
f 4937 4851 4908
f 4851 4842 4779
f 4842 4769 4779
f 4842 4802 4769
f 3037 3024 3119
f 3024 3074 3119
f 4769 4735 4704
f 4802 4735 4769
f 4735 4619 4704
f 2972 2999 3037
f 2999 3024 3037
f 4704 4547 4579
f 4704 4619 4547
f 2906 2972 2902
f 4619 4516 4547
f 2817 2887 2825
f 4237 4332 4234
f 4516 4234 4332
f 2802 2846 2817
f 4201 4237 4234
f 4201 4145 4237
f 2740 2802 2741
f 4063 4060 4145
f 4201 4063 4145
f 2722 2740 2725
f 2684 2722 2725
f 4063 4065 4060
f 4063 3971 4065
f 2609 2684 2665
f 2581 2602 2609
f 3971 3914 3968
f 3971 3968 4065
f 2490 2522 2499
f 2448 2490 2499
f 3888 3872 3914
f 3872 3979 3914
f 2361 2377 2378
f 2377 2410 2378
f 3872 3840 3883
f 2282 2316 2318
f 2316 2361 2318
f 3807 3880 3840
f 3807 3804 3880
f 2161 2183 2213
f 2102 2161 2119
f 3542 3652 3665
f 3652 3542 3493
f 1878 1770 1744
f 1865 1770 1878
f 2877 2958 2961
f 2961 2958 3054
f 3476 3493 3330
f 1744 1770 1686
f 2215 2261 2327
f 2261 2496 2327
f 2496 2560 2327
f 2496 2547 2560
f 2623 2560 2547
f 2623 2547 2877
f 3330 3153 3308
f 3330 3308 3476
f 1770 1668 1686
f 2149 2201 2215
f 2215 2201 2261
f 1668 1546 1558
f 1972 2052 2061
f 2052 2112 2061
f 1416 1558 1492
f 1558 1546 1492
f 1901 1972 1945
f 2112 2052 2095
f 2112 2095 2149
f 1492 1382 1416
f 1862 1901 1889
f 1792 1862 1889
f 1595 1694 1688
f 1688 1694 1792
f 1522 1694 1595
f 1472 1522 1595
f 969 997 927
f 1114 927 997
f 1295 1522 1472
f 847 969 906
f 906 969 927
f 1295 1405 1522
f 733 810 827
f 827 810 847
f 1164 1358 1295
f 1358 1405 1295
f 1088 1232 1164
f 1164 1232 1358
f 689 733 777
f 777 733 827
f 1088 1231 1232
f 649 777 739
f 1044 1092 1088
f 1088 1092 1231
f 739 688 649
f 688 650 649
f 999 1087 1044
f 631 650 688
f 968 1042 999
f 999 1042 1087
f 688 667 631
f 568 667 643
f 568 631 667
f 968 1001 1042
f 918 1001 968
f 632 563 568
f 632 568 643
f 918 960 1001
f 918 945 960
f 543 563 632
f 611 541 543
f 611 543 632
f 899 922 945
f 611 585 541
f 487 541 585
f 540 585 572
f 540 487 585
f 899 916 922
f 841 935 916
f 442 540 515
f 442 475 540
f 841 890 935
f 841 758 890
f 502 436 442
f 502 442 515
f 758 868 890
f 468 436 502
f 761 942 868
f 494 409 468
f 494 468 502
f 761 763 942
f 494 428 409
f 428 394 372
f 394 428 450
f 756 807 817
f 756 765 807
f 765 802 807
f 391 322 430
f 765 724 802
f 294 391 359
f 294 322 391
f 208 294 331
f 331 294 359
f 331 304 208
f 204 304 310
f 264 204 310
f 167 264 271
f 271 264 310
f 640 598 617
f 598 605 617
f 271 154 167
f 271 270 154
f 270 212 154
f 558 560 592
f 247 212 270
f 550 514 544
f 560 558 544
f 558 550 544
f 247 270 323
f 323 336 247
f 510 544 514
f 510 511 544
f 466 461 432
f 461 401 432
f 461 489 480
f 461 466 489
f 511 510 489
f 510 480 489
f 4748 4798 4808
f 4798 4837 4808
f 4625 4705 4538
f 4625 4748 4705
f 4748 4808 4705
f 4837 4811 4808
f 4486 4625 4538
f 4811 4904 4890
f 4904 4915 4890
f 4315 4486 4538
f 4915 4979 4977
f 4538 4309 4315
f 5010 5015 4977
f 4004 4315 4309
f 4004 3798 3939
f 4309 3798 4004
f 3726 3939 3798
f 3798 3702 3726
f 5013 4984 5016
f 4984 4986 4951
f 5013 4986 4984
f 3630 3544 3488
f 5013 5008 4986
f 3465 3488 3544
f 4982 4918 4986
f 3465 3544 3396
f 3355 3375 3396
f 4982 4973 4918
f 4937 4973 4955
f 3234 3294 3299
f 4937 4842 4851
f 3201 3234 3299
f 4937 4905 4842
f 4902 4802 4842
f 3109 3201 3119
f 3074 3109 3119
f 4902 4859 4802
f 4859 4735 4802
f 4735 4714 4619
f 4714 4630 4619
f 2891 2972 2906
f 4619 4630 4516
f 2887 2886 2906
f 2886 2891 2906
f 2817 2886 2887
f 4516 4310 4234
f 4630 4310 4516
f 4234 4310 4201
f 4063 4201 4310
f 2722 2748 2740
f 4310 4122 4063
f 4122 4197 4063
f 3971 4063 4020
f 4197 4020 4063
f 4020 3924 3971
f 3924 3914 3971
f 2569 2602 2581
f 3924 3888 3914
f 2522 2569 2581
f 2490 2528 2522
f 3823 3872 3888
f 3823 3840 3872
f 3823 3807 3840
f 2380 2377 2361
f 2316 2380 2361
f 2183 2316 2282
f 3740 3804 3807
f 3740 3742 3804
f 3740 3712 3742
f 2092 2183 2161
f 2092 2161 2055
f 3712 3643 3721
f 3712 3721 3742
f 2161 2102 2055
f 3643 3665 3721
f 2102 1984 2055
f 3665 3643 3542
f 1984 1921 1926
f 2881 2877 2904
f 2904 2961 3070
f 1926 1921 1865
f 2753 2877 2881
f 2877 2961 2904
f 2961 3218 3070
f 3493 3542 3315
f 2272 2327 2343
f 2327 2389 2343
f 2327 2753 2389
f 2327 2560 2753
f 2560 2623 2753
f 2753 2623 2877
f 3218 2961 3054
f 3218 3054 3153
f 3153 3315 3218
f 3153 3330 3315
f 3315 3330 3493
f 2112 2215 2170
f 2215 2272 2170
f 2215 2327 2272
f 2112 2149 2215
f 1945 1972 2061
f 1808 1889 1901
f 1318 1380 1279
f 1380 1382 1279
f 1416 1382 1380
f 1792 1808 1661
f 1792 1889 1808
f 1318 1279 1202
f 1661 1688 1792
f 1110 1202 1114
f 1202 1186 1114
f 1279 1186 1202
f 1110 1114 997
f 1472 1595 1415
f 1350 1472 1415
f 1296 1350 1282
f 1350 1295 1472
f 874 905 840
f 905 847 840
f 969 847 905
f 1296 1295 1350
f 810 840 847
f 1093 1295 1296
f 705 840 810
f 1164 1295 1093
f 733 705 810
f 1018 1164 1093
f 648 705 689
f 689 705 733
f 1018 1088 1164
f 1018 1040 1088
f 629 648 689
f 777 649 689
f 689 649 629
f 950 1044 1040
f 1040 1044 1088
f 587 629 649
f 950 959 1044
f 650 587 649
f 959 999 1044
f 631 518 650
f 898 999 959
f 898 968 999
f 631 568 523
f 876 968 898
f 542 523 568
f 876 918 968
f 542 568 563
f 853 918 876
f 505 542 563
f 839 918 853
f 839 945 918
f 543 505 563
f 839 803 945
f 469 543 541
f 469 505 543
f 803 899 945
f 541 444 469
f 796 899 803
f 541 487 444
f 475 487 540
f 475 444 487
f 794 916 796
f 796 916 899
f 794 841 916
f 475 442 402
f 375 402 442
f 794 758 841
f 375 442 436
f 370 375 436
f 365 370 468
f 468 370 436
f 722 761 758
f 758 761 868
f 409 365 468
f 704 761 722
f 704 763 761
f 272 409 428
f 704 713 763
f 713 817 763
f 272 428 372
f 713 756 817
f 273 272 372
f 713 659 756
f 250 273 394
f 394 273 372
f 250 394 406
f 659 672 756
f 672 765 756
f 207 250 430
f 430 250 406
f 652 765 672
f 430 322 207
f 652 724 765
f 322 235 207
f 652 696 724
f 238 322 294
f 238 235 322
f 652 618 696
f 294 232 238
f 618 660 696
f 208 232 294
f 191 208 304
f 599 750 660
f 599 597 750
f 204 158 191
f 204 191 304
f 167 158 204
f 167 204 264
f 597 598 640
f 558 598 597
f 558 592 598
f 212 161 154
f 246 161 212
f 212 247 246
f 246 247 332
f 336 332 247
f 332 336 401
f 401 336 432
f 488 480 510
f 461 480 401
f 4694 4748 4625
f 4837 4798 4830
f 4377 4476 4486
f 4625 4486 4476
f 4811 4837 4873
f 4904 4811 4873
f 4315 4377 4486
f 3970 4377 4315
f 4004 3970 4315
f 5010 4977 4979
f 4004 3939 3970
f 3939 3726 3800
f 5020 5015 5010
f 5020 5016 5015
f 3566 3650 3702
f 3650 3726 3702
f 5019 5016 5020
f 3566 3702 3630
f 5019 5013 5016
f 5018 5013 5019
f 5013 5018 5008
f 5018 4983 5008
f 4974 4986 5008
f 4974 4982 4986
f 3375 3401 3396
f 3401 3465 3396
f 4975 4973 4982
f 3294 3375 3355
f 4973 4975 4955
f 4975 4946 4955
f 4938 4937 4955
f 3205 3234 3201
f 4938 4905 4937
f 4905 4902 4842
f 3109 3147 3201
f 3024 3082 3074
f 3082 3109 3074
f 4859 4829 4735
f 4829 4714 4735
f 2990 3024 2999
f 2972 2968 2999
f 2968 2990 2999
f 4630 4714 4734
f 2968 2972 2891
f 4734 4660 4630
f 4660 4567 4630
f 2846 2886 2817
f 4567 4310 4630
f 2802 2806 2846
f 2740 2806 2802
f 4310 4197 4122
f 4567 4197 4310
f 2688 2722 2684
f 2609 2688 2684
f 2602 2688 2609
f 4020 4002 3924
f 2569 2611 2602
f 3888 3924 3864
f 4002 3864 3924
f 2528 2569 2522
f 3823 3888 3864
f 2410 2372 2448
f 2380 2410 2377
f 2380 2372 2410
f 3811 3807 3823
f 2222 2380 2316
f 2092 2222 2183
f 2316 2183 2222
f 3713 3643 3712
f 3713 3712 3740
f 2048 2055 1984
f 2590 2389 2881
f 3466 3542 3643
f 1878 1926 1865
f 2753 2881 2389
f 3218 3315 3466
f 3315 3542 3466
f 2272 2343 2170
f 2091 2112 2170
f 1668 1744 1686
f 1668 1716 1744
f 2079 2061 2112
f 2091 2079 2112
f 1541 1668 1558
f 1716 1668 1541
f 1917 1945 2061
f 1416 1541 1558
f 1808 1852 1802
f 1852 1901 1945
f 1852 1808 1901
f 1802 1661 1808
f 1596 1688 1661
f 1596 1595 1688
f 1415 1595 1596
f 972 1015 969
f 1015 997 969
f 1110 997 1015
f 905 972 969
f 1230 1415 1343
f 1165 1282 1230
f 1415 1230 1350
f 1230 1282 1350
f 1093 1165 1017
f 1165 1296 1282
f 874 840 770
f 1093 1296 1165
f 770 840 735
f 705 630 735
f 705 735 840
f 985 1093 1017
f 985 1018 1093
f 705 648 630
f 648 620 630
f 561 620 648
f 877 1040 1018
f 629 561 648
f 877 950 1040
f 629 465 561
f 877 843 950
f 587 465 629
f 859 959 843
f 843 959 950
f 650 518 587
f 471 518 631
f 791 898 859
f 898 959 859
f 471 631 523
f 791 822 898
f 457 471 523
f 822 876 898
f 360 457 542
f 542 457 523
f 729 853 822
f 822 853 876
f 360 542 505
f 809 853 729
f 809 839 853
f 360 505 427
f 399 505 469
f 399 427 505
f 444 399 469
f 444 392 399
f 727 796 803
f 363 444 475
f 363 392 444
f 727 794 796
f 363 475 402
f 719 794 727
f 353 363 402
f 375 353 402
f 719 758 794
f 328 353 375
f 719 695 758
f 370 328 375
f 690 758 695
f 370 365 328
f 365 318 328
f 690 722 758
f 299 318 365
f 651 704 690
f 690 704 722
f 365 409 299
f 272 299 409
f 644 704 651
f 644 713 704
f 273 262 272
f 644 659 713
f 612 659 644
f 188 273 250
f 188 262 273
f 250 221 188
f 672 659 612
f 207 221 250
f 235 190 207
f 672 564 652
f 182 190 235
f 618 652 564
f 182 235 238
f 232 182 238
f 133 232 144
f 144 232 208
f 599 660 618
f 191 144 208
f 115 144 158
f 158 144 191
f 599 552 597
f 154 94 115
f 154 115 158
f 154 119 94
f 154 158 167
f 552 554 597
f 554 558 597
f 176 119 154
f 154 161 176
f 192 176 161
f 554 514 550
f 554 550 558
f 246 192 161
f 192 246 245
f 283 245 332
f 245 246 332
f 283 332 307
f 514 488 510
f 307 332 401
f 480 307 401
f 4707 4740 4694
f 4740 4748 4694
f 4798 4748 4740
f 4476 4581 4625
f 4694 4625 4581
f 4847 4837 4830
f 4847 4899 4837
f 4476 4377 4243
f 4837 4899 4873
f 4899 4904 4873
f 4377 3970 3975
f 4915 4904 4979
f 4904 4961 4979
f 3975 3970 3959
f 4979 4976 5010
f 4979 4961 4976
f 3959 3970 3939
f 5004 5010 4976
f 3810 3939 3800
f 5010 5004 5020
f 3650 3800 3726
f 3547 3566 3630
f 3547 3630 3488
f 4998 5018 5019
f 4974 5008 4983
f 3375 3376 3401
f 4974 4975 4982
f 4946 4938 4955
f 4946 4923 4938
f 4923 4905 4938
f 3147 3205 3201
f 4903 4905 4923
f 4903 4902 4905
f 4903 4834 4902
f 4902 4834 4859
f 4832 4829 4859
f 4832 4790 4829
f 4791 4714 4829
f 4734 4714 4791
f 4708 4660 4734
f 2842 2886 2846
f 4567 4660 4627
f 4708 4627 4660
f 2806 2842 2846
f 4627 4587 4567
f 4587 4401 4567
f 2748 2806 2740
f 4567 4401 4197
f 2722 2739 2748
f 4401 4187 4197
f 4587 4187 4401
f 4197 4187 4020
f 2608 2688 2602
f 4020 4187 4002
f 2611 2608 2602
f 3864 4002 4187
f 2520 2569 2528
f 2490 2462 2528
f 2462 2520 2528
f 3828 3823 3864
f 2462 2490 2448
f 3823 3828 3811
f 3828 3750 3811
f 2372 2462 2448
f 3807 3811 3750
f 2380 2222 2372
f 3703 3646 3713
f 3703 3713 3740
f 2222 2092 2139
f 3646 3643 3713
f 3646 3526 3643
f 2055 2048 2092
f 3466 3643 3526
f 2048 1984 1926
f 2590 2881 2787
f 2881 2970 2787
f 2881 2904 2970
f 2970 2904 3070
f 2970 3070 3221
f 3221 3387 2970
f 2220 2343 2365
f 2343 2465 2365
f 2343 2389 2465
f 2465 2389 2590
f 3218 3221 3070
f 3387 3221 3466
f 3221 3218 3466
f 2091 2170 2113
f 2220 2113 2170
f 2343 2220 2170
f 1823 1744 1716
f 1878 1744 1823
f 2079 2091 1987
f 1917 2061 1987
f 1987 2061 2079
f 1433 1554 1541
f 1554 1630 1541
f 1716 1541 1630
f 1852 1945 1917
f 1416 1433 1541
f 1822 1802 1852
f 1375 1416 1318
f 1661 1822 1705
f 1661 1802 1822
f 1234 1375 1318
f 1380 1318 1416
f 1234 1202 1110
f 1318 1202 1234
f 1467 1596 1577
f 1577 1596 1661
f 1005 1048 1015
f 1110 1015 1048
f 932 1005 972
f 972 1005 1015
f 1283 1343 1307
f 1467 1307 1415
f 1307 1343 1415
f 1467 1415 1596
f 904 932 905
f 932 972 905
f 1283 1230 1343
f 808 904 874
f 874 904 905
f 1165 1283 1175
f 1165 1230 1283
f 808 770 768
f 874 770 808
f 1017 1165 1043
f 664 768 735
f 735 768 770
f 735 630 664
f 869 1017 1043
f 664 630 627
f 869 879 1017
f 879 985 1017
f 506 627 630
f 871 985 879
f 630 522 506
f 871 1018 985
f 561 630 620
f 561 522 630
f 871 877 1018
f 473 522 561
f 465 473 561
f 425 465 587
f 804 859 843
f 425 587 518
f 396 425 471
f 471 425 518
f 787 859 804
f 787 791 859
f 360 471 457
f 360 396 471
f 708 822 791
f 729 822 708
f 371 327 360
f 371 360 427
f 297 327 371
f 371 274 297
f 399 371 427
f 274 371 399
f 809 691 839
f 316 274 399
f 691 803 839
f 392 316 399
f 691 727 803
f 301 392 363
f 301 316 392
f 691 655 727
f 302 301 363
f 655 719 727
f 302 275 301
f 353 302 363
f 654 719 655
f 269 275 302
f 654 695 719
f 269 302 328
f 328 302 353
f 255 269 328
f 654 633 695
f 633 690 695
f 237 255 318
f 318 255 328
f 579 690 633
f 299 237 318
f 579 651 690
f 163 237 299
f 163 299 272
f 579 574 651
f 574 644 651
f 196 163 272
f 262 196 272
f 574 612 644
f 188 196 262
f 159 188 221
f 159 168 188
f 574 564 612
f 564 672 612
f 159 221 207
f 145 159 190
f 190 159 207
f 101 145 182
f 182 145 190
f 527 618 564
f 85 101 182
f 108 182 232
f 108 85 182
f 108 80 85
f 133 108 232
f 527 477 618
f 477 599 618
f 108 133 80
f 477 552 599
f 71 80 115
f 115 80 133
f 115 133 144
f 93 71 115
f 115 94 93
f 118 93 94
f 119 118 94
f 118 119 142
f 512 554 552
f 176 142 119
f 512 514 554
f 193 142 192
f 142 176 192
f 192 245 193
f 283 193 245
f 512 492 514
f 283 307 351
f 464 351 480
f 351 307 480
f 464 480 488
f 492 464 488
f 492 488 514
f 4707 4756 4740
f 4740 4756 4764
f 4804 4740 4764
f 4804 4798 4740
f 4798 4804 4830
f 4804 4828 4830
f 4476 4564 4581
f 4707 4694 4581
f 4828 4847 4830
f 4828 4776 4847
f 4476 4243 4410
f 4847 4776 4899
f 3975 4243 4377
f 3959 4243 3975
f 4899 4820 4886
f 4886 4904 4899
f 4886 4961 4904
f 4886 4917 4961
f 4917 4976 4961
f 3959 3939 3810
f 4917 4965 4976
f 4965 5004 4976
f 3650 3747 3800
f 3747 3810 3800
f 5004 4965 4992
f 4992 5020 5004
f 3566 3718 3650
f 4992 4998 5020
f 4998 5019 5020
f 4980 5018 4998
f 3455 3547 3488
f 4980 4959 5018
f 3455 3488 3465
f 4959 4983 5018
f 3376 3455 3401
f 3455 3465 3401
f 4959 4974 4983
f 4945 4974 4959
f 3321 3376 3375
f 4975 4945 4889
f 4974 4945 4975
f 3294 3296 3375
f 3296 3321 3375
f 4889 4907 4975
f 4907 4946 4975
f 3234 3296 3294
f 4923 4907 4861
f 4946 4907 4923
f 4903 4923 4861
f 4834 4903 4852
f 3061 3109 3082
f 4834 4832 4859
f 4790 4791 4829
f 4790 4778 4791
f 4791 4778 4734
f 4778 4709 4734
f 4709 4708 4734
f 2886 2873 2891
f 4709 4595 4708
f 2842 2873 2886
f 4708 4595 4627
f 4589 4627 4595
f 4589 4587 4627
f 4589 4523 4587
f 2678 2722 2688
f 2648 2678 2688
f 4344 4149 4187
f 2608 2648 2688
f 2569 2579 2611
f 2579 2608 2611
f 3864 4187 3938
f 4149 3938 4187
f 2520 2579 2569
f 3885 3828 3864
f 3938 3885 3864
f 3885 3750 3828
f 2395 2462 2372
f 2259 2395 2372
f 3740 3807 3750
f 2222 2259 2372
f 2222 2139 2259
f 3645 3646 3703
f 3520 3646 3645
f 1946 2025 2048
f 2025 2092 2048
f 3459 3526 3520
f 3526 3646 3520
f 2325 2465 2535
f 2693 2787 2800
f 2787 3051 2800
f 2787 2970 3051
f 3387 3526 3459
f 3387 3466 3526
f 1915 1946 1878
f 1946 1926 1878
f 2048 1926 1946
f 2465 2590 2535
f 2693 2535 2787
f 2535 2590 2787
f 3459 3051 3387
f 3051 2970 3387
f 1823 1915 1878
f 2113 2220 2168
f 2168 2220 2365
f 2465 2325 2365
f 1938 1987 2067
f 1987 2113 2067
f 1987 2091 2113
f 1716 1769 1823
f 1630 1664 1716
f 1868 1917 1938
f 1917 1987 1938
f 1868 1852 1917
f 1868 1760 1822
f 1760 1705 1822
f 1868 1822 1852
f 1374 1437 1375
f 1437 1416 1375
f 1433 1416 1437
f 1661 1705 1617
f 1234 1191 1375
f 1374 1375 1191
f 1511 1577 1617
f 1617 1577 1661
f 1048 1191 1110
f 1191 1234 1110
f 1419 1467 1511
f 1467 1577 1511
f 1419 1307 1467
f 1175 1307 1218
f 1175 1283 1307
f 1043 1175 964
f 1043 1165 1175
f 731 806 768
f 768 806 808
f 731 768 702
f 664 702 768
f 894 869 964
f 869 1043 964
f 627 702 664
f 627 625 702
f 537 625 506
f 627 506 625
f 798 871 879
f 798 801 871
f 801 877 871
f 762 843 801
f 801 843 877
f 357 473 465
f 306 465 425
f 306 357 465
f 762 804 843
f 326 306 425
f 723 804 762
f 396 326 425
f 787 804 723
f 298 326 396
f 685 791 787
f 298 396 360
f 685 708 791
f 327 282 298
f 327 298 360
f 215 282 327
f 708 656 729
f 327 297 215
f 297 274 215
f 274 253 215
f 626 809 656
f 656 809 729
f 239 253 274
f 626 691 809
f 274 254 239
f 254 274 316
f 626 657 691
f 254 220 239
f 254 316 301
f 615 657 626
f 175 220 254
f 615 655 657
f 657 655 691
f 254 205 175
f 254 275 205
f 275 254 301
f 615 654 655
f 178 205 275
f 575 654 615
f 178 275 269
f 255 179 178
f 255 178 269
f 633 654 575
f 181 179 255
f 181 255 237
f 633 570 579
f 181 163 152
f 163 181 237
f 524 579 570
f 135 152 163
f 524 574 579
f 135 163 196
f 135 196 188
f 104 135 168
f 104 106 135
f 168 135 188
f 91 104 159
f 159 104 168
f 526 564 574
f 101 159 145
f 101 91 159
f 495 527 526
f 526 527 564
f 85 70 63
f 85 63 101
f 79 70 85
f 85 80 79
f 456 477 527
f 87 79 80
f 71 87 80
f 93 87 71
f 87 116 114
f 87 93 116
f 118 116 93
f 116 142 198
f 116 118 142
f 479 512 477
f 477 512 552
f 198 142 193
f 193 256 198
f 256 193 283
f 283 291 256
f 420 366 464
f 420 492 479
f 464 492 420
f 479 492 512
f 366 291 351
f 291 283 351
f 366 351 464
f 4756 4828 4764
f 4828 4804 4764
f 4756 4581 4564
f 4756 4707 4581
f 4776 4828 4756
f 4243 4274 4410
f 4575 4476 4410
f 4476 4575 4564
f 4820 4899 4776
f 4115 4221 4243
f 4243 3959 4115
f 4115 3959 3974
f 4820 4853 4886
f 4853 4917 4886
f 4853 4872 4917
f 4965 4917 4872
f 3650 3718 3747
f 4992 4965 4881
f 4928 4992 4881
f 4928 4998 4992
f 3567 3718 3566
f 4928 4980 4998
f 4929 4980 4928
f 4959 4980 4929
f 4929 4891 4959
f 4889 4945 4891
f 4891 4945 4959
f 4849 4907 4889
f 4861 4907 4849
f 4840 4903 4861
f 4840 4852 4903
f 4770 4852 4840
f 4770 4834 4852
f 4834 4770 4832
f 3024 3061 3082
f 4770 4790 4832
f 2968 2969 2990
f 4709 4706 4662
f 4778 4706 4709
f 4709 4662 4607
f 4595 4709 4607
f 2816 2873 2842
f 4595 4523 4589
f 2806 2794 2842
f 2794 2816 2842
f 2739 2806 2748
f 2739 2794 2806
f 4523 4437 4587
f 2722 2678 2739
f 4587 4344 4187
f 4437 4344 4587
f 2579 2656 2608
f 2656 2648 2608
f 4149 4120 3938
f 4120 3965 3938
f 2485 2520 2462
f 2395 2485 2462
f 2395 2259 2248
f 3750 3695 3740
f 3695 3703 3740
f 2248 2259 2139
f 3695 3645 3703
f 3506 3645 3695
f 3307 3520 3506
f 3520 3645 3506
f 2080 2092 2025
f 2139 2092 2080
f 3136 3459 3307
f 3459 3520 3307
f 2025 1946 1965
f 2693 2981 2536
f 2693 2800 2981
f 3136 2981 3051
f 2981 2800 3051
f 3459 3136 3051
f 1832 1927 1915
f 1927 1946 1915
f 2536 2535 2693
f 1833 1832 1915
f 2051 2113 2168
f 1727 1790 1769
f 1790 1833 1769
f 1833 1823 1769
f 1915 1823 1833
f 2067 2051 1956
f 2051 2067 2113
f 1662 1727 1716
f 1769 1716 1727
f 1938 1956 1905
f 1956 1938 2067
f 1562 1662 1616
f 1662 1664 1616
f 1716 1664 1662
f 1868 1938 1905
f 1489 1562 1554
f 1554 1616 1594
f 1554 1562 1616
f 1664 1630 1657
f 1616 1664 1637
f 1594 1616 1637
f 1664 1657 1685
f 1685 1637 1664
f 1685 1760 1809
f 1809 1760 1868
f 1379 1447 1433
f 1447 1489 1433
f 1554 1433 1489
f 1573 1630 1554
f 1554 1594 1573
f 1637 1573 1594
f 1643 1657 1630
f 1573 1643 1630
f 1643 1685 1657
f 1643 1705 1685
f 1685 1705 1760
f 1325 1379 1374
f 1374 1433 1437
f 1374 1379 1433
f 1617 1643 1573
f 1643 1617 1705
f 1262 1325 1191
f 1374 1191 1325
f 1409 1437 1374
f 1374 1437 1409
f 1437 1409 1457
f 1457 1409 1437
f 1511 1617 1457
f 1347 1408 1409
f 1408 1457 1409
f 1408 1511 1457
f 1419 1408 1347
f 1408 1419 1511
f 963 1049 1005
f 1005 1049 1048
f 1255 1419 1347
f 1255 1307 1419
f 963 1005 931
f 1218 1255 1195
f 1255 1218 1307
f 837 931 904
f 904 931 932
f 932 931 1005
f 1118 1218 1195
f 973 1175 1118
f 1118 1175 1218
f 731 837 806
f 806 837 808
f 808 837 904
f 964 1175 973
f 864 964 973
f 625 731 702
f 500 663 625
f 894 964 864
f 835 894 864
f 537 500 625
f 869 835 879
f 835 869 894
f 455 537 506
f 455 506 429
f 429 506 522
f 728 798 760
f 760 798 879
f 379 429 522
f 473 379 522
f 357 379 473
f 698 801 798
f 293 379 357
f 698 723 801
f 723 762 801
f 306 293 357
f 268 293 267
f 267 306 326
f 267 293 306
f 671 723 666
f 671 610 723
f 610 787 723
f 267 326 298
f 610 685 787
f 219 267 282
f 219 203 267
f 282 267 298
f 610 708 685
f 616 708 610
f 219 215 199
f 215 219 282
f 616 656 708
f 180 199 215
f 180 215 253
f 576 626 616
f 616 626 656
f 155 180 239
f 239 180 253
f 559 626 576
f 136 155 175
f 175 239 220
f 175 155 239
f 559 615 626
f 559 569 615
f 127 175 205
f 127 136 175
f 569 575 615
f 112 127 205
f 112 205 178
f 100 112 178
f 84 100 179
f 179 100 178
f 517 633 575
f 84 179 181
f 517 570 633
f 491 570 517
f 78 84 152
f 152 84 181
f 66 78 152
f 524 570 491
f 135 66 152
f 45 66 135
f 46 135 106
f 46 45 135
f 501 574 524
f 501 526 574
f 46 106 91
f 91 106 104
f 501 495 526
f 46 63 54
f 63 56 54
f 63 91 101
f 63 46 91
f 70 56 63
f 70 88 56
f 456 527 495
f 79 88 70
f 88 122 140
f 88 79 122
f 79 87 122
f 87 114 122
f 438 477 456
f 114 173 122
f 114 116 173
f 385 449 438
f 438 449 477
f 198 173 116
f 198 249 173
f 249 198 256
f 249 256 329
f 256 303 329
f 420 449 385
f 420 479 449
f 449 479 477
f 303 256 291
f 303 291 364
f 364 420 385
f 366 364 291
f 420 364 366
f 4575 4559 4564
f 4559 4756 4564
f 4696 4776 4756
f 4575 4541 4559
f 4696 4756 4559
f 4712 4776 4696
f 4712 4820 4776
f 4221 4274 4243
f 4221 4115 4274
f 4541 4575 4410
f 4712 4768 4820
f 4853 4820 4768
f 4743 4853 4768
f 4872 4853 4743
f 3810 3729 3959
f 3718 3729 3747
f 3729 3810 3747
f 4826 4965 4872
f 4881 4965 4826
f 4871 4928 4881
f 3489 3567 3566
f 3489 3566 3547
f 3455 3489 3547
f 4871 4866 4928
f 4866 4929 4928
f 3374 3455 3376
f 4866 4891 4929
f 3295 3321 3296
f 4801 4806 4891
f 4806 4889 4891
f 3234 3295 3296
f 4806 4849 4889
f 4723 4861 4806
f 4806 4861 4849
f 4723 4722 4861
f 4722 4840 4861
f 3109 3113 3147
f 4724 4770 4722
f 4722 4770 4840
f 4721 4770 4724
f 3024 3034 3061
f 4721 4790 4770
f 2986 3034 3024
f 4778 4721 4612
f 4721 4778 4790
f 2986 3024 2990
f 4612 4706 4778
f 2969 2986 2990
f 2894 2968 2891
f 2894 2969 2968
f 4706 4607 4662
f 2873 2894 2891
f 4607 4572 4595
f 4572 4527 4523
f 4572 4523 4595
f 4527 4445 4523
f 4445 4437 4523
f 2739 2752 2794
f 4437 4321 4344
f 2648 2656 2678
f 4257 4344 4321
f 4191 4120 4149
f 4344 4257 4149
f 4257 4191 4149
f 2579 2541 2656
f 2520 2541 2579
f 4120 4012 3965
f 2485 2395 2248
f 3938 3965 3885
f 3965 3765 3885
f 3885 3765 3750
f 3695 3751 3487
f 3750 3765 3695
f 3765 3751 3695
f 3695 3487 3506
f 3328 3506 3427
f 2981 3136 2943
f 3307 2943 3136
f 3328 3307 3506
f 2841 2481 2536
f 2841 2536 2981
f 2943 2841 2981
f 1965 1946 1927
f 2373 2236 2325
f 2481 2373 2535
f 2373 2325 2535
f 2481 2535 2536
f 1927 1832 1876
f 2076 2168 2198
f 2236 2198 2365
f 2198 2168 2365
f 2236 2365 2325
f 1728 1789 1790
f 1789 1832 1790
f 1832 1833 1790
f 2076 2051 2168
f 1673 1728 1727
f 1790 1727 1728
f 1817 1833 1790
f 1790 1833 1817
f 1833 1817 1849
f 1849 1817 1833
f 1905 1956 1849
f 1565 1611 1622
f 1611 1676 1622
f 1715 1727 1662
f 1727 1715 1755
f 1755 1673 1727
f 1755 1809 1817
f 1809 1849 1817
f 1809 1868 1849
f 1849 1868 1905
f 1497 1537 1535
f 1625 1565 1622
f 1537 1571 1535
f 1621 1662 1562
f 1676 1625 1622
f 1702 1715 1662
f 1621 1702 1662
f 1702 1755 1715
f 1702 1809 1755
f 1381 1431 1447
f 1431 1498 1447
f 1534 1497 1535
f 1543 1562 1489
f 1571 1534 1535
f 1583 1621 1562
f 1543 1583 1562
f 1583 1637 1621
f 1702 1621 1685
f 1621 1637 1685
f 1702 1685 1809
f 1381 1379 1334
f 1447 1379 1381
f 1454 1489 1447
f 1447 1498 1454
f 1508 1543 1489
f 1454 1508 1489
f 1508 1583 1543
f 1508 1573 1583
f 1583 1573 1637
f 1200 1281 1262
f 1281 1292 1262
f 1281 1335 1292
f 1369 1379 1325
f 1379 1369 1401
f 1401 1334 1379
f 1454 1457 1508
f 1457 1617 1508
f 1508 1617 1573
f 1200 1191 1129
f 1262 1191 1200
f 1274 1325 1262
f 1262 1292 1274
f 1335 1274 1292
f 1347 1369 1325
f 1274 1347 1325
f 1347 1401 1369
f 1347 1409 1401
f 1454 1401 1457
f 1401 1409 1457
f 989 1129 1049
f 1049 1129 1048
f 1048 1129 1191
f 989 1049 963
f 1195 1347 1274
f 931 903 963
f 1195 1255 1347
f 903 931 875
f 1108 1118 1195
f 837 805 875
f 837 875 931
f 1118 1108 1019
f 769 805 731
f 805 837 731
f 1019 973 1118
f 700 731 663
f 769 731 700
f 895 864 944
f 944 864 973
f 625 663 731
f 864 895 832
f 663 500 534
f 832 835 864
f 455 500 537
f 747 879 835
f 384 455 429
f 747 760 879
f 309 384 339
f 384 429 339
f 728 760 747
f 379 339 429
f 698 728 675
f 698 798 728
f 339 293 265
f 293 252 265
f 293 339 379
f 666 698 658
f 666 723 698
f 171 293 268
f 171 252 293
f 268 189 171
f 624 671 666
f 203 268 267
f 203 189 268
f 590 671 624
f 156 189 203
f 590 610 671
f 551 610 590
f 203 164 156
f 164 203 219
f 164 219 199
f 551 616 610
f 134 164 199
f 107 199 180
f 107 134 199
f 533 576 616
f 82 107 136
f 136 180 155
f 136 107 180
f 533 559 576
f 65 82 136
f 490 569 559
f 44 136 127
f 44 65 136
f 490 575 569
f 112 44 127
f 490 439 575
f 44 112 100
f 29 44 100
f 439 517 575
f 42 26 29
f 42 100 84
f 42 29 100
f 439 491 517
f 20 26 42
f 78 42 84
f 42 28 20
f 28 42 78
f 28 23 20
f 28 78 66
f 405 446 491
f 446 524 491
f 28 45 23
f 45 28 66
f 33 23 45
f 446 501 524
f 45 46 33
f 46 39 33
f 410 501 446
f 54 39 46
f 54 61 39
f 377 501 410
f 377 495 501
f 377 456 495
f 54 56 61
f 56 89 61
f 89 76 61
f 377 411 456
f 88 89 56
f 89 88 140
f 411 373 456
f 373 438 456
f 140 122 170
f 334 438 373
f 170 122 214
f 122 173 214
f 244 300 214
f 244 329 300
f 300 329 321
f 321 343 334
f 343 438 334
f 244 214 173
f 329 343 321
f 249 244 173
f 244 249 329
f 343 385 438
f 343 329 364
f 329 303 364
f 343 364 385
f 4541 4696 4559
f 4115 4403 4274
f 4403 4410 4274
f 4410 4493 4541
f 4410 4403 4493
f 4541 4712 4696
f 4057 4178 4115
f 4115 4178 4403
f 4541 4594 4712
f 4768 4712 4594
f 3974 4057 4115
f 4621 4768 4594
f 4621 4743 4768
f 4664 4743 4621
f 4680 4743 4664
f 4680 4751 4743
f 4751 4872 4743
f 4826 4872 4751
f 3567 3729 3718
f 4881 4826 4751
f 4759 4881 4738
f 4759 4871 4881
f 4821 4871 4759
f 3489 3455 3374
f 4821 4866 4871
f 3318 3374 3376
f 4821 4754 4866
f 3295 3318 3321
f 3318 3376 3321
f 4754 4891 4866
f 4801 4754 4767
f 4891 4754 4801
f 3239 3295 3234
f 4730 4806 4767
f 4767 4806 4801
f 3205 3239 3234
f 4723 4806 4730
f 3061 3113 3109
f 4722 4677 4724
f 4677 4629 4724
f 4629 4721 4724
f 4612 4721 4629
f 4598 4706 4612
f 4607 4598 4572
f 4706 4598 4607
f 2714 2752 2739
f 4445 4321 4437
f 2714 2739 2678
f 2572 2610 2656
f 2572 2656 2541
f 2520 2485 2541
f 4120 4103 4012
f 4011 4012 4103
f 4011 3965 4012
f 3765 3965 4011
f 4011 3832 3765
f 3306 3427 3487
f 3589 3487 3751
f 3832 3751 3765
f 2248 2139 2208
f 3427 3365 3328
f 3427 3306 3365
f 3487 3427 3506
f 2139 2080 2031
f 2841 2960 2811
f 2943 2960 2841
f 3365 2943 3307
f 3365 3307 3328
f 2025 2015 2031
f 2025 1965 2015
f 2080 2025 2031
f 2481 2480 2385
f 2811 2481 2841
f 2236 2251 2171
f 2385 2251 2373
f 2251 2236 2373
f 2385 2373 2481
f 2171 2198 2236
f 1733 1827 1789
f 1827 1832 1789
f 1876 1832 1827
f 1956 1986 1948
f 1986 1956 2051
f 1733 1728 1674
f 1789 1728 1733
f 1811 1832 1789
f 1789 1804 1811
f 1789 1832 1804
f 1832 1811 1853
f 1853 1804 1832
f 1849 1861 1853
f 1948 1861 1956
f 1861 1849 1956
f 1566 1612 1623
f 1612 1677 1623
f 1725 1728 1673
f 1728 1725 1772
f 1772 1674 1728
f 1817 1811 1772
f 1853 1811 1849
f 1811 1817 1849
f 1445 1493 1483
f 1493 1518 1483
f 1626 1566 1623
f 1493 1568 1518
f 1646 1611 1565
f 1611 1646 1676
f 1626 1623 1677
f 1772 1725 1755
f 1725 1673 1755
f 1772 1755 1817
f 1384 1445 1443
f 1443 1445 1483
f 1537 1497 1536
f 1483 1518 1503
f 1443 1483 1503
f 1471 1443 1503
f 1537 1536 1571
f 1503 1518 1568
f 1565 1625 1646
f 1646 1625 1676
f 1268 1328 1342
f 1442 1384 1443
f 1328 1387 1342
f 1440 1431 1381
f 1443 1471 1442
f 1431 1440 1461
f 1431 1461 1498
f 1497 1534 1536
f 1536 1534 1571
f 1207 1238 1236
f 1268 1342 1321
f 1236 1238 1271
f 1387 1321 1342
f 1421 1440 1381
f 1377 1421 1381
f 1334 1377 1381
f 1421 1461 1440
f 1421 1454 1461
f 1461 1454 1498
f 1084 1150 1129
f 1150 1161 1129
f 1235 1207 1236
f 1150 1211 1161
f 1241 1281 1200
f 1241 1335 1281
f 1271 1235 1236
f 1421 1377 1401
f 1377 1334 1401
f 1421 1401 1454
f 1084 1129 989
f 1144 1200 1129
f 1129 1161 1144
f 1211 1144 1161
f 1220 1241 1200
f 1144 1220 1200
f 1220 1335 1241
f 1220 1274 1335
f 1144 1274 1220
f 1076 1195 1144
f 1144 1195 1274
f 1022 1108 1076
f 1076 1108 1195
f 1019 1108 1022
f 700 816 769
f 816 805 769
f 973 1019 944
f 895 944 861
f 593 623 534
f 623 663 534
f 496 593 534
f 832 861 782
f 861 832 895
f 496 500 453
f 534 500 496
f 356 453 500
f 755 835 782
f 782 835 832
f 384 356 455
f 455 356 500
f 755 747 835
f 309 356 384
f 714 687 747
f 687 728 747
f 265 309 339
f 265 242 309
f 687 675 728
f 197 242 265
f 658 698 675
f 252 197 265
f 171 197 252
f 637 624 658
f 624 666 658
f 130 197 171
f 126 171 189
f 126 130 171
f 595 590 624
f 83 126 156
f 156 126 189
f 590 513 551
f 95 83 156
f 95 156 134
f 134 156 164
f 48 95 107
f 107 95 134
f 48 41 14
f 41 48 107
f 17 107 82
f 17 41 107
f 41 17 10
f 2 10 17
f 17 82 65
f 17 29 2
f 29 17 44
f 44 17 65
f 29 5 2
f 29 26 5
f 26 7 5
f 16 7 26
f 413 491 439
f 16 26 20
f 413 405 491
f 20 40 16
f 23 31 20
f 20 31 40
f 383 446 405
f 33 31 23
f 31 33 69
f 393 446 383
f 393 410 446
f 61 74 39
f 393 377 410
f 76 74 61
f 74 125 131
f 74 76 125
f 345 411 377
f 76 89 125
f 89 165 125
f 280 345 285
f 280 411 345
f 140 165 89
f 280 325 411
f 325 373 411
f 170 165 140
f 165 170 194
f 194 214 234
f 214 300 234
f 300 280 234
f 300 325 280
f 214 194 170
f 300 321 325
f 321 334 325
f 325 334 373
f 4057 4083 4178
f 4178 4416 4403
f 4493 4403 4416
f 4416 4541 4493
f 4546 4594 4416
f 4594 4541 4416
f 3910 3974 3959
f 3910 4057 3974
f 4546 4621 4594
f 3729 3910 3959
f 3628 3567 3551
f 3628 3729 3567
f 4738 4751 4680
f 4738 4881 4751
f 3489 3551 3567
f 4759 4738 4670
f 4750 4759 4670
f 4750 4821 4759
f 4750 4716 4821
f 4716 4754 4821
f 4713 4754 4716
f 4754 4730 4767
f 3149 3239 3205
f 3147 3149 3205
f 4611 4613 4730
f 4730 4613 4723
f 4613 4722 4723
f 4613 4577 4722
f 3053 3113 3061
f 4577 4677 4722
f 3034 3053 3061
f 4577 4629 4677
f 4577 4552 4629
f 4552 4612 4629
f 2969 2965 2986
f 4552 4598 4612
f 2894 2965 2969
f 4480 4598 4552
f 4480 4572 4598
f 4480 4527 4572
f 2831 2873 2816
f 2794 2752 2816
f 2752 2831 2816
f 4445 4527 4282
f 4321 4445 4286
f 2656 2714 2678
f 4286 4263 4321
f 4263 4257 4321
f 4263 4191 4257
f 4191 4170 4120
f 4170 4148 4120
f 4103 4120 4148
f 4070 4011 4103
f 2266 2248 2151
f 2485 2248 2266
f 3751 3655 3589
f 3832 3932 3655
f 4011 3932 3832
f 4011 4028 3932
f 4070 4028 4011
f 2097 2151 2139
f 2151 2208 2139
f 2248 2208 2151
f 3306 3487 3589
f 3655 3751 3832
f 4028 3995 3932
f 2097 2139 2031
f 2680 2596 2811
f 2960 3045 2811
f 3306 3045 2943
f 3045 2960 2943
f 3306 2943 3365
f 2480 2596 2385
f 2596 2480 2481
f 2596 2481 2811
f 1880 1918 1927
f 1918 1940 1927
f 1965 1940 2015
f 2116 2111 2171
f 2251 2315 2171
f 2315 2251 2385
f 1844 1880 1876
f 1927 1876 1880
f 1951 1965 1927
f 1927 1940 1951
f 1965 1951 1986
f 1986 1940 1965
f 1986 1951 1940
f 2076 2111 2051
f 2111 2076 2198
f 2111 2198 2171
f 1735 1771 1783
f 1771 1846 1783
f 1866 1876 1827
f 1876 1866 1897
f 1897 1844 1876
f 1897 1948 1951
f 1948 1986 1951
f 1672 1710 1708
f 1784 1735 1783
f 1710 1736 1708
f 1782 1827 1733
f 1827 1782 1810
f 1846 1784 1783
f 1861 1866 1827
f 1810 1861 1827
f 1861 1897 1866
f 1897 1861 1948
f 1567 1613 1624
f 1707 1672 1708
f 1613 1678 1624
f 1736 1707 1708
f 1763 1782 1733
f 1724 1763 1733
f 1674 1724 1733
f 1763 1810 1782
f 1763 1811 1810
f 1811 1804 1810
f 1861 1810 1853
f 1810 1804 1853
f 1446 1494 1493
f 1494 1570 1493
f 1627 1567 1624
f 1647 1612 1566
f 1612 1647 1677
f 1627 1624 1678
f 1763 1724 1772
f 1724 1674 1772
f 1763 1772 1811
f 1385 1446 1445
f 1493 1445 1446
f 1493 1570 1500
f 1493 1500 1568
f 1566 1626 1647
f 1647 1626 1677
f 1261 1327 1328
f 1327 1388 1328
f 1470 1445 1384
f 1470 1385 1445
f 1471 1500 1470
f 1503 1500 1471
f 1500 1503 1568
f 1209 1261 1268
f 1328 1268 1261
f 1328 1388 1339
f 1328 1339 1387
f 1384 1442 1470
f 1470 1442 1471
f 1127 1151 1084
f 1151 1162 1084
f 1151 1212 1162
f 1237 1238 1207
f 1237 1271 1238
f 1302 1209 1268
f 1321 1302 1268
f 1387 1302 1321
f 1387 1339 1302
f 1127 1084 989
f 1152 1211 1084
f 1211 1150 1084
f 1084 1162 1152
f 1152 1162 1212
f 1207 1235 1237
f 1237 1235 1271
f 892 989 963
f 1211 1152 1076
f 1144 1211 1076
f 963 903 892
f 830 892 875
f 875 892 903
f 830 805 816
f 875 805 830
f 1022 1076 850
f 1019 850 944
f 850 1019 1022
f 734 700 703
f 816 700 734
f 623 703 663
f 663 703 700
f 850 861 944
f 531 593 496
f 850 782 861
f 387 496 453
f 356 387 453
f 290 309 251
f 309 387 356
f 309 290 387
f 714 747 755
f 242 251 309
f 200 197 166
f 197 200 242
f 96 166 130
f 130 166 197
f 49 59 96
f 83 96 130
f 49 96 83
f 83 130 126
f 553 513 590
f 18 34 25
f 25 34 49
f 25 49 95
f 95 49 83
f 513 476 551
f 48 25 95
f 14 4 25
f 4 18 25
f 14 25 48
f 476 447 551
f 447 616 551
f 14 8 4
f 533 447 472
f 447 533 616
f 8 14 41
f 10 3 8
f 10 8 41
f 435 441 472
f 472 441 533
f 441 559 533
f 3 10 2
f 490 441 398
f 441 490 559
f 1 3 2
f 398 403 490
f 403 439 490
f 5 1 2
f 5 7 1
f 403 381 439
f 381 413 439
f 7 16 27
f 381 344 413
f 16 40 27
f 27 40 64
f 344 405 413
f 344 311 405
f 31 69 40
f 333 405 311
f 333 383 405
f 69 97 129
f 69 33 97
f 33 39 97
f 243 393 333
f 333 393 383
f 74 97 39
f 258 285 243
f 285 393 243
f 131 97 74
f 285 377 393
f 131 125 151
f 151 222 228
f 285 345 377
f 165 151 125
f 165 222 151
f 222 165 194
f 222 194 234
f 234 258 222
f 234 285 258
f 234 280 285
f 4083 4188 4178
f 4188 4416 4178
f 4057 4034 4083
f 4546 4188 4169
f 4546 4416 4188
f 4034 4057 3910
f 4210 4546 4169
f 4209 4546 4210
f 4209 4436 4546
f 4436 4621 4546
f 4664 4621 4436
f 4391 4664 4436
f 4391 4680 4664
f 4680 4391 4457
f 4502 4680 4457
f 4502 4738 4680
f 3551 3489 3549
f 4670 4738 4502
f 3374 3394 3489
f 3394 3549 3489
f 3318 3394 3374
f 4647 4716 4750
f 4684 4754 4713
f 4730 4684 4561
f 4684 4730 4754
f 4561 4556 4730
f 3150 3149 3147
f 4556 4611 4730
f 3113 3150 3147
f 4478 4613 4611
f 4459 4613 4478
f 4459 4577 4613
f 4461 4577 4459
f 4461 4552 4577
f 4397 4552 4461
f 2892 2986 2965
f 4480 4552 4397
f 2880 2892 2894
f 2892 2965 2894
f 2880 2894 2873
f 2831 2880 2873
f 4399 4527 4480
f 2797 2752 2742
f 2797 2831 2752
f 4399 4282 4527
f 4286 4445 4282
f 2742 2714 2636
f 2752 2714 2742
f 2636 2656 2610
f 2636 2714 2656
f 4219 4155 4191
f 4219 4191 4263
f 4155 4170 4191
f 2512 2572 2541
f 2512 2541 2423
f 4156 4148 4170
f 2541 2485 2423
f 2423 2485 2266
f 4156 4103 4148
f 4078 4070 4103
f 4156 4078 4103
f 3384 3306 3626
f 3626 3589 3655
f 4068 4028 4070
f 2810 2706 3012
f 3045 3135 3012
f 3384 3135 3045
f 3384 3045 3306
f 3626 3306 3589
f 3793 3626 3655
f 3881 3655 3932
f 3881 3793 3655
f 3995 3881 3932
f 4068 4066 4028
f 4066 3995 4028
f 1969 2049 2015
f 2049 2031 2015
f 2097 2031 2049
f 2271 2315 2483
f 2596 2680 2483
f 2706 2680 2811
f 3012 2706 2811
f 3012 2811 3045
f 1969 2015 1893
f 2121 2116 2239
f 2483 2315 2385
f 2483 2385 2596
f 4010 3881 3995
f 4066 4010 3995
f 1842 1918 1880
f 2015 1918 1893
f 1940 1918 2015
f 1963 1986 2111
f 2239 2116 2171
f 2239 2171 2315
f 1726 1799 1800
f 1799 1845 1800
f 1892 1880 1844
f 1951 1947 1892
f 1986 1947 1951
f 1986 1963 1947
f 2111 1986 2051
f 1669 1726 1714
f 1797 1726 1800
f 1806 1771 1735
f 1771 1806 1846
f 1797 1800 1845
f 1892 1844 1897
f 1892 1897 1951
f 1563 1584 1639
f 1584 1640 1639
f 1721 1669 1714
f 1640 1675 1639
f 1709 1710 1672
f 1710 1709 1736
f 1735 1784 1806
f 1806 1784 1846
f 1510 1519 1494
f 1620 1563 1639
f 1510 1569 1519
f 1648 1613 1567
f 1639 1675 1620
f 1613 1648 1678
f 1672 1707 1709
f 1709 1707 1736
f 1494 1519 1501
f 1494 1501 1570
f 1501 1519 1569
f 1567 1627 1648
f 1648 1627 1678
f 1258 1303 1327
f 1303 1354 1327
f 1423 1329 1446
f 1303 1386 1354
f 1441 1446 1385
f 1446 1441 1468
f 1468 1423 1446
f 1500 1501 1468
f 1501 1500 1570
f 1208 1258 1261
f 1327 1261 1258
f 1327 1354 1338
f 1327 1338 1388
f 1338 1354 1386
f 1468 1441 1470
f 1441 1385 1470
f 1468 1470 1500
f 1095 1149 1127
f 1149 1210 1127
f 1257 1261 1209
f 1261 1257 1316
f 1316 1208 1261
f 1339 1338 1316
f 1338 1339 1388
f 1095 1127 993
f 1140 1151 1127
f 1127 1210 1140
f 1151 1140 1212
f 1316 1257 1302
f 1257 1209 1302
f 1316 1302 1339
f 940 993 989
f 1127 989 993
f 1152 1140 1076
f 1140 1152 1212
f 940 892 889
f 989 892 940
f 830 882 892
f 892 882 889
f 778 830 816
f 734 778 816
f 970 850 1076
f 673 694 703
f 694 734 703
f 634 673 623
f 673 703 623
f 531 634 593
f 593 634 623
f 454 496 418
f 387 418 496
f 786 755 782
f 786 782 850
f 263 347 290
f 347 387 290
f 418 387 347
f 755 740 716
f 202 263 251
f 263 290 251
f 714 755 716
f 716 680 714
f 202 200 174
f 200 202 242
f 242 202 251
f 680 687 714
f 680 669 687
f 174 166 124
f 166 174 200
f 669 675 687
f 96 124 166
f 669 658 675
f 669 637 658
f 59 124 96
f 50 37 59
f 604 567 595
f 604 595 624
f 50 21 37
f 49 50 59
f 567 590 595
f 567 553 590
f 34 50 49
f 34 21 50
f 34 13 21
f 6 13 18
f 34 18 13
f 507 476 513
f 6 4 9
f 6 18 4
f 9 4 8
f 447 435 472
f 3 9 8
f 9 3 11
f 380 441 435
f 3 15 11
f 380 398 441
f 3 1 15
f 1 43 15
f 1 52 43
f 1 32 52
f 1 7 32
f 381 403 314
f 7 27 32
f 27 64 32
f 64 68 32
f 314 344 381
f 315 312 344
f 64 40 128
f 312 311 344
f 40 69 128
f 276 311 312
f 69 129 128
f 128 129 143
f 217 311 276
f 129 186 143
f 243 311 217
f 243 333 311
f 131 129 97
f 129 151 186
f 186 243 217
f 151 129 131
f 151 228 186
f 228 243 186
f 228 258 243
f 228 222 258
f 4034 4169 4083
f 4169 4188 4083
f 4210 4169 4034
f 3910 3896 4034
f 3729 3896 3910
f 4209 4210 4034
f 3549 3896 3729
f 4391 4209 4269
f 4391 4436 4209
f 3628 3549 3729
f 3551 3549 3628
f 4536 4670 4502
f 3475 3549 3394
f 4555 4670 4536
f 4555 4750 4670
f 3295 3394 3318
f 4555 4647 4750
f 4618 4716 4647
f 4618 4597 4716
f 4597 4713 4716
f 4608 4684 4597
f 4597 4684 4713
f 4608 4561 4684
f 4556 4561 4501
f 4501 4478 4556
f 4478 4611 4556
f 3067 3150 3113
f 3053 3067 3113
f 4242 4459 4478
f 2984 3053 3034
f 2987 2984 3034
f 4290 4461 4293
f 4293 4461 4459
f 2892 2987 2986
f 2987 3034 2986
f 4290 4397 4461
f 4290 4480 4397
f 2830 2880 2814
f 2830 2892 2880
f 4290 4300 4480
f 4300 4399 4480
f 4218 4282 4300
f 4300 4282 4399
f 4143 4286 4282
f 4143 4219 4286
f 4219 4263 4286
f 2548 2572 2512
f 2548 2610 2572
f 4165 4170 4155
f 4165 4156 4170
f 4165 4078 4156
f 4078 4068 4070
f 4078 4029 4068
f 2980 3135 3384
f 3533 3442 3626
f 3442 3384 3626
f 3575 3533 3626
f 3870 3575 3793
f 3991 4068 4029
f 2097 2049 2000
f 2446 2483 2680
f 2446 2680 2706
f 2889 2810 3012
f 2980 2889 3012
f 2980 3012 3135
f 3793 3575 3626
f 3935 3793 3881
f 3870 3793 3935
f 3991 4009 4068
f 3935 4009 3991
f 4009 4066 4068
f 2049 1969 2000
f 2217 2239 2271
f 3935 3881 4009
f 1835 1893 1918
f 2271 2239 2315
f 4010 4009 3881
f 4009 4010 4066
f 1835 1842 1787
f 1918 1842 1835
f 1963 2111 2116
f 1658 1729 1726
f 1799 1729 1787
f 1799 1726 1729
f 1787 1842 1828
f 1799 1787 1845
f 1880 1828 1842
f 1828 1892 1947
f 1828 1880 1892
f 1658 1669 1584
f 1726 1669 1658
f 1726 1797 1785
f 1785 1714 1726
f 1797 1845 1785
f 1584 1563 1496
f 1644 1640 1584
f 1584 1669 1644
f 1644 1675 1640
f 1721 1644 1669
f 1714 1785 1721
f 1312 1449 1446
f 1510 1449 1490
f 1510 1494 1449
f 1494 1446 1449
f 1510 1490 1502
f 1502 1569 1510
f 1620 1598 1563
f 1675 1598 1620
f 1675 1644 1598
f 1446 1329 1312
f 1468 1502 1466
f 1501 1502 1468
f 1502 1501 1569
f 1156 1263 1258
f 1303 1258 1263
f 1303 1263 1386
f 1423 1402 1329
f 1468 1402 1423
f 1468 1466 1402
f 1156 1163 1095
f 1219 1156 1258
f 1294 1258 1208
f 1294 1219 1258
f 1338 1386 1294
f 993 1057 1095
f 1153 1149 1095
f 1095 1163 1153
f 1149 1153 1210
f 1294 1208 1316
f 1294 1316 1338
f 1140 1153 1013
f 1153 1140 1210
f 1076 1140 1013
f 1013 970 1076
f 717 734 694
f 778 734 717
f 609 673 634
f 565 634 529
f 609 634 565
f 970 848 850
f 454 529 496
f 496 529 531
f 531 529 634
f 414 454 418
f 319 335 347
f 335 414 347
f 414 418 347
f 850 783 786
f 260 319 263
f 263 319 347
f 783 755 786
f 783 738 755
f 202 260 263
f 738 740 755
f 202 174 153
f 740 680 716
f 124 105 153
f 60 105 124
f 60 77 105
f 124 153 174
f 57 77 60
f 60 36 57
f 59 60 124
f 635 604 637
f 635 637 669
f 604 624 637
f 60 37 36
f 37 60 59
f 22 37 21
f 525 553 567
f 525 513 553
f 525 507 513
f 19 22 21
f 19 21 13
f 6 12 13
f 12 19 13
f 478 476 507
f 478 451 476
f 451 434 447
f 451 447 476
f 6 9 12
f 434 412 447
f 9 24 12
f 412 435 447
f 9 53 24
f 9 11 53
f 53 11 81
f 412 380 435
f 412 369 380
f 11 15 81
f 380 368 398
f 368 313 398
f 313 403 398
f 342 403 313
f 32 68 52
f 68 113 52
f 113 68 99
f 314 342 284
f 342 314 403
f 68 64 99
f 257 315 314
f 315 344 314
f 64 128 99
f 157 128 162
f 99 128 157
f 162 209 225
f 209 218 225
f 209 257 218
f 296 315 257
f 296 312 315
f 143 162 128
f 143 209 162
f 209 229 257
f 229 296 257
f 229 276 296
f 296 276 312
f 229 217 276
f 186 209 143
f 229 209 217
f 209 186 217
f 3901 3999 3896
f 3999 4034 3896
f 3999 4209 4034
f 4209 3999 3961
f 3549 3794 3896
f 3901 3794 3999
f 3901 3896 3794
f 3794 3549 3648
f 4269 3961 3987
f 4269 4209 3961
f 3987 4330 4269
f 4269 4457 4391
f 3648 3549 3475
f 4052 4330 3987
f 4269 4330 4457
f 4330 4502 4457
f 3394 3468 3475
f 4270 4330 4052
f 4536 4502 4330
f 3468 3394 3288
f 4270 4536 4330
f 4270 4555 4536
f 3288 3394 3295
f 4647 4555 4270
f 3199 3288 3239
f 3288 3295 3239
f 4355 4647 4270
f 4355 4618 4647
f 3199 3239 3149
f 4378 4618 4355
f 4378 4597 4618
f 4501 4608 4378
f 4378 4608 4597
f 4501 4561 4608
f 3149 3150 3067
f 4454 4478 4501
f 3036 3067 3053
f 4454 4242 4478
f 3053 2984 3036
f 4289 4459 4242
f 4182 4293 4289
f 4289 4293 4459
f 4182 4290 4293
f 4182 4195 4290
f 4195 4129 4290
f 4129 4300 4290
f 2749 2880 2737
f 2749 2814 2880
f 4129 4143 4300
f 2737 2880 2831
f 4143 4218 4300
f 2686 2797 2671
f 2686 2737 2797
f 2831 2797 2737
f 2636 2671 2742
f 2671 2797 2742
f 4143 4282 4218
f 2610 2548 2452
f 4085 4219 4143
f 4085 4155 4219
f 4085 4165 4155
f 3931 4085 3926
f 3931 4165 4085
f 3940 3931 3847
f 3931 4078 4165
f 2266 2151 2148
f 3533 3614 3574
f 3614 3662 3574
f 3614 3808 3662
f 3808 3847 3662
f 3808 3940 3847
f 3940 4029 3931
f 3931 4029 4078
f 2073 2148 2097
f 2148 2151 2097
f 3384 3442 3310
f 3533 3575 3614
f 3808 3870 3940
f 2073 2097 2000
f 2889 2885 2673
f 2980 2885 2889
f 2980 3047 2885
f 3310 3047 3384
f 3047 2980 3384
f 3808 3614 3575
f 3808 3575 3870
f 3870 3991 3940
f 3940 3991 4029
f 1873 1970 1969
f 1970 2000 1969
f 2446 2706 2592
f 2810 2592 2706
f 2810 2673 2592
f 2673 2810 2889
f 3991 3870 3935
f 1969 1893 1873
f 2263 2217 2271
f 1893 1835 1873
f 2121 2127 2068
f 2127 2121 2239
f 2239 2217 2127
f 2116 1985 1963
f 2116 2068 1985
f 2068 2116 2121
f 1729 1658 1576
f 1787 1828 1836
f 1836 1845 1787
f 1658 1555 1576
f 1658 1584 1555
f 1584 1496 1555
f 1845 1836 1785
f 1393 1490 1449
f 1449 1312 1393
f 1490 1496 1517
f 1496 1563 1517
f 1517 1502 1490
f 1517 1563 1598
f 1644 1635 1598
f 1156 1188 1263
f 1188 1312 1263
f 1312 1329 1263
f 1502 1517 1466
f 1517 1395 1466
f 1263 1329 1309
f 1309 1386 1263
f 1378 1309 1329
f 1402 1378 1329
f 1402 1466 1378
f 1156 1095 1057
f 1219 1163 1156
f 1294 1309 1219
f 1309 1294 1386
f 1057 993 953
f 1163 1219 1153
f 993 940 953
f 818 873 882
f 873 889 882
f 1153 1059 1013
f 882 830 818
f 970 1013 980
f 830 778 818
f 498 565 529
f 414 498 454
f 498 529 454
f 848 783 850
f 169 233 150
f 233 224 150
f 319 317 335
f 98 123 150
f 224 317 319
f 73 123 98
f 202 150 224
f 202 224 260
f 260 224 319
f 783 749 738
f 153 98 150
f 153 150 202
f 738 680 740
f 67 73 77
f 77 98 105
f 77 73 98
f 105 98 153
f 692 669 680
f 55 67 77
f 55 77 57
f 47 57 36
f 47 55 57
f 35 47 36
f 38 36 37
f 38 35 36
f 22 38 37
f 22 30 38
f 22 19 30
f 30 19 62
f 12 51 19
f 19 51 62
f 470 451 478
f 12 24 51
f 51 24 72
f 400 412 434
f 53 72 24
f 350 369 412
f 43 81 15
f 81 43 75
f 287 368 369
f 369 368 380
f 43 52 75
f 52 109 75
f 109 139 75
f 313 368 287
f 139 113 187
f 109 113 139
f 52 113 109
f 284 313 278
f 313 284 342
f 113 157 187
f 113 99 157
f 225 284 278
f 218 284 225
f 162 225 157
f 218 257 284
f 284 257 314
f 3805 3999 3794
f 3805 3961 3999
f 3794 3648 3805
f 3805 3987 3961
f 3475 3653 3648
f 3805 4052 3987
f 3468 3536 3475
f 3475 3536 3653
f 3468 3357 3536
f 3288 3357 3468
f 4090 4270 4052
f 4270 4090 4131
f 3288 3199 3134
f 4131 4355 4270
f 3199 3149 3033
f 4296 4355 4131
f 4296 4378 4355
f 4296 4501 4378
f 3149 3067 3033
f 3067 2979 3033
f 4296 4337 4501
f 4337 4454 4501
f 2867 2979 3036
f 3036 2979 3067
f 4337 4242 4454
f 3036 2984 2867
f 2984 2896 2867
f 4182 4289 3912
f 2774 2896 2987
f 2984 2987 2896
f 3912 4014 4182
f 2987 2892 2774
f 2892 2830 2774
f 4013 4195 4014
f 4014 4195 4182
f 2830 2814 2749
f 3993 4195 4013
f 3993 4129 4195
f 3993 4143 4129
f 3916 4143 3993
f 2450 2612 2636
f 2671 2636 2612
f 2476 2636 2610
f 2476 2450 2636
f 2452 2476 2610
f 3871 3900 4143
f 3900 4085 4143
f 2352 2548 2512
f 2352 2452 2548
f 2423 2297 2352
f 2423 2352 2512
f 3926 4085 3900
f 2266 2297 2423
f 3694 3847 3926
f 3926 3847 3931
f 3662 3694 3530
f 3694 3662 3847
f 3530 3574 3662
f 3574 3442 3533
f 3047 3055 2964
f 3047 3182 3055
f 3182 3047 3310
f 2020 2000 1970
f 2073 2000 2020
f 2673 2694 2539
f 2694 2673 2885
f 2964 2885 3047
f 1970 1873 1888
f 2539 2592 2673
f 1703 1803 1835
f 1803 1888 1835
f 1888 1873 1835
f 2158 2217 2263
f 2483 2263 2271
f 2483 2446 2263
f 2217 2158 2127
f 1576 1663 1729
f 1729 1663 1703
f 1835 1729 1703
f 1787 1729 1835
f 1906 1963 1985
f 1836 1947 1890
f 1836 1828 1947
f 1963 1906 1947
f 1906 1890 1947
f 1555 1496 1398
f 1836 1746 1785
f 1496 1393 1398
f 1490 1393 1496
f 1635 1644 1721
f 1785 1746 1721
f 1746 1635 1721
f 1156 1057 1188
f 1286 1187 1219
f 1219 1309 1286
f 1378 1286 1309
f 1219 1187 1153
f 913 889 873
f 940 889 913
f 826 818 799
f 873 818 826
f 694 726 778
f 778 799 818
f 980 1013 976
f 1059 976 1013
f 588 621 609
f 621 694 609
f 694 778 717
f 976 970 980
f 141 183 160
f 183 223 160
f 183 227 223
f 673 609 694
f 227 305 223
f 498 588 565
f 498 539 588
f 565 588 609
f 976 886 970
f 160 137 141
f 233 223 279
f 223 305 279
f 305 346 279
f 419 539 498
f 970 886 848
f 160 147 137
f 147 160 169
f 169 160 223
f 169 223 233
f 233 279 317
f 317 346 335
f 317 279 346
f 346 419 335
f 419 414 335
f 498 414 419
f 111 137 123
f 123 147 150
f 123 137 147
f 150 147 169
f 224 233 317
f 111 123 92
f 92 123 73
f 86 92 73
f 738 692 680
f 749 692 738
f 67 86 73
f 58 86 67
f 55 58 67
f 669 653 635
f 602 604 635
f 55 47 58
f 602 567 604
f 58 47 35
f 35 103 58
f 38 103 35
f 30 103 38
f 30 90 103
f 482 474 507
f 482 507 525
f 62 90 30
f 90 62 132
f 474 478 507
f 474 470 478
f 51 102 62
f 62 102 132
f 445 451 470
f 445 404 451
f 404 400 451
f 400 434 451
f 51 72 102
f 72 121 102
f 400 350 412
f 72 81 121
f 81 148 121
f 72 53 81
f 354 369 350
f 81 139 148
f 139 195 148
f 81 75 139
f 259 287 354
f 230 287 259
f 354 287 369
f 187 241 230
f 241 287 230
f 241 278 287
f 278 313 287
f 225 241 187
f 225 187 157
f 225 278 241
f 3653 3805 3648
f 3516 3653 3536
f 3653 3516 3773
f 3773 3805 3653
f 3773 4052 3805
f 3516 3536 3357
f 4090 3773 3806
f 4090 4052 3773
f 3134 3345 3288
f 3357 3288 3345
f 3134 3186 3345
f 4033 4090 3806
f 4033 4131 4090
f 2973 3186 3033
f 3033 3134 3199
f 3186 3134 3033
f 3848 4033 3806
f 3848 4101 4033
f 4296 4033 4101
f 4296 4131 4033
f 3033 2979 2973
f 2979 2897 2973
f 2867 2897 2979
f 4146 4296 4101
f 4296 4146 4337
f 4146 4242 4337
f 2867 2896 2843
f 4146 4289 4242
f 2774 2843 2896
f 4146 3912 4289
f 2695 2760 2830
f 2774 2830 2760
f 3917 4013 4014
f 2830 2749 2695
f 3917 3842 4013
f 2622 2695 2749
f 3770 3993 3842
f 3842 3993 4013
f 2749 2737 2622
f 3770 3776 3993
f 2540 2622 2686
f 2686 2622 2737
f 3776 3916 3993
f 2686 2671 2540
f 2450 2540 2612
f 2612 2540 2671
f 3776 3871 3916
f 3871 4143 3916
f 2329 2450 2476
f 3668 3900 3871
f 2476 2452 2329
f 2452 2323 2329
f 2297 2323 2352
f 2452 2352 2323
f 3694 3926 3900
f 2135 2180 2266
f 2266 2180 2297
f 2148 2135 2266
f 2020 2135 2148
f 3442 3574 3530
f 2073 2020 2148
f 3182 3274 3155
f 3182 3310 3274
f 3274 3310 3442
f 3055 3182 3104
f 2391 2592 2539
f 2836 2694 2885
f 2836 2885 2964
f 2336 2446 2592
f 2592 2391 2336
f 2033 2127 2072
f 2033 2068 2127
f 2127 2158 2072
f 1524 1619 1555
f 1619 1576 1555
f 1663 1576 1619
f 2068 2033 1985
f 1524 1555 1398
f 1351 1398 1393
f 1249 1351 1312
f 1393 1312 1351
f 1078 1174 1188
f 1174 1249 1188
f 1249 1312 1188
f 1517 1598 1547
f 1635 1547 1598
f 1039 1078 1057
f 1188 1057 1078
f 967 1002 966
f 1002 953 966
f 1039 953 1002
f 1057 953 1039
f 913 966 940
f 940 966 953
f 1153 1187 1059
f 799 778 726
f 701 694 621
f 726 694 701
f 1059 987 976
f 206 240 227
f 240 324 227
f 324 305 227
f 545 588 539
f 588 545 621
f 141 177 183
f 183 177 206
f 227 183 206
f 324 378 305
f 458 545 539
f 177 141 201
f 305 378 346
f 378 433 346
f 458 419 433
f 539 419 458
f 149 141 137
f 201 141 149
f 419 346 433
f 886 823 848
f 138 137 111
f 149 137 138
f 848 823 783
f 823 749 783
f 138 111 92
f 92 146 138
f 86 117 92
f 146 92 117
f 682 692 749
f 692 653 669
f 682 653 692
f 86 58 117
f 58 110 117
f 596 567 602
f 596 562 567
f 562 525 567
f 58 103 110
f 103 90 120
f 90 132 120
f 445 470 474
f 121 185 102
f 404 382 400
f 308 400 382
f 148 210 121
f 350 400 308
f 195 210 148
f 320 308 292
f 320 350 308
f 195 236 210
f 195 230 236
f 230 292 236
f 230 259 292
f 259 320 292
f 320 354 350
f 320 259 354
f 195 139 187
f 187 230 195
f 3546 3773 3516
f 3279 3428 3345
f 3428 3357 3345
f 3516 3428 3546
f 3516 3357 3428
f 3546 3806 3773
f 3279 3345 3186
f 3428 3279 3351
f 3546 3661 3806
f 2973 3013 3186
f 3177 3186 3013
f 3177 3279 3186
f 3848 3806 3661
f 2809 2953 2897
f 2953 3013 2973
f 2897 2953 2973
f 3825 4101 3848
f 2897 2867 2809
f 2867 2756 2809
f 2724 2756 2867
f 3764 4146 4101
f 2843 2679 2724
f 2843 2724 2867
f 3764 3912 4146
f 2843 2774 2679
f 2718 2679 2774
f 2718 2774 2760
f 3849 3917 3912
f 3912 3917 4014
f 2695 2637 2718
f 2695 2718 2760
f 3849 3842 3917
f 2564 2637 2695
f 2695 2622 2564
f 2488 2564 2622
f 2622 2540 2488
f 3749 3776 3770
f 3670 3776 3749
f 2393 2488 2540
f 2540 2450 2393
f 3669 3776 3670
f 3669 3871 3776
f 2243 2393 2450
f 2329 2243 2450
f 3669 3597 3871
f 2329 2223 2243
f 2180 2223 2323
f 2323 2223 2329
f 3517 3668 3597
f 3597 3668 3871
f 2180 2323 2297
f 3517 3430 3668
f 3668 3694 3900
f 2047 2180 2135
f 3430 3694 3668
f 3274 3442 3430
f 3430 3442 3530
f 3430 3530 3694
f 2020 2047 2135
f 1961 2047 2020
f 3155 3104 3182
f 1803 1911 1970
f 1911 1961 1970
f 1970 1961 2020
f 2689 2836 2856
f 2836 2964 2856
f 2920 2856 3055
f 2856 2964 3055
f 2920 3055 3104
f 1888 1803 1970
f 2539 2689 2604
f 2694 2689 2539
f 2689 2694 2836
f 1803 1703 1697
f 2446 2336 2141
f 1619 1697 1663
f 1663 1697 1703
f 2263 2059 2158
f 2263 2141 2059
f 2141 2263 2446
f 1524 1398 1407
f 1985 1932 1906
f 1985 2033 1932
f 1351 1407 1398
f 1836 1765 1746
f 1836 1890 1834
f 1906 1834 1890
f 1174 1240 1249
f 1765 1572 1746
f 1746 1572 1635
f 1039 1091 1078
f 1078 1091 1174
f 1572 1547 1635
f 1517 1547 1395
f 836 901 913
f 901 967 913
f 967 966 913
f 873 836 913
f 1378 1293 1286
f 730 766 799
f 799 836 826
f 799 766 836
f 826 836 873
f 1286 1293 1187
f 1293 1199 1187
f 647 730 662
f 730 726 662
f 726 730 799
f 1187 1199 1059
f 358 395 417
f 536 577 621
f 577 662 621
f 621 662 701
f 701 662 726
f 295 358 324
f 324 358 417
f 536 545 440
f 545 536 621
f 991 987 1059
f 206 216 240
f 240 295 324
f 240 216 295
f 324 417 378
f 378 440 433
f 378 417 440
f 433 440 458
f 458 440 545
f 216 177 231
f 216 206 177
f 987 886 976
f 201 231 177
f 149 172 201
f 823 886 825
f 172 226 201
f 172 149 138
f 138 184 172
f 184 226 172
f 184 261 226
f 749 823 682
f 138 146 184
f 146 117 110
f 110 184 146
f 653 682 641
f 641 606 635
f 641 635 653
f 606 602 635
f 606 596 602
f 110 103 361
f 525 562 482
f 211 266 103
f 103 120 211
f 132 213 120
f 445 474 448
f 448 404 445
f 390 404 448
f 132 102 213
f 338 348 390
f 348 404 390
f 102 185 213
f 185 248 213
f 348 382 404
f 185 121 210
f 210 248 185
f 210 236 248
f 236 277 248
f 236 292 277
f 292 348 277
f 308 382 348
f 292 308 348
f 3127 3279 3177
f 3127 3351 3279
f 3428 3351 3410
f 3410 3546 3428
f 3410 3514 3546
f 3514 3661 3546
f 3177 3013 3127
f 3661 3514 3450
f 3064 3013 2953
f 3127 3013 3064
f 3507 3661 3450
f 3825 3848 3661
f 2935 2809 2783
f 2953 2809 2935
f 2935 3064 2953
f 3507 3746 3661
f 3746 3825 3661
f 2783 2809 2756
f 3746 4101 3825
f 2726 2783 2756
f 2756 2724 2726
f 3746 3764 4101
f 2588 2724 2679
f 2588 2726 2724
f 2718 2414 2588
f 2718 2588 2679
f 3764 3849 3912
f 2411 2414 2718
f 3764 3673 3849
f 2637 2479 2411
f 2637 2411 2718
f 3667 3842 3673
f 3673 3842 3849
f 2319 2637 2564
f 2319 2479 2637
f 3667 3770 3842
f 2564 2394 2319
f 3667 3515 3770
f 2356 2564 2488
f 2356 2394 2564
f 3609 3749 3515
f 3515 3749 3770
f 3609 3670 3749
f 2304 2488 2393
f 2304 2356 2488
f 3527 3669 3609
f 3609 3669 3670
f 2243 2304 2393
f 3511 3669 3527
f 3511 3597 3669
f 3511 3517 3597
f 2180 2136 2223
f 2004 2136 2047
f 2047 2136 2180
f 3430 3517 3194
f 1957 2004 1960
f 2004 2047 1960
f 3155 3194 3104
f 3194 3155 3274
f 3194 3274 3430
f 1805 1960 1911
f 1911 1960 1961
f 1961 1960 2047
f 2827 2856 2920
f 2920 3104 3030
f 1805 1803 1773
f 1803 1805 1911
f 1697 1773 1803
f 1697 1585 1773
f 2539 2604 2457
f 2391 2242 2203
f 2391 2457 2242
f 2457 2391 2539
f 1412 1551 1524
f 1551 1585 1524
f 2336 2203 2141
f 2203 2336 2391
f 1319 1412 1407
f 1407 1412 1524
f 1524 1585 1619
f 1619 1585 1697
f 2158 2059 2017
f 1351 1319 1407
f 2017 2072 2158
f 1885 1906 1932
f 1008 1089 1091
f 1089 1240 1091
f 1240 1319 1249
f 1249 1319 1351
f 1836 1834 1765
f 1885 1834 1906
f 1039 1008 1091
f 1091 1240 1174
f 901 957 967
f 957 1008 967
f 967 1008 1002
f 1002 1008 1039
f 1572 1474 1547
f 836 838 901
f 766 773 836
f 836 773 838
f 1466 1395 1378
f 706 773 766
f 1378 1395 1293
f 1395 1324 1293
f 535 603 577
f 577 603 647
f 647 706 730
f 730 706 766
f 662 577 647
f 395 426 417
f 395 340 426
f 467 440 417
f 426 467 417
f 440 535 536
f 440 467 535
f 536 535 577
f 1059 1199 991
f 295 340 358
f 395 358 340
f 216 340 295
f 340 231 286
f 340 216 231
f 201 286 231
f 886 987 825
f 987 891 825
f 286 226 261
f 286 201 226
f 261 289 286
f 184 288 261
f 682 825 679
f 825 682 823
f 184 361 288
f 679 641 682
f 110 361 184
f 679 606 641
f 596 606 528
f 528 562 596
f 103 266 361
f 448 482 528
f 528 482 562
f 448 474 482
f 211 281 266
f 281 337 266
f 337 390 388
f 390 448 388
f 120 213 211
f 213 281 211
f 281 338 337
f 338 390 337
f 213 248 281
f 248 277 281
f 277 338 281
f 277 348 338
f 3064 3282 3127
f 3282 3450 3127
f 3450 3351 3127
f 3410 3351 3450
f 3410 3450 3514
f 3124 3282 3064
f 2935 2779 2948
f 2935 2783 2779
f 2948 3064 2935
f 2948 3124 3064
f 3331 3450 3282
f 3331 3507 3450
f 3500 3746 3507
f 2726 2779 2783
f 3331 3500 3507
f 2726 2707 2779
f 2588 2565 2726
f 2565 2707 2726
f 3500 3764 3746
f 2565 2588 2429
f 3673 3500 3313
f 3500 3673 3764
f 2414 2429 2588
f 3481 3667 3673
f 2306 2414 2411
f 2411 2319 2306
f 2319 2252 2306
f 2319 2411 2479
f 2250 2319 2394
f 2250 2252 2319
f 3515 3667 3481
f 2250 2394 2356
f 2250 2140 2195
f 2140 2250 2356
f 3324 3609 3426
f 3426 3609 3515
f 2140 2356 2304
f 3324 3527 3609
f 2134 2140 2304
f 3324 3337 3527
f 2134 2304 2243
f 3337 3511 3527
f 2032 2134 2122
f 2122 2134 2223
f 2223 2134 2243
f 3323 3511 3337
f 2122 2223 2136
f 1957 2122 2136
f 1957 2032 2122
f 3323 3517 3511
f 1920 2032 1957
f 3138 3194 3323
f 3323 3194 3517
f 1960 1920 1957
f 2004 1957 2136
f 1775 1920 1815
f 1815 1920 1960
f 1711 1775 1815
f 3138 3030 3104
f 3138 3104 3194
f 1773 1711 1815
f 1805 1815 1960
f 1653 1711 1773
f 1773 1815 1805
f 2689 2646 2554
f 2856 2646 2689
f 2856 2827 2646
f 1585 1653 1773
f 2554 2604 2689
f 1550 1551 1476
f 1551 1550 1653
f 2457 2335 2296
f 2335 2457 2604
f 1412 1476 1551
f 1412 1359 1476
f 1551 1653 1585
f 2296 2242 2457
f 1357 1359 1239
f 1359 1412 1239
f 1239 1319 1173
f 1319 1239 1412
f 1089 1173 1240
f 1089 1046 1173
f 1240 1173 1319
f 2072 1968 2033
f 2072 2017 1968
f 1009 1008 957
f 1008 1046 1089
f 1008 1009 1046
f 1968 1932 2033
f 1834 1796 1723
f 1885 1796 1834
f 790 911 838
f 911 901 838
f 1723 1765 1834
f 1572 1765 1479
f 710 741 706
f 741 773 706
f 773 741 790
f 773 790 838
f 710 706 674
f 1395 1396 1290
f 1547 1474 1395
f 1474 1396 1395
f 600 674 603
f 603 674 647
f 647 674 706
f 1395 1290 1324
f 603 594 600
f 1324 1121 1293
f 538 594 535
f 603 535 594
f 1199 1121 1050
f 1293 1121 1199
f 426 423 467
f 423 499 467
f 467 538 535
f 467 499 538
f 1199 1050 991
f 340 423 426
f 499 423 462
f 423 340 386
f 386 424 423
f 462 423 424
f 987 991 891
f 386 340 286
f 289 386 286
f 289 355 386
f 355 424 386
f 355 452 424
f 825 855 753
f 855 825 891
f 261 355 289
f 355 261 288
f 288 352 355
f 825 753 679
f 679 753 607
f 288 361 352
f 528 607 520
f 528 606 607
f 607 606 679
f 481 528 520
f 388 481 416
f 388 528 481
f 266 397 361
f 337 416 397
f 337 388 416
f 388 448 528
f 266 337 397
f 2948 3244 3124
f 3282 3124 3244
f 3331 3282 3244
f 2685 2779 2707
f 3091 3331 3244
f 2685 2764 2779
f 2764 2948 2779
f 2948 3091 3244
f 3346 3331 3091
f 3346 3500 3331
f 3346 3313 3500
f 2429 2431 2565
f 2431 2550 2565
f 2707 2565 2550
f 2550 2685 2707
f 2429 2414 2431
f 3176 3346 3091
f 3176 3313 3346
f 2246 2371 2306
f 2414 2306 2371
f 2414 2371 2431
f 3313 3481 3673
f 3278 3313 3176
f 2246 2252 2205
f 2252 2246 2306
f 2065 2205 2137
f 2137 2205 2250
f 2250 2205 2252
f 3278 3426 3313
f 3426 3481 3313
f 3426 3515 3481
f 2021 2065 2137
f 2137 2250 2195
f 2021 2137 2195
f 3284 3324 3278
f 3324 3426 3278
f 2140 2021 2195
f 1994 1990 2021
f 2021 2140 1994
f 1994 2140 2134
f 3284 3337 3324
f 3217 3337 3284
f 1908 1994 2032
f 2032 1994 2134
f 3217 3189 3337
f 3189 3323 3337
f 1920 1813 1908
f 1920 1908 2032
f 3138 3189 3117
f 3189 3138 3323
f 1775 1813 1920
f 1775 1701 1813
f 3117 3030 3138
f 1515 1701 1775
f 3117 2920 3030
f 1515 1775 1653
f 1653 1775 1711
f 2827 2805 2646
f 2920 2805 2827
f 2920 3117 2805
f 1515 1550 1432
f 1550 1515 1653
f 1357 1432 1476
f 1476 1432 1550
f 2604 2497 2335
f 2604 2554 2497
f 1160 1315 1173
f 1173 1315 1357
f 1357 1476 1359
f 1051 1160 1173
f 1021 1051 1009
f 1051 1046 1009
f 1046 1051 1173
f 1173 1357 1239
f 911 1021 1009
f 885 1021 911
f 957 911 1009
f 1885 1886 1796
f 1932 1886 1885
f 1932 1968 1886
f 901 911 957
f 885 790 776
f 911 790 885
f 1765 1593 1486
f 1765 1723 1593
f 741 776 790
f 1486 1479 1765
f 710 686 741
f 741 686 776
f 1474 1479 1396
f 1572 1479 1474
f 686 710 674
f 674 600 668
f 668 686 674
f 771 686 668
f 1324 1290 1121
f 594 628 600
f 628 668 600
f 538 628 594
f 628 538 499
f 628 589 668
f 499 589 628
f 991 1050 941
f 462 589 499
f 462 583 589
f 519 583 462
f 854 891 866
f 891 941 866
f 941 891 991
f 424 519 462
f 855 854 785
f 854 855 891
f 452 519 424
f 785 854 780
f 785 753 855
f 452 547 519
f 681 753 785
f 452 355 352
f 497 547 452
f 352 497 452
f 497 532 547
f 547 532 608
f 608 753 681
f 431 497 352
f 431 532 497
f 580 608 532
f 580 607 608
f 608 607 753
f 352 361 431
f 361 397 431
f 431 481 532
f 481 580 532
f 580 520 607
f 416 481 431
f 580 481 520
f 397 416 431
f 2788 2948 2764
f 2431 2434 2550
f 2434 2660 2550
f 2660 2685 2550
f 2764 2660 2788
f 2764 2685 2660
f 2788 3091 2948
f 2788 3029 3091
f 3029 3176 3091
f 2246 2350 2371
f 2350 2434 2371
f 2434 2431 2371
f 2357 2434 2350
f 2357 2660 2434
f 3156 3176 3029
f 3156 3278 3176
f 2173 2238 2205
f 2238 2246 2205
f 2350 2246 2238
f 2357 2350 2238
f 2065 2173 2205
f 2238 2173 2176
f 3278 3156 3224
f 2173 2065 2106
f 2021 1980 2065
f 1980 2106 2065
f 3224 3284 3278
f 1980 2021 1990
f 1925 1980 1919
f 1980 1994 1919
f 1990 1994 1980
f 3228 3284 3224
f 1774 1925 1919
f 1908 1919 1994
f 3284 3228 3217
f 3228 3165 3217
f 1777 1919 1908
f 1777 1774 1919
f 3140 3217 3165
f 1679 1774 1722
f 1774 1777 1722
f 1813 1722 1777
f 1813 1777 1908
f 3140 3189 3217
f 1506 1722 1701
f 1506 1323 1722
f 1323 1679 1722
f 1701 1722 1813
f 3189 3140 3117
f 3140 3048 3117
f 1432 1323 1506
f 2805 3117 3048
f 1515 1506 1701
f 3048 2820 2805
f 1432 1506 1515
f 2646 2805 2820
f 1055 1323 1315
f 1315 1432 1357
f 1315 1323 1432
f 2646 2672 2554
f 2820 2672 2646
f 1315 1160 1055
f 1160 1051 1055
f 2141 2187 2124
f 2203 2187 2141
f 2296 2187 2242
f 2187 2203 2242
f 1021 1055 1051
f 1021 1010 1055
f 2059 2082 2054
f 2141 2082 2059
f 2124 2082 2141
f 1010 974 1006
f 1010 1021 974
f 1968 2007 1942
f 2017 2007 1968
f 2054 2007 2059
f 2007 2017 2059
f 885 974 1021
f 1886 1896 1874
f 1968 1896 1886
f 1942 1896 1968
f 974 878 933
f 974 885 878
f 1006 974 933
f 1723 1826 1752
f 1796 1826 1723
f 1874 1826 1886
f 1826 1796 1886
f 1723 1687 1593
f 1752 1687 1723
f 885 776 878
f 908 933 878
f 844 908 878
f 1486 1456 1479
f 686 771 776
f 878 776 771
f 771 844 878
f 1290 1456 1353
f 1396 1456 1290
f 1456 1396 1479
f 1290 1225 1197
f 1353 1225 1290
f 813 844 771
f 732 771 668
f 732 813 771
f 1197 1121 1290
f 1197 1004 1121
f 1004 1050 1121
f 732 589 772
f 732 668 589
f 772 813 732
f 772 814 813
f 814 772 857
f 948 1050 1004
f 583 772 589
f 772 834 857
f 907 941 948
f 941 1050 948
f 745 834 772
f 834 866 857
f 866 907 857
f 907 866 941
f 519 772 583
f 519 745 772
f 780 834 745
f 834 854 866
f 547 745 519
f 780 854 834
f 639 745 547
f 639 780 745
f 780 639 681
f 780 681 785
f 547 608 639
f 608 681 639
f 2788 2660 2792
f 2792 3029 2788
f 3152 3029 2792
f 3152 3156 3029
f 3152 3224 3156
f 2458 2660 2357
f 2458 2792 2660
f 1980 2029 2106
f 2173 2029 2143
f 2173 2106 2029
f 2143 2176 2173
f 2238 2310 2357
f 2310 2458 2357
f 2792 2839 3152
f 2062 2143 2029
f 2143 2310 2176
f 2310 2238 2176
f 2839 2963 3152
f 2963 3165 3152
f 3152 3165 3224
f 2029 1925 2062
f 2029 1980 1925
f 2143 2062 2022
f 2963 3103 3165
f 3165 3228 3224
f 1875 2062 1925
f 2022 2062 1875
f 1925 1754 1875
f 1925 1774 1754
f 3103 3140 3165
f 1754 1774 1679
f 1875 1754 1778
f 2839 2967 2963
f 2967 3103 2963
f 2967 3060 3103
f 3103 3060 3140
f 1679 1629 1778
f 1778 1754 1679
f 1679 1323 1629
f 2944 3060 2967
f 3060 3048 3140
f 1629 1323 1480
f 2944 3048 3060
f 1462 1629 1480
f 1778 1629 1462
f 2871 3048 2944
f 2871 2820 3048
f 1480 1291 1462
f 1480 1323 1291
f 2669 2584 2672
f 2871 2669 2672
f 2820 2871 2672
f 1055 1291 1323
f 2438 2281 2335
f 2497 2584 2438
f 2554 2584 2497
f 2584 2554 2672
f 1462 1291 1285
f 2438 2335 2497
f 1291 1097 1285
f 1291 1055 1097
f 2247 2187 2296
f 2281 2247 2296
f 2281 2296 2335
f 1154 1285 1097
f 1097 1055 1010
f 1006 1097 1010
f 1006 1154 1097
f 1006 1096 1154
f 1011 1096 1006
f 933 1011 1006
f 1456 1591 1687
f 1591 1593 1687
f 933 1026 1011
f 1026 1096 1011
f 1026 1111 1096
f 1026 1094 1111
f 1591 1456 1486
f 1591 1486 1593
f 933 908 844
f 1094 1214 1111
f 1094 1225 1214
f 1225 1353 1214
f 902 933 844
f 902 1026 933
f 902 1020 1026
f 1020 1094 1026
f 844 813 902
f 1020 1197 1094
f 1225 1094 1197
f 902 813 814
f 1020 1004 1197
f 902 907 1020
f 907 948 1020
f 1020 948 1004
f 814 857 902
f 857 907 902
f 2022 2310 2143
f 2839 2792 2458
f 1778 2022 1875
f 2310 2839 2458
f 2281 2839 2310
f 2584 2967 2839
f 2281 2584 2839
f 2011 2082 2022
f 2082 2310 2022
f 2192 2281 2310
f 2584 2669 2967
f 2669 2944 2967
f 2082 2192 2310
f 2669 2871 2944
f 1830 2011 2022
f 1778 1462 1154
f 1154 2022 1778
f 1456 1830 2022
f 2584 2281 2438
f 1285 1154 1462
f 2124 2187 2192
f 2281 2192 2247
f 2192 2187 2247
f 1830 1896 2011
f 2192 2082 2124
f 1456 2022 1154
f 1942 2007 2011
f 2082 2011 2054
f 2011 2007 2054
f 1687 1830 1456
f 2011 1896 1942
f 1752 1826 1830
f 1896 1830 1874
f 1830 1826 1874
f 1830 1687 1752
f 1096 1111 1154
f 1111 1214 1154
f 1214 1456 1154
f 1456 1214 1353
f 6549 6629 6736
f 6736 6925 7184
f 6478 6549 6736
f 7292 7255 7184
f 6380 6478 6736
f 6330 6380 6736
f 6276 6736 7184
f 6902 7184 7255
f 6276 7184 6902
f 6902 7255 7095
f 6348 6380 6330
f 6342 6348 6330
f 6591 6276 6902
f 6276 6300 6736
f 6323 6330 6300
f 6300 6330 6736
f 6300 6293 6323
f 6790 6650 6902
f 6591 6902 6650
f 6265 6300 6276
f 6256 6276 6591
f 6500 6256 6591
f 6276 6256 6253
f 6352 6256 6500
f 6450 6352 6500
f 6352 6278 6256
f 6327 6278 6352
f 7036 7400 7023
f 6774 6897 7023
f 6774 6761 6897
f 7400 7637 7362
f 6761 6774 6704
f 7400 7362 6925
f 6925 7362 7184
f 7184 7362 7778
f 7362 7637 7778
f 6774 7023 6736
f 6736 7023 6925
f 6925 7023 7400
f 7637 7808 7778
f 6595 6704 6774
f 7184 7778 7779
f 6533 6595 6629
f 6629 6774 6736
f 6629 6595 6774
f 7292 7184 7866
f 7866 7184 7779
f 6476 6595 6533
f 6533 6513 6476
f 6513 6533 6549
f 6549 6533 6629
f 7292 7866 7854
f 6437 6513 6478
f 6437 6476 6513
f 6478 6513 6549
f 7255 7292 7854
f 6407 6476 6437
f 6437 6382 6407
f 6437 6478 6380
f 6380 6382 6437
f 7684 7255 7854
f 6341 6382 6348
f 6348 6382 6380
f 7354 7255 7684
f 6348 6342 6341
f 7095 7255 7354
f 7684 7618 7354
f 7095 7196 6902
f 7196 7095 7354
f 7448 7380 7354
f 7618 7448 7354
f 6285 6315 6342
f 6948 6902 7196
f 7354 7380 7196
f 6342 6323 6285
f 6323 6342 6330
f 7196 7201 6948
f 7380 7201 7196
f 6264 6285 6323
f 6790 6902 6805
f 6948 6805 6902
f 6948 6944 6805
f 7201 6944 6948
f 6323 6293 6264
f 6240 6264 6273
f 6273 6293 6300
f 6273 6264 6293
f 6790 6755 6650
f 6755 6790 6805
f 6273 6265 6240
f 6265 6273 6300
f 6755 6658 6650
f 6230 6240 6265
f 6650 6617 6591
f 6658 6617 6650
f 6265 6252 6230
f 6252 6229 6230
f 6252 6265 6276
f 6591 6617 6500
f 6252 6253 6229
f 6253 6252 6276
f 6209 6229 6253
f 6500 6495 6450
f 6617 6495 6500
f 6256 6234 6253
f 6253 6234 6209
f 6234 6206 6209
f 6473 6420 6450
f 6206 6234 6256
f 6450 6420 6352
f 6164 6256 6236
f 6164 6206 6256
f 6278 6236 6256
f 6473 6385 6420
f 6206 6164 6180
f 6420 6385 6352
f 6188 6236 6278
f 6188 6164 6236
f 6327 6267 6278
f 6385 6327 6352
f 6150 6164 6188
f 6188 6278 6243
f 6243 6278 6267
f 6267 6327 6314
f 6385 6355 6327
f 6188 6141 6150
f 6327 6319 6314
f 6355 6319 6327
f 6141 6188 6243
f 6314 6279 6267
f 6314 6319 6279
f 6226 6141 6243
f 6226 6243 6267
f 6226 6267 6279
f 6319 6271 6279
f 6226 6162 6141
f 6279 6271 6226
f 6271 6216 6226
f 7154 7308 7099
f 7308 7444 7099
f 7099 7036 6946
f 7400 7099 7444
f 7400 7444 7523
f 7620 7669 7523
f 7036 7099 7400
f 7400 7523 7669
f 6761 6946 6897
f 6761 6813 6946
f 6897 7036 7023
f 6897 6946 7036
f 7620 7837 7669
f 7400 7669 7637
f 7637 7669 7770
f 7669 7837 7770
f 6568 6718 6669
f 6669 6718 6704
f 6704 6718 6761
f 7770 7837 7808
f 7837 8022 7808
f 7637 7770 7808
f 7778 7808 7928
f 8022 8108 7808
f 8108 7928 7808
f 6595 6568 6669
f 6595 6669 6704
f 7928 8108 8102
f 7779 7778 7928
f 7779 7928 7866
f 7928 8183 7866
f 7928 8102 8183
f 6546 6595 6472
f 6595 6476 6472
f 7854 7866 8183
f 6472 6476 6408
f 8089 7854 8183
f 8182 8089 8183
f 6408 6476 6407
f 6343 6407 6382
f 7854 7874 7684
f 7874 7854 8089
f 8089 8182 7874
f 6343 6382 6341
f 8182 8021 7874
f 6325 6341 6342
f 7874 7618 7684
f 7874 7873 7618
f 8021 7873 7874
f 6325 6342 6315
f 7705 7612 7618
f 7873 7705 7618
f 6285 6292 6315
f 6292 6325 6315
f 7448 7351 7380
f 7612 7448 7618
f 7201 7380 7223
f 7223 7380 7351
f 6264 6275 6285
f 6275 6292 6285
f 6944 7201 7138
f 7223 7138 7201
f 6274 6275 6264
f 7138 7053 6944
f 6240 6257 6264
f 6257 6274 6264
f 6944 6852 6805
f 6658 6755 6852
f 6852 6755 6805
f 6230 6227 6240
f 6227 6257 6240
f 6229 6227 6230
f 6609 6617 6658
f 6210 6229 6209
f 6495 6617 6609
f 6209 6206 6175
f 6495 6473 6450
f 6206 6180 6175
f 6495 6465 6473
f 6180 6132 6175
f 6444 6473 6465
f 6385 6473 6444
f 6180 6134 6132
f 6134 6180 6164
f 6444 6386 6385
f 6150 6104 6134
f 6150 6134 6164
f 6385 6386 6355
f 6100 6104 6150
f 6150 6078 6100
f 6355 6331 6319
f 6078 6150 6141
f 6078 6141 6162
f 6301 6271 6319
f 6108 6078 6162
f 6301 6296 6271
f 6271 6261 6216
f 6296 6261 6271
f 6162 6226 6198
f 6216 6198 6226
f 6296 6263 6261
f 6108 6095 6056
f 6095 6039 6056
f 6095 6108 6162
f 6144 6095 6162
f 6144 6162 6198
f 6198 6216 6224
f 6261 6224 6216
f 6261 6233 6224
f 6263 6233 6261
f 6203 6198 6224
f 6233 6203 6224
f 6144 6198 6203
f 6228 6211 6203
f 6233 6228 6203
f 6160 6095 6144
f 6160 6072 6095
f 6160 6144 6203
f 6211 6186 6203
f 6186 6160 6203
f 6124 6072 6160
f 6168 6124 6160
f 6186 6168 6160
f 7307 7407 7308
f 7407 7444 7308
f 7407 7532 7444
f 7307 7308 7154
f 7444 7532 7588
f 7532 7706 7588
f 6875 6952 6946
f 6952 7099 6946
f 7154 7099 6952
f 7444 7588 7523
f 7523 7588 7620
f 7588 7706 7620
f 6817 6875 6813
f 6946 6813 6875
f 7620 7795 7837
f 6718 6813 6761
f 6718 6817 6813
f 7837 8113 8022
f 6605 6817 6718
f 8022 8113 8184
f 6718 6568 6605
f 8022 8184 8108
f 8108 8307 8102
f 6546 6568 6595
f 8102 8351 8183
f 6506 6472 6469
f 6506 6546 6472
f 6461 6469 6472
f 8351 8182 8183
f 6408 6461 6472
f 6430 6461 6408
f 8351 8377 8182
f 6398 6408 6407
f 6398 6430 6408
f 6343 6372 6407
f 6372 6398 6407
f 8377 8275 8182
f 8182 8275 8191
f 6340 6343 6341
f 6340 6372 6343
f 8191 8021 8182
f 6325 6340 6341
f 6325 6339 6340
f 6339 6325 6292
f 6292 6303 6339
f 7351 7448 7456
f 7621 7456 7612
f 7456 7448 7612
f 6274 6292 6275
f 6303 6292 6274
f 7456 7263 7351
f 7263 7223 7351
f 6257 6255 6274
f 6852 6944 7053
f 6227 6250 6257
f 6250 6255 6257
f 6658 7107 6744
f 6658 6852 7107
f 7161 7107 6852
f 6744 6609 6658
f 6210 6227 6229
f 6204 6210 6209
f 6175 6204 6209
f 6495 6609 6508
f 6174 6204 6175
f 6133 6174 6175
f 6465 6495 6508
f 6133 6175 6132
f 6104 6132 6134
f 6444 6417 6386
f 6417 6389 6386
f 6104 6100 6064
f 6386 6368 6355
f 6100 6078 6064
f 6078 6041 6064
f 6032 6041 6078
f 6331 6301 6319
f 6032 6078 6108
f 6056 6015 6032
f 6056 6032 6108
f 6002 6056 6039
f 6002 6015 6056
f 6009 6002 6039
f 6039 6095 6072
f 6009 6039 6072
f 6228 6186 6211
f 6072 6011 6009
f 6183 6168 6186
f 6090 6072 6124
f 6168 6154 6124
f 6168 6176 6154
f 6183 6176 6168
f 6011 6072 6090
f 6090 6154 6128
f 6090 6124 6154
f 6176 6157 6154
f 6157 6128 6154
f 6090 6017 6011
f 6090 6128 6109
f 6157 6122 6128
f 6122 6109 6128
f 7233 7209 7407
f 7548 7532 7407
f 7233 7154 7050
f 7233 7307 7154
f 7307 7233 7407
f 7706 7532 7548
f 6838 7050 6952
f 6952 7050 7154
f 7706 7784 7795
f 7784 7955 7795
f 6952 6875 6838
f 7706 7795 7620
f 6875 6817 6838
f 7837 7795 7955
f 7955 8057 7837
f 8057 8113 7837
f 6605 6644 6817
f 6644 6715 6817
f 8184 8113 8190
f 6596 6644 6605
f 8184 8343 8108
f 8184 8190 8343
f 6596 6605 6568
f 8108 8343 8307
f 8343 8407 8307
f 6569 6596 6568
f 6506 6569 6546
f 6546 6569 6568
f 8102 8307 8351
f 6569 6506 6535
f 8351 8307 8474
f 6469 6535 6506
f 6535 6469 6491
f 8351 8474 8377
f 6469 6461 6491
f 6461 6459 6491
f 6461 6430 6459
f 6430 6464 6459
f 8474 8489 8377
f 6398 6395 6430
f 6464 6430 6395
f 8489 8454 8377
f 6398 6372 6395
f 8454 8404 8377
f 8404 8275 8377
f 6395 6365 6394
f 6395 6372 6365
f 6372 6340 6365
f 8275 8404 8191
f 6471 6394 6365
f 6340 6339 6365
f 6365 6339 6471
f 7873 8021 7917
f 8037 7917 8021
f 8191 8037 8021
f 7705 7873 7807
f 7917 7807 7873
f 6303 6418 6339
f 7738 7621 7705
f 7621 7612 7705
f 7807 7738 7705
f 6303 6274 6309
f 7263 7456 7396
f 7223 7263 7138
f 6274 6255 6309
f 6255 6289 6309
f 6289 6312 6309
f 6852 7090 7161
f 6852 7053 7090
f 7221 7090 7053
f 6250 6269 6255
f 6269 6289 6255
f 6744 7107 7026
f 6250 6227 6269
f 6269 6227 6222
f 6227 6210 6222
f 6646 6604 6609
f 6744 6646 6609
f 6210 6204 6222
f 6604 6508 6609
f 6222 6204 6201
f 6204 6174 6201
f 6174 6218 6201
f 6133 6131 6174
f 6218 6174 6131
f 6131 6133 6132
f 6444 6465 6417
f 6465 6412 6417
f 6104 6107 6132
f 6107 6131 6132
f 6065 6104 6064
f 6065 6107 6104
f 6053 6064 6041
f 6053 6065 6064
f 6355 6368 6331
f 6368 6326 6331
f 6033 6053 6041
f 6033 6041 6032
f 6331 6326 6301
f 6032 6015 5993
f 5986 5993 6015
f 6296 6299 6263
f 6015 6002 5986
f 6002 5968 5986
f 6002 6009 5968
f 6263 6259 6233
f 5951 5968 6009
f 6009 6011 5951
f 6183 6186 6189
f 6183 6159 6176
f 6011 5977 5951
f 6159 6157 6176
f 6017 5977 6011
f 6159 6145 6157
f 6145 6122 6157
f 6145 6127 6122
f 5966 5977 6017
f 6017 6090 6054
f 6109 6054 6090
f 6023 5966 6017
f 6109 6093 6054
f 6122 6093 6109
f 6023 6017 6054
f 6093 6067 6054
f 6035 6023 6054
f 6067 6035 6054
f 7214 7407 7209
f 7214 7569 7407
f 7569 7548 7407
f 7007 7233 7050
f 7233 7007 7209
f 7007 7214 7209
f 7709 7706 7548
f 7007 7050 6850
f 7784 7706 7709
f 7862 8057 7784
f 7050 6838 6850
f 7784 8057 7955
f 6850 6838 6825
f 6743 6825 6817
f 6817 6825 6838
f 8113 8057 8177
f 6715 6743 6817
f 8113 8428 8190
f 6683 6715 6644
f 6743 6715 6683
f 6596 6683 6644
f 8190 8428 8343
f 6683 6588 6657
f 6683 6596 6588
f 8343 8501 8407
f 6596 6569 6588
f 6588 6720 6657
f 8407 8498 8307
f 8407 8501 8498
f 8501 8564 8498
f 6588 6569 6535
f 6720 6588 6535
f 8307 8498 8474
f 8564 8474 8498
f 6491 6601 6535
f 6491 6459 6570
f 6601 6491 6570
f 6599 6570 6459
f 6464 6599 6459
f 6464 6525 6599
f 6525 6464 6395
f 8533 8404 8454
f 6394 6457 6395
f 6457 6525 6395
f 6457 6394 6471
f 8191 8404 8260
f 8037 8191 8158
f 8260 8158 8191
f 6471 6339 6418
f 6309 6393 6303
f 6418 6303 6393
f 6309 6312 6393
f 7478 7396 7456
f 6393 6289 6361
f 6393 6312 6289
f 7053 7138 7221
f 7320 7221 7263
f 7221 7138 7263
f 7396 7320 7263
f 6269 6363 6289
f 6363 6361 6289
f 6363 6287 6337
f 6363 6269 6287
f 6744 7026 6864
f 6287 6269 6222
f 6201 6270 6222
f 6270 6287 6222
f 6604 6540 6508
f 6270 6218 6249
f 6270 6201 6218
f 6540 6449 6508
f 6218 6131 6172
f 6249 6218 6172
f 6508 6449 6465
f 6172 6131 6173
f 6131 6107 6173
f 6377 6417 6412
f 6065 6126 6107
f 6173 6107 6126
f 6417 6377 6389
f 6386 6389 6368
f 6065 6053 6126
f 6346 6326 6368
f 5993 5987 6032
f 5987 6033 6032
f 6301 6299 6296
f 5987 5993 5986
f 5955 5984 5968
f 5984 5986 5968
f 5949 5955 5968
f 6233 6259 6228
f 5968 5951 5949
f 5951 5933 5949
f 6228 6189 6186
f 6189 6182 6183
f 5930 5951 5977
f 5930 5933 5951
f 6182 6159 6183
f 6145 6152 6127
f 5977 5966 5930
f 5966 5918 5930
f 6105 6122 6127
f 6122 6105 6093
f 6105 6067 6093
f 5973 5918 5966
f 5973 5928 5918
f 6023 5973 5966
f 5973 5940 5928
f 6010 5973 6023
f 6010 6023 6035
f 6029 6010 6035
f 5962 5940 5973
f 5979 5962 6010
f 5962 5973 6010
f 5995 5979 6010
f 6029 6014 6010
f 6014 5995 6010
f 7162 7381 7214
f 7381 7499 7214
f 7499 7569 7214
f 7569 7709 7548
f 7214 7136 7162
f 7214 7007 7136
f 6917 7136 7007
f 6850 6917 7007
f 7784 7709 7862
f 6850 6825 6917
f 6825 6940 6917
f 6743 6822 6825
f 6940 6825 6822
f 8177 8057 8141
f 8177 8356 8113
f 6743 6707 6822
f 6963 6822 6707
f 8428 8113 8356
f 6743 6683 6707
f 6683 6657 6707
f 6657 6771 6707
f 6766 6707 6771
f 8343 8615 8501
f 8501 8615 8564
f 6720 6771 6657
f 6720 6535 6754
f 8615 8474 8564
f 6601 6754 6535
f 6601 6764 6754
f 6764 6601 6570
f 8615 8672 8474
f 8672 8610 8474
f 8610 8489 8474
f 6710 6570 6599
f 8454 8489 8588
f 8610 8588 8489
f 6525 6597 6599
f 8588 8533 8454
f 6525 6457 6597
f 6457 6632 6597
f 6632 6457 6471
f 6524 6471 6418
f 7917 8037 8050
f 8037 8120 8050
f 8037 8158 8120
f 6489 6524 6418
f 6489 6393 6456
f 6489 6418 6393
f 7621 7738 7755
f 7670 7478 7621
f 7478 7456 7621
f 7755 7670 7621
f 6456 6361 6427
f 6456 6393 6361
f 7221 7320 7394
f 7478 7320 7396
f 6363 6427 6361
f 7394 7090 7221
f 6427 6363 6337
f 6744 6616 6646
f 6270 6338 6287
f 6338 6337 6287
f 6384 6337 6338
f 6545 6540 6604
f 6545 6604 6616
f 6646 6616 6604
f 6338 6270 6291
f 6270 6249 6291
f 6291 6249 6248
f 6249 6173 6248
f 6249 6172 6173
f 6449 6412 6465
f 6449 6379 6412
f 6169 6248 6173
f 6169 6247 6248
f 6377 6412 6379
f 6169 6173 6126
f 6389 6377 6368
f 6377 6346 6368
f 6126 6053 6051
f 6329 6326 6346
f 6033 6051 6053
f 6326 6299 6301
f 6329 6299 6326
f 5987 6003 6033
f 6051 6033 6003
f 5984 5987 5986
f 6003 5987 5984
f 6299 6258 6263
f 5955 5970 5984
f 6258 6259 6263
f 6258 6235 6259
f 5949 5931 5955
f 5931 5970 5955
f 5949 5933 5931
f 5933 5917 5931
f 6228 6214 6189
f 5933 5930 5917
f 6161 6159 6182
f 5930 5899 5917
f 6159 6152 6145
f 6161 6152 6159
f 5882 5930 5918
f 5882 5899 5930
f 6112 6105 6127
f 6112 6080 6105
f 5884 5882 5918
f 6067 6105 6080
f 6080 6044 6035
f 6080 6035 6067
f 5928 5884 5918
f 6035 6044 6029
f 6044 6014 6029
f 5928 5940 5884
f 5940 5909 5884
f 5979 5995 5996
f 5996 5995 6014
f 5962 5942 5940
f 5976 5942 5962
f 5976 5962 5979
f 5996 5976 5979
f 7499 7381 7534
f 7534 7569 7499
f 7709 7569 7683
f 7683 7803 7709
f 7162 7136 7115
f 7709 7803 7862
f 6917 6964 7136
f 7115 7136 6964
f 8057 7862 7803
f 8141 8057 7803
f 6917 6940 6964
f 8141 8308 8177
f 8308 8356 8177
f 8308 8471 8356
f 6963 6940 6822
f 6963 6707 6887
f 6766 6887 6707
f 6766 6771 6887
f 8671 8343 8428
f 8615 8343 8671
f 6720 6754 6771
f 8684 8672 8615
f 6764 6570 6808
f 6710 6808 6570
f 6599 6671 6710
f 8668 8610 8672
f 6599 6642 6671
f 6599 6597 6642
f 6632 6642 6597
f 6632 6471 6607
f 8533 8529 8404
f 6524 6581 6471
f 6581 6607 6471
f 8246 8404 8399
f 8260 8404 8246
f 8529 8399 8404
f 8246 8158 8260
f 6524 6489 6575
f 6581 6524 6575
f 6519 6575 6489
f 6519 6592 6575
f 7738 7876 7755
f 7738 7807 7876
f 7996 7876 7917
f 7876 7807 7917
f 8050 7996 7917
f 6456 6519 6489
f 7320 7450 7394
f 7320 7478 7450
f 7615 7450 7478
f 7670 7615 7478
f 6427 6422 6456
f 6519 6422 6521
f 6519 6456 6422
f 6521 6592 6519
f 6337 6422 6427
f 6337 6384 6422
f 6422 6497 6521
f 6700 6744 6864
f 6422 6453 6497
f 6497 6453 6564
f 6744 6700 6616
f 6700 6613 6616
f 6384 6453 6422
f 6453 6515 6564
f 6564 6515 6545
f 6616 6613 6545
f 6384 6310 6391
f 6384 6338 6310
f 6391 6453 6384
f 6391 6482 6453
f 6482 6515 6453
f 6515 6540 6545
f 6291 6310 6338
f 6482 6449 6515
f 6515 6449 6540
f 6291 6248 6310
f 6310 6332 6391
f 6332 6390 6391
f 6390 6482 6391
f 6388 6482 6390
f 6388 6449 6482
f 6310 6248 6247
f 6318 6332 6310
f 6332 6388 6390
f 6388 6379 6449
f 6247 6297 6310
f 6297 6318 6310
f 6318 6328 6332
f 6328 6388 6332
f 6328 6356 6388
f 6356 6379 6388
f 6356 6377 6379
f 6169 6207 6247
f 6207 6297 6247
f 6307 6356 6328
f 6356 6346 6377
f 6169 6126 6125
f 6297 6207 6244
f 6302 6356 6307
f 6302 6329 6356
f 6356 6329 6346
f 6126 6051 6125
f 6125 6207 6169
f 6299 6302 6281
f 6329 6302 6299
f 6281 6277 6299
f 6051 6003 6052
f 6125 6051 6052
f 6003 5984 6001
f 6052 6003 6001
f 6277 6258 6299
f 5984 5970 6001
f 6001 5970 5969
f 5931 5969 5970
f 6259 6235 6228
f 6235 6214 6228
f 6192 6189 6214
f 5898 5931 5917
f 6185 6161 6182
f 6189 6185 6182
f 5917 5899 5898
f 5899 5885 5898
f 6138 6152 6161
f 5880 5885 5899
f 5899 5882 5880
f 5857 5882 5884
f 5857 5880 5882
f 6099 6080 6112
f 5837 5857 5884
f 5855 5837 5884
f 6014 6044 6012
f 6012 5990 5996
f 6012 5996 6014
f 5909 5855 5884
f 5909 5852 5855
f 5920 5942 5950
f 5942 5976 5950
f 5990 5976 5996
f 5890 5852 5909
f 5890 5940 5942
f 5890 5909 5940
f 5920 5890 5942
f 7414 7483 7381
f 7534 7381 7483
f 7583 7534 7483
f 7583 7569 7534
f 7162 7402 7381
f 7414 7381 7402
f 7683 7569 7583
f 7402 7212 7368
f 7402 7162 7212
f 7975 7803 7683
f 7162 7115 7212
f 7975 8077 7803
f 7212 7115 7285
f 7368 7212 7285
f 8141 7803 8077
f 8077 8213 8141
f 6964 6940 7115
f 6940 7039 7115
f 7285 7115 7039
f 8213 8308 8141
f 6940 6963 7039
f 8471 8308 8400
f 6963 7031 7039
f 8513 8356 8471
f 7031 6963 6887
f 8428 8356 8513
f 8513 8671 8428
f 6771 6960 6887
f 8671 8691 8615
f 6771 6754 6960
f 6754 6900 6960
f 8684 8615 8691
f 6847 6754 6764
f 6900 6754 6847
f 6764 6808 6847
f 8735 8684 8691
f 6710 6768 6808
f 8735 8672 8684
f 8735 8668 8672
f 6671 6728 6710
f 6768 6728 6772
f 6768 6710 6728
f 6728 6671 6642
f 6711 6728 6642
f 6642 6632 6711
f 6632 6667 6711
f 6667 6632 6607
f 6581 6628 6607
f 6628 6581 6575
f 8050 8120 8075
f 8120 8209 8075
f 8120 8158 8209
f 8246 8209 8158
f 6575 6592 6628
f 8075 7996 8050
f 7892 7755 7876
f 7728 7615 7670
f 7755 7728 7670
f 6521 6627 6592
f 7090 7366 7161
f 7090 7394 7366
f 7536 7366 7450
f 7366 7394 7450
f 6566 6627 6521
f 7277 7107 7161
f 6566 6521 6497
f 6566 6618 6627
f 6618 6624 6627
f 6700 6709 6618
f 6815 6700 6864
f 6864 6977 6859
f 6864 7026 6977
f 6497 6564 6566
f 6564 6618 6566
f 6618 6613 6700
f 6859 6815 6864
f 6618 6564 6545
f 6618 6545 6613
f 6307 6318 6297
f 6318 6307 6328
f 6297 6244 6307
f 6220 6307 6244
f 6220 6281 6307
f 6307 6281 6302
f 6125 6119 6207
f 6119 6177 6207
f 6177 6244 6207
f 6177 6220 6244
f 6187 6220 6177
f 6220 6277 6281
f 6125 6052 6096
f 6096 6119 6125
f 6096 6177 6119
f 6187 6242 6220
f 6220 6242 6277
f 6242 6258 6277
f 6052 6001 5969
f 6215 6242 6187
f 6215 6235 6242
f 6242 6235 6258
f 6215 6192 6235
f 6192 6214 6235
f 5969 5931 5919
f 6185 6189 6192
f 5898 5919 5931
f 6161 6185 6138
f 6136 6152 6138
f 6136 6112 6127
f 6152 6136 6127
f 5880 5857 5835
f 6080 6099 6094
f 6080 6045 6044
f 5857 5837 5835
f 6045 5990 6044
f 6044 5990 6012
f 5820 5837 5855
f 5976 5990 5950
f 5809 5855 5852
f 5809 5820 5855
f 5852 5823 5809
f 5870 5823 5852
f 5870 5852 5890
f 5912 5890 5920
f 5836 5823 5870
f 5890 5912 5870
f 5912 5863 5870
f 5863 5836 5870
f 7414 7433 7483
f 7433 7583 7483
f 7414 7402 7433
f 7402 7368 7433
f 7368 7605 7433
f 7605 7583 7433
f 7700 7583 7605
f 7700 7683 7583
f 7683 7700 7771
f 7771 7975 7683
f 7771 7925 7975
f 7605 7368 7376
f 8092 8077 7975
f 7376 7368 7285
f 7376 7285 7276
f 8241 8213 8077
f 7039 7276 7285
f 8400 8213 8241
f 8308 8213 8400
f 7039 7174 7276
f 8400 8467 8471
f 7039 7031 7174
f 7031 7127 7174
f 8513 8471 8467
f 8671 8513 8620
f 6887 7052 7031
f 7127 7031 7052
f 6887 6960 7052
f 6900 6958 6960
f 6900 6927 6958
f 6927 6900 6847
f 6808 6856 6847
f 6847 6856 6927
f 8747 8735 8691
f 6856 6808 6768
f 8747 8750 8735
f 8750 8737 8735
f 8737 8668 8735
f 8675 8610 8668
f 6711 6765 6728
f 8614 8610 8675
f 8614 8588 8610
f 6765 6711 6667
f 8600 8533 8588
f 8614 8600 8588
f 6765 6667 6698
f 8529 8533 8600
f 6667 6607 6698
f 6698 6607 6628
f 6592 6698 6628
f 6592 6627 6698
f 8082 7892 7996
f 7892 7876 7996
f 8075 8082 7996
f 6627 6727 6698
f 7892 7728 7755
f 6624 6727 6627
f 7672 7536 7615
f 7536 7450 7615
f 7451 7277 7366
f 7277 7161 7366
f 6727 6624 6709
f 6624 6618 6709
f 6815 6709 6700
f 6812 6709 6815
f 6977 7026 7022
f 7146 7022 7107
f 7022 7026 7107
f 7277 7146 7107
f 6812 6815 6859
f 6156 6187 6177
f 6156 6177 6096
f 6096 6052 6040
f 6040 6156 6096
f 6187 6156 6215
f 6156 6192 6215
f 5972 6052 5969
f 6052 5972 6040
f 6101 6156 6040
f 6101 6147 6156
f 6156 6147 6192
f 5919 5972 5969
f 5965 6006 5972
f 6006 6040 5972
f 6006 6062 6040
f 6062 6101 6040
f 6147 6185 6192
f 5972 5919 5965
f 6115 6101 6062
f 6115 6147 6101
f 6115 6138 6147
f 6147 6138 6185
f 5898 5893 5919
f 6115 6082 6138
f 6082 6136 6138
f 5880 5893 5885
f 5885 5893 5898
f 6112 6136 6099
f 6136 6094 6099
f 5843 5893 5835
f 5835 5893 5880
f 6080 6094 6045
f 5814 5835 5819
f 5819 5835 5837
f 5792 5819 5820
f 5792 5814 5819
f 5820 5819 5837
f 5990 5901 5950
f 6045 5901 5990
f 5809 5787 5792
f 5809 5792 5820
f 5823 5791 5809
f 5950 5901 5920
f 5912 5920 5901
f 5912 5897 5863
f 5912 5901 5897
f 5836 5791 5823
f 5853 5836 5863
f 5897 5853 5863
f 5817 5836 5853
f 7572 7700 7605
f 7771 7700 7896
f 7771 7896 7925
f 7605 7376 7572
f 7925 7950 7975
f 7896 7950 7925
f 7950 8092 7975
f 8171 8077 8092
f 8171 8241 8077
f 7276 7434 7376
f 7572 7376 7434
f 8241 8467 8400
f 7174 7434 7276
f 7231 7434 7174
f 8467 8620 8513
f 7128 7174 7127
f 7052 7097 7127
f 7097 7128 7127
f 8691 8671 8685
f 6960 7009 7052
f 6960 6958 7009
f 6913 6927 6856
f 6768 6861 6856
f 6861 6913 6856
f 6768 6772 6861
f 6728 6857 6772
f 6861 6772 6857
f 6728 6765 6857
f 8687 8668 8737
f 8687 8675 8668
f 6765 6798 6857
f 6798 6765 6698
f 8600 8371 8529
f 8529 8371 8399
f 8246 8399 8371
f 8075 8209 8220
f 8371 8209 8246
f 8220 8082 8075
f 6698 6727 6843
f 7615 7728 7810
f 7728 7878 7810
f 7728 7892 7878
f 8019 7878 7892
f 8082 8019 7892
f 7810 7672 7615
f 7277 7451 7395
f 7609 7451 7536
f 7451 7366 7536
f 7672 7609 7536
f 6812 6727 6709
f 6812 6859 6893
f 7022 6893 6859
f 7395 7229 7277
f 6977 7022 6859
f 7024 7022 7146
f 7229 7146 7277
f 6024 6062 6006
f 5985 6006 5965
f 5985 6024 6006
f 6024 6037 6062
f 6037 6115 6062
f 5893 5906 5919
f 5906 5964 5919
f 5965 5919 5964
f 5964 5985 5965
f 6037 6082 6115
f 5883 5906 5893
f 5939 5964 5906
f 6058 6082 6037
f 6082 6094 6136
f 5843 5861 5893
f 5883 5893 5861
f 6094 6070 6045
f 5814 5843 5835
f 6061 6045 6070
f 5807 5843 5814
f 6061 6013 6045
f 5901 6045 6013
f 5758 5792 5787
f 6013 5902 5901
f 5787 5791 5758
f 5791 5737 5758
f 5791 5787 5809
f 5791 5752 5737
f 5901 5902 5897
f 5752 5791 5768
f 5836 5768 5791
f 5897 5902 5853
f 5778 5836 5817
f 5778 5768 5836
f 5853 5840 5817
f 5866 5840 5853
f 5902 5866 5853
f 5840 5811 5817
f 7572 7750 7700
f 7750 7896 7700
f 8171 8092 8012
f 8012 7950 7896
f 8092 7950 8012
f 8241 8171 8243
f 7567 7572 7434
f 8378 8467 8241
f 7567 7434 7417
f 8531 8467 8378
f 7417 7434 7231
f 8620 8531 8609
f 8620 8467 8531
f 7128 7192 7174
f 7192 7231 7174
f 8620 8685 8671
f 7048 7052 7009
f 7048 7097 7052
f 7019 7048 7009
f 6958 7019 7009
f 7000 7019 6958
f 7000 6958 6927
f 6907 6913 6861
f 8750 8733 8737
f 6857 6907 6861
f 8687 8737 8733
f 6841 6857 6798
f 6698 6841 6798
f 8614 8602 8600
f 8589 8600 8602
f 6698 6843 6841
f 6843 6839 6841
f 8371 8600 8589
f 8589 8350 8371
f 8220 8209 8350
f 8209 8371 8350
f 8131 8019 8082
f 8220 8131 8082
f 7880 7766 7878
f 7766 7810 7878
f 7732 7609 7672
f 7810 7732 7672
f 6812 6843 6727
f 6893 6843 6812
f 7467 7395 7451
f 7609 7467 7451
f 7024 6893 7022
f 7229 7293 7146
f 7395 7293 7229
f 7089 7024 7146
f 6008 5985 5964
f 6008 6030 5985
f 6024 5985 6030
f 6024 6030 6037
f 6030 6058 6037
f 5964 5939 5967
f 5967 6008 5964
f 5906 5883 5861
f 6082 6068 6094
f 6082 6058 6068
f 6058 6030 6068
f 5834 5861 5843
f 5906 5861 5896
f 6070 6094 6068
f 6069 6061 6070
f 5834 5843 5807
f 5814 5771 5807
f 5758 5771 5792
f 5792 5771 5814
f 6061 6022 6013
f 6022 6016 6013
f 5730 5758 5737
f 6013 5957 5902
f 6016 5957 6013
f 5737 5752 5730
f 5902 5957 5924
f 5752 5728 5730
f 5902 5924 5866
f 5840 5866 5811
f 5752 5748 5728
f 5748 5768 5778
f 5748 5752 5768
f 5846 5811 5866
f 5778 5817 5797
f 5811 5797 5817
f 5736 5728 5748
f 5748 5778 5764
f 5764 5778 5797
f 5811 5841 5797
f 5841 5811 5846
f 5748 5764 5736
f 5783 5764 5797
f 8205 8243 8171
f 7750 8012 7896
f 8171 8012 8205
f 8283 8243 8205
f 8241 8243 8283
f 7750 7572 7567
f 7830 8012 7750
f 8283 8378 8241
f 7417 7544 7567
f 8283 8527 8378
f 8378 8527 8531
f 8609 8531 8527
f 8620 8609 8663
f 8723 8691 8685
f 8691 8723 8747
f 8723 8745 8747
f 6931 7000 6927
f 6913 6931 6927
f 6913 6907 6931
f 6907 6930 6931
f 6906 6907 6857
f 6841 6906 6857
f 8666 8614 8675
f 8687 8666 8675
f 8616 8614 8666
f 8616 8602 8614
f 6841 6839 6906
f 6839 6858 6906
f 8361 8350 8589
f 8220 8350 8303
f 8361 8303 8350
f 8131 8220 8303
f 7880 7878 7978
f 8131 7978 8019
f 7978 7878 8019
f 6860 6839 6843
f 7732 7810 7766
f 6843 6911 6860
f 7467 7609 7560
f 7732 7560 7609
f 6893 6911 6843
f 7024 6911 6893
f 7293 7395 7467
f 7024 6919 6911
f 7089 7146 7293
f 6989 6919 7024
f 6989 7024 7089
f 6030 6008 6034
f 6034 6068 6030
f 5948 5967 5906
f 5967 5939 5906
f 5967 6034 6008
f 6068 6034 6063
f 6070 6068 6063
f 6089 6087 6066
f 6089 6088 6087
f 5894 5896 5861
f 5906 5894 5900
f 5906 5896 5894
f 5900 5948 5906
f 6087 6086 6066
f 6069 6070 6063
f 6071 6069 6063
f 6088 6086 6087
f 5807 5812 5834
f 5812 5844 5834
f 5861 5834 5844
f 5844 5894 5861
f 6092 6069 6071
f 6092 6061 6069
f 5771 5786 5807
f 5786 5812 5807
f 5771 5765 5786
f 5758 5765 5771
f 5730 5731 5758
f 5731 5765 5758
f 6016 5978 5957
f 5716 5731 5730
f 5978 5924 5957
f 5978 5937 5924
f 5730 5728 5716
f 5937 5903 5924
f 5728 5715 5716
f 5924 5864 5866
f 5924 5903 5864
f 5866 5864 5846
f 5728 5736 5715
f 5864 5841 5846
f 5864 5808 5841
f 5736 5747 5729
f 5764 5747 5736
f 5797 5841 5808
f 5763 5747 5764
f 5763 5764 5783
f 5783 5797 5808
f 5763 5746 5747
f 5760 5746 5763
f 5760 5763 5783
f 5793 5783 5808
f 5793 5760 5783
f 5810 5793 5808
f 8272 8283 8205
f 7567 7809 7750
f 7809 7830 7750
f 8103 8012 7830
f 8205 8103 8272
f 8012 8103 8205
f 7417 7600 7544
f 7567 7544 7809
f 8283 8272 8408
f 8408 8527 8283
f 8527 8612 8609
f 8663 8609 8612
f 7207 7231 7192
f 8620 8663 8685
f 8663 8686 8685
f 7128 7152 7192
f 7152 7207 7192
f 8723 8685 8686
f 7096 7128 7097
f 7096 7152 7128
f 7048 7057 7097
f 7057 7096 7097
f 7000 7016 7019
f 6983 7016 7000
f 6983 7000 6931
f 8748 8750 8747
f 8748 8733 8750
f 8748 8732 8733
f 6907 6906 6930
f 6906 6929 6930
f 8722 8733 8732
f 8722 8687 8733
f 8722 8666 8687
f 6933 6929 6906
f 8616 8589 8602
f 6869 6906 6858
f 6869 6933 6906
f 8616 8630 8589
f 8589 8512 8361
f 8589 8630 8512
f 6839 6869 6858
f 8259 8303 8361
f 8259 8512 8435
f 8259 8361 8512
f 8630 8435 8512
f 6839 6860 6869
f 8131 8259 8285
f 8131 8303 8259
f 8259 8435 8285
f 7978 8131 8031
f 8285 8031 8131
f 8031 7880 7978
f 6918 6860 6911
f 7732 7766 7560
f 7880 7806 7766
f 6918 6911 6919
f 7560 7531 7467
f 7584 7531 7560
f 6919 6989 6918
f 7293 7280 7089
f 7467 7280 7293
f 7467 7367 7280
f 7531 7367 7467
f 7117 6989 7089
f 7117 6918 6989
f 7117 7089 7280
f 7020 6918 7117
f 7280 7198 7117
f 7367 7198 7280
f 7112 7020 7117
f 7198 7112 7117
f 6066 6088 6089
f 6038 6063 6034
f 6086 6088 6066
f 6038 6071 6063
f 5900 5938 5948
f 5967 5948 5938
f 5938 6028 5967
f 6028 6034 5967
f 6028 6038 6034
f 6071 6106 6092
f 5888 5894 5844
f 5900 5894 5888
f 6106 6061 6092
f 5786 5805 5812
f 5805 5825 5812
f 5844 5812 5825
f 5825 5876 5844
f 5876 5888 5844
f 6061 6114 6022
f 6106 6114 6061
f 5749 5777 5765
f 5777 5786 5765
f 5777 5805 5786
f 6114 6016 6022
f 6114 6076 6016
f 5765 5731 5749
f 6016 6076 5978
f 6076 6048 5978
f 5716 5718 5731
f 5978 5992 5937
f 6048 5992 5978
f 5992 5999 5937
f 5718 5716 5715
f 5947 5903 5937
f 5715 5736 5712
f 5903 5914 5864
f 5914 5903 5947
f 5736 5729 5712
f 5726 5712 5729
f 5864 5877 5808
f 5914 5877 5864
f 5729 5747 5726
f 5838 5808 5877
f 5747 5746 5726
f 5810 5808 5838
f 5838 5824 5810
f 5810 5806 5793
f 5810 5824 5806
f 5761 5740 5760
f 5779 5761 5760
f 5779 5793 5806
f 5779 5760 5793
f 7809 7792 7830
f 7792 8103 7830
f 8103 8269 8272
f 7544 7735 7809
f 7544 7600 7735
f 7792 7809 7735
f 8109 8103 7792
f 8364 8272 8269
f 8364 8408 8272
f 7600 7417 7346
f 8408 8364 8434
f 8434 8527 8408
f 8663 8612 8686
f 8686 8728 8723
f 8728 8745 8723
f 8745 8728 8743
f 7019 7057 7048
f 8743 8747 8745
f 6983 7013 7016
f 6982 7013 6983
f 6982 6983 6931
f 6982 6931 6930
f 8787 8732 8748
f 6933 6982 6930
f 8787 8722 8732
f 6933 6930 6929
f 8787 8783 8722
f 8783 8666 8722
f 8783 8702 8666
f 8666 8630 8616
f 8630 8666 8702
f 8640 8630 8702
f 8939 8775 8702
f 8775 8640 8702
f 6869 6860 6933
f 8630 8647 8435
f 8647 8630 8640
f 6860 6975 6933
f 6975 6972 6933
f 8429 8435 8647
f 8647 8640 8775
f 8647 8891 8824
f 8647 8775 8891
f 8870 8824 8891
f 8435 8279 8285
f 8279 8435 8429
f 8027 8031 8285
f 8027 8285 8279
f 8870 8850 8824
f 6860 6918 6975
f 7880 8031 8027
f 8429 8647 8756
f 8756 8647 8824
f 8850 8756 8824
f 7560 7707 7584
f 7766 7707 7560
f 7707 7766 7806
f 7806 7880 7949
f 8027 7949 7880
f 8027 8029 7949
f 8029 8027 8279
f 8279 8429 8339
f 8339 8429 8491
f 8491 8429 8756
f 8850 8810 8756
f 8115 8023 8029
f 8115 8029 8279
f 8491 8756 8597
f 8115 8279 8114
f 8114 8279 8339
f 8810 8744 8756
f 8744 8597 8756
f 6918 7020 6975
f 7531 7198 7367
f 7531 7452 7198
f 7452 7531 7584
f 7020 6984 6975
f 8339 8392 8114
f 8744 8623 8597
f 7020 7037 6984
f 7037 7020 7112
f 7452 7266 7198
f 8623 8608 8597
f 7112 7198 7204
f 7266 7204 7198
f 8502 8392 8491
f 8392 8339 8491
f 8559 8491 8597
f 8559 8502 8491
f 8608 8559 8597
f 7045 6984 7037
f 7204 7045 7112
f 7045 7037 7112
f 6007 6020 6028
f 6038 6028 6020
f 6038 6103 6071
f 6071 6103 6106
f 5887 5900 5888
f 5887 5929 5900
f 5938 5900 5929
f 5938 6007 6028
f 6121 6106 6103
f 6114 6106 6121
f 5888 5859 5887
f 5888 5876 5859
f 6121 6151 6114
f 5767 5794 5777
f 5794 5805 5777
f 5825 5805 5794
f 5794 5859 5825
f 5859 5876 5825
f 6076 6114 6143
f 6151 6143 6114
f 5731 5743 5749
f 5743 5767 5749
f 5767 5777 5749
f 5794 5767 5803
f 5725 5731 5718
f 5743 5731 5725
f 6048 6076 6116
f 6143 6116 6076
f 5992 6048 6116
f 5717 5725 5718
f 6116 5999 5992
f 6116 6091 5999
f 6091 6081 5999
f 5937 5981 5947
f 5999 5981 5937
f 5715 5717 5718
f 5914 5947 5981
f 5981 5927 5914
f 5877 5914 5927
f 5927 5895 5877
f 5746 5760 5734
f 5760 5740 5734
f 5895 5838 5877
f 5838 5858 5824
f 5858 5838 5895
f 5735 5734 5740
f 5735 5761 5751
f 5740 5761 5735
f 5806 5824 5818
f 5858 5818 5824
f 5761 5770 5751
f 5770 5755 5751
f 5770 5761 5779
f 5770 5779 5806
f 5798 5770 5806
f 5818 5798 5806
f 7792 7889 7935
f 8109 7792 7935
f 8282 8269 8109
f 8269 8103 8109
f 7417 7261 7346
f 7792 7735 7889
f 7231 7261 7417
f 7207 7261 7231
f 8599 8612 8434
f 8612 8527 8434
f 7152 7148 7207
f 7148 7261 7207
f 8599 8686 8612
f 7096 7148 7152
f 8728 8599 8544
f 8686 8599 8728
f 7055 7096 7057
f 8743 8728 8643
f 8743 8643 8681
f 7016 7057 7019
f 8754 8743 8681
f 8754 8747 8743
f 7013 7064 7016
f 8788 8747 8754
f 8788 8748 8747
f 8807 8748 8788
f 8787 8748 8807
f 8807 8827 8787
f 6982 6933 7013
f 6933 7014 7013
f 8787 8905 8783
f 8787 8827 8905
f 8783 8905 8843
f 8843 8905 8945
f 6933 6972 7014
f 8702 8843 8939
f 8702 8783 8843
f 8843 9008 8939
f 8999 8939 9008
f 8775 8939 8951
f 8939 9015 8951
f 8939 8999 9015
f 6988 7014 6972
f 9015 8973 8951
f 8775 8951 8891
f 8891 8951 8970
f 8973 8970 8951
f 8970 8870 8891
f 8970 8874 8870
f 6995 6988 6972
f 8870 8874 8850
f 8874 8785 8850
f 6995 6972 6975
f 8785 8810 8850
f 8714 8810 8785
f 8029 8023 7949
f 7707 7806 7949
f 8714 8744 8810
f 8574 8744 8714
f 7636 7584 7707
f 7881 7782 7949
f 7782 7707 7949
f 7881 7949 8023
f 7881 8023 8115
f 8571 8744 8574
f 6995 6975 6984
f 7636 7452 7584
f 7782 7636 7707
f 7881 8115 8114
f 8571 8623 8744
f 7636 7551 7452
f 7551 7469 7452
f 8299 7881 8114
f 8299 7953 7881
f 8299 8114 8392
f 8571 8559 8623
f 8523 8559 8571
f 8559 8608 8623
f 8122 7953 8299
f 8391 8502 8523
f 8391 8392 8502
f 8523 8502 8559
f 6984 7045 6995
f 7266 7452 7469
f 7551 7528 7469
f 7528 7350 7469
f 8299 8392 8391
f 8523 8406 8391
f 7045 7002 6995
f 7204 7266 7304
f 7304 7469 7350
f 7304 7266 7469
f 8354 8122 8299
f 8354 8299 8391
f 8406 8354 8391
f 7120 7045 7204
f 7120 7046 7045
f 7046 7002 7045
f 7120 7204 7284
f 7284 7204 7304
f 7121 7046 7120
f 7121 7120 7284
f 6098 6038 6020
f 6098 6113 6038
f 6113 6103 6038
f 6113 6121 6103
f 6004 6007 5938
f 6020 6007 6004
f 6004 6098 6020
f 6137 6121 6113
f 6151 6121 6137
f 6137 6158 6151
f 6158 6184 6151
f 5926 5944 5887
f 5944 5929 5887
f 5938 5929 5944
f 5944 5974 5938
f 5974 6004 5938
f 6143 6184 6191
f 6143 6151 6184
f 5850 5862 5859
f 5887 5859 5862
f 6116 6143 6191
f 5725 5741 5743
f 5741 5767 5743
f 5741 5803 5767
f 5803 5850 5794
f 5850 5859 5794
f 6116 6165 6091
f 6165 6116 6191
f 5721 5725 5717
f 5741 5725 5721
f 6165 6081 6091
f 6165 6130 6081
f 5713 5721 5717
f 5999 6081 5981
f 6130 6148 6081
f 5713 5717 5715
f 5711 5715 5712
f 5711 5713 5715
f 6081 6026 5981
f 5981 5971 5927
f 6026 5971 5981
f 5927 5935 5895
f 5971 5935 5927
f 5734 5726 5746
f 5935 5874 5895
f 5858 5895 5874
f 5738 5735 5751
f 5858 5874 5818
f 5755 5738 5751
f 5831 5818 5839
f 5874 5839 5818
f 5781 5755 5770
f 5818 5813 5798
f 5831 5813 5818
f 5795 5770 5798
f 5795 5781 5770
f 5813 5795 5798
f 7655 7564 7735
f 7848 7735 7564
f 7848 7889 7735
f 7655 7600 7346
f 7600 7655 7735
f 7848 7935 7889
f 8032 8109 7935
f 8111 8109 8032
f 8111 8282 8109
f 7346 7261 7205
f 8282 8364 8269
f 7205 7261 7148
f 8544 8364 8282
f 8544 8434 8364
f 8544 8599 8434
f 7055 7148 7096
f 8578 8728 8544
f 8643 8728 8578
f 8749 8754 8681
f 7064 7057 7016
f 8804 8754 8749
f 7061 7064 7013
f 8804 8788 8754
f 8883 8788 8804
f 8788 8883 8807
f 8807 8880 8827
f 8807 8911 8880
f 7008 7013 7014
f 7008 7061 7013
f 8827 8880 8905
f 8905 8880 9027
f 8880 9070 9027
f 8945 8905 9027
f 8843 9027 9008
f 8843 8945 9027
f 9027 9154 9008
f 9008 9093 8999
f 9154 9093 9008
f 9093 9064 8999
f 8972 9015 8999
f 8999 9064 8972
f 6988 7008 7014
f 8973 8972 8970
f 9015 8972 8973
f 8635 8785 8890
f 8785 8874 8890
f 8890 8874 8970
f 6988 6995 7008
f 6995 7066 7008
f 8635 8714 8785
f 8573 8714 8635
f 8432 8574 8573
f 8574 8714 8573
f 8360 8574 8432
f 7881 7869 7782
f 7869 7693 7782
f 7869 7881 7953
f 8360 8571 8574
f 7636 7693 7551
f 7693 7598 7551
f 7693 7636 7782
f 8360 8523 8571
f 8046 7951 7953
f 8046 7953 8122
f 8200 8425 8360
f 8360 8425 8523
f 6995 7043 7066
f 7598 7528 7551
f 8201 8046 8122
f 8201 8122 8296
f 8200 8201 8296
f 8296 8425 8200
f 8296 8354 8425
f 8354 8406 8425
f 8425 8406 8523
f 7001 6995 7002
f 7001 7043 6995
f 8354 8296 8122
f 7046 7001 7002
f 7046 7121 7065
f 7350 7284 7304
f 7284 7350 7533
f 7533 7350 7528
f 7598 7593 7528
f 7593 7533 7528
f 7121 7075 7065
f 7371 7284 7533
f 7121 7132 7075
f 7132 7121 7284
f 7593 7595 7533
f 7132 7284 7371
f 7371 7533 7575
f 7595 7575 7533
f 7369 7132 7371
f 7369 7271 7132
f 7369 7371 7550
f 7550 7371 7575
f 7518 7369 7550
f 7617 7550 7575
f 7575 7690 7617
f 6079 6098 6004
f 6113 6079 6137
f 6113 6098 6079
f 6137 6179 6158
f 6158 6179 6184
f 6208 6217 6191
f 6217 6254 6191
f 5963 5974 5944
f 6004 5974 6025
f 6025 6043 6004
f 6043 6079 6004
f 6208 6184 6179
f 6191 6184 6208
f 6254 6266 6191
f 5926 5963 5944
f 6212 6191 6266
f 5803 5815 5850
f 5879 5862 5850
f 5887 5879 5905
f 5887 5862 5879
f 6165 6191 6212
f 5721 5742 5741
f 5742 5784 5741
f 5784 5803 5741
f 5803 5784 5815
f 5905 5926 5887
f 6266 6205 6212
f 6130 6165 6205
f 6212 6205 6165
f 5742 5723 5739
f 5742 5721 5723
f 5721 5713 5723
f 5739 5784 5742
f 6148 6130 6205
f 6190 6148 6205
f 5711 5720 5713
f 5713 5720 5723
f 6120 6081 6148
f 6148 6190 6120
f 5714 5720 5711
f 6026 6060 5971
f 6081 6060 6026
f 6060 6081 6120
f 5714 5711 5712
f 6120 5998 6060
f 5726 5719 5712
f 5719 5714 5712
f 6060 5956 5971
f 6060 5998 5956
f 5719 5726 5734
f 5935 5971 5956
f 5935 5908 5874
f 5908 5935 5956
f 5735 5738 5732
f 5874 5891 5839
f 5891 5874 5908
f 5908 5956 5891
f 5755 5781 5754
f 5854 5839 5865
f 5891 5865 5839
f 5831 5839 5854
f 5795 5775 5781
f 5813 5831 5816
f 5854 5816 5831
f 5854 5828 5816
f 5774 5775 5795
f 5816 5795 5813
f 5816 5774 5795
f 7481 7564 7346
f 7564 7655 7346
f 7205 7210 7346
f 7954 7848 7894
f 7954 7935 7848
f 7954 8032 7935
f 7060 7205 7148
f 8199 8282 8111
f 8353 8282 8199
f 8353 8544 8282
f 7060 7055 7042
f 7060 7148 7055
f 8528 8544 8353
f 8528 8578 8544
f 8528 8643 8578
f 8681 8528 8797
f 8643 8528 8681
f 7042 7055 7057
f 8681 8797 8749
f 7064 7042 7057
f 8804 8749 8797
f 8883 8804 8797
f 7061 7093 7064
f 8892 8941 8883
f 8807 8883 8911
f 8911 8883 8941
f 9087 9070 8941
f 8941 9070 8911
f 7061 7008 7093
f 8880 8911 9070
f 7008 7137 7093
f 9027 9070 9116
f 9027 9221 9154
f 9027 9116 9221
f 9216 9154 9221
f 9216 9111 9154
f 9093 9111 9064
f 9093 9154 9111
f 8972 8993 8933
f 7008 7180 7137
f 8970 8972 8933
f 8826 8890 8933
f 8933 8890 8970
f 7008 7066 7180
f 7066 7103 7180
f 8636 8635 8826
f 8826 8635 8890
f 8431 8573 8636
f 8573 8635 8636
f 8352 8573 8431
f 8352 8432 8573
f 7869 7871 7693
f 7871 7869 7953
f 8047 8216 8432
f 8216 8360 8432
f 7693 7656 7598
f 7773 7656 7693
f 7871 7773 7693
f 7951 7871 7953
f 8034 8216 8047
f 8046 8034 7951
f 8216 8034 8046
f 8216 8046 8200
f 8216 8200 8360
f 8201 8200 8046
f 7046 7043 7001
f 7043 7046 7065
f 7063 7065 7075
f 7063 7043 7065
f 7661 7675 7593
f 7675 7595 7593
f 7075 7132 7059
f 7132 7076 7059
f 7132 7123 7076
f 7123 7132 7271
f 7595 7690 7575
f 7595 7675 7690
f 7675 7769 7690
f 7218 7150 7123
f 7218 7271 7369
f 7218 7123 7271
f 7288 7369 7518
f 7617 7518 7550
f 7690 7774 7617
f 7690 7769 7774
f 7769 7833 7774
f 7218 7369 7288
f 7518 7617 7599
f 7599 7774 7704
f 7599 7617 7774
f 7704 7774 7783
f 7833 7841 7774
f 7841 7783 7774
f 7288 7219 7218
f 7299 7288 7518
f 7627 7599 7704
f 7841 7914 7783
f 7288 7299 7219
f 7599 7299 7518
f 7914 7938 7783
f 7273 7219 7299
f 7299 7599 7627
f 7627 7704 7931
f 7931 7704 7783
f 7938 7931 7783
f 7453 7299 7627
f 7453 7273 7299
f 7453 7627 7589
f 7589 7627 7710
f 7710 7627 7931
f 7589 7476 7453
f 7879 7710 7931
f 6155 6137 6079
f 6155 6179 6137
f 6217 6208 6179
f 6262 6254 6217
f 6262 6284 6254
f 6043 6155 6079
f 6043 6118 6155
f 6266 6254 6308
f 6254 6284 6308
f 6025 5974 5982
f 6025 6083 6043
f 6266 6308 6305
f 5905 5943 5926
f 5943 5963 5926
f 5943 5974 5963
f 5943 5982 5974
f 5869 5879 5850
f 5869 5905 5879
f 5905 5869 5923
f 5982 5943 5952
f 6190 6266 6283
f 6190 6205 6266
f 6305 6283 6266
f 5830 5815 5784
f 5850 5815 5830
f 5830 5849 5850
f 5849 5869 5850
f 5923 5943 5905
f 6200 6190 6283
f 5784 5739 5776
f 5776 5830 5784
f 5723 5720 5739
f 5720 5722 5739
f 5722 5776 5739
f 6190 6200 6120
f 6283 6241 6200
f 5720 5714 5722
f 5724 5776 5722
f 6120 6200 6149
f 5714 5724 5722
f 5776 5724 5744
f 6120 6149 5998
f 6241 6195 6200
f 5719 5724 5714
f 6084 5998 6149
f 6200 6129 6149
f 6200 6195 6129
f 6084 6149 6129
f 5727 5724 5719
f 6049 6084 6129
f 5727 5719 5734
f 5998 6084 6049
f 5727 5734 5735
f 5732 5727 5735
f 5958 5956 5998
f 5958 5998 6049
f 6046 5988 6049
f 6129 6046 6049
f 6049 5988 5958
f 5956 5925 5891
f 5925 5956 5958
f 5738 5755 5754
f 5925 5958 5988
f 5891 5868 5865
f 5868 5891 5925
f 5781 5775 5754
f 5775 5756 5754
f 5854 5868 5828
f 5868 5854 5865
f 5868 5925 5907
f 5907 5925 5921
f 5988 5921 5925
f 5774 5756 5775
f 5907 5886 5868
f 5816 5785 5774
f 5828 5829 5816
f 5829 5828 5868
f 5867 5868 5886
f 6075 6055 6146
f 5780 5774 5785
f 5796 5780 5785
f 5796 5785 5816
f 5868 5842 5829
f 5868 5867 5842
f 6146 6139 6075
f 6139 6110 6075
f 5822 5796 5816
f 5822 5816 5829
f 6055 6075 6019
f 6077 6019 6075
f 6123 6077 6110
f 6077 6075 6110
f 6139 6123 6110
f 7313 7377 7481
f 7377 7507 7481
f 7507 7564 7481
f 7507 7628 7564
f 7481 7346 7313
f 7346 7210 7313
f 7628 7848 7564
f 7628 7894 7848
f 7041 7210 7205
f 6980 7041 7060
f 7060 7041 7205
f 7954 7894 7982
f 8032 8199 8111
f 7060 6976 6980
f 8032 8152 8306
f 8199 8032 8306
f 8306 8353 8199
f 7060 7042 6976
f 7042 6992 6976
f 8306 8379 8353
f 8379 8594 8353
f 8353 8594 8528
f 8661 8528 8594
f 8661 8797 8528
f 8779 8797 8661
f 7073 7042 7064
f 8844 8892 8797
f 7064 7093 7073
f 8797 8892 8883
f 8892 8998 8941
f 8941 8998 9087
f 7137 7156 7093
f 9172 9226 9070
f 9116 9070 9226
f 9116 9226 9221
f 9226 9320 9221
f 9221 9320 9299
f 9320 9359 9299
f 9216 9299 9264
f 9216 9221 9299
f 9359 9264 9299
f 9327 9213 9264
f 9213 9216 9264
f 9359 9327 9264
f 9111 9152 9083
f 9216 9213 9111
f 9213 9152 9111
f 7137 7180 7170
f 9064 9083 9043
f 9083 9064 9111
f 9043 8993 8972
f 9043 8972 9064
f 8876 8763 8933
f 8763 8826 8933
f 8703 8826 8763
f 8636 8703 8567
f 8636 8826 8703
f 7158 7180 7103
f 7092 7158 7103
f 8352 8431 8340
f 7066 7092 7103
f 8047 8340 8052
f 8047 8352 8340
f 8052 7969 8047
f 8047 8432 8352
f 7066 7043 7092
f 7773 7969 7687
f 7773 7871 7969
f 7969 7871 8034
f 8034 8047 7969
f 7641 7656 7687
f 7656 7773 7687
f 7951 8034 7871
f 7043 7141 7092
f 7043 7091 7141
f 7593 7598 7656
f 7043 7063 7091
f 7063 7075 7059
f 7072 7059 7076
f 7072 7063 7059
f 7769 7675 7753
f 7076 7123 7072
f 7812 7769 7753
f 7123 7150 7072
f 7150 7082 7072
f 7812 7833 7769
f 7150 7218 7147
f 7218 7219 7147
f 7219 7145 7147
f 7914 8001 7938
f 7219 7273 7145
f 7273 7139 7145
f 7938 8001 8175
f 8001 8166 8175
f 7453 7139 7273
f 7931 8175 8104
f 7931 7938 8175
f 7167 7139 7453
f 7879 7931 8104
f 7139 7167 7062
f 7946 7879 8104
f 8175 8257 8104
f 7476 7167 7453
f 7710 7879 7946
f 7946 8104 8249
f 8257 8249 8104
f 7167 7067 7062
f 7067 7167 7476
f 7616 7589 7710
f 7710 7946 7872
f 7946 8249 8116
f 6949 7067 7476
f 6949 7476 7340
f 7340 7476 7589
f 8249 8274 8116
f 7340 7589 7616
f 7616 7710 7787
f 7787 7710 7872
f 7946 8116 7872
f 7028 6949 7340
f 7465 7340 7616
f 6179 6196 6217
f 6196 6238 6217
f 6238 6262 6217
f 6238 6298 6262
f 6298 6284 6262
f 6358 6421 6357
f 7206 7340 7465
f 6118 6196 6155
f 6196 6179 6155
f 6238 6196 6197
f 6313 6308 6284
f 6298 6313 6284
f 6308 6313 6358
f 6308 6358 6357
f 7028 7340 7206
f 7206 7465 7281
f 6083 6118 6043
f 6153 6196 6118
f 6153 6166 6196
f 6305 6308 6350
f 6350 6308 6357
f 6357 6421 6350
f 6083 6153 6118
f 6324 6305 6350
f 6005 6025 5982
f 6005 6083 6025
f 6005 6036 6083
f 6283 6305 6324
f 5922 5943 5923
f 5922 5952 5943
f 5982 5952 6005
f 6036 6005 6047
f 6370 6324 6350
f 5922 5923 5869
f 5873 5869 5849
f 5869 5873 5922
f 5911 5954 5922
f 5954 5952 5922
f 6241 6283 6324
f 6241 6324 6370
f 5801 5830 5776
f 5849 5830 5848
f 5848 5873 5849
f 5873 5911 5922
f 6241 6370 6282
f 5801 5848 5830
f 5744 5766 5776
f 5766 5801 5776
f 6282 6370 6411
f 6480 6411 6370
f 5724 5745 5744
f 5745 5766 5744
f 6195 6241 6282
f 5724 5727 5745
f 6219 6195 6282
f 5733 5745 5727
f 6129 6195 6219
f 6219 6282 6354
f 6354 6282 6411
f 5733 5727 5732
f 6046 6129 6117
f 6117 6129 6202
f 6202 6129 6219
f 6202 6219 6354
f 6021 5988 6046
f 6021 6046 6117
f 6280 6202 6354
f 6171 6202 6225
f 6225 6202 6280
f 6354 6321 6280
f 5757 5738 5754
f 6055 6021 6117
f 6171 6117 6202
f 6321 6306 6280
f 5756 5757 5754
f 5921 5988 5980
f 5980 5988 6021
f 6055 6117 6146
f 6146 6117 6171
f 6225 6280 6223
f 6280 6306 6223
f 5980 6021 6055
f 6146 6171 6225
f 6306 6251 6223
f 5921 5980 5941
f 6223 6146 6225
f 5756 5780 5772
f 5774 5780 5756
f 5886 5921 5941
f 5886 5907 5921
f 5941 5980 5961
f 5961 5980 6055
f 5961 6055 6019
f 6139 6146 6223
f 6251 6232 6223
f 5867 5886 5910
f 6139 6223 6232
f 5800 5780 5796
f 5800 5772 5780
f 5800 5796 5822
f 5822 5829 5832
f 5832 5829 5842
f 5842 5867 5910
f 5910 5886 5941
f 5910 5941 5961
f 5960 5961 6019
f 6232 6163 6139
f 5833 5800 5822
f 5832 5833 5822
f 5832 5842 5889
f 5889 5842 5910
f 5910 5871 5889
f 5936 5910 5961
f 5960 5936 5961
f 5960 6019 6027
f 6027 6019 6077
f 6123 6139 6140
f 6163 6140 6139
f 5871 5833 5832
f 5871 5832 5889
f 5959 5936 5960
f 6031 5959 6027
f 5959 5960 6027
f 6057 6027 6077
f 6057 6031 6027
f 6057 6077 6123
f 6140 6073 6123
f 6073 6057 6123
f 7105 7211 7210
f 7211 7313 7210
f 7479 7507 7377
f 7479 7561 7507
f 7561 7628 7507
f 7105 7210 7041
f 7561 7659 7628
f 7659 7826 7628
f 7041 6922 7003
f 7826 7894 7628
f 7826 7982 7894
f 7041 6980 6922
f 7954 7982 8032
f 6980 6921 6922
f 7982 8152 8032
f 6976 6921 6980
f 8488 8594 8379
f 7073 6992 7042
f 8779 8844 8797
f 7093 7106 7073
f 7093 7157 7106
f 8892 8975 8998
f 8975 9089 8998
f 7156 7157 7093
f 8998 9139 9087
f 8998 9089 9139
f 9139 9187 9172
f 9087 9139 9172
f 9187 9275 9172
f 9087 9172 9070
f 9172 9275 9226
f 9275 9326 9226
f 9226 9326 9320
f 9326 9375 9320
f 7137 7226 7156
f 9320 9375 9448
f 7170 7226 7137
f 9359 9320 9448
f 9450 9357 9448
f 9357 9359 9448
f 9508 9450 9448
f 9192 9213 9327
f 9359 9357 9327
f 9357 9246 9327
f 7226 7170 7180
f 9192 9152 9213
f 8993 9043 8953
f 8876 8953 8834
f 8953 8876 8933
f 8953 8933 8993
f 7203 7226 7180
f 8758 8763 8834
f 8834 8763 8876
f 8703 8758 8567
f 8758 8703 8763
f 7158 7203 7180
f 8368 8567 8542
f 8368 8636 8567
f 8368 8431 8636
f 8270 8340 8368
f 8368 8340 8431
f 7158 7092 7203
f 8270 8052 8340
f 7857 7969 7930
f 7969 8010 7930
f 8010 8052 8270
f 7092 7141 7203
f 7141 7173 7203
f 7173 7240 7203
f 7776 7969 7857
f 8010 7969 8052
f 7687 7776 7648
f 7776 7687 7969
f 7648 7641 7687
f 7644 7593 7656
f 7143 7141 7091
f 7063 7143 7091
f 7734 7675 7661
f 7063 7072 7143
f 7072 7082 7143
f 7675 7734 7753
f 7734 7764 7753
f 7082 7151 7143
f 7812 7753 7764
f 7150 7151 7082
f 7905 7841 7833
f 7147 7151 7150
f 7081 7100 7145
f 7145 7139 7081
f 7081 7139 7062
f 6993 7010 7062
f 8257 8175 8166
f 8166 8318 8257
f 7062 7067 6993
f 8257 8346 8249
f 8257 8318 8346
f 8318 8515 8346
f 6886 6936 7067
f 8274 8249 8346
f 6831 6886 6862
f 6862 7067 6949
f 6862 6886 7067
f 8274 8346 8478
f 8346 8515 8478
f 8116 8274 8363
f 8363 8274 8478
f 8478 8503 8363
f 6313 6359 6358
f 6415 6358 6359
f 6415 6421 6358
f 6415 6487 6421
f 6487 6452 6421
f 6452 6487 6483
f 6483 6552 6548
f 6678 6831 6810
f 6810 6831 6862
f 7945 7872 8116
f 7945 8116 8196
f 8196 8116 8363
f 8503 8362 8363
f 6260 6298 6238
f 6260 6304 6298
f 6317 6298 6304
f 6313 6298 6317
f 6359 6313 6317
f 6452 6483 6548
f 6552 6678 6548
f 6810 6697 6678
f 6949 6810 6862
f 7787 7872 7945
f 8363 8277 8196
f 8362 8277 8363
f 6166 6197 6196
f 6238 6197 6260
f 6350 6452 6460
f 6350 6421 6452
f 6460 6452 6548
f 6810 6949 6809
f 6809 6949 6943
f 6943 6949 7028
f 7206 6943 7028
f 7616 7787 7791
f 7791 7945 7968
f 7791 7787 7945
f 7945 8030 7968
f 8030 7945 8196
f 6645 6810 6809
f 6645 6697 6810
f 7610 7465 7616
f 7610 7616 7791
f 6166 6199 6197
f 6370 6350 6460
f 6370 6548 6539
f 6370 6460 6548
f 6539 6678 6697
f 6539 6548 6678
f 6809 6943 7029
f 7029 6943 7206
f 7224 7206 7281
f 7281 7465 7370
f 6047 6083 6036
f 6153 6083 6047
f 6047 6166 6153
f 6199 6166 6142
f 6539 6697 6645
f 6809 7029 6854
f 7029 7206 7224
f 7224 7281 7370
f 7465 7447 7370
f 7447 7199 7370
f 7447 7465 7610
f 6111 6166 6047
f 6854 7029 7224
f 7199 7224 7370
f 6480 6539 6645
f 6645 6809 6854
f 7224 6954 6854
f 7224 7199 6954
f 6005 5952 5954
f 5954 6047 6005
f 5954 5983 6047
f 6042 6047 5983
f 6480 6370 6539
f 6663 6645 6854
f 6663 6854 6814
f 6814 6854 6954
f 7199 6955 6954
f 5911 5915 5954
f 5946 5983 5954
f 6954 6955 6814
f 6955 6834 6814
f 5848 5872 5873
f 5911 5873 5872
f 5872 5915 5911
f 5915 5946 5954
f 5983 5946 5953
f 6518 6480 6645
f 6518 6645 6663
f 6814 6834 6663
f 6834 6719 6663
f 5847 5848 5801
f 5847 5872 5848
f 6577 6518 6663
f 6663 6675 6577
f 6719 6675 6663
f 5801 5766 5804
f 5804 5847 5801
f 6411 6480 6414
f 6414 6480 6518
f 6675 6550 6577
f 5804 5826 5847
f 6577 6550 6518
f 6550 6479 6518
f 5733 5753 5745
f 5753 5766 5745
f 5753 5762 5766
f 5762 5804 5766
f 6387 6414 6518
f 6414 6354 6411
f 6354 6414 6387
f 6518 6479 6387
f 6479 6381 6387
f 5733 5732 5753
f 5732 5750 5753
f 6354 6387 6321
f 5738 5750 5732
f 6387 6322 6321
f 6381 6322 6387
f 5757 5750 5738
f 6321 6322 6306
f 6231 6306 6322
f 5759 5757 5756
f 6251 6306 6231
f 5756 5772 5759
f 6231 6232 6251
f 5773 5759 5772
f 6232 6231 6163
f 6163 6231 6181
f 5789 5773 5772
f 5789 5772 5800
f 5789 5800 5833
f 6140 6181 6073
f 6181 6140 6163
f 5821 5789 5833
f 5821 5833 5871
f 5821 5871 5856
f 5910 5916 5871
f 5916 5910 5936
f 5916 5936 5932
f 5959 5932 5936
f 6050 6073 6074
f 5878 5856 5871
f 5878 5871 5916
f 5878 5916 5932
f 5991 5932 6031
f 5932 5959 6031
f 6050 5991 6031
f 6057 6050 6031
f 6050 6057 6073
f 7358 7446 7377
f 7358 7313 7211
f 7377 7313 7358
f 7479 7377 7446
f 7142 7105 7041
f 7211 7105 7142
f 7624 7659 7561
f 7659 7624 7826
f 8099 7982 7826
f 8099 8154 7982
f 6999 7003 6922
f 6922 6921 6999
f 8232 8152 7982
f 6976 6979 6921
f 8312 8152 8232
f 8312 8306 8152
f 8459 8306 8312
f 6997 6976 6992
f 6997 6979 6976
f 8459 8379 8306
f 8488 8379 8459
f 8594 8488 8585
f 8585 8660 8594
f 8660 8661 8594
f 6992 7034 6997
f 8719 8661 8660
f 8779 8661 8719
f 8719 8794 8779
f 7073 7034 6992
f 7073 7134 7034
f 8794 8844 8779
f 8794 8895 8844
f 8895 8877 8844
f 7073 7106 7134
f 8877 8975 8892
f 8892 8844 8877
f 7156 7191 7157
f 7157 7191 7232
f 7156 7253 7191
f 9428 9519 9375
f 7156 7226 7253
f 9375 9519 9448
f 9519 9563 9448
f 7226 7333 7253
f 9448 9563 9508
f 9450 9508 9589
f 9192 9327 9246
f 8925 9083 9152
f 9140 9152 9192
f 8925 8953 9043
f 8925 9043 9083
f 7226 7324 7333
f 8758 8834 8690
f 8690 8834 8953
f 7226 7203 7324
f 8758 8690 8644
f 8644 8542 8567
f 8644 8567 8758
f 8284 8368 8409
f 8409 8368 8542
f 8270 8284 8198
f 8284 8270 8368
f 7724 7776 7745
f 7203 7240 7324
f 7724 7648 7776
f 7240 7269 7324
f 7181 7240 7173
f 7141 7181 7173
f 7141 7143 7181
f 7593 7644 7661
f 7644 7667 7661
f 7143 7179 7181
f 7179 7242 7181
f 7734 7661 7667
f 7743 7764 7734
f 7841 7905 7914
f 7905 7971 7914
f 7100 7147 7145
f 7914 7971 8001
f 7971 8056 8001
f 7071 7100 7081
f 8040 8001 8056
f 7010 7081 7062
f 8166 8288 8318
f 8374 8318 8288
f 6936 6993 7067
f 8447 8318 8374
f 8515 8318 8447
f 8447 8507 8515
f 6758 6804 6886
f 8507 8688 8515
f 6598 6611 6614
f 6611 6758 6614
f 6758 6886 6831
f 8515 8688 8478
f 8688 8633 8478
f 6522 6487 6498
f 6522 6483 6487
f 6598 6614 6670
f 6670 6614 6758
f 6670 6758 6831
f 8503 8478 8633
f 6351 6434 6359
f 6434 6415 6359
f 6415 6498 6487
f 6415 6434 6498
f 6483 6522 6552
f 6552 6522 6598
f 6552 6670 6678
f 6552 6598 6670
f 6678 6670 6831
f 8563 8503 8633
f 8688 8700 8633
f 8700 8563 8633
f 6304 6333 6317
f 6333 6359 6317
f 6351 6359 6333
f 8362 8503 8430
f 8430 8503 8563
f 6334 6333 6304
f 8492 8430 8563
f 8700 8492 8563
f 6260 6239 6304
f 6304 6239 6290
f 6290 6334 6304
f 8093 8196 8277
f 8093 8030 8196
f 8362 8366 8277
f 8366 8362 8430
f 8492 8366 8430
f 6199 6239 6197
f 6239 6260 6197
f 7989 7968 8030
f 8093 7989 8030
f 8289 8093 8277
f 8366 8289 8277
f 6199 6246 6239
f 6246 6290 6239
f 7610 7791 7720
f 7968 7821 7791
f 7821 7968 7989
f 7447 7538 7199
f 7610 7538 7447
f 7610 7720 7538
f 7821 7720 7791
f 6142 6166 6111
f 6142 6246 6199
f 7386 7195 7199
f 7386 7199 7538
f 7199 7131 6955
f 7199 7195 7131
f 6111 6042 6085
f 6111 6047 6042
f 6085 6142 6111
f 6085 6246 6142
f 7131 6969 6955
f 6042 5983 5953
f 6834 6955 6870
f 6969 6870 6955
f 5953 5997 6042
f 5997 6085 6042
f 5997 6102 6085
f 6719 6834 6796
f 5904 5915 5872
f 5946 5915 5953
f 6675 6547 6550
f 6654 6547 6675
f 6719 6654 6675
f 5904 5953 5915
f 6550 6547 6479
f 5847 5826 5845
f 5845 5872 5847
f 5845 5904 5872
f 5904 5945 5953
f 5945 5997 5953
f 5945 5989 5997
f 6547 6475 6479
f 5804 5762 5799
f 5799 5826 5804
f 5845 5892 5904
f 5892 5945 5904
f 6479 6475 6446
f 5799 5845 5826
f 6479 6446 6381
f 5753 5750 5762
f 6381 6446 6347
f 5750 5769 5762
f 5769 5799 5762
f 5845 5799 5788
f 6322 6347 6316
f 6347 6322 6381
f 5750 5757 5769
f 5788 5799 5769
f 5757 5788 5769
f 6237 6231 6316
f 6231 6322 6316
f 5759 5788 5757
f 6213 6231 6237
f 5759 5782 5788
f 5759 5790 5782
f 5759 5773 5790
f 6181 6213 6167
f 6181 6231 6213
f 5782 5790 5827
f 6073 6167 6074
f 6073 6181 6167
f 5789 5790 5773
f 5790 5789 5827
f 6018 6074 5994
f 5821 5827 5789
f 5851 5827 5821
f 5851 5821 5856
f 5851 5856 5875
f 5875 5881 5851
f 5881 5875 5913
f 5934 5991 5994
f 5991 6018 5994
f 6074 6018 6050
f 5878 5875 5856
f 5913 5875 5878
f 5934 5913 5932
f 5913 5878 5932
f 5991 5934 5932
f 6018 5991 6050
f 7446 7358 7468
f 7594 7479 7446
f 7479 7624 7561
f 7802 7624 7479
f 7826 7624 7802
f 7003 7035 7041
f 7035 7074 7041
f 6999 7035 7003
f 6921 7015 6999
f 8212 8232 7982
f 8212 8312 8232
f 6921 6979 7015
f 8443 8459 8312
f 8443 8488 8459
f 6979 6997 7015
f 6997 7246 7015
f 6997 7034 7246
f 8793 8794 8719
f 8895 8946 8877
f 8946 8990 8877
f 8877 8990 8975
f 8990 9089 8975
f 7157 7232 7106
f 9138 9139 9089
f 9175 9139 9138
f 9187 9139 9175
f 9175 9224 9187
f 9271 9187 9224
f 9275 9187 9271
f 9271 9326 9275
f 9375 9326 9369
f 9369 9428 9375
f 7253 7323 7191
f 9519 9428 9461
f 9517 9569 9519
f 7253 7333 7323
f 9519 9569 9633
f 9569 9733 9633
f 9519 9633 9563
f 9633 9700 9563
f 9633 9733 9700
f 9508 9563 9700
f 9733 9767 9700
f 9357 9450 9589
f 9589 9508 9632
f 9632 9508 9700
f 9763 9632 9700
f 9767 9763 9700
f 9096 9140 9192
f 9287 9246 9357
f 9152 9016 8925
f 9152 9140 9016
f 7324 7397 7333
f 8542 8644 8465
f 7347 7397 7324
f 8409 8465 8348
f 8465 8409 8542
f 8128 8284 8348
f 8348 8284 8409
f 8128 8198 8284
f 8010 8270 8198
f 7745 7798 7741
f 7776 7798 7745
f 7886 7798 7857
f 7798 7776 7857
f 7886 7857 7930
f 7666 7745 7741
f 7666 7724 7745
f 7315 7347 7324
f 7724 7666 7648
f 7666 7640 7648
f 7315 7324 7269
f 7640 7641 7648
f 7240 7317 7269
f 7240 7181 7317
f 7652 7656 7641
f 7181 7242 7317
f 7644 7656 7652
f 7318 7317 7242
f 7243 7242 7179
f 7143 7243 7179
f 7143 7175 7243
f 7143 7151 7175
f 7812 7849 7833
f 7849 7905 7833
f 7155 7151 7147
f 7100 7155 7147
f 7071 7094 7100
f 8001 8040 8166
f 7010 7071 7081
f 8040 8288 8166
f 6932 7010 6993
f 6873 6932 6936
f 6932 6993 6936
f 6873 6886 6804
f 6936 6886 6873
f 6696 6753 6758
f 6804 6758 6753
f 8507 8739 8688
f 6598 6583 6611
f 6583 6676 6611
f 6758 6611 6696
f 6522 6498 6583
f 6583 6598 6522
f 8739 8809 8688
f 6498 6434 6510
f 8809 8746 8688
f 8746 8700 8688
f 6351 6378 6434
f 6378 6425 6434
f 6510 6434 6425
f 6333 6378 6351
f 8595 8700 8726
f 8492 8700 8595
f 8746 8726 8700
f 6378 6334 6392
f 6378 6333 6334
f 6392 6425 6378
f 8466 8492 8518
f 8366 8492 8466
f 8595 8518 8492
f 6334 6362 6392
f 8289 8366 8466
f 6334 6290 6246
f 8009 8093 8136
f 7989 8093 8009
f 8136 8093 8289
f 8402 8136 8289
f 8466 8402 8289
f 6334 6364 6362
f 7720 7821 7902
f 7821 8009 7902
f 8009 7821 7989
f 6286 6364 6334
f 7386 7538 7500
f 7538 7721 7500
f 7538 7720 7721
f 7902 7721 7720
f 6286 6336 6364
f 7195 7222 7131
f 7195 7386 7349
f 7500 7349 7386
f 6311 6336 6286
f 6969 7085 6870
f 7085 6969 7131
f 7222 7085 7131
f 6085 6102 6246
f 6246 6102 6334
f 6796 6827 6702
f 6834 6827 6796
f 6870 6827 6834
f 6268 6311 6286
f 6623 6654 6702
f 6796 6702 6719
f 6135 6334 6102
f 6135 6286 6334
f 6311 6268 6221
f 6654 6623 6578
f 6547 6654 6578
f 6702 6654 6719
f 6135 6268 6286
f 6578 6532 6547
f 5989 6102 5997
f 5989 6135 6102
f 6135 6221 6268
f 6451 6475 6493
f 6475 6532 6493
f 6532 6475 6547
f 6135 6170 6221
f 6383 6446 6451
f 6451 6446 6475
f 5892 5989 5945
f 6059 6170 6135
f 6170 6272 6221
f 6383 6347 6446
f 6000 6135 5989
f 6000 6059 6135
f 6193 6272 6170
f 6193 6245 6272
f 6272 6288 6294
f 6294 6288 6320
f 6316 6347 6349
f 6383 6349 6347
f 5788 5802 5845
f 5892 6000 5989
f 6245 6288 6272
f 6320 6316 6349
f 5860 5892 5845
f 5860 6000 5892
f 6059 6193 6170
f 6194 6245 6193
f 6320 6288 6316
f 5802 5860 5845
f 6178 6194 6193
f 6194 6288 6245
f 6288 6237 6316
f 6097 6193 6059
f 6097 6178 6193
f 6178 6213 6194
f 6288 6194 6237
f 6194 6213 6237
f 5788 5782 5802
f 5782 5860 5802
f 6097 6059 6000
f 5782 5851 5860
f 5851 5881 5860
f 5881 6000 5860
f 5913 5975 6000
f 5975 6097 6000
f 6097 6167 6178
f 6178 6167 6213
f 5881 5913 6000
f 6097 6074 6167
f 5782 5827 5851
f 6097 5975 5994
f 6097 5994 6074
f 5913 5994 5975
f 5913 5934 5994
f 7358 7392 7468
f 7142 7234 7211
f 7392 7211 7234
f 7392 7358 7211
f 7468 7594 7446
f 7125 7234 7142
f 7594 7663 7479
f 7074 7125 7041
f 7041 7125 7142
f 7663 7802 7479
f 7899 7826 7802
f 7899 7984 7826
f 7040 7074 7035
f 7984 8099 7826
f 6999 7040 7035
f 8256 7982 8154
f 8256 8212 7982
f 7015 7040 6999
f 8410 8312 8212
f 7015 7190 7040
f 8443 8312 8410
f 7015 7246 7190
f 8585 8488 8443
f 8794 8793 8913
f 7134 7482 7034
f 8913 8895 8794
f 8991 8895 8913
f 8991 8946 8895
f 7134 7106 7482
f 9089 8990 9084
f 9084 9138 9089
f 7232 7563 7106
f 7232 7191 7563
f 7563 7191 7361
f 9369 9326 9271
f 9411 9428 9369
f 7191 7323 7361
f 9461 9428 9411
f 7323 7409 7361
f 9461 9517 9519
f 9569 9517 9565
f 7333 7409 7323
f 9678 9733 9569
f 9678 9774 9733
f 7333 7487 7409
f 9767 9733 9774
f 9774 9861 9767
f 9342 9287 9357
f 9342 9589 9632
f 9342 9357 9589
f 9694 9632 9763
f 9096 9016 9140
f 9096 9192 9246
f 9342 9246 9287
f 9873 9763 9767
f 9861 9873 9767
f 7333 7397 7487
f 8925 8914 8798
f 8690 8679 8558
f 8679 8690 8798
f 8953 8798 8690
f 8798 8953 8925
f 7397 7485 7487
f 8644 8558 8465
f 8558 8644 8690
f 8367 8202 8348
f 8367 8348 8465
f 7988 8198 8128
f 8202 8128 8348
f 7988 7827 7886
f 7930 7988 7886
f 7988 7930 8010
f 7988 8010 8198
f 7827 7813 7798
f 7827 7798 7886
f 7397 7427 7485
f 7813 7741 7798
f 7813 7725 7741
f 7725 7666 7741
f 7315 7397 7347
f 7739 7666 7725
f 7739 7640 7666
f 7739 7662 7640
f 7269 7404 7315
f 7662 7631 7640
f 7631 7641 7640
f 7269 7317 7404
f 7652 7641 7631
f 7652 7665 7644
f 7665 7667 7644
f 7242 7243 7318
f 7243 7260 7318
f 7743 7734 7730
f 7730 7767 7743
f 7764 7743 7767
f 7822 7764 7767
f 7822 7812 7764
f 7239 7243 7175
f 7812 7822 7849
f 7151 7155 7175
f 7849 7971 7905
f 7094 7155 7100
f 8288 8040 8056
f 8248 8288 8056
f 8248 8374 8288
f 6804 6932 6873
f 8248 8447 8374
f 8598 8507 8447
f 6676 6786 6696
f 6753 6696 6786
f 8792 8507 8598
f 8739 8507 8792
f 6611 6676 6696
f 6498 6510 6583
f 6510 6572 6583
f 6676 6583 6572
f 8809 8739 8792
f 8813 8746 8809
f 6510 6425 6485
f 6580 6510 6485
f 6392 6485 6425
f 8595 8726 8682
f 6485 6392 6362
f 6485 6455 6527
f 6455 6485 6362
f 8136 8402 8405
f 8518 8402 8466
f 6364 6455 6362
f 6364 6520 6455
f 8009 8084 7902
f 8009 8136 8084
f 6364 6423 6520
f 7500 7721 7658
f 6336 6423 6364
f 7222 7195 7316
f 7349 7316 7195
f 6827 6901 6746
f 6870 6901 6827
f 6901 6870 7085
f 6311 6360 6336
f 6360 6423 6336
f 6423 6419 6503
f 6503 6419 6512
f 6623 6702 6690
f 6702 6746 6690
f 6746 6702 6827
f 6512 6532 6553
f 6553 6578 6623
f 6311 6221 6295
f 6295 6360 6311
f 6360 6419 6423
f 6419 6493 6512
f 6493 6532 6512
f 6553 6532 6578
f 6335 6431 6360
f 6431 6419 6360
f 6431 6493 6419
f 6295 6335 6360
f 6493 6431 6451
f 6431 6383 6451
f 6221 6272 6295
f 6272 6294 6295
f 6295 6320 6335
f 6320 6349 6335
f 6431 6335 6383
f 6335 6349 6383
f 6294 6320 6295
f 7379 7468 7392
f 7213 7282 7234
f 7282 7392 7234
f 7379 7392 7282
f 7511 7468 7379
f 7511 7594 7468
f 7234 7125 7213
f 7213 7125 7074
f 7719 7802 7663
f 7719 7899 7802
f 7940 7984 7899
f 8256 8324 8212
f 8324 8410 8212
f 8410 8472 8443
f 7040 7190 7169
f 8613 8585 8443
f 8613 8706 8585
f 8706 8660 8585
f 7246 7034 7503
f 8875 8913 8793
f 8875 8943 8913
f 8943 8991 8913
f 7034 7482 7503
f 9045 8990 8946
f 9084 8990 9045
f 7482 7106 7565
f 7106 7563 7565
f 9271 9224 9259
f 9259 9346 9271
f 9413 9271 9346
f 9413 9369 9271
f 7646 7361 7712
f 7563 7361 7646
f 9411 9495 9461
f 9495 9517 9461
f 7361 7409 7712
f 9495 9565 9517
f 9598 9569 9565
f 9598 9678 9569
f 9342 9632 9694
f 9198 9096 9246
f 9198 9246 9342
f 9705 9342 9694
f 9694 9763 9705
f 9861 9917 9873
f 8914 8925 9016
f 9016 9061 8914
f 9016 9096 9061
f 9771 9705 9763
f 9771 9763 9873
f 9904 9771 9873
f 9917 9904 9873
f 8798 8811 8679
f 8914 8811 8798
f 7487 7485 7555
f 8325 8465 8541
f 8541 8465 8558
f 8679 8541 8558
f 8162 8367 8325
f 8162 8202 8367
f 8465 8325 8367
f 7988 8128 8107
f 8202 8162 8128
f 8162 8107 8128
f 7827 7988 8107
f 7485 7509 7555
f 8107 7844 7827
f 7844 7813 7827
f 7397 7315 7427
f 7813 7762 7725
f 7762 7739 7725
f 7315 7404 7427
f 7404 7486 7427
f 7749 7662 7739
f 7749 7631 7662
f 7404 7440 7486
f 7749 7652 7631
f 7411 7440 7404
f 7317 7411 7404
f 7749 7665 7652
f 7317 7318 7411
f 7730 7667 7665
f 7318 7336 7411
f 7730 7734 7667
f 7314 7318 7260
f 7243 7259 7260
f 7259 7314 7260
f 7243 7239 7259
f 7849 7972 7971
f 7155 7178 7175
f 7178 7239 7175
f 7980 7971 7972
f 7126 7155 7094
f 7126 7178 7155
f 7971 7980 8056
f 7980 8301 8056
f 7021 7071 7010
f 8056 8301 8248
f 6932 7021 7010
f 8385 8248 8301
f 8525 8248 8385
f 8447 8248 8525
f 6804 6786 6932
f 6786 6923 6932
f 8525 8598 8447
f 8792 8598 8771
f 6676 6819 6786
f 6753 6786 6804
f 6819 6676 6672
f 6672 6676 6572
f 8792 8819 8809
f 6572 6510 6724
f 6672 6572 6724
f 8819 8813 8809
f 6580 6724 6510
f 8819 8746 8813
f 6485 6527 6580
f 8682 8704 8657
f 8726 8704 8682
f 8746 8704 8726
f 6527 6674 6580
f 8682 8657 8595
f 6527 6455 6520
f 6520 6674 6527
f 8595 8657 8518
f 7828 7515 7658
f 7902 8084 7985
f 8405 8084 8136
f 6423 6562 6520
f 6579 6655 6562
f 6763 6901 7268
f 7316 7363 7268
f 7349 7363 7316
f 7363 7349 7500
f 7515 7363 7500
f 7515 7500 7658
f 7721 7864 7658
f 7721 7902 7864
f 7864 7902 7985
f 6503 6562 6423
f 6503 6579 6562
f 6579 6690 6655
f 6690 6763 6655
f 6690 6746 6763
f 6746 6901 6763
f 7268 6901 7085
f 7268 7085 7222
f 7268 7222 7316
f 6556 6579 6503
f 6556 6503 6512
f 6556 6623 6579
f 6690 6579 6623
f 6553 6556 6512
f 6556 6553 6623
f 7282 7283 7379
f 7283 7529 7379
f 7529 7511 7379
f 7529 7594 7511
f 7213 7283 7282
f 7529 7719 7594
f 7594 7719 7663
f 7074 7245 7213
f 7283 7213 7245
f 7940 8045 7984
f 7074 7040 7245
f 7040 7169 7245
f 7169 7310 7245
f 7984 8045 8099
f 8099 8256 8154
f 8631 8443 8472
f 8631 8613 8443
f 8816 8719 8660
f 7190 7246 7331
f 8816 8793 8719
f 8875 8793 8816
f 8943 9045 8991
f 8991 9045 8946
f 9202 9224 9175
f 9202 9259 9224
f 9413 9495 9369
f 9495 9411 9369
f 9598 9565 9495
f 7409 7554 7712
f 9678 9860 9774
f 7487 7554 7409
f 7555 7554 7487
f 9489 9198 9342
f 9489 9342 9705
f 9861 9860 9917
f 9119 9061 9096
f 9119 9198 9180
f 9096 9198 9119
f 9385 9180 9198
f 9385 9198 9489
f 9548 9385 9489
f 9548 9489 9705
f 9771 9725 9705
f 9936 9904 9917
f 9965 9936 9917
f 9965 9917 9860
f 8860 8914 8904
f 8811 8914 8860
f 9013 8904 8914
f 9013 8914 9061
f 9119 9013 9061
f 9629 9548 9705
f 9629 9705 9725
f 9768 9725 9771
f 9965 9979 9936
f 9979 9904 9936
f 8586 8679 8673
f 8541 8679 8586
f 8860 8673 8811
f 8673 8679 8811
f 9979 9959 9904
f 8381 8325 8450
f 8586 8450 8541
f 8450 8325 8541
f 8381 8162 8325
f 7509 7578 7555
f 7555 7578 7674
f 8162 8110 8107
f 8381 8110 8162
f 7557 7578 7509
f 8110 7967 8107
f 8107 7967 7844
f 7485 7557 7509
f 7844 7933 7813
f 7967 7933 7844
f 7485 7427 7557
f 7427 7512 7557
f 7512 7553 7557
f 7933 7890 7813
f 7427 7486 7512
f 7890 7861 7813
f 7861 7762 7813
f 7762 7749 7739
f 7762 7790 7749
f 7861 7790 7762
f 7790 7858 7749
f 7411 7423 7440
f 7730 7665 7749
f 7858 7730 7749
f 7411 7336 7423
f 7413 7423 7336
f 7318 7399 7336
f 7399 7413 7336
f 7822 7767 7730
f 7318 7314 7399
f 7849 7822 7870
f 7870 7972 7849
f 7237 7239 7178
f 8140 7980 7972
f 8143 7980 8140
f 8301 7980 8143
f 7021 7126 7071
f 7071 7126 7094
f 8143 8251 8301
f 8251 8372 8301
f 8372 8385 8301
f 8372 8481 8385
f 8525 8385 8481
f 6932 6923 7021
f 8481 8580 8525
f 8580 8598 8525
f 6786 6891 6923
f 8771 8598 8580
f 8580 8767 8771
f 6891 6786 6819
f 6672 6773 6819
f 8771 8840 8792
f 8840 8819 8792
f 6773 6672 6724
f 8841 8819 8840
f 8704 8746 8819
f 8841 8704 8819
f 6580 6674 6724
f 6674 6673 6724
f 6520 6673 6674
f 8532 8402 8518
f 8518 8561 8532
f 8518 8657 8561
f 6520 6562 6673
f 6562 6695 6673
f 6763 6820 6695
f 6763 6865 6820
f 6562 6655 6695
f 6655 6763 6695
f 6763 7328 6865
f 6763 7268 7328
f 7268 7363 7328
f 7520 7328 7515
f 7328 7363 7515
f 7603 7520 7515
f 7603 7515 7828
f 7828 7658 7864
f 8139 7828 7985
f 7828 7864 7985
f 8139 7985 8084
f 7445 7604 7529
f 7604 7719 7529
f 7245 7341 7283
f 7341 7445 7283
f 7445 7529 7283
f 7604 7701 7719
f 7445 7341 7310
f 7719 7701 7899
f 7701 7940 7899
f 7701 7775 7940
f 7944 8045 7940
f 7245 7310 7341
f 7775 7944 7940
f 8045 8018 8099
f 8018 8256 8099
f 8018 8194 8256
f 8256 8194 8324
f 8194 8321 8324
f 7310 7169 7306
f 7169 7331 7306
f 8490 8324 8321
f 8490 8410 8324
f 8490 8472 8410
f 8490 8631 8472
f 7190 7331 7169
f 8613 8631 8706
f 8816 8660 8706
f 9202 9175 9138
f 7482 7565 7586
f 9202 9254 9259
f 9346 9377 9413
f 9413 9487 9495
f 9487 9598 9495
f 9598 9623 9678
f 7712 7554 7686
f 9678 9623 9860
f 7686 7555 7668
f 7554 7555 7686
f 9774 9860 9861
f 7555 7674 7668
f 9860 9898 9965
f 9180 9385 9253
f 9385 9374 9253
f 9435 9385 9548
f 9435 9374 9385
f 9629 9502 9548
f 9965 9968 9979
f 8977 8944 9013
f 9060 8977 9119
f 8977 9013 9119
f 9060 9119 9180
f 9435 9548 9502
f 9768 9771 9904
f 8673 8624 8586
f 8624 8673 8860
f 8845 8860 8904
f 8944 8904 9013
f 9768 9904 9959
f 9959 9979 10025
f 9968 10029 9979
f 10029 10025 9979
f 8781 8624 8860
f 8845 8781 8860
f 9722 9725 9768
f 9722 9768 9959
f 10029 10066 10025
f 7649 7674 7578
f 8381 8281 8110
f 8281 8450 8387
f 8281 8381 8450
f 8450 8506 8387
f 8506 8450 8586
f 8624 8506 8586
f 10000 9951 9959
f 10066 10000 10025
f 10000 9959 10025
f 7557 7649 7578
f 8281 8125 8110
f 7557 7553 7649
f 7933 8110 8125
f 7933 7967 8110
f 7553 7579 7649
f 7890 7933 8125
f 7861 7890 8044
f 8125 8044 7890
f 8044 7965 7861
f 7965 7790 7861
f 7486 7524 7512
f 7524 7553 7512
f 7858 7790 7921
f 7965 7921 7790
f 7486 7440 7524
f 7440 7423 7524
f 7423 7508 7524
f 7524 7508 7573
f 7488 7508 7423
f 7413 7488 7423
f 7822 7730 7858
f 7413 7463 7488
f 7413 7399 7463
f 7399 7462 7463
f 7858 7903 7822
f 7903 7959 7822
f 7338 7399 7314
f 7959 7870 7822
f 7314 7259 7338
f 7959 8024 7870
f 7319 7338 7259
f 7972 7870 8024
f 7239 7298 7259
f 7298 7319 7259
f 8024 8014 7972
f 7237 7298 7239
f 8140 7972 8014
f 8140 8210 8143
f 7126 7159 7178
f 7159 7237 7178
f 8143 8210 8251
f 8210 8394 8251
f 7021 7159 7126
f 8251 8394 8372
f 8394 8441 8372
f 7083 7159 7021
f 8372 8441 8481
f 8441 8604 8481
f 6923 7069 7021
f 7069 7083 7021
f 8481 8604 8580
f 8604 8654 8580
f 8654 8720 8580
f 6891 6950 6923
f 6923 6950 7069
f 8580 8720 8767
f 8720 8864 8767
f 8720 8753 8864
f 8771 8864 8931
f 8771 8767 8864
f 8864 8961 8931
f 8771 8931 8898
f 6891 6819 6773
f 8840 8771 8898
f 9088 8898 8931
f 6773 6959 6891
f 9088 9029 8898
f 9029 8942 8898
f 6773 6724 6816
f 6816 6959 6773
f 8841 8898 8942
f 8841 8840 8898
f 9029 8983 8942
f 6816 6820 6959
f 8841 8825 8704
f 8942 8825 8841
f 6724 6673 6816
f 6673 6820 6816
f 8762 8704 8825
f 6865 6978 6820
f 6865 7098 6978
f 7387 7098 7328
f 8561 8704 8762
f 8657 8704 8561
f 6695 6820 6673
f 6865 7328 7098
f 7432 7328 7520
f 7387 7328 7432
f 7432 7520 7603
f 7603 7678 7432
f 7678 7603 7794
f 8402 8532 8405
f 7794 7603 7828
f 8181 7794 8139
f 7794 7828 8139
f 8330 8139 8084
f 8330 8181 8139
f 8084 8405 8330
f 7310 7461 7445
f 7461 7576 7445
f 7604 7445 7576
f 7576 7701 7604
f 7775 7701 7576
f 7859 8018 7944
f 8018 8045 7944
f 7306 7461 7310
f 8165 8321 8194
f 7306 7466 7461
f 7306 7331 7466
f 8442 8631 8490
f 8520 8706 8631
f 8520 8772 8706
f 8772 8816 8706
f 8772 8882 8816
f 7331 7246 7466
f 7246 7503 7466
f 8882 8875 8816
f 8875 8882 8943
f 8882 8936 8943
f 8984 8943 8936
f 8943 8984 9045
f 8984 9026 9045
f 9080 9045 9026
f 9080 9084 9045
f 9084 9080 9138
f 9080 9125 9138
f 9125 9202 9138
f 9125 9155 9202
f 9377 9259 9254
f 9259 9377 9346
f 7565 7563 7651
f 7563 7646 7651
f 7651 7646 7712
f 9377 9487 9413
f 9487 9559 9598
f 9559 9623 9598
f 9623 9559 9746
f 9623 9746 9860
f 9860 9746 9924
f 9860 9924 9898
f 7686 7668 7674
f 9965 9924 9958
f 9898 9924 9965
f 9958 9968 9965
f 7681 7686 7674
f 9374 9263 9253
f 9435 9263 9374
f 9968 9958 10022
f 8845 8904 8944
f 9215 9060 9180
f 9253 9215 9180
f 9253 9263 9215
f 9426 9307 9263
f 9426 9263 9435
f 9426 9435 9502
f 9968 10022 10029
f 7649 7681 7674
f 9060 8944 8977
f 9060 9053 8944
f 9215 9053 9060
f 9426 9502 9456
f 9456 9502 9629
f 9602 9629 9725
f 9602 9725 9722
f 10029 10022 10027
f 10027 10066 10029
f 8624 8642 8506
f 8642 8624 8781
f 8845 8897 8781
f 8897 8780 8781
f 8897 8845 8944
f 9456 9362 9426
f 9456 9629 9602
f 9722 9959 9951
f 10027 10038 10000
f 10000 10066 10027
f 10073 10038 10027
f 8780 8646 8781
f 9683 9602 9722
f 9765 9683 9722
f 9836 9765 9722
f 9836 9722 9951
f 10000 10038 10072
f 10073 10072 10038
f 8506 8273 8387
f 8646 8642 8781
f 10008 9836 9951
f 10008 9951 10000
f 10073 10122 10072
f 7649 7676 7681
f 8281 8273 8125
f 8273 8281 8387
f 8273 8506 8504
f 8642 8504 8506
f 8642 8646 8504
f 10049 10008 10000
f 10087 10049 10072
f 10049 10000 10072
f 10122 10087 10072
f 7649 7579 7676
f 8433 8273 8504
f 8125 8273 8347
f 8433 8347 8273
f 8044 8125 8347
f 8215 8044 8347
f 7647 7676 7579
f 8044 8215 7965
f 7553 7647 7579
f 7965 8215 8124
f 8124 8215 8179
f 7553 7524 7647
f 7921 7965 8124
f 7858 7921 8097
f 8124 8097 7921
f 8097 8017 7858
f 7558 7573 7508
f 7488 7504 7508
f 7504 7558 7508
f 8017 7903 7858
f 7488 7463 7504
f 7463 7540 7504
f 8017 8015 7903
f 7903 8015 7959
f 8015 8101 7959
f 7399 7459 7462
f 7959 8101 8133
f 7408 7399 7338
f 7408 7459 7399
f 7959 8133 8024
f 8024 8133 8118
f 8014 8024 8118
f 8133 8210 8118
f 8133 8280 8210
f 8280 8451 8210
f 8014 8118 8140
f 8140 8118 8210
f 8210 8451 8394
f 8451 8476 8394
f 8394 8592 8441
f 8394 8476 8592
f 7159 7337 7237
f 8441 8592 8604
f 8592 8727 8604
f 8727 8753 8604
f 8727 8859 8753
f 7337 7159 7083
f 8654 8604 8753
f 8654 8753 8720
f 8753 8859 8864
f 8859 8963 8864
f 8864 8963 8961
f 8963 9032 8961
f 9054 9122 9032
f 8931 8961 9032
f 8931 9032 9088
f 9088 9032 9122
f 9088 9164 9209
f 9088 9122 9164
f 6891 6959 6950
f 9029 9088 9129
f 9129 9088 9209
f 9209 9185 9129
f 9257 9185 9209
f 9129 9185 9029
f 9185 9028 9029
f 6978 7144 6959
f 6978 7296 7144
f 8983 9029 9028
f 6959 6820 6978
f 8942 8983 8825
f 9028 8928 8983
f 7098 7296 6978
f 7387 7480 7296
f 8852 8825 8928
f 8928 8825 8983
f 7296 7098 7387
f 7387 7432 7480
f 7432 7645 7480
f 7432 7678 7645
f 8852 8762 8825
f 8042 7901 8117
f 8532 8622 8499
f 8561 8622 8532
f 8762 8622 8561
f 7901 7794 8181
f 8117 7901 8181
f 8117 8181 8330
f 8330 8499 8117
f 8330 8405 8499
f 8499 8405 8532
f 7885 7775 7576
f 7885 7859 7775
f 7859 7944 7775
f 7685 7576 7461
f 7885 7576 7685
f 8058 8018 7859
f 8058 8194 8018
f 8058 8165 8194
f 8442 8490 8321
f 7466 7568 7461
f 8639 8882 8772
f 7466 7642 7568
f 7466 7503 7642
f 7503 7482 7642
f 7586 7642 7482
f 9204 9202 9155
f 9204 9254 9202
f 9254 9174 9377
f 9174 9349 9377
f 9377 9349 9487
f 9349 9496 9487
f 9487 9496 9559
f 9496 9562 9559
f 7712 7686 8026
f 9559 9695 9746
f 9562 9695 9559
f 9924 9746 9918
f 9924 9918 9958
f 7681 7801 7686
f 9263 9266 9215
f 9266 9263 9307
f 9426 9266 9307
f 9957 10027 10022
f 9053 9215 9245
f 9245 9215 9266
f 9266 9426 9362
f 10027 9957 10073
f 8897 8944 9044
f 9044 8944 9053
f 9053 9245 9151
f 9362 9245 9266
f 9405 9362 9456
f 7681 7676 7801
f 8780 8897 8948
f 8948 8897 9044
f 9100 9044 9053
f 9151 9100 9053
f 9518 9405 9456
f 9518 9602 9622
f 9518 9456 9602
f 9622 9602 9683
f 8948 8847 8780
f 9779 9765 9836
f 10081 10087 10122
f 10049 10087 10081
f 8504 8646 8593
f 8593 8646 8780
f 9656 9622 9683
f 9656 9683 9765
f 9656 9765 9779
f 9828 9779 9836
f 9828 9836 10008
f 9991 10049 10080
f 9991 10008 10049
f 10081 10123 10049
f 8780 8641 8593
f 8780 8847 8641
f 9945 9828 10008
f 9991 9945 10008
f 10123 10080 10049
f 8433 8504 8593
f 10052 9991 10080
f 10123 10052 10080
f 7742 7801 7676
f 7647 7742 7676
f 8215 8347 8433
f 8215 8433 8448
f 8448 8593 8551
f 8448 8433 8593
f 8179 8215 8448
f 8124 8179 8448
f 8292 8448 8414
f 8292 8124 8448
f 7647 7524 7742
f 7524 7673 7742
f 8097 8124 8292
f 8414 8388 8292
f 7653 7524 7573
f 7653 7673 7524
f 8017 8097 8292
f 7558 7653 7573
f 8017 8292 8388
f 7558 7574 7653
f 8388 8334 8017
f 7558 7504 7574
f 8015 8017 8334
f 7463 7462 7540
f 7462 7519 7540
f 8101 8334 8133
f 8101 8015 8334
f 8133 8334 8444
f 8280 8133 8444
f 7408 7420 7459
f 7406 7408 7338
f 7406 7420 7408
f 8451 8280 8444
f 8444 8656 8451
f 7319 7406 7338
f 7319 7298 7406
f 8476 8451 8656
f 8476 8656 8592
f 8592 8656 8689
f 8592 8689 8727
f 8727 8689 8790
f 8790 8818 8727
f 8727 8818 8859
f 8859 8818 8935
f 8859 8935 9049
f 7083 7216 7337
f 8963 8859 9049
f 9032 9049 9054
f 9032 8963 9049
f 9054 9049 9121
f 9121 9171 9054
f 9122 9171 9318
f 9122 9054 9171
f 9318 9171 9380
f 9380 9415 9318
f 9380 9468 9415
f 7216 7083 7069
f 7069 7290 7216
f 9122 9318 9164
f 9366 9318 9415
f 9366 9415 9417
f 9417 9415 9564
f 9564 9606 9417
f 6950 7290 7069
f 9164 9318 9209
f 9209 9366 9257
f 9209 9318 9366
f 9257 9366 9417
f 9521 9409 9417
f 9606 9521 9417
f 6959 7290 6950
f 6959 7144 7290
f 7290 7144 7355
f 9305 9257 9417
f 9417 9409 9305
f 9185 9257 9258
f 9258 9257 9305
f 9353 9258 9305
f 9409 9353 9305
f 7144 7296 7355
f 9258 9205 9185
f 7296 7480 7355
f 7480 7671 7545
f 7480 7645 7671
f 7671 7645 7723
f 9028 9109 9057
f 9028 9185 9109
f 9205 9109 9185
f 7645 7793 7723
f 8928 9057 8879
f 9028 9057 8928
f 7793 7645 7678
f 7793 7794 7901
f 7901 8042 8134
f 8134 8042 8342
f 8659 8342 8499
f 8928 8829 8852
f 8928 8879 8829
f 7794 7793 7678
f 8042 8117 8342
f 8117 8499 8342
f 8659 8762 8829
f 8829 8762 8852
f 8659 8499 8622
f 8659 8622 8762
f 7885 8058 7859
f 7885 7685 7789
f 8165 8234 8321
f 8234 8442 8321
f 7461 7568 7685
f 7568 7680 7685
f 7789 7685 7680
f 8234 8319 8442
f 8319 8631 8442
f 8319 8520 8631
f 8632 8772 8520
f 8632 8639 8772
f 8639 8718 8882
f 8718 8936 8882
f 7568 7727 7680
f 8718 8984 8936
f 8718 8777 8984
f 8777 9026 8984
f 7568 7642 7727
f 7642 7754 7727
f 8777 8862 9026
f 8862 9080 9026
f 8862 9125 9080
f 7586 7754 7642
f 8868 9155 9125
f 7586 7565 7754
f 7565 7651 7754
f 9254 9204 9174
f 9349 9227 9496
f 8026 7686 7801
f 9695 9562 9607
f 9607 9638 9695
f 9638 9746 9695
f 9746 9638 9918
f 9922 9958 9918
f 9922 10022 9958
f 9922 9957 10022
f 9957 9966 10073
f 9151 9245 9304
f 9304 9245 9362
f 9304 9362 9405
f 10073 9966 10122
f 9966 10081 10122
f 9100 9151 9170
f 9170 9151 9304
f 10123 10081 10071
f 8846 8847 8948
f 8846 8948 9038
f 9038 8948 9044
f 9044 9100 9170
f 9408 9304 9405
f 9408 9405 9518
f 10071 10084 10123
f 7816 7842 7801
f 9038 9044 9170
f 9170 9304 9408
f 9445 9408 9518
f 9445 9622 9656
f 9445 9518 9622
f 9656 9779 9651
f 9651 9779 9828
f 10084 10090 10052
f 10052 10123 10084
f 10124 10090 10084
f 7742 7816 7801
f 8641 8847 8846
f 8699 8846 9038
f 9555 9445 9656
f 9555 9656 9651
f 9651 9828 9712
f 9712 9828 9945
f 9945 9991 10009
f 10009 10052 10044
f 10009 9991 10052
f 10044 10090 10095
f 10044 10052 10090
f 10124 10095 10090
f 8551 8593 8641
f 8641 8846 8699
f 10124 10128 10095
f 7742 7760 7816
f 7760 7811 7816
f 9823 9712 9945
f 9942 9945 10009
f 10095 10141 10044
f 10095 10128 10141
f 10128 10172 10141
f 7742 7673 7760
f 8448 8551 8641
f 9038 8861 8699
f 9942 9823 9945
f 10009 10044 10109
f 10109 10044 10141
f 10172 10177 10141
f 8414 8448 8641
f 8414 8641 8699
f 10147 10109 10141
f 10147 10116 10109
f 10177 10147 10141
f 7736 7760 7673
f 8755 8414 8861
f 8861 8414 8699
f 7653 7736 7673
f 8388 8414 8755
f 7653 7574 7736
f 7574 7772 7736
f 7657 7772 7574
f 8334 8388 8799
f 8799 8388 8755
f 7504 7657 7574
f 7504 7540 7657
f 7519 7715 7540
f 8334 8835 8444
f 8334 8799 8835
f 7462 7459 7519
f 7459 7571 7519
f 8656 8835 8790
f 8790 8835 8927
f 7420 7571 7459
f 8656 8444 8835
f 8790 8927 8818
f 8818 8927 9025
f 9135 9286 9181
f 10001 9946 9883
f 8689 8656 8790
f 9286 9576 9468
f 9797 9883 9946
f 9946 10001 10031
f 10040 10031 10001
f 7406 7298 7420
f 7298 7505 7420
f 8935 8818 9025
f 9049 9025 9181
f 9181 9025 9135
f 9181 9286 9171
f 9286 9468 9171
f 9576 9797 9784
f 7237 7391 7298
f 7505 7298 7391
f 8935 9025 9049
f 9121 9181 9171
f 9784 9797 9946
f 7237 7337 7391
f 9049 9181 9121
f 9468 9576 9564
f 9564 9576 9784
f 9669 9946 9928
f 9669 9784 9946
f 9928 9946 10031
f 9981 9928 10031
f 9380 9171 9468
f 9669 9928 9872
f 9415 9468 9564
f 9564 9784 9669
f 9564 9669 9667
f 9667 9669 9872
f 7216 7290 7337
f 7290 7388 7337
f 9606 9564 9667
f 9734 9667 9872
f 9872 9837 9734
f 9606 9667 9734
f 7290 7424 7388
f 9606 9627 9521
f 9627 9601 9521
f 9721 9627 9734
f 9627 9606 9734
f 7290 7355 7424
f 9409 9528 9393
f 9409 9521 9528
f 9601 9528 9521
f 7424 7355 7480
f 7424 7480 7545
f 9258 9331 9223
f 9353 9331 9258
f 9353 9393 9331
f 9393 9353 9409
f 7840 7992 8005
f 9109 9205 9147
f 9223 9205 9258
f 7840 7723 7793
f 7840 7793 7901
f 7901 7992 7840
f 7901 8134 7992
f 9057 8979 8955
f 9109 8979 9057
f 8606 8517 8342
f 8606 8803 8800
f 8800 8803 8854
f 9057 8955 8879
f 8606 8342 8659
f 8606 8659 8803
f 8803 8829 8854
f 8829 8879 8854
f 8803 8659 8829
f 7789 7918 7885
f 7918 8038 7885
f 8038 8058 7885
f 8038 8165 8058
f 7789 7883 7918
f 8038 7918 7883
f 8038 8234 8165
f 8338 8520 8319
f 8338 8483 8520
f 8483 8632 8520
f 7680 7804 7789
f 7883 7789 7804
f 8632 8483 8547
f 8547 8639 8632
f 7680 7727 7804
f 7727 7836 7804
f 7727 7754 7836
f 7754 7964 7836
f 7754 7651 7964
f 7712 7964 7651
f 7964 7712 8026
f 9227 9349 9174
f 9638 9562 9496
f 9562 9638 9607
f 7801 7997 8026
f 9703 9918 9638
f 9703 9792 9918
f 9918 9792 9732
f 9732 9922 9918
f 9922 9732 9793
f 9905 9922 9793
f 9905 9957 9922
f 9966 9957 9905
f 7801 7842 7997
f 7842 7923 7997
f 10007 10081 9966
f 10071 10081 10007
f 7897 7923 7842
f 7816 7897 7842
f 10124 10071 10011
f 10124 10084 10071
f 10023 10124 10011
f 7816 7811 7897
f 9170 9408 9348
f 9348 9408 9445
f 10023 10128 10124
f 9348 9555 9651
f 9348 9445 9555
f 10172 10128 10125
f 9038 9170 9348
f 9348 9651 9776
f 9651 9712 9776
f 9823 9776 9712
f 10125 10137 10172
f 10137 10177 10172
f 7823 7811 7760
f 8861 9038 9544
f 9544 9038 9348
f 9776 9942 9992
f 9776 9823 9942
f 7736 7823 7760
f 9992 9942 10009
f 9992 10009 10109
f 9992 10116 10096
f 9992 10109 10116
f 10133 10096 10116
f 10137 10133 10116
f 10147 10137 10116
f 10137 10147 10177
f 9544 9348 9776
f 10096 10133 10142
f 10133 10175 10142
f 8755 8861 8865
f 8865 8861 9544
f 9859 9776 9992
f 10175 10179 10142
f 10179 10144 10142
f 7736 7772 7823
f 9544 9776 9859
f 9859 9992 10096
f 10144 10096 10142
f 7817 7772 7657
f 9859 10096 10144
f 8799 8755 8865
f 8799 8865 8927
f 10179 10173 10144
f 10173 10138 10144
f 8927 8865 9025
f 9025 8865 9544
f 9937 9859 10144
f 9937 10144 10138
f 7540 7715 7657
f 8835 8799 8927
f 9025 9544 9135
f 9698 9544 9859
f 10173 10178 10138
f 7639 7715 7519
f 7571 7639 7519
f 9286 9135 9544
f 9576 9544 9698
f 9698 9859 9937
f 9883 9937 9999
f 9999 9937 10138
f 10178 10176 10138
f 9286 9544 9576
f 9883 9698 9937
f 10091 10138 10176
f 10091 9999 10138
f 7571 7420 7556
f 9797 9698 9883
f 10001 9883 9999
f 10001 9999 10091
f 10176 10146 10091
f 10001 10091 10040
f 9576 9698 9797
f 7420 7505 7556
f 7505 7547 7556
f 10031 10091 10082
f 10031 10040 10091
f 10146 10126 10091
f 10126 10082 10091
f 9981 10031 10082
f 7391 7337 7505
f 7337 7547 7505
f 9981 10064 9928
f 10082 10064 9981
f 7337 7388 7547
f 7388 7731 7547
f 7388 7702 7731
f 9872 9928 10064
f 9872 9926 9837
f 10064 9926 9872
f 7388 7424 7702
f 7424 7545 7702
f 7545 7671 7702
f 7671 7731 7702
f 7671 7851 7731
f 9842 9837 9926
f 7851 7840 7963
f 7840 8005 7963
f 9528 9504 9458
f 9734 9837 9721
f 9927 9842 9926
f 7851 7671 7723
f 7851 7723 7840
f 9393 9390 9331
f 9390 9528 9458
f 9390 9393 9528
f 9560 9528 9601
f 9560 9504 9528
f 9672 9627 9721
f 9672 9601 9627
f 9721 9837 9820
f 9820 9837 9842
f 9927 9820 9842
f 7992 8091 8005
f 7992 8226 8091
f 8664 8517 8800
f 9205 9184 9147
f 9184 9205 9223
f 9184 9223 9331
f 9841 9721 9820
f 9927 9841 9820
f 8226 7992 8134
f 8226 8342 8420
f 8226 8134 8342
f 8342 8517 8420
f 8606 8800 8517
f 8800 8854 8954
f 9109 9086 8979
f 9086 9109 9147
f 8854 8955 8954
f 8955 8979 8954
f 8854 8879 8955
f 8221 8234 8038
f 8221 8319 8234
f 8038 7883 8003
f 8003 8096 8038
f 8221 8038 8096
f 8338 8319 8221
f 7883 7804 8003
f 8547 8619 8639
f 8619 8718 8639
f 7804 7937 8003
f 7804 7836 7937
f 8830 9125 8862
f 8830 8868 9125
f 8981 9155 8868
f 7836 7964 7937
f 8981 9059 9155
f 9059 9204 9155
f 9204 9059 9174
f 9227 9188 9496
f 7997 8064 8026
f 9188 9638 9496
f 9638 9188 9591
f 9591 9703 9638
f 9675 9703 9591
f 9675 9792 9703
f 9815 9905 9793
f 9815 9775 9905
f 9905 9775 9875
f 9875 9966 9905
f 8000 7997 7923
f 9966 9868 10007
f 7897 8000 7923
f 7920 8000 7897
f 10007 9868 9967
f 9967 10071 10007
f 9967 10011 10071
f 10125 10128 10023
f 7811 7920 7897
f 10068 10125 10023
f 7920 7811 7823
f 10125 10068 10137
f 10068 10112 10137
f 10112 10133 10137
f 10175 10133 10112
f 10175 10173 10179
f 7657 7715 7817
f 10178 10135 10176
f 7571 7634 7639
f 10135 10146 10176
f 7556 7634 7571
f 7556 7547 7634
f 7547 7689 7634
f 7689 7547 7815
f 7547 7731 7815
f 7962 7731 7963
f 7815 7731 7962
f 10126 10127 10082
f 10127 10064 10082
f 7963 7731 7851
f 7963 8091 8119
f 8091 8227 8119
f 8227 8091 8293
f 9926 10064 10088
f 7963 8005 8091
f 9926 10088 10078
f 8091 8226 8293
f 8226 8416 8293
f 8226 8420 8416
f 8420 8480 8416
f 9926 9964 9927
f 10078 9964 9926
f 8664 8800 8729
f 8800 8869 8729
f 8869 9086 9021
f 9184 9241 9147
f 9317 9241 9331
f 9241 9184 9331
f 9317 9331 9390
f 9439 9390 9458
f 8517 8480 8420
f 8480 8517 8664
f 8869 8800 8954
f 8954 9086 8869
f 9580 9458 9504
f 9580 9504 9560
f 9580 9560 9601
f 9672 9580 9601
f 9841 9964 9929
f 9841 9927 9964
f 9086 8954 8979
f 9672 9621 9580
f 9672 9841 9757
f 9672 9721 9841
f 9952 9829 9929
f 9829 9841 9929
f 9676 9621 9672
f 9676 9672 9757
f 9829 9757 9841
f 8096 8315 8221
f 8315 8338 8221
f 8473 8483 8338
f 8473 8338 8315
f 8483 8473 8547
f 8473 8619 8547
f 7937 8062 8003
f 8062 8096 8003
f 8619 8777 8718
f 7937 7964 8062
f 7964 8063 8062
f 9059 9114 9174
f 8026 8063 7964
f 9114 9188 9174
f 9188 9227 9174
f 8026 8072 8063
f 8026 8064 8072
f 9591 9188 9453
f 9591 9453 9541
f 9541 9675 9591
f 8064 8086 8072
f 9815 9793 9775
f 8000 8064 7997
f 9802 9875 9775
f 9802 9819 9875
f 9844 9875 9819
f 9844 9966 9875
f 9844 9868 9966
f 9967 9868 9921
f 9921 10011 9967
f 10023 10011 9907
f 7920 8080 8000
f 7970 8080 7920
f 9907 9963 10023
f 9963 10068 10023
f 7823 7970 7920
f 10010 10112 10068
f 10010 10063 10112
f 7823 7772 7970
f 10063 10175 10112
f 7772 7947 7970
f 10063 10070 10175
f 7947 7772 7817
f 7947 7817 7891
f 10070 10085 10175
f 10085 10173 10175
f 7817 7715 7891
f 7715 7839 7891
f 10085 10120 10173
f 10120 10178 10173
f 7639 7839 7715
f 7639 7634 7839
f 7634 8067 7839
f 7689 8067 7634
f 7689 7948 8067
f 7815 7948 7689
f 7948 7815 7952
f 7815 7962 7952
f 8207 7962 8119
f 7952 7962 8207
f 8119 8227 8207
f 8486 8386 8416
f 10164 10127 10126
f 8119 7962 7963
f 8293 8386 8227
f 8293 8416 8386
f 8486 8416 8479
f 8629 8581 8692
f 8416 8480 8479
f 8480 8581 8479
f 10127 10088 10064
f 8581 8480 8664
f 8581 8729 8692
f 8581 8664 8729
f 8729 8871 8692
f 8869 8930 8871
f 9021 9133 8930
f 9133 9211 8930
f 9133 9229 9211
f 9251 9229 9241
f 9211 9229 9251
f 9251 9241 9298
f 10127 10078 10088
f 8871 8729 8869
f 8930 8869 9021
f 9021 9086 9133
f 9086 9147 9133
f 9133 9147 9229
f 9147 9241 9229
f 9298 9241 9317
f 9432 9317 9390
f 9439 9432 9390
f 10078 10106 9964
f 9481 9439 9458
f 9458 9580 9481
f 9929 9964 10106
f 9532 9481 9580
f 10106 9952 9929
f 9621 9532 9580
f 9676 9532 9621
f 9757 9829 9906
f 9829 9952 9974
f 9748 9676 9757
f 9974 9989 9829
f 9989 9906 9829
f 9748 9757 9906
f 8096 8396 8315
f 8396 8473 8315
f 8396 8096 8287
f 8546 8619 8473
f 8062 8144 8096
f 8287 8096 8144
f 8619 8650 8777
f 8546 8650 8619
f 8650 8830 8777
f 8830 8862 8777
f 8981 8868 8923
f 8062 8063 8144
f 8063 8081 8144
f 8923 9059 8981
f 8072 8081 8063
f 8081 8072 8086
f 8076 8081 8086
f 9453 9188 9344
f 9675 9541 9494
f 9494 9792 9675
f 9494 9732 9792
f 8064 8076 8086
f 9635 9775 9793
f 9775 9635 9713
f 8064 8000 8076
f 9713 9802 9775
f 9819 9802 9766
f 9766 9844 9819
f 9868 9844 9821
f 9821 9921 9868
f 8000 8080 8076
f 9921 9821 9871
f 9871 10011 9921
f 10011 9871 9907
f 9913 9963 9907
f 9969 10068 9963
f 9969 10010 10068
f 10050 10070 10063
f 7947 7891 8067
f 10058 10085 10050
f 10050 10085 10070
f 10086 10120 10085
f 7839 8067 7891
f 10120 10086 10119
f 10119 10178 10120
f 10119 10135 10178
f 10135 10119 10130
f 7948 7952 8294
f 10170 10146 10135
f 7952 8207 8294
f 8207 8345 8294
f 8345 8207 8227
f 8345 8227 8386
f 8479 8550 8486
f 8479 8629 8550
f 8629 8828 8693
f 8828 8833 8693
f 8833 8828 8960
f 8479 8581 8629
f 8629 8692 8828
f 8828 8871 8960
f 8871 9041 8960
f 8828 8692 8871
f 8871 8930 9041
f 8930 9072 9041
f 8930 9157 9072
f 9157 8930 9211
f 9157 9211 9251
f 10134 10127 10164
f 10134 10078 10127
f 9432 9298 9317
f 9439 9481 9432
f 10134 10106 10078
f 9532 9540 9481
f 9540 9483 9481
f 10106 10169 9952
f 9974 9952 10169
f 9540 9532 9595
f 10169 9989 9974
f 10169 10181 9989
f 9595 9676 9640
f 9532 9676 9595
f 10181 10094 9989
f 9681 9640 9676
f 9681 9676 9748
f 9777 9681 9748
f 9777 9748 9906
f 9881 9777 9906
f 9989 9881 9906
f 9989 9944 9881
f 8287 8439 8396
f 8439 8473 8396
f 8473 8439 8546
f 8734 8830 8650
f 8287 8144 8235
f 8439 8287 8235
f 8734 8868 8830
f 8868 8900 8923
f 8968 9059 8923
f 8968 9036 9059
f 8144 8081 8235
f 9059 9036 9114
f 9196 9188 9114
f 9188 9196 9344
f 8081 8076 8235
f 8076 8169 8235
f 9423 9453 9344
f 8169 8203 8235
f 9423 9541 9453
f 9541 9423 9494
f 9732 9494 9635
f 9635 9793 9732
f 9802 9713 9745
f 9745 9766 9802
f 9844 9766 9808
f 9808 9821 9844
f 8076 8080 8169
f 9856 9871 9821
f 8137 8169 8080
f 7970 8137 8080
f 9913 9962 9963
f 7970 7947 8137
f 9969 9963 9970
f 9970 10010 9969
f 7947 8150 8137
f 10063 10010 10033
f 7947 8149 8150
f 10050 10063 10033
f 7947 8067 8149
f 10086 10085 10058
f 8149 8067 8253
f 8067 8311 8253
f 7948 8311 8067
f 7948 8130 8311
f 8130 8294 8311
f 8294 8411 8311
f 8294 8130 7948
f 8411 8294 8345
f 8411 8345 8487
f 10170 10135 10130
f 8386 8487 8345
f 8487 8386 8486
f 8487 8550 8693
f 8487 8486 8550
f 8693 8550 8629
f 8833 8848 8693
f 8833 8873 8848
f 10170 10126 10146
f 8833 8960 8873
f 9041 9066 8960
f 10164 10126 10170
f 9066 9041 9072
f 9072 9107 9066
f 9163 9107 9157
f 9107 9072 9157
f 9163 9157 9265
f 9265 9157 9251
f 9265 9251 9293
f 10182 10134 10164
f 9298 9293 9251
f 9293 9298 9389
f 9469 9298 9432
f 10182 10206 10134
f 9481 9469 9432
f 9481 9483 9469
f 9540 9531 9483
f 9540 9536 9531
f 10134 10169 10106
f 10206 10169 10134
f 9551 9536 9540
f 9595 9551 9540
f 9595 9640 9597
f 9605 9597 9640
f 10139 9997 10094
f 9640 9681 9642
f 10094 9997 9989
f 9689 9642 9681
f 9989 9997 9944
f 10139 10102 9997
f 9751 9689 9681
f 9751 9681 9777
f 9811 9751 9881
f 9751 9777 9881
f 10102 9944 9997
f 9888 9811 9881
f 9972 9888 9944
f 9888 9881 9944
f 10102 9972 9944
f 8439 8590 8546
f 8590 8650 8546
f 8439 8475 8590
f 8650 8801 8734
f 8235 8314 8439
f 8475 8439 8314
f 8801 8868 8734
f 8801 8900 8868
f 8900 8968 8923
f 8204 8314 8235
f 9036 9058 9114
f 9058 9196 9114
f 9344 9196 9199
f 9344 9199 9345
f 9344 9345 9396
f 9396 9423 9344
f 8204 8235 8203
f 9423 9396 9494
f 9599 9635 9494
f 9635 9599 9713
f 9713 9599 9679
f 9713 9679 9745
f 8224 8228 8203
f 9766 9762 9808
f 9766 9745 9762
f 8224 8203 8169
f 9821 9808 9856
f 8164 8224 8169
f 9871 9856 9907
f 8137 8164 8169
f 9880 9913 9907
f 9913 9880 9962
f 9963 9962 9970
f 8137 8150 8164
f 8150 8237 8164
f 8164 8237 8239
f 10018 9970 10002
f 10018 10010 9970
f 10010 10018 10033
f 8149 8369 8150
f 10059 10050 10033
f 10059 10058 10050
f 8149 8253 8452
f 10086 10058 10059
f 10059 10074 10086
f 8452 8311 8456
f 8253 8311 8452
f 10115 10086 10074
f 10115 10119 10086
f 8456 8311 8411
f 8456 8487 8545
f 8487 8694 8545
f 10115 10130 10119
f 8456 8411 8487
f 8694 8487 8693
f 8694 8693 8761
f 8693 8820 8761
f 8693 8848 8820
f 8848 8873 8956
f 8873 9046 8956
f 9046 8873 8960
f 8960 9066 9046
f 9066 9107 9113
f 9107 9161 9113
f 10170 10182 10164
f 9161 9107 9163
f 9163 9265 9161
f 10206 10182 10207
f 9483 9531 9469
f 9536 9538 9531
f 10212 10220 10206
f 10220 10169 10206
f 9595 9597 9551
f 10208 10181 10169
f 10220 10208 10169
f 10208 10094 10181
f 9640 9642 9605
f 10208 10180 10094
f 10180 10139 10094
f 10139 10180 10102
f 9751 9811 9689
f 9811 9691 9689
f 9916 9888 9972
f 10005 9916 9972
f 10102 10005 9972
f 8711 8475 8469
f 8711 8590 8475
f 8711 8650 8590
f 8650 8711 8801
f 8286 8469 8475
f 8801 8908 8900
f 8314 8286 8475
f 8900 8908 8968
f 8908 9036 8968
f 8222 8286 8314
f 8222 8314 8204
f 8918 9058 9036
f 9196 9058 9199
f 8167 8222 8204
f 8167 8204 8203
f 8160 8167 8203
f 9534 9599 9494
f 9534 9592 9599
f 9599 9648 9679
f 8224 8252 8228
f 8224 8300 8252
f 8224 8164 8300
f 9856 9830 9907
f 9830 9880 9907
f 8164 8422 8300
f 9962 9880 9941
f 8164 8239 8422
f 9941 10016 9962
f 9970 9962 10016
f 8239 8237 8317
f 8237 8440 8317
f 10002 9970 10016
f 8237 8150 8440
f 10002 10043 10018
f 8150 8369 8440
f 8440 8369 8415
f 10033 10018 10043
f 10059 10033 10043
f 10043 10105 10059
f 8149 8452 8369
f 8369 8452 8415
f 8415 8452 8568
f 10105 10074 10059
f 8456 8568 8452
f 8568 8456 8545
f 8568 8545 8695
f 8695 8694 8764
f 8695 8545 8694
f 8694 8761 8764
f 8764 8761 8921
f 10136 10166 10115
f 8820 8921 8761
f 8820 8947 8921
f 10130 10115 10166
f 8947 8820 8848
f 8947 8848 8956
f 8956 9004 8947
f 8956 9042 9004
f 8956 9046 9042
f 9042 9046 9113
f 10170 10130 10166
f 9046 9066 9113
f 9162 9113 9161
f 9162 9161 9352
f 10182 10170 10183
f 10205 10182 10183
f 9265 9352 9161
f 9352 9265 9471
f 9293 9471 9265
f 9293 9389 9471
f 10205 10207 10182
f 9298 9469 9658
f 9469 9531 9658
f 10207 10212 10206
f 9536 9594 9538
f 9538 9594 9603
f 9551 9594 9536
f 9597 9594 9551
f 9597 9609 9594
f 9605 9609 9597
f 9642 9609 9605
f 9642 9657 9609
f 10220 10244 10208
f 10244 10180 10208
f 9689 9657 9642
f 9689 9691 9657
f 10244 10174 10180
f 9691 9811 9848
f 9863 9848 9811
f 9863 9811 9888
f 9916 9863 9888
f 10102 10180 10034
f 10174 10034 10180
f 9975 9916 10005
f 10005 10034 9975
f 10005 10102 10034
f 8540 8701 8711
f 8701 8802 8711
f 8247 8462 8469
f 8540 8469 8462
f 8540 8711 8469
f 8801 8711 8802
f 8469 8286 8247
f 8178 8247 8286
f 8908 8918 9036
f 8178 8286 8222
f 8048 8178 8222
f 8222 8078 8048
f 9058 9063 9199
f 9063 9248 9199
f 8222 8145 8078
f 8222 8167 8145
f 9248 9345 9199
f 9345 9397 9396
f 9345 9248 9397
f 9248 9289 9397
f 9396 9397 9442
f 9396 9442 9494
f 9494 9442 9534
f 9534 9558 9592
f 8160 8203 8228
f 9599 9592 9648
f 8242 8228 8252
f 9679 9648 9745
f 9648 9762 9745
f 9808 9762 9813
f 9808 9830 9856
f 9880 9830 9915
f 8300 8422 8337
f 8239 8440 8422
f 8422 8440 8557
f 10016 9941 10020
f 8317 8440 8239
f 10057 10002 10016
f 10002 10077 10043
f 8572 8653 8415
f 10077 10105 10043
f 8568 8572 8415
f 8572 8568 8765
f 10074 10105 10114
f 10114 10218 10074
f 8765 8568 8695
f 8695 8764 8765
f 8765 8764 8921
f 10218 10163 10074
f 10163 10115 10074
f 10136 10115 10163
f 8995 8921 8947
f 8995 8947 9004
f 8995 9004 9094
f 10166 10136 10163
f 9004 9042 9094
f 9117 9094 9158
f 9094 9042 9113
f 9113 9158 9094
f 9113 9162 9158
f 10211 10170 10166
f 9158 9162 9270
f 10183 10170 10211
f 9352 9270 9162
f 9270 9403 9370
f 9270 9352 9403
f 10204 10183 10211
f 9403 9352 9472
f 10204 10205 10183
f 9352 9471 9472
f 9472 9471 9523
f 9471 9389 9561
f 9389 9298 9561
f 9298 9590 9561
f 10239 10207 10205
f 9658 9590 9298
f 10212 10207 10239
f 10239 10250 10212
f 9531 9538 9658
f 10250 10275 10212
f 10275 10220 10212
f 9609 9657 9739
f 10275 10244 10220
f 9657 9691 9739
f 10187 10132 10174
f 9863 9916 9983
f 10034 10132 10054
f 10174 10132 10034
f 9975 9983 9916
f 10054 9983 10034
f 9983 9975 10034
f 6793 6884 6863
f 6793 6826 6884
f 6884 7004 6863
f 7049 6863 7004
f 6863 6842 6793
f 6842 6780 6793
f 7049 7244 6863
f 6842 6863 7375
f 6863 7244 7375
f 7017 6828 6842
f 7188 6842 7375
f 7188 7017 6842
f 7393 7375 7244
f 7393 7436 7375
f 7436 7356 7375
f 8464 8553 8462
f 8553 8540 8462
f 8553 8705 8540
f 8208 8370 8302
f 8370 8464 8302
f 8302 8464 8462
f 8701 8540 8705
f 8701 8705 8802
f 8302 8176 8208
f 8176 8302 8247
f 8247 8302 8462
f 8802 8924 8801
f 8121 8176 8247
f 8801 8924 8908
f 8247 8178 8121
f 8924 8918 8908
f 8041 8121 8178
f 8178 8048 8041
f 8918 9063 9058
f 8048 8078 7924
f 9063 9141 9248
f 9248 9141 9201
f 8078 7855 7924
f 9248 9201 9289
f 8073 7855 8078
f 8078 8145 8073
f 9335 9397 9289
f 8145 8071 8073
f 8145 8167 8071
f 8167 8160 8071
f 9397 9335 9442
f 8160 8138 8071
f 9442 9490 9534
f 8163 8138 8160
f 8238 8160 8228
f 8238 8163 8160
f 9558 9648 9592
f 8242 8238 8228
f 9648 9692 9762
f 9762 9692 9813
f 8300 8242 8252
f 9808 9813 9830
f 9813 9915 9830
f 8337 8375 8300
f 8337 8422 8375
f 9941 9880 9915
f 9915 10020 9941
f 10020 10069 10016
f 10057 10016 10069
f 8415 8557 8440
f 8557 8415 8653
f 8653 8628 8557
f 10057 10077 10002
f 8653 8760 8628
f 10105 10077 10113
f 8653 8765 8760
f 8653 8572 8765
f 8760 8765 8906
f 8921 8906 8765
f 8921 8934 8906
f 8921 8995 8934
f 8995 9071 8934
f 9071 8995 9094
f 9094 9118 9071
f 9094 9117 9118
f 10163 10245 10166
f 9117 9158 9323
f 10245 10211 10166
f 9158 9270 9323
f 9270 9370 9323
f 9323 9370 9506
f 9370 9403 9472
f 9472 9523 9507
f 10204 10211 10243
f 10243 10282 10204
f 9471 9561 9523
f 10282 10250 10204
f 10250 10205 10204
f 10250 10239 10205
f 9658 9538 9693
f 9693 9603 9749
f 9538 9603 9693
f 9603 9594 9749
f 9594 9690 9749
f 10280 10276 10275
f 9594 9730 9690
f 10276 10266 10275
f 9609 9730 9594
f 9609 9739 9730
f 10266 10244 10275
f 9691 9798 9739
f 10247 10244 10266
f 10247 10174 10244
f 9848 9798 9691
f 10247 10187 10174
f 9798 9876 9943
f 9798 9848 9876
f 9876 9983 9984
f 9863 9876 9848
f 9876 9863 9983
f 10030 9984 10054
f 9984 9983 10054
f 6740 6752 6785
f 6752 6890 6785
f 6890 6884 6785
f 6785 6778 6740
f 6778 6785 6826
f 6826 6785 6884
f 6884 6890 6945
f 6884 6945 7004
f 6778 6793 6740
f 6793 6737 6740
f 6793 6778 6826
f 7004 7119 7049
f 6793 6780 6737
f 7049 7119 7197
f 6780 6828 6737
f 6842 6828 6780
f 7049 7197 7244
f 7443 7244 7197
f 6777 6737 6828
f 7244 7443 7272
f 6828 6779 6777
f 7244 7272 7393
f 7272 7698 7393
f 6882 6779 6828
f 6882 6802 6779
f 6882 6828 7017
f 7436 7393 7435
f 7698 7435 7393
f 7188 6971 7017
f 7435 7596 7587
f 6971 6882 7017
f 6971 6832 6882
f 6832 6802 6882
f 7436 7435 7587
f 7596 7777 7587
f 6938 6832 6971
f 6938 6971 7188
f 7356 7188 7375
f 7436 7587 7449
f 6961 6938 7188
f 7356 7436 7449
f 7449 7587 7606
f 7228 6961 7188
f 7228 7188 7356
f 7372 7356 7449
f 7535 7449 7606
f 7780 7845 7587
f 7845 7606 7587
f 7228 7356 7372
f 7372 7449 7535
f 7535 7606 7611
f 7611 7606 7845
f 7374 7228 7372
f 7611 7845 7863
f 7374 7535 7611
f 7374 7372 7535
f 7521 7374 7611
f 7611 7863 7768
f 7682 7521 7611
f 7682 7611 7768
f 8195 8268 8370
f 8370 8268 8427
f 8427 8605 8553
f 7977 8195 8208
f 8208 8195 8370
f 8370 8427 8464
f 8464 8427 8553
f 8553 8605 8705
f 8605 8802 8705
f 8208 7956 7977
f 8924 8802 8821
f 7888 8208 8121
f 7888 7956 8208
f 8121 8208 8176
f 8041 7888 8121
f 8918 9022 9063
f 7957 8041 8048
f 9022 9069 9063
f 7957 8048 7924
f 7855 8073 8036
f 9201 9239 9289
f 9289 9239 9335
f 8073 8071 8036
f 9335 9436 9442
f 9442 9436 9441
f 9441 9490 9442
f 8094 8071 8138
f 8163 8151 8138
f 9534 9490 9558
f 9692 9840 9813
f 8298 8242 8300
f 8300 8375 8298
f 9813 9890 9915
f 8554 8422 8557
f 8493 8422 8554
f 8375 8422 8493
f 9890 10020 9915
f 8554 8557 8628
f 8628 8776 8853
f 8760 8776 8628
f 8776 8881 8853
f 8776 8760 8906
f 8906 8881 8776
f 8906 8934 8881
f 8934 9047 8881
f 10321 10114 10105
f 10218 10114 10321
f 9047 8934 9071
f 9071 9079 9047
f 9071 9118 9079
f 9079 9118 9233
f 10219 10163 10218
f 9118 9234 9233
f 9118 9117 9234
f 9234 9261 9233
f 9234 9323 9261
f 9261 9323 9402
f 10245 10163 10219
f 9323 9234 9117
f 9323 9484 9402
f 9323 9506 9484
f 10259 10211 10245
f 9370 9584 9506
f 10211 10259 10285
f 9472 9584 9370
f 9584 9472 9507
f 10243 10211 10285
f 10285 10282 10243
f 9507 9523 9634
f 9523 9604 9634
f 9561 9604 9523
f 9561 9631 9604
f 9561 9590 9631
f 9590 9658 9631
f 10282 10280 10250
f 10280 10275 10250
f 9693 9749 9867
f 10303 10276 10280
f 10303 10266 10276
f 10303 10277 10266
f 9730 9847 10014
f 9730 9739 9847
f 10277 10247 10266
f 9739 9798 9847
f 9847 9798 9943
f 10247 10253 10187
f 9943 9876 9984
f 10030 9943 9984
f 10253 10186 10187
f 10186 10030 10132
f 10030 10054 10132
f 10186 10132 10187
f 6776 6811 6752
f 6811 6890 6752
f 6776 6752 6740
f 6945 6890 7086
f 7086 7119 6945
f 7119 7004 6945
f 7197 7119 7443
f 6737 6777 6741
f 7491 7272 7443
f 7491 7698 7272
f 6777 6779 6741
f 6779 6731 6741
f 6779 6802 6731
f 7435 7698 7596
f 6832 6783 6802
f 7596 7867 7777
f 6961 6824 6832
f 6824 6783 6832
f 6961 6832 6938
f 7587 7777 7780
f 7867 7780 7777
f 6835 6824 6961
f 7780 8095 7845
f 6961 7044 6835
f 7044 6961 7228
f 8095 7939 7845
f 7374 7044 7228
f 7863 7845 7939
f 8095 8186 7939
f 7044 6974 6892
f 7942 7863 7939
f 7939 8185 7942
f 7939 8186 8185
f 7104 6974 7044
f 7287 7044 7374
f 7287 7374 7521
f 7768 7863 7942
f 7287 7104 7044
f 8020 7942 8185
f 7297 7287 7521
f 7875 7768 7942
f 7875 7942 8020
f 8020 8185 8258
f 8185 8262 8258
f 7360 7521 7682
f 7360 7297 7521
f 7682 7768 7786
f 7786 7768 7875
f 8002 8020 8258
f 8262 8335 8258
f 8335 8193 8258
f 7360 7682 7441
f 7441 7682 7786
f 7786 7875 7943
f 7943 8020 8002
f 7943 7875 8020
f 8002 8258 8193
f 8193 8335 8268
f 8335 8427 8268
f 8335 8418 8427
f 8002 8193 8195
f 8195 8193 8268
f 8418 8560 8427
f 7788 7786 7943
f 7788 7943 8002
f 7788 8002 8195
f 8427 8560 8605
f 7601 7537 7441
f 7601 7441 7786
f 7601 7786 7788
f 7788 8195 7977
f 7601 7788 7525
f 7525 7788 7977
f 8802 8605 8683
f 7601 7525 7537
f 8683 8821 8802
f 7714 7977 7956
f 7714 7525 7977
f 7888 7714 7956
f 7888 7622 7714
f 7622 7888 7763
f 7763 7888 8041
f 8918 8992 9022
f 7763 8041 7957
f 7763 7957 7546
f 7924 7654 7957
f 9069 9141 9063
f 7924 7855 7654
f 7855 7785 7654
f 9141 9145 9201
f 9201 9145 9239
f 8036 7785 7855
f 7934 7785 8036
f 9239 9291 9335
f 8036 7981 7934
f 9335 9291 9340
f 8071 7981 8036
f 9335 9340 9436
f 8071 8094 7981
f 9441 9436 9490
f 8123 8055 8094
f 8094 8138 8123
f 8151 8123 8138
f 9490 9547 9558
f 9547 9692 9558
f 8229 8151 8163
f 8163 8238 8229
f 9558 9692 9648
f 8242 8298 8238
f 8298 8229 8238
f 8375 8419 8298
f 9840 9890 9813
f 8493 8554 8645
f 10092 10020 9890
f 8645 8554 8715
f 10069 10020 10092
f 8628 8715 8554
f 8715 8628 8853
f 8715 8853 8851
f 8853 8957 8851
f 10057 10069 10117
f 10117 10077 10057
f 8957 8853 8881
f 8957 8881 9003
f 9003 8881 9047
f 9047 9137 9003
f 9047 9159 9137
f 9047 9079 9159
f 9159 9079 9233
f 9378 9233 9261
f 10218 10302 10219
f 9378 9261 9500
f 10219 10302 10245
f 9261 9402 9500
f 9402 9484 9500
f 10301 10259 10245
f 10259 10301 10306
f 9506 9527 9484
f 9506 9584 9527
f 10306 10285 10259
f 9584 9507 9634
f 10306 10282 10285
f 9634 9604 9664
f 9604 9631 9664
f 10306 10347 10282
f 9631 9805 9664
f 9805 9758 9664
f 10282 10347 10333
f 9631 9658 9805
f 9658 9854 9805
f 9658 9693 9854
f 9693 9867 9854
f 10282 10333 10326
f 10303 10280 10282
f 10303 10282 10326
f 9690 9867 9749
f 9730 10014 9690
f 9847 10013 10014
f 10326 10361 10303
f 10361 10277 10303
f 10253 10277 10283
f 10361 10283 10277
f 9847 9990 10013
f 9847 9943 9990
f 10013 9990 10053
f 10277 10253 10247
f 9990 10030 10053
f 9990 9943 10030
f 10030 10151 10053
f 10151 10030 10186
f 10217 10151 10186
f 10217 10186 10253
f 6811 6776 6732
f 6967 7086 6890
f 6732 6776 6740
f 6741 6732 6740
f 6741 6740 6737
f 7443 7119 7577
f 7549 7491 7443
f 7797 7698 7491
f 6802 6742 6731
f 7797 7819 7698
f 7819 7596 7698
f 6802 6783 6742
f 7867 7596 7819
f 6783 6824 6792
f 8095 7780 8004
f 6824 6835 6792
f 8159 8095 8004
f 6836 6792 6835
f 6835 6892 6836
f 6892 6846 6836
f 7044 6892 6835
f 8159 8264 8095
f 8264 8186 8095
f 6892 6974 6846
f 8264 8328 8186
f 7030 6912 6974
f 6912 6846 6974
f 7104 7030 6974
f 8186 8328 8185
f 8185 8328 8262
f 8355 8262 8328
f 6965 6912 7030
f 8355 8485 8262
f 7104 7287 7297
f 8262 8418 8335
f 8262 8485 8418
f 7030 6998 6965
f 6998 7030 7104
f 8485 8536 8418
f 7118 6998 7104
f 7118 7297 7360
f 7118 7104 7297
f 8536 8560 8418
f 7118 7058 6998
f 7227 7118 7360
f 7227 7124 7118
f 7124 7058 7118
f 7227 7360 7441
f 8605 8560 8680
f 8683 8605 8680
f 7217 7124 7227
f 7295 7227 7441
f 7295 7217 7227
f 7295 7441 7537
f 7265 7217 7295
f 7295 7537 7525
f 7382 7295 7525
f 7382 7525 7714
f 8821 8915 8924
f 7622 7382 7714
f 8918 8924 8915
f 7458 7382 7622
f 7458 7622 7763
f 8992 9035 9022
f 7763 7472 7458
f 7763 7546 7472
f 7957 7654 7546
f 9069 9101 9141
f 9101 9110 9141
f 9145 9141 9110
f 7785 7694 7654
f 7694 7582 7654
f 9145 9153 9239
f 9153 9240 9239
f 7934 7694 7785
f 9239 9240 9291
f 8094 8055 7981
f 9436 9459 9490
f 8055 8123 8068
f 9490 9459 9547
f 8229 8298 8419
f 8419 8375 8505
f 9914 9890 9840
f 8493 8505 8375
f 8505 8493 8645
f 10019 9890 9914
f 10092 9890 10019
f 8713 8645 8715
f 8713 8851 8872
f 8713 8715 8851
f 8851 8957 8872
f 10069 10092 10117
f 9003 9019 8957
f 9019 9137 9077
f 9019 9003 9137
f 9137 9130 9077
f 9137 9231 9130
f 9231 9137 9159
f 10113 10338 10105
f 9231 9159 9277
f 10338 10321 10105
f 9233 9277 9159
f 9277 9233 9378
f 9378 9358 9277
f 9378 9420 9358
f 9378 9474 9420
f 9420 9474 9501
f 9500 9474 9378
f 10302 10339 10245
f 10339 10301 10245
f 9474 9500 9649
f 10339 10360 10301
f 9484 9649 9500
f 10301 10360 10315
f 9484 9527 9649
f 9649 9527 9742
f 10301 10315 10306
f 9584 9742 9527
f 9742 9584 9710
f 10315 10350 10306
f 9584 9634 9710
f 9634 9804 9710
f 10306 10350 10387
f 9804 9634 9869
f 10403 10306 10387
f 9634 9664 9869
f 9664 9758 9869
f 10347 10306 10403
f 10403 10406 10347
f 10406 10333 10347
f 10406 10370 10333
f 10370 10326 10333
f 9867 10014 10035
f 9867 9690 10014
f 10035 10014 10075
f 10370 10361 10326
f 10013 10053 10014
f 10053 10151 10159
f 10151 10229 10159
f 10253 10283 10229
f 10229 10151 10217
f 10229 10217 10253
f 6799 6811 6784
f 6799 6871 6811
f 6871 6890 6811
f 6871 6967 6890
f 6732 6686 6784
f 6732 6784 6811
f 6967 7130 7086
f 7086 7130 7119
f 6732 6689 6686
f 6741 6689 6732
f 6689 6741 6694
f 7549 7443 7577
f 6739 6731 6742
f 6783 6751 6742
f 6751 6739 6742
f 7867 7819 7995
f 6788 6783 6792
f 6788 6751 6783
f 7995 8004 7867
f 8004 7780 7867
f 8004 8100 8159
f 6836 6788 6792
f 8264 8159 8231
f 6849 6836 6846
f 6846 6912 6849
f 6915 6849 6912
f 6912 6965 6939
f 8485 8355 8424
f 6998 6996 6965
f 8536 8611 8560
f 7058 6996 6998
f 8680 8560 8611
f 7058 7124 7080
f 7135 7080 7124
f 7124 7217 7135
f 7217 7238 7135
f 8683 8812 8821
f 7217 7265 7238
f 8863 8821 8812
f 7265 7249 7238
f 7265 7382 7249
f 7295 7382 7265
f 8821 8884 8915
f 7302 7249 7382
f 7382 7458 7302
f 7458 7325 7302
f 8918 8986 8992
f 8915 8986 8918
f 7389 7325 7458
f 7458 7472 7389
f 7472 7475 7389
f 7546 7475 7472
f 9022 9035 9069
f 9035 9101 9069
f 7546 7497 7475
f 7582 7546 7654
f 7582 7522 7546
f 7522 7497 7546
f 9145 9110 9153
f 7694 7633 7582
f 7694 7934 7633
f 7761 7633 7934
f 7981 7761 7934
f 9337 9291 9240
f 7981 7926 7761
f 7926 7981 7904
f 9340 9459 9436
f 7981 8055 7904
f 7990 7904 8055
f 8055 8068 7990
f 8229 8123 8151
f 9547 9686 9692
f 8383 8123 8229
f 8419 8383 8229
f 9796 9840 9692
f 8645 8576 8505
f 8576 8645 8713
f 8576 8713 8796
f 8817 8796 8872
f 9840 10019 9914
f 8796 8713 8872
f 8817 8872 9009
f 10162 10092 10019
f 8872 8957 9009
f 9009 8957 9019
f 9009 9019 9077
f 9124 9077 9130
f 10117 10255 10077
f 9124 9130 9231
f 9231 9427 9272
f 10322 10113 10077
f 9427 9231 9277
f 9427 9277 9358
f 10338 10113 10322
f 9358 9420 9579
f 10321 10340 10218
f 9420 9501 9579
f 10340 10302 10218
f 9474 9807 9501
f 10372 10339 10302
f 9807 9474 9702
f 9474 9649 9702
f 9649 9806 9702
f 10381 10393 10360
f 10393 10315 10360
f 9649 9742 9806
f 10315 10393 10401
f 9853 9742 9804
f 10350 10315 10401
f 9710 9804 9742
f 10401 10400 10350
f 10400 10387 10350
f 10400 10403 10387
f 10400 10494 10403
f 9758 9902 9869
f 9902 9758 9971
f 9805 9971 9758
f 9805 9956 9971
f 9805 9854 9956
f 9956 9854 10121
f 9854 10062 10121
f 9854 10035 10062
f 9854 9867 10035
f 10370 10406 10490
f 10490 10462 10370
f 10014 10103 10075
f 10014 10053 10103
f 10103 10159 10201
f 10462 10430 10370
f 10159 10103 10053
f 10361 10370 10430
f 10231 10159 10229
f 10231 10229 10258
f 10258 10229 10293
f 10283 10336 10293
f 10283 10361 10336
f 10430 10411 10361
f 10293 10229 10283
f 10388 10336 10361
f 10411 10388 10361
f 6782 6871 6799
f 6691 6714 6784
f 6799 6784 6714
f 6967 6985 6981
f 6967 6871 6985
f 6784 6686 6691
f 6967 6981 7130
f 6647 6691 6686
f 6647 6686 6689
f 7602 7549 7577
f 7491 7549 7602
f 6733 6741 6731
f 7834 7819 7797
f 6739 6733 6731
f 6739 6750 6733
f 7995 7819 7958
f 6751 6750 6739
f 6751 6787 6750
f 6788 6787 6751
f 8004 7995 8008
f 8008 8083 8004
f 8100 8004 8083
f 8100 8231 8159
f 6836 6851 6788
f 6836 6840 6851
f 8264 8231 8245
f 6849 6840 6836
f 6849 6895 6840
f 8264 8332 8328
f 6849 6880 6895
f 8355 8328 8332
f 8332 8424 8355
f 6915 6880 6849
f 6939 6915 6912
f 6986 6939 6965
f 6996 6986 6965
f 6996 7033 6986
f 7058 7033 6996
f 8674 8680 8611
f 7084 7058 7080
f 7084 7033 7058
f 7080 7101 7084
f 7135 7101 7080
f 7165 7135 7238
f 7165 7101 7135
f 7220 7165 7238
f 7220 7238 7249
f 7247 7220 7249
f 7321 7247 7249
f 7302 7321 7249
f 7389 7339 7325
f 8986 9035 8992
f 9056 9101 9035
f 9101 9056 9074
f 9101 9074 9110
f 9110 9106 9153
f 9106 9167 9153
f 7633 7522 7582
f 7633 7761 7747
f 7761 7926 7829
f 7926 7904 7829
f 9291 9337 9340
f 9340 9337 9459
f 7990 7960 7904
f 8066 7990 8068
f 8068 8206 8066
f 8068 8123 8206
f 9459 9583 9547
f 8206 8123 8365
f 9686 9547 9671
f 8383 8365 8123
f 8365 8383 8438
f 9686 9796 9692
f 8438 8383 8419
f 8505 8438 8419
f 8570 8438 8505
f 8570 8505 8730
f 8576 8730 8505
f 8730 8576 8796
f 8796 8817 8730
f 10019 9840 10118
f 8885 8817 9009
f 10118 10162 10019
f 10162 10200 10092
f 9077 9039 9009
f 9039 9077 9090
f 9077 9124 9090
f 9090 9124 9237
f 9124 9232 9237
f 9232 9222 9237
f 10200 10255 10092
f 10255 10117 10092
f 9222 9232 9324
f 9231 9232 9124
f 9232 9231 9272
f 9232 9272 9324
f 9365 9324 9419
f 10255 10337 10077
f 9427 9324 9272
f 9324 9427 9419
f 9427 9509 9419
f 10337 10322 10077
f 9427 9579 9509
f 9427 9358 9579
f 9579 9615 9509
f 9579 9744 9615
f 9807 9579 9501
f 9579 9807 9744
f 10372 10302 10340
f 10339 10381 10360
f 10339 10434 10381
f 10434 10420 10381
f 10420 10393 10381
f 10393 10420 10401
f 9742 9853 9806
f 9804 9908 9853
f 10401 10452 10400
f 10452 10470 10400
f 9869 9908 9804
f 9908 9869 9920
f 9869 9902 9920
f 9902 10021 9920
f 10470 10514 10400
f 10514 10494 10400
f 9902 9971 10021
f 9956 10121 9971
f 10494 10406 10403
f 10476 10406 10494
f 10494 10551 10476
f 10062 10107 10121
f 10476 10551 10497
f 10062 10035 10107
f 10406 10476 10490
f 10490 10476 10497
f 10075 10107 10035
f 10462 10490 10501
f 10497 10501 10490
f 10075 10103 10107
f 10103 10201 10107
f 10201 10194 10107
f 10462 10501 10559
f 10501 10604 10559
f 10201 10159 10258
f 10462 10559 10506
f 10231 10258 10159
f 10430 10462 10506
f 10559 10565 10506
f 10355 10258 10293
f 10355 10293 10336
f 10411 10506 10509
f 10411 10430 10506
f 10509 10506 10565
f 10388 10416 10336
f 10416 10355 10336
f 10388 10409 10416
f 10411 10409 10388
f 10409 10509 10484
f 10409 10411 10509
f 10509 10565 10532
f 10482 10416 10409
f 10482 10409 10484
f 10484 10509 10532
f 10516 10482 10484
f 10516 10484 10532
f 6714 6782 6799
f 6878 6871 6782
f 6871 6878 6985
f 6691 6684 6714
f 7130 6981 6985
f 6647 6684 6691
f 7577 7119 7130
f 6681 6689 6694
f 7491 7602 7797
f 7797 7824 7834
f 7824 7868 7834
f 7819 7834 7868
f 7868 7913 7819
f 6750 6748 6733
f 6750 6787 6748
f 7958 7819 7913
f 7958 8008 7995
f 6788 6829 6787
f 6788 6851 6829
f 8100 8083 8129
f 8129 8161 8100
f 8231 8100 8161
f 8245 8332 8264
f 6915 6994 6880
f 6939 6994 6915
f 8424 8516 8485
f 8463 8516 8424
f 6986 6994 6939
f 6986 7108 6994
f 8516 8535 8485
f 6986 7278 7108
f 8536 8485 8535
f 6986 7033 7278
f 7033 7084 7326
f 8725 8812 8683
f 7165 7220 7257
f 8837 8863 8812
f 8821 8863 8884
f 8863 8888 8884
f 7220 7247 7257
f 7325 7321 7302
f 7325 7339 7321
f 8967 8986 8915
f 7389 7405 7339
f 7405 7389 7475
f 8986 9033 9035
f 7490 7405 7475
f 9056 9035 9033
f 7497 7490 7475
f 7497 7522 7495
f 9074 9106 9110
f 9142 9167 9106
f 7633 7592 7522
f 7592 7495 7522
f 7590 7592 7633
f 9153 9167 9240
f 7747 7590 7633
f 9240 9167 9337
f 7829 7747 7761
f 7960 7882 7904
f 7990 8066 7960
f 9583 9459 9574
f 9583 9671 9547
f 9850 9686 9671
f 8437 8365 8438
f 8579 8437 8438
f 8579 8438 8667
f 9961 9686 9850
f 9796 9686 9961
f 8570 8667 8438
f 8667 8570 8730
f 8730 8817 8667
f 8856 8817 8885
f 8885 8919 8856
f 10006 9840 9796
f 10118 9840 10006
f 8919 8885 9009
f 8919 9090 9018
f 9039 8919 9009
f 9090 8919 9039
f 9237 9222 9303
f 9303 9222 9324
f 9324 9365 9303
f 10273 10255 10200
f 9365 9419 9529
f 9509 9529 9419
f 9529 9509 9628
f 9615 9628 9509
f 9628 9615 9736
f 9736 9615 9761
f 9615 9744 9761
f 10321 10338 10340
f 10405 10340 10338
f 10340 10435 10372
f 9807 9838 9744
f 10437 10339 10372
f 10434 10339 10437
f 9702 9838 9807
f 10420 10434 10464
f 10420 10464 10401
f 10488 10401 10464
f 10488 10452 10401
f 10452 10488 10470
f 10500 10514 10470
f 10021 10453 9920
f 9971 10422 10021
f 10514 10563 10494
f 9971 10121 10422
f 10494 10563 10584
f 10551 10494 10584
f 10121 10107 10233
f 10107 10274 10233
f 10497 10551 10694
f 10107 10194 10274
f 10694 10501 10497
f 10501 10694 10632
f 10194 10201 10274
f 10201 10295 10274
f 10295 10290 10274
f 10501 10632 10604
f 10258 10295 10201
f 10295 10353 10290
f 10295 10258 10353
f 10559 10604 10608
f 10353 10258 10355
f 10353 10355 10447
f 10565 10559 10608
f 10608 10689 10565
f 10416 10447 10355
f 10635 10565 10689
f 10454 10416 10482
f 10454 10447 10416
f 10532 10565 10635
f 10635 10689 10704
f 10689 10743 10704
f 10482 10516 10454
f 10532 10635 10611
f 10611 10635 10704
f 10550 10454 10516
f 10516 10532 10592
f 10592 10532 10611
f 10704 10643 10611
f 10550 10516 10592
f 10592 10643 10671
f 10592 10611 10643
f 10616 10550 10592
f 10616 10592 10671
f 10704 10671 10643
f 10724 10616 10671
f 6631 6725 6714
f 6725 6801 6714
f 6782 6714 6801
f 6801 6878 6782
f 6985 6878 7194
f 6684 6631 6714
f 6684 6593 6631
f 6684 6647 6593
f 6681 6647 6689
f 6681 6649 6647
f 7577 7527 7635
f 7602 7577 7635
f 6726 6681 6694
f 7797 7602 7756
f 6726 6694 6741
f 7797 7756 7824
f 6733 6726 6741
f 6733 6747 6726
f 6748 6747 6733
f 6748 6787 6797
f 7913 8008 7958
f 6787 6829 6797
f 8051 8129 8008
f 8008 8129 8083
f 6851 6879 6829
f 6851 6935 6879
f 6851 6840 6935
f 6895 7102 6840
f 6895 6880 7102
f 8332 8380 8424
f 6994 7054 6880
f 6994 7108 7054
f 8516 8583 8535
f 8583 8536 8535
f 7278 7033 7326
f 8583 8611 8536
f 8674 8697 8680
f 8725 8680 8697
f 8725 8683 8680
f 7101 7165 7322
f 8812 8725 8806
f 7257 7322 7165
f 8812 8806 8837
f 7257 7343 7322
f 7247 7343 7257
f 7247 7321 7343
f 7321 7378 7343
f 8884 8888 8915
f 8888 8920 8915
f 7339 7378 7321
f 8967 8915 8920
f 7405 7378 7339
f 8967 8978 8986
f 7490 7429 7405
f 7495 7490 7497
f 9033 9074 9056
f 9098 9106 9074
f 7495 7562 7516
f 9106 9098 9142
f 7495 7592 7562
f 7590 7562 7592
f 7696 7590 7747
f 9195 9337 9167
f 7904 7882 7829
f 9459 9337 9437
f 9437 9337 9425
f 8066 8043 7960
f 8180 8066 8206
f 8043 8066 8180
f 8180 8206 8278
f 9437 9574 9459
f 9743 9583 9574
f 8278 8206 8365
f 8278 8365 8437
f 9755 9583 9743
f 9671 9583 9755
f 8696 8437 8579
f 8696 8579 8667
f 9755 9850 9671
f 8795 8696 8817
f 8696 8667 8817
f 8795 8817 8856
f 8974 8958 9018
f 8958 8856 8919
f 8958 8919 9018
f 8974 9018 9091
f 10006 9796 9961
f 9018 9090 9091
f 9091 9090 9168
f 9090 9237 9168
f 9237 9212 9168
f 10118 10006 10067
f 9212 9237 9303
f 10067 10162 10118
f 10200 10162 10223
f 9368 9303 9365
f 10278 10200 10223
f 10273 10200 10278
f 9368 9365 9475
f 10278 10316 10273
f 9529 9475 9365
f 9475 9529 9522
f 9529 9608 9522
f 10316 10255 10273
f 9529 9628 9608
f 9628 9735 9608
f 10337 10255 10316
f 9628 9736 9735
f 9735 9736 9817
f 10337 10404 10322
f 9736 9761 9817
f 9761 9851 9817
f 10405 10338 10322
f 9761 9744 9851
f 9744 9910 9851
f 10435 10340 10405
f 9838 9910 9744
f 9910 9838 10017
f 10372 10435 10437
f 10435 10471 10437
f 10434 10437 10464
f 10522 10488 10464
f 10522 10570 10488
f 10570 10564 10488
f 10564 10470 10488
f 10500 10470 10564
f 10564 10629 10500
f 10629 10514 10500
f 10453 10021 10480
f 10514 10629 10563
f 10422 10480 10021
f 10422 10121 10448
f 10641 10584 10563
f 10584 10641 10663
f 10641 10676 10663
f 10121 10233 10363
f 10551 10584 10663
f 10233 10274 10363
f 10551 10663 10694
f 10274 10356 10363
f 10356 10274 10345
f 10274 10290 10345
f 10632 10806 10604
f 10290 10353 10345
f 10345 10353 10399
f 10604 10806 10682
f 10608 10604 10682
f 10353 10447 10399
f 10608 10682 10689
f 10689 10682 10755
f 10838 10755 10682
f 10460 10447 10454
f 10689 10755 10743
f 10755 10810 10743
f 10550 10460 10454
f 10460 10550 10556
f 10810 10801 10743
f 10555 10556 10550
f 10801 10704 10743
f 10631 10555 10550
f 10550 10616 10631
f 10671 10704 10742
f 10742 10704 10779
f 10801 10779 10704
f 10658 10631 10616
f 10616 10724 10658
f 10671 10742 10724
f 10724 10742 10783
f 10783 10742 10779
f 10779 10836 10783
f 10762 10658 10724
f 10762 10724 10783
f 6725 6759 6801
f 6725 6622 6759
f 6759 6877 6801
f 6877 6942 6801
f 6587 6622 6631
f 6631 6622 6725
f 6942 6878 6801
f 6942 7194 6878
f 6593 6587 6631
f 7130 6985 7194
f 6647 6606 6593
f 7577 7130 7194
f 6606 6649 6630
f 6647 6649 6606
f 6649 6681 6648
f 6681 6685 6648
f 7756 7635 7697
f 7602 7635 7756
f 6705 6685 6681
f 6681 6726 6705
f 7756 7846 7824
f 7868 7824 7846
f 6769 6747 6748
f 6797 6769 6748
f 8008 7913 7998
f 6829 6800 6797
f 6829 6853 6800
f 8129 8051 8074
f 6879 6853 6829
f 8129 8219 8161
f 6853 6879 6966
f 6879 6935 6966
f 8161 8219 8231
f 8231 8219 8245
f 8219 8305 8245
f 6935 6840 7012
f 6840 7102 7012
f 8305 8389 8245
f 8245 8389 8332
f 8380 8332 8389
f 7102 6880 7171
f 8380 8449 8424
f 6880 7054 7171
f 8463 8424 8449
f 7171 7054 7172
f 8463 8519 8516
f 7054 7108 7172
f 8516 8519 8526
f 8526 8583 8516
f 7108 7278 7172
f 8583 8618 8611
f 8618 8674 8611
f 7084 7101 7330
f 7101 7322 7330
f 7322 7359 7330
f 7343 7359 7322
f 7378 7359 7343
f 8837 8888 8863
f 7378 7429 7428
f 7378 7405 7429
f 7490 7494 7429
f 8986 8978 9033
f 7495 7516 7490
f 9098 9074 9102
f 9142 9195 9167
f 7748 7696 7747
f 7829 7748 7747
f 7882 7748 7829
f 7960 7999 7882
f 7999 7960 8043
f 7999 8043 8180
f 9574 9437 9647
f 8291 8180 8278
f 8509 8291 8278
f 8509 8278 8437
f 9647 9743 9574
f 8601 8509 8696
f 8509 8437 8696
f 8832 8601 8696
f 8832 8696 8795
f 8832 8795 8894
f 8894 8795 8856
f 8894 8856 8958
f 8958 8974 8894
f 9104 9091 9168
f 9373 9303 9368
f 9373 9368 9473
f 9368 9475 9473
f 9475 9511 9473
f 9511 9475 9522
f 9608 9511 9522
f 9511 9608 9614
f 10278 10377 10316
f 9614 9760 9677
f 9614 9735 9760
f 9614 9608 9735
f 10316 10377 10337
f 9735 9817 9954
f 10404 10337 10377
f 10404 10465 10322
f 9851 9960 9817
f 10322 10465 10405
f 10465 10502 10405
f 9851 9910 9960
f 9910 10017 9960
f 10017 9995 9960
f 10502 10435 10405
f 10435 10502 10471
f 10017 9838 10305
f 10471 10534 10437
f 9838 9702 10417
f 10437 10534 10464
f 10554 10464 10534
f 9806 10417 9702
f 10554 10522 10464
f 9806 9853 10412
f 10522 10554 10585
f 10554 10609 10585
f 10522 10585 10570
f 9853 9908 10415
f 10570 10623 10564
f 10623 10629 10564
f 10563 10629 10641
f 10641 10717 10676
f 10121 10363 10448
f 10663 10676 10694
f 10676 10722 10694
f 10694 10760 10632
f 10694 10722 10760
f 10722 10808 10760
f 10345 10419 10356
f 10632 10760 10806
f 10399 10419 10345
f 10419 10399 10439
f 10682 10806 10838
f 10399 10447 10439
f 10447 10460 10439
f 10755 10875 10810
f 10810 10875 10914
f 10801 10810 10914
f 10801 10907 10845
f 10801 10914 10907
f 10556 10631 10622
f 10555 10631 10556
f 10779 10801 10845
f 10779 10845 10836
f 10658 10662 10631
f 10658 10762 10662
f 10836 10842 10783
f 10842 10836 10901
f 10950 10901 10836
f 10795 10662 10762
f 10950 10936 10901
f 10762 10842 10820
f 10762 10783 10842
f 10842 10901 10867
f 10901 10936 10867
f 10846 10795 10820
f 10795 10762 10820
f 10820 10842 10867
f 10936 10878 10867
f 10878 10846 10867
f 10846 10820 10867
f 6662 6679 6557
f 6555 6467 6557
f 6757 6759 6679
f 6555 6557 6622
f 6622 6557 6679
f 6622 6679 6759
f 6877 6759 6757
f 6877 7032 6942
f 6492 6467 6555
f 6492 6555 6587
f 6587 6555 6622
f 6516 6492 6587
f 7194 6942 7032
f 6516 6587 6593
f 6516 6593 6416
f 6593 6494 6416
f 6593 6528 6494
f 6528 6593 6606
f 6606 6560 6528
f 7527 7577 7194
f 6648 6606 6630
f 6648 6560 6606
f 6649 6648 6630
f 6615 6560 6648
f 6648 6685 6615
f 6685 6586 6615
f 7697 7635 7677
f 6661 6586 6685
f 6685 6705 6661
f 6726 6747 6705
f 6769 6705 6747
f 7913 7868 7922
f 6797 6800 6769
f 8051 8008 7998
f 6853 6803 6800
f 6855 6803 6853
f 8074 8157 8129
f 8219 8129 8157
f 6935 7006 6966
f 8305 8219 8244
f 7012 7006 6935
f 7006 7012 7102
f 8389 8305 8323
f 8449 8380 8389
f 8449 8470 8463
f 7172 7225 7171
f 8519 8463 8470
f 7172 7258 7225
f 8519 8537 8526
f 7172 7278 7258
f 8583 8526 8537
f 7326 7084 7403
f 7330 7403 7084
f 7330 7359 7403
f 7359 7428 7437
f 7378 7428 7359
f 8837 8887 8888
f 7494 7428 7429
f 8978 9102 9033
f 7516 7494 7490
f 9033 9102 9074
f 9103 9098 9102
f 9098 9103 9142
f 9142 9179 9195
f 9103 9179 9142
f 7696 7650 7590
f 9337 9195 9283
f 9333 9337 9283
f 7919 7748 7974
f 7882 7974 7748
f 7974 7882 7999
f 7999 8180 8236
f 8236 8180 8291
f 9639 9437 9425
f 9639 9647 9437
f 8601 8291 8509
f 8601 8832 8784
f 8823 8784 8832
f 8823 8832 8894
f 8894 8916 8823
f 8916 8894 9006
f 9006 8894 8974
f 9006 8974 9091
f 9091 9104 9006
f 9893 9850 9755
f 9961 9850 9893
f 9218 9168 9212
f 9382 9303 9373
f 10152 10162 10067
f 10242 10162 10152
f 10223 10162 10242
f 9510 9473 9511
f 10242 10262 10223
f 9510 9668 9616
f 9510 9511 9668
f 9614 9668 9511
f 9668 9614 9677
f 9677 9780 9668
f 10223 10262 10278
f 10262 10373 10278
f 9780 9677 9760
f 10278 10373 10377
f 9760 9852 9780
f 9780 9852 9933
f 9760 9735 9852
f 10373 10436 10377
f 9954 9852 9735
f 9852 9954 9933
f 9933 9954 10028
f 10377 10436 10404
f 10436 10513 10404
f 9954 9960 10028
f 9954 9817 9960
f 10465 10404 10513
f 9995 10061 9960
f 10535 10502 10465
f 10061 9995 10195
f 9995 10017 10195
f 10502 10548 10471
f 10621 10471 10548
f 10534 10471 10621
f 10621 10554 10534
f 10554 10621 10574
f 9806 10412 10417
f 10554 10574 10609
f 10655 10609 10574
f 9853 10415 10412
f 10585 10609 10570
f 10651 10570 10609
f 10570 10651 10677
f 9908 9920 10415
f 10415 9920 10453
f 10623 10570 10677
f 10623 10728 10629
f 10641 10629 10717
f 10728 10721 10629
f 10721 10717 10629
f 10721 10757 10717
f 10757 10676 10717
f 10448 10363 10457
f 10676 10757 10788
f 10757 10807 10788
f 10363 10486 10457
f 10722 10676 10788
f 10363 10356 10486
f 10486 10356 10491
f 10722 10788 10808
f 10356 10519 10491
f 10356 10419 10519
f 10760 10808 10806
f 10519 10419 10538
f 10808 10871 10806
f 10419 10483 10538
f 10419 10439 10483
f 10871 10853 10806
f 10806 10853 10838
f 10483 10439 10549
f 10853 10884 10838
f 10460 10549 10439
f 10549 10460 10561
f 10755 10838 10875
f 10838 10884 10875
f 10460 10582 10561
f 10875 10884 10964
f 10556 10582 10460
f 10914 10875 10964
f 10556 10622 10582
f 10582 10622 10615
f 10907 10983 10937
f 10907 10914 10983
f 10991 10937 10983
f 10991 11008 10937
f 10631 10650 10622
f 10845 10937 10950
f 10845 10907 10937
f 11008 10950 10937
f 10662 10650 10631
f 10662 10696 10650
f 10845 10950 10836
f 11008 11026 10950
f 10795 10696 10662
f 10936 10950 11026
f 11000 10936 11026
f 11000 10981 10936
f 10981 10938 10936
f 10938 10878 10936
f 10938 10960 10878
f 10981 10960 10938
f 10826 10795 10846
f 10826 10878 10898
f 10826 10846 10878
f 10960 10898 10878
f 6557 6610 6662
f 6557 6517 6610
f 6406 6462 6454
f 6406 6424 6462
f 6454 6462 6557
f 6557 6462 6517
f 6662 6767 6679
f 6467 6454 6557
f 6679 6767 6757
f 6767 6896 6757
f 6433 6399 6406
f 6433 6406 6454
f 6757 6896 6877
f 6433 6454 6467
f 7032 6877 6896
f 6433 6492 6399
f 6492 6433 6467
f 7153 7193 7032
f 6416 6399 6492
f 6516 6416 6492
f 7032 7193 7194
f 7527 7194 7501
f 7527 7501 7530
f 7635 7527 7530
f 7530 7629 7635
f 6560 6523 6445
f 7677 7635 7629
f 6615 6523 6560
f 6586 6523 6615
f 7677 7765 7697
f 6661 6584 6586
f 7756 7765 7814
f 7756 7697 7765
f 6682 6584 6661
f 7814 7846 7756
f 6661 6705 6682
f 7846 7922 7868
f 6705 6625 6682
f 6722 6625 6705
f 6705 6769 6722
f 7922 7998 7913
f 6803 6722 6769
f 6769 6800 6803
f 7998 8070 8051
f 8074 8051 8070
f 6803 6855 6818
f 6966 6928 6853
f 6928 6855 6853
f 6966 7006 6928
f 7087 6928 7006
f 8305 8327 8323
f 7102 7087 7006
f 8389 8323 8327
f 7088 7087 7102
f 7171 7088 7102
f 7183 7088 7171
f 8389 8393 8449
f 7225 7183 7171
f 7258 7254 7225
f 7278 7335 7258
f 8537 8519 8543
f 7326 7335 7278
f 7326 7364 7335
f 8583 8537 8543
f 7364 7326 7403
f 8583 8617 8618
f 7364 7403 7418
f 8669 8618 8617
f 8669 8674 8618
f 7359 7418 7403
f 8674 8669 8697
f 7437 7418 7359
f 7477 7437 7428
f 8866 8887 8837
f 8888 8887 8920
f 8887 8965 8920
f 8967 8920 8965
f 8967 9017 8978
f 8978 9017 9102
f 7516 7510 7494
f 7516 7562 7510
f 9148 9103 9102
f 9179 9103 9148
f 7696 7800 7650
f 9179 9283 9195
f 7748 7800 7696
f 7919 7800 7748
f 9533 9337 9333
f 9533 9425 9337
f 7919 7974 7999
f 7919 7999 8236
f 8291 8662 8236
f 8291 8601 8662
f 8740 8823 8916
f 9593 9425 9533
f 8740 8662 8784
f 8662 8601 8784
f 8823 8740 8784
f 9593 9639 9425
f 8959 8916 9006
f 9794 9743 9647
f 9095 9006 9104
f 9095 9104 9168
f 9168 9146 9095
f 9857 9743 9794
f 9755 9743 9857
f 9146 9218 9217
f 9146 9168 9218
f 9857 9893 9755
f 9217 9218 9212
f 9217 9303 9315
f 9217 9212 9303
f 9303 9382 9315
f 9961 9893 9998
f 9998 10006 9961
f 10067 10006 9998
f 9373 9452 9382
f 9452 9373 9473
f 9452 9473 9510
f 9452 9510 9616
f 9723 9616 9668
f 10242 10152 10202
f 10264 10262 10242
f 9723 9668 9843
f 9668 9780 9843
f 10264 10376 10262
f 10373 10262 10376
f 9955 9780 10055
f 10376 10467 10373
f 9780 9933 10055
f 10373 10467 10436
f 10055 9933 10076
f 9933 10028 10076
f 10028 10131 10076
f 10436 10467 10513
f 10467 10533 10513
f 10028 10061 10131
f 10028 9960 10061
f 10131 10061 10203
f 10535 10465 10513
f 10513 10569 10535
f 10061 10195 10203
f 10569 10502 10535
f 10017 10358 10195
f 10569 10659 10502
f 10017 10305 10358
f 10659 10548 10502
f 9838 10392 10305
f 10659 10621 10548
f 9838 10417 10392
f 10688 10655 10621
f 10655 10574 10621
f 10672 10609 10655
f 10609 10672 10651
f 10672 10705 10651
f 10705 10677 10651
f 10677 10728 10623
f 10677 10705 10728
f 10705 10773 10728
f 10728 10773 10721
f 10773 10791 10721
f 10721 10791 10757
f 10757 10791 10807
f 10788 10807 10808
f 10807 10928 10808
f 10483 10549 10538
f 10853 10871 10927
f 10927 10966 10853
f 10853 10966 10884
f 10958 10884 10966
f 10884 10958 10990
f 10549 10561 10590
f 10884 10990 10995
f 10884 10995 10964
f 10995 10983 10964
f 10582 10657 10561
f 10914 10964 10983
f 10615 10657 10582
f 10698 10696 10720
f 10650 10696 10698
f 11026 11055 11054
f 11000 11026 11054
f 10696 10732 10720
f 11054 10985 11000
f 10795 10823 10696
f 10823 10732 10696
f 10985 10981 11000
f 10960 10981 10985
f 10826 10823 10795
f 10883 10826 10898
f 10960 10910 10898
f 10910 10894 10898
f 10894 10883 10898
f 6409 6488 6484
f 6484 6565 6517
f 6484 6488 6565
f 6565 6610 6517
f 6565 6665 6610
f 6376 6409 6424
f 6409 6462 6424
f 6462 6484 6517
f 6462 6409 6484
f 6665 6706 6610
f 6706 6767 6610
f 6610 6767 6662
f 6706 6821 6767
f 6376 6406 6367
f 6406 6376 6424
f 6821 6909 6767
f 6909 6896 6767
f 6406 6399 6367
f 6399 6344 6367
f 6896 6909 7032
f 6909 7153 7032
f 6399 6375 6344
f 7153 7252 7193
f 6399 6416 6375
f 7252 7294 7193
f 7294 7194 7193
f 6416 6396 6375
f 7294 7501 7194
f 6494 6396 6416
f 6494 6374 6396
f 6494 6428 6374
f 6528 6428 6494
f 6560 6428 6528
f 6560 6445 6428
f 6523 6458 6445
f 6561 6458 6523
f 6584 6523 6586
f 6584 6561 6523
f 6682 6551 6584
f 6625 6551 6682
f 6722 6621 6625
f 6723 6621 6722
f 6722 6803 6723
f 6803 6818 6723
f 6818 6712 6723
f 6881 6712 6818
f 6855 6928 6881
f 6818 6855 6881
f 8219 8254 8244
f 6928 6888 6881
f 8305 8244 8254
f 6928 7087 6888
f 8310 8327 8305
f 7088 6888 7087
f 8393 8389 8327
f 7088 7183 7111
f 7225 7236 7183
f 7225 7254 7236
f 8449 8455 8470
f 8524 8519 8470
f 7335 7329 7258
f 7329 7254 7258
f 8519 8524 8543
f 7364 7329 7335
f 8583 8603 8617
f 7418 7373 7364
f 8669 8710 8697
f 8725 8697 8710
f 8806 8786 8837
f 8866 8965 8887
f 8967 8966 9017
f 8966 9050 9017
f 9102 9190 9148
f 9017 9190 9102
f 7590 7650 7562
f 7650 7559 7562
f 9283 9179 9148
f 9434 9333 9283
f 7887 7800 7919
f 9486 9333 9434
f 8090 7887 7919
f 8217 8090 8236
f 8090 7919 8236
f 8607 8217 8236
f 8607 8236 8662
f 8607 8740 8836
f 8607 8662 8740
f 9486 9533 9333
f 8909 8836 8916
f 8836 8740 8916
f 8909 8916 8959
f 9659 9639 9593
f 9048 8959 9006
f 9048 9006 9095
f 9095 9146 9048
f 9747 9639 9659
f 9647 9639 9747
f 9747 9794 9647
f 9421 9315 9382
f 9452 9421 9382
f 9421 9452 9513
f 9571 9513 9616
f 10111 10067 9998
f 10111 10152 10067
f 9616 9513 9452
f 10228 10264 10202
f 9654 9616 9723
f 10202 10264 10242
f 10286 10264 10228
f 10286 10308 10264
f 10308 10385 10264
f 9843 9780 9955
f 9955 9884 9843
f 9955 9976 9884
f 10264 10385 10376
f 10385 10433 10376
f 9955 10041 9976
f 10376 10433 10467
f 9955 10055 10041
f 10433 10468 10467
f 10055 10076 10168
f 10517 10467 10468
f 10076 10131 10168
f 10467 10517 10533
f 10131 10203 10210
f 10513 10533 10583
f 10637 10583 10533
f 10203 10230 10210
f 10513 10583 10569
f 10203 10324 10230
f 10203 10195 10324
f 10569 10583 10628
f 10569 10628 10659
f 10738 10766 10659
f 10621 10659 10688
f 10659 10766 10688
f 10655 10688 10672
f 10804 10782 10672
f 10782 10705 10672
f 10705 10782 10773
f 10813 10773 10782
f 10773 10813 10834
f 10791 10773 10834
f 10903 10791 10866
f 10448 10510 10422
f 10791 10903 10807
f 10457 10510 10448
f 10903 10922 10807
f 10457 10486 10510
f 10486 10540 10510
f 10807 10922 10928
f 10491 10540 10486
f 11001 10808 10928
f 10491 10519 10540
f 10519 10562 10540
f 10808 10927 10871
f 10808 11001 10927
f 11001 10966 10927
f 10538 10562 10519
f 10538 10549 10562
f 10549 10625 10562
f 11005 10958 10966
f 10549 10603 10625
f 10958 11005 10990
f 10590 10603 10549
f 11036 10995 10990
f 10590 10657 10673
f 10590 10561 10657
f 10995 11059 10983
f 10983 11059 11045
f 10991 10983 11045
f 10622 10767 10615
f 10991 11045 11008
f 11045 11081 11008
f 10650 10767 10622
f 10767 10650 10698
f 11088 11008 11081
f 11088 11026 11008
f 11026 11088 11055
f 11073 11055 11088
f 11073 11054 11055
f 11054 11030 10985
f 11073 11030 11054
f 10985 10989 10960
f 10989 10985 11030
f 10732 10823 10856
f 10910 10960 10989
f 10856 10823 10826
f 10883 10856 10826
f 10885 10856 10883
f 10894 10910 10885
f 10885 10883 10894
f 6554 6582 6565
f 6582 6665 6565
f 6441 6496 6488
f 6565 6488 6496
f 6488 6409 6441
f 6376 6401 6409
f 6366 6401 6376
f 6706 6781 6821
f 6781 6898 6821
f 6367 6366 6376
f 6821 6898 6909
f 6898 7153 6909
f 6367 6344 6345
f 7252 7153 7251
f 6344 6375 6353
f 7501 7294 7442
f 6396 6374 6375
f 6374 6428 6405
f 6405 6445 6429
f 6428 6445 6405
f 6445 6458 6429
f 6458 6442 6429
f 7677 7664 7729
f 7677 7629 7664
f 7729 7765 7677
f 6477 6442 6458
f 6458 6561 6477
f 7814 7893 7846
f 6584 6477 6561
f 6584 6551 6477
f 7893 7912 7846
f 7846 7912 7922
f 7979 7922 7912
f 6536 6529 6551
f 6621 6551 6625
f 6621 6536 6551
f 7922 7979 7998
f 6626 6621 6723
f 6712 6626 6723
f 6712 6666 6626
f 8074 8070 8157
f 6708 6666 6712
f 6881 6708 6712
f 8225 8254 8219
f 6903 6708 6881
f 6888 6903 6881
f 8310 8305 8254
f 6888 6956 6903
f 7088 6956 6888
f 7088 7051 6956
f 7111 7051 7088
f 7183 7051 7111
f 7183 7236 7182
f 8455 8477 8470
f 8524 8470 8477
f 7236 7329 7177
f 7254 7329 7236
f 7364 7373 7329
f 8583 8543 8603
f 7373 7418 7384
f 7421 7384 7418
f 8725 8710 8806
f 8710 8786 8806
f 7477 7418 7437
f 7477 7428 7494
f 8966 8967 8965
f 9190 9017 9194
f 9249 9190 9194
f 7650 7638 7559
f 7638 7650 7713
f 9249 9148 9190
f 7800 7713 7650
f 7906 8240 8336
f 9383 9283 9148
f 7906 7713 7887
f 7713 7800 7887
f 8240 7906 7887
f 8240 7887 8090
f 8240 8649 8336
f 8217 8607 8649
f 8791 8607 8836
f 8649 8607 8791
f 9383 9434 9283
f 8217 8240 8090
f 8649 8240 8217
f 8791 8836 8909
f 8909 8917 8791
f 8917 8909 9007
f 9582 9533 9486
f 9007 8909 8959
f 9007 8959 9048
f 9048 9068 9007
f 9641 9533 9582
f 9593 9533 9641
f 9126 9068 9146
f 9068 9048 9146
f 9126 9146 9217
f 9126 9217 9219
f 9641 9659 9593
f 9219 9217 9267
f 9803 9747 9659
f 9803 9794 9747
f 9315 9267 9217
f 9308 9267 9315
f 9308 9315 9364
f 9900 9893 9857
f 9900 9998 9893
f 9421 9364 9315
f 9412 9364 9421
f 9412 9421 9462
f 9462 9421 9520
f 9513 9520 9421
f 9520 9513 9571
f 9616 9661 9571
f 9661 9616 9654
f 9661 9723 9724
f 9661 9654 9723
f 9723 9835 9724
f 10269 10286 10228
f 9835 9723 9843
f 9843 9885 9835
f 9885 9843 9884
f 10332 10366 10308
f 9885 9884 10046
f 10385 10308 10366
f 10366 10445 10385
f 9976 10046 9884
f 10385 10445 10433
f 10046 9976 10153
f 10041 10153 9976
f 10153 10041 10168
f 10433 10445 10468
f 10445 10531 10468
f 10041 10055 10168
f 10168 10199 10153
f 10531 10591 10468
f 10468 10591 10517
f 10131 10199 10168
f 10199 10131 10359
f 10359 10131 10310
f 10210 10310 10131
f 10637 10533 10517
f 10310 10210 10313
f 10210 10324 10313
f 10210 10230 10324
f 10637 10708 10583
f 10708 10695 10583
f 10583 10695 10628
f 10195 10358 10324
f 10628 10695 10738
f 10628 10738 10659
f 10305 10392 10358
f 10392 10362 10358
f 10766 10805 10688
f 10417 10396 10392
f 10672 10805 10804
f 10688 10805 10672
f 10412 10427 10417
f 10412 10423 10427
f 10412 10415 10423
f 10423 10415 10544
f 10813 10782 10804
f 10804 10847 10813
f 10415 10485 10544
f 10415 10453 10485
f 10904 10911 10847
f 10453 10480 10485
f 10813 10847 10834
f 10847 10911 10834
f 10911 10935 10834
f 10791 10834 10866
f 10935 10940 10834
f 10940 10866 10834
f 10480 10523 10546
f 10940 10963 10866
f 10480 10422 10523
f 10422 10539 10523
f 10866 10963 10903
f 10422 10510 10539
f 10903 10963 10922
f 10979 10922 10963
f 10510 10577 10539
f 10922 11020 10928
f 10922 10979 11020
f 10540 10577 10510
f 10928 11020 11001
f 10540 10601 10577
f 10562 10601 10540
f 11001 11016 10966
f 10562 10625 10601
f 10966 11016 11005
f 11058 11005 11016
f 11005 11058 11072
f 10990 11072 11036
f 10990 11005 11072
f 10603 10590 10690
f 10590 10673 10690
f 10995 11036 11059
f 11036 11096 11059
f 11059 11096 11045
f 10615 10707 10657
f 11096 11091 11045
f 10615 10767 10707
f 11091 11081 11045
f 10767 10698 10800
f 11091 11090 11081
f 11090 11088 11081
f 10698 10825 10800
f 11090 11073 11088
f 10825 10720 10817
f 10698 10720 10825
f 11073 11090 11030
f 10720 10732 10817
f 10987 10989 11031
f 10989 10987 10948
f 11031 10989 11030
f 10856 10843 10732
f 10989 10948 10910
f 6554 6589 6582
f 6589 6639 6582
f 6554 6565 6496
f 6582 6706 6665
f 6582 6639 6706
f 6639 6781 6706
f 6833 6898 6781
f 6401 6440 6409
f 6409 6440 6441
f 6833 6970 6898
f 6403 6401 6366
f 6345 6366 6367
f 7153 6898 7251
f 6345 6344 6366
f 6344 6353 6366
f 7252 7251 7294
f 7442 7294 7365
f 6373 6375 6374
f 6373 6353 6375
f 6374 6405 6373
f 7530 7501 7442
f 7629 7570 7643
f 7629 7530 7570
f 6405 6429 6413
f 7643 7664 7629
f 6429 6442 6413
f 6442 6477 6466
f 7814 7765 7818
f 7818 7838 7814
f 6477 6499 6466
f 7893 7814 7838
f 6477 6551 6499
f 6551 6529 6499
f 6529 6507 6499
f 6529 6536 6507
f 6603 6536 6621
f 6621 6626 6603
f 6626 6666 6603
f 8070 8173 8157
f 6653 6603 6666
f 6666 6708 6653
f 8173 8219 8157
f 6708 6688 6653
f 8225 8219 8173
f 6903 6688 6708
f 6807 6688 6903
f 6956 6807 6903
f 6962 6807 6956
f 6956 7051 6962
f 7183 7182 7051
f 7182 6914 7051
f 7236 6914 7182
f 7177 6914 7236
f 7329 7373 7177
f 7373 7384 7345
f 8603 8638 8617
f 8678 8617 8638
f 8678 8669 8617
f 7421 7412 7384
f 8678 8710 8669
f 7422 7412 7421
f 7496 7421 7418
f 7496 7422 7421
f 8786 8867 8837
f 7496 7418 7477
f 8867 8866 8837
f 8866 8867 8965
f 7494 7510 7477
f 9050 8966 8965
f 7541 7510 7562
f 9050 9134 9017
f 7559 7541 7562
f 7559 7638 7541
f 9017 9134 9194
f 8468 8336 8649
f 7713 7711 7638
f 7711 7713 7909
f 8707 8649 8757
f 8757 8791 8917
f 9328 9148 9249
f 9328 9383 9148
f 7906 7909 7713
f 8155 7909 7906
f 8155 7906 8336
f 8297 8155 8336
f 8649 8791 8757
f 8940 8917 9007
f 9007 9020 8940
f 9020 9007 9126
f 9486 9434 9535
f 9126 9007 9068
f 9535 9582 9486
f 9308 9219 9267
f 9310 9308 9412
f 9412 9308 9364
f 9416 9412 9520
f 9857 9794 9900
f 9520 9412 9462
f 9998 9900 10015
f 9624 9520 9571
f 9624 9571 9661
f 9624 9661 9720
f 10015 10111 9998
f 9720 9661 9724
f 9720 9724 9886
f 10202 10152 10190
f 10190 10240 10202
f 10240 10228 10202
f 9724 9835 9886
f 10269 10228 10240
f 10269 10317 10308
f 9835 9987 9886
f 9835 9885 9987
f 10269 10308 10286
f 10317 10332 10308
f 10369 10366 10332
f 10369 10379 10366
f 10046 9987 9885
f 10379 10432 10366
f 9987 10046 10157
f 10445 10366 10432
f 10432 10477 10445
f 10477 10499 10445
f 10153 10157 10046
f 10157 10153 10235
f 10235 10153 10270
f 10445 10499 10531
f 10499 10567 10531
f 10199 10270 10153
f 10270 10199 10329
f 10531 10638 10591
f 10531 10567 10638
f 10359 10329 10199
f 10591 10713 10517
f 10637 10517 10713
f 10637 10713 10708
f 10713 10772 10708
f 10772 10695 10708
f 10324 10358 10382
f 10695 10772 10780
f 10358 10362 10382
f 10738 10695 10780
f 10738 10780 10809
f 10766 10809 10805
f 10766 10738 10809
f 10819 10805 10809
f 10819 10886 10805
f 10396 10417 10440
f 10417 10427 10440
f 10805 10886 10804
f 10804 10886 10917
f 10427 10423 10475
f 10475 10423 10521
f 10804 10917 10879
f 10917 10904 10879
f 10423 10544 10521
f 10847 10879 10904
f 10804 10879 10847
f 10971 10911 10904
f 10485 10546 10544
f 10911 10971 10935
f 10485 10480 10546
f 10972 10940 10935
f 10523 10579 10546
f 10963 10940 10972
f 10972 11027 10963
f 10523 10539 10579
f 10579 10539 10598
f 10963 11027 10979
f 11035 10979 11027
f 10539 10617 10598
f 10539 10577 10617
f 11020 10979 11035
f 11071 11020 11035
f 10577 10601 10617
f 11020 11083 11001
f 11020 11071 11083
f 10683 10601 10667
f 11016 11083 11058
f 11016 11001 11083
f 11110 11058 11083
f 10625 10667 10601
f 10625 10690 10667
f 11058 11110 11097
f 10625 10603 10690
f 11072 11058 11097
f 11036 11072 11109
f 11109 11072 11097
f 11120 11109 11097
f 10690 10673 10730
f 11120 11119 11109
f 11036 11109 11096
f 11109 11129 11096
f 11109 11119 11129
f 10673 10657 10730
f 10707 10730 10657
f 11129 11113 11096
f 11113 11091 11096
f 10707 10767 10796
f 11113 11095 11091
f 11095 11090 11091
f 11090 11095 11060
f 11030 11060 11031
f 11060 11030 11090
f 10843 10817 10732
f 10843 10856 10885
f 10843 10885 10902
f 10910 10948 10902
f 10910 10902 10885
f 6537 6590 6554
f 6589 6554 6590
f 6554 6496 6537
f 6781 6639 6699
f 6440 6496 6441
f 6537 6496 6440
f 6699 6794 6781
f 6794 6833 6781
f 6794 6926 6833
f 6401 6435 6440
f 6970 6833 6926
f 6403 6435 6401
f 6366 6426 6403
f 6898 6970 7251
f 6371 6426 6366
f 6371 6366 6353
f 7251 7365 7294
f 6369 6371 6353
f 7442 7365 7489
f 7489 7530 7442
f 6373 6369 6353
f 6373 6397 6369
f 6373 6400 6397
f 6405 6400 6373
f 6400 6405 6413
f 6410 6400 6413
f 6410 6413 6442
f 7765 7757 7818
f 7765 7729 7757
f 6438 6410 6442
f 6466 6438 6442
f 6468 6466 6499
f 7900 7893 7838
f 6502 6468 6499
f 6507 6536 6505
f 6536 6603 6538
f 7998 8060 8070
f 8060 8088 8070
f 8147 8070 8088
f 8147 8173 8070
f 6603 6653 6634
f 6677 6634 6653
f 6653 6688 6677
f 6688 6807 6745
f 8309 8310 8254
f 8310 8309 8327
f 6845 6745 6807
f 6807 6962 6845
f 8398 8393 8327
f 8393 8398 8449
f 8398 8413 8449
f 6962 6914 6845
f 8455 8449 8413
f 6914 6962 7051
f 6914 7177 7079
f 7168 7079 7177
f 8524 8539 8543
f 7177 7164 7168
f 7177 7373 7164
f 8539 8603 8543
f 7345 7164 7373
f 7345 7384 7286
f 7342 7286 7384
f 7384 7412 7342
f 8678 8712 8710
f 7422 7410 7412
f 8712 8759 8710
f 8710 8759 8786
f 7425 7410 7422
f 7422 7496 7425
f 8759 8867 8786
f 8965 8867 8964
f 7510 7541 7477
f 7541 7496 7477
f 9236 9194 9134
f 7638 7711 7832
f 8468 8591 8552
f 9249 9194 9236
f 7832 7711 7909
f 8297 7832 7909
f 8297 7909 8155
f 8297 8336 8329
f 8329 8336 8468
f 8591 8468 8649
f 8591 8649 8707
f 8742 8591 8707
f 8742 8707 8757
f 9319 9328 9249
f 8937 8757 8917
f 8937 8917 8940
f 9328 9414 9383
f 9414 9434 9383
f 9020 9127 9128
f 9535 9434 9414
f 9126 9127 9020
f 9128 9127 9220
f 9126 9220 9127
f 9220 9126 9219
f 9220 9219 9310
f 9641 9582 9688
f 9688 9659 9641
f 9308 9310 9219
f 9309 9310 9416
f 9412 9416 9310
f 9418 9416 9465
f 9900 9794 9803
f 9520 9465 9416
f 9465 9520 9624
f 9465 9624 9567
f 9567 9624 9660
f 9720 9660 9624
f 9660 9720 9772
f 10185 10152 10111
f 9772 9720 9886
f 9772 9886 9950
f 10190 10152 10185
f 10269 10240 10288
f 9950 9886 9988
f 10317 10379 10369
f 9987 9988 9886
f 9988 9987 10083
f 10317 10369 10332
f 10157 10083 9987
f 10157 10198 10083
f 10505 10499 10477
f 10505 10547 10499
f 10157 10235 10198
f 10235 10225 10198
f 10235 10256 10225
f 10499 10547 10567
f 10235 10270 10256
f 10270 10323 10256
f 10547 10653 10567
f 10270 10329 10323
f 10567 10653 10638
f 10653 10741 10638
f 10591 10638 10741
f 10359 10310 10357
f 10359 10357 10421
f 10591 10741 10713
f 10741 10748 10713
f 10313 10357 10310
f 10357 10313 10391
f 10713 10748 10772
f 10748 10789 10772
f 10789 10857 10772
f 10324 10391 10313
f 10391 10324 10382
f 10391 10382 10449
f 10772 10857 10780
f 10868 10780 10857
f 10382 10362 10449
f 10780 10868 10809
f 10362 10392 10449
f 10392 10487 10449
f 10920 10819 10809
f 10396 10487 10392
f 10487 10396 10440
f 10487 10440 10520
f 10819 10941 10886
f 10819 10920 10941
f 10427 10520 10440
f 10520 10427 10475
f 10520 10475 10529
f 10886 10941 10917
f 10962 10917 10941
f 10475 10543 10529
f 10475 10521 10543
f 10917 10998 10904
f 10917 10962 10998
f 10521 10544 10543
f 10904 10998 10971
f 10998 11011 10971
f 10544 10619 10618
f 10935 10971 10972
f 10971 11011 10972
f 10544 10546 10619
f 10546 10687 10619
f 10972 11011 11048
f 10546 10579 10687
f 11048 11027 10972
f 11048 11078 11027
f 10579 10648 10687
f 11078 11068 11027
f 10598 10648 10579
f 11027 11079 11035
f 11027 11068 11079
f 10598 10617 10648
f 10648 10617 10668
f 11035 11079 11071
f 10617 10683 10668
f 10617 10601 10683
f 11071 11142 11083
f 11083 11142 11110
f 11110 11139 11097
f 10667 10690 10709
f 10690 10727 10709
f 11097 11139 11133
f 10690 10746 10727
f 11097 11133 11120
f 11133 11130 11120
f 10690 10730 10746
f 10730 10793 10746
f 11130 11119 11120
f 10793 10730 10769
f 11117 11129 11119
f 11130 11117 11119
f 10730 10796 10769
f 10730 10707 10796
f 11117 11113 11129
f 11117 11099 11113
f 11065 11060 11099
f 11060 11095 11099
f 11099 11095 11113
f 11029 11060 11065
f 10965 10987 10996
f 10987 11029 10996
f 11029 11031 11060
f 10825 10817 10889
f 10912 10987 10965
f 11029 10987 11031
f 10817 10843 10889
f 10912 10948 10987
f 10889 10843 10912
f 10902 10912 10843
f 10912 10902 10948
f 6590 6639 6589
f 6699 6639 6590
f 6440 6486 6537
f 6435 6481 6440
f 6440 6481 6486
f 6926 7235 6970
f 7251 6970 7235
f 6403 6426 6435
f 6426 6371 6404
f 7365 7251 7334
f 6371 6369 6404
f 6369 6397 6404
f 7513 7570 7530
f 6402 6397 6400
f 6400 6443 6402
f 6400 6439 6443
f 6410 6439 6400
f 7664 7737 7729
f 7729 7737 7757
f 6410 6509 6439
f 6438 6470 6410
f 6410 6470 6509
f 6466 6470 6438
f 7838 7818 7853
f 6468 6470 6466
f 6468 6490 6470
f 7900 7838 7853
f 6502 6490 6468
f 7900 7912 7893
f 6502 6499 6507
f 7979 7912 7929
f 6505 6502 6507
f 6505 6511 6502
f 6536 6511 6505
f 7979 8006 7998
f 6538 6511 6536
f 6538 6542 6511
f 8060 7998 8006
f 6603 6573 6538
f 6573 6542 6538
f 6573 6603 6634
f 6608 6573 6634
f 6634 6677 6643
f 8223 8225 8173
f 8225 8223 8254
f 6745 6677 6688
f 8309 8333 8327
f 8398 8327 8333
f 6845 6914 6899
f 6914 6924 6899
f 8461 8455 8413
f 8455 8461 8477
f 7079 6924 6914
f 7345 7286 7164
f 8603 8539 8638
f 7264 7164 7286
f 7286 7342 7264
f 7342 7412 7410
f 8759 8808 8867
f 7493 7425 7496
f 8867 8808 8964
f 7496 7581 7493
f 9097 8965 8964
f 9097 9050 8965
f 7541 7581 7496
f 7541 7638 7581
f 7581 7638 7718
f 9193 9050 9097
f 9134 9050 9193
f 7718 7638 7832
f 9193 9236 9134
f 8218 7832 8297
f 8218 8297 8329
f 8591 8670 8552
f 8670 8591 8742
f 9236 9319 9249
f 8822 8742 8757
f 8889 8822 8937
f 8822 8757 8937
f 8996 8889 8937
f 8996 8937 9040
f 9328 9319 9404
f 8940 9040 8937
f 9040 8940 9020
f 9128 9040 9020
f 9404 9414 9328
f 9535 9414 9493
f 9493 9581 9535
f 9581 9582 9535
f 9268 9220 9310
f 9268 9310 9309
f 9688 9582 9581
f 9418 9309 9416
f 9803 9659 9688
f 9466 9418 9465
f 9466 9465 9567
f 9900 9803 9911
f 9953 9900 9911
f 9617 9660 9729
f 9617 9567 9660
f 10015 9900 9953
f 9660 9778 9729
f 9772 9778 9660
f 9778 9950 9897
f 9778 9772 9950
f 9950 9988 10051
f 10307 10269 10288
f 10317 10269 10307
f 10083 10051 9988
f 10051 10083 10196
f 10410 10432 10379
f 10410 10473 10432
f 10196 10083 10198
f 10196 10198 10232
f 10477 10432 10473
f 10473 10505 10477
f 10225 10232 10198
f 10536 10624 10547
f 10232 10225 10256
f 10232 10256 10328
f 10547 10624 10653
f 10624 10692 10653
f 10256 10323 10328
f 10323 10389 10328
f 10692 10753 10653
f 10653 10753 10741
f 10323 10329 10386
f 10753 10778 10741
f 10329 10359 10386
f 10741 10778 10802
f 10421 10386 10359
f 10748 10741 10802
f 10357 10450 10421
f 10748 10802 10789
f 10874 10789 10802
f 10357 10479 10450
f 10357 10391 10479
f 10874 10881 10789
f 10391 10458 10479
f 10789 10881 10857
f 10449 10458 10391
f 10857 10881 10868
f 10929 10868 10881
f 10449 10508 10458
f 10458 10508 10495
f 10868 10929 10933
f 10487 10508 10449
f 10809 10933 10920
f 10809 10868 10933
f 10487 10541 10508
f 10974 10920 10933
f 10520 10541 10487
f 10920 10974 10941
f 10520 10576 10541
f 10941 11067 10962
f 10941 10974 11067
f 10529 10576 10520
f 11050 10962 11067
f 10529 10543 10576
f 10576 10543 10599
f 10962 11050 10998
f 10543 10618 10599
f 10998 11050 11063
f 10543 10544 10618
f 11047 10998 11063
f 11070 11047 11063
f 10998 11047 11011
f 11011 11047 11048
f 11047 11078 11048
f 11047 11070 11078
f 10619 10686 10684
f 10619 10687 10686
f 11078 11143 11068
f 11068 11143 11108
f 10648 10719 10687
f 10668 10719 10648
f 11068 11108 11079
f 11079 11108 11158
f 10668 10683 10719
f 10719 10683 10739
f 11071 11158 11142
f 11071 11079 11158
f 11155 11142 11158
f 10683 10734 10739
f 10683 10667 10734
f 11110 11155 11152
f 11110 11142 11155
f 10667 10709 10734
f 11110 11152 11139
f 11148 11139 11152
f 10727 10793 10709
f 11148 11133 11139
f 10727 10746 10793
f 11148 11134 11133
f 11134 11130 11133
f 11134 11117 11130
f 11098 11117 11134
f 11044 11102 11098
f 11098 11102 11117
f 10769 10796 10822
f 11044 11065 11102
f 11102 11099 11117
f 10796 10850 10822
f 10850 10873 10822
f 11065 11099 11102
f 10767 10850 10796
f 10988 11029 11044
f 10996 11029 10988
f 11029 11065 11044
f 10767 10800 10850
f 10800 10891 10850
f 10965 10996 10988
f 10800 10825 10891
f 10825 10859 10891
f 10859 10934 10891
f 10859 10825 10915
f 10915 10934 10859
f 10889 10915 10825
f 10915 10965 10934
f 10915 10912 10965
f 10912 10915 10889
f 6636 6701 6590
f 6701 6699 6590
f 6537 6559 6590
f 6636 6590 6559
f 6701 6794 6699
f 6486 6544 6537
f 6559 6537 6544
f 6794 6872 6926
f 6544 6486 6481
f 6926 6872 7235
f 6426 6481 6435
f 7251 7235 7300
f 6463 6426 6404
f 7300 7334 7251
f 6448 6463 6404
f 7334 7419 7365
f 6436 6448 6404
f 7489 7365 7419
f 6397 6436 6404
f 7489 7513 7530
f 6397 6432 6436
f 6397 6402 6432
f 6432 6402 6447
f 7570 7513 7632
f 6443 6447 6402
f 7643 7570 7632
f 7632 7660 7643
f 6443 6504 6447
f 7664 7660 7737
f 7664 7643 7660
f 6439 6504 6443
f 7757 7737 7759
f 6439 6509 6504
f 7900 7929 7912
f 6542 6567 6511
f 6542 6576 6567
f 6573 6576 6542
f 6573 6608 6576
f 6634 6643 6608
f 6677 6664 6643
f 6677 6692 6664
f 8223 8250 8254
f 8309 8254 8250
f 6735 6677 6745
f 6791 6735 6745
f 6845 6791 6745
f 6845 6899 6848
f 8461 8413 8460
f 8461 8514 8477
f 7079 7005 6924
f 7005 6899 6924
f 8514 8524 8477
f 8524 8514 8539
f 7164 7079 7168
f 7164 7264 7185
f 8638 8741 8678
f 8712 8678 8741
f 8712 8741 8759
f 8741 8808 8759
f 7383 7342 7410
f 7425 7493 7410
f 7493 7383 7410
f 9055 9097 8964
f 7581 7718 7752
f 7752 7718 7832
f 8112 7752 8218
f 7752 7832 8218
f 8174 8112 8218
f 8174 8218 8329
f 8423 8174 8329
f 8709 8423 8468
f 8423 8329 8468
f 8709 8468 8552
f 8709 8552 8670
f 9149 9193 9097
f 9149 9236 9193
f 8709 8670 8742
f 8789 8709 8742
f 8789 8742 8822
f 8789 8822 8889
f 8889 8922 8789
f 9075 8989 9128
f 8922 8889 8996
f 8989 8922 8996
f 8989 8996 9040
f 9040 9128 8989
f 9075 9128 9123
f 9300 9319 9236
f 9355 9319 9300
f 9355 9404 9319
f 9454 9414 9404
f 9268 9123 9220
f 9123 9128 9220
f 9493 9414 9454
f 9322 9268 9309
f 9322 9309 9418
f 9422 9418 9466
f 9422 9466 9566
f 9803 9688 9769
f 9566 9466 9567
f 9619 9567 9617
f 9619 9617 9663
f 9874 9911 9803
f 9874 9953 9911
f 9729 9663 9617
f 10015 9953 9978
f 9948 9833 9897
f 9778 9833 9729
f 9833 9778 9897
f 9948 9897 9950
f 10351 10317 10307
f 10097 10196 10155
f 10097 10051 10196
f 10371 10317 10351
f 10379 10317 10371
f 10371 10410 10379
f 10196 10232 10265
f 10505 10536 10547
f 10265 10232 10348
f 10624 10536 10589
f 10589 10647 10624
f 10647 10710 10624
f 10328 10348 10232
f 10348 10328 10367
f 10624 10710 10692
f 10367 10328 10389
f 10753 10692 10751
f 10828 10839 10751
f 10389 10323 10429
f 10753 10751 10778
f 10751 10839 10778
f 10323 10386 10429
f 10386 10496 10429
f 10421 10496 10386
f 10778 10839 10802
f 10839 10874 10802
f 10839 10930 10874
f 10874 10969 10881
f 10874 10930 10969
f 10881 10969 10929
f 10973 10929 10969
f 10458 10525 10479
f 10458 10495 10525
f 10933 10929 10973
f 10508 10558 10495
f 10508 10588 10558
f 10933 11010 10974
f 10933 10973 11010
f 10508 10541 10588
f 10974 11010 11049
f 10541 10613 10588
f 10576 10613 10541
f 10974 11049 11067
f 10576 10645 10613
f 11111 11050 11067
f 10599 10645 10576
f 11050 11111 11063
f 10599 10618 10645
f 10645 10618 10669
f 11063 11122 11070
f 11063 11111 11122
f 10618 10684 10669
f 11070 11122 11127
f 10618 10619 10684
f 11070 11127 11078
f 11078 11127 11166
f 11078 11166 11143
f 10686 10754 10758
f 11143 11176 11163
f 10686 10687 10754
f 10687 10756 10754
f 11108 11143 11163
f 10687 10719 10756
f 11108 11163 11158
f 11176 11172 11163
f 11172 11158 11163
f 10719 10774 10756
f 10739 10774 10719
f 11172 11167 11158
f 11167 11155 11158
f 10739 10734 10774
f 11167 11156 11155
f 11156 11152 11155
f 11156 11144 11152
f 10734 10709 10829
f 11144 11148 11152
f 11131 11148 11144
f 10709 10793 10829
f 11105 11134 11131
f 11131 11134 11148
f 11098 11134 11105
f 10793 10769 10841
f 10769 10822 10841
f 10841 10822 10892
f 10873 10892 10822
f 10892 10873 10925
f 10977 10988 11013
f 10988 11044 11013
f 10850 10891 10873
f 10891 10925 10873
f 10925 10988 10977
f 10891 10934 10925
f 10934 10988 10925
f 10934 10965 10988
f 6559 6660 6636
f 6660 6701 6636
f 6544 6574 6559
f 6660 6559 6574
f 6830 6794 6701
f 6830 6872 6794
f 6544 6481 6619
f 6574 6544 6619
f 6426 6514 6481
f 6514 6619 6481
f 6514 6585 6619
f 6872 7166 7235
f 6514 6426 6463
f 6526 6514 6463
f 6463 6448 6526
f 6501 6526 6448
f 6501 6448 6436
f 7419 7513 7489
f 6432 6501 6436
f 7513 7543 7632
f 6432 6474 6501
f 6432 6447 6474
f 6447 6504 6474
f 7737 7660 7733
f 7733 7759 7737
f 7805 7757 7759
f 6504 6509 6531
f 7818 7757 7805
f 7805 7853 7818
f 6490 6502 6602
f 7979 7929 7976
f 6511 6602 6502
f 6602 6511 6652
f 6511 6567 6652
f 6567 6641 6652
f 8060 8006 8059
f 6567 6576 6641
f 8132 8147 8088
f 6608 6633 6576
f 6608 6640 6633
f 6643 6640 6608
f 6643 6664 6640
f 8233 8223 8173
f 6677 6716 6692
f 6735 6716 6677
f 6845 6848 6791
f 8398 8460 8413
f 8514 8461 8484
f 7005 6910 6899
f 8539 8514 8565
f 8565 8638 8539
f 7305 7264 7342
f 7383 7305 7342
f 7493 7439 7383
f 8964 8808 9062
f 7581 7542 7493
f 7542 7581 7688
f 7688 7581 7752
f 8322 7688 7752
f 8322 7752 8112
f 8322 8112 8174
f 8322 8174 8423
f 8752 8709 8789
f 8985 8789 8922
f 8985 8922 8989
f 9325 9236 9149
f 9300 9236 9325
f 9301 9300 9325
f 9301 9354 9300
f 9354 9355 9300
f 9354 9400 9355
f 9235 9123 9285
f 9300 9330 9285
f 9285 9330 9300
f 9330 9300 9355
f 9355 9300 9330
f 9410 9355 9400
f 9404 9355 9410
f 9400 9455 9410
f 9455 9454 9410
f 9455 9493 9454
f 9268 9285 9123
f 9285 9322 9330
f 9285 9268 9322
f 9330 9322 9388
f 9404 9410 9388
f 9410 9430 9388
f 9388 9430 9404
f 9430 9410 9454
f 9454 9404 9430
f 9388 9322 9418
f 9388 9422 9430
f 9388 9418 9422
f 9430 9422 9525
f 9688 9581 9653
f 9525 9422 9566
f 9711 9688 9653
f 9711 9769 9688
f 9824 9803 9769
f 9566 9567 9619
f 9619 9663 9682
f 9874 9803 9824
f 9663 9729 9786
f 10056 10015 9978
f 9786 9729 9833
f 10089 10015 10056
f 10111 10015 10089
f 10089 10185 10111
f 9948 9887 9833
f 9982 9948 10051
f 9948 9950 10051
f 9982 10051 10097
f 10149 10097 10155
f 10149 10155 10150
f 10408 10410 10371
f 10196 10150 10155
f 10150 10196 10265
f 10478 10473 10408
f 10408 10473 10410
f 10505 10473 10478
f 10478 10537 10505
f 10537 10536 10505
f 10252 10265 10348
f 10589 10536 10537
f 10537 10612 10589
f 10612 10647 10589
f 10612 10685 10647
f 10346 10348 10390
f 10685 10710 10647
f 10685 10750 10710
f 10348 10418 10390
f 10367 10418 10348
f 10418 10367 10402
f 10710 10750 10751
f 10750 10785 10751
f 10785 10828 10751
f 10367 10389 10402
f 10710 10751 10692
f 10402 10389 10469
f 10828 10863 10839
f 10429 10469 10389
f 10863 10906 10839
f 10863 10918 10906
f 10839 10906 10953
f 10496 10421 10553
f 10839 10953 10930
f 10421 10450 10553
f 10953 10969 10930
f 10953 10982 10969
f 10479 10553 10450
f 10553 10479 10580
f 11009 11039 10969
f 10479 10525 10580
f 10969 11039 10973
f 10973 11039 11046
f 10525 10495 10620
f 10495 10558 10620
f 11069 11046 11039
f 10558 10633 10649
f 10973 11046 11010
f 11010 11046 11049
f 11046 11121 11049
f 11046 11069 11121
f 10558 10588 10633
f 10588 10646 10633
f 11049 11121 11101
f 10588 10613 10646
f 10613 10679 10646
f 11049 11101 11067
f 11067 11101 11111
f 10645 10679 10613
f 11101 11138 11111
f 10645 10718 10679
f 11122 11111 11138
f 11160 11122 11138
f 10669 10718 10645
f 11122 11164 11127
f 11122 11160 11164
f 11160 11177 11164
f 10669 10684 10718
f 10718 10684 10740
f 10684 10758 10740
f 11127 11164 11166
f 11164 11177 11166
f 10684 10686 10758
f 11179 11166 11177
f 11143 11166 11178
f 11179 11178 11166
f 11176 11178 11170
f 11143 11178 11176
f 10754 10799 10815
f 10754 10756 10799
f 10756 10811 10799
f 11170 11172 11176
f 10756 10774 10811
f 11170 11161 11172
f 11124 11161 11170
f 11161 11167 11172
f 10774 10734 10811
f 10734 10837 10811
f 11161 11156 11167
f 11100 11161 11124
f 11100 11144 11161
f 11161 11144 11156
f 10734 10829 10837
f 11105 11131 11100
f 11100 11131 11144
f 10829 10888 10837
f 11022 11105 11100
f 10829 10905 10888
f 10829 10793 10905
f 10793 10841 10905
f 10841 10892 10905
f 10905 10892 10926
f 11051 11105 11022
f 11051 11098 11105
f 10984 11051 11022
f 10926 10977 10984
f 10977 11051 10984
f 10977 11013 11051
f 11051 11013 11044
f 11051 11044 11098
f 10892 10925 10926
f 10925 10977 10926
f 6660 6760 6701
f 6760 6830 6701
f 6660 6619 6656
f 6660 6574 6619
f 6656 6760 6660
f 6760 6872 6830
f 6585 6656 6619
f 6526 6541 6514
f 6541 6585 6514
f 7235 7166 7300
f 7300 7344 7334
f 6541 6526 6501
f 6501 6620 6541
f 7334 7344 7419
f 6501 6558 6620
f 7419 7344 7513
f 7344 7543 7513
f 6501 6474 6558
f 6534 6558 6474
f 7632 7543 7660
f 6474 6530 6534
f 6474 6504 6530
f 6504 6543 6530
f 6531 6543 6504
f 6531 6563 6543
f 6531 6509 6563
f 6509 6470 6563
f 6470 6571 6563
f 6490 6571 6470
f 6490 6602 6571
f 7976 7987 7979
f 8006 7979 7987
f 8059 8087 8060
f 6641 6576 6633
f 8088 8087 8132
f 8088 8060 8087
f 8132 8168 8147
f 8147 8168 8173
f 6640 6664 6762
f 8233 8173 8168
f 6664 6692 6762
f 8233 8250 8223
f 6795 6735 6837
f 6716 6735 6795
f 6735 6791 6837
f 6837 6848 6899
f 6791 6848 6837
f 8461 8460 8484
f 6910 6987 6934
f 7005 6987 6910
f 7164 7140 7079
f 8638 8565 8655
f 7185 7140 7164
f 8655 8741 8638
f 7264 7305 7185
f 8741 9062 8808
f 7383 7353 7305
f 7439 7353 7383
f 7439 7493 7552
f 7493 7542 7552
f 7552 7542 7619
f 7619 7542 7688
f 7619 7688 7831
f 8964 9062 9099
f 9055 8964 9099
f 8069 7831 7688
f 8069 7688 8322
f 8458 8069 8322
f 8665 8458 8423
f 8665 8423 8752
f 9099 9097 9055
f 9143 9097 9099
f 9143 9149 9097
f 9143 9156 9149
f 8423 8458 8322
f 8423 8709 8752
f 9156 9203 9149
f 8789 8893 8752
f 8893 8789 8985
f 8969 8893 8985
f 9037 8985 8989
f 8969 8985 9037
f 9037 8989 9182
f 9256 9149 9203
f 9256 9325 9149
f 9182 8989 9075
f 9182 9075 9132
f 9295 9325 9256
f 9295 9361 9325
f 9361 9354 9325
f 9361 9398 9354
f 9123 9132 9075
f 9132 9123 9235
f 9284 9132 9235
f 9325 9332 9284
f 9284 9301 9325
f 9284 9332 9301
f 9332 9325 9354
f 9354 9301 9332
f 9400 9354 9398
f 9398 9460 9400
f 9460 9455 9400
f 9460 9492 9455
f 9285 9284 9235
f 9332 9284 9330
f 9284 9285 9330
f 9332 9330 9387
f 9400 9433 9387
f 9387 9433 9400
f 9433 9400 9455
f 9455 9400 9433
f 9493 9455 9492
f 9492 9545 9493
f 9388 9387 9330
f 9433 9387 9430
f 9387 9388 9430
f 9433 9430 9478
f 9478 9537 9493
f 9493 9545 9478
f 9581 9493 9537
f 9575 9581 9537
f 9575 9653 9581
f 9525 9478 9430
f 9478 9525 9537
f 9537 9525 9630
f 9650 9653 9575
f 9650 9699 9653
f 9699 9711 9653
f 9699 9759 9711
f 9630 9525 9619
f 9525 9566 9619
f 9630 9619 9636
f 9653 9685 9636
f 9636 9682 9653
f 9685 9653 9711
f 9711 9682 9685
f 9711 9653 9682
f 9773 9711 9759
f 9769 9711 9773
f 9759 9825 9773
f 9825 9824 9773
f 9825 9879 9824
f 9636 9619 9682
f 9685 9682 9741
f 9769 9773 9741
f 9773 9799 9741
f 9741 9799 9769
f 9799 9773 9824
f 9824 9769 9799
f 9874 9824 9879
f 9919 9953 9874
f 9663 9741 9682
f 9741 9786 9799
f 9741 9663 9786
f 9978 9953 9919
f 9786 9833 9887
f 10065 9982 10150
f 10150 9982 10149
f 9982 10097 10149
f 10252 10150 10265
f 10209 10150 10252
f 10351 10408 10371
f 10438 10478 10408
f 10518 10537 10478
f 10573 10612 10537
f 10268 10348 10346
f 10268 10252 10348
f 10685 10726 10750
f 10726 10775 10750
f 10390 10418 10443
f 10750 10775 10785
f 10785 10876 10828
f 10880 10918 10828
f 10469 10418 10402
f 10863 10828 10918
f 10418 10469 10542
f 10469 10429 10542
f 10918 10953 10906
f 10918 10967 10953
f 10967 11014 10953
f 10429 10496 10575
f 10496 10553 10575
f 10575 10553 10578
f 10953 11014 10982
f 10982 11040 11009
f 10553 10580 10578
f 10969 10982 11009
f 11009 11064 11039
f 11009 11080 11064
f 11080 11082 11064
f 10580 10620 10614
f 10580 10525 10620
f 11039 11064 11069
f 11064 11136 11069
f 11064 11082 11136
f 10620 10649 10652
f 10620 10558 10649
f 11069 11136 11107
f 11146 11107 11136
f 10649 10681 10674
f 11107 11146 11137
f 10633 10681 10649
f 11069 11107 11121
f 11121 11107 11137
f 10633 10646 10681
f 10681 10646 10703
f 11121 11137 11101
f 11159 11101 11137
f 10646 10699 10703
f 11101 11175 11138
f 11101 11159 11175
f 10646 10679 10699
f 11138 11175 11160
f 11174 11160 11175
f 10718 10699 10679
f 10699 10718 10786
f 10718 10740 10786
f 11177 11174 11173
f 11177 11160 11174
f 10740 10798 10816
f 11173 11179 11177
f 10740 10758 10798
f 10758 10815 10798
f 11165 11178 11173
f 11173 11178 11179
f 10758 10754 10815
f 11104 11170 11165
f 11170 11178 11165
f 10799 10849 10815
f 11104 11125 11170
f 10799 10811 10849
f 10849 10811 10897
f 11124 11170 11125
f 10811 10923 10897
f 10897 10923 10945
f 11066 11124 11125
f 10811 10837 10923
f 11025 11124 11066
f 10837 10888 10923
f 10888 10949 10923
f 10949 10888 10955
f 11022 11124 11025
f 11022 11100 11124
f 10905 10955 10888
f 10955 11025 11024
f 10926 10955 10905
f 10984 11025 10955
f 10984 11022 11025
f 10955 10926 10984
f 6868 6872 6760
f 6760 6656 6806
f 6806 6868 6760
f 6703 6656 6585
f 6806 6656 6703
f 6868 7166 6872
f 7166 6868 7011
f 6541 6703 6585
f 6703 6541 6738
f 7300 7166 7344
f 6620 6738 6541
f 6558 6594 6620
f 7543 7344 7526
f 7526 7626 7543
f 7543 7626 7660
f 6594 6558 6534
f 6530 6594 6534
f 6530 6543 6594
f 7733 7820 7759
f 7805 7759 7820
f 6543 6563 6600
f 6563 6612 6600
f 6571 6612 6563
f 6571 6602 6612
f 6602 6652 6659
f 8059 8006 7987
f 6641 6734 6717
f 6641 6633 6734
f 6633 6640 6734
f 6640 6770 6734
f 6762 6770 6640
f 6692 6716 6876
f 6716 6795 6876
f 6837 6874 6795
f 8398 8333 8395
f 8395 8446 8398
f 6899 6874 6837
f 8460 8398 8446
f 6910 6874 6899
f 6910 6934 6874
f 8446 8494 8460
f 8484 8494 8522
f 8484 8460 8494
f 8514 8484 8522
f 8522 8582 8514
f 7005 7077 6987
f 8565 8582 8596
f 8565 8514 8582
f 7077 7005 7079
f 8565 8596 8655
f 7140 7077 7079
f 7208 7160 7140
f 7140 7185 7208
f 8982 8741 8655
f 7305 7208 7185
f 8982 8971 8741
f 9062 8741 8971
f 7353 7311 7305
f 7439 7426 7353
f 7426 7439 7552
f 7619 7623 7552
f 7623 7426 7552
f 7831 7623 7619
f 7623 7831 7986
f 7986 7831 8069
f 8146 7986 8069
f 8146 8069 8458
f 9062 9136 9099
f 9136 9143 9099
f 9136 9200 9143
f 8562 8458 8665
f 8736 8665 8752
f 8893 8736 8752
f 9156 9143 9200
f 9200 9208 9156
f 9156 9176 9144
f 9144 9169 9156
f 9197 9260 9238
f 9208 9176 9156
f 9169 9203 9156
f 9260 9290 9238
f 9144 9037 9182
f 9144 9182 9169
f 9242 9197 9238
f 9182 9269 9203
f 9169 9182 9203
f 9203 9269 9256
f 9288 9314 9312
f 9290 9242 9238
f 9314 9343 9312
f 9269 9182 9284
f 9182 9132 9284
f 9269 9284 9282
f 9311 9288 9312
f 9282 9338 9295
f 9269 9282 9295
f 9256 9269 9295
f 9312 9343 9311
f 9361 9295 9338
f 9401 9361 9338
f 9401 9398 9361
f 9401 9444 9398
f 9338 9282 9332
f 9282 9284 9332
f 9338 9332 9386
f 9386 9440 9398
f 9398 9444 9386
f 9460 9398 9440
f 9498 9460 9440
f 9498 9492 9460
f 9498 9546 9492
f 9387 9386 9332
f 9440 9386 9433
f 9386 9387 9433
f 9440 9433 9479
f 9479 9545 9492
f 9542 9577 9585
f 9546 9479 9492
f 9577 9645 9585
f 9478 9479 9433
f 9545 9479 9478
f 9585 9587 9542
f 9618 9575 9537
f 9644 9674 9699
f 9645 9587 9585
f 9630 9618 9537
f 9687 9644 9699
f 9630 9687 9650
f 9618 9630 9650
f 9575 9618 9650
f 9699 9650 9687
f 9756 9699 9674
f 9759 9699 9756
f 9756 9826 9759
f 9826 9825 9759
f 9826 9864 9825
f 9687 9630 9685
f 9630 9636 9685
f 9687 9685 9740
f 9759 9800 9740
f 9740 9800 9759
f 9800 9759 9825
f 9825 9759 9800
f 9879 9825 9864
f 9864 9930 9879
f 9930 9919 9879
f 9741 9740 9685
f 9800 9740 9799
f 9740 9741 9799
f 9800 9799 9846
f 9879 9912 9846
f 9846 9874 9879
f 9846 9903 9874
f 9903 9912 9919
f 9912 9879 9919
f 9919 9874 9903
f 9786 9846 9799
f 9846 9892 9903
f 9846 9786 9892
f 9786 9887 9892
f 9892 9887 9948
f 9892 9948 9982
f 10045 9982 10065
f 10065 10150 10167
f 10288 10309 10307
f 10384 10351 10307
f 10167 10150 10209
f 10408 10351 10384
f 10384 10438 10408
f 10209 10252 10268
f 10478 10438 10461
f 10461 10518 10478
f 10297 10268 10346
f 10518 10573 10537
f 10573 10642 10612
f 10297 10346 10398
f 10685 10612 10642
f 10642 10716 10685
f 10716 10726 10685
f 10716 10752 10726
f 10390 10398 10346
f 10775 10726 10752
f 10775 10818 10785
f 10775 10752 10818
f 10818 10876 10785
f 10876 10939 10880
f 10418 10511 10443
f 10876 10880 10828
f 10880 10942 10918
f 10880 10939 10942
f 10918 10942 10967
f 10942 11021 10967
f 10542 10511 10418
f 10967 11021 11014
f 11021 11038 11014
f 11038 11076 11014
f 10429 10572 10542
f 10575 10572 10429
f 10982 11014 11040
f 11040 11014 11076
f 11040 11080 11009
f 11080 11136 11082
f 11080 11141 11136
f 11141 11151 11136
f 11151 11157 11136
f 11157 11146 11136
f 11146 11168 11137
f 11146 11157 11168
f 11137 11168 11159
f 11168 11171 11159
f 10699 10765 10703
f 11175 11159 11171
f 10699 10786 10765
f 11171 11174 11175
f 11169 11174 11171
f 11169 11154 11174
f 10740 10816 10786
f 11154 11173 11174
f 11103 11173 11154
f 10798 10835 10816
f 11103 11145 11173
f 10798 10815 10835
f 11106 11165 11145
f 11165 11173 11145
f 11106 11104 11165
f 11087 11104 11106
f 10849 10897 10944
f 10944 10897 10945
f 11028 11066 11104
f 11024 11066 11028
f 11066 11125 11104
f 10945 10949 10997
f 10923 10949 10945
f 10997 11024 11028
f 10955 10997 10949
f 11024 11025 11066
f 10997 10955 11024
f 6968 6868 6806
f 7011 6868 6968
f 7027 7011 6968
f 7011 7027 7133
f 6738 6806 6703
f 7250 7011 7133
f 7250 7166 7011
f 7166 7250 7344
f 6620 6668 6738
f 6668 6620 6594
f 6721 6668 6594
f 7626 7526 7566
f 6635 6721 6594
f 6638 6635 6594
f 7733 7660 7626
f 7626 7820 7733
f 6594 6543 6638
f 7820 7847 7805
f 6543 6600 6638
f 7853 7847 7895
f 7853 7805 7847
f 6600 6637 6638
f 6600 6651 6637
f 6612 6651 6600
f 7900 7853 7895
f 7895 7916 7900
f 7929 7900 7916
f 6612 6687 6651
f 7973 7929 7916
f 7973 7976 7929
f 6612 6602 6687
f 7973 7994 7976
f 6659 6687 6602
f 7987 7994 8059
f 7987 7976 7994
f 6641 6756 6652
f 6717 6756 6641
f 8132 8230 8168
f 8233 8168 8230
f 6692 6920 6762
f 8250 8267 8309
f 8250 8233 8267
f 6876 6920 6692
f 6795 6908 6876
f 6874 6908 6795
f 6934 6990 6874
f 6987 6990 6934
f 6987 7068 6990
f 6987 7025 7068
f 7077 7025 6987
f 7140 7163 7077
f 7140 7160 7163
f 8912 8655 8768
f 8982 8655 8912
f 7208 7305 7248
f 7311 7248 7305
f 7311 7353 7327
f 7353 7426 7327
f 7460 7327 7426
f 7460 7426 7623
f 8146 8007 7986
f 7910 7717 7986
f 7717 7623 7986
f 8007 7910 7986
f 8530 8146 8458
f 8530 8458 8562
f 8625 8562 8665
f 8736 8625 8665
f 8766 8625 8736
f 8766 8736 8893
f 9002 8766 8893
f 8893 8969 9012
f 9037 9012 8969
f 9012 9037 9144
f 9200 9250 9208
f 9183 9144 9176
f 9183 9189 9144
f 9183 9176 9208
f 9208 9250 9183
f 9274 9260 9197
f 9296 9260 9274
f 9296 9290 9260
f 9296 9347 9290
f 9278 9197 9242
f 9288 9313 9314
f 9278 9242 9290
f 9347 9278 9290
f 9313 9343 9314
f 9341 9399 9384
f 9399 9449 9384
f 9311 9313 9288
f 9384 9392 9341
f 9407 9401 9338
f 9343 9313 9311
f 9449 9392 9384
f 9407 9444 9401
f 9443 9499 9477
f 9499 9554 9477
f 9386 9407 9338
f 9477 9482 9443
f 9512 9498 9440
f 9444 9407 9386
f 9477 9526 9482
f 9543 9578 9586
f 9554 9526 9477
f 9512 9546 9498
f 9578 9646 9586
f 9479 9512 9440
f 9586 9588 9543
f 9610 9577 9542
f 9546 9512 9479
f 9643 9709 9707
f 9646 9588 9586
f 9610 9645 9577
f 9709 9754 9707
f 9587 9610 9542
f 9707 9706 9643
f 9715 9674 9644
f 9645 9610 9587
f 9752 9790 9801
f 9754 9706 9707
f 9790 9831 9801
f 9831 9826 9801
f 9831 9865 9826
f 9687 9715 9644
f 9715 9687 9737
f 9809 9752 9801
f 9737 9809 9756
f 9715 9737 9756
f 9674 9715 9756
f 9809 9801 9826
f 9826 9756 9809
f 9864 9826 9865
f 9865 9923 9864
f 9923 9930 9864
f 9740 9737 9687
f 9809 9737 9800
f 9737 9740 9800
f 9809 9800 9845
f 9864 9894 9845
f 9845 9894 9864
f 9894 9864 9930
f 9930 9864 9894
f 9919 9930 9978
f 9846 9845 9800
f 9894 9845 9912
f 9845 9846 9912
f 9912 9903 10012
f 9903 9892 10012
f 9982 10012 9892
f 10012 9982 10045
f 10320 10309 10288
f 10045 10065 10167
f 10349 10309 10320
f 10307 10309 10349
f 10349 10384 10307
f 10209 10236 10167
f 10518 10586 10573
f 10268 10236 10209
f 10344 10268 10297
f 10344 10236 10268
f 10586 10642 10573
f 10586 10665 10642
f 10665 10715 10642
f 10715 10716 10642
f 10715 10729 10716
f 10352 10297 10398
f 10729 10784 10716
f 10716 10784 10752
f 10784 10818 10752
f 10784 10848 10818
f 10848 10913 10818
f 10398 10390 10493
f 10818 10913 10876
f 10876 10913 10939
f 10913 10975 10939
f 10443 10493 10390
f 10939 10975 10942
f 10975 11019 10942
f 10511 10493 10443
f 10942 11019 11021
f 11019 11038 11021
f 11019 11077 11038
f 10511 10581 10493
f 11077 11085 11038
f 10542 10581 10511
f 10596 10542 10572
f 10581 10542 10596
f 11038 11085 11076
f 11085 11115 11076
f 10596 10572 10626
f 11076 11115 11118
f 10572 10575 10626
f 11040 11118 11080
f 11040 11076 11118
f 11115 11135 11118
f 10578 10626 10575
f 10626 10578 10664
f 11080 11118 11135
f 10578 10580 10664
f 10580 10691 10664
f 11080 11135 11141
f 11135 11149 11141
f 10614 10691 10580
f 10620 10702 10614
f 11151 11141 11149
f 10652 10702 10620
f 10702 10652 10735
f 11150 11151 11149
f 10652 10649 10735
f 10649 10749 10735
f 11150 11157 11151
f 10674 10749 10649
f 11150 11168 11157
f 10674 10681 10749
f 10681 10776 10749
f 11153 11168 11150
f 10703 10776 10681
f 11153 11171 11168
f 10703 10765 10776
f 10765 10827 10776
f 11153 11162 11171
f 10765 10786 10827
f 10786 10833 10827
f 11123 11169 11162
f 11162 11169 11171
f 11126 11169 11123
f 11126 11154 11169
f 10786 10816 10833
f 10816 10835 10908
f 11103 11154 11126
f 10835 10890 10908
f 10908 10890 10956
f 11087 11106 11103
f 11106 11145 11103
f 10835 10815 10890
f 10815 10849 10890
f 10849 10944 10890
f 10944 10956 10890
f 10956 10944 10976
f 11062 11104 11087
f 10944 11002 10976
f 11002 10944 11018
f 11028 11062 11018
f 11028 11104 11062
f 10997 10944 10945
f 10944 10997 11018
f 10997 11028 11018
f 6968 7070 7027
f 6941 6968 6806
f 7070 6968 6941
f 7133 7027 7070
f 7116 7133 7070
f 6941 6806 6738
f 7116 7250 7133
f 7116 7301 7250
f 6668 6885 6738
f 7301 7506 7250
f 6885 6668 6883
f 7250 7506 7344
f 7344 7506 7526
f 6721 6883 6668
f 7566 7679 7626
f 6729 6721 6635
f 7679 7820 7626
f 6638 6729 6635
f 6638 6713 6729
f 6680 6713 6638
f 7898 7895 7847
f 6638 6637 6680
f 6637 6693 6680
f 6680 6693 6730
f 7898 7915 7895
f 7915 7916 7895
f 6637 6651 6693
f 7973 7916 7961
f 7961 8011 7973
f 6651 6687 6693
f 8011 7994 7973
f 6659 6749 6687
f 8054 8059 7994
f 6659 6652 6749
f 8054 8148 8059
f 6652 6756 6749
f 8087 8148 8142
f 8087 8059 8148
f 6756 6717 6866
f 6717 6734 6866
f 8142 8132 8087
f 8211 8189 8142
f 8189 8132 8142
f 6734 6905 6866
f 8230 8132 8189
f 6770 6905 6734
f 6905 6770 6947
f 8230 8267 8233
f 6770 6762 6947
f 6762 6920 6947
f 8309 8267 8304
f 8304 8384 8309
f 6920 6876 7056
f 8333 8309 8384
f 8395 8333 8384
f 8384 8445 8395
f 6876 6908 7056
f 8445 8453 8395
f 6908 6874 7189
f 8446 8395 8453
f 8453 8494 8446
f 6874 6990 7189
f 6990 7068 7189
f 8582 8522 8548
f 7077 7163 7025
f 7160 7215 7163
f 8768 8655 8596
f 7208 7215 7160
f 7248 7215 7208
f 7311 7275 7248
f 8982 9030 8971
f 7275 7311 7327
f 8971 9030 9062
f 9030 9136 9062
f 7460 7464 7327
f 7464 7275 7327
f 7464 7460 7580
f 7580 7460 7623
f 7717 7580 7623
f 8146 8035 8007
f 8146 8098 8035
f 8098 8146 8530
f 8677 8562 8625
f 8530 8562 8677
f 9214 9200 9136
f 7726 7580 7717
f 7717 7699 7726
f 8035 7699 7910
f 7699 7717 7910
f 8035 7910 8007
f 8901 8677 8766
f 8677 8625 8766
f 8766 9002 9005
f 9200 9214 9250
f 9214 9296 9250
f 9002 8893 9012
f 9012 9144 9189
f 9228 9189 9183
f 9197 9279 9274
f 9228 9183 9250
f 9279 9228 9250
f 9279 9250 9296
f 9296 9274 9279
f 9296 9360 9347
f 9360 9399 9347
f 9278 9279 9197
f 9321 9279 9278
f 9321 9278 9347
f 9381 9321 9347
f 9381 9347 9399
f 9399 9341 9381
f 9399 9457 9449
f 9457 9499 9449
f 9392 9381 9341
f 9429 9381 9392
f 9429 9392 9449
f 9480 9429 9449
f 9480 9449 9499
f 9499 9443 9480
f 9554 9499 9557
f 9557 9625 9554
f 9625 9600 9554
f 9625 9665 9600
f 9482 9480 9443
f 9539 9482 9526
f 9539 9480 9482
f 9543 9611 9578
f 9539 9526 9554
f 9539 9554 9600
f 9637 9665 9673
f 9611 9646 9578
f 9665 9704 9673
f 9588 9611 9543
f 9673 9684 9637
f 9708 9709 9643
f 9646 9611 9588
f 9704 9684 9673
f 9754 9709 9708
f 9781 9785 9750
f 9781 9814 9785
f 9706 9708 9643
f 9785 9788 9750
f 9754 9708 9706
f 9785 9814 9788
f 9831 9790 9752
f 9866 9831 9752
f 9866 9865 9831
f 9866 9949 9865
f 9949 9923 9865
f 9752 9809 9855
f 9865 9901 9855
f 9855 9901 9865
f 9901 9865 9923
f 9923 9865 9901
f 9978 9923 9973
f 9930 9923 9978
f 9973 10056 9978
f 9845 9855 9809
f 9901 9855 9894
f 9855 9845 9894
f 9894 9912 10012
f 10185 10216 10190
f 10261 10240 10190
f 10284 10240 10261
f 10288 10240 10284
f 10284 10320 10288
f 10224 10045 10167
f 10236 10224 10167
f 10504 10461 10438
f 10504 10512 10461
f 10512 10518 10461
f 10512 10571 10518
f 10571 10586 10518
f 10571 10644 10586
f 10296 10236 10344
f 10644 10665 10586
f 10352 10344 10297
f 10729 10715 10784
f 10715 10814 10784
f 10814 10848 10784
f 10814 10851 10848
f 10851 10919 10848
f 10848 10919 10913
f 10919 10952 10913
f 10952 11012 10913
f 11012 10975 10913
f 10493 10446 10398
f 10446 10493 10466
f 11012 11034 10975
f 11012 11037 11034
f 10466 10493 10524
f 11019 10975 11034
f 11034 11037 11077
f 11037 11075 11077
f 11019 11034 11077
f 11075 11094 11077
f 10493 10581 10524
f 11094 11085 11077
f 11085 11094 11114
f 11085 11114 11115
f 11115 11114 11128
f 11115 11128 11135
f 10664 10670 10626
f 11147 11135 11128
f 11147 11149 11135
f 10691 10614 10700
f 10614 10702 10700
f 11147 11132 11149
f 10702 10735 10744
f 11132 11150 11149
f 11132 11140 11150
f 10749 10744 10735
f 10749 10794 10744
f 11116 11150 11140
f 10776 10794 10749
f 11153 11150 11116
f 10776 10855 10794
f 10827 10855 10776
f 11084 11162 11116
f 11162 11153 11116
f 10827 10864 10861
f 11092 11123 11084
f 11123 11162 11084
f 10833 10864 10827
f 11092 11086 11123
f 10833 10895 10864
f 11041 11086 11092
f 10833 10816 10895
f 10816 10908 10895
f 11086 11126 11123
f 11086 11103 11126
f 11023 11086 11041
f 11023 11103 11086
f 10976 11002 10956
f 11002 11023 11041
f 11023 11087 11103
f 11023 11062 11087
f 11002 11018 11023
f 11023 11018 11062
f 7110 7070 6941
f 7116 7070 7110
f 7270 7116 7110
f 7270 7301 7116
f 6738 6885 6941
f 7110 6941 6885
f 6883 7110 6885
f 6883 6951 7110
f 7301 7348 7506
f 7348 7431 7506
f 6721 6729 6883
f 6729 6951 6883
f 7526 7506 7566
f 6775 6889 6729
f 7820 7679 7751
f 6729 6713 6775
f 7751 7847 7820
f 6680 6730 6713
f 6775 6713 6730
f 7847 7915 7898
f 7961 7916 7915
f 6693 6789 6730
f 6693 6687 6789
f 8053 7994 8011
f 6749 6789 6687
f 8054 7994 8053
f 8053 8127 8054
f 8148 8054 8127
f 8148 8211 8142
f 8313 8267 8189
f 8267 8230 8189
f 6905 6947 6937
f 6920 7149 6947
f 7149 6920 7056
f 7056 6908 7129
f 8494 8453 8634
f 8634 8548 8494
f 8548 8522 8494
f 8548 8773 8582
f 8582 8768 8596
f 8582 8773 8768
f 7163 7274 7025
f 7163 7215 7274
f 7248 7303 7215
f 8912 8938 9030
f 8912 9030 8982
f 7303 7275 7401
f 7248 7275 7303
f 7275 7471 7401
f 9136 9030 9112
f 9112 9165 9136
f 9165 9214 9136
f 7471 7275 7464
f 8061 8098 8326
f 8326 8098 8530
f 7597 7464 7580
f 7597 7580 7699
f 7908 7699 8035
f 8061 7908 8035
f 8061 8035 8098
f 8677 8901 8751
f 9165 9297 9214
f 7726 7699 7580
f 8901 8766 9005
f 9296 9214 9297
f 9297 9367 9296
f 9367 9360 9296
f 9399 9360 9367
f 9367 9457 9399
f 9228 9247 9189
f 9247 9228 9279
f 9505 9557 9457
f 9488 9321 9381
f 9499 9457 9557
f 9670 9625 9557
f 9670 9665 9625
f 9429 9488 9381
f 9787 9704 9665
f 9787 9789 9704
f 9539 9600 9637
f 9637 9600 9665
f 9704 9789 9781
f 9684 9704 9697
f 9750 9697 9704
f 9781 9750 9704
f 9781 9866 9814
f 9781 9895 9866
f 9895 9949 9866
f 9752 9849 9866
f 9849 9788 9814
f 9849 9814 9866
f 9923 9949 9973
f 9855 9849 9752
f 9891 9855 9901
f 9891 9849 9855
f 10192 10185 10089
f 10192 10216 10185
f 9894 10003 9901
f 10003 9891 9901
f 10012 10003 9894
f 10003 10012 10047
f 10216 10261 10190
f 10320 10383 10349
f 10148 10012 10045
f 10383 10384 10349
f 10383 10428 10384
f 10148 10045 10224
f 10438 10384 10428
f 10428 10504 10438
f 10504 10593 10512
f 10593 10571 10512
f 10571 10654 10644
f 10281 10224 10236
f 10296 10281 10236
f 10654 10712 10644
f 10335 10296 10344
f 10644 10712 10665
f 10665 10712 10715
f 10712 10759 10715
f 10715 10759 10814
f 10814 10759 10812
f 10812 10851 10814
f 10812 10869 10851
f 10398 10344 10352
f 10919 10851 10961
f 10961 11012 10952
f 10961 10994 11012
f 10994 11033 11012
f 10919 10961 10952
f 11012 11033 11037
f 11033 11056 11037
f 11075 11037 11056
f 11056 11074 11075
f 10524 10481 10466
f 11075 11074 11089
f 11089 11094 11075
f 11089 11114 11094
f 10626 10627 10596
f 10626 10670 10627
f 11089 11112 11114
f 11112 11128 11114
f 11093 11112 11089
f 10664 10691 10670
f 11093 11128 11112
f 11128 11093 11147
f 11093 11132 11147
f 10702 10731 10700
f 10702 10744 10731
f 11061 11140 11093
f 11140 11132 11093
f 10830 10794 10855
f 10744 10794 10830
f 11116 11140 11061
f 11061 11084 11116
f 11017 11084 11061
f 11017 11043 11084
f 10827 10861 10855
f 11015 11084 11043
f 10864 10895 10861
f 10993 11015 11043
f 11015 11092 11084
f 10895 10993 10943
f 11015 11041 11092
f 10895 10908 10956
f 10956 10993 10895
f 10999 11015 10993
f 10956 10999 10993
f 10999 11041 11015
f 10999 10956 11002
f 10999 11002 11041
f 7270 7348 7301
f 7110 6951 7109
f 7109 7270 7110
f 7109 7309 7270
f 7309 7348 7270
f 6951 6957 7109
f 6729 6889 6951
f 6951 6889 6957
f 7566 7506 7679
f 6957 6889 6894
f 6775 6894 6889
f 7751 7679 7506
f 6775 6823 6894
f 6953 6894 6823
f 7847 7835 7865
f 7847 7751 7835
f 6775 6730 6823
f 7983 7847 7865
f 7915 7847 7983
f 7983 7993 7915
f 6730 6789 6823
f 6789 6844 6823
f 7993 8049 7915
f 8049 7961 7915
f 8011 7961 8049
f 8053 8011 8049
f 8127 8053 8187
f 6749 6844 6789
f 6844 6749 6867
f 8187 8376 8127
f 6749 6756 6867
f 6756 6973 6867
f 8376 8266 8127
f 8266 8148 8127
f 6866 6973 6756
f 8148 8320 8211
f 8320 8313 8211
f 8313 8189 8211
f 6866 6905 7018
f 6905 6991 7018
f 6937 6991 6905
f 8313 8436 8267
f 6947 7149 6937
f 8436 8349 8267
f 8349 8304 8267
f 8384 8304 8349
f 8349 8508 8384
f 8508 8417 8384
f 7056 7129 7176
f 8445 8384 8417
f 8417 8584 8445
f 8584 8497 8445
f 8497 8453 8445
f 6908 7189 7129
f 8634 8453 8497
f 8634 8774 8548
f 7068 7312 7189
f 8698 8548 8774
f 7068 7262 7312
f 8773 8548 8698
f 7025 7262 7068
f 8773 8896 8768
f 8773 8698 8896
f 7025 7274 7262
f 7262 7274 7415
f 7274 7215 7430
f 8768 8896 8912
f 8896 8938 8912
f 7215 7390 7430
f 7215 7303 7390
f 9030 8938 9023
f 9023 9081 9030
f 7303 7401 7390
f 7401 7454 7390
f 9030 9081 9112
f 9081 9165 9112
f 7401 7471 7454
f 7454 7471 7630
f 7630 7597 7908
f 9081 9210 9165
f 7471 7597 7630
f 7471 7464 7597
f 7699 7908 7597
f 9210 9276 9165
f 9276 9376 9165
f 8255 7907 7908
f 8255 7908 8061
f 8255 8061 8326
f 8326 8530 8676
f 8902 8676 8751
f 9165 9376 9297
f 8677 8676 8530
f 8676 8677 8751
f 9001 8751 8901
f 9297 9376 9367
f 9376 9470 9367
f 9470 9457 9367
f 9470 9505 9457
f 9005 9001 8901
f 9262 9012 9189
f 9262 9002 9012
f 9281 9262 9189
f 9572 9557 9505
f 9572 9670 9557
f 9247 9281 9189
f 9670 9787 9665
f 9321 9394 9279
f 9394 9339 9279
f 9394 9321 9488
f 9787 9889 9789
f 9516 9429 9480
f 9516 9488 9429
f 9596 9516 9480
f 9789 9889 9781
f 9889 9895 9781
f 9889 9994 9895
f 9539 9596 9480
f 9652 9539 9637
f 9652 9596 9539
f 9895 9994 9949
f 9994 9973 9949
f 9994 10100 9973
f 9697 9637 9684
f 10100 10140 10056
f 9788 9839 9750
f 9839 9697 9750
f 9839 9788 9849
f 10100 10056 9973
f 10089 10056 10140
f 10140 10192 10089
f 10192 10246 10261
f 9891 9877 9849
f 10192 10261 10216
f 10261 10319 10284
f 10319 10378 10284
f 10378 10320 10284
f 10378 10383 10320
f 10378 10441 10383
f 10441 10428 10383
f 10441 10489 10428
f 10143 10012 10148
f 10143 10047 10012
f 10489 10504 10428
f 10489 10507 10504
f 10507 10593 10504
f 10507 10557 10593
f 10215 10143 10148
f 10214 10215 10148
f 10557 10680 10593
f 10680 10571 10593
f 10680 10654 10571
f 10680 10697 10654
f 10224 10214 10148
f 10214 10224 10281
f 10697 10712 10654
f 10697 10812 10712
f 10812 10759 10712
f 10916 10961 10869
f 10916 10957 10961
f 10335 10330 10296
f 10330 10281 10296
f 10869 10961 10851
f 10961 10957 10994
f 10957 11007 10994
f 10335 10344 10442
f 10442 10344 10398
f 10994 11007 11033
f 11007 11032 11033
f 10442 10398 10446
f 11033 11032 11052
f 11052 11056 11033
f 10466 10481 10446
f 10481 10442 10446
f 11074 11052 11053
f 11056 11052 11074
f 10481 10524 10568
f 11053 11089 11074
f 10581 10568 10524
f 10596 10627 10581
f 11053 11093 11089
f 11057 11053 11006
f 10700 10725 10691
f 10700 10731 10725
f 11057 11093 11053
f 10731 10744 10830
f 11042 11093 11057
f 11042 11061 11093
f 10992 11017 11042
f 11017 11061 11042
f 10978 11017 10992
f 10855 10943 10900
f 10968 11017 10978
f 10968 11043 11017
f 10855 10861 10943
f 10943 10968 10900
f 10980 11043 10968
f 10980 10993 11043
f 10895 10943 10861
f 10943 10980 10968
f 10980 10943 10993
f 7109 7202 7309
f 7348 7309 7385
f 7348 7385 7431
f 7492 7431 7385
f 7309 7492 7385
f 7492 7506 7431
f 7109 6957 7202
f 7506 7492 7751
f 6957 7114 7202
f 7751 7492 7722
f 6894 6953 6957
f 6953 7114 6957
f 7751 7722 7835
f 6904 6953 6823
f 7993 8156 8065
f 6823 6916 6904
f 8065 8049 7993
f 6823 6844 6916
f 8049 8263 8053
f 6844 6867 6916
f 8263 8187 8053
f 6973 6866 7018
f 8320 8148 8266
f 8320 8500 8313
f 6991 6937 7149
f 8500 8436 8313
f 8436 8577 8349
f 7149 7176 7186
f 8577 8508 8349
f 7056 7176 7149
f 8508 8584 8417
f 7176 7129 7241
f 7129 7312 7241
f 8497 8584 8634
f 8584 8738 8634
f 7129 7189 7312
f 8774 8634 8738
f 7262 7352 7312
f 7352 7262 7415
f 8774 8903 8698
f 8698 8903 8896
f 8903 8938 8896
f 8903 9034 8938
f 7274 7430 7415
f 7415 7430 7614
f 8938 9081 9023
f 8938 9034 9081
f 9034 9131 9081
f 7390 7454 7430
f 9131 9177 9081
f 9177 9292 9081
f 7454 7630 7692
f 7692 7630 7825
f 9081 9292 9276
f 7825 7630 7908
f 7825 7908 7907
f 7907 7932 7825
f 9081 9276 9210
f 9292 9372 9276
f 9372 9406 9276
f 8039 7932 7907
f 8039 7907 8255
f 9276 9406 9376
f 8326 8382 8255
f 8534 8382 8326
f 8534 8326 8676
f 8716 8676 8902
f 9376 9406 9470
f 9000 8751 9001
f 9000 8902 8751
f 9470 9572 9505
f 9470 9550 9572
f 9280 9005 9002
f 9572 9696 9670
f 9262 9280 9002
f 9696 9728 9670
f 9728 9787 9670
f 9728 9791 9787
f 9339 9247 9279
f 9791 9827 9787
f 9827 9889 9787
f 9827 9896 9889
f 9896 9935 9889
f 9935 9994 9889
f 9935 9996 9994
f 9996 10037 9994
f 10037 10100 9994
f 10037 10104 10100
f 10104 10171 10100
f 10171 10140 10100
f 10171 10184 10140
f 10184 10246 10140
f 10246 10192 10140
f 9839 9810 9697
f 10246 10318 10261
f 10318 10319 10261
f 10318 10368 10319
f 9877 9839 9849
f 10319 10368 10378
f 10378 10456 10441
f 10456 10515 10441
f 10515 10507 10441
f 10515 10526 10507
f 10047 10048 10003
f 10110 10048 10047
f 10143 10110 10047
f 10441 10507 10489
f 10191 10110 10143
f 10507 10526 10557
f 10557 10606 10680
f 10557 10526 10606
f 10606 10656 10680
f 10656 10697 10680
f 10656 10797 10697
f 10797 10812 10697
f 10797 10831 10812
f 10812 10831 10869
f 10831 10870 10869
f 10870 10899 10869
f 10298 10215 10214
f 10281 10298 10214
f 10869 10899 10916
f 10932 10916 10899
f 10932 10957 10916
f 10932 10959 10957
f 10959 11007 10957
f 10442 10330 10335
f 10959 11003 11007
f 11032 11007 11003
f 10970 11032 11003
f 10481 10568 10442
f 10568 10330 10442
f 10970 11004 11032
f 11032 11004 11052
f 11053 11052 11004
f 10568 10627 10636
f 10581 10627 10568
f 10627 10661 10636
f 11006 11053 11004
f 10670 10725 10627
f 10725 10661 10627
f 10691 10725 10670
f 10725 10731 10792
f 10986 11057 11006
f 11042 11057 10986
f 10946 10986 10947
f 10946 11042 10986
f 10830 10896 10921
f 10992 11042 10946
f 10830 10855 10896
f 10896 10978 10946
f 10978 10992 10946
f 10900 10896 10855
f 10978 10896 10900
f 10978 10900 10968
f 7309 7457 7492
f 7202 7114 7309
f 7309 7470 7457
f 7608 7457 7470
f 7608 7722 7457
f 7722 7492 7457
f 7114 7267 7309
f 7267 7470 7309
f 7608 7703 7722
f 7470 7267 7357
f 7722 7703 7835
f 7703 7865 7835
f 7114 6953 7113
f 7113 7267 7114
f 7983 7703 8013
f 7865 7703 7983
f 6904 7113 6953
f 7113 7279 7267
f 7983 8013 7993
f 7279 7113 7200
f 6916 7113 6904
f 6916 7038 7113
f 7200 7113 7038
f 8156 8170 8065
f 8170 8049 8065
f 6916 7078 7038
f 8263 8049 8170
f 6916 6867 7078
f 6867 6973 7078
f 8187 8263 8359
f 6973 7047 7078
f 8187 8359 8376
f 7018 7047 6973
f 7047 7018 7122
f 8376 8426 8266
f 8266 8426 8320
f 7018 6991 7122
f 6991 7187 7122
f 8426 8496 8320
f 8496 8500 8320
f 6991 7149 7187
f 7149 7230 7187
f 8496 8575 8500
f 7149 7186 7230
f 8436 8500 8577
f 8575 8577 8500
f 7186 7176 7332
f 8651 8508 8577
f 7241 7398 7176
f 8508 8738 8584
f 8508 8651 8738
f 8651 8838 8738
f 7241 7312 7398
f 8838 8842 8738
f 7312 7416 7398
f 8842 8839 8738
f 7312 7498 7416
f 8738 8839 8774
f 7312 7352 7498
f 8839 8903 8774
f 7352 7415 7498
f 7498 7415 7860
f 8903 9105 9034
f 7415 7740 7860
f 7415 7614 7740
f 9034 9105 9131
f 9105 9166 9131
f 9166 9177 9131
f 7454 7614 7430
f 7614 7454 7692
f 9166 9292 9177
f 7825 7850 7692
f 7850 7825 7932
f 7932 8039 8106
f 8357 8106 8255
f 8106 8039 8255
f 8357 8255 8382
f 9372 9470 9406
f 9372 9485 9470
f 8510 8382 8534
f 8717 8534 8676
f 8855 8717 8716
f 9485 9530 9470
f 8716 8717 8676
f 8907 8716 8902
f 8907 8855 8716
f 9470 9530 9550
f 9550 9620 9572
f 9620 9696 9572
f 9225 9005 9280
f 9225 9001 9005
f 9728 9827 9791
f 9934 9896 9827
f 9934 9935 9896
f 9503 9247 9339
f 9503 9281 9247
f 10036 9996 9935
f 10036 10037 9996
f 10158 10104 10037
f 10158 10171 10104
f 10171 10234 10184
f 10184 10234 10246
f 10234 10291 10246
f 10291 10318 10246
f 10291 10325 10318
f 9697 9726 9637
f 9726 9652 9637
f 9726 9697 9810
f 10325 10341 10318
f 10341 10368 10318
f 10341 10394 10368
f 10394 10378 10368
f 10394 10426 10378
f 10426 10456 10378
f 10456 10560 10515
f 10003 9993 9891
f 9993 9877 9891
f 9993 10003 10048
f 10515 10560 10526
f 10526 10560 10606
f 10560 10595 10606
f 10595 10656 10606
f 10595 10733 10656
f 10733 10777 10656
f 10110 10165 10048
f 10656 10777 10797
f 10777 10832 10797
f 10215 10191 10143
f 10832 10831 10797
f 10831 10832 10870
f 10832 10862 10870
f 10272 10191 10215
f 10870 10862 10887
f 10887 10899 10870
f 10215 10298 10287
f 10887 10893 10899
f 10893 10932 10899
f 10330 10298 10281
f 10931 10932 10893
f 10931 10959 10932
f 10375 10298 10330
f 11003 10931 10924
f 11003 10959 10931
f 10444 10330 10636
f 10924 10970 11003
f 10568 10636 10330
f 10860 10970 10924
f 10860 10951 10970
f 10951 11004 10970
f 10865 10909 10951
f 10954 10951 10909
f 10954 11004 10951
f 11004 10954 11006
f 10792 10661 10725
f 10909 10882 10954
f 10882 11006 10954
f 10830 10792 10731
f 10792 10882 10821
f 10792 10872 10882
f 10872 10947 10882
f 10947 11006 10882
f 10947 10986 11006
f 10792 10830 10872
f 10872 10921 10947
f 10872 10830 10921
f 10921 10946 10947
f 10921 10896 10946
f 7691 7703 7608
f 7357 7608 7470
f 7608 7744 7691
f 7744 7856 7691
f 7856 7703 7691
f 7856 8013 7703
f 7279 7357 7267
f 7357 7517 7608
f 7517 7744 7608
f 8013 7856 7941
f 7517 7357 7279
f 7993 8013 8156
f 7200 7289 7279
f 7517 7279 7289
f 7200 7038 7289
f 8172 8156 8013
f 8170 8156 8172
f 7078 7291 7038
f 7291 7289 7038
f 8263 8170 8172
f 8172 8401 8263
f 7078 7047 7291
f 8401 8359 8263
f 7047 7122 7291
f 7122 7474 7291
f 8401 8569 8359
f 7256 7474 7122
f 8376 8359 8426
f 8569 8426 8359
f 8569 8566 8426
f 7187 7256 7122
f 8566 8496 8426
f 7256 7187 7230
f 8566 8770 8496
f 8770 8652 8496
f 8652 8575 8496
f 7230 7186 7332
f 8575 8652 8577
f 8652 8878 8577
f 7176 7438 7332
f 8878 8838 8577
f 8838 8651 8577
f 7176 7398 7438
f 7398 7484 7438
f 7398 7514 7484
f 8838 8886 8842
f 7398 7539 7514
f 7398 7416 7539
f 8842 9031 8839
f 8842 8886 9031
f 7416 7585 7539
f 8839 9031 9011
f 7416 7498 7585
f 8839 9011 8903
f 9011 9065 8903
f 8903 9065 9105
f 9108 9166 9065
f 9105 9065 9166
f 9273 9306 9166
f 7692 7740 7614
f 7740 7692 7852
f 7850 7852 7692
f 7850 7936 7852
f 7936 7850 8106
f 9166 9306 9292
f 8106 7850 7932
f 9292 9356 9372
f 9292 9306 9356
f 9356 9463 9372
f 8276 8106 8357
f 8521 8357 8382
f 8521 8382 8510
f 9372 9463 9515
f 9372 9515 9485
f 9485 9515 9530
f 9515 9549 9530
f 8534 8555 8510
f 8555 8534 8717
f 8950 8855 8907
f 9530 9549 9550
f 9550 9549 9620
f 9620 9680 9718
f 9051 8907 8902
f 9000 9051 8902
f 9160 9000 9001
f 9160 9051 9000
f 9620 9718 9696
f 9696 9812 9728
f 9696 9718 9812
f 9812 9858 9728
f 9225 9160 9001
f 9728 9858 9827
f 9827 9899 9934
f 9827 9858 9899
f 9514 9262 9281
f 9935 9980 10036
f 9935 9934 9980
f 9503 9514 9281
f 9552 9503 9339
f 10037 10098 10158
f 10037 10036 10098
f 10193 10234 10158
f 10193 10263 10234
f 9394 9552 9339
f 9666 9394 9488
f 9666 9552 9394
f 9717 9666 9488
f 10171 10158 10234
f 10263 10291 10234
f 10263 10300 10291
f 9516 9717 9488
f 9727 9516 9596
f 9727 9717 9516
f 9652 9727 9596
f 10300 10341 10291
f 9783 9727 9652
f 10291 10341 10325
f 9726 9783 9652
f 9947 9726 9810
f 10341 10380 10394
f 10380 10426 10394
f 10380 10463 10426
f 10463 10528 10426
f 10528 10456 10426
f 10528 10560 10456
f 9986 9810 9839
f 9986 9947 9810
f 10528 10566 10560
f 10566 10640 10560
f 10640 10595 10560
f 10640 10678 10595
f 10042 9877 9993
f 9839 9877 10042
f 10595 10678 10733
f 10678 10763 10733
f 10161 9993 10048
f 10763 10777 10733
f 10763 10832 10777
f 10161 10048 10165
f 10191 10165 10110
f 10803 10763 10737
f 10803 10832 10763
f 10237 10165 10191
f 10271 10237 10191
f 10862 10803 10770
f 10862 10832 10803
f 10271 10191 10272
f 10287 10272 10215
f 10893 10887 10862
f 10287 10298 10375
f 10840 10893 10862
f 10877 10893 10840
f 10877 10931 10893
f 10444 10375 10330
f 10840 10771 10877
f 10877 10924 10931
f 10854 10877 10771
f 10854 10924 10877
f 10854 10860 10924
f 10860 10865 10951
f 10636 10661 10693
f 10852 10909 10865
f 10693 10661 10768
f 10661 10792 10768
f 10768 10821 10824
f 10821 10858 10824
f 10858 10852 10824
f 10858 10909 10852
f 10768 10792 10821
f 10858 10821 10882
f 10858 10882 10909
f 7799 7856 7744
f 7941 7856 7799
f 8079 8013 7941
f 7455 7607 7517
f 7607 7744 7517
f 7607 7799 7744
f 7799 8079 7941
f 7517 7289 7455
f 7799 7607 7613
f 8172 8079 8265
f 8013 8079 8172
f 7289 7291 7455
f 8172 8265 8401
f 7607 7455 7613
f 7474 7455 7291
f 7474 7613 7455
f 7474 7708 7613
f 8412 8401 8265
f 8412 8549 8401
f 8569 8401 8549
f 8549 8637 8569
f 7256 7473 7474
f 8637 8566 8569
f 8637 8770 8566
f 7256 7230 7473
f 7473 7230 7591
f 7332 7591 7230
f 8849 8652 8770
f 7502 7591 7332
f 8849 8878 8652
f 7438 7502 7332
f 7484 7625 7438
f 8838 8878 8886
f 8980 8994 8878
f 8994 8886 8878
f 7484 7514 7625
f 7514 7539 7625
f 8886 8994 9031
f 8994 9078 9031
f 7539 7695 7625
f 9078 9108 9031
f 7539 7585 7695
f 9011 9031 9065
f 9031 9108 9065
f 7695 7585 7796
f 7498 7796 7585
f 9178 9243 9108
f 7860 7796 7498
f 9108 9273 9166
f 9108 9243 9273
f 9243 9316 9273
f 7740 7936 7860
f 7740 7852 7936
f 9273 9356 9306
f 9273 9351 9356
f 9351 9438 9356
f 9356 9438 9467
f 9438 9524 9467
f 9524 9570 9467
f 8106 8105 7936
f 8105 8106 8276
f 9356 9467 9463
f 9467 9570 9463
f 8390 8357 8521
f 9463 9549 9515
f 9463 9570 9549
f 9570 9662 9549
f 8521 8510 8555
f 9549 9662 9620
f 9662 9680 9620
f 9662 9701 9680
f 9701 9812 9680
f 8658 8555 8717
f 8658 8717 8778
f 8778 8717 8899
f 8899 8717 8855
f 9718 9680 9812
f 9010 8950 9051
f 8950 8907 9051
f 9073 9010 9051
f 9899 9977 9980
f 9899 9980 9934
f 9980 10101 10098
f 10101 10197 10098
f 9980 10098 10036
f 10098 10197 10193
f 10197 10257 10193
f 10098 10193 10158
f 10193 10257 10260
f 10193 10260 10263
f 10260 10289 10263
f 10314 10374 10289
f 10263 10289 10300
f 10300 10289 10341
f 10289 10374 10341
f 10341 10374 10380
f 10380 10374 10407
f 10407 10463 10380
f 10463 10498 10528
f 9882 9726 9947
f 9882 9783 9726
f 10602 10528 10498
f 10566 10528 10602
f 10042 9986 9839
f 10602 10640 10566
f 10602 10675 10640
f 10675 10678 10640
f 10701 10678 10675
f 10701 10763 10678
f 10161 10042 9993
f 10701 10714 10763
f 10161 10165 10237
f 10737 10763 10714
f 10666 10737 10714
f 10304 10272 10287
f 10271 10272 10304
f 10770 10737 10666
f 10770 10803 10737
f 10354 10304 10287
f 10745 10862 10770
f 10375 10354 10287
f 10354 10375 10395
f 10840 10862 10745
f 10395 10375 10444
f 10395 10444 10431
f 10723 10840 10745
f 10431 10444 10545
f 10723 10771 10840
f 10636 10545 10444
f 10545 10636 10600
f 10771 10787 10854
f 10787 10860 10854
f 10660 10600 10706
f 10860 10787 10865
f 10600 10636 10706
f 10764 10781 10787
f 10747 10781 10764
f 10787 10844 10865
f 10693 10706 10636
f 10706 10761 10747
f 10761 10781 10747
f 10781 10844 10787
f 10706 10693 10761
f 10761 10790 10781
f 10790 10844 10781
f 10844 10852 10865
f 10768 10761 10693
f 10761 10768 10790
f 10790 10824 10844
f 10844 10824 10852
f 10790 10768 10824
f 7613 7781 7799
f 7927 8135 7799
f 8135 8079 7799
f 8135 8265 8079
f 8135 8331 8265
f 7781 7927 7799
f 7708 7781 7613
f 7927 7781 7708
f 8412 8331 8495
f 8265 8331 8412
f 8495 8549 8412
f 7474 7716 7708
f 7716 7877 7708
f 8495 8621 8549
f 8621 8637 8549
f 7473 7716 7474
f 8637 8621 8769
f 8621 8814 8769
f 8637 8769 8770
f 7473 7591 7716
f 8814 8770 8769
f 7591 7746 7716
f 8770 8814 8849
f 7502 7746 7591
f 8849 8980 8878
f 8849 8988 8980
f 7502 7438 7746
f 8988 9082 8980
f 7438 7625 7746
f 7625 7884 7746
f 8980 9078 8994
f 8980 9082 9078
f 7758 7884 7625
f 9078 9150 9178
f 7625 7695 7758
f 7758 7695 7843
f 9108 9078 9178
f 9150 9252 9178
f 7695 7966 7843
f 9178 9252 9243
f 7695 7796 7966
f 9350 9316 9243
f 9350 9351 9316
f 7796 7860 7966
f 7966 7860 8025
f 7860 7936 8025
f 9316 9351 9273
f 9556 9524 9438
f 7936 8105 8025
f 8025 8105 8295
f 9556 9570 9524
f 8295 8105 8276
f 8390 8295 8357
f 8295 8276 8357
f 9662 9782 9701
f 9816 9812 9782
f 9816 9940 9812
f 8555 8587 8521
f 8587 8555 8658
f 9701 9782 9812
f 8778 8858 8658
f 9858 9940 9899
f 9858 9812 9940
f 9940 9977 9899
f 9940 10039 9977
f 8962 8899 8950
f 8899 8855 8950
f 9024 8950 9010
f 9024 8962 8950
f 9977 10039 10101
f 9977 10101 9980
f 10189 10197 10101
f 10189 10226 10197
f 9160 9073 9051
f 9186 9073 9160
f 9255 9160 9225
f 9186 9160 9255
f 9255 9225 9302
f 10197 10226 10257
f 10226 10279 10257
f 9302 9225 9280
f 9363 9302 9280
f 9451 9363 9280
f 10257 10314 10260
f 10257 10279 10314
f 10279 10334 10314
f 9262 9451 9280
f 9464 9262 9514
f 9464 9451 9262
f 10260 10314 10289
f 10314 10334 10374
f 10334 10364 10374
f 10374 10364 10407
f 10364 10455 10407
f 9716 9717 9727
f 10407 10455 10463
f 10455 10498 10463
f 9716 9727 9783
f 9832 9783 9882
f 9716 9783 9832
f 10498 10455 10492
f 10597 10492 10527
f 10597 10602 10492
f 10602 10498 10492
f 10597 10675 10602
f 10154 10161 10237
f 10594 10597 10527
f 10607 10597 10594
f 10607 10675 10597
f 10607 10701 10675
f 10607 10714 10701
f 10267 10237 10271
f 10267 10271 10304
f 10666 10714 10607
f 10630 10666 10607
f 10630 10770 10666
f 10304 10354 10395
f 10745 10770 10630
f 10639 10745 10630
f 10639 10723 10745
f 10431 10545 10530
f 10634 10723 10639
f 10530 10545 10605
f 10711 10723 10634
f 10711 10736 10723
f 10736 10771 10723
f 10545 10600 10605
f 10605 10660 10634
f 10660 10711 10634
f 10736 10787 10771
f 10605 10600 10660
f 10711 10764 10736
f 10736 10764 10787
f 10660 10747 10711
f 10660 10706 10747
f 10747 10764 10711
f 7927 8016 8135
f 8016 8192 8135
f 8192 8290 8135
f 8290 8331 8135
f 8290 8495 8331
f 8290 8538 8495
f 7708 7877 7927
f 7877 8016 7927
f 8621 8495 8538
f 8538 8627 8621
f 7877 8192 8016
f 7877 8033 8192
f 8626 8627 8538
f 8627 8814 8621
f 7716 8033 7877
f 8814 8627 8831
f 8028 8033 7716
f 7716 7746 8028
f 8926 8814 8831
f 8849 8814 8926
f 8926 8988 8849
f 8926 9067 8988
f 8988 9067 9082
f 9067 9120 9082
f 7746 7884 8028
f 7884 8126 8028
f 9078 9082 9150
f 9082 9120 9150
f 7911 7884 7758
f 9150 9120 9252
f 9120 9336 9252
f 7843 7911 7758
f 9252 9336 9350
f 9336 9371 9350
f 7843 7966 7911
f 9243 9252 9350
f 9350 9447 9351
f 9350 9371 9447
f 9371 9491 9447
f 9447 9491 9556
f 8025 7991 7966
f 9351 9447 9438
f 9438 9447 9556
f 9556 9491 9655
f 9491 9714 9655
f 9570 9655 9662
f 9570 9556 9655
f 9655 9764 9662
f 9655 9714 9764
f 9662 9764 9782
f 9764 9816 9782
f 8556 8390 8521
f 8708 8521 8587
f 8815 8708 8587
f 9940 9816 9938
f 9938 10039 9940
f 9938 10024 10039
f 8658 8815 8587
f 8815 8658 8858
f 10024 10079 10039
f 8858 8778 8899
f 10039 10079 10101
f 10101 10079 10189
f 10079 10248 10189
f 9073 9024 9010
f 9173 9024 9073
f 9207 9073 9186
f 9207 9173 9073
f 10226 10189 10248
f 10226 10248 10279
f 10248 10331 10279
f 10331 10334 10279
f 10331 10364 10334
f 9573 9514 9552
f 9514 9503 9552
f 9573 9552 9666
f 10327 10331 10294
f 10327 10364 10331
f 10425 10364 10327
f 10425 10455 10364
f 9832 9717 9716
f 10397 10425 10327
f 9870 9832 9882
f 9870 9882 9932
f 10492 10455 10425
f 9932 9882 9947
f 10004 9947 9986
f 9932 9947 10004
f 10397 10424 10425
f 10424 10492 10425
f 10424 10459 10492
f 10004 9986 10042
f 10004 10042 10154
f 10527 10492 10459
f 10161 10154 10042
f 10237 10227 10154
f 10241 10227 10267
f 10424 10527 10459
f 10227 10237 10267
f 10267 10311 10343
f 10472 10527 10424
f 10472 10594 10527
f 10472 10607 10594
f 10304 10311 10267
f 10365 10474 10472
f 10474 10503 10472
f 10343 10311 10304
f 10343 10304 10365
f 10304 10395 10365
f 10414 10474 10365
f 10503 10587 10472
f 10472 10587 10607
f 10587 10630 10607
f 10365 10395 10414
f 10451 10474 10414
f 10451 10503 10474
f 10451 10552 10503
f 10552 10587 10503
f 10451 10414 10431
f 10414 10395 10431
f 10587 10639 10630
f 10552 10451 10530
f 10451 10431 10530
f 10552 10530 10610
f 10610 10587 10552
f 10587 10610 10639
f 10610 10634 10639
f 10605 10610 10530
f 10610 10605 10634
f 8033 8188 8192
f 8397 8538 8290
f 8397 8626 8538
f 8192 8397 8290
f 8482 8626 8397
f 8341 8192 8188
f 8341 8397 8192
f 8482 8731 8626
f 8731 8627 8626
f 8831 8627 8731
f 8028 8188 8033
f 8028 8126 8188
f 8126 8341 8188
f 8910 8926 8831
f 8910 8932 8926
f 8831 8731 8805
f 8805 8910 8831
f 8987 8926 8932
f 8987 9067 8926
f 8987 9092 9067
f 9092 9120 9067
f 7884 8085 8126
f 9092 9244 9120
f 9336 9120 9244
f 7911 8085 7884
f 9391 9336 9244
f 9391 9371 9336
f 7911 8153 8085
f 7911 7966 8153
f 9553 9371 9391
f 9491 9371 9553
f 7966 7991 8153
f 8153 7991 8214
f 9613 9491 9553
f 9613 9714 9491
f 7991 8025 8214
f 9770 9714 9613
f 8295 8214 8025
f 8214 8295 8403
f 9770 9764 9714
f 8403 8295 8390
f 8556 8403 8390
f 9770 9862 9764
f 9764 9862 9816
f 8708 8556 8521
f 9862 9938 9816
f 9862 10024 9938
f 8815 8858 8949
f 10145 10079 10024
f 8899 8949 8858
f 8976 8899 8962
f 8976 8949 8899
f 10024 9862 10145
f 9024 8976 8962
f 9076 8976 9024
f 9173 9076 9024
f 10188 10145 10129
f 10188 10079 10145
f 10188 10248 10079
f 10108 10188 10129
f 10108 10222 10188
f 10249 10188 10222
f 10249 10248 10188
f 9255 9207 9186
f 9329 9207 9302
f 9207 9255 9302
f 9329 9302 9363
f 9379 9363 9451
f 10249 10331 10248
f 9451 9464 9514
f 9451 9514 9573
f 10213 10249 10222
f 10213 10294 10249
f 10249 10294 10331
f 10251 10294 10213
f 9719 9666 9717
f 9719 9832 9795
f 9719 9717 9832
f 9795 9832 9834
f 10251 10254 10294
f 10327 10294 10254
f 9834 9832 9870
f 9834 9870 9932
f 10004 10026 9932
f 10026 10004 10093
f 10312 10327 10254
f 10397 10327 10312
f 10004 10154 10093
f 10154 10160 10093
f 10160 10221 10093
f 10221 10292 10254
f 10292 10312 10254
f 10312 10342 10397
f 10342 10424 10397
f 10160 10241 10221
f 10241 10292 10221
f 10292 10342 10312
f 10227 10160 10154
f 10160 10227 10241
f 10241 10299 10292
f 10299 10342 10292
f 10299 10241 10267
f 10342 10413 10424
f 10343 10299 10267
f 10342 10299 10343
f 10342 10343 10413
f 10413 10472 10424
f 10365 10413 10343
f 10413 10365 10472
f 8397 8724 8482
f 8724 8731 8482
f 8341 8197 8358
f 8341 8126 8197
f 8358 8397 8341
f 8724 8805 8731
f 8987 8932 8910
f 8358 8511 8397
f 8511 8724 8397
f 8857 8910 8805
f 8857 8929 8910
f 8929 8987 8910
f 8929 9052 8987
f 9115 9092 9052
f 9092 8987 9052
f 8126 8085 8197
f 8197 8271 8358
f 8344 8358 8271
f 8511 8358 8344
f 9052 9085 9115
f 9206 9115 9085
f 9206 9244 9115
f 9244 9092 9115
f 8085 8271 8197
f 9085 9191 9206
f 9294 9244 9206
f 8085 8261 8271
f 8344 8271 8261
f 9191 9294 9206
f 9391 9244 9294
f 8085 8153 8261
f 9334 9294 9191
f 9446 9294 9334
f 9446 9391 9294
f 8316 8261 8153
f 9424 9446 9334
f 9553 9391 9446
f 9424 9476 9446
f 8214 8316 8153
f 9612 9446 9476
f 9612 9553 9446
f 9612 9613 9553
f 8373 8316 8214
f 8316 8373 8421
f 9626 9612 9476
f 9770 9613 9612
f 8373 8214 8457
f 8457 8421 8373
f 9822 9612 9626
f 9822 9770 9612
f 8403 8457 8214
f 8421 8457 8648
f 9738 9822 9626
f 8457 8403 8556
f 8457 8556 8648
f 9862 9770 9822
f 8648 8556 8708
f 8648 8708 8721
f 8721 8708 8782
f 9818 9822 9738
f 8782 8708 8815
f 8952 8782 8949
f 8721 8782 8952
f 9818 9931 9822
f 9931 9862 9822
f 8782 8815 8949
f 8952 8997 9014
f 8952 8949 8997
f 8976 8997 8949
f 8997 8976 9076
f 9076 9173 9230
f 9925 9931 9818
f 9925 10032 9931
f 10032 10145 9931
f 10145 9862 9931
f 9230 9173 9207
f 9230 9207 9329
f 10129 10032 10108
f 10129 10145 10032
f 9329 9379 9395
f 9395 9379 9431
f 9925 10108 10032
f 9363 9379 9329
f 9431 9379 9451
f 9451 9497 9431
f 9939 10108 9925
f 9939 9985 10108
f 9568 9497 9573
f 9497 9451 9573
f 9878 9985 9939
f 10099 10108 9985
f 10222 10108 10099
f 9666 9568 9573
f 9731 9568 9666
f 9731 9666 9719
f 9719 9795 9731
f 9795 9878 9731
f 9795 9909 9878
f 9909 9985 9878
f 10156 10222 10099
f 10156 10213 10222
f 9909 9795 9834
f 9909 10060 9985
f 10060 10099 9985
f 10060 10156 10099
f 10156 10238 10213
f 10213 10238 10251
f 9932 9909 9834
f 10060 9909 10026
f 9909 9932 10026
f 10060 10238 10156
f 10238 10254 10251
f 10093 10060 10026
f 10238 10060 10221
f 10060 10093 10221
f 10238 10221 10254
f 8511 8857 8724
f 8857 8805 8724
f 8929 9085 9052
f 8344 8857 8511
f 8344 8929 8857
f 9334 9191 9085
f 8261 8316 8344
f 8316 8929 8344
f 8929 9334 9085
f 8721 8929 8316
f 8316 8421 8721
f 8721 9014 8929
f 9076 9424 9334
f 9424 9626 9476
f 9014 9334 8929
f 9014 9076 9334
f 8648 8721 8421
f 9424 9738 9626
f 9076 9230 9424
f 9230 9395 9424
f 9753 9738 9424
f 9014 8721 8952
f 9753 9818 9738
f 9395 9753 9424
f 9014 8997 9076
f 9497 9753 9395
f 9925 9818 9753
f 9329 9395 9230
f 9497 9395 9431
f 9753 9939 9925
f 9753 9497 9731
f 9497 9568 9731
f 9731 9939 9753
f 9939 9731 9878
