v -100.44120 44.07710 475.46908569
v -100.43990 42.90350 472.57089233
v -100.41440 42.05060 475.43881226
v -100.32520 37.38380 472.75021362
v -100.31050 45.89530 475.16070557
v -99.71350 37.59520 470.02569580
v -99.60990 41.02320 475.86929321
v -99.41490 36.00210 473.21798706
v -99.40010 33.87490 469.31869507
v -99.39890 48.10170 475.56021118
v -99.39799 34.61930 466.71411133
v -99.38570 41.47450 469.03878784
v -99.36349 37.84180 466.61520386
v -99.33700 48.04500 478.48181152
v -98.68719 39.00300 466.75799561
v -98.63850 41.98900 478.71310425
v -98.62630 33.68320 466.73699951
v -98.61760 33.62980 472.64889526
v -98.61560 49.15590 475.56658936
v -98.56910 44.09100 469.59570312
v -98.56570 32.77430 469.50588989
v -98.56500 47.21100 472.64239502
v -98.49910 49.44610 478.65350342
v -98.42970 41.99750 466.77999878
v -98.32540 51.20830 478.25839233
v -98.30590 31.52250 466.84390259
v -97.93170 35.60270 477.33950806
v -97.78790 32.51380 472.50491333
v -97.66420 37.51660 480.89660645
v -97.59010 38.94710 465.53689575
v -97.58850 51.36750 475.57818604
v -97.57460 46.17220 469.71389771
v -97.52460 31.49010 472.82739258
v -97.52400 49.29390 472.64111328
v -97.51920 52.30580 478.48941040
v -97.45420 42.09020 465.82620239
v -97.45090 34.80000 464.70410156
v -97.38910 31.66580 478.09521484
v -97.37990 35.18370 481.28030396
v -97.36440 48.27740 484.30151367
v -97.36050 45.17400 484.59399414
v -97.34050 53.39340 475.74450684
v -97.32159 44.10300 484.41439819
v -97.28230 30.71170 475.71618652
v -97.27640 54.41430 478.21328735
v -96.64450 29.75790 469.49530029
v -96.55420 51.21070 483.93399048
v -96.55050 43.15240 484.45889282
v -96.53979 54.49490 475.61248779
v -96.53640 48.25180 469.71411133
v -96.49750 50.56770 472.36468506
v -96.48270 48.21860 484.93600464
v -96.48080 53.44940 481.62948608
v -96.39900 30.55940 463.69311523
v -96.39360 52.28350 472.50680542
v -96.39170 44.09090 465.65008545
v -96.37590 31.40440 480.76379395
v -96.30800 68.03260 460.88070679
v -96.28010 35.78070 484.52709961
v -96.26680 46.22830 466.71020508
v -96.24380 53.52780 484.05758667
v -96.24110 69.77720 460.67529297
v -96.23750 56.49560 478.19769287
v -96.15050 66.03111 463.65649414
v -96.07890 70.11031 463.49139404
v -95.60291 47.29020 466.91281128
v -95.58810 33.68030 483.36871338
v -95.54440 49.39010 469.31179810
v -95.49800 56.57670 475.65560913
v -95.49340 55.53910 481.68869019
v -95.45219 49.36670 484.99749756
v -95.44860 35.94830 463.42568970
v -95.44110 54.50150 472.72570801
v -95.43270 53.45430 484.72558594
v -95.42889 65.95580 460.98181152
v -95.38260 54.55590 484.21310425
v -95.37650 66.93460 466.08560181
v -95.31170 31.59210 482.77310181
v -95.20480 56.50140 484.05630493
v -95.20340 57.53760 475.46209717
v -95.20090 49.34280 466.85800171
v -95.17329 72.05920 460.69329834
v -94.51711 47.21450 465.75909424
v -94.46190 70.11230 466.13769531
v -94.45490 57.67980 481.43099976
v -94.41510 46.16830 486.30868530
v -94.41110 28.55340 478.47448730
v -94.40750 27.70400 475.11151123
v -94.40520 69.08530 458.53619385
v -94.40100 64.86040 460.57321167
v -94.39910 28.41590 463.46990967
v -94.39880 39.96470 463.45050049
v -94.39250 64.00740 463.49240112
v -94.35139 39.21140 487.30529785
v -94.35130 33.67510 461.36929321
v -94.35049 65.00671 466.19171143
v -94.30300 49.29620 465.95639038
v -94.28700 67.04510 466.78060913
v -94.26740 32.63590 460.51159668
v -94.26440 27.37160 471.94900513
v -94.24400 43.07400 487.43630981
v -94.08200 58.66240 484.03381348
v -94.06841 62.96340 463.48950195
v -93.93830 27.17480 463.52160645
v -93.54470 29.58980 460.54418945
v -93.44290 56.50470 472.12759399
v -93.44120 37.93790 487.44250488
v -93.36990 46.16680 464.60998535
v -93.36980 70.11140 466.88589478
v -93.36980 72.19390 465.36221313
v -93.36390 35.63390 487.26870728
v -93.33120 30.55380 459.14239502
v -93.32080 43.08840 462.90200806
v -93.31219 63.97620 458.99389648
v -93.30560 36.74590 460.62060547
v -93.29020 66.02831 457.59188843
v -93.24170 58.77320 484.64880371
v -93.22940 30.55740 484.47799683
v -93.11729 61.70900 460.83889771
v -92.51550 62.83950 466.02560425
v -92.46040 34.72990 487.37100220
v -92.37840 27.42850 478.64709473
v -92.37800 31.64850 485.77371216
v -92.37390 60.88200 463.27328491
v -92.36600 60.50060 484.07800293
v -92.32950 42.01080 462.03430176
v -92.32660 52.49150 466.62020874
v -92.31700 27.64590 457.91110229
v -92.31610 62.94020 457.75860596
v -92.27029 45.06260 487.41711426
v -92.26960 31.59510 458.06619263
v -92.26890 74.17661 457.77069092
v -92.25150 55.62130 468.35629272
v -92.25150 72.26740 456.70999146
v -92.25050 27.60070 481.38598633
v -92.21910 59.69490 472.57128906
v -92.18820 49.48340 485.95800781
v -92.07020 59.62570 460.82431030
v -92.06039 63.94130 466.80828857
v -91.99030 61.70930 484.15069580
v -91.57670 61.37840 475.50711060
v -91.44800 60.90779 481.57049561
v -91.38520 58.61340 469.81579590
v -91.33521 60.81000 464.51950073
v -91.29060 39.85920 487.91488647
v -91.28920 27.30660 481.29330444
v -91.28110 75.29920 458.03381348
v -91.27960 60.74350 457.80780029
v -91.26160 58.72350 463.07458496
v -91.25120 29.61170 485.56109619
v -91.23380 74.27400 465.52551270
v -91.22820 54.44350 466.58929443
v -91.22660 39.87140 460.49060059
v -91.22650 32.58130 457.43078613
v -91.21500 59.70580 469.72140503
v -91.20280 76.10350 460.72891235
v -91.13900 62.69480 472.51470947
v -91.11870 61.95270 484.60949707
v -91.10340 61.72940 469.90170288
v -91.04090 25.26610 457.80410767
v -91.03220 57.70640 460.82550049
v -91.01810 59.77520 464.26458740
v -90.93510 65.81810 472.70950317
v -90.40140 23.52050 463.96078491
v -90.34720 38.93160 459.39859009
v -90.34340 53.53080 465.80050659
v -90.33190 70.93920 454.67959595
v -90.30380 27.44230 484.09909058
v -90.29910 63.73480 454.79589844
v -90.29880 46.16380 486.87368774
v -90.24879 57.66760 467.49179077
v -90.24780 74.27840 456.48950195
v -90.24750 51.37450 464.86169434
v -90.24750 71.15350 468.10659790
v -90.24630 76.27180 460.14239502
v -90.24270 62.77570 478.33288574
v -90.23840 58.66260 457.80511475
v -90.23770 33.71580 457.32180786
v -90.23510 31.59800 487.42309570
v -90.23270 63.92060 475.61041260
v -90.18880 24.36970 475.66259766
v -90.18610 76.33881 463.32519531
v -90.18290 35.70050 457.50628662
v -90.17979 63.97720 470.47369385
v -90.17250 30.42290 454.58410645
v -90.16290 61.86780 468.82360840
v -90.14950 66.02680 475.13220215
v -90.04770 66.10630 454.36080933
v -90.01050 24.19620 457.41018677
v -89.89960 67.89851 472.74630737
v -89.30540 47.25950 462.79199219
v -89.30490 33.72470 455.62149048
v -89.27870 56.66970 458.63000488
v -89.26440 62.89300 466.42190552
v -89.26320 22.36740 468.54980469
v -89.25280 67.04490 471.33120728
v -89.23170 69.04601 468.57040405
v -89.20810 76.34351 458.02310181
v -89.20760 40.96180 459.54708862
v -89.20650 45.12850 461.86160278
v -89.20500 25.35170 481.63238525
v -89.20399 65.95390 476.56979370
v -89.20320 74.27890 467.77270508
v -89.20190 26.73710 453.09329224
v -89.19839 56.64560 462.43829346
v -89.19820 24.38720 454.58200073
v -89.19770 36.82940 457.41030884
v -89.14930 50.33050 464.00219727
v -89.14290 58.61310 466.61151123
v -89.14110 64.85960 469.61090088
v -89.12469 55.87580 460.27960205
v -89.07380 58.66870 464.09820557
v -89.06320 23.40040 478.67700195
v -89.04041 68.23480 474.99371338
v -88.99630 24.30790 481.40051270
v -88.92200 22.12070 472.14660645
v -88.29420 29.52100 487.29650879
v -88.26400 63.91550 468.87469482
v -88.24319 21.35570 460.76208496
v -88.24120 25.52050 484.36138916
v -88.21910 36.73490 488.30538940
v -88.21671 31.65230 453.09078979
v -88.16859 64.10320 481.45138550
v -88.16520 76.35800 467.95980835
v -88.16510 73.22850 454.36660767
v -88.16310 58.65860 455.27648926
v -88.16230 23.32690 454.19281006
v -88.16200 72.19241 453.08529663
v -88.16190 44.08570 461.01760864
v -88.16130 27.54010 485.83068848
v -88.15580 38.96110 457.51779175
v -88.14529 68.04930 476.36358643
v -88.10710 65.94510 469.59210205
v -88.10510 56.64880 463.16751099
v -88.10420 61.84470 453.65960693
v -88.09860 64.90010 466.99578857
v -88.08270 58.76210 466.10348511
v -88.08140 78.18700 463.50549316
v -87.87610 47.82370 486.50109863
v -87.79200 27.39980 450.90548706
v -87.31940 64.97501 481.28808594
v -87.27500 74.20620 469.53469849
v -87.26320 70.03320 469.41390991
v -87.18550 78.29610 461.12829590
v -87.12710 70.09420 471.93429565
v -87.12640 57.62180 465.44400024
v -87.12420 37.83990 455.32910156
v -87.12390 68.02940 476.98748779
v -87.12300 55.68610 457.67590332
v -87.12220 23.26790 483.36590576
v -87.12150 60.76220 467.03228760
v -87.11180 19.24090 466.69110107
v -87.10970 20.03320 462.65719604
v -87.10500 70.82951 472.90930176
v -87.06820 72.04120 451.55410767
v -87.06730 59.64540 464.21051025
v -87.06470 36.74960 454.48858643
v -87.06260 43.24940 487.36309814
v -87.06100 31.54010 451.51599121
v -87.05270 66.63690 484.39028931
v -87.04160 54.83689 460.13439941
v -87.02980 78.42850 466.23480225
v -87.01870 66.39720 451.40521240
v -87.01410 20.04180 455.92471313
v -86.96150 19.18870 469.72430420
v -86.95670 21.03210 478.27090454
v -86.95309 20.22380 475.72869873
v -86.42050 23.43970 448.83340454
v -86.24630 64.92350 451.44180298
v -86.23870 27.27260 448.39349365
v -86.23720 20.13200 452.23480225
v -86.21780 58.65910 463.54211426
v -86.16500 70.96780 472.62710571
v -86.12720 29.50670 487.50048828
v -86.09570 32.66490 451.33358765
v -86.08611 75.31130 454.65429688
v -86.08380 51.37700 462.49880981
v -86.08350 43.04760 458.93161011
v -86.08350 55.53850 464.31961060
v -86.08350 62.82550 467.43759155
v -86.08180 73.23390 471.27780151
v -86.08130 60.74080 465.04550171
v -86.07930 67.03761 469.63180542
v -86.07850 72.19180 471.16778564
v -86.06260 17.98310 459.82238770
v -86.03130 77.39761 457.69619751
v -86.02990 24.31040 445.77099609
v -86.02470 66.98470 478.71398926
v -85.98140 45.12880 459.64291382
v -85.96390 79.30390 463.50109863
v -85.95180 21.26890 448.27059937
v -85.94290 64.97760 467.17349243
v -85.91720 22.22520 445.73370361
v -85.90950 29.34000 448.20260620
v -85.90230 66.72800 483.99899292
v -85.87600 79.47100 469.24688721
v -85.86210 24.53060 485.35220337
v -85.83640 17.99260 451.71508789
v -85.82940 34.72200 451.33700562
v -85.19839 21.34720 445.28729248
v -85.13210 67.08290 478.73168945
v -85.12460 71.06050 476.19070435
v -85.12390 64.82660 468.46209717
v -85.11780 54.68190 457.84640503
v -85.11270 25.19800 445.21139526
v -85.09210 61.72470 451.39428711
v -85.08940 23.14870 442.59741211
v -85.04480 59.69910 465.61221313
v -85.04440 79.30721 460.79058838
v -85.04280 78.43480 458.63989258
v -85.04150 54.71890 460.23669434
v -85.04120 75.30940 454.12271118
v -85.04041 47.21500 460.40640259
v -85.04030 60.60880 451.64340210
v -85.04020 70.11730 469.68920898
v -85.03979 37.83770 453.10018921
v -85.03810 56.72190 454.51260376
v -85.03391 18.06390 448.50369263
v -85.03120 30.60840 448.27099609
v -85.03000 80.30721 466.88900757
v -84.98610 21.05870 483.72879028
v -84.98100 48.19880 460.47671509
v -84.97380 62.82170 450.34008789
v -84.96740 71.84850 475.38031006
v -84.96720 16.11740 457.49920654
v -84.95970 55.62170 461.22079468
v -84.93940 78.50140 472.43029785
v -84.92280 19.14750 445.04818726
v -84.88120 70.97010 448.44369507
v -84.79400 20.95950 434.22030640
v -84.70410 15.89870 451.06869507
v -84.19320 79.46930 472.11550903
v -84.09190 24.39850 442.31719971
v -84.07850 55.47820 460.39498901
v -84.07740 21.10080 431.45590210
v -84.05080 17.07850 445.18499756
v -84.04130 30.55720 445.77108765
v -84.02910 36.79170 451.33050537
v -84.01151 43.05780 457.42309570
v -84.00820 33.47670 448.09909058
v -84.00220 62.82380 449.59579468
v -84.00150 69.06710 477.98620605
v -84.00110 40.96380 455.58981323
v -84.00090 74.27050 449.72680664
v -83.99510 78.50260 473.34869385
v -83.94341 62.88420 467.02770996
v -83.94300 56.52490 461.44821167
v -83.94290 80.45810 469.49929810
v -83.93930 73.17980 448.41531372
v -83.93790 44.03110 457.50109863
v -83.92150 59.78010 464.42428589
v -83.91670 23.42180 436.95120239
v -83.86650 66.44470 446.92428589
v -83.85830 21.18860 485.10839844
v -83.82630 17.08210 437.30218506
v -83.82300 20.14660 427.42529297
v -83.82200 23.21580 433.68011475
v -83.80370 67.19400 480.91378784
v -83.79110 27.36110 442.26889038
v -83.78430 18.05390 430.23309326
v -83.70160 22.05460 427.67440796
v -83.08660 16.05270 472.65850830
v -83.05530 33.72400 446.00369263
v -83.04140 71.85220 475.12881470
v -83.03990 59.62900 463.61950684
v -83.03460 79.40670 460.14700317
v -83.03310 19.27190 484.39401245
v -83.01890 26.33760 487.41378784
v -83.01780 58.61480 451.57290649
v -83.00400 29.51280 442.76980591
v -82.99930 36.80080 448.82449341
v -82.96581 77.39450 454.71939087
v -82.96470 68.03410 469.58898926
v -82.96420 31.62690 445.28601074
v -82.96320 55.53410 462.86129761
v -82.96160 71.00401 472.80999756
v -82.96021 62.81960 466.66900635
v -82.95890 70.02950 471.92929077
v -82.94839 17.02030 430.52200317
v -82.90370 65.89050 469.54278564
v -82.89870 75.36110 451.33648682
v -82.89750 19.15340 425.86819458
v -82.88260 68.05760 445.26980591
v -82.87010 65.87801 445.56518555
v -82.86620 76.29971 475.20809937
v -82.82650 16.11630 475.68051147
v -82.75000 17.02200 427.65490723
v -82.18159 28.47510 440.14910889
v -82.07890 14.90510 445.25891113
v -82.07200 64.98460 469.36279297
v -82.05130 70.10550 477.54949951
v -82.01880 80.62790 466.59249878
v -81.99940 54.83300 457.68188477
v -81.99120 79.47590 475.20901489
v -81.97791 71.01470 475.49771118
v -81.96030 35.75990 445.80700684
v -81.95420 34.75040 445.40921021
v -81.94901 19.10340 424.35800171
v -81.93170 45.29650 487.46231079
v -81.92360 42.00920 454.33639526
v -81.92280 66.82060 484.05209351
v -81.92230 55.48560 455.73080444
v -81.92190 61.78340 447.41369629
v -81.91960 57.62060 463.54238892
v -81.91910 51.36740 460.41790771
v -81.91870 59.70670 449.26699829
v -81.91870 74.27240 448.09298706
v -81.91720 81.47791 472.23889160
v -81.91720 81.49770 467.56658936
v -81.91700 19.16070 485.42208862
v -81.91690 14.15140 469.21200562
v -81.91690 82.27750 469.59890747
v -81.91590 73.22750 445.52810669
v -81.91590 78.43560 455.63180542
v -81.91570 61.79390 466.52890015
v -81.91370 46.18110 457.37109375
v -81.86230 47.14620 457.47320557
v -81.85980 57.56210 461.50460815
v -81.85940 68.09060 470.52450562
v -81.85851 42.99510 454.47009277
v -81.85851 57.42310 452.09130859
v -81.85080 71.24540 473.51980591
v -81.83630 63.78660 445.57519531
v -81.83570 74.25630 475.28469849
v -81.83110 22.30510 422.63250732
v -81.80540 14.76220 438.93670654
v -81.76390 12.95210 456.82559204
v -81.76151 77.42150 475.42980957
v -81.70650 18.06320 424.19989014
v -81.68420 14.94240 430.68499756
v -81.18880 32.79800 442.83499146
v -81.05350 12.92180 449.60690308
v -80.97910 26.47990 436.35668945
v -80.96540 34.63390 442.86538696
v -80.96370 26.21540 433.62640381
v -80.95720 80.20831 475.41220093
v -80.95590 24.13870 424.84399414
v -80.95560 60.83870 466.21109009
v -80.94630 80.30811 460.52841187
v -80.93520 13.14610 466.18521118
v -80.92710 66.94220 442.15069580
v -80.90850 72.18681 442.39990234
v -80.88370 21.18200 486.54031372
v -80.88120 61.78530 446.61889648
v -80.88060 65.95240 469.53759766
v -80.87720 50.32970 458.74569702
v -80.87690 38.87860 448.33828735
v -80.87350 22.22290 421.34359741
v -80.87180 13.06500 442.22558594
v -80.86349 68.16441 439.96240234
v -80.82660 66.98251 481.85260010
v -80.82130 70.74250 475.10070801
v -80.77980 64.97950 484.70300293
v -80.76990 21.18540 419.39968872
v -80.75070 29.57730 437.43820190
v -80.74560 23.26310 487.47149658
v -80.72660 70.17330 439.35589600
v -80.72290 20.09410 418.40930176
v -80.72130 69.21910 472.78540039
v -80.71080 70.05061 478.19421387
v -80.68221 78.37770 454.56311035
v -80.59630 21.05000 415.87640381
v -80.46310 19.27540 415.19119263
v -80.03700 19.10290 418.78439331
v -79.98880 16.06270 424.44738770
v -79.97231 69.07301 472.36599731
v -79.95370 18.12050 419.00619507
v -79.94839 80.50990 463.67660522
v -79.94250 21.28700 418.58270264
v -79.91820 60.66470 465.19320679
v -79.91590 37.76400 445.14239502
v -79.91050 24.36190 424.59490967
v -79.91010 79.23270 457.28530884
v -79.90960 66.00961 483.94619751
v -79.90760 29.67190 436.33499146
v -79.88620 36.74930 442.83450317
v -79.88570 12.73250 445.30911255
v -79.84210 82.18660 468.95541382
v -79.83990 42.02310 451.26858521
v -79.83980 82.37700 472.33441162
v -79.83750 22.22450 418.53909302
v -79.83740 75.30431 445.96890259
v -79.83710 53.44920 460.40570068
v -79.83700 72.14520 439.69821167
v -79.83660 18.06500 486.72369385
v -79.83430 48.24990 456.10031128
v -79.83300 56.79100 460.41970825
v -79.82980 65.94701 439.74340820
v -79.82950 63.86720 442.43869019
v -79.82940 72.22190 475.37579346
v -79.82850 45.22270 454.46121216
v -79.82820 14.81440 478.48330688
v -79.82800 49.31370 457.40350342
v -79.82130 58.66550 463.60440063
v -79.78280 62.76140 466.65948486
v -79.77650 69.01141 472.65670776
v -79.77520 42.99590 451.42080688
v -79.76690 12.02480 460.45840454
v -79.75650 67.07050 470.84970093
v -79.75610 19.05540 487.30999756
v -79.73019 45.25090 487.52899170
v -79.71899 28.52760 433.18881226
v -79.70030 55.90270 457.48611450
v -79.67490 11.98640 448.48550415
v -79.63370 12.76870 433.78790283
v -79.62531 12.76370 466.80410767
v -79.11620 55.88280 454.40270996
v -79.07560 15.23440 484.13061523
v -78.95520 78.27641 454.53320312
v -78.94640 26.54500 427.73880005
v -78.94380 68.12260 436.16110229
v -78.94290 64.99001 439.45550537
v -78.93560 81.54871 474.25689697
v -78.93060 67.05450 471.50021362
v -78.92310 69.20990 434.11050415
v -78.90500 23.43100 418.33261108
v -78.89720 70.20970 434.12420654
v -78.89320 21.27440 410.40249634
v -78.89070 71.14660 475.20550537
v -78.88750 82.33770 472.18759155
v -78.87780 74.26740 442.61560059
v -78.87430 40.88660 448.12579346
v -78.85260 57.62700 451.65719604
v -78.83700 13.95160 478.49551392
v -78.80270 60.74730 445.69329834
v -78.80250 63.85980 468.25851440
v -78.80009 66.14011 482.00949097
v -78.79950 58.60680 461.98040771
v -78.79890 68.03150 480.34469604
v -78.79700 79.54591 463.52178955
v -78.79630 80.56380 466.82791138
v -78.79590 12.99870 427.58248901
v -78.79330 52.41570 458.31271362
v -78.78310 12.02240 442.20590210
v -78.72500 72.19160 436.51141357
v -78.72380 14.15170 481.70870972
v -78.71810 78.66880 460.72479248
v -78.71600 27.42490 427.49911499
v -78.71350 12.07150 430.28381348
v -78.70420 24.23100 415.50469971
v -78.66870 16.05150 485.76431274
v -78.66380 76.29530 448.12039185
v -78.63680 80.57930 474.94650269
v -78.51260 12.05860 467.18460083
v -78.28060 36.73850 489.81250000
v -78.14410 28.46250 428.24899292
v -78.08860 81.47930 472.63378906
v -77.95900 80.65000 472.12741089
v -77.94300 25.60910 418.86898804
v -77.90170 70.83590 431.21450806
v -77.87420 57.52400 454.22940063
v -77.86860 55.29250 486.60440063
v -77.83860 13.98520 424.35610962
v -77.83180 55.45360 460.53271484
v -77.82620 32.55960 433.05398560
v -77.82610 22.14170 407.20208740
v -77.82180 63.89980 469.37780762
v -77.81310 59.71340 463.49380493
v -77.81030 57.49360 457.06979370
v -77.79829 45.11620 451.38369751
v -77.79210 75.26040 442.73651123
v -77.78850 64.88070 484.70730591
v -77.75480 31.53630 430.51550293
v -77.75200 11.83460 430.82250977
v -77.74840 25.33520 412.50000000
v -77.74400 48.31120 487.50909424
v -77.71060 11.92290 439.48660278
v -77.70600 65.94440 484.01440430
v -77.70330 58.72570 448.78091431
v -77.70309 19.34420 406.40618896
v -77.69780 69.13030 473.43200684
v -77.69460 46.11210 451.50549316
v -77.69189 60.81700 466.22720337
v -77.69009 26.61660 418.49780273
v -77.68510 66.04260 470.83248901
v -77.68440 39.99570 442.81079102
v -77.67970 13.02960 478.50320435
v -77.67350 77.62450 457.74639893
v -77.62600 58.02280 460.48669434
v -77.58820 73.13990 433.26620483
v -77.55330 11.71590 457.48791504
v -77.51460 11.65480 452.46270752
v -77.51170 11.66790 433.48431396
v -77.50930 27.35480 415.51489258
v -77.49139 39.01070 441.64898682
v -77.48579 79.05290 475.46920776
v -77.24440 40.79780 489.51458740
v -77.24280 17.79340 406.35299683
v -76.94341 80.30500 475.02319336
v -76.90140 29.32300 423.94338989
v -76.82961 15.01260 418.33648682
v -76.81980 63.92710 436.82080078
v -76.79620 57.79220 454.50491333
v -76.79090 44.00680 448.17190552
v -76.78750 20.15160 401.21279907
v -76.78610 11.03180 430.72531128
v -76.78510 74.27020 436.49301147
v -76.77190 27.42750 412.54699707
v -76.75190 41.99060 445.30398560
v -76.72290 60.58969 463.82348633
v -76.71810 60.80810 444.02789307
v -76.71429 50.32480 454.41149902
v -76.71350 71.15601 474.97979736
v -76.71240 76.29470 448.21591187
v -76.70990 15.98700 487.40939331
v -76.70510 62.76740 468.47500610
v -76.67090 62.82630 439.58920288
v -76.66460 78.28130 461.06750488
v -76.66170 64.83881 469.54550171
v -76.66000 42.98960 445.64599609
v -76.65770 65.94880 430.65649414
v -76.65140 64.96140 484.41268921
v -76.65020 28.64130 418.33511353
v -76.63710 58.91530 448.52090454
v -76.63130 10.95210 433.25531006
v -76.59930 19.16580 400.85000610
v -76.56640 68.56410 426.87350464
v -76.55040 24.46690 404.08239746
v -76.53820 12.78600 478.79360962
v -76.53620 28.47080 412.84280396
v -76.51870 75.16430 439.08920288
v -76.47410 72.99500 427.50469971
v -76.47020 67.91800 481.48089600
v -76.46830 29.43380 415.50628662
v -76.45710 69.40210 424.26611328
v -76.45180 71.87891 424.72369385
v -76.24699 10.99870 454.00729370
v -76.23600 23.42930 488.79238892
v -76.08340 76.81561 475.49810791
v -76.01640 78.17580 475.20010376
v -75.94940 78.51130 469.71380615
v -75.93580 58.52500 463.32751465
v -75.90880 27.50110 409.96200562
v -75.90720 35.84050 430.97949219
v -75.89930 39.04320 436.96459961
v -75.86300 29.64430 418.49179077
v -75.85830 30.56110 421.49420166
v -75.84510 60.47500 445.76959229
v -75.77299 47.26130 449.69958496
v -75.75670 59.40000 460.03179932
v -75.74879 76.43501 457.06130981
v -75.74580 32.71590 424.74670410
v -75.73390 14.68550 418.49191284
v -75.72780 71.02340 475.58950806
v -75.72340 62.92070 467.62631226
v -75.72231 52.41100 455.77911377
v -75.68539 16.11020 488.06890869
v -75.67750 75.46520 440.20739746
v -75.67690 48.24510 488.31768799
v -75.67630 12.04960 478.64129639
v -75.67599 78.22450 463.22131348
v -75.67390 60.91950 442.96060181
v -75.67360 77.45530 460.53939819
v -75.67270 12.99980 484.24481201
v -75.67180 34.66050 427.51580811
v -75.67160 62.92710 438.92849731
v -75.66990 22.12790 397.69848633
v -75.66970 74.26340 430.51870728
v -75.66850 61.85420 440.62741089
v -75.66620 50.33290 487.59051514
v -75.66479 15.86410 409.69430542
v -75.66460 67.13240 424.50579834
v -75.63670 36.71880 490.48559570
v -75.63080 10.99260 463.00711060
v -75.61280 36.79900 430.66061401
v -75.61210 63.87770 469.36999512
v -75.60680 73.22860 475.37429810
v -75.60410 53.38510 457.50021362
v -75.54110 67.98320 421.89669800
v -75.51230 24.62320 398.65670776
v -75.50600 38.88200 433.68771362
v -75.49520 30.55180 412.83990479
v -75.49319 14.99320 412.87231445
v -75.48210 75.50050 448.30380249
v -75.44030 18.57580 397.51638794
v -75.43750 77.24230 469.96011353
v -75.42730 31.51440 415.50228882
v -75.22320 11.65880 465.82391357
v -74.95010 77.08601 475.10220337
v -74.93410 76.09810 443.07168579
v -74.86860 29.57170 409.93429565
v -74.86600 37.91310 430.96121216
v -74.85870 66.01770 424.82809448
v -74.82540 24.48820 396.06478882
v -74.82020 31.72190 418.47518921
v -74.80980 59.54940 457.47439575
v -74.76020 62.83200 469.28381348
v -74.74471 75.34541 475.10281372
v -74.73270 15.88730 407.09729004
v -74.73010 63.76460 434.09500122
v -74.72079 32.59280 421.19799805
v -74.71160 41.92470 490.09860229
v -74.70930 62.74070 466.73089600
v -74.69009 31.59010 412.54650879
v -74.68781 49.29260 450.46881104
v -74.68400 12.59200 454.15991211
v -74.66890 13.95790 418.32919312
v -74.65800 11.74820 442.75799561
v -74.64529 70.03751 478.42349243
v -74.64320 60.99650 466.47360229
v -74.64200 77.13570 460.69589233
v -74.63880 17.04440 400.19241333
v -74.63860 71.77060 475.57879639
v -74.63589 67.94030 481.38500977
v -74.63520 68.02071 472.53070068
v -74.63200 47.20850 448.41421509
v -74.63100 43.14280 442.36871338
v -74.62930 38.88470 490.58828735
v -74.62849 13.91290 487.31759644
v -74.62280 35.82390 424.68780518
v -74.61680 18.46460 394.87680054
v -74.57350 59.64190 463.65090942
v -74.56610 38.82470 430.49731445
v -74.55490 69.14680 473.10769653
v -74.47791 75.46680 454.95510864
v -74.46620 52.34930 454.71469116
v -74.46450 25.78780 395.98770142
v -74.45420 32.63380 412.83990479
v -74.44670 72.57391 418.38220215
v -74.43050 10.87990 436.35479736
v -74.42430 65.96220 418.52169800
v -74.42329 22.67070 391.49661255
v -74.41769 68.75230 415.49920654
v -74.41700 71.98260 415.51980591
v -74.39410 12.96780 421.51309204
v -74.38850 75.38320 436.50170898
v -74.38130 11.66350 472.93710327
v -74.30540 10.94910 427.52740479
v -74.21260 10.67070 432.85720825
v -73.90070 60.55280 451.48690796
v -73.82780 31.64870 409.92059326
v -73.77090 35.76720 421.50189209
v -73.76530 64.57730 484.53219604
v -73.76410 74.50200 446.16229248
v -73.75860 75.47460 469.83969116
v -73.75800 55.53839 460.32128906
v -73.72670 73.22971 473.75830078
v -73.71360 65.11560 418.89099121
v -73.71260 64.97730 424.18148804
v -73.69720 11.18330 462.44369507
v -73.69080 25.95420 393.55578613
v -73.68390 14.78200 412.51611328
v -73.66970 61.95610 439.73550415
v -73.66830 34.47530 415.50280762
v -73.65300 57.56190 462.22369385
v -73.65200 75.16490 427.49328613
v -73.65020 74.30721 421.49160767
v -73.64910 33.67210 412.54650879
v -73.64250 38.88510 427.50659180
v -73.63870 34.83060 418.18060303
v -73.63330 34.52720 490.41540527
v -73.59620 67.97310 480.53839111
v -73.59399 67.05520 471.49108887
v -73.58830 17.04480 394.83151245
v -73.58549 44.02170 490.45339966
v -73.58530 75.95320 436.48440552
v -73.58500 75.39581 433.51910400
v -73.57600 19.84090 388.36029053
v -73.55500 60.09960 460.49261475
v -73.53910 74.27090 472.37939453
v -73.53510 11.82930 484.31069946
v -73.49950 22.95610 388.04019165
v -73.49720 68.30560 412.26818848
v -73.48950 75.20490 439.20721436
v -73.48220 60.72960 457.38360596
v -73.47500 44.08620 440.45819092
v -73.46339 74.39960 451.49420166
v -73.42820 25.90070 390.34149170
v -73.42340 65.94880 412.75360107
v -73.41660 34.71580 412.84030151
v -73.37330 72.09040 409.50430298
v -73.37270 9.94490 433.46740723
v -73.36380 64.95910 415.77081299
v -73.31100 72.92381 412.25381470
v -73.25909 38.94730 424.51971436
v -72.86760 11.66460 466.50949097
v -72.82980 16.15380 398.13488770
v -72.80420 61.63460 448.75021362
v -72.78700 33.72110 409.89300537
v -72.76950 30.84690 489.80920410
v -72.72430 53.44800 457.13629150
v -72.71989 75.36790 467.04479980
v -72.70420 68.20680 409.27340698
v -72.68330 62.76860 439.71090698
v -72.67661 10.91460 480.85729980
v -72.65130 36.91110 418.16870117
v -72.63780 10.68220 428.39169312
v -72.63050 76.10950 463.46978760
v -72.62759 74.11340 445.50988770
v -72.62720 69.05600 474.02929688
v -72.62610 62.99840 469.32839966
v -72.61140 35.75410 412.54650879
v -72.61079 56.62670 460.89871216
v -72.61060 60.75910 460.49230957
v -72.60910 11.72330 445.00988770
v -72.56770 18.04180 490.13378906
v -72.55820 70.11221 472.30230713
v -72.55350 59.74250 486.17330933
v -72.55120 12.62570 458.41571045
v -72.55050 38.88250 491.58441162
v -72.55050 56.57960 487.01690674
v -72.55020 49.28490 448.71810913
v -72.54990 57.74980 463.31631470
v -72.54900 68.03340 471.25869751
v -72.54750 75.37801 431.20858765
v -72.54240 64.07430 420.92269897
v -72.53979 17.96370 388.22659302
v -72.49030 12.61190 448.13589478
v -72.48730 22.15670 382.55661011
v -72.48720 63.87590 430.32879639
v -72.48540 68.01231 478.84579468
v -72.48510 75.87700 433.73968506
v -72.47750 65.29971 409.52951050
v -72.47380 72.61610 406.31610107
v -72.47360 12.99520 454.47879028
v -72.47280 37.97360 418.48498535
v -72.46460 61.70220 463.83648682
v -72.46200 47.36650 445.54080200
v -72.44210 13.79640 416.10128784
v -72.43290 38.88270 421.49829102
v -72.42260 73.42101 448.50180054
v -72.39100 14.14020 412.27569580
v -72.39000 19.03920 382.75878906
v -72.38750 24.29980 382.73010254
v -72.38260 36.79680 412.83709717
v -72.37780 26.72620 386.64151001
v -72.37440 66.20470 403.76431274
v -72.31380 60.85910 463.30709839
v -72.27780 38.74890 415.50540161
v -72.25520 10.66980 475.33529663
v -72.19901 17.02770 388.07760620
v -72.12800 73.84280 440.30310059
v -72.10010 64.75140 406.87728882
v -71.75360 74.45570 436.49508667
v -71.69650 64.03780 412.79309082
v -71.69140 63.81359 469.05850220
v -71.68860 74.21941 457.49069214
v -71.66400 10.88960 467.09600830
v -71.65089 15.87070 401.20529175
v -71.65030 75.17941 433.32559204
v -71.64900 68.92130 475.49319458
v -71.64799 66.98840 401.09359741
v -71.61950 9.87060 433.66171265
v -71.60480 26.50360 383.12908936
v -71.59470 72.19160 470.98449707
v -71.59430 75.14861 466.38299561
v -71.59200 36.72530 490.58850098
v -71.58210 63.95200 423.92718506
v -71.56680 10.91610 486.75711060
v -71.56640 23.21330 490.45889282
v -71.56080 60.81930 460.42080688
v -71.55820 49.21140 448.25970459
v -71.55810 61.78990 465.08609009
v -71.52209 75.14000 463.64810181
v -71.51660 73.32951 457.15490723
v -71.51640 51.37310 489.01080322
v -71.51559 73.22560 469.62329102
v -71.51530 63.78450 469.03390503
v -71.51070 10.99310 442.29141235
v -71.51070 51.30330 451.84820557
v -71.51010 65.89111 470.05868530
v -71.50950 61.77850 465.77139282
v -71.50890 39.92420 492.20520020
v -71.50680 15.14470 403.68670654
v -71.50510 12.99250 448.67300415
v -71.50460 73.89910 405.92279053
v -71.50280 16.12900 391.47860718
v -71.50230 48.25000 490.04721069
v -71.49789 9.94150 478.29840088
v -71.49630 38.87190 412.72360229
v -71.45551 52.35340 454.43539429
v -71.45420 56.46000 460.84570312
v -71.45290 63.94320 418.49389648
v -71.44430 71.89900 400.66940308
v -71.43629 25.13020 379.31451416
v -71.43080 62.88950 484.93798828
v -71.42120 60.04240 463.12829590
v -71.41680 18.90580 379.11599731
v -71.40150 66.86700 481.08898926
v -71.39690 75.06750 413.30480957
v -71.37010 70.97550 397.89291382
v -71.36740 60.75890 464.52868652
v -71.30380 12.75700 460.61871338
v -71.30310 26.31870 379.49319458
v -71.30090 20.99740 373.73419189
v -71.29530 11.84040 487.88119507
v -71.27510 28.54000 385.69311523
v -71.25520 64.10990 484.20480347
v -71.23390 65.45060 397.50830078
v -71.17810 11.88110 461.85281372
v -71.17150 13.79470 454.02090454
v -71.11450 12.66970 421.87850952
v -70.97190 11.65100 425.19500732
v -70.75020 14.78130 409.50610352
v -70.73140 63.68880 448.32321167
v -70.66810 56.77410 463.28271484
v -70.65800 70.35001 395.29910278
v -70.63050 51.53130 454.08459473
v -70.62520 63.24320 412.04278564
v -70.61810 29.52090 388.33279419
v -70.61760 32.80020 397.76071167
v -70.59440 20.14290 371.48690796
v -70.59380 73.22080 400.67230225
v -70.58611 74.13140 433.66860962
v -70.57730 13.79710 448.77700806
v -70.57040 72.18160 442.85598755
v -70.56710 63.94070 403.33068848
v -70.55099 65.93750 481.68710327
v -70.54800 64.77400 442.50619507
v -70.54370 47.11800 442.55929565
v -70.54041 10.01550 430.52801514
v -70.52570 62.88690 466.53118896
v -70.52490 65.88610 471.23928833
v -70.47770 64.08041 421.69750977
v -70.47410 68.03060 469.55160522
v -70.47390 10.73000 439.30029297
v -70.47270 63.65800 466.90670776
v -70.47260 35.76190 490.32659912
v -70.47010 62.68670 466.10659790
v -70.46880 60.76310 460.88220215
v -70.46570 46.17340 491.38668823
v -70.46500 10.72950 487.12329102
v -70.46230 37.90420 406.68869019
v -70.45650 65.64190 394.71319580
v -70.45500 20.15540 491.05419922
v -70.41700 46.15610 439.66250610
v -70.41620 74.21400 430.65600586
v -70.40590 21.94400 370.37411499
v -70.39200 71.30980 454.89779663
v -70.38640 33.66530 397.47589111
v -70.32510 73.06260 394.50518799
v -70.29770 24.19450 370.98980713
v -70.28990 19.10560 367.74969482
v -70.28490 65.16390 431.44799805
v -70.27500 16.97450 377.07470703
v -70.26220 9.61750 479.04058838
v -70.26050 38.95160 406.68811035
v -70.23109 40.94520 412.29989624
v -70.19610 27.43150 376.48431396
v -70.18090 35.87110 400.50320435
v -70.05790 17.87120 370.51348877
v -69.98700 13.67930 416.01489258
v -69.84190 73.46111 463.47720337
v -69.76100 16.16520 382.98770142
v -69.74879 34.70800 398.05700684
v -69.70620 64.84150 449.06909180
v -69.68250 64.61550 454.63088989
v -69.65739 12.86640 460.20770264
v -69.60800 64.96900 424.52960205
v -69.57850 28.47360 379.29971313
v -69.57170 70.17471 469.35589600
v -69.56590 72.18380 468.03851318
v -69.56270 10.01730 436.49438477
v -69.55569 36.80580 490.70761108
v -69.54900 70.16600 446.15939331
v -69.52810 21.17540 365.10739136
v -69.51559 62.89640 466.66558838
v -69.51500 70.09940 454.68209839
v -69.51300 60.03900 463.51638794
v -69.51160 63.98880 394.75640869
v -69.50930 63.01550 406.72940063
v -69.49770 12.05330 421.51370239
v -69.49720 40.95360 493.36151123
v -69.49080 45.12910 492.22421265
v -69.48660 71.59090 388.90209961
v -69.48410 73.19070 391.52120972
v -69.47950 51.29430 451.81179810
v -69.47800 65.82130 389.02108765
v -69.47800 75.24360 416.87658691
v -69.46840 74.07570 395.06549072
v -69.46370 9.84170 470.37799072
v -69.44560 69.13050 469.05981445
v -69.43480 63.10980 403.87881470
v -69.43340 28.50200 490.54809570
v -69.43270 10.92740 439.42691040
v -69.43050 54.31890 457.84790039
v -69.43050 59.56600 465.63958740
v -69.43040 64.80330 415.34539795
v -69.42661 57.61430 464.52481079
v -69.42650 63.77210 400.49520874
v -69.42160 8.91100 483.49050903
v -69.41510 75.10630 403.21170044
v -69.40060 57.77000 487.37899780
v -69.37870 65.87950 472.65658569
v -69.37370 9.74240 475.38189697
v -69.36740 65.87811 456.94351196
v -69.36720 18.12390 490.81469727
v -69.36660 56.51500 463.43798828
v -69.36480 14.03650 451.51058960
v -69.35650 55.53559 488.20590210
v -69.35190 16.15410 377.20901489
v -69.35180 43.17250 427.49261475
v -69.35040 67.06360 454.94839478
v -69.34710 27.56800 373.51199341
v -69.34019 42.08210 421.24398804
v -69.32590 39.88950 493.32681274
v -69.32520 67.98080 445.32379150
v -69.32460 63.97589 457.88088989
v -69.31620 15.87510 392.14599609
v -69.29520 70.28090 441.81420898
v -69.29190 65.04700 418.49371338
v -69.27670 70.11980 458.22558594
v -69.25000 26.16480 369.51699829
v -69.24950 18.30240 364.49798584
v -69.24550 71.29860 385.68179321
v -69.23540 37.84180 400.52279663
v -69.22180 24.37780 364.69250488
v -69.21800 19.56510 361.52828979
v -69.21740 65.52290 385.89730835
v -69.18400 64.70020 470.15429688
v -69.18120 13.74180 457.94131470
v -69.17730 75.38320 412.71810913
v -69.15930 13.11350 442.60018921
v -69.03910 10.65010 467.11029053
v -69.03190 42.10680 414.88360596
v -69.03020 66.28650 427.51449585
v -69.02060 40.05230 403.49700928
v -68.95320 10.96600 463.83569336
v -68.85210 66.17010 475.65200806
v -68.71840 60.83220 463.22338867
v -68.71049 36.79610 398.08331299
v -68.68170 66.88490 438.21578979
v -68.67660 71.12300 437.05319214
v -68.67200 14.43030 445.04159546
v -68.65490 49.06190 448.05969238
v -68.64560 71.94560 466.32180786
v -68.62310 69.18850 442.31469727
v -68.61620 66.93100 457.53430176
v -68.57510 70.38070 461.63861084
v -68.56280 10.90310 436.49670410
v -68.55850 64.03111 389.02270508
v -68.54070 21.91030 359.22421265
v -68.51820 15.72890 397.48849487
v -68.50780 9.79950 475.09161377
v -68.48830 66.20590 383.00750732
v -68.48340 24.41250 362.09381104
v -68.48090 64.82800 466.28570557
v -68.47850 17.08960 367.32418823
v -68.47310 65.77081 481.15618896
v -68.46300 63.15750 400.27020264
v -68.46110 12.06420 421.75891113
v -68.45930 75.07320 397.52319336
v -68.45290 10.98190 433.50228882
v -68.45180 48.17590 445.30130005
v -68.44570 26.33600 367.21200562
v -68.40680 65.88620 466.14550781
v -68.40490 62.83020 464.55960083
v -68.39420 60.87370 466.71618652
v -68.39220 63.88030 403.32580566
v -68.39060 12.71160 419.21429443
v -68.38920 52.20580 454.56100464
v -68.38810 10.75570 475.49829102
v -68.38670 57.48400 465.17068481
v -68.38640 59.66300 486.53829956
v -68.38580 65.01070 412.63641357
v -68.38560 37.78050 397.50540161
v -68.38510 15.04890 400.19018555
v -68.38460 31.66080 382.51708984
v -68.38370 75.38310 410.22299194
v -68.38030 15.14990 391.23431396
v -68.37930 75.94860 412.51800537
v -68.37780 63.77090 394.51440430
v -68.37610 21.12260 491.53619385
v -68.34140 15.90590 384.37438965
v -68.34070 44.88500 430.38299561
v -68.33920 54.40610 460.55749512
v -68.33440 69.14920 439.12060547
v -68.32810 9.98700 487.50241089
v -68.32740 73.22781 427.49969482
v -68.31710 66.74430 463.51809692
v -68.31580 28.07450 367.31369019
v -68.31570 63.98670 385.50439453
v -68.31500 25.16020 361.33358765
v -68.29180 64.80920 406.76809692
v -68.28520 66.05920 421.34149170
v -68.27190 75.23590 400.97070312
v -68.25120 46.02750 435.93688965
v -68.24430 72.52560 382.37039185
v -68.22670 16.23390 370.27218628
v -68.19110 12.67200 424.68591309
v -68.18150 38.88460 397.50311279
v -68.18070 31.59260 379.48840332
v -68.18060 69.06980 376.52490234
v -68.17570 19.12100 352.23159790
v -68.17530 63.88170 379.21459961
v -68.16200 13.82290 412.97808838
v -68.15340 47.09730 439.68728638
v -68.13900 21.26590 349.53421021
v -68.10230 8.98880 472.67559814
v -68.08670 18.22140 358.35791016
v -67.98840 8.53600 480.85720825
v -67.98830 13.03180 438.99591064
v -67.93370 64.71590 373.78179932
v -67.67320 62.83260 463.30569458
v -67.65390 65.93850 463.52441406
v -67.55250 69.14450 435.96130371
v -67.54560 12.01720 429.92080688
v -67.52770 54.67550 463.24340820
v -67.51550 11.82590 433.24758911
v -67.50640 8.81850 475.67709351
v -67.50240 74.18340 421.27459717
v -67.49460 34.87920 388.75210571
v -67.48780 68.23520 433.14920044
v -67.48230 25.50100 358.39199829
v -67.47570 68.75470 374.09188843
v -67.47230 20.28460 347.11111450
v -67.45880 43.03590 418.34970093
v -67.44460 41.89440 406.51251221
v -67.44330 21.28860 347.10778809
v -67.44150 44.90590 427.48510742
v -67.44100 13.88080 489.18771362
v -67.42650 71.85040 430.70150757
v -67.42540 43.19600 421.72299194
v -67.41940 37.93810 493.28381348
v -67.41060 67.98320 428.12490845
v -67.40960 64.89030 481.48379517
v -67.40410 65.90180 415.33648682
v -67.40280 56.63660 488.06539917
v -67.40270 50.33230 451.62039185
v -67.39580 42.92720 412.99929810
v -67.38950 52.46040 457.64569092
v -67.35170 48.44100 448.03689575
v -67.35050 12.86330 421.52178955
v -67.34810 17.02080 490.19509888
v -67.34810 49.29210 491.31240845
v -67.34550 35.75950 491.95709229
v -67.34320 63.93380 397.48190308
v -67.34190 65.01210 406.63009644
v -67.34130 33.57400 491.46539307
v -67.34040 7.86440 483.81579590
v -67.33549 12.66520 460.94268799
v -67.33549 74.25550 385.51919556
v -67.33530 7.80120 481.47961426
v -67.33180 15.82860 382.24630737
v -67.28910 51.30760 490.49371338
v -67.28350 63.73350 484.39489746
v -67.27610 32.83150 380.06710815
v -67.27430 63.05180 379.66110229
v -67.26710 74.09250 382.27621460
v -67.26350 35.75200 388.49160767
v -67.23820 29.49670 364.74539185
v -67.23030 63.17490 394.15609741
v -67.22940 23.33940 346.74880981
v -67.22580 74.15110 418.40069580
v -67.22330 69.19270 430.10861206
v -67.22000 14.10600 406.72879028
v -67.21240 71.00250 429.91189575
v -67.20960 29.69630 367.46429443
v -67.19020 64.75040 400.03961182
v -67.18120 45.28000 431.19909668
v -67.17200 65.89700 367.70761108
v -67.16810 69.78011 370.66351318
v -67.13790 22.01250 334.93679810
v -67.13780 20.05620 337.75350952
v -67.10300 64.84020 367.73809814
v -67.07510 73.29050 376.51229858
v -67.04670 39.98850 394.66641235
v -67.04220 17.97810 349.62570190
v -66.95460 14.77620 454.96249390
v -66.89060 18.83940 343.46051025
v -66.62930 36.79020 389.06619263
v -66.52990 75.13630 406.16580200
v -66.51960 17.15320 355.18591309
v -66.47650 9.78900 487.51098633
v -66.45870 16.32250 358.71789551
v -66.45110 30.04670 363.38320923
v -66.43510 18.06080 490.58898926
v -66.42920 65.04010 365.10070801
v -66.42680 24.47330 346.59201050
v -66.42090 41.81930 400.67239380
v -66.40720 62.95790 391.49090576
v -66.40160 64.08231 367.23278809
v -66.39520 63.13950 373.17919922
v -66.39040 74.34940 412.71771240
v -66.38980 50.41180 454.06799316
v -66.38080 13.07300 415.89239502
v -66.37880 52.56900 460.39318848
v -66.36930 14.81130 404.28048706
v -66.36190 31.59250 370.51010132
v -66.36020 55.47770 464.94149780
v -66.31750 61.70620 469.86648560
v -66.30620 54.49829 489.40380859
v -66.30590 64.69850 481.29721069
v -66.30520 37.76190 388.45730591
v -66.30500 63.03960 388.48611450
v -66.30090 49.22810 449.48040771
v -66.30060 48.06820 442.61010742
v -66.29400 23.16370 331.63079834
v -66.29280 74.16410 376.77090454
v -66.29010 7.72350 484.22198486
v -66.26570 20.14030 491.51840210
v -66.25510 68.17880 421.94879150
v -66.24440 20.39760 331.38238525
v -66.23890 75.16600 389.26300049
v -66.23750 63.72700 475.51361084
v -66.22480 15.18220 379.28970337
v -66.19070 25.42180 343.74060059
v -66.18960 32.92220 374.17080688
v -66.17860 62.87770 484.48019409
v -66.16850 28.72860 355.87219238
v -66.16800 72.24530 370.48809814
v -66.09770 66.01630 358.70980835
v -66.09310 66.02580 408.97918701
v -66.09060 63.87900 361.25878906
v -66.08830 23.19860 319.55059814
v -66.07180 67.23430 418.24218750
v -66.06800 19.01110 335.11041260
v -66.06240 70.19160 364.52011108
v -66.05140 20.23460 328.04019165
v -66.02640 43.94760 416.06021118
v -65.89360 7.49670 480.86370850
v -65.88900 22.03000 319.51928711
v -65.77710 13.98960 412.05319214
v -65.57770 10.82840 466.56921387
v -65.57160 68.76850 420.97189331
v -65.49400 13.89690 457.69720459
v -65.48020 15.76670 439.78491211
v -65.47610 17.26420 346.16549683
v -65.46030 61.97900 472.71810913
v -65.45910 15.79360 376.68609619
v -65.45640 15.05100 394.77951050
v -65.44080 70.19260 424.27841187
v -65.42510 31.25610 361.18038940
v -65.41050 45.69060 493.46969604
v -65.40080 29.14100 351.86270142
v -65.39740 15.97760 490.43521118
v -65.39640 47.07410 439.38629150
v -65.38880 65.03941 356.11279297
v -65.38620 26.55170 343.59960938
v -65.37810 65.84641 403.49890137
v -65.37790 42.92160 403.82638550
v -65.36910 24.35680 319.26779175
v -65.34940 47.36220 442.29269409
v -65.34590 64.57710 481.14929199
v -65.34540 8.78940 487.31381226
v -65.34500 62.93800 379.73760986
v -65.33960 44.96060 424.73168945
v -65.32250 68.94770 361.03878784
v -65.31430 13.90930 418.24108887
v -65.31220 39.92360 388.50180054
v -65.30540 19.17900 331.31250000
v -65.30450 22.42340 316.66439819
v -65.27040 59.65110 469.80899048
v -65.27020 44.24030 422.18600464
v -65.26830 73.28980 415.49230957
v -65.26590 73.02140 418.49270630
v -65.26560 62.95190 369.97311401
v -65.26430 56.58060 467.61389160
v -65.26350 37.84150 492.77481079
v -65.26300 52.49990 460.88079834
v -65.25920 66.86350 409.48300171
v -65.25860 63.04210 362.13308716
v -65.20780 32.69390 367.52758789
v -65.20350 15.02540 379.48910522
v -65.19980 71.74960 421.23651123
v -65.18840 14.10810 409.75201416
v -65.17950 8.61860 472.99990845
v -65.17120 16.22500 352.28869629
v -65.16780 18.31120 334.24978638
v -65.16630 14.73810 415.76699829
v -65.16120 70.95480 361.50650024
v -65.15280 63.98610 388.49731445
v -65.15120 13.96500 427.47760010
v -65.15030 64.78590 391.48040771
v -65.14360 26.45090 336.16110229
v -65.13160 74.13310 409.49719238
v -65.12260 28.34050 343.50289917
v -65.10930 69.06921 356.21371460
v -65.05700 25.20330 308.11621094
v -65.04980 75.22550 379.60128784
v -65.04610 26.42250 317.79418945
v -65.01690 43.19920 406.50601196
v -64.93180 63.80130 352.04989624
v -64.92990 63.94550 340.72610474
v -64.92590 39.96980 385.45199585
v -64.90860 6.78190 483.42318726
v -64.90070 22.33000 312.91198730
v -64.86080 73.22560 366.78640747
v -64.62420 14.81550 408.54998779
v -64.50980 15.14230 453.22821045
v -64.44240 6.78360 479.17590332
v -64.41420 15.88380 450.85140991
v -64.40470 62.98730 483.97570801
v -64.39490 15.04510 382.88409424
v -64.39480 10.62060 469.15771484
v -64.38940 42.80640 397.64770508
v -64.34600 27.56660 337.45590210
v -64.34030 63.99960 338.08670044
v -64.33110 64.84120 343.10180664
v -64.32530 16.86330 349.50491333
v -64.32510 32.35500 357.99868774
v -64.32330 29.62370 346.18850708
v -64.31690 66.05330 347.11859131
v -64.30110 65.07481 394.71301270
v -64.29970 15.75220 389.18521118
v -64.29950 67.79640 351.80841064
v -64.29560 42.71240 394.50311279
v -64.28760 17.21200 340.99850464
v -64.28170 75.18530 393.50900269
v -64.27540 58.76770 470.47918701
v -64.27530 15.92720 490.58090210
v -64.27320 27.43340 325.28750610
v -64.26650 65.84880 340.25369263
v -64.26430 62.93960 358.56820679
v -64.25740 21.25410 316.16079712
v -64.22990 71.29990 418.25119019
v -64.22840 60.75180 473.44448853
v -64.22380 53.31530 490.49520874
v -64.22360 62.94430 373.63031006
v -64.22000 15.21330 368.47900391
v -64.21820 53.49570 463.77441406
v -64.21750 65.01180 391.63598633
v -64.21670 33.68320 364.52929688
v -64.21330 15.90440 365.21810913
v -64.21030 26.27980 305.47378540
v -64.16820 66.07010 400.66940308
v -64.16200 64.20660 346.32849121
v -64.16030 69.88530 352.65890503
v -64.15460 27.42830 317.04400635
v -64.14890 14.79140 427.23590088
v -64.14799 46.24010 493.36120605
v -64.14150 40.98490 493.46160889
v -64.12280 12.86420 463.16110229
v -64.12140 23.79680 304.14511108
v -64.10290 30.66840 346.82971191
v -64.09590 74.13800 403.51058960
v -64.09290 28.54600 334.38510132
v -64.08270 68.12400 347.40780640
v -64.06900 54.56930 466.43600464
v -64.06490 49.04690 448.75280762
v -64.02830 68.17410 415.08660889
v -64.02620 49.39310 452.38751221
v -64.01920 20.34610 319.22760010
v -64.01650 65.19210 332.38351440
v -64.01540 67.85841 340.32168579
v -64.01120 26.12770 298.72570801
v -64.00740 62.83640 334.23150635
v -64.00670 38.34860 377.58898926
v -63.98780 63.94300 381.91720581
v -63.97670 75.46450 385.47698975
v -63.97650 74.18470 367.50338745
v -63.97360 62.75630 361.57238770
v -63.96870 24.96730 299.18109131
v -63.89340 46.29610 434.10949707
v -63.89160 43.94490 406.86029053
v -63.87400 72.29990 358.31338501
v -63.65880 15.63870 433.62860107
v -63.48540 62.81359 480.93099976
v -63.38980 14.81710 423.93450928
v -63.37920 15.88320 397.22378540
v -63.36610 62.98210 349.20901489
v -63.34570 68.18510 343.63409424
v -63.32920 28.23240 305.16171265
v -63.32410 13.87900 490.01959229
v -63.30740 64.01760 329.16198730
v -63.29950 25.46350 296.11550903
v -63.28890 68.34240 338.66210938
v -63.28330 41.66500 385.33178711
v -63.27900 17.96840 337.94360352
v -63.26900 15.18700 385.28448486
v -63.26530 15.11220 376.47808838
v -63.25660 68.10030 410.26388550
v -63.24930 44.99260 422.07589722
v -63.23930 55.48080 467.94268799
v -63.23560 73.27780 406.32879639
v -63.23300 62.08350 340.35058594
v -63.23280 47.14170 442.02279663
v -63.23250 34.65750 361.66650391
v -63.22820 62.78360 331.35589600
v -63.22790 36.98770 492.47839355
v -63.22330 22.25100 307.30130005
v -63.19780 59.68800 486.64651489
v -63.18480 16.22290 349.27749634
v -63.18030 62.93920 367.67849731
v -63.17800 75.30991 388.07699585
v -63.17790 38.95420 376.52890015
v -63.17610 30.55020 337.34970093
v -63.17510 64.77600 382.47970581
v -63.17400 10.93910 466.84469604
v -63.17400 33.67490 355.50140381
v -63.17360 31.59340 343.50759888
v -63.17330 32.63570 349.50759888
v -63.17170 62.18190 361.47900391
v -63.16760 72.17790 355.07699585
v -63.15840 63.77540 375.84729004
v -63.13250 67.05251 403.35760498
v -63.13080 16.10430 440.13250732
v -63.13070 69.35110 415.11318970
v -63.12270 35.87530 367.36221313
v -63.12120 62.72910 358.67019653
v -63.11930 65.89050 329.32281494
v -63.11810 15.02060 415.90258789
v -63.11670 69.28840 343.46130371
v -63.11030 72.99450 409.26098633
v -63.10270 16.12280 445.65029907
v -63.10220 76.09990 385.26339722
v -63.09720 29.66880 328.95059204
v -63.09500 65.80621 391.26629639
v -63.07470 24.41090 492.83288574
v -63.04520 9.73570 488.28689575
v -63.02970 62.70770 323.28329468
v -63.00730 29.45730 314.45941162
v -62.99330 14.87210 457.48388672
v -62.96700 26.71330 290.45120239
v -62.92830 70.04330 340.51989746
v -62.90710 39.99090 376.50588989
v -62.86700 24.40840 295.20581055
v -62.83260 61.66370 325.30780029
v -62.53620 14.05500 459.98449707
v -62.47530 68.95020 412.48361206
v -62.46720 38.62140 373.52120972
v -62.39030 15.90760 385.52960205
v -62.34090 49.48580 456.95730591
v -62.30800 10.62010 469.32980347
v -62.30350 44.24220 418.50588989
v -62.29360 34.47460 352.51000977
v -62.28840 74.19090 362.62170410
v -62.28810 15.91810 375.77508545
v -62.28510 75.30140 379.42541504
v -62.28470 76.07240 382.51379395
v -62.28410 73.14930 355.49380493
v -62.27830 62.54150 481.57699585
v -62.26390 71.15131 346.68319702
v -62.24300 21.09050 311.09759521
v -62.24110 74.27320 366.95181274
v -62.23210 15.98090 370.52828979
v -62.22660 50.41410 460.16290283
v -62.21790 60.81850 478.16729736
v -62.21570 61.87940 343.26770020
v -62.21530 17.90910 339.79251099
v -62.20860 60.68270 485.77890015
v -62.19100 36.74150 364.65960693
v -62.18830 43.15030 397.20401001
v -62.18140 61.70300 331.94799805
v -62.18000 67.03910 397.95590210
v -62.17790 30.55390 319.38101196
v -62.17600 22.05500 493.40451050
v -62.17380 52.23720 490.97299194
v -62.15970 43.02250 493.48098755
v -62.15470 46.26710 434.11459351
v -62.14740 74.08051 394.30679321
v -62.14640 45.31960 427.74868774
v -62.14530 15.98830 427.91241455
v -62.14480 62.17960 358.49899292
v -62.14460 16.12040 396.93289185
v -62.14430 73.22540 400.33160400
v -62.14240 62.70620 355.88391113
v -62.14060 8.70260 487.56921387
v -62.13840 73.06720 352.72180176
v -62.13830 18.97860 493.32308960
v -62.13700 32.63030 340.34838867
v -62.13600 41.83570 379.72531128
v -62.13530 52.45310 463.77288818
v -62.13300 30.47270 313.49960327
v -62.13240 33.67380 346.50201416
v -62.13100 26.40710 287.10610962
v -62.08220 12.80450 490.42770386
v -62.07980 17.08380 343.33160400
v -62.07950 64.96260 320.64709473
v -62.07630 29.62160 300.85949707
v -62.06890 16.86730 439.20880127
v -62.06270 62.13260 319.21038818
v -62.06060 45.91810 424.71420288
v -62.05680 19.02220 325.98559570
v -62.05430 31.75430 331.94720459
v -62.04160 74.37200 385.76330566
v -62.02370 23.37750 295.47830200
v -62.00640 29.44170 292.90301514
v -61.98580 55.61720 469.51181030
v -61.98510 53.53110 466.45901489
v -61.98350 46.32490 442.05059814
v -61.98090 46.04170 430.16268921
v -61.97880 75.16970 376.02481079
v -61.97500 11.69890 466.53540039
v -61.96970 28.39480 286.73620605
v -61.96470 60.92459 328.49328613
v -61.94200 16.11890 412.10501099
v -61.93770 36.79930 361.50100708
v -61.89260 71.23960 340.93249512
v -61.86700 70.16161 334.45349121
v -61.85190 66.45470 394.50021362
v -61.81730 47.28600 446.44531250
v -61.80360 16.91710 444.83691406
v -61.73880 61.89630 313.06838989
v -61.72830 15.88140 454.77828979
v -61.65450 15.09460 456.94421387
v -61.56920 71.31710 409.65231323
v -61.41940 7.65970 475.54791260
v -61.37680 75.18110 382.48370361
v -61.35340 16.04910 352.39389038
v -61.32360 44.12960 408.65319824
v -61.29880 46.02110 427.30688477
v -61.28360 37.83810 364.50878906
v -61.28330 35.76330 355.31271362
v -61.26710 21.42040 304.83380127
v -61.26560 28.74540 492.43710327
v -61.26450 33.44610 335.13449097
v -61.26180 73.30610 394.27868652
v -61.24730 32.39770 322.75088501
v -61.23970 19.27040 319.97140503
v -61.23590 62.71150 358.31161499
v -61.22520 30.35630 293.45278931
v -61.22240 17.96040 332.14678955
v -61.21050 18.07520 493.25399780
v -61.20890 16.08030 419.18231201
v -61.18100 61.69920 337.81039429
v -61.17680 63.78870 364.72860718
v -61.17020 46.26790 436.67639160
v -61.15920 16.25160 409.27520752
v -61.15860 42.17090 493.48748779
v -61.15640 69.05290 328.45040894
v -61.15610 59.63160 487.18411255
v -61.15470 56.63670 471.00088501
v -61.15360 13.96030 491.10070801
v -61.14930 31.59720 313.97790527
v -61.11910 8.64530 472.42041016
v -61.11340 74.27870 382.50000000
v -61.11190 49.35550 457.48498535
v -61.10880 74.38310 379.33190918
v -61.10080 75.21600 367.73849487
v -61.09950 17.23140 334.68548584
v -61.09900 60.66400 484.87420654
v -61.09720 57.87640 472.73458862
v -61.09110 31.52520 305.04510498
v -61.05140 17.13570 339.63760376
v -61.04950 62.07260 355.17788696
v -61.04450 16.85750 415.33248901
v -61.04260 54.43310 490.41580200
v -61.04090 7.66660 487.13690186
v -61.03790 59.56800 475.70660400
v -61.03690 42.90260 386.07699585
v -61.02660 16.94370 344.43099976
v -61.02540 28.88040 283.34729004
v -61.02160 63.21660 309.23348999
v -61.00460 73.25010 388.63061523
v -60.96690 45.12030 421.50170898
v -60.96460 34.65240 340.67950439
v -60.94850 16.86990 367.16351318
v -60.94590 44.95710 415.76379395
v -60.93830 33.59690 328.51260376
v -60.92710 31.52710 298.48620605
v -60.88860 61.98870 305.31509399
v -60.88760 69.05690 325.44488525
v -60.88180 60.75520 304.54559326
v -60.86490 60.72350 307.80819702
v -60.86130 25.52210 283.51071167
v -60.85850 6.54430 481.62069702
v -60.81890 16.97560 405.95550537
v -60.77490 20.01190 317.10879517
v -60.64140 69.83670 406.33428955
v -60.32730 71.13990 403.72698975
v -60.30320 71.36940 400.63769531
v -60.28900 48.19000 453.68350220
v -60.27340 36.46620 349.33660889
v -60.24300 39.92220 367.50088501
v -60.23060 7.49850 478.17309570
v -60.22690 74.15950 352.88809204
v -60.22270 22.46130 295.81439209
v -60.20960 37.91880 358.73760986
v -60.20830 74.40900 360.66751099
v -60.19850 30.19080 282.94430542
v -60.19480 44.21390 411.90679932
v -60.17840 33.48010 316.90209961
v -60.16540 22.06700 301.53320312
v -60.16420 23.17370 293.09948730
v -60.15850 71.85191 334.33270264
v -60.15500 10.78580 490.33099365
v -60.14510 24.38400 286.20678711
v -60.13290 46.08760 432.94149780
v -60.13050 51.60860 464.03408813
v -60.12600 59.98860 321.20050049
v -60.11530 17.02860 409.32800293
v -60.11420 16.93690 423.54360962
v -60.10760 69.03751 397.67849731
v -60.09920 37.79050 355.66308594
v -60.09060 68.08331 319.57800293
v -60.06300 7.86390 472.98471069
v -60.06240 61.73440 346.07458496
v -60.06230 8.83140 471.02630615
v -60.06130 51.52900 491.18090820
v -60.06000 59.69220 486.26309204
v -60.05860 73.29041 346.51251221
v -60.05770 45.13000 492.93240356
v -60.05740 6.68420 484.93740845
v -60.05720 50.26740 460.55380249
v -60.05680 44.47670 421.49450684
v -60.05660 20.31120 310.96578979
v -60.04980 33.74160 322.10870361
v -60.01170 73.00570 387.98880005
v -60.00800 66.21620 385.33230591
v -60.00530 65.02950 376.49960327
v -59.99660 62.82850 302.49179077
v -59.99130 44.87950 409.19769287
v -59.98660 31.58700 289.30780029
v -59.98420 29.33590 277.81069946
v -59.98280 34.85800 334.50268555
v -59.98050 21.02830 308.22000122
v -59.95850 73.22830 379.80410767
v -59.95700 70.11350 400.08221436
v -59.95570 43.98170 397.67028809
v -59.95530 59.71720 310.78259277
v -59.93070 46.09640 439.89620972
v -59.92620 60.95400 340.29080200
v -59.92120 17.16150 391.45660400
v -59.92100 5.84880 481.68820190
v -59.91090 35.95890 342.92999268
v -59.90700 45.21820 424.36358643
v -59.90510 54.57740 469.51000977
v -59.88690 34.67830 325.38378906
v -59.88550 26.69050 277.22409058
v -59.86740 60.96060 296.24841309
v -59.86350 32.87580 307.19958496
v -59.85130 40.96020 367.48800659
v -59.84790 59.72190 298.26199341
v -59.80640 60.67150 292.30569458
v -59.80130 59.79500 292.74038696
v -59.72290 52.42420 466.35128784
v -59.52420 18.88390 325.99938965
v -59.52350 68.32481 316.33590698
v -59.50550 68.67941 391.96121216
v -59.42270 59.85480 480.85079956
v -59.41880 16.91370 348.85729980
v -59.37180 71.24540 396.63470459
v -59.20130 70.02800 397.02630615
v -59.18120 45.04580 421.26458740
v -59.15460 16.18310 453.56439209
v -59.15330 56.57540 488.45489502
v -59.14850 5.78970 484.20831299
v -59.14600 26.35450 492.60391235
v -59.11190 58.97040 309.93490601
v -59.10390 48.39430 457.24661255
v -59.10060 17.18750 406.74398804
v -59.09260 60.51950 325.73910522
v -59.09110 49.44130 460.34649658
v -59.07750 74.13660 347.06930542
v -59.07400 7.73220 475.49218750
v -59.07110 66.98420 310.44281006
v -59.07080 36.66990 337.87411499
v -59.06840 60.71030 331.41879272
v -59.06440 73.31900 343.35839844
v -59.04670 59.90720 289.37759399
v -59.04010 71.15421 391.78039551
v -59.03750 43.12750 392.18319702
v -59.02790 17.09530 443.44891357
v -59.02540 16.97650 359.84310913
v -59.02270 75.16270 361.30099487
v -59.02190 73.33630 373.34671021
v -59.02070 17.26750 331.31890869
v -59.01930 75.10281 356.24670410
v -59.01850 17.22770 419.06030273
v -59.01740 17.02110 492.40948486
v -59.00760 41.00920 364.33441162
v -59.00410 41.99350 370.50909424
v -58.97110 17.87560 410.06619263
v -58.96650 47.10870 451.22009277
v -58.96540 75.01760 364.64318848
v -58.95990 72.22560 382.71728516
v -58.95840 24.24430 493.38198853
v -58.95830 55.47770 489.01119995
v -58.95820 70.07820 391.91610718
v -58.95460 35.86760 331.17678833
v -58.94210 45.31860 434.45300293
v -58.93730 59.95330 328.27490234
v -58.93640 54.40480 490.32580566
v -58.93120 39.08100 355.50570679
v -58.92990 58.79980 475.87469482
v -58.91620 73.12540 337.79080200
v -58.91320 61.78010 289.78311157
v -58.90300 17.90510 399.18679810
v -58.88830 72.11660 331.70541382
v -58.88370 17.94080 415.34219360
v -58.87870 63.15600 296.05319214
v -58.86940 62.67670 349.27819824
v -58.85720 31.57810 277.70300293
v -58.85050 34.68230 307.89788818
v -58.82460 16.92020 451.77191162
v -58.82150 29.64600 272.10989380
v -58.82120 44.91990 401.46520996
v -58.81250 66.97820 307.46438599
v -58.78130 46.24720 448.50268555
v -58.70230 50.32930 160.37229919
v -58.57320 12.91300 463.57720947
v -58.30850 15.13520 457.23699951
v -58.26180 27.69210 269.56338501
v -58.25380 68.87200 388.09899902
v -58.23680 7.39050 478.87759399
v -58.22280 61.98820 344.34631348
v -58.17810 17.96740 418.22158813
v -58.17670 50.33520 463.02520752
v -58.16970 58.81330 289.19180298
v -58.16820 26.41200 271.89599609
v -58.16360 38.55440 346.29000854
v -58.14660 58.73230 296.15460205
v -58.10790 33.47410 287.05731201
v -58.10760 17.94250 387.52828979
v -58.10390 32.43150 278.05059814
v -58.10190 33.73820 292.34350586
v -58.09260 48.38510 158.10609436
v -58.09240 34.78620 304.17779541
v -58.09150 50.19700 158.09590149
v -58.08700 17.20410 369.71630859
v -58.08400 45.95640 430.49630737
v -58.07680 64.04311 295.36871338
v -58.07510 73.37370 367.07159424
v -58.06570 53.52880 490.32580566
v -58.06440 43.26970 394.26330566
v -58.06120 57.69960 486.36898804
v -58.06080 65.87740 373.71881104
v -58.05600 59.96540 328.59719849
v -58.05240 71.86020 325.49108887
v -58.05150 70.04960 388.30239868
v -58.05100 42.87410 373.52569580
v -58.04710 59.70790 278.25671387
v -58.04250 74.32401 361.49798584
v -58.02860 34.60370 296.63870239
v -58.02320 47.35340 160.50360107
v -57.98540 44.97960 403.49911499
v -57.98530 21.18530 493.36749268
v -57.98100 23.39700 493.32501221
v -57.98010 71.92970 382.62548828
v -57.97810 17.91090 329.22961426
v -57.97740 47.39520 454.51031494
v -57.97450 62.91940 351.74710083
v -57.97360 41.83550 361.73059082
v -57.97110 73.35830 342.93161011
v -57.97070 57.56840 473.48760986
v -57.96840 73.87450 340.49539185
v -57.96760 67.04740 304.49591064
v -57.96710 74.91470 349.49490356
v -57.92810 44.02760 397.51361084
v -57.92070 35.88780 318.83840942
v -57.92060 59.66110 322.06640625
v -57.91940 54.43820 469.55020142
v -57.91630 74.42350 352.33929443
v -57.91310 17.93950 373.54818726
v -57.91290 59.48630 478.70608521
v -57.90610 42.05120 364.67929077
v -57.90550 66.18860 376.26119995
v -57.88960 65.06860 295.95098877
v -57.88290 49.37220 163.21980286
v -57.87960 61.68340 331.93179321
v -57.87110 45.05730 413.80661011
v -57.85790 61.74030 336.59439087
v -57.85240 51.37170 490.41891479
v -57.84140 32.55410 274.67269897
v -57.81590 6.56660 481.10379028
v -57.80660 62.82870 283.49340820
v -57.80380 52.32490 157.73330688
v -57.79160 45.20770 160.28230286
v -57.76540 47.21740 163.23640442
v -57.76280 29.44780 265.88128662
v -57.75820 58.68390 271.85211182
v -57.74780 38.11710 340.18930054
v -57.74400 73.39140 361.05569458
v -57.72330 52.49010 160.15179443
v -57.71780 45.05170 157.89230347
v -57.67800 17.97360 440.93411255
v -57.67710 26.35530 268.65200806
v -57.65090 20.23860 310.26660156
v -57.64120 31.93100 493.48510742
v -57.53430 37.08800 323.60299683
v -57.35230 9.75290 469.77960205
v -57.33500 45.23380 429.84768677
v -57.20530 10.53490 490.31100464
v -57.16240 15.55190 458.06500244
v -57.13960 17.96400 370.72460938
v -57.12990 68.46430 380.36608887
v -57.07780 71.00861 379.68750000
v -57.06570 23.15620 287.20471191
v -57.05440 70.03880 313.49969482
v -57.04170 59.48290 481.39859009
v -57.02680 72.99181 334.30410767
v -57.02310 18.15110 403.90289307
v -57.01610 63.71200 352.70520020
v -57.01440 6.71590 487.23629761
v -57.01430 30.59440 493.40750122
v -57.01280 21.35480 298.74929810
v -57.00260 27.35410 492.12051392
v -56.99700 74.25330 355.47619629
v -56.99610 49.23190 491.09698486
v -56.98620 49.82230 154.89270020
v -56.98580 74.30200 349.66970825
v -56.95350 20.06990 316.04119873
v -56.94870 58.65260 483.27270508
v -56.94610 17.23230 334.94210815
v -56.94200 73.17950 340.16259766
v -56.94040 72.23740 327.92129517
v -56.93990 72.31120 331.50698853
v -56.93700 19.10210 492.30279541
v -56.93610 58.01850 310.45581055
v -56.93550 47.20740 454.51181030
v -56.93350 60.79380 327.93750000
v -56.92770 63.86580 283.50360107
v -56.92770 64.96090 289.35409546
v -56.92240 55.54000 470.96258545
v -56.92000 52.41990 161.97109985
v -56.91400 58.83060 267.45401001
v -56.89220 12.81050 465.13290405
v -56.87470 18.20110 426.72048950
v -56.87270 18.18590 381.98181152
v -56.87240 18.91480 412.29730225
v -56.87100 17.93400 340.60430908
v -56.86790 45.18440 156.54859924
v -56.86670 74.83540 352.70980835
v -56.86490 58.88610 319.20761108
v -56.85880 11.74850 490.84631348
v -56.85700 22.06920 296.21289062
v -56.85280 58.51580 307.92639160
v -56.85210 33.57840 271.70410156
v -56.82070 27.73170 262.23379517
v -56.81500 60.85500 268.49200439
v -56.80990 56.58390 484.68688965
v -56.79740 44.99010 436.48269653
v -56.78610 45.08640 493.32189941
v -56.77810 71.21620 319.05731201
v -56.77640 60.66730 323.05770874
v -56.76990 44.24720 406.34710693
v -56.76600 34.64590 277.50860596
v -56.76580 60.58410 262.95599365
v -56.76140 30.61730 262.84521484
v -56.75820 53.06210 154.69189453
v -56.72790 62.88760 274.67919922
v -56.72690 34.98500 286.12078857
v -56.72360 35.76440 289.68209839
v -56.70710 5.87520 484.89529419
v -56.69420 43.91570 389.41870117
v -56.68220 51.37590 163.56340027
v -56.67070 14.09080 462.84671021
v -56.65720 43.18400 160.42999268
v -56.65110 53.64500 469.63610840
v -56.60670 7.79870 475.23199463
v -56.58530 67.10270 295.32479858
v -56.54720 42.87270 364.93850708
v -56.53180 40.18630 346.30459595
v -56.45440 37.03560 301.47879028
v -56.41160 72.95050 357.90179443
v -56.36750 41.29030 352.36929321
v -56.23550 43.15000 384.53979492
v -56.15110 58.64500 481.00079346
v -56.09960 70.10670 376.48300171
v -56.09770 17.12360 451.49288940
v -56.09350 24.52310 271.49349976
v -56.03550 57.62160 483.14709473
v -56.03460 10.87360 469.12100220
v -56.03380 52.40310 466.77679443
v -56.02790 58.54750 310.50531006
v -56.01570 54.49230 160.27789307
v -56.01450 63.74120 352.25540161
v -56.01410 61.94260 335.28189087
v -55.99230 30.65990 260.10299683
v -55.97670 44.88540 409.52441406
v -55.97610 47.35990 457.16510010
v -55.97320 19.37090 316.31961060
v -55.97150 39.99780 343.27880859
v -55.96910 22.32050 289.72369385
v -55.96840 47.15410 154.76559448
v -55.96630 58.66899 254.24940491
v -55.96520 55.28810 157.49169922
v -55.96210 73.93090 343.61898804
v -55.95840 45.29350 448.00360107
v -55.95630 62.74410 337.73980713
v -55.94270 39.69420 334.97979736
v -55.93520 64.85550 280.66598511
v -55.91520 69.13800 376.08691406
v -55.90570 19.03170 409.04321289
v -55.90550 46.16490 451.48370361
v -55.89790 53.45040 487.50259399
v -55.89720 9.79770 490.36190796
v -55.89480 17.02060 491.56988525
v -55.89390 21.36080 298.66778564
v -55.89180 57.54200 472.80068970
v -55.89060 48.25050 165.46949768
v -55.88970 44.27610 433.65908813
v -55.88730 66.97870 292.11669922
v -55.88130 21.84630 301.47268677
v -55.87860 16.90260 454.52319336
v -55.86690 61.72040 329.17300415
v -55.85520 24.72170 267.56869507
v -55.85110 45.00980 415.35650635
v -55.84590 68.03870 373.47949219
v -55.84290 13.95010 491.36581421
v -55.84240 49.34950 490.40890503
v -55.83950 66.03970 286.79330444
v -55.83180 57.52300 268.69738770
v -55.82360 58.44670 475.70120239
v -55.81580 28.56430 256.76550293
v -55.81420 72.98050 331.26879883
v -55.80600 42.97610 162.24540710
v -55.80300 42.25700 160.20899963
v -55.80220 44.23220 436.73550415
v -55.78550 71.90280 364.17059326
v -55.78400 57.85600 307.17639160
v -55.77990 57.87120 252.95379639
v -55.75950 61.98750 262.96881104
v -55.75540 34.90250 271.46759033
v -55.74950 57.49970 298.03021240
v -55.74700 59.76420 250.69020081
v -55.74300 18.95510 382.43991089
v -55.73790 60.90330 256.45028687
v -55.72490 45.21100 164.87289429
v -55.71820 21.24070 303.99539185
v -55.71780 55.53530 154.84109497
v -55.70240 18.27050 322.54510498
v -55.70100 57.66840 238.99060059
v -55.69590 9.61490 472.39129639
v -55.69190 32.50720 259.51870728
v -55.68890 35.75810 274.86648560
v -55.68080 58.66660 241.22059631
v -55.67390 18.12580 331.84240723
v -55.66280 19.02530 319.99099731
v -55.64340 26.31100 259.72439575
v -55.64170 56.66460 235.75840759
v -55.63700 56.49860 157.48649597
v -55.63240 71.99480 337.35058594
v -55.55990 65.03330 277.49731445
v -55.50500 44.92180 442.84478760
v -55.20500 69.24810 373.15890503
v -55.18510 27.61450 256.84310913
v -55.08590 18.23850 434.94869995
v -55.07740 72.00780 317.47769165
v -55.07640 22.06490 295.51730347
v -55.07070 18.12560 326.14581299
v -55.06160 73.12070 343.62500000
v -55.03610 63.87230 271.51010132
v -55.03560 37.71140 297.17349243
v -55.02530 39.48140 322.48059082
v -55.02260 41.90120 349.94070435
v -55.02030 17.90480 451.26501465
v -55.01080 43.15300 376.22799683
v -55.00620 36.87550 286.77178955
v -55.00380 47.27500 491.26379395
v -54.99030 69.67420 301.34350586
v -54.97480 56.71990 233.09199524
v -54.95460 55.63060 152.11779785
v -54.95120 32.72730 257.10598755
v -54.94590 58.60520 235.19400024
v -54.94530 30.58900 493.35971069
v -54.93380 72.97810 325.75360107
v -54.93160 25.36330 262.35589600
v -54.93090 39.91190 331.03869629
v -54.92920 72.25121 331.71258545
v -54.91750 71.00930 310.31289673
v -54.91710 70.20831 367.20260620
v -54.91250 51.31540 488.55459595
v -54.91060 28.47460 491.97918701
v -54.91030 68.01970 292.49420166
v -54.90980 18.27130 364.45678711
v -54.90410 46.11030 154.27259827
v -54.90330 43.90220 385.16580200
v -54.90140 59.64660 241.65859985
v -54.87360 50.37260 463.79708862
v -54.86800 6.67850 478.80749512
v -54.86230 44.89350 421.33840942
v -54.85880 24.30570 490.63989258
v -54.85250 72.26340 323.19589233
v -54.85080 54.48860 484.76190186
v -54.85000 43.04880 155.63859558
v -54.84770 55.69670 235.67790222
v -54.84610 49.22570 166.73390198
v -54.84540 60.73650 247.51649475
v -54.84230 70.17010 304.51858521
v -54.84060 72.26630 346.04150391
v -54.82210 11.88610 466.69589233
v -54.80210 65.20140 361.50619507
v -54.79770 56.47820 242.10929871
v -54.79230 19.24200 389.84249878
v -54.77210 43.91390 379.74389648
v -54.76960 64.00010 268.51110840
v -54.76290 56.58430 247.49290466
v -54.76130 19.21460 415.22000122
v -54.74500 34.61650 259.78610229
v -54.74210 18.18290 445.64440918
v -54.73890 53.70630 150.92539978
v -54.73640 69.13380 298.17181396
v -54.73630 65.07270 358.82409668
v -54.71170 57.46950 151.50900269
v -54.70300 44.16330 424.50830078
v -54.69640 44.05440 493.27520752
v -54.69510 29.46680 252.94569397
v -54.69220 35.75240 265.72241211
v -54.69040 56.75140 297.80139160
v -54.68160 59.65350 315.68881226
v -54.67720 49.17100 151.35769653
v -54.66680 58.15690 224.02909851
v -54.65720 57.49600 300.89859009
v -54.65100 32.57490 253.51400757
v -54.64730 56.48900 277.78530884
v -54.64530 61.78800 250.51570129
v -54.63810 56.48470 223.82110596
v -54.63110 54.50280 148.62420654
v -54.62380 18.87540 332.19549561
v -54.62160 51.52580 466.60699463
v -54.61910 70.80270 361.49880981
v -54.61090 60.43700 318.79199219
v -54.59030 56.31140 148.64819336
v -54.58400 46.12540 166.71170044
v -54.55300 59.75350 230.16349792
v -54.54910 38.00900 287.86511230
v -54.53160 57.83470 306.76080322
v -54.21920 67.69220 367.20449829
v -54.21010 18.23780 337.36480713
v -54.05380 60.98780 325.71978760
v -54.03670 63.50240 259.30551147
v -54.02300 19.00330 433.79330444
v -54.01590 39.77560 318.91479492
v -54.00960 9.74340 490.31250000
v -54.00780 62.97710 345.92889404
v -54.00590 7.97350 475.26190186
v -53.97930 18.31010 322.76580811
v -53.97250 59.54140 310.94540405
v -53.97120 23.18690 281.07110596
v -53.96450 56.50660 280.30920410
v -53.95520 39.74330 306.67208862
v -53.95050 35.41250 258.94018555
v -53.93980 36.60070 266.06201172
v -53.93570 56.83460 221.29269409
v -53.92990 44.18530 418.98611450
v -53.92120 32.75750 251.14999390
v -53.91290 22.22200 490.55218506
v -53.90930 29.32380 250.75849915
v -53.90170 31.67100 493.36819458
v -53.89820 18.30720 328.30099487
v -53.89530 43.92020 403.73370361
v -53.89420 56.43320 271.47909546
v -53.89370 48.11480 151.35069275
v -53.88560 42.07170 346.49880981
v -53.88390 30.56980 248.18220520
v -53.88210 69.07140 364.48748779
v -53.87790 72.12180 325.65591431
v -53.87120 56.57810 163.25180054
v -53.87040 60.75400 238.74130249
v -53.86420 54.74650 237.37170410
v -53.85460 63.87770 349.44909668
v -53.85300 58.65380 156.53100586
v -53.85290 71.26480 313.13970947
v -53.82380 62.44350 331.47711182
v -53.81820 44.02560 424.49539185
v -53.81710 43.87630 394.19430542
v -53.81640 19.03600 364.96640015
v -53.81630 46.16510 454.50408936
v -53.81460 52.42739 166.77819824
v -53.81430 47.14920 457.54391479
v -53.81210 55.53559 164.00169373
v -53.81130 48.51210 461.13690186
v -53.80750 5.72490 481.57760620
v -53.80610 9.98160 469.82659912
v -53.80470 46.16460 151.75180054
v -53.80360 27.82930 250.33560181
v -53.80240 54.76350 225.95050049
v -53.80140 62.92140 253.80650330
v -53.79890 49.37600 148.89680481
v -53.79040 13.95520 463.34811401
v -53.78650 71.04610 352.13409424
v -53.76980 64.20770 352.72048950
v -53.76390 26.33490 490.55969238
v -53.76270 19.24100 377.42639160
v -53.75790 55.74610 277.36209106
v -53.75780 20.01680 388.50381470
v -53.75510 44.14440 153.30050659
v -53.75320 49.28680 463.33331299
v -53.75160 22.43220 283.52090454
v -53.74740 58.59330 478.42080688
v -53.74640 71.00690 304.88250732
v -53.74610 58.72970 307.87490845
v -53.74010 10.93890 490.70550537
v -53.73140 41.22090 157.40429688
v -53.72880 18.02020 490.55160522
v -53.72880 41.83220 337.71520996
v -53.70200 59.20670 220.22709656
v -53.70170 43.23930 400.49911499
v -53.69450 54.60700 484.31930542
v -53.68090 44.00990 416.04290771
v -53.67710 58.58900 149.01060486
v -53.67350 33.57320 172.49949646
v -53.66530 29.40000 245.44180298
v -53.66000 37.90070 172.29730225
v -53.65880 7.50210 478.14859009
v -53.64900 18.95300 445.46249390
v -53.64180 37.76650 271.27441406
v -53.63970 55.46630 214.98309326
v -53.62940 31.37720 244.69430542
v -53.62780 32.63800 169.85499573
v -53.61820 71.05480 328.75851440
v -53.60610 33.67660 247.50439453
v -53.60210 56.44810 288.76370239
v -53.59160 39.84470 172.49339294
v -53.57670 59.70130 157.30920410
v -53.57530 42.81020 349.22369385
v -53.56770 38.15700 279.84420776
v -53.56500 58.65630 217.27520752
v -53.55450 40.86730 175.16000366
v -53.54840 61.84290 241.69360352
v -53.46020 31.79910 172.68960571
v -53.41780 68.18211 285.70410156
v -53.21300 19.16040 319.25381470
v -53.20400 42.97830 357.25170898
v -53.13230 69.93430 297.00561523
v -53.11340 66.93790 361.49649048
v -53.11090 19.03450 336.89569092
v -53.10950 62.88640 337.62210083
v -53.02070 69.07211 361.05459595
v -52.98900 26.46740 250.80549622
v -52.96830 21.12750 303.91018677
v -52.94220 68.89270 289.33480835
v -52.94030 57.72770 475.11178589
v -52.93850 5.75750 484.24600220
v -52.93120 53.37000 469.30398560
v -52.92130 37.60140 262.94421387
v -52.91940 55.45540 166.72950745
v -52.91010 20.01670 311.09948730
v -52.90020 51.37620 169.76519775
v -52.89860 55.66660 212.11500549
v -52.87580 57.67790 301.77288818
v -52.87440 48.30870 148.70700073
v -52.87150 19.30690 425.06271362
v -52.87090 69.15780 355.87210083
v -52.87040 33.78050 245.08889771
v -52.86680 56.78720 298.06561279
v -52.86210 53.66420 217.23289490
v -52.86060 31.60550 242.10609436
v -52.84990 41.10700 325.77960205
v -52.84670 43.83530 376.53228760
v -52.84550 71.86190 310.73370361
v -52.84010 33.76610 175.58410645
v -52.83560 57.55550 482.13159180
v -52.83160 43.13500 395.23150635
v -52.82790 9.63820 472.25009155
v -52.82500 61.84500 330.65390015
v -52.82300 58.72230 163.37629700
v -52.82180 59.92930 316.31680298
v -52.82000 40.96040 172.51210022
v -52.81640 49.24860 488.52139282
v -52.78530 44.99700 451.29321289
v -52.78150 19.99090 376.93179321
v -52.78090 71.13850 317.27569580
v -52.77390 43.86620 381.49630737
v -52.77290 71.22190 308.20529175
v -52.77270 41.80010 329.43121338
v -52.77250 55.60150 249.54499817
v -52.77240 44.09020 152.61520386
v -52.77230 19.31420 313.51840210
v -52.77170 42.99880 384.51638794
v -52.77160 42.02030 154.78190613
v -52.77150 42.12060 385.41659546
v -52.77060 58.57950 481.05160522
v -52.77040 42.89670 388.09399414
v -52.76810 59.79399 147.20849609
v -52.76770 41.11300 162.81539917
v -52.76610 36.79890 256.36370850
v -52.76260 42.09550 493.27508545
v -52.76040 34.78320 166.93710327
v -52.73370 52.53060 145.89100647
v -52.72670 63.17810 342.85159302
v -52.72040 43.23130 414.49398804
v -52.71690 44.03290 491.77139282
v -52.71520 20.26700 394.49450684
v -52.71460 49.35790 147.66819763
v -52.71280 57.23160 211.23049927
v -52.71200 61.65760 323.27288818
v -52.71050 8.63840 488.72409058
v -52.71000 55.54070 264.05450439
v -52.70670 40.98640 157.91209412
v -52.70420 66.69290 271.33319092
v -52.70390 6.61520 486.08441162
v -52.70260 69.96671 349.35101318
v -52.70100 43.13900 374.06030273
v -52.69980 65.02230 261.91619873
v -52.69840 40.79510 304.76879883
v -52.69730 62.04340 334.45129395
v -52.69700 46.16710 169.53230286
v -52.69490 41.94420 175.56269836
v -52.69220 67.97511 358.50119019
v -52.69040 59.36670 478.71170044
v -52.68840 15.99890 460.12948608
v -52.68730 67.05020 274.29089355
v -52.68700 17.96450 454.48669434
v -52.67670 66.00990 268.23541260
v -52.67560 20.24380 416.01470947
v -52.67420 46.25920 457.29251099
v -52.66550 19.22020 326.15469360
v -52.66380 19.28010 362.93728638
v -52.64370 35.57920 244.45849609
v -52.63880 43.94500 445.12109375
v -52.63620 49.29250 172.60629272
v -52.63520 11.75370 466.88668823
v -52.62310 19.90990 322.03430176
v -52.61560 19.16570 440.33679199
v -52.60990 52.33430 170.19960022
v -52.60820 60.89070 148.97390747
v -52.60310 39.98280 178.54989624
v -52.59820 55.44060 276.67300415
v -52.59550 35.86560 178.63630676
v -52.59090 54.45060 206.30819702
v -52.59080 34.54260 241.85519409
v -52.58950 28.24760 242.30679321
v -52.58130 43.10700 424.54391479
v -52.58070 30.61750 172.50030518
v -52.57850 20.08760 421.34310913
v -52.56420 65.00150 259.22149658
v -52.53790 37.72950 166.78680420
v -52.52020 57.60630 145.60200500
v -52.51810 52.49770 208.72569275
v -52.50190 55.69040 289.10559082
v -52.49830 61.77630 157.29570007
v -52.48620 54.28210 145.52040100
v -52.48480 59.69840 214.51379395
v -52.45000 44.07780 175.39779663
v -52.43700 29.59310 172.73460388
v -52.43040 55.58720 169.82980347
v -52.38380 22.12240 288.86740112
v -52.32460 26.39780 246.62699890
v -52.03100 65.89050 352.66171265
v -52.00060 66.98240 355.49148560
v -51.96730 68.30760 337.43179321
v -51.95080 68.03291 355.51568604
v -51.90600 19.28760 433.85189819
v -51.89620 51.14530 174.81959534
v -51.89510 37.60880 251.14799500
v -51.88920 47.36010 460.32910156
v -51.88830 57.78500 208.82769775
v -51.87480 55.45870 247.51489258
v -51.87380 68.90540 283.96389771
v -51.87280 38.96660 268.72570801
v -51.86710 20.02170 313.30868530
v -51.86420 70.36330 316.30029297
v -51.85810 64.56860 250.28280640
v -51.85760 21.97220 292.48739624
v -51.85260 54.57100 241.51759338
v -51.84530 24.41220 257.16989136
v -51.84490 25.42310 250.29739380
v -51.82630 56.67530 206.07659912
v -51.82170 70.90430 301.95779419
v -51.82050 63.57050 241.76310730
v -51.81740 29.43440 490.52151489
v -51.81690 44.16800 451.05090332
v -51.81570 20.37890 304.68270874
v -51.81440 64.10920 346.64138794
v -51.80890 60.67380 316.96319580
v -51.80310 40.88710 178.76690674
v -51.80260 54.51250 203.16270447
v -51.80260 67.87991 275.27151489
v -51.79890 30.47770 175.47059631
v -51.79660 53.34270 468.62500000
v -51.79610 46.26840 148.56269836
v -51.79610 62.48450 229.09689331
v -51.79340 57.60980 472.81130981
v -51.79270 24.18350 262.33779907
v -51.79110 54.29160 172.66050720
v -51.78890 71.08470 310.50750732
v -51.78880 40.94600 301.35400391
v -51.78510 42.04920 336.02429199
v -51.77850 42.99550 166.46569824
v -51.77840 41.12330 316.03369141
v -51.77220 47.21120 172.41990662
v -51.74900 69.01400 331.29800415
v -51.74690 34.72860 493.24121094
v -51.73790 55.53040 482.66879272
v -51.73590 21.03150 394.49688721
v -51.73510 10.80450 489.76168823
v -51.73460 43.03310 382.43188477
v -51.73220 12.72910 466.21389771
v -51.73220 56.57700 471.54669189
v -51.73050 5.78950 478.98818970
v -51.73050 53.54610 229.72070312
v -51.73000 20.99880 415.43829346
v -51.73000 61.64690 221.25810242
v -51.72860 6.69520 477.15899658
v -51.72600 42.99100 402.61660767
v -51.72160 10.91250 468.15780640
v -51.72040 43.04450 178.22120667
v -51.71240 34.51240 178.61520386
v -51.68130 46.21110 457.43530273
v -51.68130 66.98990 352.09509277
v -51.68110 34.77430 166.17019653
v -51.67880 52.46660 484.62179565
v -51.67530 20.30430 381.24499512
v -51.67400 65.77250 259.65859985
v -51.66130 59.58240 310.29379272
v -51.65860 31.71020 166.84249878
v -51.65790 28.48230 240.37210083
v -51.65530 21.27690 295.26580811
v -51.65070 19.99650 361.25878906
v -51.64970 34.79110 240.39270020
v -51.64780 37.92140 166.23779297
v -51.64090 69.96150 321.36428833
v -51.62170 54.65630 273.36770630
v -51.61620 42.92790 424.17660522
v -51.61400 51.55410 208.50529480
v -51.60240 42.91020 438.70550537
v -51.59860 37.77160 247.71650696
v -51.59360 38.81640 256.88668823
v -51.59250 52.59140 220.06359863
v -51.58000 20.07090 430.02999878
v -51.57660 55.86930 292.04321289
v -51.57220 43.19610 445.94479370
v -51.56900 62.87210 149.29939270
v -51.56540 9.91550 469.83178711
v -51.55580 39.98370 166.81919861
v -51.54500 63.78890 154.27569580
v -51.54430 57.66370 203.11430359
v -51.52870 48.25460 175.48919678
v -51.52800 40.20590 157.84660339
v -51.52540 51.52550 205.34019470
v -51.52530 52.32900 199.76579285
v -51.52450 54.64620 197.22799683
v -51.52010 51.44380 178.49789429
v -51.49280 19.02270 451.52960205
v -51.48300 36.72180 241.51669312
v -51.48170 42.15540 329.39129639
v -51.47250 27.51470 172.80209351
v -51.46010 39.98560 268.49890137
v -51.45820 60.69940 145.53410339
v -51.41550 59.61350 208.24530029
v -51.39870 64.00910 151.50459290
v -51.08620 20.01330 327.55230713
v -50.99390 68.08801 343.65689087
v -50.97480 64.64520 337.85580444
v -50.93910 64.84140 346.20419312
v -50.93260 23.19260 277.47839355
v -50.93080 20.07240 319.71899414
v -50.92590 53.39710 226.75939941
v -50.91060 42.85270 366.99288940
v -50.90680 55.38220 282.33081055
v -50.90570 68.03230 346.75201416
v -50.88390 56.58160 172.61849976
v -50.87810 67.07370 348.47848511
v -50.86960 64.96880 340.68161011
v -50.85150 42.15860 340.69158936
v -50.85040 44.13800 178.25549316
v -50.84990 21.28080 292.28298950
v -50.84690 54.33930 175.93029785
v -50.84200 38.57330 183.78430176
v -50.84200 69.93020 299.11358643
v -50.83180 21.43470 286.95639038
v -50.82550 56.67750 198.94880676
v -50.82250 47.20890 488.53140259
v -50.81980 21.05790 302.08209229
v -50.81850 51.78820 198.56430054
v -50.81530 38.68410 248.07739258
v -50.81200 39.90780 181.81739807
v -50.81020 50.34470 178.93710327
v -50.80910 69.23550 314.46481323
v -50.80090 68.18121 325.92169189
v -50.79140 52.36489 181.36799622
v -50.79080 68.16340 279.81420898
v -50.78710 54.60220 194.11630249
v -50.77680 23.42380 262.77789307
v -50.77630 5.82340 481.28640747
v -50.77330 31.51670 490.51300049
v -50.76890 50.45780 145.69320679
v -50.76690 19.34880 334.50878906
v -50.76200 44.95360 172.81719971
v -50.75930 22.14990 284.39459229
v -50.75270 20.04150 436.83010864
v -50.75180 66.88630 340.78869629
v -50.74720 54.50630 260.07540894
v -50.74380 22.40470 280.15640259
v -50.73930 16.32800 459.72830200
v -50.72540 59.70080 169.13209534
v -50.70440 63.64380 232.87730408
v -50.70280 40.03340 493.22109985
v -50.70260 70.04420 307.51190186
v -50.70050 69.14410 287.25460815
v -50.69710 38.86810 493.31280518
v -50.69500 42.80910 388.53259277
v -50.69440 12.99610 464.99139404
v -50.69150 62.62170 223.68159485
v -50.69030 51.58130 214.30790710
v -50.69010 21.23140 413.36190796
v -50.69000 34.71760 491.97259521
v -50.68950 55.15870 274.47808838
v -50.68910 41.91550 316.71719360
v -50.68870 20.30080 371.34698486
v -50.68840 59.47880 475.97149658
v -50.68750 48.25190 462.13031006
v -50.68710 60.81940 166.49099731
v -50.68670 45.12780 170.93080139
v -50.68600 51.15090 466.34219360
v -50.68510 45.27240 148.59199524
v -50.68460 60.95600 321.91821289
v -50.68380 7.76550 488.09811401
v -50.68060 54.54730 253.64880371
v -50.67970 59.62230 204.91160583
v -50.67740 27.43770 170.72239685
v -50.63740 42.89690 342.97070312
v -50.63680 42.04630 428.09478760
v -50.63440 29.51590 167.55679321
v -50.63420 50.27900 485.77301025
v -50.63370 64.73210 244.66569519
v -50.63040 20.38440 419.61730957
v -50.63040 54.45670 267.92770386
v -50.62970 44.08290 170.66619873
v -50.62130 45.10880 175.50599670
v -50.61790 37.84790 493.24310303
v -50.61670 51.10500 202.13740540
v -50.61420 40.96810 166.55140686
v -50.61260 54.59860 279.78720093
v -50.60570 19.99640 337.32839966
v -50.60560 23.51120 259.31130981
v -50.60390 9.63110 472.35281372
v -50.59550 39.04420 250.29089355
v -50.58500 65.87630 337.33068848
v -50.57970 56.03440 187.52830505
v -50.57610 42.10470 438.36230469
v -50.57570 42.92770 445.50601196
v -50.57080 46.34390 173.42900085
v -50.55930 42.00470 490.74490356
v -50.55820 29.91490 238.40130615
v -50.55510 53.46540 238.39439392
v -50.54530 42.08580 370.28369141
v -50.53370 21.03980 379.30050659
v -50.53340 53.53580 469.35070801
v -50.52120 46.16810 488.60409546
v -50.51660 50.56430 205.64509583
v -50.51210 49.37870 184.56649780
v -50.51200 49.19110 181.38580322
v -50.50980 55.88460 180.63499451
v -50.50020 67.75591 328.12780762
v -50.49490 42.06350 391.93078613
v -50.49430 61.93330 324.90380859
v -50.49350 7.01620 487.27899170
v -50.48980 33.28160 238.21569824
v -50.46390 42.01440 166.23550415
v -50.45460 41.83420 292.12548828
v -50.43430 62.76870 163.77909851
v -50.41830 58.78680 194.07420349
v -50.39660 40.03640 254.13220215
v -50.38940 41.29340 279.91778564
v -50.38490 19.99040 446.36999512
v -50.24350 61.93260 216.53750610
v -50.05320 65.94360 343.52661133
v -49.98480 55.77950 287.14471436
v -49.97590 67.09010 271.00460815
v -49.96900 61.50350 211.66389465
v -49.94920 64.89910 334.63821411
v -49.93920 62.83880 328.81878662
v -49.89510 42.15610 367.29238892
v -49.88630 54.42050 241.88189697
v -49.86830 65.94600 334.51510620
v -49.85240 35.65820 238.75410461
v -49.84480 40.85690 265.45980835
v -49.84420 68.99220 286.69729614
v -49.84410 34.13190 183.90679932
v -49.83270 24.17470 256.37890625
v -49.82890 68.03191 318.37130737
v -49.82500 42.91200 339.50930786
v -49.81330 46.97950 460.14941406
v -49.80380 63.86230 146.33369446
v -49.79730 69.13060 304.50360107
v -49.79360 40.84960 184.72569275
v -49.79100 42.06400 385.48590088
v -49.78560 66.78500 328.50360107
v -49.77630 36.48930 186.87409973
v -49.77580 58.54410 301.30621338
v -49.77160 53.27140 235.44619751
v -49.77000 40.18590 162.52119446
v -49.76780 56.58260 181.49270630
v -49.76600 63.80090 160.68870544
v -49.76000 62.92550 226.18919373
v -49.75180 41.64620 268.33020020
v -49.74740 33.46860 236.07029724
v -49.74480 54.56350 274.91940308
v -49.73950 42.16760 151.91229248
v -49.73920 25.41010 242.04550171
v -49.73360 43.12660 150.69329834
v -49.73210 20.39110 307.51580811
v -49.73020 33.60110 490.51260376
v -49.72990 21.37120 393.28381348
v -49.72970 59.44330 478.12829590
v -49.72370 45.28030 457.39559937
v -49.72280 59.55630 307.25448608
v -49.72210 55.61480 283.67190552
v -49.71150 58.59490 479.50769043
v -49.71110 41.04040 154.88099670
v -49.71110 64.77860 241.68809509
v -49.71030 51.43140 484.50640869
v -49.70810 20.32050 431.61730957
v -49.70730 26.39720 175.49360657
v -49.70140 42.05460 442.64959717
v -49.69970 38.87860 241.67210388
v -49.69780 67.97470 274.53140259
v -49.69500 51.28660 211.63420105
v -49.65680 31.68640 489.98889160
v -49.65640 41.93680 403.87820435
v -49.65490 68.09130 310.68328857
v -49.65250 58.70800 475.61428833
v -49.65080 40.06510 158.01679993
v -49.65050 68.79411 277.87118530
v -49.65000 6.75520 484.10751343
v -49.64780 59.85550 312.36199951
v -49.64670 36.65500 238.40159607
v -49.64660 45.13660 148.76249695
v -49.64660 50.50400 208.28039551
v -49.64600 21.26360 418.45529175
v -49.64580 48.25190 147.07839966
v -49.64480 50.34660 145.65299988
v -49.64470 40.95800 166.29400635
v -49.64460 41.99460 166.74530029
v -49.64390 54.38550 271.12188721
v -49.64390 54.49160 469.59719849
v -49.64370 53.66570 259.22531128
v -49.64300 51.49330 216.99659729
v -49.64090 45.95490 175.87629700
v -49.63780 12.28560 489.18301392
v -49.63770 50.37310 466.41369629
v -49.63480 62.95540 145.65280151
v -49.62110 52.50570 226.37809753
v -49.60900 48.29030 463.41470337
v -49.59670 65.04240 328.49868774
v -49.59350 41.93650 421.79681396
v -49.58970 45.13420 172.42500305
v -49.58880 22.10390 397.60330200
v -49.58280 42.05410 286.96701050
v -49.58050 21.03460 310.26589966
v -49.57740 58.60890 182.30830383
v -49.57350 27.43770 238.30259705
v -49.57270 42.62570 418.60760498
v -49.56720 53.70460 268.23699951
v -49.56460 45.91650 178.60560608
v -49.56370 19.00280 454.50561523
v -49.55830 52.66700 238.11570740
v -49.55160 8.69310 475.23181152
v -49.55000 58.66700 178.50939941
v -49.54770 28.78600 235.62559509
v -49.54420 54.84560 280.46820068
v -49.54030 42.00160 274.50939941
v -49.53710 63.87380 328.11520386
v -49.53390 28.69510 181.47189331
v -49.53330 49.52570 199.46090698
v -49.52850 40.39200 187.31399536
v -49.52300 25.41910 172.80729675
v -49.52070 61.88850 169.33500671
v -49.51640 60.66890 199.68699646
v -49.51620 56.57360 481.31961060
v -49.50210 63.76360 229.78219604
v -49.50150 57.82840 298.25350952
v -49.49580 67.05880 316.47518921
v -49.49160 57.46600 292.25650024
v -49.47720 34.76560 229.95179749
v -49.44490 30.48000 229.81840515
v -49.43620 22.10160 289.31210327
v -49.40940 42.16160 316.96850586
v -49.40000 25.43540 175.73959351
v -49.40000 62.73570 217.49850464
v -49.36360 59.91910 191.31469727
v -49.31040 59.82130 184.70199585
v -49.30110 58.88570 303.74890137
v -49.24210 39.91860 241.31140137
v -49.00500 15.94230 489.46881104
v -48.94250 10.01600 469.59631348
v -48.87920 47.38330 181.48980713
v -48.83820 54.38130 482.47808838
v -48.83620 33.45980 187.04609680
v -48.83270 42.80900 341.13900757
v -48.80020 30.68830 184.50050354
v -48.76800 41.19360 376.95858765
v -48.76750 8.61490 487.55578613
v -48.76140 65.89780 322.21640015
v -48.75920 52.31500 221.38989258
v -48.74660 44.08420 488.50289917
v -48.74060 46.23490 460.27139282
v -48.73800 34.20480 227.09880066
v -48.73770 47.21450 486.08920288
v -48.73750 37.77200 238.25849915
v -48.73590 42.89260 322.11950684
v -48.73430 21.36660 378.78948975
v -48.71670 60.86060 316.51980591
v -48.70740 63.57620 166.51519775
v -48.69160 35.68270 490.49340820
v -48.69020 41.85410 165.88169861
v -48.68880 42.95980 186.24180603
v -48.68660 37.78070 165.84500122
v -48.68510 47.13270 147.90730286
v -48.68050 68.78860 280.52191162
v -48.67980 43.04750 451.67678833
v -48.67670 41.79850 373.71908569
v -48.67670 53.46610 241.40660095
v -48.67640 11.70180 466.91409302
v -48.67380 58.58770 478.34588623
v -48.67220 27.43830 181.47290039
v -48.67180 68.01860 297.64990234
v -48.66960 27.45240 235.47419739
v -48.66840 20.34950 351.58050537
v -48.66590 41.02220 490.51730347
v -48.66590 53.53720 265.17181396
v -48.66350 57.55280 292.43618774
v -48.66270 49.34960 484.62539673
v -48.65650 53.58660 250.19309998
v -48.65460 41.70330 253.35589600
v -48.65300 66.98600 307.83068848
v -48.64890 48.26190 188.00950623
v -48.62870 20.34310 320.48599243
v -48.61870 60.81890 314.05249023
v -48.61850 68.07951 277.50469971
v -48.61670 37.84170 490.71908569
v -48.61440 21.13090 367.10870361
v -48.61290 54.12190 259.50338745
v -48.61100 49.46360 202.27870178
v -48.60920 44.15880 170.15519714
v -48.60750 34.71850 165.25039673
v -48.60750 44.07900 169.45970154
v -48.60710 41.15010 442.48849487
v -48.60690 53.54270 256.49899292
v -48.59920 42.77640 274.87030029
v -48.59680 29.64860 165.01040649
v -48.59490 40.17050 190.23489380
v -48.58670 41.00550 411.95138550
v -48.57800 20.27420 333.09109497
v -48.55780 22.28920 394.65609741
v -48.55710 31.71600 187.68609619
v -48.55370 21.19660 434.08850098
v -48.55100 42.85340 326.47009277
v -48.54860 57.60850 472.68811035
v -48.54440 42.00040 343.54098511
v -48.54290 21.25970 304.87588501
v -48.54080 44.01300 454.55468750
v -48.53010 22.08390 382.96481323
v -48.52650 67.77960 268.75000000
v -48.52500 6.79230 478.86859131
v -48.50770 29.04810 225.33529663
v -48.49820 53.75430 268.48028564
v -48.48870 56.81470 289.32998657
v -48.48040 47.35770 184.69949341
v -48.47740 48.25200 484.76110840
v -48.47480 61.70570 205.65939331
v -48.47110 37.70780 232.48800659
v -48.46750 36.65400 224.07629395
v -48.46380 42.13170 294.73941040
v -48.46170 22.37920 413.95840454
v -48.45190 26.16220 238.44929504
v -48.45170 63.69860 223.72129822
v -48.45120 46.29700 179.04919434
v -48.44340 64.73940 232.96919250
v -48.44310 29.50530 185.16700745
v -48.43920 50.58150 214.25439453
v -48.41200 42.89880 286.32879639
v -48.39840 31.01110 218.92489624
v -48.37900 35.43690 198.03900146
v -48.35920 34.71290 214.29330444
v -48.35200 24.58820 241.18569946
v -48.33520 38.16360 196.14230347
v -48.20860 34.71490 208.50579834
v -47.90320 40.98410 160.89259338
v -47.82990 66.91210 265.52731323
v -47.78110 63.81480 321.62350464
v -47.77750 21.08550 319.27560425
v -47.76750 59.92310 308.33090210
v -47.75030 62.67060 212.63310242
v -47.74010 67.87330 280.26568604
v -47.73050 49.19640 199.48849487
v -47.72660 61.37200 184.07969666
v -47.71990 32.79560 214.28480530
v -47.71960 41.02240 373.70001221
v -47.71850 38.88390 237.91870117
v -47.71760 31.55640 190.82420349
v -47.71610 23.51960 175.50799561
v -47.71010 41.87460 340.73489380
v -47.70660 41.95110 157.68479919
v -47.70620 38.68450 233.05259705
v -47.70080 61.56970 196.12379456
v -47.68860 37.73140 199.23899841
v -47.68180 40.08500 433.83538818
v -47.67360 21.39440 295.82348633
v -47.67280 53.62049 260.33929443
v -47.66700 36.78430 217.01519775
v -47.66630 65.81110 145.99890137
v -47.65610 67.14720 277.48678589
v -47.65400 21.34950 367.32458496
v -47.65310 42.02210 253.27510071
v -47.64980 6.86710 481.27920532
v -47.64310 65.03880 310.66540527
v -47.64180 27.51330 164.65499878
v -47.64080 43.05220 167.96040344
v -47.64030 34.71920 210.78250122
v -47.63950 67.74741 271.50268555
v -47.63780 34.71270 206.22760010
v -47.63380 44.00790 184.89660645
v -47.63320 27.90700 225.25000000
v -47.62940 35.74240 202.05099487
v -47.62940 38.94090 490.46148682
v -47.62460 33.81490 208.70480347
v -47.62210 67.74160 151.71249390
v -47.61420 22.25810 421.36788940
v -47.60820 42.80900 313.38461304
v -47.59410 41.02400 358.53530884
v -47.58540 22.04390 371.30969238
v -47.58090 41.92180 162.79289246
v -47.57830 10.98690 469.13299561
v -47.57710 19.91470 454.69940186
v -47.57600 65.90280 301.89239502
v -47.57360 43.18830 169.39810181
v -47.57220 21.11760 352.42309570
v -47.57150 26.48350 232.50869751
v -47.56760 53.41810 241.46589661
v -47.56650 13.89820 465.03109741
v -47.56650 32.63640 164.58279419
v -47.56570 66.01870 251.22419739
v -47.56520 45.11540 170.03030396
v -47.56490 51.39340 483.68148804
v -47.56490 62.98100 218.19889832
v -47.56450 46.92750 175.88429260
v -47.56340 25.35240 169.37629700
v -47.56330 46.98560 178.49940491
v -47.56230 58.35089 472.73040771
v -47.56160 44.83880 174.35839844
v -47.55990 40.88350 193.35369873
v -47.55920 42.81770 257.35461426
v -47.54750 45.01750 183.61889648
v -47.53430 15.97630 462.13629150
v -47.53220 66.84990 292.09640503
v -47.51690 7.66270 478.44610596
v -47.51380 64.84600 163.48530579
v -47.50970 50.41230 211.18760681
v -47.50750 54.43710 469.54150391
v -47.50700 23.14120 394.45651245
v -47.50310 22.06390 303.84658813
v -47.49980 42.15610 301.22988892
v -47.49900 40.68770 409.25738525
v -47.49840 37.72900 205.31410217
v -47.49690 37.90590 221.26609802
v -47.49480 18.07270 458.90429688
v -47.49460 43.05730 154.53619385
v -47.49370 22.07570 433.79611206
v -47.49360 23.27600 172.96679688
v -47.49020 51.54590 223.05029297
v -47.48310 48.33070 484.69738770
v -47.48170 62.73800 172.26860046
v -47.48030 67.70040 154.93670654
v -47.47550 28.39970 163.69769287
v -47.47270 23.32490 404.02139282
v -47.46000 62.88890 316.27359009
v -47.43860 30.64270 196.51460266
v -47.43750 66.70140 256.50769043
v -47.43640 29.40110 214.32809448
v -47.43620 41.02410 341.08090210
v -47.41610 57.84490 475.36419678
v -47.39110 21.07220 335.87271118
v -47.38960 26.57920 185.27330017
v -47.35640 28.47190 217.16560364
v -47.33040 39.64980 200.59649658
v -47.30390 22.38880 175.73489380
v -47.22350 21.36200 445.18420410
v -47.19730 40.24560 418.15771484
v -46.92730 22.11700 294.89300537
v -46.92220 25.60400 235.49710083
v -46.91770 63.93950 228.50050354
v -46.87870 41.25700 335.65740967
v -46.86930 21.30720 311.48840332
v -46.86310 24.14910 253.34489441
v -46.78690 63.87000 312.63540649
v -46.78400 54.54970 265.63070679
v -46.76270 62.54580 312.66128540
v -46.73020 23.17630 391.45950317
v -46.72420 51.39820 218.21659851
v -46.71950 29.66030 206.99530029
v -46.71920 21.34220 354.97579956
v -46.71170 57.76200 289.84649658
v -46.70750 65.02120 296.65078735
v -46.69180 46.10240 460.47021484
v -46.68410 52.67510 238.44419861
v -46.68360 56.51010 277.50140381
v -46.68130 61.94280 208.17930603
v -46.66650 59.84270 301.71520996
v -46.66500 58.80130 295.70339966
v -46.65920 42.89510 304.28939819
v -46.65310 43.07770 277.27310181
v -46.64270 48.13710 193.29119873
v -46.63750 56.93780 284.45809937
v -46.63560 41.07340 327.20330811
v -46.62820 29.35210 196.69580078
v -46.62370 61.71760 182.92860413
v -46.61680 26.59160 223.22399902
v -46.61130 55.46240 268.26568604
v -46.60680 52.34910 226.92280579
v -46.60620 39.75940 436.50781250
v -46.60620 53.47670 482.98040771
v -46.60250 58.33290 478.12438965
v -46.59820 25.43070 184.93789673
v -46.59820 43.06390 154.87820435
v -46.59220 66.63810 259.51519775
v -46.59190 23.44330 400.50610352
v -46.59160 42.89420 299.06710815
v -46.59120 57.55040 479.50531006
v -46.58910 63.96749 304.20529175
v -46.58880 65.77040 250.68600464
v -46.58850 67.88210 149.17810059
v -46.58830 42.00100 193.49519348
v -46.58580 42.99360 454.55529785
v -46.58230 39.78640 223.67080688
v -46.58190 39.97290 442.65640259
v -46.57110 27.60420 216.42999268
v -46.55670 65.92720 280.55850220
v -46.54510 66.00200 267.99398804
v -46.53250 15.98620 463.20339966
v -46.53200 40.06080 166.58839417
v -46.53180 61.87380 175.76440430
v -46.52880 64.98000 239.19410706
v -46.52820 42.76620 310.69821167
v -46.52820 65.73071 242.11099243
v -46.52590 46.17110 150.43029785
v -46.52550 65.94760 160.71080017
v -46.52520 38.98550 206.12429810
v -46.52500 48.25400 485.35308838
v -46.52480 51.37410 483.90161133
v -46.52330 50.34670 208.48959351
v -46.52240 53.58670 469.46640015
v -46.52210 19.10900 457.41870117
v -46.52100 32.62680 164.36929321
v -46.52100 50.13470 466.32818604
v -46.52060 62.90390 172.03579712
v -46.51960 39.99110 202.54049683
v -46.51870 23.26650 170.63270569
v -46.51820 28.60240 163.41760254
v -46.51740 30.62600 163.58940125
v -46.51280 38.92150 415.69400024
v -46.47970 39.95380 358.84130859
v -46.47650 9.74220 472.76208496
v -46.47180 49.25280 202.07119751
v -46.47180 51.31790 147.30850220
v -46.46730 41.93380 451.67691040
v -46.46520 54.55280 481.76419067
v -46.46030 53.44350 145.68490601
v -46.44590 41.19760 238.21589661
v -46.44500 61.77750 193.59869385
v -46.42290 67.96030 154.22230530
v -46.41490 61.84430 307.27279663
v -46.41450 23.07170 181.05430603
v -46.40660 40.09160 229.01870728
v -46.39910 63.98610 292.52630615
v -46.39190 45.12860 487.49121094
v -46.38700 28.40110 199.90220642
v -46.38670 27.30380 193.50840759
v -46.35510 7.80620 484.11599731
v -46.32630 22.36790 367.48089600
v -46.32390 27.44050 209.13259888
v -46.20500 22.08150 446.39678955
v -46.19930 22.44220 438.75289917
v -46.06000 22.31630 273.47229004
v -45.97790 45.16710 184.60519409
v -45.75730 41.15900 321.90270996
v -45.74490 39.06360 406.71121216
v -45.72980 22.06940 311.85839844
v -45.71910 62.69590 303.11221313
v -45.70080 61.68530 304.45651245
v -45.69260 58.66730 289.51058960
v -45.65370 40.13330 332.70440674
v -45.64820 23.19500 376.47500610
v -45.64330 46.40890 186.46159363
v -45.64320 21.35250 337.43310547
v -45.64320 41.21200 313.94531250
v -45.63380 65.81220 259.52319336
v -45.62850 62.82190 293.61581421
v -45.62510 46.22440 181.07460022
v -45.61990 41.81110 233.20930481
v -45.61940 56.57610 480.50549316
v -45.61440 55.34410 242.22109985
v -45.60350 26.26000 193.50309753
v -45.59250 63.76230 284.05569458
v -45.58470 23.37750 254.05419922
v -45.58450 52.62010 229.22920227
v -45.57950 56.40520 264.55209351
v -45.57660 26.59430 208.35350037
v -45.56870 48.50770 199.59370422
v -45.56850 58.32350 472.64199829
v -45.56740 34.63810 165.47279358
v -45.56600 46.88610 178.27430725
v -45.56510 43.12680 457.17691040
v -45.56320 9.58280 475.18209839
v -45.55850 23.20620 433.25329590
v -45.55320 25.36820 226.30360413
v -45.55060 64.90180 272.32690430
v -45.55020 47.16070 189.88940430
v -45.55000 26.39120 487.59350586
v -45.54780 64.83730 166.47300720
v -45.54530 50.68030 211.64340210
v -45.54370 57.55200 478.49829102
v -45.54330 24.26830 242.09759521
v -45.54320 47.42710 192.89309692
v -45.53900 44.09150 488.08770752
v -45.53530 39.72260 358.66641235
v -45.52760 23.42600 381.65908813
v -45.51880 44.73780 169.52020264
v -45.51780 37.86580 412.51681519
v -45.51410 41.02400 202.63720703
v -45.50810 54.48190 145.93370056
v -45.49700 59.76270 292.32809448
v -45.49340 57.47250 471.88360596
v -45.49330 51.71010 220.70719910
v -45.49300 22.44210 266.11160278
v -45.49170 42.77910 304.06829834
v -45.48920 64.72791 238.01710510
v -45.48790 45.90900 172.26829529
v -45.48670 49.29360 149.33650208
v -45.48580 42.82520 296.08489990
v -45.48570 65.60060 244.69679260
v -45.48460 43.23560 268.22299194
v -45.48450 66.91890 159.37789917
v -45.48430 8.76860 487.12039185
v -45.48420 45.13810 178.47689819
v -45.48330 44.04630 172.51229858
v -45.48160 42.97790 286.62469482
v -45.48150 55.54110 481.50869751
v -45.48110 31.44650 163.57899475
v -45.48040 43.16030 166.63020325
v -45.48010 7.83160 479.08520508
v -45.47780 23.19320 263.13949585
v -45.47680 61.86400 192.76469421
v -45.47610 63.94070 224.19180298
v -45.47530 62.61500 197.08590698
v -45.47350 62.60880 185.23599243
v -45.47070 41.03960 226.33380127
v -45.45730 39.98970 448.57751465
v -45.44400 37.71430 418.66668701
v -45.44180 40.74170 327.48999023
v -45.43410 65.61920 145.55099487
v -45.43060 63.73650 218.30799866
v -45.43040 22.09750 340.49560547
v -45.42950 22.29190 355.49130249
v -45.42670 43.89770 243.07510376
v -45.42280 60.67050 294.99081421
v -45.42040 22.46240 363.54708862
v -45.41710 50.15020 202.39439392
v -45.41460 22.63260 436.03048706
v -45.41140 22.22970 181.92750549
v -45.41010 27.36470 163.60420227
v -45.40770 64.86980 257.06491089
v -45.40750 62.74050 277.96960449
v -45.40320 64.65580 226.74600220
v -45.40270 21.09520 454.30380249
v -45.40160 43.76020 280.25878906
v -45.40160 55.73230 256.19119263
v -45.40140 9.89930 472.84130859
v -45.40110 9.81560 487.80120850
v -45.39900 62.57520 190.01159668
v -45.39480 43.37960 169.71820068
v -45.38890 41.10620 205.82910156
v -45.37560 24.37670 388.94320679
v -45.37280 38.89640 361.57839966
v -45.36910 26.33430 199.98550415
v -45.36240 60.74370 289.66900635
v -45.34160 23.28240 439.88589478
v -45.34110 25.22070 193.50779724
v -45.32260 43.25360 274.35989380
v -45.32180 68.81290 151.27099609
v -45.31410 23.12990 442.96749878
v -45.31190 23.67660 424.82888794
v -45.30460 22.28750 184.51950073
v -45.29280 53.61020 235.48759460
v -45.29140 24.70990 403.50689697
v -45.28000 55.74810 145.62469482
v -45.26570 24.25050 487.51501465
v -45.25140 62.73060 209.40440369
v -45.25030 43.98920 254.16879272
v -45.21680 43.94000 265.87869263
v -45.18270 48.51400 195.96760559
v -44.84450 60.74450 292.46881104
v -44.70790 57.71770 270.58041382
v -44.69350 24.12070 244.91459656
v -44.69150 60.66330 286.49740601
v -44.68450 37.87720 405.84341431
v -44.66160 63.85720 271.77270508
v -44.65900 64.80940 244.23530579
v -44.65560 22.09850 335.85000610
v -44.62610 59.70260 286.04019165
v -44.60080 7.91270 484.60159302
v -44.58530 64.06181 242.23559570
v -44.57570 62.73580 201.76750183
v -44.57500 44.35960 175.48260498
v -44.56720 11.76020 469.78448486
v -44.55980 64.66610 229.67100525
v -44.54530 41.15430 306.92608643
v -44.53300 63.70560 264.79309082
v -44.53260 58.93030 273.54348755
v -44.52440 57.53640 472.79159546
v -44.52400 25.35920 217.20809937
v -44.52040 62.57290 184.32159424
v -44.51840 24.45480 228.76860046
v -44.51670 64.03610 247.31990051
v -44.51320 22.42940 299.22198486
v -44.51280 7.86930 481.69558716
v -44.50550 38.82840 488.95739746
v -44.50330 36.94780 433.43771362
v -44.49980 43.19520 277.32629395
v -44.49610 21.23960 454.13870239
v -44.49140 38.72270 361.22698975
v -44.49060 40.75980 316.09359741
v -44.47720 25.33840 206.39160156
v -44.46820 66.90611 145.70770264
v -44.46480 44.15410 460.35058594
v -44.45290 41.12920 302.17898560
v -44.44830 68.80580 148.85890198
v -44.44790 43.25680 160.68240356
v -44.44660 43.03470 280.48220825
v -44.44600 35.91420 415.28988647
v -44.44410 33.66820 487.59310913
v -44.44360 66.78930 160.24229431
v -44.44350 55.60280 241.41700745
v -44.44320 53.45720 485.15161133
v -44.44270 43.08850 457.82119751
v -44.44190 47.42170 190.47360229
v -44.43970 65.94110 163.10380554
v -44.43910 21.18260 170.63450623
v -44.43870 23.45410 369.51470947
v -44.43610 19.09980 459.01840210
v -44.42130 37.74570 400.00469971
v -44.40680 23.25970 168.04809570
v -44.39310 62.61730 178.06179810
v -44.39030 53.39240 469.62930298
v -44.38750 57.75050 256.29040527
v -44.38590 44.86070 172.32609558
v -44.38490 39.66360 333.50460815
v -44.38450 22.46130 350.88470459
v -44.38420 49.23480 466.49279785
v -44.38030 46.11810 184.00379944
v -44.37850 44.14230 193.66999817
v -44.37820 22.23840 325.47869873
v -44.37490 45.27410 181.11219788
v -44.37450 41.84690 298.50350952
v -44.37250 24.62590 385.71139526
v -44.37050 56.74680 247.96479797
v -44.36420 38.87110 340.74938965
v -44.36380 23.12230 355.21929932
v -44.35940 19.35570 175.51060486
v -44.35850 39.93130 319.80209351
v -44.35270 60.85240 265.33709717
v -44.35080 40.96060 454.34970093
v -44.34880 61.87960 182.13529968
v -44.33830 23.10860 294.72531128
v -44.33390 45.27840 172.51690674
v -44.33350 39.97740 451.70291138
v -44.33050 53.52719 226.98559570
v -44.32060 24.38400 376.66860962
v -44.31920 23.53610 241.53259277
v -44.31440 43.87350 271.69378662
v -44.31410 52.54980 217.49510193
v -44.31340 42.19160 286.49868774
v -44.30880 20.28110 181.68699646
v -44.30710 43.40110 168.59230042
v -44.30070 50.17210 199.05220032
v -44.29660 24.43230 202.52070618
v -44.29000 46.24420 463.50930786
v -44.28950 36.55920 406.51440430
v -44.28580 51.22480 204.80419922
v -44.24660 10.83320 472.31420898
v -44.13150 23.31770 264.13391113
v -44.09120 40.12490 167.52420044
v -44.00730 44.17930 249.65890503
v -43.85970 62.86810 214.35400391
v -43.70860 25.25640 424.25140381
v -43.69430 27.20040 411.98208618
v -43.69080 27.04470 406.34790039
v -43.65950 43.81260 199.63949585
v -43.63930 63.57880 217.70159912
v -43.63710 43.83970 238.48919678
v -43.63470 58.84110 256.64489746
v -43.62020 24.15110 237.08990479
v -43.61310 62.55820 261.90258789
v -43.60800 68.65601 151.90840149
v -43.60680 61.88240 187.96350098
v -43.57280 45.98820 181.18330383
v -43.56570 62.92520 250.79209900
v -43.55550 19.27160 173.08389282
v -43.55190 57.43770 244.51780701
v -43.54050 22.43160 307.12100220
v -43.53900 23.33540 268.48818970
v -43.53880 63.79380 229.50210571
v -43.51980 36.99060 364.46960449
v -43.51000 57.59960 145.53579712
v -43.50640 44.00550 163.21659851
v -43.49610 38.68930 337.83151245
v -43.49510 34.80920 409.24038696
v -43.48680 43.77160 229.61250305
v -43.48520 49.21050 150.71099854
v -43.48170 45.22290 487.59039307
v -43.47380 41.02990 298.48941040
v -43.46550 55.47860 471.68359375
v -43.46480 8.65910 484.40179443
v -43.45840 34.76560 415.35559082
v -43.45810 9.69000 487.28561401
v -43.44950 39.74710 319.25790405
v -43.42900 47.13110 487.47879028
v -43.42440 29.51440 163.53739929
v -43.42420 26.46190 400.68560791
v -43.42150 27.49550 415.26770020
v -43.41230 22.23240 451.81619263
v -43.41070 37.78130 358.09030151
v -43.40870 9.02380 478.13778687
v -43.40840 52.35100 150.09019470
v -43.40830 22.15860 190.48759460
v -43.40640 42.19180 280.51040649
v -43.40630 24.24080 219.86500549
v -43.40570 41.99490 289.31219482
v -43.40540 25.42730 430.67831421
v -43.40520 35.76360 487.59249878
v -43.40330 53.37609 470.53009033
v -43.40260 36.70990 439.48529053
v -43.40230 40.98890 488.78509521
v -43.39980 23.35480 283.25961304
v -43.39980 45.13030 156.03419495
v -43.39850 46.03490 463.43759155
v -43.39770 23.52030 358.70370483
v -43.39480 45.25200 184.50160217
v -43.39410 50.33370 487.31170654
v -43.39160 13.90500 466.81280518
v -43.38450 23.16240 196.23150635
v -43.36150 25.36010 163.82530212
v -43.35500 61.67030 253.80870056
v -43.34920 63.74930 172.29960632
v -43.34380 56.64540 241.23640442
v -43.34080 45.41150 181.58709717
v -43.34010 20.25850 457.51141357
v -43.33890 44.22920 158.17120361
v -43.32640 38.85750 326.08538818
v -43.32300 64.89530 166.38499451
v -43.29560 54.55690 151.16130066
v -43.29280 23.34070 347.18121338
v -43.28050 34.77740 403.71340942
v -43.27730 24.64110 373.49200439
v -43.26500 22.50180 334.75759888
v -43.25400 33.75230 409.27758789
v -43.25280 23.32140 246.16389465
v -43.25200 24.14990 265.73229980
v -43.24640 55.62530 151.07369995
v -43.24570 52.27260 208.04570007
v -43.24070 37.89540 448.57980347
v -43.24030 53.56560 220.26840210
v -43.20890 62.87840 220.68269348
v -43.20730 54.64210 229.30430603
v -43.14620 44.87750 250.48030090
v -43.08860 26.97370 418.79251099
v -42.75730 62.66990 202.49899292
v -42.70630 60.28150 145.57229614
v -42.69670 57.40260 478.47940063
v -42.67840 26.30290 385.25939941
v -42.64090 45.31480 178.64469910
v -42.63640 35.82130 397.02999878
v -42.62780 27.35280 399.15921021
v -42.62110 62.88880 217.47239685
v -42.61660 61.70550 250.69200134
v -42.61500 34.70960 419.00531006
v -42.60680 23.11450 307.73251343
v -42.60460 62.05930 247.48440552
v -42.59740 50.00010 193.47250366
v -42.55220 21.24630 487.53649902
v -42.53580 28.59970 408.50738525
v -42.52190 32.59380 410.18661499
v -42.49020 45.16100 172.26379395
v -42.48930 51.51570 202.68420410
v -42.48070 41.06790 292.50030518
v -42.47670 27.27830 427.63250732
v -42.47570 33.52710 404.21600342
v -42.44210 55.44710 485.11068726
v -42.44140 44.09910 229.27380371
v -42.43730 65.77361 163.15269470
v -42.42150 29.82000 415.20581055
v -42.42140 54.50860 223.50419617
v -42.41830 40.76780 298.21890259
v -42.41780 10.88620 472.94030762
v -42.41770 61.72660 181.36210632
v -42.41530 44.07230 226.18119812
v -42.41480 23.32810 166.42579651
v -42.41430 35.85930 362.37930298
v -42.41350 53.41140 151.51269531
v -42.41290 44.08820 205.29809570
v -42.41270 38.82350 451.64199829
v -42.39480 65.89160 145.90769958
v -42.38720 35.72510 388.09130859
v -42.37470 26.49100 435.48721313
v -42.37240 67.02110 154.06709290
v -42.37080 44.29840 160.69590759
v -42.36900 58.59120 241.44880676
v -42.36870 34.71860 436.50540161
v -42.36620 8.91010 486.72711182
v -42.36600 34.84470 166.44410706
v -42.36560 44.08650 461.52661133
v -42.36360 50.32060 487.69940186
v -42.36360 63.85690 169.49339294
v -42.36170 46.17350 154.81159973
v -42.36150 15.98140 465.01300049
v -42.36110 39.72170 310.21279907
v -42.36100 61.69350 190.13290405
v -42.36030 21.32290 168.42509460
v -42.35990 9.87380 487.66659546
v -42.35900 41.08880 457.28060913
v -42.35870 52.41230 486.99011230
v -42.35830 23.38920 238.78579712
v -42.35470 13.90730 467.89718628
v -42.35390 27.33440 385.67440796
v -42.35330 22.42640 202.30009460
v -42.33370 50.47850 151.48570251
v -42.31400 36.67830 355.35281372
v -42.31060 23.52150 342.95278931
v -42.30970 26.29540 163.37930298
v -42.30720 64.27541 145.56739807
v -42.30700 42.16160 274.65631104
v -42.30650 38.57510 322.49929810
v -42.30620 47.20950 153.46409607
v -42.30610 32.36720 416.07141113
v -42.30440 62.67990 235.13879395
v -42.30420 39.97070 454.60058594
v -42.29670 45.97860 172.30880737
v -42.29460 35.67640 442.26971436
v -42.29300 27.59180 391.72860718
v -42.28700 60.65770 243.83670044
v -42.28680 18.07090 175.83200073
v -42.28560 31.50710 403.05410767
v -42.28300 54.57260 152.32850647
v -42.28240 44.20120 253.09719849
v -42.28050 21.18280 457.29510498
v -42.27200 23.27490 211.73219299
v -42.26950 39.93600 301.66949463
v -42.26720 53.51390 214.20329285
v -42.26490 10.68240 475.51409912
v -42.26430 29.62850 403.30139160
v -42.26280 52.26120 469.60729980
v -42.25980 33.60670 430.01388550
v -42.25680 62.58910 177.99389648
v -42.24430 66.85670 149.01109314
v -42.23660 31.46540 425.06600952
v -42.23580 43.04050 267.86199951
v -42.22600 23.34640 334.46130371
v -42.22110 29.62540 424.49371338
v -42.21730 56.32220 484.29830933
v -42.21520 32.69920 421.05749512
v -42.21330 47.21270 183.83689880
v -42.20680 34.46770 394.51208496
v -42.20540 47.28760 466.50430298
v -42.19980 38.79010 316.06311035
v -42.19740 27.84050 429.83230591
v -42.18950 44.89590 232.33419800
v -42.16940 62.55150 227.06140137
v -42.16800 24.17190 282.52090454
v -42.16570 57.62280 151.27490234
v -41.96980 24.64110 349.69311523
v -41.91490 48.64070 187.14329529
v -41.60600 27.37740 382.19531250
v -41.59590 23.39140 299.16241455
v -41.57860 29.91340 418.28649902
v -41.56470 60.66210 241.25799561
v -41.55850 31.57440 400.32000732
v -41.55620 26.38930 373.47940063
v -41.54080 32.24120 418.87600708
v -41.53130 31.57740 427.52630615
v -41.51790 57.27280 478.50289917
v -41.51040 44.72120 215.64750671
v -41.50380 29.68340 427.98831177
v -41.50160 57.69390 238.19110107
v -41.47100 19.08580 460.70111084
v -41.46340 32.56060 433.68569946
v -41.45890 45.26280 166.66639709
v -41.45870 46.23940 178.48219299
v -41.45810 33.80700 439.50241089
v -41.44950 27.38430 439.29989624
v -41.44900 28.59880 432.99270630
v -41.43760 43.91490 256.15380859
v -41.43750 55.60210 226.01550293
v -41.41860 22.29050 205.23359680
v -41.40480 35.74620 352.95388794
v -41.39980 55.37280 473.78588867
v -41.39680 44.31380 238.51519775
v -41.39380 21.18930 196.48260498
v -41.39240 50.53990 193.69189453
v -41.38550 27.37990 376.51638794
v -41.37940 45.94330 178.50500488
v -41.36920 45.25280 188.08979797
v -41.36840 41.80600 277.51818848
v -41.36710 34.80430 358.52420044
v -41.36480 39.74460 301.24380493
v -41.35090 60.57400 145.94030762
v -41.33790 61.71950 202.93559265
v -41.33490 63.83660 145.87699890
v -41.33230 52.42150 202.34509277
v -41.32990 45.29380 158.08160400
v -41.32900 52.25490 487.44989014
v -41.32740 45.31980 175.78129578
v -41.32450 53.31900 471.26260376
v -41.32200 15.97510 465.44189453
v -41.32010 13.14880 469.33889771
v -41.31870 40.82540 457.33059692
v -41.31800 24.26270 337.49841309
v -41.31600 23.92770 238.47239685
v -41.31350 56.68490 481.49810791
v -41.31180 45.41750 181.49920654
v -41.31090 63.00090 169.68730164
v -41.30520 18.00390 172.73489380
v -41.28360 43.20180 259.64471436
v -41.27530 40.91050 286.21279907
v -41.27360 11.81780 472.53140259
v -41.26210 47.15000 466.55731201
v -41.25960 38.58550 313.50088501
v -41.25690 35.76020 448.27960205
v -41.25220 60.83010 182.00039673
v -41.24920 45.91760 172.73080444
v -41.24900 61.61190 229.48350525
v -41.24310 8.94760 481.72558594
v -41.23880 38.88730 304.82260132
v -41.23000 31.55720 394.22021484
v -41.23000 58.60560 235.32890320
v -41.22770 39.94090 292.61129761
v -41.22230 29.72490 391.77569580
v -41.22200 29.52710 437.10330200
v -41.20060 26.32660 445.85900879
v -41.19590 60.86810 189.46090698
v -41.19360 23.48260 250.90499878
v -41.19360 31.26680 437.10189819
v -41.18940 24.51740 163.55430603
v -41.18450 19.04360 171.00810242
v -41.17860 43.23810 488.30551147
v -41.17410 33.73870 387.99060059
v -41.16830 44.15620 463.47171021
v -41.16600 23.34800 454.23388672
v -41.16370 65.05130 160.04170227
v -41.12720 22.37210 211.52059937
v -41.12570 41.01940 280.70089722
v -41.09300 66.56750 151.49429321
v -41.04460 46.00760 184.74090576
v -41.03810 24.76880 346.17599487
v -41.02200 45.02680 200.09320068
v -41.01310 53.72390 208.69639587
v -40.67710 25.21910 450.61190796
v -40.64050 45.06130 228.44250488
v -40.58040 19.10190 189.79280090
v -40.55840 35.05470 340.70050049
v -40.55390 31.65880 391.68078613
v -40.55300 59.76550 232.68150330
v -40.54480 45.00840 212.90010071
v -40.54040 60.00490 148.42990112
v -40.49170 30.63070 391.12829590
v -40.48740 24.17780 300.41589355
v -40.48430 56.58660 223.33389282
v -40.48080 27.43490 369.74508667
v -40.45660 58.74250 232.26600647
v -40.44360 33.74300 381.10440063
v -40.42780 46.06140 175.77600098
v -40.42020 33.87240 355.86270142
v -40.42000 24.25210 256.33459473
v -40.37660 28.95180 442.38888550
v -40.35960 11.66620 475.16680908
v -40.35640 45.02790 238.91430664
v -40.35380 29.53200 379.14309692
v -40.34750 27.37860 445.69070435
v -40.34690 19.49760 461.21890259
v -40.33990 23.39470 241.99630737
v -40.33760 39.96830 289.33660889
v -40.33620 47.16640 178.32620239
v -40.33580 22.28410 166.54629517
v -40.32370 38.87930 454.77038574
v -40.28830 34.61320 347.05050659
v -40.28780 12.85760 487.49090576
v -40.28370 25.31200 340.77758789
v -40.28140 48.14200 181.39280701
v -40.28120 60.78770 199.01829529
v -40.27970 51.37790 470.27679443
v -40.27940 9.65320 484.32128906
v -40.27890 24.39650 286.72860718
v -40.27810 43.23090 253.65750122
v -40.27600 47.41580 154.44630432
v -40.27590 46.38180 172.78860474
v -40.27350 46.20770 181.07629395
v -40.23240 56.55610 478.69299316
v -40.22980 52.48280 196.87600708
v -40.22890 55.59450 154.34970093
v -40.22780 49.35040 469.43438721
v -40.22510 58.60380 223.51679993
v -40.22180 10.71930 486.14080811
v -40.22150 27.57660 364.51370239
v -40.22090 44.02890 247.63189697
v -40.21660 59.72720 151.24409485
v -40.21580 30.56740 376.33151245
v -40.21100 45.12360 170.44479370
v -40.20490 42.97710 461.63769531
v -40.20330 21.03940 199.93029785
v -40.20250 56.66000 154.31489563
v -40.20160 27.51240 163.58819580
v -40.19990 9.90250 478.85189819
v -40.19940 55.64820 214.72009277
v -40.19470 42.96070 259.24609375
v -40.19360 34.59890 166.48480225
v -40.18190 38.58020 304.04910278
v -40.17470 32.18210 443.17300415
v -40.15800 24.49130 331.10690308
v -40.15390 60.51540 217.09890747
v -40.15060 38.80450 298.51190186
v -40.14840 32.43350 369.38610840
v -40.13730 23.32670 237.51339722
v -40.13450 63.65640 166.15750122
v -40.12620 21.35580 205.93339539
v -40.07950 44.21440 169.56799316
v -39.99240 45.93460 191.48539734
v -39.96530 24.58310 323.07699585
v -39.84130 62.47820 168.92349243
v -39.74120 55.30760 211.67559814
v -39.69400 36.03850 322.00039673
v -39.55880 34.85580 333.75640869
v -39.54460 65.03220 154.50309753
v -39.51280 30.62640 373.32839966
v -39.51200 58.66710 220.13850403
v -39.48360 33.76040 345.38189697
v -39.47500 33.63250 447.79391479
v -39.47170 41.80510 268.95440674
v -39.45000 29.59590 370.52490234
v -39.44670 24.18380 246.94110107
v -39.42600 64.65370 158.21499634
v -39.41210 24.31730 163.69929504
v -39.38840 22.89590 486.78060913
v -39.38760 27.61570 358.48388672
v -39.38700 54.33120 202.37579346
v -39.38380 31.65190 362.61389160
v -39.36030 28.81020 363.68051147
v -39.35480 15.28320 175.50790405
v -39.32650 32.38740 445.73989868
v -39.32240 35.89820 316.50360107
v -39.31940 20.22890 199.48390198
v -39.31550 25.36040 334.86770630
v -39.31440 61.56940 172.95019531
v -39.31320 57.27810 481.34051514
v -39.30360 60.81070 151.46749878
v -39.29710 9.80060 481.57971191
v -39.29210 39.96430 283.33489990
v -39.27800 24.54050 290.87329102
v -39.25190 15.98310 487.67840576
v -39.25110 52.56900 191.16909790
v -39.25090 53.46060 196.50500488
v -39.24840 43.00100 169.12319946
v -39.24560 46.99600 181.76739502
v -39.24240 35.75850 451.53500366
v -39.24180 53.45990 473.63320923
v -39.24100 46.42750 160.93069458
v -39.24020 45.18460 466.32110596
v -39.24000 48.38130 469.45361328
v -39.23970 23.26330 456.08120728
v -39.23960 42.20830 462.07519531
v -39.23880 46.08770 172.19149780
v -39.23670 18.22110 463.50350952
v -39.23660 11.81690 486.52560425
v -39.23630 38.65290 295.25939941
v -39.23500 20.35090 202.13409424
v -39.23450 39.06340 457.40570068
v -39.23410 36.79670 452.72680664
v -39.23090 15.15350 181.06759644
v -39.21250 47.24770 172.36860657
v -39.20570 27.43860 350.07699585
v -39.20500 63.81130 160.80400085
v -39.20020 35.94970 167.02099609
v -39.18390 23.21520 165.07460022
v -39.17860 47.99320 488.22448730
v -39.17740 59.56220 205.11169434
v -39.17430 42.20110 259.41589355
v -39.17100 43.13190 247.53120422
v -39.16820 57.58130 211.24749756
v -39.16000 23.10870 224.07560730
v -39.15890 18.14560 170.71350098
v -39.15660 24.64020 319.30380249
v -39.14290 29.34250 358.47448730
v -39.14000 30.46170 446.11590576
v -39.13470 56.55490 484.09600830
v -39.11860 63.72130 152.00590515
v -39.10660 40.83800 274.27441406
v -39.09040 29.59590 448.28240967
v -39.08930 33.74890 331.49468994
v -39.08840 25.19650 253.47160339
v -39.08550 31.33910 355.53988647
v -39.06530 60.56040 175.82699585
v -39.04710 25.29230 285.70950317
v -38.89370 14.42050 469.33450317
v -38.48130 36.06860 307.47988892
v -38.47110 57.62800 208.13189697
v -38.44520 30.46010 355.72088623
v -38.44420 28.40550 352.50601196
v -38.44230 27.54700 346.62368774
v -38.41430 59.70160 196.79629517
v -38.40250 54.49500 196.49589539
v -38.39900 22.10780 214.10560608
v -38.39660 21.33830 210.49980164
v -38.37950 55.36760 199.32919312
v -38.37340 32.57360 339.70669556
v -38.34810 58.85550 199.51130676
v -38.32870 47.10320 166.30470276
v -38.32630 63.79540 154.77169800
v -38.32400 31.48370 344.10119629
v -38.31750 53.51330 154.52690125
v -38.31500 26.34950 333.97439575
v -38.30230 34.86260 313.92089844
v -38.28260 9.03460 484.50149536
v -38.27990 46.95830 172.76280212
v -38.26450 27.33490 340.20819092
v -38.26090 17.07840 487.45001221
v -38.26000 49.58200 154.62869263
v -38.25610 15.15220 172.98219299
v -38.25320 55.47570 478.65600586
v -38.25240 25.42030 163.62399292
v -38.25240 40.31260 487.38861084
v -38.25190 39.96410 277.33590698
v -38.25180 15.28620 184.81069946
v -38.24560 33.67690 323.05578613
v -38.20580 32.63100 331.63729858
v -38.20510 31.58870 448.76440430
v -38.20280 48.26250 155.74049377
v -38.20250 12.86450 472.98049927
v -38.20210 47.41890 157.59410095
v -38.20190 20.02450 169.14990234
v -38.20190 24.30790 455.62701416
v -38.19860 13.90010 486.78680420
v -38.19800 47.07620 468.42401123
v -38.19740 46.15210 170.07620239
v -38.19100 21.10890 460.57479858
v -38.15620 21.19200 166.70509338
v -38.14150 53.39030 487.36999512
v -38.14090 19.05810 196.35029602
v -38.12990 9.82520 485.10729980
v -38.12650 33.69400 166.51719666
v -38.12420 26.47310 454.11911011
v -38.12340 36.63270 301.50088501
v -38.11860 45.20580 169.23269653
v -38.11700 25.19440 244.28190613
v -38.11210 14.14490 178.94129944
v -38.10650 29.51550 343.14318848
v -38.09800 46.18270 488.25430298
v -38.08980 44.52000 465.86068726
v -38.08410 11.01090 478.65960693
v -38.08210 58.59670 193.09939575
v -38.07980 22.32870 223.82719421
v -38.06950 40.48240 460.19290161
v -38.04900 29.58540 451.39260864
v -38.04230 25.51690 260.90390015
v -38.01080 10.64340 481.97979736
v -38.00810 34.44570 316.13708496
v -37.79070 23.48010 237.33110046
v -37.46120 26.34340 319.48510742
v -37.45390 62.56180 154.75950623
v -37.43710 58.72280 189.17430115
v -37.43560 36.84410 295.33621216
v -37.36580 30.54770 337.78900146
v -37.35990 33.66950 316.76760864
v -37.35870 56.29630 484.23519897
v -37.35520 44.91690 237.06939697
v -37.33730 28.62860 340.03100586
v -37.32660 42.82030 250.86259460
v -37.32090 49.37760 178.41600037
v -37.31770 56.57010 192.51449585
v -37.31080 31.69130 325.91079712
v -37.29480 45.96010 199.11180115
v -37.29260 58.70870 178.51060486
v -37.28430 52.30290 184.18409729
v -37.28080 10.72590 484.29998779
v -37.26050 26.29690 264.65148926
v -37.24650 20.35240 205.52490234
v -37.24440 23.20110 229.49530029
v -37.23950 25.19020 241.73240662
v -37.23640 14.87710 184.26770020
v -37.23390 47.12150 183.69720459
v -37.23180 22.43810 226.50630188
v -37.22670 19.25610 199.24139404
v -37.21830 59.70350 154.84970093
v -37.21480 27.48810 454.36380005
v -37.20820 33.71490 310.77029419
v -37.20620 45.06570 221.00660706
v -37.19790 47.10960 173.27130127
v -37.17080 50.41050 179.00149536
v -37.16760 34.71600 304.49591064
v -37.16730 55.39420 485.48599243
v -37.16490 55.47370 481.55920410
v -37.16420 46.32290 187.70799255
v -37.16240 44.47330 217.49609375
v -37.16130 33.67430 453.01730347
v -37.16020 57.48370 156.23530579
v -37.15850 15.98270 486.89389038
v -37.15850 21.06560 208.30239868
v -37.15780 53.45170 476.63391113
v -37.15750 51.31700 473.46719360
v -37.15020 19.11180 463.81030273
v -37.11540 44.96770 231.33549500
v -37.11520 27.49040 322.35708618
v -37.11220 60.87410 157.13810730
v -37.10280 22.13170 165.77020264
v -37.10010 15.93250 171.69940186
v -37.09840 55.60800 187.93299866
v -37.09720 29.58360 328.42929077
v -37.09460 45.23310 202.35589600
v -37.09410 36.79880 457.28448486
v -37.09230 41.93090 256.13290405
v -37.08770 24.37900 238.84790039
v -37.07970 61.53500 160.04670715
v -37.07570 43.20250 241.61149597
v -37.06800 15.87790 469.65359497
v -37.05990 51.17930 156.10429382
v -37.05700 31.54140 322.00698853
v -37.04750 54.55720 187.29539490
v -37.04340 40.84350 265.33670044
v -37.01940 42.19370 463.84909058
v -36.99220 25.52700 250.80529785
v -36.96570 46.29990 190.51019287
v -36.92440 54.42030 481.12231445
v -36.87390 26.51670 290.96719360
v -36.75540 13.79670 177.86810303
v -36.45130 52.11340 181.28860474
v -36.35400 29.63110 324.85659790
v -36.35250 32.41280 311.34570312
v -36.34900 49.45860 157.68870544
v -36.34150 57.81480 175.48910522
v -36.31320 37.93220 459.04940796
v -36.31050 50.20310 172.99389648
v -36.29480 34.67120 298.49780273
v -36.29190 54.57320 184.28579712
v -36.26730 27.62660 316.20721436
v -36.26430 57.15350 178.67550659
v -36.25480 56.57370 156.71679688
v -36.25200 11.05230 484.19299316
v -36.22430 30.46710 317.13400269
v -36.20890 52.04420 178.61149597
v -36.19610 34.79080 295.71389771
v -36.19370 48.35140 166.26469421
v -36.17760 52.46990 487.32839966
v -36.17490 25.40060 457.49938965
v -36.17170 39.91250 268.33529663
v -36.16170 29.72590 454.53750610
v -36.15900 16.16820 469.49389648
v -36.13250 58.59220 169.94889832
v -36.13090 39.87200 168.11889648
v -36.12020 49.15830 471.46591187
v -36.11930 13.89620 474.02810669
v -36.11890 17.99610 170.12930298
v -36.11570 21.18640 462.32800293
v -36.11530 47.00280 190.76350403
v -36.11450 23.26560 165.15330505
v -36.11400 19.10670 465.10650635
v -36.11060 49.31680 160.29209900
v -36.09770 31.72750 166.45759583
v -36.06710 45.16440 217.35229492
v -36.06560 41.11950 256.67419434
v -36.06490 41.02720 463.51620483
v -36.04890 29.51940 310.21139526
v -36.04460 26.53450 264.02920532
v -36.04000 51.48709 175.92489624
v -36.03640 26.24300 250.26840210
v -36.03280 12.06850 478.51339722
v -36.02110 26.60590 288.88229370
v -36.01250 42.16030 247.51440430
v -35.99610 19.04030 199.11770630
v -35.99200 48.13410 181.30540466
v -35.98800 11.95480 485.03021240
v -35.96180 46.24790 469.55059814
v -35.95090 48.66030 163.33360291
v -35.82250 25.50520 243.94560242
v -35.70890 48.35710 177.85650635
v -35.60650 26.96510 276.52740479
v -35.37500 28.47270 303.65591431
v -35.36800 35.81590 286.50738525
v -35.35890 34.59800 292.73348999
v -35.34660 42.92750 242.05450439
v -35.32370 56.17710 175.69619751
v -35.31960 52.50030 478.84658813
v -35.31450 29.73630 306.67309570
v -35.28010 56.51100 157.48500061
v -35.21360 27.42980 457.42950439
v -35.20200 21.06900 211.10589600
v -35.18300 41.82830 250.64750671
v -35.17140 40.76840 259.66180420
v -35.15790 47.07170 192.86729431
v -35.15020 24.22740 164.98240662
v -35.14260 58.60700 158.93220520
v -35.13640 47.33180 187.69099426
v -35.13530 38.93070 268.68978882
v -35.13380 47.19930 169.75270081
v -35.13150 13.84320 172.98120117
v -35.11980 23.27730 226.61279297
v -35.08640 52.42150 157.83810425
v -35.08640 54.36920 485.34249878
v -35.08080 24.31060 460.40100098
v -35.08080 50.33170 487.43249512
v -35.08080 51.48940 478.43420410
v -35.07880 26.49300 251.19169617
v -35.07720 45.27660 212.21470642
v -35.07690 21.19080 463.48580933
v -35.07550 46.16910 168.89660645
v -35.07530 31.56070 456.11358643
v -35.07530 46.16670 469.60290527
v -35.07480 14.94270 472.90170288
v -35.07440 17.94840 169.38130188
v -35.07280 53.45430 482.60000610
v -35.07080 20.28000 166.08290100
v -35.07030 13.83480 184.45530701
v -35.06830 45.22820 204.92140198
v -35.06090 31.47070 166.46490479
v -35.03110 28.59420 292.54669189
v -35.02740 32.68920 457.22589111
v -35.02700 19.11040 166.96099854
v -35.02170 12.96400 181.22050476
v -35.01940 55.05840 484.25839233
v -35.01880 27.30790 262.90689087
v -35.01370 43.87480 238.29980469
v -34.99600 45.91400 217.25619507
v -34.97250 34.77620 457.88061523
v -34.97010 30.33230 297.38681030
v -34.96500 12.22760 481.16879272
v -34.96380 49.08770 178.76010132
v -34.96050 16.97370 193.46899414
v -34.92360 33.74210 289.03961182
v -34.91850 45.19890 219.76960754
v -34.91420 25.33610 165.03390503
v -34.91000 39.74190 262.82949829
v -34.89400 40.77220 256.50268555
v -34.88620 29.45170 457.50439453
v -34.85140 22.39960 222.82919312
v -34.84740 53.45630 174.53930664
v -34.80010 19.22390 200.13450623
v -34.67460 36.17170 280.49551392
v -34.49540 22.17700 218.06990051
v -34.36400 56.65840 169.72590637
v -34.28220 30.72270 295.24630737
v -34.23920 36.98990 274.21090698
v -34.23730 27.34520 260.34078979
v -34.22420 34.74850 283.49859619
v -34.21700 29.00400 286.24130249
v -34.21500 51.44830 160.39019775
v -34.19150 33.47310 286.48660278
v -34.17700 45.17140 211.50109863
v -34.15570 20.05580 205.33979797
v -34.13040 44.00210 487.66281128
v -34.11740 56.58750 166.87899780
v -34.11610 48.08580 169.92840576
v -34.10830 57.60420 159.35859680
v -34.10810 13.01180 184.21310425
v -34.10380 43.95940 232.71960449
v -34.08670 44.14670 468.23028564
v -34.07660 38.83930 167.75190735
v -34.04190 43.87560 235.78759766
v -34.04030 36.80010 461.58041382
v -34.03960 18.06450 469.37289429
v -34.03910 25.27500 235.93550110
v -34.03670 26.35540 242.19349670
v -34.03650 19.10680 466.90478516
v -34.03400 49.15490 181.36619568
v -34.03250 41.15400 247.19299316
v -34.03200 13.00220 172.78669739
v -34.03090 14.03380 171.63349915
v -34.02270 24.44470 232.21780396
v -33.98370 44.14370 226.81950378
v -33.98190 20.37840 208.48699951
v -33.97460 48.29470 472.76361084
v -33.96740 15.14660 190.49789429
v -33.96210 24.18370 227.03399658
v -33.95210 12.07160 175.30599976
v -33.89650 42.07020 466.59210205
v -33.87720 51.52510 481.44470215
v -33.85040 28.61870 274.63159180
v -33.76250 48.04580 190.50190735
v -33.71670 36.66780 271.12500000
v -33.52010 51.16120 163.33850098
v -33.42870 23.21450 485.88790894
v -33.41250 52.15440 169.29319763
v -33.34810 53.51110 169.47819519
v -33.34080 51.29560 166.49159241
v -33.33160 29.52820 282.71978760
v -33.29060 56.62990 163.67460632
v -33.25500 57.53420 160.87089539
v -33.22850 32.35210 283.45928955
v -33.20380 53.37049 160.66810608
v -33.14620 33.57640 280.48419189
v -33.14190 35.63310 274.69558716
v -33.09410 27.23230 241.95799255
v -33.07120 24.22920 462.40399170
v -33.06840 28.64670 271.74099731
v -33.06190 52.35520 483.05468750
v -33.05380 46.10920 470.92840576
v -33.05350 11.95570 180.93409729
v -33.05080 36.74630 462.28140259
v -33.04970 31.65120 459.23379517
v -33.04690 27.38510 246.94110107
v -33.00460 25.18660 462.11950684
v -33.00100 25.60320 238.63960266
v -32.99730 48.30290 169.67570496
v -32.99330 51.30180 481.41610718
v -32.99320 38.88340 464.61550903
v -32.99310 18.14020 166.73869324
v -32.99240 47.21030 168.48300171
v -32.99140 41.88420 241.66149902
v -32.99110 21.17900 165.87109375
v -32.99090 27.63230 252.94299316
v -32.94640 51.31810 485.41799927
v -32.93760 11.79060 175.92649841
v -32.93280 21.31770 211.66220093
v -32.92750 43.14510 232.92019653
v -32.92310 44.42920 167.56140137
v -32.91890 30.84670 280.30371094
v -32.91880 45.18730 213.90020752
v -32.91190 47.04400 196.27279663
v -32.91000 46.16780 487.33428955
v -32.90850 42.08790 467.01400757
v -32.90830 48.16380 473.63980103
v -32.90700 46.32350 198.80189514
v -32.89890 42.84260 238.08430481
v -32.87890 23.44200 223.17019653
v -32.85850 21.59730 214.87409973
v -32.76950 28.59550 259.64279175
v -32.66810 39.64410 253.11099243
v -32.64940 45.90930 211.67489624
v -32.29020 52.33100 484.50799561
v -32.25210 50.13020 172.68719482
v -32.24160 26.16530 463.01470947
v -32.23170 36.80720 265.68380737
v -32.19950 30.56560 277.26770020
v -32.16070 34.72330 271.50189209
v -32.13940 32.46880 276.98181152
v -32.13110 29.63480 271.18429565
v -32.12700 19.11410 199.66009521
v -32.11430 45.35870 205.93760681
v -32.08160 13.88880 187.57650757
v -32.07670 39.97170 247.86770630
v -32.05000 35.43720 486.05700684
v -32.03550 22.15000 465.35610962
v -32.03380 44.23810 217.74639893
v -32.03350 19.02650 166.15800476
v -32.03280 21.10670 205.93879700
v -32.02700 44.98940 215.07249451
v -32.01630 51.30860 484.25320435
v -31.96490 14.78290 170.40899658
v -31.95850 48.25350 168.04899597
v -31.95790 27.58360 166.53089905
v -31.95200 17.15690 194.99200439
v -31.95030 41.02010 241.60220337
v -31.94990 22.03910 211.20069885
v -31.94970 48.19030 190.46679688
v -31.94920 12.99010 171.46400452
v -31.94460 10.98860 178.31829834
v -31.91350 35.79390 167.35459900
v -31.89320 25.46180 232.33009338
v -31.88450 51.46410 178.46000671
v -31.86810 31.69580 271.48110962
v -31.86620 45.14890 167.11900330
v -31.85100 20.13930 469.56561279
v -31.84950 27.39660 241.36929321
v -31.81410 41.98740 486.73220825
v -31.78260 16.85930 168.12319946
v -31.77840 52.33190 175.50090027
v -31.74200 50.33410 169.60699463
v -31.69950 52.48950 178.17979431
v -31.21730 35.90950 262.49310303
v -31.14500 33.51020 268.48168945
v -31.12970 27.80460 463.25650024
v -31.09000 18.93630 472.91259766
v -31.08020 22.29850 466.50158691
v -31.03030 50.13120 485.19290161
v -31.01170 34.66280 463.43121338
v -30.99760 51.03730 484.19509888
v -30.99490 36.82090 256.76449585
v -30.99250 44.87470 469.62869263
v -30.97200 21.29940 205.97489929
v -30.96460 10.91500 180.91690063
v -30.95710 31.78840 463.30358887
v -30.92490 46.08710 204.95399475
v -30.91780 25.46940 166.53649902
v -30.91680 43.94430 468.82211304
v -30.91560 18.07370 196.36509705
v -30.91170 46.16640 475.08889771
v -30.90660 41.88480 238.07760620
v -30.90540 11.69820 172.73910522
v -30.90410 51.43160 181.57229614
v -30.90070 43.96930 166.58250427
v -30.87470 28.29290 166.83439636
v -30.86030 38.93960 466.52679443
v -30.85970 26.73040 238.45109558
v -30.85380 50.27910 184.87210083
v -30.85350 10.74630 175.91619873
v -30.84740 28.80730 247.88409424
v -30.83210 31.94530 265.32659912
v -30.81870 33.67940 264.90728760
v -30.81720 30.77710 262.77468872
v -30.80900 45.06740 472.34259033
v -30.79040 15.98150 167.96519470
v -30.74180 49.00070 166.57479858
v -30.73200 53.45250 172.91940308
v -30.71860 26.43750 234.81559753
v -30.65330 54.41390 175.50610352
v -30.57440 45.75950 211.01829529
v -30.42240 11.67890 183.89979553
v -30.33520 30.34730 256.51770020
v -30.22240 37.95240 250.50630188
v -30.14350 42.82200 230.27960205
v -30.07540 31.67240 262.11749268
v -30.07490 33.58560 262.32888794
v -30.06950 47.40010 193.49209595
v -30.04640 34.77510 259.48928833
v -30.03010 37.91290 247.94869995
v -29.98360 22.23350 208.49800110
v -29.96840 50.26130 166.65710449
v -29.95240 25.27030 465.56500244
v -29.94850 12.95370 187.32220459
v -29.94610 19.09060 197.00149536
v -29.86940 12.85890 170.61160278
v -29.86940 19.11540 167.08360291
v -29.82890 48.12890 485.15100098
v -29.81100 52.35990 181.58880615
v -29.80910 13.96840 188.90649414
v -29.80510 50.15420 187.37980652
v -29.79900 43.99900 217.29269409
v -29.79070 27.29340 235.49670410
v -29.70860 17.02250 166.48510742
v -29.66720 9.94910 177.93710327
v -29.63520 29.67560 242.32249451
v -29.49860 19.44680 484.77288818
v -29.17610 17.89940 483.99508667
v -29.16400 49.20480 484.42630005
v -29.15780 45.94820 206.04420471
v -29.08230 36.89710 247.49429321
v -29.06570 33.73710 256.33450317
v -29.03310 25.41620 466.75799561
v -29.03250 20.14260 475.60900879
v -29.00420 42.97000 469.92388916
v -29.00240 32.64380 256.05709839
v -28.99920 22.14180 472.72808838
v -28.99470 30.55050 246.58189392
v -28.98270 23.26710 471.94931030
v -28.95950 48.18670 484.11938477
v -28.91760 43.11460 220.73570251
v -28.91280 19.02380 484.51309204
v -28.90740 17.98780 193.71229553
v -28.90340 46.16680 478.66510010
v -28.90080 35.74630 465.67819214
v -28.89090 9.95080 172.86869812
v -28.88950 19.05920 478.72100830
v -28.88400 42.04290 229.34509277
v -28.88300 21.26840 202.56269836
v -28.84040 41.01240 469.68600464
v -28.83540 18.23340 481.69680786
v -28.82790 19.10480 166.82420349
v -28.82790 48.04840 193.50059509
v -28.82710 38.74460 468.14678955
v -28.82370 56.10770 174.86219788
v -28.82150 29.47090 240.46069336
v -28.81620 40.93530 235.68290710
v -28.79620 32.61160 167.25039673
v -28.78090 25.55250 223.49470520
v -28.77230 39.74460 239.69509888
v -28.76430 16.03320 165.09930420
v -28.75550 34.63540 250.04150391
v -28.74800 48.39800 190.89160156
v -28.74550 13.98460 188.59339905
v -28.74250 21.24830 167.20109558
v -28.73300 32.74980 250.15969849
v -28.71700 37.89650 241.61759949
v -28.70080 51.17490 184.80509949
v -28.68130 22.30590 475.15689087
v -28.67490 26.17510 469.50070190
v -28.67400 31.59560 244.97259521
v -28.52690 40.48430 238.14450073
v -28.21830 39.82400 166.42759705
v -28.16510 31.07170 466.17388916
v -28.04360 27.58690 466.59381104
v -28.01300 44.35550 208.63670349
v -27.98840 45.12450 478.97448730
v -27.96120 43.04710 475.71960449
v -27.95530 25.41530 472.50039673
v -27.91350 42.89710 220.50469971
v -27.91020 41.84080 475.17730713
v -27.90410 13.84830 166.59240723
v -27.87000 38.83700 469.65100098
v -27.86640 35.48580 466.75250244
v -27.86540 55.44980 179.39540100
v -27.86370 20.12710 196.98440552
v -27.85250 46.16630 199.33189392
v -27.84300 23.32870 208.49139404
v -27.81850 52.40620 166.63229370
v -27.79130 36.85760 241.60910034
v -27.79010 31.65300 241.63090515
v -27.79000 10.64830 170.66700745
v -27.78950 18.02500 193.18310547
v -27.78830 12.72650 169.10470581
v -27.78730 56.35300 178.01710510
v -27.78470 48.17500 193.38479614
v -27.78290 17.01740 164.65829468
v -27.78010 9.85350 178.33110046
v -27.77820 9.70590 173.18750000
v -27.73410 54.43560 180.29539490
v -27.72430 16.04780 189.44259644
v -27.72390 24.44260 475.27459717
v -27.71240 29.77340 469.50640869
v -27.68900 25.22720 217.05180359
v -27.68680 33.67700 244.31950378
v -27.68500 42.11020 478.19018555
v -27.65920 52.48000 182.79350281
v -27.62780 28.92910 238.41540527
v -27.62760 38.73260 475.25759888
v -27.61720 41.86970 223.63690186
v -27.61660 31.08730 472.81240845
v -27.58310 13.96300 163.70820618
v -27.55890 45.12300 481.91839600
v -27.53290 26.85530 226.36079407
v -27.52420 27.78520 230.09449768
v -27.09710 20.20370 481.72589111
v -27.05120 30.59040 469.51220703
v -26.99910 37.76510 469.88171387
v -26.97240 50.32350 187.25000000
v -26.96700 11.82740 184.15939331
v -26.94130 42.98640 484.99288940
v -26.91730 32.53500 472.27230835
v -26.91060 27.22600 475.17428589
v -26.90760 45.28170 199.94880676
v -26.84350 36.95350 472.49890137
v -26.83590 45.11990 484.87701416
v -26.82510 54.31650 166.61149597
v -26.80730 22.28490 478.65100098
v -26.78850 38.97030 478.17739868
v -26.75300 46.16290 196.97529602
v -26.75240 34.72110 241.52079773
v -26.75080 11.81430 168.05160522
v -26.75050 31.59540 239.99310303
v -26.74840 15.98880 188.91070557
v -26.74720 19.09520 166.21420288
v -26.74510 56.42880 169.96020508
v -26.73860 55.53330 167.74090576
v -26.70940 30.52610 167.36309814
v -26.69430 43.03640 211.47720337
v -26.69090 22.38570 202.44830322
v -26.66990 9.74700 178.80279541
v -26.66940 12.93870 185.63250732
v -26.63940 48.18450 192.92329407
v -26.61540 36.26950 476.07739258
v -26.55320 40.96000 481.28359985
v -26.54800 25.86230 217.94009399
v -26.53780 15.00120 160.51089478
v -26.49990 56.64490 175.38659668
v -26.48760 8.97550 172.23080444
v -26.46910 12.73310 161.18600464
v -26.20480 38.01200 238.47160339
v -26.12750 45.11990 484.25268555
v -25.95670 22.14600 484.03601074
v -25.92110 30.54910 238.19169617
v -25.84770 42.98310 484.21200562
v -25.80360 45.04530 199.73469543
v -25.78930 20.13140 193.92770386
v -25.78690 56.56960 176.83830261
v -25.78140 40.00250 481.46789551
v -25.77380 33.78890 239.98710632
v -25.77110 56.50240 172.33920288
v -25.76460 54.43160 180.01080322
v -25.71700 24.41830 478.71209717
v -25.71040 57.21280 175.37680054
v -25.71020 41.99430 214.50979614
v -25.70660 14.94450 186.47459412
v -25.70650 8.93730 177.91220093
v -25.70550 33.71280 478.45980835
v -25.70460 18.05260 163.42230225
v -25.70410 9.87770 179.88459778
v -25.70290 12.94110 159.43490601
v -25.69230 24.31230 484.61520386
v -25.65300 24.57060 208.64059448
v -25.63030 41.76230 217.26010132
v -25.61400 12.05800 160.54080200
v -25.56760 55.45090 166.83320618
v -25.39320 35.44580 484.88049316
v -25.26420 38.23160 232.35600281
v -25.00060 24.04410 202.86979675
v -24.99730 41.91450 484.42169189
v -24.97030 36.84880 235.48680115
v -24.94640 23.40480 481.55261230
v -24.92950 35.56760 238.41070557
v -24.92710 8.78520 172.87429810
v -24.85850 10.91330 166.15980530
v -24.85100 32.52020 237.89590454
v -24.84030 24.23310 484.03649902
v -24.70680 44.17640 199.81440735
v -24.68510 27.49890 484.62829590
v -24.66430 21.17820 166.40460205
v -24.66260 50.23920 184.90240479
v -24.65310 56.57480 174.74899292
v -24.65020 14.94680 157.71310425
v -24.63320 37.61140 481.91070557
v -24.60480 32.48900 235.02920532
v -24.60330 14.89150 185.90710449
v -24.59600 55.73960 175.17900085
v -24.56720 22.22960 196.63630676
v -24.52850 57.33450 172.38810730
v -24.50820 47.12870 190.87770081
v -24.34930 41.61100 209.07009888
v -24.16100 30.24370 226.53799438
v -24.15240 39.72040 484.49130249
v -24.13760 46.01250 165.65519714
v -24.07160 35.11300 166.66639709
v -24.02750 37.89150 227.04519653
v -23.93930 25.38850 481.64959717
v -23.84570 27.22900 481.89520264
v -23.84460 27.44370 484.22750854
v -23.84090 33.33550 484.12939453
v -23.80840 35.72160 231.85820007
v -23.80480 32.20240 481.84060669
v -23.80110 32.94150 232.36000061
v -23.73280 8.82030 170.15409851
v -23.70960 12.87520 157.79460144
v -23.70710 39.92360 214.94439697
v -23.70300 57.35649 169.79730225
v -23.67960 8.89940 175.28460693
v -23.67850 53.39280 179.96629333
v -23.67360 22.28580 196.39599609
v -23.63490 37.83440 223.73429871
v -23.62350 21.17780 166.06190491
v -23.62320 22.22510 166.70489502
v -23.62210 10.98610 160.66149902
v -23.62190 56.45970 167.56959534
v -23.62020 49.53400 185.56239319
v -23.61350 47.20260 190.36610413
v -23.56950 17.01700 158.87539673
v -23.56660 11.87940 181.24609375
v -23.55890 34.64000 229.48519897
v -23.55400 57.35610 172.16450500
v -23.54100 19.26670 190.64439392
v -23.51040 55.53270 175.07710266
v -23.50810 33.57190 229.16900635
v -23.49100 24.73420 203.15870667
v -23.46820 15.09570 185.59509277
v -23.23790 43.48950 199.87190247
v -23.14980 29.18920 217.51559448
v -23.03560 41.79080 165.59550476
v -22.91620 40.01880 211.51049805
v -22.79060 36.98890 223.11500549
v -22.74960 31.52570 223.27819824
v -22.71570 55.39830 166.41380310
v -22.66280 22.14960 193.82769775
v -22.65640 12.92070 157.64100647
v -22.59400 32.85170 223.47659302
v -22.58360 20.13970 163.06089783
v -22.58260 19.09910 160.53179932
v -22.57330 8.85100 175.28469849
v -22.52130 17.08810 186.43890381
v -22.51790 23.14700 196.25039673
v -22.51110 37.75130 217.72779846
v -22.48950 34.70920 222.91650391
v -22.47680 56.16980 166.87680054
v -22.47110 30.64400 217.75459290
v -22.46830 7.87330 172.48869324
v -22.26430 38.74950 211.12049866
v -21.89490 37.93840 214.79690552
v -21.79520 34.23850 166.77999878
v -21.78790 29.15880 210.90280151
v -21.77920 54.96120 171.91299438
v -21.74800 32.39760 219.79119873
v -21.74200 53.84320 175.12249756
v -21.71450 36.87510 217.27569580
v -21.64960 26.24060 202.06539917
v -21.56750 11.76490 157.97030640
v -21.56620 48.31090 184.74270630
v -21.54870 18.04130 157.74949646
v -21.54600 45.32460 190.27380371
v -21.54080 51.37320 180.06170654
v -21.53920 47.19980 187.47219849
v -21.48470 16.01250 184.47340393
v -21.44660 34.72180 216.91549683
v -21.43730 43.13880 165.49940491
v -21.34580 8.98000 163.22219849
v -21.16310 29.27400 167.01060486
v -20.82240 39.06740 205.36199951
v -20.74830 29.35290 208.25300598
v -20.73430 36.89850 211.33900452
v -20.60890 31.94820 211.63980103
v -20.59860 53.30230 175.43679810
v -20.58210 10.70330 175.63940430
v -20.56630 27.37000 199.97169495
v -20.56240 7.87190 172.32850647
v -20.55680 21.24680 190.50700378
v -20.50430 13.89050 180.20480347
v -20.50050 20.14320 159.58030701
v -20.50010 10.91280 159.00840759
v -20.49810 20.09010 188.82209778
v -20.46950 11.91060 157.70770264
v -20.44970 17.98420 157.67900085
v -20.26650 38.96140 202.13090515
v -20.13450 40.26670 200.05130005
v -19.67780 32.31550 208.50070190
v -19.59070 13.10580 157.63470459
v -19.58640 35.91360 205.97079468
v -19.57940 29.47660 202.45629883
v -19.53190 25.27160 166.22380066
v -19.51750 27.43500 198.08099365
v -19.51420 14.99480 181.41760254
v -19.46430 48.24710 183.28939819
v -19.46400 43.24260 190.27380371
v -19.46310 9.73720 173.89520264
v -19.46230 24.31240 193.55859375
v -19.46000 17.02550 183.45680237
v -19.45700 19.10320 158.63200378
v -19.44970 33.58300 166.41799927
v -19.42790 52.30660 166.40409851
v -19.36270 27.48150 166.58760071
v -19.30170 32.44720 204.82899475
v -19.26600 49.19070 181.01930237
v -18.83880 52.64020 166.98739624
v -18.53820 52.32180 169.48910522
v -18.50780 8.78400 163.76649475
v -18.49650 7.91700 169.65130615
v -18.47010 31.53710 166.39709473
v -18.42550 9.74620 161.03849792
v -18.42520 37.84130 165.38560486
v -18.42440 50.33200 177.37309265
v -18.42330 25.40290 193.34759521
v -18.41650 18.06740 158.33070374
v -18.41620 45.12170 186.37629700
v -18.41600 15.97560 158.01519775
v -18.41440 51.36760 166.81109619
v -18.40880 28.34220 166.30430603
v -18.36380 40.90100 193.21600342
v -18.34190 8.78460 171.37500000
v -18.33840 19.18630 185.64050293
v -18.32070 8.06250 166.67070007
v -18.31070 46.28040 184.00840759
v -18.29860 35.35900 201.91439819
v -17.64760 37.97720 196.49420166
v -17.51160 35.68110 199.29820251
v -17.45310 25.26920 163.12730408
v -17.44590 40.96280 190.67230225
v -17.43020 27.48860 164.60360718
v -17.38480 25.35050 190.87089539
v -17.38110 22.23130 187.60600281
v -17.38070 9.80680 171.20469666
v -17.38050 29.51170 196.30320740
v -17.37860 21.16760 159.44259644
v -17.37840 39.78090 165.42889404
v -17.37690 28.47360 194.97920227
v -17.37600 35.76100 165.30270386
v -17.35530 14.86200 178.46919250
v -17.33540 38.88630 193.35479736
v -17.33210 43.10390 187.28059387
v -17.23290 37.76790 193.83959961
v -17.22800 46.09840 181.60139465
v -17.15720 35.68980 196.47579956
v -16.79320 50.44180 169.31559753
v -16.75820 47.89760 177.84660339
v -16.53570 49.22050 175.37559509
v -16.46710 49.23490 167.16270447
v -16.39650 44.03230 184.32550049
v -16.38920 25.39890 160.96449280
v -16.38870 14.99290 178.41000366
v -16.35590 31.99140 196.26429749
v -16.34770 46.07810 166.32890320
v -16.34110 9.75460 168.94189453
v -16.33810 36.79870 165.05389404
v -16.33730 34.62570 196.02180481
v -16.33720 24.30880 188.89250183
v -16.33690 10.90770 172.36570740
v -16.33600 17.02270 180.45239258
v -16.33410 12.86130 159.73109436
v -16.33290 29.51960 164.55320740
v -16.30720 11.87880 160.45790100
v -16.27840 19.05100 183.37440491
v -16.27700 9.87400 163.89089966
v -16.07110 17.03760 158.70210266
v -15.44010 45.20520 180.46919250
v -15.43480 37.84300 190.39149475
v -15.34550 42.00520 184.48469543
v -15.30680 46.17410 166.97839355
v -15.30510 47.26680 169.38439941
v -15.29910 27.42920 190.37559509
v -15.29550 34.71910 164.50010681
v -15.29080 9.89450 164.36509705
v -15.28800 44.00500 166.30250549
v -15.26910 17.02390 179.87089539
v -15.20260 35.75790 190.64289856
v -15.20100 25.43440 160.52690125
v -15.18540 10.14850 169.41360474
v -14.54190 34.75600 190.89889526
v -14.47410 47.11460 172.19740295
v -14.40140 28.47230 162.36050415
v -14.37010 39.93600 184.56739807
v -14.34720 29.44640 190.44160461
v -14.32320 42.91360 181.48779297
v -14.30760 41.93820 166.24389648
v -14.25750 25.34710 187.36970520
v -14.25600 23.26750 185.58320618
v -14.25530 10.07590 166.50740051
v -14.25450 34.71870 164.35440063
v -14.25380 11.82220 160.86380005
v -14.24990 13.90330 174.37469482
v -14.19660 43.04000 166.85369873
v -13.67610 45.24370 175.64079285
v -13.43630 45.20050 170.36709595
v -13.31270 30.60280 162.56419373
v -13.30450 33.77000 188.96449280
v -13.27010 39.85750 166.13589478
v -13.21750 27.42970 187.41160583
v -13.21560 15.98240 175.56829834
v -13.13740 11.03260 163.83909607
v -13.13150 32.71060 163.02009583
v -13.12780 38.85620 181.72950745
v -13.03820 42.00160 167.61839294
v -12.49560 33.58510 187.82650757
v -12.43530 43.04560 171.81779480
v -12.43140 44.00570 172.72700500
v -12.38880 42.00440 178.41720581
v -12.25640 31.51520 162.42849731
v -12.24070 38.87340 180.54499817
v -12.21300 22.84260 159.63519287
v -12.20420 36.77120 181.75219727
v -12.17620 13.89730 160.20269775
v -12.17350 24.31000 183.46749878
v -12.17340 23.26800 182.89410400
v -12.16950 21.18400 180.45899963
v -12.16340 14.88510 172.61560059
v -12.12530 39.92100 167.26310730
v -12.11440 33.61080 163.67120361
v -12.09060 20.22260 179.86639404
v -12.05580 30.03210 187.21189880
v -11.47080 41.92900 172.47250366
v -11.37720 40.03230 175.80499268
v -11.28940 13.90230 169.81599426
v -11.27920 28.21250 160.33970642
v -11.27880 38.94130 169.71459961
v -11.19700 35.70280 165.69850159
v -11.19320 31.53170 162.53860474
v -11.17870 35.80360 178.72709656
v -11.14480 36.90360 166.89270020
v -11.13500 26.38900 184.38729858
v -11.13060 21.18780 179.68899536
v -11.12340 15.28790 172.77990723
v -11.07850 29.44260 160.73840332
v -11.05250 12.95690 163.27900696
v -10.89930 33.64400 181.15530396
v -10.43950 32.40030 184.48820496
v -10.30810 35.86190 166.75720215
v -10.30070 37.72420 172.50990295
v -10.19780 13.07360 163.51109314
v -10.18880 34.76130 174.87080383
v -10.10630 31.59430 163.63119507
v -10.10220 13.90830 161.08219910
v -10.10030 33.72660 166.61160278
v -10.09800 28.46210 160.64770508
v -10.09770 28.58680 184.35549927
v -10.09750 19.10400 175.58979797
v -10.04760 14.93230 160.30070496
v -10.02040 34.47780 169.73469543
v -9.30050 33.59790 169.55270386
v -9.22580 31.58670 181.29849243
v -9.17200 31.59280 166.89129639
v -9.12410 17.99450 173.57989502
v -9.12290 29.57990 163.42129517
v -9.09960 25.21650 160.32780457
v -9.06940 15.00260 165.92469788
v -9.06240 27.43310 160.96850586
v -9.05350 22.22450 178.35319519
v -9.05330 25.34740 181.35000610
v -8.89880 31.34690 178.67919922
v -8.21830 29.50770 181.30659485
v -8.21480 16.05320 161.05020142
v -8.15280 28.64660 164.57589722
v -8.10140 27.34990 181.29589844
v -8.09410 17.98190 160.30340576
v -8.06300 23.18230 160.65620422
v -8.02700 25.35150 161.08180237
v -8.00920 23.26620 177.56190491
v -7.92890 28.62810 169.95370483
v -7.86430 29.58690 178.02029419
v -7.25260 16.95340 166.27999878
v -7.21980 29.43700 175.47250366
v -7.18260 18.06720 160.87429810
v -7.18060 27.42710 178.98570251
v -7.14870 28.51960 172.64920044
v -7.12150 25.50620 164.39199829
v -7.10800 22.08360 160.89309692
v -7.06280 25.27260 178.27029419
v -7.05920 22.14640 175.25700378
v -7.04230 20.14610 172.33210754
v -6.97940 23.26520 163.53559875
v -6.87500 25.24460 169.13110352
v -6.87150 18.46480 165.86709595
v -6.14280 19.21450 166.49060059
v -6.14060 21.18550 171.81289673
v -6.13910 27.22470 175.48060608
v -6.13800 20.08160 163.72740173
v -6.10610 24.31150 175.13929749
v -6.07850 23.33600 167.45309448
f 2915 2988 3194
f 2988 3166 3194
f 2448 2666 2506
f 2506 2666 2915
f 2506 2915 3194
f 3271 3269 3194
f 3269 3132 3194
f 2506 3194 3068
f 3068 3194 3132
f 2205 2506 3068
f 2312 2205 2201
f 2205 2312 2506
f 2205 3068 2950
f 2885 2822 2950
f 2950 2496 2205
f 2822 2496 2950
f 2350 2152 2205
f 2350 2205 2496
f 2786 2988 2666
f 2786 2991 2988
f 2988 2991 3166
f 2915 2666 2988
f 3166 3271 3194
f 3271 3327 3269
f 2448 2312 2189
f 2506 2312 2448
f 2073 2189 2147
f 2147 2189 2312
f 3269 3068 3132
f 3269 3327 3068
f 2147 2201 2073
f 2201 2147 2312
f 3327 3233 3068
f 2950 3068 3123
f 3233 3123 3068
f 2201 1990 1995
f 1990 2205 2152
f 1990 2201 2205
f 3115 2885 2950
f 2152 1973 1990
f 3088 2822 2885
f 2152 2051 1973
f 2819 2496 2822
f 3088 2819 2822
f 2152 2157 2051
f 2157 2152 2350
f 2495 2496 2819
f 3073 2893 2819
f 2114 2051 2157
f 2244 2157 2350
f 2244 2114 2157
f 2244 2350 2379
f 2379 2496 2495
f 2379 2350 2496
f 2893 2495 2819
f 2379 2495 2573
f 2492 2379 2573
f 2991 2786 2944
f 3058 2991 2944
f 3058 3218 2991
f 2314 2682 2666
f 2786 2666 2682
f 3166 2991 3218
f 3315 3166 3218
f 2666 2448 2314
f 3457 3166 3315
f 3271 3166 3457
f 3457 3327 3271
f 2314 2448 2296
f 3457 3417 3327
f 2189 2296 2448
f 3233 3327 3368
f 3417 3368 3327
f 1976 2073 1995
f 1995 2073 2201
f 1976 1995 1934
f 3123 3115 2950
f 1973 1995 1990
f 1973 1934 1995
f 2885 3115 3088
f 3115 3163 3088
f 1973 2051 1983
f 3163 3190 3088
f 3190 3073 3088
f 3073 2819 3088
f 1983 2114 2025
f 2051 2114 1983
f 2114 2047 2025
f 2573 2495 2893
f 3073 2800 2893
f 3073 3197 2800
f 2114 2244 2047
f 2492 2893 2800
f 2492 2573 2893
f 2140 2047 2244
f 2722 2492 2800
f 2465 2244 2379
f 2465 2140 2244
f 2465 2379 2492
f 2463 2465 2492
f 2825 3058 2944
f 2314 2728 2682
f 2825 2682 2728
f 2825 2786 2682
f 2786 2825 2944
f 3218 3058 3169
f 3058 2996 3169
f 3169 3315 3218
f 2299 2728 2314
f 3315 3395 3457
f 3169 3395 3315
f 3395 3479 3457
f 2296 2299 2314
f 3479 3530 3457
f 3530 3417 3457
f 3530 3554 3417
f 2073 2204 2189
f 3417 3373 3368
f 3554 3373 3417
f 3368 3373 3233
f 3123 3373 3207
f 3123 3233 3373
f 3362 3207 3373
f 3115 3123 3207
f 1821 1934 1983
f 1821 1902 1934
f 1973 1983 1934
f 3115 3207 3163
f 3207 3481 3163
f 3207 3362 3481
f 3190 3163 3481
f 1781 1821 1983
f 3481 3488 3190
f 3073 3190 3488
f 2025 1781 1983
f 2025 1856 1781
f 3197 3073 3488
f 3197 3488 3357
f 3488 3498 3357
f 2047 1856 2025
f 1948 1856 2047
f 3178 3099 3197
f 3357 3178 3197
f 3099 2800 3197
f 2047 2059 1948
f 2059 2047 2140
f 3099 2779 2800
f 2059 2140 2465
f 2722 2463 2492
f 2779 2722 2800
f 2474 2143 2465
f 2143 2059 2465
f 2465 2463 2474
f 2801 2825 2728
f 2825 2801 2897
f 2897 3058 2825
f 2712 2801 2728
f 2897 2996 3058
f 3169 2996 3001
f 3001 3312 3169
f 3169 3312 3395
f 2728 2299 2458
f 3395 3403 3479
f 2189 2204 2296
f 2204 2299 2296
f 3530 3479 3583
f 3574 3530 3583
f 3574 3554 3530
f 2073 2087 2204
f 2034 2087 2073
f 3574 3661 3554
f 1976 2034 2073
f 3373 3554 3566
f 3661 3566 3554
f 1913 2034 1934
f 2034 1976 1934
f 3362 3373 3566
f 3566 3661 3607
f 3661 3654 3607
f 1913 1934 1902
f 3362 3566 3607
f 3362 3607 3481
f 1858 1821 1748
f 1858 1902 1821
f 3481 3654 3667
f 3481 3607 3654
f 1821 1700 1748
f 3488 3481 3586
f 3667 3586 3481
f 1821 1781 1700
f 1781 1698 1700
f 3488 3586 3599
f 1781 1856 1698
f 3599 3498 3488
f 3599 3500 3498
f 3357 3498 3500
f 1803 1756 1698
f 1803 1856 1948
f 1803 1698 1856
f 3357 3273 3178
f 3273 3099 3178
f 1957 1803 1948
f 1957 1756 1803
f 1957 1948 2059
f 2992 3099 3112
f 2779 3099 2992
f 2658 2779 2992
f 2066 1756 1957
f 2143 1957 2059
f 2463 2722 2658
f 2658 2722 2779
f 2162 2066 2143
f 2066 1957 2143
f 2474 2463 2487
f 2658 2487 2463
f 2302 2162 2143
f 2302 2143 2474
f 2487 2302 2474
f 2801 2996 2897
f 2728 2458 2712
f 3154 3312 3001
f 3312 3403 3395
f 3403 3443 3479
f 2376 2299 2204
f 2458 2299 2376
f 3583 3756 3574
f 2129 2204 2087
f 3574 3756 3661
f 2030 2087 2034
f 3661 3756 3722
f 2030 2034 1913
f 3654 3661 3722
f 3756 3654 3722
f 3756 3667 3654
f 1858 1913 1902
f 1847 1913 1858
f 3756 3758 3667
f 1847 1858 1748
f 1755 1847 1748
f 3758 3715 3667
f 1755 1748 1700
f 3667 3715 3586
f 1681 1755 1700
f 3715 3599 3586
f 3715 3627 3599
f 1700 1698 1681
f 1698 1716 1681
f 3599 3627 3500
f 1749 1698 1756
f 1749 1716 1698
f 3273 3357 3428
f 3357 3500 3428
f 1829 1749 1756
f 3112 3099 3170
f 3273 3170 3099
f 1889 1829 1756
f 1889 1756 2066
f 2148 1889 2066
f 2148 2066 2162
f 2643 2487 2658
f 2456 2162 2302
f 2456 2302 2487
f 2801 3001 2996
f 2874 2801 2712
f 3154 3403 3312
f 3154 3443 3403
f 2425 2568 2458
f 2376 2425 2458
f 3479 3443 3583
f 2129 2376 2204
f 3583 3443 3756
f 2030 2129 2087
f 1913 1847 2030
f 2043 2030 1847
f 3758 3756 3755
f 2043 1847 1796
f 1847 1755 1796
f 3753 3715 3758
f 1755 1827 1796
f 3753 3749 3715
f 1827 1755 1681
f 3627 3715 3749
f 1827 1681 1740
f 3643 3627 3749
f 1716 1750 1681
f 1681 1750 1740
f 3612 3500 3627
f 3627 3643 3612
f 1749 1750 1716
f 1749 1900 1750
f 1900 1829 1888
f 1749 1829 1900
f 3069 3112 3170
f 3273 3250 3170
f 3112 3069 2992
f 3069 2904 2992
f 1889 1888 1829
f 1888 1889 2148
f 2992 2687 2658
f 2456 2148 2162
f 2687 2643 2658
f 2687 2570 2643
f 2487 2643 2456
f 2643 2570 2456
f 2874 3001 2801
f 3114 3154 3001
f 3386 3154 3114
f 3386 3443 3154
f 2425 2532 2568
f 2458 2568 2712
f 2376 2532 2425
f 2359 2376 2129
f 3443 3386 3618
f 3618 3756 3443
f 3618 3755 3756
f 3755 3618 3720
f 2030 2043 2109
f 2109 1796 2041
f 2109 2043 1796
f 3753 3758 3755
f 2041 1827 2111
f 2041 1796 1827
f 1827 1959 2111
f 1827 1740 1872
f 1872 1959 1827
f 3749 3612 3643
f 3753 3612 3749
f 1750 1872 1740
f 3500 3612 3478
f 1750 1900 1872
f 1900 1996 1872
f 3273 3428 3250
f 3500 3478 3428
f 3069 2935 2904
f 3170 2935 3069
f 3170 3250 2935
f 1900 2252 1996
f 1900 1888 2252
f 2992 2904 2691
f 2687 2691 2570
f 2691 2687 2992
f 2148 2252 1888
f 2423 2252 2456
f 2252 2148 2456
f 2423 2456 2570
f 2810 3001 2874
f 2810 2712 2568
f 2874 2712 2810
f 3177 3386 3114
f 3177 3284 3386
f 3284 3391 3386
f 2568 2532 2727
f 2727 2810 2568
f 3386 3391 3618
f 2532 2376 2359
f 2030 2325 2129
f 2359 2129 2325
f 2030 2109 2325
f 3618 3709 3720
f 2209 2325 2109
f 3752 3720 3709
f 3752 3755 3720
f 2109 2041 2209
f 2041 2188 2209
f 3755 3752 3753
f 3751 3753 3752
f 2188 2041 2111
f 1959 2184 2111
f 3753 3751 3602
f 3602 3612 3753
f 3612 3602 3441
f 1959 1872 2184
f 2184 1872 2170
f 3612 3441 3478
f 1996 2170 1872
f 3428 3358 3201
f 3478 3358 3428
f 3201 3250 3428
f 2252 2170 1996
f 2170 2252 2377
f 3010 2935 3250
f 2377 2252 2423
f 2423 2599 2377
f 2691 2904 2935
f 2599 2423 2570
f 2691 2599 2570
f 3001 3108 3114
f 3108 3177 3114
f 3108 3001 2810
f 3391 3415 3618
f 3415 3600 3618
f 3709 3618 3651
f 3651 3752 3709
f 3651 3705 3752
f 2209 2188 2248
f 2188 2217 2248
f 3705 3751 3752
f 2184 2188 2111
f 2170 2254 2184
f 2170 2406 2254
f 3478 3441 3358
f 2406 2170 2377
f 2406 2377 2511
f 3250 3201 3010
f 2511 2377 2599
f 2511 2599 2705
f 2900 2705 2691
f 2900 2691 2935
f 2935 3010 2900
f 2691 2705 2599
f 2810 3217 3108
f 3217 3177 3108
f 3217 3284 3177
f 2810 3007 3217
f 2523 2727 2532
f 2796 2810 2727
f 3284 3415 3391
f 3217 3415 3284
f 2359 2457 2532
f 2457 2523 2532
f 3415 3463 3600
f 2331 2359 2325
f 3618 3600 3651
f 2209 2331 2325
f 2209 2248 2331
f 3610 3751 3705
f 3751 3610 3634
f 2188 2184 2217
f 3634 3602 3751
f 2184 2301 2217
f 3602 3539 3441
f 3634 3539 3602
f 2254 2301 2184
f 2254 2416 2301
f 2406 2416 2254
f 3201 3358 3251
f 3358 3441 3251
f 2899 2705 2900
f 3201 2968 3010
f 2900 2968 2899
f 2900 3010 2968
f 2810 2796 3007
f 2523 2796 2727
f 3415 3217 3463
f 3463 3543 3600
f 3543 3606 3600
f 2417 2359 2331
f 2417 2457 2359
f 3606 3651 3600
f 3606 3610 3651
f 3610 3705 3651
f 2306 2248 2217
f 2217 2341 2306
f 3610 3559 3634
f 2301 2341 2217
f 3559 3539 3634
f 2301 2416 2341
f 3539 3345 3441
f 2632 2406 2511
f 2416 2406 2632
f 2632 2511 2705
f 3441 3345 3251
f 2968 3135 3017
f 2968 3201 3135
f 3251 3135 3201
f 3017 2899 2968
f 2796 3027 3007
f 3027 3159 3007
f 3159 3217 3007
f 3027 2796 2771
f 3463 3159 3292
f 3217 3159 3463
f 2523 2771 2796
f 2515 2771 2523
f 2457 2515 2523
f 3604 3610 3606
f 2248 2344 2331
f 3596 3610 3604
f 2248 2306 2344
f 3596 3559 3610
f 2341 2344 2306
f 2341 2415 2344
f 2416 2415 2341
f 3351 3539 3596
f 3596 3539 3559
f 2551 2416 2632
f 3539 3351 3345
f 3251 3351 3110
f 3351 3251 3345
f 2705 3014 2632
f 3014 2705 2899
f 3017 3014 2899
f 3017 3135 3110
f 3110 3135 3251
f 2771 2910 3027
f 2910 2976 3027
f 2976 3181 3027
f 3181 3159 3027
f 3159 3181 3292
f 2651 2515 2546
f 2771 2515 2651
f 3463 3531 3543
f 3577 3606 3543
f 3604 3606 3577
f 2344 2417 2331
f 3588 3544 3604
f 3544 3596 3604
f 2551 2415 2416
f 2623 2415 2551
f 2848 2632 3014
f 2848 2551 2632
f 3014 3110 3225
f 3225 3110 3351
f 3014 3017 3110
f 2976 3059 3181
f 3181 3303 3292
f 3463 3292 3303
f 2545 2546 2515
f 2545 2515 2457
f 2403 2545 2457
f 3540 3577 3543
f 2403 2457 2417
f 3588 3604 3577
f 2403 2417 2344
f 3596 3544 3422
f 3351 3422 3235
f 3422 3351 3596
f 2591 2415 2623
f 3235 3225 3351
f 2872 2623 2551
f 3235 2872 3225
f 2872 2551 2848
f 3014 3225 2848
f 3225 2872 2848
f 2771 2934 2910
f 2934 2976 2910
f 2934 3059 2976
f 2545 2660 2651
f 2824 2651 2660
f 2824 2771 2651
f 2824 2934 2771
f 2546 2545 2651
f 3352 3463 3303
f 3540 3543 3531
f 3588 3577 3540
f 2344 2346 2403
f 3544 3588 3422
f 3422 3262 3000
f 3235 3422 3000
f 2591 2529 2415
f 3235 3000 2872
f 2907 3059 2934
f 2934 2824 2907
f 3181 3059 2907
f 3181 3352 3303
f 3471 3463 3352
f 3531 3471 3521
f 3463 3471 3531
f 2426 2545 2403
f 3521 3540 3531
f 3472 3422 3588
f 3422 3423 3262
f 2395 2344 2415
f 2529 2395 2415
f 3143 3000 3262
f 2623 2767 2591
f 2878 2623 2872
f 2878 2767 2623
f 3000 2878 2872
f 2909 2907 2824
f 2909 3270 2907
f 3270 3181 2907
f 2533 2660 2545
f 2426 2533 2545
f 3475 3540 3521
f 2346 2335 2403
f 3475 3472 3540
f 3472 3588 3540
f 2346 2304 2305
f 3472 3423 3422
f 2338 2304 2346
f 2338 2346 2344
f 3262 3423 3361
f 2395 2338 2344
f 2591 2650 2529
f 3000 2955 2878
f 2955 3000 3143
f 2878 2955 2767
f 2824 2967 2909
f 2762 2824 2660
f 3181 3270 3352
f 3352 3477 3471
f 3521 3471 3477
f 2335 2426 2403
f 2305 2335 2346
f 3475 3423 3472
f 3423 3272 3361
f 3143 3262 3039
f 3361 3148 3262
f 3039 2955 3143
f 2863 2591 2767
f 2863 2650 2591
f 2863 2767 2955
f 3039 2863 2955
f 3131 2909 2967
f 3131 3270 2909
f 2824 2762 2967
f 2383 2533 2426
f 2300 2383 2335
f 2383 2426 2335
f 2300 2305 2240
f 2300 2335 2305
f 3475 3407 3423
f 2240 2305 2304
f 3407 3272 3423
f 3361 3272 3148
f 2338 2395 2304
f 2529 2598 2395
f 3039 3262 2922
f 3043 3262 3148
f 2598 2529 2650
f 2818 2598 2650
f 2818 2863 2922
f 2922 2863 3039
f 2863 2818 2650
f 2762 2952 2967
f 3131 2967 2952
f 3131 3138 3270
f 2533 2625 2660
f 2625 2762 2660
f 2383 2625 2533
f 3352 3447 3477
f 3447 3467 3477
f 3467 3521 3477
f 3475 3521 3467
f 2231 2300 2240
f 2193 2231 2240
f 3392 3272 3407
f 2304 2303 2240
f 2304 2395 2303
f 3124 3148 3272
f 2414 2303 2395
f 2414 2395 2598
f 2805 2414 2598
f 3043 2818 2922
f 3262 3043 2922
f 2818 2805 2598
f 3138 3131 2952
f 2313 2434 2625
f 2625 2434 2762
f 3138 3382 3270
f 2625 2383 2313
f 3382 3352 3270
f 2313 2383 2300
f 2220 2313 2300
f 2220 2300 2231
f 3467 3450 3475
f 3450 3392 3407
f 3450 3407 3475
f 2193 2240 2202
f 2240 2303 2202
f 3392 3319 3272
f 2288 2202 2303
f 3148 3124 3043
f 2414 2288 2303
f 2493 2288 2414
f 2493 2414 2805
f 3043 2805 2818
f 2952 2762 2648
f 2206 2434 2313
f 3352 3382 3447
f 2158 2206 2313
f 2313 2220 2158
f 3450 3467 3447
f 2158 2220 2231
f 2158 2231 2193
f 2112 2158 2193
f 2202 2112 2193
f 3272 3319 3124
f 2368 2202 2288
f 2713 2482 2493
f 2805 3043 2875
f 3124 2875 3043
f 2493 2482 2288
f 2713 2493 2805
f 2805 2875 2713
f 2430 2648 2762
f 3048 2952 2648
f 3048 3138 2952
f 2762 2434 2430
f 2080 2206 2158
f 2158 2112 2080
f 3397 3392 3450
f 3397 3376 3392
f 2119 2080 2112
f 2119 2112 2202
f 3319 3392 3212
f 3392 3376 3212
f 2368 2119 2202
f 3124 3035 2754
f 3319 3212 3124
f 3212 3035 3124
f 2368 2482 2502
f 2368 2288 2482
f 2502 2482 2713
f 2754 2875 3124
f 2635 2502 2713
f 2635 2713 2754
f 2875 2754 2713
f 2700 2916 3048
f 2916 3053 3048
f 3053 3138 3048
f 2648 2430 2544
f 2700 2648 2544
f 2700 3048 2648
f 2206 2430 2434
f 2069 2430 2206
f 3382 3397 3447
f 2090 2069 2206
f 3397 3450 3447
f 2090 2206 2080
f 2502 2559 2368
f 2502 2635 2754
f 2908 3053 2916
f 2908 3127 3053
f 3127 3138 3053
f 2069 2266 2430
f 2266 2544 2430
f 3364 3397 3382
f 2016 2090 2080
f 2016 2069 2090
f 3376 3156 3126
f 3330 3156 3376
f 2119 2016 2080
f 3212 3376 3126
f 2368 2292 2119
f 2292 2368 2559
f 2754 3035 2888
f 3212 3126 3035
f 3126 2888 3035
f 2725 2559 2502
f 2725 2502 2754
f 2459 2631 2700
f 2916 2700 2631
f 2544 2367 2459
f 2544 2266 2367
f 2700 2544 2459
f 3231 3138 3127
f 3231 3382 3138
f 1997 2367 2069
f 2367 2266 2069
f 3364 3382 3294
f 1984 1997 2069
f 3364 3376 3397
f 2069 2016 1984
f 2016 1989 1984
f 2049 1989 2016
f 3330 3256 3156
f 2049 2016 2119
f 2292 2049 2119
f 3156 3031 3126
f 2507 2292 2559
f 2888 3126 2774
f 2888 2725 2754
f 2888 2774 2725
f 2746 2928 2908
f 2746 2916 2631
f 2908 2916 2746
f 2908 2928 3127
f 2928 3231 3127
f 3231 3294 3382
f 3330 3364 3332
f 3330 3376 3364
f 3256 3128 3156
f 2292 2264 2049
f 2321 2264 2292
f 3031 2860 3126
f 2507 2321 2292
f 3126 2860 2774
f 2725 2774 2559
f 2970 3066 2928
f 2631 2459 2535
f 2746 2631 2535
f 3231 2928 3066
f 2459 2367 2245
f 2245 2367 1997
f 3325 3364 3294
f 3332 3364 3325
f 3332 3256 3330
f 2049 2032 1989
f 2264 2321 2455
f 3156 3128 3031
f 2559 2774 2521
f 2521 2774 2860
f 2633 2746 2535
f 2928 2633 2970
f 2928 2746 2633
f 2245 2360 2459
f 2535 2459 2360
f 3066 3199 3231
f 3231 3199 3294
f 1933 1997 1984
f 1958 1933 1984
f 1958 1984 1989
f 2032 1958 1989
f 3256 3247 3128
f 3247 2860 3128
f 3128 2860 3031
f 2507 2455 2321
f 2507 2559 2521
f 2860 2760 2521
f 2860 2948 2760
f 3199 3239 3294
f 1997 1950 2245
f 1950 2031 2245
f 3294 3239 3298
f 3298 3325 3294
f 1936 1997 1933
f 1936 1950 1997
f 3298 3332 3325
f 1912 1936 1933
f 3298 3247 3256
f 3298 3256 3332
f 1958 1912 1933
f 2948 2860 3247
f 2521 2455 2507
f 2233 2475 2535
f 2633 2535 2475
f 2797 2633 2475
f 2891 2633 2797
f 2891 2970 2633
f 2970 2891 3066
f 2535 2360 2233
f 2245 2233 2360
f 2031 2233 2245
f 1904 1950 1936
f 1912 1904 1936
f 1912 1958 1904
f 3247 2760 2948
f 2032 1965 1958
f 2032 2049 2228
f 2264 2228 2049
f 2409 2228 2264
f 2409 2264 2455
f 2521 2409 2455
f 2799 2962 2797
f 2962 2891 2797
f 2966 2891 2962
f 2891 2966 3066
f 2978 3066 2966
f 3066 2978 3199
f 2233 2031 2092
f 3239 3204 3298
f 1908 1950 1904
f 3204 3247 3298
f 3171 3247 3204
f 1958 1965 1904
f 3109 3247 3171
f 2760 3109 2997
f 3109 2760 3247
f 2221 2032 2228
f 2228 2409 2438
f 2856 2760 2997
f 2438 2409 2521
f 2438 2521 2577
f 2694 2760 2856
f 2694 2577 2521
f 2694 2521 2760
f 2895 2962 2799
f 2233 2389 2475
f 2978 3142 3199
f 2092 2389 2233
f 3142 3239 3199
f 1950 2092 2031
f 3239 3142 3204
f 1908 1960 1950
f 3171 3063 3109
f 2997 3063 2856
f 3063 2997 3109
f 2797 2475 2389
f 2962 2978 2966
f 2962 2895 2978
f 1960 2389 2092
f 1950 1960 2092
f 3171 3204 3142
f 1893 1908 1904
f 1965 1893 1904
f 1969 1893 1965
f 2032 2139 1965
f 2139 1969 1965
f 2139 2032 2221
f 3063 3020 2856
f 2382 2221 2228
f 2382 2228 2438
f 2226 2277 2797
f 2799 2277 2697
f 2799 2797 2277
f 2785 2799 2697
f 2785 2895 2799
f 2797 2389 2226
f 2226 2389 1988
f 2978 3061 3142
f 2389 1960 1988
f 3061 3139 3142
f 1908 1897 1960
f 1897 1988 1960
f 3139 3171 3142
f 3139 3107 3171
f 3107 3063 3171
f 1893 1897 1908
f 3020 2931 2856
f 2577 2588 2438
f 2588 2382 2438
f 2588 2577 2694
f 2785 2978 2895
f 2050 2226 1988
f 3107 3139 3061
f 1893 1857 1897
f 2931 3020 3009
f 2588 2694 2664
f 2697 2733 2785
f 2733 2697 2277
f 2733 2926 2785
f 2785 2926 2978
f 2003 2199 2050
f 2226 2050 2199
f 2199 2277 2226
f 2978 2926 3061
f 1988 1899 2050
f 1897 1899 1988
f 1899 1897 1857
f 3055 3063 3107
f 3063 3055 3020
f 3055 3009 3020
f 2694 2931 2664
f 2856 2931 2694
f 2588 2501 2382
f 2603 2588 2664
f 2780 2926 2733
f 2780 2851 2926
f 2177 2733 2277
f 2926 2972 3061
f 2972 3057 3061
f 2003 1899 1894
f 2050 1899 2003
f 3107 3061 3057
f 1819 1899 1857
f 3025 3009 3055
f 2139 2024 1969
f 2161 2024 2139
f 2161 2139 2221
f 2382 2161 2221
f 2356 2161 2382
f 2501 2356 2382
f 2603 2597 2501
f 2861 2751 2931
f 2603 2501 2588
f 2664 2597 2603
f 2931 2751 2664
f 2644 2780 2733
f 2199 2167 2277
f 2780 2644 2851
f 2003 2167 2199
f 1894 2167 2003
f 1819 1894 1899
f 3055 3107 3057
f 2585 2356 2501
f 2501 2664 2585
f 2501 2597 2664
f 2733 2163 2644
f 2733 2177 2163
f 2277 2167 2177
f 2972 3025 3057
f 3025 3055 3057
f 1797 1819 1857
f 1893 1797 1857
f 3009 2861 2931
f 2585 2391 2356
f 2773 2751 2861
f 2585 2664 2621
f 2751 2621 2664
f 2433 2618 2644
f 2618 2675 2644
f 2433 2644 2163
f 2793 2644 2675
f 2644 2793 2851
f 2793 2961 2851
f 1968 2177 2167
f 2851 2961 2926
f 2926 2961 2972
f 1894 1968 2167
f 1819 1811 1894
f 1811 1819 1797
f 1893 1884 1797
f 1969 1884 1893
f 1987 1884 1969
f 2957 3009 3025
f 1987 1969 2024
f 3009 2957 2861
f 2518 2391 2585
f 2518 2585 2621
f 2163 2177 1968
f 2793 2871 2961
f 1811 1924 1894
f 1894 1924 1968
f 3025 2972 2961
f 1752 1822 1797
f 1822 1811 1797
f 1884 1752 1797
f 2957 3025 2973
f 2957 2773 2861
f 2161 2057 2024
f 2356 2286 2161
f 2286 2391 2499
f 2286 2356 2391
f 2621 2773 2462
f 2751 2773 2621
f 2518 2499 2391
f 2462 2499 2621
f 2499 2518 2621
f 2481 2433 2241
f 2618 2481 2594
f 2618 2433 2481
f 2594 2675 2618
f 2241 2163 2175
f 2241 2433 2163
f 2675 2667 2793
f 2675 2594 2667
f 1968 2175 2163
f 1924 2175 1968
f 2667 2871 2793
f 1915 1811 1822
f 1924 1811 1915
f 2961 2973 3025
f 2057 1987 2024
f 2191 2057 2161
f 2499 2371 2286
f 2773 2957 2761
f 2286 2191 2161
f 2462 2371 2499
f 2773 2761 2462
f 2761 2525 2462
f 2345 2488 2481
f 2488 2594 2481
f 2481 2241 2345
f 2175 1924 1915
f 1822 1863 1915
f 2927 2961 2871
f 1747 1752 1713
f 1747 1822 1752
f 2286 2397 2191
f 2286 2371 2397
f 2397 2371 2462
f 2574 2594 2488
f 2574 2649 2594
f 2094 2241 2175
f 2345 2241 2094
f 2667 2594 2649
f 1863 2094 2175
f 1915 1863 2175
f 2667 2792 2871
f 2792 2858 2871
f 2927 2871 2858
f 1747 1793 1822
f 2961 2927 2959
f 2964 2961 2959
f 2964 2973 2961
f 1713 1752 1690
f 2973 2761 2957
f 2964 2761 2973
f 2057 2012 1987
f 2191 2012 2057
f 2397 2323 2191
f 2397 2462 2525
f 2472 2525 2761
f 2094 2222 2345
f 2488 2222 2442
f 2488 2345 2222
f 2442 2574 2488
f 2574 2442 2649
f 2094 1863 1883
f 2649 2792 2667
f 1822 1793 1863
f 1793 1883 1863
f 1668 1747 1713
f 2927 2940 2959
f 1884 1690 1752
f 2964 2768 2761
f 2622 2761 2768
f 2622 2472 2761
f 2191 2323 2203
f 2203 2323 2472
f 2472 2323 2525
f 2323 2397 2525
f 2222 2104 2363
f 2222 2094 2104
f 2442 2222 2363
f 2792 2829 2858
f 2829 2852 2858
f 1747 1794 1793
f 2940 2927 2858
f 1987 1896 1884
f 2964 2757 2768
f 2191 2203 2012
f 2203 2085 2012
f 2203 2472 2432
f 2622 2432 2472
f 2094 1883 1946
f 1946 2104 2094
f 2649 2710 2792
f 1793 1794 1883
f 1794 1874 1883
f 1739 1747 1703
f 1739 1794 1747
f 1668 1703 1747
f 2852 2940 2858
f 1641 1668 1713
f 2940 2845 2959
f 2845 2964 2959
f 1690 1641 1713
f 2964 2845 2757
f 1987 2012 2085
f 2768 2586 2622
f 2586 2768 2757
f 1883 1874 1946
f 2442 2710 2649
f 2710 2758 2792
f 1832 1794 1739
f 1874 1794 1832
f 2758 2829 2792
f 1672 1668 1615
f 2852 2956 2940
f 1641 1616 1615
f 1668 1641 1615
f 2886 2845 2940
f 2956 2886 2940
f 1616 1641 1690
f 2886 2764 2845
f 2764 2757 2845
f 1884 1896 1690
f 1896 1693 1690
f 2757 2536 2586
f 2757 2764 2536
f 1987 1981 1896
f 1981 1987 2085
f 2586 2538 2622
f 2538 2432 2622
f 2294 2085 2203
f 2432 2294 2203
f 2432 2538 2294
f 1974 2097 2363
f 2333 2363 2097
f 2363 2333 2442
f 1832 1974 1946
f 2104 1946 1974
f 2363 2104 1974
f 1946 1874 1832
f 2333 2581 2442
f 2442 2581 2710
f 1668 1672 1703
f 1615 1611 1672
f 2920 2956 2852
f 1616 1611 1615
f 1616 1693 1611
f 2920 2886 2956
f 1693 1616 1690
f 2538 2586 2536
f 2454 2536 2764
f 2294 2118 2085
f 2538 2113 2294
f 2449 2581 2333
f 2581 2690 2710
f 1672 1728 1703
f 1728 1739 1703
f 2829 2843 2852
f 1611 1637 1672
f 2920 2852 2843
f 1611 1693 1614
f 2920 2763 2886
f 2763 2764 2886
f 2536 2113 2538
f 1981 2085 2118
f 2294 2113 2118
f 1932 2232 2333
f 2097 1974 1932
f 1932 2333 2097
f 1974 1832 1932
f 1932 1832 1728
f 1728 1832 1739
f 2710 2690 2758
f 2690 2784 2758
f 2784 2829 2758
f 2784 2843 2829
f 1592 1637 1611
f 2844 2920 2843
f 1614 1592 1611
f 2920 2844 2763
f 2764 2547 2454
f 2764 2471 2547
f 2471 2764 2763
f 1981 1985 1896
f 2113 1985 2118
f 1985 1981 2118
f 1961 2063 1932
f 2232 1932 2063
f 2333 2362 2449
f 1728 1961 1932
f 2590 2581 2449
f 2590 2690 2581
f 1679 1672 1637
f 1679 1728 1672
f 1542 1576 1592
f 1592 1544 1542
f 1614 1544 1592
f 2763 2647 2471
f 1614 1693 1808
f 2064 2113 2454
f 1896 1808 1693
f 1892 1896 1985
f 1892 1808 1896
f 2113 1999 1985
f 2113 2064 1999
f 2454 2113 2536
f 2232 2362 2333
f 2362 2485 2449
f 1961 1728 1679
f 2590 2671 2690
f 2690 2750 2784
f 2784 2750 2826
f 2826 2843 2784
f 1534 1576 1542
f 2826 2844 2843
f 1545 1542 1544
f 1545 1534 1542
f 2826 2647 2763
f 2826 2763 2844
f 2278 2547 2471
f 2490 2471 2647
f 1614 1630 1544
f 1630 1545 1544
f 1630 1614 1808
f 2064 2454 2278
f 2547 2278 2454
f 1892 1985 1999
f 2123 2249 2137
f 1961 1942 2063
f 2232 2063 2137
f 2249 2232 2137
f 2232 2249 2362
f 2249 2342 2362
f 1961 1679 1770
f 1770 1942 1961
f 2449 2485 2590
f 1619 1592 1576
f 1619 1637 1592
f 2690 2671 2750
f 2752 2826 2750
f 1484 1511 1534
f 1545 1484 1534
f 2752 2647 2826
f 2752 2593 2647
f 2010 2064 2278
f 2490 2278 2471
f 1630 1601 1545
f 1808 1892 1846
f 1846 1892 1999
f 2064 2010 1999
f 1790 1808 1846
f 2137 2035 2123
f 2123 2225 2249
f 2035 2063 1942
f 2063 2035 2137
f 1679 1637 1770
f 2342 2445 2362
f 2362 2445 2485
f 2485 2537 2590
f 2010 2278 2130
f 2130 2278 2490
f 2647 2593 2490
f 1790 1630 1808
f 1999 2010 1846
f 1815 1920 2035
f 1619 1815 1770
f 1942 1770 1815
f 2035 1942 1815
f 2135 2123 2035
f 2123 2135 2225
f 1770 1637 1619
f 2249 2225 2342
f 2485 2445 2537
f 1543 1534 1511
f 1543 1576 1534
f 2590 2537 2671
f 2537 2645 2671
f 2671 2645 2731
f 2731 2750 2671
f 2731 2752 2750
f 2731 2567 2752
f 2752 2567 2593
f 1601 1484 1545
f 2130 1982 2010
f 2567 2238 2490
f 2238 2130 2490
f 2567 2490 2593
f 1630 1805 1601
f 1805 1790 1846
f 1805 1630 1790
f 2010 1982 1846
f 1982 1805 1846
f 1576 1815 1619
f 2225 2285 2342
f 2342 2343 2445
f 2285 2343 2342
f 2537 2558 2645
f 1459 1511 1484
f 1462 1459 1484
f 2645 2567 2731
f 1601 1571 1484
f 1571 1601 1732
f 1982 1994 1805
f 1994 1982 2130
f 2238 1994 2130
f 1805 1732 1601
f 1920 1710 1955
f 1920 1815 1710
f 2029 1920 1955
f 2029 2035 1920
f 2035 2029 2135
f 2135 2285 2225
f 2537 2445 2558
f 1401 1480 1459
f 1459 1462 1401
f 1408 1401 1462
f 2238 2159 2002
f 2420 2238 2380
f 2159 2238 2420
f 2567 2527 2420
f 2527 2567 2645
f 1484 1571 1462
f 1571 1408 1462
f 1994 1792 1816
f 1792 1994 2002
f 2238 2002 1994
f 2567 2380 2238
f 2567 2420 2380
f 1732 1805 1816
f 1816 1805 1994
f 1787 1938 1955
f 1938 2029 1955
f 1787 1955 1710
f 1710 1815 1543
f 2029 2285 2135
f 1815 1576 1543
f 2445 2452 2509
f 2509 2558 2445
f 2558 2509 2527
f 2527 2645 2558
f 2420 2527 2436
f 1476 1408 1571
f 1633 1476 1571
f 1709 1571 1732
f 1709 1633 1571
f 1816 1709 1732
f 1938 1887 2029
f 1887 2083 2029
f 2083 2285 2029
f 1511 1710 1543
f 2285 2083 2255
f 2285 2255 2343
f 1480 1511 1459
f 2343 2418 2445
f 2445 2418 2452
f 1391 1480 1401
f 1355 1391 1401
f 1369 1401 1408
f 1369 1355 1401
f 2159 2128 2036
f 2128 2159 2420
f 1476 1369 1408
f 1476 1633 1639
f 2036 1877 2002
f 1877 1792 2002
f 2036 2002 2159
f 1663 1639 1633
f 1663 1633 1709
f 1816 1792 1709
f 1787 1788 1938
f 1788 1887 1938
f 1566 1670 1710
f 1788 1710 1670
f 1788 1787 1710
f 1887 1941 2083
f 1710 1511 1566
f 2255 2418 2343
f 2452 2418 2439
f 1334 1357 1391
f 2439 2509 2452
f 1391 1355 1334
f 1355 1337 1334
f 2435 2509 2439
f 2435 2527 2509
f 1369 1337 1355
f 2420 2436 2169
f 2435 2436 2527
f 2128 2420 2169
f 1434 1369 1476
f 1741 1792 1877
f 1741 1639 1709
f 1639 1663 1709
f 1741 1709 1792
f 1566 1772 1670
f 1772 1788 1670
f 1914 1887 1788
f 1772 1914 1788
f 1914 1941 1887
f 1566 1511 1480
f 2083 2214 2255
f 1941 2214 2083
f 2418 2255 2439
f 1335 1357 1334
f 2169 2436 2317
f 1434 1337 1369
f 1849 1741 1877
f 1877 2169 1849
f 1877 2036 2169
f 2169 2036 2128
f 1476 1639 1603
f 1741 1603 1639
f 1772 1566 1667
f 1941 1914 2214
f 1405 1391 1357
f 1405 1480 1391
f 2214 2439 2255
f 1288 1335 1334
f 2317 2435 2402
f 2402 2435 2439
f 1288 1334 1337
f 2436 2435 2317
f 2100 1861 2169
f 2169 2317 2100
f 1743 1741 1849
f 1861 1849 2169
f 1476 1506 1434
f 1603 1506 1476
f 1741 1743 1603
f 1727 1667 1640
f 1727 1772 1667
f 1786 1772 1727
f 1772 1786 1914
f 1667 1480 1479
f 1566 1480 1667
f 1405 1479 1480
f 1786 2355 1914
f 1914 2355 2214
f 2214 2355 2439
f 1303 1335 1288
f 2355 2402 2439
f 1274 1303 1288
f 2327 2402 2355
f 2327 2317 2402
f 2327 2153 2317
f 1288 1337 1274
f 1861 2100 2153
f 2317 2153 2100
f 1434 1366 1337
f 1366 1274 1337
f 1434 1506 1578
f 1849 1687 1743
f 1849 1861 1687
f 1640 1725 1727
f 1786 1727 1725
f 1859 1923 1786
f 1479 1582 1667
f 1640 1667 1582
f 1923 2316 1786
f 1405 1393 1479
f 2355 1786 2316
f 1335 1352 1357
f 1357 1393 1405
f 1352 1393 1357
f 1289 1335 1303
f 1352 1335 1289
f 2327 2355 2431
f 1274 1289 1303
f 1274 1317 1289
f 2327 2237 2153
f 2431 2237 2327
f 1317 1274 1366
f 1317 1366 1429
f 2007 1861 2153
f 1429 1366 1434
f 1429 1434 1578
f 1603 1578 1506
f 1743 1687 1603
f 1582 1635 1640
f 1635 1729 1640
f 1729 1725 1640
f 1859 1786 1729
f 1786 1725 1729
f 1479 1423 1582
f 1923 1859 1962
f 1923 1962 2316
f 1423 1479 1393
f 1962 2165 2316
f 1328 1384 1352
f 1384 1393 1352
f 2165 2324 2316
f 1352 1293 1328
f 2326 2316 2324
f 2326 2355 2316
f 1293 1352 1289
f 2431 2326 2318
f 2355 2326 2431
f 1317 1293 1289
f 2431 2318 2237
f 2007 2153 2237
f 1578 1603 1687
f 1449 1635 1582
f 1782 1859 1729
f 1582 1423 1449
f 1859 1782 1962
f 1449 1423 1393
f 1782 2053 1962
f 2053 2165 1962
f 2324 2215 2273
f 2165 2215 2324
f 2324 2273 2326
f 1317 1273 1293
f 2033 2318 2326
f 1848 2007 2033
f 2318 2033 2237
f 2033 2007 2237
f 1351 1273 1317
f 1429 1351 1317
f 1861 1723 1673
f 2007 1723 1861
f 2007 1848 1723
f 1429 1578 1526
f 1687 1526 1578
f 1687 1673 1526
f 1673 1687 1861
f 1635 1734 1729
f 1782 1729 1734
f 1804 1782 1734
f 1449 1557 1635
f 1635 1557 1734
f 1421 1557 1449
f 1449 1393 1384
f 1318 1384 1328
f 2053 2116 2165
f 1296 1318 1328
f 1296 1328 1293
f 2273 2212 2326
f 2212 2054 2033
f 2326 2212 2033
f 1774 1723 1848
f 1848 2033 2054
f 1304 1273 1351
f 1526 1351 1429
f 1649 1734 1557
f 1557 1421 1417
f 1779 1804 1734
f 1384 1421 1449
f 1804 2053 1782
f 1346 1384 1318
f 1268 1346 1318
f 1318 1296 1268
f 2165 2116 2215
f 1268 1293 1228
f 1268 1296 1293
f 2213 2273 2215
f 2213 2212 2273
f 1228 1293 1273
f 1304 1351 1447
f 1673 1723 1501
f 1526 1447 1351
f 1501 1526 1673
f 1646 1734 1649
f 1646 1836 1734
f 1346 1417 1421
f 1734 1836 1779
f 1836 1804 1779
f 1421 1384 1346
f 1804 1836 2053
f 2053 1836 1993
f 1993 2116 2053
f 2116 2101 2172
f 2172 2215 2116
f 1238 1268 1228
f 2098 2213 2172
f 2172 2213 2215
f 1202 1238 1228
f 2213 2098 1975
f 2212 2213 1975
f 1228 1204 1202
f 2212 1975 2054
f 1252 1204 1228
f 1228 1273 1252
f 1774 1848 2054
f 1304 1252 1273
f 1304 1447 1390
f 1723 1374 1501
f 1723 1774 1374
f 1444 1390 1447
f 1447 1526 1501
f 1444 1447 1501
f 1557 1560 1649
f 1560 1646 1649
f 1714 1836 1646
f 1560 1557 1417
f 1714 1754 1836
f 1754 1891 1836
f 1891 1993 1836
f 1261 1346 1268
f 1238 1261 1268
f 2116 1993 2101
f 2098 2172 2101
f 2098 1964 1975
f 1342 1304 1390
f 1501 1374 1444
f 1383 1342 1390
f 1383 1390 1444
f 1417 1520 1560
f 1646 1520 1656
f 1646 1560 1520
f 1646 1656 1714
f 1417 1346 1278
f 1278 1346 1261
f 1208 1278 1261
f 1891 1943 1993
f 1261 1238 1208
f 1993 1943 2028
f 2028 2101 1993
f 1208 1238 1202
f 2098 2101 2028
f 1964 2098 2000
f 1168 1202 1204
f 1975 1964 1378
f 1172 1168 1204
f 1378 2054 1975
f 1252 1172 1204
f 1252 1304 1342
f 1444 1374 1383
f 1507 1374 1774
f 1417 1425 1520
f 1417 1341 1425
f 1417 1278 1341
f 1714 1704 1754
f 1714 1656 1704
f 1754 1704 1891
f 1704 1943 1891
f 1168 1208 1202
f 2000 2098 2028
f 1964 2000 1880
f 1168 1155 1151
f 1172 1155 1168
f 1507 1774 2054
f 1342 1383 1374
f 1647 1704 1656
f 1201 1278 1208
f 1152 1201 1208
f 1917 2028 1943
f 1208 1168 1152
f 1168 1151 1152
f 1917 2000 2028
f 1172 1247 1155
f 1252 1247 1172
f 1247 1342 1374
f 1247 1252 1342
f 1507 1385 1374
f 1385 1309 1374
f 1520 1425 1270
f 1341 1189 1425
f 1341 1278 1189
f 1278 1201 1189
f 1704 1647 1943
f 1943 1647 1917
f 1647 1840 1917
f 1105 1152 1151
f 1917 1880 2000
f 1708 1964 1880
f 1093 1105 1155
f 1105 1151 1155
f 1964 1591 1378
f 1964 1708 1591
f 1155 1247 1093
f 1385 1507 1339
f 2054 1339 1507
f 2054 1378 1339
f 1173 1093 1247
f 1247 1374 1309
f 1189 1270 1425
f 1473 1520 1270
f 1473 1656 1520
f 1473 1647 1656
f 1473 1519 1647
f 1156 1189 1201
f 1156 1201 1152
f 1105 1156 1152
f 1864 1917 1840
f 1864 1880 1917
f 1880 1738 1708
f 1083 1093 1085
f 1083 1105 1093
f 1138 1085 1093
f 1173 1138 1093
f 1173 1247 1309
f 1385 1236 1309
f 1419 1473 1270
f 1419 1519 1473
f 1598 1647 1519
f 1078 1139 1156
f 1189 1156 1139
f 1598 1720 1647
f 1647 1720 1840
f 1720 1768 1840
f 1156 1105 1078
f 1105 1083 1078
f 1840 1768 1864
f 1767 1864 1768
f 1767 1880 1864
f 1880 1767 1738
f 1708 1738 1591
f 1173 1309 1236
f 1340 1396 1419
f 1396 1420 1419
f 1420 1489 1419
f 1340 1419 1270
f 1519 1489 1517
f 1519 1419 1489
f 1189 1139 1132
f 1132 1270 1189
f 1519 1517 1598
f 1657 1720 1598
f 1035 1078 1083
f 1738 1767 1590
f 1085 1035 1083
f 1378 1591 1590
f 1590 1591 1738
f 1138 1173 1236
f 1385 1339 1236
f 1339 1185 1236
f 1396 1489 1420
f 1270 1132 1194
f 1466 1517 1489
f 1078 1132 1139
f 1517 1589 1598
f 1768 1720 1711
f 1711 1767 1768
f 1078 1035 1005
f 1035 1009 1005
f 1711 1685 1767
f 1685 1590 1767
f 1590 1312 1378
f 1072 1009 1035
f 1035 1085 1072
f 1378 1262 1339
f 1138 1072 1085
f 1138 1236 1185
f 1262 1185 1339
f 1340 1375 1396
f 1375 1489 1396
f 1340 1270 1194
f 1489 1375 1466
f 966 1132 1078
f 970 1194 1132
f 1466 1535 1517
f 1535 1589 1517
f 966 1078 1005
f 1598 1589 1657
f 965 966 1005
f 1589 1642 1657
f 1720 1642 1711
f 1657 1642 1720
f 968 965 1005
f 968 1005 1009
f 1378 1312 1264
f 1398 1312 1590
f 1072 1031 1009
f 1031 968 1009
f 1185 1031 1072
f 1264 1262 1378
f 1138 1185 1072
f 1340 1194 1299
f 1375 1441 1466
f 966 970 1132
f 1466 1441 1535
f 1535 1642 1589
f 1660 1711 1642
f 1660 1620 1711
f 1620 1685 1711
f 968 924 965
f 1620 1590 1685
f 1590 1481 1398
f 1590 1620 1481
f 1031 924 968
f 1262 1171 1185
f 1264 1171 1262
f 1142 1031 1185
f 1142 1185 1171
f 970 1042 1194
f 1299 1375 1340
f 1299 1441 1375
f 931 970 966
f 1441 1498 1535
f 931 965 897
f 931 966 965
f 1535 1623 1642
f 1660 1642 1623
f 1624 1620 1660
f 897 965 924
f 1624 1481 1620
f 1264 1312 1294
f 1398 1294 1312
f 1031 960 924
f 960 1031 1062
f 1142 1062 1031
f 1042 1299 1194
f 903 931 897
f 881 903 897
f 1535 1498 1623
f 1624 1660 1623
f 1624 1574 1435
f 897 889 881
f 1435 1481 1624
f 1398 1316 1230
f 1481 1316 1398
f 1481 1435 1316
f 897 924 889
f 1264 1294 1149
f 1230 1294 1398
f 960 889 924
f 1040 1062 1127
f 1142 1149 1127
f 1171 1149 1142
f 1149 1171 1264
f 1040 960 1062
f 1062 1142 1127
f 970 1076 1042
f 1162 1042 1076
f 1162 1299 1042
f 1162 1326 1299
f 1326 1441 1299
f 931 903 970
f 903 1076 970
f 1326 1446 1441
f 1441 1446 1498
f 1446 1552 1498
f 874 881 842
f 874 903 881
f 1498 1552 1623
f 1552 1599 1623
f 1599 1624 1623
f 1599 1574 1624
f 889 842 881
f 1294 1230 1149
f 960 907 889
f 907 960 980
f 1040 980 960
f 866 982 903
f 1076 903 982
f 903 874 866
f 1446 1365 1552
f 842 827 874
f 1365 1551 1552
f 1599 1552 1551
f 1599 1386 1574
f 1574 1386 1435
f 1435 1386 1316
f 833 827 842
f 842 889 833
f 1230 1128 1149
f 907 833 889
f 973 980 1049
f 980 1040 1049
f 1149 1049 1127
f 1049 1040 1127
f 973 907 980
f 1162 1076 982
f 1266 1365 1326
f 814 866 874
f 1326 1365 1446
f 814 874 827
f 783 814 827
f 1551 1550 1599
f 1599 1550 1386
f 1316 1203 1230
f 1316 1251 1203
f 1251 1316 1386
f 827 833 783
f 1149 1128 1074
f 1074 1049 1149
f 973 833 907
f 1049 961 973
f 982 880 1012
f 982 866 880
f 1059 982 1012
f 1059 1162 982
f 1059 1174 1162
f 1174 1326 1162
f 814 771 866
f 1174 1266 1326
f 1365 1394 1551
f 1394 1487 1551
f 814 763 771
f 1551 1487 1550
f 814 783 763
f 1362 1550 1410
f 1362 1386 1550
f 1386 1362 1251
f 813 783 833
f 1074 1128 1055
f 1230 1203 1128
f 1203 1055 1128
f 1074 961 1049
f 973 899 833
f 961 899 973
f 1012 1061 1059
f 774 880 866
f 1059 1061 1174
f 866 771 774
f 1266 1394 1365
f 774 771 763
f 1388 1550 1487
f 1388 1410 1550
f 1331 1251 1362
f 763 813 769
f 783 813 763
f 1251 1117 1203
f 773 769 813
f 1074 1055 978
f 835 773 813
f 833 835 813
f 961 978 899
f 978 961 1074
f 899 835 833
f 969 1012 880
f 1012 969 1061
f 1144 1266 1174
f 1144 1245 1266
f 1266 1245 1394
f 1487 1245 1306
f 1394 1245 1487
f 1306 1388 1487
f 724 763 723
f 774 763 724
f 1362 1410 1331
f 1410 1388 1331
f 773 723 763
f 763 769 773
f 1251 1331 1206
f 1206 1117 1251
f 978 1055 1001
f 1203 1117 1055
f 1117 1001 1055
f 969 1144 1061
f 1144 1174 1061
f 880 774 719
f 719 774 724
f 1246 1306 1245
f 719 724 723
f 721 719 723
f 1331 1215 1206
f 1215 1331 1388
f 723 773 721
f 1206 1075 1117
f 738 721 773
f 978 1001 873
f 899 873 835
f 873 899 978
f 747 746 880
f 969 880 746
f 969 1101 1144
f 719 747 880
f 1144 1246 1245
f 1101 1246 1144
f 1255 1306 1246
f 719 669 626
f 1255 1388 1306
f 1255 1215 1388
f 721 669 719
f 669 721 683
f 1206 1215 1075
f 1215 1192 1075
f 1117 1075 1001
f 835 806 773
f 806 738 773
f 806 835 873
f 1001 914 873
f 805 969 746
f 805 1101 969
f 719 626 747
f 1246 1101 1147
f 1246 1147 1255
f 626 669 625
f 1222 1215 1255
f 1222 1192 1215
f 662 625 669
f 669 683 662
f 1192 1016 1075
f 738 739 721
f 739 683 721
f 1016 949 1001
f 1016 1001 1075
f 806 739 738
f 848 806 873
f 848 739 806
f 848 873 914
f 1001 949 914
f 927 1101 805
f 622 658 747
f 658 746 747
f 927 1069 1101
f 622 747 626
f 1101 1069 1147
f 617 626 625
f 617 622 626
f 1147 1222 1255
f 1222 1145 1192
f 625 662 617
f 1145 1115 1192
f 1192 1115 1016
f 662 683 611
f 739 611 683
f 805 840 927
f 550 580 622
f 658 622 580
f 1069 1112 1147
f 622 617 550
f 1145 1147 1112
f 1147 1145 1222
f 617 662 611
f 1103 1016 1115
f 949 934 810
f 1016 934 949
f 914 810 848
f 810 914 949
f 757 812 805
f 812 840 805
f 658 726 746
f 757 746 726
f 757 805 746
f 834 927 840
f 658 580 597
f 597 726 658
f 834 904 927
f 927 904 1069
f 1069 904 1112
f 1096 1145 1112
f 550 515 517
f 550 617 515
f 1103 1115 1145
f 611 515 617
f 611 488 511
f 1103 1022 1016
f 592 488 611
f 611 739 592
f 1016 1022 934
f 592 848 690
f 592 739 848
f 690 848 810
f 726 756 757
f 726 597 621
f 756 812 757
f 840 812 834
f 812 756 834
f 580 535 597
f 535 580 550
f 535 550 517
f 1112 834 1023
f 904 834 1112
f 1067 1096 1023
f 1023 1096 1112
f 1096 1103 1145
f 1096 1067 1103
f 515 611 511
f 1067 1022 1103
f 488 592 512
f 934 784 810
f 1022 784 934
f 743 810 784
f 743 690 810
f 726 764 756
f 648 726 621
f 726 648 764
f 834 764 832
f 756 764 834
f 521 597 535
f 521 535 484
f 457 484 517
f 535 517 484
f 834 832 1000
f 834 1000 1023
f 517 515 457
f 515 450 457
f 515 511 450
f 441 450 511
f 511 488 441
f 607 512 592
f 656 607 592
f 592 690 656
f 659 656 690
f 659 690 743
f 680 764 648
f 621 561 648
f 621 597 561
f 734 832 764
f 597 521 561
f 734 789 832
f 521 484 442
f 457 442 484
f 906 1000 832
f 1023 1027 1067
f 1023 1000 1027
f 450 383 457
f 441 383 450
f 1027 1022 1067
f 1027 997 1022
f 1022 909 784
f 512 489 488
f 607 489 512
f 909 743 784
f 659 607 656
f 659 652 607
f 542 648 561
f 648 542 680
f 674 764 680
f 764 674 734
f 413 482 442
f 442 482 521
f 349 413 442
f 789 906 832
f 457 349 442
f 457 383 349
f 1000 906 955
f 955 1027 1000
f 955 997 1027
f 441 384 383
f 946 1022 997
f 488 384 441
f 488 423 384
f 1022 946 909
f 946 895 909
f 488 489 423
f 444 423 489
f 659 743 778
f 743 909 778
f 525 444 489
f 601 525 607
f 525 489 607
f 601 607 652
f 638 601 652
f 778 652 659
f 542 521 482
f 561 521 542
f 604 680 542
f 604 674 680
f 349 344 413
f 344 407 413
f 482 413 407
f 734 821 789
f 821 855 789
f 789 855 906
f 329 349 383
f 906 929 955
f 353 329 383
f 353 383 384
f 384 269 353
f 384 423 269
f 423 323 269
f 341 323 423
f 403 341 423
f 444 403 423
f 909 895 778
f 403 314 341
f 403 444 525
f 638 652 730
f 652 778 730
f 523 406 525
f 406 403 525
f 569 525 601
f 569 523 525
f 614 569 601
f 638 614 601
f 381 461 482
f 461 542 482
f 461 509 542
f 509 641 542
f 407 381 482
f 641 604 542
f 604 715 674
f 344 381 407
f 674 715 734
f 715 767 734
f 255 344 349
f 255 276 344
f 837 734 767
f 837 821 734
f 837 855 821
f 855 929 906
f 329 255 349
f 929 958 955
f 329 263 255
f 993 955 958
f 353 263 329
f 997 955 993
f 993 946 997
f 269 263 353
f 946 947 895
f 947 778 895
f 341 306 323
f 341 314 306
f 406 314 403
f 638 730 614
f 369 314 406
f 421 406 523
f 421 369 406
f 551 523 569
f 312 372 381
f 372 461 381
f 509 578 641
f 344 312 381
f 604 641 715
f 344 276 312
f 854 767 715
f 854 837 767
f 225 276 228
f 228 276 255
f 167 225 228
f 255 167 228
f 255 188 89
f 263 188 255
f 263 169 188
f 169 263 269
f 947 946 993
f 235 169 269
f 235 269 323
f 235 323 306
f 947 765 778
f 778 765 730
f 314 226 306
f 765 614 730
f 369 317 314
f 569 614 593
f 317 226 314
f 551 569 593
f 402 317 369
f 402 369 421
f 421 523 507
f 551 507 523
f 402 421 507
f 473 461 414
f 473 509 461
f 473 537 509
f 372 414 461
f 509 537 578
f 310 372 312
f 653 641 578
f 286 276 198
f 276 310 312
f 276 286 310
f 701 715 641
f 132 147 172
f 172 147 198
f 172 198 225
f 225 198 276
f 172 134 132
f 134 172 225
f 167 134 225
f 167 89 134
f 255 89 167
f 1002 993 958
f 1002 1028 993
f 188 116 89
f 1028 986 993
f 188 114 116
f 986 947 993
f 188 129 114
f 129 188 169
f 998 947 986
f 148 129 169
f 148 169 235
f 765 947 851
f 998 851 947
f 148 235 177
f 306 177 235
f 177 306 226
f 765 686 614
f 686 559 593
f 614 686 593
f 226 193 177
f 559 551 593
f 559 507 551
f 559 503 507
f 249 193 226
f 249 226 317
f 507 503 402
f 304 249 317
f 304 317 402
f 393 304 402
f 503 393 402
f 366 439 414
f 439 473 414
f 309 366 310
f 366 372 310
f 414 372 366
f 473 439 537
f 286 244 310
f 244 309 310
f 608 578 537
f 608 653 578
f 175 238 198
f 198 238 286
f 238 244 286
f 156 175 147
f 198 147 175
f 715 701 788
f 788 854 715
f 147 132 156
f 82 156 132
f 855 837 854
f 82 132 134
f 929 855 943
f 958 943 1002
f 958 929 943
f 62 82 89
f 89 82 134
f 58 62 89
f 1028 1002 1029
f 116 58 89
f 116 75 58
f 1095 1028 1070
f 1095 986 1028
f 90 75 116
f 116 114 90
f 1095 1094 986
f 1094 998 986
f 129 119 114
f 119 90 114
f 148 119 129
f 998 920 851
f 998 1020 920
f 1094 1020 998
f 148 138 119
f 765 851 794
f 177 138 148
f 686 759 640
f 686 765 759
f 794 759 765
f 177 161 138
f 686 640 559
f 177 193 161
f 559 640 579
f 211 161 193
f 503 579 487
f 579 503 559
f 193 249 211
f 334 393 418
f 393 487 418
f 393 503 487
f 261 211 249
f 261 304 311
f 261 249 304
f 304 334 311
f 334 304 393
f 309 244 290
f 366 309 290
f 530 439 468
f 537 439 530
f 530 608 537
f 244 238 262
f 651 653 608
f 651 701 653
f 182 238 175
f 653 701 641
f 156 182 175
f 82 182 156
f 855 854 943
f 182 82 65
f 65 82 62
f 1002 943 1026
f 1026 1029 1002
f 64 62 58
f 64 65 62
f 1070 1028 1029
f 58 75 64
f 93 64 75
f 75 90 93
f 90 103 93
f 90 119 103
f 124 103 119
f 138 124 119
f 759 600 640
f 794 817 759
f 828 817 794
f 851 828 794
f 1020 959 920
f 877 828 851
f 959 877 920
f 877 851 920
f 149 124 138
f 161 149 138
f 365 418 528
f 558 579 600
f 600 579 640
f 161 205 149
f 347 418 365
f 487 528 418
f 487 579 528
f 558 528 579
f 211 205 161
f 234 326 272
f 326 347 272
f 234 205 211
f 326 334 347
f 418 347 334
f 261 234 211
f 326 234 261
f 326 261 311
f 326 311 334
f 392 409 468
f 409 478 468
f 478 531 468
f 320 366 290
f 439 366 320
f 392 439 320
f 392 468 439
f 530 468 531
f 531 631 530
f 244 262 290
f 262 320 290
f 530 631 608
f 182 262 238
f 651 782 701
f 701 782 788
f 262 182 151
f 782 854 788
f 782 846 854
f 151 182 110
f 854 846 943
f 182 65 110
f 151 110 84
f 1026 943 846
f 110 65 84
f 77 84 65
f 1070 1029 1026
f 65 64 77
f 77 98 84
f 64 96 77
f 77 96 98
f 1046 1095 1070
f 93 96 64
f 1037 1095 1046
f 96 93 120
f 236 194 256
f 292 256 282
f 236 256 292
f 1037 1094 1095
f 93 103 120
f 292 282 346
f 1037 1047 1094
f 144 194 120
f 817 853 700
f 853 882 912
f 882 1037 912
f 882 959 1037
f 959 1047 1037
f 959 1020 1047
f 1047 1020 1094
f 124 120 103
f 120 124 144
f 162 194 144
f 162 212 194
f 212 256 194
f 282 351 346
f 351 415 346
f 351 365 415
f 600 700 573
f 700 600 759
f 700 759 817
f 817 828 853
f 828 882 853
f 124 162 144
f 272 351 282
f 415 365 528
f 438 415 528
f 573 438 558
f 438 528 558
f 573 558 600
f 877 882 828
f 882 877 959
f 149 162 124
f 282 256 272
f 351 272 347
f 351 347 365
f 205 162 149
f 212 162 234
f 162 205 234
f 212 272 256
f 212 234 272
f 348 412 409
f 412 478 409
f 392 348 409
f 531 478 547
f 296 348 320
f 392 320 348
f 548 631 531
f 262 296 320
f 296 262 224
f 631 676 651
f 608 631 651
f 651 676 782
f 224 262 151
f 676 735 782
f 203 224 151
f 203 242 224
f 782 735 857
f 857 846 782
f 174 281 203
f 242 203 281
f 952 846 857
f 84 109 151
f 203 109 174
f 203 151 109
f 1026 846 952
f 197 281 174
f 952 951 1026
f 109 197 174
f 951 972 1026
f 972 1070 1026
f 84 98 109
f 98 197 109
f 972 915 1070
f 236 243 197
f 236 315 243
f 292 373 315
f 373 292 445
f 915 1046 1070
f 139 194 197
f 194 236 197
f 861 1037 915
f 1037 1046 915
f 96 139 98
f 139 197 98
f 236 292 315
f 346 445 292
f 120 139 96
f 346 415 445
f 415 499 445
f 438 575 499
f 858 1037 861
f 194 139 120
f 415 438 499
f 438 557 575
f 853 858 791
f 858 853 912
f 858 912 1037
f 438 573 557
f 573 606 557
f 573 700 606
f 700 687 606
f 700 791 687
f 791 700 853
f 412 480 478
f 520 478 480
f 520 547 478
f 412 348 408
f 436 412 408
f 480 412 436
f 548 531 547
f 296 327 348
f 327 332 348
f 408 348 332
f 589 631 548
f 327 296 224
f 676 631 630
f 242 327 224
f 242 281 327
f 760 857 735
f 281 284 385
f 857 760 845
f 845 952 857
f 197 284 281
f 315 422 284
f 243 284 197
f 284 243 315
f 315 373 422
f 797 951 845
f 951 952 845
f 373 419 422
f 419 490 422
f 490 419 466
f 714 804 797
f 804 951 797
f 804 972 951
f 419 499 466
f 466 499 571
f 603 575 714
f 804 915 972
f 445 419 373
f 499 575 571
f 753 804 714
f 804 861 915
f 419 445 499
f 557 714 575
f 557 687 714
f 687 753 714
f 753 861 804
f 606 687 557
f 687 791 753
f 791 861 753
f 861 791 858
f 436 513 480
f 513 520 480
f 513 547 520
f 394 436 408
f 436 543 513
f 547 513 543
f 548 547 543
f 543 589 548
f 394 408 345
f 408 332 345
f 327 345 332
f 631 589 630
f 327 385 345
f 345 428 394
f 630 679 676
f 428 345 385
f 735 676 679
f 327 281 385
f 735 679 688
f 688 760 735
f 284 424 385
f 737 688 667
f 737 760 688
f 737 845 760
f 284 422 424
f 422 490 424
f 737 797 845
f 519 603 667
f 603 714 667
f 714 737 667
f 466 519 490
f 571 603 519
f 737 714 797
f 519 466 571
f 603 571 575
f 586 543 436
f 543 586 589
f 630 589 586
f 394 428 436
f 428 586 436
f 428 629 586
f 629 630 586
f 629 679 630
f 424 428 385
f 490 629 428
f 667 679 629
f 667 688 679
f 424 490 428
f 490 667 629
f 490 519 667
f 4067 4142 4119
f 4119 4142 4165
f 4169 4119 4165
f 4089 4067 4119
f 4164 4140 4119
f 4169 4164 4119
f 4313 4324 4304
f 4257 4313 4304
f 4304 4324 4334
f 4336 4334 4324
f 4290 4304 4334
f 4336 4346 4334
f 4290 4334 4345
f 4346 4345 4334
f 4122 4230 4257
f 4290 4257 4304
f 4161 4257 4215
f 4161 4122 4257
f 4215 4257 4290
f 4290 4345 4356
f 4180 4161 4215
f 4215 4290 4245
f 4344 4290 4356
f 4352 4344 4356
f 4180 4215 4195
f 4245 4290 4344
f 4102 4161 4142
f 4102 4122 4161
f 4142 4180 4165
f 4142 4161 4180
f 4195 4215 4245
f 4165 4195 4197
f 4165 4180 4195
f 4197 4195 4245
f 4021 4102 4067
f 4067 4102 4142
f 4169 4165 4197
f 4352 4341 4344
f 4341 4327 4344
f 4292 4245 4344
f 4292 4344 4327
f 4045 4024 4021
f 4045 4021 4067
f 4169 4245 4240
f 4169 4197 4245
f 4240 4245 4292
f 4322 4270 4292
f 4322 4292 4327
f 4341 4322 4327
f 4089 4045 4067
f 4049 4024 4045
f 4089 4049 4045
f 4089 4119 4140
f 4164 4169 4240
f 4270 4242 4292
f 4242 4240 4292
f 4098 4049 4089
f 4098 4089 4140
f 4162 4098 4140
f 4162 4140 4164
f 4162 4164 4191
f 4240 4191 4164
f 4242 4191 4240
f 4298 4307 4281
f 4281 4307 4288
f 4298 4321 4307
f 4275 4281 4288
f 4307 4321 4324
f 4321 4333 4324
f 2813 2729 2903
f 2729 2814 2903
f 2903 3193 2813
f 2903 3082 3193
f 4261 4288 4313
f 4261 4275 4288
f 4313 4288 4307
f 4313 4307 4324
f 3082 3374 3193
f 4275 4261 4241
f 4324 4333 4336
f 4333 4342 4336
f 2925 2729 2813
f 3193 2925 2813
f 4257 4261 4313
f 3193 3374 3491
f 4210 4261 4230
f 4230 4261 4257
f 4342 4346 4336
f 3106 2925 3193
f 4230 4208 4210
f 3306 3106 3193
f 3306 3193 3491
f 3404 3306 3491
f 4355 4360 4346
f 4360 4345 4346
f 4121 4208 4122
f 4230 4122 4208
f 4356 4345 4360
f 4366 4352 4356
f 4362 4352 4366
f 4043 4122 4102
f 4043 4064 4122
f 4021 4043 4102
f 4043 4021 3935
f 4021 4024 3935
f 4024 3986 3935
f 4319 4322 4341
f 4270 4322 4314
f 4319 4314 4322
f 4270 4314 4280
f 4059 4049 4098
f 4253 4270 4280
f 4149 4059 4098
f 4149 4098 4162
f 4244 4191 4242
f 4253 4244 4270
f 4244 4242 4270
f 4188 4149 4191
f 4149 4162 4191
f 4050 4117 4001
f 4128 4186 4117
f 4117 4186 4182
f 3963 4001 4117
f 4186 4198 4182
f 3871 3886 3963
f 3871 3963 4117
f 4148 4117 4182
f 4078 4117 4148
f 4182 4198 4233
f 4198 4228 4233
f 4078 3871 4117
f 4148 4182 4233
f 3859 3871 4078
f 4249 4254 4233
f 4113 4078 4148
f 4216 4233 4254
f 4148 4233 4216
f 4272 4265 4254
f 3947 3859 4078
f 3947 4078 4113
f 4216 4254 4265
f 4272 4283 4265
f 2396 2498 2497
f 4283 4277 4265
f 2298 2396 2284
f 2284 2396 2497
f 2497 2795 2572
f 2497 2498 2795
f 4113 4148 4216
f 4216 4265 4277
f 4283 4297 4277
f 2284 2497 2600
f 2600 2497 2572
f 4192 4113 4216
f 4192 4216 4235
f 2200 2298 2284
f 4079 3947 4113
f 4235 4277 4252
f 4235 4216 4277
f 4277 4297 4306
f 4297 4309 4306
f 2572 2865 2600
f 2572 3174 2865
f 4079 4113 4133
f 4133 4113 4192
f 4269 4277 4306
f 2284 2274 2200
f 2274 2284 2600
f 4133 4192 4218
f 4218 4192 4235
f 4252 4277 4269
f 4309 4317 4306
f 2274 2151 2200
f 2600 2865 2808
f 4218 4181 4133
f 4218 4235 4252
f 4269 4306 4298
f 4317 4298 4306
f 2696 2600 2808
f 2903 2865 3174
f 4281 4269 4298
f 4317 4323 4298
f 2605 2279 2274
f 2605 2600 2696
f 2605 2274 2600
f 2808 2865 2903
f 3082 3174 3378
f 3378 3511 3082
f 4218 4252 4281
f 4281 4252 4269
f 4298 4323 4321
f 4323 4329 4321
f 2903 3174 3082
f 3082 3511 3374
f 3511 3628 3374
f 4190 4181 4218
f 4190 4218 4281
f 4329 4331 4321
f 2605 2696 2814
f 2814 2696 2808
f 2814 2808 2903
f 4190 4281 4241
f 4241 4281 4275
f 4333 4321 4331
f 2387 2279 2605
f 2605 2814 2729
f 3374 3628 3684
f 4241 4199 4190
f 2605 2729 2387
f 2729 2672 2387
f 4199 4241 4261
f 2925 2672 2729
f 3491 3819 3700
f 3491 3684 3819
f 4210 4199 4261
f 4346 4342 4348
f 2702 2672 2925
f 3374 3684 3491
f 3852 3700 3819
f 4183 4199 4210
f 3006 2702 2925
f 3106 3006 2925
f 4210 4208 4183
f 4208 4172 4183
f 3161 3006 3106
f 3404 3491 3625
f 3625 3491 3700
f 3625 3700 3660
f 3660 3700 3852
f 4361 4360 4355
f 3161 3106 3306
f 3346 3161 3306
f 3346 3404 3445
f 3346 3306 3404
f 3445 3404 3625
f 4121 4172 4208
f 4361 4368 4360
f 3445 3625 3575
f 3625 3660 3778
f 3852 3778 3660
f 4096 4172 4121
f 4368 4356 4360
f 3507 3445 3575
f 3575 3625 3681
f 3681 3625 3778
f 3852 3813 3778
f 4366 4356 4368
f 4096 4122 4064
f 4122 4096 4121
f 3775 3687 3681
f 3681 3778 3813
f 4363 4362 4366
f 3775 3681 3813
f 3898 3926 3971
f 3926 4009 3971
f 4009 4043 3971
f 4043 4009 4064
f 3971 4043 3935
f 4350 4352 4362
f 3971 3935 3898
f 4352 4350 4341
f 4350 4335 4341
f 3986 3956 3935
f 4335 4319 4341
f 4024 3956 3986
f 4049 3956 4024
f 4314 4268 4280
f 4319 4268 4314
f 4059 3956 4049
f 4253 4280 4268
f 4059 4149 4058
f 4203 4191 4244
f 4188 4191 4203
f 4010 4050 4011
f 4010 4099 4050
f 4050 4099 4117
f 4128 4099 4091
f 4117 4099 4128
f 4001 4011 4050
f 4128 4091 4186
f 4001 3963 4011
f 4091 4187 4186
f 3836 3872 3886
f 3886 3872 3963
f 4198 4186 4187
f 3871 3836 3886
f 4225 4198 4187
f 4228 4225 4227
f 4228 4198 4225
f 3664 3721 3776
f 3721 3772 3776
f 3776 3772 3818
f 3818 3871 3830
f 3859 3830 3871
f 4250 4233 4228
f 3675 3664 3776
f 3784 3818 3830
f 3784 3776 3818
f 4249 4233 4250
f 4250 4274 4249
f 3388 3505 3514
f 3514 3505 3675
f 3505 3664 3675
f 3675 3776 3784
f 2601 2698 2673
f 2698 2882 2673
f 2882 3370 3038
f 3370 3388 3038
f 3514 3424 3388
f 3514 3675 3784
f 3784 3830 3859
f 4254 4249 4272
f 4274 4272 4249
f 2673 2882 3038
f 3424 3514 3784
f 4274 4285 4272
f 2396 2601 2498
f 2396 2392 2601
f 2498 2601 2673
f 2795 2673 3038
f 3619 3424 3784
f 4283 4272 4285
f 4285 4301 4283
f 2498 2673 2795
f 3038 3388 3046
f 3046 3388 3424
f 3619 3784 3726
f 3726 3859 3947
f 3726 3784 3859
f 3046 2795 3038
f 4297 4283 4301
f 4301 4305 4297
f 3444 3424 3619
f 2086 2298 2200
f 2572 2795 3046
f 3046 3424 3174
f 3174 3424 3444
f 4309 4297 4305
f 2572 3046 3174
f 3826 3726 3947
f 4305 4318 4309
f 2200 2082 2076
f 3444 3619 3511
f 3511 3619 3726
f 3826 3947 3932
f 3932 3947 4079
f 4317 4309 4318
f 2200 2151 2082
f 3174 3444 3378
f 3378 3444 3511
f 3511 3726 3628
f 3628 3726 3826
f 3932 4079 4133
f 4323 4317 4328
f 4328 4329 4323
f 3684 3628 3826
f 4012 3932 4133
f 4150 4133 4181
f 2279 2151 2274
f 2279 2082 2151
f 3684 3826 3860
f 3860 3826 3932
f 3860 3932 4012
f 4012 4133 4150
f 4150 4181 4190
f 4331 4342 4333
f 2387 2208 2279
f 3684 3860 3819
f 4183 4190 4199
f 4183 4150 4190
f 3939 4012 4150
f 4348 4354 4346
f 2702 2387 2672
f 3852 3819 3860
f 3852 3860 3939
f 3939 3860 4012
f 4097 4150 4183
f 4355 4346 4354
f 4097 3939 4150
f 4097 4183 4172
f 4361 4355 4354
f 3006 2812 2702
f 4368 4361 4365
f 3346 3182 3161
f 4096 4097 4172
f 3182 3006 3161
f 3182 3002 3006
f 3507 3346 3445
f 3813 3852 3891
f 3891 3852 3939
f 3939 4097 3926
f 3926 4097 4064
f 4064 4097 4096
f 4364 4366 4368
f 3307 3182 3346
f 3507 3307 3346
f 3501 3452 3507
f 3681 3507 3575
f 3891 3939 3926
f 3926 4064 4009
f 4364 4363 4366
f 4364 4359 4363
f 3452 3307 3507
f 3622 3501 3681
f 3501 3507 3681
f 3681 3687 3622
f 3679 3622 3687
f 3775 3679 3687
f 4363 4350 4362
f 3834 3679 3775
f 3834 3775 3813
f 3834 3813 3891
f 3834 3926 3898
f 3834 3891 3926
f 3870 3817 3834
f 3870 3898 3935
f 3870 3834 3898
f 4335 4350 4303
f 3956 3870 3935
f 3956 3817 3870
f 3890 3817 3956
f 4319 4303 4258
f 4303 4319 4335
f 3968 3890 3956
f 3956 4006 3968
f 4006 3966 3968
f 4258 4268 4319
f 4059 4006 3956
f 4023 4006 4059
f 4234 4253 4258
f 4234 4244 4253
f 4268 4258 4253
f 4088 4058 4149
f 4244 4234 4203
f 4130 4088 4149
f 4189 4130 4188
f 4130 4149 4188
f 4189 4188 4203
f 4234 4189 4203
f 4035 4073 4099
f 4091 4073 4105
f 4091 4099 4073
f 4010 3929 4022
f 4010 4011 3929
f 4035 4010 4022
f 4099 4010 4035
f 4091 4105 4135
f 3872 4011 3963
f 4135 4187 4091
f 3799 3872 3836
f 4135 4137 4227
f 4187 4135 4227
f 4187 4227 4225
f 3818 3836 3871
f 3799 3836 3818
f 3818 3772 3799
f 4228 4227 4250
f 3558 3721 3664
f 4260 4250 4227
f 3433 3485 3505
f 3485 3558 3505
f 3664 3505 3558
f 4274 4250 4260
f 2601 2701 2698
f 2701 2892 2698
f 2892 2882 2698
f 2892 3029 2882
f 3147 3293 3370
f 3293 3433 3370
f 3433 3388 3370
f 3505 3388 3433
f 2207 2352 2392
f 2352 2601 2392
f 3147 2882 3029
f 3370 2882 3147
f 4286 4274 4273
f 4286 4285 4274
f 2392 2396 2131
f 2131 2298 2086
f 2396 2298 2131
f 2086 2200 2076
f 4320 4317 4318
f 4317 4320 4328
f 2082 2093 2074
f 4339 4331 4329
f 2197 2093 2082
f 2082 2279 2197
f 4331 4351 4342
f 2279 2208 2197
f 4348 4342 4351
f 2208 2387 2310
f 2387 2384 2310
f 2531 2310 2384
f 2702 2384 2387
f 4354 4365 4361
f 2812 2384 2702
f 2812 2531 2384
f 2724 2531 2812
f 4367 4368 4365
f 3002 2812 3006
f 4364 4368 4367
f 3002 2724 2812
f 3062 2724 3002
f 3285 3002 3182
f 3285 3062 3002
f 3285 3182 3307
f 4359 4332 4363
f 3452 3501 3622
f 4332 4350 4363
f 3452 3285 3307
f 3576 3622 3679
f 4350 4332 4312
f 3489 3285 3452
f 3452 3622 3576
f 3736 3576 3679
f 3834 3736 3679
f 4312 4303 4350
f 3489 3452 3576
f 3736 3834 3817
f 3665 3489 3576
f 3665 3576 3736
f 3890 3824 3817
f 4296 4303 4312
f 3735 3665 3736
f 3824 3736 3817
f 3824 3735 3736
f 3857 3735 3824
f 3857 3824 3890
f 3966 3857 3890
f 3966 3890 3968
f 4271 4238 4296
f 4238 4258 4296
f 4296 4258 4303
f 3920 3857 3966
f 3973 3920 3966
f 4023 3966 4006
f 4058 4023 4059
f 4213 4234 4238
f 4238 4234 4258
f 4023 3973 3966
f 4201 4213 4177
f 4201 4234 4213
f 4189 4158 4130
f 4189 4201 4158
f 4201 4189 4234
f 4022 4038 4035
f 4066 4073 4035
f 4066 4105 4073
f 4035 4038 4071
f 4071 4066 4035
f 4071 4107 4066
f 4066 4107 4105
f 4107 4135 4105
f 3929 3872 3874
f 4011 3872 3929
f 4135 4107 4137
f 3835 3872 3799
f 4137 4155 4227
f 3696 3828 3799
f 3645 3696 3772
f 3799 3772 3696
f 3721 3558 3645
f 3772 3721 3645
f 4227 4226 4260
f 2393 2503 2352
f 2503 2601 2352
f 2701 2601 2503
f 2866 2892 2701
f 2892 3275 3029
f 3147 3275 3293
f 3293 3275 3334
f 3433 3293 3334
f 4260 4273 4274
f 2352 2207 2393
f 3275 3147 3029
f 2392 2171 2207
f 2392 2131 2171
f 4285 4286 4287
f 4287 4301 4285
f 2091 2171 2131
f 2091 2131 2086
f 4302 4305 4301
f 2091 2086 2076
f 4305 4302 4318
f 2074 2091 2076
f 2074 2076 2082
f 4318 4308 4320
f 2074 2093 2124
f 2093 2197 2242
f 4339 4351 4331
f 2197 2208 2242
f 2310 2242 2208
f 4354 4348 4351
f 2310 2531 2478
f 2531 2543 2478
f 2724 2656 2531
f 2656 2543 2531
f 4347 4364 4367
f 4358 4364 4347
f 3023 2741 2724
f 2724 3062 3023
f 4358 4359 4364
f 4326 4332 4358
f 4332 4359 4358
f 3285 3205 3062
f 4312 4326 4279
f 4312 4332 4326
f 3410 3205 3285
f 3285 3489 3410
f 4279 4296 4312
f 3516 3410 3489
f 3516 3665 3595
f 3516 3489 3665
f 4271 4296 4279
f 3743 3595 3665
f 3665 3735 3743
f 3781 3743 3735
f 3735 3857 3781
f 4177 4213 4219
f 4213 4231 4219
f 4231 4238 4271
f 3864 3781 3857
f 4231 4213 4238
f 3920 3864 3857
f 4023 4041 3973
f 4041 3972 3973
f 4041 4023 4058
f 4092 4058 4088
f 4123 4092 4088
f 4123 4158 4156
f 4158 4177 4156
f 4158 4201 4177
f 4130 4123 4088
f 4123 4130 4158
f 4022 4032 4038
f 3874 3969 3929
f 4032 3929 3969
f 4032 4022 3929
f 4032 4071 4038
f 3837 3874 3872
f 3969 3874 3837
f 4071 4032 4036
f 4036 4107 4071
f 3835 3837 3872
f 3828 3835 3799
f 3828 3837 3835
f 4137 4107 4144
f 4144 4155 4137
f 4193 4155 4144
f 4227 4155 4193
f 4193 4226 4227
f 2503 2703 2701
f 2866 2701 2703
f 3359 3425 3433
f 3485 3433 3425
f 2393 2519 2503
f 2703 2503 2519
f 3060 2892 2866
f 3264 3275 2892
f 3334 3275 3264
f 3433 3334 3359
f 4273 4226 4246
f 4260 4226 4273
f 2207 2270 2393
f 2270 2329 2393
f 2329 2519 2393
f 2207 2171 2270
f 4246 4287 4286
f 4273 4246 4286
f 2171 2239 2270
f 2239 2171 2091
f 2239 2091 2190
f 4287 4302 4301
f 2091 2192 2190
f 2091 2074 2192
f 4302 4308 4318
f 2074 2124 2192
f 2192 2124 2271
f 4315 4320 4308
f 4328 4320 4329
f 4320 4330 4329
f 2124 2093 2271
f 4339 4329 4330
f 4339 4349 4351
f 2242 2310 2528
f 4351 4353 4354
f 4351 4349 4353
f 2528 2310 2580
f 4353 4365 4354
f 2478 2580 2310
f 4357 4367 4353
f 4353 4367 4365
f 4357 4347 4367
f 2741 2656 2724
f 2741 2827 2656
f 4337 4358 4347
f 2827 2741 2924
f 3023 2924 2741
f 4299 4326 4311
f 4326 4337 4311
f 4326 4358 4337
f 3205 3023 3062
f 4255 4279 4299
f 4299 4279 4326
f 3440 3205 3410
f 4231 4271 4255
f 4271 4279 4255
f 4174 4177 4219
f 3766 3688 3743
f 3766 3743 3781
f 4123 4156 4160
f 4156 4174 4160
f 4156 4177 4174
f 3864 3825 3781
f 3825 3766 3781
f 3825 3864 3849
f 3920 3899 3864
f 3899 3849 3864
f 3899 3973 3972
f 3899 3920 3973
f 4041 4015 3972
f 4092 4041 4058
f 4092 4044 4041
f 3959 4032 3969
f 4036 3959 3974
f 4036 4032 3959
f 3959 3858 3893
f 3959 3969 3858
f 3969 3837 3858
f 3893 3974 3959
f 4093 4107 4036
f 3837 3828 3858
f 4144 4107 4093
f 3733 3858 3828
f 4185 4193 4144
f 3696 3645 3733
f 3696 3733 3828
f 4185 4226 4193
f 3558 3551 3645
f 3551 3640 3645
f 4226 4185 4175
f 2853 3060 2866
f 3551 3485 3425
f 3551 3558 3485
f 4223 4226 4175
f 2708 2703 2519
f 2703 2853 2866
f 3060 3264 2892
f 3060 3283 3264
f 3264 3359 3334
f 4246 4226 4223
f 2571 2519 2329
f 2708 2519 2571
f 3359 3264 3283
f 2571 2329 2270
f 4287 4246 4264
f 2239 2340 2270
f 4262 4287 4264
f 2340 2239 2190
f 4262 4282 4287
f 4282 4302 4287
f 4289 4302 4282
f 4291 4308 4289
f 4284 4308 4291
f 4289 4308 4302
f 4308 4316 4315
f 4308 4284 4316
f 4320 4315 4330
f 2271 2093 2443
f 2093 2610 2443
f 2242 2610 2093
f 2610 2242 2555
f 4330 4349 4339
f 2242 2528 2555
f 4349 4330 4340
f 4340 4353 4349
f 4343 4353 4340
f 2478 2738 2580
f 2543 2738 2478
f 2543 2778 2738
f 4338 4357 4343
f 4343 4357 4353
f 2778 2656 2827
f 2543 2656 2778
f 4294 4347 4338
f 4338 4347 4357
f 4295 4311 4294
f 4311 4337 4294
f 4294 4337 4347
f 3023 3037 2924
f 4299 4311 4295
f 3205 3037 3023
f 3440 3037 3205
f 4243 4255 4299
f 4239 4255 4243
f 4231 4239 4174
f 4231 4255 4239
f 3550 3440 3410
f 4174 4219 4231
f 3516 3550 3410
f 3682 3516 3595
f 3688 3595 3743
f 3688 3682 3595
f 3723 3688 3766
f 3849 3972 4015
f 4044 4103 4070
f 4044 4092 4103
f 4160 4103 4123
f 4103 4092 4123
f 3849 3899 3972
f 4015 4041 4044
f 3893 3981 3974
f 3981 4036 3974
f 3981 3893 3942
f 3981 4065 4036
f 4065 4093 4036
f 3893 3858 3863
f 3942 3893 3863
f 4065 4100 4093
f 4100 4144 4093
f 3858 3733 3823
f 3823 3863 3858
f 4141 4144 4100
f 4141 4185 4144
f 3645 3823 3733
f 4141 4175 4185
f 3551 3662 3640
f 3645 3640 3823
f 4204 4175 4141
f 4204 4223 4175
f 2708 2839 2703
f 2839 2853 2703
f 3102 3316 3283
f 3359 3283 3316
f 2708 2571 2677
f 2839 2708 2677
f 2839 3060 2853
f 3102 3060 2839
f 3283 3060 3102
f 4223 4204 4229
f 4229 4246 4223
f 4248 4246 4229
f 4248 4264 4246
f 2270 2340 2571
f 2340 2450 2571
f 4262 4264 4248
f 2332 2450 2340
f 2190 2332 2340
f 2190 2192 2332
f 2192 2453 2332
f 2271 2453 2192
f 2453 2271 2443
f 4315 4316 4330
f 4340 4330 4316
f 2555 2528 2634
f 4300 4325 4316
f 4325 4340 4316
f 4310 4343 4325
f 4325 4343 4340
f 4310 4338 4343
f 4293 4294 4310
f 4294 4338 4310
f 4267 4295 4294
f 3037 2947 2924
f 4267 4299 4295
f 4243 4299 4267
f 3037 3440 3494
f 4174 4239 4202
f 4239 4243 4202
f 4146 4174 4179
f 3494 3440 3550
f 4146 4160 4174
f 3682 3550 3516
f 4110 4160 4146
f 3723 3682 3688
f 3808 3723 3825
f 3723 3766 3825
f 3808 3825 3876
f 4110 4070 4103
f 4110 4103 4160
f 3849 3876 3825
f 3994 3876 3849
f 3994 3849 4015
f 4016 3994 4044
f 3994 4015 4044
f 4016 4044 4070
f 3993 3981 3942
f 3993 4065 3981
f 3863 3895 3942
f 4101 4065 3993
f 4101 4100 4065
f 3882 3863 3823
f 3895 3863 3882
f 4145 4100 4101
f 4145 4141 4100
f 3640 3747 3823
f 3640 3662 3747
f 4145 4204 4141
f 3359 3563 3425
f 3563 3551 3425
f 3551 3624 3662
f 3551 3563 3624
f 4204 4145 4196
f 3265 3316 3102
f 3316 3265 3389
f 3592 3316 3389
f 3592 3359 3316
f 3359 3592 3563
f 2677 3015 2839
f 3265 3102 2839
f 4229 4204 4196
f 4196 4221 4229
f 4221 4248 4229
f 2530 2571 2450
f 4221 4209 4248
f 4209 4262 4248
f 2332 2530 2450
f 4220 4282 4262
f 2332 2453 2530
f 4282 4220 4247
f 4247 4289 4282
f 4247 4291 4289
f 4259 4276 4291
f 4276 4284 4291
f 2443 2553 2453
f 2443 2610 2553
f 4300 4316 4284
f 2555 2634 2610
f 4278 4325 4300
f 2580 2634 2528
f 2580 2738 2634
f 4266 4310 4278
f 4278 4310 4325
f 4293 4310 4266
f 2827 2832 2778
f 2827 2857 2832
f 2924 2857 2827
f 2924 2942 2857
f 4212 4267 4266
f 4266 4267 4293
f 4267 4294 4293
f 2947 2942 2924
f 2947 3037 2942
f 4202 4267 4212
f 4202 4243 4267
f 4179 4202 4212
f 3494 3322 3037
f 3322 3494 3509
f 4202 4179 4174
f 4163 4146 4179
f 4110 4146 4124
f 4070 4110 4124
f 3697 3682 3723
f 3938 4016 4040
f 4016 4070 4040
f 3808 3888 3894
f 3876 3888 3808
f 3938 3888 3876
f 4016 3938 3994
f 3938 3876 3994
f 3895 3970 3942
f 3970 4017 3942
f 4017 3993 3942
f 3895 3882 3937
f 3970 3895 3937
f 3993 4017 4074
f 4074 4101 3993
f 3662 3659 3747
f 3563 3592 3624
f 3659 3662 3624
f 4143 4145 4101
f 4143 4196 4145
f 4176 4196 4143
f 4176 4221 4196
f 4221 4176 4209
f 2530 2606 2571
f 2677 2571 2606
f 4220 4262 4209
f 4259 4247 4256
f 4259 4291 4247
f 2530 2453 2606
f 2453 2553 2606
f 4263 4276 4259
f 2634 2655 2610
f 4263 4284 4276
f 4284 4263 4300
f 2732 2655 2634
f 4251 4300 4263
f 2738 2732 2634
f 2738 2778 2732
f 4251 4278 4300
f 4251 4266 4278
f 4237 4251 4211
f 4237 4266 4251
f 4237 4212 4266
f 2942 3037 3089
f 3322 3089 3037
f 4106 4163 4159
f 4163 4212 4159
f 4163 4179 4212
f 4163 4106 4146
f 4106 4124 4146
f 4008 4040 4031
f 4040 4106 4031
f 4040 4070 4106
f 4070 4124 4106
f 3639 3509 3550
f 3509 3494 3550
f 3682 3639 3550
f 3639 3682 3697
f 3938 4008 3975
f 3938 4040 4008
f 3723 3741 3697
f 3894 3741 3808
f 3741 3723 3808
f 3894 3938 3975
f 3894 3888 3938
f 3659 3882 3747
f 3882 3823 3747
f 3937 3882 3927
f 3937 3927 3970
f 3624 3592 3659
f 2839 3318 3265
f 2839 3015 3318
f 2677 2787 3015
f 2606 2706 2677
f 2787 2677 2706
f 4209 4176 4200
f 4200 4220 4209
f 2641 2706 2606
f 4222 4247 4220
f 4222 4224 4247
f 4224 4256 4247
f 4259 4256 4236
f 2638 2553 2610
f 2610 2655 2638
f 4236 4263 4259
f 4236 4232 4263
f 4217 4263 4232
f 2778 2770 2732
f 2778 2832 2770
f 4217 4251 4263
f 4194 4251 4217
f 4194 4211 4251
f 4194 4178 4211
f 4178 4237 4211
f 2942 3089 3105
f 4178 4212 4237
f 4118 4159 4125
f 4178 4125 4159
f 4178 4159 4212
f 3322 3105 3089
f 4118 4106 4159
f 4008 4031 3967
f 3917 3975 3967
f 3967 3975 4008
f 3741 3820 3697
f 3894 3889 3820
f 3894 3917 3889
f 3894 3975 3917
f 3820 3741 3894
f 4004 4017 3970
f 3592 3791 3659
f 3659 3791 3787
f 3787 3882 3659
f 3927 3882 3787
f 4030 4017 4004
f 4030 4074 4017
f 3265 3579 3389
f 3389 3542 3592
f 3389 3579 3542
f 4074 4030 4062
f 4062 4111 4074
f 4111 4101 4074
f 4111 4143 4101
f 4143 4111 4176
f 2641 2661 2706
f 4206 4220 4200
f 4220 4206 4222
f 2641 2606 2553
f 2638 2641 2553
f 4256 4224 4236
f 2655 2679 2638
f 2655 2732 2679
f 4214 4217 4232
f 2831 2770 2832
f 4173 4217 4214
f 2857 2831 2832
f 4173 4194 4217
f 2939 2857 2942
f 4125 4194 4173
f 4178 4194 4125
f 4118 4125 4094
f 4072 4118 4094
f 3322 3261 3105
f 3261 3322 3372
f 4072 4031 4106
f 4072 4106 4118
f 3413 3322 3509
f 3413 3372 3322
f 3960 3967 4031
f 3960 3917 3967
f 3854 3697 3820
f 3854 3820 3889
f 3961 3970 3927
f 3961 4004 3970
f 3542 3791 3592
f 3961 3787 3791
f 3961 3927 3787
f 4004 3961 3998
f 3579 3265 3318
f 3998 4030 4004
f 3015 3052 3318
f 3052 2787 2884
f 3015 2787 3052
f 2740 2884 2787
f 4111 4167 4176
f 4167 4200 4176
f 2706 2740 2787
f 2661 2740 2706
f 4167 4206 4200
f 4205 4222 4206
f 2638 2661 2641
f 4222 4207 4224
f 4222 4205 4207
f 4207 4236 4224
f 4207 4184 4236
f 4184 4232 4236
f 4214 4184 4171
f 4184 4214 4232
f 4157 4173 4214
f 2857 2939 2831
f 2942 3040 2939
f 3105 3040 2942
f 3189 3040 3105
f 3261 3189 3105
f 4072 4053 4014
f 4031 4072 4014
f 3960 4014 3923
f 4014 3960 4031
f 3553 3509 3639
f 3553 3413 3509
f 3706 3639 3806
f 3889 3923 3848
f 3923 3889 3917
f 3923 3917 3960
f 3639 3697 3854
f 3806 3639 3854
f 3848 3806 3854
f 3848 3854 3889
f 3851 3791 3542
f 3904 3961 3791
f 3904 3998 3961
f 3164 3326 3318
f 3683 3542 3579
f 3998 4062 4030
f 2936 3164 3052
f 3164 3318 3052
f 2884 2936 3052
f 2884 2740 2811
f 4166 4206 4167
f 4206 4166 4205
f 2638 2679 2661
f 4205 4184 4207
f 4171 4157 4214
f 2939 2862 2831
f 4139 4173 4157
f 4125 4139 4109
f 4139 4125 4173
f 3040 2987 2939
f 4109 4053 4094
f 4053 4072 4094
f 4109 4094 4125
f 3261 3257 3189
f 3372 3257 3261
f 3413 3437 3372
f 3553 3437 3413
f 3437 3553 3718
f 3718 3553 3706
f 3553 3639 3706
f 3814 3806 3848
f 3683 3807 3542
f 3807 3851 3542
f 3851 3904 3791
f 3950 4062 3998
f 3950 4111 4062
f 4167 4111 4151
f 2740 2802 2811
f 4167 4151 4166
f 2719 2740 2661
f 2719 2802 2740
f 4166 4151 4170
f 4170 4205 4166
f 2676 2661 2679
f 4170 4184 4205
f 4184 4168 4171
f 4170 4168 4184
f 2770 2755 2732
f 4168 4152 4171
f 4152 4157 4171
f 2835 2770 2831
f 2835 2755 2770
f 2862 2835 2831
f 4152 4139 4157
f 2987 2862 2939
f 4109 4047 4053
f 2987 3189 3257
f 3040 3189 2987
f 3387 3257 3372
f 3962 3923 4014
f 3437 3387 3372
f 3568 3387 3437
f 3547 3568 3437
f 3547 3437 3718
f 3806 3814 3739
f 3739 3718 3806
f 3718 3706 3806
f 3717 3797 3807
f 3851 3807 3797
f 3904 3851 3797
f 3950 3998 3904
f 3673 3318 3326
f 3673 3579 3318
f 3683 3579 3673
f 3717 3807 3683
f 3950 4075 4111
f 4111 4075 4131
f 2884 2811 2936
f 4131 4151 4111
f 4153 4170 4151
f 2676 2719 2661
f 2681 2642 2676
f 2734 2679 2732
f 2734 2676 2679
f 2755 2734 2732
f 2791 2755 2835
f 4014 4053 3962
f 3822 3848 3885
f 3923 3962 3885
f 3474 3257 3387
f 3474 3387 3568
f 3656 3568 3547
f 3885 3848 3923
f 3656 3547 3718
f 3656 3718 3739
f 3875 3904 3797
f 3875 3950 3904
f 3717 3683 3673
f 3950 4013 4075
f 4039 4114 4075
f 4075 4114 4131
f 2802 2789 2811
f 2719 2720 2802
f 4151 4131 4153
f 2674 2719 2676
f 2642 2674 2676
f 2681 2674 2642
f 4153 4168 4170
f 4153 4154 4168
f 2734 2681 2676
f 4152 4154 4134
f 4154 4152 4168
f 2791 2734 2755
f 4134 4139 4152
f 4109 4134 3978
f 4134 4109 4139
f 3978 4047 4109
f 3257 2862 2987
f 3210 2862 3257
f 3313 3210 3257
f 3473 3313 3257
f 3885 3666 3822
f 3666 3885 3962
f 3474 3473 3257
f 3474 3568 3656
f 3848 3782 3814
f 3848 3822 3782
f 3782 3656 3739
f 3782 3739 3814
f 3692 3786 3673
f 3786 3717 3673
f 3786 3797 3717
f 3786 3875 3797
f 3164 3245 3326
f 3629 3673 3326
f 3815 3875 3786
f 3950 3875 3812
f 3812 3896 3950
f 3896 4013 3950
f 4013 4039 4075
f 2811 2789 2936
f 4039 4090 4114
f 4114 4132 4131
f 2665 2720 2719
f 4132 4153 4131
f 2665 2719 2674
f 4147 4153 4132
f 2639 2665 2674
f 2652 2639 2674
f 2674 2681 2652
f 4154 4153 4147
f 2734 2652 2681
f 2862 2791 2835
f 4129 3978 4134
f 3962 3793 3666
f 3962 4053 3793
f 3474 3782 3794
f 3474 3656 3782
f 3822 3794 3782
f 3673 3629 3692
f 3564 3629 3326
f 3812 3875 3815
f 3160 3245 3164
f 3915 4013 3896
f 2936 3160 3164
f 3915 3954 4013
f 3954 4039 4013
f 2789 3160 2936
f 4039 4048 4090
f 4126 4114 4090
f 2720 2789 2802
f 4114 4126 4132
f 4132 4126 4138
f 4138 4147 4132
f 4136 4147 4138
f 2639 2652 2637
f 4136 4154 4147
f 4136 4134 4154
f 2678 2637 2652
f 2652 2734 2678
f 4136 4129 4134
f 2739 2678 2734
f 2734 2791 2739
f 4129 4112 3978
f 4112 4020 3978
f 2975 2791 2862
f 3210 3091 2862
f 3091 2975 2862
f 4053 4047 3793
f 3822 3666 3794
f 3474 3708 3473
f 3708 3474 3794
f 3629 3699 3692
f 3699 3786 3692
f 3557 3564 3326
f 3629 3557 3699
f 3629 3564 3557
f 3699 3815 3786
f 3954 4048 4039
f 4090 4048 4095
f 4090 4095 4126
f 4115 4138 4126
f 2639 2627 2665
f 2627 2720 2665
f 4127 4138 4115
f 4127 4136 4138
f 2637 2678 2620
f 4116 4112 4129
f 2772 2739 2791
f 2791 2975 2772
f 3091 2772 2975
f 3978 3933 3730
f 4020 3933 3978
f 4047 3737 3793
f 4047 3730 3737
f 3730 4047 3978
f 3313 3451 3210
f 3522 3451 3313
f 3522 3313 3473
f 3522 3708 3704
f 3522 3473 3708
f 3321 3326 3245
f 3557 3326 3321
f 3699 3738 3815
f 3738 3812 3815
f 3896 3812 3738
f 3879 3954 3915
f 3879 3984 3954
f 2911 3160 2789
f 3954 3984 4048
f 2828 2911 2789
f 4048 3984 4095
f 4126 4095 4115
f 4120 4127 4115
f 4120 4136 4127
f 4120 4116 4129
f 4120 4129 4136
f 4112 4116 3933
f 2739 2772 2678
f 3933 4020 4112
f 3794 3704 3708
f 3794 3666 3704
f 3724 3896 3738
f 3724 3783 3896
f 3783 3915 3896
f 3783 3879 3915
f 3922 4080 3984
f 3984 4080 4095
f 4080 4115 4095
f 4104 4115 4080
f 2620 2627 2639
f 2620 2562 2627
f 4120 4115 4104
f 2620 2639 2637
f 4108 4116 4120
f 4076 3988 3933
f 4116 4076 3933
f 2870 2678 2772
f 3933 3827 3730
f 3091 2870 2772
f 3742 3666 3793
f 3548 3704 3666
f 3704 3552 3522
f 3704 3548 3552
f 3245 3153 3321
f 3572 3699 3557
f 3572 3738 3699
f 3160 3072 3153
f 3160 3153 3245
f 3072 3160 2911
f 3879 3922 3984
f 2828 2854 2911
f 2720 2659 2789
f 2659 2828 2789
f 2627 2626 2720
f 2626 2659 2720
f 3922 4052 4080
f 2562 2626 2627
f 4085 4104 4080
f 4108 4120 4104
f 2562 2540 2539
f 2620 2540 2562
f 4087 4116 4108
f 4087 4076 4116
f 2540 2620 2582
f 4076 3989 3988
f 2678 2582 2620
f 2693 2582 2678
f 3933 3988 3873
f 2870 2693 2678
f 3873 3827 3933
f 3091 2977 2870
f 2977 2745 2870
f 3742 3793 3737
f 3548 3666 3528
f 3742 3528 3666
f 3522 3548 3451
f 3548 3522 3552
f 3321 3153 3230
f 3572 3557 3321
f 3153 3072 3230
f 3572 3724 3738
f 2854 3072 2911
f 3931 4052 3922
f 2659 2823 2828
f 2491 2564 2562
f 2564 2626 2562
f 4080 4052 4085
f 2491 2562 2539
f 4087 4104 4085
f 4087 4108 4104
f 4069 4028 4076
f 4069 4076 4087
f 4076 4028 3989
f 3988 3897 3873
f 3897 3988 3989
f 2693 2870 2745
f 3186 3210 3451
f 3385 3451 3548
f 3536 3321 3230
f 3536 3572 3321
f 3230 3054 3260
f 3072 3054 3230
f 3724 3572 3691
f 3727 3783 3724
f 2854 3054 3072
f 2828 2823 2854
f 3856 3931 3922
f 2654 2823 2659
f 4052 3931 4055
f 4055 4085 4052
f 2461 2491 2539
f 4055 4069 4085
f 4069 4087 4085
f 2461 2539 2540
f 2524 2461 2540
f 2540 2582 2524
f 4028 3982 3989
f 2693 2745 2582
f 3771 3730 3827
f 3873 3771 3827
f 3056 2977 3091
f 3186 3056 3091
f 3742 3737 3582
f 3210 3186 3091
f 3385 3186 3451
f 3582 3528 3742
f 3230 3260 3339
f 3339 3536 3230
f 3536 3691 3572
f 3691 3727 3724
f 2823 3054 2854
f 3727 3792 3783
f 3792 3879 3783
f 3792 3922 3879
f 3792 3856 3922
f 3856 3946 3931
f 3946 4025 3931
f 2626 2564 2659
f 2564 2654 2659
f 3931 4025 4055
f 4055 4025 4057
f 2440 2491 2461
f 4057 4069 4055
f 2422 2440 2461
f 4060 4069 4057
f 2461 2524 2422
f 2524 2408 2422
f 4060 4028 4069
f 2516 2408 2524
f 2524 2582 2516
f 3989 3862 3897
f 3989 3982 3862
f 2630 2516 2582
f 2582 2745 2630
f 3897 3862 3873
f 3862 3771 3873
f 2977 2877 2745
f 2877 2977 3056
f 3385 3281 3186
f 3737 3730 3582
f 3385 3548 3528
f 3584 3691 3536
f 2548 2919 2823
f 2823 2919 3054
f 3650 3691 3584
f 3727 3650 3777
f 3691 3650 3727
f 3777 3792 3727
f 3792 3777 3821
f 2654 2548 2823
f 3821 3856 3792
f 3934 3856 3821
f 3934 3946 3856
f 2480 2548 2654
f 3941 3934 3821
f 4025 3946 3934
f 2308 2480 2564
f 2564 2480 2654
f 3941 3964 3934
f 3964 4025 3934
f 2308 2564 2491
f 2440 2194 2308
f 2440 2308 2491
f 3964 4005 4025
f 4005 4057 4025
f 2283 2194 2440
f 2283 2440 2422
f 4034 4057 4005
f 4034 4060 4057
f 2283 2120 2194
f 2120 2283 2422
f 3965 4007 4034
f 4007 4060 4034
f 2120 2422 2408
f 3900 4007 3965
f 4007 4028 4060
f 3930 4007 3900
f 3930 3982 4007
f 3982 4028 4007
f 2280 2195 2120
f 2280 2120 2408
f 2516 2280 2408
f 3832 3862 3900
f 3862 3930 3900
f 3862 3982 3930
f 2630 2280 2516
f 2630 2195 2280
f 3761 3862 3832
f 2464 2195 2630
f 3730 3644 3549
f 3771 3644 3730
f 3771 3731 3644
f 3761 3731 3771
f 3761 3771 3862
f 2640 2464 2630
f 2877 2640 2745
f 2640 2630 2745
f 3528 3515 3343
f 3515 3528 3582
f 3549 3582 3730
f 3033 2877 3056
f 3033 3056 3186
f 3186 3281 3343
f 3343 3281 3385
f 3528 3343 3385
f 3047 3054 2919
f 3536 3449 3584
f 2548 2669 2919
f 3650 3584 3449
f 3638 3777 3650
f 3734 3821 3777
f 2339 2548 2480
f 2339 2480 2308
f 2290 2339 2308
f 2182 2290 2194
f 2290 2308 2194
f 3979 4005 3964
f 3979 4034 4005
f 2117 2194 2120
f 2117 2182 2194
f 3979 3965 4034
f 2081 2117 2120
f 3945 3900 3965
f 2120 2075 2081
f 2102 2075 2120
f 2120 2195 2102
f 3900 3912 3832
f 3912 3865 3832
f 2195 2211 2102
f 3761 3832 3769
f 3865 3769 3832
f 2195 2464 2211
f 3549 3644 3515
f 3515 3582 3549
f 3033 2958 2877
f 3121 2958 3033
f 3121 3186 3343
f 3121 3033 3186
f 3047 3339 3260
f 3129 3536 3339
f 3129 3367 3536
f 3367 3449 3536
f 3260 3054 3047
f 3538 3650 3449
f 3538 3638 3650
f 2548 2401 2669
f 3657 3777 3638
f 3657 3734 3777
f 3734 3809 3821
f 3809 3884 3821
f 2339 2401 2548
f 3821 3884 3941
f 3941 3884 3905
f 2182 2218 2290
f 3941 3905 3936
f 3936 3964 3941
f 3964 3936 3979
f 3940 3979 3936
f 3940 3965 3979
f 2084 2081 2027
f 2084 2117 2081
f 3965 3940 3945
f 3912 3900 3945
f 2075 2027 2081
f 3761 3769 3731
f 3769 3672 3731
f 2230 2211 2464
f 3731 3591 3644
f 2640 2877 2749
f 2749 2877 2958
f 3121 3343 3304
f 3515 3402 3343
f 3402 3304 3343
f 3339 3047 3129
f 3208 3367 3129
f 3367 3356 3449
f 3796 3809 3734
f 3809 3878 3884
f 2084 2149 2117
f 2149 2182 2117
f 2018 2084 2027
f 3940 3912 3945
f 2027 2075 2020
f 3912 3779 3865
f 3865 3779 3769
f 2075 2048 2020
f 2075 2102 2048
f 3769 3779 3672
f 3731 3672 3635
f 2230 2102 2211
f 3461 3644 3591
f 3461 3515 3644
f 3635 3591 3731
f 2229 2230 2464
f 2229 2464 2640
f 3461 3402 3515
f 3047 3208 3129
f 3047 2919 2953
f 3255 3367 3208
f 3255 3356 3367
f 2669 2953 2919
f 3538 3356 3377
f 3538 3449 3356
f 2669 2401 2589
f 3581 3657 3638
f 3581 3630 3657
f 3630 3734 3657
f 2427 2589 2401
f 3630 3702 3734
f 3734 3702 3796
f 2290 2218 2339
f 2218 2401 2339
f 3809 3796 3878
f 3905 3884 3906
f 3936 3905 3906
f 3910 3940 3936
f 3910 3912 3940
f 1986 2018 2027
f 3877 3779 3912
f 3910 3877 3912
f 2027 1979 1986
f 2027 2020 1979
f 2020 2048 1979
f 2048 2102 1911
f 2230 1911 2102
f 3525 3461 3591
f 2229 2640 2749
f 3402 3461 3304
f 2958 2859 2749
f 2859 2958 3121
f 3255 3047 2953
f 3255 3208 3047
f 2589 2707 2669
f 2953 2669 2707
f 3377 3448 3538
f 3448 3638 3538
f 3448 3581 3638
f 2291 2427 2401
f 2291 2401 2218
f 3878 3702 3846
f 3796 3702 3878
f 2182 2149 2218
f 2149 2291 2218
f 3878 3883 3884
f 3878 3846 3883
f 2014 2149 2084
f 1971 2014 2018
f 2014 2084 2018
f 1971 1986 1935
f 1971 2018 1986
f 3910 3936 3906
f 1906 1935 1979
f 1935 1986 1979
f 1979 1886 1906
f 1886 2048 1918
f 1979 2048 1886
f 3712 3633 3672
f 3779 3712 3672
f 3779 3795 3712
f 2048 1911 1918
f 3635 3672 3633
f 3635 3525 3591
f 2444 2229 2749
f 3461 3336 3304
f 2859 2444 2749
f 3336 3045 3304
f 3286 3356 3255
f 2896 2953 2707
f 3286 3377 3356
f 2427 2441 2589
f 3658 3702 3630
f 3658 3846 3702
f 2108 2291 2149
f 2014 2108 2149
f 3883 3906 3884
f 3883 3881 3906
f 3881 3910 3906
f 3881 3880 3877
f 3881 3877 3910
f 3880 3868 3877
f 1850 1906 1886
f 3779 3877 3795
f 3877 3868 3795
f 1939 1911 2230
f 1878 2230 2229
f 2247 2229 2444
f 2399 2247 2444
f 3121 3304 3045
f 2954 3255 2953
f 2589 2460 2707
f 2460 2604 2707
f 2896 2707 2604
f 2896 2954 2953
f 2441 2460 2589
f 3589 3658 3630
f 3589 3701 3658
f 2291 2223 2427
f 2223 2441 2427
f 3846 3701 3838
f 3658 3701 3846
f 2015 2108 2014
f 1971 2015 2014
f 3846 3838 3867
f 3867 3883 3846
f 3883 3867 3881
f 1820 1850 1886
f 3805 3712 3795
f 3868 3805 3795
f 1886 1810 1820
f 1886 1918 1810
f 1918 1911 1810
f 3546 3635 3633
f 3690 3633 3712
f 1939 1810 1911
f 3635 3546 3525
f 1878 1939 2230
f 2399 2347 2247
f 2399 2859 2906
f 2399 2444 2859
f 2906 3121 3045
f 2906 2859 3121
f 3122 3045 3336
f 3034 3255 2954
f 3034 3286 3255
f 3220 3377 3286
f 3220 3448 3377
f 3400 3581 3448
f 3400 3589 3581
f 3589 3630 3581
f 2108 2223 2291
f 3701 3801 3838
f 3615 3801 3701
f 1980 2015 1971
f 3838 3801 3867
f 1895 1980 1935
f 1980 1971 1935
f 1895 1935 1906
f 1809 1895 1850
f 1895 1906 1850
f 3867 3866 3881
f 3866 3880 3881
f 1809 1820 1745
f 1809 1850 1820
f 3866 3868 3880
f 1751 1745 1820
f 1820 1810 1751
f 1810 1758 1751
f 1878 1758 1810
f 1810 1939 1878
f 1878 2229 2247
f 3045 2889 2906
f 2954 2896 3034
f 3034 3220 3286
f 3195 3448 3220
f 3195 3400 3448
f 2460 2441 2311
f 2311 2441 2223
f 3589 3615 3701
f 3615 3663 3801
f 2015 2223 2108
f 3663 3748 3801
f 3867 3801 3839
f 3839 3866 3867
f 3866 3829 3868
f 3829 3805 3868
f 1684 1751 1758
f 3805 3763 3712
f 3464 3461 3525
f 3122 3336 3355
f 3461 3464 3336
f 3464 3355 3336
f 3045 3122 3065
f 2889 3045 3065
f 2460 2526 2604
f 3458 3615 3589
f 2079 2311 2223
f 2079 2223 2015
f 1980 1895 2015
f 1895 2079 2015
f 3801 3748 3803
f 3803 3839 3801
f 3803 3829 3839
f 3829 3866 3839
f 1745 1751 1696
f 1696 1751 1677
f 1684 1677 1751
f 3646 3633 3690
f 3712 3646 3690
f 3712 3746 3646
f 3746 3712 3763
f 1684 1758 1691
f 1878 1842 1758
f 1842 1691 1758
f 1842 1878 2247
f 2319 2347 2399
f 2319 2399 2906
f 2357 2319 2906
f 2357 2906 2889
f 3065 2838 2889
f 2943 2983 3034
f 2983 3220 3034
f 2766 2896 2604
f 2943 2896 2766
f 2896 2943 3034
f 3266 3400 3195
f 3266 3314 3400
f 3314 3589 3400
f 2311 2526 2460
f 3314 3458 3589
f 3615 3493 3663
f 3663 3493 3711
f 3748 3663 3711
f 2079 1895 1907
f 3711 3760 3748
f 3760 3803 3748
f 1809 1907 1895
f 3804 3829 3803
f 3802 3829 3804
f 3802 3805 3829
f 1674 1696 1677
f 3763 3802 3746
f 3802 3763 3805
f 1595 1674 1677
f 1677 1684 1595
f 1684 1610 1595
f 1684 1691 1610
f 3546 3633 3646
f 1842 1610 1691
f 2357 2889 2838
f 2766 2930 2943
f 2930 2983 2943
f 2983 2993 3220
f 3220 2993 3195
f 2993 3090 3195
f 3266 3195 3090
f 2311 2089 2526
f 2079 2089 2311
f 3458 3493 3615
f 1818 1907 1809
f 3759 3803 3760
f 3803 3759 3804
f 3802 3646 3746
f 3546 3646 3637
f 3232 3098 3122
f 3232 3122 3355
f 1467 2247 2347
f 3122 3098 3065
f 2930 2993 2983
f 2636 2766 2604
f 2526 2428 2604
f 2089 2428 2526
f 3419 3707 3493
f 3493 3707 3711
f 1823 1818 1809
f 3760 3711 3759
f 1745 1696 1809
f 1696 1823 1809
f 3759 3785 3804
f 3785 3802 3804
f 1561 1674 1595
f 1533 1561 1595
f 1595 1610 1533
f 1610 1546 1533
f 3594 3546 3637
f 1546 1842 1568
f 1610 1842 1546
f 3546 3594 3525
f 3594 3464 3525
f 1568 1842 2247
f 1467 2347 2011
f 2011 2347 2319
f 2357 2011 2319
f 2766 2901 2930
f 2901 2993 2930
f 2428 2636 2604
f 2993 3036 3090
f 2513 2636 2428
f 3266 3090 3036
f 3287 3458 3314
f 3287 3419 3458
f 3458 3419 3493
f 1907 1930 2079
f 1930 2089 2079
f 3707 3419 3713
f 1818 1930 1907
f 3707 3713 3711
f 3713 3759 3711
f 1694 1823 1696
f 3759 3713 3757
f 1674 1694 1696
f 3757 3785 3759
f 1561 1694 1674
f 3754 3785 3757
f 3754 3802 3785
f 3802 3754 3646
f 3754 3714 3646
f 1467 1568 2247
f 2061 2011 2357
f 2901 3036 2993
f 3092 3266 3036
f 3266 3092 3314
f 3092 3287 3314
f 2513 2428 2424
f 2089 2424 2428
f 1998 2424 2089
f 3344 3648 3419
f 1998 2089 1930
f 3419 3648 3713
f 1818 1823 1930
f 3713 3648 3698
f 3713 3698 3716
f 3716 3757 3713
f 1594 1694 1561
f 3716 3714 3757
f 3714 3754 3757
f 1533 1594 1561
f 1533 1456 1475
f 3646 3714 3637
f 1533 1546 1456
f 1568 1456 1546
f 1769 1467 2011
f 3028 3065 3098
f 1855 1769 2011
f 1855 2011 2061
f 2210 2061 2353
f 2061 2357 2353
f 2353 2357 2838
f 3065 3028 2838
f 2334 2210 2353
f 2901 3092 3036
f 3149 3344 3287
f 3287 3344 3419
f 1824 1998 1930
f 3648 3344 3649
f 1824 1930 1823
f 3648 3649 3698
f 1502 1594 1533
f 3710 3714 3716
f 1475 1502 1533
f 3710 3685 3714
f 1468 1475 1456
f 3685 3637 3714
f 1404 1468 1456
f 1568 1407 1456
f 3329 3232 3355
f 3355 3464 3420
f 1855 2061 2210
f 2541 2334 2353
f 2541 2353 2838
f 2330 2210 2334
f 2513 2628 2636
f 2636 2901 2766
f 2894 2901 2636
f 2901 2894 3092
f 2894 3149 3092
f 3092 3149 3287
f 3299 3344 3149
f 2250 2424 1998
f 3344 3532 3649
f 1697 1824 1823
f 1697 1823 1694
f 1594 1697 1694
f 3716 3698 3710
f 1468 1502 1475
f 3637 3685 3594
f 1404 1456 1407
f 3594 3420 3464
f 3329 3237 3232
f 3329 3355 3420
f 1467 1407 1568
f 1467 1769 1565
f 3232 3237 3098
f 1558 1565 1769
f 1558 1769 1855
f 1921 1855 2210
f 1921 2210 2227
f 2744 2541 2838
f 2330 2227 2210
f 2334 2541 2330
f 2663 2330 2541
f 2744 2663 2541
f 2628 2782 2636
f 2894 2636 2782
f 3075 3149 2894
f 3299 3383 3344
f 3383 3436 3344
f 1824 1925 1998
f 3436 3532 3344
f 1697 1715 1824
f 3532 3611 3649
f 1715 1697 1594
f 3698 3649 3694
f 3694 3710 3698
f 1502 1541 1594
f 3694 3685 3710
f 1356 1404 1407
f 3594 3647 3420
f 3028 3098 3237
f 1558 1855 1921
f 2744 2838 2979
f 3028 2979 2838
f 2281 1870 2227
f 1870 1921 2227
f 2281 2227 2330
f 2628 2513 2424
f 2894 3018 3075
f 3157 3149 3075
f 3149 3157 3299
f 3157 3268 3299
f 1998 1925 2250
f 3436 3383 3532
f 1715 1925 1824
f 3532 3603 3611
f 1541 1715 1594
f 1353 1404 1356
f 1336 1353 1356
f 1356 1343 1336
f 1356 1407 1343
f 1467 1343 1407
f 1558 1467 1565
f 1807 1558 1921
f 1870 1777 1807
f 1870 1807 1921
f 2628 2717 2782
f 2717 2628 2424
f 2990 3075 3018
f 3075 3211 3157
f 3211 3268 3157
f 1835 2013 1925
f 2250 1925 2013
f 3299 3268 3383
f 3268 3379 3383
f 1925 1715 1835
f 3383 3513 3532
f 3513 3560 3532
f 1699 1835 1715
f 1612 1699 1715
f 1612 1715 1541
f 3649 3653 3694
f 3649 3611 3653
f 1524 1541 1502
f 1468 1460 1502
f 1460 1524 1502
f 1404 1353 1468
f 1353 1460 1468
f 3647 3685 3694
f 3685 3647 3594
f 3647 3529 3420
f 3390 3329 3420
f 1343 1467 1371
f 1558 1371 1467
f 1564 1558 1807
f 1870 1875 1777
f 2744 2979 3064
f 1777 1564 1807
f 1901 1875 1870
f 1901 2281 2337
f 1901 1870 2281
f 2337 2281 2330
f 2337 2330 2663
f 2744 2716 2663
f 2717 2765 2782
f 2890 2782 2765
f 2890 2894 2782
f 2894 2890 3018
f 2890 2971 3018
f 2717 2424 2372
f 2990 3018 2971
f 2250 2013 2168
f 2250 2372 2424
f 3211 3296 3268
f 3296 3379 3268
f 3383 3379 3513
f 1675 1835 1699
f 3532 3560 3603
f 3560 3598 3603
f 3598 3611 3603
f 1324 1315 1336
f 1324 1336 1343
f 1343 1371 1324
f 3141 3028 3237
f 3329 3390 3237
f 1371 1558 1564
f 2716 2744 3064
f 3028 3141 2979
f 3141 3064 2979
f 1495 1371 1564
f 1495 1564 1777
f 1777 1875 1901
f 2103 1901 2337
f 2337 2663 2615
f 2716 2615 2663
f 2236 2103 2337
f 2466 2236 2337
f 2615 2466 2337
f 2798 2890 2765
f 2253 2250 2168
f 2250 2253 2372
f 2971 3075 2990
f 3075 2971 3211
f 2971 3180 3211
f 3296 3466 3379
f 3379 3466 3513
f 3513 3466 3560
f 3466 3556 3560
f 1675 1699 1612
f 3632 3611 3598
f 1524 1612 1541
f 3632 3653 3611
f 1353 1454 1460
f 3653 3647 3694
f 3653 3632 3647
f 3647 3605 3529
f 1315 1324 1269
f 3390 3420 3453
f 3529 3453 3420
f 1277 1269 1324
f 1371 1277 1324
f 2716 3064 2842
f 1597 1495 1777
f 1597 1777 1901
f 2842 2615 2716
f 1759 1597 1901
f 2236 1759 1901
f 2236 1901 2103
f 2850 2971 2890
f 3211 3180 3296
f 3180 3290 3296
f 3296 3290 3466
f 1675 1731 1835
f 3560 3556 3598
f 1460 1454 1524
f 1454 1612 1524
f 1336 1319 1353
f 3605 3647 3632
f 1315 1319 1336
f 1495 1277 1371
f 1495 1597 1424
f 2615 2842 2748
f 1587 1424 1597
f 1759 1587 1597
f 2110 1759 2236
f 2110 2466 2224
f 2110 2236 2466
f 2466 2514 2224
f 2514 2466 2615
f 2717 2684 2765
f 2684 2798 2765
f 2684 2850 2798
f 2542 2717 2372
f 2542 2684 2717
f 2890 2798 2850
f 2253 2168 2121
f 2986 2971 2850
f 2986 3180 2971
f 3228 3290 3180
f 3290 3412 3466
f 1731 2005 1835
f 1612 1563 1675
f 3483 3556 3466
f 1515 1563 1612
f 1454 1515 1612
f 1402 1454 1353
f 1269 1319 1315
f 1269 1277 1242
f 1305 1495 1424
f 1305 1277 1495
f 1783 1759 2110
f 2141 1783 2110
f 2224 2141 2110
f 2168 2005 2121
f 2013 2005 2168
f 3080 3180 2986
f 1835 2005 2013
f 3290 3228 3412
f 3466 3412 3483
f 1563 1731 1675
f 3483 3527 3556
f 3556 3527 3534
f 3556 3534 3609
f 3609 3598 3556
f 3598 3609 3632
f 1271 1319 1269
f 1305 1242 1277
f 2646 2320 2514
f 2646 2514 2615
f 2646 2615 2748
f 1549 1587 1783
f 1549 1424 1587
f 1783 1587 1759
f 2320 2141 2224
f 2514 2320 2224
f 1853 1783 2141
f 2121 2372 2253
f 2840 2986 2850
f 2840 3024 2986
f 3024 3080 2986
f 3180 3080 3228
f 3080 3196 3228
f 3393 3412 3228
f 3412 3527 3483
f 1563 1588 1731
f 1515 1499 1563
f 3587 3609 3534
f 1454 1436 1515
f 1436 1499 1515
f 3587 3597 3609
f 1402 1436 1454
f 1397 1402 1353
f 3605 3632 3609
f 1319 1397 1353
f 1232 1271 1269
f 1232 1269 1242
f 1205 1232 1242
f 3221 3141 3237
f 3390 3221 3237
f 1242 1212 1205
f 3016 2842 3064
f 1212 1305 1333
f 1242 1305 1212
f 1333 1305 1424
f 1333 1424 1549
f 2320 2646 2592
f 1500 1549 1783
f 1910 1500 1783
f 1910 1783 1853
f 1910 1853 2095
f 2095 1853 2141
f 2141 2320 2095
f 2542 2565 2684
f 2612 2684 2565
f 2121 2309 2372
f 2542 2372 2309
f 2684 2612 2850
f 2850 2612 2840
f 3024 3113 3080
f 3113 3196 3080
f 1926 1731 1761
f 2005 1731 1926
f 3228 3196 3393
f 3412 3393 3527
f 3527 3393 3495
f 1499 1588 1563
f 3527 3495 3534
f 3495 3541 3534
f 3587 3534 3541
f 3605 3573 3529
f 1271 1302 1319
f 3529 3573 3453
f 3453 3573 3390
f 3016 2748 2842
f 3016 3064 3119
f 3141 3221 3064
f 3221 3119 3064
f 2320 2315 2186
f 2315 2320 2592
f 1500 1333 1549
f 2186 2095 2320
f 2009 1903 2095
f 1903 1910 2095
f 2309 2565 2542
f 2769 2840 2612
f 1926 2138 2005
f 2121 2005 2138
f 2769 2914 2840
f 2840 2914 3024
f 3113 3393 3196
f 1609 1761 1731
f 1731 1588 1609
f 3393 3113 3495
f 1402 1465 1436
f 1397 1465 1402
f 3597 3605 3609
f 3597 3578 3605
f 1302 1397 1319
f 3578 3573 3605
f 1205 1212 1209
f 1212 1333 1209
f 2646 2608 2592
f 1500 1209 1333
f 1464 1500 1618
f 1618 1500 1910
f 2180 1922 2095
f 2186 2180 2095
f 2315 2180 2186
f 1903 1618 1910
f 2009 1922 1903
f 1922 2009 2095
f 2309 2138 2251
f 2309 2121 2138
f 1940 2138 1926
f 3024 2914 3113
f 1761 1940 1926
f 1540 1609 1588
f 3460 3496 3495
f 1540 1588 1499
f 1436 1465 1499
f 3533 3587 3541
f 3587 3533 3578
f 3578 3597 3587
f 3537 3573 3578
f 1271 1287 1302
f 3537 3482 3573
f 3573 3482 3390
f 1205 1197 1232
f 1188 1197 1205
f 3390 3381 3221
f 1193 1205 1209
f 2737 2608 2646
f 2737 2646 2748
f 3016 2849 2748
f 1500 1464 1241
f 2180 2315 2351
f 1721 1464 1618
f 1721 1618 1903
f 1721 1903 1922
f 2180 2022 1922
f 2769 2846 2914
f 2846 3011 2914
f 2914 3011 3113
f 1609 1661 1761
f 1661 1940 1761
f 3113 3394 3495
f 3495 3394 3460
f 1497 1540 1499
f 1465 1497 1499
f 3495 3496 3541
f 3496 3533 3541
f 1265 1287 1271
f 1232 1265 1271
f 3482 3381 3390
f 1193 1188 1205
f 2737 2748 2849
f 2315 2592 2608
f 1241 1193 1209
f 1241 1209 1500
f 2022 1991 1909
f 2180 2099 1991
f 2099 2180 2351
f 1259 1464 1503
f 1259 1241 1464
f 1503 1464 1721
f 1721 1922 1909
f 2022 1909 1922
f 1991 2022 2180
f 1648 1503 1721
f 2309 2251 2565
f 2446 2565 2251
f 2612 2565 2446
f 2251 2138 2068
f 2612 2747 2769
f 1940 2068 2138
f 2769 2747 2846
f 1661 1862 1940
f 3011 3070 3113
f 3113 3070 3394
f 1596 1638 1661
f 1540 1497 1609
f 1609 1596 1661
f 1497 1596 1609
f 1302 1327 1397
f 1327 1377 1397
f 1287 1327 1302
f 3482 3414 3381
f 3414 3280 3381
f 1153 1188 1193
f 1193 1154 1153
f 3016 2963 2849
f 1207 1154 1193
f 1193 1241 1207
f 2608 2351 2315
f 1259 1207 1241
f 1909 1991 2001
f 2099 2001 1991
f 1521 1503 1648
f 1648 1721 1785
f 1909 1785 1721
f 2612 2657 2747
f 2328 2251 2068
f 2068 1940 1862
f 2846 3021 3011
f 3021 3070 3011
f 1497 1606 1596
f 3394 3476 3460
f 3394 3323 3476
f 3496 3460 3476
f 1397 1377 1465
f 1377 1451 1465
f 3537 3578 3533
f 3482 3350 3414
f 1197 1265 1232
f 3221 3192 3119
f 3381 3280 3221
f 3280 3192 3221
f 2398 2351 2608
f 1359 1259 1503
f 1359 1503 1521
f 2251 2328 2446
f 2554 2612 2446
f 2612 2554 2657
f 2328 2068 2026
f 2735 2747 2657
f 1753 1854 1862
f 1606 1753 1862
f 1638 1862 1661
f 3070 3021 3394
f 3394 3021 3323
f 1537 1606 1497
f 3323 3398 3476
f 1465 1451 1497
f 1451 1537 1497
f 3480 3496 3476
f 3496 3480 3517
f 3517 3533 3496
f 1327 1325 1377
f 1325 1381 1377
f 1287 1325 1327
f 3537 3486 3482
f 1267 1265 1229
f 1267 1287 1265
f 3486 3350 3482
f 1197 1229 1265
f 3414 3350 3280
f 3350 3192 3280
f 1169 1197 1188
f 1153 1143 1188
f 1143 1169 1188
f 3119 2963 3016
f 3119 3116 2963
f 3116 3119 3192
f 2917 2849 2963
f 2737 2583 2608
f 1259 1298 1207
f 1298 1154 1207
f 1298 1259 1359
f 1909 2001 1802
f 1458 1298 1359
f 1458 1359 1430
f 1525 1359 1521
f 1525 1430 1359
f 1525 1521 1648
f 1802 1785 1909
f 2026 2385 2328
f 2446 2385 2554
f 2446 2328 2385
f 2614 2657 2554
f 2068 1854 2026
f 2657 2614 2735
f 1862 1854 2068
f 1753 1834 1854
f 1606 1692 1753
f 1596 1606 1638
f 1638 1606 1862
f 3476 3398 3480
f 1377 1381 1451
f 1381 1455 1451
f 1267 1292 1287
f 1292 1325 1287
f 3517 3537 3533
f 3517 3486 3537
f 3350 3317 3192
f 1154 1143 1153
f 2398 2608 2583
f 1154 1298 1160
f 1458 1430 1525
f 1458 1525 1532
f 1532 1525 1648
f 1532 1648 1785
f 2385 2026 2088
f 2385 2614 2554
f 1834 1927 1854
f 2026 1854 1927
f 2747 2880 2846
f 2846 2880 3021
f 1692 1606 1554
f 3323 3348 3398
f 1451 1455 1537
f 1455 1606 1537
f 1325 1382 1381
f 3470 3486 3517
f 3470 3317 3486
f 3486 3317 3350
f 3192 3234 3116
f 3234 3192 3317
f 2917 2963 3012
f 3116 3012 2963
f 2692 2737 2849
f 1160 1143 1154
f 1160 1109 1143
f 2737 2692 2583
f 1298 1218 1160
f 1218 1298 1290
f 1290 1298 1458
f 1290 1458 1532
f 1622 1532 1785
f 1927 2088 2026
f 2685 2747 2735
f 2747 2685 2880
f 1692 1834 1753
f 1554 1834 1692
f 2880 3258 3021
f 3021 3258 3323
f 3258 3348 3323
f 1416 1554 1606
f 1416 1606 1455
f 1381 1382 1455
f 1382 1416 1455
f 3480 3398 3468
f 3470 3480 3468
f 3470 3517 3480
f 1197 1225 1229
f 1225 1267 1229
f 3470 3442 3317
f 3317 3442 3234
f 2692 2849 2756
f 2917 2756 2849
f 1109 1106 1088
f 1160 1106 1109
f 1160 1158 1106
f 1160 1218 1158
f 1802 2001 1947
f 2099 1947 2001
f 1373 1290 1532
f 1927 1834 1837
f 2614 2685 2735
f 1665 1837 1834
f 1665 1554 1575
f 1665 1834 1554
f 1494 1575 1554
f 1416 1494 1554
f 3335 3398 3348
f 1325 1291 1382
f 1291 1380 1382
f 3398 3408 3462
f 3462 3468 3398
f 1292 1291 1325
f 1267 1225 1292
f 1200 1197 1166
f 1200 1225 1197
f 3470 3469 3442
f 1169 1166 1197
f 1088 1106 1084
f 2039 2099 2351
f 2398 2181 2351
f 1106 1158 1084
f 1163 1218 1290
f 1158 1218 1163
f 1258 1163 1290
f 1258 1290 1373
f 1373 1532 1490
f 1622 1490 1532
f 1927 2096 2088
f 2385 2088 2096
f 2096 1927 1837
f 2385 2437 2614
f 2322 2437 2385
f 2576 2614 2437
f 2880 3086 3258
f 3086 3191 3258
f 3191 3267 3258
f 1382 1380 1416
f 1380 1494 1416
f 3348 3258 3335
f 3398 3335 3408
f 1223 1291 1292
f 1223 1292 1225
f 3469 3470 3468
f 3454 3442 3469
f 1141 1166 1169
f 1141 1169 1143
f 3442 3406 3234
f 1109 1141 1143
f 3406 3101 3116
f 3234 3406 3116
f 3012 3101 3022
f 3116 3101 3012
f 2917 2918 2756
f 3012 2918 2917
f 3012 3022 2918
f 2039 2351 2181
f 2099 2039 1947
f 1158 1163 1084
f 1490 1622 1645
f 1258 1373 1490
f 2322 2385 2096
f 1837 1724 2096
f 2576 2685 2614
f 1837 1665 1724
f 2816 2880 2685
f 1494 1559 1575
f 2985 3086 2880
f 3086 3162 3191
f 1478 1494 1380
f 3258 3267 3335
f 1291 1368 1380
f 1166 1223 1225
f 3462 3454 3468
f 3454 3469 3468
f 1166 1225 1200
f 3406 3442 3454
f 1073 1104 1109
f 1104 1141 1109
f 1073 1088 1032
f 1073 1109 1088
f 3022 2921 2918
f 2692 2756 2668
f 2756 2918 2668
f 2398 2282 2181
f 2282 2398 2583
f 1032 1088 1084
f 1084 1090 1032
f 1084 1163 1090
f 1090 1163 1165
f 1165 1163 1258
f 1724 1665 1652
f 1575 1652 1665
f 1559 1652 1575
f 2938 2880 2816
f 2938 2985 2880
f 1559 1494 1478
f 2985 3067 3086
f 1368 1432 1380
f 1380 1432 1478
f 3191 3162 3267
f 1223 1313 1291
f 3409 3462 3408
f 3409 3454 3462
f 3409 3406 3454
f 3406 3409 3366
f 1073 1148 1104
f 1148 1141 1104
f 3406 3366 2921
f 2921 3101 3406
f 1036 1073 1032
f 3101 2921 3022
f 2834 2918 2921
f 2596 2692 2668
f 2918 2834 2668
f 1032 1090 1008
f 1004 1008 1090
f 1766 1701 1802
f 1766 1802 1947
f 1038 1004 1090
f 1165 1038 1090
f 1645 1785 1701
f 1645 1622 1785
f 1802 1701 1785
f 1258 1490 1314
f 1314 1490 1645
f 1737 1833 2096
f 1652 1737 1724
f 2096 1724 1737
f 2685 2938 2816
f 1613 1559 1478
f 1652 1559 1613
f 2938 3067 2985
f 1432 1493 1478
f 3067 3167 3086
f 3086 3167 3162
f 1291 1313 1368
f 1313 1389 1368
f 3162 3335 3267
f 3384 3408 3335
f 1166 1253 1223
f 3409 3408 3401
f 1007 1032 956
f 1007 1036 1032
f 956 1032 1008
f 2282 2583 2373
f 2692 2596 2583
f 2596 2373 2583
f 1004 956 1008
f 1165 1258 1314
f 1613 1737 1652
f 2576 2938 2685
f 1493 1555 1478
f 1478 1555 1613
f 1368 1389 1432
f 3333 3335 3162
f 1223 1253 1313
f 3384 3396 3408
f 1179 1253 1166
f 3401 3408 3396
f 1141 1148 1166
f 1148 1179 1166
f 3401 3366 3409
f 1071 1148 1073
f 1045 1071 1073
f 1003 1045 1036
f 1045 1073 1036
f 1003 1036 1007
f 2921 3003 2834
f 956 1003 1007
f 1004 933 956
f 2056 2039 2181
f 1038 933 1004
f 1079 1038 1165
f 1645 1426 1314
f 1645 1538 1426
f 1426 1310 1314
f 1653 1712 1737
f 1833 1737 1712
f 2166 1833 1712
f 2096 1833 2166
f 2410 2437 2322
f 1613 1653 1737
f 2410 2576 2437
f 1653 1613 1555
f 1555 1493 1432
f 2938 3167 3067
f 1411 1389 1338
f 1432 1389 1411
f 1338 1389 1313
f 1253 1338 1313
f 1071 1045 1003
f 3331 3241 3366
f 3241 3118 3366
f 932 994 1003
f 2921 3118 3003
f 3366 3118 2921
f 1003 956 932
f 956 928 932
f 2834 2847 2686
f 2668 2686 2596
f 2686 2668 2834
f 902 956 933
f 902 928 956
f 933 941 902
f 933 1038 941
f 1538 1645 1701
f 1079 941 1038
f 1314 1079 1165
f 1929 2166 1712
f 2166 2322 2096
f 2322 2166 2410
f 1653 1555 1406
f 2576 2653 2938
f 1406 1432 1411
f 1406 1555 1432
f 3167 3333 3162
f 1198 1184 1253
f 1198 1179 1137
f 1253 1179 1198
f 3369 3396 3384
f 1137 1179 1148
f 3396 3369 3401
f 1082 1071 994
f 1082 1148 1071
f 3369 3331 3366
f 3369 3366 3401
f 1003 994 1071
f 3263 3241 3331
f 939 994 932
f 3003 2847 2834
f 3003 3032 2847
f 3032 3003 3118
f 2686 2566 2596
f 928 902 885
f 2282 2134 2181
f 2134 2282 2373
f 2134 2056 2181
f 941 935 902
f 1701 1735 1538
f 1735 1701 1766
f 1079 991 941
f 991 1314 1134
f 991 1079 1314
f 1929 2122 2166
f 1929 1712 1838
f 2166 2122 2410
f 2556 2653 2576
f 1653 1406 1452
f 1411 1376 1406
f 1376 1411 1338
f 1240 1253 1184
f 1240 1338 1253
f 3384 3335 3333
f 1082 1137 1148
f 1058 1082 994
f 3241 3263 3118
f 875 939 932
f 3118 3263 3032
f 932 928 875
f 928 885 875
f 2411 2596 2566
f 2134 2373 2276
f 2596 2411 2373
f 2411 2276 2373
f 1766 1947 1800
f 2039 2056 1947
f 2056 1800 1947
f 941 991 935
f 1220 1134 1314
f 1538 1418 1426
f 1310 1254 1314
f 1254 1220 1314
f 1254 1310 1361
f 1426 1418 1310
f 1418 1361 1310
f 1838 1967 1929
f 2122 1929 1967
f 1712 1653 1531
f 1531 1838 1712
f 2122 2451 2410
f 2576 2410 2451
f 2653 3167 2938
f 1137 1161 1198
f 1161 1184 1198
f 3340 3331 3369
f 3340 3263 3331
f 939 950 994
f 884 950 939
f 3236 3032 3263
f 939 875 884
f 3032 2881 2847
f 2686 2617 2566
f 2847 2617 2686
f 878 875 885
f 878 885 902
f 2134 2058 2056
f 902 935 878
f 1735 1766 1800
f 1548 1418 1538
f 1064 991 1134
f 1196 1134 1220
f 1254 1196 1220
f 2136 2122 1967
f 2136 2260 2122
f 1452 1531 1653
f 2260 2451 2122
f 1406 1358 1452
f 2576 2451 2556
f 1275 1358 1376
f 1358 1406 1376
f 1275 1376 1338
f 1140 1161 1137
f 1058 1137 1082
f 950 884 887
f 887 884 844
f 3236 3134 3032
f 844 884 875
f 3134 3019 3032
f 844 875 824
f 3032 3019 2881
f 2753 2847 2881
f 2847 2753 2617
f 2753 2609 2617
f 878 824 875
f 824 878 809
f 2056 1966 1898
f 1695 1735 1800
f 1898 1800 2056
f 935 944 878
f 944 823 878
f 1548 1412 1418
f 991 944 935
f 944 991 1064
f 1412 1284 1418
f 1254 1361 1284
f 1418 1284 1361
f 1838 1949 1967
f 1949 2136 1967
f 2142 2260 2136
f 1706 1838 1531
f 1949 2142 2136
f 2144 2142 1949
f 1452 1358 1531
f 1338 1240 1275
f 3167 3309 3333
f 1102 1140 1137
f 3324 3384 3333
f 1137 1058 1102
f 3324 3369 3384
f 1058 994 945
f 3340 3369 3324
f 900 945 950
f 945 994 950
f 900 950 887
f 3340 3236 3263
f 3188 3134 3236
f 826 844 824
f 809 826 824
f 2881 2937 2753
f 2937 2881 3019
f 809 823 762
f 823 758 762
f 878 823 809
f 2058 1966 2056
f 823 944 831
f 1064 1134 1196
f 1196 1254 1284
f 1284 1412 1360
f 1706 1826 1838
f 1949 1826 2038
f 1949 1838 1826
f 2038 2126 1949
f 1358 1297 1531
f 2146 1949 2126
f 2146 2144 1949
f 2142 2144 2146
f 2365 2260 2142
f 2260 2365 2451
f 2451 2607 2556
f 1240 1358 1275
f 2653 2556 2607
f 1240 1184 1157
f 3309 3324 3333
f 3328 3340 3324
f 3328 3300 3340
f 3300 3236 3340
f 826 900 844
f 900 887 844
f 3203 3134 3188
f 3203 2937 3134
f 768 779 826
f 3134 2937 3019
f 826 762 768
f 826 809 762
f 2411 2566 2468
f 2617 2468 2566
f 2058 2134 2276
f 807 758 823
f 823 831 807
f 1538 1735 1604
f 1695 1604 1735
f 867 831 944
f 867 944 999
f 999 944 1064
f 1360 1295 1284
f 1060 999 1064
f 1060 1064 1196
f 1060 1196 1284
f 1295 1360 1412
f 1643 1531 1297
f 1706 1531 1643
f 2365 2146 2126
f 2365 2142 2146
f 2419 2451 2365
f 1297 1240 1157
f 1358 1240 1297
f 2718 2653 2607
f 3226 3309 3167
f 3297 3324 3309
f 3203 3236 3300
f 3236 3203 3188
f 741 768 762
f 722 741 762
f 2258 2411 2468
f 2617 2609 2468
f 2058 2276 2156
f 2411 2258 2276
f 2258 2156 2276
f 762 758 722
f 758 711 722
f 807 711 758
f 1548 1538 1604
f 867 807 831
f 1350 1295 1412
f 1706 1730 1826
f 2038 1826 1730
f 1433 1643 1297
f 2451 2419 2484
f 1157 1161 1056
f 1157 1184 1161
f 1140 1056 1161
f 1058 1021 1102
f 1021 1140 1102
f 3226 3167 3136
f 3226 3240 3309
f 3240 3297 3309
f 930 900 901
f 930 945 900
f 3297 3328 3324
f 901 900 826
f 3297 3300 3328
f 3203 3137 2937
f 717 731 741
f 731 768 741
f 3137 3083 2937
f 741 684 717
f 684 741 722
f 2715 2609 2753
f 711 684 722
f 1898 1966 1970
f 2058 1970 1966
f 1695 1800 1773
f 1898 1773 1800
f 711 807 754
f 1695 1669 1604
f 867 754 807
f 1033 867 999
f 1350 1221 1295
f 1445 1350 1412
f 1060 1284 1221
f 1295 1221 1284
f 1643 1433 1600
f 1730 1643 1600
f 1730 1706 1643
f 1433 1297 1286
f 2268 2365 2126
f 2365 2268 2419
f 1081 1286 1297
f 2268 2484 2419
f 1157 1081 1297
f 2484 2607 2451
f 2718 2841 2653
f 1157 1056 1081
f 2841 3167 2653
f 1056 1140 1021
f 3005 3136 3167
f 940 1058 945
f 940 1021 1058
f 3206 3240 3226
f 3300 3297 3240
f 670 681 684
f 681 717 684
f 2937 3083 2781
f 684 657 670
f 2715 2753 2781
f 2937 2781 2753
f 2512 2468 2609
f 684 675 657
f 684 711 675
f 1669 1695 1773
f 754 675 711
f 1548 1604 1632
f 1669 1632 1604
f 867 777 754
f 777 867 1033
f 1548 1445 1412
f 1060 1033 999
f 1057 1033 1060
f 1057 1060 1221
f 1678 1730 1600
f 1817 1730 1678
f 2023 2070 2038
f 2070 2126 2038
f 1433 1286 1272
f 1286 1081 1170
f 1170 1081 1017
f 1017 1081 1056
f 2841 3005 3167
f 1056 1021 1006
f 3136 3151 3226
f 3136 3117 3151
f 3151 3206 3226
f 3214 3300 3240
f 748 768 731
f 748 779 768
f 3300 3214 3203
f 3214 3137 3203
f 3083 2949 2781
f 657 595 618
f 657 675 595
f 675 616 595
f 1865 1898 1970
f 1898 1865 1773
f 754 702 675
f 702 616 675
f 777 702 754
f 777 1033 839
f 1057 839 1033
f 1717 1817 1678
f 1272 1345 1433
f 1600 1433 1345
f 2023 2038 1730
f 1272 1286 1231
f 1170 1231 1286
f 1108 1231 1170
f 1056 1006 1017
f 2841 2960 3005
f 940 923 1021
f 923 1006 1021
f 3136 3071 3117
f 3136 3005 3071
f 825 923 945
f 923 940 945
f 825 930 792
f 825 945 930
f 826 792 901
f 792 930 901
f 3206 3214 3240
f 694 717 681
f 694 731 717
f 3051 3083 3137
f 618 633 657
f 633 670 657
f 2781 2730 2715
f 2730 2781 2949
f 2258 2468 2369
f 2512 2369 2468
f 616 588 595
f 616 702 588
f 1773 1632 1669
f 661 588 702
f 661 777 689
f 661 702 777
f 689 777 839
f 1477 1350 1445
f 864 839 1057
f 1178 1057 1221
f 1178 1221 1279
f 1350 1279 1221
f 1491 1600 1345
f 1491 1678 1600
f 2023 1730 1817
f 2070 2154 2126
f 2268 2126 2154
f 937 1108 1017
f 1017 1108 1170
f 937 1017 1006
f 1006 923 937
f 3005 3042 3071
f 3117 3146 3151
f 792 826 779
f 3145 3214 3206
f 3137 3214 3145
f 3083 3051 2949
f 2949 3051 2730
f 556 598 618
f 2715 2730 2609
f 618 595 556
f 2058 2156 2178
f 2258 2178 2156
f 595 570 556
f 595 588 570
f 1572 1548 1632
f 1477 1279 1350
f 1477 1445 1509
f 1548 1509 1445
f 742 689 839
f 742 839 864
f 894 864 1057
f 894 1057 1178
f 1146 894 1178
f 1256 1146 1178
f 1279 1256 1178
f 1678 1491 1593
f 1593 1717 1678
f 1851 1717 1593
f 1851 1817 1717
f 1562 1491 1345
f 1851 2023 1817
f 1108 1120 1231
f 1272 1231 1120
f 2023 2154 2070
f 1108 937 938
f 2718 2883 2841
f 870 938 923
f 938 937 923
f 923 825 870
f 3005 2960 3042
f 3117 3071 3120
f 3120 3146 3117
f 3155 3206 3151
f 3145 3206 3155
f 624 670 633
f 624 681 670
f 3137 3145 3051
f 3145 3050 3051
f 3050 2730 3051
f 598 633 618
f 565 598 556
f 518 565 556
f 556 570 518
f 2058 2178 1970
f 1773 1865 1654
f 661 570 588
f 1632 1654 1572
f 1654 1632 1773
f 1572 1509 1548
f 742 864 894
f 1279 1392 1260
f 1279 1477 1392
f 1491 1562 1593
f 1851 1593 1742
f 1345 1272 1210
f 1210 1562 1345
f 1742 1593 1562
f 1851 2017 2023
f 2072 2023 2017
f 2072 2154 2023
f 2517 2607 2268
f 938 1015 1108
f 1120 1108 1015
f 2268 2607 2484
f 2718 2607 2883
f 2841 2883 2960
f 2883 2994 2960
f 2994 3042 2960
f 3042 2994 3071
f 2994 3078 3071
f 792 779 770
f 3120 3071 3078
f 748 731 718
f 3146 3155 3151
f 694 681 672
f 3155 3050 3145
f 624 633 620
f 598 565 584
f 3050 2629 2730
f 540 518 516
f 540 565 518
f 2730 2629 2609
f 2265 2258 2369
f 2258 2265 2178
f 570 463 518
f 1865 1970 1801
f 1654 1865 1671
f 1865 1801 1671
f 1654 1527 1572
f 1509 1572 1477
f 673 661 689
f 673 689 742
f 822 742 894
f 822 1146 1086
f 822 894 1146
f 1086 1146 1213
f 1213 1146 1256
f 1279 1260 1256
f 1260 1213 1256
f 1415 1539 1562
f 1539 1742 1562
f 1120 1210 1272
f 1415 1562 1210
f 1879 2017 1851
f 2517 2268 2154
f 2517 2815 2607
f 938 870 829
f 2607 2815 2883
f 829 870 825
f 770 786 792
f 786 825 792
f 748 770 779
f 744 770 748
f 3198 3120 3078
f 744 748 718
f 3120 3198 3146
f 677 718 694
f 694 718 731
f 677 694 672
f 3155 3146 3198
f 624 672 681
f 3155 3084 3050
f 584 620 598
f 598 620 633
f 540 584 565
f 3050 3084 2629
f 2369 2609 2629
f 2369 2512 2609
f 516 518 462
f 518 463 462
f 1671 1527 1654
f 1801 1688 1671
f 661 673 463
f 570 661 463
f 1572 1527 1477
f 1527 1392 1477
f 819 673 742
f 819 742 822
f 819 1086 942
f 819 822 1086
f 1239 1213 1260
f 1176 1086 1213
f 1239 1176 1213
f 1742 1539 1625
f 1120 1244 1210
f 2072 2287 2154
f 1015 1107 1120
f 2287 2517 2154
f 1015 995 1107
f 2743 2815 2517
f 786 829 825
f 786 816 829
f 2994 2883 2913
f 770 732 786
f 750 732 770
f 3078 2994 2913
f 2913 3140 3078
f 744 750 770
f 691 750 744
f 3140 3198 3078
f 685 744 718
f 685 691 744
f 3140 3242 3198
f 677 685 718
f 636 677 672
f 636 685 677
f 3238 3155 3198
f 3242 3238 3198
f 624 636 672
f 613 624 620
f 613 636 624
f 3084 3155 3238
f 584 574 620
f 574 613 620
f 3238 3130 3084
f 540 549 584
f 549 574 584
f 2629 3084 3130
f 462 481 516
f 2369 2629 2683
f 469 481 462
f 2683 2494 2369
f 458 469 462
f 2178 2265 2390
f 2390 2265 2369
f 2494 2390 2369
f 463 458 462
f 463 464 458
f 1970 2178 2115
f 2198 2115 2178
f 463 467 464
f 1527 1671 1650
f 1688 1650 1671
f 1392 1527 1505
f 673 591 463
f 591 467 463
f 591 673 643
f 673 697 643
f 697 673 819
f 1392 1239 1260
f 1050 819 942
f 1050 942 1086
f 1050 1086 1176
f 1244 1363 1415
f 1539 1363 1536
f 1539 1415 1363
f 1536 1625 1539
f 1879 1851 1742
f 1879 1953 2017
f 1244 1415 1210
f 1625 1536 1586
f 2037 2072 2017
f 2072 2037 2287
f 995 992 1107
f 1107 992 1113
f 1107 1244 1120
f 1113 1244 1107
f 2517 2510 2743
f 829 820 938
f 938 995 1015
f 820 995 938
f 820 829 816
f 2743 2913 2815
f 2743 2510 2913
f 2815 2913 2883
f 820 816 786
f 3224 3242 3140
f 3242 3224 3219
f 685 636 637
f 613 637 636
f 3238 3242 3219
f 590 613 574
f 3150 3049 3130
f 538 546 549
f 546 574 549
f 3049 2946 3130
f 538 540 516
f 538 549 540
f 3130 2946 2629
f 2946 2683 2629
f 516 481 448
f 454 481 469
f 454 448 481
f 458 454 469
f 2198 2178 2390
f 458 464 398
f 464 467 398
f 467 429 398
f 465 429 467
f 1573 1527 1650
f 553 465 467
f 467 591 553
f 1505 1349 1392
f 725 643 697
f 725 697 819
f 725 1050 892
f 725 819 1050
f 1176 1123 1050
f 1123 1176 1239
f 962 892 1050
f 1041 962 1050
f 1123 1041 1050
f 1463 1536 1363
f 1363 1244 1237
f 1607 1536 1463
f 1586 1536 1607
f 1625 1586 1607
f 1953 1742 1625
f 1953 1879 1742
f 1977 2017 1953
f 1977 2037 2017
f 2196 2287 2037
f 2287 2510 2517
f 992 995 775
f 995 820 775
f 820 786 710
f 786 732 710
f 710 732 750
f 642 710 691
f 710 750 691
f 691 685 637
f 590 637 613
f 3222 3238 3219
f 3130 3238 3222
f 472 448 437
f 516 448 472
f 425 437 448
f 454 356 425
f 454 425 448
f 454 382 356
f 458 382 454
f 2494 2611 2390
f 458 398 382
f 2004 1801 1970
f 2004 1970 2115
f 1757 1688 1799
f 1801 1799 1688
f 1527 1573 1505
f 1573 1443 1505
f 1505 1443 1349
f 1123 1239 1263
f 1392 1349 1239
f 1349 1263 1239
f 728 643 725
f 728 725 892
f 893 728 892
f 893 892 962
f 1041 1080 962
f 1080 1041 1123
f 1363 1442 1463
f 1463 1442 1492
f 1492 1607 1463
f 1492 1702 1607
f 1702 1763 1607
f 1110 1244 1113
f 1237 1110 1442
f 1237 1244 1110
f 1442 1363 1237
f 1763 1625 1607
f 1953 1625 1763
f 2037 1977 1873
f 2287 2386 2510
f 749 992 775
f 2510 2662 2913
f 2386 2662 2510
f 749 775 820
f 713 710 682
f 713 749 710
f 820 710 749
f 665 682 710
f 710 655 665
f 3172 3140 2913
f 655 710 642
f 3216 3140 3172
f 3216 3224 3140
f 3216 3219 3224
f 642 637 590
f 691 637 642
f 3216 3243 3219
f 590 546 563
f 3243 3246 3219
f 3246 3222 3219
f 546 590 574
f 3246 3229 3222
f 3150 3222 3229
f 3150 3130 3222
f 3150 3093 3049
f 510 538 516
f 516 472 510
f 437 425 361
f 2869 2723 2683
f 425 356 361
f 2683 2611 2494
f 2198 2390 2477
f 2611 2477 2390
f 2004 1799 1801
f 429 382 398
f 429 387 382
f 387 356 382
f 1688 1757 1650
f 465 387 429
f 532 387 465
f 553 532 465
f 1320 1263 1349
f 553 591 564
f 1080 1123 1263
f 596 564 591
f 596 591 643
f 643 728 596
f 893 962 1097
f 962 1080 1097
f 787 728 893
f 911 787 893
f 1097 911 893
f 1150 1472 1442
f 1492 1442 1472
f 1150 1110 1065
f 1150 1442 1110
f 1813 1953 1763
f 1953 1813 1977
f 1813 1873 1977
f 1110 992 1065
f 1113 992 1110
f 992 749 713
f 2662 2982 2913
f 2913 2982 3172
f 634 665 655
f 655 642 555
f 642 590 555
f 590 563 555
f 2869 3049 3093
f 3049 2869 2946
f 361 472 437
f 2869 2683 2946
f 335 361 356
f 2683 2723 2611
f 2293 2198 2477
f 2004 2115 2216
f 2198 2293 2115
f 2293 2216 2115
f 356 387 360
f 379 360 387
f 430 379 387
f 1573 1461 1443
f 1461 1387 1443
f 387 532 430
f 1349 1443 1320
f 430 532 539
f 564 532 553
f 539 532 564
f 1263 1097 1080
f 596 728 729
f 729 728 787
f 911 1097 1043
f 1099 1043 1097
f 1077 1344 1150
f 1472 1150 1344
f 1440 1472 1344
f 1569 1472 1440
f 1569 1492 1472
f 1569 1702 1492
f 1662 1763 1702
f 1702 1569 1662
f 1662 1813 1763
f 2037 1873 1890
f 2287 2404 2386
f 1065 992 713
f 713 682 671
f 3172 3249 3216
f 3216 3249 3243
f 563 546 502
f 3254 3246 3243
f 3254 3229 3246
f 546 538 502
f 3229 3168 3150
f 3254 3168 3229
f 435 502 510
f 502 538 510
f 510 472 435
f 3093 3168 2869
f 3150 3168 3093
f 435 472 357
f 472 361 357
f 357 361 352
f 2723 2869 2923
f 330 352 335
f 352 361 335
f 360 335 356
f 1799 2004 1919
f 379 430 355
f 1443 1347 1320
f 1320 1099 1263
f 1347 1099 1320
f 583 564 596
f 1263 1099 1097
f 615 583 596
f 615 596 729
f 1043 953 911
f 1030 953 1043
f 772 729 787
f 772 787 843
f 843 911 953
f 843 787 911
f 1227 1440 1344
f 926 1077 1065
f 1077 1150 1065
f 1602 1440 1508
f 1602 1569 1440
f 1602 1662 1569
f 1813 1662 1916
f 1813 1890 1873
f 766 1065 707
f 2037 2289 2196
f 2287 2196 2289
f 707 713 671
f 1065 713 707
f 2602 2790 2662
f 2775 2662 2790
f 2775 2982 2662
f 635 671 682
f 682 665 635
f 3096 2982 2775
f 3172 2982 3096
f 555 431 655
f 431 563 374
f 555 563 431
f 3301 3249 3305
f 3301 3243 3249
f 563 475 374
f 563 502 475
f 455 475 502
f 3301 3254 3243
f 502 433 455
f 433 502 435
f 357 433 435
f 352 433 357
f 2923 2869 3168
f 2723 2923 2837
f 2837 2611 2723
f 2354 2477 2429
f 2354 2293 2477
f 2611 2429 2477
f 2293 2354 2216
f 360 379 355
f 1461 1573 1650
f 1443 1387 1347
f 539 426 430
f 505 426 539
f 583 539 564
f 583 505 539
f 720 615 729
f 720 583 615
f 772 720 729
f 720 772 916
f 916 772 843
f 1030 1043 1092
f 1092 1043 1099
f 926 1087 1077
f 1087 1227 1077
f 1227 1344 1077
f 1367 1440 1227
f 1440 1367 1508
f 766 926 1065
f 1916 1662 1602
f 2183 2037 1890
f 2037 2183 2289
f 2287 2289 2404
f 599 707 671
f 2479 2386 2404
f 599 671 576
f 2386 2602 2662
f 2479 2602 2386
f 671 635 576
f 635 585 576
f 585 665 476
f 635 665 585
f 665 634 476
f 634 434 476
f 634 655 434
f 3172 3096 3202
f 3202 3252 3172
f 3172 3252 3249
f 655 431 434
f 3305 3249 3252
f 3380 3301 3305
f 455 433 388
f 3253 3301 3302
f 3253 3254 3301
f 359 388 433
f 3254 3253 3168
f 433 333 359
f 433 352 333
f 3253 2923 3168
f 3253 2941 2923
f 2923 2941 2837
f 330 333 352
f 2354 2429 2187
f 2078 2216 2187
f 2078 2004 2216
f 2354 2187 2216
f 336 330 335
f 335 360 336
f 1757 1799 1919
f 2004 2078 1919
f 355 336 360
f 1217 1347 1387
f 426 355 430
f 1347 1217 1099
f 1099 1217 1092
f 449 426 505
f 449 505 567
f 583 567 505
f 795 698 583
f 720 795 583
f 975 916 953
f 1092 975 1030
f 975 953 1030
f 916 843 953
f 1044 1187 1087
f 1187 1227 1087
f 1187 1233 1227
f 910 1044 926
f 1087 926 1044
f 1367 1227 1233
f 1471 1508 1367
f 910 926 766
f 1471 1602 1508
f 1866 1602 1471
f 1866 1860 1602
f 1860 1916 1602
f 1813 1916 1890
f 2183 2295 2289
f 2289 2479 2404
f 585 476 471
f 2790 3096 2775
f 475 370 374
f 475 455 370
f 3337 3301 3380
f 455 388 370
f 3337 3302 3301
f 359 370 388
f 3302 2941 3253
f 2941 2836 2837
f 2945 2836 2941
f 307 333 330
f 2078 1972 1919
f 1461 1650 1644
f 1650 1757 1644
f 426 389 355
f 1092 1217 1013
f 477 449 567
f 534 477 567
f 567 583 698
f 720 916 859
f 1013 859 975
f 859 916 975
f 1013 975 1092
f 818 852 910
f 852 1044 910
f 1330 1367 1233
f 766 818 910
f 1471 1367 1330
f 1482 1680 1471
f 610 818 766
f 1680 1866 1471
f 1916 2235 1890
f 707 610 766
f 2235 2183 1890
f 707 599 610
f 2405 2289 2295
f 2289 2405 2479
f 599 576 522
f 2602 2912 2790
f 585 471 576
f 3096 2790 2912
f 396 471 476
f 3291 3096 2912
f 3202 3096 3291
f 476 434 396
f 434 397 396
f 3252 3202 3291
f 363 434 431
f 363 397 434
f 3305 3252 3291
f 3380 3305 3399
f 3399 3411 3380
f 374 363 431
f 337 374 370
f 3411 3455 3380
f 3455 3337 3380
f 294 337 370
f 3455 3341 3337
f 370 359 294
f 3341 3302 3337
f 359 305 294
f 359 333 305
f 287 305 333
f 3302 2945 2941
f 333 307 287
f 307 293 287
f 2836 2742 2837
f 2836 2945 3085
f 300 293 307
f 2742 2429 2611
f 2837 2742 2611
f 328 307 330
f 328 300 307
f 336 328 330
f 1757 1919 1972
f 1483 1395 1461
f 1483 1461 1644
f 389 336 355
f 1282 1024 1217
f 1282 1217 1395
f 1395 1217 1387
f 1461 1395 1387
f 1024 1013 1217
f 449 389 426
f 534 567 698
f 859 1024 865
f 1024 859 1013
f 865 795 859
f 795 720 859
f 706 802 818
f 802 852 818
f 1025 1122 1044
f 1122 1186 1233
f 1186 1330 1233
f 1025 1044 852
f 1122 1187 1044
f 1233 1187 1122
f 1553 1330 1518
f 1553 1482 1330
f 1553 1655 1482
f 1471 1330 1482
f 610 572 706
f 610 706 818
f 610 594 572
f 2183 2575 2295
f 497 594 610
f 2575 2405 2295
f 2575 2820 2405
f 610 522 497
f 522 610 599
f 2820 2479 2405
f 2820 2602 2479
f 2912 2602 2820
f 447 522 576
f 371 576 471
f 371 447 576
f 396 371 471
f 2912 3125 3291
f 396 338 371
f 397 338 396
f 363 340 397
f 3305 3291 3399
f 363 319 340
f 3399 3497 3411
f 363 337 319
f 337 363 374
f 3497 3455 3411
f 294 319 337
f 3459 3341 3455
f 240 270 287
f 287 294 305
f 287 270 294
f 3302 3341 3320
f 2945 3302 3320
f 287 293 268
f 3320 3085 2945
f 293 291 268
f 293 300 291
f 2742 2984 2929
f 2742 2836 2984
f 3085 2984 2836
f 300 298 291
f 2429 2742 2689
f 2929 2689 2742
f 318 298 300
f 300 328 318
f 2078 2187 2307
f 2187 2520 2307
f 2187 2429 2520
f 2689 2520 2429
f 328 336 318
f 1757 1972 1928
f 1972 2176 1928
f 1972 2078 2176
f 336 331 318
f 1676 1483 1644
f 1928 1644 1757
f 336 389 331
f 1676 1395 1483
f 1024 1282 1280
f 449 432 389
f 432 449 477
f 1024 905 865
f 504 432 477
f 504 477 534
f 534 698 582
f 808 795 865
f 802 860 852
f 802 695 860
f 852 967 1025
f 852 860 967
f 967 1119 1025
f 639 695 802
f 1025 1119 1122
f 1122 1119 1186
f 639 802 706
f 572 639 706
f 1655 1680 1482
f 1791 1680 1655
f 1791 1866 1680
f 1866 2040 1860
f 2040 2133 1860
f 497 560 594
f 594 560 572
f 2133 1916 1860
f 2133 2235 1916
f 2235 2575 2183
f 479 497 522
f 447 479 522
f 2912 2820 3026
f 316 479 447
f 3030 2912 3026
f 316 447 371
f 3125 2912 3030
f 3030 3165 3125
f 3165 3347 3125
f 371 338 316
f 3125 3347 3291
f 3347 3426 3291
f 299 338 397
f 3291 3426 3399
f 340 275 299
f 340 299 397
f 3399 3565 3497
f 259 340 319
f 259 275 340
f 3616 3455 3497
f 185 259 294
f 294 259 319
f 3459 3455 3524
f 3616 3524 3455
f 294 240 185
f 240 294 270
f 3524 3555 3459
f 3555 3341 3459
f 3320 3341 3512
f 3555 3512 3341
f 287 206 240
f 268 206 287
f 3311 3085 3320
f 271 291 298
f 2307 2176 2078
f 331 298 318
f 1676 1644 1841
f 1644 1928 1841
f 1024 989 905
f 331 389 432
f 865 891 808
f 891 865 905
f 582 698 627
f 795 627 698
f 795 696 627
f 696 795 808
f 871 860 716
f 871 898 860
f 898 1051 967
f 1051 1119 967
f 602 716 695
f 602 646 716
f 695 716 860
f 898 967 860
f 1051 1175 1119
f 493 602 639
f 639 602 695
f 1175 1186 1119
f 1175 1332 1186
f 486 493 639
f 1332 1330 1186
f 1413 1330 1332
f 1518 1330 1413
f 1553 1722 1655
f 416 639 572
f 416 486 639
f 1722 1791 1655
f 1791 2040 1866
f 560 491 416
f 560 416 572
f 2040 2272 2133
f 497 491 560
f 2235 2133 2272
f 420 491 497
f 2575 2235 2470
f 479 400 420
f 479 420 497
f 2820 2575 2616
f 2616 2788 2820
f 2867 2820 2788
f 3026 2820 2867
f 343 400 479
f 3026 3165 3030
f 316 343 479
f 3347 3165 3200
f 257 343 316
f 3347 3439 3426
f 316 299 257
f 299 316 338
f 192 257 299
f 3426 3565 3399
f 275 192 299
f 222 192 275
f 3693 3676 3565
f 3676 3497 3565
f 222 275 259
f 3676 3616 3497
f 185 222 259
f 3616 3555 3524
f 204 185 240
f 240 206 204
f 3512 3502 3320
f 206 268 227
f 3431 3311 3320
f 3502 3431 3320
f 291 227 268
f 3085 3311 3111
f 291 271 227
f 331 325 298
f 1841 1928 1876
f 1485 1282 1395
f 1485 1395 1626
f 1395 1676 1626
f 1841 1626 1676
f 1876 1765 1841
f 989 1024 1159
f 1159 1024 1280
f 1486 1280 1282
f 1485 1486 1282
f 432 427 331
f 427 325 331
f 891 905 989
f 815 696 808
f 891 815 808
f 668 781 646
f 781 716 646
f 716 781 871
f 871 976 898
f 898 976 1051
f 1121 1051 976
f 668 602 533
f 602 668 646
f 1175 1051 1121
f 602 493 446
f 1427 1332 1175
f 1427 1413 1332
f 417 493 486
f 1631 1722 1553
f 1722 1852 1791
f 486 416 417
f 1852 2040 1791
f 1852 2042 2040
f 2042 2179 2040
f 350 416 491
f 2179 2272 2040
f 2447 2235 2272
f 2447 2470 2235
f 2470 2759 2616
f 2759 2788 2616
f 2759 2867 2788
f 420 339 350
f 420 350 491
f 2470 2616 2575
f 231 339 343
f 343 339 420
f 343 420 400
f 2999 3026 2867
f 247 231 343
f 3026 2999 3165
f 2999 3184 3165
f 3200 3165 3184
f 3184 3279 3200
f 3279 3347 3200
f 3279 3438 3347
f 257 247 343
f 3439 3347 3438
f 3438 3523 3439
f 3523 3601 3439
f 207 247 257
f 3601 3580 3439
f 183 207 257
f 3439 3580 3426
f 192 183 257
f 3426 3580 3565
f 3580 3693 3565
f 192 178 183
f 154 192 222
f 154 178 192
f 3686 3676 3693
f 185 154 222
f 131 154 185
f 3768 3616 3676
f 3768 3703 3616
f 185 112 131
f 112 185 204
f 3703 3555 3616
f 204 128 112
f 3703 3655 3555
f 160 128 204
f 206 160 204
f 3655 3512 3555
f 3502 3512 3614
f 3655 3614 3512
f 189 160 206
f 189 227 219
f 206 227 189
f 227 271 219
f 271 264 219
f 3248 3209 3311
f 3209 3111 3311
f 2984 3111 2929
f 3111 2984 3085
f 2721 2689 2807
f 2520 2689 2721
f 2807 2689 2929
f 285 264 271
f 271 298 285
f 2358 2174 2307
f 2174 2176 2307
f 2520 2358 2307
f 1841 1765 1626
f 2176 2052 1928
f 1280 1486 1403
f 1683 1486 1626
f 1486 1485 1626
f 1765 1683 1626
f 1011 891 989
f 989 1159 1011
f 1280 1216 1159
f 1403 1409 1280
f 504 427 432
f 696 815 799
f 815 891 799
f 948 799 891
f 1011 948 891
f 498 427 504
f 498 534 581
f 498 504 534
f 582 581 534
f 627 696 740
f 799 740 696
f 627 581 582
f 554 736 668
f 793 872 871
f 872 976 871
f 872 988 976
f 988 1066 976
f 533 554 668
f 533 483 554
f 781 668 736
f 781 736 793
f 781 793 871
f 1066 1121 976
f 1066 1177 1121
f 405 483 446
f 446 483 533
f 1250 1175 1177
f 602 446 533
f 1175 1121 1177
f 1427 1175 1250
f 1250 1453 1427
f 322 405 446
f 1427 1518 1413
f 1427 1585 1518
f 1585 1553 1518
f 1585 1634 1553
f 322 446 417
f 417 446 493
f 1631 1553 1634
f 1634 1722 1631
f 1634 1951 1722
f 1951 1852 1722
f 1951 2044 1852
f 313 322 417
f 2044 2042 1852
f 2042 2219 2179
f 313 417 416
f 2179 2219 2272
f 2219 2447 2272
f 2447 2561 2470
f 416 289 313
f 2561 2759 2470
f 278 229 289
f 278 289 416
f 278 416 350
f 2759 2989 2867
f 339 278 350
f 2989 2999 2867
f 2989 3175 2999
f 199 229 278
f 278 339 231
f 2999 3175 3184
f 3371 3279 3184
f 199 278 231
f 3371 3432 3279
f 153 229 199
f 3279 3432 3438
f 165 153 199
f 165 199 231
f 3438 3432 3523
f 153 165 115
f 247 165 231
f 207 115 165
f 207 165 247
f 3767 3728 3601
f 183 115 207
f 3601 3728 3580
f 183 95 115
f 3580 3728 3693
f 3728 3844 3693
f 178 95 183
f 99 95 131
f 131 178 154
f 131 95 178
f 3686 3693 3768
f 3844 3850 3693
f 3850 3768 3693
f 131 112 99
f 3686 3768 3676
f 105 54 112
f 112 128 105
f 128 160 104
f 3655 3800 3614
f 3840 3800 3655
f 3800 3770 3614
f 3770 3502 3614
f 3770 3669 3502
f 189 219 164
f 3669 3506 3502
f 3502 3434 3431
f 3502 3506 3434
f 3311 3342 3248
f 3431 3342 3311
f 3342 3431 3434
f 3111 3004 2929
f 3111 3209 3004
f 2929 3004 2807
f 325 285 298
f 2358 2520 2721
f 2709 2721 2807
f 2176 2174 2052
f 1403 1486 1683
f 1828 1765 1876
f 2052 1828 1928
f 1828 1876 1928
f 427 285 325
f 1280 1409 1216
f 1409 1403 1683
f 1682 1409 1683
f 1765 1682 1683
f 883 799 948
f 1131 948 1011
f 1131 1011 1159
f 1131 1159 1216
f 890 740 799
f 883 890 799
f 664 581 627
f 627 740 664
f 632 554 494
f 632 712 745
f 712 803 745
f 483 494 554
f 554 632 745
f 745 793 736
f 745 803 793
f 803 896 793
f 896 872 793
f 375 494 483
f 375 404 494
f 554 745 736
f 988 872 896
f 988 1098 1066
f 405 375 483
f 1177 1066 1098
f 1098 1180 1177
f 1180 1311 1177
f 277 404 375
f 277 375 405
f 1177 1311 1250
f 1311 1453 1250
f 277 405 322
f 1453 1570 1427
f 1570 1585 1427
f 1585 1689 1634
f 191 208 277
f 1689 1951 1634
f 1951 2060 2044
f 2060 2042 2044
f 2060 2375 2042
f 191 277 322
f 2042 2375 2219
f 2219 2375 2447
f 2375 2508 2447
f 2508 2561 2447
f 2508 2809 2561
f 200 191 322
f 2561 2809 2759
f 2809 3041 2759
f 200 313 289
f 200 322 313
f 113 191 126
f 126 191 200
f 229 200 289
f 2759 3041 2989
f 2989 3100 3175
f 2989 3041 3100
f 3100 3310 3175
f 126 200 229
f 3175 3310 3371
f 3175 3371 3184
f 3519 3523 3432
f 153 126 229
f 3519 3590 3523
f 3590 3631 3523
f 92 126 153
f 92 113 126
f 3523 3631 3601
f 3631 3774 3601
f 92 115 30
f 115 72 30
f 115 92 153
f 3601 3774 3767
f 37 115 95
f 37 72 115
f 3728 3767 3844
f 99 37 95
f 54 99 112
f 3850 3703 3768
f 105 91 54
f 3850 3840 3703
f 3840 3655 3703
f 105 128 91
f 128 104 91
f 104 160 164
f 160 189 164
f 3669 3770 3762
f 3800 3762 3770
f 3669 3623 3506
f 3762 3623 3669
f 3762 3674 3623
f 3674 3571 3623
f 264 253 219
f 3506 3623 3571
f 252 253 264
f 285 252 264
f 411 252 285
f 2807 3004 2709
f 3209 3179 3004
f 3179 3104 3004
f 3179 3209 3248
f 3342 3179 3248
f 2794 2709 3004
f 2174 2358 2366
f 2695 2366 2721
f 2366 2358 2721
f 2695 2721 2709
f 2794 2695 2709
f 1682 1765 1828
f 1214 1216 1323
f 1323 1216 1409
f 1682 1323 1409
f 498 506 427
f 498 581 678
f 890 948 1018
f 890 883 948
f 1018 948 1131
f 1214 1131 1216
f 664 678 581
f 1018 740 890
f 917 957 919
f 495 470 377
f 919 862 693
f 957 1048 919
f 377 470 494
f 645 632 470
f 645 712 632
f 712 645 693
f 712 693 862
f 919 1048 862
f 246 251 308
f 308 377 404
f 803 1048 977
f 803 862 1048
f 251 246 237
f 404 377 494
f 494 470 632
f 712 862 803
f 977 1053 979
f 279 308 404
f 896 977 979
f 896 803 977
f 166 237 246
f 279 246 308
f 896 979 988
f 988 979 1053
f 237 166 152
f 166 246 279
f 988 1053 1098
f 1053 1180 1098
f 1053 1248 1180
f 1248 1329 1180
f 166 279 277
f 277 279 404
f 1180 1329 1311
f 1329 1364 1311
f 1364 1453 1311
f 1364 1470 1453
f 173 166 277
f 1470 1617 1453
f 1617 1570 1453
f 97 166 173
f 1617 1585 1570
f 1617 1845 1585
f 1845 1689 1585
f 81 127 97
f 97 127 166
f 208 173 277
f 1689 1845 1951
f 1845 1992 1951
f 2107 2375 1992
f 2107 2378 2375
f 1951 1992 2060
f 2060 1992 2375
f 2378 2505 2375
f 97 83 81
f 83 66 81
f 83 173 191
f 83 97 173
f 191 173 208
f 2375 2505 2508
f 2508 2505 2809
f 2809 3013 3041
f 108 83 191
f 3013 3100 3041
f 3013 3227 3100
f 60 83 108
f 60 66 83
f 3100 3227 3289
f 113 108 191
f 3100 3289 3310
f 3289 3429 3310
f 56 60 108
f 56 108 113
f 3310 3429 3371
f 3429 3432 3371
f 3429 3519 3432
f 3519 3642 3590
f 36 56 113
f 3590 3744 3631
f 36 113 92
f 36 30 24
f 3744 3861 3631
f 3744 3789 3861
f 30 15 24
f 30 36 92
f 3774 3631 3861
f 13 15 30
f 13 30 72
f 3774 3861 3767
f 3767 3861 3844
f 3861 3919 3844
f 37 13 72
f 11 13 37
f 37 17 11
f 3844 3919 3948
f 3958 3948 3919
f 37 99 54
f 37 54 17
f 54 26 17
f 3850 3844 3948
f 26 91 46
f 54 91 26
f 3949 3850 3948
f 104 46 91
f 3840 3850 3949
f 3800 3949 3887
f 3800 3840 3949
f 3949 3907 3887
f 3762 3800 3887
f 3887 3811 3762
f 3887 3842 3811
f 3907 3842 3887
f 219 195 164
f 3762 3811 3674
f 219 253 252
f 3811 3732 3674
f 3811 3842 3732
f 3674 3626 3571
f 3571 3434 3506
f 3571 3626 3434
f 411 265 252
f 3179 3342 3277
f 3277 3342 3434
f 2794 3004 3104
f 427 440 285
f 440 411 285
f 440 427 506
f 1828 1798 1682
f 1828 1844 1798
f 1963 1844 1828
f 1963 1828 2052
f 2174 2185 2052
f 2174 2261 2185
f 2366 2261 2174
f 2695 2578 2366
f 498 544 506
f 544 498 678
f 1323 1474 1379
f 1798 1474 1682
f 1474 1323 1682
f 2046 1963 2052
f 2046 2052 2185
f 2269 2261 2366
f 2578 2269 2366
f 678 664 740
f 776 678 740
f 838 776 740
f 838 1018 1014
f 838 740 1018
f 1014 1018 1214
f 1018 1131 1214
f 1379 1214 1323
f 233 218 210
f 218 283 280
f 218 233 283
f 377 303 380
f 609 666 645
f 836 1010 917
f 280 283 303
f 280 303 377
f 377 380 390
f 377 390 495
f 495 390 526
f 526 609 645
f 666 693 645
f 666 836 693
f 836 919 693
f 917 919 836
f 917 1010 957
f 1010 1181 957
f 159 184 186
f 186 184 218
f 186 218 280
f 186 280 251
f 308 280 377
f 495 526 470
f 470 526 645
f 957 1181 1048
f 251 280 308
f 186 209 159
f 209 155 159
f 237 186 251
f 977 1048 1053
f 1048 1243 1053
f 1048 1181 1243
f 209 143 155
f 209 186 237
f 209 171 143
f 171 209 237
f 1053 1243 1248
f 133 171 152
f 152 171 237
f 1243 1364 1248
f 1243 1300 1364
f 1300 1469 1364
f 1329 1248 1364
f 133 152 73
f 73 152 127
f 127 152 166
f 1470 1469 1617
f 1470 1364 1469
f 1469 1608 1617
f 1608 1733 1617
f 127 55 73
f 1733 1845 1617
f 1733 1830 1845
f 2243 2412 2378
f 2378 2500 2505
f 2378 2412 2500
f 2505 2500 2714
f 55 127 81
f 1845 1830 1992
f 1992 1830 2107
f 2107 2243 2378
f 2505 2714 2806
f 2809 2806 3008
f 3008 3215 2809
f 3008 3095 3215
f 81 68 55
f 2505 2806 2809
f 3215 3353 3013
f 3013 2809 3215
f 3013 3353 3363
f 50 68 66
f 68 81 66
f 3227 3013 3363
f 66 32 50
f 3289 3227 3363
f 3363 3430 3289
f 66 60 32
f 3289 3430 3504
f 3504 3642 3429
f 60 20 32
f 3289 3504 3429
f 3519 3429 3642
f 60 56 20
f 3590 3642 3677
f 3677 3725 3590
f 56 36 20
f 36 12 20
f 3744 3590 3725
f 3744 3847 3789
f 3744 3725 3847
f 3789 3847 3853
f 3847 3909 3853
f 36 24 12
f 3789 3853 3909
f 3861 3909 3928
f 3861 3789 3909
f 3909 3924 3928
f 3924 3957 3928
f 24 15 12
f 15 6 12
f 6 15 13
f 3861 3928 3919
f 3928 3992 3919
f 3928 3957 3992
f 6 13 11
f 3919 3992 3958
f 3992 3948 3958
f 11 17 9
f 21 9 17
f 21 17 26
f 3992 3991 3948
f 46 21 26
f 3977 3949 3948
f 3991 3977 3948
f 100 46 104
f 164 100 104
f 3949 3944 3907
f 3842 3907 3913
f 216 195 219
f 252 216 219
f 3732 3842 3729
f 3831 3729 3842
f 3674 3617 3626
f 3732 3617 3674
f 3732 3729 3617
f 3626 3585 3434
f 3585 3626 3617
f 3585 3465 3434
f 3465 3277 3434
f 3179 3187 3104
f 3187 3277 3278
f 3187 3179 3277
f 3465 3278 3277
f 2794 2969 2695
f 2969 2794 3104
f 3104 3187 2969
f 544 678 650
f 650 678 727
f 727 678 776
f 2261 2269 2185
f 2695 2688 2578
f 2969 2688 2695
f 838 727 776
f 1214 1379 1285
f 1379 1414 1285
f 1379 1474 1414
f 1762 1474 1798
f 1844 1762 1798
f 2688 2550 2578
f 971 1014 1214
f 1257 971 1214
f 1285 1257 1214
f 1579 1474 1762
f 2297 2185 2269
f 2550 2297 2269
f 2550 2269 2578
f 190 254 245
f 254 273 245
f 376 378 273
f 376 459 378
f 245 273 283
f 283 273 378
f 196 190 245
f 196 245 233
f 233 245 283
f 378 459 496
f 196 163 190
f 283 378 303
f 303 378 380
f 380 378 496
f 380 496 390
f 390 496 514
f 514 609 526
f 705 913 666
f 705 790 913
f 790 984 913
f 163 196 210
f 210 196 233
f 184 163 210
f 390 514 526
f 609 705 666
f 666 913 836
f 913 1010 836
f 913 984 1010
f 184 157 163
f 184 210 218
f 157 184 159
f 1219 1181 1010
f 1243 1181 1219
f 1219 1307 1243
f 155 143 136
f 1243 1307 1300
f 106 136 143
f 1300 1307 1513
f 1307 1523 1513
f 2864 2887 2704
f 2864 2974 2887
f 143 133 106
f 133 143 171
f 1469 1300 1513
f 1726 1871 1795
f 1871 2262 1795
f 1871 2246 2262
f 2246 2613 2262
f 2613 2500 2262
f 2500 2704 2887
f 2500 2613 2704
f 133 73 106
f 1513 1608 1469
f 1830 2262 2107
f 1830 1795 2262
f 2107 2262 2243
f 2714 2887 3076
f 2887 2974 3076
f 2974 3259 3076
f 1733 1608 1795
f 1733 1795 1830
f 2243 2262 2412
f 2412 2262 2500
f 2714 2500 2887
f 3259 3095 3076
f 2806 3076 3008
f 2806 2714 3076
f 3008 3076 3095
f 3095 3259 3276
f 3259 3427 3276
f 55 42 73
f 3095 3276 3215
f 3427 3353 3276
f 3215 3276 3353
f 68 51 55
f 3353 3570 3363
f 34 51 68
f 3430 3363 3570
f 3570 3620 3430
f 3570 3740 3620
f 68 50 34
f 3504 3430 3620
f 3620 3765 3642
f 3620 3740 3765
f 22 34 50
f 3504 3620 3642
f 50 32 22
f 3677 3642 3765
f 5 22 32
f 3725 3765 3847
f 3725 3677 3765
f 3765 3869 3847
f 32 20 5
f 20 1 5
f 2 1 20
f 3869 3952 3847
f 3847 3952 3909
f 20 12 2
f 3924 3909 3952
f 12 6 2
f 3957 3924 3955
f 6 4 2
f 3999 3992 3957
f 8 4 6
f 9 6 11
f 9 8 6
f 18 21 28
f 9 21 18
f 21 33 28
f 3996 3991 3992
f 3996 3985 3991
f 21 46 33
f 3985 3977 3991
f 3953 3949 3977
f 3953 3944 3949
f 164 181 100
f 3913 3907 3944
f 3953 3913 3944
f 195 181 164
f 3911 3842 3913
f 252 267 216
f 3831 3842 3908
f 3911 3908 3842
f 265 267 252
f 3908 3841 3831
f 267 265 362
f 3831 3841 3729
f 411 362 265
f 3729 3678 3617
f 3841 3678 3729
f 3617 3621 3585
f 3621 3617 3678
f 3585 3621 3465
f 3621 3499 3465
f 650 506 544
f 3187 3044 2969
f 3044 3278 3158
f 3044 3187 3278
f 3278 3288 3158
f 3288 3278 3465
f 727 838 830
f 830 838 1014
f 1257 1285 1414
f 2969 2932 2688
f 2969 3044 2932
f 869 830 1014
f 869 1014 971
f 1257 1414 1516
f 1474 1516 1414
f 1762 1844 1905
f 1905 1844 1963
f 1905 1963 2046
f 2046 2127 1905
f 2046 2185 2127
f 2127 2185 2297
f 2127 2297 2400
f 2400 2297 2550
f 2400 2550 2817
f 2550 2688 2817
f 2817 2688 2932
f 1089 971 1257
f 1579 1516 1474
f 1577 1516 1579
f 302 324 273
f 324 376 273
f 324 364 376
f 254 302 273
f 254 214 302
f 395 376 364
f 459 376 395
f 395 452 459
f 452 644 496
f 254 190 214
f 459 452 496
f 514 496 644
f 644 703 705
f 705 703 790
f 703 841 790
f 163 214 190
f 644 609 514
f 644 705 609
f 984 790 841
f 841 1019 984
f 214 163 187
f 1195 984 1019
f 1010 984 1195
f 163 180 187
f 157 180 163
f 1219 1010 1195
f 141 157 159
f 1428 1219 1195
f 141 159 155
f 1219 1428 1307
f 80 141 136
f 155 136 141
f 1523 1307 1428
f 1428 1530 1523
f 80 136 106
f 1523 1530 1513
f 1530 1666 1513
f 1666 1885 1726
f 1885 1871 1726
f 2105 2374 2246
f 2246 2374 2613
f 2374 2486 2613
f 2876 2974 2864
f 69 80 106
f 1513 1666 1608
f 1608 1666 1726
f 2105 2246 1871
f 2486 2736 2613
f 2736 2704 2613
f 2736 2864 2704
f 2876 2864 2736
f 73 69 106
f 1726 1795 1608
f 3259 2974 3244
f 69 73 49
f 42 49 73
f 55 31 42
f 3427 3569 3353
f 55 51 31
f 3353 3569 3570
f 3569 3671 3570
f 19 31 51
f 51 34 19
f 3740 3570 3671
f 10 19 34
f 34 22 10
f 3740 3790 3765
f 5 10 22
f 3765 3790 3869
f 3855 3869 3790
f 3855 3952 3869
f 3 1 2
f 3955 3924 3952
f 2 7 3
f 3983 3957 3955
f 2 4 7
f 4 29 7
f 3999 3957 3983
f 8 29 4
f 3996 3992 3999
f 18 8 9
f 33 18 28
f 33 46 44
f 3996 3997 3985
f 88 44 46
f 100 88 46
f 122 88 100
f 3985 3953 3977
f 3997 3953 3985
f 122 100 181
f 3997 3976 3953
f 3976 3913 3953
f 195 213 181
f 3976 4002 3913
f 216 213 195
f 216 266 213
f 3943 3911 3913
f 4002 3943 3913
f 267 266 216
f 3943 3908 3911
f 362 386 267
f 492 362 411
f 3841 3636 3678
f 3678 3636 3621
f 440 524 411
f 577 440 506
f 577 524 440
f 619 577 506
f 650 619 506
f 3288 3465 3338
f 3338 3465 3499
f 3158 3288 3213
f 3338 3213 3288
f 936 971 985
f 936 869 971
f 985 971 1034
f 1052 985 1034
f 2008 1905 2127
f 2817 2932 2868
f 2932 3044 2868
f 2868 3044 3158
f 1089 1034 971
f 1100 1034 1089
f 1100 1089 1257
f 2008 2127 2400
f 2522 2400 2817
f 1281 1257 1516
f 1488 1281 1516
f 1488 1577 1556
f 1488 1516 1577
f 1577 1636 1556
f 1577 1579 1636
f 1831 1636 1762
f 1636 1579 1762
f 1831 1762 1905
f 1831 1905 2008
f 2267 2008 2400
f 302 391 324
f 391 364 324
f 214 232 302
f 302 342 391
f 395 364 391
f 391 460 395
f 460 452 395
f 699 644 452
f 703 644 699
f 811 703 699
f 811 841 703
f 248 302 232
f 248 342 302
f 460 699 452
f 301 342 248
f 214 202 232
f 202 248 232
f 288 301 248
f 214 187 202
f 288 248 202
f 1019 841 908
f 288 202 176
f 187 180 202
f 176 202 180
f 1019 1116 1195
f 176 180 157
f 1116 1183 1195
f 141 176 157
f 1348 1428 1195
f 80 63 141
f 63 176 141
f 1736 1530 1621
f 1736 1666 1530
f 1736 1839 1666
f 2374 2173 2469
f 2469 2486 2374
f 2469 2579 2486
f 1839 1885 1666
f 2062 1885 1839
f 2062 1871 1885
f 2062 2105 1871
f 2105 2062 2173
f 2105 2173 2374
f 2777 2486 2579
f 2777 2736 2486
f 2777 2876 2736
f 63 80 69
f 3133 2974 2876
f 3133 3244 2974
f 3244 3360 3259
f 63 69 49
f 3427 3259 3360
f 3360 3490 3427
f 45 63 49
f 3490 3569 3427
f 45 49 42
f 35 42 31
f 35 45 42
f 25 35 31
f 3569 3652 3671
f 25 31 19
f 23 25 19
f 3671 3790 3740
f 3671 3773 3790
f 10 14 19
f 14 23 19
f 5 14 10
f 3790 3918 3855
f 3855 3918 3952
f 5 1 14
f 1 3 14
f 3951 3952 3918
f 3980 3952 3951
f 3980 3955 3952
f 7 16 3
f 3980 4033 3955
f 4033 4003 3955
f 4003 3983 3955
f 3999 3983 4003
f 7 29 16
f 4018 3999 4003
f 29 8 27
f 4018 3996 3999
f 8 38 27
f 3997 3996 4018
f 4042 3997 4018
f 18 38 8
f 33 38 18
f 44 38 33
f 44 57 38
f 57 44 87
f 88 87 44
f 87 88 122
f 4042 4037 3997
f 4037 3976 3997
f 181 201 122
f 201 181 213
f 4037 4002 3976
f 4002 3921 3943
f 3921 3908 3943
f 3921 3841 3908
f 386 266 267
f 492 386 362
f 524 492 411
f 3520 3621 3636
f 3499 3621 3520
f 785 650 727
f 785 727 830
f 3338 3375 3213
f 3338 3418 3375
f 3520 3418 3499
f 3418 3338 3499
f 869 785 830
f 1052 1034 985
f 3087 2868 3158
f 3158 3213 3087
f 1091 985 1034
f 1091 1034 1100
f 1091 1100 1257
f 2868 2905 2817
f 2868 2980 2905
f 2980 2868 3087
f 1133 1091 1257
f 1133 1281 1211
f 1133 1257 1281
f 1556 1636 1686
f 1686 1636 1831
f 2400 2522 2267
f 2522 2711 2619
f 2905 2711 2817
f 2711 2522 2817
f 1547 1281 1488
f 1556 1547 1488
f 1746 1686 1831
f 1952 1746 1831
f 1952 1831 2008
f 2077 1952 2008
f 2267 2077 2008
f 2619 2267 2522
f 529 623 460
f 623 699 460
f 301 358 342
f 358 391 342
f 460 358 529
f 460 391 358
f 623 704 699
f 752 699 704
f 752 811 699
f 451 529 358
f 451 527 529
f 623 529 527
f 879 811 752
f 879 841 811
f 288 358 301
f 288 241 358
f 841 879 908
f 176 241 288
f 1039 1019 908
f 241 176 223
f 1039 1116 1019
f 1234 1195 1183
f 1348 1195 1234
f 223 176 142
f 1348 1422 1428
f 1422 1530 1428
f 1422 1621 1530
f 63 142 176
f 1771 1839 1736
f 2062 2145 2173
f 2145 2473 2173
f 2473 2469 2173
f 2473 2579 2469
f 142 63 85
f 2145 2062 1839
f 2125 2473 2145
f 2534 2579 2473
f 2534 2777 2579
f 2534 2783 2777
f 2783 2876 2777
f 2855 2783 2821
f 2855 2876 2783
f 2855 3133 2876
f 3416 3360 3282
f 3416 3490 3360
f 3416 3562 3490
f 63 70 85
f 2552 2783 2534
f 2552 2821 2783
f 2821 2902 2855
f 3282 3244 3133
f 3360 3244 3282
f 45 70 63
f 3569 3562 3593
f 3569 3490 3562
f 53 70 45
f 3569 3593 3652
f 35 53 45
f 53 35 25
f 3680 3652 3593
f 3671 3652 3680
f 3680 3745 3671
f 3745 3773 3671
f 40 23 14
f 3773 3914 3790
f 43 40 14
f 3918 3790 3914
f 3918 3914 3987
f 3918 3987 3951
f 14 3 43
f 3 16 43
f 43 16 48
f 3980 3951 3987
f 3987 4029 3980
f 4029 4019 3980
f 4033 3980 4019
f 16 29 48
f 29 39 48
f 4003 4033 4068
f 4003 4068 4018
f 27 39 29
f 39 27 38
f 38 67 39
f 4068 4042 4018
f 38 57 67
f 57 87 135
f 4037 4042 4086
f 122 135 87
f 146 135 122
f 4037 4086 4081
f 4082 4081 4086
f 146 122 201
f 4081 4056 4037
f 213 215 201
f 4056 4002 4037
f 321 213 266
f 215 213 321
f 3921 4002 3990
f 4056 3990 4002
f 321 266 367
f 386 367 266
f 3990 3925 3921
f 367 386 508
f 3841 3921 3925
f 508 386 492
f 3636 3841 3925
f 536 508 492
f 524 536 492
f 3925 3695 3636
f 577 536 524
f 785 761 650
f 3418 3520 3526
f 869 849 785
f 936 849 869
f 3087 3213 3295
f 3295 3213 3375
f 2711 2905 2670
f 1276 1211 1281
f 1276 1281 1547
f 1556 1686 1605
f 1686 1746 1605
f 2077 2045 1952
f 2267 2045 2077
f 2267 2619 2348
f 2619 2711 2670
f 1605 1547 1556
f 2263 2045 2267
f 2263 2267 2348
f 260 295 241
f 358 241 295
f 401 358 295
f 401 451 358
f 401 474 451
f 474 527 451
f 623 527 568
f 623 612 704
f 612 733 704
f 733 752 704
f 733 879 752
f 140 260 241
f 474 568 527
f 612 623 568
f 733 888 879
f 888 908 879
f 223 140 241
f 888 1039 908
f 1136 1116 1039
f 1136 1199 1116
f 1199 1183 1116
f 1199 1234 1183
f 1136 1039 888
f 1199 1283 1234
f 1283 1348 1234
f 142 140 223
f 1283 1422 1348
f 1283 1522 1422
f 142 125 140
f 1522 1621 1422
f 125 142 102
f 1621 1581 1736
f 1522 1581 1621
f 1581 1771 1736
f 1784 1839 1771
f 102 142 85
f 1771 1581 1784
f 1843 1839 1784
f 1843 2125 1839
f 2125 2145 1839
f 79 102 70
f 102 85 70
f 1812 1956 1843
f 1956 2125 1843
f 2257 2473 2125
f 3282 3456 3416
f 3456 3562 3416
f 79 70 76
f 2257 2534 2473
f 2902 3223 2855
f 3223 3133 2855
f 3223 3282 3133
f 3282 3223 3456
f 3456 3535 3562
f 76 70 53
f 1956 2071 2125
f 2071 2257 2125
f 2552 2534 2257
f 2776 2821 2552
f 3223 2902 2998
f 3562 3689 3593
f 3562 3535 3689
f 61 76 53
f 2476 2776 2552
f 2476 2699 2776
f 2776 2998 2821
f 2998 2902 2821
f 3593 3689 3680
f 3689 3764 3680
f 3689 3798 3764
f 2071 2552 2257
f 2275 2552 2071
f 2699 2804 2776
f 2804 2998 2776
f 3680 3764 3745
f 25 47 53
f 47 61 53
f 2388 2552 2275
f 2388 2476 2552
f 2587 2699 2476
f 3745 3764 3773
f 3798 3816 3764
f 3816 3773 3764
f 3816 3845 3773
f 25 23 47
f 23 52 47
f 2587 2726 2699
f 2804 2699 2726
f 3845 3903 3773
f 52 23 40
f 2624 2726 2587
f 3773 3903 3914
f 43 41 40
f 3914 4026 3987
f 4026 4029 3987
f 4029 4054 4019
f 4019 4054 4033
f 4033 4054 4077
f 4033 4077 4068
f 48 39 59
f 4077 4084 4068
f 67 59 39
f 4084 4042 4068
f 4086 4042 4084
f 67 57 78
f 4083 4086 4084
f 4083 4082 4086
f 78 57 118
f 57 135 118
f 118 123 78
f 168 135 146
f 118 135 168
f 201 168 146
f 168 201 220
f 4083 4061 4082
f 4061 4081 4082
f 201 215 220
f 215 250 220
f 4061 4056 4081
f 4061 4027 4056
f 321 250 215
f 220 250 321
f 4056 4027 3990
f 4027 3916 3990
f 3916 3902 3925
f 3916 3925 3990
f 508 536 541
f 3925 3902 3695
f 541 536 577
f 541 577 654
f 654 577 619
f 3902 3608 3695
f 650 654 619
f 761 654 650
f 3636 3695 3608
f 849 761 785
f 3526 3520 3545
f 3520 3608 3545
f 3520 3636 3608
f 936 981 849
f 3354 3375 3418
f 3526 3484 3418
f 3545 3484 3526
f 985 981 936
f 981 985 1091
f 3077 3087 3295
f 3375 3354 3295
f 3354 3173 3295
f 3484 3354 3418
f 1133 1130 1091
f 1130 981 1091
f 1130 1133 1190
f 1211 1190 1133
f 2905 2833 2670
f 2833 2980 2965
f 2833 2905 2980
f 3087 3077 2980
f 3077 2965 2980
f 1276 1190 1211
f 1584 1276 1547
f 1605 1746 1628
f 1628 1746 1952
f 2164 2348 2489
f 2619 2489 2348
f 2670 2489 2619
f 1605 1584 1547
f 1628 1584 1605
f 1825 1628 1952
f 1825 1952 2045
f 1825 2045 2106
f 2106 2045 2263
f 2348 2106 2263
f 2348 2164 2106
f 260 401 295
f 260 453 401
f 474 401 453
f 453 568 474
f 562 612 568
f 552 453 260
f 562 568 453
f 876 888 733
f 158 552 260
f 612 876 733
f 876 1136 888
f 876 1054 1136
f 260 140 158
f 798 1054 876
f 1054 1199 1136
f 1431 1283 1199
f 140 125 158
f 552 562 453
f 798 876 612
f 1372 1431 1199
f 1522 1283 1431
f 562 801 612
f 801 798 612
f 1054 1372 1199
f 1512 1431 1372
f 1512 1522 1431
f 1512 1581 1522
f 158 125 117
f 125 102 117
f 552 801 562
f 983 1054 798
f 983 1118 1054
f 1627 1581 1512
f 1707 1581 1627
f 801 983 798
f 1784 1581 1707
f 1707 1843 1784
f 79 117 102
f 1707 1812 1843
f 79 76 117
f 76 74 117
f 117 239 158
f 158 566 552
f 3152 3561 3223
f 3561 3456 3223
f 3561 3535 3456
f 239 566 158
f 566 801 552
f 1867 1707 1659
f 1867 1812 1707
f 2998 3152 3223
f 3152 3274 3561
f 3274 3508 3561
f 3668 3535 3561
f 3668 3689 3535
f 76 61 74
f 1956 1812 1867
f 1867 2071 1956
f 2998 3185 3152
f 3185 3274 3152
f 3508 3613 3561
f 3613 3668 3561
f 3798 3668 3613
f 3798 3689 3668
f 1944 2071 1867
f 61 71 74
f 71 137 74
f 137 117 74
f 1944 2275 2071
f 2804 3103 2998
f 3103 3185 2998
f 3613 3670 3798
f 3670 3780 3798
f 3780 3816 3798
f 61 47 71
f 137 239 117
f 566 660 801
f 2388 2275 1944
f 2388 2587 2476
f 3780 3843 3816
f 3843 3845 3816
f 47 52 71
f 2132 2336 2388
f 2336 2587 2388
f 3103 2726 2803
f 3103 2804 2726
f 3670 3843 3780
f 3903 3845 3843
f 71 86 137
f 2336 2624 2587
f 2803 3081 3103
f 3788 3843 3670
f 3892 3914 3903
f 40 41 52
f 52 86 71
f 170 239 137
f 501 566 239
f 2563 2624 2336
f 2563 2726 2624
f 3788 3903 3843
f 86 130 137
f 130 170 137
f 258 399 239
f 399 501 239
f 2560 2726 2563
f 2726 2830 2803
f 2830 3081 2803
f 2830 2879 3081
f 3788 3892 3903
f 4000 3914 3892
f 4000 4026 3914
f 41 86 52
f 101 130 86
f 170 258 239
f 2560 2830 2726
f 3074 3081 2879
f 3788 4000 3892
f 3719 4000 3788
f 4000 4029 4026
f 48 41 43
f 48 86 41
f 48 101 86
f 3833 3995 4000
f 3995 4029 4000
f 3833 4000 3719
f 3995 4054 4029
f 59 101 48
f 4051 3995 3833
f 59 94 101
f 4051 4054 3995
f 4051 4077 4054
f 59 107 94
f 3810 3719 3492
f 3810 3833 3719
f 3833 3810 4051
f 4051 4084 4077
f 59 111 107
f 59 67 111
f 3094 4063 3492
f 67 78 111
f 78 123 111
f 123 121 111
f 121 123 179
f 2995 4063 3094
f 4063 3810 3492
f 4051 4083 4084
f 118 179 123
f 118 150 179
f 179 150 217
f 4063 4051 3810
f 4051 4063 4083
f 168 150 118
f 150 230 217
f 230 274 217
f 3405 4063 2995
f 230 368 274
f 2873 3405 2995
f 3405 3750 4063
f 150 168 230
f 168 220 230
f 3750 4046 4063
f 4046 4083 4063
f 4046 4061 4083
f 230 297 368
f 230 220 297
f 297 354 368
f 354 456 368
f 2951 3405 2873
f 3144 3405 2951
f 4046 4027 4061
f 321 297 220
f 297 321 354
f 3901 4046 3750
f 367 354 321
f 354 443 456
f 410 500 443
f 3405 3487 3750
f 3901 3916 4046
f 4046 3916 4027
f 354 410 443
f 354 367 410
f 3144 3487 3405
f 3487 3567 3750
f 3750 3503 3901
f 410 367 485
f 485 500 410
f 485 367 541
f 3567 3503 3750
f 508 541 367
f 485 541 605
f 541 654 605
f 3421 3503 3567
f 3641 3916 3901
f 605 654 709
f 3349 3503 3421
f 3503 3641 3901
f 3641 3902 3916
f 3641 3608 3902
f 761 709 654
f 709 761 849
f 3435 3503 3349
f 3183 3365 3435
f 3435 3510 3503
f 3510 3641 3503
f 3510 3545 3641
f 3641 3545 3608
f 981 922 849
f 1164 1068 1190
f 3173 3365 3183
f 3173 3354 3365
f 3365 3510 3435
f 1068 922 981
f 1164 1190 1235
f 2898 2965 2933
f 2965 3079 2933
f 2965 3077 3079
f 3173 3077 3295
f 3173 3079 3077
f 3484 3365 3354
f 3510 3365 3484
f 3510 3484 3545
f 1130 1068 981
f 1068 1130 1190
f 1775 1529 1628
f 2670 2557 2489
f 2557 2670 2833
f 2898 2557 2833
f 2898 2833 2965
f 1276 1235 1190
f 1235 1276 1584
f 1448 1235 1584
f 1529 1448 1584
f 1529 1584 1628
f 1775 1628 1825
f 1775 1825 2164
f 2164 2421 2160
f 2421 2164 2489
f 2489 2557 2421
f 2164 1825 2106
f 1118 1372 1054
f 1118 1512 1372
f 1308 1512 1118
f 990 1118 983
f 990 1182 1118
f 1182 1308 1118
f 1308 1528 1512
f 1528 1627 1512
f 1627 1659 1707
f 1135 1182 990
f 1528 1664 1627
f 1664 1659 1627
f 1705 1659 1664
f 1705 1867 1659
f 801 856 983
f 983 856 990
f 856 1135 990
f 1705 1744 1867
f 1944 1867 1744
f 660 856 801
f 3446 3508 3274
f 1882 1944 1744
f 2132 1944 1882
f 2132 2388 1944
f 3103 3176 3185
f 3274 3185 3176
f 660 566 649
f 649 856 660
f 649 868 856
f 3103 3081 3176
f 3176 3446 3274
f 3446 3613 3508
f 856 868 1135
f 1931 2132 1882
f 3446 3670 3613
f 921 868 649
f 3081 3074 3176
f 3074 3308 3176
f 3308 3446 3176
f 3518 3670 3446
f 3518 3788 3670
f 501 649 566
f 1931 2336 2132
f 2336 2413 2563
f 3308 3518 3446
f 2155 2336 1931
f 2413 2336 2155
f 3719 3788 3518
f 501 587 649
f 587 755 649
f 755 921 649
f 2560 2563 2413
f 2155 2560 2413
f 2560 2584 2830
f 2584 2879 2830
f 2680 3097 2879
f 3097 3074 2879
f 3097 3308 3074
f 101 145 130
f 258 587 399
f 587 501 399
f 587 692 755
f 2407 2560 2155
f 3518 3492 3719
f 145 170 130
f 145 221 170
f 221 258 170
f 2584 2560 2407
f 2584 2680 2879
f 3097 3518 3308
f 94 107 101
f 107 145 101
f 708 692 587
f 2680 2981 3097
f 3094 3518 3097
f 3094 3492 3518
f 2981 3094 3097
f 107 221 145
f 2569 2981 2680
f 111 221 107
f 221 545 258
f 545 587 258
f 545 708 587
f 545 663 708
f 2569 2680 2595
f 111 121 221
f 751 918 847
f 918 954 847
f 2569 3094 2981
f 217 545 221
f 2995 3094 2569
f 121 217 221
f 2483 2569 2467
f 2483 2995 2569
f 274 545 217
f 274 663 545
f 780 751 663
f 780 918 751
f 2467 2349 2483
f 121 179 217
f 274 780 663
f 780 974 918
f 2483 2873 2995
f 2234 2483 2349
f 456 780 274
f 974 780 456
f 2055 2483 2234
f 2055 2873 2483
f 274 368 456
f 456 628 974
f 850 974 628
f 1954 2873 2055
f 1954 2951 2873
f 2019 2951 1954
f 443 628 456
f 443 500 628
f 500 850 628
f 500 796 850
f 2019 2067 2951
f 2549 3144 2951
f 500 485 647
f 647 796 500
f 1167 987 1124
f 2549 2951 2067
f 2549 3487 3144
f 605 647 485
f 886 987 796
f 2549 3421 3487
f 3421 3567 3487
f 647 886 796
f 647 605 886
f 987 1111 1124
f 1111 1226 1124
f 1301 1226 1354
f 709 886 605
f 886 1111 987
f 1111 1354 1226
f 1301 1354 1514
f 2065 2549 2067
f 2504 3183 2549
f 3183 3349 2549
f 3349 3421 2549
f 886 1068 1111
f 1164 1354 1111
f 1354 1457 1514
f 2065 2259 2549
f 2259 2504 2549
f 1068 1164 1111
f 3183 3435 3349
f 849 886 709
f 886 849 922
f 886 922 1068
f 1164 1457 1354
f 1400 1567 1457
f 2504 2933 3183
f 1400 1457 1164
f 2006 2259 2065
f 2259 2557 2504
f 2557 2933 2504
f 3183 2933 3079
f 1400 1164 1235
f 1400 1235 1448
f 1400 1448 1529
f 1529 1567 1400
f 1529 1764 1567
f 2006 2160 2259
f 2381 2557 2259
f 2933 2557 2898
f 3173 3183 3079
f 1764 1529 1775
f 1764 1775 1868
f 1775 2006 1868
f 2160 2381 2259
f 2381 2421 2557
f 2006 1775 2164
f 2006 2164 2160
f 2421 2381 2160
f 1528 1580 1664
f 1580 1705 1664
f 1438 1528 1308
f 1438 1580 1528
f 1580 1744 1705
f 1125 1182 1135
f 1308 1182 1125
f 1125 1438 1308
f 1580 1882 1744
f 1780 1580 1321
f 1780 1882 1580
f 868 1125 1135
f 1224 1321 1438
f 1321 1580 1438
f 1931 1882 1780
f 1125 868 921
f 921 1224 1125
f 1224 1438 1125
f 1814 1931 1780
f 1583 1780 1321
f 1583 1814 1780
f 755 964 921
f 964 1224 921
f 2155 1931 1978
f 1439 1583 1321
f 1510 1583 1439
f 1814 1583 1510
f 1978 1931 1814
f 692 863 755
f 863 964 755
f 863 963 964
f 1224 964 963
f 1978 2150 2155
f 2150 2407 2155
f 1510 1322 1370
f 2361 2407 2150
f 2584 2407 2361
f 692 708 863
f 863 996 963
f 2361 2364 2584
f 708 800 863
f 1249 1322 1114
f 2364 2680 2584
f 800 708 663
f 800 847 863
f 847 996 863
f 996 954 1114
f 1249 1370 1322
f 2394 2595 2364
f 2364 2595 2680
f 751 847 800
f 996 847 954
f 954 1126 1114
f 1126 1249 1114
f 663 751 800
f 1370 1760 1510
f 2256 2370 2394
f 2370 2595 2394
f 2370 2569 2595
f 1129 1370 1249
f 2370 2467 2569
f 954 918 1126
f 918 1129 1126
f 1129 1249 1126
f 2256 2021 2370
f 2370 2349 2467
f 974 1370 1129
f 974 1496 1370
f 1496 1760 1370
f 2021 2349 2370
f 974 1129 918
f 1496 1776 1760
f 1778 1937 1776
f 1778 1945 1937
f 1945 2021 1937
f 1945 2234 2021
f 2021 2234 2349
f 1496 1778 1776
f 974 1399 1496
f 1945 2055 2234
f 1399 1629 1496
f 1629 1778 1496
f 1629 2055 1778
f 2055 1945 1778
f 1719 2055 1629
f 1719 1954 2055
f 850 1399 974
f 850 1063 1399
f 1437 1629 1399
f 1437 1658 1629
f 1658 1719 1629
f 1063 1437 1399
f 925 1063 850
f 1191 1437 1063
f 1718 1954 1719
f 1718 2019 1954
f 925 987 1063
f 1789 2019 1718
f 850 796 925
f 987 1167 1063
f 1167 1191 1063
f 1167 1437 1191
f 1167 1450 1437
f 1504 1789 1718
f 925 796 987
f 1226 1450 1167
f 1450 1301 1504
f 1651 1789 1504
f 1869 2067 1789
f 1789 2067 2019
f 1124 1226 1167
f 1301 1450 1226
f 1514 1504 1301
f 1514 1651 1504
f 1651 1881 1789
f 1881 1869 1789
f 1869 2065 2067
f 1514 1567 1651
f 1567 1806 1651
f 1806 1881 1651
f 1881 2065 1869
f 1567 1514 1457
f 1806 2065 1881
f 1806 1567 1764
f 1868 1806 1764
f 2065 1806 1868
f 2065 1868 2006
f 1439 1321 1224
f 1510 1978 1814
f 963 1114 1224
f 1114 1439 1224
f 1439 1322 1510
f 2364 2150 1978
f 2364 2361 2150
f 996 1114 963
f 1439 1114 1322
f 1760 1978 1510
f 1760 2364 1978
f 1760 2394 2364
f 2021 2394 1760
f 2021 2256 2394
f 1776 2021 1760
f 2021 1776 1937
f 1437 1718 1658
f 1658 1718 1719
f 1450 1718 1437
f 1450 1504 1718
