v 262.34384 96.26580 551.40130615
v 262.35095 94.34201 551.37969971
v 262.37326 100.43092 555.93225098
v 262.39685 101.54347 554.23168945
v 262.56708 98.35921 550.71026611
v 262.60135 96.07424 556.94055176
v 262.60559 94.30482 550.14379883
v 262.60962 91.99204 553.01434326
v 262.68823 101.61373 556.92767334
v 262.73441 91.79658 551.65893555
v 262.73761 103.08585 554.54785156
v 262.75168 99.17522 557.64794922
v 262.90512 97.47217 549.24475098
v 262.97189 99.21104 549.61944580
v 262.97812 91.63052 555.31219482
v 263.04712 101.74615 557.98425293
v 263.15173 93.81740 557.93023682
v 263.18582 91.21391 550.34338379
v 263.18686 103.95763 553.17919922
v 263.18747 90.41773 552.53430176
v 263.20679 103.76530 556.70874023
v 263.23083 95.77029 558.64312744
v 263.77994 92.61040 558.38989258
v 263.84842 90.18457 555.97888184
v 263.85358 103.47534 549.80255127
v 263.97366 104.94125 551.23364258
v 264.09686 98.12577 546.50262451
v 264.12466 94.07492 546.67468262
v 264.13043 101.30096 547.30828857
v 264.20291 105.82117 556.26507568
v 264.21069 101.80088 560.37677002
v 264.22421 91.48056 547.44329834
v 264.23648 89.55509 549.31085205
v 264.27548 106.22204 553.29467773
v 264.30176 96.73193 545.66082764
v 264.37439 105.08868 558.34063721
v 264.37744 102.90961 560.35076904
v 264.39191 103.68577 547.36126709
v 264.47195 89.48474 547.89685059
v 264.49179 87.98576 553.81402588
v 264.50607 114.76091 945.40460205
v 264.51047 87.91171 551.22003174
v 264.53036 118.02159 944.82385254
v 264.58875 115.65617 943.68054199
v 264.59134 116.35104 947.42077637
v 264.64563 97.40309 561.44940186
v 264.72787 93.38652 542.23095703
v 264.72876 88.63799 545.34509277
v 264.86771 113.50385 943.23388672
v 264.91049 103.52808 562.07562256
v 264.91696 111.98339 946.88366699
v 264.93042 101.79913 541.26300049
v 264.93912 106.03901 559.65502930
v 264.95569 121.51067 946.41326904
v 264.97806 86.41349 552.01037598
v 264.98727 99.07866 540.14898682
v 264.99225 113.03111 949.77362061
v 265.01193 105.30782 544.05822754
v 265.03659 102.07922 563.07519531
v 265.05774 100.52171 563.14495850
v 265.16016 90.55101 559.02764893
v 265.16837 93.29012 539.84051514
v 265.23007 85.19471 546.82385254
v 265.24863 90.05066 541.23394775
v 265.28024 91.96580 560.25115967
v 265.31296 110.50565 948.32684326
v 265.33466 110.28069 946.51019287
v 265.35281 82.89863 537.50213623
v 265.36014 84.60497 536.93127441
v 265.41623 108.78943 549.84436035
v 265.42603 83.34653 547.74792480
v 265.44293 106.00137 542.95568848
v 265.45654 124.49111 942.06933594
v 265.48669 112.13480 951.86853027
v 265.48721 103.76473 540.36285400
v 265.49268 124.06525 947.57965088
v 265.53461 89.82949 537.02661133
v 265.53949 83.46319 535.45568848
v 265.55402 114.77534 953.36517334
v 265.59470 79.38914 540.49334717
v 265.60037 83.05846 550.40533447
v 265.61017 79.54436 547.32379150
v 265.64874 87.22330 556.26519775
v 265.64984 117.62408 937.34051514
v 265.65186 101.02910 564.28509521
v 265.66949 85.16800 534.73681641
v 265.69244 126.33211 944.88629150
v 265.69476 110.91397 951.51275635
v 265.71744 119.38737 937.07049561
v 265.82291 108.98753 947.16339111
v 265.84109 90.62090 535.25299072
v 265.85504 107.77375 544.66876221
v 265.86737 119.27773 951.81262207
v 265.89740 95.11749 535.40185547
v 265.92542 79.81849 537.34649658
v 265.97348 113.79908 954.62127686
v 265.99695 83.76244 553.44744873
v 266.00842 116.29722 954.94183350
v 266.01038 112.13969 939.93658447
v 266.01657 108.87029 944.45123291
v 266.01846 109.87949 548.68298340
v 266.02176 90.88959 560.34033203
v 266.03268 126.70550 946.75805664
v 266.04471 97.75330 535.52386475
v 266.04553 109.73845 557.71508789
v 266.04797 117.59943 936.07568359
v 266.05145 108.82178 949.47174072
v 266.05402 78.01603 540.38531494
v 266.07236 126.89093 941.74047852
v 266.07425 77.50131 545.46154785
v 266.07477 121.06962 936.45910645
v 266.11081 78.15346 548.29730225
v 266.14929 103.69028 564.41009521
v 266.15131 99.08866 564.74584961
v 266.16190 123.91035 949.90692139
v 266.16577 104.97205 563.54205322
v 266.17569 81.83751 534.10980225
v 266.17960 120.10023 935.87011719
v 266.20761 77.26295 543.21875000
v 266.22513 110.01483 941.68225098
v 266.23627 108.78498 559.63427734
v 266.27490 110.70937 554.69390869
v 266.27814 127.72689 943.60742188
v 266.32126 118.02325 954.60748291
v 266.32693 80.48235 535.02038574
v 266.41382 79.26186 550.44006348
v 266.44284 86.67622 556.88165283
v 266.46558 104.36512 538.27294922
v 266.49884 124.88429 937.92950439
v 266.53259 100.97551 565.39001465
v 266.56238 95.37081 563.33850098
v 266.65445 78.06113 537.98443604
v 266.69135 110.88491 557.15222168
v 266.76126 127.53716 940.28338623
v 266.83826 82.24220 553.92736816
v 266.85062 76.95876 548.46105957
v 266.86322 108.40758 561.07501221
v 266.89020 111.28828 549.31054688
v 266.92633 103.53465 565.38067627
v 266.94492 121.29764 952.62078857
v 266.96567 97.07778 564.75048828
v 266.96991 84.47782 531.79718018
v 266.98431 76.19709 543.66436768
v 267.00385 113.74159 957.12597656
v 267.02722 110.81270 955.02526855
v 267.05124 115.76511 957.21264648
v 267.08133 128.09483 947.85083008
v 267.09845 87.99498 531.57244873
v 267.11411 110.57402 939.05187988
v 267.12616 84.73766 556.19201660
v 267.12961 92.76516 562.47601318
v 267.20013 112.06012 956.81848145
v 267.20505 111.89384 553.74859619
v 267.27560 107.89584 942.26660156
v 267.35324 82.26585 531.64062500
v 267.37219 95.38623 531.83880615
v 267.37982 98.58253 565.68774414
v 267.44781 126.91618 950.48217773
v 267.45175 113.83086 935.62823486
v 267.49585 111.25900 558.39379883
v 267.52936 116.35912 958.26885986
v 267.69275 107.06683 538.42700195
v 267.74344 78.15939 551.87890625
v 267.78873 105.98254 945.78100586
v 267.79257 98.49098 531.94757080
v 267.81384 121.58029 954.94171143
v 267.82504 108.72896 540.61712646
v 267.90213 102.80568 566.45843506
v 267.90466 76.22163 549.55926514
v 267.91373 83.81639 529.11248779
v 267.93289 90.66186 527.55548096
v 267.93799 114.06069 961.10614014
v 267.95303 86.52729 527.75109863
v 267.98138 81.37423 530.90991211
v 267.98138 129.63762 949.82800293
v 268.03195 128.64352 951.15539551
v 268.04892 78.43658 533.99755859
v 268.04901 111.31112 960.65100098
v 268.05154 113.06047 961.49725342
v 268.06116 106.26347 950.91265869
v 268.08453 116.41086 933.01641846
v 268.11795 75.42056 547.51641846
v 268.14996 111.84641 546.03662109
v 268.15237 94.00751 527.65740967
v 268.22415 108.74886 956.30822754
v 268.38181 131.55112 947.44299316
v 268.48111 119.80148 932.06677246
v 268.52704 100.30764 531.33081055
v 268.54263 123.43179 956.17437744
v 268.55148 92.51182 525.71820068
v 268.57660 79.19366 554.06616211
v 268.57733 115.41987 962.69610596
v 268.59781 117.39528 962.09411621
v 268.62271 132.15834 944.05755615
v 268.68994 89.92815 525.10943604
v 268.72330 113.09340 547.97814941
v 268.84738 75.00701 538.72784424
v 268.92273 121.45301 959.11627197
v 268.92957 122.18362 931.74890137
v 268.96790 110.78912 962.34539795
v 268.97803 131.88765 950.09893799
v 269.00125 105.28885 941.13641357
v 269.00436 76.07943 535.72198486
v 269.02673 129.44914 953.46966553
v 269.07196 132.33513 940.67407227
v 269.09644 83.47754 527.12994385
v 269.09802 111.33192 933.36444092
v 269.11798 87.13220 524.98297119
v 269.12762 118.82333 962.61138916
v 269.12808 113.23431 932.10656738
v 269.13574 113.44498 963.38446045
v 269.15417 103.99255 532.26660156
v 269.17865 74.12540 541.96954346
v 269.19131 96.44302 526.47808838
v 269.19354 103.66541 949.13055420
v 269.20541 107.00575 937.77075195
v 269.20660 114.21010 931.62512207
v 269.21082 90.41286 524.20306396
v 269.23355 110.96313 962.73583984
v 269.24915 108.61195 959.46850586
v 269.25903 76.26756 551.87231445
v 269.30444 112.00672 560.39617920
v 269.37677 103.35959 945.30285645
v 269.38638 75.08584 549.78546143
v 269.39230 128.04141 934.10375977
v 269.40707 109.95669 537.35443115
v 269.43011 113.45612 558.22497559
v 269.43396 131.02765 952.77404785
v 269.45071 133.05598 948.77392578
v 269.46640 106.70906 955.81481934
v 269.48682 87.14252 559.93054199
v 269.51587 77.68683 532.40222168
v 269.51614 133.45100 944.67871094
v 269.56314 130.11353 935.83135986
v 269.59250 116.99417 963.91864014
v 269.63303 85.21811 558.89630127
v 269.67126 132.81705 939.48712158
v 269.68085 109.58833 934.01263428
v 269.68646 99.14777 567.19824219
v 269.69739 132.08047 938.08972168
v 269.69910 94.46184 524.29895020
v 269.72012 113.19778 559.45593262
v 269.72119 105.74381 566.65924072
v 269.77759 110.94807 538.02789307
v 269.82736 113.59959 963.94219971
v 269.84204 133.59929 941.70996094
v 269.86810 114.28371 557.01635742
v 269.87604 115.28439 930.52319336
v 269.89200 102.97933 949.87097168
v 269.95319 110.17879 962.63909912
v 269.97205 104.23993 940.25201416
v 270.02768 108.21764 959.93023682
v 270.06699 122.42741 930.41387939
v 270.10037 76.94317 553.74877930
v 270.11472 103.71487 952.30950928
v 270.13757 110.13596 563.54846191
v 270.18262 89.46188 523.23315430
v 270.18820 114.37029 544.59436035
v 270.20575 121.45157 961.94677734
v 270.22290 92.12045 523.08715820
v 270.24600 125.04124 931.11090088
v 270.26382 73.33436 544.12268066
v 270.31131 82.10020 526.96295166
v 270.34024 102.41838 947.09381104
v 270.38333 73.40780 540.22753906
v 270.39618 113.26715 964.09191895
v 270.46564 116.11772 964.40374756
v 270.67697 108.21170 533.11199951
v 270.80045 73.01670 541.99017334
v 270.84714 114.28254 542.10882568
v 270.86670 76.61731 532.08740234
v 270.86917 85.79240 523.97979736
v 270.98599 106.10572 957.01867676
v 271.00079 73.37115 538.60217285
v 271.02756 74.92168 551.53961182
v 271.06750 111.34578 963.59112549
v 271.08835 103.05607 568.74786377
v 271.14267 93.64874 565.16876221
v 271.14822 87.34463 523.03936768
v 271.15292 122.05787 962.90386963
v 271.16525 101.01922 568.55645752
v 271.18179 111.39140 564.07684326
v 271.19208 108.18426 960.87042236
v 271.21750 129.43694 957.06317139
v 271.27319 84.71716 559.91204834
v 271.27661 107.88537 567.00805664
v 271.29590 119.89600 964.05761719
v 271.36270 109.36148 932.41162109
v 271.36398 103.13884 939.07897949
v 271.36664 101.85934 944.03106689
v 271.37085 76.14496 553.94604492
v 271.41864 73.07295 546.77416992
v 271.52814 102.40373 940.19335938
v 271.59058 116.35629 550.89965820
v 271.59402 104.94601 568.78710938
v 271.62897 72.68639 544.78039551
v 271.62967 135.46066 948.94744873
v 271.80026 94.60181 521.96752930
v 271.90784 98.89123 523.95068359
v 271.92014 109.55351 962.62634277
v 272.01590 72.60838 540.39599609
v 272.06128 116.15804 543.25506592
v 272.16852 100.80588 524.53839111
v 272.17700 115.76713 560.92669678
v 272.19724 118.05191 964.88360596
v 272.25818 127.47141 961.05914307
v 272.26993 112.34062 929.10723877
v 272.27237 111.64091 534.41735840
v 272.27679 129.13701 959.51257324
v 272.29590 124.49206 963.07507324
v 272.31952 134.99657 952.72332764
v 272.35345 135.82802 950.94079590
v 272.40988 101.70425 952.64367676
v 272.50781 114.88286 562.99237061
v 272.51074 109.98577 531.25604248
v 272.53891 114.85203 927.93548584
v 272.55051 123.54967 928.14746094
v 272.60327 90.28661 563.46435547
v 272.63882 106.72134 959.61157227
v 272.64932 105.19549 957.47570801
v 272.68182 94.81198 566.33575439
v 272.71689 79.73155 527.02166748
v 272.76474 134.96770 936.83129883
v 272.79651 100.67065 948.64654541
v 272.82935 131.66254 957.25744629
v 272.83612 104.98707 569.78924561
v 272.84033 114.87548 538.78649902
v 272.85291 91.02176 521.42657471
v 272.90408 73.10439 536.11633301
v 272.92197 86.73018 561.72265625
v 272.99625 117.06682 560.31121826
v 273.03693 111.33082 929.14733887
v 273.04419 100.90757 951.71459961
v 273.06033 80.68955 559.65521240
v 273.11661 79.12144 558.65875244
v 273.12360 114.99543 964.99273682
v 273.18268 113.32111 927.86358643
v 273.20947 102.83364 569.89123535
v 273.26089 104.52793 524.37176514
v 273.33069 121.13763 927.09710693
v 273.33688 105.71088 525.08966064
v 273.36493 136.33121 937.75787354
v 273.41989 100.42525 940.73779297
v 273.42236 113.37302 566.29656982
v 273.44540 103.52556 523.57635498
v 273.46240 135.79701 953.34613037
v 273.49390 87.97752 562.55249023
v 273.50778 117.25462 965.38653564
v 273.52243 96.47149 520.87597656
v 273.62955 101.89307 569.84124756
v 273.64398 118.44272 545.87799072
v 273.66077 85.49824 522.42864990
v 273.71182 107.65116 526.21148682
v 273.72394 113.67529 964.85943604
v 273.75464 131.18385 931.42974854
v 273.79330 123.61375 927.10943604
v 273.83286 93.13867 565.74920654
v 273.85013 83.60497 523.15136719
v 273.87347 119.25367 553.33166504
v 273.88000 100.44659 939.70355225
v 274.02454 74.94780 531.41119385
v 274.05191 71.90866 543.27600098
v 274.10309 107.38601 570.90093994
v 274.13065 72.47725 536.61395264
v 274.24307 76.75381 528.80676270
v 274.30661 79.06532 559.54925537
v 274.31668 112.19342 927.79504395
v 274.33945 94.92332 520.14123535
v 274.34799 113.56648 927.16345215
v 274.35330 103.45443 934.10375977
v 274.38043 116.31385 926.53070068
v 274.39444 111.53645 569.65051270
v 274.39478 120.24561 550.54315186
v 274.44586 100.64727 521.62298584
v 274.46884 109.24426 570.96453857
v 274.56464 104.69829 571.38153076
v 274.57486 128.93442 963.11059570
v 274.58334 72.06982 538.14971924
v 274.58975 99.82669 569.30194092
v 274.59085 137.97633 949.52343750
v 274.60846 107.15765 931.42321777
v 274.65771 112.39005 530.49847412
v 274.88089 79.91194 560.34539795
v 274.88559 118.53529 926.11169434
v 274.88608 118.10072 562.69482422
v 274.90427 103.63895 571.41992188
v 274.92474 127.19067 927.69305420
v 274.95294 108.12009 962.59521484
v 275.06851 138.02924 936.78540039
v 275.07101 93.42063 519.90905762
v 275.07874 129.88368 962.78637695
v 275.10516 103.66103 933.25799561
v 275.10883 138.64127 938.42987061
v 275.12344 122.38336 926.06378174
v 275.16025 111.50393 527.83721924
v 275.27188 121.31119 925.88043213
v 275.28513 114.31628 926.57446289
v 275.29080 113.25904 570.02447510
v 275.32837 119.35969 561.08184814
v 275.34006 119.98340 556.71636963
v 275.36652 88.54643 521.20312500
v 275.41574 119.03864 539.71612549
v 275.41833 139.25029 940.58380127
v 275.44061 109.71315 523.78790283
v 275.44839 87.72311 563.15435791
v 275.46277 71.86471 547.78619385
v 275.48883 77.69189 559.09075928
v 275.49731 104.86414 520.83721924
v 275.50162 114.89458 533.70147705
v 275.50494 105.81319 960.84136963
v 275.51276 100.71149 520.62915039
v 275.52151 102.41129 571.34002686
v 275.56992 132.64543 929.94140625
v 275.60541 138.31303 951.52899170
v 275.64316 121.63802 551.06127930
v 275.64359 129.60167 963.58386230
v 275.71030 119.83638 966.37475586
v 275.71371 81.82193 523.15161133
v 275.72659 136.76991 933.58343506
v 275.73343 131.43195 928.95568848
v 275.78625 106.55095 520.77624512
v 275.80121 76.67670 527.93365479
v 275.81439 97.88619 948.41900635
v 275.87448 97.72762 945.44122314
v 275.89304 120.18989 541.19348145
v 275.90982 99.76398 520.18304443
v 275.94055 72.07723 536.16186523
v 275.94415 95.04604 519.56530762
v 275.97278 113.24369 965.59375000
v 276.00366 100.24572 955.55474854
v 276.06717 100.96624 570.75891113
v 276.10727 107.92841 521.00689697
v 276.20084 100.94378 956.75445557
v 276.20374 116.62670 966.52148438
v 276.25696 90.78835 520.04791260
v 276.35806 122.31321 549.13043213
v 276.40152 119.70004 925.63385010
v 276.40353 105.71004 931.36047363
v 276.45770 116.25590 568.79693604
v 276.54013 72.91611 551.93804932
v 276.56976 138.11432 933.99011230
v 276.57309 73.11337 532.57781982
v 276.57901 101.96199 520.05865479
v 276.62924 137.74188 954.38140869
v 276.68015 106.66600 962.48596191
v 276.69092 138.75215 934.96398926
v 276.73709 106.68175 520.04974365
v 276.74454 114.74875 966.42285156
v 276.76303 97.96187 941.65411377
v 276.80136 115.18752 570.68139648
v 276.85355 129.61284 927.01257324
v 276.86859 97.71037 950.60577393
v 276.86945 120.50953 539.24334717
v 276.87900 133.21901 929.03375244
v 276.88821 116.45401 925.87390137
v 276.91360 97.02470 947.45794678
v 276.92670 127.80536 965.59313965
v 276.93185 97.09983 944.87811279
v 276.96878 97.53912 519.47650146
v 277.04800 140.97009 945.70440674
v 277.08914 140.99367 942.85845947
v 277.09256 85.01960 521.79101562
v 277.16022 139.73233 951.61389160
v 277.25113 79.40029 561.08435059
v 277.26013 107.36036 963.25964355
v 277.26788 88.11433 563.69470215
v 277.28781 77.04652 559.29571533
v 277.29324 105.83905 519.74438477
v 277.31458 90.15995 520.04614258
v 277.34418 71.41962 541.36126709
v 277.39691 126.89968 966.00323486
v 277.42419 93.20341 519.44061279
v 277.44064 111.81358 927.05505371
v 277.48062 76.22155 558.36688232
v 277.48938 98.54309 953.40850830
v 277.53107 71.88744 550.11187744
v 277.54568 111.02289 521.87158203
v 277.58789 102.53577 573.55767822
v 277.62219 78.37088 525.36834717
v 277.71320 128.86594 965.49212646
v 277.71548 81.72829 522.38885498
v 277.74802 80.47228 523.05169678
v 277.77811 91.38641 519.62597656
v 277.88348 122.71786 558.34478760
v 277.97086 100.95636 958.42944336
v 277.97159 100.25290 519.54785156
v 278.05548 139.46570 934.96026611
v 278.12595 122.02462 540.24505615
v 278.15222 81.77588 562.57403564
v 278.16016 87.55051 521.10302734
v 278.16394 141.81493 945.49072266
v 278.17725 139.94524 953.13122559
v 278.20508 94.47365 567.48767090
v 278.21735 118.56788 570.25787354
v 278.24240 73.24947 553.77496338
v 278.25717 128.72966 925.95776367
v 278.28525 97.24695 951.68292236
v 278.28818 141.38506 940.19494629
v 278.31561 141.78198 942.26043701
v 278.34927 73.53779 530.70190430
v 278.38275 72.57389 532.68469238
v 278.39648 137.94734 931.98321533
v 278.46524 118.05101 571.70166016
v 278.47101 107.27870 577.16015625
v 278.48709 141.90916 947.16009521
v 278.49603 109.79948 520.00115967
v 278.58203 78.86943 561.08331299
v 278.63956 110.39108 576.88458252
v 278.72559 74.44012 555.81738281
v 278.81143 138.82332 932.92541504
v 278.81277 96.35335 948.47961426
v 278.85379 71.75835 550.36669922
v 278.86362 76.37209 558.93005371
v 278.91382 70.98645 542.30566406
v 278.95901 139.05466 955.50122070
v 279.03406 133.73622 962.55688477
v 279.05887 96.20326 946.43023682
v 279.08408 102.96566 961.63476562
v 279.10779 77.19603 526.28710938
v 279.11685 123.06900 563.55230713
v 279.12589 121.14956 567.40789795
v 279.20944 104.16209 577.10192871
v 279.23715 113.83528 576.27966309
v 279.24445 125.18687 554.08734131
v 279.26767 116.92965 527.44909668
v 279.26813 106.32948 578.16119385
v 279.27103 136.73624 930.21295166
v 279.30457 129.70438 925.82171631
v 279.31174 97.42165 570.25665283
v 279.37927 120.05995 533.80712891
v 279.40082 115.88847 525.46203613
v 279.43146 80.94202 562.53778076
v 279.45718 71.20699 545.61010742
v 279.57089 100.55576 573.98321533
v 279.59290 73.14552 530.83038330
v 279.60443 70.95676 539.73779297
v 279.62430 111.89381 966.58660889
v 279.63342 72.27399 532.91680908
v 279.65430 111.11286 578.44116211
v 279.67621 83.28558 563.28881836
v 279.68188 88.67827 564.27343750
v 279.70547 77.31262 560.05657959
v 279.71759 132.89801 926.98748779
v 279.78000 74.10493 529.50592041
v 279.80820 141.85866 950.37084961
v 279.87311 90.32069 565.13415527
v 279.89572 118.77967 530.25335693
v 279.93274 124.76118 546.38488770
v 279.93942 122.97810 967.46020508
v 279.96219 79.48720 522.95147705
v 279.98157 140.24022 935.53430176
v 279.99670 96.42733 941.92309570
v 280.03241 70.96277 545.16918945
v 280.06131 99.27191 935.04718018
v 280.06589 125.93184 553.18353271
v 280.07364 96.06235 944.56921387
v 280.07605 139.93109 955.41259766
v 280.08646 142.56902 946.63800049
v 280.10254 95.93609 569.35845947
v 280.10318 86.53805 563.75286865
v 280.14383 141.85512 939.03118896
v 280.22015 111.90444 520.31335449
v 280.22125 142.64235 944.73358154
v 280.24686 103.82365 519.44775391
v 280.32172 138.00429 930.93713379
v 280.32220 97.59260 571.28393555
v 280.33356 110.35598 519.59405518
v 280.35193 97.48315 937.74285889
v 280.40057 136.61891 959.74584961
v 280.43903 133.74071 927.18701172
v 280.47345 108.14040 519.29638672
v 280.55197 103.00787 962.77478027
v 280.61475 115.67889 925.66833496
v 280.66489 135.06464 928.02642822
v 280.69531 116.02055 523.87866211
v 280.74408 123.58924 538.82263184
v 280.75009 130.74908 925.79119873
v 280.75293 120.86617 968.01458740
v 280.80612 80.75568 522.00408936
v 280.82257 117.68562 525.88055420
v 280.85977 126.48468 555.62890625
v 280.95483 73.26942 554.80285645
v 281.01147 132.98425 964.15075684
v 281.04828 116.73866 967.97985840
v 281.06467 139.02354 932.15661621
v 281.13269 95.89780 950.56811523
v 281.13699 81.20564 562.71746826
v 281.13699 102.10815 578.38549805
v 281.15823 100.08258 933.48254395
v 281.15915 113.74312 581.14459229
v 281.19968 96.68110 939.18975830
v 281.21463 125.63808 967.28955078
v 281.24167 105.05419 580.53076172
v 281.28159 115.14051 580.51904297
v 281.30234 78.70900 523.60571289
v 281.31363 70.21336 544.61083984
v 281.32782 99.12238 574.46881104
v 281.38504 111.26067 582.03399658
v 281.43390 139.05995 957.61584473
v 281.43460 113.74862 925.82910156
v 281.43747 117.85133 525.29364014
v 281.43826 120.81017 574.89697266
v 281.43930 115.89420 523.12731934
v 281.46317 100.78924 932.77783203
v 281.46942 82.74915 563.27783203
v 281.48923 104.50940 930.56219482
v 281.49503 71.27054 547.58386230
v 281.56699 126.35105 549.46466064
v 281.58099 142.37163 939.48132324
v 281.58591 141.92532 952.89074707
v 281.61969 89.97129 565.09167480
v 281.62128 94.55754 568.66180420
v 281.63544 121.95099 573.24249268
v 281.64948 126.31231 559.34088135
v 281.71921 135.92189 961.75097656
v 281.73260 121.01726 925.18237305
v 281.76324 96.51509 571.11212158
v 281.77631 107.57727 582.25610352
v 281.78583 69.76302 542.60125732
v 281.79709 92.76669 567.15393066
v 281.81937 107.10503 965.50354004
v 281.82028 81.43824 521.73248291
v 281.82449 103.58981 963.76983643
v 281.83810 70.99622 537.81542969
v 281.84128 125.80450 563.09918213
v 281.84317 121.86838 532.27099609
v 281.92862 87.60275 520.89807129
v 281.97958 70.16829 545.01434326
v 281.98190 98.45831 957.30596924
v 281.98792 100.99413 578.22100830
v 281.98953 114.97542 582.02038574
v 282.04517 112.84863 520.10296631
v 282.07074 125.58120 925.43786621
v 282.09671 119.63742 577.67120361
v 282.09735 97.33848 955.84582520
v 282.16238 71.08420 547.08715820
v 282.18152 114.01040 582.78173828
v 282.21021 129.65472 925.55224609
v 282.28601 97.09983 936.88586426
v 282.32202 97.85392 519.52819824
v 282.33142 77.38367 560.09124756
v 282.33829 123.42426 925.14068604
v 282.40717 95.87990 951.94671631
v 282.41257 131.78488 925.93463135
v 282.41675 123.34700 571.27221680
v 282.41986 137.93533 930.35290527
v 282.42145 134.68224 927.33831787
v 282.44254 117.28310 581.48602295
v 282.48141 120.06134 527.91662598
v 282.56738 75.51544 558.09387207
v 282.74426 69.59995 541.60174561
v 282.76437 126.59169 544.00091553
v 282.78784 72.25319 552.83734131
v 282.81714 87.95822 564.02752686
v 282.83224 82.12420 562.92663574
v 282.83704 114.14389 520.77929688
v 282.88385 80.32533 522.09277344
v 282.89877 112.95401 967.82379150
v 282.93668 120.66128 969.05426025
v 282.93790 74.05893 529.26593018
v 282.94638 112.55049 519.76983643
v 282.97421 89.16982 564.51727295
v 282.99567 72.55553 531.45452881
v 283.00772 123.03450 968.79437256
v 283.06778 69.54962 543.30767822
v 283.07001 100.55888 961.31060791
v 283.10614 121.94147 576.47814941
v 283.10776 90.12320 519.78851318
v 283.13449 71.01480 547.00958252
v 283.16446 116.89925 584.06842041
v 283.17374 133.42467 926.52136230
v 283.18283 111.76951 926.10913086
v 283.19958 115.28118 925.08270264
v 283.25934 135.69321 962.72845459
v 283.29727 107.72183 928.37164307
v 283.32220 118.70247 582.87774658
v 283.33380 141.94376 954.60180664
v 283.33615 125.98167 540.71337891
v 283.34131 131.09140 966.03887939
v 283.35968 83.37137 563.21899414
v 283.36801 73.77307 555.70745850
v 283.41846 73.29652 530.20648193
v 283.41937 78.77725 523.41241455
v 283.45242 117.62669 523.75823975
v 283.52463 108.88322 966.86486816
v 283.52972 102.07278 963.26049805
v 283.53217 105.84629 583.54565430
v 283.56262 100.54948 579.35589600
v 283.58466 143.34019 946.92047119
v 283.62314 93.22839 567.91955566
v 283.71542 76.52054 559.06811523
v 283.73062 127.65851 967.47863770
v 283.73251 143.28294 949.71929932
v 283.75067 76.63548 526.59094238
v 283.84192 91.67604 566.27807617
v 283.89310 115.53419 968.92047119
v 283.95050 101.56064 931.47741699
v 283.95752 125.01723 924.95904541
v 283.98853 123.11131 531.26660156
v 284.07626 96.69437 573.55468750
v 284.08072 123.27416 575.66778564
v 284.09470 120.85861 969.40527344
v 284.09973 143.14711 951.60064697
v 284.11081 115.55998 586.10778809
v 284.12091 97.24342 956.51525879
v 284.14511 96.63601 955.25683594
v 284.16650 108.80631 585.79821777
v 284.20340 122.79353 969.26623535
v 284.20874 95.19926 945.27947998
v 284.25525 122.42560 924.07934570
v 284.29135 69.62411 540.73358154
v 284.31082 87.00349 521.14593506
v 284.32520 107.12330 585.43225098
v 284.34192 95.25435 943.64379883
v 284.35629 117.01908 969.30249023
v 284.38293 81.16332 521.83764648
v 284.39285 118.46279 585.59460449
v 284.41129 85.61387 521.41265869
v 284.41763 125.47022 968.64080811
v 284.42282 92.35005 519.40722656
v 284.44943 111.16180 519.40820312
v 284.45743 97.70679 934.63897705
v 284.51773 72.04527 532.92608643
v 284.56860 69.47997 542.13085938
v 284.58423 120.07711 584.35107422
v 284.61877 79.17631 560.96325684
v 284.61911 116.62339 587.15863037
v 284.64401 134.80403 927.27722168
v 284.73630 123.61858 924.06481934
v 284.75778 95.92843 953.27203369
v 284.77094 126.51369 569.43292236
v 284.79886 95.31194 948.46533203
v 284.93643 141.20988 956.68164062
v 284.94431 128.35448 563.21820068
v 284.96017 110.57141 926.07110596
v 284.98264 71.91204 551.25054932
v 284.99130 107.76518 586.88909912
v 285.00113 102.97227 583.24548340
v 285.00302 93.82368 569.21435547
v 285.02591 70.13624 539.16467285
v 285.03662 71.12919 546.93737793
v 285.04507 102.60886 964.05572510
v 285.04810 108.19115 519.41601562
v 285.06415 95.00096 946.79187012
v 285.07938 112.80392 519.79376221
v 285.08911 123.23019 579.27600098
v 285.10394 83.21898 562.68255615
v 285.11508 112.25661 588.44146729
v 285.12534 139.49409 932.40515137
v 285.13425 69.88091 543.60437012
v 285.14713 79.04684 523.41278076
v 285.29227 128.84001 925.56774902
v 285.29712 122.88982 529.03656006
v 285.33145 141.92958 955.80572510
v 285.33560 72.94517 531.00964355
v 285.35205 69.70205 540.46667480
v 285.38113 74.87096 556.70843506
v 285.42032 143.38622 942.90600586
v 285.42969 94.37875 519.33953857
v 285.43915 109.31626 588.49945068
v 285.44727 76.95033 558.96795654
v 285.45413 106.95078 928.06658936
v 285.47659 88.42120 520.89031982
v 285.49493 78.04581 559.92047119
v 285.50662 114.19769 520.52380371
v 285.51651 115.81659 591.33776855
v 285.52905 72.30856 552.45074463
v 285.54193 127.13108 925.24127197
v 285.57684 119.10056 590.38201904
v 285.67767 77.14515 526.03546143
v 285.67780 93.02477 568.17279053
v 285.68851 118.45990 523.68334961
v 285.75232 133.80360 926.67810059
v 285.77078 122.85011 583.55889893
v 285.79175 129.97794 551.88323975
v 285.84750 116.05544 521.93652344
v 285.88644 93.98708 570.05419922
v 285.91190 126.84114 968.60260010
v 285.94058 97.34179 577.66607666
v 285.97641 121.66104 588.50573730
v 285.97849 95.18635 941.13629150
v 285.98035 130.13898 554.78204346
v 285.98596 82.54926 521.76214600
v 286.01361 79.97053 522.95025635
v 286.02304 101.55460 963.24914551
v 286.03094 70.08613 539.75048828
v 286.07901 70.96009 537.98791504
v 286.09210 114.38914 592.69909668
v 286.10834 91.92417 566.23516846
v 286.12430 69.91907 542.60437012
v 286.13068 90.23827 520.35717773
v 286.17599 121.89977 969.69390869
v 286.18036 118.00620 593.05700684
v 286.18286 100.44310 581.94525146
v 286.18906 124.78708 578.35455322
v 286.22037 73.05949 553.74011230
v 286.22559 100.71091 962.29595947
v 286.24072 111.53046 519.61706543
v 286.24213 120.94756 590.62634277
v 286.24402 91.16811 565.25146484
v 286.25330 129.90692 561.67565918
v 286.25757 123.40141 923.64538574
v 286.31647 105.41875 966.04583740
v 286.41815 141.88077 935.95062256
v 286.47110 110.49594 925.21936035
v 286.48291 95.39043 950.59020996
v 286.49194 123.59739 969.62170410
v 286.57855 87.59411 563.48187256
v 286.60251 142.66136 937.68609619
v 286.64886 122.08690 526.78564453
v 286.65448 95.75051 938.32843018
v 286.66766 129.95374 563.44354248
v 286.71066 113.55631 520.33691406
v 286.74738 105.27390 587.86035156
v 286.84396 123.90171 529.10357666
v 286.84814 127.21793 571.92480469
v 286.86227 70.11092 541.73834229
v 286.88589 107.65489 926.86779785
v 286.90921 92.83875 519.82098389
v 286.91272 132.18526 966.17718506
v 287.00900 116.41418 595.15258789
v 287.07339 125.11782 531.52862549
v 287.07489 117.79319 595.10467529
v 287.07599 102.72007 929.29998779
v 287.09351 111.75207 924.14532471
v 287.09561 114.09306 594.80426025
v 287.11340 71.29965 537.55761719
v 287.11963 103.12891 586.02368164
v 287.14996 72.39995 551.76605225
v 287.16559 124.73389 923.95526123
v 287.16705 113.40729 923.61877441
v 287.17883 93.99394 944.20764160
v 287.18387 102.96981 964.57360840
v 287.18967 130.76526 549.07501221
v 287.22571 128.94510 967.79565430
v 287.24530 115.18746 923.33862305
v 287.27322 92.79194 568.09918213
v 287.30536 71.90070 534.31933594
v 287.34006 123.51957 589.02410889
v 287.34351 120.68591 524.91772461
v 287.35629 118.68289 923.28021240
v 287.38199 127.78230 537.40979004
v 287.39801 126.66744 575.10241699
v 287.40057 122.97408 590.59448242
v 287.40433 74.41570 530.02404785
v 287.45248 120.43098 594.70288086
v 287.47226 143.14915 939.20446777
v 287.52515 108.82734 592.42761230
v 287.53061 111.73925 968.94409180
v 287.54556 81.22685 561.00805664
v 287.57211 114.46972 596.41558838
v 287.63300 99.52161 931.62017822
v 287.63971 122.07475 593.17559814
v 287.65802 143.54951 950.50964355
v 287.69678 142.70308 954.83636475
v 287.74609 140.83141 933.93255615
v 287.74695 95.01099 573.77496338
v 287.79410 106.48676 926.84600830
v 287.82993 94.40083 941.44781494
v 287.90445 115.55183 521.81427002
v 287.90726 126.67727 969.10784912
v 287.92938 109.84669 594.19012451
v 287.95587 76.14543 527.84027100
v 287.96335 94.21095 948.59643555
v 287.96756 73.80354 553.70788574
v 287.97083 126.06458 581.06268311
v 288.12030 71.05007 539.82348633
v 288.12567 76.03577 556.30444336
v 288.15482 89.70675 563.93688965
v 288.16769 119.91862 600.89080811
v 288.21280 85.27158 562.03576660
v 288.22467 121.02231 600.23608398
v 288.24506 97.18574 579.29003906
v 288.24567 115.31293 969.52374268
v 288.25366 79.29430 559.46228027
v 288.29755 124.03385 592.35430908
v 288.29977 141.94923 935.71887207
v 288.36188 104.45342 965.65307617
v 288.38651 101.45846 929.48663330
v 288.39984 71.10345 543.32031250
v 288.39984 124.03426 528.16137695
v 288.45441 88.53944 563.29473877
v 288.50055 120.80242 923.19702148
v 288.56439 143.47104 940.84454346
v 288.56686 117.02203 603.63427734
v 288.58109 119.45240 605.66888428
v 288.59894 107.62370 593.50787354
v 288.60788 111.24875 968.99847412
v 288.62335 132.47626 556.47003174
v 288.63528 96.87327 519.63452148
v 288.65347 101.48986 585.39746094
v 288.65985 132.19865 966.37597656
v 288.66974 72.45198 550.38458252
v 288.70853 135.32047 927.81616211
v 288.73163 113.98456 601.66168213
v 288.74799 93.46423 945.81958008
v 288.76379 132.71248 553.95532227
v 288.77209 110.13006 923.53912354
v 288.80692 110.21519 597.29412842
v 288.81689 121.12480 605.77648926
v 288.81839 120.16333 606.66186523
v 288.83035 130.41534 566.55126953
v 288.83267 116.38364 922.41308594
v 288.84521 73.06435 533.37731934
v 288.87955 139.41107 931.87109375
v 288.91403 108.62124 967.70471191
v 288.92929 80.89111 523.69885254
v 288.94296 123.07559 602.48535156
v 289.00671 118.82856 607.22033691
v 289.00751 125.51276 589.22094727
v 289.02603 125.07401 596.44903564
v 289.07169 94.16969 949.06604004
v 289.07544 102.89674 927.79724121
v 289.08932 113.98921 922.24414062
v 289.13760 76.89095 527.71136475
v 289.14905 95.02371 950.65710449
v 289.15576 95.14311 574.92755127
v 289.16046 103.68900 519.49255371
v 289.21490 90.86872 564.45684814
v 289.22708 85.73812 521.88293457
v 289.23685 71.91576 536.51995850
v 289.24390 117.97924 922.39343262
v 289.27042 98.38945 581.32550049
v 289.30963 96.70242 934.22369385
v 289.31958 93.56937 947.29724121
v 289.31976 141.32091 957.69677734
v 289.35739 105.20090 591.64538574
v 289.37314 91.86671 565.61077881
v 289.38910 114.37563 521.71850586
v 289.39130 138.80165 961.20214844
v 289.39810 103.30423 589.47241211
v 289.40894 127.44991 578.06713867
v 289.41452 92.52062 567.14215088
v 289.41818 94.17635 573.18322754
v 289.43967 72.99904 550.85711670
v 289.45374 106.40473 519.53857422
v 289.47781 123.10153 526.61376953
v 289.50900 92.77226 520.94854736
v 289.51849 110.08038 520.03985596
v 289.53568 130.22406 539.01184082
v 289.60233 93.63902 942.69561768
v 289.62445 96.65157 519.95330811
v 289.63980 143.01575 938.33612061
v 289.66916 132.92465 550.21002197
v 289.70868 119.06554 922.44189453
v 289.71140 116.80158 607.49005127
v 289.71564 111.43478 922.02117920
v 289.71899 133.01097 558.07562256
v 289.74030 97.58827 932.69384766
v 289.75647 127.72148 533.96911621
v 289.78854 81.26654 559.82666016
v 289.79706 105.90636 593.38610840
v 289.80676 119.66698 609.13024902
v 289.81503 93.37180 945.59973145
v 289.81638 110.73743 601.02642822
v 289.91095 122.48483 607.61993408
v 289.92487 76.10001 529.39813232
v 289.92755 80.01804 558.71685791
v 289.92819 132.49287 547.55584717
v 289.93488 121.06335 608.94238281
v 289.93961 101.22549 928.63842773
v 289.94504 133.94089 927.02185059
v 289.95514 129.90593 570.14733887
v 289.95670 126.19326 597.73107910
v 289.97791 90.18173 563.65057373
v 289.98022 86.65630 561.59307861
v 289.99493 93.50883 571.26666260
v 289.99573 72.38882 547.71838379
v 290.02872 101.36367 586.29400635
v 290.06622 95.97670 577.61853027
v 290.10028 133.34277 555.32800293
v 290.15369 142.09514 936.17425537
v 290.17386 118.41093 610.07653809
v 290.19092 76.87861 528.64794922
v 290.22360 126.79468 586.99218750
v 290.24884 126.89086 592.98394775
v 290.27103 126.72417 969.20983887
v 290.31042 76.85925 555.13702393
v 290.31500 119.48439 611.09985352
v 290.34213 72.21696 537.96435547
v 290.35632 133.32339 551.50207520
v 290.38397 128.47699 925.46374512
v 290.40433 126.77220 531.26208496
v 290.42075 121.00706 611.45568848
v 290.42606 141.98686 956.76153564
v 290.42822 120.44333 922.59368896
v 290.45020 75.05000 552.70245361
v 290.46667 117.32904 611.25811768
v 290.48599 143.07741 953.40002441
v 290.50751 123.93644 607.62713623
v 290.51819 115.14007 608.48876953
v 290.52597 105.30511 966.01538086
v 290.53299 143.49612 941.37707520
v 290.54147 95.45570 951.90161133
v 290.55331 83.58620 523.03527832
v 290.57806 127.02486 596.61688232
v 290.58292 107.41769 519.89916992
v 290.61023 100.71294 962.31866455
v 290.63416 120.41077 616.42956543
v 290.66083 114.62567 920.78631592
v 290.66495 125.03736 604.74261475
v 290.68103 105.40807 519.82318115
v 290.68646 98.42102 581.71777344
v 290.80750 72.35265 544.61279297
v 290.82999 120.71667 524.48162842
v 290.83136 111.27816 920.69799805
v 290.83920 123.25831 615.26904297
v 290.87503 93.88961 948.11999512
v 290.88794 133.49347 556.24157715
v 290.90225 113.34078 969.61804199
v 290.93243 73.31366 548.90411377
v 290.93542 125.21212 606.32080078
v 290.94760 92.32152 565.95941162
v 290.98795 132.93906 563.32379150
v 290.99600 113.36269 607.70745850
v 290.99933 116.99129 616.75347900
v 291.01288 103.01218 520.02008057
v 291.01736 96.39059 954.90893555
v 291.02670 81.95296 524.37207031
v 291.04300 118.06174 523.06866455
v 291.05664 82.88174 523.68377686
v 291.05746 124.70555 613.52844238
v 291.06668 129.82524 573.49346924
v 291.07266 73.20650 536.36975098
v 291.14682 95.09795 574.94183350
v 291.15286 132.52620 542.88500977
v 291.18185 76.91887 529.73327637
v 291.21292 116.00800 920.54418945
v 291.21472 120.78195 619.59399414
v 291.23798 108.47555 520.42797852
v 291.27985 96.86981 579.29992676
v 291.28391 137.63072 962.91125488
v 291.29584 111.09983 968.96276855
v 291.31900 122.45649 619.34082031
v 291.33463 91.01947 893.58587646
v 291.34601 143.36304 950.93048096
v 291.34863 136.35623 963.99255371
v 291.35101 91.31882 564.07885742
v 291.35202 90.42609 889.46679688
v 291.36230 114.12793 613.43542480
v 291.37408 125.48373 969.48077393
v 291.38275 72.66061 540.48724365
v 291.39590 112.46169 969.41979980
v 291.40985 117.09538 619.09631348
v 291.42014 92.45402 890.77984619
v 291.44266 87.40949 892.20129395
v 291.45996 119.76854 623.44879150
v 291.47626 122.44149 525.77276611
v 291.52206 104.39296 593.08038330
v 291.55270 93.44321 570.52136230
v 291.57132 88.66715 894.73388672
v 291.57568 92.00011 894.81103516
v 291.58627 143.07780 939.15106201
v 291.59137 138.75349 931.18273926
v 291.59418 122.41949 623.64691162
v 291.62946 82.90496 558.97027588
v 291.63733 128.01329 585.79522705
v 291.63773 126.24200 612.19451904
v 291.64099 86.42549 891.22412109
v 291.66211 131.43730 926.39001465
v 291.67966 134.35457 927.69818115
v 291.68036 133.27550 562.62921143
v 291.71643 115.83972 618.33520508
v 291.72141 120.62734 625.51000977
v 291.77856 81.20461 557.53704834
v 291.79822 107.29335 599.84271240
v 291.80005 124.74783 618.15643311
v 291.80115 109.65073 604.50115967
v 291.81702 107.76304 920.86785889
v 291.85962 90.49129 522.01031494
v 291.86606 92.28149 887.89605713
v 291.91010 123.46473 923.36853027
v 291.93192 93.96615 889.45733643
v 291.94559 73.40228 538.31616211
v 291.95187 102.94111 924.89056396
v 291.95966 94.10918 892.56188965
v 291.96252 101.34599 962.88195801
v 291.96936 85.85065 889.35394287
v 291.97562 89.13164 886.97564697
v 291.97678 123.45239 624.15454102
v 291.97900 142.05283 956.30249023
v 291.99484 90.51667 897.06799316
v 291.99649 117.58221 624.03814697
v 292.03946 78.40815 554.47265625
v 292.04276 86.65147 560.26660156
v 292.04831 117.23013 920.32720947
v 292.05133 83.08826 524.47027588
v 292.05548 124.89317 621.66162109
v 292.05875 126.90704 604.98712158
v 292.06564 87.86863 895.93658447
v 292.07343 133.38103 548.47784424
v 292.07779 113.08396 614.22247314
v 292.07809 79.10078 528.36901855
v 292.08502 85.43333 892.89373779
v 292.08987 132.86736 565.34777832
v 292.09140 87.26042 887.44989014
v 292.14368 91.69894 897.21484375
v 292.17236 95.00276 521.54534912
v 292.19556 128.64322 533.31115723
v 292.19690 137.88393 930.33276367
v 292.20993 120.86210 627.08624268
v 292.21185 86.31193 523.15875244
v 292.23282 132.82402 541.81054688
v 292.25644 96.94930 955.99707031
v 292.25888 74.14173 547.48388672
v 292.28644 110.88659 608.68774414
v 292.28757 101.25039 587.33087158
v 292.31683 92.66390 896.84753418
v 292.33533 126.45754 969.15447998
v 292.35272 75.88168 550.45892334
v 292.36914 92.96416 886.77764893
v 292.37015 143.33447 941.65887451
v 292.40015 95.18725 574.44647217
v 292.43842 127.43110 611.03747559
v 292.44681 140.64943 934.86865234
v 292.45123 91.58115 886.00366211
v 292.45813 93.79775 887.36895752
v 292.50354 127.25090 968.83612061
v 292.51526 85.47393 888.32940674
v 292.51776 78.14662 530.00604248
v 292.52228 82.47743 525.53808594
v 292.54056 130.31543 967.22937012
v 292.57660 129.57019 577.40625000
v 292.59604 111.34133 968.83032227
v 292.60760 96.80911 578.95489502
v 292.61096 94.65564 936.07464600
v 292.61151 133.32964 544.09216309
v 292.62192 114.40054 618.95593262
v 292.62448 121.91534 922.50292969
v 292.64825 126.58300 617.41314697
v 292.65213 78.00883 552.94818115
v 292.68817 100.58607 926.76678467
v 292.72620 95.10850 892.35327148
v 292.79214 74.16044 544.11083984
v 292.79770 95.06519 888.61560059
v 292.80551 88.73334 897.91558838
v 292.81122 90.68057 898.39166260
v 292.83578 85.03843 894.60498047
v 292.86044 110.37618 521.82043457
v 292.91089 105.75748 598.05444336
v 292.92493 93.98064 896.29309082
v 292.92688 134.21127 965.46734619
v 292.94180 75.08260 546.46051025
v 292.94287 122.01429 628.00122070
v 292.95724 106.53190 919.65899658
v 292.97842 130.87952 535.92596436
v 292.98944 138.73157 961.87255859
v 292.99304 93.59265 945.41961670
v 292.99777 103.48708 922.73492432
v 293.00201 124.58682 923.73187256
v 293.03970 109.20438 607.71661377
v 293.04272 112.59643 917.74438477
v 293.07727 120.74983 628.99157715
v 293.08554 75.25751 536.55590820
v 293.08688 86.30001 523.97692871
v 293.11658 89.69199 522.77606201
v 293.13205 95.57841 890.37884521
v 293.14066 118.35059 628.46630859
v 293.14557 76.35496 547.21203613
v 293.15649 98.68024 581.96246338
v 293.20023 74.50093 539.35717773
v 293.21109 138.94310 931.82232666
v 293.22482 125.85976 623.94824219
v 293.24240 107.85751 604.47772217
v 293.28116 133.55325 550.25500488
v 293.29526 120.36091 630.13970947
v 293.32550 100.99541 962.15374756
v 293.34256 79.29685 530.21240234
v 293.35236 85.39445 558.25952148
v 293.35385 87.38967 559.83325195
v 293.43417 83.74451 556.67694092
v 293.44144 114.82843 969.60552979
v 293.45541 137.42149 930.23193359
v 293.45880 114.59642 623.85583496
v 293.46332 74.76433 540.85058594
v 293.47409 137.36165 963.32708740
v 293.47952 118.30070 630.31408691
v 293.48022 78.41208 546.47076416
v 293.55603 118.38141 523.65386963
v 293.55762 122.47699 635.15209961
v 293.56320 103.39067 964.20642090
v 293.56534 120.95118 635.80853271
v 293.57251 124.70516 627.99688721
v 293.57730 107.47918 917.58325195
v 293.58908 143.11626 950.67962646
v 293.58960 99.11066 928.04132080
v 293.59244 97.64789 930.33026123
v 293.60056 81.45542 545.95404053
v 293.60385 82.25033 553.72784424
v 293.60431 138.35233 931.11853027
v 293.64438 94.04612 936.76770020
v 293.67557 133.56738 563.54901123
v 293.69452 104.59601 919.26440430
v 293.69467 120.12907 920.92803955
v 293.70145 129.78412 580.00921631
v 293.70175 116.60921 629.21075439
v 293.71005 82.32294 550.65643311
v 293.71561 83.13872 554.97375488
v 293.77856 102.73329 591.89019775
v 293.78299 126.27303 626.11737061
v 293.79910 133.69786 544.98834229
v 293.82877 123.45591 636.47625732
v 293.83127 115.28999 917.64282227
v 293.83209 96.52400 577.76928711
v 293.83963 83.55127 546.70043945
v 293.84134 102.79881 921.59588623
v 293.84439 127.11510 623.47607422
v 293.85214 109.28680 916.38708496
v 293.85574 118.79352 636.38562012
v 293.85648 75.80552 542.43328857
v 293.85934 82.68308 544.55371094
v 293.88089 124.92602 633.89672852
v 293.89200 96.48145 954.44268799
v 293.94785 104.61096 521.61834717
v 293.94806 117.55141 634.69012451
v 293.95224 82.82998 891.18542480
v 293.95984 87.46770 883.93615723
v 293.98944 88.85751 899.62200928
v 293.99393 79.27435 532.06689453
v 294.00525 83.27526 893.85687256
v 294.02515 87.20718 898.75036621
v 294.03598 85.83231 897.55187988
v 294.06818 93.00636 899.11999512
v 294.09424 112.06402 916.02484131
v 294.09756 92.11856 563.51983643
v 294.11212 142.50586 953.70135498
v 294.13403 128.52831 532.02911377
v 294.14218 116.17107 631.71600342
v 294.16339 129.70218 597.29797363
v 294.17581 84.39234 548.57019043
v 294.20016 106.76661 521.76898193
v 294.20505 94.10477 946.70489502
v 294.20969 76.42045 537.70751953
v 294.21201 81.51825 541.66625977
v 294.23190 84.71113 527.01434326
v 294.24475 76.33971 540.33898926
v 294.25787 84.37112 886.09082031
v 294.28326 101.23474 923.23651123
v 294.30185 77.28725 541.78637695
v 294.30978 139.19728 961.08465576
v 294.34277 90.77283 882.81738281
v 294.34622 129.67871 586.87420654
v 294.34970 121.97521 644.50585938
v 294.37598 123.39321 969.41400146
v 294.39969 123.01020 640.62304688
v 294.41071 129.46724 602.93572998
v 294.44318 108.10975 966.86816406
v 294.46085 97.83915 956.92242432
v 294.46167 109.15400 611.11444092
v 294.46384 90.91161 562.03228760
v 294.46716 119.43639 640.71997070
v 294.47006 82.55025 531.82824707
v 294.47812 77.47226 537.99322510
v 294.48697 98.67388 581.31152344
v 294.49728 84.41149 551.56726074
v 294.50244 96.97559 930.83416748
v 294.50931 82.90978 539.02343750
v 294.53833 83.56483 540.82690430
v 294.54501 77.98338 539.52459717
v 294.54703 128.30836 967.86096191
v 294.55243 120.68708 646.20776367
v 294.56851 85.42518 546.02374268
v 294.57193 101.01651 587.13024902
v 294.57425 85.25559 555.89215088
v 294.57816 84.44713 535.59051514
v 294.57840 116.33189 917.49176025
v 294.58627 105.88126 914.58496094
v 294.58636 94.99419 948.55450439
v 294.60342 83.86729 529.64025879
v 294.61560 110.65487 967.78112793
v 294.62027 121.92401 646.44726562
v 294.67657 101.95489 590.04089355
v 294.68375 101.95439 962.64721680
v 294.68448 93.48555 938.62603760
v 294.71503 118.12252 969.62145996
v 294.73819 113.64062 627.76599121
v 294.73889 138.07718 962.55401611
v 294.74545 95.00061 898.39746094
v 294.75269 114.15757 522.72204590
v 294.76541 114.55939 916.00549316
v 294.76611 124.79446 640.67211914
v 294.76987 143.04857 948.19531250
v 294.82504 84.70808 538.05584717
v 294.83203 125.45732 968.90307617
v 294.83484 96.45423 894.43829346
v 294.83914 85.48082 533.95202637
v 294.86996 84.69952 531.07196045
v 294.87909 86.45205 557.27557373
v 294.90121 84.93731 529.23004150
v 294.91727 85.17938 554.12030029
v 294.92169 104.73503 597.92431641
v 294.95398 95.82432 522.43164062
v 294.96603 88.03983 559.50518799
v 295.02136 115.10025 633.54833984
v 295.02441 116.11986 638.30969238
v 295.02960 103.59914 963.91900635
v 295.04712 119.96883 647.65350342
v 295.05386 124.90201 644.44036865
v 295.06781 117.84135 642.34814453
v 295.08646 81.86438 891.77947998
v 295.08832 95.84536 897.86120605
v 295.08835 82.88813 895.43811035
v 295.10101 106.71030 912.75463867
v 295.11282 99.21543 925.19274902
v 295.11353 108.68363 912.70111084
v 295.11874 129.99590 613.32519531
v 295.12631 124.84562 923.60992432
v 295.12936 121.72415 648.12182617
v 295.14493 116.62351 523.36877441
v 295.14725 128.81276 926.01947021
v 295.17886 141.55072 955.84735107
v 295.18164 92.30830 900.84832764
v 295.18234 111.37624 620.35516357
v 295.19260 123.81977 646.73492432
v 295.19937 82.21581 888.31835938
v 295.21271 103.34653 914.41052246
v 295.23923 100.58633 921.90899658
v 295.24948 96.99064 886.93524170
v 295.25977 140.24750 936.12121582
v 295.26596 127.30702 635.92871094
v 295.26755 88.24850 900.64990234
v 295.29080 85.60248 552.07714844
v 295.29391 118.63561 646.64501953
v 295.31531 92.46882 881.94036865
v 295.33914 89.43621 524.73162842
v 295.35080 85.47546 898.92803955
v 295.38129 129.06441 624.12127686
v 295.38419 102.15032 915.43829346
v 295.39908 90.15215 881.54705811
v 295.41479 93.55058 944.84637451
v 295.42767 87.48646 558.34307861
v 295.44028 86.39819 555.94897461
v 295.44211 132.88887 538.39831543
v 295.45511 108.28029 611.21154785
v 295.45801 130.24663 605.28668213
v 295.46655 120.49419 920.14642334
v 295.49921 132.15746 536.66540527
v 295.50305 87.08565 882.26281738
v 295.51181 94.70129 882.91693115
v 295.51718 135.34872 964.66119385
v 295.52762 93.29530 941.64410400
v 295.53006 81.95339 893.91613770
v 295.56244 93.66689 937.11096191
v 295.57574 127.22382 925.26324463
v 295.58215 96.39212 931.30499268
v 295.61621 137.14722 930.94110107
v 295.63074 94.71477 522.99133301
v 295.65106 130.39481 594.12243652
v 295.66089 130.04131 619.52624512
v 295.68268 129.17647 628.63067627
v 295.68378 87.27596 544.39337158
v 295.70587 87.29205 546.28302002
v 295.78036 141.69046 939.05987549
v 295.78314 96.09888 883.63018799
v 295.79016 115.66887 915.48565674
v 295.79428 112.76411 629.41467285
v 295.81906 95.22810 949.08117676
v 295.82629 123.02998 526.70391846
v 295.83463 88.27175 526.25164795
v 295.83810 121.06151 969.39154053
v 295.86234 86.95211 538.46099854
v 295.86453 100.93919 916.60638428
v 295.86856 85.43458 882.94482422
v 295.88452 84.65473 883.69775391
v 295.90543 123.03531 649.00396729
v 295.90857 109.20368 966.95629883
v 295.92758 89.65110 901.44006348
v 295.92789 134.02679 547.13873291
v 295.93948 87.56048 527.24975586
v 295.93997 114.80076 638.51159668
v 295.94235 86.98095 529.75238037
v 295.96423 97.24638 928.53277588
v 295.97543 120.33002 650.01068115
v 295.99484 134.04179 545.62933350
v 296.02844 130.71761 534.21997070
v 296.03204 97.50969 896.28405762
v 296.04144 88.31655 534.64453125
v 296.07507 82.24511 895.73291016
v 296.08527 116.33739 643.54608154
v 296.10541 119.28934 650.09252930
v 296.10559 81.27764 891.60064697
v 296.11392 86.79365 900.66131592
v 296.12213 121.03304 525.51904297
v 296.15634 102.11940 913.36700439
v 296.15714 103.59182 911.86846924
v 296.16342 96.90750 899.25140381
v 296.16498 94.99866 900.97979736
v 296.18756 132.85181 570.75317383
v 296.20267 96.95341 884.15783691
v 296.20609 98.24821 522.79730225
v 296.25394 116.35225 969.21630859
v 296.28729 105.62730 910.35150146
v 296.29373 88.93725 881.00085449
v 296.29953 142.21227 941.47967529
v 296.30215 108.25075 613.46978760
v 296.30869 94.71312 523.52252197
v 296.32748 120.41747 651.60223389
v 296.32855 122.34752 651.10968018
v 296.34839 93.77843 901.64721680
v 296.37067 125.03316 648.56628418
v 296.38541 97.73164 886.27410889
v 296.40842 91.68227 562.27124023
v 296.43228 125.89354 924.31756592
v 296.43253 97.81797 898.32293701
v 296.44846 121.52315 656.38793945
v 296.45850 102.38812 592.44781494
v 296.47586 132.69882 965.96228027
v 296.47656 118.08442 650.63348389
v 296.50525 107.55199 965.92156982
v 296.50656 114.98708 968.79968262
v 296.53503 88.41192 529.11450195
v 296.53677 128.07225 639.69342041
v 296.53964 110.11578 910.47827148
v 296.56412 107.87442 909.53308105
v 296.57983 101.09151 586.63360596
v 296.59756 119.83768 657.52185059
v 296.62485 94.05224 946.91815186
v 296.64780 121.41436 659.10998535
v 296.66360 120.37442 919.17681885
v 296.67020 92.41836 902.14141846
v 296.69443 98.23712 894.63171387
v 296.69870 87.30142 554.58581543
v 296.70062 97.78390 899.86236572
v 296.71387 129.67339 532.88134766
v 296.73291 126.70586 646.92779541
v 296.75488 93.11772 524.84368896
v 296.78473 104.97279 601.43078613
v 296.80377 128.22906 926.04681396
v 296.81265 122.45531 921.24407959
v 296.82071 93.84234 566.33251953
v 296.82370 108.77027 617.83496094
v 296.82703 100.74928 912.01330566
v 296.88443 133.39111 539.46722412
v 296.89490 123.71679 659.51098633
v 296.92026 81.40255 888.19952393
v 296.93045 131.01265 580.88525391
v 296.93552 126.40454 651.11254883
v 296.93677 127.53674 967.52398682
v 296.93884 105.31068 906.18444824
v 296.95651 118.24219 658.15649414
v 296.97409 122.19310 968.91131592
v 296.97433 91.33942 526.31457520
v 296.97742 81.01035 890.24017334
v 296.97781 103.51051 906.13104248
v 297.00037 124.87689 657.64642334
v 297.00092 133.22723 570.36309814
v 297.00186 98.86272 896.46429443
v 297.02927 113.37651 523.22393799
v 297.03607 89.85155 545.65887451
v 297.04202 97.06251 523.54968262
v 297.04782 96.26547 952.38024902
v 297.08081 109.02202 522.89434814
v 297.09616 94.20016 902.69842529
v 297.12680 138.99707 960.57714844
v 297.12839 91.88124 534.67932129
v 297.13211 116.44655 651.06585693
v 297.15314 128.32671 531.62805176
v 297.17197 99.68445 913.81005859
v 297.17834 110.12651 909.03027344
v 297.18146 140.55376 938.53942871
v 297.19720 100.75590 907.81976318
v 297.19821 90.35953 540.31256104
v 297.22064 131.84204 576.56329346
v 297.23523 132.45641 536.96685791
v 297.24951 96.86519 902.94445801
v 297.27252 99.28928 901.07458496
v 297.27783 92.11193 532.86895752
v 297.27826 96.15226 881.76129150
v 297.27954 129.60446 635.40698242
v 297.28714 87.21323 880.94866943
v 297.31097 121.47137 663.57849121
v 297.32028 124.03563 661.57739258
v 297.33176 121.94799 668.39355469
v 297.33578 105.58987 522.67736816
v 297.37454 106.83048 905.15203857
v 297.37671 107.40178 612.28881836
v 297.39856 99.92311 902.53692627
v 297.40030 100.10319 899.11761475
v 297.40665 98.82896 919.32836914
v 297.40701 122.04636 526.46649170
v 297.41690 99.07093 917.37683105
v 297.43073 99.38381 908.81964111
v 297.44104 93.35981 526.03753662
v 297.45724 119.96339 664.17163086
v 297.47366 99.14392 910.16589355
v 297.49033 138.05569 961.85375977
v 297.49789 133.52965 554.08862305
v 297.50534 96.98745 904.38031006
v 297.50787 114.42709 968.07745361
v 297.52548 97.52493 954.76037598
v 297.54846 101.23287 900.70349121
v 297.54861 91.78812 528.97894287
v 297.55365 116.29826 656.78057861
v 297.55844 116.79469 968.72875977
v 297.56741 92.02138 528.01715088
v 297.59744 120.32924 669.89544678
v 297.62796 121.28230 670.72491455
v 297.63187 97.31036 923.99407959
v 297.65936 89.50188 559.83959961
v 297.66202 124.13831 667.71557617
v 297.66507 91.17371 543.66253662
v 297.67703 92.75311 903.14111328
v 297.69138 91.35108 539.47631836
v 297.72232 130.87190 630.22381592
v 297.72327 121.45143 919.71984863
v 297.75534 98.87690 890.46282959
v 297.75784 95.43741 932.48791504
v 297.77808 104.79315 902.50506592
v 297.79333 95.56686 904.89746094
v 297.81934 135.38214 930.76977539
v 297.85220 93.81387 565.50860596
v 297.87372 84.68620 882.06164551
v 297.88272 131.24072 590.93243408
v 297.89243 96.87628 907.26141357
v 297.92313 98.40939 912.07904053
v 297.93835 96.32338 928.30749512
v 297.95532 93.78922 936.26196289
v 297.97610 118.35206 665.97113037
v 297.98703 119.12106 670.12023926
v 298.00613 125.63818 663.87701416
v 298.01443 128.61160 926.64117432
v 298.03619 101.66010 898.05999756
v 298.04022 120.15883 525.68151855
v 298.04626 128.85353 645.91955566
v 298.06619 124.77028 668.77954102
v 298.06723 115.04078 651.99206543
v 298.07449 90.68294 546.74420166
v 298.07574 126.53984 661.38507080
v 298.09195 83.40556 899.13146973
v 298.11453 80.84486 894.38616943
v 298.12393 107.06329 523.09259033
v 298.12857 97.53416 910.32080078
v 298.13226 112.74346 641.11785889
v 298.14322 82.51967 884.48504639
v 298.14832 114.34077 649.40545654
v 298.15952 115.56543 912.54217529
v 298.19183 99.78130 957.57281494
v 298.21713 134.05727 545.87768555
v 298.22772 128.64766 651.38543701
v 298.22928 122.84444 671.90502930
v 298.22931 120.75212 672.81201172
v 298.23517 114.10404 910.67407227
v 298.25000 96.79475 953.37347412
v 298.25882 105.14629 605.02484131
v 298.26837 96.56042 925.65747070
v 298.28470 88.83437 551.46478271
v 298.28732 129.70906 533.21923828
v 298.29199 97.14798 574.33410645
v 298.29507 94.15264 905.00299072
v 298.30392 89.28958 559.06921387
v 298.31293 105.45342 901.06970215
v 298.32568 102.73988 961.06604004
v 298.34189 142.19458 946.14288330
v 298.35580 129.88211 642.70251465
v 298.37354 131.51591 584.24353027
v 298.38461 131.64421 625.61395264
v 298.38824 130.94942 534.93463135
v 298.42242 93.44253 945.22705078
v 298.42410 108.71844 903.88494873
v 298.42502 93.62443 530.38781738
v 298.42627 96.85958 880.65057373
v 298.44412 141.98820 949.84545898
v 298.45932 111.69540 907.54785156
v 298.49939 94.84779 879.03527832
v 298.50006 133.48769 570.58752441
v 298.50778 88.69950 553.77569580
v 298.52228 89.37936 550.24597168
v 298.53503 117.44250 667.23004150
v 298.54398 93.57589 937.80242920
v 298.56693 97.31293 911.72430420
v 298.57706 125.75438 530.08404541
v 298.58127 92.54454 539.61273193
v 298.59756 133.49797 540.33404541
v 298.62112 99.60667 581.09844971
v 298.70032 103.23166 523.25207520
v 298.70569 132.70825 537.89587402
v 298.71826 109.28433 625.91790771
v 298.78821 81.43192 886.20562744
v 298.80942 135.23477 964.09863281
v 298.84671 112.94853 645.19506836
v 298.87170 94.72489 534.61651611
v 298.87375 133.35449 553.39123535
v 298.88232 91.79676 903.91442871
v 298.91394 132.32822 622.53460693
v 298.91446 122.32153 967.77752686
v 298.94785 114.80008 660.13623047
v 298.95654 102.43713 593.83056641
v 298.98734 82.08910 898.11602783
v 298.99341 89.01189 556.64257812
v 298.99777 141.89404 945.66113281
v 299.00211 118.56622 672.99499512
v 299.01117 138.42825 960.23388672
v 299.01361 129.18106 654.61322021
v 299.03174 101.08494 894.34033203
v 299.05115 115.77966 967.65911865
v 299.05975 98.23866 575.96020508
v 299.09628 120.57990 674.84082031
v 299.10086 121.65547 527.05712891
v 299.10617 91.11287 561.45812988
v 299.10706 114.39243 657.55035400
v 299.11401 122.76781 920.99444580
v 299.11594 95.88983 527.10412598
v 299.13806 93.76376 564.80499268
v 299.14325 137.09146 962.32012939
v 299.15668 95.35725 950.92529297
v 299.20157 122.30541 674.76190186
v 299.20303 124.59811 672.60754395
v 299.20898 108.15239 621.85406494
v 299.21158 139.03468 935.69232178
v 299.21384 82.32718 883.99108887
v 299.21402 129.74820 651.85235596
v 299.24289 102.87463 896.41809082
v 299.24814 110.81600 633.70318604
v 299.25052 80.51172 892.04077148
v 299.25076 83.96325 900.45349121
v 299.26410 111.64608 641.07055664
v 299.26773 91.23161 878.43438721
v 299.27158 132.62395 598.37756348
v 299.27969 98.22375 955.13873291
v 299.30411 91.96560 546.52020264
v 299.39160 114.64140 909.53540039
v 299.40970 122.00967 682.14349365
v 299.42068 80.85814 887.52062988
v 299.44806 89.88959 550.59735107
v 299.44992 120.40019 677.49603271
v 299.45032 101.61246 587.96472168
v 299.45770 94.10555 949.18377686
v 299.46033 121.71799 919.31695557
v 299.47906 122.54309 677.33544922
v 299.48849 89.87462 559.45678711
v 299.51279 125.90306 671.71636963
v 299.52707 93.82101 941.87396240
v 299.53268 122.09388 684.97528076
v 299.53314 93.97803 934.71936035
v 299.53842 132.91750 577.24273682
v 299.55191 97.57636 526.14434814
v 299.59494 117.62078 967.58953857
v 299.61807 95.48489 929.73883057
v 299.63486 136.26996 963.02014160
v 299.64307 95.97235 528.38562012
v 299.64661 118.24965 676.70019531
v 299.65286 102.40653 959.94226074
v 299.65604 80.53027 889.63055420
v 299.65668 87.15018 902.62689209
v 299.65814 137.88847 934.13244629
v 299.65881 140.21150 940.90191650
v 299.66409 95.09599 931.46301270
v 299.67264 125.53606 673.86828613
v 299.68234 123.44413 967.33264160
v 299.71228 93.85260 948.55059814
v 299.75504 133.21964 551.64813232
v 299.75845 119.47960 685.17547607
v 299.76285 99.77199 886.07037354
v 299.77417 132.78679 538.91101074
v 299.79285 128.90694 927.64587402
v 299.85120 118.13618 681.17529297
v 299.85965 124.98505 682.70172119
v 299.85989 124.66014 529.99841309
v 299.86966 100.77287 889.23712158
v 299.88428 123.76031 686.48669434
v 299.88766 141.18040 950.41778564
v 299.90039 91.42695 904.85870361
v 299.91672 126.61308 672.74731445
v 299.97174 106.04167 610.53778076
v 299.97845 131.55614 638.64245605
v 299.98007 106.36362 963.23083496
v 299.99530 95.95163 535.55883789
v 299.99973 92.39206 905.84619141
v 300.02676 92.92569 545.45977783
v 300.02954 138.57315 958.77008057
v 300.06036 109.87749 901.90246582
v 300.07004 96.23573 920.13360596
v 300.08163 106.97427 898.00262451
v 300.10550 121.00726 967.30590820
v 300.14609 93.73185 937.27404785
v 300.16110 127.05595 674.61840820
v 300.16205 98.62713 576.07116699
v 300.16544 125.86224 924.75396729
v 300.19644 126.33551 678.12017822
v 300.20343 102.95272 598.17053223
v 300.22592 129.24263 660.77996826
v 300.24768 127.84627 926.95697021
v 300.25925 91.26479 548.46472168
v 300.27216 107.54720 621.73602295
v 300.27951 89.25214 878.48266602
v 300.28265 128.49144 532.86645508
v 300.29642 120.22432 690.49951172
v 300.32703 93.44938 908.06970215
v 300.33206 133.21098 620.66888428
v 300.33896 141.17505 949.19830322
v 300.33926 121.96582 690.84161377
v 300.35007 93.89324 877.13421631
v 300.36316 122.88043 921.05670166
v 300.36545 89.66249 557.50018311
v 300.36963 94.06384 939.66369629
v 300.37488 121.02390 700.03399658
v 300.38168 115.31673 672.15936279
v 300.38980 122.91418 697.99603271
v 300.41162 93.70708 947.48468018
v 300.42917 89.75306 553.98059082
v 300.43649 116.60563 681.28076172
v 300.45505 124.06577 689.65527344
v 300.47235 99.57117 883.36737061
v 300.47238 131.37245 644.65350342
v 300.49338 96.85269 529.60858154
v 300.50375 93.14745 563.69604492
v 300.51999 101.75525 889.21325684
v 300.54037 115.94388 676.04968262
v 300.54132 101.02460 584.15502930
v 300.54269 121.98721 701.64251709
v 300.55099 118.03501 689.29278564
v 300.56165 95.46803 923.50115967
v 300.58295 132.86826 581.32641602
v 300.60687 103.96598 601.14044189
v 300.63016 118.59535 913.62701416
v 300.63431 132.89696 554.06707764
v 300.63803 94.29192 942.11151123
v 300.65921 121.30764 702.33605957
v 300.67053 118.26559 693.22552490
v 300.71384 128.21556 670.71972656
v 300.73550 107.37070 524.79656982
v 300.73633 129.50584 966.39532471
v 300.74362 123.53194 700.69366455
v 300.74753 101.54231 525.18377686
v 300.77563 119.19386 697.14501953
v 300.77609 117.47698 525.65893555
v 300.80457 99.68069 580.63378906
v 300.82370 133.37598 558.01855469
v 300.86624 132.99666 627.71795654
v 300.89285 131.03830 965.81677246
v 300.95361 95.15913 540.43139648
v 300.96646 138.11478 935.58691406
v 300.98132 119.18453 701.09753418
v 300.98190 80.63628 887.79125977
v 300.99643 124.99100 697.62524414
v 301.02136 114.03672 668.00866699
v 301.02417 87.97368 904.08306885
v 301.03265 106.36313 615.78332520
v 301.05042 90.31725 551.53619385
v 301.05615 118.91138 526.37292480
v 301.07172 120.91676 703.62396240
v 301.09052 86.34829 903.13031006
v 301.10764 131.18275 654.64611816
v 301.10989 133.33432 577.75390625
v 301.11685 125.45751 692.78204346
v 301.13672 94.06648 948.78948975
v 301.13736 104.15195 891.16296387
v 301.15619 95.48042 566.86254883
v 301.16605 124.52767 923.36761475
v 301.17426 126.68952 688.72375488
v 301.18066 97.75226 533.29486084
v 301.18314 80.44193 889.61199951
v 301.18582 128.68935 674.48559570
v 301.18744 122.78201 703.71887207
v 301.19717 116.88940 694.22900391
v 301.20059 108.24406 895.50506592
v 301.20248 81.02412 886.12579346
v 301.23135 94.02470 946.93121338
v 301.23575 116.21583 687.12884521
v 301.25748 140.75191 947.67114258
v 301.32623 94.71042 949.98089600
v 301.33948 102.39439 592.69604492
v 301.35925 138.98366 955.02142334
v 301.36328 129.94746 665.12933350
v 301.36844 94.76836 565.53875732
v 301.36957 127.53109 682.10723877
v 301.39899 112.09389 901.99249268
v 301.42026 94.42558 914.21136475
v 301.47183 124.55233 702.18853760
v 301.47650 117.73942 698.01928711
v 301.48914 114.86024 525.38446045
v 301.49655 132.91719 637.70996094
v 301.51761 135.64438 962.64361572
v 301.52774 133.00963 556.72479248
v 301.53104 108.81914 633.03051758
v 301.54672 121.58756 918.45941162
v 301.58411 133.34840 594.27593994
v 301.59457 115.76857 692.15362549
v 301.59482 139.78755 942.91918945
v 301.60870 125.92609 697.50970459
v 301.61041 129.73079 535.24072266
v 301.62518 133.70474 603.28088379
v 301.62573 91.65450 548.57104492
v 301.64032 126.24741 693.61889648
v 301.67288 93.67154 934.26940918
v 301.68011 99.30068 880.06762695
v 301.68835 99.98185 526.36431885
v 301.73730 133.58618 547.45581055
v 301.74042 126.80644 532.40173340
v 301.74170 93.09075 546.58923340
v 301.74323 110.46365 649.35858154
v 301.75937 99.17568 527.31829834
v 301.77335 97.98004 535.56524658
v 301.78781 94.12873 937.64868164
v 301.80267 105.33743 525.49389648
v 301.81607 129.03320 677.84698486
v 301.85931 90.29424 559.38586426
v 301.88870 90.05254 555.62945557
v 301.89856 96.01949 951.68286133
v 301.91406 97.26350 877.00329590
v 301.91742 98.14260 877.84454346
v 301.92395 94.69147 948.67596436
v 301.92560 138.62753 937.83111572
v 301.96280 90.00175 876.94494629
v 302.00943 133.32936 584.21673584
v 302.02179 132.58629 541.20544434
v 302.04858 95.56956 541.96392822
v 302.06601 92.30435 875.73565674
v 302.07248 121.82023 705.93804932
v 302.09161 124.15627 704.49554443
v 302.10742 120.40812 705.98553467
v 302.12918 94.51862 920.18273926
v 302.14029 118.09324 703.83428955
v 302.15717 128.12695 687.28033447
v 302.16080 83.81715 901.85424805
v 302.16696 90.11564 558.07305908
v 302.17102 105.10596 611.01232910
v 302.17670 114.12368 682.40740967
v 302.18796 94.06401 875.33648682
v 302.19421 101.35794 585.03405762
v 302.19482 109.52888 964.17608643
v 302.20096 95.25017 944.34942627
v 302.21246 132.61317 643.61138916
v 302.23474 116.42063 907.97637939
v 302.23615 117.18244 702.10491943
v 302.26379 92.20550 910.90435791
v 302.27695 133.42444 580.67077637
v 302.30801 133.57224 635.72662354
v 302.32370 83.19043 881.84466553
v 302.36444 95.24825 875.31219482
v 302.36893 134.03571 612.98529053
v 302.40036 98.12826 876.96337891
v 302.40292 94.27341 927.69128418
v 302.41190 111.09444 655.26647949
v 302.41486 93.97894 930.95159912
v 302.41965 133.23471 543.91381836
v 302.42865 120.50301 708.05926514
v 302.43674 133.43452 566.41296387
v 302.43719 122.62041 707.47521973
v 302.45108 132.11441 552.75671387
v 302.45175 102.26222 526.57830811
v 302.46759 132.02405 554.72198486
v 302.47070 112.22951 525.70104980
v 302.47269 130.07787 674.84936523
v 302.47717 82.50131 900.67547607
v 302.48190 98.78969 575.40905762
v 302.49359 133.42842 545.52197266
v 302.49658 122.54258 717.04217529
v 302.51147 93.96409 917.25476074
v 302.52194 124.05193 706.49365234
v 302.54025 119.53828 718.73864746
v 302.54587 100.19596 879.54541016
v 302.55917 90.90938 550.35919189
v 302.57529 101.71108 589.10198975
v 302.58264 118.08344 713.60058594
v 302.59622 98.10358 537.35540771
v 302.59647 117.40656 705.41821289
v 302.60291 130.37137 669.11889648
v 302.60385 97.34515 571.75604248
v 302.61249 87.16930 878.17034912
v 302.61761 96.14662 951.16168213
v 302.63138 103.95611 960.14245605
v 302.63223 118.06190 717.39306641
v 302.64343 113.35712 965.78125000
v 302.66711 138.88420 940.06494141
v 302.68063 85.78483 904.09228516
v 302.70065 102.98077 883.73352051
v 302.73953 80.83324 897.71960449
v 302.78839 100.50871 528.17602539
v 302.81223 125.46686 706.48522949
v 302.82294 128.83112 535.26501465
v 302.82385 121.26067 721.33197021
v 302.83847 115.71469 526.22296143
v 302.84930 126.67603 703.19842529
v 302.85474 110.52039 894.20275879
v 302.89307 135.07364 933.52050781
v 302.89325 125.15552 713.70233154
v 302.90451 124.22984 717.64648438
v 302.90851 133.24321 565.48431396
v 302.91061 132.97409 649.46099854
v 302.91577 119.20255 912.52612305
v 302.94098 107.85558 632.86895752
v 302.94250 133.86603 591.11914062
v 302.94504 126.97691 533.38879395
v 302.94507 98.47107 875.73675537
v 302.94745 113.70390 901.05047607
v 302.94940 116.43580 716.98132324
v 302.95480 84.51990 880.06433105
v 302.95605 93.95294 920.74041748
v 302.96085 100.04031 529.42828369
v 302.96799 109.29915 891.37457275
v 302.97162 98.43602 954.13452148
v 303.01959 116.75613 526.63891602
v 303.04184 96.04295 945.64123535
v 303.04749 95.21027 874.17187500
v 303.05518 133.54758 577.37280273
v 303.06976 112.86996 685.14331055
v 303.07950 100.52557 877.72009277
v 303.08221 129.86948 930.40783691
v 303.08670 105.13556 614.87493896
v 303.09271 99.08717 535.59869385
v 303.11176 95.77515 942.71173096
v 303.12378 96.95786 540.76202393
v 303.12378 104.73902 609.78344727
v 303.12415 111.54951 669.20989990
v 303.12637 94.13278 564.51263428
v 303.13019 137.54979 955.35729980
v 303.13159 132.69655 963.87341309
v 303.14911 84.07590 902.94818115
v 303.19452 115.58167 707.90496826
v 303.20081 132.79875 652.99389648
v 303.20428 130.31750 965.26525879
v 303.24649 119.22935 724.26428223
v 303.26089 134.45166 606.28240967
v 303.26480 106.08200 619.81030273
v 303.28732 81.79359 900.32971191
v 303.32196 122.55892 723.02661133
v 303.32455 110.30930 664.26538086
v 303.33810 99.27534 874.42938232
v 303.34448 120.94271 735.21533203
v 303.37741 108.25198 640.05249023
v 303.39197 119.01672 742.70568848
v 303.39273 107.38979 631.21661377
v 303.39291 125.04396 966.37847900
v 303.39648 93.58862 934.04522705
v 303.40399 93.65643 873.50122070
v 303.41837 118.96446 726.88024902
v 303.41940 113.76585 695.96289062
v 303.42111 116.21749 904.96331787
v 303.42255 118.04776 736.03875732
v 303.42874 127.80579 702.30975342
v 303.43021 114.90326 715.77124023
v 303.45880 115.41462 719.92315674
v 303.49725 92.17868 873.85748291
v 303.49841 117.41690 724.66436768
v 303.52319 118.98583 744.60620117
v 303.52856 120.73162 742.01165771
v 303.54315 118.45605 910.38256836
v 303.55920 108.38867 642.96881104
v 303.56662 97.44630 872.80310059
v 303.60678 102.55100 594.69726562
v 303.62442 121.06025 530.07025146
v 303.63654 113.73387 698.68249512
v 303.65619 131.63515 553.77795410
v 303.66385 124.08504 727.49023438
v 303.66953 112.91666 897.16986084
v 303.67151 112.25869 690.78039551
v 303.67685 111.27167 673.23229980
v 303.68405 95.82353 941.56671143
v 303.68912 98.53436 574.31323242
v 303.69156 105.58703 880.66503906
v 303.69379 122.77724 735.99621582
v 303.69980 82.43363 882.61083984
v 303.70224 124.85099 720.52563477
v 303.70337 93.71942 929.00555420
v 303.70523 90.01050 910.09948730
v 303.71866 126.84767 710.30285645
v 303.73331 135.43991 934.60180664
v 303.75110 117.44949 744.78912354
v 303.78128 126.49973 715.45501709
v 303.82388 116.36015 736.91973877
v 303.83093 100.30951 532.05096436
v 303.84000 118.47958 746.54833984
v 303.84637 124.78882 727.33587646
v 303.85080 115.77552 723.16577148
v 303.85519 100.29482 870.59887695
v 303.86325 95.84824 567.10266113
v 303.87079 98.40946 953.11212158
v 303.90137 138.20496 952.62164307
v 303.92426 121.75536 742.65887451
v 303.93103 106.70240 881.60949707
v 303.94232 103.13835 602.98138428
v 303.95059 138.49838 951.31079102
v 303.95258 113.99060 710.96429443
v 303.96066 95.18491 565.83740234
v 303.96310 89.09736 909.33221436
v 303.98941 105.19712 876.16265869
v 303.99844 129.74092 689.30987549
v 304.00229 101.58965 529.04742432
v 304.01108 103.13285 871.83477783
v 304.01807 96.97363 871.46539307
v 304.02591 96.56863 943.67999268
v 304.02731 127.15616 966.00726318
v 304.02750 134.52309 960.87670898
v 304.06549 113.03303 705.49804688
v 304.07034 99.02364 537.52612305
v 304.10352 119.58583 912.51531982
v 304.12103 85.76608 878.29382324
v 304.13367 117.44860 747.15808105
v 304.13376 93.38484 921.72296143
v 304.13925 129.46436 965.13214111
v 304.14154 88.88088 875.53436279
v 304.14560 125.84772 720.01879883
v 304.15305 110.02840 886.66772461
v 304.15958 115.69668 726.69317627
v 304.16632 123.67444 736.90631104
v 304.16919 96.93379 541.80883789
v 304.17224 120.76303 745.62255859
v 304.19315 132.94823 546.73651123
v 304.19379 90.47934 552.54870605
v 304.20099 112.82853 964.80090332
v 304.20563 100.96394 956.94116211
v 304.20581 111.47318 889.59515381
v 304.21817 118.94881 747.54357910
v 304.24832 101.15141 530.19561768
v 304.25497 115.47214 737.86694336
v 304.27765 131.88724 668.99365234
v 304.28531 113.51312 719.41937256
v 304.29077 91.67846 548.83361816
v 304.31522 134.44933 628.67004395
v 304.32706 125.95414 926.82086182
v 304.33661 134.64194 622.70343018
v 304.35861 100.09407 955.60260010
v 304.36423 123.34463 965.90985107
v 304.38599 125.81773 726.47692871
v 304.39133 137.94072 940.91857910
v 304.39822 131.85750 558.58081055
v 304.40308 99.95808 581.53100586
v 304.40463 90.37935 558.78906250
v 304.40784 93.02912 920.04376221
v 304.41516 124.44815 924.11816406
v 304.43835 107.61854 880.84069824
v 304.45392 129.30490 693.71856689
v 304.45529 98.37211 951.70159912
v 304.47061 101.67957 868.88372803
v 304.52707 104.68510 614.03027344
v 304.53137 133.72420 579.83685303
v 304.58231 97.63362 945.12133789
v 304.60477 119.05382 965.25646973
v 304.61191 109.64529 686.72387695
v 304.61975 107.45365 639.89050293
v 304.62494 132.67665 962.69201660
v 304.63110 96.98981 570.65069580
v 304.63153 134.68150 635.89477539
v 304.64316 103.04829 958.70129395
v 304.64319 120.87419 915.18701172
v 304.64331 122.60518 531.60186768
v 304.66125 118.26393 908.28747559
v 304.66534 107.52445 649.92486572
v 304.68201 118.85569 910.09918213
v 304.70450 135.42003 935.66345215
v 304.72739 102.46815 600.75042725
v 304.75021 90.90014 550.45404053
v 304.76236 100.15878 535.31597900
v 304.79868 80.87592 899.77416992
v 304.82825 112.06448 888.80773926
v 304.83191 134.33144 597.30957031
v 304.83981 132.09923 675.04235840
v 304.84143 129.18217 703.81329346
v 304.84894 105.09649 959.85345459
v 304.86359 126.08378 728.56988525
v 304.86868 85.13586 906.71282959
v 304.87238 127.50587 716.15161133
v 304.87329 87.27618 876.28002930
v 304.88824 132.56363 665.42108154
v 304.89255 100.36888 867.84045410
v 304.93066 106.73162 961.45892334
v 304.93481 91.11662 872.29296875
v 304.94638 100.71861 533.59686279
v 304.95425 86.13947 877.32989502
v 304.96060 114.91872 965.00585938
v 304.97327 101.29760 584.80456543
v 304.97375 111.27764 694.75518799
v 304.98480 102.50529 867.79742432
v 304.99411 95.83342 543.64105225
v 305.02484 102.34987 529.38812256
v 305.05649 104.67580 870.21362305
v 305.06543 98.62460 948.09637451
v 305.08972 105.18177 619.72827148
v 305.09491 116.40524 749.20782471
v 305.12207 117.61264 749.77990723
v 305.12567 99.17205 576.84619141
v 305.13007 127.49316 965.27752686
v 305.13611 93.39716 930.34332275
v 305.14316 130.90297 542.09643555
v 305.16498 95.32365 938.15185547
v 305.17249 115.22648 748.03308105
v 305.19687 121.59689 747.58135986
v 305.22528 119.35934 749.70251465
v 305.23312 133.52731 660.92834473
v 305.23553 132.08052 565.00927734
v 305.25043 127.36704 536.22753906
v 305.28677 93.48108 869.95849609
v 305.29449 108.70709 688.70727539
v 305.29529 125.38892 965.48138428
v 305.29834 101.75337 530.46313477
v 305.30957 135.74542 612.42980957
v 305.32050 104.24194 607.39538574
v 305.32520 129.78267 697.01489258
v 305.36868 90.15950 556.98986816
v 305.37799 118.35755 751.04315186
v 305.38660 81.51438 884.36877441
v 305.39282 99.76579 865.93188477
v 305.41003 108.39834 686.91687012
v 305.41422 100.88525 954.65368652
v 305.41742 131.76918 563.22558594
v 305.42053 81.68391 902.72479248
v 305.43961 116.17392 751.38775635
v 305.44876 113.36312 737.04547119
v 305.44946 96.83443 942.44635010
v 305.45184 131.37193 553.55676270
v 305.45566 111.30521 707.86645508
v 305.45831 115.93744 772.34094238
v 305.46216 124.12913 741.35913086
v 305.46622 103.49937 528.98632812
v 305.46988 102.88160 864.50610352
v 305.47046 100.61845 861.53625488
v 305.47394 116.09737 528.38165283
v 305.47546 113.98392 746.32470703
v 305.47958 108.49255 877.13031006
v 305.49408 122.91698 746.62927246
v 305.49939 99.01505 538.64532471
v 305.51617 107.07068 646.41070557
v 305.52560 127.34007 720.41674805
v 305.52982 128.35776 713.09844971
v 305.53217 111.69606 720.62194824
v 305.53589 134.16783 644.07287598
v 305.55276 97.90417 944.04669189
v 305.58118 113.58840 741.80822754
v 305.58987 116.35126 776.86706543
v 305.59402 131.97954 961.49151611
v 305.59729 102.44575 859.87677002
v 305.60516 95.46356 544.15441895
v 305.62393 110.12536 700.46173096
v 305.65588 121.05548 759.81530762
v 305.65723 117.39291 529.14208984
v 305.66006 97.96673 573.13586426
v 305.67709 108.33680 962.73315430
v 305.67737 114.10596 752.04687500
v 305.71634 134.52521 592.70397949
v 305.72699 121.91821 752.16424561
v 305.76025 123.43771 532.88122559
v 305.77185 109.90382 696.10748291
v 305.77734 110.90005 712.53729248
v 305.78268 133.45781 570.82153320
v 305.78650 113.98052 778.28411865
v 305.78815 91.24103 870.65979004
v 305.79239 112.82793 771.58502197
v 305.80347 112.67126 725.02142334
v 305.80859 90.98697 560.93988037
v 305.82068 114.17615 892.27471924
v 305.82333 110.65491 718.30480957
v 305.83417 95.01564 566.03417969
v 305.84558 132.11833 682.17620850
v 305.86710 105.61538 528.48687744
v 305.87451 97.97677 861.48864746
v 305.88016 131.58171 685.12652588
v 305.88455 131.84436 546.08209229
v 305.88779 107.63396 671.75659180
v 305.88965 95.19370 866.61285400
v 305.89438 100.15101 536.17382812
v 305.91772 92.91077 924.24243164
v 305.92880 117.82442 778.55249023
v 305.93314 97.70643 541.00115967
v 305.94308 101.35869 532.09967041
v 305.94366 104.07388 957.86730957
v 305.94785 133.45760 958.14465332
v 305.96005 124.17738 745.53900146
v 305.97470 134.89252 598.75543213
v 305.97592 126.60033 731.02294922
v 305.97668 80.46806 896.62799072
v 305.98077 84.30862 878.74926758
v 305.98123 112.50746 750.43542480
v 305.98239 105.19248 624.83972168
v 305.98889 107.11761 867.63342285
v 305.98972 135.84285 938.46307373
v 306.01807 119.90323 768.19073486
v 306.02576 132.93649 674.18981934
v 306.02637 133.95543 660.37786865
v 306.05814 123.84825 749.65051270
v 306.06656 115.31834 896.68341064
v 306.07623 94.10492 935.33801270
v 306.08398 131.87624 549.59814453
v 306.08795 135.95798 605.44281006
v 306.09100 110.80074 527.93395996
v 306.12000 133.09268 569.07043457
v 306.14612 111.67160 772.06372070
v 306.16370 100.87564 534.24694824
v 306.17252 106.01629 858.47552490
v 306.17557 112.13248 778.43023682
v 306.17899 128.52881 538.77880859
v 306.21912 130.26389 541.95239258
v 306.21991 104.81278 619.64416504
v 306.22531 100.94631 856.57800293
v 306.25177 119.81521 776.28887939
v 306.25229 100.03365 948.00988770
v 306.25354 123.29119 752.87023926
v 306.26468 130.43240 697.39562988
v 306.27319 104.34642 609.86499023
v 306.29166 131.28394 933.20605469
v 306.29532 88.41248 873.32354736
v 306.30267 128.62048 930.71051025
v 306.30273 135.81174 617.62084961
v 306.30566 99.88574 581.68536377
v 306.30740 110.97242 820.44177246
v 306.31021 99.00923 538.68811035
v 306.31418 122.92210 759.61834717
v 306.32205 136.10591 614.81414795
v 306.33426 98.92202 857.26373291
v 306.33585 113.08249 528.13781738
v 306.34802 112.12399 883.62402344
v 306.34872 108.45599 869.37298584
v 306.34903 113.39299 783.35546875
v 306.36215 108.10771 833.70581055
v 306.36295 134.04257 655.36163330
v 306.36511 105.92313 842.59478760
v 306.36987 107.30224 675.04290771
v 306.39859 131.87305 548.07141113
v 306.40244 100.25536 855.14630127
v 306.40500 107.16327 845.05871582
v 306.41046 114.97807 528.51647949
v 306.41287 106.67284 855.92608643
v 306.41437 119.07777 779.78399658
v 306.41666 109.96215 830.01080322
v 306.42801 109.08695 829.11041260
v 306.44028 113.98778 807.75421143
v 306.44043 105.50128 958.22100830
v 306.44336 107.60866 692.34527588
v 306.44531 108.14197 858.62475586
v 306.45215 90.39185 559.50189209
v 306.45255 109.96750 840.00354004
v 306.46170 111.82403 822.75079346
v 306.47110 115.97816 802.15289307
v 306.47421 111.14081 740.82806396
v 306.47818 117.11461 793.09130859
v 306.48740 109.92108 799.99554443
v 306.49527 112.12926 794.39758301
v 306.50519 89.92397 554.64959717
v 306.51147 93.34295 931.96594238
v 306.51419 135.86134 634.34948730
v 306.52881 106.43622 655.16943359
v 306.54535 80.64326 901.68243408
v 306.54694 134.38994 649.68597412
v 306.55450 122.75014 964.62371826
v 306.55829 103.02271 847.54815674
v 306.56921 113.55856 819.65264893
v 306.57434 101.36687 949.92895508
v 306.57980 106.71120 833.76141357
v 306.59113 116.16042 529.04968262
v 306.59302 117.86093 787.51831055
v 306.60492 108.09040 822.05926514
v 306.61343 125.60974 535.40466309
v 306.61722 109.22523 814.37951660
v 306.62442 119.50346 911.11291504
v 306.62454 101.41238 586.19824219
v 306.63461 111.08861 783.69873047
v 306.63541 98.47626 854.83258057
v 306.66473 123.47949 533.41552734
v 306.75171 91.81817 562.36621094
v 306.76517 111.68054 829.90863037
v 306.76572 107.73804 819.44934082
v 306.77435 117.81512 796.58618164
v 306.78113 89.76495 556.25994873
v 306.78467 95.73312 861.44024658
v 306.78564 115.76522 807.51385498
v 306.79007 101.71227 531.72601318
v 306.80310 123.52167 760.17260742
v 306.81186 114.29929 820.10675049
v 306.81451 127.82619 725.74249268
v 306.81619 110.38599 779.46691895
v 306.81848 80.32558 900.23156738
v 306.82806 109.71420 844.85913086
v 306.82971 107.47562 828.31353760
v 306.82983 110.27519 795.15557861
v 306.83286 111.30363 841.06494141
v 306.83823 119.88680 784.08599854
v 306.83875 106.37913 658.51025391
v 306.85571 108.41104 814.25567627
v 306.86026 90.86591 549.79583740
v 306.87195 136.61711 947.15576172
v 306.87366 103.82012 607.81237793
v 306.87607 96.08397 543.12622070
v 306.87994 103.65364 839.97460938
v 306.88831 94.55568 863.52874756
v 306.89822 110.04529 772.39666748
v 306.90094 109.69022 856.53155518
v 306.90582 106.80769 688.89611816
v 306.90756 91.58210 920.51708984
v 306.91272 117.53680 803.02398682
v 306.91473 131.80812 934.37213135
v 306.92905 134.89574 938.54650879
v 306.94522 109.94976 868.80993652
v 306.96112 117.10146 899.03118896
v 306.97208 115.78061 812.52984619
v 306.97394 130.11215 708.78100586
v 306.98581 102.86670 605.04351807
v 307.00058 113.55596 823.05712891
v 307.00189 108.33260 798.60906982
v 307.00787 90.08081 917.38293457
v 307.00827 133.56598 667.72882080
v 307.02298 121.91225 775.66845703
v 307.02441 119.04917 794.31072998
v 307.03714 119.50018 786.65692139
v 307.04132 132.52725 568.34851074
v 307.06741 126.59974 738.18719482
v 307.09222 88.75724 914.41693115
v 307.09448 106.60197 693.41424561
v 307.09848 106.41719 830.76202393
v 307.09964 122.45949 772.16876221
v 307.10074 136.37596 613.88336182
v 307.10620 122.37782 767.39904785
v 307.10944 131.50493 565.26245117
v 307.11511 107.15139 710.11743164
v 307.11670 120.63425 783.73413086
v 307.11707 113.81451 886.16137695
v 307.13528 125.50423 748.81799316
v 307.13538 101.14473 847.36663818
v 307.14462 107.53865 801.42236328
v 307.18546 127.58651 538.23291016
v 307.18918 112.58856 838.57574463
v 307.19135 110.88628 871.62713623
v 307.19360 109.71242 528.33203125
v 307.19879 110.60403 845.36236572
v 307.21011 109.35585 794.78485107
v 307.23016 115.66322 818.00250244
v 307.23221 96.38587 855.54632568
v 307.23291 134.31807 660.12347412
v 307.24051 130.10417 932.91259766
v 307.24170 112.87756 880.79339600
v 307.24799 106.20108 672.28570557
v 307.25461 114.44015 963.99768066
v 307.26599 88.58762 871.56988525
v 307.26831 102.21268 949.49774170
v 307.27426 131.30685 554.36413574
v 307.29025 125.70751 963.69311523
v 307.29349 116.13918 896.12298584
v 307.30130 124.72501 753.41821289
v 307.31219 103.57466 951.52471924
v 307.31244 107.10154 528.89959717
v 307.35580 106.22697 704.80786133
v 307.35983 134.98811 940.24475098
v 307.39075 130.22307 542.94250488
v 307.39297 127.72003 930.19073486
v 307.39557 107.16306 713.83819580
v 307.40903 120.23191 786.45916748
v 307.41092 111.07885 962.93908691
v 307.41330 135.90588 600.20910645
v 307.42569 126.09163 742.78332520
v 307.42725 103.40297 530.29724121
v 307.42810 91.48801 548.17779541
v 307.45245 92.17666 865.63726807
v 307.46094 116.25429 814.66436768
v 307.48703 117.67583 899.48486328
v 307.50110 126.94391 962.81097412
v 307.51785 107.43098 958.37066650
v 307.53702 123.35619 764.75646973
v 307.56128 100.43723 535.40374756
v 307.57465 101.07394 585.51373291
v 307.61804 120.18881 792.15832520
v 307.62070 108.90844 725.25592041
v 307.62204 113.81128 882.17504883
v 307.62958 109.94400 961.98675537
v 307.63101 136.16139 636.85748291
v 307.63501 126.37469 536.76190186
v 307.63928 99.03042 538.09515381
v 307.64194 122.03931 778.60992432
v 307.64206 106.19798 689.54211426
v 307.66571 132.43855 687.88696289
v 307.68973 105.83798 708.45037842
v 307.69208 106.52137 805.31976318
v 307.70178 100.51160 946.22979736
v 307.70273 135.17712 593.06060791
v 307.71014 95.21215 856.52746582
v 307.71030 124.11224 762.32379150
v 307.72787 119.05045 802.19793701
v 307.73465 134.68887 651.52716064
v 307.73712 102.51606 598.70855713
v 307.74176 126.06770 749.06823730
v 307.74884 121.05623 531.99285889
v 307.75760 108.49849 734.25927734
v 307.78415 132.06218 567.79711914
v 307.78564 132.95284 685.22747803
v 307.81827 132.61124 955.90161133
v 307.82114 106.01231 636.90655518
v 307.82147 96.05363 542.69494629
v 307.84421 86.02052 874.55761719
v 307.84720 111.20818 962.55822754
v 307.85013 131.03609 958.13165283
v 307.85312 95.99095 568.93206787
v 307.85352 99.74081 847.51483154
v 307.86008 135.56984 948.69122314
v 307.86102 102.21619 531.42858887
v 307.87369 105.49011 655.99182129
v 307.87488 118.45760 903.21258545
v 307.87567 85.48254 911.16625977
v 307.89420 120.95695 914.86407471
v 307.90839 115.88306 529.34124756
v 307.91110 106.11515 677.25366211
v 307.92181 125.14498 926.47430420
v 307.92780 128.60506 960.65124512
v 307.95963 131.33601 564.17498779
v 307.96088 123.56847 771.20263672
v 307.98141 123.27412 774.91290283
v 307.98535 92.31579 546.79901123
v 307.99820 80.06425 903.13201904
v 308.00348 101.00623 841.36614990
v 308.01059 136.49617 606.96459961
v 308.01736 87.02811 913.39459229
v 308.02200 118.02935 899.70257568
v 308.02786 131.56174 549.48779297
v 308.02893 133.95767 952.91809082
v 308.03354 129.80367 714.76495361
v 308.05234 105.86166 646.89660645
v 308.06311 91.69112 922.64489746
v 308.08755 131.40631 547.59313965
v 308.09109 131.03746 935.25909424
v 308.10275 93.55000 861.47320557
v 308.10318 103.76316 949.72619629
v 308.10846 136.35658 619.24468994
v 308.10980 113.29781 528.60900879
v 308.11353 130.61208 544.46734619
v 308.15356 125.62363 927.49737549
v 308.17352 131.57208 697.25817871
v 308.17950 102.08778 947.74365234
v 308.18561 107.33595 795.06945801
v 308.21936 102.84106 833.82257080
v 308.21970 118.82556 805.78601074
v 308.24030 107.90085 740.53149414
v 308.25745 89.35024 558.13287354
v 308.25815 118.44727 963.84075928
v 308.26279 104.20914 822.02996826
v 308.26300 80.48622 905.63665771
v 308.27484 94.67889 544.20056152
v 308.29517 131.58975 566.34881592
v 308.29761 103.73362 830.86267090
v 308.30032 90.64480 549.24072266
v 308.31421 135.81006 640.99560547
v 308.31631 89.14552 918.39312744
v 308.31671 105.26592 805.98767090
v 308.33157 119.70352 911.67083740
v 308.33444 127.81215 930.93218994
v 308.36371 114.07680 963.00799561
v 308.37985 110.94421 961.19116211
v 308.39618 134.10567 667.05554199
v 308.40564 136.31752 601.18731689
v 308.40872 96.09975 938.99108887
v 308.41281 99.68728 944.27197266
v 308.41687 104.87937 814.99645996
v 308.42816 105.86318 798.34460449
v 308.45297 112.57205 867.31933594
v 308.46671 83.57525 878.80468750
v 308.47394 124.77042 535.24908447
v 308.47403 82.54941 909.12371826
v 308.48041 135.93690 597.90728760
v 308.52765 109.65596 528.68023682
v 308.53949 89.57687 559.11309814
v 308.54495 103.48544 530.68786621
v 308.54504 81.92789 882.35668945
v 308.54926 114.97235 836.87945557
v 308.56570 80.81889 907.01708984
v 308.56647 116.59762 895.31317139
v 308.56787 101.69670 592.83886719
v 308.58347 128.09731 539.86584473
v 308.58755 124.27539 765.54479980
v 308.59631 127.02859 743.03167725
v 308.60742 105.13074 657.89282227
v 308.60980 118.68711 903.59094238
v 308.62213 97.33119 941.11352539
v 308.62567 112.89454 853.29595947
v 308.64630 105.14892 667.03143311
v 308.65359 133.26422 570.68463135
v 308.65652 89.78098 920.01129150
v 308.65656 116.15882 963.16528320
v 308.66110 107.09406 787.22796631
v 308.66574 129.73506 934.21868896
v 308.67151 115.94995 891.84680176
v 308.68820 101.24897 532.86505127
v 308.70474 121.32333 963.23352051
v 308.72299 92.92500 564.30596924
v 308.72574 79.91885 896.56414795
v 308.73151 118.21744 963.38970947
v 308.73260 104.30793 616.67059326
v 308.74487 91.12309 547.79870605
v 308.76358 104.89580 799.92089844
v 308.76630 120.61026 799.68713379
v 308.76645 105.05410 671.54235840
v 308.77573 131.51559 554.14440918
v 308.78992 84.33598 876.92059326
v 308.79840 87.37912 871.32745361
v 308.81183 89.89355 866.71057129
v 308.83853 105.12272 642.65313721
v 308.84058 127.42820 740.68579102
v 308.87039 115.56319 887.50158691
v 308.89828 122.35270 920.15240479
v 308.90869 92.91117 860.19604492
v 308.92795 104.58472 699.94812012
v 308.93631 122.84014 962.71984863
v 308.93787 99.82599 583.34613037
v 308.93924 136.51785 635.80084229
v 308.94724 130.92259 710.50183105
v 308.94974 112.84165 961.33380127
v 308.95123 126.98660 748.20355225
v 308.95825 106.43191 787.01184082
v 308.96271 99.10368 578.32116699
v 308.96939 104.85949 733.71215820
v 308.96988 113.66604 862.49981689
v 308.97034 131.48534 548.50976562
v 308.97647 104.47796 721.56665039
v 309.00046 119.09420 905.48010254
v 309.00320 135.96552 647.32946777
v 309.01053 103.58923 948.16131592
v 309.01855 129.92213 721.38769531
v 309.02185 106.16147 754.49249268
v 309.02817 88.66344 554.80096436
v 309.04715 119.45701 810.32104492
v 309.04742 103.97079 705.43200684
v 309.05670 101.93766 531.84362793
v 309.06009 132.94745 691.38958740
v 309.06073 99.09794 833.01861572
v 309.06451 107.26023 529.66259766
v 309.07132 115.31741 883.23010254
v 309.08777 134.53929 661.73754883
v 309.08923 92.49263 927.57037354
v 309.10611 101.08411 825.77685547
v 309.13080 97.97301 840.51330566
v 309.13757 115.26862 842.28039551
v 309.26346 102.82630 607.86895752
v 309.26413 104.62319 630.04638672
v 309.26627 95.06609 851.15759277
v 309.26962 121.83400 918.57714844
v 309.27576 94.37786 543.88793945
v 309.27594 121.29740 532.46887207
v 309.31104 103.84115 719.82196045
v 309.34100 103.39069 794.83624268
v 309.36789 103.77071 714.26403809
v 309.36987 123.95081 923.08581543
v 309.37033 131.96376 567.26672363
v 309.37601 103.84406 732.04235840
v 309.37750 134.54295 655.45874023
v 309.39294 124.50153 772.55285645
v 309.39310 129.39281 542.16662598
v 309.40250 118.65345 820.31433105
v 309.41223 129.76038 955.67327881
v 309.45673 134.93982 653.62005615
v 309.50433 95.95025 846.51196289
v 309.53387 131.80598 552.99639893
v 309.54272 117.50571 825.45703125
v 309.55878 103.99052 615.44464111
v 309.55972 84.01862 877.32037354
v 309.56274 114.96898 878.72143555
v 309.56961 103.42797 530.89532471
v 309.58389 91.42720 546.63763428
v 309.59302 100.61775 810.63250732
v 309.60312 104.36562 751.39001465
v 309.60501 104.08337 622.45214844
v 309.60556 88.19299 556.27947998
v 309.60629 131.83334 550.85375977
v 309.61298 114.46036 871.29522705
v 309.63052 85.54053 915.05566406
v 309.64322 125.18128 927.52746582
v 309.65277 100.64525 816.73748779
v 309.65952 123.84451 779.14532471
v 309.66330 90.24214 561.20971680
v 309.66815 96.51658 540.01043701
v 309.69345 127.74426 932.12481689
v 309.70203 115.60113 851.66271973
v 309.70242 104.13683 741.10113525
v 309.70682 117.78023 961.87316895
v 309.73773 121.44463 961.76678467
v 309.74368 91.74907 563.17321777
v 309.74527 97.70950 832.10504150
v 309.76743 80.51640 889.86816406
v 309.78671 103.36795 704.85809326
v 309.81168 136.16742 593.89379883
v 309.82034 116.84573 895.06500244
v 309.82285 103.60435 787.62542725
v 309.85434 117.57672 834.02026367
v 309.86307 120.66200 804.87127686
v 309.87485 116.51387 846.08404541
v 309.88913 103.42329 768.92913818
v 309.92706 117.90791 897.29901123
v 309.93832 121.40913 916.45001221
v 309.94293 95.49920 845.38031006
v 309.96179 131.75320 549.37414551
v 309.96661 96.05217 838.54522705
v 309.97919 132.04860 941.63714600
v 309.99542 101.76271 796.28240967
v 309.99805 132.92120 696.02996826
v 310.02579 134.12929 575.85443115
v 310.03827 100.25301 533.81127930
v 310.04709 136.37552 598.34875488
v 310.05453 100.28563 808.15960693
v 310.06393 133.39394 688.39117432
v 310.06650 85.50112 872.81970215
v 310.08728 98.92826 822.24871826
v 310.09650 131.68692 565.14697266
v 310.09705 129.84360 726.94976807
v 310.09940 96.65932 834.16662598
v 310.10172 104.35728 655.50054932
v 310.10190 89.91224 548.50115967
v 310.10315 116.42560 854.95941162
v 310.11807 101.84863 792.34082031
v 310.12531 136.40962 646.92858887
v 310.13834 115.79701 862.51086426
v 310.16849 127.69439 745.76776123
v 310.19485 122.04283 799.37438965
v 310.20355 136.39117 642.54901123
v 310.21603 102.71258 770.04309082
v 310.22385 78.98846 898.48992920
v 310.23495 120.90630 808.96881104
v 310.23825 98.27878 827.71295166
v 310.23999 102.74491 713.17059326
v 310.24170 78.80122 904.42211914
v 310.24832 130.76122 715.71881104
v 310.25021 130.23651 543.97271729
v 310.26328 103.49346 946.70288086
v 310.28769 89.35761 921.54040527
v 310.29187 102.63205 732.76385498
v 310.30075 99.25744 818.11779785
v 310.30334 102.77200 609.86694336
v 310.31213 135.92119 591.26031494
v 310.31995 99.13672 812.36645508
v 310.34964 102.88568 751.52069092
v 310.36298 118.15122 834.46496582
v 310.36380 102.84925 740.54949951
v 310.36826 117.14680 840.62585449
v 310.37717 114.63943 529.00024414
v 310.39157 119.94418 819.60644531
v 310.39474 96.60706 572.52337646
v 310.40485 101.93132 775.96014404
v 310.40723 101.91712 758.97473145
v 310.40985 98.28440 941.23370361
v 310.41171 112.83660 528.60797119
v 310.42892 103.82053 617.70007324
v 310.43195 118.35362 898.63531494
v 310.43295 115.34626 870.05426025
v 310.43491 101.16006 803.18927002
v 310.43671 118.61255 826.59509277
v 310.43796 123.91638 784.86938477
v 310.46548 129.34145 542.03723145
v 310.48386 116.98415 849.95593262
v 310.49994 126.86207 757.57000732
v 310.51019 91.10139 924.44128418
v 310.53708 103.24570 530.93438721
v 310.55527 131.43066 706.52026367
v 310.56082 87.64423 554.34191895
v 310.56931 119.33871 906.65148926
v 310.57092 91.41520 859.08984375
v 310.57660 103.55582 699.22027588
v 310.57935 104.38546 667.16162109
v 310.58505 95.94194 937.90295410
v 310.59149 101.71179 788.99554443
v 310.59186 120.39596 813.96026611
v 310.59390 131.81927 945.02667236
v 310.60721 101.81187 531.67492676
v 310.61246 123.38734 959.11523438
v 310.61993 99.99097 942.92926025
v 310.64597 131.43469 560.15582275
v 310.66464 133.38144 570.52618408
v 310.67203 126.22657 763.02429199
v 310.67398 107.61385 529.86450195
v 310.71310 136.04468 652.33221436
v 310.71567 132.16252 554.46893311
v 310.73178 136.44382 594.75421143
v 310.73349 129.50931 953.14624023
v 310.73511 116.59761 958.82183838
v 310.73837 115.77726 879.99853516
v 310.73987 130.46783 951.82031250
v 310.79352 101.32558 764.73675537
v 310.81522 93.72919 542.85296631
v 310.81595 123.50809 787.76654053
v 310.82245 108.03236 948.73822021
v 310.82303 113.08585 954.49426270
v 310.82806 102.47974 606.53442383
v 310.85428 117.17551 858.17236328
v 310.86731 104.08009 657.14099121
v 310.89310 129.88838 939.86157227
v 310.89337 88.09008 866.63061523
v 310.89444 128.29652 935.39685059
v 310.89645 97.84811 575.51098633
v 310.94415 134.37585 678.27746582
v 310.94495 102.24457 728.91101074
v 310.94537 131.07611 949.37390137
v 310.96658 117.50108 854.50109863
v 310.96786 104.79076 946.88006592
v 310.97647 91.83772 854.07849121
v 310.97675 117.50513 849.76501465
v 310.99240 92.65663 850.30261230
v 310.99460 129.53090 734.55633545
v 310.99927 103.95858 674.95556641
v 311.05576 117.88966 840.02459717
v 311.06573 116.56416 893.64288330
v 311.07043 98.73613 534.75701904
v 311.07339 102.14654 721.90417480
v 311.09824 125.21436 535.80072021
v 311.10327 120.16605 959.01721191
v 311.11813 102.62157 704.74371338
v 311.11987 136.40285 650.97705078
v 311.13214 95.91802 538.58807373
v 311.14676 119.65770 911.89483643
v 311.15442 94.01909 845.13861084
v 311.19794 126.74987 760.54248047
v 311.20013 89.26385 547.58843994
v 311.20300 94.26187 840.39428711
v 311.22675 100.70550 761.43524170
v 311.24280 100.75086 775.59161377
v 311.24475 101.62996 753.19818115
v 311.25662 89.84844 546.49768066
v 311.26172 86.63010 920.13104248
v 311.28665 92.53639 929.70910645
v 311.33823 101.17542 770.20983887
v 311.36127 100.79988 757.35278320
v 311.37466 116.39719 885.70635986
v 311.37469 89.13042 862.34631348
v 311.37860 116.12372 871.78112793
v 311.39413 84.92889 873.16369629
v 311.42313 131.89029 705.44244385
v 311.42657 121.80138 957.72717285
v 311.44803 115.97186 873.70135498
v 311.45227 131.40460 712.45092773
v 311.45605 123.64900 793.53350830
v 311.45627 102.01606 717.87377930
v 311.45999 117.81171 897.15441895
v 311.47040 118.50118 957.50549316
v 311.47052 126.63239 537.33587646
v 311.47101 116.69878 866.37182617
v 311.48788 134.55423 577.34228516
v 311.49036 113.35522 952.47528076
v 311.49442 98.56839 578.58428955
v 311.49573 121.82913 532.88555908
v 311.52435 132.97980 699.24523926
v 311.52872 108.88817 529.33093262
v 311.53821 102.89581 530.80590820
v 311.55270 101.33273 593.36694336
v 311.56955 103.55774 692.68463135
v 311.58316 92.07951 850.34643555
v 311.58997 119.31859 830.92218018
v 311.59586 80.00106 891.67425537
v 311.60696 103.56268 642.36132812
v 311.61716 124.72545 783.85473633
v 311.63470 78.59621 897.64135742
v 311.63657 117.72748 530.61456299
v 311.63733 99.72942 532.78509521
v 311.64288 101.01226 531.66711426
v 311.67130 134.90540 585.13696289
v 311.68567 78.97063 910.99468994
v 311.71646 100.28119 764.21008301
v 311.71762 103.60107 689.37133789
v 311.72699 128.70670 939.15216064
v 311.73840 130.30482 543.62298584
v 311.73856 132.18330 548.75909424
v 311.74747 125.33046 775.47991943
v 311.74960 121.02502 915.62841797
v 311.75467 134.69246 582.77319336
v 311.76166 79.49392 912.43701172
v 311.79251 111.46442 950.02490234
v 311.79568 125.21565 929.49023438
v 311.82391 117.97440 857.00964355
v 311.84262 102.14964 600.84478760
v 311.85449 87.06535 558.07946777
v 311.85944 82.82094 916.46777344
v 311.87155 120.98354 821.08288574
v 311.87466 119.09951 836.35498047
v 311.87677 133.55341 690.89599609
v 311.90027 134.43306 575.27416992
v 311.91827 129.90594 736.11676025
v 311.94177 130.03400 731.61450195
v 311.95319 118.57085 900.50640869
v 311.95346 87.89539 922.01446533
v 311.96646 121.42457 815.15710449
v 311.96707 92.60189 541.95843506
v 311.96933 134.90482 655.92590332
v 311.98282 118.77829 903.67913818
v 311.98410 136.59097 600.15985107
v 311.99152 94.33887 935.01190186
v 312.00214 116.96746 954.05975342
v 312.01218 126.94512 766.25720215
v 312.01535 130.98355 723.01904297
v 312.02548 88.48638 862.68835449
v 312.02719 93.28754 932.69561768
v 312.02966 134.09677 685.77923584
v 312.03967 130.22179 729.69476318
v 312.05478 118.56326 845.50988770
v 312.05496 98.13768 805.39971924
v 312.06219 125.12979 780.21191406
v 312.08588 100.82874 735.29901123
v 312.08752 129.09418 541.04663086
v 312.08920 102.98534 617.46539307
v 312.14545 124.08006 924.73034668
v 312.15796 95.25052 828.89300537
v 312.16296 85.03262 920.18890381
v 312.16663 118.29764 850.01324463
v 312.18259 98.15283 803.61968994
v 312.18390 78.03162 908.44732666
v 312.19482 103.61684 530.39672852
v 312.20609 96.44413 812.91955566
v 312.21939 116.18150 875.67395020
v 312.24075 136.62524 642.12872314
v 312.26303 101.74400 711.00463867
v 312.27771 124.28154 789.91192627
v 312.29398 99.20419 781.99536133
v 312.30902 94.44379 537.75604248
v 312.31024 99.81754 763.87921143
v 312.31238 136.08429 653.48791504
v 312.32114 87.93381 547.49139404
v 312.32724 134.65848 657.06317139
v 312.33957 97.90900 795.38360596
v 312.34091 119.83147 913.33642578
v 312.35519 99.91232 774.55322266
v 312.36514 104.13297 661.89776611
v 312.37204 127.54267 948.64093018
v 312.37372 131.58437 708.47344971
v 312.38916 101.94126 530.70233154
v 312.39914 103.21081 649.78894043
v 312.40637 103.17895 634.86450195
v 312.40799 132.01901 563.03967285
v 312.43362 116.62914 894.34783936
v 312.43716 118.61794 953.35516357
v 312.44400 128.23688 940.45422363
v 312.44482 127.93608 754.86883545
v 312.45053 100.26366 770.44482422
v 312.45392 124.91656 951.74645996
v 312.46115 128.18602 944.24359131
v 312.46744 109.96624 948.20422363
v 312.48660 122.67802 953.01000977
v 312.49112 121.89033 920.23760986
v 312.49698 122.73130 922.40106201
v 312.50836 103.08800 672.53070068
v 312.51245 120.38518 953.37530518
v 312.51932 126.10075 950.37170410
v 312.53552 134.88965 582.47467041
v 312.54312 95.18593 821.80578613
v 312.55978 117.74125 897.77624512
v 312.56979 86.65112 921.93408203
v 312.57269 115.81663 951.80456543
v 312.57388 100.21725 754.14160156
v 312.57562 101.33453 720.93896484
v 312.58630 128.16194 942.18713379
v 312.58691 86.06831 557.01196289
v 312.58920 86.57716 867.88293457
v 312.60632 85.91357 553.67510986
v 312.61182 128.35046 746.26428223
v 312.62061 132.94804 555.58386230
v 312.62726 96.98199 533.71496582
v 312.63538 103.08739 691.44287109
v 312.65521 94.89090 569.81091309
v 312.66696 79.99527 890.89129639
v 312.71729 95.53264 818.96008301
v 312.76172 89.60105 858.02770996
v 312.76572 77.76192 910.86724854
v 312.77499 104.16830 945.07702637
v 312.77567 100.31554 748.17816162
v 312.79926 100.26081 735.20043945
v 312.81485 92.44515 844.91906738
v 312.81635 100.86923 593.02471924
v 312.85217 136.59010 649.34558105
v 312.86755 134.96010 576.68920898
v 312.87088 115.35596 529.08355713
v 312.90854 91.85020 928.60217285
v 312.92142 124.06523 798.94238281
v 312.95074 133.46031 568.46026611
v 312.95816 116.52551 874.40905762
v 312.96866 98.47877 786.79046631
v 312.96967 131.99399 559.85876465
v 312.99396 103.91571 663.82666016
v 312.99850 133.76352 689.40527344
v 312.99902 121.66946 818.80090332
v 313.00967 79.79494 917.02258301
v 313.00970 102.79073 624.19891357
v 313.01205 134.57062 678.56427002
v 313.01993 98.66455 531.84936523
v 313.05624 134.02361 687.81860352
v 313.05887 94.06683 831.00726318
v 313.06018 133.56500 697.72302246
v 313.06763 78.00378 914.30175781
v 313.08383 130.35306 732.35766602
v 313.10965 97.73293 577.62457275
v 313.14078 119.01206 847.24865723
v 313.14133 126.87488 772.30249023
v 313.14362 86.97094 865.94061279
v 313.14465 130.42487 542.83782959
v 313.16730 118.22644 860.00164795
v 313.18082 77.88633 902.57501221
v 313.18198 94.48846 821.27307129
v 313.18671 110.35405 528.77294922
v 313.19449 118.14425 899.78228760
v 313.22174 125.31684 782.60235596
v 313.24429 81.52248 883.46545410
v 313.25323 102.82258 655.45501709
v 313.28400 133.52621 552.28912354
v 313.28439 83.42618 878.67797852
v 313.29254 136.36908 589.21112061
v 313.29874 119.14548 840.56866455
v 313.33759 134.65671 574.40216064
v 313.33966 133.24924 703.62908936
v 313.34161 101.39782 717.90527344
v 313.34457 127.04770 537.46057129
v 313.37332 102.88685 627.89501953
v 313.38239 117.91536 870.99523926
v 313.38519 116.61983 888.96173096
v 313.40094 132.84592 705.69079590
v 313.40359 124.01022 801.34979248
v 313.41727 127.64972 761.27941895
v 313.45087 96.55801 803.70831299
v 313.45786 77.41196 906.04815674
v 313.47189 97.97166 787.54711914
v 313.48291 131.16423 726.05633545
v 313.49908 123.44788 803.95562744
v 313.53015 98.06644 780.74084473
v 313.53839 102.94335 658.59863281
v 313.54803 102.77072 670.35278320
v 313.54858 116.83932 896.41418457
v 313.56555 92.18879 839.86468506
v 313.57532 97.20213 791.44726562
v 313.58813 92.49630 930.71350098
v 313.59070 100.04624 732.02270508
v 313.59219 112.95403 948.31152344
v 313.60498 99.15302 763.54925537
v 313.60983 84.71099 872.39123535
v 313.62363 95.48313 808.70837402
v 313.62439 102.34030 615.79211426
v 313.65024 133.53302 550.65667725
v 313.72037 131.98904 707.81347656
v 313.72662 100.37811 729.79187012
v 313.75381 96.69960 575.63568115
v 313.77344 125.85622 780.18261719
v 313.77924 116.97293 873.92242432
v 313.78586 129.03940 744.50183105
v 313.79208 127.46825 767.07781982
v 313.79315 94.92063 811.66339111
v 313.81601 96.51586 796.39520264
v 313.84973 120.74636 950.46905518
v 313.86069 134.91499 656.34515381
v 313.86337 123.03545 949.77233887
v 313.86417 108.37663 529.01281738
v 313.86465 124.56332 948.54663086
v 313.87201 136.18806 651.53686523
v 313.87402 118.05106 871.56884766
v 313.88068 118.35710 950.25708008
v 313.89719 131.39023 723.15185547
v 313.91031 77.69012 916.29766846
v 313.91412 122.39722 817.08843994
v 313.91733 90.36988 539.22216797
v 313.91901 76.96532 914.51672363
v 313.94510 88.96246 856.69525146
v 313.97357 91.23919 536.20764160
v 313.98425 101.48473 715.55926514
v 313.99475 116.47167 877.35675049
v 313.99759 99.57967 749.39868164
v 314.01840 125.19334 932.10876465
v 314.05533 118.41002 860.77215576
v 314.08612 133.44554 703.50592041
v 314.10870 124.59961 799.21630859
v 314.11407 118.78392 530.86041260
v 314.11487 136.60463 642.44805908
v 314.11716 94.21190 818.57098389
v 314.12607 102.58235 694.77465820
v 314.14188 99.24155 770.48834229
v 314.15475 85.17226 547.59979248
v 314.16571 123.53453 810.23376465
v 314.18356 93.19041 831.39215088
v 314.19849 114.32108 947.94781494
v 314.21811 93.57758 822.30468750
v 314.23270 87.78011 561.54339600
v 314.24838 84.51587 557.17163086
v 314.25558 82.80529 922.57403564
v 314.25711 136.60513 591.61468506
v 314.25818 118.42710 869.27337646
v 314.26181 88.13093 859.82952881
v 314.26474 90.07919 536.17553711
v 314.26855 99.05138 584.81188965
v 314.29050 92.56061 533.41680908
v 314.29297 108.99777 946.30126953
v 314.31326 84.11697 553.16503906
v 314.31946 103.93429 944.01464844
v 314.32736 99.97769 592.28918457
v 314.33615 97.29881 783.35919189
v 314.33649 85.34624 546.01556396
v 314.34109 133.18938 705.28790283
v 314.35983 90.50726 848.65435791
v 314.36661 102.01936 942.69079590
v 314.37268 87.23917 542.57415771
v 314.37982 103.04548 666.42425537
v 314.41724 76.36444 912.54144287
v 314.43243 131.59355 715.12963867
v 314.48294 85.91264 559.88531494
v 314.48425 99.56831 733.63568115
v 314.49170 101.42526 711.83654785
v 314.49246 123.86990 804.89831543
v 314.50214 120.98317 832.17926025
v 314.51413 130.27649 739.81481934
v 314.52585 122.27346 819.14044189
v 314.55725 98.92078 754.86102295
v 314.56244 125.68808 935.88385010
v 314.57773 134.57463 670.67761230
v 314.64920 100.06178 728.49780273
v 314.66205 128.51582 538.78027344
v 314.66626 95.79014 802.38568115
v 314.67740 100.01235 724.09741211
v 314.69168 125.69231 940.78656006
v 314.72354 103.14686 663.83917236
v 314.73422 136.24731 646.47625732
v 314.73779 123.26344 533.46075439
v 314.74066 102.51588 657.98822021
v 314.74768 113.22278 946.89770508
v 314.74841 128.96947 745.86157227
v 314.75363 85.58784 924.10754395
v 314.75519 101.21229 717.88354492
v 314.76199 97.64089 778.63787842
v 314.76511 125.15054 791.52148438
v 314.76651 117.37614 947.65869141
v 314.77957 86.03532 534.71624756
v 314.80545 134.48639 678.95141602
v 314.82132 92.30602 532.27337646
v 314.82590 107.61974 528.80273438
v 314.85013 100.83897 598.56658936
v 314.92484 99.37955 748.68487549
v 314.92715 85.44518 868.09924316
v 314.93115 116.68001 875.99609375
v 314.95221 136.28265 585.69360352
v 314.97168 76.06617 910.83966064
v 314.97546 128.26318 758.10583496
v 314.98038 89.03181 925.43084717
v 314.99121 94.56554 807.79791260
v 314.99292 120.88914 836.26495361
v 315.00446 88.83697 532.49182129
v 315.01028 93.68886 818.56140137
v 315.01230 97.19851 530.34765625
v 315.02979 133.62398 700.99957275
v 315.06363 85.59283 542.40301514
v 315.06552 136.57205 625.15875244
v 315.07260 122.08806 825.34002686
v 315.09106 135.00858 655.41064453
v 315.09262 133.12682 558.87774658
v 315.09686 131.92259 708.53979492
v 315.10477 133.03999 561.84948730
v 315.11069 121.61208 946.07940674
v 315.11337 127.24792 774.84722900
v 315.11972 101.47177 529.01794434
v 315.13284 83.67796 924.44134521
v 315.14230 99.90287 722.64678955
v 315.16321 125.91959 782.32830811
v 315.19540 94.83176 571.79449463
v 315.20551 124.70354 932.12194824
v 315.22263 125.02341 934.10900879
v 315.27704 123.40643 943.81542969
v 315.29138 79.04777 921.73419189
v 315.30573 81.43836 538.65496826
v 315.30579 99.52026 732.72406006
v 315.31006 94.61865 530.94042969
v 315.31439 102.38644 625.24914551
v 315.32422 89.47146 851.45123291
v 315.33621 99.82961 727.88769531
v 315.34189 119.20879 854.74969482
v 315.34375 102.49914 668.84332275
v 315.35391 98.75894 767.59643555
v 315.37061 116.85561 946.39306641
v 315.37427 119.52386 845.90216064
v 315.37567 77.42531 919.48730469
v 315.39212 128.55389 748.46942139
v 315.39328 136.20500 583.87841797
v 315.39340 118.13301 903.96057129
v 315.41312 98.91154 751.54718018
v 315.42081 135.85381 648.09851074
v 315.43481 88.87081 563.15905762
v 315.43600 96.85962 781.48150635
v 315.45660 130.67497 731.79443359
v 315.46234 126.99023 779.66125488
v 315.46317 133.32086 704.44549561
v 315.46509 82.03789 536.19244385
v 315.47339 102.83627 662.99340820
v 315.47360 93.32807 932.69274902
v 315.48004 118.06094 872.66729736
v 315.48160 124.38200 941.01928711
v 315.50464 101.93244 700.68579102
v 315.51419 129.85237 744.48803711
v 315.51666 124.20086 810.47778320
v 315.52011 82.48024 546.37213135
v 315.52493 83.83378 558.89971924
v 315.54803 109.89188 945.63470459
v 315.54919 130.68719 737.09838867
v 315.57703 133.99612 554.10339355
v 315.57883 84.54177 925.15502930
v 315.58548 96.66053 787.08361816
v 315.60043 82.40307 544.03503418
v 315.61191 82.33783 552.01562500
v 315.62256 77.10551 902.91979980
v 315.62698 79.55077 539.48211670
v 315.64172 119.21231 945.70147705
v 315.65012 123.01245 925.63641357
v 315.69260 99.13354 750.20623779
v 315.69965 86.25439 561.45275879
v 315.71161 102.15694 699.15637207
v 315.73318 124.69205 938.58386230
v 315.73871 119.86028 843.43463135
v 315.74948 112.84844 945.80029297
v 315.75272 125.00574 801.11938477
v 315.75287 119.10565 910.14099121
v 315.80145 121.21564 944.38879395
v 315.80569 127.82288 767.35394287
v 315.81165 118.56062 870.15307617
v 315.83231 136.29045 643.65112305
v 315.84296 116.18777 528.91943359
v 315.85730 135.87318 574.79626465
v 315.85861 101.32301 717.46392822
v 315.88760 136.55095 593.69329834
v 315.92270 91.56467 566.55755615
v 315.92575 102.43500 693.25207520
v 315.93521 99.35836 735.36676025
v 315.94000 128.20772 764.39880371
v 315.95007 132.69542 706.61364746
v 315.96075 128.88405 746.87310791
v 315.96323 132.86786 545.03228760
v 315.97336 118.67651 860.45257568
v 315.98196 79.13284 541.97332764
v 316.01831 79.11907 891.17187500
v 316.01926 99.68970 723.90014648
v 316.03311 81.00085 546.27191162
v 316.03403 89.41017 530.89849854
v 316.03494 84.17578 533.05529785
v 316.04837 102.47062 668.77239990
v 316.05692 130.37434 742.40075684
v 316.06720 95.59621 935.31872559
v 316.07532 101.49046 707.46081543
v 316.07574 78.96712 537.75030518
v 316.09915 80.40143 544.53918457
v 316.10040 127.41633 536.84619141
v 316.11331 98.57727 529.07409668
v 316.11472 124.34558 806.52954102
v 316.11508 94.02863 933.55517578
v 316.11771 99.84426 595.19604492
v 316.12534 98.67627 752.91473389
v 316.12653 78.20193 539.20599365
v 316.12729 98.50813 757.31610107
v 316.13229 79.76082 925.01226807
v 316.14456 99.89965 721.48846436
v 316.16071 81.64204 555.77764893
v 316.17557 107.44019 944.63494873
v 316.18094 102.63338 661.83642578
v 316.18286 131.32663 727.22534180
v 316.18323 116.37073 896.97924805
v 316.18732 124.51275 936.29931641
v 316.20096 132.01305 708.23632812
v 316.20386 76.00153 918.81689453
v 316.20950 78.48781 893.65747070
v 316.22278 85.17474 532.28283691
v 316.24197 134.92622 654.23974609
v 316.25537 134.62015 656.74163818
v 316.25717 90.36472 928.32080078
v 316.27048 122.95311 819.48736572
v 316.27988 90.00109 564.88171387
v 316.28693 82.12408 534.23516846
v 316.30991 116.50467 889.49322510
v 316.32831 133.54247 696.83215332
v 316.32834 136.39702 576.93664551
v 316.34085 117.04014 875.03741455
v 316.35358 75.40727 915.62249756
v 316.37857 78.07630 538.39294434
v 316.41977 123.99855 930.04608154
v 316.42944 134.50424 570.54705811
v 316.44019 133.70772 563.87884521
v 316.45831 133.56230 559.30731201
v 316.46198 101.88285 700.95428467
v 316.47946 81.78409 557.99816895
v 316.49216 121.22202 837.90667725
v 316.50082 96.36563 783.02972412
v 316.51743 134.42986 666.58715820
v 316.53107 118.42014 870.70202637
v 316.53925 127.54915 774.50610352
v 316.54401 128.59760 754.48712158
v 316.54889 115.12249 528.54974365
v 316.59079 82.93629 559.94311523
v 316.60376 133.24309 703.01391602
v 316.61484 130.24870 743.30364990
v 316.61682 127.47344 779.13690186
v 316.63837 136.14767 631.00085449
v 316.65598 122.15066 830.18310547
v 316.66589 124.07867 817.19494629
v 316.67252 99.96904 599.06396484
v 316.67462 98.80359 751.84796143
v 316.69647 91.22119 833.56408691
v 316.70898 122.33254 828.57775879
v 316.71030 98.07984 770.74450684
v 316.71677 99.51617 742.75006104
v 316.72009 99.83739 722.39996338
v 316.74240 81.73199 881.79925537
v 316.75287 136.14647 641.49560547
v 316.79160 99.47633 737.74456787
v 316.80170 101.06842 718.89385986
v 316.80795 100.10642 720.78900146
v 316.81323 125.10719 802.29394531
v 316.81854 78.48634 537.03027344
v 316.83688 124.78876 803.66662598
v 316.83804 87.07777 562.90734863
v 316.88336 75.99014 904.83123779
v 316.90756 121.75716 832.51568604
v 316.90765 109.45876 944.72027588
v 316.91104 132.07816 542.50854492
v 316.91812 90.34377 529.90411377
v 316.92395 84.40655 531.96472168
v 316.92935 103.25511 942.57977295
v 316.93008 136.63676 590.46228027
v 316.93478 99.59829 594.66790771
v 316.93979 101.61868 618.93493652
v 316.94913 102.33163 658.52032471
v 316.96661 124.54013 811.33392334
v 316.98145 136.58566 578.45874023
v 316.98431 88.89852 843.83551025
v 317.00323 102.61914 662.21209717
v 317.03854 79.84389 550.89520264
v 317.07272 116.73077 901.31091309
v 317.07654 102.32958 637.22552490
v 317.07758 120.99210 840.45477295
v 317.09338 83.03162 878.55718994
v 317.10355 133.63469 690.68804932
v 317.10501 95.18915 793.21453857
v 317.11905 136.55753 584.83117676
v 317.12796 131.35995 725.69873047
v 317.15976 117.65295 943.78442383
v 317.19754 122.21689 924.59338379
v 317.19971 107.06854 944.14031982
v 317.20932 77.52803 899.86718750
v 317.24265 82.86862 927.72625732
v 317.24570 80.67281 927.91680908
v 317.29956 133.76393 561.42388916
v 317.31812 100.07811 729.17932129
v 317.34656 127.62031 770.79852295
v 317.35159 98.50894 586.99920654
v 317.35861 135.12422 646.85864258
v 317.35956 125.98694 784.54779053
v 317.36346 92.93517 569.78344727
v 317.36850 118.17341 907.48107910
v 317.37076 101.66946 715.42382812
v 317.37408 122.37414 939.29217529
v 317.39133 131.51860 717.68115234
v 317.40253 98.39201 767.97821045
v 317.42514 74.68678 917.21246338
v 317.44611 87.78198 853.80017090
v 317.48553 92.76038 932.19396973
v 317.49344 101.35571 606.12066650
v 317.52182 119.54563 849.05957031
v 317.52539 105.87332 943.70861816
v 317.53143 122.56013 822.56933594
v 317.53970 99.81606 733.76971436
v 317.54117 128.62155 748.50433350
v 317.54144 98.00626 770.05609131
v 317.54953 122.98101 937.73907471
v 317.55487 125.59779 786.61553955
v 317.60440 125.48801 799.38433838
v 317.60748 96.48294 528.57879639
v 317.62308 102.79417 665.66992188
v 317.64719 91.74715 823.41503906
v 317.64755 111.02920 528.16101074
v 317.65488 83.57605 876.65136719
v 317.65976 93.75964 933.14392090
v 317.69568 99.69494 744.70129395
v 317.69913 136.17728 624.61993408
v 317.71970 92.98218 814.41723633
v 317.72711 102.70959 693.71862793
v 317.73434 86.38232 862.34753418
v 317.74203 130.67212 732.25299072
v 317.77524 122.07747 531.67297363
v 317.78244 120.01247 845.85870361
v 317.79202 121.79279 923.07507324
v 317.79236 117.92184 871.63848877
v 317.79514 101.61931 621.39770508
v 317.80307 78.95530 556.93841553
v 317.83139 97.07350 935.94946289
v 317.84494 78.83235 928.65502930
v 317.85986 130.57610 740.32672119
v 317.86069 98.48872 758.04187012
v 317.89047 102.43983 643.17895508
v 317.90167 112.92039 944.07501221
v 317.90970 99.29893 938.23126221
v 317.91592 118.58974 942.23303223
v 317.91721 88.86538 928.31463623
v 317.93320 101.41149 718.85150146
v 317.93536 131.45821 710.43316650
v 317.95279 99.27032 750.52191162
v 317.95346 102.33085 699.59301758
v 317.97833 124.54588 816.28417969
v 317.98105 88.57678 841.13006592
v 317.99863 87.75075 927.78875732
v 318.03464 136.56346 586.11706543
v 318.03659 127.67427 778.57025146
v 318.04218 123.45084 532.51019287
v 318.04257 128.37253 765.09704590
v 318.05191 97.19221 772.17584229
v 318.06683 100.47985 721.99102783
v 318.07095 119.36359 856.74731445
v 318.09460 76.36761 538.13647461
v 318.11005 119.71235 941.01776123
v 318.13199 123.82913 819.48162842
v 318.14511 122.82911 928.66357422
v 318.14926 116.16284 943.08538818
v 318.19089 118.72883 860.85797119
v 318.19748 118.65291 529.35772705
v 318.20291 134.65097 550.46319580
v 318.21045 86.22290 927.81384277
v 318.21710 75.00393 923.99383545
v 318.21823 114.29286 943.57580566
v 318.23715 89.32526 836.37786865
v 318.25146 76.02576 545.88342285
v 318.30493 135.90807 612.19427490
v 318.32437 104.20853 942.86511230
v 318.32596 103.06378 692.18310547
v 318.36288 100.06393 737.81903076
v 318.36401 93.64008 804.15039062
v 318.37927 81.62137 532.53027344
v 318.39130 134.42146 662.13757324
v 318.40500 122.54163 828.77191162
v 318.42511 132.94954 699.29907227
v 318.43295 135.87643 624.05865479
v 318.44308 106.91821 943.76721191
v 318.44937 119.97668 916.67651367
v 318.47940 116.44107 878.57598877
v 318.48077 97.94915 769.89245605
v 318.48969 130.35332 741.48303223
v 318.49197 102.01376 704.09484863
v 318.54770 84.92195 866.45843506
v 318.57706 100.16135 743.61944580
v 318.59204 120.90317 844.45733643
v 318.60196 101.44595 608.21490479
v 318.60361 95.50031 788.30883789
v 318.60660 135.82060 596.04040527
v 318.62454 86.71481 858.67633057
v 318.63260 102.60029 659.73199463
v 318.63425 133.30772 695.81976318
v 318.68478 98.44480 766.54345703
v 318.69003 107.20672 527.60125732
v 318.69821 91.58774 931.52758789
v 318.69885 121.26073 920.04821777
v 318.71982 99.41251 527.71173096
v 318.74731 87.06146 853.82800293
v 318.75705 93.69963 933.13037109
v 318.76443 110.35281 527.83874512
v 318.77338 134.74028 552.17395020
v 318.77402 120.74830 918.37731934
v 318.77686 136.42569 589.87792969
v 318.80029 131.43579 709.36901855
v 318.83035 116.67854 875.43432617
v 318.83533 127.19016 782.70190430
v 318.86060 85.41698 530.01562500
v 318.87494 99.61430 601.61944580
v 318.88260 74.76833 545.33886719
v 318.89236 99.42876 599.31439209
v 318.89563 102.67013 941.45440674
v 318.89926 76.50241 929.02404785
v 318.90536 92.12936 816.96582031
v 318.90652 84.82572 928.79504395
v 318.91428 100.91348 606.11108398
v 318.92661 73.53368 921.92919922
v 318.94373 81.73496 930.52642822
v 318.94617 103.39776 665.80017090
v 318.95282 133.95123 668.78991699
v 318.96509 83.47982 875.58361816
v 318.99902 122.89055 821.90014648
v 319.00861 117.32951 941.57830811
v 319.02249 121.30022 842.66870117
v 319.02863 111.59052 943.69335938
v 319.02917 102.05930 716.21478271
v 319.05478 74.86517 552.26361084
v 319.05493 102.38876 628.77893066
v 319.06265 78.57709 560.09454346
v 319.07407 134.87856 548.78247070
v 319.07504 131.87000 705.37976074
v 319.10089 98.83446 756.46087646
v 319.10690 76.71365 557.37072754
v 319.11029 75.30176 927.57244873
v 319.13461 116.98146 873.33599854
v 319.16110 96.76689 773.07635498
v 319.16467 90.20992 829.66485596
v 319.16922 131.01817 722.14953613
v 319.17535 102.26252 709.89410400
v 319.18088 75.59671 903.68304443
v 319.19135 95.84279 579.63366699
v 319.19571 121.85496 833.95483398
v 319.20908 97.10313 585.26623535
v 319.21005 125.35515 802.16986084
v 319.21216 128.37050 763.88214111
v 319.22855 90.74694 931.22766113
v 319.24063 87.06285 564.82824707
v 319.24365 129.07359 745.56195068
v 319.24835 119.56299 853.53997803
v 319.25049 81.05505 562.61645508
v 319.25064 88.08913 837.27801514
v 319.28561 134.28131 557.56988525
v 319.34119 75.64204 555.59326172
v 319.34262 134.44687 566.65472412
v 319.35483 92.89584 571.63604736
v 319.36243 74.23238 540.32830811
v 319.37155 122.63898 931.81921387
v 319.39597 103.59610 692.91345215
v 319.39929 135.91847 571.44531250
v 319.40756 131.29295 716.36059570
v 319.42792 116.32893 885.99176025
v 319.42801 87.24271 846.77532959
v 319.45331 100.30885 938.84259033
v 319.47745 122.54795 824.60858154
v 319.48071 99.32757 595.45605469
v 319.49463 120.38593 938.48632812
v 319.51877 109.02880 943.73937988
v 319.53568 98.71071 591.01226807
v 319.53745 124.27329 818.37640381
v 319.54041 84.25606 868.80242920
v 319.56998 80.51170 886.02117920
v 319.57040 92.13061 932.44079590
v 319.57602 99.98277 747.45690918
v 319.58325 89.51373 831.59088135
v 319.59195 74.18588 926.36132812
v 319.60016 92.45274 808.76190186
v 319.61423 93.97769 792.06750488
v 319.61749 74.21278 910.11804199
v 319.65024 102.82825 644.82690430
v 319.65067 98.35463 589.20874023
v 319.66663 132.95290 696.58355713
v 319.67252 73.67549 542.32916260
v 319.68857 127.44931 781.07269287
v 319.69104 133.12221 693.81243896
v 319.69986 101.58042 622.13244629
v 319.72366 81.83955 563.43322754
v 319.73456 136.22981 586.50305176
v 319.74249 121.29157 842.65557861
v 319.74695 103.09115 696.39135742
v 319.75632 135.95787 592.31201172
v 319.75949 102.80118 657.40270996
v 319.77658 116.85007 906.70562744
v 319.80792 136.53488 573.61151123
v 319.80908 97.98487 770.08258057
v 319.82062 102.19746 718.56860352
v 319.82166 72.65232 919.27148438
v 319.82556 73.87914 553.11865234
v 319.83478 75.95336 557.53466797
v 319.84229 130.36189 732.24029541
v 319.87347 106.98571 527.06799316
v 319.87354 102.60511 633.82775879
v 319.88617 90.20013 528.14428711
v 319.89200 97.10718 771.77990723
v 319.89435 101.85763 721.61126709
v 319.90082 117.92937 940.34710693
v 319.90536 84.78773 930.12878418
v 319.91580 95.89837 780.69287109
v 319.91678 101.39867 619.05529785
v 319.92062 118.31289 864.27947998
v 319.94397 121.55291 936.14569092
v 319.98691 119.16627 914.15393066
v 320.02991 124.68663 815.07336426
v 320.03140 119.39091 855.32537842
v 320.03635 93.04128 803.34375000
v 320.03964 72.89148 922.67871094
v 320.06186 77.00769 559.55712891
v 320.06516 79.18308 889.41613770
v 320.06992 134.34445 545.61016846
v 320.07077 119.61330 848.44604492
v 320.07745 96.95968 935.45648193
v 320.12195 124.68890 806.50781250
v 320.12308 102.99248 698.90148926
v 320.12314 77.46605 933.19677734
v 320.13385 86.85169 930.40173340
v 320.14819 78.46867 933.99560547
v 320.16016 90.13935 826.82897949
v 320.19470 94.97958 934.05279541
v 320.21045 101.16414 743.72955322
v 320.21793 79.78864 933.98229980
v 320.22284 128.62851 746.79321289
v 320.22580 101.83261 725.32727051
v 320.23291 121.85725 934.76434326
v 320.24152 100.23484 605.69787598
v 320.24393 122.51279 829.87457275
v 320.24799 135.02417 553.46166992
v 320.25116 82.24070 877.97753906
v 320.26602 134.33357 645.89599609
v 320.27771 103.11592 659.27154541
v 320.29321 112.05466 943.05511475
v 320.29376 122.91560 821.93994141
v 320.30487 119.92095 846.92352295
v 320.31693 88.51951 931.24450684
v 320.32297 104.05661 942.51190186
v 320.32651 134.38518 631.60046387
v 320.33795 118.52168 911.69940186
v 320.34760 132.84811 690.04132080
v 320.35248 77.71899 896.75854492
v 320.37149 102.16136 940.77325439
v 320.38171 134.37108 643.11517334
v 320.41238 125.87517 786.13244629
v 320.41287 133.19225 683.37341309
v 320.41733 74.64507 906.70178223
v 320.43411 133.43526 668.96234131
v 320.43802 77.92036 935.41845703
v 320.43954 84.32116 866.14801025
v 320.44791 73.91417 538.95104980
v 320.45218 99.49503 755.98352051
v 320.45258 125.52353 798.90899658
v 320.45438 83.11645 530.00018311
v 320.45544 101.41689 609.48419189
v 320.45987 78.52196 942.58367920
v 320.47232 96.83497 773.32678223
v 320.47421 72.97575 551.39654541
v 320.48807 135.92059 586.97216797
v 320.50244 110.71590 943.33880615
v 320.50632 79.86211 935.15960693
v 320.51086 98.64234 764.83428955
v 320.51382 91.96575 933.10687256
v 320.53992 88.93021 566.86859131
v 320.55463 72.32507 917.96929932
v 320.58099 101.52607 738.82244873
v 320.59283 102.81273 639.41400146
v 320.60730 86.98518 838.74188232
v 320.60806 134.51314 617.93292236
v 320.61011 127.22048 781.30847168
v 320.61145 134.82335 567.90228271
v 320.63217 94.99540 787.80822754
v 320.63531 129.79491 739.87414551
v 320.64542 90.25063 821.75793457
v 320.65646 134.05499 657.89324951
v 320.65695 134.86865 608.30017090
v 320.65936 80.03082 887.08312988
v 320.66660 95.32116 786.38757324
v 320.67886 93.23412 796.40600586
v 320.68015 96.17006 778.92980957
v 320.69818 75.71275 941.97015381
v 320.70462 134.50453 624.78942871
v 320.70663 102.81806 634.63946533
v 320.70950 77.82886 533.87493896
v 320.73724 99.26418 758.25726318
v 320.75363 129.40778 536.47326660
v 320.76791 89.48407 829.46429443
v 320.77145 131.60420 701.09088135
v 320.77258 96.38616 935.13751221
v 320.78824 121.88474 933.12475586
v 320.78909 76.41706 936.05999756
v 320.79883 87.65808 835.04394531
v 320.80139 80.94676 943.17236328
v 320.80627 126.67753 783.67498779
v 320.81149 120.29862 937.21887207
v 320.84909 128.22495 755.67852783
v 320.86069 87.16414 565.97375488
v 320.86118 79.65149 944.96966553
v 320.86380 81.09153 935.35046387
v 320.87259 107.07474 943.53259277
v 320.87289 136.30055 578.74261475
v 320.88339 92.82460 800.29174805
v 320.88394 112.92988 942.45031738
v 320.88739 120.64011 844.77026367
v 320.92444 77.24831 898.24554443
v 320.92493 81.59400 941.13531494
v 320.93253 94.68482 934.23059082
v 320.93271 122.00387 928.60333252
v 320.93304 75.87411 944.36871338
v 320.93860 121.02753 919.21411133
v 320.94012 92.53515 805.80114746
v 320.94360 78.74239 562.40899658
v 320.94989 133.99339 661.89801025
v 320.96313 77.86340 945.75701904
v 320.96768 85.61760 931.78948975
v 320.97104 79.94653 563.36212158
v 320.98965 98.50455 768.48040771
v 321.00110 90.74902 818.34411621
v 321.01022 127.54944 770.13433838
v 321.01270 90.20245 568.68621826
v 321.01480 99.38943 602.59136963
v 321.02310 112.53127 527.48162842
v 321.02710 83.35615 871.49554443
v 321.03757 74.57706 940.62084961
v 321.04306 83.24741 932.50170898
v 321.07269 81.44339 937.18334961
v 321.12674 82.53735 933.50726318
v 321.13290 117.05064 940.14678955
v 321.17899 123.00606 821.32299805
v 321.17969 101.49732 619.24523926
v 321.18384 130.46129 726.59454346
v 321.18668 101.05785 607.81811523
v 321.19467 81.39935 880.50305176
v 321.19495 72.07014 920.99743652
v 321.20532 86.73274 842.80047607
v 321.21646 136.00516 548.98626709
v 321.22562 73.32301 928.83538818
v 321.25143 75.25750 933.97589111
v 321.26291 103.57476 650.68249512
v 321.29282 136.62245 573.45312500
v 321.30487 103.64488 698.71575928
v 321.30695 116.01961 905.76739502
v 321.31158 131.02472 707.77740479
v 321.31900 102.27602 732.53851318
v 321.32059 74.68221 905.90283203
v 321.32159 103.54443 657.27966309
v 321.32501 124.51945 815.27117920
v 321.32895 73.05497 911.58239746
v 321.33691 74.04685 942.34057617
v 321.33789 85.19161 859.05236816
v 321.38644 90.86548 812.73138428
v 321.39124 94.37962 788.87133789
v 321.40073 86.09444 845.88439941
v 321.40994 73.92994 940.02593994
v 321.41223 88.33675 831.74218750
v 321.45163 99.63228 604.32122803
v 321.45847 85.22401 853.39990234
v 321.46362 132.79559 683.70477295
v 321.48035 121.75856 834.14501953
v 321.48706 75.01835 935.26812744
v 321.52411 103.24203 714.08343506
v 321.56107 105.36600 691.20941162
v 321.56763 83.19470 941.63415527
v 321.56833 91.25140 809.26855469
v 321.56927 103.19133 718.95300293
v 321.57016 121.03462 840.86059570
v 321.59134 101.90805 743.82342529
v 321.59491 128.86867 743.24841309
v 321.60278 134.67628 566.93890381
v 321.60587 72.68256 926.18139648
v 321.62512 99.37219 597.08972168
v 321.62711 125.49477 788.08538818
v 321.62753 91.66508 934.34887695
v 321.64420 115.71073 887.26214600
v 321.66727 132.74706 670.20629883
v 321.69055 85.37476 848.59613037
v 321.71332 133.93024 645.29370117
v 321.72437 81.91203 876.76324463
v 321.73337 71.81587 919.00482178
v 321.73706 115.40861 893.38146973
v 321.73950 129.71808 731.05706787
v 321.73956 72.21344 552.14990234
v 321.76993 124.76077 804.58459473
v 321.77838 73.10861 555.09143066
v 321.78421 102.18693 941.15557861
v 321.78442 135.91959 553.14184570
v 321.79388 73.72916 931.51916504
v 321.79623 108.82307 943.44873047
v 321.80112 127.38850 776.73809814
v 321.80960 83.12257 937.28216553
v 321.82059 115.35178 900.82586670
v 321.84506 120.89786 935.09313965
v 321.84717 74.03892 537.17486572
v 321.85034 84.68736 934.41674805
v 321.86954 93.97495 934.79718018
v 321.87338 117.66643 939.40515137
v 321.87558 96.23115 779.37927246
v 321.88553 73.83645 944.56536865
v 321.88812 136.36208 571.77264404
v 321.89471 116.58967 869.56878662
v 321.90491 95.46506 785.62109375
v 321.95868 87.06471 835.82598877
v 321.96805 103.44616 640.17913818
v 321.98694 88.47095 830.84155273
v 321.99231 93.45834 792.70343018
v 322.00653 124.37594 810.19750977
v 322.01233 95.69162 582.41662598
v 322.03726 98.04741 771.91314697
v 322.07214 136.36414 551.57220459
v 322.08359 134.97563 568.39038086
v 322.08691 104.63833 942.89105225
v 322.09015 101.75462 620.41564941
v 322.09558 95.82414 935.70135498
v 322.09579 102.56581 627.98095703
v 322.10260 74.95753 558.70849609
v 322.11386 125.97635 784.46984863
v 322.11810 103.44516 635.66259766
v 322.11816 82.94263 945.65289307
v 322.12289 77.71799 948.15832520
v 322.12509 75.52492 947.11401367
v 322.12567 95.14340 581.21038818
v 322.13510 126.28197 532.92742920
v 322.13730 86.51373 839.58691406
v 322.14880 72.61922 912.23193359
v 322.15051 124.05900 817.31060791
v 322.15689 77.51775 896.70434570
v 322.16553 123.00250 820.46282959
v 322.17215 73.43955 908.83782959
v 322.17438 91.40894 807.89245605
v 322.18600 90.04263 819.59765625
v 322.18704 75.39745 535.08557129
v 322.19684 119.81971 845.80700684
v 322.19836 89.60243 826.76861572
v 322.20422 81.87926 946.86920166
v 322.20724 118.10303 911.79559326
v 322.22879 83.96905 944.44561768
v 322.23450 81.43844 878.98529053
v 322.25189 76.01210 900.72955322
v 322.27246 116.11942 940.24047852
v 322.28632 100.29539 939.66644287
v 322.28717 135.80484 570.23974609
v 322.32962 105.95529 525.67932129
v 322.34155 119.11043 854.23107910
v 322.34824 133.00992 539.95843506
v 322.34863 100.15776 605.71478271
v 322.35501 79.49797 948.35815430
v 322.35614 82.79724 565.48852539
v 322.35886 94.15515 579.65509033
v 322.36050 97.12752 588.17010498
v 322.36508 130.60347 715.68316650
v 322.37149 136.56073 574.14129639
v 322.37445 119.45114 847.57238770
v 322.38449 86.95076 935.29711914
v 322.39975 131.68376 695.78271484
v 322.41965 117.91978 863.08288574
v 322.42886 91.34285 526.10461426
v 322.44299 71.28503 548.90856934
v 322.46127 95.87099 781.51562500
v 322.46149 136.51740 549.71936035
v 322.46729 109.86137 526.02532959
v 322.47244 104.28122 647.49975586
v 322.47372 102.94493 631.37188721
v 322.48456 121.77011 927.61322021
v 322.49008 128.23857 746.99633789
v 322.49591 86.00008 845.05334473
v 322.49930 133.20280 664.35333252
v 322.50494 119.19882 914.73748779
v 322.51517 72.83139 940.00030518
v 322.53012 72.01663 553.04962158
v 322.53549 129.97060 727.28381348
v 322.53677 73.59753 936.36132812
v 322.54343 70.97067 544.70745850
v 322.54614 119.01888 937.65289307
v 322.55316 96.94205 775.93841553
v 322.55487 84.62090 858.43988037
v 322.55618 134.72285 556.69451904
v 322.55945 122.56563 821.85406494
v 322.56982 85.22794 846.49627686
v 322.58698 99.24224 764.43756104
v 322.58929 80.03570 564.42492676
v 322.59396 94.20901 789.46148682
v 322.62738 94.39510 525.57568359
v 322.62985 83.89134 862.86358643
v 322.63721 101.37157 749.93347168
v 322.64548 99.53827 602.78222656
v 322.66742 127.13831 771.80590820
v 322.68365 126.96243 778.80297852
v 322.68369 135.52679 579.65057373
v 322.71896 82.28952 528.99920654
v 322.74884 89.14738 829.24395752
v 322.75720 115.71841 877.81597900
v 322.76450 106.02373 692.67584229
v 322.76959 90.22351 818.26452637
v 322.78326 130.63260 703.76049805
v 322.79651 92.11042 806.25585938
v 322.83432 86.28407 843.94567871
v 322.84573 106.18307 669.23590088
v 322.85034 70.94592 543.27313232
v 322.85730 121.54506 833.95721436
v 322.86734 128.58478 740.98681641
v 322.89929 93.15464 796.45367432
v 322.91006 115.11638 884.73937988
v 322.91510 86.48433 566.65539551
v 322.92316 85.24965 937.03100586
v 322.92441 72.99268 944.94561768
v 322.92740 92.57729 575.33575439
v 322.94391 76.38659 948.68707275
v 322.94666 89.40064 828.05334473
v 322.94757 101.70791 612.83264160
v 322.95670 119.55080 528.50280762
v 322.95801 92.37357 805.05670166
v 322.96198 130.06384 720.82031250
v 322.97629 73.95272 946.69525146
v 322.97885 92.68545 799.69024658
v 322.98209 84.97234 938.48315430
v 322.98785 106.13274 667.31707764
v 322.98792 124.48602 804.31335449
v 322.98904 99.96445 604.72369385
v 322.99451 114.54018 527.39422607
v 323.01089 90.92785 809.32739258
v 323.02045 134.08421 593.25372314
v 323.02271 95.09336 787.93444824
v 323.02795 78.76622 889.34454346
v 323.03766 86.42647 839.14135742
v 323.04816 82.19115 871.25946045
v 323.05045 72.17355 926.52612305
v 323.06204 129.20378 535.21606445
v 323.07419 89.53886 822.84979248
v 323.07748 135.98734 546.70391846
v 323.08594 96.49933 586.48504639
v 323.09329 99.58961 599.13482666
v 323.09711 122.18237 828.64685059
v 323.09750 90.43142 813.55017090
v 323.13791 72.50966 942.81414795
v 323.14371 75.63836 901.59667969
v 323.16928 73.10744 934.55407715
v 323.17310 87.75503 832.71191406
v 323.17746 125.19409 796.75134277
v 323.18359 104.01793 635.16162109
v 323.19592 117.81648 938.76275635
v 323.21835 93.81136 791.39990234
v 323.22897 84.66478 848.57116699
v 323.24274 96.11366 525.26995850
v 323.26498 133.83150 596.53204346
v 323.28510 98.73262 770.80609131
v 323.30099 98.17276 590.65838623
v 323.30661 120.59076 934.47625732
v 323.34354 133.83168 608.43225098
v 323.34387 127.26864 766.84381104
v 323.36298 118.39637 856.82641602
v 323.36740 76.81734 562.42926025
v 323.38818 105.12757 705.35339355
v 323.39716 136.61375 551.58068848
v 323.42349 126.87850 775.92059326
v 323.43097 135.82698 554.42480469
v 323.45575 121.75323 926.62860107
v 323.47394 71.26661 551.51879883
v 323.47742 72.24796 940.62298584
v 323.48877 134.56282 558.09826660
v 323.48920 111.27254 942.49487305
v 323.49564 81.47218 873.99395752
v 323.50818 136.59624 548.76818848
v 323.51480 118.11025 528.03527832
v 323.53513 134.54152 566.17443848
v 323.54483 101.08780 607.41040039
v 323.54849 82.69241 865.15649414
v 323.54984 123.91304 811.12609863
v 323.55118 79.16019 949.60937500
v 323.55475 122.10513 824.56573486
v 323.55783 121.07849 932.94628906
v 323.56680 127.40503 758.30267334
v 323.57022 91.47754 525.48706055
v 323.57959 128.56424 732.56500244
v 323.59531 114.74222 901.92834473
v 323.62006 123.74689 814.77111816
v 323.62375 89.68044 820.66180420
v 323.63699 72.63891 910.50073242
v 323.63922 101.45953 755.00421143
v 323.65796 91.20776 808.57006836
v 323.65948 94.06110 580.35638428
v 323.67014 96.97470 588.05688477
v 323.67685 132.88806 657.21618652
v 323.67764 115.14889 879.97546387
v 323.67920 132.78453 661.62322998
v 323.73071 133.80051 540.68621826
v 323.73450 94.05907 791.14721680
v 323.74518 133.24857 636.45654297
v 323.74698 86.03630 844.92199707
v 323.77304 104.62663 722.29150391
v 323.79025 71.52581 917.40374756
v 323.81815 106.15556 943.38854980
v 323.82349 105.50309 661.78771973
v 323.83289 72.63422 935.72521973
v 323.84799 99.19445 940.13604736
v 323.84836 125.22199 786.20751953
v 323.85138 105.43382 651.92016602
v 323.86230 82.16024 866.67913818
v 323.86890 86.30857 843.89190674
v 323.87256 77.52529 563.37390137
v 323.88516 71.48314 921.04730225
v 323.89053 133.32109 649.53009033
v 323.89697 103.70161 631.77502441
v 323.89853 136.01083 572.37652588
v 323.90179 85.02605 846.77380371
v 323.90536 104.69350 715.63879395
v 323.94128 92.88817 799.24859619
v 323.94446 114.79192 903.35272217
v 323.96497 130.04900 713.39843750
v 323.96872 115.95219 870.24084473
v 323.97650 105.48581 698.77404785
v 323.98438 101.47049 941.60351562
v 323.99530 106.40364 524.94256592
v 323.99655 84.49741 849.35235596
v 324.00027 87.17883 938.55541992
v 324.00177 132.78519 643.37475586
v 324.01663 82.01942 949.41345215
v 324.01736 106.69621 668.08892822
v 324.02103 106.76688 690.84844971
v 324.02420 95.79988 786.56353760
v 324.02634 99.88209 764.59393311
v 324.03036 74.57886 905.57043457
v 324.08868 87.06590 941.64367676
v 324.09158 136.70938 549.58038330
v 324.09586 74.69432 948.42517090
v 324.12241 112.27237 526.11291504
v 324.12335 102.17345 617.16992188
v 324.14865 134.49515 580.82312012
v 324.15973 86.53580 944.38287354
v 324.16760 103.11655 737.80029297
v 324.17078 135.84543 575.63934326
v 324.17838 73.28918 557.71112061
v 324.17902 100.30017 761.46600342
v 324.19141 80.95064 565.65240479
v 324.19275 86.72261 836.90618896
v 324.19473 73.22048 946.99456787
v 324.20062 121.55306 920.38317871
v 324.20721 103.64777 728.18664551
v 324.21512 77.53615 949.84124756
v 324.22110 90.42628 938.02722168
v 324.22916 70.45770 542.04449463
v 324.23145 115.56324 875.74151611
v 324.23611 73.51446 535.69079590
v 324.25443 105.16355 711.00897217
v 324.25604 121.61636 529.04370117
v 324.28201 126.43860 771.81695557
v 324.28601 113.48875 941.06573486
v 324.29120 131.28876 668.42742920
v 324.30420 133.26047 593.27117920
v 324.32373 124.57519 800.58850098
v 324.33405 73.13541 908.77990723
v 324.34729 135.01001 556.11401367
v 324.36050 135.88884 574.13500977
v 324.36850 132.85825 616.71954346
v 324.40036 103.62849 734.18212891
v 324.43411 103.08897 622.68951416
v 324.43832 99.26173 769.30328369
v 324.44263 121.48952 831.31817627
v 324.44775 76.02488 900.08074951
v 324.44815 100.46221 524.94256592
v 324.47650 98.25505 940.24108887
v 324.48355 132.92683 651.38702393
v 324.50128 88.15881 940.45776367
v 324.50592 135.06842 570.39495850
v 324.51834 69.65106 548.68774414
v 324.52484 92.39142 525.04589844
v 324.53992 124.79267 792.00219727
v 324.56696 87.87713 526.05096436
v 324.57828 117.73938 912.44287109
v 324.58313 84.15157 858.09490967
v 324.60226 127.07292 532.73504639
v 324.60657 101.97951 611.47753906
v 324.61935 69.34737 546.77374268
v 324.66016 130.57639 697.51818848
v 324.66788 134.75403 542.90368652
v 324.67957 81.24923 950.15057373
v 324.69415 95.87919 583.98602295
v 324.69565 89.78433 939.26318359
v 324.72375 99.77979 598.22918701
v 324.72391 90.56339 814.08856201
v 324.72617 118.54883 852.10430908
v 324.73792 107.05748 943.48565674
v 324.74908 116.52314 527.55883789
v 324.75107 117.78433 856.37066650
v 324.76962 72.07355 934.10229492
v 324.77942 103.30101 742.59735107
v 324.79837 78.65057 529.93359375
v 324.80008 81.45432 871.65454102
v 324.80026 89.53223 823.42388916
v 324.81619 98.25002 590.72827148
v 324.81708 133.08780 538.78338623
v 324.84088 126.71601 759.45935059
v 324.84604 131.89272 661.25262451
v 324.84747 69.84272 550.19775391
v 324.86331 123.85181 803.45153809
v 324.86597 135.71490 554.61340332
v 324.87930 88.03561 832.65136719
v 324.88306 121.17279 931.78515625
v 324.88898 121.25634 918.71228027
v 324.89169 92.36451 806.72155762
v 324.89380 103.25650 942.87329102
v 324.91092 90.28957 818.42163086
v 324.93826 75.98090 949.48754883
v 324.94595 118.95995 844.28405762
v 324.95352 92.09081 807.75616455
v 324.96506 84.36429 854.74713135
v 324.97699 83.44547 861.77337646
v 324.97812 89.26390 829.83660889
v 324.98190 84.74737 848.51593018
v 324.99261 119.38359 915.43328857
v 324.99747 72.80807 946.66851807
v 325.01117 131.97293 643.49151611
v 325.01807 82.46663 864.07525635
v 325.02530 103.90927 627.98419189
v 325.02756 93.26173 939.06768799
v 325.02847 127.54785 749.48333740
v 325.02899 95.59591 789.46783447
v 325.03702 132.51697 636.56207275
v 325.05042 130.63274 682.74359131
v 325.05182 132.59413 609.79144287
v 325.07220 110.27570 942.83862305
v 325.07303 132.51010 650.54840088
v 325.08722 95.32576 582.49847412
v 325.10648 70.49036 540.82147217
v 325.11819 83.66171 949.70971680
v 325.12469 123.06767 529.74163818
v 325.13895 98.71594 592.15466309
v 325.15982 105.75581 644.79248047
v 325.16916 130.71080 666.94976807
v 325.18188 84.99017 948.85125732
v 325.18350 127.26036 753.42169189
v 325.22058 92.21050 576.23040771
v 325.22327 128.78101 725.86523438
v 325.22986 108.42941 524.81268311
v 325.23117 101.16847 605.18280029
v 325.24429 80.87962 874.47851562
v 325.25024 103.75999 622.80810547
v 325.26236 86.66827 946.92761230
v 325.27298 121.63270 929.51208496
v 325.27631 73.10401 947.44812012
v 325.28024 126.36351 766.23052979
v 325.29352 102.25331 611.69165039
v 325.29984 132.32204 595.08117676
v 325.32504 115.81666 867.33148193
v 325.33771 135.90874 545.31164551
v 325.34271 124.36301 798.53417969
v 325.34995 71.71138 940.46490479
v 325.35178 76.08308 562.64392090
v 325.36108 131.33879 657.57537842
v 325.36148 89.55762 828.05737305
v 325.37103 104.42634 729.10284424
v 325.37122 114.05050 903.36749268
v 325.37811 91.18782 574.56750488
v 325.39795 71.81190 942.68395996
v 325.41013 89.32023 942.02624512
v 325.41617 136.46619 551.38745117
v 325.42377 96.89208 783.29553223
v 325.42865 70.37936 552.27038574
v 325.44305 73.90705 948.34954834
v 325.45148 132.01355 648.21478271
v 325.46918 80.05307 565.55822754
v 325.48257 103.55663 744.09893799
v 325.49277 104.41086 734.16638184
v 325.49606 94.16738 794.75079346
v 325.50668 90.93139 813.20971680
v 325.50803 96.53415 586.44226074
v 325.51172 105.95997 717.86761475
v 325.51794 103.12206 618.18658447
v 325.52090 69.10532 544.61816406
v 325.52219 77.26373 950.11676025
v 325.52408 131.39183 642.01361084
v 325.53958 119.90361 528.26977539
v 325.54816 88.72060 569.63800049
v 325.55121 128.56303 720.54803467
v 325.56592 87.59393 568.42205811
v 325.57196 82.98544 862.89599609
v 325.57632 130.19016 669.22723389
v 325.58060 115.15584 874.84899902
v 325.63586 90.19022 941.41265869
v 325.65027 121.99324 817.91052246
v 325.65445 89.96777 821.11840820
v 325.66501 93.03561 803.09155273
v 325.66544 129.98473 688.47937012
v 325.67203 133.39037 583.64080811
v 325.68475 136.31268 546.59924316
v 325.69016 105.67043 524.55743408
v 325.71094 84.49809 852.03369141
v 325.71970 86.94099 838.26605225
v 325.72504 131.85088 616.64141846
v 325.73718 94.00731 524.68011475
v 325.75833 99.22859 941.74261475
v 325.76657 120.67872 917.44561768
v 325.83051 85.15599 848.37402344
v 325.83188 84.18259 857.78051758
v 325.84320 129.89339 697.40661621
v 325.85046 86.28384 567.60858154
v 325.89835 104.00868 739.48394775
v 325.90491 86.63724 844.36944580
v 325.90564 100.92778 942.43371582
v 325.93478 113.55661 901.61914062
v 325.94049 76.94487 563.62835693
v 325.94479 113.31378 886.70166016
v 325.94980 121.16636 828.17437744
v 325.98001 131.29091 650.35723877
v 325.98093 127.12667 748.31811523
v 326.00150 106.77581 706.62036133
v 326.01260 113.48572 882.95086670
v 326.02435 80.55346 950.64007568
v 326.02612 78.66430 529.13800049
v 326.02896 127.72078 729.37164307
v 326.03293 120.45137 933.48278809
v 326.03705 86.19961 846.34698486
v 326.04111 77.19429 530.33819580
v 326.05298 121.35738 919.47106934
v 326.06747 134.51811 570.57672119
v 326.08450 89.46040 571.04418945
v 326.08575 134.21954 559.29028320
v 326.08627 81.42088 867.64880371
v 326.08936 98.96662 776.72485352
v 326.09720 121.88174 528.95184326
v 326.15826 134.54237 556.80725098
v 326.15894 96.85432 941.40850830
v 326.16507 70.49033 539.93829346
v 326.17053 130.14853 656.30328369
v 326.17587 71.66617 935.84027100
v 326.17703 78.78345 950.50817871
v 326.18539 95.68406 582.84991455
v 326.20285 135.62096 553.96728516
v 326.22308 122.04394 926.48339844
v 326.22952 131.40524 635.72845459
v 326.22958 81.72254 865.71807861
v 326.24216 128.13269 717.43933105
v 326.24905 106.49465 637.32452393
v 326.24915 123.02257 803.46600342
v 326.27698 71.43189 918.26062012
v 326.27975 72.93958 909.35131836
v 326.28000 106.89387 699.92669678
v 326.28049 134.14702 561.10437012
v 326.33447 107.67770 668.86749268
v 326.34625 106.30885 635.24670410
v 326.36356 72.12318 556.80426025
v 326.37897 103.64364 943.44146729
v 326.38434 72.38237 911.47521973
v 326.39072 92.10863 576.29113770
v 326.39883 80.45494 881.65936279
v 326.41122 99.08013 592.33941650
v 326.44360 107.42388 695.23596191
v 326.45779 103.19420 612.74371338
v 326.46924 94.04922 580.08947754
v 326.47113 85.41872 567.32849121
v 326.48654 100.52773 598.74914551
v 326.52472 104.23857 744.65026855
v 326.52814 89.40855 831.24902344
v 326.54123 107.68516 692.24676514
v 326.55505 120.73176 932.86975098
v 326.55704 128.04321 533.22479248
v 326.55908 81.12038 872.22100830
v 326.59628 67.44180 548.42645264
v 326.62717 90.69904 819.70886230
v 326.63269 102.61909 757.22369385
v 326.63351 76.35029 949.85198975
v 326.63754 136.25706 550.21417236
v 326.63773 133.67723 539.48687744
v 326.64761 132.19444 587.38348389
v 326.64951 130.81006 617.22595215
v 326.66327 107.07775 943.69415283
v 326.67682 120.67145 917.81506348
v 326.68820 107.68859 674.79571533
v 326.70468 67.38506 547.20715332
v 326.71127 116.06584 939.47467041
v 326.71747 114.82198 870.80645752
v 326.71872 87.92193 947.62249756
v 326.73248 129.28355 658.27343750
v 326.74564 136.26776 548.16876221
v 326.76370 73.62261 533.92382812
v 326.76797 135.79564 545.38964844
v 326.77359 116.03575 910.92156982
v 326.78592 124.11179 787.50805664
v 326.80655 103.00993 751.40222168
v 326.81195 128.51656 703.82330322
v 326.81647 134.35956 573.17059326
v 326.82510 69.74017 553.11505127
v 326.84976 126.74989 739.83538818
v 326.85431 93.77435 942.03082275
v 326.86700 95.86196 942.11419678
v 326.90359 84.98082 851.17297363
v 326.90927 95.87316 524.52899170
v 326.91064 80.62768 874.90124512
v 326.91345 91.05322 817.20928955
v 326.91507 108.93500 943.41888428
v 326.92346 84.60818 856.16589355
v 326.93259 89.86491 826.39666748
v 326.93356 78.96943 885.71765137
v 326.94342 103.75764 613.07098389
v 326.94403 104.96239 737.50988770
v 326.94873 116.74740 527.24273682
v 326.94983 129.00986 697.95416260
v 326.95245 129.22632 643.73760986
v 326.95831 83.49909 861.65960693
v 326.96964 81.59946 866.41412354
v 326.97366 100.05341 772.33862305
v 326.98166 97.05426 586.69891357
v 326.98407 74.99134 561.54571533
v 326.98489 92.82315 942.51788330
v 326.98645 135.99892 546.57867432
v 327.00818 104.44413 617.76690674
v 327.01746 79.82726 883.79156494
v 327.03464 71.08808 555.05841064
v 327.04300 128.91440 664.35858154
v 327.05862 88.02048 836.58752441
v 327.06433 133.54689 577.43237305
v 327.06573 69.21288 542.79022217
v 327.07349 123.47939 797.25378418
v 327.08002 82.00481 864.82531738
v 327.09363 76.95401 529.96649170
v 327.09375 101.04475 599.33032227
v 327.09500 71.43415 932.95086670
v 327.09738 73.02184 909.54919434
v 327.09805 129.06177 647.30682373
v 327.12070 71.51083 927.60314941
v 327.13623 110.43806 942.80987549
v 327.14752 83.93976 859.60827637
v 327.17596 117.77807 848.83947754
v 327.19119 86.58308 949.69036865
v 327.19339 74.86047 948.99761963
v 327.22739 74.35724 906.90338135
v 327.24927 67.57755 551.25573730
v 327.24933 124.17059 779.07659912
v 327.25113 135.06712 544.10754395
v 327.25534 67.27280 546.30578613
v 327.25549 87.49193 841.63818359
v 327.29126 107.70067 709.33227539
v 327.31357 121.08334 818.01818848
v 327.32132 83.27239 950.66162109
v 327.32324 88.73105 524.98333740
v 327.32391 126.90796 730.42864990
v 327.32431 89.91506 946.08392334
v 327.33463 131.49635 587.36334229
v 327.33630 101.77554 943.50799561
v 327.34961 120.87560 918.77667236
v 327.35483 107.79671 651.00067139
v 327.37015 106.55616 631.86187744
v 327.37299 107.74812 697.97174072
v 327.37491 70.68074 538.96441650
v 327.37564 117.71432 937.79132080
v 327.37912 87.42656 568.85046387
v 327.38376 73.75402 908.34344482
v 327.39005 106.65229 724.63836670
v 327.39706 98.89879 590.37988281
v 327.40225 107.74061 661.45831299
v 327.40738 90.16177 825.22210693
v 327.41437 126.19615 749.45397949
v 327.41800 132.27711 537.41125488
v 327.41943 77.86282 529.04199219
v 327.41995 136.00308 548.93206787
v 327.44351 81.74579 566.33831787
v 327.45251 71.61602 941.39074707
v 327.45471 115.17650 909.70056152
v 327.45633 130.41148 592.27832031
v 327.45953 108.31985 668.27270508
v 327.47256 103.23016 753.20172119
v 327.49927 103.00874 607.47521973
v 327.53531 71.38535 922.20129395
v 327.53641 108.01223 664.68762207
v 327.55475 133.99026 571.17584229
v 327.57675 115.51124 862.14184570
v 327.58038 123.69847 785.89837646
v 327.59061 114.78160 526.09478760
v 327.60596 69.65079 553.68621826
v 327.62546 127.41697 653.00183105
v 327.62823 99.81693 777.56329346
v 327.65723 76.53217 563.44580078
v 327.72693 90.94640 822.12384033
v 327.75793 120.04050 828.72082520
v 327.76831 78.18703 891.36309814
v 327.77966 99.34806 943.41729736
v 327.80045 105.03488 944.15118408
v 327.82257 91.82580 945.46569824
v 327.82993 134.01158 566.36486816
v 327.84229 133.82982 557.96319580
v 327.85071 105.14173 747.00347900
v 327.87735 81.23388 872.33636475
v 327.89273 117.92706 840.46850586
v 327.90277 98.02819 785.64550781
v 327.93402 85.85715 850.40576172
v 327.93475 103.50866 757.25396729
v 327.94608 96.89082 943.60510254
v 327.95215 83.00575 863.78558350
v 327.95563 103.65732 608.23693848
v 327.95731 122.93925 792.59796143
v 327.99582 121.74623 803.92242432
v 328.00107 82.08052 865.42803955
v 328.00769 92.45030 576.40423584
v 328.00949 107.12993 732.07196045
v 328.01102 109.06329 943.63702393
v 328.01520 108.45625 675.53112793
v 328.01764 106.13923 524.39068604
v 328.02316 108.48312 695.01708984
v 328.03931 100.79273 596.27514648
v 328.04761 107.03553 944.16839600
v 328.04797 80.77801 565.97247314
v 328.05389 132.62048 577.89367676
v 328.05576 89.12811 948.36346436
v 328.06479 96.14629 582.13592529
v 328.06943 108.38026 717.28356934
v 328.09204 90.33823 572.89233398
v 328.09451 100.98235 771.35589600
v 328.09879 67.14637 551.70971680
v 328.09988 124.40201 770.23406982
v 328.10950 127.90803 697.76623535
v 328.11145 108.35515 636.83929443
v 328.14410 116.92666 527.22247314
v 328.14886 75.57906 901.38842773
v 328.15659 135.36041 551.49182129
v 328.16443 127.58886 708.15893555
v 328.16916 127.61015 702.34820557
v 328.17575 78.57545 887.00268555
v 328.18042 102.70840 602.02850342
v 328.19202 121.25778 812.96453857
v 328.21280 82.77415 950.75097656
v 328.21414 100.62070 775.51177979
v 328.22699 108.71541 715.85650635
v 328.23087 73.81101 533.06958008
v 328.23608 66.47251 548.79901123
v 328.24081 74.05885 948.03930664
v 328.24515 82.58844 526.18322754
v 328.25385 66.73769 550.72473145
v 328.27823 120.70451 528.51202393
v 328.29938 104.23536 751.43029785
v 328.29956 134.46413 553.95953369
v 328.33484 107.83492 720.78869629
v 328.34235 129.17703 611.15368652
v 328.35904 89.57521 834.22149658
v 328.36765 105.99344 738.74822998
v 328.38275 85.12563 856.70129395
v 328.39203 129.10184 594.02752686
v 328.42349 124.43575 760.69934082
v 328.42535 126.09689 728.95715332
v 328.43997 97.48572 790.86145020
v 328.45810 123.86781 776.03417969
v 328.47165 73.10078 946.66241455
v 328.48590 94.06259 578.83520508
v 328.48734 109.05276 639.67871094
v 328.49762 80.89317 874.33178711
v 328.50192 103.18828 762.05059814
v 328.50552 114.73257 863.42590332
v 328.50919 116.29086 939.20642090
v 328.51129 108.96020 663.17810059
v 328.52155 113.79839 525.75366211
v 328.53101 94.90842 945.16412354
v 328.54083 74.90599 905.42163086
v 328.55115 108.96578 697.55065918
v 328.56616 75.23171 948.87200928
v 328.57172 77.41402 896.44244385
v 328.57227 125.97684 735.17303467
v 328.59677 109.55542 669.62451172
v 328.60034 106.00110 612.52355957
v 328.60779 96.01719 797.31030273
v 328.62222 126.84653 711.52905273
v 328.63898 104.21237 753.96942139
v 328.64438 126.69263 532.18524170
v 328.65259 71.89177 942.72167969
v 328.66064 107.89658 723.16223145
v 328.66180 109.02319 710.12158203
v 328.68631 78.86012 885.70843506
v 328.69409 125.69443 655.76715088
v 328.69568 109.22894 706.13153076
v 328.70883 107.32774 621.17956543
v 328.70929 83.68023 863.05889893
v 328.71506 88.04479 844.02429199
v 328.71643 72.32106 944.49847412
v 328.75107 82.32037 866.24328613
v 328.75146 119.85076 819.32324219
v 328.75629 125.78832 715.83160400
v 328.76678 88.59258 949.63793945
v 328.79639 133.22212 571.55511475
v 328.79800 126.81300 661.26141357
v 328.80389 97.52586 584.35638428
v 328.80524 127.56989 636.81414795
v 328.84482 122.78794 781.62817383
v 328.85043 131.18274 581.22827148
v 328.86209 115.44556 526.40966797
v 328.87503 132.79910 538.27392578
v 328.87833 72.36985 913.42309570
v 328.88177 106.91754 618.54388428
v 328.88556 128.42426 611.26861572
v 328.88690 90.34372 832.02160645
v 328.88770 81.67574 871.21520996
v 328.89996 132.56265 574.74517822
v 328.91013 86.98287 849.01672363
v 328.91415 100.96623 594.06481934
v 328.92117 128.70549 589.14654541
v 328.94781 109.51493 676.71264648
v 328.95129 80.06747 883.17803955
v 328.95279 126.12596 650.10687256
v 328.96188 104.00248 603.13903809
v 328.96362 125.49684 652.06567383
v 329.00156 105.33113 608.54357910
v 329.00595 87.69299 569.26300049
v 329.00763 80.38078 881.92633057
v 329.01373 134.61188 544.58813477
v 329.01596 92.59443 575.91204834
v 329.02042 83.20264 864.81896973
v 329.02295 108.43382 629.72277832
v 329.02512 117.83527 937.52758789
v 329.02960 93.06343 815.29486084
v 329.03152 111.95084 889.81243896
v 329.04953 102.79864 768.22589111
v 329.06299 127.04052 639.64880371
v 329.06845 71.08667 555.92163086
v 329.07968 126.98996 618.51031494
v 329.08987 70.26431 554.89404297
v 329.10406 109.71031 635.03436279
v 329.13110 118.11700 832.98931885
v 329.13425 126.56016 708.41833496
v 329.14447 85.73320 567.71789551
v 329.14786 134.15904 541.64459229
v 329.14841 126.60198 665.53155518
v 329.17245 110.60817 670.16772461
v 329.17413 127.68649 592.05566406
v 329.18735 108.60596 524.55200195
v 329.19678 73.76414 947.25390625
v 329.20605 110.35777 943.43188477
v 329.21912 108.28375 621.73944092
v 329.22351 112.31219 901.01367188
v 329.23349 123.02047 529.75189209
v 329.27377 90.50231 572.73480225
v 329.29004 76.75658 898.81469727
v 329.29428 78.09767 950.12628174
v 329.30405 90.84021 948.82824707
v 329.31696 81.98896 526.10601807
v 329.32965 110.23418 694.98675537
v 329.33560 110.46544 704.67175293
v 329.33829 74.47796 907.85308838
v 329.33896 109.18494 944.17358398
v 329.37634 99.78357 588.71569824
v 329.38083 110.01595 708.24761963
v 329.38272 89.24583 571.00701904
v 329.38983 110.45981 524.90686035
v 329.39261 124.29835 655.22088623
v 329.43478 120.48711 811.87280273
v 329.43982 107.51832 612.22058105
v 329.44055 121.73947 929.93280029
v 329.44357 84.08878 566.98840332
v 329.48370 122.51061 778.74853516
v 329.48724 121.75618 797.01940918
v 329.49506 66.26001 548.25872803
v 329.49796 112.66214 941.89105225
v 329.50192 83.94852 863.85076904
v 329.52097 86.52583 854.69525146
v 329.52838 126.01259 689.36785889
v 329.53586 108.80041 727.99340820
v 329.53754 107.36740 737.62402344
v 329.53918 126.00053 667.07324219
v 329.53922 125.82551 699.17504883
v 329.56012 128.80290 584.86608887
v 329.57925 110.89019 655.08239746
v 329.58624 67.43777 552.38055420
v 329.59549 72.95357 534.15899658
v 329.61768 110.89225 678.47680664
v 329.63702 75.76562 562.62384033
v 329.66083 125.28530 663.18688965
v 329.68552 111.77341 894.62023926
v 329.68951 105.10087 602.11608887
v 329.69336 125.70197 641.28710938
v 329.70370 132.09323 572.30975342
v 329.70905 116.22589 845.03155518
v 329.71570 103.36558 598.26885986
v 329.72037 124.81580 645.50933838
v 329.72891 112.19719 670.61773682
v 329.77548 100.00436 945.31872559
v 329.78122 79.11409 885.72546387
v 329.79095 133.30545 554.84246826
v 329.80588 108.66145 616.95928955
v 329.81073 83.37263 525.57244873
v 329.81564 110.47146 717.09619141
v 329.81985 115.42447 852.75164795
v 329.82086 128.80139 581.97784424
v 329.82211 125.29213 618.02661133
v 329.82721 90.42937 949.56396484
v 329.84183 109.74412 625.37457275
v 329.84207 98.59652 945.68457031
v 329.84222 123.21522 653.94000244
v 329.84232 108.56460 612.19128418
v 329.85559 126.37032 610.61840820
v 329.87415 129.95433 535.48486328
v 329.89233 98.47180 584.05688477
v 329.89383 94.11680 577.52575684
v 329.90277 132.52780 538.54565430
v 329.90726 120.87740 933.27807617
v 329.92551 84.95222 860.48583984
v 329.92715 78.20258 892.27478027
v 329.94009 111.89538 897.00878906
v 329.94040 68.43396 543.55291748
v 329.94171 122.97608 773.75195312
v 329.94415 120.14320 804.11071777
v 329.94885 124.93336 713.49249268
v 329.95117 112.08520 634.13214111
v 329.95233 80.93224 878.33575439
v 329.96103 71.85846 940.64416504
v 329.97797 91.03938 829.30444336
v 329.98944 118.42361 828.08636475
v 329.99585 70.27665 539.27954102
v 329.99683 86.64741 568.23303223
v 330.00839 123.22884 647.33142090
v 330.02191 124.50343 694.37176514
v 330.04355 100.47115 781.70690918
v 330.04901 112.02537 881.47821045
v 330.05566 105.80418 757.94860840
v 330.07382 133.01517 566.24621582
v 330.11194 116.20782 527.08752441
v 330.11987 70.33958 555.03051758
v 330.14886 114.83672 526.37774658
v 330.16028 71.54231 934.57696533
v 330.16537 124.12550 618.26892090
v 330.17020 132.97638 539.52624512
v 330.17456 124.79206 597.97253418
v 330.17789 122.21406 661.29168701
v 330.18311 123.41800 758.70666504
v 330.19742 110.85288 624.78802490
v 330.19962 125.15714 602.94763184
v 330.22003 76.01611 900.76928711
v 330.24887 113.23568 678.31048584
v 330.25861 124.78564 611.79669189
v 330.26230 110.28895 615.94769287
v 330.26346 113.63269 694.90643311
v 330.28464 123.81411 668.12390137
v 330.28665 113.69144 631.54705811
v 330.30673 66.26327 549.89440918
v 330.31738 121.06137 648.82196045
v 330.32742 113.42328 698.94317627
v 330.33771 124.20255 741.21417236
v 330.33804 114.76926 672.56427002
v 330.34207 125.50437 588.92199707
v 330.35028 123.40646 641.03277588
v 330.37427 107.78326 741.57696533
v 330.39050 110.75771 609.40521240
v 330.39481 126.22875 532.52038574
v 330.39838 114.12051 654.29229736
v 330.41742 122.92738 687.05114746
v 330.42300 121.29028 782.32550049
v 330.44342 115.36303 693.08886719
v 330.44998 132.39450 560.56628418
v 330.45184 121.87802 529.39526367
v 330.45450 119.33032 813.40374756
v 330.45895 112.19505 904.02947998
v 330.47192 122.03487 617.54486084
v 330.47482 115.48460 629.66217041
v 330.48602 77.81548 564.05810547
v 330.48813 124.32626 709.97607422
v 330.49319 115.26041 940.28515625
v 330.49536 84.70506 864.68365479
v 330.49759 123.42415 754.46685791
v 330.49814 121.30484 601.15551758
v 330.49875 121.88387 642.13641357
v 330.50266 88.55101 950.44390869
v 330.50635 113.05153 704.76763916
v 330.50842 114.95571 607.05297852
v 330.51334 112.32117 614.82794189
v 330.51709 112.58564 875.41333008
v 330.51926 122.57652 605.54681396
v 330.51987 124.15106 715.27838135
v 330.54535 119.07239 663.97869873
v 330.55423 109.87733 606.66699219
v 330.56564 108.54510 604.70758057
v 330.57297 114.88603 851.71374512
v 330.57632 114.57348 696.44055176
v 330.57993 116.41125 653.80035400
v 330.58893 123.57896 705.72351074
v 330.60245 121.17963 694.34118652
v 330.60315 97.98910 581.81872559
v 330.62070 112.80465 868.12640381
v 330.62726 115.63905 694.97479248
v 330.62799 119.89589 693.42553711
v 330.63266 91.27602 832.73089600
v 330.63562 131.19919 571.06292725
v 330.69113 66.75414 546.32269287
v 330.70087 117.31106 693.93188477
v 330.74432 89.17892 524.53491211
v 330.74542 81.25113 565.71130371
v 330.74854 87.98132 569.23150635
v 330.77820 88.75002 847.10644531
v 330.78564 117.72467 827.54931641
v 330.79172 123.70438 749.93139648
v 330.80869 122.78704 596.79602051
v 330.82455 120.69756 795.97711182
v 330.82983 123.05753 700.24139404
v 330.83258 121.80231 696.88488770
v 330.88852 85.83220 860.32885742
v 330.91263 80.60299 883.39587402
v 330.91446 132.35797 566.72692871
v 330.91748 82.25223 525.82867432
v 330.91846 126.72933 579.72149658
v 330.92020 123.64994 739.39141846
v 330.92270 133.83493 544.74499512
v 330.92892 124.23431 588.47387695
v 330.93204 122.07780 764.25311279
v 330.93857 121.23421 932.23583984
v 330.94101 100.87339 783.43035889
v 330.96463 97.96885 795.17877197
v 330.96729 115.49249 604.50115967
v 330.97113 118.21570 694.77410889
v 330.98001 101.23066 946.16204834
v 330.99139 119.30031 695.04473877
v 330.99945 70.29203 554.82623291
v 330.99969 121.40297 598.46063232
v 331.00751 116.11146 835.00921631
v 331.01111 103.87809 771.55328369
v 331.01361 132.86722 540.33758545
v 331.01382 72.53194 943.34960938
v 331.02850 124.62939 583.03289795
v 331.04028 103.19109 591.25158691
v 331.04214 120.18327 798.24731445
v 331.05203 116.21079 696.02026367
v 331.08545 94.95786 811.20953369
v 331.09094 83.01879 872.45544434
v 331.09113 108.75251 740.28918457
v 331.10339 113.67460 605.19555664
v 331.11823 98.17619 947.21545410
v 331.12076 121.91349 772.73504639
v 331.12198 129.87862 536.30804443
v 331.13693 91.94808 828.38153076
v 331.16287 113.05376 909.34777832
v 331.16562 95.71849 948.74884033
v 331.17212 112.04811 605.24749756
v 331.17526 113.94280 857.86981201
v 331.22595 85.57086 567.33764648
v 331.23123 94.69405 815.62066650
v 331.23151 93.43672 574.85748291
v 331.25565 76.64574 529.04162598
v 331.26440 111.54064 902.83837891
v 331.26724 108.81533 747.56127930
v 331.27444 84.36255 525.24017334
v 331.29883 67.18460 551.80474854
v 331.34879 131.78476 560.47088623
v 331.35913 118.46656 811.93286133
v 331.37045 71.65950 925.25878906
v 331.37299 115.46781 841.43365479
v 331.38947 97.63055 800.63305664
v 331.39545 118.41046 806.65972900
v 331.44644 112.64395 711.40661621
v 331.45197 103.38477 777.63427734
v 331.45264 133.44031 548.36944580
v 331.45673 75.26299 561.61230469
v 331.50146 120.01921 794.13116455
v 331.51178 99.84118 791.01837158
v 331.51620 66.40316 549.28845215
v 331.51978 118.59745 802.94744873
v 331.54419 92.49171 573.39208984
v 331.54730 110.68686 731.27795410
v 331.55252 112.80326 717.27252197
v 331.55765 77.04202 899.37371826
v 331.57639 91.26763 837.01971436
v 331.57693 120.44263 778.02258301
v 331.58102 72.70087 915.26312256
v 331.60818 101.11409 584.57226562
v 331.61597 81.80393 880.00006104
v 331.61685 109.96141 602.69665527
v 331.62839 116.92078 818.11053467
v 331.63748 133.27176 544.11492920
v 331.65332 105.68240 768.83123779
v 331.65741 121.52157 927.52648926
v 331.66818 115.46803 914.38024902
v 331.67700 116.42004 829.29791260
v 331.68137 106.56267 762.63616943
v 331.70312 80.56151 885.13165283
v 331.71396 118.53380 919.09558105
v 331.71796 117.41277 696.38842773
v 331.73730 112.34628 724.86682129
v 331.76562 105.78312 946.65429688
v 331.77884 128.79604 571.95556641
v 331.78113 111.40440 729.10064697
v 331.80954 88.85909 854.48614502
v 331.83057 119.35416 787.76269531
v 331.83112 116.31438 698.92858887
v 331.83966 109.56731 743.57598877
v 331.84030 122.42348 731.06408691
v 331.84189 111.85092 874.37683105
v 331.84415 109.15820 750.78576660
v 331.84634 115.39436 704.96289062
v 331.85068 78.41839 893.65545654
v 331.85150 111.35313 603.35864258
v 331.85596 132.23412 540.51818848
v 331.86011 104.58025 590.28228760
v 331.86707 120.60773 775.77587891
v 331.87277 116.12045 527.67199707
v 331.87457 118.66296 696.89587402
v 331.87766 112.79261 720.22454834
v 331.87817 121.39729 706.35894775
v 331.88235 68.26740 544.11297607
v 331.88837 112.91142 603.83001709
v 331.88876 111.09374 880.09704590
v 331.89142 131.34811 563.19183350
v 331.90063 119.12794 797.31024170
v 331.90933 121.27490 700.97125244
v 331.91217 108.28271 754.21728516
v 331.91409 132.64101 550.55206299
v 331.91522 122.41312 713.43902588
v 331.92239 122.43816 748.25848389
v 331.92404 96.99229 578.37579346
v 331.92871 85.71104 868.69000244
v 331.93484 114.51275 844.10595703
v 331.93671 107.24232 596.83221436
v 331.94470 100.85928 788.42156982
v 331.95383 99.25841 794.22576904
v 331.95770 92.10413 835.02185059
v 331.98904 130.98547 567.45855713
v 331.99872 72.28526 557.49261475
v 332.00049 67.02327 546.00933838
v 332.01016 121.58817 755.39855957
v 332.01257 120.83831 765.31005859
v 332.02039 95.94409 809.88867188
v 332.02780 114.27058 708.68054199
v 332.03122 122.88099 582.44165039
v 332.03445 127.94656 535.31146240
v 332.03656 120.61366 699.49566650
v 332.03989 105.22285 771.66906738
v 332.05396 115.12885 832.95544434
v 332.06128 102.79670 781.83557129
v 332.06348 121.85258 590.01556396
v 332.06381 120.60047 933.76586914
v 332.06717 120.67509 772.86456299
v 332.07346 119.84295 597.57055664
v 332.07684 108.50540 524.88952637
v 332.09766 121.65620 585.35736084
v 332.12604 115.43201 601.95037842
v 332.14911 113.29927 724.77966309
v 332.15939 121.53301 529.95855713
v 332.17163 97.58247 804.44836426
v 332.17398 118.92818 528.72222900
v 332.17804 114.31603 715.71319580
v 332.17953 108.26476 758.07916260
v 332.19833 104.59942 777.47387695
v 332.24762 105.10638 588.67327881
v 332.26263 66.87745 550.90106201
v 332.27118 132.72989 547.41662598
v 332.27316 75.64877 529.97644043
v 332.29150 113.97166 719.89398193
v 332.29449 130.73170 565.43951416
v 332.31027 116.11147 706.41351318
v 332.31042 94.82173 950.09301758
v 332.32535 113.45625 602.48065186
v 332.32816 114.47500 835.82714844
v 332.33868 111.53269 601.52606201
v 332.34467 78.37743 948.99877930
v 332.35199 83.66133 525.41516113
v 332.35645 119.28534 778.36071777
v 332.37234 120.85461 924.98474121
v 332.37646 120.93619 721.12756348
v 332.38129 114.41950 841.73114014
v 332.38971 108.80151 595.68426514
v 332.40561 120.70940 710.89416504
v 332.41681 119.70295 595.31909180
v 332.41696 120.94182 715.20123291
v 332.42102 121.35248 929.34191895
v 332.43008 99.29931 580.06597900
v 332.43494 118.18514 597.88610840
v 332.44067 118.20297 699.42486572
v 332.46280 67.66842 551.86962891
v 332.46298 76.09725 562.21990967
v 332.46909 119.51958 700.23986816
v 332.47217 114.70377 592.81280518
v 332.47299 119.89487 702.49249268
v 332.50150 119.68495 587.37158203
v 332.51541 120.02601 720.68225098
v 332.51633 110.53101 750.02166748
v 332.54221 131.49545 552.17175293
v 332.55267 111.83988 737.57482910
v 332.56454 115.97636 710.01245117
v 332.58319 121.11954 749.50164795
v 332.58676 121.03793 734.13452148
v 332.59412 118.07420 705.15509033
v 332.59512 83.11169 879.19708252
v 332.60529 90.40367 524.41833496
v 332.60583 115.01082 724.61370850
v 332.60599 86.32183 567.30120850
v 332.60837 109.79957 591.95098877
v 332.61450 73.21877 914.59204102
v 332.61685 101.27492 581.73583984
v 332.64502 131.85004 542.00610352
v 332.65836 85.26289 871.89099121
v 332.65979 104.15307 584.91979980
v 332.66397 71.93628 932.43176270
v 332.68796 120.20678 761.97015381
v 332.69049 112.30461 733.33532715
v 332.69760 113.83142 599.77740479
v 332.70456 119.57826 767.46124268
v 332.70703 69.41164 553.12261963
v 332.71487 73.87358 944.87054443
v 332.71518 118.80663 723.14111328
v 332.72754 120.25208 755.63891602
v 332.73111 115.56078 818.07281494
v 332.73508 122.35693 578.34631348
v 332.73788 129.66495 566.23760986
v 332.75201 96.03340 816.27929688
v 332.75421 86.96678 867.69635010
v 332.75574 67.04107 546.71752930
v 332.76099 71.73708 536.66528320
v 332.77625 115.84600 589.06420898
v 332.78027 66.88048 548.06268311
v 332.81622 77.34520 528.37695312
v 332.84952 112.78836 910.85668945
v 332.85016 117.93332 784.18878174
v 332.85144 132.00223 545.68078613
v 332.85648 80.73797 888.16778564
v 332.86151 70.19650 539.44036865
v 332.88132 111.24535 865.44378662
v 332.90622 107.87123 768.95599365
v 332.91299 75.65598 904.22198486
v 332.92966 128.91734 537.40582275
v 332.93478 70.41829 554.01232910
v 332.94238 73.14526 942.77301025
v 332.94632 91.62912 842.99420166
v 332.94788 110.05548 754.87548828
v 332.96753 82.26874 882.68475342
v 332.99268 117.64599 919.41027832
v 333.03769 119.53850 760.16870117
v 333.03830 84.47543 950.32250977
v 333.04196 68.59635 544.00274658
v 333.05579 116.00909 726.38336182
v 333.07227 110.18992 758.64141846
v 333.07632 110.84559 868.36236572
v 333.07672 110.32553 901.47351074
v 333.08917 112.44135 748.00103760
v 333.10553 103.49684 582.50982666
v 333.10596 94.88386 821.94952393
v 333.11710 121.08386 530.36932373
v 333.13376 120.65607 932.91510010
v 333.13400 114.06321 730.45892334
v 333.16159 110.20947 898.06140137
v 333.19534 115.01791 821.93347168
v 333.21115 118.35757 767.46331787
v 333.21680 81.41346 564.73748779
v 333.22220 72.12814 556.74346924
v 333.23322 116.13863 789.29559326
v 333.23325 72.85497 938.77819824
v 333.25977 93.72340 830.17547607
v 333.28052 114.33385 738.55249023
v 333.29178 110.83630 945.51220703
v 333.29471 76.90773 562.47967529
v 333.30292 118.63427 733.61322021
v 333.32120 114.28705 733.91491699
v 333.33066 113.76440 587.61187744
v 333.35345 129.76721 561.06860352
v 333.36499 115.21432 586.34613037
v 333.37717 67.58643 550.71337891
v 333.38647 114.70005 941.65093994
v 333.38800 111.74521 754.39660645
v 333.39755 120.81010 927.11791992
v 333.42682 108.11089 584.45520020
v 333.43164 96.89758 812.67144775
v 333.44281 117.70609 733.33087158
v 333.45026 111.25837 766.18237305
v 333.47781 79.77756 892.13275146
v 333.49710 88.11791 568.05249023
v 333.49799 93.75766 950.58056641
v 333.51340 115.98420 733.17718506
v 333.52429 117.01617 759.89373779
v 333.54651 116.96158 939.42785645
v 333.54950 118.24166 577.65356445
v 333.55380 115.57631 800.53497314
v 333.55920 113.51419 765.00592041
v 333.58469 110.38538 584.42663574
v 333.59589 114.27271 583.10870361
v 333.59738 74.03275 913.53234863
v 333.60327 78.87204 895.41412354
v 333.60449 110.42480 769.14825439
v 333.60745 114.89030 751.79003906
v 333.63635 116.23289 766.32214355
v 333.63663 116.09255 776.55328369
v 333.66309 104.93401 784.83276367
v 333.66751 108.97987 947.01196289
v 333.68506 102.53580 524.43505859
v 333.69089 72.29473 925.88769531
v 333.69705 123.36147 571.62249756
v 333.70346 118.19695 937.78552246
v 333.70657 112.48364 583.58599854
v 333.71991 130.21527 551.21472168
v 333.74649 73.57137 558.45184326
v 333.75491 115.12382 916.58367920
v 333.76251 120.83509 929.28375244
v 333.76556 128.15492 564.42053223
v 333.77295 102.41373 579.98516846
v 333.77396 112.52554 767.41827393
v 333.79001 117.38577 528.98181152
v 333.80002 75.19859 945.70379639
v 333.84827 111.74431 847.09185791
v 333.84985 87.60207 524.70056152
v 333.87759 116.36028 768.49761963
v 333.88184 116.80804 771.33789062
v 333.90033 109.25259 773.86376953
v 333.90182 67.81625 546.49572754
v 333.91840 114.26033 767.23211670
v 333.92844 73.90221 943.33001709
v 333.95685 115.45966 767.72357178
v 333.96643 74.62239 911.62011719
v 333.98535 110.85938 770.43762207
v 334.00214 111.06244 861.58489990
v 334.01544 77.25694 901.26556396
v 334.03189 106.49180 524.94122314
v 334.03226 108.59855 777.62719727
v 334.06891 91.82713 847.82775879
v 334.07721 121.00913 531.33135986
v 334.09030 114.25560 580.64306641
v 334.09433 95.67409 822.92352295
v 334.09964 76.41840 946.65075684
v 334.10278 109.60899 879.42913818
v 334.12247 128.64682 539.13287354
v 334.15134 97.81519 811.51702881
v 334.15628 118.93103 529.93365479
v 334.16159 119.71143 925.42669678
v 334.19586 120.45675 931.74523926
v 334.21234 117.58457 576.08923340
v 334.22128 83.49438 949.94158936
v 334.23849 77.77956 899.95660400
v 334.24649 107.46886 525.37139893
v 334.25839 114.75835 782.35968018
v 334.27246 73.28827 533.32366943
v 334.28085 112.36211 527.90460205
v 334.31787 80.48161 563.83483887
v 334.32080 91.85167 852.34326172
v 334.32745 109.65730 867.23895264
v 334.33060 111.58756 835.02435303
v 334.33865 96.31197 574.32226562
v 334.37570 126.36101 536.92553711
v 334.38416 110.52238 527.09155273
v 334.38495 67.87084 548.73187256
v 334.39169 100.89622 803.20513916
v 334.41238 97.59998 818.57324219
v 334.41626 72.97398 920.44189453
v 334.42734 77.85582 562.37841797
v 334.42905 117.11443 529.39093018
v 334.47861 109.40222 889.68261719
v 334.49319 100.71658 948.75909424
v 334.52472 111.04771 856.57751465
v 334.56573 88.52873 868.97692871
v 334.58301 84.01513 525.63659668
v 334.66168 128.77805 542.57781982
v 334.70221 74.13321 915.04040527
v 334.70663 113.39478 811.71502686
v 334.71982 112.75755 821.96990967
v 334.73447 128.64230 551.04260254
v 334.75879 114.04198 769.14526367
v 334.76944 95.26001 835.49835205
v 334.77655 112.25547 912.34405518
v 334.77930 92.70552 848.58679199
v 334.78381 76.08418 904.65863037
v 334.79150 109.10726 876.84350586
v 334.80698 119.61760 531.23663330
v 334.81522 68.72404 545.43194580
v 334.81546 117.23621 939.09490967
v 334.85516 75.96895 560.53662109
v 334.86746 114.45879 769.83111572
v 334.86798 76.09191 529.41711426
v 334.87332 110.39056 851.47155762
v 334.87759 105.99375 790.69049072
v 334.87885 109.64981 779.03601074
v 334.88113 113.33650 787.55444336
v 334.89502 94.71457 572.26788330
v 334.89783 113.42129 801.58752441
v 334.91150 126.12362 563.96752930
v 334.91174 125.71012 537.39807129
v 334.91266 103.11889 797.50964355
v 334.91452 78.30086 528.03814697
v 334.92276 107.01847 785.39624023
v 334.92297 113.38019 776.45837402
v 334.92566 90.13898 863.09429932
v 334.92883 82.58617 889.72406006
v 334.93140 110.05920 860.96350098
v 334.93610 126.86750 562.41949463
v 334.93765 97.41229 821.48730469
v 334.93875 127.78747 540.46105957
v 334.94733 107.04452 580.48364258
v 334.94754 128.06488 553.83392334
v 334.95251 70.47253 552.05609131
v 334.95251 95.98162 830.11578369
v 334.95938 118.51825 530.73602295
v 334.96088 69.34331 550.70471191
v 334.96762 70.11457 540.04522705
v 334.98352 98.97713 812.68231201
v 334.98569 92.26609 855.17694092
v 334.99646 113.63451 770.02770996
v 335.00403 94.55189 839.12744141
v 335.01776 113.72130 578.91473389
v 335.02744 72.92597 933.93139648
v 335.02756 110.36457 846.88867188
v 335.03452 114.55153 772.85247803
v 335.05817 91.39307 858.63714600
v 335.06134 97.98164 574.58184814
v 335.07144 96.94442 824.41107178
v 335.07944 111.93166 580.22454834
v 335.09714 82.20354 526.40960693
v 335.10596 111.92564 817.25018311
v 335.11661 101.26161 806.21301270
v 335.12741 120.78673 570.41204834
v 335.13879 98.71554 819.13189697
v 335.16818 111.78111 773.14562988
v 335.18622 112.70361 801.49249268
v 335.18973 111.08295 777.52166748
v 335.19208 101.52813 576.67498779
v 335.24570 112.41093 810.57507324
v 335.25735 109.76910 858.81109619
v 335.26059 108.88837 890.05389404
v 335.26428 111.87182 777.99499512
v 335.27887 115.66080 575.10870361
v 335.33319 68.73472 547.50543213
v 335.33917 71.38280 552.95629883
v 335.34375 107.06729 791.29394531
v 335.34583 72.90810 556.05328369
v 335.35760 111.85229 806.54888916
v 335.37891 110.84158 579.65551758
v 335.38281 106.28663 578.54107666
v 335.38538 105.48450 948.67437744
v 335.38904 93.62197 950.64453125
v 335.39520 104.42863 798.28002930
v 335.40463 108.64075 864.68023682
v 335.41797 109.36137 836.43438721
v 335.42102 75.12673 559.10931396
v 335.45950 103.99797 802.62670898
v 335.47961 126.83091 541.83703613
v 335.48727 101.81861 949.04052734
v 335.50879 109.14701 784.18695068
v 335.51651 100.29156 816.28137207
v 335.51709 125.45139 539.23040771
v 335.53720 109.06237 841.09210205
v 335.53876 109.84176 804.64581299
v 335.54855 101.79163 811.22393799
v 335.54950 94.88015 844.41278076
v 335.56113 119.18413 532.70153809
v 335.57324 110.86428 829.69586182
v 335.57932 87.44176 524.89617920
v 335.58121 76.79951 560.67950439
v 335.58978 111.52695 578.02691650
v 335.59860 110.94230 783.86914062
v 335.61798 109.08862 790.03863525
v 335.61945 90.19764 868.64428711
v 335.63440 103.14403 810.40478516
v 335.65814 109.61247 808.18646240
v 335.67426 87.34470 878.45098877
v 335.71338 76.85648 529.06842041
v 335.71484 101.37286 524.65148926
v 335.73209 98.44678 824.23889160
v 335.74243 73.15160 533.83697510
v 335.78177 88.37415 874.87066650
v 335.81012 97.40248 834.12670898
v 335.81879 110.29195 818.00445557
v 335.82050 111.53716 945.50396729
v 335.83945 95.97478 839.60473633
v 335.84070 108.40215 850.67626953
v 335.87375 109.06759 902.06054688
v 335.88126 107.66136 871.99530029
v 335.89835 74.67933 914.37164307
v 335.91022 108.97820 847.28643799
v 335.91385 109.73059 831.42242432
v 335.92105 107.85347 862.70397949
v 335.99295 103.99071 575.97857666
v 336.00330 93.07469 859.59674072
v 336.00604 111.24996 529.71264648
v 336.00909 108.83242 575.31158447
v 336.01859 94.73048 853.02416992
v 336.02948 106.98267 948.68627930
v 336.03693 115.73281 570.37329102
v 336.06290 123.58788 561.53686523
v 336.06628 107.53098 840.88604736
v 336.07028 78.01666 902.33453369
v 336.10126 109.62260 829.00805664
v 336.10214 100.12835 821.85766602
v 336.11691 108.42410 847.78808594
v 336.12338 71.25769 538.72741699
v 336.14868 117.58805 937.90924072
v 336.16650 101.18753 949.43945312
v 336.17218 120.80121 565.08734131
v 336.18085 92.47514 524.60125732
v 336.18567 96.76553 845.51934814
v 336.19662 125.16159 553.66906738
v 336.23471 106.72854 836.37152100
v 336.25241 109.17701 904.26629639
v 336.26086 125.14083 549.59381104
v 336.30075 108.73049 813.95391846
v 336.32025 69.76113 548.61468506
v 336.32678 97.66898 838.75592041
v 336.34189 91.67959 868.88635254
v 336.35645 110.27567 946.68652344
v 336.36542 85.61452 565.01330566
v 336.38037 106.39947 812.65075684
v 336.38275 99.50008 950.02691650
v 336.38684 100.00853 833.00335693
v 336.40219 105.95284 574.87854004
v 336.40466 107.70544 831.19207764
v 336.41782 73.83614 934.60656738
v 336.43024 88.84914 877.46020508
v 336.43405 97.20020 853.15209961
v 336.43405 102.35605 524.96038818
v 336.43906 104.70217 814.64221191
v 336.45071 94.74533 570.81066895
v 336.45776 106.59488 847.29003906
v 336.49728 103.21785 850.32196045
v 336.50607 105.29190 855.89855957
v 336.51547 112.45130 531.30053711
v 336.54092 106.62434 864.67218018
v 336.54327 90.87207 950.50933838
v 336.54340 107.05147 814.93859863
v 336.54587 107.94212 573.71411133
v 336.54791 104.42683 853.43005371
v 336.57352 79.32825 527.92578125
v 336.57520 103.01020 833.81677246
v 336.57880 100.16669 838.14794922
v 336.58499 103.63823 821.72729492
v 336.60764 116.55962 568.12011719
v 336.61279 96.17036 857.09210205
v 336.64005 80.55391 562.21417236
v 336.64777 122.70359 560.37524414
v 336.64905 73.99784 555.82336426
v 336.77258 93.86179 865.52728271
v 336.77722 98.38853 854.49816895
v 336.78046 76.84852 529.64996338
v 336.79996 115.73434 534.10156250
v 336.80441 121.83734 541.18450928
v 336.84799 112.52662 943.98681641
v 336.84860 123.04496 544.16943359
v 336.86832 103.64799 854.74700928
v 336.87717 101.20610 853.25213623
v 336.88971 76.01761 530.58489990
v 336.90842 95.53633 524.70635986
v 336.91959 102.41151 853.69818115
v 336.92715 98.47079 572.18920898
v 336.93857 116.12206 939.49291992
v 336.96967 104.83484 526.17346191
v 336.97321 104.75383 861.32647705
v 337.00729 118.03942 935.88494873
v 337.00732 112.75042 569.96875000
v 337.02426 102.91322 525.34680176
v 337.04941 86.00147 886.07556152
v 337.05426 107.68323 948.61102295
v 337.05566 96.43456 861.79736328
v 337.12744 108.01270 896.57617188
v 337.14978 105.51537 949.24792480
v 337.15131 83.38480 563.08306885
v 337.16852 70.05833 542.38952637
v 337.23907 97.64664 858.14019775
v 337.24374 111.06445 945.77587891
v 337.28653 84.75186 890.36474609
v 337.29135 100.63146 854.39941406
v 337.35422 108.28935 902.50964355
v 337.41464 100.81046 949.74829102
v 337.42471 75.57626 910.80273438
v 337.42630 101.21055 572.71850586
v 337.43637 76.14762 942.89019775
v 337.43683 99.32003 950.15454102
v 337.46268 78.72344 559.87969971
v 337.48666 74.36884 922.42639160
v 337.57852 75.84870 556.79669189
v 337.59299 87.31010 950.06561279
v 337.61063 76.98225 944.01800537
v 337.64423 117.95772 930.44757080
v 337.64798 106.21941 879.23730469
v 337.69058 102.71176 572.63238525
v 337.71030 105.73830 949.24499512
v 337.72958 118.12640 932.02325439
v 337.73007 96.61037 570.58251953
v 337.73148 106.09322 886.04949951
v 337.75638 100.91411 855.20989990
v 337.75946 104.64361 871.35296631
v 337.76843 104.11010 572.43383789
v 337.77231 104.52571 865.33367920
v 337.77750 107.04633 529.28729248
v 337.78384 114.69578 535.76776123
v 337.80606 70.22041 543.52880859
v 337.82120 117.86976 934.70318604
v 337.84766 118.99789 563.03887939
v 337.85529 115.98154 566.18725586
v 337.86865 86.17190 564.17114258
v 337.87152 112.23441 568.56451416
v 337.87552 113.11586 534.40368652
v 337.87589 93.17161 524.98376465
v 337.88843 104.50884 873.65802002
v 337.89444 98.61005 571.03540039
v 337.90045 93.09766 872.59497070
v 337.92117 91.23495 878.46435547
v 337.92880 120.80336 559.44384766
v 337.94220 121.99852 555.21936035
v 337.94226 105.68874 571.67071533
v 337.94238 103.75298 526.50732422
v 337.94864 101.40510 856.19262695
v 337.96310 107.94698 948.30242920
v 337.96777 120.11495 542.93377686
v 337.97845 99.23648 857.49853516
v 337.99115 72.99557 535.55859375
v 338.00763 87.12623 886.77191162
v 338.01263 98.18602 861.71343994
v 338.01559 122.13818 552.44732666
v 338.02570 83.42378 562.16632080
v 338.03619 105.58219 879.10430908
v 338.03741 102.55958 861.29956055
v 338.11386 100.43742 856.52838135
v 338.13132 103.62037 872.91271973
v 338.13452 114.12205 941.24450684
v 338.17569 103.75574 867.27728271
v 338.18964 93.01289 876.49011230
v 338.22690 105.87086 890.01464844
v 338.25620 96.01151 868.61492920
v 338.27432 115.33451 565.38677979
v 338.28000 112.83183 920.87579346
v 338.29944 70.93662 547.10845947
v 338.30161 115.55639 926.52252197
v 338.31277 71.26285 540.86523438
v 338.33789 100.82372 858.46301270
v 338.37756 99.07486 950.01751709
v 338.38638 94.61034 872.89636230
v 338.44403 82.72654 948.08959961
v 338.45517 106.63437 948.87908936
v 338.46573 76.15941 910.10168457
v 338.47015 94.83751 876.18664551
v 338.47025 120.73368 549.01251221
v 338.51703 82.03780 899.24206543
v 338.53348 104.27718 878.56756592
v 338.53464 99.00700 863.95257568
v 338.54044 101.77286 864.39019775
v 338.54163 116.73656 562.77984619
v 338.54794 79.41095 903.52587891
v 338.56393 100.73835 874.38610840
v 338.58105 104.83085 887.07647705
v 338.59122 96.75394 950.11767578
v 338.59171 106.60578 895.51818848
v 338.62585 112.52852 942.81445312
v 338.62625 95.40348 525.29168701
v 338.65836 100.00024 864.69281006
v 338.65952 74.52730 551.91149902
v 338.67725 100.91604 875.78289795
v 338.70389 104.30689 884.87854004
v 338.71802 85.81873 526.33953857
v 338.75815 95.32082 878.30755615
v 338.76355 106.29219 530.79852295
v 338.80374 70.90101 544.41754150
v 338.82251 75.27169 932.15466309
v 338.86111 72.20808 548.62805176
v 338.86969 79.03963 557.08471680
v 338.90741 86.80883 891.71008301
v 338.94223 117.03859 932.76165771
v 338.95612 111.92095 564.31811523
v 338.96875 84.38364 948.62835693
v 338.98181 90.80746 949.92010498
v 339.00650 107.39106 948.22052002
v 339.00708 104.84496 568.62744141
v 339.02518 83.09650 560.58117676
v 339.05753 91.92222 883.33898926
v 339.07730 117.19424 557.93261719
v 339.08936 97.47926 525.81158447
v 339.12973 103.72640 887.79675293
v 339.13477 114.12856 541.32196045
v 339.16217 81.70123 527.89239502
v 339.18274 99.95069 569.45721436
v 339.21680 118.36967 548.64233398
v 339.23553 75.72814 551.46038818
v 339.24179 115.74654 543.81921387
v 339.24683 101.46349 569.09893799
v 339.25653 104.99700 948.90020752
v 339.26981 85.99206 893.97753906
v 339.32172 99.33801 879.87805176
v 339.34265 118.23803 553.45642090
v 339.36069 75.93114 532.81188965
v 339.37384 78.52596 906.02954102
v 339.40430 76.94573 940.56964111
v 339.43301 87.47855 526.21905518
v 339.44046 112.08510 562.44165039
v 339.44711 111.10672 918.31604004
v 339.44949 118.24025 551.11535645
v 339.46951 90.60606 888.41162109
v 339.53070 98.47479 949.68951416
v 339.58228 109.50623 535.40209961
v 339.58334 92.28699 566.80615234
v 339.60153 99.48846 884.07714844
v 339.60645 81.91241 558.54101562
v 339.61530 80.84734 945.78460693
v 339.62579 75.89851 932.64495850
v 339.67133 94.28933 885.06500244
v 339.73743 111.87739 942.62927246
v 339.75150 97.57043 883.80554199
v 339.75381 76.37643 912.71411133
v 339.75507 89.92760 565.61853027
v 339.76489 82.69579 947.04748535
v 339.79520 99.75477 885.47918701
v 339.79602 75.44552 920.69104004
v 339.79663 107.66290 564.75689697
v 339.79764 77.37645 551.04705811
v 339.81345 108.45964 910.87738037
v 339.81509 94.78209 568.03546143
v 339.84583 105.52901 898.20593262
v 339.87820 89.12073 949.27526855
v 339.88605 106.44858 948.10144043
v 339.96387 96.05405 885.02496338
v 339.98325 97.00907 526.59893799
v 339.99448 113.45386 559.57275391
v 340.00616 92.41276 949.51196289
v 340.00784 89.00451 891.89227295
v 340.03006 77.77142 941.35784912
v 340.04559 109.62749 945.75592041
v 340.04584 114.56913 938.46423340
v 340.06091 98.57128 527.39331055
v 340.06094 114.17838 927.49578857
v 340.07736 87.65269 562.98333740
v 340.10181 72.06358 544.39276123
v 340.10342 81.89666 902.45062256
v 340.13443 85.62787 948.24774170
v 340.15881 80.06051 944.38824463
v 340.18915 115.57058 936.01141357
v 340.22202 73.10938 537.72619629
v 340.27676 77.17151 937.92047119
v 340.28180 76.38541 915.84216309
v 340.29477 97.33542 885.71875000
v 340.36316 78.87901 942.67150879
v 340.41232 88.41762 526.70880127
v 340.42227 72.36556 541.93811035
v 340.44296 97.31309 567.98034668
v 340.49249 90.06355 564.97314453
v 340.50302 100.67648 948.94580078
v 340.55234 94.46674 526.93878174
v 340.57727 91.05001 565.58374023
v 340.59073 73.00285 545.78350830
v 340.64218 75.99454 927.41125488
v 340.68137 73.76387 546.79064941
v 340.69360 83.06928 528.24719238
v 340.69800 101.28251 531.86981201
v 340.71872 115.09724 934.84167480
v 340.76144 112.36539 543.35803223
v 340.77777 82.36327 945.67657471
v 340.79462 81.16884 529.27593994
v 340.79633 94.97293 887.57446289
v 340.79715 85.22156 947.39208984
v 340.80301 88.27878 894.46185303
v 340.82693 101.53741 891.63897705
v 340.85165 107.22453 562.95190430
v 340.86761 97.59933 887.01910400
v 340.86929 98.76245 529.45300293
v 340.87555 106.78474 535.51019287
v 340.87619 114.75525 549.39935303
v 340.89020 114.56200 936.72113037
v 340.89154 104.31892 898.91131592
v 340.89441 96.40715 527.84771729
v 340.90106 107.97124 536.80657959
v 340.93109 75.11365 535.52441406
v 340.94168 112.59776 558.03399658
v 340.95380 100.21944 889.78851318
v 340.98462 99.61116 566.84277344
v 340.98676 114.82965 552.98706055
v 341.06360 111.00586 559.52117920
v 341.09781 78.05312 547.95452881
v 341.10638 94.29990 566.24896240
v 341.11990 114.37179 550.84509277
v 341.14517 90.17039 527.41589355
v 341.23325 112.83344 926.55828857
v 341.25720 96.26855 888.13427734
v 341.25815 76.37702 920.71472168
v 341.25836 86.88843 527.76898193
v 341.25861 84.29946 901.41552734
v 341.26404 112.37595 546.84576416
v 341.27438 111.54277 544.23516846
v 341.27618 96.73374 529.53942871
v 341.29535 97.69834 888.51586914
v 341.29657 81.82908 554.42633057
v 341.31354 105.15891 902.19824219
v 341.31564 97.78854 948.59844971
v 341.33163 73.45687 539.61309814
v 341.36945 113.51157 552.81469727
v 341.37384 108.34663 945.72552490
v 341.39178 76.61310 928.72375488
v 341.44727 80.72621 550.16644287
v 341.46118 74.31312 544.84613037
v 341.47784 103.01151 898.29071045
v 341.51166 113.40572 931.60797119
v 341.51208 106.96268 537.75659180
v 341.52576 76.18714 546.11651611
v 341.55789 105.38006 536.55664062
v 341.56216 80.94326 942.88317871
v 341.57211 99.82687 534.00885010
v 341.57919 100.68084 895.04150391
v 341.58487 92.96935 530.14379883
v 341.58563 96.35627 889.69787598
v 341.70239 73.71505 541.40936279
v 341.73010 95.60545 533.24987793
v 341.75687 98.94421 893.80267334
v 341.77524 109.41613 944.13281250
v 341.78159 94.95565 565.51953125
v 341.80392 77.41815 533.91790771
v 341.80911 88.56396 528.36096191
v 341.85361 111.71316 939.53417969
v 341.85733 80.03822 906.50238037
v 341.86539 92.29634 948.08367920
v 341.86804 81.22226 548.22076416
v 341.91055 80.97263 546.47869873
v 341.93518 77.39012 917.10540771
v 341.98843 81.25793 530.79382324
v 341.98868 75.07220 537.29547119
v 341.99637 90.33350 529.37902832
v 342.01450 97.25217 565.28186035
v 342.03870 109.55960 553.94317627
v 342.04630 89.98704 535.29803467
v 342.06100 95.04309 894.06323242
v 342.09445 89.99016 896.82202148
v 342.09927 95.56731 534.89300537
v 342.10281 101.32851 897.73840332
v 342.11145 108.26846 556.48913574
v 342.12347 104.73533 560.42419434
v 342.15005 81.31773 544.81268311
v 342.15128 84.06995 529.51446533
v 342.16666 88.06902 898.78765869
v 342.19727 99.93033 896.66351318
v 342.20895 109.16995 547.00976562
v 342.22385 82.21480 545.54388428
v 342.24518 105.40372 541.01116943
v 342.25021 108.75188 554.69165039
v 342.25723 85.62154 557.36712646
v 342.28217 97.45174 535.77178955
v 342.31207 87.38025 529.57226562
v 342.31354 106.43875 907.47937012
v 342.32248 77.40863 928.49096680
v 342.34833 112.45178 934.84454346
v 342.35370 97.38221 895.59411621
v 342.36087 87.76585 537.15570068
v 342.38568 83.49407 542.59216309
v 342.41745 105.95316 906.24456787
v 342.41885 88.63387 538.34216309
v 342.43875 75.00787 539.09814453
v 342.44107 108.77362 915.72833252
v 342.45538 95.60070 895.53918457
v 342.48315 93.31572 895.98919678
v 342.49731 103.30623 540.06817627
v 342.53070 84.37779 543.60980225
v 342.55664 91.41779 537.38287354
v 342.56406 99.32690 563.59063721
v 342.61972 95.46031 536.27642822
v 342.63464 77.81699 918.81445312
v 342.63843 107.72243 546.04443359
v 342.64069 106.47759 557.14495850
v 342.66284 85.76397 538.32623291
v 342.68927 86.59445 535.45849609
v 342.70242 83.21863 547.16448975
v 342.73413 83.60525 540.58160400
v 342.81900 87.35462 900.83459473
v 342.82089 89.49125 560.37530518
v 342.84940 101.78086 539.99005127
v 342.85666 97.50806 537.19616699
v 342.87198 103.92914 542.10345459
v 342.87439 109.48439 919.60498047
v 342.88065 85.81453 536.83929443
v 342.88171 80.02153 907.95068359
v 342.91516 82.03296 532.10968018
v 342.94165 91.17937 898.22442627
v 342.94235 102.36987 946.80035400
v 342.95905 92.09650 538.02941895
v 342.98544 86.24773 542.95526123
v 343.01004 84.50494 532.65869141
v 343.01532 81.51210 541.57690430
v 343.07947 78.86944 911.34112549
v 343.13098 102.41368 901.05584717
v 343.18936 110.98537 925.62017822
v 343.20514 78.52525 913.66687012
v 343.22034 84.96995 534.36236572
v 343.30676 83.93395 552.60223389
v 343.33768 110.66665 938.20861816
v 343.34821 106.39426 944.81079102
v 343.36334 84.82587 903.95330811
v 343.38196 80.34995 937.38543701
v 343.38748 108.83012 917.69213867
v 343.40268 92.12575 562.37463379
v 343.47845 81.32595 906.85870361
v 343.49417 97.88912 562.83911133
v 343.54440 80.88683 938.19995117
v 343.55426 86.05555 943.89086914
v 343.58432 79.78639 933.74499512
v 343.63019 87.43982 944.70361328
v 343.63895 84.83665 553.45867920
v 343.64755 81.91611 939.46734619
v 343.64841 93.28157 562.82373047
v 343.66895 77.83207 540.78015137
v 343.68204 79.00279 541.15765381
v 343.72482 77.23190 538.86572266
v 343.73538 110.77324 935.81347656
v 343.80737 93.20031 945.96386719
v 343.80881 95.80222 538.48419189
v 343.81677 84.45331 550.07843018
v 343.82959 89.53017 945.45092773
v 343.83377 84.02747 536.96667480
v 343.84717 81.55367 539.98205566
v 343.85663 104.58857 556.61608887
v 343.85825 100.72880 900.49255371
v 343.86292 98.48382 539.73663330
v 343.86954 78.21743 536.15618896
v 343.87656 79.19359 534.97515869
v 343.88736 100.12248 946.09173584
v 343.92352 98.47219 899.14837646
v 343.92822 80.67153 534.03924561
v 343.93158 105.56107 555.12561035
v 343.95392 94.11198 898.95666504
v 343.97202 105.90662 554.11804199
v 343.98489 94.18373 538.96032715
v 343.98932 82.61004 534.12695312
v 344.02795 99.89220 560.46826172
v 344.04721 104.42130 945.17303467
v 344.06036 95.48292 562.45983887
v 344.09583 85.74053 546.73590088
v 344.25876 105.38535 549.64050293
v 344.29001 101.93662 945.51623535
v 344.31967 78.77723 537.33673096
v 344.34503 79.58916 536.01037598
v 344.35236 97.42348 561.30859375
v 344.36929 81.54757 534.98742676
v 344.38696 104.39803 547.46942139
v 344.38840 80.26891 539.17462158
v 344.40353 95.16579 539.96917725
v 344.41986 104.04971 906.24481201
v 344.44882 82.37601 535.76037598
v 344.49548 79.65842 914.24407959
v 344.50266 81.15156 538.29602051
v 344.51392 85.66263 904.86944580
v 344.53387 100.64663 543.01586914
v 344.56393 79.74741 537.95812988
v 344.61414 80.45464 536.54266357
v 344.62531 103.98412 553.18713379
v 344.64197 89.52951 557.73016357
v 344.66476 103.93071 550.24395752
v 344.79807 86.84573 552.64581299
v 344.86993 101.87167 904.15380859
v 344.90710 98.49027 542.73876953
v 344.98145 88.74286 544.79132080
v 345.04962 92.88014 559.99511719
v 345.04965 100.72810 545.58294678
v 345.05243 91.64753 559.03613281
v 345.10159 99.02272 557.50372314
v 345.11542 94.51444 901.60095215
v 345.13495 108.85356 925.92718506
v 345.17419 108.13580 922.69598389
v 345.18100 95.70584 559.90606689
v 345.25555 88.92300 554.76678467
v 345.30304 108.85221 931.37896729
v 345.30994 93.23246 559.24768066
v 345.39542 92.03725 543.86834717
v 345.40485 98.82937 554.71008301
v 345.52429 94.87594 557.61962891
v 345.53625 91.44864 942.56365967
v 345.56006 90.89448 554.92797852
v 345.58057 95.47795 554.04052734
v 345.67532 93.56813 902.91131592
v 345.68951 97.60616 550.46551514
v 345.74075 100.12574 904.04791260
v 345.76041 107.10075 918.05700684
v 345.79605 102.51693 906.38208008
v 345.81943 89.50999 547.03692627
v 345.83698 81.02706 928.08245850
v 345.89471 98.16754 903.26672363
v 345.89539 96.74187 902.96398926
v 345.89691 94.19915 544.96173096
v 345.94278 95.52924 545.67346191
v 345.97464 96.75112 547.34704590
v 345.98553 97.03351 548.76995850
v 345.99155 93.78889 552.99041748
v 346.02200 83.02487 908.71258545
v 346.03851 90.70019 546.16186523
v 346.04514 96.10832 551.01489258
v 346.08026 90.64042 552.47595215
v 346.16617 81.91038 930.42108154
v 346.17581 105.97914 913.24975586
v 346.20895 84.08394 935.06268311
v 346.30576 105.10215 910.89013672
v 346.33496 108.16068 935.57916260
v 346.39972 95.24088 903.74566650
v 346.41016 106.45997 920.96221924
v 346.41913 107.67040 937.82769775
v 346.49435 90.19223 549.73168945
v 346.55814 86.94058 937.66833496
v 346.65564 105.64582 940.29125977
v 346.66922 102.97488 941.71765137
v 346.68338 81.79243 918.55749512
v 346.71683 105.85707 914.38714600
v 346.73618 106.13351 919.08233643
v 346.74191 91.18068 547.17877197
v 346.75809 101.46546 941.76879883
v 346.76306 84.53239 908.08300781
v 346.78284 106.59464 929.92352295
v 346.78326 82.10256 926.77502441
v 346.79108 89.48010 906.53308105
v 346.79880 104.57841 940.86932373
v 346.82349 92.19900 551.35321045
v 346.85843 95.03807 550.02575684
v 346.86951 106.50336 938.78808594
v 346.87021 94.06991 940.97973633
v 346.88129 107.31913 936.83001709
v 346.88950 92.85702 546.74481201
v 346.96594 85.39787 934.58990479
v 346.99506 93.70264 547.14916992
v 347.00897 83.10095 930.00384521
v 347.08627 90.85532 938.94653320
v 347.08847 91.69320 547.95892334
v 347.16000 105.36944 939.26025391
v 347.18945 88.27869 936.81597900
v 347.22830 93.44778 550.08135986
v 347.36133 82.62787 920.06994629
v 347.36279 93.88626 939.67749023
v 347.39282 93.00790 548.65820312
v 347.75140 84.55875 910.16406250
v 347.85321 85.30001 909.29028320
v 348.00305 101.08973 907.87927246
v 348.11740 99.13026 906.69384766
v 348.28561 88.19294 931.73345947
v 348.29086 104.17258 935.28979492
v 348.32144 102.98561 926.39514160
v 348.33304 85.99242 929.13964844
v 348.38776 93.70758 906.73803711
v 348.42532 102.20193 937.22491455
v 348.43591 102.77966 923.48138428
v 348.46893 104.25452 932.92572021
v 348.50439 103.05448 936.29864502
v 348.55594 97.63673 937.56298828
v 348.62903 99.51759 937.57507324
v 348.69104 95.37286 936.26507568
v 348.98761 102.87663 911.44140625
v 349.11563 89.62342 930.60766602
v 349.62009 87.95634 910.51751709
v 349.72546 97.50808 935.38452148
v 349.74161 86.35052 914.12225342
v 349.75412 102.63781 912.99749756
v 349.77753 101.70065 929.23474121
v 349.85431 91.33778 909.29046631
v 349.85461 87.00510 925.28558350
v 349.85757 102.85133 914.44659424
v 349.86703 102.17311 933.84637451
v 349.90112 87.41290 911.49505615
v 349.98325 101.95473 931.59649658
v 350.00070 99.54157 909.64733887
v 350.02121 98.77903 934.98388672
v 350.05298 97.60395 908.85601807
v 350.07254 87.24445 912.60632324
v 350.07513 87.03434 922.52636719
v 350.10410 95.62622 908.64825439
v 350.16510 87.06659 915.29168701
v 350.17633 102.45075 917.07629395
v 350.37637 93.40516 931.19140625
v 350.39716 88.97995 926.59863281
v 350.42117 100.16042 933.52856445
v 350.44858 93.09775 909.51940918
v 350.44879 100.95064 911.78802490
v 350.46552 87.95786 923.70153809
v 350.46869 100.14654 923.35467529
v 350.60135 101.59057 918.39746094
v 350.68909 101.77383 915.61724854
v 350.76913 100.03798 921.61468506
v 350.80832 97.07374 931.83673096
v 350.82269 101.18804 913.94775391
v 350.84940 96.56046 910.11309814
v 350.96545 99.02792 930.03503418
v 350.99771 93.79626 910.41040039
v 351.00351 99.34465 928.55853271
v 351.01379 99.13512 923.29376221
v 351.03946 98.51431 911.39746094
v 351.08279 93.64122 929.20440674
v 351.08405 95.81486 930.80682373
v 351.13583 91.44093 911.52301025
v 351.14865 90.14646 913.21154785
v 351.17828 97.84928 930.54956055
v 351.26981 98.37953 929.18060303
v 351.29965 90.43021 916.28057861
v 351.38165 97.71422 924.89697266
v 351.41693 96.80606 929.25878906
v 351.44223 98.36292 922.76892090
v 351.61069 95.97142 925.42523193
v 351.64459 92.87556 913.47985840
v 351.65555 93.94347 925.41864014
v 351.79510 91.36488 921.52691650
v 351.85907 92.42831 923.63800049
v 351.91937 95.84454 924.07897949
v 351.92542 97.61793 914.42767334
v 351.92999 95.06275 913.35980225
v 352.01291 98.96561 917.77343750
v 352.02271 92.75417 915.20483398
v 352.76135 94.32311 922.41802979
v 352.78470 94.93694 915.14495850
v 352.85077 96.32575 921.75158691
v 352.89124 93.51141 920.83721924
v 352.94550 93.34973 918.70855713
v 353.10449 96.88776 919.65771484
v 353.12595 94.68223 916.51892090
v 353.27478 96.27419 918.72045898
v 353.39551 95.06796 918.63482666
f 668 763 712
f 763 668 720
f 763 720 791
f 469 435 483
f 668 469 483
f 483 435 390
f 720 668 483
f 791 720 819
f 483 390 472
f 720 483 472
f 368 428 390
f 472 390 428
f 759 720 472
f 819 720 759
f 759 472 640
f 819 759 890
f 942 819 890
f 428 368 459
f 472 428 459
f 564 472 459
f 459 368 426
f 759 640 918
f 640 472 564
f 890 759 918
f 486 459 426
f 564 459 486
f 942 890 1017
f 486 426 443
f 743 640 564
f 918 640 743
f 1017 890 918
f 1017 918 1002
f 468 443 447
f 486 443 468
f 571 486 468
f 564 486 571
f 936 918 743
f 1002 918 936
f 743 564 571
f 1002 936 997
f 447 506 468
f 571 468 567
f 567 468 506
f 721 743 571
f 936 743 721
f 721 571 567
f 939 997 798
f 798 997 936
f 506 632 567
f 721 567 661
f 936 721 798
f 632 506 562
f 661 567 632
f 813 939 798
f 745 721 661
f 798 721 745
f 813 798 745
f 661 632 656
f 745 661 656
f 469 668 627
f 490 469 627
f 712 627 668
f 401 435 469
f 490 401 469
f 435 328 390
f 328 368 390
f 938 819 942
f 349 368 298
f 368 349 426
f 1098 938 942
f 942 1017 1098
f 426 374 411
f 426 411 443
f 1214 1098 1017
f 443 408 447
f 411 408 443
f 1002 1214 1017
f 997 1214 1002
f 408 421 447
f 1231 1214 997
f 447 421 432
f 1030 1231 997
f 432 506 447
f 997 939 1030
f 929 1030 939
f 656 632 562
f 656 765 745
f 745 765 813
f 765 656 776
f 860 813 765
f 622 716 657
f 579 622 657
f 622 579 462
f 481 462 579
f 622 462 712
f 783 716 920
f 716 622 718
f 718 622 712
f 920 716 718
f 481 352 401
f 481 401 462
f 462 401 490
f 1070 920 718
f 627 462 490
f 712 462 627
f 401 352 328
f 718 712 763
f 352 279 328
f 1070 718 938
f 938 718 763
f 435 401 328
f 938 763 791
f 819 938 791
f 298 368 257
f 328 257 368
f 1070 938 1098
f 1292 1070 1098
f 374 426 349
f 408 411 374
f 477 432 404
f 1231 1030 1139
f 506 432 477
f 929 1139 1030
f 562 506 477
f 939 813 929
f 562 603 656
f 776 860 765
f 929 813 860
f 683 595 550
f 683 657 751
f 683 550 579
f 657 683 579
f 751 657 784
f 784 657 716
f 481 482 418
f 550 482 579
f 579 482 481
f 783 784 716
f 907 784 783
f 352 418 358
f 418 352 481
f 995 907 783
f 1021 907 995
f 995 783 920
f 1102 1021 995
f 352 358 279
f 1102 995 1156
f 1156 995 920
f 1070 1156 920
f 279 257 328
f 1347 1102 1156
f 257 260 298
f 1156 1070 1292
f 1347 1156 1292
f 298 241 349
f 241 299 349
f 1292 1098 1390
f 1347 1292 1390
f 1214 1390 1098
f 1450 1347 1390
f 374 299 345
f 374 349 299
f 1390 1214 1474
f 1575 1390 1474
f 374 345 408
f 408 345 421
f 339 421 345
f 421 339 432
f 339 341 432
f 1474 1214 1231
f 1531 1575 1474
f 1474 1231 1452
f 1452 1531 1474
f 432 341 404
f 1231 1139 1448
f 1448 1139 1279
f 1452 1231 1448
f 1279 1139 929
f 562 477 575
f 562 575 603
f 1279 929 860
f 1309 1448 1279
f 772 656 603
f 1309 1279 860
f 1020 860 776
f 1309 860 1020
f 776 656 772
f 751 770 683
f 784 907 751
f 751 907 915
f 907 1021 1019
f 1102 1087 1021
f 1155 1087 1102
f 208 279 272
f 272 279 358
f 1155 1102 1325
f 218 257 208
f 208 257 279
f 260 257 218
f 1102 1347 1396
f 241 260 218
f 241 298 260
f 1396 1347 1450
f 1390 1575 1450
f 1575 1531 1721
f 404 341 353
f 1452 1721 1531
f 477 531 575
f 1448 1309 1726
f 603 575 601
f 601 684 603
f 772 603 684
f 1020 1179 1309
f 840 776 772
f 840 1005 776
f 776 1005 1020
f 479 550 519
f 519 550 595
f 683 694 595
f 770 694 683
f 479 482 550
f 915 907 1019
f 358 322 263
f 418 322 358
f 1019 1021 1087
f 358 263 272
f 1155 1121 1087
f 4817 4562 4508
f 195 218 208
f 4960 4817 4703
f 4817 4508 4703
f 1102 1396 1325
f 3895 4508 4164
f 4960 4703 5002
f 5002 5104 4960
f 190 218 195
f 1426 1359 1325
f 1396 1426 1325
f 4508 3895 4019
f 4508 4019 4116
f 4703 4508 4116
f 218 190 241
f 4703 4116 4802
f 5053 5104 5002
f 1426 1396 1450
f 1450 1483 1426
f 5002 4703 4970
f 4970 4703 4802
f 214 299 241
f 1636 1483 1450
f 5053 5002 4970
f 1450 1724 1636
f 1636 1724 1787
f 4019 3889 4226
f 4116 4019 4226
f 299 303 345
f 4802 4116 4226
f 1724 1450 1575
f 4226 3889 4015
f 3842 4015 3889
f 5022 4970 4802
f 303 339 345
f 5061 5022 4829
f 4829 5022 4802
f 3842 3963 4015
f 4802 4226 4350
f 4829 4802 4350
f 4226 4015 4350
f 4653 4829 4350
f 4350 4015 3963
f 404 353 395
f 4350 3963 4368
f 4368 4653 4350
f 1721 1452 1448
f 404 531 477
f 1726 1771 1448
f 601 575 580
f 1523 1726 1309
f 1020 1383 1179
f 1523 1309 1179
f 1383 1020 1005
f 595 694 519
f 322 418 422
f 418 482 422
f 422 482 479
f 915 1019 974
f 1019 1121 1093
f 4675 4921 4893
f 1019 1087 1121
f 4360 4255 4404
f 4521 4360 4404
f 4921 4675 4866
f 4521 4404 4562
f 4675 4521 4562
f 263 206 272
f 3897 4404 4255
f 5160 4921 4866
f 272 206 208
f 1235 1121 1155
f 4562 4404 4508
f 4675 4562 4817
f 4866 4675 4960
f 4960 4675 4817
f 1235 1155 1369
f 3897 3802 4404
f 5160 4866 4960
f 1359 1369 1325
f 1369 1155 1325
f 4508 4404 4164
f 5193 5160 4960
f 4404 3802 4164
f 3802 3897 3686
f 5193 4960 5104
f 5104 5241 5193
f 1442 1359 1426
f 4164 3802 3895
f 1483 1442 1426
f 241 190 184
f 3802 3686 3712
f 3895 3802 3712
f 3895 3712 4019
f 5155 5241 5104
f 5104 5053 5155
f 1636 1602 1483
f 3712 3773 4019
f 303 299 214
f 4019 3773 3889
f 5053 5022 5155
f 5177 5155 5022
f 5053 4970 5022
f 5221 5177 5061
f 5061 5177 5022
f 1724 1841 1787
f 3889 3773 3672
f 5112 5221 5061
f 1724 1575 1795
f 3842 3889 3672
f 5112 5061 5057
f 1575 1721 1795
f 5061 4829 4845
f 5061 4845 5057
f 3842 3672 3690
f 3842 3690 3963
f 4829 4653 4845
f 4855 5057 4845
f 3963 3690 3855
f 3963 4197 4368
f 1721 1448 1843
f 4197 3963 3855
f 4368 4197 4278
f 4653 4368 4442
f 4845 4653 4442
f 4442 4615 4845
f 1843 1448 1771
f 4442 4368 4278
f 531 404 525
f 1771 1873 1843
f 1726 1873 1771
f 4278 4197 4311
f 4442 4278 4311
f 531 580 575
f 1893 1873 1726
f 1893 1726 1740
f 684 601 810
f 684 840 772
f 810 840 684
f 1383 1523 1179
f 1740 1726 1523
f 840 1048 1005
f 1005 1358 1383
f 1480 1383 1358
f 1523 1383 1480
f 1740 1523 1480
f 1048 840 937
f 1358 1005 1048
f 479 519 544
f 863 770 751
f 915 863 751
f 974 1019 1093
f 4360 4183 4255
f 1093 1121 1120
f 1120 1121 1168
f 4893 4521 4675
f 1168 1121 1235
f 206 173 208
f 173 195 208
f 1369 1359 1442
f 1442 1483 1495
f 5279 5155 5246
f 5241 5155 5279
f 1495 1483 1602
f 214 241 184
f 5246 5155 5221
f 5221 5268 5246
f 3323 3712 3240
f 5155 5177 5221
f 1602 1636 1787
f 3712 3323 3773
f 5268 5221 5228
f 3323 3425 3773
f 303 341 339
f 1979 1787 1841
f 3773 3425 3672
f 5221 5112 5228
f 1795 1841 1724
f 4855 5112 5057
f 1721 2175 1795
f 3672 3425 3690
f 3425 3552 3690
f 2175 1721 1843
f 4845 4615 4855
f 2200 2175 1843
f 3690 3552 3855
f 525 404 395
f 1873 2200 1843
f 3855 3749 3912
f 3912 4197 3855
f 1873 1893 2108
f 2200 1873 2108
f 3912 4125 4197
f 531 525 580
f 4241 4197 4125
f 4311 4197 4241
f 4440 4311 4241
f 810 601 649
f 1740 1480 1598
f 840 810 881
f 937 840 881
f 694 544 519
f 322 422 365
f 4183 4360 4559
f 4730 4360 4521
f 4893 4730 4521
f 5034 4893 4921
f 5180 5034 4921
f 5180 4921 5160
f 3719 3897 4255
f 5251 5180 5193
f 5193 5180 5160
f 5193 5283 5251
f 1289 1235 1369
f 5241 5283 5193
f 173 171 195
f 3897 3427 3686
f 5283 5241 5279
f 5279 5314 5283
f 1369 1442 1495
f 195 171 190
f 5268 5314 5279
f 171 184 190
f 3427 3240 3686
f 1495 1602 1640
f 3686 3240 3712
f 5279 5246 5268
f 1602 1787 1792
f 1602 1792 1640
f 303 214 188
f 1792 1787 1869
f 341 303 188
f 212 341 188
f 1869 1787 1979
f 1979 1841 2066
f 2066 1841 2105
f 3323 3320 3425
f 2145 1841 1795
f 2175 2145 1795
f 3425 3320 3326
f 3425 3326 3552
f 3552 3326 3243
f 4615 4848 4855
f 3552 3749 3855
f 395 382 525
f 3749 3552 3912
f 4442 4311 4440
f 4442 4440 4615
f 4848 4615 4814
f 2108 1893 2126
f 4615 4440 4659
f 4001 3912 3793
f 4125 3912 4001
f 601 580 649
f 1942 1740 1598
f 649 753 810
f 1571 1480 1358
f 1457 1048 937
f 1358 1048 1457
f 660 770 682
f 682 770 845
f 422 361 365
f 361 422 500
f 694 660 544
f 770 660 694
f 863 845 770
f 4883 4666 4559
f 479 500 422
f 863 915 957
f 915 974 957
f 4883 4559 4730
f 4883 4730 4893
f 4969 4883 4893
f 5034 4969 4893
f 4969 5034 5045
f 4730 4559 4360
f 5180 5045 5034
f 5045 5180 5256
f 4183 4038 4255
f 263 232 206
f 4255 4038 3719
f 1219 1168 1235
f 5180 5251 5256
f 5251 5334 5256
f 206 170 173
f 1235 1289 1269
f 5334 5251 5283
f 173 170 155
f 5334 5283 5314
f 1369 1371 1289
f 3897 3719 3427
f 3719 3333 3427
f 1371 1369 1411
f 5343 5334 5314
f 3427 3333 3189
f 5323 5343 5314
f 1369 1495 1411
f 1411 1495 1492
f 173 148 171
f 5314 5268 5323
f 171 148 184
f 3427 3189 3240
f 1640 1890 1705
f 1792 1890 1640
f 3018 3118 3240
f 3240 3118 3323
f 5268 5228 5287
f 5228 5263 5287
f 1792 1869 1890
f 3323 3118 3029
f 3323 3029 3320
f 5228 5112 5162
f 5252 5228 5162
f 2105 1841 2145
f 2339 2105 2145
f 3029 3005 3320
f 5112 5095 5162
f 2339 2145 2329
f 2329 2175 2312
f 2145 2175 2329
f 2510 2329 2445
f 268 395 353
f 2445 2329 2312
f 3326 3005 2925
f 3320 3005 3326
f 4855 5095 5112
f 315 395 268
f 2722 2875 2925
f 2312 2175 2410
f 2722 2445 2875
f 3326 2925 3243
f 3243 2925 2875
f 4855 4987 5095
f 2410 2175 2200
f 2445 2312 2623
f 2623 2312 2410
f 2875 2445 2623
f 2410 2200 2211
f 2875 2623 3161
f 3243 2875 3161
f 4855 4848 4814
f 4814 4987 4855
f 2623 2410 2617
f 3243 3161 3552
f 2200 2108 2211
f 2410 2211 2239
f 2387 2410 2239
f 2387 2617 2410
f 2617 2848 2623
f 3161 2623 2848
f 4861 4987 4814
f 2239 2211 2108
f 2848 3093 3161
f 3793 3161 3093
f 3552 3161 3793
f 3552 3793 3912
f 2126 2239 2108
f 525 547 580
f 3740 3093 3287
f 3793 3093 3740
f 4814 4615 4659
f 1893 1740 1942
f 1893 1942 2126
f 4125 4257 4241
f 4001 4257 4125
f 4657 4814 4659
f 4001 3793 3740
f 4440 4241 4257
f 4659 4440 4257
f 3287 3874 3740
f 4001 3740 3874
f 4659 4257 4473
f 4473 4657 4659
f 1598 1658 1942
f 4049 4001 3874
f 4257 4001 4049
f 4355 4257 4049
f 4355 4473 4257
f 1598 1480 1571
f 1571 1658 1598
f 810 753 815
f 815 881 810
f 1571 1358 1457
f 500 544 535
f 544 660 535
f 535 660 682
f 500 479 544
f 863 957 845
f 974 1027 957
f 4144 4183 4559
f 4969 5045 4883
f 4883 5045 5052
f 974 1093 1027
f 1093 1120 1027
f 4038 4042 3916
f 4144 4042 4038
f 4144 4038 4183
f 322 232 263
f 4038 3916 3719
f 3719 3916 3484
f 170 206 174
f 5256 5334 5321
f 1269 1289 1287
f 3333 3719 3484
f 1560 1492 1495
f 5323 5268 5306
f 148 156 184
f 1495 1640 1560
f 5268 5287 5306
f 1560 1640 1705
f 156 165 184
f 165 214 184
f 3118 3018 2803
f 214 165 188
f 3118 2803 3029
f 1869 1979 2005
f 5263 5228 5252
f 1979 2066 2086
f 1979 2086 2005
f 3029 2803 2785
f 2066 2105 2339
f 2066 2339 2086
f 3029 2785 3005
f 268 353 341
f 2339 2329 2447
f 2329 2510 2447
f 3005 2785 2925
f 2651 2445 2722
f 2510 2445 2651
f 2925 2651 2722
f 2848 2617 2732
f 382 547 525
f 2848 2944 3093
f 4861 4814 4839
f 4814 4657 4839
f 580 699 649
f 4839 4657 4756
f 753 649 699
f 3874 3955 4049
f 3955 4355 4049
f 753 699 815
f 881 1227 937
f 937 1424 1457
f 1227 1424 937
f 535 682 663
f 663 682 755
f 682 845 755
f 957 904 845
f 365 361 271
f 4144 4104 4042
f 271 232 322
f 365 271 322
f 5045 5256 5190
f 5190 5256 5313
f 206 232 174
f 1219 1235 1269
f 170 174 155
f 5334 5376 5321
f 1252 1269 1287
f 155 142 173
f 3190 3333 3484
f 1289 1286 1287
f 1286 1289 1371
f 3136 3333 3190
f 5334 5343 5381
f 142 148 173
f 3189 3333 3136
f 3189 3136 3109
f 3040 3189 3109
f 3189 3040 3240
f 3040 3018 3240
f 3018 2861 2803
f 1890 1962 1705
f 1890 2005 1962
f 1869 2005 1890
f 2734 2803 2861
f 2086 2155 2005
f 2541 2634 2645
f 2447 2541 2645
f 2734 2634 2723
f 2734 2723 2803
f 2803 2723 2785
f 268 341 212
f 2510 2541 2447
f 2634 2541 2651
f 2651 2541 2510
f 2785 2723 2925
f 2723 2634 2651
f 2723 2651 2925
f 5095 5103 5162
f 315 382 395
f 4987 4861 5028
f 5028 4861 4906
f 2848 2732 2944
f 2239 2369 2387
f 2239 2126 2037
f 2037 2369 2239
f 3093 2944 3287
f 4861 4839 4906
f 580 547 626
f 4839 4878 4906
f 580 626 699
f 4839 4756 4832
f 4878 4839 4832
f 3955 3874 3900
f 3955 4290 4355
f 4467 4473 4355
f 4467 4355 4290
f 881 815 983
f 500 501 442
f 500 535 501
f 501 535 538
f 535 663 538
f 755 845 904
f 500 442 361
f 4252 4666 4847
f 1024 957 1027
f 4252 4104 4144
f 4559 4252 4144
f 4666 4252 4559
f 4883 4847 4666
f 4972 4847 4883
f 5052 5045 5190
f 1120 1168 1219
f 4042 3514 3916
f 3514 3299 3916
f 174 232 177
f 174 125 155
f 3916 3299 3484
f 3484 3299 3190
f 5376 5334 5381
f 1377 1371 1411
f 3109 3136 3016
f 5343 5323 5365
f 1411 1492 1377
f 1377 1492 1467
f 5323 5326 5365
f 3016 3004 3109
f 5323 5306 5326
f 3109 3004 3040
f 1467 1492 1560
f 5306 5287 5326
f 1581 1467 1560
f 5326 5287 5309
f 1581 1560 1705
f 5309 5287 5304
f 3018 3040 2861
f 5287 5263 5304
f 2059 1962 2005
f 2005 2155 2059
f 2086 2382 2256
f 2086 2256 2155
f 2507 2645 2467
f 2467 2645 2734
f 2086 2339 2382
f 2447 2382 2339
f 2507 2382 2447
f 2645 2507 2447
f 2734 2645 2634
f 5095 4987 5028
f 5095 5028 5103
f 4906 5046 5028
f 4958 5046 4906
f 2387 2522 2617
f 2369 2522 2387
f 2522 2732 2617
f 2732 2720 2944
f 530 626 547
f 2720 2732 2522
f 2944 2720 3252
f 4906 4878 4958
f 2944 3252 3287
f 1942 2037 2126
f 1658 2037 1942
f 2369 2037 2132
f 3276 3287 3252
f 3287 3276 3874
f 4473 4467 4657
f 815 699 822
f 983 815 822
f 1658 1571 1789
f 1789 1884 2037
f 1789 2037 1658
f 2132 2037 1884
f 3900 3874 3276
f 4290 3955 3900
f 983 822 950
f 1571 1686 1789
f 881 983 1227
f 1457 1686 1571
f 663 723 538
f 755 723 663
f 755 838 723
f 755 904 838
f 329 361 442
f 4883 5052 4972
f 4042 3661 3514
f 1233 1120 1219
f 1233 1219 1253
f 5256 5321 5418
f 174 177 125
f 1219 1269 1253
f 1253 1269 1252
f 5421 5321 5376
f 5426 5421 5376
f 142 155 117
f 86 142 117
f 1252 1287 1265
f 3190 3299 3142
f 3110 3190 3142
f 5426 5376 5381
f 3190 3110 3136
f 148 142 86
f 1286 1265 1287
f 3136 3110 3016
f 5381 5343 5365
f 1371 1377 1286
f 91 148 86
f 3016 2962 3004
f 148 91 156
f 3004 2962 3040
f 1705 1751 1581
f 2962 2834 2861
f 3040 2962 2861
f 1751 1705 1962
f 1793 1751 1962
f 2834 2733 2861
f 1901 1793 1962
f 2734 2861 2733
f 1962 2059 1901
f 2382 2467 2256
f 2507 2467 2382
f 2580 2467 2734
f 5304 5263 5252
f 5162 5103 5264
f 268 308 315
f 315 308 382
f 382 409 547
f 2248 2522 2369
f 2369 2132 2248
f 2242 2522 2248
f 2993 3276 3252
f 3276 3652 3900
f 4657 4467 4644
f 4756 4657 4644
f 1884 1789 1686
f 4290 3900 4085
f 1227 983 1099
f 1227 1375 1424
f 1547 1457 1424
f 1686 1457 1547
f 442 364 329
f 364 442 501
f 4252 4388 4104
f 4847 4388 4252
f 361 329 271
f 4972 5052 5117
f 5052 5190 5117
f 4104 3661 4042
f 1027 1120 1154
f 1027 1154 1024
f 5190 5313 5270
f 5313 5256 5418
f 3299 3514 3142
f 5418 5321 5421
f 125 117 155
f 5426 5436 5421
f 5426 5381 5387
f 3110 3002 3016
f 5365 5326 5348
f 94 156 91
f 1455 1467 1581
f 104 156 94
f 165 156 104
f 2733 2580 2734
f 165 212 188
f 2256 2178 2155
f 2155 2178 2059
f 2256 2467 2178
f 2347 2467 2580
f 5252 5162 5264
f 5264 5103 5199
f 382 308 409
f 5103 5028 5046
f 409 530 547
f 5046 4958 4953
f 699 626 576
f 2720 2993 3252
f 2522 2242 2442
f 699 576 822
f 2248 2132 2242
f 4756 4739 4832
f 842 950 822
f 3900 3652 3757
f 4290 4415 4467
f 4550 4467 4415
f 4644 4467 4550
f 983 950 1099
f 1227 1099 1146
f 1146 1375 1227
f 1557 1424 1375
f 1547 1424 1557
f 723 624 538
f 538 427 501
f 838 904 921
f 904 1024 921
f 4104 4388 4052
f 904 957 1024
f 5117 5190 5236
f 4104 3872 3661
f 271 203 232
f 1154 1120 1233
f 3514 3661 3182
f 232 203 177
f 5417 5313 5418
f 125 177 132
f 3182 3142 3514
f 5418 5421 5434
f 5421 5436 5434
f 5436 5426 5441
f 5426 5387 5441
f 117 78 86
f 3110 3060 3002
f 1265 1286 1283
f 5387 5381 5365
f 3016 3002 2962
f 3002 2960 2962
f 1377 1467 1455
f 2834 2962 2936
f 1751 1667 1581
f 5329 5309 5342
f 1751 1793 1667
f 2683 2733 2834
f 5309 5304 5342
f 128 165 104
f 128 212 165
f 2347 2580 2355
f 2683 2580 2733
f 1901 2059 2044
f 2059 2178 2044
f 2347 2178 2467
f 5304 5252 5302
f 5264 5302 5252
f 212 226 268
f 308 268 226
f 5199 5103 5096
f 5096 5103 5046
f 626 530 576
f 2522 2685 2720
f 2442 2685 2522
f 4878 4891 4958
f 4958 4891 4953
f 2720 3117 2993
f 4878 4832 4854
f 2993 3117 3276
f 4832 4739 4854
f 4756 4644 4739
f 1884 1686 1871
f 3516 3276 3117
f 3652 3276 3516
f 3516 3757 3652
f 3900 4182 4085
f 4085 4415 4290
f 1547 1781 1686
f 1871 1686 1781
f 3757 3920 3900
f 4182 3900 3920
f 1781 1547 1557
f 4415 4085 4182
f 1337 1375 1146
f 1464 1375 1337
f 1557 1375 1464
f 538 624 427
f 838 787 723
f 723 787 624
f 838 827 787
f 427 364 501
f 3872 4104 4052
f 4388 4727 4173
f 4847 4727 4388
f 4847 4972 4727
f 203 271 329
f 3623 3661 3872
f 5190 5270 5236
f 5270 5313 5417
f 203 132 177
f 5417 5418 5434
f 125 95 117
f 3142 3115 3110
f 3110 3115 3060
f 5434 5436 5447
f 5436 5441 5447
f 5441 5387 5412
f 78 69 86
f 5387 5365 5374
f 86 69 91
f 1377 1283 1286
f 5348 5326 5351
f 2962 2960 2936
f 5309 5358 5326
f 5309 5329 5358
f 5329 5342 5360
f 2683 2554 2580
f 2689 2554 2683
f 5342 5304 5356
f 2044 2178 2151
f 2178 2347 2151
f 212 128 226
f 5264 5199 5269
f 308 244 327
f 409 308 327
f 409 327 402
f 4878 4854 4891
f 2685 3117 2720
f 2242 2132 2082
f 2442 2242 2354
f 2132 1884 2082
f 1884 1871 2082
f 1099 950 1146
f 1557 1464 1576
f 1781 1557 1576
f 3872 3953 3623
f 3872 4052 3953
f 4388 4173 4052
f 4972 4998 4727
f 4972 5117 4998
f 274 203 329
f 5322 5236 5270
f 3661 3623 3281
f 3661 3281 3182
f 5417 5322 5270
f 5417 5434 5433
f 125 132 95
f 1253 1252 1259
f 3182 3115 3142
f 5433 5434 5447
f 95 68 117
f 1252 1257 1259
f 117 68 78
f 68 69 78
f 1252 1265 1257
f 1257 1265 1283
f 3002 3060 3038
f 5387 5374 5412
f 1283 1377 1361
f 5374 5365 5348
f 69 77 91
f 5351 5326 5358
f 77 62 91
f 91 62 94
f 1581 1572 1455
f 5358 5329 5379
f 1572 1581 1667
f 1731 1572 1667
f 2936 2792 2834
f 5329 5360 5379
f 1731 1667 1793
f 2683 2792 2689
f 2834 2792 2683
f 5360 5342 5371
f 94 56 104
f 1793 1901 1856
f 1986 1856 1901
f 2044 1986 1901
f 2151 2347 2196
f 5302 5264 5300
f 5264 5269 5300
f 226 244 308
f 402 530 409
f 530 402 453
f 4953 5047 5046
f 822 576 842
f 2354 2715 2442
f 2442 2715 2685
f 2242 2082 2309
f 2242 2309 2354
f 2887 2685 2715
f 3117 2685 2887
f 4644 4550 4739
f 950 940 1146
f 1781 2181 1871
f 4182 4312 4415
f 4415 4418 4550
f 4415 4312 4418
f 624 536 427
f 787 740 624
f 838 867 827
f 838 921 867
f 329 364 274
f 427 378 364
f 921 1024 980
f 1074 980 1024
f 5117 5135 4998
f 5117 5236 5135
f 197 203 274
f 1024 1161 1074
f 1154 1161 1024
f 5236 5322 5292
f 1161 1154 1233
f 3281 3623 3481
f 5322 5417 5352
f 3281 3148 3182
f 5417 5433 5406
f 3182 3148 3115
f 5433 5447 5446
f 3115 3038 3060
f 5446 5447 5443
f 5447 5441 5443
f 5443 5441 5412
f 3038 3020 3002
f 3002 3020 2960
f 5374 5348 5364
f 1377 1455 1361
f 1361 1455 1462
f 3020 2936 2960
f 77 64 62
f 5425 5379 5360
f 5425 5360 5409
f 5360 5371 5409
f 1986 2044 2112
f 2044 2151 2112
f 2355 2196 2347
f 5342 5356 5370
f 128 104 75
f 5304 5302 5356
f 5356 5302 5300
f 226 128 162
f 530 453 488
f 576 530 488
f 2354 2453 2715
f 4854 4837 4891
f 2453 2354 2309
f 950 842 940
f 2082 1871 2181
f 2309 2082 2181
f 2987 3516 3117
f 4854 4739 4837
f 1781 1576 1806
f 3920 3757 3516
f 1337 1333 1464
f 1333 1576 1464
f 4182 3920 4092
f 4312 4182 4092
f 740 787 786
f 4432 4727 4735
f 4727 4998 4908
f 4735 4727 4908
f 786 787 827
f 4727 4432 4173
f 364 301 274
f 3623 3953 3481
f 5322 5352 5292
f 203 108 132
f 1233 1253 1236
f 5417 5406 5352
f 1236 1253 1259
f 3123 3115 3148
f 5433 5446 5406
f 5406 5446 5438
f 95 108 80
f 132 108 95
f 95 80 68
f 3115 3078 3038
f 5446 5443 5438
f 5412 5413 5443
f 5413 5412 5367
f 5374 5367 5412
f 5374 5364 5367
f 3038 3075 3020
f 1503 1462 1455
f 1503 1455 1572
f 2936 2933 2792
f 5409 5439 5425
f 1731 1793 1807
f 1807 1793 1856
f 2689 2660 2554
f 1903 1856 1986
f 5371 5416 5409
f 2196 2355 2375
f 2375 2355 2580
f 2112 2151 2196
f 5342 5370 5371
f 5179 5269 5199
f 402 327 302
f 576 678 842
f 3117 2887 2987
f 2181 1781 2182
f 3516 2987 2777
f 4739 4550 4538
f 4739 4538 4837
f 1146 940 1103
f 1103 1337 1146
f 1654 1806 1576
f 3516 2777 3674
f 3516 3674 3920
f 4538 4550 4418
f 1333 1337 1103
f 1576 1333 1433
f 740 756 711
f 740 786 756
f 4173 4141 4052
f 4141 4173 4432
f 711 651 624
f 740 711 624
f 4908 4998 5135
f 378 536 362
f 427 536 378
f 624 651 536
f 786 827 867
f 867 921 980
f 274 301 265
f 364 378 301
f 1042 980 1074
f 5236 5242 5135
f 5242 5236 5292
f 274 265 197
f 203 197 108
f 1233 1175 1161
f 1236 1175 1233
f 3381 3148 3281
f 3481 3381 3281
f 3115 3123 3078
f 1259 1257 1234
f 5438 5443 5413
f 5413 5367 5382
f 1257 1283 1258
f 68 77 69
f 1258 1283 1361
f 2933 2936 3020
f 1903 1807 1856
f 2580 2554 2375
f 1997 1903 1986
f 5416 5453 5409
f 2112 1997 1986
f 5416 5371 5370
f 104 52 75
f 128 75 162
f 5300 5339 5356
f 5179 5254 5269
f 244 270 327
f 5199 5096 5179
f 425 453 402
f 4953 4891 4901
f 2715 2453 2531
f 2715 2630 2887
f 4837 4901 4891
f 2182 2309 2181
f 2453 2309 2182
f 2987 2887 2777
f 2075 1781 1806
f 2182 1781 2075
f 4612 4837 4538
f 4418 4312 4445
f 4538 4418 4445
f 1576 1433 1573
f 1576 1573 1654
f 3920 3674 3815
f 3920 3815 4092
f 786 817 756
f 4735 4619 4432
f 4908 4748 4735
f 619 514 536
f 651 619 536
f 786 867 817
f 536 470 362
f 536 514 470
f 301 269 265
f 980 1042 1004
f 1074 1161 1042
f 265 213 197
f 5352 5308 5292
f 5308 5352 5406
f 3381 3407 3123
f 3148 3381 3123
f 119 108 197
f 1236 1259 1239
f 5406 5438 5404
f 3123 3105 3078
f 5405 5404 5438
f 1239 1259 1234
f 5405 5438 5413
f 1234 1257 1258
f 3078 3075 3038
f 5367 5364 5349
f 5364 5348 5349
f 5349 5348 5357
f 5348 5351 5357
f 5351 5358 5357
f 5357 5358 5380
f 5379 5380 5358
f 2972 2933 3020
f 5454 5379 5425
f 2933 2972 2792
f 2972 2761 2792
f 2792 2761 2660
f 5487 5425 5466
f 62 47 94
f 2689 2792 2660
f 5425 5439 5466
f 47 56 94
f 5409 5453 5439
f 2112 2154 1997
f 2196 2154 2112
f 2272 2154 2196
f 2375 2272 2196
f 56 52 104
f 162 75 72
f 162 167 226
f 167 244 226
f 5300 5269 5254
f 327 270 302
f 402 302 425
f 453 425 488
f 576 488 678
f 5047 4953 4949
f 4953 4901 4949
f 842 678 940
f 2715 2531 2630
f 652 940 678
f 2887 2630 2777
f 4901 4837 4612
f 3674 2777 3188
f 1333 1103 1127
f 1433 1333 1127
f 1806 1654 1573
f 4092 4346 4312
f 4346 4445 4312
f 4538 4445 4346
f 4092 3815 3904
f 756 724 711
f 711 724 651
f 3953 4141 3870
f 3953 4052 4141
f 4432 4423 4141
f 4432 4619 4423
f 4735 4748 4619
f 5135 5068 4908
f 867 1004 817
f 980 1004 867
f 3728 3481 3870
f 3870 3481 3953
f 5068 5135 5242
f 362 301 378
f 3381 3728 3702
f 3728 3381 3481
f 5308 5242 5292
f 265 269 213
f 3381 3702 3407
f 1161 1175 1134
f 1210 1175 1236
f 1239 1210 1236
f 3123 3407 3335
f 5406 5404 5297
f 3335 3105 3123
f 3293 3105 3335
f 5413 5382 5405
f 1234 1258 1211
f 1361 1462 1351
f 5380 5379 5454
f 5466 5439 5482
f 2375 2554 2521
f 2521 2554 2660
f 56 47 52
f 5453 5416 5445
f 5416 5370 5445
f 5370 5372 5445
f 58 75 52
f 5370 5356 5372
f 5356 5339 5372
f 162 72 92
f 167 162 92
f 5286 5300 5254
f 244 258 270
f 5179 5184 5254
f 5046 5115 5096
f 5046 5047 5115
f 5047 4949 5049
f 4949 4901 4867
f 2453 2182 2332
f 2332 2531 2453
f 940 652 1026
f 2777 2871 3188
f 4612 4709 4901
f 1103 940 1026
f 4346 4092 4158
f 651 665 619
f 619 665 596
f 651 724 665
f 756 790 724
f 817 790 756
f 4141 3998 3870
f 4908 4879 4748
f 4908 5068 4879
f 596 514 619
f 553 514 596
f 817 880 790
f 817 1004 880
f 3728 3870 3998
f 470 514 533
f 5068 5242 5097
f 301 296 269
f 362 296 301
f 269 262 213
f 1161 1134 1042
f 1134 1175 1210
f 5308 5297 5248
f 5297 5308 5406
f 197 213 143
f 143 119 197
f 5297 5404 5301
f 108 82 80
f 3105 3116 3078
f 80 82 68
f 1234 1178 1239
f 1211 1178 1234
f 3078 3116 3075
f 5382 5367 5349
f 1258 1361 1351
f 64 48 62
f 1462 1501 1351
f 1501 1462 1503
f 5454 5425 5487
f 62 48 47
f 1501 1503 1572
f 1501 1572 1731
f 1731 1807 1669
f 1807 1903 1669
f 5482 5439 5453
f 47 35 52
f 58 72 75
f 183 244 167
f 244 183 258
f 302 270 258
f 5179 5096 5184
f 5184 5096 5115
f 548 488 425
f 488 548 678
f 2332 2411 2531
f 2777 2630 2740
f 4901 4709 4867
f 2332 2182 2075
f 2777 2740 2871
f 1806 2148 2075
f 1127 1103 1026
f 1836 2148 1806
f 3103 3674 3188
f 4709 4612 4589
f 1433 1127 1201
f 1433 1201 1374
f 1573 1433 1538
f 1806 1573 1836
f 3674 3103 3815
f 4524 4538 4346
f 4612 4538 4589
f 4538 4524 4589
f 4092 3904 4158
f 724 750 665
f 790 750 724
f 5068 5097 4879
f 790 880 750
f 470 533 362
f 514 553 533
f 5242 5163 5097
f 269 296 262
f 5242 5231 5163
f 5231 5242 5308
f 5248 5231 5308
f 1042 1134 1004
f 213 262 143
f 1143 1134 1210
f 119 110 108
f 1178 1210 1239
f 3293 3108 3105
f 5301 5404 5333
f 3105 3108 3116
f 5404 5405 5333
f 5405 5382 5333
f 5333 5382 5349
f 68 71 77
f 1211 1258 1262
f 5349 5357 5338
f 3020 3075 3068
f 71 63 77
f 77 63 64
f 1262 1258 1351
f 3020 2968 2972
f 48 64 63
f 2761 2698 2660
f 2761 2972 2698
f 1669 1501 1731
f 32 35 47
f 5466 5482 5481
f 1669 1903 1997
f 2065 2272 2123
f 2272 2375 2423
f 2423 2375 2521
f 2154 2065 1997
f 2272 2065 2154
f 5453 5456 5482
f 5453 5445 5456
f 35 27 52
f 27 38 52
f 5300 5286 5339
f 5115 5047 5049
f 678 548 652
f 2630 2531 2605
f 2630 2605 2740
f 2605 2531 2411
f 4867 4709 4733
f 2405 2075 2148
f 2332 2075 2405
f 3188 2871 3103
f 4709 4589 4733
f 1538 1433 1374
f 1573 1538 1847
f 1573 1847 1836
f 3904 3974 4158
f 4346 4158 4330
f 4330 4524 4346
f 4141 4423 4506
f 4423 4619 4506
f 4506 4619 4638
f 4638 4619 4748
f 665 628 596
f 665 750 628
f 3902 3728 3998
f 3702 3728 3902
f 750 880 741
f 968 880 1004
f 5133 5163 5231
f 182 143 262
f 119 143 110
f 1210 1178 1159
f 108 110 82
f 82 71 68
f 5333 5349 5338
f 3020 3068 2968
f 5380 5366 5357
f 5380 5454 5366
f 1352 1351 1501
f 1527 1449 1501
f 48 32 47
f 1501 1669 1527
f 2660 2542 2521
f 2123 2272 2423
f 52 38 58
f 5372 5339 5362
f 183 167 92
f 5339 5337 5362
f 5339 5286 5337
f 351 302 258
f 5049 4949 5007
f 4949 4867 5007
f 5007 4867 4871
f 1836 1999 2148
f 3443 3815 3103
f 3815 3443 3904
f 4330 4158 4105
f 4158 3974 4105
f 4141 4159 4098
f 4506 4159 4141
f 4638 4748 4726
f 4726 4748 4821
f 4748 4879 4821
f 4098 3902 3998
f 4141 4098 3998
f 5097 4935 4879
f 5163 4935 5097
f 596 628 553
f 669 636 628
f 750 669 628
f 741 669 750
f 533 406 362
f 636 533 553
f 628 636 553
f 296 292 262
f 5231 5248 5133
f 1134 1105 1004
f 1134 1143 1105
f 182 110 143
f 5301 5333 5276
f 5276 5333 5319
f 1178 1211 1188
f 3116 3108 3075
f 3108 3068 3075
f 5319 5333 5338
f 1188 1211 1205
f 1205 1211 1262
f 5338 5357 5366
f 1352 1262 1351
f 2972 2968 2795
f 5454 5430 5366
f 1352 1501 1449
f 2972 2795 2698
f 5430 5454 5477
f 5454 5487 5477
f 2698 2542 2660
f 5505 5466 5517
f 5505 5487 5466
f 1669 1620 1527
f 2521 2542 2394
f 5466 5481 5517
f 2123 2423 2340
f 2009 2123 2340
f 2340 2423 2394
f 5519 5517 5481
f 1997 1790 1669
f 2065 1790 1997
f 2521 2394 2423
f 5519 5481 5482
f 5482 5456 5483
f 5445 5372 5362
f 5445 5362 5437
f 72 58 70
f 183 92 101
f 5337 5286 5285
f 196 258 183
f 5254 5265 5286
f 351 258 196
f 5265 5254 5184
f 351 425 302
f 5182 5184 5115
f 2411 2405 2605
f 4867 4733 4871
f 2332 2405 2411
f 959 1127 1026
f 1847 1538 1788
f 1847 1999 1836
f 3443 3103 3355
f 4524 4733 4589
f 3904 3443 3759
f 3904 3759 3974
f 4105 3974 4014
f 4506 4376 4159
f 4638 4726 4506
f 4821 4879 4935
f 3702 3902 3687
f 5163 5009 4935
f 5163 5133 5009
f 362 406 296
f 636 607 533
f 296 406 292
f 968 1004 1105
f 5248 5250 5165
f 5248 5297 5250
f 1159 1143 1210
f 5297 5301 5250
f 136 110 182
f 110 112 82
f 2949 2968 3068
f 1230 1262 1352
f 63 39 48
f 2698 2795 2693
f 39 32 48
f 2693 2473 2542
f 2698 2693 2542
f 5505 5477 5487
f 2542 2473 2394
f 5505 5517 5522
f 1669 1790 1683
f 1669 1683 1620
f 2065 1783 1790
f 2065 2123 1783
f 5528 5522 5517
f 5519 5528 5517
f 32 28 35
f 28 27 35
f 29 38 27
f 5456 5437 5450
f 5445 5437 5456
f 5450 5483 5456
f 70 92 72
f 5286 5265 5285
f 436 548 425
f 652 834 1026
f 2605 2497 2740
f 2405 2148 2208
f 2497 2605 2405
f 2740 2497 2741
f 2740 2741 2871
f 1999 2208 2148
f 3103 2871 2741
f 1127 959 1091
f 1201 1127 1091
f 1201 1091 1368
f 1201 1368 1374
f 3355 3103 2912
f 4665 4733 4524
f 1538 1374 1368
f 4330 4134 4524
f 4105 4134 4330
f 3759 3792 3974
f 3974 3792 4014
f 4105 4014 4134
f 4159 4253 4098
f 4376 4253 4159
f 4506 4576 4376
f 4506 4726 4576
f 4726 4856 4729
f 4821 4856 4726
f 4087 3902 4098
f 4821 4935 4856
f 3902 3894 3687
f 3702 3687 3488
f 5133 4907 5009
f 533 512 406
f 533 607 512
f 636 669 607
f 893 741 880
f 880 968 893
f 5165 5133 5248
f 1011 968 1105
f 3407 3702 3488
f 262 292 224
f 3407 3488 3335
f 262 224 182
f 3335 3352 3293
f 136 112 110
f 5318 5319 5338
f 5366 5318 5338
f 1230 1205 1262
f 2968 2949 2795
f 39 63 71
f 1230 1352 1322
f 5430 5477 5410
f 1567 1449 1527
f 1527 1620 1683
f 2590 2473 2693
f 1683 1790 1783
f 2473 2340 2394
f 2123 2009 1783
f 5519 5482 5483
f 13 27 28
f 38 25 58
f 58 25 70
f 5437 5362 5431
f 70 101 92
f 5265 5184 5182
f 5182 5115 5143
f 351 373 425
f 425 373 436
f 5049 5143 5115
f 5049 5007 5143
f 652 548 608
f 834 959 1026
f 1368 1788 1538
f 1999 1847 1788
f 2173 1999 1788
f 2208 1999 2173
f 3103 2741 2912
f 4524 4184 4572
f 4572 4665 4524
f 3443 3355 3566
f 4134 4184 4524
f 3443 3566 3759
f 3759 3566 3792
f 4014 3792 3853
f 4134 4014 4103
f 4253 4256 4087
f 4098 4253 4087
f 4376 4458 4253
f 4726 4729 4576
f 4729 4856 4664
f 3902 4087 3894
f 4856 4935 5009
f 5165 4907 5133
f 406 476 292
f 3335 3488 3352
f 136 182 169
f 169 182 224
f 5250 5214 5183
f 5301 5276 5214
f 5250 5301 5214
f 5318 5214 5276
f 5318 5276 5319
f 112 81 82
f 82 81 71
f 1188 1205 1197
f 5296 5318 5366
f 1197 1205 1230
f 5366 5410 5296
f 5410 5366 5430
f 81 39 71
f 1322 1352 1546
f 5498 5410 5477
f 1449 1546 1352
f 2693 2636 2590
f 2831 2636 2693
f 1449 1567 1546
f 5522 5498 5477
f 39 33 32
f 2269 2340 2426
f 2340 2473 2426
f 2426 2473 2590
f 5505 5522 5477
f 2340 2269 2009
f 32 18 28
f 18 7 28
f 5528 5519 5525
f 5525 5519 5513
f 7 13 28
f 5519 5484 5513
f 5483 5484 5519
f 14 27 13
f 14 29 27
f 25 38 29
f 5473 5483 5450
f 5450 5437 5431
f 25 26 70
f 5362 5337 5431
f 138 183 101
f 183 138 196
f 351 196 294
f 652 608 834
f 959 834 944
f 2405 2208 2400
f 2405 2400 2497
f 3355 2912 3288
f 4626 4665 4572
f 3792 3566 3689
f 4014 3853 4103
f 4184 4134 4103
f 4087 4256 4156
f 4253 4458 4256
f 4576 4458 4376
f 4729 4664 4576
f 4856 4775 4664
f 4156 3894 4087
f 3923 3894 4156
f 5009 4907 4775
f 5009 4775 4856
f 512 476 406
f 669 736 607
f 741 736 669
f 741 893 829
f 4907 5165 4936
f 292 476 440
f 935 968 1011
f 5165 5250 5157
f 1011 1105 1110
f 5250 5183 5157
f 1110 1105 1143
f 136 126 112
f 1178 1188 1159
f 3200 3108 3293
f 1255 1197 1230
f 5296 5410 5388
f 1230 1322 1255
f 2795 2949 2964
f 39 81 33
f 18 32 33
f 1567 1527 1624
f 1527 1683 1624
f 1683 1783 1853
f 1783 2043 1853
f 5528 5498 5522
f 2009 2043 1783
f 2269 2043 2009
f 7 1 13
f 1 5 13
f 5484 5483 5473
f 13 5 14
f 29 14 25
f 5337 5285 5325
f 5265 5278 5285
f 373 351 294
f 5196 5265 5182
f 5196 5143 5120
f 5196 5182 5143
f 436 373 415
f 5120 5143 5007
f 548 436 555
f 608 548 555
f 834 608 775
f 2208 2173 2400
f 2497 2400 2547
f 2497 2547 2574
f 2741 2497 2574
f 4807 4733 4665
f 4626 4807 4665
f 2741 2574 2912
f 959 944 981
f 959 981 1091
f 1368 1091 1165
f 1788 1368 1651
f 2173 1788 1840
f 4184 4243 4572
f 3355 3288 3566
f 3792 3689 3853
f 3853 3985 4103
f 4091 4184 4103
f 4237 4156 4256
f 4576 4664 4458
f 3894 3987 3787
f 3687 3894 3787
f 3923 3987 3894
f 607 736 512
f 829 736 741
f 3687 3787 3612
f 935 893 968
f 3612 3488 3687
f 440 275 292
f 275 224 292
f 169 224 221
f 1131 1110 1143
f 1143 1159 1131
f 3200 3293 3352
f 136 163 126
f 136 169 163
f 1159 1188 1197
f 5318 5296 5214
f 112 97 81
f 97 112 126
f 3200 3076 3108
f 3108 3076 3068
f 3076 2949 3068
f 55 33 81
f 2964 2693 2795
f 2831 2693 2964
f 5410 5498 5451
f 42 20 18
f 33 42 18
f 1683 1739 1624
f 1853 1739 1683
f 2043 2000 1853
f 2269 2000 2043
f 2269 2426 2000
f 2228 2426 2590
f 5498 5528 5512
f 5528 5525 5512
f 18 10 7
f 10 2 7
f 7 2 1
f 5484 5488 5513
f 5484 5473 5488
f 5467 5473 5450
f 5325 5285 5278
f 196 247 294
f 5278 5265 5196
f 373 359 415
f 524 436 415
f 436 524 555
f 608 555 775
f 5007 4871 5004
f 4871 4807 4903
f 4733 4807 4871
f 897 944 834
f 2173 1944 2400
f 4696 4807 4626
f 2547 2912 2574
f 2880 2912 2547
f 1368 1165 1582
f 1788 1651 1840
f 2880 3288 2912
f 3639 3566 3288
f 4184 4091 4243
f 3689 3566 3639
f 3853 3689 3783
f 3853 3783 3985
f 4103 3985 4091
f 4458 4563 4256
f 4256 4563 4237
f 4664 4563 4458
f 4664 4688 4563
f 4775 4688 4664
f 4156 4111 3923
f 4237 4111 4156
f 4907 4688 4775
f 3923 4111 3987
f 4907 4904 4688
f 4907 4936 4904
f 3612 3787 3699
f 653 512 736
f 767 653 736
f 829 767 736
f 893 935 829
f 5165 5042 4936
f 440 495 275
f 3488 3422 3352
f 5165 5157 5042
f 1011 987 935
f 1011 1110 987
f 275 221 224
f 221 254 169
f 1110 1131 987
f 163 169 254
f 1159 1197 1189
f 97 55 81
f 2949 3076 2964
f 5388 5410 5451
f 1422 1322 1546
f 33 55 42
f 1567 1700 1546
f 1700 1567 1624
f 18 20 10
f 1853 1798 1739
f 1853 2000 1798
f 5512 5489 5498
f 5513 5485 5525
f 5513 5488 5485
f 5 4 14
f 25 14 4
f 25 4 19
f 25 19 26
f 5450 5431 5448
f 70 26 34
f 5424 5431 5337
f 5340 5337 5325
f 153 196 138
f 247 196 153
f 5293 5278 5274
f 294 247 373
f 5004 4871 4903
f 834 775 897
f 1840 1944 2173
f 4626 4402 4696
f 2536 2880 2547
f 944 897 981
f 1091 981 1165
f 1368 1582 1651
f 4626 4572 4402
f 3616 3288 3327
f 4402 4572 4243
f 3616 3639 3288
f 3689 3639 3783
f 4091 3985 4057
f 4237 4563 4387
f 4563 4688 4387
f 4237 4198 4111
f 4688 4534 4387
f 4717 4534 4688
f 4904 4740 4717
f 4904 4717 4688
f 4904 4936 4740
f 495 440 476
f 476 582 495
f 512 582 476
f 512 653 582
f 935 796 829
f 3612 3614 3422
f 3488 3612 3422
f 3699 3614 3612
f 935 865 796
f 5157 5081 5042
f 291 221 275
f 254 191 163
f 3352 3257 3200
f 1131 1159 1189
f 5214 5296 5166
f 126 163 135
f 5296 5289 5166
f 5296 5388 5289
f 1197 1255 1189
f 97 40 55
f 1255 1322 1290
f 5388 5451 5401
f 55 40 42
f 1546 1700 1566
f 2228 2590 2504
f 2504 2590 2636
f 10 20 8
f 2426 2228 2000
f 5498 5489 5463
f 10 8 2
f 5512 5485 5489
f 5512 5525 5485
f 2 3 1
f 5488 5473 5471
f 1 4 5
f 19 34 26
f 5448 5431 5424
f 5337 5340 5424
f 70 122 101
f 5325 5278 5293
f 5274 5278 5196
f 5189 5274 5196
f 5189 5196 5120
f 5004 5120 5007
f 775 782 897
f 2400 1944 2101
f 2547 2400 2477
f 2547 2477 2536
f 2833 2880 2536
f 1582 1165 1487
f 3288 2880 3327
f 2880 3072 3327
f 3616 3327 3460
f 4243 4057 4259
f 4259 4402 4243
f 4243 4091 4057
f 3783 3639 3785
f 3639 3616 3785
f 3985 3783 4057
f 4237 4387 4341
f 4341 4387 4441
f 4441 4387 4534
f 4341 4198 4237
f 4111 4137 3987
f 4137 3699 3787
f 3987 4137 3787
f 829 796 767
f 935 978 865
f 987 978 935
f 3422 3378 3352
f 221 291 254
f 1131 1084 987
f 1084 978 987
f 5166 5183 5214
f 3257 3076 3200
f 126 135 97
f 3076 3127 2964
f 5401 5289 5388
f 83 97 135
f 1255 1198 1189
f 2964 3127 2831
f 1255 1290 1198
f 1332 1290 1322
f 5463 5451 5498
f 1546 1566 1422
f 42 40 15
f 20 42 15
f 1624 1798 1700
f 20 15 8
f 1624 1739 1798
f 5463 5489 5470
f 5470 5489 5485
f 5485 5488 5471
f 1 3 4
f 5450 5448 5467
f 4 11 19
f 70 34 122
f 122 138 101
f 138 122 153
f 247 359 373
f 5189 5120 5110
f 400 415 359
f 5120 5004 5110
f 775 555 782
f 782 889 897
f 1840 1842 1944
f 2400 2101 2324
f 1842 1840 1651
f 1716 1842 1651
f 2653 2833 2536
f 981 897 971
f 1165 981 1009
f 1165 1009 1487
f 1716 1651 1582
f 3783 3785 3925
f 3925 4057 3783
f 4198 4137 4111
f 4740 4763 4534
f 4740 4534 4717
f 4740 4936 4763
f 653 767 681
f 681 767 796
f 653 681 582
f 757 681 796
f 796 865 757
f 275 495 474
f 509 474 495
f 474 291 275
f 5166 5157 5183
f 191 150 135
f 163 191 135
f 1171 1131 1189
f 1171 1189 1198
f 3127 3076 3257
f 5341 5289 5401
f 97 83 40
f 1198 1290 1264
f 5401 5451 5449
f 1332 1322 1422
f 2636 2546 2504
f 1566 1589 1422
f 40 24 15
f 2504 2253 2228
f 2000 2090 1798
f 2090 2000 2228
f 5485 5471 5470
f 8 6 2
f 2 6 3
f 5471 5473 5468
f 5473 5467 5468
f 5467 5448 5422
f 19 11 21
f 19 21 34
f 5424 5422 5448
f 5424 5340 5422
f 5331 5340 5325
f 5325 5293 5331
f 5222 5189 5176
f 415 484 524
f 581 555 524
f 555 581 782
f 2400 2324 2477
f 2477 2653 2536
f 981 971 1009
f 1582 1487 1728
f 2880 2833 3072
f 4259 4209 4402
f 3460 3706 3616
f 3706 3785 3616
f 4057 3925 4050
f 4057 4050 4259
f 4198 4341 4339
f 4137 4198 4339
f 4339 4341 4441
f 4137 4070 3699
f 3614 3699 3861
f 4070 3861 3699
f 4936 4938 4763
f 4936 5042 4938
f 582 509 495
f 650 582 681
f 865 868 757
f 978 868 865
f 474 407 291
f 3378 3257 3352
f 291 335 254
f 254 335 191
f 1131 1065 1084
f 5289 5341 5166
f 1264 1171 1198
f 135 127 83
f 135 150 127
f 2829 2831 3127
f 1264 1290 1332
f 2831 2829 2636
f 5401 5449 5341
f 2546 2636 2829
f 5451 5463 5449
f 40 83 24
f 2504 2546 2253
f 1700 1816 1566
f 1700 1798 1816
f 15 6 8
f 5468 5467 5458
f 5467 5422 5458
f 3 9 4
f 4 9 11
f 9 21 11
f 30 34 21
f 5422 5340 5363
f 30 122 34
f 122 30 105
f 133 122 105
f 153 122 133
f 133 247 153
f 5293 5274 5271
f 5222 5274 5189
f 400 484 415
f 5004 4903 5041
f 614 782 581
f 4807 4773 4903
f 4696 4564 4773
f 4773 4807 4696
f 2477 2324 2648
f 1842 1716 1774
f 897 889 971
f 1716 1582 1774
f 3072 3377 3327
f 3327 3377 3706
f 3460 3327 3706
f 3706 3881 3785
f 3881 4050 3925
f 4209 4259 4050
f 3925 3785 3881
f 4763 4637 4534
f 3645 3614 3861
f 3422 3614 3423
f 3645 3423 3614
f 3358 3378 3423
f 3423 3378 3422
f 5081 5157 5166
f 868 978 958
f 3127 3257 3154
f 191 334 150
f 1171 1065 1131
f 5341 5202 5166
f 2955 2829 3127
f 1332 1288 1264
f 1422 1550 1332
f 1550 1422 1589
f 83 61 24
f 2253 2546 2419
f 1566 1694 1589
f 1566 1816 1694
f 2228 2253 2090
f 2253 2419 2090
f 5457 5449 5463
f 1798 2019 1816
f 2090 2019 1798
f 5463 5470 5457
f 24 23 15
f 23 17 15
f 15 17 6
f 5470 5471 5468
f 6 12 3
f 12 9 3
f 5363 5414 5422
f 5363 5340 5331
f 5331 5293 5271
f 227 247 133
f 5271 5274 5222
f 331 359 247
f 331 400 359
f 5189 5110 5109
f 614 581 524
f 5041 4903 4899
f 782 801 889
f 1944 1842 2017
f 1944 2017 2101
f 2017 1842 1774
f 2833 2653 3024
f 4564 4696 4402
f 971 889 948
f 1487 1009 1192
f 1774 1582 1728
f 3072 2833 3152
f 3072 3152 3377
f 3706 3377 3789
f 4070 4137 4339
f 4441 4534 4637
f 4808 4637 4763
f 4938 4808 4763
f 4947 5042 5081
f 582 513 509
f 650 513 582
f 757 650 681
f 757 868 761
f 335 291 407
f 3378 3358 3257
f 3154 3257 3358
f 5081 5166 5202
f 978 1084 958
f 958 1084 1065
f 236 150 334
f 3154 3069 3127
f 1169 1065 1171
f 3127 3069 2955
f 1171 1264 1169
f 150 231 127
f 236 231 150
f 1264 1288 1169
f 1288 1331 1293
f 1288 1332 1331
f 1332 1550 1331
f 2750 2419 2546
f 2829 2750 2546
f 83 127 61
f 1694 1550 1589
f 61 23 24
f 1816 1630 1694
f 5470 5468 5465
f 5468 5458 5462
f 12 16 9
f 5458 5422 5427
f 5427 5422 5414
f 16 21 9
f 21 36 30
f 36 53 30
f 30 53 105
f 133 160 227
f 5189 5109 5176
f 5004 5041 5110
f 524 484 614
f 782 734 801
f 2477 2648 2854
f 2653 2477 2854
f 2854 3024 2653
f 971 948 1009
f 2833 3024 3152
f 4472 4402 4209
f 3881 3706 3789
f 3881 3789 4046
f 3881 4046 4050
f 4070 4339 4132
f 4441 4132 4339
f 4637 4132 4441
f 4808 4573 4637
f 4938 4947 4808
f 5042 4947 4938
f 474 509 513
f 650 757 691
f 691 757 761
f 3645 3441 3423
f 474 467 407
f 513 467 474
f 650 641 513
f 691 641 650
f 3423 3441 3354
f 3358 3423 3354
f 5081 5079 4947
f 335 407 366
f 875 761 868
f 958 875 868
f 3154 3358 3354
f 5079 5081 5202
f 335 334 191
f 3354 3162 3154
f 1065 951 958
f 1056 951 1065
f 1169 1085 1056
f 1169 1056 1065
f 2976 2955 3069
f 2976 2829 2955
f 1169 1170 1085
f 1288 1170 1169
f 1288 1293 1170
f 2829 2976 2750
f 127 102 61
f 2446 2419 2750
f 1694 1630 1550
f 2419 2220 2090
f 2220 2419 2446
f 1630 1816 1797
f 2019 1797 1816
f 2090 2220 2019
f 5465 5457 5470
f 17 22 6
f 22 17 23
f 5465 5468 5462
f 6 22 12
f 5427 5462 5458
f 22 16 12
f 37 36 21
f 5414 5363 5427
f 105 53 121
f 160 105 121
f 5331 5271 5275
f 133 105 160
f 160 242 227
f 227 304 247
f 247 304 331
f 331 399 400
f 400 399 484
f 5109 5110 5041
f 782 614 734
f 4899 4903 4773
f 4773 4564 4622
f 948 889 801
f 4402 4472 4564
f 948 1062 1009
f 3377 3152 3215
f 4209 4067 4472
f 4046 4209 4050
f 3861 4070 4132
f 4808 4689 4573
f 4808 4881 4689
f 4947 4881 4808
f 3781 3441 3645
f 3861 3781 3645
f 467 513 542
f 542 513 641
f 4947 4961 4881
f 764 641 691
f 761 764 691
f 5079 4961 4947
f 467 366 407
f 335 366 334
f 958 951 875
f 5079 5202 5174
f 3162 3069 3154
f 5174 5202 5341
f 334 285 236
f 5341 5369 5174
f 1550 1499 1293
f 1550 1293 1331
f 2750 2954 2446
f 127 231 102
f 1550 1630 1499
f 5449 5369 5341
f 1630 1797 1499
f 2019 2140 1797
f 2220 2140 2019
f 2446 2553 2220
f 5394 5449 5457
f 61 65 23
f 102 65 61
f 5455 5457 5465
f 22 23 46
f 46 31 16
f 22 46 16
f 16 37 21
f 16 31 37
f 5331 5332 5363
f 50 121 53
f 5332 5331 5275
f 222 242 160
f 304 227 242
f 5271 5222 5275
f 5176 5109 5148
f 3152 3024 2854
f 1487 1192 1838
f 4067 4209 4046
f 4132 4637 4390
f 4132 3977 3861
f 467 542 464
f 726 641 764
f 3441 3542 3354
f 5040 4961 5079
f 366 467 464
f 542 507 464
f 641 507 542
f 764 761 850
f 764 850 726
f 850 761 875
f 464 383 366
f 5079 5174 5040
f 366 383 334
f 850 875 951
f 850 951 871
f 3354 3375 3162
f 330 285 334
f 1056 1085 951
f 3162 3082 3069
f 951 966 871
f 966 951 1085
f 231 285 330
f 2976 3069 3082
f 236 285 231
f 2976 2954 2750
f 5230 5174 5369
f 965 966 1170
f 966 1085 1170
f 1250 1170 1293
f 151 102 231
f 2954 2553 2446
f 1499 1250 1293
f 1499 1797 1599
f 1797 2140 1599
f 5449 5394 5369
f 23 65 46
f 5462 5429 5455
f 5455 5465 5462
f 5462 5427 5435
f 5427 5363 5332
f 50 53 36
f 50 36 37
f 121 137 160
f 160 137 222
f 5275 5222 5194
f 520 484 399
f 520 614 484
f 5041 4899 4992
f 2854 2648 2806
f 2096 2017 1774
f 3026 3152 2854
f 948 1014 1062
f 3152 3026 3215
f 3377 3599 3789
f 4390 4637 4573
f 3977 3781 3861
f 4689 4881 4769
f 4881 4961 4769
f 3441 3781 3542
f 4769 4961 4860
f 641 726 587
f 507 532 464
f 532 489 464
f 641 532 507
f 587 532 641
f 726 655 587
f 726 850 655
f 3542 3375 3354
f 383 464 489
f 850 747 655
f 5040 5174 5121
f 489 334 383
f 489 330 334
f 850 871 747
f 3162 3184 3082
f 3162 3375 3184
f 882 747 871
f 5174 5230 5121
f 347 330 405
f 882 871 966
f 231 330 347
f 2954 2976 3082
f 3055 2954 3082
f 3184 3055 3082
f 1170 1250 965
f 318 231 347
f 1250 1499 1402
f 1402 1499 1599
f 2140 2220 2560
f 2220 2553 2560
f 102 131 65
f 131 102 151
f 2249 1599 2140
f 2560 2249 2140
f 5394 5457 5455
f 5462 5435 5429
f 114 46 65
f 5427 5396 5435
f 31 59 37
f 59 50 37
f 116 121 50
f 116 137 121
f 5332 5275 5261
f 256 222 137
f 5222 5176 5194
f 5194 5176 5169
f 304 242 314
f 5176 5148 5169
f 385 399 331
f 5041 4992 5109
f 614 520 625
f 625 734 614
f 801 1014 948
f 2101 2017 2391
f 2017 2096 2391
f 2324 2101 2391
f 2324 2391 2648
f 2648 2391 2806
f 4564 4472 4520
f 4564 4520 4622
f 1879 2096 1774
f 2806 3026 2854
f 1009 1062 1192
f 1487 1838 1728
f 1774 1728 1879
f 3377 3215 3599
f 4046 3789 4044
f 4046 4044 4067
f 4132 4201 3977
f 4390 4201 4132
f 4573 4689 4390
f 3977 3829 3781
f 3781 3829 3542
f 3542 3546 3375
f 4961 5040 4860
f 587 605 532
f 5040 5121 5067
f 489 405 330
f 5067 5121 5230
f 965 882 966
f 2954 3055 2560
f 231 318 151
f 2560 2553 2954
f 1402 1225 1250
f 1706 1599 2249
f 1706 1402 1599
f 2469 2249 2560
f 5394 5455 5403
f 5403 5455 5429
f 5429 5435 5396
f 46 114 60
f 5396 5427 5359
f 46 60 31
f 60 59 31
f 5427 5332 5359
f 5332 5261 5359
f 113 116 50
f 5261 5275 5194
f 222 282 242
f 344 314 242
f 5169 5148 5131
f 304 385 331
f 5148 5109 5099
f 385 520 399
f 5099 5109 4992
f 4773 4668 4899
f 812 801 734
f 4773 4622 4668
f 801 812 1014
f 3789 3794 4044
f 3977 4201 4030
f 3977 4030 3829
f 4689 4478 4390
f 4478 4201 4390
f 4689 4769 4478
f 3542 3829 3546
f 4478 4769 4849
f 4769 4860 4849
f 3375 3546 3411
f 4860 5040 4849
f 532 540 489
f 540 532 605
f 605 587 655
f 4849 5040 5067
f 680 605 655
f 655 747 680
f 3375 3411 3184
f 489 540 405
f 405 540 466
f 560 466 540
f 605 560 540
f 747 882 680
f 3184 3411 3372
f 654 560 605
f 680 654 605
f 808 654 680
f 5101 5067 5230
f 882 808 680
f 347 405 466
f 541 466 560
f 654 541 560
f 3184 3494 3055
f 3372 3494 3184
f 5230 5244 5101
f 654 808 869
f 882 869 808
f 5230 5369 5244
f 318 347 466
f 965 869 882
f 2560 3055 3141
f 5244 5369 5394
f 318 278 151
f 965 919 869
f 5244 5394 5247
f 965 1250 1038
f 1250 1225 1038
f 1402 1603 1225
f 1225 1603 1511
f 1706 2249 1906
f 5394 5403 5247
f 151 141 131
f 131 141 65
f 5324 5312 5403
f 5429 5324 5403
f 65 141 114
f 5359 5324 5396
f 5429 5396 5324
f 85 60 114
f 59 60 85
f 59 113 50
f 5359 5261 5273
f 5261 5194 5213
f 137 243 256
f 256 282 222
f 282 344 242
f 304 314 385
f 5099 4992 5001
f 4992 4899 5001
f 5001 4899 4890
f 4899 4811 4890
f 4899 4668 4811
f 2096 2081 2302
f 2391 2096 2302
f 2806 2391 2586
f 1014 812 902
f 1879 2081 2096
f 4520 4472 4439
f 1062 1014 1192
f 1192 1565 1838
f 1728 1838 1879
f 3026 2851 3151
f 3215 3026 3151
f 3379 3215 3151
f 4472 4067 4439
f 3215 3379 3599
f 3789 3599 3794
f 3829 4030 3990
f 3990 4030 4201
f 4230 4201 4478
f 3829 3710 3546
f 3710 3829 3990
f 4230 3990 4201
f 3546 3710 3677
f 3863 3677 3710
f 3990 3863 3710
f 4849 4762 4478
f 3546 3677 3411
f 4509 4478 4762
f 4849 5067 4762
f 3372 3411 3677
f 4762 5067 5013
f 5013 5067 5101
f 5101 5244 5209
f 611 546 541
f 654 611 541
f 654 662 611
f 662 654 869
f 318 466 546
f 466 541 546
f 662 869 919
f 919 800 662
f 919 965 1038
f 357 278 318
f 1225 1013 1038
f 1225 1511 1013
f 1706 1603 1402
f 1603 1706 1765
f 151 278 141
f 1906 1765 1706
f 130 85 114
f 85 113 59
f 113 85 130
f 113 139 116
f 5261 5213 5273
f 116 243 137
f 243 286 256
f 5100 5131 5099
f 5099 5131 5148
f 5099 5001 5100
f 385 521 520
f 4668 4723 4811
f 902 1095 1014
f 2806 2586 2851
f 3026 2806 2851
f 4067 4208 4439
f 4067 4044 4208
f 4230 4185 3990
f 4509 4230 4478
f 4762 4705 4509
f 3677 3733 3372
f 3733 3527 3372
f 3494 3372 3527
f 5101 5209 5013
f 3055 3494 3141
f 800 611 662
f 5244 5247 5209
f 357 546 620
f 800 919 789
f 789 919 928
f 919 1038 928
f 3141 3097 2560
f 546 357 318
f 1038 1013 928
f 3097 2469 2560
f 1511 1430 1013
f 5247 5403 5277
f 1603 1748 1511
f 1765 1748 1603
f 1765 1906 1975
f 1906 2249 1975
f 2143 1975 2249
f 2469 2143 2249
f 5403 5312 5277
f 1975 1748 1765
f 2143 1967 1975
f 141 157 114
f 5324 5359 5273
f 157 130 114
f 130 139 113
f 139 130 168
f 116 139 243
f 5273 5213 5185
f 5213 5194 5173
f 5173 5194 5169
f 256 286 282
f 520 521 625
f 734 625 812
f 2391 2302 2424
f 2391 2424 2586
f 4636 4668 4622
f 1192 1014 1446
f 3990 4185 3863
f 4373 4185 4230
f 4509 4556 4230
f 4556 4373 4230
f 3863 4079 3677
f 4185 4079 3863
f 3677 4079 3733
f 4373 4079 4185
f 4509 4705 4556
f 4762 5013 4705
f 4025 3733 4079
f 5013 4784 4705
f 3494 3527 3733
f 4025 3494 3733
f 5013 5209 4784
f 5209 5200 4784
f 3494 3097 3141
f 5209 5247 5200
f 611 620 546
f 800 695 611
f 611 695 620
f 695 800 789
f 789 771 695
f 928 837 789
f 928 933 837
f 1013 933 928
f 3221 2469 3097
f 5247 5277 5200
f 321 278 357
f 620 493 357
f 5200 5277 5216
f 321 357 493
f 278 239 141
f 321 239 278
f 2143 2379 1967
f 5312 5324 5243
f 141 239 157
f 5243 5324 5273
f 277 130 157
f 168 130 277
f 5185 5213 5173
f 5102 5131 5100
f 314 439 385
f 5100 5001 5038
f 385 439 521
f 5001 4890 4924
f 812 625 731
f 4723 4668 4636
f 902 1388 1095
f 2371 2302 2081
f 2302 2371 2424
f 2586 2424 2527
f 2586 2527 2851
f 4636 4622 4520
f 1192 1446 1565
f 1838 1565 2135
f 2294 1879 1838
f 2081 1879 2294
f 4345 4373 4556
f 4373 4025 4079
f 4345 4025 4373
f 4345 4175 4025
f 4433 4175 4345
f 4556 4433 4345
f 4705 4433 4556
f 4004 3494 4025
f 3494 3550 3097
f 620 695 690
f 690 695 771
f 771 789 837
f 612 620 690
f 771 739 690
f 2836 2469 3221
f 620 612 493
f 1430 1511 1748
f 2469 2379 2143
f 2836 2379 2469
f 1748 1975 1967
f 5312 5243 5216
f 5277 5312 5216
f 321 350 239
f 239 281 157
f 350 281 239
f 281 277 157
f 243 139 295
f 295 139 168
f 243 295 286
f 5173 5169 5131
f 286 372 282
f 344 398 314
f 5038 5102 5100
f 398 439 314
f 5038 5001 4991
f 5001 4924 4991
f 812 963 902
f 731 963 812
f 1095 1388 1446
f 2424 2371 2527
f 2081 2294 2371
f 2851 2527 2649
f 1095 1446 1014
f 2294 1838 2176
f 4439 4208 4194
f 4194 4520 4439
f 3379 3151 3150
f 3379 3150 3501
f 3599 3379 3501
f 3599 3501 3640
f 4025 4175 4004
f 4433 4705 4510
f 4433 4328 4175
f 4510 4328 4433
f 4784 4510 4705
f 4004 4002 3494
f 3550 3494 4002
f 739 612 690
f 771 777 739
f 837 777 771
f 1013 1050 933
f 1013 1430 1050
f 493 612 559
f 321 493 379
f 321 379 350
f 5273 5181 5243
f 5185 5181 5273
f 295 168 277
f 363 286 295
f 375 286 363
f 5173 5131 5102
f 286 375 372
f 282 372 344
f 5060 5102 5038
f 439 494 521
f 645 625 521
f 731 625 645
f 4811 4723 4804
f 3151 2851 3150
f 4305 4520 4194
f 3794 3599 3893
f 3599 3640 3893
f 4194 4208 4044
f 4004 4175 4328
f 4328 4002 4004
f 4510 4367 4328
f 4356 4367 4510
f 4510 4784 4356
f 4045 3550 4002
f 4356 4784 4578
f 3550 3221 3097
f 4784 5200 5024
f 933 967 837
f 3221 3033 2836
f 5200 5216 5024
f 612 739 559
f 1430 1748 1113
f 5216 5089 5024
f 559 617 529
f 1967 1859 1748
f 1967 2033 1859
f 2379 2033 1967
f 2379 2619 2033
f 5089 5216 5106
f 493 559 431
f 529 431 559
f 5216 5243 5106
f 379 493 431
f 5243 5181 5106
f 431 350 379
f 277 281 338
f 338 281 350
f 338 326 277
f 277 326 295
f 5173 5111 5185
f 363 295 326
f 5111 5173 5102
f 5102 5060 5032
f 372 398 344
f 439 398 450
f 450 494 439
f 521 494 613
f 4991 4924 4934
f 521 613 645
f 4890 4811 4804
f 816 963 731
f 4723 4636 4600
f 4600 4636 4505
f 1388 902 963
f 4636 4395 4505
f 2371 2461 2527
f 2294 2461 2371
f 4520 4305 4395
f 4520 4395 4636
f 2176 1838 2135
f 2461 2294 2176
f 2649 2527 2461
f 3671 3893 3640
f 3794 3893 4044
f 3501 3629 3640
f 3640 3629 3671
f 4328 4045 4002
f 4367 4045 4328
f 4045 3982 3550
f 4784 5024 4578
f 3380 3221 3550
f 933 1050 967
f 3380 3033 3221
f 739 617 559
f 2836 2619 2379
f 3033 2619 2836
f 617 566 529
f 1748 1859 1548
f 431 412 350
f 350 386 338
f 350 412 386
f 376 338 386
f 5185 5111 5093
f 338 363 326
f 363 338 376
f 5032 5111 5102
f 398 372 508
f 5060 5038 4991
f 450 503 494
f 4890 4804 4924
f 645 816 731
f 2851 2649 2755
f 3150 2851 2755
f 3501 3150 3384
f 3501 3384 3629
f 3629 3384 3418
f 3550 3982 3736
f 837 934 777
f 837 967 934
f 5024 4888 4578
f 617 739 777
f 1430 1113 1050
f 1548 1113 1748
f 5089 4888 5024
f 777 700 617
f 2033 1950 1859
f 5089 5106 5055
f 5106 5076 5055
f 5106 5181 5076
f 5181 5185 5086
f 5185 5093 5086
f 5032 5093 5111
f 398 508 450
f 4991 4934 4962
f 503 602 494
f 494 602 613
f 963 1463 1388
f 2135 1565 1896
f 2461 2176 2135
f 3150 2755 2884
f 4110 4044 3893
f 4044 4110 4194
f 3150 2884 3384
f 3671 3833 3893
f 4110 3893 3833
f 3671 3629 3833
f 4367 4356 4235
f 4367 3982 4045
f 4235 3982 4367
f 3550 3736 3380
f 967 1050 934
f 777 934 857
f 777 857 700
f 3033 2915 2619
f 4888 5089 4853
f 2127 1950 2033
f 5089 5055 4853
f 431 529 478
f 5076 5181 5086
f 386 412 376
f 363 376 504
f 508 372 375
f 5060 4991 5032
f 645 701 816
f 4804 4723 4643
f 1388 1744 1446
f 1565 1446 1744
f 2461 2135 2579
f 2649 2461 2755
f 4194 4110 4305
f 3384 3094 3418
f 3629 3418 3570
f 3629 3570 3681
f 3833 3629 3681
f 4356 4578 4331
f 1050 1025 934
f 1050 1113 1025
f 1113 1548 1204
f 700 597 617
f 1677 1548 1859
f 2127 2033 2619
f 617 597 566
f 1859 1950 1677
f 5055 4918 4853
f 529 566 534
f 597 534 566
f 529 534 478
f 431 478 412
f 4985 5076 5086
f 412 526 376
f 5093 4985 5086
f 5032 5017 5093
f 375 363 504
f 4991 4988 5032
f 523 503 450
f 4924 4842 4934
f 613 701 645
f 4643 4723 4600
f 963 816 843
f 843 1023 963
f 963 1023 1463
f 4395 4305 4318
f 2755 2461 2579
f 3384 2884 3094
f 3882 4110 3833
f 3833 3681 3882
f 4331 4222 4356
f 4578 4558 4331
f 4888 4558 4578
f 934 1025 917
f 3033 3380 3366
f 917 857 934
f 857 779 700
f 1548 1677 1596
f 2127 2619 2670
f 1950 1846 1677
f 534 588 478
f 5055 5076 4929
f 478 522 412
f 412 522 526
f 4985 5093 5017
f 526 504 376
f 4988 4991 4962
f 508 523 450
f 4842 4924 4804
f 602 667 613
f 667 701 613
f 701 843 816
f 2135 1896 2579
f 3860 4305 4110
f 3860 4110 3882
f 3418 3197 3570
f 3982 3961 3736
f 3982 4235 4073
f 4235 4356 4073
f 4356 4222 4073
f 4073 3961 3982
f 3678 3380 3736
f 4888 4417 4558
f 917 970 857
f 1113 1204 1025
f 3033 3366 2915
f 4888 4853 4629
f 2915 2670 2619
f 700 779 597
f 2127 2494 1950
f 2670 2494 2127
f 597 630 534
f 4929 4918 5055
f 630 588 534
f 4929 5076 4985
f 5017 5032 4988
f 503 594 602
f 4842 4804 4789
f 795 843 701
f 4505 4522 4600
f 1463 1023 1123
f 4395 4318 4407
f 1463 1635 1388
f 1388 1635 1744
f 1565 1744 1896
f 4318 4140 4231
f 4318 4305 4140
f 4305 3860 4140
f 3094 2884 2847
f 3094 2847 3145
f 3094 3145 3418
f 3681 3570 3531
f 3860 3882 3681
f 3678 3736 3961
f 1025 970 917
f 4888 4629 4417
f 2915 2867 2670
f 4853 4918 4629
f 1846 1950 2072
f 2072 1950 2494
f 597 779 630
f 4918 4929 4812
f 478 588 522
f 5017 4941 4985
f 4988 4941 5017
f 508 375 504
f 4940 4988 4962
f 523 508 539
f 523 594 503
f 634 667 602
f 4789 4804 4722
f 4804 4643 4722
f 4600 4522 4643
f 843 1123 1023
f 4505 4395 4407
f 2717 2579 1896
f 2755 2579 2717
f 2884 2755 2847
f 2755 2717 2847
f 3857 4140 3860
f 3418 3145 3197
f 4331 4271 4222
f 4417 4331 4558
f 3366 3380 3678
f 1125 970 1025
f 1025 1204 1125
f 873 779 857
f 970 873 857
f 1596 1204 1548
f 2670 2719 2494
f 2670 2867 2719
f 4918 4685 4629
f 4685 4918 4812
f 1677 1846 1727
f 1846 2072 1727
f 4985 4941 4929
f 539 508 504
f 4962 4934 4913
f 4842 4913 4934
f 4833 4842 4789
f 602 594 634
f 667 746 701
f 843 795 866
f 843 866 932
f 932 1123 843
f 4505 4407 4522
f 1896 2027 2717
f 3718 3860 3681
f 3718 3681 3531
f 4331 4417 4271
f 1125 1031 970
f 1204 1596 1254
f 1596 1677 1254
f 688 630 779
f 2072 2194 1727
f 2494 2194 2072
f 522 588 593
f 593 526 522
f 4941 4988 4940
f 4842 4833 4913
f 594 648 634
f 701 746 795
f 1195 1123 932
f 1463 1123 1436
f 1123 1195 1436
f 1436 1635 1463
f 1896 1744 2027
f 3860 3718 3857
f 3810 3678 3961
f 3961 4073 3810
f 4078 4073 4222
f 4078 4222 4271
f 4056 4078 4271
f 4271 4233 4056
f 4417 4233 4271
f 873 970 1031
f 3366 3637 2915
f 1125 1160 1031
f 1204 1160 1125
f 873 794 779
f 1204 1254 1160
f 4500 4629 4685
f 794 688 779
f 1727 1574 1677
f 4708 4685 4812
f 588 630 688
f 688 593 588
f 4812 4929 4779
f 4902 4929 4941
f 526 618 504
f 4941 4940 4902
f 4940 4962 4920
f 4962 4913 4920
f 539 590 523
f 590 594 523
f 746 774 795
f 866 1057 932
f 4407 4318 4310
f 4318 4231 4310
f 1713 1827 1635
f 1635 1827 1744
f 3051 3145 2847
f 4078 3810 4073
f 3651 3678 3810
f 3678 3651 3366
f 4417 4629 4233
f 1003 923 873
f 1031 1003 873
f 1160 1003 1031
f 2961 2494 2719
f 1677 1574 1254
f 2494 2488 2194
f 4779 4929 4902
f 618 598 504
f 504 598 539
f 539 598 590
f 4913 4833 4920
f 594 631 648
f 4833 4789 4793
f 4789 4722 4793
f 648 676 634
f 667 725 746
f 1436 1713 1635
f 1744 1827 2027
f 3857 4013 4140
f 4093 4231 4140
f 2847 2717 2821
f 2717 2744 2821
f 2821 3051 2847
f 3570 3197 3274
f 3570 3274 3531
f 3366 3651 3637
f 3952 3651 3810
f 4078 3952 3810
f 3218 2867 2915
f 891 794 873
f 891 873 923
f 2194 2018 1727
f 4500 4685 4708
f 4754 4708 4812
f 4754 4812 4779
f 593 618 526
f 4792 4902 4940
f 4806 4792 4940
f 4920 4806 4940
f 4920 4833 4806
f 594 590 631
f 676 667 634
f 725 667 676
f 4540 4643 4522
f 4540 4522 4407
f 1242 1195 932
f 2027 2735 2744
f 2717 2027 2744
f 3145 3051 3197
f 3531 3274 3412
f 3651 3952 3637
f 4078 4056 3952
f 3637 3368 2915
f 4233 4629 4500
f 2867 3218 2719
f 1709 1574 1727
f 2018 1709 1727
f 688 828 738
f 794 828 688
f 4754 4585 4708
f 688 738 687
f 688 687 593
f 4779 4902 4792
f 590 598 637
f 4806 4833 4793
f 637 631 590
f 631 670 648
f 4793 4722 4774
f 670 676 648
f 746 725 774
f 932 1057 1242
f 4407 4310 4385
f 1436 1555 1713
f 1827 1713 1805
f 2027 1827 1805
f 2735 2027 1805
f 4013 4093 4140
f 3197 3051 3207
f 3197 3207 3274
f 3952 3906 3637
f 4056 3906 3952
f 3218 2915 3368
f 4307 4233 4500
f 4307 4500 4416
f 1003 1107 923
f 2961 2488 2494
f 4585 4416 4500
f 4500 4708 4585
f 1709 2018 2062
f 2018 2194 2062
f 2348 2062 2194
f 2488 2348 2194
f 4711 4754 4779
f 593 687 713
f 593 713 618
f 618 707 598
f 707 637 598
f 4722 4643 4654
f 4654 4643 4540
f 839 866 795
f 975 866 839
f 866 975 1057
f 4231 4093 4167
f 4167 4310 4231
f 3857 3718 3489
f 3010 3051 2821
f 3489 3718 3531
f 3637 3760 3368
f 3906 3760 3637
f 4233 4131 4056
f 4233 4307 4131
f 1574 1415 1254
f 1574 1709 1415
f 794 891 828
f 1709 2062 1820
f 828 814 738
f 713 707 618
f 704 637 707
f 637 670 631
f 670 637 704
f 670 717 676
f 676 717 725
f 4774 4722 4654
f 4407 4385 4463
f 4463 4540 4407
f 1195 1242 1436
f 2821 2744 2735
f 2821 2735 3010
f 3489 3531 3412
f 3906 3995 3760
f 4056 3995 3906
f 4056 4131 3995
f 3368 3405 3218
f 3218 2961 2719
f 1003 1160 1263
f 1160 1254 1263
f 1263 1254 1415
f 2488 2966 2348
f 923 969 891
f 923 1107 969
f 1709 1820 1415
f 2062 2245 1820
f 2348 2245 2062
f 4613 4585 4754
f 4754 4711 4613
f 4613 4711 4663
f 738 737 687
f 737 713 687
f 4711 4779 4792
f 4806 4793 4772
f 4793 4774 4772
f 717 670 704
f 4774 4654 4693
f 725 780 774
f 795 774 839
f 4654 4540 4525
f 4525 4540 4463
f 3489 4013 3857
f 3051 3010 3207
f 3368 3760 3679
f 3405 3368 3679
f 3218 3393 2961
f 4416 4365 4307
f 1107 1003 1263
f 4585 4365 4416
f 4585 4541 4365
f 931 828 891
f 969 931 891
f 4585 4613 4541
f 4792 4663 4711
f 713 737 707
f 737 760 707
f 4792 4806 4772
f 707 760 704
f 704 727 717
f 717 727 725
f 774 780 839
f 4310 4321 4385
f 1555 1436 1242
f 1555 1242 1513
f 2735 1805 2130
f 3010 2882 3207
f 3995 3811 3760
f 3760 3811 3679
f 4307 4178 4131
f 2961 3193 2488
f 1820 1626 1415
f 1820 1854 1626
f 2245 1854 1820
f 4792 4706 4663
f 760 748 704
f 748 727 704
f 4774 4693 4728
f 725 769 780
f 4654 4525 4649
f 3489 3751 4013
f 3878 4093 4013
f 2735 2611 3010
f 3274 3329 3412
f 3995 3919 3811
f 4131 3919 3995
f 3218 3405 3393
f 3393 3193 2961
f 4307 4365 4178
f 1199 969 1107
f 1199 1107 1263
f 1415 1626 1406
f 738 848 737
f 814 848 738
f 4772 4706 4792
f 760 788 748
f 4774 4728 4772
f 727 769 725
f 4693 4654 4682
f 4654 4649 4682
f 780 844 839
f 975 839 910
f 4385 4349 4463
f 4349 4385 4321
f 4167 4321 4310
f 4167 4093 4188
f 1805 1713 1883
f 1805 1883 2130
f 2735 2130 2362
f 3207 2882 2957
f 3207 2957 3192
f 3274 3207 3192
f 3274 3192 3329
f 3776 3405 3679
f 3811 3776 3679
f 3919 3776 3811
f 4131 4178 3919
f 2348 2966 2845
f 1272 1199 1263
f 1415 1406 1263
f 1263 1406 1272
f 2348 2845 2245
f 2245 2845 2724
f 828 927 814
f 4728 4706 4772
f 748 766 727
f 766 769 727
f 769 799 780
f 799 844 780
f 1555 1513 1713
f 3751 3878 4013
f 3489 3415 3751
f 2735 2362 2611
f 3412 3329 3415
f 3415 3489 3412
f 3776 3393 3405
f 4178 4075 3919
f 2488 3193 2966
f 1406 1626 1762
f 1762 1626 1854
f 2245 2452 1854
f 969 1199 931
f 931 927 828
f 4632 4613 4663
f 927 848 814
f 4663 4706 4680
f 848 760 737
f 788 766 748
f 4691 4728 4693
f 793 799 769
f 844 876 839
f 839 876 910
f 1057 975 976
f 1242 1348 1513
f 4093 3972 4188
f 1713 1513 1777
f 3972 4093 3878
f 3010 2611 2882
f 3919 3956 3776
f 3956 3919 4075
f 4365 4320 4178
f 2724 2452 2245
f 2452 1762 1854
f 931 1049 927
f 4663 4680 4632
f 848 862 760
f 4706 4728 4691
f 766 793 769
f 975 910 976
f 4349 4321 4265
f 1242 1057 1229
f 1229 1348 1242
f 4167 4188 4321
f 1713 1777 1883
f 2611 2564 2882
f 2957 3096 3192
f 3192 3096 3329
f 3393 3390 3193
f 1272 1406 1199
f 1762 1587 1406
f 2452 1941 1762
f 1199 1049 931
f 4632 4541 4613
f 848 927 887
f 788 793 766
f 4693 4682 4715
f 799 846 844
f 846 853 844
f 853 876 844
f 4525 4514 4649
f 1057 976 1229
f 4321 4188 4265
f 2564 2611 2362
f 3393 3601 3390
f 3393 3776 3601
f 2966 3193 3121
f 4178 4320 4228
f 2966 3121 2845
f 1762 1941 1587
f 4397 4365 4541
f 1049 952 927
f 887 927 952
f 887 862 848
f 862 826 760
f 760 826 788
f 4693 4715 4691
f 823 799 793
f 823 846 799
f 853 911 876
f 4525 4463 4514
f 4514 4463 4349
f 4188 3972 4265
f 2130 1883 1777
f 3315 3751 3415
f 2882 2564 2654
f 2882 2654 2957
f 3315 3415 3329
f 3776 3956 3601
f 4178 4080 4075
f 4080 4178 4228
f 4365 4397 4320
f 1291 1049 1199
f 1049 1066 952
f 887 899 862
f 826 821 788
f 821 823 793
f 788 821 793
f 4649 4514 4652
f 4652 4682 4649
f 910 876 911
f 911 976 910
f 4514 4349 4446
f 976 996 1229
f 3878 3751 3774
f 3774 3972 3878
f 3956 3908 3601
f 3956 4075 3908
f 2724 2749 2452
f 2724 2845 2749
f 4320 4325 4228
f 1406 1680 1199
f 4320 4397 4325
f 4706 4691 4680
f 899 826 862
f 4680 4691 4715
f 851 821 826
f 4715 4682 4686
f 964 976 911
f 1513 1348 1777
f 2130 1777 2047
f 2159 2362 2130
f 2444 2564 2362
f 3329 3096 3315
f 3193 3336 3121
f 3121 3336 3169
f 3390 3336 3193
f 3390 3601 3336
f 3121 3169 2845
f 2845 3006 2749
f 1406 1587 1680
f 2452 2367 1941
f 1049 1140 1066
f 1291 1140 1049
f 4541 4632 4397
f 826 899 851
f 851 823 821
f 4686 4682 4652
f 964 996 976
f 1777 1348 1618
f 2130 2047 2159
f 2362 2159 2444
f 3774 3751 3315
f 2564 2444 2581
f 2654 2564 2581
f 3601 3908 3761
f 2845 3169 3006
f 4145 4080 4228
f 2749 2367 2452
f 1680 1714 1199
f 823 870 846
f 846 872 853
f 872 908 853
f 4514 4446 4535
f 853 908 911
f 4349 4450 4446
f 2654 2581 2764
f 2654 2764 2957
f 3601 3551 3336
f 4080 3908 4075
f 1941 2367 1587
f 1587 2367 2042
f 1199 1714 1291
f 4587 4397 4632
f 899 895 851
f 870 872 846
f 4514 4535 4652
f 908 964 911
f 1229 996 1246
f 1618 1348 1229
f 1782 2047 1777
f 2159 2337 2444
f 3334 3169 3336
f 3601 3761 3551
f 1587 2042 1680
f 899 887 955
f 4587 4632 4673
f 4673 4632 4680
f 955 895 899
f 4680 4715 4673
f 895 885 851
f 4715 4686 4671
f 851 885 823
f 823 885 870
f 4686 4652 4655
f 4535 4446 4483
f 964 1246 996
f 1229 1246 1335
f 1229 1335 1618
f 2047 1782 2159
f 2444 2337 2435
f 2444 2435 2581
f 3336 3551 3334
f 3761 3715 3551
f 3230 3006 3169
f 3006 3230 2749
f 1972 1680 2042
f 4228 4247 4145
f 4228 4325 4247
f 4397 4393 4325
f 1427 1140 1291
f 1164 1066 1140
f 1066 1068 952
f 4673 4715 4671
f 4671 4686 4655
f 4655 4535 4530
f 4655 4652 4535
f 4315 4349 4265
f 4261 4265 3972
f 1777 1618 1782
f 3908 3715 3761
f 3748 3715 3908
f 3169 3334 3230
f 3908 4080 3748
f 1714 1680 1972
f 1714 2088 1291
f 1291 2088 1427
f 4397 4587 4393
f 1066 1164 1068
f 952 955 887
f 952 1068 955
f 4535 4483 4530
f 872 900 908
f 4483 4446 4450
f 964 1089 1246
f 2581 2435 2397
f 2581 2397 2764
f 3551 3586 3334
f 3334 3341 3230
f 2367 2664 2042
f 2749 2664 2367
f 1544 1140 1427
f 1140 1544 1164
f 4494 4393 4587
f 4611 4587 4673
f 4673 4671 4611
f 1068 946 955
f 4671 4655 4620
f 4530 4483 4487
f 870 886 872
f 886 900 872
f 908 1001 964
f 1089 964 1001
f 4265 4261 4315
f 3778 3972 3774
f 1782 1914 2159
f 2159 2174 2337
f 3506 3774 3315
f 3334 3586 3458
f 3715 3586 3551
f 3458 3341 3334
f 4080 3964 3748
f 4145 3964 4080
f 2286 1972 2042
f 2664 2517 2042
f 2042 2517 2286
f 4247 3964 4145
f 2286 1714 1972
f 4587 4611 4494
f 4620 4554 4611
f 4620 4611 4671
f 4530 4620 4655
f 885 886 870
f 4487 4483 4490
f 4483 4450 4490
f 4450 4349 4414
f 1246 1089 1335
f 4414 4349 4315
f 3949 3972 3778
f 1914 2174 2159
f 2435 2337 2174
f 2957 2764 3096
f 3715 3748 3586
f 1427 1904 1544
f 2088 1904 1427
f 2271 2088 1714
f 4554 4494 4611
f 4554 4493 4494
f 955 946 895
f 4530 4547 4620
f 1012 1089 1001
f 3972 3949 4261
f 3774 3506 3778
f 3562 3458 3586
f 3586 3675 3562
f 3748 3675 3586
f 4247 4191 3964
f 2286 2271 1714
f 4327 4247 4325
f 4393 4327 4325
f 1068 1106 1015
f 1068 1015 946
f 4554 4620 4547
f 885 895 886
f 886 901 900
f 908 900 956
f 908 956 1001
f 3506 3315 3294
f 2435 2174 2397
f 3795 3562 3675
f 3230 3313 2749
f 3748 3795 3675
f 3748 3964 3795
f 3313 2664 2749
f 3964 4191 3971
f 4247 4218 4191
f 4218 4247 4327
f 1544 1476 1164
f 1476 1334 1164
f 1068 1164 1151
f 4554 4547 4493
f 4493 4547 4487
f 4547 4530 4487
f 895 909 886
f 909 895 946
f 901 956 900
f 956 990 1001
f 1001 990 1012
f 2087 2174 1914
f 3341 3313 3230
f 3562 3341 3458
f 2664 2610 2517
f 2664 2911 2610
f 2911 2664 3313
f 2271 2286 2517
f 1904 1817 1544
f 2088 2189 1904
f 4494 4413 4393
f 1164 1334 1151
f 4494 4493 4413
f 1151 1106 1068
f 946 1015 991
f 946 973 909
f 991 973 946
f 909 953 901
f 909 901 886
f 4453 4450 4414
f 1012 1058 1089
f 1089 1058 1114
f 1335 1306 1618
f 1831 2087 1914
f 2174 2300 2397
f 3341 3485 3313
f 3562 3485 3341
f 3795 3485 3562
f 4191 4218 4077
f 2088 2271 2189
f 4371 4327 4393
f 1664 1476 1544
f 4371 4393 4413
f 1334 1249 1151
f 4413 4493 4466
f 4493 4487 4466
f 909 973 953
f 901 960 956
f 956 960 990
f 4490 4450 4453
f 990 1022 1012
f 1306 1089 1114
f 1618 1306 1689
f 1831 1914 1782
f 2174 2087 2300
f 3096 2764 2397
f 3971 3795 3964
f 3971 4191 4077
f 4218 4123 4077
f 4286 4218 4327
f 1817 1664 1544
f 4327 4371 4286
f 960 953 973
f 953 960 901
f 960 984 990
f 4490 4453 4476
f 1306 1335 1089
f 3795 3901 3485
f 3795 3971 3901
f 4218 4286 4123
f 1151 1249 1106
f 4466 4487 4488
f 4487 4490 4488
f 991 988 973
f 988 979 973
f 973 979 960
f 979 984 960
f 990 1007 1022
f 1022 1058 1012
f 1618 1689 1782
f 1782 1689 1831
f 3883 3949 3778
f 3313 3194 2911
f 2610 2778 2517
f 2271 2517 2538
f 991 1015 1040
f 1015 1106 1040
f 984 999 990
f 999 1007 990
f 3949 4018 4261
f 3778 3506 3883
f 3096 3247 3315
f 3901 3739 3485
f 2778 2538 2517
f 1904 1900 1817
f 1904 2026 1900
f 1904 2189 2026
f 2271 2472 2189
f 2472 2271 2538
f 1334 1476 1395
f 1334 1395 1249
f 1249 1313 1092
f 1106 1249 1092
f 4454 4466 4488
f 1022 1130 1058
f 4408 4453 4414
f 3949 3883 4018
f 3506 3499 3883
f 2300 2087 2198
f 3485 3739 3560
f 3971 3997 3901
f 3971 4077 3997
f 4371 4413 4403
f 4454 4413 4466
f 1106 1092 1040
f 991 1016 988
f 1016 991 1040
f 979 999 984
f 1058 1130 1114
f 4094 4261 4018
f 3506 3294 3499
f 3247 3096 3021
f 2610 2911 2778
f 3901 3856 3739
f 3901 3997 3856
f 4077 4123 4135
f 2189 2183 2026
f 1817 1900 1738
f 1738 1664 1817
f 1249 1395 1431
f 4371 4403 4314
f 1313 1249 1431
f 4490 4476 4488
f 988 1016 979
f 1007 1067 1022
f 1022 1067 1130
f 4315 4340 4408
f 4315 4408 4414
f 1349 1306 1114
f 2087 1831 2198
f 3313 3433 3194
f 3313 3485 3433
f 3856 3560 3739
f 4314 4123 4286
f 4314 4286 4371
f 1684 1395 1476
f 1738 1476 1664
f 1684 1476 1738
f 4403 4413 4454
f 1128 1092 1313
f 1016 999 979
f 4261 4340 4315
f 2198 2193 2409
f 2198 2409 2300
f 2397 2300 2409
f 3485 3560 3433
f 2538 2778 2624
f 2189 2472 2183
f 2538 2624 2472
f 1900 2069 1738
f 4123 4314 4135
f 1092 1128 1040
f 1128 1063 1040
f 999 1034 1007
f 1007 1034 1067
f 4476 4453 4444
f 4453 4408 4444
f 1584 1689 1306
f 1831 2193 2198
f 3247 3294 3315
f 2778 2911 2859
f 4077 4135 3997
f 2069 1900 2183
f 2183 1900 2026
f 1915 1684 1738
f 1395 1684 1608
f 1608 1431 1395
f 1040 1063 1016
f 1063 1044 1016
f 1327 1349 1114
f 4261 4094 4340
f 3096 2397 3021
f 3642 3560 3856
f 4314 4297 4135
f 4314 4403 4353
f 1016 1044 999
f 1029 999 1044
f 999 1029 1034
f 2911 3194 2859
f 2859 2624 2778
f 2472 2545 2183
f 2472 2624 2545
f 3966 4135 4297
f 2069 1915 1738
f 1608 1313 1431
f 4488 4476 4477
f 1088 1130 1067
f 1207 1130 1088
f 1207 1114 1130
f 1114 1207 1327
f 1349 1584 1306
f 1689 2012 1831
f 3303 3294 3247
f 3433 3410 3194
f 3194 3410 3256
f 3433 3560 3410
f 3194 3256 2859
f 3885 3856 3997
f 2624 2859 2545
f 4135 3966 3997
f 4297 4314 4353
f 1174 1063 1128
f 1063 1083 1044
f 1029 1055 1034
f 1034 1055 1067
f 1055 1088 1067
f 3883 3817 4018
f 3294 3512 3499
f 1831 2012 2193
f 3642 3644 3560
f 3997 3966 3885
f 4454 4488 4449
f 4449 4488 4477
f 1029 1047 1055
f 1055 1080 1088
f 1349 1327 1584
f 1584 1729 1689
f 3303 3512 3294
f 3560 3644 3410
f 3256 3041 2859
f 3642 3856 3644
f 2183 2164 2069
f 4353 4403 4410
f 4449 4403 4454
f 1276 1128 1313
f 1083 1063 1174
f 1083 1047 1044
f 1044 1047 1029
f 4094 4308 4340
f 1584 1327 1556
f 1729 2012 1689
f 3499 3512 3883
f 2193 2230 2409
f 3410 3353 3256
f 2859 3041 2888
f 3856 3692 3644
f 3856 3885 3692
f 2183 2545 2164
f 2069 2164 1915
f 4297 4353 3966
f 1577 1608 1684
f 4333 4353 4410
f 4403 4449 4410
f 1128 1276 1174
f 1080 1163 1088
f 1088 1163 1207
f 2397 2409 2489
f 2397 2489 3021
f 3353 3410 3644
f 3256 3353 3041
f 1608 1577 1313
f 1083 1064 1047
f 1047 1064 1055
f 1163 1200 1207
f 4059 4308 4094
f 4018 3947 4059
f 4059 4094 4018
f 1584 1556 1729
f 4018 3817 3947
f 3692 3885 3943
f 2545 2859 2888
f 2164 2545 2518
f 1577 1684 1923
f 1313 1577 1356
f 1276 1313 1356
f 1174 1196 1083
f 1064 1101 1055
f 1080 1055 1101
f 1144 1080 1101
f 1144 1163 1080
f 2010 2193 2012
f 3943 3885 3966
f 3966 4353 4171
f 1684 1915 1923
f 1923 1915 2164
f 1083 1196 1158
f 1083 1158 1064
f 1163 1183 1200
f 4408 4340 4338
f 4308 4338 4340
f 1327 1207 1350
f 1327 1350 1504
f 1504 1556 1327
f 3883 3512 3817
f 3469 3512 3303
f 2518 2545 2888
f 1174 1276 1228
f 1228 1196 1174
f 1064 1158 1101
f 1144 1183 1163
f 4444 4408 4394
f 3166 3469 3303
f 3166 3303 3247
f 3966 4171 3943
f 4353 4333 4171
f 1923 1775 1577
f 1577 1613 1356
f 4449 4457 4427
f 4449 4477 4457
f 1101 1158 1153
f 1153 1144 1101
f 1144 1166 1183
f 4476 4444 4464
f 1207 1320 1350
f 2012 1729 2010
f 2193 2010 2230
f 2409 2353 2489
f 3021 3166 3247
f 3644 3426 3353
f 1923 2164 2518
f 1577 1775 1613
f 4410 4449 4427
f 1276 1356 1294
f 1276 1294 1228
f 1196 1177 1158
f 1158 1177 1153
f 1177 1166 1153
f 1153 1166 1144
f 1200 1212 1207
f 1207 1212 1320
f 1828 1729 1556
f 1729 1828 2010
f 3512 3469 3817
f 3041 3353 3202
f 3644 3513 3426
f 3644 3692 3513
f 3943 3832 3692
f 4410 4427 4342
f 1196 1228 1177
f 1504 1772 1556
f 1556 1772 1828
f 2409 2230 2353
f 3021 2489 2788
f 2805 2518 2888
f 3943 4069 3832
f 3943 4171 4069
f 1882 1775 1923
f 1356 1613 1294
f 1166 1180 1183
f 1180 1212 1183
f 1212 1200 1183
f 4408 4338 4394
f 2034 2010 1828
f 2034 2230 2010
f 3832 4069 3769
f 2518 2374 1923
f 1177 1182 1166
f 4477 4476 4484
f 1182 1180 1166
f 4464 4444 4394
f 1350 1469 1504
f 1504 1469 1772
f 3021 2945 3166
f 3832 3769 3692
f 4240 4171 4333
f 4333 4342 4240
f 4342 4333 4410
f 1228 1215 1177
f 1215 1182 1177
f 4476 4464 4484
f 3474 3817 3469
f 3021 2788 2945
f 3353 3262 3202
f 3353 3426 3262
f 3692 3647 3513
f 3647 3692 3769
f 2518 2805 2374
f 1923 2374 1882
f 4240 4069 4171
f 1294 1295 1228
f 1180 1202 1212
f 1469 1350 1320
f 3166 2945 3177
f 3769 4069 4062
f 1775 1882 1921
f 1215 1209 1182
f 2353 2230 2034
f 3426 3497 3262
f 3426 3513 3497
f 2805 2729 2374
f 4062 3647 3769
f 1775 1921 1613
f 4342 4272 4240
f 1370 1295 1294
f 1295 1215 1228
f 1182 1202 1180
f 1202 1281 1212
f 1320 1412 1469
f 4308 4059 4338
f 1665 1772 1469
f 3497 3513 3647
f 1882 2374 2031
f 4240 4062 4069
f 1921 1882 2031
f 1613 1533 1294
f 1370 1294 1533
f 1209 1251 1182
f 1281 1320 1212
f 1281 1412 1320
f 3469 3166 3474
f 2489 2353 2597
f 2489 2597 2788
f 1613 1921 1616
f 1616 1533 1613
f 1215 1299 1209
f 1299 1251 1209
f 1251 1245 1182
f 1182 1245 1202
f 1245 1281 1202
f 1772 1823 1828
f 2034 1828 1823
f 2034 2427 2353
f 2888 2994 2805
f 2888 3041 2994
f 3647 3633 3497
f 4062 3957 3647
f 3647 3957 3633
f 1370 1379 1295
f 1295 1299 1215
f 1299 1295 1379
f 1554 1665 1469
f 1665 1823 1772
f 3817 3845 3941
f 3817 3941 3947
f 3941 4059 3947
f 3817 3474 3845
f 2034 1823 2427
f 3474 3166 3177
f 2353 2427 2597
f 3497 3404 3262
f 2374 2729 2031
f 1580 1370 1533
f 1580 1379 1370
f 4477 4484 4497
f 4059 4127 4338
f 4059 4000 4127
f 4059 3941 4000
f 2031 2729 2481
f 2031 2481 2113
f 1921 2031 1939
f 1580 1616 1921
f 1245 1243 1281
f 1243 1298 1281
f 1469 1412 1554
f 3497 3691 3404
f 3633 3691 3497
f 3957 4062 4240
f 4170 3957 4240
f 1580 1533 1616
f 1251 1243 1245
f 4484 4464 4459
f 1298 1412 1281
f 1665 1554 1704
f 1823 2117 2427
f 3177 2945 3092
f 2729 2804 2481
f 3633 3957 3691
f 4179 4170 4240
f 4240 4272 4179
f 4342 4427 4386
f 4468 4427 4457
f 1261 1243 1251
f 4394 4398 4464
f 1425 1412 1298
f 1524 1554 1412
f 1704 1823 1665
f 3474 3219 3462
f 3607 3845 3474
f 3219 3474 3177
f 2427 2593 2597
f 2788 2846 2945
f 1939 2031 2113
f 1921 1939 1580
f 4386 4427 4468
f 1299 1379 1323
f 4497 4484 4459
f 1243 1271 1298
f 1425 1524 1412
f 1524 1704 1554
f 3462 3607 3474
f 3054 3219 3177
f 2597 2593 2788
f 2945 2846 2992
f 2945 2992 3092
f 3177 3092 3054
f 3041 3202 2994
f 3202 3262 3195
f 2481 2403 2113
f 1535 1379 1580
f 1251 1299 1323
f 1251 1323 1261
f 1261 1271 1243
f 1271 1314 1298
f 4464 4434 4459
f 4464 4398 4434
f 1425 1298 1314
f 4127 4148 4338
f 4338 4148 4324
f 4324 4394 4338
f 4127 4000 4148
f 4000 3941 3989
f 3989 4148 4000
f 3951 3941 3845
f 2233 2117 1823
f 3845 3607 3831
f 2500 2427 2117
f 2427 2500 2593
f 2788 2593 2846
f 3054 3092 2992
f 2481 2804 2403
f 3957 3826 3691
f 4277 4272 4342
f 1939 1791 1580
f 1308 1314 1271
f 1314 1400 1425
f 3989 3941 3951
f 1823 1880 2233
f 2117 2233 2500
f 3957 4170 3826
f 1939 2039 1791
f 4457 4477 4468
f 1323 1380 1297
f 1323 1297 1261
f 1261 1308 1271
f 4394 4324 4398
f 1704 1743 1880
f 1823 1704 1880
f 2729 2805 2804
f 2039 1939 2113
f 1791 1535 1580
f 1535 1456 1379
f 1379 1408 1323
f 1323 1408 1380
f 1373 1308 1261
f 1297 1373 1261
f 1308 1365 1314
f 1365 1400 1314
f 4324 4148 4199
f 4033 4148 3989
f 3607 3462 3831
f 3951 3845 3831
f 2366 2500 2233
f 3137 3219 3054
f 2500 2652 2688
f 2593 2500 2688
f 2593 2688 2846
f 2992 2846 2927
f 2927 3054 2992
f 2805 2879 2804
f 2805 2994 2879
f 3691 3569 3404
f 2039 2113 2403
f 4386 4277 4342
f 1379 1456 1408
f 1297 1380 1373
f 1365 1308 1373
f 1400 1437 1425
f 1425 1437 1539
f 1524 1425 1539
f 1524 1539 1611
f 1524 1611 1704
f 3989 3951 4033
f 3462 3505 3831
f 3219 3137 3462
f 2500 2366 2652
f 3404 3569 3416
f 3691 3826 3569
f 2039 2231 1791
f 1526 1456 1535
f 4468 4477 4497
f 1380 1397 1373
f 1373 1397 1365
f 1397 1398 1365
f 1365 1398 1400
f 4412 4398 4324
f 4326 4324 4199
f 1611 1743 1704
f 3891 3951 3831
f 2927 3137 3054
f 2846 2688 2927
f 3262 3416 3195
f 3262 3404 3416
f 2804 2589 2403
f 2403 2589 2039
f 1535 1791 1526
f 4497 4459 4492
f 1408 1397 1380
f 1398 1437 1400
f 4412 4324 4326
f 1880 1743 1911
f 1880 1911 2205
f 2205 2233 1880
f 2233 2205 2366
f 3137 3138 3462
f 2879 2589 2804
f 2589 2383 2039
f 1791 2231 1834
f 1791 1834 1526
f 4398 4412 4434
f 3951 3891 3978
f 2652 2366 2534
f 2652 2794 2688
f 2927 2688 2794
f 3569 3576 3416
f 1408 1416 1397
f 4459 4434 4447
f 1397 1405 1398
f 1405 1434 1398
f 1398 1434 1437
f 4369 4326 4199
f 1611 1539 1593
f 4148 4033 4053
f 3951 3978 4033
f 3891 3812 3978
f 2534 2366 2529
f 2366 2205 2529
f 2534 2794 2652
f 3202 3195 2994
f 2231 2039 2383
f 1526 1586 1493
f 1456 1526 1493
f 1456 1440 1408
f 4459 4447 4492
f 4434 4412 4447
f 4412 4326 4369
f 4148 4053 4199
f 1611 1593 1743
f 4033 3978 4053
f 2534 2529 2762
f 3023 3138 3137
f 2534 2762 2794
f 3137 2927 3023
f 2927 2794 3023
f 2900 2589 2879
f 3569 3826 3576
f 4277 4179 4272
f 1526 1834 1600
f 1456 1493 1440
f 1408 1440 1416
f 1397 1416 1405
f 4295 4369 4199
f 4199 4053 4102
f 2205 1911 2080
f 3831 3505 3812
f 3812 3891 3831
f 2923 3138 3023
f 3462 3138 3505
f 2794 2762 2923
f 3023 2794 2923
f 2879 2994 2900
f 2589 2900 2666
f 2383 2589 2456
f 2589 2666 2456
f 2267 2231 2383
f 1526 1600 1586
f 4412 4369 4447
f 1445 1528 1437
f 1437 1528 1539
f 4295 4199 4102
f 2080 1911 1743
f 2762 2529 2796
f 2923 2762 2796
f 3138 2923 2796
f 3416 3576 3463
f 3826 4170 3576
f 4348 4386 4468
f 1416 1418 1405
f 1405 1418 1434
f 1437 1434 1445
f 3978 4102 4053
f 2205 2080 2169
f 2205 2169 2317
f 2205 2317 2529
f 4170 4179 3576
f 2267 1834 2231
f 1440 1484 1416
f 4369 4295 4391
f 4295 4306 4391
f 1528 1593 1539
f 4306 4295 4102
f 1743 1593 1681
f 2796 2529 3300
f 3138 2796 3300
f 3061 2900 3129
f 3129 2900 2994
f 2994 3195 3129
f 3416 3317 3195
f 3416 3463 3317
f 2800 2666 2900
f 3061 2800 2900
f 2800 2456 2666
f 1416 1484 1418
f 1471 1434 1418
f 1445 1520 1528
f 1681 1764 1743
f 3922 3978 3812
f 2529 2317 2512
f 3195 3199 3129
f 3195 3317 3199
f 3576 3822 3463
f 2460 2383 2456
f 1471 1472 1434
f 1434 1472 1445
f 1472 1520 1445
f 4306 4102 4347
f 1743 1764 2080
f 3814 3922 3812
f 3505 3543 3814
f 3812 3505 3814
f 3505 3138 3300
f 3300 3543 3505
f 2456 2800 2460
f 1918 1600 1834
f 4348 4468 4399
f 1493 1568 1440
f 1568 1493 1586
f 1484 1471 1418
f 1528 1681 1593
f 4102 4138 4347
f 4102 3978 4138
f 3922 4138 3978
f 2529 2512 3300
f 2991 2800 3061
f 4193 3576 4179
f 1918 1834 2267
f 4179 4277 4193
f 4348 4277 4386
f 1600 1918 1586
f 4468 4497 4462
f 1568 1518 1440
f 4369 4391 4456
f 4391 4306 4347
f 2080 1764 2055
f 3814 3543 3696
f 3129 3199 3061
f 2800 2991 2855
f 3317 3344 3241
f 3463 3344 3317
f 2800 2640 2460
f 3822 3576 4193
f 4447 4369 4456
f 1681 1720 1764
f 3922 3958 4138
f 3814 3696 3922
f 2080 2055 2290
f 2290 2169 2080
f 3199 3111 3061
f 3317 3241 3199
f 3199 3241 3111
f 2991 2973 2855
f 2800 2855 2640
f 3822 3746 3463
f 4399 4468 4462
f 1586 1736 1568
f 4497 4492 4462
f 1440 1518 1484
f 1681 1528 1720
f 2169 2290 2317
f 2290 2434 2317
f 3345 3543 3300
f 2991 3045 2973
f 2991 3061 3045
f 3463 3746 3344
f 2383 2476 2267
f 2476 2383 2460
f 2267 2320 2149
f 2267 2149 1918
f 4285 4277 4348
f 1586 1918 1736
f 1472 1500 1520
f 1520 1500 1525
f 1525 1528 1520
f 4391 4347 4383
f 1764 2007 2055
f 3877 3958 3922
f 3345 3478 3543
f 3543 3478 3696
f 2317 2434 2512
f 3300 2512 2985
f 3345 3300 3157
f 2973 2640 2855
f 3746 4068 3847
f 3822 4068 3746
f 4193 4068 3822
f 4189 4068 4193
f 4277 4189 4193
f 4189 4277 4285
f 1905 1736 1918
f 1484 1473 1471
f 4492 4447 4456
f 1471 1473 1472
f 1473 1500 1472
f 4391 4383 4456
f 1528 1525 1720
f 4006 4138 3958
f 3696 3605 3877
f 3696 3877 3922
f 2973 3045 2901
f 3061 3111 3045
f 2901 2640 2973
f 3727 3344 3746
f 2267 2476 2320
f 1518 1519 1496
f 1519 1518 1568
f 1518 1496 1484
f 1484 1496 1473
f 1720 1858 1764
f 1764 1858 2007
f 3958 3877 4006
f 3605 3696 3478
f 3300 2985 3157
f 3746 3847 3727
f 1905 1948 1736
f 4068 4189 4225
f 4189 4285 4225
f 1568 1697 1519
f 1496 1497 1473
f 1473 1497 1500
f 1497 1540 1500
f 1500 1540 1525
f 1631 1720 1525
f 2290 2055 2168
f 2434 2671 2512
f 1736 1948 1697
f 1697 1568 1736
f 1519 1697 1591
f 1519 1541 1496
f 1525 1607 1631
f 1525 1540 1607
f 1720 1631 1663
f 2055 2007 2168
f 2290 2168 2434
f 2512 2860 2985
f 2640 2901 2818
f 2818 2460 2640
f 1905 1918 1948
f 1948 1918 2149
f 1591 1541 1519
f 1496 1541 1497
f 1541 1540 1497
f 1676 1720 1663
f 4006 3948 4138
f 1858 1844 2007
f 4006 3877 3605
f 2512 2671 2860
f 2460 2818 2476
f 2476 2818 2680
f 4068 4097 3847
f 4285 4348 4389
f 4348 4399 4389
f 1697 1708 1591
f 1607 1648 1631
f 1631 1648 1663
f 1753 1858 1720
f 2320 2476 2388
f 2320 2207 2149
f 2207 2320 2388
f 4225 4097 4068
f 4389 4399 4452
f 4462 4452 4399
f 1541 1606 1540
f 1606 1607 1540
f 1606 1648 1607
f 1648 1676 1663
f 1720 1676 1753
f 1858 1753 1844
f 2007 2048 2168
f 2434 2168 2671
f 3478 3345 3588
f 3588 3605 3478
f 4285 4322 4225
f 1818 1948 2149
f 1697 1948 1708
f 1541 1591 1597
f 1591 1641 1597
f 1541 1597 1606
f 1606 1629 1648
f 2007 1844 2048
f 3948 4006 3605
f 3157 2985 3003
f 3045 3098 2901
f 2901 3098 2947
f 3045 3111 3098
f 2388 2476 2680
f 2207 1818 2149
f 4285 4389 4322
f 1708 1641 1591
f 4347 4138 4239
f 1844 1753 1796
f 2048 2144 2168
f 3003 3345 3157
f 3111 3241 3249
f 3344 3727 3383
f 1641 1625 1597
f 1597 1625 1606
f 1625 1629 1606
f 1676 1648 1679
f 1676 1679 1753
f 2985 2860 3003
f 3241 3296 3249
f 2030 1818 2207
f 2048 1844 2144
f 3345 3003 3476
f 3588 3345 3476
f 2094 2030 2207
f 1708 1701 1656
f 1708 1656 1641
f 4492 4456 4469
f 4456 4383 4435
f 4435 4469 4456
f 4383 4347 4380
f 4380 4347 4239
f 1766 1796 1753
f 3948 4126 4138
f 2372 2168 2144
f 3241 3344 3296
f 3727 3592 3383
f 1948 1818 1708
f 1641 1656 1625
f 1625 1622 1629
f 1629 1622 1648
f 1622 1657 1648
f 1753 1679 1766
f 4126 4239 4138
f 1796 2144 1844
f 3605 3588 3948
f 2168 2372 2671
f 2860 2671 2771
f 2818 2901 2835
f 2835 2680 2818
f 2738 2680 2835
f 2388 2277 2207
f 3847 4097 3848
f 1708 1818 1701
f 4492 4469 4471
f 1648 1657 1679
f 2144 1796 1766
f 3111 3249 3098
f 2680 2738 2388
f 3727 3848 3592
f 3727 3847 3848
f 1818 2030 1897
f 4462 4492 4471
f 1656 1622 1625
f 2901 2947 2835
f 4322 4281 4225
f 4452 4462 4471
f 1701 1711 1656
f 2144 1766 2147
f 3344 3383 3296
f 4097 4083 3848
f 1656 1652 1622
f 1622 1633 1657
f 1657 1750 1679
f 1679 1750 1766
f 3948 3588 4012
f 2671 2372 2771
f 3003 2860 2862
f 3003 2862 3205
f 2388 2738 2277
f 2094 2207 2277
f 4083 4097 4225
f 4227 4083 4225
f 1652 1633 1622
f 1633 1660 1657
f 2372 2144 2147
f 2860 2771 2862
f 4281 4227 4225
f 1759 1818 1897
f 1759 1711 1701
f 4435 4383 4380
f 4126 3948 4012
f 3471 4012 3588
f 2771 2372 2583
f 3003 3205 3476
f 4361 4281 4322
f 4322 4389 4361
f 4452 4471 4455
f 1818 1759 1701
f 1656 1711 1652
f 1652 1687 1633
f 1766 1750 1814
f 1814 2147 1766
f 1978 2147 1814
f 2358 2583 2372
f 3471 3588 3476
f 2277 2738 2357
f 2084 2030 2094
f 4361 4389 4460
f 1897 2030 1947
f 4389 4452 4460
f 1652 1711 1687
f 1691 1660 1633
f 2358 2372 2147
f 2583 2862 2771
f 2218 2094 2277
f 2094 2218 2084
f 1947 2030 2084
f 4460 4452 4455
f 1897 1947 1759
f 1687 1691 1633
f 1691 1702 1660
f 1660 1745 1657
f 1745 1750 1657
f 2862 2583 2856
f 2725 2357 2738
f 4471 4469 4503
f 1711 1719 1687
f 4503 4469 4499
f 1702 1745 1660
f 2023 1978 1814
f 1978 2358 2147
f 2508 2358 1978
f 2508 2583 2358
f 2583 2754 2856
f 2862 2856 3205
f 3476 3205 3409
f 3476 3409 3471
f 1947 1778 1759
f 1759 1755 1711
f 1755 1759 1778
f 4499 4469 4435
f 1784 1750 1745
f 1784 1814 1750
f 2725 2738 2835
f 2639 2357 2725
f 3722 3592 3848
f 2277 2297 2218
f 2297 2277 2357
f 2084 2063 1947
f 1755 1719 1711
f 1784 2023 1814
f 2583 2508 2864
f 2583 2864 2754
f 3722 3383 3592
f 3848 4083 3722
f 4471 4503 4507
f 3684 4012 3471
f 3409 3684 3471
f 2639 2725 2835
f 3296 3383 3249
f 2084 2218 2133
f 2084 2133 2063
f 1947 2063 1778
f 1719 1725 1687
f 1725 1691 1687
f 4435 4380 4384
f 4012 3684 3903
f 3205 3318 3409
f 3383 3414 3249
f 3722 4083 4076
f 4076 4083 4227
f 2297 2133 2218
f 1778 2063 1928
f 1778 1928 1755
f 4455 4471 4502
f 4471 4507 4502
f 4502 4507 4531
f 4507 4503 4531
f 4531 4503 4533
f 4533 4503 4499
f 1702 1698 1745
f 1698 1735 1745
f 1780 1784 1745
f 2023 1784 2089
f 4126 4012 4024
f 4012 3903 4024
f 2508 1978 2188
f 2508 2578 2864
f 2856 2754 3019
f 2754 2864 3019
f 3205 2856 3144
f 3205 3144 3318
f 3098 3083 2947
f 3098 3249 3083
f 3414 3383 3722
f 2357 2639 2486
f 3722 3840 3414
f 3722 4076 3840
f 1943 1928 2063
f 4455 4502 4496
f 4496 4502 4543
f 1928 1770 1755
f 4543 4502 4531
f 4543 4531 4597
f 1755 1725 1719
f 1755 1770 1725
f 4597 4531 4533
f 4597 4533 4616
f 1691 1698 1702
f 4499 4435 4517
f 1784 1780 2089
f 2023 2089 2188
f 1978 2023 2188
f 2508 2413 2578
f 3406 3684 3409
f 2856 3019 3144
f 3409 3318 3406
f 2357 2486 2297
f 4172 3840 4076
f 4172 4076 4227
f 4172 4227 4281
f 2063 2133 1943
f 4496 4460 4455
f 4597 4496 4543
f 4616 4533 4645
f 4533 4499 4517
f 1691 1696 1698
f 1735 1780 1745
f 4384 4380 4344
f 4344 4380 4239
f 2508 2188 2413
f 2835 2687 2639
f 2947 3065 2835
f 2947 3083 3065
f 3414 3571 3447
f 3840 3571 3414
f 2297 2486 2330
f 2124 2133 2297
f 2133 2124 1943
f 1725 1696 1691
f 4533 4517 4645
f 4384 4517 4435
f 2413 2721 2578
f 2578 2721 2864
f 3318 3144 3302
f 3302 3406 3318
f 2835 3065 2687
f 3249 3270 3083
f 3249 3414 3270
f 3840 4172 4066
f 4361 4460 4362
f 4597 4604 4496
f 4687 4604 4597
f 1733 1725 1770
f 4597 4616 4687
f 4645 4690 4616
f 4616 4690 4687
f 1698 1723 1735
f 2089 1780 1931
f 2049 2089 1931
f 2049 2188 2089
f 3302 3518 3684
f 3684 3406 3302
f 3083 3153 3065
f 3083 3270 3153
f 3414 3447 3270
f 4296 4172 4281
f 4362 4281 4361
f 1943 2124 1985
f 1825 1928 1943
f 1770 1928 1825
f 1825 1733 1770
f 1725 1733 1696
f 4690 4645 4624
f 1696 1710 1698
f 4516 4645 4517
f 1698 1710 1723
f 4517 4384 4516
f 1874 1735 1723
f 1780 1735 1874
f 1931 1780 1874
f 4245 4239 4126
f 4024 4109 4245
f 4024 4245 4126
f 3019 2864 2942
f 3840 4066 3571
f 4486 4460 4496
f 4624 4645 4516
f 4245 4344 4239
f 4109 4024 3903
f 4109 3903 3724
f 3684 3518 3724
f 3724 3903 3684
f 3309 3153 3270
f 3065 2789 2687
f 4066 4161 4035
f 4172 4161 4066
f 4172 4296 4161
f 4296 4281 4362
f 4460 4486 4362
f 1943 1985 1825
f 4609 4486 4496
f 4609 4496 4604
f 4604 4687 4669
f 1733 1825 1813
f 1733 1813 1718
f 1733 1718 1696
f 1696 1718 1710
f 4692 4690 4624
f 1710 1754 1723
f 1723 1754 1769
f 1769 1874 1723
f 2285 2188 2049
f 2413 2188 2707
f 2721 2413 2707
f 2721 2707 2885
f 2721 2885 2864
f 2864 2885 2942
f 3144 3019 3059
f 3144 3059 3163
f 3163 3302 3144
f 3065 3153 3114
f 3270 3447 3309
f 2486 2639 2563
f 4066 3782 3571
f 4066 4035 3782
f 2297 2303 2124
f 4609 4604 4669
f 1825 1857 1813
f 4669 4687 4701
f 4687 4690 4701
f 4516 4384 4344
f 2188 2635 2707
f 3356 3724 3518
f 3019 2942 3059
f 2639 2687 2563
f 1985 1974 1825
f 4701 4690 4692
f 1813 1741 1718
f 1718 1741 1710
f 4618 4692 4624
f 1741 1754 1710
f 4618 4624 4516
f 1754 1810 1769
f 4498 4516 4344
f 1769 1810 1874
f 1957 1931 1874
f 1931 1957 2049
f 2285 2490 2188
f 3518 3163 3356
f 3163 3518 3302
f 3447 3571 3309
f 2563 2506 2486
f 2506 2330 2486
f 1825 1910 1857
f 1910 1825 1974
f 1741 1813 1857
f 1754 1741 1809
f 4516 4498 4618
f 2490 2635 2188
f 2891 2885 2707
f 2942 2885 2969
f 2885 2891 2969
f 2942 2969 3059
f 3163 3059 3101
f 3065 3114 2789
f 3153 3309 3114
f 2359 2330 2506
f 2297 2330 2303
f 4362 4486 4366
f 1741 1811 1809
f 1741 1857 1811
f 1809 1810 1754
f 1809 1850 1810
f 1850 1870 1810
f 1870 1874 1810
f 4245 4109 4244
f 2049 1957 2053
f 3163 3101 3356
f 2891 2707 2913
f 3059 2969 3101
f 3364 3571 3782
f 2124 2102 1985
f 4366 4486 4609
f 4366 4609 4642
f 1811 1839 1809
f 1809 1839 1850
f 4479 4498 4344
f 1957 1874 1870
f 4244 4344 4245
f 2707 2635 2913
f 3101 3133 3356
f 3573 3724 3356
f 2891 2913 2969
f 3309 3364 3351
f 3571 3364 3309
f 4296 4366 4293
f 4366 4296 4362
f 2102 1974 1985
f 4609 4669 4642
f 4642 4669 4698
f 4669 4701 4698
f 1857 1910 1811
f 1910 1837 1811
f 1811 1837 1839
f 1850 1839 1870
f 3838 4109 3724
f 3724 3573 3838
f 2635 2802 2913
f 3356 3133 3330
f 3356 3330 3573
f 2913 3025 2969
f 3133 3101 2969
f 2359 2506 2525
f 2303 2330 2359
f 4296 4293 4161
f 2124 2303 2102
f 4642 4570 4366
f 4692 4618 4681
f 4618 4498 4479
f 2285 2049 2115
f 3025 3133 2969
f 2789 3114 2978
f 3309 3223 3114
f 3223 3309 3351
f 2687 2789 2563
f 3782 4035 3873
f 2303 2334 2102
f 2134 1974 2102
f 4618 4627 4681
f 4627 4618 4479
f 4288 4344 4244
f 2049 2053 2115
f 4244 4109 3838
f 2635 2490 2710
f 2635 2710 2802
f 2913 2802 3025
f 3133 3025 3268
f 3330 3133 3268
f 2359 2525 2303
f 2134 2102 2334
f 1839 1848 1870
f 4479 4344 4426
f 3025 2802 3268
f 3268 3573 3330
f 2563 2602 2506
f 2602 2563 2789
f 3782 3591 3364
f 3782 3873 3591
f 3835 3873 4035
f 2525 2334 2303
f 4035 4161 3835
f 4293 4366 4570
f 1910 1855 1837
f 4701 4692 4694
f 4692 4681 4694
f 1837 1855 1839
f 1960 1957 1870
f 4426 4344 4288
f 4251 4161 4293
f 2142 2134 2334
f 4293 4570 4580
f 1932 1974 2134
f 1974 1932 1910
f 4642 4698 4660
f 4660 4698 4667
f 4667 4698 4701
f 1910 1887 1855
f 4681 4627 4683
f 4627 4479 4426
f 1848 1877 1870
f 1877 1960 1870
f 1957 1960 2053
f 4288 4244 4303
f 2115 2402 2285
f 2402 2490 2285
f 3573 3385 3680
f 2802 2710 2975
f 3385 3573 3268
f 2978 2937 2789
f 2789 2937 2712
f 3114 3223 2978
f 2978 3223 2937
f 4161 3996 3835
f 4251 3996 4161
f 4293 4405 4251
f 4293 4580 4405
f 4570 4660 4580
f 4660 4570 4642
f 1932 1887 1910
f 4701 4694 4719
f 4694 4681 4683
f 4491 4627 4426
f 4426 4288 4303
f 3573 3680 3838
f 2802 2975 3225
f 3268 2802 3225
f 3873 3835 3591
f 2134 2142 1932
f 4244 4061 4303
f 2490 2402 2604
f 2490 2604 2710
f 3268 3225 3385
f 2506 2602 2608
f 2712 2602 2789
f 2684 2602 2712
f 3420 3364 3591
f 2506 2608 2525
f 2334 2523 2142
f 1887 1863 1855
f 1863 1851 1855
f 1855 1851 1839
f 1851 1848 1839
f 1877 1848 1878
f 1960 1877 1878
f 4426 4303 4491
f 4244 4003 4061
f 4003 4244 3838
f 2937 2886 2712
f 2937 2998 2886
f 3223 3095 2937
f 2937 3095 2998
f 3223 3267 3095
f 3267 3223 3351
f 3364 3420 3351
f 3595 3420 3591
f 3591 3835 3595
f 2525 2523 2334
f 4061 4491 4303
f 3351 3420 3267
f 2608 2523 2525
f 4234 3996 4251
f 4251 4405 4234
f 2142 2008 1932
f 1933 1887 1932
f 4694 4683 4678
f 1954 1960 1878
f 1954 1993 1960
f 1993 2053 1960
f 2053 2402 2115
f 2502 2402 2053
f 3742 4003 3838
f 2710 2604 2930
f 2710 2930 2975
f 2975 3130 3225
f 2886 2827 2712
f 3095 3179 2998
f 3095 3267 3179
f 3267 3420 3429
f 3835 3996 3595
f 2523 2498 2142
f 4617 4405 4580
f 1932 2008 1933
f 4660 4617 4580
f 4617 4660 4667
f 1887 1933 1863
f 2114 2502 2053
f 3680 3363 3742
f 3680 3742 3838
f 3363 3680 3385
f 3126 3179 3180
f 3179 3126 2998
f 3179 3267 3180
f 3429 3420 3595
f 3996 3819 3595
f 4260 3996 4234
f 2142 2498 2116
f 4234 4405 4292
f 2142 2116 2008
f 4405 4617 4292
f 4667 4701 4704
f 1851 1872 1848
f 1872 1878 1848
f 2604 2402 2502
f 2604 2502 2768
f 2604 2768 2930
f 3031 2998 3126
f 2712 2827 2684
f 3031 2827 2886
f 2998 3031 2886
f 3180 3429 3279
f 3180 3267 3429
f 4234 4292 4260
f 4704 4701 4719
f 1863 1913 1851
f 1878 1872 1917
f 4606 4683 4627
f 1878 1917 1954
f 2053 1993 2114
f 2259 2502 2114
f 2975 2930 3130
f 3363 3385 3225
f 3180 3175 3126
f 3180 3279 3175
f 2827 2989 2684
f 2989 2827 3031
f 3819 3429 3595
f 4177 3996 4260
f 2498 2350 2116
f 2116 2350 2139
f 4617 4667 4656
f 4667 4704 4656
f 1933 1935 1863
f 1935 1913 1863
f 1851 1913 1872
f 4267 4061 4003
f 3126 3107 3031
f 3126 3175 3107
f 2602 2672 2608
f 2602 2684 2672
f 3996 4177 3819
f 4617 4598 4292
f 2116 2139 1965
f 2008 2116 1965
f 2008 1965 1933
f 1933 1965 1935
f 4719 4694 4678
f 4606 4627 4491
f 4523 4606 4491
f 4061 4267 4491
f 3742 3962 4003
f 2768 2502 2587
f 3456 3429 3819
f 3819 4177 3456
f 4260 4292 4177
f 4292 4598 4381
f 4598 4617 4656
f 1913 1917 1872
f 1993 2015 2114
f 2015 2259 2114
f 4267 4003 3962
f 2502 2259 2587
f 3742 3700 3962
f 3742 3561 3700
f 2930 2768 2897
f 3225 3130 3208
f 2684 2989 2672
f 3429 3456 3279
f 3456 4177 3867
f 1995 1965 2139
f 1965 1995 1935
f 1913 1927 1917
f 4523 4491 4267
f 1993 1954 1964
f 1964 2015 1993
f 2015 2051 2259
f 3742 3363 3561
f 3363 3208 3561
f 3208 3363 3225
f 3031 3043 2986
f 2989 3031 2986
f 3031 3107 3043
f 2914 2989 2986
f 4177 4292 3980
f 4704 4719 4749
f 1935 1927 1913
f 1917 1945 1954
f 1954 1945 1964
f 2768 2587 2897
f 3175 3216 3107
f 3107 3216 3043
f 3279 3216 3175
f 3216 3279 3456
f 2914 2672 2989
f 4601 4381 4598
f 4781 4749 4719
f 4678 4781 4719
f 3208 3424 3561
f 2897 3057 2930
f 2930 3057 3130
f 2495 2498 2523
f 4177 3980 3867
f 4292 4381 3980
f 4598 4656 4758
f 4656 4704 4758
f 1927 1920 1917
f 4678 4683 4700
f 1917 1920 1945
f 4700 4683 4606
f 2259 2051 2160
f 3962 4039 4267
f 3130 3424 3208
f 3043 3039 2986
f 2498 2370 2350
f 3980 4381 4223
f 4601 4598 4758
f 4749 4758 4704
f 4758 4749 4781
f 2051 2015 1964
f 2259 2160 2757
f 4165 4267 4039
f 2587 2259 2757
f 3700 4039 3962
f 2757 2772 2587
f 2587 2772 2897
f 2897 2772 3057
f 3424 3130 3251
f 3611 3700 3561
f 3130 3057 3251
f 3574 3216 3456
f 2608 2528 2523
f 2528 2495 2523
f 2495 2370 2498
f 3980 4223 3992
f 2350 2370 2139
f 4601 4579 4381
f 1995 1961 1935
f 1961 1930 1935
f 1935 1930 1927
f 4770 4781 4678
f 1945 2051 1964
f 3700 3803 4039
f 3043 3216 3039
f 2906 2914 2986
f 3867 3980 3884
f 4579 4223 4381
f 4758 4781 4786
f 1930 1920 1927
f 1920 1952 1945
f 3700 3611 3803
f 3057 2772 2866
f 3561 3424 3611
f 3216 3234 3039
f 2914 2906 2672
f 3867 3574 3456
f 3867 3884 3574
f 3980 3992 3884
f 4579 4601 4714
f 4601 4758 4714
f 2679 2757 2160
f 2772 2757 2866
f 2906 2986 2977
f 2986 3039 2977
f 2672 2906 2843
f 2608 2672 2843
f 4758 4771 4714
f 2099 1995 2139
f 4758 4786 4771
f 1945 1952 1996
f 1996 2051 1945
f 4523 4267 4284
f 4284 4267 4165
f 2756 2757 2679
f 2757 2756 2866
f 2906 2977 2843
f 3039 3099 2977
f 3039 3234 3099
f 2776 2608 2843
f 3234 3216 3496
f 3496 3216 3574
f 4579 4546 4223
f 2370 2224 2139
f 2139 2224 2099
f 4714 4771 4697
f 1995 2099 2006
f 1995 2006 1961
f 2051 2295 2160
f 2866 3071 3057
f 3251 3057 3260
f 3251 3260 3424
f 3611 3424 3503
f 4579 4714 4546
f 4678 4700 4770
f 2160 2295 2679
f 3803 3730 4039
f 3803 3611 3730
f 2866 2756 3071
f 3297 3234 3496
f 3884 3859 3574
f 3884 4124 4026
f 3884 4026 3859
f 3884 3992 4124
f 4263 3992 4223
f 1920 1937 1952
f 4628 4700 4606
f 2051 1996 2295
f 3503 3730 3611
f 3424 3260 3503
f 3234 3178 3099
f 3178 3234 3297
f 3574 3597 3496
f 4124 3992 4263
f 4223 4382 4263
f 4223 4546 4382
f 2418 2224 2370
f 4771 4767 4697
f 4767 4771 4786
f 4606 4523 4628
f 4284 4461 4523
f 4165 4112 4284
f 4112 4165 4039
f 3057 3071 3260
f 2608 2615 2528
f 2776 2615 2608
f 3574 3859 3597
f 2528 2557 2495
f 2099 2119 2006
f 4781 4770 4787
f 4787 4770 4746
f 1996 1952 1937
f 4112 4461 4284
f 4039 3730 4112
f 2756 2981 3071
f 3311 3297 3496
f 2528 2615 2557
f 4124 4263 4026
f 1996 2104 2338
f 2338 2295 1996
f 2679 2295 2482
f 2756 2679 2981
f 2843 2939 2842
f 2843 2977 2939
f 3099 3178 3174
f 2843 2842 2776
f 2557 2370 2495
f 2418 2370 2557
f 4714 4605 4546
f 4605 4714 4697
f 4700 4699 4770
f 2295 2338 2455
f 2295 2455 2482
f 2679 2482 2981
f 3308 3503 3260
f 3099 3007 2977
f 3099 3174 3007
f 3178 3311 3174
f 3311 3178 3297
f 3496 3453 3311
f 4081 3859 4026
f 4026 4263 4081
f 4382 4465 4263
f 4465 4382 4546
f 2224 2119 2099
f 1930 1922 1920
f 1920 1922 1937
f 4699 4700 4628
f 1937 1970 1996
f 1996 1970 2104
f 2981 2918 3112
f 3071 2981 3112
f 3260 3071 3164
f 3071 3112 3164
f 3453 3496 3597
f 3859 3915 3597
f 3915 3859 4081
f 4546 4605 4465
f 4697 4767 4753
f 1961 1922 1930
f 3730 3503 3598
f 3260 3164 3308
f 2697 2615 2776
f 3991 3915 4081
f 4263 4465 4081
f 4697 4753 4605
f 4767 4786 4797
f 2006 2119 1959
f 4770 4699 4746
f 1922 1936 1937
f 1936 1970 1937
f 2338 2104 2158
f 4112 3730 3945
f 2482 2595 2832
f 2981 2482 2918
f 2482 2832 2918
f 3503 3308 3598
f 2977 3007 2939
f 3311 3246 3174
f 2615 2613 2557
f 2615 2697 2613
f 2119 2224 2163
f 2119 2109 1959
f 1961 2006 1959
f 1961 1959 1922
f 4523 4461 4513
f 4112 4181 4461
f 3308 3373 3598
f 3945 3730 3598
f 3112 2918 3066
f 3112 3066 3164
f 3453 3597 3311
f 2613 2544 2557
f 2557 2544 2418
f 4465 4561 4081
f 2163 2109 2119
f 4786 4781 4787
f 1959 1963 1922
f 1922 1963 1936
f 1936 1963 1970
f 1963 1998 1970
f 1998 2111 1970
f 2111 2104 1970
f 2111 2158 2104
f 4628 4523 4513
f 4461 4181 4513
f 2338 2306 2455
f 2918 2832 2996
f 3308 3164 3373
f 3598 3373 3455
f 2918 2996 3066
f 4081 4561 4210
f 4465 4605 4561
f 4605 4753 4695
f 1959 2109 2077
f 1998 2078 2111
f 2338 2158 2306
f 4112 4034 4181
f 3598 3694 3945
f 3598 3455 3694
f 3373 3164 3102
f 3164 3066 3102
f 3174 3081 3007
f 3311 3398 3246
f 3597 3714 3311
f 3714 3597 3915
f 4605 4695 4561
f 4753 4767 4797
f 1989 1959 2077
f 4786 4787 4797
f 1959 1989 1963
f 2004 1998 1963
f 2482 2455 2492
f 2482 2492 2595
f 4112 3945 4034
f 2996 2832 3050
f 2996 3050 3102
f 2996 3102 3066
f 3102 3455 3373
f 3174 3246 3081
f 3398 3311 3714
f 2697 2776 2842
f 3915 4108 3714
f 3915 3991 4108
f 3991 4081 4258
f 4258 4081 4210
f 2544 2503 2418
f 4608 4210 4561
f 1989 2071 1963
f 2004 2079 1998
f 1998 2079 2078
f 2158 2111 2170
f 2170 2306 2158
f 2455 2306 2368
f 2368 2492 2455
f 3455 3102 3235
f 2224 2418 2275
f 4561 4695 4608
f 1989 2077 2070
f 2070 2071 1989
f 1963 2071 2004
f 2071 2079 2004
f 3102 3050 3235
f 2939 2826 2842
f 3007 3053 2939
f 3007 3081 3053
f 3246 3269 3081
f 3991 4258 4108
f 2163 2077 2109
f 2077 2098 2070
f 2070 2098 2071
f 2078 2079 2111
f 2131 2170 2111
f 2832 2595 2810
f 3455 3526 3694
f 3170 3122 3053
f 3053 3081 3170
f 3081 3269 3170
f 3246 3398 3269
f 4258 4210 4289
f 4289 4210 4608
f 2163 2129 2077
f 4753 4797 4777
f 2129 2098 2077
f 2098 2091 2071
f 2071 2091 2079
f 2079 2131 2111
f 2170 2187 2306
f 4513 4181 4482
f 3050 2832 3160
f 3398 3482 3269
f 3714 3482 3398
f 2826 2697 2842
f 4258 4190 4108
f 4625 4289 4608
f 4743 4608 4695
f 4753 4743 4695
f 2079 2091 2131
f 4699 4628 4720
f 2187 2170 2131
f 4482 4628 4513
f 2327 2306 2187
f 2306 2327 2368
f 3694 3960 3945
f 4034 3945 3960
f 3960 4181 4034
f 2832 2810 3160
f 3050 3160 3235
f 3235 3526 3455
f 3170 3269 3357
f 3269 3482 3357
f 3808 3482 3714
f 4108 3808 3714
f 4089 3808 4108
f 2621 2613 2697
f 4190 4258 4289
f 4625 4608 4743
f 4699 4720 4746
f 4628 4482 4639
f 4181 4266 4482
f 3694 3526 3960
f 2983 2939 3053
f 2613 2621 2544
f 4289 4625 4438
f 4743 4753 4777
f 4639 4720 4628
f 2632 2492 2368
f 2595 2492 2810
f 3235 3160 3526
f 3053 3124 2983
f 3053 3122 3124
f 2939 2983 2826
f 2697 2702 2621
f 2826 2702 2697
f 4089 4108 4190
f 4777 4797 4791
f 4791 4797 4787
f 4266 4181 3960
f 3960 3526 3801
f 4215 4089 4190
f 4215 4190 4289
f 4625 4661 4438
f 2364 2368 2327
f 2632 2368 2364
f 2492 2632 2810
f 2810 3012 3160
f 3526 3160 3370
f 3170 3261 3122
f 3122 3261 3124
f 3170 3357 3261
f 2826 2983 2702
f 3808 3515 3482
f 3808 4089 3515
f 4289 4438 4215
f 4625 4743 4661
f 4661 4743 4750
f 4750 4743 4777
f 2131 2125 2197
f 2197 2187 2131
f 4482 4266 4448
f 2810 2893 3012
f 2702 2983 2695
f 3357 3482 3515
f 2091 2125 2131
f 4713 4720 4639
f 4482 4448 4640
f 4640 4639 4482
f 2197 2257 2187
f 2187 2257 2327
f 3960 3801 3921
f 3921 4266 3960
f 2810 2632 2893
f 2702 2695 2621
f 3515 4089 3862
f 4215 4438 4274
f 2098 2103 2091
f 4720 4713 4746
f 2364 2327 2257
f 2632 2364 2692
f 2632 2692 2893
f 3370 3801 3526
f 2983 2908 2695
f 3515 3709 3357
f 3515 3862 3709
f 4274 3862 4089
f 4274 4089 4215
f 2544 2570 2503
f 4274 4438 4661
f 4594 4274 4661
f 2275 2177 2224
f 2129 2103 2098
f 4640 4713 4639
f 3124 3319 3226
f 3261 3319 3124
f 3261 3492 3319
f 3357 3492 3261
f 2908 2983 3124
f 2544 2621 2570
f 4594 4661 4737
f 4737 4661 4750
f 4750 4777 4782
f 2163 2138 2129
f 2103 2125 2091
f 4266 4640 4448
f 2695 2908 2793
f 3357 3709 3492
f 2621 2695 2659
f 2659 2570 2621
f 2464 2275 2418
f 4791 4787 4798
f 4746 4713 4761
f 4640 4266 4526
f 2364 2650 2692
f 3160 3012 3100
f 3801 3370 3779
f 2695 2793 2737
f 4798 4787 4761
f 4787 4746 4761
f 3160 3100 3277
f 3160 3277 3370
f 3862 3850 3709
f 2737 2659 2695
f 3850 3862 4274
f 4337 3850 4274
f 4782 4777 4791
f 2301 2197 2125
f 2301 2257 2197
f 2257 2346 2364
f 4266 3970 4238
f 3921 3970 4266
f 2893 2692 2919
f 2692 2767 2919
f 3012 2893 2919
f 2919 3100 3012
f 3801 3779 3970
f 3970 3921 3801
f 3124 3046 2908
f 3124 3226 3046
f 4274 4594 4337
f 2129 2138 2103
f 2103 2167 2125
f 4713 4716 4761
f 2167 2301 2125
f 4713 4640 4716
f 2257 2301 2346
f 2454 2364 2346
f 2454 2650 2364
f 2767 2692 2650
f 2908 2948 2793
f 2948 2908 3046
f 3492 3709 3886
f 2701 2659 2737
f 4594 4590 4337
f 4594 4737 4590
f 4782 4791 4813
f 4813 4791 4822
f 4791 4798 4822
f 2346 2301 2454
f 3090 3100 2919
f 3779 3370 3716
f 3100 3090 3277
f 3492 3547 3319
f 2793 2948 2811
f 3886 3709 3850
f 4750 4782 4796
f 4526 4266 4424
f 4424 4266 4238
f 2793 2701 2737
f 2701 2793 2811
f 3850 4337 4236
f 4737 4750 4796
f 4782 4813 4796
f 2177 2163 2224
f 4872 4822 4824
f 4822 4798 4824
f 4824 4798 4761
f 4526 4549 4640
f 2919 2767 2869
f 3370 3277 3549
f 3370 3549 3716
f 3226 3236 3046
f 3046 3236 3173
f 3319 3547 3226
f 3226 3547 3236
f 3886 3775 3492
f 3492 3775 3547
f 3850 4236 3886
f 2598 2570 2659
f 2503 2464 2418
f 2138 2163 2177
f 4911 4813 4822
f 4824 4882 4872
f 4882 4824 4818
f 4824 4761 4818
f 4761 4716 4819
f 4819 4818 4761
f 2301 2299 2454
f 2392 2650 2454
f 3090 3549 3277
f 3547 3307 3236
f 3547 3419 3307
f 3173 2948 3046
f 2701 2598 2659
f 4337 4590 4537
f 4537 4590 4646
f 4737 4646 4590
f 4826 4796 4813
f 4822 4872 4911
f 4872 4882 4911
f 4716 4651 4819
f 2167 2185 2301
f 2185 2299 2301
f 4526 4424 4549
f 2454 2299 2392
f 2650 2392 2767
f 3970 3716 3875
f 3875 4238 3970
f 2919 2869 3028
f 2919 3028 3090
f 3549 3090 3217
f 3716 3970 3779
f 3428 3307 3419
f 3428 3419 3638
f 3547 3638 3419
f 3547 3775 3638
f 4130 3886 4236
f 2701 2696 2598
f 4236 4337 4537
f 4737 4796 4826
f 4813 4911 4826
f 4911 4882 4916
f 4916 4882 4818
f 4819 4916 4818
f 4716 4640 4651
f 4640 4549 4651
f 2767 2392 2530
f 3090 3159 3217
f 3278 3307 3361
f 3307 3428 3361
f 3307 3278 3236
f 2948 3173 2799
f 3236 3278 3173
f 2948 2799 2811
f 3886 4048 3775
f 3886 4130 4048
f 2598 2696 2620
f 2598 2620 2570
f 4826 4646 4737
f 4269 4424 4238
f 2869 2767 2530
f 3090 3028 3159
f 3428 3487 3361
f 2503 2493 2464
f 2493 2503 2570
f 4820 4646 4826
f 4820 4826 4926
f 4826 4911 4926
f 4926 4911 4916
f 2153 2167 2103
f 2299 2393 2392
f 2392 2393 2530
f 2869 2530 2742
f 3217 3159 3275
f 3217 3275 3549
f 3704 3487 3428
f 3173 3278 2999
f 3638 3704 3428
f 2799 3173 2999
f 3775 4048 3638
f 2701 2799 2696
f 2811 2799 2701
f 4130 4250 4048
f 4250 4130 4236
f 4646 4571 4537
f 4646 4820 4662
f 2275 2260 2177
f 2180 2138 2177
f 2138 2120 2103
f 4819 4799 4916
f 2153 2185 2167
f 4819 4651 4676
f 2185 2291 2299
f 4549 4614 4651
f 3875 4269 4238
f 2869 2742 3028
f 3549 3619 3716
f 4571 4236 4537
f 4662 4571 4646
f 2260 2275 2464
f 4886 4820 4926
f 2260 2180 2177
f 4926 4916 4933
f 4933 4916 4895
f 4799 4895 4916
f 2103 2120 2153
f 4799 4819 4676
f 2291 2393 2299
f 4614 4549 4424
f 3875 3784 4269
f 3716 3784 3875
f 3549 3275 3619
f 3619 3784 3716
f 3361 3510 3278
f 3638 4048 3704
f 4250 4236 4571
f 4614 4676 4651
f 2530 2393 2552
f 3361 3487 3510
f 3704 3627 3487
f 4250 4200 4048
f 4662 4820 4830
f 4820 4886 4830
f 4928 4886 4926
f 4928 4926 4933
f 2136 2138 2180
f 2138 2136 2120
f 4374 4583 4614
f 2393 2291 2356
f 2552 2393 2356
f 4374 4614 4424
f 3784 3717 4269
f 2742 2916 3058
f 3058 3028 2742
f 3159 3028 3165
f 3028 3058 3165
f 3159 3165 3275
f 3487 3627 3510
f 2999 2899 2799
f 2791 2620 2696
f 4200 4250 4571
f 2570 2620 2566
f 2566 2493 2570
f 2213 2185 2153
f 4614 4583 4676
f 4424 4269 4374
f 2530 2552 2775
f 2775 2742 2530
f 2742 2775 2916
f 4269 3717 4157
f 3717 3784 3619
f 3278 3056 2999
f 3278 3156 3056
f 4048 4200 3986
f 4648 4571 4662
f 2260 2246 2180
f 2185 2213 2291
f 3717 3619 3500
f 3510 3432 3278
f 2999 3056 2899
f 4048 3986 3704
f 2899 2696 2799
f 2791 2696 2899
f 3986 4200 4436
f 4436 4200 4571
f 4528 4436 4571
f 4571 4648 4528
f 4662 4830 4800
f 2136 2203 2120
f 4895 4799 4846
f 4799 4676 4846
f 4269 4309 4374
f 4309 4583 4374
f 4269 4157 4309
f 3646 4157 3717
f 3275 3165 3408
f 3619 3275 3408
f 3619 3408 3500
f 3432 3510 3688
f 3278 3432 3156
f 3510 3627 3688
f 3627 3704 3688
f 2642 2620 2791
f 4800 4830 4886
f 4933 4895 4963
f 4963 4895 4887
f 2136 2180 2203
f 4895 4846 4887
f 2203 2153 2120
f 2203 2213 2153
f 4846 4676 4732
f 4603 4732 4676
f 4470 4676 4583
f 2356 2304 2552
f 4470 4583 4309
f 3058 2916 3032
f 3688 3704 3986
f 2967 2899 3056
f 3986 4436 4213
f 4800 4886 4894
f 4886 4928 4894
f 4894 4928 4951
f 4928 4933 4951
f 2213 2266 2291
f 2266 2304 2291
f 2356 2291 2304
f 2552 2304 2629
f 4309 4157 4196
f 2552 2629 2730
f 2775 2552 2730
f 2775 2877 2916
f 3717 3500 3646
f 3058 3332 3165
f 3408 3165 3332
f 3688 3986 3849
f 4662 4800 4648
f 4951 4933 4963
f 2213 2240 2266
f 4603 4676 4470
f 4157 3646 3825
f 2775 2730 2877
f 2916 2877 3032
f 3032 3220 3058
f 3220 3332 3058
f 3500 3408 3524
f 3408 3332 3524
f 3432 3508 3314
f 3688 3508 3432
f 4648 4633 4528
f 2260 2264 2246
f 2246 2203 2180
f 2203 2240 2213
f 3646 3500 3524
f 3432 3314 3156
f 3688 3631 3508
f 3631 3688 3849
f 2899 2967 2896
f 2899 2853 2791
f 2853 2899 2896
f 4846 4732 4764
f 2266 2335 2304
f 2304 2335 2629
f 4157 3825 4107
f 4107 4196 4157
f 2877 2730 3000
f 3220 3032 3238
f 3524 3475 3646
f 3220 3475 3332
f 3524 3332 3475
f 2967 3056 3074
f 3156 3074 3056
f 3074 3156 3314
f 3074 2896 2967
f 2791 2853 2642
f 2566 2620 2642
f 4887 4846 4764
f 2240 2293 2266
f 2293 2335 2266
f 2629 2335 2661
f 3032 2877 3238
f 3646 3475 3825
f 3508 3502 3314
f 4575 4213 4436
f 4575 4436 4528
f 4885 4800 4894
f 4951 4963 4964
f 3220 3238 3602
f 3220 3602 3475
f 3475 3602 3825
f 3711 3508 3752
f 3508 3631 3752
f 3849 3752 3631
f 3986 3946 3849
f 4213 4268 3946
f 4213 3946 3986
f 4268 4213 4575
f 4575 4528 4633
f 4894 4951 4885
f 2260 2314 2264
f 2314 2260 2464
f 4764 4732 4603
f 2790 2629 2661
f 3825 3896 4107
f 3582 3508 3711
f 3582 3314 3502
f 3508 3582 3502
f 3711 3752 3816
f 3849 3946 3752
f 2853 2592 2642
f 2592 2853 2896
f 4633 4648 4800
f 4800 4885 4633
f 4885 4951 4937
f 4951 4964 4937
f 4963 4887 4927
f 4309 4196 4470
f 4107 4219 4196
f 2730 2629 2790
f 3000 2730 2790
f 3402 3314 3582
f 3816 3752 3946
f 2904 3074 3314
f 2566 2415 2493
f 2203 2225 2240
f 2240 2292 2293
f 2349 2335 2293
f 2335 2349 2661
f 3825 3602 3896
f 3711 3771 3582
f 3771 3711 3816
f 3074 2904 2896
f 2896 2904 2797
f 2592 2566 2642
f 4889 4927 4887
f 2225 2292 2240
f 4574 4623 4603
f 4574 4603 4470
f 4515 4574 4470
f 3238 3483 3602
f 3768 3896 3602
f 3402 3582 3635
f 3582 3771 3635
f 3206 3314 3402
f 3816 3946 3993
f 3206 2904 3314
f 2797 2592 2896
f 2566 2592 2524
f 2415 2566 2524
f 4885 4937 4892
f 2314 2464 2493
f 2264 2227 2246
f 2246 2227 2203
f 4603 4790 4764
f 4790 4603 4623
f 4515 4470 4196
f 2711 2790 2661
f 3896 4219 4107
f 3993 3771 3816
f 4268 4575 4529
f 4944 4937 4964
f 2415 2314 2493
f 2227 2223 2203
f 4764 4790 4887
f 2203 2223 2225
f 2292 2349 2293
f 2790 2711 2850
f 3238 2877 3239
f 3602 3483 3768
f 3836 3771 3993
f 3946 4287 3993
f 2904 2921 2797
f 3946 4268 4287
f 4529 4287 4268
f 4634 4529 4575
f 2577 2592 2797
f 4575 4633 4634
f 4633 4885 4634
f 4964 4963 4939
f 4963 4927 4939
f 4375 4515 4196
f 2943 3000 2790
f 3635 3509 3402
f 3771 3731 3635
f 3635 3731 3509
f 3771 3836 3731
f 2904 3206 2921
f 4964 4939 4955
f 4889 4887 4790
f 2225 2252 2292
f 2596 2661 2349
f 4196 4219 4375
f 4219 4142 4375
f 2790 2850 2943
f 3975 4219 3896
f 2877 3000 3239
f 2592 2577 2524
f 2415 2524 2439
f 2475 2596 2349
f 2661 2596 2711
f 4219 3975 4142
f 3896 3768 3975
f 3744 3509 3731
f 3298 3206 3402
f 2921 3206 2988
f 2797 2783 2577
f 2577 2474 2524
f 4634 4885 4892
f 2474 2439 2524
f 4892 4937 4944
f 2227 2226 2223
f 4574 4542 4623
f 4542 4574 4515
f 3238 3239 3483
f 3402 3532 3298
f 3402 3509 3532
f 3993 4011 3836
f 3206 3298 2988
f 4568 4287 4529
f 2314 2415 2439
f 2314 2439 2288
f 2264 2288 2227
f 2314 2288 2264
f 2349 2365 2475
f 4515 4375 4542
f 2711 2596 2850
f 3087 3000 2943
f 3000 3087 3239
f 3744 3731 3836
f 3993 4287 4011
f 2921 2894 2797
f 2894 2921 2988
f 4568 4529 4634
f 4944 4964 4948
f 2288 2226 2227
f 2279 2292 2252
f 2349 2292 2365
f 3768 3879 3975
f 3483 3879 3768
f 3509 3744 3532
f 4287 4568 4011
f 4634 4857 4568
f 2577 2627 2474
f 4634 4892 4857
f 2474 2288 2439
f 2225 2223 2252
f 2223 2279 2252
f 2596 2892 2850
f 2850 2892 2943
f 3975 3879 3924
f 3924 4142 3975
f 3239 3369 3483
f 2577 2783 2627
f 4892 4944 4923
f 4923 4944 4948
f 2288 2474 2308
f 2288 2308 2226
f 4964 4955 4948
f 2365 2292 2279
f 4542 4577 4623
f 4375 4425 4542
f 2898 2596 2475
f 4142 4220 4375
f 4220 4425 4375
f 2596 2898 2892
f 2943 2892 3087
f 3239 3087 3181
f 3239 3181 3369
f 3483 3369 3613
f 3613 3879 3483
f 3744 3741 3532
f 3532 3741 3439
f 3532 3439 3298
f 2797 2894 2783
f 2360 2308 2474
f 4542 4425 4577
f 4063 4220 4142
f 3924 4063 4142
f 3087 2892 2979
f 3744 3836 3741
f 4923 4857 4892
f 2226 2216 2223
f 4623 4577 4790
f 2417 2568 2475
f 2475 2568 2898
f 2892 2898 2979
f 3181 3087 3183
f 3879 3613 3747
f 3747 3924 3879
f 3836 3929 3741
f 4011 3929 3836
f 4011 4568 4641
f 2627 2429 2474
f 2474 2429 2360
f 4939 4927 4889
f 2216 2279 2223
f 2475 2365 2417
f 4577 4425 4569
f 2979 2898 2568
f 3087 2979 3183
f 3181 3183 3446
f 3446 3369 3181
f 3741 3725 3439
f 3439 3725 3541
f 3439 3541 3298
f 3014 2988 3298
f 4568 4658 4641
f 2894 2774 2783
f 4568 4838 4658
f 2783 2774 2627
f 4568 4857 4838
f 4790 4569 4889
f 4790 4577 4569
f 2279 2417 2365
f 3613 3369 3446
f 3934 3929 4011
f 2988 3014 2894
f 4923 4948 4956
f 4955 4939 4967
f 2216 2255 2279
f 2255 2417 2279
f 3183 2979 3119
f 3183 3119 3446
f 3298 3541 3401
f 3659 3725 3809
f 3659 3541 3725
f 3809 3725 3929
f 3725 3741 3929
f 4641 4544 4011
f 2268 2308 2360
f 3750 3659 3809
f 3541 3659 3401
f 3809 3929 3934
f 3298 3401 3014
f 3014 2910 2894
f 2774 2582 2627
f 2582 2429 2627
f 2543 2429 2582
f 4956 4948 4966
f 4948 4955 4966
f 4955 4967 4966
f 2308 2243 2226
f 2243 2195 2226
f 4939 4889 4930
f 4930 4889 4869
f 4889 4569 4869
f 2600 2568 2417
f 4220 4063 4370
f 4370 4425 4220
f 2979 2568 2950
f 3924 3797 4063
f 2979 3067 3119
f 3613 3446 3636
f 3613 3636 3747
f 3659 3750 3594
f 3594 3401 3659
f 2774 2910 2582
f 2774 2894 2910
f 4857 4909 4838
f 4923 4909 4857
f 2308 2268 2243
f 4370 4569 4425
f 2600 2950 2568
f 4063 4248 4370
f 3119 3067 3196
f 3119 3196 3446
f 3994 3750 3809
f 3809 3934 3994
f 2920 2910 3014
f 4658 4838 4641
f 5014 4966 4967
f 2226 2195 2216
f 2216 2284 2255
f 4869 4569 4565
f 2417 2342 2505
f 4569 4370 4565
f 2505 2600 2417
f 2979 2950 3067
f 3747 3636 3797
f 3797 3924 3747
f 3594 3581 3401
f 3014 3017 2920
f 4011 4544 4335
f 2582 2612 2543
f 4909 4923 4956
f 4967 5008 5014
f 4967 4939 5008
f 4939 4930 5008
f 2284 2417 2255
f 2342 2417 2284
f 2505 2643 2600
f 3446 3196 3437
f 3750 3763 3581
f 3594 3750 3581
f 3750 3909 3763
f 3909 3750 3994
f 3014 3401 3017
f 3401 3248 3017
f 4011 4335 3934
f 2786 2910 2920
f 4780 4544 4641
f 2910 2786 2582
f 4780 4641 4838
f 2612 2582 2786
f 2429 2438 2360
f 2360 2438 2268
f 4063 3797 3805
f 3446 3437 3636
f 3994 3934 4335
f 4118 3994 4335
f 4557 4335 4544
f 4544 4780 4557
f 2543 2438 2429
f 5023 4966 5014
f 5023 4956 4966
f 4930 4869 4922
f 2505 2342 2643
f 4370 4474 4565
f 4248 4063 3805
f 2950 3168 3067
f 3581 3763 3548
f 3581 3548 3339
f 3401 3581 3339
f 3017 2946 2920
f 2543 2551 2438
f 5023 5014 5031
f 5014 5008 5031
f 2216 2236 2284
f 2760 2600 2643
f 4474 4370 4248
f 2760 2950 2600
f 3067 3168 3196
f 3636 3437 3577
f 3797 3636 3577
f 3577 3805 3797
f 3248 3401 3339
f 4557 4780 4724
f 4858 4724 4780
f 4780 4838 4858
f 2609 2612 2786
f 4909 4858 4838
f 4952 4858 4909
f 2612 2609 2551
f 2612 2551 2543
f 4909 4956 4952
f 4565 4588 4869
f 2932 2950 2760
f 3196 3168 3271
f 3437 3196 3271
f 3763 3723 3548
f 3909 3931 3763
f 3763 3931 3723
f 3909 3994 3931
f 2786 2946 2838
f 2946 2786 2920
f 2786 2838 2609
f 4956 5023 4952
f 2438 2421 2268
f 4930 4922 4975
f 4869 4721 4922
f 2236 2258 2284
f 4588 4721 4869
f 4474 4588 4565
f 4302 4588 4474
f 4302 4474 4248
f 2950 2932 3168
f 3655 3805 3577
f 3248 3339 3017
f 4118 4335 4557
f 2268 2251 2243
f 4930 4975 5008
f 2315 2342 2284
f 2342 2532 2643
f 2857 2932 2760
f 3805 4162 4248
f 3805 3655 4009
f 4009 4162 3805
f 3271 3394 3437
f 3577 3437 3655
f 3723 3660 3548
f 3994 4088 3931
f 3994 4118 4088
f 2268 2421 2251
f 2195 2236 2216
f 2284 2258 2315
f 2342 2315 2532
f 2643 2532 2618
f 2618 2760 2643
f 4248 4162 4302
f 2932 2982 3168
f 3168 3283 3271
f 3271 3283 3394
f 3394 3655 3437
f 3660 3723 3806
f 4202 4088 4118
f 4557 4755 4118
f 4925 4858 4952
f 5023 5031 5037
f 5031 5008 5018
f 2752 2760 2618
f 2857 2982 2932
f 3655 3657 4009
f 2982 3140 3168
f 3140 3283 3168
f 3806 3723 3931
f 3339 3548 3504
f 3339 3242 3017
f 4755 4202 4118
f 4557 4724 4755
f 4755 4724 4858
f 4858 4925 4900
f 2438 2514 2421
f 2514 2438 2551
f 4975 4922 4870
f 4721 4760 4922
f 4760 4870 4922
f 4721 4588 4760
f 2760 2752 2857
f 4009 3657 3707
f 3140 3347 3283
f 3657 3655 3559
f 3394 3283 3465
f 3559 3394 3465
f 3655 3394 3559
f 3504 3548 3660
f 4010 3931 4088
f 3242 3339 3504
f 3017 3242 2953
f 2874 2946 3017
f 2874 3017 2953
f 2838 2874 2822
f 2946 2874 2838
f 4834 4755 4858
f 2838 2822 2585
f 2609 2838 2585
f 2551 2609 2585
f 4900 4925 4996
f 2585 2514 2551
f 4996 4925 4952
f 4952 5023 4996
f 4996 5023 5037
f 2251 2241 2243
f 2243 2241 2195
f 5008 4975 4995
f 2195 2222 2236
f 2258 2532 2315
f 3559 3707 3657
f 3660 3758 3504
f 3806 3758 3660
f 3931 3918 3806
f 3806 3918 3758
f 3931 4010 3918
f 4858 4900 4834
f 2251 2421 2241
f 2241 2215 2195
f 4975 4870 4995
f 2222 2287 2236
f 2287 2258 2236
f 2287 2532 2258
f 4588 4512 4760
f 2982 2857 3233
f 3140 2982 3233
f 3347 3140 3233
f 3347 3465 3283
f 3559 3465 3707
f 4551 4202 4755
f 4834 4900 4919
f 4900 4996 4971
f 2514 2425 2421
f 2287 2537 2532
f 4302 4512 4588
f 2618 2532 2628
f 4302 4162 4431
f 2857 3022 3233
f 4088 4180 4010
f 4202 4180 4088
f 2953 2951 2874
f 4919 4900 4971
f 5037 5031 5018
f 4870 4760 4959
f 2628 2532 2537
f 2628 2752 2618
f 4009 3799 3762
f 3707 3799 4009
f 4009 3762 4032
f 3347 3233 3389
f 3465 3347 3389
f 3465 3389 3707
f 3504 3758 3663
f 4010 4121 3918
f 3504 3451 3362
f 3242 2951 2953
f 2585 2822 2780
f 2585 2780 2601
f 4996 5037 5035
f 4302 4431 4512
f 4162 4203 4431
f 4162 4009 4032
f 3022 3172 3233
f 3707 3389 3799
f 3758 3738 3663
f 3758 3918 3738
f 4010 4180 4121
f 4551 4180 4202
f 3242 3362 2951
f 3362 3242 3504
f 2874 2951 2863
f 4551 4755 4834
f 4905 4834 4919
f 5016 4971 4996
f 2585 2601 2514
f 4996 5035 5016
f 2421 2263 2241
f 4995 4870 4959
f 3233 3172 3301
f 3389 3233 3301
f 3504 3663 3451
f 3918 3979 3738
f 4121 3979 3918
f 2874 2863 2780
f 2874 2780 2822
f 4905 4919 4971
f 2263 2215 2241
f 5008 4995 5018
f 2215 2214 2195
f 2195 2214 2222
f 4593 4760 4512
f 2628 2727 2752
f 4162 4032 4203
f 2857 2752 3022
f 3799 3389 3459
f 3389 3301 3459
f 3799 3459 3762
f 3663 3738 3720
f 4316 3979 4121
f 4121 4180 4316
f 4430 4180 4551
f 2214 2250 2222
f 2250 2287 2222
f 3022 3167 3172
f 3451 3663 3517
f 3663 3720 3517
f 3738 3937 3720
f 3979 3937 3738
f 3517 3362 3451
f 2951 3362 3171
f 4766 4551 4834
f 4766 4834 4905
f 5035 5037 5018
f 2425 2263 2421
f 2537 2287 2250
f 4760 4647 4959
f 4760 4593 4647
f 2752 2727 2980
f 3022 2752 3167
f 2752 2980 3167
f 3634 3720 3937
f 3634 3517 3720
f 4180 4430 4316
f 4905 4971 4974
f 2509 2514 2601
f 2298 2263 2425
f 2263 2204 2215
f 2567 2628 2537
f 4032 3762 3887
f 4032 3887 4203
f 3301 3172 3167
f 3301 3167 3459
f 3767 3634 3926
f 3937 3926 3634
f 3362 3517 3399
f 3979 4082 3937
f 4082 3979 4316
f 4551 4504 4430
f 2601 2780 2561
f 2601 2561 2509
f 2509 2416 2514
f 5016 5035 5036
f 2514 2416 2425
f 2263 2298 2238
f 2263 2238 2204
f 2204 2214 2215
f 5018 4995 4983
f 4995 4959 4983
f 4593 4512 4536
f 4512 4431 4536
f 3589 3762 3459
f 3585 3634 3767
f 3585 3399 3517
f 3634 3585 3517
f 3926 3937 4082
f 3171 3362 3399
f 4430 4504 4316
f 4635 4504 4551
f 4551 4766 4635
f 2561 2780 2588
f 4971 5016 4974
f 4852 4959 4647
f 2250 2449 2537
f 2449 2567 2537
f 4431 4343 4536
f 2628 2567 2614
f 4431 4203 4343
f 3762 3589 3729
f 3762 3729 3887
f 4316 4262 4082
f 2951 3171 2863
f 4873 4635 4766
f 4905 4873 4766
f 4905 4974 4873
f 2425 2416 2298
f 5035 5018 5005
f 4983 4959 4852
f 4593 4536 4647
f 2614 2727 2628
f 2753 2727 2614
f 2727 2753 2980
f 4203 3887 4343
f 3167 2980 3186
f 3186 3367 3167
f 3167 3367 3459
f 4082 4262 4139
f 4262 4316 4504
f 4983 5005 5018
f 4983 4946 5005
f 4852 4946 4983
f 4647 4536 4672
f 3589 3459 3367
f 3767 3632 3585
f 3585 3632 3522
f 3767 3864 3632
f 3926 3864 3767
f 3522 3399 3585
f 3376 3399 3522
f 4082 4139 3926
f 3292 3399 3376
f 2863 3171 2903
f 2694 2588 2780
f 2561 2575 2509
f 2509 2515 2416
f 2273 2298 2416
f 2250 2310 2449
f 4647 4672 4852
f 2567 2616 2614
f 2753 3015 2980
f 2980 3015 3155
f 2980 3155 3186
f 3926 4017 3864
f 4017 3926 4139
f 4139 4262 4504
f 3292 3171 3399
f 4582 4139 4504
f 4582 4504 4635
f 2863 2903 2694
f 2780 2863 2694
f 2298 2273 2238
f 2221 2265 2214
f 2214 2265 2250
f 3522 3632 3498
f 3498 3632 3754
f 3632 3864 3754
f 3272 3171 3292
f 2561 2588 2575
f 4977 4873 4974
f 4974 5016 5010
f 2515 2509 2575
f 2416 2396 2273
f 4993 5005 4946
f 2204 2206 2214
f 2250 2265 2310
f 4343 3887 4212
f 3015 3203 3155
f 3367 3186 3349
f 3186 3155 3349
f 3596 3887 3729
f 3498 3376 3522
f 3272 3292 3376
f 4635 4912 4582
f 4912 4635 4873
f 2694 2575 2588
f 5016 5036 5010
f 2273 2204 2238
f 4672 4946 4852
f 2516 2567 2449
f 2516 2616 2567
f 4536 4343 4567
f 2753 2614 2681
f 2883 2753 2681
f 2753 2883 3203
f 3015 2753 3203
f 3367 3349 3589
f 3754 3653 3498
f 3864 4017 3754
f 3272 2903 3171
f 4912 4873 4977
f 5010 4977 4974
f 5035 5005 5025
f 5025 5005 4993
f 2206 2221 2214
f 4954 4946 4672
f 2516 2449 2310
f 4679 4672 4536
f 4343 4212 4567
f 3887 3596 4212
f 3589 3349 3413
f 3596 3729 3413
f 3413 3729 3589
f 3376 3498 3272
f 4139 4160 4017
f 4160 4139 4742
f 4139 4582 4742
f 2515 2396 2416
f 4993 4946 4954
f 4672 4679 4954
f 2614 2616 2681
f 3203 3349 3155
f 3653 3565 3498
f 4017 4160 4027
f 2903 3272 3198
f 2903 2844 2694
f 2310 2265 2516
f 4567 4679 4536
f 3203 2883 3085
f 4212 3596 3534
f 3203 3312 3349
f 3653 3726 3565
f 3754 3828 3653
f 3653 3828 3726
f 4017 3828 3754
f 4017 4027 3828
f 2844 2903 3198
f 4742 4582 4912
f 2691 2694 2844
f 2575 2694 2573
f 4912 4977 4957
f 2573 2515 2575
f 5010 5036 5003
f 2273 2396 2307
f 2221 2262 2265
f 4954 4679 4915
f 3312 3203 3085
f 3272 3498 3198
f 4299 4160 4742
f 4742 4912 4831
f 2691 2573 2694
f 2273 2307 2235
f 5035 5025 5036
f 2273 2206 2204
f 2206 2210 2221
f 4993 4954 4982
f 2210 2262 2221
f 2262 2313 2265
f 2313 2516 2265
f 4631 4679 4567
f 4567 4212 4396
f 2773 2681 2616
f 2773 2883 2681
f 3534 3933 4212
f 3198 2970 2844
f 4912 4957 4831
f 4977 5003 4957
f 5003 4977 5010
f 2515 2380 2396
f 4982 4954 4915
f 4915 4679 4816
f 4679 4631 4816
f 2569 2616 2516
f 2616 2569 2773
f 3349 3312 3413
f 3534 3596 3413
f 3726 3695 3565
f 3565 3695 3583
f 3828 3818 3726
f 3726 3818 3695
f 3828 4027 3818
f 3198 3498 3387
f 3498 3583 3387
f 3583 3498 3565
f 4299 4742 4511
f 2515 2535 2380
f 2396 2380 2307
f 4982 4997 4993
f 4993 4997 5025
f 4631 4567 4396
f 3662 3933 3534
f 3085 3253 3312
f 3708 3695 3834
f 3695 3708 3583
f 3834 3695 3818
f 4027 4041 3818
f 4319 4027 4160
f 4160 4299 4319
f 4742 4831 4511
f 2535 2515 2573
f 5003 5036 5021
f 2313 2459 2516
f 2459 2569 2516
f 4152 4212 3933
f 2883 2773 2868
f 3085 2883 2868
f 3085 2868 3048
f 3085 3048 3253
f 3534 3466 3662
f 3413 3312 3466
f 3534 3413 3466
f 3387 3583 3708
f 3834 3818 4041
f 4041 4027 4319
f 4831 4957 4875
f 2273 2235 2206
f 2235 2209 2206
f 4816 4631 4396
f 3253 3466 3312
f 3662 3466 3682
f 3466 3444 3682
f 3662 3682 3933
f 3834 3772 3708
f 3834 4041 4022
f 3606 3387 3708
f 4319 4214 4041
f 4299 4511 4319
f 3198 3387 2970
f 2844 2726 2691
f 2691 2678 2573
f 4989 4957 5003
f 4989 5003 5021
f 2535 2519 2380
f 5036 5025 5021
f 5021 5025 5026
f 4884 4915 4816
f 4396 4212 4406
f 2569 2631 2677
f 2773 2569 2677
f 2773 2677 2782
f 2773 2782 2868
f 3466 3253 3444
f 3708 3772 3606
f 3834 3843 3772
f 3834 3938 3843
f 3834 4022 3938
f 4022 4041 4214
f 4214 4319 4511
f 2844 2970 2726
f 2691 2726 2678
f 2573 2519 2535
f 2307 2247 2235
f 5026 5025 4997
f 2206 2212 2210
f 4884 4982 4915
f 4495 4816 4396
f 2569 2556 2631
f 4212 4152 4406
f 3253 3048 3231
f 3253 3231 3444
f 3772 3587 3606
f 3938 4016 3843
f 4115 3938 4022
f 2970 3387 3042
f 4875 4957 4910
f 2307 2380 2519
f 4997 4982 4978
f 4978 4982 4884
f 2313 2276 2459
f 2459 2556 2569
f 4396 4406 4495
f 3933 3682 3910
f 3933 3910 4152
f 3938 4115 4016
f 4022 4214 4115
f 3606 3324 3387
f 4511 4602 4214
f 4602 4511 4831
f 4850 4602 4831
f 2970 3042 2726
f 4875 4850 4831
f 2573 2678 2519
f 4910 4957 4989
f 2247 2209 2235
f 3387 3324 3042
f 2676 2678 2726
f 4910 4850 4875
f 2307 2316 2247
f 5021 5026 5051
f 5051 5026 5033
f 5033 5026 4997
f 2206 2209 2212
f 4997 4978 5027
f 2210 2212 2262
f 2262 2276 2313
f 4816 4495 4864
f 2677 2674 2782
f 3231 3048 3374
f 3444 3231 3374
f 3682 3444 3673
f 3444 3374 3673
f 3673 3910 3682
f 4115 4214 4120
f 3042 3324 3228
f 3228 2726 3042
f 2519 2316 2307
f 5044 5021 5051
f 4997 5027 5033
f 2212 2219 2262
f 2262 2219 2276
f 4864 4884 4816
f 2631 2556 2591
f 2674 2631 2591
f 2677 2631 2674
f 2782 2674 2748
f 3913 4152 3910
f 3048 2868 3044
f 3772 3705 3587
f 3843 3899 3772
f 3772 3899 3705
f 4016 3935 3843
f 3843 3935 3899
f 4016 4115 4120
f 3606 3587 3324
f 4214 4264 4120
f 4214 4379 4264
f 4379 4214 4602
f 2935 2726 3228
f 4850 4910 4602
f 4986 4910 4989
f 5044 5051 5072
f 5072 5051 5054
f 5051 5033 5054
f 4152 3913 4406
f 2782 2748 3044
f 2868 2782 3044
f 3048 3044 3374
f 2726 2839 2676
f 2678 2676 2363
f 2519 2678 2363
f 2519 2363 2316
f 5072 5054 5091
f 5091 5054 5050
f 5054 5033 5050
f 2184 2212 2209
f 2459 2496 2556
f 4406 4555 4495
f 2556 2496 2591
f 3673 3780 3910
f 3910 3780 3913
f 3438 3673 3374
f 4016 4120 3935
f 3705 3580 3587
f 3580 3324 3587
f 2726 2935 2839
f 2638 2676 2839
f 5021 5044 5039
f 2247 2199 2209
f 5044 5072 5124
f 5072 5091 5124
f 5091 5113 5124
f 5091 5050 5113
f 2184 2179 2212
f 5050 5033 5027
f 5027 4978 4984
f 3044 2872 3280
f 3374 3044 3280
f 3374 3280 3438
f 3935 4023 3899
f 3935 4120 4023
f 4917 4910 4986
f 4989 5021 5039
f 5069 5039 5044
f 2199 2184 2209
f 5044 5124 5116
f 4978 4884 4931
f 4931 4884 4864
f 4864 4495 4827
f 4406 3913 4195
f 2665 2674 2591
f 2665 2748 2674
f 4120 4151 4023
f 4264 4379 4420
f 4379 4602 4518
f 3228 3324 3316
f 2959 2935 3228
f 2485 2676 2638
f 2363 2676 2485
f 5069 5044 5116
f 5124 5113 5136
f 2184 2122 2179
f 2212 2179 2219
f 4984 4978 4931
f 4827 4495 4555
f 2594 2665 2591
f 3280 2872 3104
f 4128 4023 4151
f 4120 4264 4151
f 3324 3580 3316
f 4518 4420 4379
f 4917 4518 4602
f 2959 2839 2935
f 4917 4602 4910
f 2363 2485 2407
f 4989 5039 4986
f 2407 2316 2363
f 2254 2316 2407
f 2316 2254 2247
f 2247 2254 2199
f 5116 5124 5119
f 2184 2199 2107
f 2184 2107 2122
f 5050 5123 5113
f 5058 5123 5050
f 5050 5027 5058
f 5058 5027 4984
f 4898 4931 4864
f 4898 4864 4827
f 4406 4195 4555
f 3044 2748 2872
f 3936 3899 4023
f 3705 3713 3580
f 3713 3705 3936
f 3899 3936 3705
f 4264 4298 4151
f 4298 4264 4420
f 2959 3228 3316
f 2638 2839 2769
f 2769 2839 2959
f 5039 5069 5064
f 5119 5064 5069
f 5069 5116 5119
f 5136 5113 5147
f 5123 5147 5113
f 2276 2282 2459
f 2459 2440 2496
f 3780 4195 3913
f 2872 2941 3104
f 3286 3438 3280
f 3280 3104 3286
f 4023 4128 3936
f 4151 4298 4128
f 2485 2638 2704
f 4917 4986 4896
f 2254 2146 2199
f 2199 2146 2107
f 5119 5124 5156
f 5124 5136 5156
f 2219 2179 2122
f 2496 2594 2591
f 3685 4195 3780
f 3673 3438 3434
f 4298 4420 4378
f 3713 3316 3580
f 3250 3316 3713
f 4420 4518 4378
f 3316 3250 2959
f 2769 2704 2638
f 4917 4896 4518
f 4986 5039 5064
f 4984 4931 4945
f 4931 4898 4945
f 2282 2440 2459
f 4275 4827 4555
f 4275 4555 4195
f 3973 4195 3685
f 3438 3286 3434
f 3780 3673 3685
f 3673 3434 3685
f 4128 4005 3936
f 4128 4217 4005
f 4128 4298 4217
f 2959 2870 2769
f 2485 2704 2480
f 2485 2480 2407
f 2254 2407 2274
f 4986 5064 5043
f 2254 2274 2146
f 5119 5156 5146
f 5156 5136 5147
f 2107 2106 2122
f 5123 5094 5147
f 5058 4984 5029
f 2219 2202 2276
f 2202 2282 2276
f 4851 4898 4827
f 4736 4851 4827
f 4827 4275 4736
f 2665 2716 2748
f 2748 2889 2872
f 3942 4005 4143
f 4143 4005 4217
f 3936 3796 3713
f 3942 3936 4005
f 3942 3796 3936
f 4518 4481 4378
f 2959 3250 2870
f 4481 4518 4725
f 2274 2407 2341
f 5043 5064 5119
f 5119 5146 5130
f 2146 2093 2107
f 2107 2093 2106
f 5123 5058 5094
f 2106 2165 2122
f 5094 5058 5029
f 2122 2165 2219
f 4945 5029 4984
f 4898 4851 4945
f 2594 2716 2665
f 3104 3091 3286
f 3942 4060 3796
f 3942 4143 4060
f 4217 4332 4221
f 4143 4217 4221
f 3713 3796 3480
f 4217 4298 4332
f 4332 4298 4378
f 4481 4332 4378
f 3310 3250 3713
f 3310 3713 3480
f 2704 2769 2480
f 4896 4865 4518
f 2407 2480 2341
f 4896 4986 5011
f 4986 5043 5011
f 2150 2093 2146
f 2165 2202 2219
f 2594 2496 2716
f 4195 3973 4275
f 3104 2941 3091
f 2941 2958 3091
f 4143 4129 4060
f 4143 4221 4129
f 3796 3827 3480
f 4332 4481 4301
f 3008 2870 3310
f 3250 3310 2870
f 2668 2769 2870
f 4725 4518 4865
f 4965 4865 4896
f 4965 4896 5011
f 2274 2150 2146
f 5127 5147 5094
f 2496 2626 2716
f 3685 3630 3973
f 2716 2889 2748
f 3434 3286 3091
f 3827 3796 4060
f 3827 4060 4047
f 4060 4129 4047
f 4221 4332 4301
f 3480 3395 3310
f 4725 4630 4481
f 2870 2830 2668
f 2668 2480 2769
f 2093 2056 2106
f 5156 5147 5150
f 2056 2064 2106
f 5147 5127 5150
f 2106 2064 2165
f 5094 5029 5127
f 4751 4851 4736
f 2496 2440 2626
f 4501 4736 4275
f 4275 3973 4100
f 2941 2872 2958
f 2872 2889 2958
f 3434 3091 3158
f 3255 3685 3434
f 3255 3434 3158
f 3827 4047 3917
f 3480 3827 3553
f 3008 3310 3395
f 4710 4481 4630
f 3008 2830 2870
f 2341 2137 2274
f 2150 2274 2137
f 5130 5011 5043
f 5119 5130 5043
f 2150 2056 2093
f 2064 2202 2165
f 4945 4980 5029
f 4980 4945 4851
f 3255 3630 3685
f 3827 3917 3755
f 3553 3827 3755
f 4301 4710 4545
f 4481 4710 4301
f 3008 2584 2830
f 2341 2322 2137
f 2480 2322 2341
f 2150 2137 2083
f 2083 2056 2150
f 2056 1966 2025
f 2056 2025 2064
f 5150 5127 5125
f 4851 4751 4980
f 2548 2440 2282
f 2626 2440 2548
f 4275 4100 4501
f 4129 4211 4047
f 4047 4211 4086
f 4129 4221 4211
f 3008 3395 2909
f 2480 2668 2479
f 2830 2479 2668
f 2480 2479 2322
f 5011 5130 5107
f 2083 1981 2056
f 5107 5130 5138
f 5130 5146 5138
f 5138 5146 5156
f 2056 1981 1966
f 2064 2025 1980
f 1980 2067 2064
f 2067 2202 2064
f 5127 5029 5092
f 5092 5125 5127
f 5092 5029 4980
f 2202 2311 2282
f 4501 4751 4736
f 3973 3839 4100
f 2626 2889 2716
f 3839 3973 3630
f 4047 4086 3917
f 4221 4317 4211
f 4317 4221 4301
f 3480 3553 3395
f 2479 2830 2584
f 4710 4630 4725
f 4865 4710 4725
f 2058 2137 2322
f 2083 2137 1934
f 1981 2083 1926
f 1966 1980 2025
f 2067 2311 2202
f 2311 2548 2282
f 2626 2705 2889
f 3630 3360 3839
f 2889 2928 2958
f 2958 2928 3091
f 2584 3008 2706
f 2706 3008 2909
f 2376 2479 2584
f 2322 2191 2058
f 4973 4965 5011
f 5011 5107 4973
f 1981 1940 1966
f 5156 5150 5142
f 5105 5125 5092
f 2548 2705 2626
f 2852 2889 2705
f 2889 2852 2928
f 3360 3630 3255
f 2928 3063 3091
f 3091 3063 3158
f 4273 4117 4086
f 3755 3917 3791
f 4273 4086 4211
f 4317 4273 4211
f 4301 4273 4317
f 3395 3553 3346
f 3395 3244 2909
f 2191 2322 2376
f 2376 2322 2479
f 4865 4965 4973
f 2058 1934 2137
f 2083 1934 1926
f 1926 1895 1981
f 1895 1940 1981
f 1940 1919 1966
f 1966 1919 1980
f 1977 2067 1980
f 4489 4501 4100
f 4100 3839 4007
f 3839 3871 4007
f 2705 2709 2852
f 3063 3255 3158
f 4086 4117 3965
f 3917 3965 3791
f 3965 3917 4086
f 4586 4273 4301
f 4301 4545 4586
f 3395 3346 3244
f 2706 2909 2539
f 4865 4973 4710
f 2191 1992 2058
f 2058 1992 1934
f 5020 4973 5107
f 5128 5138 5142
f 5138 5156 5142
f 5150 5125 5158
f 4877 4980 4751
f 4501 4489 4607
f 4607 4751 4501
f 2548 2540 2705
f 4007 4489 4100
f 3871 3839 3360
f 2852 2917 2928
f 2928 2917 3063
f 3331 3255 3063
f 3331 3360 3255
f 3755 3791 3608
f 3608 3553 3755
f 4702 4545 4710
f 4968 4702 4710
f 2376 2584 2706
f 2191 2060 2054
f 2376 2060 2191
f 2191 2054 1992
f 1934 1808 1926
f 5128 5107 5138
f 1819 1926 1808
f 1895 1926 1819
f 1830 1895 1819
f 1800 1895 1830
f 1885 1940 1895
f 1885 1919 1940
f 1919 1977 1980
f 5105 5092 5122
f 2067 2110 2311
f 4607 4877 4751
f 2311 2319 2548
f 2705 2540 2709
f 2709 2787 2852
f 2917 3146 3063
f 3146 3331 3063
f 3360 3331 3871
f 3791 3965 3608
f 4428 4273 4586
f 2881 2909 3244
f 3608 3346 3553
f 2376 2478 2060
f 2376 2706 2478
f 2706 2539 2478
f 4968 4710 4973
f 1808 1934 1804
f 1804 1934 1992
f 5107 5128 5020
f 1692 1819 1808
f 1800 1885 1895
f 5092 4980 5085
f 5085 5122 5092
f 1977 2110 2067
f 4980 4877 5085
f 2917 2852 3009
f 3146 2917 3009
f 3146 3009 3331
f 4273 4428 4117
f 3461 3346 3608
f 3461 3244 3346
f 2539 2909 2881
f 5020 4968 4973
f 1992 2054 1804
f 1617 1808 1804
f 1808 1617 1692
f 5020 5128 5108
f 1800 1832 1885
f 5142 5150 5161
f 1832 1898 1885
f 1898 1919 1885
f 5161 5150 5158
f 5125 5105 5145
f 5105 5122 5145
f 4836 4877 4607
f 2319 2540 2548
f 3813 4007 3871
f 2709 2657 2787
f 2852 2787 2938
f 3009 2852 2938
f 3871 3331 3306
f 3965 4074 3667
f 3461 3608 3667
f 3965 3667 3608
f 4545 4702 4586
f 2060 2478 1988
f 2441 2478 2539
f 2060 1860 2054
f 1860 1804 2054
f 1692 1564 1819
f 5128 5142 5161
f 1830 1564 1800
f 1830 1819 1564
f 1800 1801 1832
f 5161 5158 5188
f 5158 5125 5188
f 4607 4437 4621
f 4836 4607 4621
f 4437 4607 4489
f 4489 4007 3813
f 3871 3721 3813
f 2787 2657 2938
f 3331 3009 3306
f 3721 3871 3306
f 4117 4329 3965
f 3965 4329 4074
f 4428 4329 4117
f 3461 3667 3563
f 4428 4586 4519
f 3204 3244 3461
f 2162 2478 2441
f 2539 2881 2441
f 3244 3204 2881
f 1888 1988 2162
f 2162 1988 2478
f 2060 1988 1860
f 1860 1470 1685
f 1860 1685 1804
f 1617 1685 1470
f 1804 1685 1617
f 5108 5128 5175
f 5128 5161 5175
f 1800 1564 1561
f 1801 1800 1561
f 1832 1801 1852
f 1852 1898 1832
f 5188 5125 5201
f 1919 1951 1977
f 1977 2022 2110
f 2110 2319 2311
f 2540 2319 2351
f 2709 2540 2657
f 3204 3461 3563
f 1512 1860 1888
f 4702 4968 4744
f 1988 1888 1860
f 4968 5020 4744
f 5020 5108 5118
f 1786 1852 1801
f 5125 5145 5201
f 1919 1898 1951
f 1977 1951 1971
f 1971 2022 1977
f 4489 3813 4437
f 3009 2938 2890
f 3176 3204 3563
f 1953 2441 2448
f 2441 2881 2448
f 2878 2881 3176
f 3176 2881 3204
f 4586 4702 4744
f 1888 2162 2441
f 1829 1888 2441
f 1860 1512 1470
f 1617 1470 1393
f 1393 1692 1617
f 1561 1564 1468
f 5175 5161 5205
f 5161 5188 5205
f 1801 1561 1786
f 1898 1852 1867
f 4877 4836 5085
f 4036 4437 3813
f 2351 2511 2540
f 2540 2511 2657
f 2657 2703 2938
f 3009 2890 3306
f 3604 3721 3306
f 4329 4323 4074
f 4329 4428 4519
f 3667 4074 3563
f 2881 2878 2448
f 1512 1888 1610
f 1610 1888 1829
f 1829 2441 1953
f 1512 1363 1470
f 1363 1338 1470
f 4744 5020 5118
f 1329 1393 1338
f 1470 1338 1393
f 1241 1324 1329
f 1692 1329 1564
f 1393 1329 1692
f 1329 1324 1564
f 1339 1564 1324
f 5205 5188 5207
f 1561 1389 1786
f 1786 1389 1703
f 5207 5188 5201
f 5145 5159 5201
f 5145 5122 5159
f 5151 5122 5085
f 5090 5151 5085
f 4836 5090 5085
f 2022 2201 2110
f 2201 2319 2110
f 2319 2201 2351
f 4323 4136 4074
f 3176 3563 4074
f 4519 4586 4595
f 4744 4595 4586
f 1610 1829 1953
f 5062 4744 5118
f 1338 1241 1329
f 5118 5108 5175
f 1241 1111 1324
f 1339 1324 1111
f 1564 1339 1354
f 1564 1354 1468
f 1389 1561 1468
f 1898 1971 1951
f 2201 2305 2351
f 3721 3604 3732
f 3721 3732 3813
f 4136 4323 4294
f 4294 4323 4401
f 4074 3396 3176
f 4323 4519 4401
f 4323 4329 4519
f 1757 1953 2092
f 1953 2448 2092
f 2448 2878 2092
f 1953 1757 1610
f 1512 1534 1364
f 1610 1534 1512
f 1512 1364 1363
f 1338 1363 1217
f 1217 1241 1338
f 1354 1389 1468
f 1994 2022 1971
f 1994 2201 2022
f 4862 4836 4621
f 4862 4621 4437
f 4036 4336 4437
f 4036 3732 4031
f 3813 3732 4036
f 3386 3604 3306
f 2878 3176 3396
f 4074 3507 3396
f 4074 4136 3507
f 1578 1610 1757
f 4744 4734 4595
f 4734 4744 5062
f 1364 1237 1363
f 1096 1217 1237
f 1237 1217 1363
f 1217 1116 1241
f 1241 1116 1111
f 5175 5205 5197
f 1354 1339 1111
f 5205 5207 5220
f 5220 5207 5239
f 1389 1401 1703
f 5207 5201 5239
f 1653 1786 1703
f 1707 1852 1786
f 1867 1971 1898
f 4437 4336 4862
f 2305 2511 2351
f 2483 2511 2305
f 3306 2890 3143
f 4122 4136 4294
f 4122 4294 4246
f 3507 4136 4122
f 4519 4595 4401
f 2878 3396 2562
f 1534 1610 1578
f 1237 1364 1315
f 1315 1364 1534
f 1354 1111 1117
f 1354 1117 1389
f 5257 5205 5220
f 1389 1318 1401
f 5239 5201 5211
f 1707 1786 1653
f 5201 5159 5211
f 1852 1707 1867
f 5159 5122 5151
f 4932 5090 4836
f 4932 4836 4862
f 2046 2201 1994
f 2201 2046 2305
f 4036 4031 4336
f 2483 2657 2511
f 2938 2703 2890
f 4294 4401 4246
f 1623 1757 1734
f 1757 2092 1734
f 1734 2092 2562
f 2092 2878 2562
f 2562 3396 2837
f 1534 1578 1315
f 1623 1578 1757
f 4897 4734 5062
f 1119 1096 1237
f 1096 1079 1217
f 1217 1079 1116
f 5197 5167 5175
f 5167 5118 5175
f 1116 1071 1111
f 1389 1117 1135
f 1389 1135 1318
f 5220 5239 5262
f 5262 5281 5220
f 1703 1401 1653
f 5239 5211 5262
f 5211 5159 5178
f 5178 5159 5151
f 1994 1971 1891
f 2466 2657 2483
f 2657 2466 2703
f 3306 3143 3386
f 4122 4246 3753
f 3442 3507 4122
f 3396 3507 2837
f 4595 4734 4783
f 1578 1435 1315
f 1623 1435 1578
f 1237 1315 1119
f 1119 1078 1096
f 5062 5118 5071
f 1079 1039 1116
f 1116 1039 1071
f 1111 1071 1117
f 5224 5205 5257
f 5257 5220 5281
f 1135 1157 1318
f 1506 1401 1318
f 5281 5262 5288
f 1401 1506 1653
f 1659 1707 1653
f 1867 1707 1747
f 1867 1891 1971
f 5129 5151 5090
f 1994 2003 2046
f 2703 2466 2682
f 3442 4122 3753
f 4595 4783 4401
f 4401 4783 4610
f 1734 1643 1623
f 1734 1752 1643
f 1734 2562 1752
f 3507 3442 2837
f 1315 1435 1443
f 5062 5071 4897
f 5167 5071 5118
f 1096 1039 1079
f 5197 5205 5224
f 1117 1071 1073
f 1135 1117 1073
f 5281 5288 5307
f 5211 5272 5262
f 5272 5288 5262
f 5211 5178 5272
f 5129 5090 4932
f 1994 1891 2003
f 2483 2305 2046
f 3442 3753 3135
f 4246 4204 3753
f 4401 4421 4246
f 4401 4610 4421
f 2837 3442 3106
f 1623 1643 1443
f 2562 2837 2728
f 1315 1443 1300
f 1443 1435 1623
f 1315 1216 1078
f 1119 1315 1078
f 1096 1078 1059
f 1096 1059 1039
f 5167 5197 5224
f 1039 1045 1071
f 1071 1045 1073
f 1135 1073 1157
f 1318 1133 1506
f 1653 1506 1659
f 5151 5129 5178
f 1747 1891 1867
f 2046 2003 2141
f 2141 2483 2046
f 3386 3610 3604
f 3106 3442 3135
f 4246 4421 4204
f 1643 1614 1443
f 1643 1752 1614
f 1443 1381 1300
f 4734 4897 4783
f 1315 1300 1216
f 4897 5071 4783
f 1039 1035 1045
f 1076 1073 1045
f 1073 1076 1133
f 1073 1133 1157
f 1318 1157 1133
f 1133 1285 1506
f 5272 5178 5260
f 1891 1875 2003
f 2703 2682 2890
f 4795 4610 4783
f 2562 2161 1752
f 1300 1220 1216
f 1078 1216 1094
f 1078 1094 1059
f 5071 5167 5187
f 1059 1046 1039
f 1046 1035 1039
f 5224 5257 5259
f 5328 5257 5281
f 5307 5288 5310
f 1659 1506 1285
f 1707 1594 1747
f 1756 1891 1747
f 5129 4932 5153
f 1875 1946 2003
f 4031 4392 4336
f 2171 2483 2141
f 3604 3610 3732
f 2890 2682 2807
f 2731 2728 3106
f 3106 2728 2837
f 1443 1614 1530
f 2562 2728 2161
f 1300 1342 1220
f 1300 1381 1342
f 4783 5071 5144
f 1216 1220 1094
f 1059 1094 1046
f 5187 5167 5224
f 1046 1051 1035
f 5259 5257 5328
f 1035 1052 1045
f 1076 1045 1052
f 5281 5307 5327
f 5307 5310 5327
f 5288 5272 5310
f 5310 5272 5305
f 1594 1707 1659
f 5260 5305 5272
f 1594 1612 1747
f 5178 5267 5260
f 1756 1747 1612
f 5129 5153 5217
f 4932 5065 5153
f 4759 4862 4336
f 1946 2141 2003
f 2483 2171 2326
f 2326 2466 2483
f 2451 2466 2326
f 2890 2807 3131
f 2890 3131 3143
f 3386 3143 3131
f 3106 3135 2731
f 3472 3135 3753
f 4283 3472 3753
f 4204 4283 3753
f 2728 2470 2161
f 1220 1342 1302
f 1530 1381 1443
f 1342 1381 1530
f 1138 1094 1220
f 1094 1051 1046
f 5187 5224 5259
f 5328 5281 5355
f 5355 5281 5327
f 5327 5310 5347
f 1659 1285 1421
f 1594 1659 1421
f 5129 5217 5178
f 4932 4862 5065
f 2141 1946 2171
f 3386 3131 3610
f 2682 2466 2565
f 2466 2451 2565
f 3472 4283 3656
f 4421 4283 4204
f 2470 2728 2731
f 1614 1868 1530
f 1752 1868 1614
f 1302 1342 1378
f 1342 1530 1378
f 4795 4783 5144
f 1220 1302 1138
f 5187 5144 5071
f 1094 1090 1051
f 1138 1090 1094
f 1051 1082 1035
f 1035 1082 1052
f 1052 1108 1076
f 1141 1133 1076
f 5355 5327 5354
f 5327 5347 5354
f 1421 1447 1594
f 5260 5267 5305
f 1612 1673 1756
f 5267 5178 5217
f 1891 1756 1875
f 5065 4862 4759
f 4759 4336 4392
f 4421 4581 4283
f 4421 4610 4844
f 4610 4795 4844
f 1752 2161 1868
f 1302 1222 1138
f 5259 5328 5335
f 1082 1108 1052
f 1108 1141 1076
f 1301 1133 1141
f 1301 1285 1133
f 1376 1421 1285
f 1421 1376 1447
f 5347 5305 5336
f 5347 5310 5305
f 4759 4392 4422
f 3732 3804 4031
f 2571 2565 2451
f 2902 2682 2565
f 2807 2682 2902
f 2807 2902 3131
f 1588 1378 1530
f 1138 1222 1090
f 1090 1082 1051
f 1082 1090 1136
f 1082 1097 1108
f 5328 5355 5377
f 1141 1278 1301
f 1285 1301 1376
f 1376 1404 1447
f 1522 1594 1447
f 5336 5305 5330
f 1594 1522 1612
f 5305 5267 5298
f 3732 3610 3621
f 3621 3804 3732
f 2451 2326 2399
f 2902 2565 2713
f 2823 2902 2713
f 2565 2571 2713
f 3656 3535 3472
f 4283 4357 3656
f 4421 4828 4581
f 4421 4844 4828
f 2873 3135 3472
f 2599 2470 2731
f 1530 1868 1588
f 1378 1529 1302
f 1588 1529 1378
f 1302 1326 1222
f 5144 5187 5284
f 1222 1221 1090
f 5259 5284 5187
f 5335 5284 5259
f 5335 5328 5377
f 1082 1136 1137
f 1097 1082 1137
f 1141 1108 1278
f 5354 5423 5355
f 1404 1376 1301
f 5420 5423 5354
f 5347 5420 5354
f 5336 5420 5347
f 1478 1447 1404
f 1447 1478 1522
f 5305 5298 5330
f 5217 5153 5065
f 5073 5217 5065
f 1673 1671 1756
f 1756 1671 1875
f 4979 5065 4759
f 4031 3804 4029
f 4029 4392 4031
f 3610 3131 3621
f 2326 2171 2283
f 2399 2326 2283
f 2902 2823 3201
f 3131 2902 3201
f 2451 2399 2571
f 2571 2399 2625
f 2713 2571 2625
f 2823 2713 2625
f 3535 3656 3888
f 3656 4357 3888
f 2873 3472 3212
f 3472 3535 3212
f 4357 4283 4581
f 3135 2873 2731
f 4844 4795 4994
f 2161 2045 1868
f 2161 2470 2261
f 4795 5144 4994
f 1845 1588 1868
f 1529 1326 1302
f 1221 1222 1326
f 1090 1221 1136
f 1221 1218 1136
f 1097 1223 1108
f 1108 1223 1278
f 1301 1386 1404
f 1386 1423 1404
f 1478 1404 1423
f 5336 5330 5415
f 5336 5415 5420
f 4979 5073 5065
f 1767 1946 1875
f 4392 4029 4354
f 4392 4354 4422
f 1946 1767 2171
f 2399 2283 2343
f 3668 3535 3888
f 4357 4451 3888
f 4451 4357 4581
f 2261 2470 2599
f 2161 2261 2045
f 1916 1845 1868
f 2045 1916 1868
f 1529 1588 1615
f 1529 1615 1326
f 1615 1382 1326
f 1221 1321 1218
f 1326 1321 1221
f 1382 1321 1326
f 5335 5377 5368
f 1218 1137 1136
f 1312 1137 1218
f 1137 1312 1097
f 1312 1223 1097
f 1312 1387 1223
f 5377 5355 5423
f 1223 1386 1278
f 1278 1386 1301
f 1466 1478 1423
f 1466 1491 1478
f 1478 1491 1522
f 1612 1522 1551
f 1551 1673 1612
f 4979 4759 4752
f 1875 1671 1767
f 4759 4560 4752
f 4422 4560 4759
f 4354 4560 4422
f 2171 1767 1886
f 2171 1886 2283
f 3201 3621 3131
f 2823 2876 3201
f 2823 2625 2758
f 2823 2758 2876
f 3888 3765 3668
f 3888 4242 3765
f 4451 4242 3888
f 3212 3535 3668
f 3212 3077 2873
f 2731 2873 2599
f 2603 2261 2599
f 2045 2261 2232
f 2045 2232 1916
f 1815 1615 1588
f 1845 1815 1588
f 5377 5423 5472
f 5472 5423 5459
f 1223 1387 1386
f 5459 5423 5480
f 1387 1423 1386
f 5423 5420 5480
f 5480 5420 5479
f 5479 5420 5415
f 5415 5330 5384
f 5384 5330 5298
f 5290 5298 5267
f 5290 5267 5217
f 5217 5073 5290
f 3668 3365 3212
f 3365 3668 3765
f 4581 4876 4451
f 4876 4581 4828
f 4828 4844 4994
f 5149 4994 5144
f 2261 2395 2232
f 2097 1916 2232
f 5232 5149 5144
f 5284 5232 5144
f 1845 1909 1815
f 1845 1916 1909
f 1742 1615 1815
f 1382 1615 1742
f 5284 5335 5368
f 1742 1644 1382
f 1382 1367 1321
f 1382 1644 1367
f 5368 5377 5444
f 1321 1367 1218
f 1367 1420 1312
f 1218 1367 1312
f 5444 5377 5472
f 1387 1312 1399
f 1399 1312 1420
f 1387 1465 1423
f 1465 1466 1423
f 1465 1477 1466
f 1466 1477 1491
f 1491 1508 1522
f 1551 1522 1508
f 1671 1673 1551
f 4979 4752 5006
f 4354 4029 4475
f 2283 1929 2343
f 2399 2343 2384
f 2399 2384 2625
f 2625 2457 2758
f 2873 2895 2599
f 2261 2603 2395
f 2097 2232 2395
f 2097 1909 1916
f 5232 5284 5391
f 1815 1866 1742
f 1815 1909 1866
f 5284 5368 5391
f 5368 5444 5391
f 1367 1644 1502
f 1583 1502 1644
f 1367 1502 1420
f 1453 1420 1502
f 1420 1453 1399
f 1453 1465 1387
f 1399 1453 1387
f 5415 5474 5479
f 5415 5384 5452
f 1491 1444 1508
f 5440 5384 5298
f 5290 5440 5298
f 1559 1671 1551
f 4029 3981 4475
f 3981 4029 3804
f 3837 3981 3804
f 2283 1886 1929
f 3621 3201 3572
f 3621 3572 3837
f 3837 3804 3621
f 3201 3417 3572
f 2625 2384 2457
f 2758 2457 2763
f 2876 2758 2763
f 3212 3365 3185
f 3765 3575 3365
f 4242 4280 3765
f 4451 4738 4242
f 4876 4738 4451
f 3185 3077 3212
f 2873 3077 2895
f 4828 4994 4876
f 2599 2895 2603
f 2395 2422 2097
f 1742 1866 1737
f 1644 1742 1737
f 1583 1644 1737
f 1583 1453 1502
f 5472 5459 5495
f 1453 1509 1465
f 5459 5480 5495
f 1509 1488 1465
f 1465 1488 1477
f 5474 5415 5452
f 1477 1461 1491
f 1491 1461 1444
f 1444 1439 1508
f 1508 1439 1551
f 1439 1475 1551
f 1475 1559 1551
f 4979 5006 5073
f 1563 1671 1559
f 5006 4752 4560
f 4354 4475 4560
f 3201 3052 3222
f 2876 3052 3201
f 3417 3201 3222
f 2876 2763 3052
f 3575 3765 3851
f 3851 3765 4155
f 3765 4280 4155
f 4242 4738 4280
f 4994 5149 5191
f 2784 2395 2603
f 2422 2395 2784
f 5232 5391 5395
f 1737 1662 1583
f 1737 1668 1662
f 5510 5444 5472
f 5510 5472 5537
f 1583 1549 1453
f 1583 1662 1549
f 5537 5472 5495
f 1549 1509 1453
f 5474 5452 5476
f 5452 5384 5440
f 5290 5350 5440
f 1459 1559 1475
f 1559 1459 1563
f 1767 1671 1621
f 4552 3981 3837
f 2038 2343 1929
f 2343 2038 2384
f 2457 2637 2763
f 2499 2637 2457
f 3365 3575 3477
f 2895 3077 3185
f 4876 4994 5191
f 2603 2895 2784
f 5149 5316 5191
f 2097 2422 2450
f 5232 5395 5316
f 5149 5232 5316
f 2097 2450 1909
f 1909 2052 1866
f 5391 5444 5507
f 5391 5507 5395
f 1737 1866 1668
f 1662 1668 1549
f 1488 1482 1477
f 1477 1482 1461
f 5474 5476 5531
f 5344 5350 5073
f 5350 5290 5073
f 4560 4731 5006
f 1621 1671 1563
f 4475 3981 4552
f 4560 4475 4552
f 1886 1767 1621
f 4187 4552 3837
f 3837 3572 4187
f 2499 2457 2384
f 4280 4363 4155
f 3477 3185 3365
f 4280 4738 4825
f 4876 5191 5141
f 1909 2450 2052
f 5510 5507 5444
f 1866 1976 1668
f 1668 1688 1549
f 1509 1549 1514
f 1509 1514 1488
f 5495 5480 5563
f 5563 5480 5560
f 5480 5479 5560
f 5560 5479 5532
f 1488 1514 1482
f 5532 5479 5474
f 5440 5350 5493
f 1414 1475 1439
f 1475 1414 1459
f 5344 5073 5006
f 1886 1621 1929
f 2038 1929 1824
f 2384 2244 2499
f 3052 2763 3222
f 3880 3851 4065
f 3851 3880 3575
f 4176 3851 4155
f 4155 4363 4176
f 3185 3403 3011
f 3403 3185 3477
f 4738 4876 5141
f 3011 2895 3185
f 5316 5375 5191
f 5395 5375 5316
f 5375 5395 5486
f 1866 2052 1976
f 5510 5547 5507
f 5547 5510 5552
f 5552 5510 5537
f 5569 5495 5563
f 5537 5495 5569
f 1549 1532 1514
f 5532 5474 5531
f 5532 5531 5558
f 5476 5452 5440
f 1444 1392 1439
f 1414 1439 1392
f 5006 4731 5215
f 4552 4731 4560
f 1929 1621 1824
f 2244 2384 2040
f 2384 2038 2040
f 3088 2763 2637
f 3880 3807 3658
f 3880 3658 3575
f 4065 3851 4147
f 3851 4176 4147
f 3477 3658 3403
f 3658 3477 3575
f 4825 4363 4280
f 4738 5141 5075
f 2895 3011 2784
f 5191 5375 5141
f 2450 2385 2052
f 5395 5507 5486
f 5530 5507 5547
f 1976 1956 1668
f 1956 1688 1668
f 5569 5552 5537
f 1688 1532 1549
f 1514 1532 1485
f 5532 5558 5560
f 1461 1482 1432
f 1444 1461 1432
f 1432 1385 1444
f 5476 5440 5545
f 5476 5545 5531
f 5215 5344 5006
f 1414 1413 1459
f 5215 4731 4874
f 1563 1542 1621
f 3665 3572 3417
f 4187 3572 4106
f 4106 3572 3665
f 3665 3417 3222
f 3222 2763 3470
f 2499 2244 2430
f 2637 2499 2690
f 3658 3654 3578
f 3658 3807 3654
f 3880 4065 3807
f 3578 3403 3658
f 4363 4794 4176
f 4738 5075 4825
f 2422 2784 2736
f 5141 5375 5383
f 2736 2450 2422
f 5383 5375 5486
f 5486 5529 5383
f 2450 2443 2385
f 5507 5529 5486
f 5529 5507 5530
f 2385 1976 2052
f 5547 5552 5586
f 1956 1826 1688
f 5552 5569 5586
f 1688 1826 1570
f 1688 1570 1532
f 5563 5560 5578
f 5578 5560 5558
f 1514 1485 1482
f 5558 5531 5545
f 1444 1385 1392
f 5344 5215 5491
f 5491 5350 5344
f 1459 1542 1563
f 4731 4552 4187
f 2040 2038 1938
f 2763 3088 3470
f 3665 3222 3470
f 2499 2430 2690
f 2637 2690 3088
f 4065 4072 3807
f 4147 4313 4065
f 4363 4825 4794
f 4825 5075 4981
f 2784 2974 2840
f 2840 2736 2784
f 2745 2450 2736
f 2450 2745 2443
f 5529 5530 5556
f 5530 5547 5556
f 1976 2398 1956
f 5586 5556 5547
f 5586 5569 5580
f 5569 5563 5580
f 5563 5578 5580
f 5578 5558 5583
f 1532 1515 1485
f 1482 1485 1432
f 5558 5545 5570
f 5493 5545 5440
f 1459 1413 1542
f 1824 1621 1536
f 1536 2038 1824
f 2038 1536 1938
f 1938 1987 2040
f 3807 3820 3654
f 4065 4313 4072
f 4147 4176 4707
f 4176 4794 4707
f 5141 5208 5075
f 2974 2784 3011
f 5141 5383 5208
f 2865 2736 2840
f 2745 2736 2865
f 2443 2745 2549
f 2443 2549 2385
f 5549 5529 5556
f 2385 2398 1976
f 1768 1570 1826
f 1570 1515 1532
f 5583 5570 5577
f 5583 5558 5570
f 5545 5493 5503
f 5350 5491 5493
f 5491 5503 5493
f 1414 1303 1305
f 1303 1414 1392
f 1413 1414 1305
f 5195 5215 4874
f 1542 1413 1280
f 4731 4187 4592
f 1621 1542 1536
f 4106 4592 4187
f 3898 4106 3665
f 1938 1881 1987
f 2040 1987 2244
f 4313 4147 4707
f 4825 4981 4794
f 3011 3403 3147
f 5075 5208 4981
f 2974 2934 2840
f 2840 2934 2865
f 5383 5386 5208
f 2745 2751 2549
f 2398 2385 2549
f 5556 5561 5549
f 5556 5586 5561
f 5561 5586 5587
f 2296 1826 1956
f 5587 5586 5595
f 5586 5580 5595
f 5595 5580 5601
f 5580 5578 5601
f 1485 1515 1458
f 1485 1458 1432
f 5583 5577 5600
f 1432 1384 1385
f 5545 5550 5570
f 5554 5550 5545
f 1392 1385 1303
f 1536 1355 1938
f 1938 1715 1881
f 3665 3470 3697
f 3665 3697 3898
f 2690 2430 2798
f 3088 2690 3436
f 3470 3088 3436
f 3654 3820 3609
f 2974 3011 2934
f 5386 5238 5208
f 5442 5386 5383
f 5442 5383 5529
f 5529 5549 5502
f 1956 2398 2296
f 5578 5583 5601
f 1768 1515 1570
f 1432 1458 1384
f 5577 5570 5550
f 1384 1316 1385
f 5554 5545 5503
f 1385 1316 1303
f 1303 1316 1267
f 1303 1208 1305
f 1224 1305 1208
f 1280 1305 1224
f 1305 1280 1413
f 1536 1542 1355
f 1938 1355 1715
f 1987 2036 2244
f 2430 2244 2386
f 2743 2430 2386
f 2798 2430 2743
f 3820 3807 4064
f 4072 4064 3807
f 4072 4313 4064
f 3654 3609 3578
f 4707 4584 4313
f 4707 4794 4868
f 3578 3147 3403
f 3227 3147 3578
f 4794 4981 4868
f 3147 2934 3011
f 5208 5238 4981
f 5386 5320 5238
f 5529 5502 5442
f 5564 5549 5561
f 5561 5587 5564
f 5587 5595 5590
f 2296 2289 1826
f 5590 5595 5603
f 1768 1826 1849
f 5603 5595 5605
f 5595 5601 5605
f 5605 5601 5600
f 5601 5583 5600
f 1458 1515 1481
f 1458 1362 1384
f 1328 1384 1362
f 5550 5574 5577
f 1384 1328 1316
f 5574 5550 5554
f 5491 5215 5353
f 1542 1280 1355
f 4731 4592 4809
f 4592 4106 4096
f 1715 1355 1419
f 3697 3939 3898
f 3436 2690 2798
f 3436 2798 3305
f 3697 3470 3436
f 2036 2386 2244
f 2743 3305 2798
f 2934 2931 2865
f 2745 2865 2858
f 2745 2858 2751
f 2549 2428 2398
f 2398 2428 2296
f 5587 5590 5564
f 1826 2289 1849
f 1812 1515 1768
f 1515 1812 1481
f 1458 1481 1362
f 5565 5574 5554
f 5554 5503 5475
f 1267 1184 1303
f 1303 1184 1208
f 5491 5393 5503
f 5393 5491 5353
f 5353 5215 5195
f 4731 4809 4874
f 1355 1266 1419
f 3898 4096 4106
f 1715 1419 1881
f 3436 3305 3697
f 4096 3898 3939
f 1987 1881 1776
f 1987 1776 2036
f 2386 2036 2572
f 2743 2386 2572
f 3421 3578 3495
f 3495 3578 3609
f 3578 3421 3227
f 2934 3147 3134
f 5212 4981 5238
f 2934 3134 2931
f 2865 2931 2858
f 5386 5361 5320
f 5502 5549 5526
f 2751 2699 2549
f 2549 2699 2428
f 2428 2289 2296
f 5590 5603 5608
f 1849 2289 2020
f 5605 5610 5603
f 5600 5611 5605
f 5611 5610 5605
f 5600 5602 5611
f 5600 5577 5602
f 5577 5574 5602
f 1316 1328 1206
f 5475 5503 5393
f 1152 1224 1208
f 5195 4874 5132
f 1355 1280 1203
f 1355 1203 1266
f 4596 4809 4592
f 4592 4096 4596
f 3697 4021 3939
f 3939 4021 4096
f 1881 1419 1505
f 1628 1881 1505
f 4021 3697 3928
f 2036 1776 2572
f 4707 4859 4584
f 4868 4859 4707
f 5080 4859 4868
f 3134 3147 3227
f 3134 3049 2931
f 5361 5386 5442
f 5361 5442 5502
f 2858 2781 2751
f 5564 5562 5549
f 5603 5610 5608
f 1768 1849 1812
f 5610 5611 5612
f 1481 1479 1362
f 1328 1317 1206
f 1328 1362 1317
f 5574 5565 5573
f 1206 1193 1316
f 1267 1316 1193
f 5554 5504 5565
f 1184 1267 1193
f 5554 5475 5504
f 5132 4874 4809
f 1203 1224 1152
f 1224 1203 1280
f 4596 4096 4169
f 2743 3328 3305
f 3540 3305 3328
f 3697 3305 3540
f 3928 3697 3540
f 1881 1628 1776
f 2572 1776 2520
f 2743 2572 3322
f 3328 2743 3322
f 3820 3830 3609
f 3342 3227 3421
f 3134 3227 3342
f 4981 5212 4868
f 4868 5212 5080
f 5238 5320 5282
f 5320 5361 5282
f 2931 3037 2858
f 2781 2858 3037
f 2751 2781 2699
f 2428 2699 2462
f 2278 2020 2289
f 5612 5608 5610
f 5602 5609 5611
f 5602 5574 5573
f 5565 5504 5573
f 1193 1145 1184
f 5393 5353 5373
f 5475 5393 5373
f 1208 1184 1006
f 5385 5353 5195
f 1006 1152 1208
f 1266 1028 1086
f 1266 1203 1028
f 4809 4596 4745
f 1266 1086 1419
f 2572 2520 2816
f 2572 2816 3322
f 4021 3928 4043
f 4096 4021 4169
f 4169 4021 4043
f 3609 3830 3564
f 4064 4192 3820
f 3820 4192 3830
f 5238 5282 5212
f 3290 3049 3134
f 3049 3037 2931
f 2428 2462 2289
f 5590 5571 5564
f 5597 5571 5590
f 5590 5608 5597
f 1849 2020 1889
f 5608 5612 5607
f 1889 1812 1849
f 1481 1812 1672
f 1481 1672 1479
f 5611 5609 5612
f 5573 5609 5602
f 1362 1479 1317
f 5573 5504 5575
f 5504 5461 5496
f 5475 5461 5504
f 1145 1069 1184
f 1006 1184 1069
f 1152 1000 1203
f 1000 1028 1203
f 1086 1336 1419
f 4677 4596 4169
f 3328 3322 3540
f 1628 1693 1776
f 1601 1693 1628
f 3928 3540 3866
f 3928 3866 4043
f 2484 1776 1693
f 2520 1776 2484
f 3495 3564 3421
f 3564 3495 3609
f 4313 4584 4566
f 3290 3134 3342
f 2781 2824 2699
f 5526 5549 5562
f 5562 5564 5571
f 2607 2462 2699
f 2462 2278 2289
f 2020 1990 1889
f 1812 1712 1672
f 5612 5609 5604
f 1479 1672 1304
f 5609 5573 5606
f 5539 5575 5504
f 1145 1193 1149
f 1145 1149 1069
f 947 1006 1069
f 5373 5353 5385
f 5132 5385 5195
f 1000 1152 1006
f 922 1028 1000
f 1028 922 1086
f 4809 4745 4840
f 1086 922 945
f 1194 1086 945
f 4745 4596 4840
f 1086 1194 1336
f 1419 1336 1505
f 1429 1336 1194
f 1505 1336 1429
f 1505 1429 1628
f 1628 1429 1601
f 3322 2816 3254
f 3866 3540 3322
f 2816 2520 2484
f 4064 4566 4192
f 4313 4566 4064
f 3342 3421 3440
f 3421 3564 3440
f 4859 4566 4584
f 3359 3049 3290
f 3338 3049 3359
f 3049 3338 3037
f 3037 2956 2781
f 2956 2824 2781
f 2824 2759 2699
f 2699 2759 2607
f 2404 2278 2462
f 2404 2020 2278
f 5608 5607 5597
f 5604 5607 5612
f 5604 5609 5606
f 1498 1672 1712
f 5606 5573 5593
f 1317 1479 1304
f 5593 5573 5575
f 1206 1149 1193
f 5475 5373 5461
f 914 1006 947
f 4809 5229 5132
f 903 1006 914
f 1006 903 1000
f 5134 5229 4809
f 1000 903 922
f 1194 945 986
f 986 1129 1194
f 4043 3866 4058
f 2816 2484 2817
f 3210 2816 2817
f 1601 1429 1307
f 2484 1693 2021
f 2526 2484 2021
f 3830 4149 3564
f 4859 4803 4566
f 4803 4859 5080
f 5345 5282 5361
f 3037 3125 2956
f 2824 2956 3030
f 5526 5562 5509
f 2759 3013 2607
f 2462 2633 2404
f 2607 2633 2462
f 2020 2404 1990
f 5607 5598 5597
f 5607 5604 5598
f 1712 1812 1889
f 5606 5599 5604
f 5606 5593 5599
f 5593 5575 5582
f 5575 5572 5582
f 1317 1304 1238
f 1317 1238 1206
f 5575 5539 5572
f 1206 1238 1149
f 5504 5496 5539
f 1149 1075 1069
f 898 947 1069
f 914 947 831
f 5280 5132 5229
f 4809 4840 5134
f 841 945 922
f 4840 4596 4677
f 986 945 841
f 3866 3322 4058
f 1150 1307 1129
f 1129 1307 1194
f 1429 1194 1307
f 2526 2817 2484
f 2779 2817 2526
f 1693 1601 1403
f 1749 1693 1403
f 2021 1693 1749
f 3756 3564 4149
f 3830 4192 4149
f 3564 3756 3440
f 3342 3440 3400
f 3400 3290 3342
f 5502 5478 5361
f 5478 5502 5526
f 5509 5478 5526
f 2824 3030 2997
f 2404 2152 1990
f 5596 5598 5604
f 5604 5599 5596
f 1304 1672 1498
f 5599 5593 5591
f 5591 5593 5582
f 898 1069 1075
f 898 831 947
f 898 825 831
f 5385 5132 5280
f 836 831 673
f 914 836 903
f 831 836 914
f 836 922 903
f 922 836 841
f 841 836 710
f 841 710 802
f 841 883 986
f 841 802 883
f 2816 3210 3254
f 3322 3254 3786
f 3254 3693 3786
f 3322 3786 4058
f 710 729 802
f 1072 883 802
f 986 883 1072
f 986 1072 1129
f 1072 1150 1129
f 3210 2817 3080
f 830 802 729
f 1072 802 830
f 1150 1072 830
f 2526 2021 2389
f 1307 1150 1344
f 1601 1307 1403
f 3440 3756 3600
f 5282 5249 5212
f 5249 5282 5295
f 5282 5345 5295
f 3037 3338 3125
f 3030 3073 2997
f 5553 5509 5562
f 2997 3273 2824
f 5553 5562 5571
f 2824 3273 2759
f 2759 3273 3013
f 5567 5571 5597
f 3013 3139 2607
f 3139 2633 2607
f 5597 5598 5567
f 1990 2152 1955
f 5596 5599 5594
f 1545 1498 1712
f 5594 5599 5591
f 5539 5535 5572
f 1238 1075 1149
f 5461 5460 5496
f 5461 5385 5460
f 5461 5373 5385
f 898 805 825
f 831 825 673
f 710 836 673
f 4169 4043 4677
f 4043 4591 4677
f 616 642 710
f 2779 3080 2817
f 3693 3254 3210
f 642 729 710
f 2412 2021 1749
f 2526 2389 2779
f 729 768 830
f 1310 1344 1150
f 1344 1403 1307
f 830 768 982
f 1150 830 982
f 1310 1150 982
f 1749 1403 1344
f 1678 1749 1344
f 3440 3600 3567
f 3400 3440 3567
f 5164 4803 5080
f 3290 3400 3359
f 5080 5249 5164
f 5212 5249 5080
f 5345 5361 5478
f 3125 3259 2956
f 2956 3259 3030
f 2997 3073 3289
f 3273 2997 3289
f 5567 5553 5571
f 2633 2849 2404
f 2849 2633 3139
f 2404 2513 2152
f 1990 1955 1889
f 1304 1498 1372
f 5582 5589 5591
f 5582 5572 5581
f 5589 5582 5581
f 1304 1132 1238
f 1132 1075 1238
f 5539 5496 5535
f 858 898 1075
f 5508 5496 5460
f 858 818 898
f 818 805 898
f 735 672 805
f 805 672 825
f 672 600 673
f 672 673 825
f 573 600 455
f 673 600 573
f 573 455 437
f 455 384 437
f 437 384 396
f 673 573 616
f 673 616 710
f 616 573 437
f 4591 4043 4058
f 616 437 633
f 642 616 633
f 642 633 698
f 729 642 698
f 2412 2389 2021
f 496 528 396
f 396 528 437
f 633 437 638
f 752 633 638
f 729 698 768
f 2011 1749 1678
f 638 437 528
f 698 633 752
f 768 698 752
f 1344 1428 1678
f 982 768 752
f 1682 1678 1428
f 638 528 577
f 1428 1344 1310
f 1310 982 1060
f 644 638 577
f 752 638 644
f 982 752 644
f 4914 4803 5164
f 3214 3030 3259
f 3073 3030 3214
f 3073 3340 3289
f 5509 5553 5520
f 5536 5553 5567
f 3273 3266 3013
f 5584 5567 5598
f 2849 2513 2404
f 5598 5596 5584
f 1889 1955 1833
f 1833 1712 1889
f 5596 5594 5592
f 1498 1545 1372
f 5594 5591 5592
f 1304 1186 1132
f 1075 961 913
f 1075 1132 961
f 5551 5572 5535
f 5551 5581 5572
f 5535 5496 5508
f 913 858 1075
f 818 762 805
f 672 735 675
f 805 762 735
f 369 397 473
f 473 397 672
f 600 672 397
f 600 397 455
f 371 369 316
f 397 369 371
f 397 371 384
f 455 397 384
f 5134 4840 5084
f 396 371 340
f 371 396 384
f 356 396 340
f 396 356 394
f 4677 4591 4778
f 4778 4840 4677
f 3284 3210 3080
f 3210 3284 3538
f 3693 3210 3538
f 396 394 496
f 451 356 387
f 394 356 496
f 2011 2412 1749
f 2550 2389 2412
f 496 356 451
f 1655 1428 1521
f 1682 1428 1655
f 496 451 528
f 1060 1061 1310
f 1428 1310 1061
f 528 543 577
f 1521 1428 1061
f 528 451 543
f 577 570 644
f 577 543 570
f 644 1060 982
f 671 644 570
f 773 644 671
f 1060 644 773
f 1061 1060 962
f 1060 773 962
f 671 570 647
f 728 671 647
f 773 671 728
f 4712 4566 4803
f 3214 3213 3073
f 5553 5536 5520
f 3273 3289 3449
f 3266 3371 3013
f 3371 3139 3013
f 2849 2700 2513
f 1516 1545 1638
f 1712 1638 1545
f 1545 1516 1372
f 5592 5591 5589
f 1304 1372 1186
f 913 818 858
f 473 672 675
f 762 675 735
f 369 473 367
f 369 367 337
f 5299 5385 5280
f 337 316 369
f 371 316 340
f 4840 4778 4810
f 3786 3693 3968
f 4058 3786 3968
f 340 317 356
f 3080 3149 3284
f 356 317 387
f 2779 2389 2550
f 3080 2779 3149
f 2192 2011 1678
f 2412 2011 2333
f 387 420 451
f 451 420 454
f 543 451 454
f 570 543 574
f 574 647 570
f 728 894 773
f 773 894 962
f 4566 4443 4192
f 4566 4712 4443
f 3756 4054 3600
f 3567 3617 3400
f 3400 3617 3359
f 3338 3259 3125
f 3338 3448 3259
f 5345 5478 5490
f 3343 3213 3214
f 3073 3213 3340
f 3340 3449 3289
f 3449 3340 3431
f 3273 3449 3266
f 5536 5567 5566
f 2849 3139 2905
f 2513 2229 2074
f 2152 2513 2074
f 5584 5566 5567
f 2152 2074 1955
f 5592 5584 5596
f 1833 1835 1638
f 1712 1833 1638
f 1186 1372 1256
f 1132 1187 961
f 1132 1186 1187
f 1256 1187 1186
f 961 824 913
f 818 913 824
f 818 824 762
f 762 606 675
f 5464 5508 5460
f 5385 5299 5460
f 332 307 337
f 367 332 337
f 5229 5299 5280
f 248 316 337
f 5134 5084 5229
f 316 248 340
f 4840 4810 5084
f 3968 4372 4058
f 4591 4058 4372
f 4778 4591 4684
f 4684 4810 4778
f 317 340 253
f 387 317 261
f 2550 2412 2431
f 2192 2333 2011
f 1678 1682 2192
f 2431 2412 2333
f 2192 1682 1899
f 1655 1899 1682
f 1510 1655 1521
f 543 454 527
f 574 543 527
f 962 1173 1061
f 646 647 574
f 728 647 646
f 1100 894 728
f 962 894 1100
f 1173 962 1100
f 4149 4146 3756
f 3756 4146 4054
f 3600 3914 3567
f 3567 3914 3766
f 3600 4054 3914
f 4803 4914 4712
f 3338 3359 3448
f 5164 5249 5295
f 5490 5478 5509
f 5520 5490 5509
f 3343 3340 3213
f 5546 5536 5566
f 3321 2905 3139
f 3371 3321 3139
f 2513 2700 2229
f 2849 2905 2700
f 1516 1638 1647
f 1256 1372 1345
f 1372 1516 1345
f 5592 5589 5588
f 5589 5579 5588
f 879 961 949
f 1187 949 961
f 5581 5579 5589
f 5579 5581 5557
f 5557 5581 5551
f 961 879 824
f 762 824 606
f 606 473 675
f 473 438 367
f 438 332 367
f 5460 5299 5464
f 337 307 217
f 248 337 217
f 5084 4810 5088
f 3520 3800 3538
f 3693 3538 3927
f 3538 3800 3927
f 3693 3927 3968
f 4591 4372 4527
f 4591 4527 4684
f 3538 3284 3382
f 2747 3034 2550
f 2779 2550 3034
f 2779 3034 3149
f 355 420 387
f 413 420 355
f 420 413 454
f 1899 1655 1510
f 1521 1061 1173
f 1510 1521 1173
f 574 527 565
f 565 646 574
f 646 905 728
f 1510 1173 1346
f 1054 728 905
f 1100 728 1054
f 4192 4146 4149
f 4192 4443 4146
f 3567 3766 3617
f 3359 3617 3448
f 3259 3450 3214
f 3343 3555 3340
f 3431 3340 3555
f 3545 3431 3555
f 3449 3431 3545
f 3449 3467 3266
f 5536 5546 5533
f 1833 1955 1835
f 5585 5566 5584
f 5584 5592 5585
f 1516 1647 1345
f 1647 1638 1835
f 5585 5592 5588
f 824 879 697
f 697 879 852
f 697 606 824
f 5551 5535 5540
f 606 438 473
f 438 381 332
f 381 288 332
f 332 288 307
f 5346 5464 5299
f 248 253 340
f 4810 4684 4841
f 3538 3382 3520
f 4372 3968 3927
f 4372 3927 4527
f 317 253 261
f 2747 2550 2555
f 3034 2747 2940
f 2550 2431 2555
f 2318 2431 2333
f 2192 2318 2333
f 454 413 502
f 454 502 527
f 527 502 565
f 1100 1190 1173
f 1173 1190 1346
f 1190 1100 1054
f 5164 5295 5204
f 5295 5345 5204
f 3448 3450 3259
f 3450 3454 3214
f 5399 5345 5490
f 3454 3343 3214
f 5533 5524 5536
f 3449 3545 3467
f 3467 3493 3266
f 3266 3493 3371
f 2905 3321 3229
f 3397 3321 3371
f 1835 1955 1785
f 1785 1955 2074
f 2700 2770 2229
f 2905 2770 2700
f 3062 2770 2905
f 3229 3062 2905
f 1507 1345 1647
f 5588 5576 5585
f 949 852 879
f 5579 5557 5568
f 5557 5551 5540
f 697 604 606
f 606 604 438
f 5535 5494 5540
f 5535 5508 5494
f 438 392 381
f 5508 5464 5494
f 307 210 217
f 238 210 307
f 5084 5253 5229
f 5253 5299 5229
f 187 217 181
f 217 187 248
f 5088 5168 5084
f 4810 4841 5098
f 5098 5088 4810
f 248 187 253
f 187 199 253
f 4684 4527 4757
f 3284 3149 3382
f 2747 2555 2940
f 387 261 355
f 2465 2555 2431
f 2465 2431 2318
f 2192 2190 2318
f 2190 2192 1899
f 1645 1346 1190
f 565 502 510
f 585 565 510
f 565 585 646
f 1054 1162 1190
f 749 646 585
f 905 646 749
f 856 905 749
f 3766 3568 3617
f 3617 3568 3448
f 5345 5399 5204
f 5397 5399 5490
f 3343 3557 3555
f 5518 5520 5536
f 3555 3683 3545
f 5536 5524 5518
f 3467 3545 3683
f 3371 3493 3397
f 3229 3321 3325
f 3321 3397 3325
f 3325 3397 3537
f 1835 1785 1634
f 3229 3245 3062
f 3325 3245 3229
f 5548 5546 5566
f 1634 1647 1835
f 5566 5585 5548
f 1256 1345 1507
f 924 949 1256
f 949 1187 1256
f 5585 5576 5548
f 5588 5579 5576
f 5576 5579 5568
f 589 604 852
f 697 852 604
f 5557 5540 5555
f 604 392 438
f 392 288 381
f 238 288 370
f 5346 5494 5464
f 288 238 307
f 238 207 210
f 210 181 217
f 5084 5168 5253
f 187 181 106
f 4841 4684 4757
f 4040 3927 3800
f 4084 3927 4040
f 4419 3927 4084
f 3927 4419 4527
f 261 253 199
f 261 199 225
f 3034 2940 3035
f 3149 3034 3035
f 3035 3382 3149
f 355 261 225
f 1876 2190 1899
f 1510 1876 1899
f 413 355 419
f 502 413 419
f 1645 1510 1346
f 1876 1510 1645
f 502 419 441
f 510 502 441
f 905 877 1054
f 877 1162 1054
f 856 749 804
f 877 905 856
f 4914 5164 5019
f 5019 5164 5204
f 3448 3479 3450
f 3454 3557 3343
f 3454 3491 3557
f 5397 5490 5520
f 5492 5397 5520
f 3557 3624 3555
f 3555 3624 3683
f 3683 3603 3467
f 3493 3467 3603
f 2074 1925 1785
f 2229 1925 2074
f 2229 2770 1925
f 3245 3120 3062
f 3625 3397 3493
f 3537 3397 3625
f 1507 1647 1634
f 3537 3452 3325
f 3452 3245 3325
f 1256 1507 1126
f 852 949 722
f 589 852 722
f 589 554 392
f 604 589 392
f 5568 5557 5555
f 392 554 370
f 5534 5555 5540
f 5540 5494 5534
f 288 392 370
f 5346 5299 5253
f 187 118 199
f 118 111 199
f 3800 3777 4040
f 3800 3520 3622
f 3520 3457 3622
f 4419 4650 4527
f 4757 4527 4650
f 3457 3520 3382
f 2940 2555 2669
f 355 225 234
f 2318 2190 2280
f 2190 1876 2280
f 2280 1876 1958
f 1876 1645 1958
f 441 446 510
f 1190 1162 1609
f 1645 1190 1609
f 510 446 487
f 585 510 551
f 585 551 749
f 1162 877 972
f 1115 1162 972
f 4146 4443 4186
f 4712 4429 4443
f 3823 3766 3914
f 4712 4765 4429
f 4712 4914 4765
f 3590 3568 3766
f 3568 3479 3448
f 3450 3491 3454
f 3491 3529 3557
f 3557 3620 3624
f 5518 5492 5520
f 3625 3493 3603
f 1634 1785 1517
f 1517 1785 1925
f 2770 3062 2765
f 1507 1191 1126
f 1191 1507 1634
f 3062 3120 2765
f 3245 3113 3120
f 3537 3519 3452
f 5546 5548 5544
f 924 1256 1126
f 3245 3258 3113
f 3245 3452 3445
f 3258 3245 3445
f 722 949 924
f 3519 3445 3452
f 5548 5576 5559
f 5576 5568 5559
f 5568 5555 5559
f 5555 5541 5538
f 5534 5541 5555
f 5534 5494 5516
f 238 216 207
f 5346 5407 5494
f 159 210 207
f 210 159 181
f 5253 5168 5235
f 5088 5098 5168
f 4757 5059 5098
f 106 118 187
f 4757 5098 4841
f 3800 3622 3777
f 3382 3132 3457
f 129 199 111
f 199 129 225
f 3132 3382 3035
f 3035 2940 2984
f 2984 2940 2669
f 2465 2318 2406
f 2318 2280 2406
f 355 234 323
f 323 419 355
f 419 323 389
f 441 419 389
f 1958 1645 1732
f 441 389 446
f 1732 1645 1609
f 510 487 551
f 1162 1115 1319
f 1609 1162 1319
f 877 856 804
f 4146 4186 4054
f 4914 5019 4765
f 3590 3766 3701
f 3701 3766 3823
f 3568 3590 3521
f 5237 5019 5204
f 3568 3521 3479
f 3450 3479 3491
f 3479 3529 3491
f 5397 5392 5399
f 3529 3620 3557
f 3734 3624 3620
f 3734 3844 3624
f 3624 3844 3683
f 5527 5524 5533
f 5544 5533 5546
f 1191 1517 1343
f 1517 1925 1569
f 2172 1794 1925
f 1925 2770 2172
f 2172 2770 2765
f 1517 1191 1634
f 3625 3643 3537
f 811 924 1126
f 3113 2641 3120
f 3537 3643 3519
f 722 924 639
f 639 554 589
f 722 639 589
f 5559 5555 5538
f 554 360 370
f 5523 5541 5534
f 370 216 238
f 207 216 149
f 5494 5407 5497
f 5346 5253 5266
f 5235 5168 5098
f 4999 5059 4757
f 89 118 106
f 4650 4419 4805
f 4650 4805 4757
f 3525 3777 3622
f 3435 3622 3457
f 3035 2984 3132
f 129 234 225
f 2739 2984 2669
f 2555 2667 2669
f 2667 2555 2465
f 2280 1958 2041
f 2280 2041 2406
f 1958 1732 2041
f 393 446 389
f 446 393 498
f 446 498 487
f 551 804 749
f 3823 3698 3701
f 5399 5237 5204
f 5399 5392 5237
f 3529 3556 3620
f 5518 5499 5492
f 5524 5499 5518
f 3844 3869 3683
f 3683 3869 3603
f 3869 3944 3603
f 3944 3625 3603
f 1517 1569 1343
f 1925 1675 1569
f 5527 5533 5544
f 2172 2765 2436
f 2641 2436 2765
f 3120 2641 2765
f 924 811 639
f 5542 5544 5548
f 3258 3264 3113
f 3258 3445 3388
f 3264 3258 3388
f 568 554 639
f 5559 5542 5548
f 5543 5542 5559
f 360 554 568
f 5538 5543 5559
f 5534 5516 5523
f 370 289 216
f 5516 5494 5497
f 5407 5346 5266
f 106 159 99
f 159 106 181
f 5253 5235 5266
f 5059 5235 5098
f 5059 5227 5235
f 84 89 106
f 4084 4040 4334
f 4040 4174 4334
f 4419 4084 4334
f 4757 4805 4999
f 3703 4040 3777
f 111 118 89
f 3525 3622 3435
f 3435 3132 3237
f 3457 3132 3435
f 3132 3084 3237
f 2667 2739 2669
f 234 240 323
f 2166 2406 2041
f 342 389 323
f 1732 2166 2041
f 1609 1803 1732
f 487 498 561
f 1115 1353 1319
f 804 551 809
f 1353 1115 972
f 877 804 809
f 972 877 943
f 3914 4054 3976
f 4054 4186 3976
f 3976 3823 3914
f 3584 3521 3590
f 5237 5192 5019
f 3745 3734 3620
f 5492 5402 5397
f 3745 3844 3734
f 3869 3844 3907
f 5524 5527 5521
f 1343 1274 1191
f 1569 1274 1343
f 1675 1925 1794
f 1695 1675 1794
f 2172 2076 1794
f 1126 859 811
f 1191 859 1126
f 2172 2436 2076
f 3625 3890 3643
f 3944 3890 3625
f 5527 5544 5542
f 639 591 568
f 639 811 591
f 2641 3113 2622
f 3113 3264 2622
f 3519 3670 3615
f 3519 3643 3670
f 360 289 370
f 5541 5523 5538
f 5516 5497 5514
f 5516 5514 5523
f 5407 5389 5497
f 207 149 159
f 5389 5407 5266
f 5266 5235 5227
f 4999 5056 5059
f 5056 5227 5059
f 3703 4174 4040
f 4788 4419 4334
f 4419 4788 4805
f 3703 3525 3626
f 3703 3777 3525
f 3084 3132 2984
f 234 129 134
f 234 134 240
f 2465 2406 2281
f 2406 2166 2281
f 323 240 342
f 2166 1732 1803
f 1319 1460 1609
f 1803 1609 1865
f 551 487 561
f 1353 1460 1319
f 551 561 609
f 809 551 609
f 877 809 943
f 972 943 1053
f 3698 3823 3788
f 3788 3823 3976
f 3590 3701 3584
f 3554 3521 3584
f 5019 5192 4765
f 3521 3511 3479
f 3529 3536 3556
f 3844 3892 3907
f 5524 5521 5499
f 1794 1949 1695
f 811 781 591
f 2458 2641 2622
f 5527 5542 5543
f 3643 3824 3670
f 3890 3824 3643
f 5506 5515 5543
f 3445 3519 3473
f 3388 3445 3473
f 3519 3615 3473
f 5501 5543 5538
f 216 289 251
f 202 216 251
f 159 149 99
f 5389 5266 5315
f 5266 5227 5315
f 5056 5126 5227
f 4276 4480 4334
f 4334 4776 4788
f 4480 4776 4334
f 4999 4880 5056
f 44 89 84
f 4276 4174 3770
f 4334 4174 4276
f 4788 4880 4805
f 4999 4805 4880
f 3626 3391 3558
f 3770 3703 3626
f 4174 3703 3770
f 3626 3525 3391
f 3391 3525 3435
f 3391 3435 3224
f 89 73 111
f 3435 3237 3224
f 111 73 129
f 3237 3084 3224
f 2984 2809 3084
f 2984 2739 2809
f 2667 2465 2576
f 237 240 205
f 342 240 237
f 389 342 393
f 498 393 499
f 1609 1460 1646
f 1609 1646 1865
f 847 943 809
f 972 1053 1353
f 884 943 847
f 1053 943 884
f 4443 4429 4186
f 3701 3698 3584
f 4429 4765 4741
f 4741 4765 5192
f 3521 3554 3511
f 3511 3486 3479
f 5237 5392 5225
f 3479 3486 3529
f 3486 3523 3529
f 5225 5392 5397
f 3529 3523 3536
f 3556 3593 3620
f 3745 3620 3593
f 5499 5402 5492
f 3852 3844 3745
f 5499 5521 5469
f 3907 4133 3869
f 3869 4133 3944
f 2076 1949 1794
f 2436 2100 2076
f 3944 4114 3890
f 2641 2458 2436
f 5527 5543 5515
f 3264 3388 3337
f 3337 3388 3473
f 5506 5543 5501
f 293 289 343
f 343 289 360
f 289 293 251
f 5501 5538 5511
f 5538 5523 5511
f 5514 5500 5523
f 216 202 154
f 216 154 149
f 5227 5206 5315
f 99 84 106
f 3558 3669 3626
f 4276 3770 3669
f 4276 3669 4099
f 3669 3770 3626
f 3391 3224 3282
f 129 73 109
f 2990 3064 3084
f 134 129 109
f 134 205 240
f 2576 2465 2281
f 342 237 393
f 2166 2331 2281
f 1803 2016 2166
f 1865 2016 1803
f 393 403 499
f 1646 1460 1353
f 847 809 609
f 5192 5237 5225
f 5397 5240 5225
f 3593 3556 3536
f 5402 5499 5398
f 3852 3892 3844
f 3892 4008 3907
f 4133 4113 3944
f 941 859 1191
f 1569 1341 1274
f 1569 1558 1341
f 1675 1632 1569
f 1632 1675 1695
f 1717 1632 1695
f 5515 5521 5527
f 4114 3944 4113
f 591 781 714
f 781 811 859
f 2458 2100 2436
f 3890 4114 4051
f 449 568 552
f 552 568 591
f 449 360 568
f 3824 3890 4020
f 343 360 449
f 3670 3824 3841
f 3841 3824 4020
f 3264 2971 2622
f 3264 3191 2971
f 3337 3191 3264
f 5500 5511 5523
f 5311 5514 5497
f 120 149 154
f 5497 5389 5311
f 120 99 149
f 3669 3876 4099
f 3950 4099 3876
f 4276 4099 3950
f 5227 5126 5206
f 4776 4880 4788
f 3430 3558 3391
f 3430 3391 3282
f 3084 3064 3224
f 3084 2809 2990
f 2828 2990 2809
f 2739 2828 2809
f 2739 2667 2828
f 2576 2828 2667
f 237 246 393
f 2166 2016 2331
f 393 246 403
f 461 499 403
f 847 609 758
f 1353 1053 1394
f 1053 884 993
f 1053 993 1112
f 3788 3976 3983
f 4291 4186 4429
f 3584 3698 3579
f 3788 3764 3698
f 3788 3983 3764
f 4429 4539 4291
f 4741 4539 4429
f 3584 3579 3554
f 3579 3511 3554
f 4741 5077 4823
f 4741 5192 5077
f 5192 5225 5077
f 5303 5240 5397
f 5397 5402 5303
f 5402 5398 5303
f 3745 3593 3852
f 5400 5398 5499
f 3852 3984 3892
f 3984 4008 3892
f 4008 4133 3907
f 5515 5469 5521
f 1191 1274 941
f 1274 1341 954
f 1949 1902 1695
f 1982 1949 2076
f 2076 2100 1982
f 2100 2458 2622
f 4051 4205 3890
f 2622 2647 2100
f 3890 4205 4020
f 4028 3841 4020
f 293 343 223
f 3670 3841 3615
f 3930 3615 3841
f 223 251 293
f 3337 3295 3191
f 3468 3337 3473
f 3615 3468 3473
f 5514 5311 5500
f 5315 5311 5389
f 5206 5311 5315
f 3790 3950 3876
f 3790 3669 3533
f 4276 3950 4150
f 4377 4276 4150
f 5206 5126 5154
f 3533 3669 3558
f 3876 3669 3790
f 4480 4276 4377
f 49 84 99
f 4480 4976 4776
f 4480 4377 4976
f 5070 5048 4880
f 49 44 84
f 3348 3464 3533
f 3430 3533 3558
f 4880 4776 5070
f 5056 4880 5048
f 5126 5056 5048
f 3533 3430 3348
f 44 43 89
f 3348 3282 3265
f 3348 3430 3282
f 89 43 73
f 3224 3036 3282
f 3224 3064 3036
f 134 123 205
f 237 205 246
f 2281 2331 2576
f 1865 1646 1779
f 1779 2016 1865
f 498 499 561
f 1353 1394 1646
f 561 499 563
f 561 563 609
f 1053 1112 1394
f 847 758 884
f 4186 3983 3976
f 4186 4291 3983
f 3698 3735 3579
f 3698 3764 3735
f 3539 3511 3579
f 3511 3539 3486
f 5077 5225 5240
f 3523 3593 3536
f 3666 3593 3523
f 5499 5469 5400
f 859 941 832
f 1274 954 941
f 1569 1699 1558
f 1569 1632 1699
f 859 832 781
f 556 591 714
f 1717 1902 1822
f 1695 1902 1717
f 591 556 552
f 1949 1982 1902
f 4051 4114 4216
f 458 449 552
f 449 458 343
f 2647 2118 2100
f 290 343 424
f 2971 2647 2622
f 3841 4028 3930
f 3295 3337 3468
f 3468 3615 3641
f 3615 3930 3641
f 223 202 251
f 164 154 202
f 100 120 154
f 120 49 99
f 3464 3490 3533
f 3790 3533 3490
f 4352 4377 4150
f 5154 5126 5048
f 3285 3291 3464
f 3464 3348 3285
f 134 109 123
f 205 194 246
f 2016 2270 2331
f 403 246 461
f 499 491 563
f 758 609 563
f 3983 3940 3764
f 4291 4539 4300
f 3735 3628 3579
f 3628 3539 3579
f 3539 3528 3486
f 5077 5240 5083
f 5240 5234 5083
f 3486 3528 3523
f 5240 5303 5234
f 5234 5303 5255
f 3523 3648 3666
f 5255 5303 5398
f 3852 3593 3666
f 3858 3852 3666
f 3858 3984 3852
f 4101 4008 3984
f 4101 4166 4008
f 5469 5411 5400
f 4133 4008 4207
f 5408 5411 5469
f 4207 4113 4133
f 5515 5408 5469
f 941 954 832
f 1341 1558 1330
f 714 781 832
f 1717 1822 1632
f 714 709 556
f 4113 4216 4114
f 552 517 458
f 2118 1982 2100
f 4051 4216 4400
f 424 343 458
f 4205 4051 4400
f 2647 2437 2118
f 5515 5506 5432
f 4205 4168 4028
f 4020 4205 4028
f 2647 2965 2437
f 2647 2971 2965
f 5506 5501 5432
f 290 223 343
f 4071 4028 4168
f 4205 4206 4168
f 3191 2965 2971
f 3930 4028 4071
f 5501 5511 5428
f 2965 3232 3211
f 2965 3191 3232
f 3295 3232 3191
f 3295 3468 3232
f 3232 3468 3821
f 3468 3641 3821
f 3641 3930 4071
f 3641 4071 3821
f 4206 4071 4168
f 4095 4071 4206
f 4071 4095 3821
f 5500 5390 5511
f 3211 3232 3304
f 3530 3304 3232
f 3821 3530 3232
f 3911 3530 3821
f 4095 3911 3821
f 4229 4095 4206
f 5311 5390 5500
f 154 164 100
f 3211 3304 3187
f 4119 3911 4095
f 4229 4224 4095
f 4224 4119 4095
f 3392 3187 3304
f 3530 3392 3304
f 3618 3392 3530
f 3911 3618 3530
f 4119 3618 3911
f 4229 4364 4224
f 3350 3187 3392
f 4119 3950 3618
f 4224 4150 4119
f 4364 4352 4224
f 4352 4150 4224
f 120 100 49
f 3392 3490 3350
f 3790 3490 3618
f 3618 3490 3392
f 3950 3790 3618
f 4150 3950 4119
f 5206 5154 5311
f 3464 3350 3490
f 3350 3291 3263
f 3464 3291 3350
f 4776 4976 5070
f 3348 3209 3285
f 3348 3265 3209
f 3265 3282 3089
f 3282 3036 3089
f 43 87 73
f 73 87 109
f 109 87 123
f 2828 2813 2990
f 2813 2828 2644
f 194 205 123
f 2644 2828 2576
f 246 194 233
f 2270 2576 2331
f 246 297 461
f 1779 1646 1590
f 461 491 499
f 1646 1394 1590
f 1394 1112 1590
f 3940 3735 3764
f 4291 4300 3983
f 3983 4300 3940
f 4539 4270 4300
f 4270 4539 4741
f 4718 4270 4741
f 4823 4718 4741
f 4823 4815 4718
f 5077 4815 4823
f 5077 5083 4815
f 5234 5203 5083
f 3523 3528 3648
f 3666 3967 3858
f 3858 3967 3984
f 4166 4207 4008
f 954 896 832
f 1341 1148 954
f 1330 1148 1341
f 714 832 709
f 4279 4216 4113
f 1894 1822 1902
f 552 556 517
f 1982 2028 1894
f 1982 1894 1902
f 2118 2028 1982
f 4411 4400 4216
f 5432 5408 5515
f 424 423 290
f 4532 4205 4400
f 2965 2606 2437
f 4206 4205 4532
f 5501 5428 5432
f 2606 2965 2841
f 2841 2965 3128
f 202 223 164
f 2965 3211 3128
f 5428 5511 5390
f 3211 3187 3128
f 100 67 49
f 3350 3070 3187
f 3263 3070 3350
f 5154 5226 5311
f 4352 4768 4377
f 67 51 49
f 4976 4377 4768
f 5154 5048 5070
f 5226 5154 5070
f 51 41 49
f 3263 3291 3086
f 49 41 44
f 3291 3285 3086
f 41 43 44
f 3047 3086 3285
f 3209 3047 3285
f 3079 3209 3265
f 3265 3089 3079
f 2990 2813 2926
f 2926 3064 2990
f 123 87 194
f 2381 2576 2270
f 1590 2016 1779
f 461 460 491
f 1590 1112 1553
f 758 563 689
f 1112 993 1282
f 3735 3940 3865
f 3628 3735 3743
f 3743 3735 3865
f 4270 4718 4351
f 3743 3650 3628
f 4718 4815 4351
f 3628 3650 3539
f 3539 3650 3544
f 5083 4835 4815
f 3539 3544 3528
f 5083 5203 4835
f 3544 3664 3528
f 3528 3664 3648
f 5234 5255 5203
f 3648 3967 3666
f 5400 5255 5398
f 5400 5258 5255
f 3967 4101 3984
f 832 744 709
f 744 832 896
f 954 1148 925
f 1558 1417 1330
f 1758 1699 1632
f 1822 1758 1632
f 2437 2361 2118
f 5408 5432 5419
f 4532 4400 4411
f 2437 2606 2361
f 290 264 223
f 2606 2841 2675
f 4532 4599 4206
f 2841 3128 2963
f 4206 4599 4229
f 5390 5294 5428
f 100 164 90
f 5311 5294 5390
f 3128 3187 2963
f 5311 5226 5294
f 2963 3187 3070
f 4768 4801 4976
f 3086 3070 3263
f 3079 3047 3209
f 3089 3036 3027
f 43 54 87
f 54 76 87
f 2813 2801 2926
f 76 103 87
f 194 87 147
f 2813 2644 2801
f 2576 2381 2644
f 246 233 297
f 461 297 460
f 297 380 460
f 460 505 491
f 563 491 558
f 491 505 558
f 1112 1282 1553
f 758 689 884
f 4300 4270 3940
f 4835 4351 4815
f 3650 3649 3544
f 3544 3676 3664
f 5203 5255 5210
f 3664 3959 3648
f 5210 5255 5258
f 3959 3967 3648
f 5258 5400 5411
f 4232 4207 4166
f 4359 4207 4232
f 5408 5317 5411
f 4113 4359 4279
f 4113 4207 4359
f 864 744 896
f 954 925 896
f 1148 1330 1232
f 1232 1330 1417
f 1558 1650 1417
f 1558 1699 1650
f 1758 1822 1802
f 709 586 517
f 556 709 517
f 4359 4216 4279
f 458 517 456
f 1822 1894 1802
f 4411 4216 4553
f 456 424 458
f 423 424 456
f 2068 1894 2028
f 2028 2186 2068
f 324 290 423
f 2118 2186 2028
f 2361 2186 2118
f 4863 4411 4548
f 5378 5291 5419
f 5419 5432 5378
f 223 264 215
f 2606 2414 2361
f 5378 5432 5428
f 223 215 164
f 5428 5294 5219
f 2841 2963 2675
f 4599 4364 4229
f 4801 4364 4599
f 2814 2675 2963
f 5294 5226 5172
f 100 90 67
f 2963 3070 2814
f 4364 4801 4352
f 5012 5114 5070
f 5172 5226 5114
f 4352 4801 4768
f 4801 5012 4976
f 5226 5070 5114
f 5070 4976 5012
f 2995 2907 3070
f 3070 3086 2995
f 3086 3047 2995
f 41 45 43
f 3047 3001 2995
f 45 54 43
f 3079 3001 3047
f 3079 3089 3027
f 3036 2926 3027
f 3036 3064 2926
f 103 147 87
f 2801 2644 2673
f 194 147 186
f 194 186 233
f 186 229 233
f 1760 2270 2016
f 2016 1590 1760
f 3940 3969 3865
f 3969 3940 4270
f 3865 3854 3743
f 3865 3969 3854
f 4254 3988 3969
f 4270 4254 3969
f 4351 4254 4270
f 4351 4282 4254
f 4351 4835 4282
f 3737 3649 3650
f 4282 4835 4674
f 3649 3676 3544
f 4674 4835 5139
f 5203 5139 4835
f 5203 5210 5139
f 3846 3959 3664
f 5258 5233 5210
f 4101 4232 4166
f 5258 5411 5233
f 5233 5411 5317
f 896 925 864
f 1148 1008 925
f 1008 1148 1232
f 1417 1650 1627
f 1268 1008 1232
f 5408 5419 5317
f 709 732 586
f 744 732 709
f 864 732 744
f 1232 1357 1268
f 1417 1357 1232
f 4359 4553 4216
f 5317 5419 5291
f 511 456 517
f 4548 4411 4553
f 1894 2068 1802
f 5245 5291 5378
f 2186 2361 2414
f 2323 2186 2414
f 4863 4532 4411
f 4950 4532 4863
f 324 264 290
f 2606 2501 2414
f 2675 2662 2501
f 2675 2501 2606
f 5428 5219 5378
f 4532 4942 4599
f 4942 4990 4599
f 4990 4801 4599
f 5294 5172 5219
f 107 90 164
f 2675 2814 2662
f 5063 4801 4990
f 5063 5114 5012
f 90 66 67
f 5012 4801 5063
f 2814 3070 2907
f 67 66 51
f 41 51 57
f 57 51 66
f 2907 2995 2952
f 57 45 41
f 2952 2995 3001
f 54 45 93
f 3027 2926 2924
f 115 103 76
f 158 147 103
f 186 147 175
f 2270 1760 1973
f 505 460 380
f 1760 1590 1553
f 563 558 693
f 1553 1282 1562
f 563 693 689
f 884 689 854
f 689 693 854
f 993 884 854
f 993 854 1036
f 993 1036 1282
f 3969 3988 3854
f 4254 4154 3988
f 4282 4154 4254
f 3743 3737 3650
f 3743 3854 3737
f 3649 3798 3676
f 3676 3846 3664
f 5139 5170 4674
f 5139 5210 5170
f 5210 5233 5170
f 3967 3959 4101
f 5218 5170 5233
f 4153 4101 3959
f 4153 4232 4101
f 4232 4304 4359
f 4232 4153 4304
f 5233 5317 5218
f 912 864 925
f 925 1008 912
f 1699 1746 1650
f 1758 1746 1699
f 1758 1802 1746
f 1417 1627 1357
f 4359 4409 4553
f 1268 994 1008
f 2024 1802 2068
f 423 333 324
f 4548 4553 4863
f 2323 2237 2186
f 2237 2068 2186
f 249 215 264
f 2323 2414 2501
f 2408 2323 2501
f 5378 5186 5245
f 4950 4942 4532
f 5378 5219 5186
f 215 180 164
f 5140 5186 5219
f 5219 5172 5140
f 180 107 164
f 5140 5114 5063
f 5172 5114 5140
f 2814 2746 2662
f 90 107 66
f 74 57 66
f 79 93 45
f 3001 3079 2922
f 93 76 54
f 3079 3027 2922
f 2922 3027 2924
f 158 103 115
f 175 201 186
f 201 229 186
f 2381 2673 2644
f 2270 1973 2381
f 380 463 505
f 1690 1760 1553
f 558 505 545
f 3988 3932 3854
f 3988 4154 4090
f 3932 3988 4090
f 3854 3932 3737
f 3932 3868 3737
f 4090 3999 3932
f 3999 3868 3932
f 4282 4358 4154
f 4358 4090 4154
f 4282 4674 4358
f 3798 3737 3868
f 3649 3737 3798
f 3676 3798 3846
f 4358 4674 4843
f 3846 3954 3959
f 4843 4674 5082
f 5170 5082 4674
f 3954 4153 3959
f 5170 5218 5082
f 5171 5082 5218
f 4304 4409 4359
f 5223 5171 5218
f 5218 5317 5223
f 1627 1650 1746
f 864 912 916
f 1008 916 912
f 1761 1627 1746
f 4409 4670 4553
f 5152 5171 5223
f 732 806 586
f 916 732 864
f 916 806 732
f 1357 1451 1268
f 1802 1861 1746
f 5317 5198 5223
f 586 511 517
f 4863 4553 4670
f 5198 5152 5223
f 5317 5291 5198
f 423 456 452
f 1802 2024 1861
f 5015 5000 4670
f 5137 5152 5198
f 333 423 452
f 5000 4863 4670
f 5198 5291 5245
f 4950 4863 5000
f 5074 5000 5015
f 5078 5074 5015
f 5078 5137 5074
f 5198 5245 5137
f 333 264 324
f 249 264 333
f 4950 5000 4942
f 5074 5066 5000
f 5087 5066 5074
f 5137 5087 5074
f 5245 5186 5087
f 5137 5245 5087
f 5000 5066 4942
f 2501 2662 2408
f 5186 5140 5087
f 4942 5066 4990
f 4990 5066 5063
f 5087 5063 5066
f 5140 5063 5087
f 2814 2907 2746
f 2952 3001 2929
f 3001 2922 2929
f 93 115 76
f 2924 2926 2820
f 2926 2801 2820
f 158 175 147
f 229 297 233
f 312 297 229
f 2381 2401 2673
f 312 380 297
f 1760 1690 1973
f 1562 1690 1553
f 1562 1661 1690
f 693 558 703
f 558 545 703
f 1562 1185 1226
f 1282 1185 1562
f 1282 1036 1185
f 3999 4037 3868
f 4037 3999 4055
f 3999 4090 4358
f 3798 3868 4037
f 4358 4055 3999
f 4037 3905 3798
f 4358 4249 4055
f 4249 4037 4055
f 3798 3905 3846
f 3954 3846 3905
f 4037 4163 3905
f 4358 4747 4249
f 4358 4843 4747
f 4163 3954 3905
f 4249 4163 4037
f 4153 3954 4163
f 4747 4843 5082
f 4163 4485 4153
f 4249 4943 4163
f 4304 4153 4485
f 4747 5030 4249
f 5082 5030 4747
f 4943 4485 4163
f 5030 4943 4249
f 4409 4304 4485
f 4943 4785 4485
f 5171 5030 5082
f 4485 4670 4409
f 4785 4670 4485
f 5171 5152 5030
f 5152 4943 5030
f 916 1008 994
f 4943 5078 4785
f 806 643 586
f 1357 1605 1451
f 1605 1357 1627
f 1761 1605 1627
f 1746 1861 1761
f 5015 4670 4785
f 5078 5015 4785
f 5152 5078 4943
f 511 497 452
f 456 511 452
f 511 586 497
f 5152 5137 5078
f 2024 2068 2237
f 313 249 333
f 2323 2328 2237
f 215 249 255
f 2408 2328 2323
f 215 255 180
f 180 185 107
f 2718 2408 2662
f 66 107 88
f 2746 2718 2662
f 66 88 74
f 2746 2907 2825
f 57 79 45
f 2952 2825 2907
f 2924 2815 2922
f 2924 2812 2815
f 2820 2812 2924
f 176 175 158
f 2801 2658 2820
f 176 204 175
f 2801 2673 2658
f 175 204 201
f 201 204 228
f 201 312 229
f 312 414 380
f 414 463 380
f 1690 1661 1973
f 545 505 492
f 916 994 806
f 1543 1605 1761
f 1799 1761 1861
f 1543 1451 1605
f 1861 1968 1799
f 1968 1861 2024
f 249 313 255
f 185 180 255
f 2408 2718 2663
f 185 88 107
f 2825 2718 2746
f 2825 2952 2808
f 2952 2929 2808
f 79 98 93
f 2929 2922 2808
f 2808 2922 2815
f 140 115 93
f 140 176 115
f 176 158 115
f 2673 2401 2658
f 201 228 312
f 228 311 312
f 2381 1969 2401
f 2381 1973 1969
f 1661 1763 1973
f 505 463 492
f 610 545 492
f 703 545 610
f 854 693 989
f 1036 854 989
f 643 806 730
f 994 1213 1018
f 994 1268 1451
f 1213 994 1451
f 586 635 497
f 586 643 635
f 730 706 643
f 1968 1892 1799
f 497 475 452
f 452 430 313
f 333 452 313
f 2237 2328 2095
f 2663 2328 2408
f 74 79 57
f 2766 2718 2825
f 2766 2825 2808
f 2808 2815 2819
f 2820 2655 2812
f 2820 2658 2655
f 311 346 312
f 312 346 414
f 492 414 346
f 492 463 414
f 1763 1969 1973
f 703 610 677
f 989 1226 1185
f 1311 1562 1226
f 989 693 703
f 1185 1036 989
f 730 806 994
f 643 706 635
f 994 706 730
f 1018 706 994
f 1543 1761 1619
f 1619 1761 1799
f 497 635 475
f 1543 1490 1451
f 1619 1490 1543
f 475 430 452
f 2024 2237 2095
f 185 145 88
f 88 145 96
f 88 96 74
f 2663 2718 2766
f 124 93 98
f 93 124 140
f 166 176 140
f 2812 2708 2815
f 166 189 176
f 189 204 176
f 2655 2658 2533
f 325 311 228
f 2401 1969 2373
f 346 444 492
f 444 515 492
f 515 557 492
f 492 557 610
f 1661 1562 1311
f 703 677 754
f 754 855 703
f 989 703 855
f 706 705 635
f 1490 1213 1451
f 1892 2002 1799
f 1968 2013 1892
f 2024 2013 1968
f 2013 2024 2095
f 430 273 313
f 255 273 230
f 273 255 313
f 185 255 230
f 2663 2345 2328
f 74 96 79
f 79 96 98
f 2766 2808 2819
f 2812 2655 2646
f 204 284 228
f 284 325 228
f 2658 2401 2373
f 1907 2373 1969
f 1907 1969 1763
f 610 557 677
f 989 855 1081
f 1226 989 1081
f 1018 1104 706
f 1213 1104 1018
f 1213 1490 1248
f 629 475 635
f 629 430 475
f 2002 1619 1799
f 1892 2013 2002
f 433 320 430
f 430 320 273
f 2328 2345 2095
f 145 152 96
f 145 185 152
f 96 152 144
f 2491 2663 2766
f 2491 2766 2714
f 98 161 124
f 124 161 140
f 2815 2708 2819
f 2646 2655 2533
f 2658 2373 2378
f 325 346 311
f 444 569 515
f 1661 1670 1763
f 1661 1311 1670
f 677 733 754
f 855 754 985
f 1081 855 985
f 705 706 1104
f 1248 1104 1213
f 1490 1167 1248
f 629 485 430
f 1619 1537 1490
f 2002 1537 1619
f 2156 2013 2095
f 144 146 96
f 96 146 98
f 146 161 98
f 140 161 166
f 2766 2819 2714
f 2714 2819 2708
f 161 198 166
f 166 198 189
f 2708 2812 2646
f 284 204 189
f 2658 2378 2533
f 2373 1907 2157
f 346 516 444
f 1670 1907 1763
f 515 599 557
f 677 557 599
f 677 599 733
f 754 926 985
f 1311 1226 1081
f 705 629 635
f 998 705 1104
f 430 485 433
f 2013 2035 2002
f 2013 2156 2035
f 433 410 320
f 273 252 230
f 320 319 273
f 2156 2095 2345
f 252 220 230
f 185 178 152
f 2663 2433 2345
f 2491 2433 2663
f 144 161 146
f 2714 2656 2491
f 198 284 189
f 325 284 309
f 674 733 599
f 754 733 926
f 985 1240 1081
f 1248 1167 1104
f 666 485 629
f 1537 1167 1490
f 1537 2002 1642
f 2035 1642 2002
f 410 319 320
f 283 273 319
f 2345 2217 2156
f 273 283 252
f 230 220 185
f 185 220 178
f 2345 2433 2352
f 2656 2714 2558
f 2558 2714 2686
f 2714 2708 2686
f 161 193 198
f 2390 2646 2533
f 2533 2378 2390
f 325 309 391
f 2378 2373 2121
f 2373 2157 2121
f 325 391 346
f 569 599 515
f 1311 1454 1670
f 1081 1240 1454
f 1311 1081 1454
f 797 629 705
f 998 797 705
f 433 485 518
f 1642 2035 1862
f 433 518 410
f 1862 2035 2050
f 2035 2156 2050
f 2156 2057 2050
f 2156 2217 2057
f 2057 2217 2128
f 178 179 152
f 152 179 144
f 179 172 144
f 144 172 161
f 172 193 161
f 193 209 198
f 2708 2559 2686
f 2646 2559 2708
f 198 306 284
f 309 284 306
f 2390 2378 2121
f 2157 1907 1984
f 516 569 444
f 599 615 674
f 599 569 615
f 1907 1670 1984
f 733 674 930
f 926 1147 985
f 1592 1670 1454
f 797 666 629
f 1104 1167 998
f 1537 1642 1167
f 666 572 485
f 1642 1273 1167
f 2050 2057 1862
f 2217 2352 2128
f 2345 2352 2217
f 252 200 220
f 220 200 178
f 2558 2491 2656
f 2559 2558 2686
f 198 209 259
f 306 198 259
f 2390 2121 2344
f 391 516 346
f 2121 1984 2032
f 2157 1984 2121
f 516 615 569
f 1773 1984 1670
f 1773 1670 1592
f 1604 1592 1454
f 926 733 930
f 926 930 1147
f 985 1147 1240
f 485 572 518
f 1552 1296 1273
f 1552 1273 1642
f 410 518 445
f 1642 1862 1552
f 1666 1552 1862
f 2128 1666 1862
f 2057 2128 1862
f 283 319 388
f 410 388 319
f 410 445 388
f 300 283 388
f 283 250 252
f 250 200 252
f 2352 2433 2377
f 178 200 179
f 2433 2491 2377
f 2432 2377 2491
f 179 192 172
f 2432 2491 2558
f 172 192 193
f 2559 2646 2487
f 259 310 306
f 2487 2646 2390
f 306 377 309
f 377 391 309
f 1984 1773 2032
f 1773 1592 1604
f 1032 1147 930
f 1147 1277 1240
f 1240 1486 1454
f 1486 1604 1454
f 998 1167 1077
f 686 572 666
f 797 785 666
f 998 785 797
f 1077 785 998
f 1552 1666 1296
f 518 572 445
f 250 283 300
f 2352 2336 2128
f 250 219 200
f 2352 2377 2336
f 200 211 179
f 179 211 192
f 2463 2432 2558
f 192 209 193
f 2463 2558 2471
f 2558 2559 2471
f 2471 2559 2468
f 209 280 259
f 2468 2559 2487
f 259 280 310
f 2487 2390 2325
f 2325 2390 2344
f 310 377 306
f 2121 2032 2344
f 391 416 516
f 1604 1639 1773
f 930 674 1032
f 1032 1176 1147
f 1147 1176 1277
f 1639 1604 1486
f 1486 1240 1277
f 666 785 686
f 1077 1167 1273
f 572 686 623
f 785 742 686
f 833 742 785
f 1077 833 785
f 878 833 1077
f 1181 878 1077
f 1273 1181 1077
f 445 572 465
f 623 465 572
f 623 621 465
f 445 465 388
f 2128 1821 1666
f 300 388 276
f 250 300 276
f 1821 2128 2001
f 219 250 276
f 354 276 388
f 465 354 388
f 2128 2336 2001
f 276 266 219
f 200 219 211
f 245 211 219
f 245 219 266
f 354 266 276
f 2336 2377 2432
f 2321 2001 2336
f 2432 2321 2336
f 211 235 192
f 2432 2463 2321
f 235 209 192
f 2463 2420 2321
f 2471 2420 2463
f 280 209 235
f 280 235 287
f 2468 2420 2471
f 287 310 280
f 2073 2468 2325
f 2487 2325 2468
f 2344 2073 2325
f 2032 2073 2344
f 391 377 416
f 2073 2032 1991
f 516 416 583
f 1991 2032 1908
f 2032 1773 1908
f 615 516 583
f 615 583 674
f 1908 1773 1579
f 1579 1773 1639
f 1579 1639 1277
f 1032 674 1037
f 1176 1032 1037
f 1639 1486 1277
f 686 742 623
f 1273 1296 1181
f 1296 1409 1181
f 1409 1247 1181
f 1666 1409 1296
f 1666 1821 1409
f 621 429 465
f 354 465 429
f 1864 1821 2001
f 266 267 245
f 2001 2061 1864
f 2001 2321 2061
f 354 336 266
f 211 245 235
f 267 235 245
f 336 348 266
f 348 267 266
f 305 235 267
f 348 305 267
f 2321 2420 2061
f 2420 2234 2061
f 2234 2029 2061
f 235 305 287
f 2420 2468 2234
f 457 287 305
f 2468 2085 2234
f 287 457 310
f 2073 2085 2468
f 310 457 377
f 416 377 457
f 480 416 457
f 480 583 416
f 1991 1908 1912
f 583 820 674
f 1407 1730 1579
f 1912 1579 1730
f 1908 1579 1912
f 1037 674 820
f 1176 1037 1142
f 1340 1176 1142
f 1579 1340 1407
f 1277 1176 1340
f 1579 1277 1340
f 742 833 878
f 742 803 623
f 803 742 878
f 878 1181 992
f 623 803 621
f 1181 1247 992
f 305 348 417
f 2234 1674 2029
f 417 457 305
f 2234 2014 1674
f 2014 2234 2085
f 2073 1983 2085
f 2073 1991 1983
f 1983 1991 1912
f 583 480 679
f 820 583 679
f 1142 1037 820
f 1407 1340 1142
f 992 1033 878
f 621 685 537
f 685 621 803
f 1247 1033 992
f 1247 1409 1366
f 621 537 429
f 1366 1409 1864
f 1409 1821 1864
f 1366 1864 1489
f 429 448 354
f 537 448 429
f 1864 1595 1489
f 448 434 336
f 354 448 336
f 1864 1637 1595
f 1864 2061 1637
f 434 417 348
f 336 434 348
f 2061 2029 1637
f 1674 1637 2029
f 1674 1924 1649
f 2014 1924 1674
f 549 471 417
f 592 471 549
f 2085 1924 2014
f 417 471 457
f 692 471 592
f 2085 1983 1924
f 1924 1722 1649
f 1722 1438 1649
f 1983 1912 1722
f 1983 1722 1924
f 457 471 480
f 692 480 471
f 1722 1260 1438
f 679 480 692
f 679 835 820
f 835 1122 892
f 1142 1122 1407
f 1722 1407 1260
f 1912 1730 1722
f 892 820 835
f 1142 892 1122
f 1730 1407 1722
f 1142 820 892
f 803 878 906
f 906 878 1033
f 906 685 803
f 1366 1270 1247
f 1247 1270 1124
f 685 658 537
f 1366 1489 1270
f 448 537 658
f 849 658 685
f 1410 1270 1489
f 448 658 584
f 1489 1494 1410
f 1494 1489 1595
f 584 578 434
f 448 584 434
f 1637 1494 1595
f 434 578 417
f 1674 1494 1637
f 578 549 417
f 1585 1441 1674
f 1674 1649 1585
f 719 592 549
f 664 719 549
f 1585 1649 1438
f 719 692 592
f 778 692 719
f 1284 1438 1260
f 778 861 835
f 778 679 692
f 835 679 778
f 835 977 1122
f 861 977 835
f 1122 1118 1260
f 1407 1122 1260
f 906 1033 888
f 685 906 849
f 849 906 888
f 1124 1033 1247
f 849 696 658
f 1410 1124 1270
f 658 696 584
f 696 659 584
f 584 659 578
f 1494 1674 1441
f 659 664 549
f 578 659 549
f 1585 1438 1441
f 1441 1438 1284
f 1284 1260 1118
f 1118 1122 977
f 849 888 1010
f 1033 1043 888
f 1043 1010 888
f 1124 1043 1033
f 1124 1410 1043
f 849 715 696
f 1010 715 849
f 1172 1010 1043
f 1410 1172 1043
f 1010 874 715
f 1172 874 1010
f 1410 1391 1172
f 1410 1494 1391
f 1391 1275 1172
f 715 659 696
f 1172 1275 874
f 874 792 715
f 715 702 659
f 792 702 715
f 1275 1041 874
f 1391 1360 1275
f 1441 1360 1391
f 1391 1494 1441
f 702 708 659
f 708 664 659
f 1041 792 874
f 1360 1041 1275
f 702 807 708
f 792 807 702
f 1360 1244 1041
f 1041 807 792
f 1360 1284 1244
f 1360 1441 1284
f 664 708 719
f 861 708 807
f 719 708 861
f 977 861 807
f 1041 977 807
f 1109 1041 1244
f 1284 1118 1109
f 1284 1109 1244
f 719 861 778
f 1109 977 1041
f 1109 1118 977
