v 49.35758 141.56578 1062.65905762
v 49.49082 140.93602 1058.59020996
v 49.51122 139.63377 1062.88879395
v 49.54499 146.32642 1060.34094238
v 49.56812 141.23459 1064.28466797
v 49.61509 146.38432 1056.79064941
v 49.78076 146.89980 1061.12463379
v 49.79599 156.08560 1058.16882324
v 49.82067 139.48338 1064.91394043
v 49.84403 140.22128 1057.32006836
v 49.84410 145.76871 1055.01367188
v 49.85789 145.18605 1063.21337891
v 49.92078 141.76460 1065.48449707
v 49.95719 138.13371 1059.23388672
v 49.97588 138.07573 1063.83398438
v 50.02306 156.49535 1057.63781738
v 50.06670 155.21088 1057.29541016
v 50.10656 137.22252 1061.26904297
v 50.11491 156.05556 1058.84594727
v 50.19983 156.72487 1058.64746094
v 50.20658 149.75606 1058.18518066
v 50.24408 154.40056 1058.14794922
v 50.29199 156.07573 1056.76916504
v 50.33626 148.89755 1059.99890137
v 50.38806 152.47342 1056.94628906
v 50.40711 138.10455 1065.73254395
v 50.43668 152.43526 1055.95056152
v 50.65708 149.52809 1052.98706055
v 50.73531 156.85551 1059.20666504
v 50.84449 145.54309 1053.07104492
v 50.88591 135.86104 1062.28247070
v 50.94173 148.62064 1052.47204590
v 51.01736 135.82629 1060.60266113
v 51.02182 153.03046 1059.53625488
v 51.05095 151.26730 1059.93395996
v 51.07462 141.56433 1067.73925781
v 51.08146 140.53386 1067.85009766
v 51.11287 138.81902 1067.56933594
v 51.15044 136.42621 1058.94006348
v 51.15172 138.90402 1056.20227051
v 51.19662 146.64758 1052.40991211
v 51.26242 149.88011 1061.04992676
v 51.30252 156.94254 1054.69848633
v 51.35941 139.97015 1055.28527832
v 51.38855 155.99942 1053.82397461
v 51.44513 157.81235 1058.75476074
v 51.58792 150.85396 1052.04724121
v 51.66200 154.81551 1052.99914551
v 51.66712 153.52367 1060.23522949
v 51.75102 138.69055 1055.91809082
v 51.85343 157.49489 1059.42297363
v 51.87446 135.28819 1059.58227539
v 52.01379 136.44083 1057.96862793
v 52.04620 158.00914 1054.79711914
v 52.11512 139.54486 1055.19812012
v 52.11823 138.59985 1068.75085449
v 52.17866 146.10577 1052.08361816
v 52.19240 137.02780 1067.88732910
v 52.19515 157.43875 1053.54394531
v 52.21680 158.41585 1055.94714355
v 52.38368 141.47282 1054.12133789
v 52.42595 134.99498 1065.89294434
v 52.51608 147.55350 1051.66796875
v 52.60130 139.41823 1069.57531738
v 52.65024 134.20227 1064.99096680
v 52.81757 156.92421 1052.09729004
v 52.83974 152.54799 1061.73657227
v 52.84476 134.35880 1066.72045898
v 52.84711 133.78175 1064.01916504
v 52.90036 158.79408 1056.86437988
v 52.94296 137.90663 1069.88195801
v 53.00823 133.67258 1063.04577637
v 53.06410 146.26445 1066.21533203
v 53.07089 158.37042 1058.62597656
v 53.14185 154.63774 1051.58264160
v 53.26438 142.75601 1069.11950684
v 53.39093 134.49599 1059.44592285
v 53.47256 140.41815 1070.51892090
v 53.58258 159.53334 1055.91821289
v 53.62012 160.07982 1053.94177246
v 53.67560 131.58316 1068.69360352
v 53.74751 132.61230 1070.78955078
v 53.87456 133.21289 1062.12426758
v 53.98036 153.52847 1051.12487793
v 54.04800 130.66234 1067.00793457
v 54.23460 154.66858 1050.81396484
v 54.24565 133.90948 1072.58618164
v 54.28065 156.74574 1060.84191895
v 54.33997 160.64481 1055.35546875
v 54.34082 160.76976 1050.92150879
v 54.35010 130.30954 1066.53076172
v 54.49929 138.64551 1072.63513184
v 54.52977 152.55682 1063.55163574
v 54.55551 159.53360 1049.96069336
v 54.65309 157.97305 1049.75463867
v 54.66872 149.60420 1066.11315918
v 54.67838 158.57747 1059.19262695
v 54.72976 155.49890 1061.75048828
v 54.87367 159.37320 1058.08679199
v 55.05517 140.29861 1054.44934082
v 55.06674 161.46902 1049.95739746
v 55.08611 140.26329 1072.61145020
v 55.09133 132.41339 1062.08666992
v 55.10391 145.94868 1051.85351562
v 55.25461 130.00546 1065.12426758
v 55.35038 163.20883 1051.68554688
v 55.37771 128.45726 1069.39172363
v 55.63684 128.44577 1073.08642578
v 55.73609 161.66415 1048.71252441
v 55.75983 147.93173 1051.15344238
v 55.76475 151.68947 1050.76489258
v 55.78963 130.53383 1075.09558105
v 55.80456 132.94426 1075.22924805
v 55.81255 146.90858 1068.87890625
v 56.09393 149.59700 1067.78198242
v 56.17435 146.07970 1051.49279785
v 56.19415 163.65346 1047.90759277
v 56.27705 157.42619 1061.45898438
v 56.47046 126.75826 1076.47424316
v 56.50597 165.83284 1048.10034180
v 56.69754 165.20631 1052.41552734
v 56.70671 125.29494 1074.83422852
v 56.83444 160.28847 1047.36682129
v 56.91047 135.27415 1076.35961914
v 57.04090 125.33521 1077.12438965
v 57.10278 148.03398 1050.54333496
v 57.11400 130.71858 1078.24206543
v 57.14413 164.86798 1053.84020996
v 57.14833 166.90120 1049.64672852
v 57.18480 139.30780 1054.45239258
v 57.24992 129.11420 1078.67565918
v 57.26640 126.94353 1078.55505371
v 57.35682 133.53410 1059.01159668
v 57.36230 124.37996 1073.35974121
v 57.37993 125.13210 1071.24804688
v 57.64212 162.56865 1057.40234375
v 57.64262 150.52568 1049.81738281
v 57.67587 165.78291 1053.12304688
v 57.74461 150.81827 1068.36914062
v 57.78591 134.65578 1057.60705566
v 57.89547 167.51724 1044.74829102
v 57.89563 144.58881 1051.04833984
v 57.93606 124.93333 1070.70910645
v 57.98370 138.58806 1054.41027832
v 58.00790 159.35411 1046.62597656
v 58.03304 166.61266 1043.87268066
v 58.05886 168.37672 1045.80664062
v 58.09546 123.60320 1078.17810059
v 58.11486 128.68646 1079.78833008
v 58.30451 165.85387 1043.31298828
v 58.30994 153.77394 1048.41259766
v 58.36269 122.47890 1075.37817383
v 58.42529 168.77026 1043.73608398
v 58.46240 125.46005 1079.91027832
v 58.55385 147.18437 1071.32775879
v 58.56414 169.05870 1046.98559570
v 58.58780 122.61688 1074.25109863
v 58.76113 133.53603 1057.95300293
v 58.76867 162.81357 1044.17456055
v 58.80217 141.14676 1076.21545410
v 58.93947 168.11359 1050.39550781
v 58.94928 155.77899 1064.82617188
v 58.98117 164.37000 1042.85131836
v 59.01332 164.87970 1055.50183105
v 59.09782 159.89606 1061.43750000
v 59.44559 171.71516 1038.99621582
v 59.46915 146.15541 1048.89685059
v 59.54039 129.16516 1062.11071777
v 59.60900 119.62152 1078.16564941
v 59.64213 127.96044 1063.70996094
v 59.73381 171.27335 1037.65502930
v 59.73921 148.25157 1048.22204590
v 59.82802 172.99840 1039.59350586
v 59.82916 167.64368 1052.04101562
v 60.01176 165.86188 1040.00537109
v 60.04774 120.34526 1081.25451660
v 60.09165 122.34534 1081.99780273
v 60.10183 119.51366 1080.69506836
v 60.12840 123.75908 1082.10046387
v 60.14101 119.31355 1076.34228516
v 60.14178 148.42952 1071.48608398
v 60.17321 122.35368 1072.54663086
v 60.20183 172.90411 1042.63867188
v 60.21531 137.50848 1052.63354492
v 60.31987 171.15833 1036.34350586
v 60.37317 173.81447 1040.42651367
v 60.40481 129.03505 1061.28552246
v 60.50126 172.59344 1035.88171387
v 60.52578 169.57422 1036.89978027
v 60.53550 173.89471 1036.77429199
v 60.58294 142.01381 1077.20471191
v 60.74340 120.74683 1082.42663574
v 60.77851 162.78566 1058.89941406
v 60.82406 166.47586 1054.32604980
v 60.84299 132.61682 1056.01477051
v 60.85446 172.49812 1044.83605957
v 60.85704 155.32985 1066.07861328
v 60.87522 164.28918 1040.33398438
v 60.88349 132.58488 1082.18835449
v 60.94194 117.91181 1080.50134277
v 60.95089 133.95438 1054.56616211
v 60.99226 117.74889 1079.23913574
v 61.07858 174.21077 1042.14294434
v 61.12714 138.86192 1079.59631348
v 61.58702 134.46506 1082.27673340
v 61.62934 168.75456 1052.26196289
v 61.72738 146.95871 1073.65637207
v 61.73493 157.16341 1064.69482422
v 61.82288 124.79474 1066.49475098
v 61.83513 153.47635 1068.05358887
v 61.86514 117.64007 1082.14257812
v 61.88556 116.95625 1080.14050293
v 61.90346 143.15784 1076.97094727
v 61.92983 175.01852 1032.93737793
v 61.93138 139.86028 1079.59680176
v 61.94532 173.59186 1032.89746094
v 61.95689 117.31467 1077.96374512
v 62.00187 176.03706 1033.44445801
v 62.10823 171.78868 1048.41809082
v 62.14880 130.25575 1057.11572266
v 62.23651 167.20268 1037.04528809
v 62.30125 177.04037 1035.03881836
v 62.39249 166.83542 1054.62487793
v 62.44190 141.60757 1048.18579102
v 62.48120 158.22424 1043.90063477
v 62.65083 119.77467 1074.31140137
v 62.78383 159.72731 1062.31762695
v 62.79740 121.36842 1071.68359375
v 62.82027 172.72774 1047.22424316
v 62.87825 177.36157 1038.10571289
v 63.04137 133.64246 1083.51452637
v 63.04564 171.76416 1049.47485352
v 63.05018 155.11732 1066.64538574
v 63.05803 140.90625 1079.34045410
v 63.11878 115.96227 1080.11242676
v 63.18272 156.89735 1043.86193848
v 63.25468 144.74181 1075.87426758
v 63.32662 168.42264 1034.34753418
v 63.34357 175.98378 1042.67260742
v 63.36454 126.09480 1061.36596680
v 63.42198 115.94839 1079.37890625
v 63.54870 149.70619 1071.27514648
v 63.62548 116.11182 1083.28088379
v 63.67218 129.83047 1085.21728516
v 63.69585 178.02025 1038.43591309
v 63.77386 140.52879 1047.28515625
v 63.79414 136.83632 1082.61596680
v 63.86884 135.84734 1050.10375977
v 63.91418 174.37993 1029.79211426
v 63.93599 147.32498 1073.66357422
v 63.96764 161.55342 1039.99182129
v 64.01833 157.37660 1042.90588379
v 64.05460 178.47241 1029.89270020
v 64.10809 130.77283 1085.45324707
v 64.16039 156.86078 1064.79003906
v 64.16926 121.35101 1069.94653320
v 64.19148 118.25209 1075.70043945
v 64.21266 175.91618 1043.78454590
v 64.23674 179.14117 1030.73706055
v 64.26945 133.69292 1051.42724609
v 64.36213 116.78676 1084.93811035
v 64.39106 170.17038 1051.74414062
v 64.47491 175.90077 1028.21142578
v 64.51062 138.43442 1047.49743652
v 64.52100 177.24789 1027.76586914
v 64.54385 165.04747 1036.90014648
v 64.54457 173.73361 1029.24279785
v 64.68783 126.13140 1086.23779297
v 64.73513 172.78256 1048.55236816
v 64.74145 151.19182 1043.50903320
v 64.77193 147.04765 1044.40966797
v 64.81474 119.88232 1072.33093262
v 64.86700 131.94743 1085.59826660
v 65.02448 180.43604 1029.84643555
v 65.12196 180.38451 1028.18859863
v 65.21523 173.76637 1028.17150879
v 65.24470 114.29854 1083.24426270
v 65.28632 149.26050 1071.55786133
v 65.30713 176.13185 1025.86010742
v 65.30788 114.27201 1081.17736816
v 65.36453 174.75197 1046.33593750
v 65.37851 180.25797 1034.77929688
v 65.46552 177.84305 1041.68212891
v 65.51062 138.23956 1082.21301270
v 65.53469 167.07387 1033.52575684
v 65.59093 128.03148 1055.67126465
v 65.70540 166.01828 1055.90710449
v 65.80687 118.28757 1074.67321777
v 65.87251 174.12407 1026.44580078
v 65.88171 132.78926 1085.54187012
v 65.88949 172.67212 1049.11108398
v 65.98667 177.85855 1022.10229492
v 66.03786 156.48082 1040.81201172
v 66.07134 176.03726 1023.08538818
v 66.07982 120.10455 1087.72119141
v 66.09969 114.60703 1080.11669922
v 66.15153 147.86592 1042.48754883
v 66.20206 161.61894 1037.60668945
v 66.22322 179.80733 1022.39093018
v 66.27210 178.64619 1021.20831299
v 66.30168 114.18938 1085.41906738
v 66.34914 171.17328 1050.93652344
v 66.39941 180.86992 1035.88964844
v 66.40179 159.69397 1061.71313477
v 66.42432 126.59647 1056.39575195
v 66.43079 138.66978 1081.91406250
v 66.44351 135.20485 1083.91333008
v 66.50366 139.73921 1044.34875488
v 66.52988 176.73573 1021.18804932
v 66.55577 115.67641 1087.06811523
v 66.61506 180.07617 1021.70977783
v 66.66405 156.77429 1064.05017090
v 66.66466 182.02293 1026.46569824
v 66.80904 117.69808 1088.03283691
v 66.82009 129.25278 1051.94250488
v 66.85532 149.76476 1070.61071777
v 66.91341 165.27879 1033.51879883
v 66.92651 113.89162 1085.78454590
v 67.10688 125.77512 1088.47814941
v 67.17633 153.55202 1040.27648926
v 67.18810 116.19736 1077.70397949
v 67.19018 145.43259 1074.97973633
v 67.23203 127.58361 1087.86047363
v 67.24779 135.61592 1083.71545410
v 67.27110 123.31383 1088.77673340
v 67.30656 179.63258 1039.85473633
v 67.31408 113.22664 1084.87780762
v 67.33189 133.99210 1046.38452148
v 67.40113 139.12581 1081.33862305
v 67.41219 163.42329 1058.09375000
v 67.53231 166.24225 1055.25109863
v 67.59407 137.36417 1043.60314941
v 67.64371 112.95157 1083.81030273
v 67.68663 117.06035 1075.78027344
v 67.85071 183.11758 1029.13049316
v 67.87171 154.81320 1038.80773926
v 67.87748 126.92054 1088.61523438
v 67.90301 160.88089 1035.55480957
v 67.92259 137.66522 1082.46276855
v 67.99478 129.23888 1087.41809082
v 68.00172 175.40384 1019.18933105
v 68.00801 177.14473 1017.74700928
v 68.11753 181.54393 1021.31542969
v 68.13690 183.15851 1026.78710938
v 68.16396 160.32791 1060.21313477
v 68.18127 132.51157 1085.86743164
v 68.20670 177.84456 1043.68432617
v 68.20692 162.24684 1058.81823730
v 68.28144 130.14713 1048.18725586
v 68.34684 145.99461 1039.71862793
v 68.38292 149.77269 1069.87670898
v 68.46766 112.91336 1082.73583984
v 68.54017 179.95247 1017.71942139
v 68.54900 125.57710 1089.14721680
v 68.64510 168.79253 1028.07336426
v 68.75161 169.64745 1052.13354492
v 68.78842 165.36310 1055.41271973
v 68.85537 144.29906 1075.33325195
v 68.90482 137.62633 1082.05004883
v 68.97476 113.63282 1088.07397461
v 69.02728 127.56665 1088.59033203
v 69.09734 115.25718 1089.00634766
v 69.12704 135.17336 1083.64074707
v 69.14021 140.93472 1038.96228027
v 69.17498 180.95126 1018.04101562
v 69.18815 178.19882 1016.09191895
v 69.22437 183.92134 1028.94165039
v 69.23649 182.00160 1037.54675293
v 69.28920 125.88515 1089.23229980
v 69.37928 175.11911 1016.99725342
v 69.38412 178.92459 1015.96392822
v 69.38895 180.10199 1016.70513916
v 69.53873 179.72763 1041.51049805
v 69.56642 119.47227 1089.77453613
v 69.73026 127.03284 1049.40881348
v 69.73734 111.84881 1087.29614258
v 69.82484 115.00484 1079.03002930
v 69.89518 171.19995 1050.32104492
v 69.90977 183.10155 1021.75408936
v 69.94847 166.85822 1027.51220703
v 69.99223 151.49406 1067.04577637
v 70.00610 161.59598 1058.04284668
v 70.03661 177.34213 1044.65576172
v 70.04557 147.27338 1071.37377930
v 70.06223 140.50490 1078.07067871
v 70.08049 183.24117 1035.31665039
v 70.08971 136.63118 1082.05322266
v 70.09158 150.48773 1036.48291016
v 70.09906 134.78525 1040.48962402
v 70.10534 111.17919 1086.66674805
v 70.11481 160.67673 1031.72778320
v 70.12330 175.34068 1015.92608643
v 70.30762 146.73599 1036.87548828
v 70.31798 168.45534 1024.02795410
v 70.44954 167.94231 1052.92224121
v 70.48255 155.27277 1063.06066895
v 70.56523 163.59529 1055.59411621
v 70.57725 132.54381 1041.28771973
v 70.58535 129.16148 1045.16516113
v 70.59190 184.38237 1028.67114258
v 70.59406 117.35284 1090.53137207
v 70.62909 150.30452 1067.46215820
v 70.66474 180.86836 1016.62304688
v 70.72932 183.21162 1020.72528076
v 70.75350 181.01277 1040.45605469
v 70.76024 110.99873 1084.48596191
v 70.76143 121.87106 1058.43566895
v 70.76338 153.62807 1064.70947266
v 70.80219 173.40819 1016.62841797
v 70.80687 114.94042 1078.64562988
v 70.85615 140.88693 1035.92248535
v 70.85722 148.25725 1035.46191406
v 70.86385 176.79115 1014.98602295
v 70.92979 163.42300 1028.27294922
v 70.93406 157.82594 1031.83471680
v 70.98843 165.34077 1026.36328125
v 71.01421 118.46001 1090.64050293
v 71.03630 146.53429 1070.40795898
v 71.05481 122.91048 1089.95642090
v 71.08905 131.12083 1085.98974609
v 71.12452 127.72509 1088.27197266
v 71.14159 151.72542 1033.09216309
v 71.17026 175.99919 1045.96862793
v 71.19376 178.16234 1014.79486084
v 71.20318 157.81102 1059.79589844
v 71.21360 111.75194 1089.34899902
v 71.21592 139.73898 1077.24011230
v 71.33356 167.18634 1052.90429688
v 71.34978 148.72905 1067.30700684
v 71.35627 183.98141 1021.88653564
v 71.36466 173.12146 1015.93127441
v 71.37193 171.81285 1016.84539795
v 71.46481 170.75766 1049.97521973
v 71.51093 128.70029 1043.66882324
v 71.54715 183.92595 1035.65234375
v 71.60567 150.40054 1065.71948242
v 71.62281 114.93900 1077.85412598
v 71.66473 174.11435 1015.15118408
v 71.79270 178.88329 1014.83013916
v 71.79646 152.82097 1064.11547852
v 71.79720 172.40099 1048.54455566
v 71.80129 147.28326 1031.37841797
v 71.80979 157.30417 1028.37109375
v 71.85684 153.89235 1028.84130859
v 71.86580 181.95404 1017.75030518
v 71.88737 166.04439 1019.78765869
v 71.94257 112.78864 1090.96350098
v 71.99731 135.95671 1080.68334961
v 72.00256 136.96953 1034.58020020
v 72.02802 161.18024 1025.33618164
v 72.09359 117.72329 1091.70288086
v 72.09682 143.51518 1031.27734375
v 72.09953 175.62845 1046.08923340
v 72.10006 183.98795 1021.16821289
v 72.13656 114.29459 1091.67565918
v 72.16536 180.26350 1041.52221680
v 72.18427 120.66994 1090.58032227
v 72.19564 132.05354 1037.46997070
v 72.19653 130.37198 1085.88781738
v 72.19902 175.13286 1014.56341553
v 72.25043 129.66682 1039.72998047
v 72.27569 123.67252 1089.93579102
v 72.53842 161.47984 1055.47412109
v 72.55927 120.26425 1059.30371094
v 72.56191 184.31949 1034.87976074
v 72.60464 166.22806 1052.44494629
v 72.60703 113.06612 1080.74365234
v 72.64345 116.90356 1067.68310547
v 72.68511 121.38687 1055.22241211
v 72.68816 114.01184 1078.81713867
v 72.70898 174.55138 1046.75415039
v 72.71742 155.66672 1059.99047852
v 72.74301 136.38538 1078.83569336
v 72.74729 125.60391 1088.89624023
v 72.79026 184.50500 1022.44836426
v 72.79141 181.25803 1016.63421631
v 72.81120 142.52386 1069.62500000
v 72.81482 124.56348 1047.66772461
v 72.82831 118.84683 1091.64465332
v 72.84026 109.24074 1086.13928223
v 72.86133 161.55069 1022.68231201
v 72.86396 147.58563 1063.92102051
v 72.86771 131.00163 1084.55957031
v 72.90538 176.08197 1014.27374268
v 72.93106 146.17407 1064.46032715
v 72.93112 152.66692 1062.47790527
v 72.96505 157.71715 1025.54260254
v 73.01708 112.82424 1091.88195801
v 73.06016 137.34979 1075.34179688
v 73.06352 174.98419 1013.97833252
v 73.07378 184.66920 1032.18237305
v 73.08133 154.72694 1060.15795898
v 73.09962 143.91380 1066.15283203
v 73.14350 184.00056 1036.04443359
v 73.16116 124.48267 1089.44250488
v 73.21937 165.00240 1017.31915283
v 73.23499 173.78276 1046.97497559
v 73.30631 137.04604 1031.97241211
v 73.35782 143.61943 1028.80664062
v 73.36505 138.28314 1072.22741699
v 73.39186 108.58760 1087.12854004
v 73.40307 163.05711 1053.17346191
v 73.40980 179.02399 1014.91845703
v 73.41791 169.14159 1013.37554932
v 73.42184 150.65053 1026.73132324
v 73.42222 151.71773 1061.38830566
v 73.46395 109.76611 1084.26879883
v 73.49210 147.37596 1061.47680664
v 73.51045 170.12398 1012.74676514
v 73.55659 158.51859 1023.38305664
v 73.69411 155.82155 1057.17822266
v 73.71082 180.49127 1040.90307617
v 73.72945 170.98322 1012.23950195
v 73.73919 180.90601 1016.26373291
v 73.74125 133.37556 1079.41418457
v 73.79094 175.92278 1013.94085693
v 73.80218 161.48494 1019.01916504
v 73.82713 109.73048 1090.48315430
v 73.82821 108.36784 1088.12780762
v 73.87285 125.97971 1088.07641602
v 73.90868 130.29933 1035.46337891
v 73.91113 139.93378 1028.45727539
v 73.92952 149.19954 1057.06323242
v 73.93116 154.69022 1024.20959473
v 73.98590 143.08949 1061.54394531
v 73.99870 138.25005 1067.28894043
v 74.03320 183.31339 1037.02197266
v 74.03405 134.62056 1074.39733887
v 74.11426 184.72031 1023.99267578
v 74.13171 165.62704 1013.08789062
v 74.13674 116.73734 1092.56726074
v 74.15921 108.26292 1085.88659668
v 74.16766 121.05395 1090.86132812
v 74.20333 121.46598 1051.88867188
v 74.26236 161.66154 1052.20715332
v 74.30456 171.63838 1011.49719238
v 74.34631 126.48719 1039.35168457
v 74.34791 173.08159 1012.16015625
v 74.39340 148.76656 1055.11633301
v 74.40569 118.36219 1092.19128418
v 74.41845 131.94048 1079.37255859
v 74.44315 129.83557 1083.00524902
v 74.52354 177.78554 1014.72991943
v 74.53174 176.72385 1014.20434570
v 74.58434 145.57640 1023.48260498
v 74.59832 184.16100 1021.01623535
v 74.63683 183.47293 1019.87237549
v 74.78056 155.46404 1020.16961670
v 74.79887 153.28006 1021.19335938
v 74.80246 158.42101 1050.68554688
v 74.82998 140.45081 1061.09631348
v 74.84160 173.88412 1045.75097656
v 74.89356 152.30937 1052.67761230
v 74.90026 174.01605 1012.43945312
v 74.92741 170.90543 1046.99047852
v 74.95783 184.66830 1031.38989258
v 74.99994 171.49519 1010.40679932
v 75.01546 136.84923 1025.74902344
v 75.01817 181.29634 1017.28131104
v 75.03024 160.86984 1015.16912842
v 75.03802 166.69514 1009.96826172
v 75.08003 156.43147 1050.37756348
v 75.11489 179.49603 1041.11462402
v 75.11511 144.80748 1022.12243652
v 75.12450 128.59969 1033.38757324
v 75.16966 148.19264 1053.00927734
v 75.19334 124.34566 1088.93041992
v 75.20405 134.73065 1027.03808594
v 75.22234 165.43085 1010.18054199
v 75.23833 145.78642 1054.50427246
v 75.32983 107.29465 1089.38806152
v 75.34200 110.46449 1082.24145508
v 75.38482 114.77597 1093.20495605
v 75.42073 127.74433 1084.29016113
v 75.44597 120.49106 1051.36437988
v 75.45439 115.32119 1066.72668457
v 75.49365 124.82093 1039.00988770
v 75.55824 178.58479 1015.59924316
v 75.61203 183.98720 1021.05297852
v 75.64212 165.21123 1048.59851074
v 75.68562 184.35703 1033.09985352
v 75.74422 112.15324 1093.14074707
v 75.76762 123.23914 1042.11267090
v 75.79179 173.87852 1044.84643555
v 75.81482 166.91907 1047.75329590
v 75.81808 177.29865 1042.46118164
v 75.85593 184.33305 1022.42395020
v 75.86541 167.95233 1008.50726318
v 75.92200 175.60451 1043.62695312
v 75.93299 154.22530 1018.34356689
v 75.94041 116.85127 1061.31896973
v 75.99674 169.03520 1046.38671875
v 76.00114 170.05835 1008.99517822
v 76.00919 151.63269 1050.51416016
v 76.01610 158.11752 1047.94421387
v 76.02010 145.13019 1053.26184082
v 76.04528 137.34850 1061.05236816
v 76.04613 133.02321 1069.91687012
v 76.04869 142.11928 1056.55114746
v 76.06932 136.01208 1063.09118652
v 76.09407 183.13815 1020.26007080
v 76.12923 183.71846 1035.03295898
v 76.13606 163.80997 1047.64355469
v 76.17468 108.76535 1092.08081055
v 76.17681 124.24151 1088.16015625
v 76.22514 136.63635 1023.49487305
v 76.25262 178.41879 1015.97601318
v 76.26314 115.51302 1093.21044922
v 76.28313 134.72368 1024.68566895
v 76.29472 163.97955 1009.30096436
v 76.31973 171.81308 1009.91705322
v 76.33913 159.52571 1046.58947754
v 76.39349 175.36641 1013.43493652
v 76.40147 147.15836 1050.71289062
v 76.41763 121.19565 1045.31726074
v 76.48507 106.86887 1091.01074219
v 76.50665 145.45181 1019.40869141
v 76.51498 183.73288 1021.84405518
v 76.53124 184.15657 1023.77618408
v 76.55264 112.89629 1074.85375977
v 76.65472 184.15344 1031.31445312
v 76.66924 168.80879 1044.05334473
v 76.68387 168.51489 1007.60186768
v 76.70683 177.53421 1041.08691406
v 76.79624 181.66852 1037.06689453
v 76.85455 162.57460 1008.96679688
v 76.88288 135.36757 1022.32769775
v 76.92171 182.89536 1021.45501709
v 76.94437 128.23737 1029.80029297
v 76.95670 129.74091 1027.96130371
v 76.95873 135.58464 1058.93505859
v 76.95975 183.66048 1023.73773193
v 76.96828 106.11137 1088.14758301
v 76.97047 145.76384 1049.32788086
v 76.97572 133.50333 1063.92797852
v 76.98418 110.86478 1079.64331055
v 76.99568 157.79646 1043.74829102
v 76.99858 105.92667 1090.52697754
v 76.99860 134.67273 1059.98974609
v 77.01418 122.34369 1040.81872559
v 77.01988 151.06831 1016.72583008
v 77.05820 143.69293 1050.96569824
v 77.05840 157.14575 1013.40734863
v 77.06805 144.02672 1018.07012939
v 77.08850 183.59308 1028.31640625
v 77.09112 183.68579 1033.56408691
v 77.10645 178.24271 1016.85321045
v 77.10807 175.36569 1041.98254395
v 77.11522 131.07808 1069.14526367
v 77.12841 173.01523 1042.57299805
v 77.22168 183.69743 1030.29577637
v 77.23745 179.85606 1019.53125000
v 77.25379 105.59836 1089.13647461
v 77.25430 175.94193 1014.27801514
v 77.26621 182.77654 1023.49548340
v 77.27676 118.95477 1091.83557129
v 77.29889 164.27768 1007.22399902
v 77.33599 165.70575 1038.82019043
v 77.34579 110.44366 1093.21838379
v 77.35104 133.16415 1021.27252197
v 77.39397 174.21512 1032.98181152
v 77.40087 155.85384 1043.32604980
v 77.42241 166.14874 1006.93469238
v 77.45457 170.36150 1035.65832520
v 77.46181 181.97487 1025.86560059
v 77.46729 174.54465 1031.46960449
v 77.48182 171.14085 1008.67462158
v 77.48189 176.60155 1030.19726562
v 77.48263 173.89868 1040.57788086
v 77.49593 168.92688 1007.10485840
v 77.50696 180.03595 1022.26940918
v 77.55299 139.95361 1054.39624023
v 77.56309 149.72092 1045.55432129
v 77.56715 177.75317 1038.30065918
v 77.57305 182.62305 1028.43395996
v 77.58994 145.39192 1014.65399170
v 77.59219 125.92052 1083.30627441
v 77.61847 163.12971 1006.68463135
v 77.63154 138.51903 1017.02056885
v 77.65349 159.24568 1007.28057861
v 77.66460 170.79433 1033.82617188
v 77.71650 124.76082 1032.89099121
v 77.78058 153.50479 1012.11376953
v 77.78789 177.22704 1025.27282715
v 77.79432 130.36760 1022.33209229
v 77.81206 176.69580 1036.22424316
v 77.82618 176.75424 1032.20739746
v 77.84850 155.71078 1010.33526611
v 77.91436 144.34673 1047.94201660
v 77.92228 169.92165 1007.48376465
v 77.94769 178.12611 1019.91278076
v 77.94994 160.16278 1005.87915039
v 77.96440 173.48970 1030.51403809
v 77.96766 176.79622 1034.36669922
v 77.98248 105.55947 1092.02307129
v 77.98384 115.94623 1093.01770020
v 78.03176 119.52354 1091.10766602
v 78.03910 144.92458 1013.26873779
v 78.04002 128.79192 1023.71697998
v 78.04237 139.04745 1015.53015137
v 78.04812 178.12282 1030.94885254
v 78.07684 181.48003 1029.87182617
v 78.08711 178.67712 1036.08056641
v 78.09036 105.93690 1086.89428711
v 78.11047 128.69879 1074.08227539
v 78.12280 131.17438 1020.47210693
v 78.14928 105.27973 1087.91467285
v 78.16843 158.24062 1006.42315674
v 78.16925 165.98880 1035.18554688
v 78.18662 179.94839 1030.13537598
v 78.18752 105.82191 1092.59301758
v 78.19273 166.32089 1006.29052734
v 78.19637 108.27589 1093.32836914
v 78.24498 175.94576 1015.17901611
v 78.31617 182.41154 1033.55737305
v 78.34871 163.83559 1005.53820801
v 78.37953 126.35148 1078.78540039
v 78.39950 171.67088 1008.97210693
v 78.44079 182.25308 1031.93981934
v 78.46080 181.19247 1034.81054688
v 78.51846 116.37617 1056.02819824
v 78.54457 111.31203 1093.58374023
v 78.58805 174.63660 1013.23425293
v 78.64804 134.93761 1056.50598145
v 78.69631 139.17586 1052.57299805
v 78.75455 147.38936 1044.12719727
v 78.78774 141.50713 1048.77404785
v 78.80212 108.32280 1082.74133301
v 78.82652 178.98819 1031.84558105
v 78.82957 173.12698 1028.82141113
v 78.83097 120.98377 1037.10803223
v 78.84391 179.26840 1034.29040527
v 78.84413 132.65488 1058.56872559
v 78.86418 114.48888 1062.42382812
v 78.87366 111.34284 1074.68383789
v 78.88036 167.10971 1006.09100342
v 78.92204 181.38669 1033.49401855
v 78.93405 176.06306 1021.04364014
v 78.97611 154.54280 1040.73461914
v 78.97879 170.27956 1031.20947266
v 79.02629 159.37070 1037.83630371
v 79.04410 180.55159 1032.03601074
v 79.08324 172.71422 1010.96173096
v 79.08892 137.48489 1014.00384521
v 79.10744 179.51047 1032.64160156
v 79.14534 134.27396 1055.81103516
v 79.15726 109.14649 1093.94104004
v 79.18839 128.82434 1066.39074707
v 79.19193 123.29934 1085.68518066
v 79.20872 151.79311 1009.59570312
v 79.21603 172.42212 1028.24792480
v 79.25033 130.73891 1060.60864258
v 79.27312 165.73792 1032.68859863
v 79.29185 107.70236 1094.12805176
v 79.29866 138.43431 1051.09606934
v 79.30362 173.45108 1012.40911865
v 79.34301 145.44574 1010.29400635
v 79.35204 169.75258 1007.25683594
v 79.39807 126.73014 1074.65881348
v 79.40536 158.80367 1036.91772461
v 79.42287 131.10291 1017.33575439
v 79.42677 174.80316 1015.90856934
v 79.46660 142.07797 1045.44128418
v 79.46726 147.56586 1041.98303223
v 79.48022 160.15723 1003.51861572
v 79.49225 170.28081 1029.10217285
v 79.52094 137.95206 1012.32141113
v 79.57149 128.52467 1019.90399170
v 79.59509 157.00937 1004.60534668
v 79.60487 171.76871 1009.20343018
v 79.61588 131.10301 1058.29833984
v 79.66994 163.91795 1004.08703613
v 79.83574 126.59357 1022.38647461
v 79.84924 129.26515 1017.49548340
v 79.85231 167.86679 1006.14294434
v 79.86341 147.07065 1007.91809082
v 79.88200 171.59021 1023.35614014
v 79.88525 173.93839 1018.94989014
v 79.89336 132.38126 1053.17736816
v 79.90620 163.92618 1030.39099121
v 79.92123 112.40144 1093.58715820
v 79.93948 111.27389 1068.74035645
v 79.95875 141.74507 1042.75488281
v 80.02570 108.58411 1094.61047363
v 80.02881 137.42136 1046.05065918
v 80.06586 131.34914 1054.02954102
v 80.07706 142.35353 1009.00781250
v 80.08801 122.93135 1029.65173340
v 80.11514 152.54541 1006.99395752
v 80.18678 110.19905 1094.20214844
v 80.21252 157.97769 1002.44207764
v 80.23766 162.58397 1003.28118896
v 80.29298 166.25192 1026.92675781
v 80.30841 160.69112 1002.50238037
v 80.33683 123.40155 972.25903320
v 80.38052 125.77167 1021.91442871
v 80.38617 110.37630 1071.26794434
v 80.40506 123.63620 974.25097656
v 80.41967 127.51064 1063.10583496
v 80.41999 119.32245 971.10327148
v 80.43211 172.43826 1012.29809570
v 80.44203 158.23232 1032.62072754
v 80.47007 115.60527 970.06970215
v 80.48878 168.60201 1024.34631348
v 80.51250 125.42436 972.48364258
v 80.51860 126.00488 973.76788330
v 80.52795 129.36272 1057.62670898
v 80.52856 118.77943 973.54528809
v 80.54512 165.79175 1004.53295898
v 80.54945 132.98575 1008.39361572
v 80.58612 172.66142 1016.25958252
v 80.64256 138.87009 1005.60272217
v 80.67307 172.44231 1013.63098145
v 80.69723 133.37270 1048.83508301
v 80.71626 123.93272 975.40527344
v 80.72858 127.75462 1012.82598877
v 80.76376 103.28465 1092.36547852
v 80.77444 141.58440 1040.71337891
v 80.78850 121.16559 970.32879639
v 80.81721 118.66607 969.24731445
v 80.83549 143.39108 1003.93237305
v 80.84694 150.13039 1003.35034180
v 80.90719 114.28107 970.40734863
v 80.91261 158.10860 1031.43225098
v 80.91278 103.46268 1087.98388672
v 80.92657 116.46938 968.48315430
v 80.92842 171.34953 1009.76751709
v 80.96332 109.80515 1094.73303223
v 80.96784 114.06484 969.33929443
v 80.97181 161.49773 1002.11090088
v 80.98211 126.13175 1066.72326660
v 80.98756 126.01316 976.08776855
v 80.99619 149.01816 1035.74389648
v 81.05374 127.52710 1011.73645020
v 81.05909 170.92039 1018.82684326
v 81.07224 117.06342 974.25762939
v 81.09105 153.79883 1001.15716553
v 81.13405 111.09613 1094.12487793
v 81.14176 118.48954 975.17370605
v 81.16386 157.66064 1000.44458008
v 81.17516 169.69995 1007.41577148
v 81.19508 131.19629 1007.55175781
v 81.20065 114.86840 1053.63537598
v 81.23898 127.79575 975.46252441
v 81.26402 114.58768 968.20819092
v 81.26654 125.54205 1014.49066162
v 81.31656 148.86310 1002.45245361
v 81.35677 122.21067 969.61444092
v 81.35990 114.90211 1092.44262695
v 81.36532 117.74026 968.03839111
v 81.37683 163.96568 1003.18878174
v 81.38761 127.82840 971.78601074
v 81.39638 125.19666 970.14538574
v 81.39725 116.20575 1091.32043457
v 81.43745 102.46454 1090.77526855
v 81.56160 104.43066 1094.58557129
v 81.56192 167.36699 1005.75195312
v 81.65255 128.58372 1053.68115234
v 81.72304 127.77557 1056.02807617
v 81.74353 131.10060 1049.03442383
v 81.80534 166.86732 1023.21691895
v 81.84302 136.11870 1043.02819824
v 81.88003 121.17070 1027.03869629
v 81.94534 168.49251 1020.21697998
v 81.96367 129.24048 975.71240234
v 82.00264 117.66142 1088.87463379
v 82.02702 102.04932 1093.09814453
v 82.02734 115.17527 1047.05236816
v 82.05773 123.37774 969.26605225
v 82.05869 130.10126 973.56561279
v 82.06831 111.54826 970.08923340
v 82.08364 111.88771 971.57763672
v 82.08598 112.91598 1093.33264160
v 82.09415 112.02922 969.04101562
v 82.09717 102.51494 1094.01782227
v 82.13679 139.95624 1001.58532715
v 82.16656 125.88425 1060.49597168
v 82.18364 169.31184 1007.69897461
v 82.19489 133.82538 1003.54528809
v 82.26842 103.27351 1094.73315430
v 82.29790 130.00702 971.83270264
v 82.36501 129.11945 970.97821045
v 82.36507 125.44594 979.19006348
v 82.38708 116.41300 976.56201172
v 82.40659 127.09869 1008.36193848
v 82.41287 133.96733 982.01013184
v 82.43851 167.78813 1006.36383057
v 82.46999 140.61316 1000.50195312
v 82.48635 131.61920 973.15417480
v 82.49557 127.50601 979.51800537
v 82.49658 115.28107 967.46270752
v 82.49807 165.50444 1003.86541748
v 82.51569 110.61949 968.98901367
v 82.52321 123.60074 979.45520020
v 82.52433 148.10565 1000.30322266
v 82.55379 108.62238 1095.34753418
v 82.56994 138.45189 979.63574219
v 82.57256 133.04840 974.87603760
v 82.58801 138.28934 981.62902832
v 82.63273 125.17025 1010.32263184
v 82.63432 107.26377 1095.53710938
v 82.63541 168.98807 1015.58624268
v 82.63735 136.90997 983.27331543
v 82.63754 124.75996 1062.65063477
v 82.64561 154.48900 998.11444092
v 82.67114 162.72272 1001.32983398
v 82.72506 111.62035 968.32037354
v 82.72660 120.00626 978.89410400
v 82.72885 112.78661 975.00610352
v 82.72980 127.51962 969.88665771
v 82.73158 159.30324 998.29345703
v 82.73613 134.49898 999.57659912
v 82.77779 107.14812 968.96887207
v 82.77861 116.80013 1037.18127441
v 82.78297 134.56189 991.28057861
v 82.79416 102.06642 1088.59460449
v 82.80495 118.87613 1031.34240723
v 82.81415 105.62008 1083.29016113
v 82.84765 135.12775 992.20660400
v 82.87021 125.51579 981.88018799
v 82.88251 123.89928 968.96624756
v 82.91336 106.87328 1080.42565918
v 82.92406 133.19888 990.24670410
v 82.95106 122.27944 968.13922119
v 82.95274 109.57347 968.12231445
v 82.95443 107.47442 967.76135254
v 82.97684 136.39806 973.86456299
v 82.98988 129.51773 1046.25854492
v 82.99873 155.15564 997.01562500
v 83.00557 121.54438 1078.97546387
v 83.01514 139.55772 1037.05041504
v 83.03159 120.93015 967.81237793
v 83.03633 123.46495 1011.97717285
v 83.06538 144.52797 1033.91320801
v 83.06586 157.13589 996.86755371
v 83.06857 150.40787 1030.72668457
v 83.08736 148.65358 998.84136963
v 83.13827 136.17548 985.93688965
v 83.14012 132.10295 971.01361084
v 83.14767 135.55768 1039.82165527
v 83.17424 100.60877 1093.93249512
v 83.19927 145.86160 998.55725098
v 83.19985 140.92105 997.19860840
v 83.20698 166.71898 1005.24511719
v 83.22620 134.28299 997.11535645
v 83.23818 133.34718 987.40673828
v 83.23912 168.83864 1013.41339111
v 83.25299 112.05672 967.82910156
v 83.25755 131.16260 992.55212402
v 83.26108 161.21460 998.87811279
v 83.28682 135.08115 995.07537842
v 83.29802 156.01910 1027.57043457
v 83.31407 103.52212 968.32666016
v 83.31488 160.70743 1023.88464355
v 83.33507 117.02785 1034.10290527
v 83.35413 125.04569 1053.66198730
v 83.36147 111.10318 1060.73669434
v 83.36825 118.86179 1029.46850586
v 83.37799 138.42789 991.72595215
v 83.38428 106.95934 966.97979736
v 83.38643 147.67833 997.42285156
v 83.40032 168.00171 1007.29516602
v 83.40618 110.53555 967.73541260
v 83.41198 141.39078 977.36029053
v 83.43442 137.27457 972.47045898
v 83.43720 100.49837 966.35162354
v 83.44173 127.39520 1000.70965576
v 83.45872 138.31842 987.74560547
v 83.46220 143.64175 994.66290283
v 83.47219 103.13617 966.08752441
v 83.47276 159.27135 996.72534180
v 83.47765 107.04629 974.30731201
v 83.48026 142.83940 983.52478027
v 83.55760 105.22681 1095.91467285
v 83.56334 139.49467 994.45269775
v 83.56775 118.44897 980.72406006
v 83.58287 143.53192 980.83740234
v 83.62761 127.04987 997.42333984
v 83.62826 149.39890 993.07330322
v 83.64168 146.44537 984.31213379
v 83.64239 99.47112 965.64910889
v 83.66210 164.96063 1018.51617432
v 83.66299 103.23251 1095.83776855
v 83.66586 148.13416 991.37048340
v 83.66920 126.06718 989.01953125
v 83.67131 123.97522 1004.65118408
v 83.68219 121.25185 967.83422852
v 83.68428 109.87160 1094.90600586
v 83.72911 120.03329 1022.95202637
v 83.73656 117.41892 967.42407227
v 83.75053 101.60896 970.00811768
v 83.78732 124.86963 988.09747314
v 83.78876 99.91841 961.31561279
v 83.80096 125.81801 969.16888428
v 83.80431 155.47424 993.08569336
v 83.80692 98.90186 962.64703369
v 83.83675 149.83847 991.63958740
v 83.83830 120.48714 1080.20483398
v 83.84827 100.81152 1095.23510742
v 83.85932 147.65918 985.45434570
v 83.88131 102.79787 964.32489014
v 83.88153 125.36941 999.67626953
v 83.89729 113.52542 967.54632568
v 83.91429 117.25032 1087.59448242
v 83.94200 115.21783 1041.64843750
v 83.94923 144.28508 979.27862549
v 83.95259 121.73549 1012.10314941
v 83.96413 109.27582 1065.94372559
v 83.96819 116.25024 1034.42614746
v 83.98055 105.49429 1082.05285645
v 83.99029 109.74180 977.25537109
v 84.00983 99.01743 967.27514648
v 84.02456 107.57716 966.16467285
v 84.03165 116.21178 980.41137695
v 84.04547 100.37917 969.83709717
v 84.06007 99.24129 960.72601318
v 84.06140 122.23386 1067.33496094
v 84.06738 125.27375 993.75030518
v 84.09989 124.47661 989.80987549
v 84.10619 121.63683 1071.74658203
v 84.12012 127.42706 1045.99841309
v 84.12374 110.06895 967.18493652
v 84.13461 118.61068 1085.34387207
v 84.14231 103.15698 973.11346436
v 84.15833 129.25488 969.15313721
v 84.19182 164.45215 1002.13201904
v 84.21271 100.47664 960.36853027
v 84.24113 123.67004 1053.23022461
v 84.24928 122.33127 986.59454346
v 84.26089 106.58671 975.95373535
v 84.27006 163.48512 1000.67144775
v 84.35110 167.64507 1008.12799072
v 84.36771 104.48199 964.58874512
v 84.37527 140.81581 972.79614258
v 84.39156 120.10172 1016.65026855
v 84.39523 119.54168 1082.50354004
v 84.41129 147.55173 981.96734619
v 84.42950 150.74611 990.05712891
v 84.45720 156.92499 991.89349365
v 84.46487 110.63708 1094.29626465
v 84.47546 138.78024 971.24243164
v 84.48131 106.81661 965.20928955
v 84.49413 149.90764 988.89630127
v 84.52752 97.59830 964.97601318
v 84.57311 105.97643 1079.05786133
v 84.59696 134.32822 969.93511963
v 84.61146 102.01170 961.73333740
v 84.81234 119.73244 1076.69494629
v 84.82064 111.42973 967.42059326
v 84.83505 163.05910 999.15252686
v 84.85777 111.53980 1055.94763184
v 84.87482 121.13901 1068.78710938
v 84.88227 135.42863 1036.78967285
v 84.88264 144.90337 1030.58105469
v 84.93974 154.98204 1025.44787598
v 84.94010 133.25981 969.68371582
v 84.96194 101.18327 960.51965332
v 84.97018 114.00478 1042.96765137
v 84.97060 103.37330 963.16979980
v 85.00452 166.83459 1006.94775391
v 85.00881 98.61878 1091.65771484
v 85.01619 106.99612 1071.40881348
v 85.04673 105.08496 964.36804199
v 85.05853 125.48142 969.03082275
v 85.06780 124.28396 968.90917969
v 85.07469 101.28602 1096.26562500
v 85.07922 106.08380 1096.18164062
v 85.09469 125.85201 1046.12695312
v 85.13541 97.17554 960.71630859
v 85.15974 121.95108 1001.84155273
v 85.16656 159.82600 993.11480713
v 85.17250 123.34890 994.10369873
v 85.19917 109.96209 966.94818115
v 85.23640 161.09367 994.63769531
v 85.28096 120.39198 968.12396240
v 85.28258 98.09620 959.69433594
v 85.31207 96.45970 961.75109863
v 85.35003 120.75345 1061.84228516
v 85.35045 99.15373 1095.63610840
v 85.37422 122.36803 1052.54089355
v 85.37785 151.80806 988.11798096
v 85.42657 166.56746 1009.95330811
v 85.42898 164.36148 1001.39666748
v 85.45435 107.81660 965.60015869
v 85.45599 98.91750 1090.42236328
v 85.47363 97.76975 1092.32360840
v 85.47691 97.58371 1093.06225586
v 85.48012 114.49513 1036.59912109
v 85.48315 164.92508 1002.57391357
v 85.51935 165.81818 1004.09490967
v 85.54229 100.60762 959.85949707
v 85.55350 98.30489 970.61932373
v 85.55792 156.02299 989.58270264
v 85.63247 108.55614 1063.05993652
v 85.63642 100.17969 1096.47094727
v 85.67809 121.14722 989.81237793
v 85.68246 150.29585 982.70898438
v 85.71336 165.93121 1010.78710938
v 85.72094 166.41547 1007.96374512
v 85.73893 119.95857 1004.38543701
v 85.75259 110.87315 1093.63842773
v 85.81622 148.90659 1026.61242676
v 85.81746 117.69573 985.34948730
v 85.86510 96.83131 968.56146240
v 85.89070 114.95876 967.97857666
v 85.89605 138.04539 969.94506836
v 85.91061 115.64503 983.55487061
v 85.92190 95.97361 958.85180664
v 85.95130 133.20496 969.36267090
v 85.97035 144.59474 973.30480957
v 85.98595 102.14011 975.67260742
v 85.99744 112.21377 967.67285156
v 86.00921 107.37360 1067.35852051
v 86.01384 158.18480 1020.35247803
v 86.02109 143.04211 971.70300293
v 86.04130 121.14759 994.30090332
v 86.04683 102.24103 1096.86804199
v 86.05312 104.84475 964.02984619
v 86.06353 145.51343 1027.90966797
v 86.09473 118.53162 1075.93859863
v 86.09483 98.64636 958.81176758
v 86.13297 129.71361 968.25091553
v 86.14349 135.65332 1033.76770020
v 86.15550 157.32623 989.14050293
v 86.19881 161.46730 1016.68920898
v 86.26793 111.27245 981.58374023
v 86.34204 114.09805 1090.04663086
v 86.40672 96.66184 957.60351562
v 86.41315 125.26467 969.14788818
v 86.42883 164.28860 1000.38739014
v 86.44674 156.07770 1021.03973389
v 86.45694 97.75024 957.85723877
v 86.47674 102.98578 976.96362305
v 86.51694 152.63649 982.44738770
v 86.53795 158.64142 989.58947754
v 86.54037 94.54996 960.19635010
v 86.54915 103.23067 962.75384521
v 86.59246 146.92145 975.53308105
v 86.65501 119.16547 1061.41735840
v 86.72598 117.51854 1014.94171143
v 86.77543 135.00084 969.34063721
v 86.80009 117.36864 1010.16400146
v 86.81091 99.20625 958.62854004
v 86.87042 110.30952 967.33819580
v 86.90780 111.74155 983.21435547
v 86.90924 116.93304 1084.22546387
v 86.90981 108.61567 966.54003906
v 86.92110 129.85788 968.22460938
v 86.94798 94.85171 1093.66918945
v 86.96214 101.34211 960.51562500
v 86.97835 116.91372 991.62164307
v 87.01231 93.95212 962.12957764
v 87.02829 132.10156 968.96228027
v 87.03063 117.31416 1082.65991211
v 87.04911 101.72746 1097.71118164
v 87.06628 96.32404 972.56658936
v 87.08176 104.06667 1096.75744629
v 87.09496 111.82112 1046.77758789
v 87.12881 159.96326 989.91333008
v 87.13137 115.57213 988.78228760
v 87.13338 104.76414 964.14105225
v 87.13555 94.76943 1095.04736328
v 87.19698 113.60796 968.38726807
v 87.19776 164.77826 1002.71527100
v 87.21391 97.57405 974.76464844
v 87.22373 116.33807 1000.94909668
v 87.24673 116.57113 995.71362305
v 87.26369 103.67012 1078.24401855
v 87.26508 94.37001 956.42706299
v 87.28368 110.40249 1051.65185547
v 87.29260 94.32797 967.19445801
v 87.30179 164.53508 1001.01330566
v 87.30557 157.74707 983.96722412
v 87.32126 94.94466 956.09619141
v 87.32954 112.98422 985.57897949
v 87.35696 156.91508 982.85845947
v 87.39848 114.98649 1028.66577148
v 87.40676 94.26570 1093.01086426
v 87.44502 96.97118 1090.51696777
v 87.46193 122.41183 969.40985107
v 87.46841 152.34340 979.40576172
v 87.49136 144.98485 971.09472656
v 87.61667 161.38351 1012.98559570
v 87.63274 102.69610 1080.63684082
v 87.67022 116.26641 1018.48980713
v 87.68984 129.08244 968.44494629
v 87.77032 149.38675 976.25994873
v 87.77060 151.80441 1021.26080322
v 87.78301 94.86764 1096.44653320
v 87.78743 163.57103 1009.63616943
v 87.79723 95.82921 1097.18054199
v 87.79746 98.59173 976.57489014
v 87.79919 145.77324 971.47491455
v 87.81235 94.45073 1091.95092773
v 87.86272 104.07411 1071.87683105
v 87.87885 97.00877 975.38446045
v 87.88119 94.05586 1095.36389160
v 87.88951 97.87382 1098.12719727
v 87.89466 113.26958 1033.44299316
v 87.89898 158.03311 1016.98773193
v 87.91387 123.32592 969.58044434
v 87.92087 164.69485 1003.91131592
v 87.92248 116.83611 969.50646973
v 87.92803 93.13319 957.36999512
v 87.94025 105.07045 1096.40393066
v 87.94034 148.05630 974.78314209
v 87.95725 159.04265 1015.69757080
v 87.96812 164.61630 1002.56213379
v 87.98512 164.30780 1007.74291992
v 88.00259 94.76370 972.17584229
v 88.00459 145.90259 1024.71008301
v 88.01801 105.55483 980.03979492
v 88.03663 107.30906 981.11798096
v 88.10838 100.72105 1084.37524414
v 88.14005 162.89325 992.50970459
v 88.14401 135.16338 969.10119629
v 88.18883 102.78255 962.71008301
v 88.33593 97.76562 956.83599854
v 88.35538 164.37202 1005.45367432
v 88.38058 99.22007 1098.65270996
v 88.41764 114.63184 1008.01831055
v 88.58090 96.86065 955.53308105
v 88.62245 113.76164 992.70825195
v 88.63218 104.93445 964.97674561
v 88.70356 108.64523 983.66101074
v 88.78723 92.47922 966.57305908
v 88.80663 106.03927 1063.80261230
v 88.84228 164.27698 1003.69689941
v 88.86853 114.03097 969.39831543
v 88.87460 106.59367 982.26983643
v 88.90642 117.22028 1058.25500488
v 88.91905 111.39204 987.66156006
v 88.92426 93.22908 954.73010254
v 88.93267 94.32807 953.81188965
v 88.93623 94.86560 974.55358887
v 88.93843 93.94407 1096.84899902
v 88.98607 158.01566 1012.69934082
v 88.99284 116.79514 970.00280762
v 89.00910 154.09689 978.08734131
v 89.02818 93.01442 1094.05847168
v 89.07042 97.44726 1098.87841797
v 89.08585 151.84642 1018.17156982
v 89.08940 137.31882 1027.42382812
v 89.11652 92.39514 955.87115479
v 89.14093 162.35623 988.05010986
v 89.18156 160.28682 983.79254150
v 89.23457 143.06682 1023.78082275
v 89.24230 125.12687 1038.46179199
v 89.25674 97.19987 1089.04040527
v 89.26685 113.29439 1023.54455566
v 89.27563 146.84578 971.96734619
v 89.32178 147.61955 1020.82647705
v 89.34049 100.62525 1099.08386230
v 89.34400 112.70930 998.14801025
v 89.35099 118.75225 1049.95849609
v 89.35345 112.69250 1030.91088867
v 89.38605 107.13750 1094.82519531
v 89.43861 148.00829 973.26934814
v 89.44422 91.60413 958.24780273
v 89.54095 164.09886 993.35015869
v 89.55138 117.90792 1052.16027832
v 89.57192 114.58001 1016.59741211
v 89.59240 130.20724 969.05828857
v 89.63467 99.07208 958.30303955
v 89.71374 142.05502 969.54382324
v 89.72631 132.25064 969.10821533
v 89.74030 101.62535 981.11535645
v 89.74377 92.84682 1092.61682129
v 89.74696 164.62181 997.60021973
v 89.79208 100.96465 1099.07983398
v 89.80810 112.63081 1002.50689697
v 89.81264 95.23112 953.01635742
v 89.86904 138.67763 968.14514160
v 89.87216 94.44692 952.27581787
v 89.89437 134.79465 1028.18334961
v 89.89854 96.89346 955.18249512
v 89.91738 163.10956 988.04980469
v 89.92352 149.29866 974.18420410
v 89.94167 109.92654 990.21661377
v 89.95863 103.98812 1067.38037109
v 89.96832 103.40347 982.93640137
v 90.06013 92.86253 973.07879639
v 90.08126 111.14862 1090.37353516
v 90.09206 114.14618 969.89263916
v 90.09821 94.87743 1098.46899414
v 90.10103 119.86189 1045.55944824
v 90.13635 112.45922 1008.46759033
v 90.16257 107.15417 1055.80017090
v 90.19381 100.44181 1081.93884277
v 90.20377 139.52763 968.23974609
v 90.21315 104.73978 965.76159668
v 90.25829 107.80853 987.92700195
v 90.26579 160.92061 983.17181396
v 90.26945 113.62291 1085.26110840
v 90.31449 106.18476 1059.27893066
v 90.34122 91.34463 954.05401611
v 90.39529 115.06837 1074.08959961
v 90.40459 92.37343 1096.03515625
v 90.41629 144.57082 970.04144287
v 90.44917 155.95389 977.89221191
v 90.46068 159.10463 980.86669922
v 90.46487 108.80430 1092.59033203
v 90.48672 101.68669 1074.82885742
v 90.49368 91.29372 969.39337158
v 90.50874 154.93716 977.05889893
v 90.55314 114.23897 1077.40100098
v 90.55758 93.09881 1091.51855469
v 90.55928 99.58306 1099.48254395
v 90.58386 162.88541 986.10290527
v 90.58990 111.88046 1028.82751465
v 90.60115 92.80607 1097.14990234
v 90.62487 95.91308 953.19390869
v 90.65858 117.61939 1048.50183105
v 90.67859 154.46825 1013.15570068
v 90.71972 93.54993 950.07128906
v 90.73129 94.79144 950.77929688
v 90.74927 113.53056 1084.02429199
v 90.74995 128.84763 1032.63330078
v 90.77584 109.89648 997.57604980
v 90.79656 141.58273 1022.05993652
v 90.80109 163.58931 1002.78350830
v 90.82855 121.36324 1040.66137695
v 90.85325 95.93159 1099.13952637
v 90.89993 161.35321 1005.82769775
v 90.91832 162.87122 1003.95281982
v 90.93078 104.44862 1096.35278320
v 90.95232 149.04796 1016.95709229
v 90.95833 92.37106 950.57672119
v 90.99303 164.51385 993.69000244
v 91.01320 134.77214 1026.19641113
v 91.02888 97.64449 956.46636963
v 91.06506 101.33910 1098.86804199
v 91.14878 93.11230 949.62634277
v 91.15363 97.02145 1099.48742676
v 91.25668 92.81925 1097.77636719
v 91.27591 100.49322 1099.26989746
v 91.27864 96.33001 953.83160400
v 91.34806 109.33707 1042.43457031
v 91.41568 116.33216 1049.66699219
v 91.45248 155.78764 977.13848877
v 91.45821 138.47520 967.70007324
v 91.47755 164.49953 991.31042480
v 91.48667 163.86012 1000.28948975
v 91.49155 104.25453 987.48175049
v 91.53641 163.63548 987.07781982
v 91.53648 149.58081 973.46075439
v 91.53838 124.13503 1036.30505371
v 91.55492 120.22629 970.92297363
v 91.62277 135.77881 967.89172363
v 91.67374 90.54469 952.39910889
v 91.67698 94.37225 1089.58264160
v 91.67763 141.89607 968.99346924
v 91.73813 162.12280 983.80273438
v 91.78420 159.90369 980.76477051
v 91.82000 130.56000 969.20684814
v 91.85934 106.90631 992.55603027
v 91.90684 117.57707 970.96594238
v 91.91058 164.41435 995.11181641
v 91.94038 91.71043 948.14544678
v 91.94448 93.80969 948.24804688
v 91.96240 111.77655 1015.45037842
v 91.96767 106.91216 1051.81384277
v 91.97839 96.84462 955.22747803
v 92.01329 101.43915 985.30181885
v 92.03113 156.30890 1007.30938721
v 92.04162 113.76562 1073.42321777
v 92.04725 162.80917 1001.65893555
v 92.05254 141.72844 1019.09014893
v 92.05602 162.97650 985.14129639
v 92.07449 132.41428 1025.89184570
v 92.07551 111.71452 1018.38586426
v 92.07687 122.50530 970.77447510
v 92.08582 112.64195 1081.62878418
v 92.11346 100.98373 962.58758545
v 92.12970 91.34636 1092.84155273
v 92.14059 95.05288 979.12231445
v 92.17921 90.95926 948.59527588
v 92.19779 161.67165 1002.68707275
v 92.27143 90.76057 1095.18054199
v 92.27488 103.81580 1096.32727051
v 92.27611 95.21780 949.89013672
v 92.30888 111.16233 1087.70495605
v 92.32172 97.45727 1085.23937988
v 92.40695 104.95416 966.76983643
v 92.41155 102.11974 964.33819580
v 92.41681 131.57094 968.83374023
v 92.42448 138.36139 1021.36059570
v 92.48167 109.96220 969.36151123
v 92.48656 146.42084 1015.01898193
v 92.49530 109.69895 1005.80773926
v 92.51890 164.24582 988.39556885
v 92.52227 92.32565 1098.28710938
v 92.57622 88.50829 958.53234863
v 92.58978 102.89986 965.26129150
v 92.64911 93.19053 977.73547363
v 92.65514 164.52484 992.14318848
v 92.67224 151.29626 1010.76165771
v 92.70466 127.82523 970.05413818
v 92.77444 94.82796 947.92254639
v 92.80013 105.88966 1052.91479492
v 92.84665 104.66425 1056.25439453
v 92.91811 101.08229 987.32989502
v 92.95200 121.74792 1036.97509766
v 92.98030 163.89893 995.98126221
v 93.06795 98.91052 1079.43444824
v 93.16856 90.14982 1096.65454102
v 93.17698 127.65134 1028.93261719
v 93.20773 164.19585 993.62023926
v 93.25736 152.70760 974.69891357
v 93.27079 132.64941 1023.61938477
v 93.30423 97.08600 1099.69152832
v 93.32894 115.16237 1047.74475098
v 93.36555 89.96828 973.70050049
v 93.40534 93.14031 944.69677734
v 93.40739 129.95639 969.51184082
v 93.41576 89.81695 947.19360352
v 93.49271 101.99194 1062.46496582
v 93.57582 136.73488 967.42559814
v 93.59539 87.59423 961.65307617
v 93.63029 108.92387 1023.36981201
v 93.64496 137.19164 1020.36212158
v 93.66599 152.04332 1008.42303467
v 93.69494 162.79836 984.43597412
v 93.70912 163.44064 995.43927002
v 93.71021 159.40883 979.69628906
v 93.72366 89.06911 948.68994141
v 93.76067 107.64031 1039.88549805
v 93.77856 87.65691 964.10180664
v 93.80267 156.62181 977.15179443
v 93.81110 107.78204 1091.10644531
v 93.82456 162.66675 997.36053467
v 93.86085 89.93164 1097.39123535
v 93.88386 157.18918 1002.68402100
v 93.88786 164.15506 988.75213623
v 93.89561 90.71360 976.14862061
v 93.90834 161.64755 998.58404541
v 93.91817 95.72917 951.32000732
v 93.93503 160.72386 981.08135986
v 93.94717 105.27473 997.05584717
v 93.98780 104.54868 995.28979492
v 94.01921 147.17921 1011.01837158
v 94.05959 100.89944 1064.51904297
v 94.08212 94.30628 944.80316162
v 94.13942 100.79021 1098.32507324
v 94.15536 91.28686 943.83740234
v 94.15992 106.94758 1042.24792480
v 94.22716 92.33032 943.19854736
v 94.22868 132.66022 968.12902832
v 94.24969 134.53381 967.68005371
v 94.26768 89.54028 1094.25146484
v 94.30105 145.83478 970.41638184
v 94.30857 96.56067 1083.73193359
v 94.32954 163.97041 990.05902100
v 94.33585 138.34412 967.38714600
v 94.36185 121.64095 971.99920654
v 94.36758 144.12791 969.56494141
v 94.39165 94.94889 945.89746094
v 94.40768 108.08736 1009.13525391
v 94.41071 109.96900 1085.87609863
v 94.44910 134.07050 1021.10412598
v 94.47847 124.86761 970.85015869
v 94.49132 142.85683 1013.70227051
v 94.49150 108.17845 1014.19537354
v 94.57781 99.58147 1071.17773438
v 94.59776 93.89051 942.71826172
v 94.60234 162.14211 994.73876953
v 94.61272 119.09576 1037.86804199
v 94.66040 162.95778 985.10345459
v 94.69194 95.45940 1085.16455078
v 94.69753 117.32563 971.93273926
v 94.70244 92.89804 941.88336182
v 94.71435 151.96605 973.75830078
v 94.78945 160.00786 980.23815918
v 94.91350 163.25281 991.55999756
v 94.97877 95.36243 947.15618896
v 94.99503 110.76823 1078.52685547
v 95.00218 96.18282 985.47717285
v 95.07417 107.51322 1029.60485840
v 95.08024 138.65816 1015.86749268
v 95.08686 150.70328 1004.78228760
v 95.09380 89.52920 1093.16796875
v 95.09653 89.32529 944.96264648
v 95.13993 156.47058 998.72076416
v 95.20965 88.47472 1095.96752930
v 95.22684 106.56477 1006.91918945
v 95.25417 162.51060 984.66015625
v 95.28227 91.46667 979.54638672
v 95.29004 95.23108 945.41949463
v 95.30845 105.06547 1092.99926758
v 95.35497 103.90234 1001.24438477
v 95.35660 86.70251 956.43072510
v 95.45518 99.59007 991.87664795
v 95.48769 160.90997 981.79986572
v 95.48789 122.95530 972.02819824
v 95.49787 161.98099 992.39135742
v 95.50166 106.96307 1034.66650391
v 95.52715 154.37390 975.80114746
v 95.55284 107.04297 1021.00036621
v 95.55298 102.06421 964.92791748
v 95.55423 90.73138 1098.81933594
v 95.56654 104.31119 966.78991699
v 95.58231 109.88570 969.95031738
v 95.62405 94.90183 984.79412842
v 95.62530 87.42915 969.39611816
v 95.68074 91.25117 1090.56701660
v 95.68529 118.91537 972.46728516
v 95.71723 120.86384 972.49169922
v 95.83976 162.78207 987.10345459
v 95.87592 92.15894 939.27227783
v 95.90559 142.20784 968.11657715
v 95.90992 93.65579 1086.54626465
v 95.96487 103.85793 1048.54846191
v 96.00485 160.18588 981.19628906
v 96.01164 86.09099 958.25909424
v 96.09186 109.76424 1080.33654785
v 96.12240 91.45158 939.21301270
v 96.12528 160.77016 982.17120361
v 96.16072 162.25676 985.62744141
v 96.17788 88.21428 1093.91821289
v 96.18652 97.82395 959.23303223
v 96.21020 101.01588 997.80773926
v 96.23296 154.80231 976.46783447
v 96.24615 88.15698 1097.59936523
v 96.25634 101.53725 1054.42248535
v 96.27203 95.21442 941.40081787
v 96.33828 88.12778 974.56713867
v 96.34978 94.76584 938.91705322
v 96.35464 162.03346 989.88018799
v 96.41283 90.13706 940.59655762
v 96.41412 129.08611 1022.66363525
v 96.45596 100.92886 1096.84118652
v 96.46086 93.00034 938.07904053
v 96.47303 118.79697 1034.57897949
v 96.48267 109.81504 1057.28454590
v 96.48440 93.73206 938.00305176
v 96.54470 162.10774 987.27313232
v 96.60777 150.16431 1002.65014648
v 96.61349 130.08049 969.99810791
v 96.65805 123.56878 1029.07019043
v 96.66463 89.09474 1098.51135254
v 96.67467 136.33862 1015.06243896
v 96.70061 95.22923 939.38476562
v 96.70437 141.54202 1011.09393311
v 96.72309 126.44596 970.80328369
v 96.73566 113.04396 1045.62036133
v 96.77828 97.02893 958.06921387
v 96.79329 105.64879 1038.52307129
v 96.79866 114.52708 1042.13403320
v 96.80762 157.39812 994.62579346
v 96.81767 105.76412 1036.80468750
v 96.82321 109.12304 1069.79553223
v 96.83304 107.10945 1088.46313477
v 96.84351 153.47354 975.08245850
v 96.86874 159.91293 982.19073486
v 96.92889 153.42639 998.08703613
v 96.95164 95.54282 946.85626221
v 96.95863 121.59040 972.58447266
v 96.97975 95.54610 942.44268799
v 97.00414 161.11105 989.74371338
v 97.05013 105.45595 1012.64355469
v 97.05367 116.27202 972.23681641
v 97.07994 111.47249 1048.34130859
v 97.12803 94.76279 987.89324951
v 97.16090 97.12965 1076.12622070
v 97.20533 154.69350 977.00061035
v 97.26376 101.18447 1051.77453613
v 97.27176 85.53085 951.17956543
v 97.33573 122.88763 972.35742188
v 97.42072 133.68643 968.11425781
v 97.42193 159.67841 989.39904785
v 97.42326 108.42296 969.48004150
v 97.43615 93.62698 936.71276855
v 97.45862 91.87009 1099.42822266
v 97.47409 101.87032 1094.75573730
v 97.52921 159.66246 984.67895508
v 97.66039 152.28497 996.20642090
v 97.67766 104.73364 1038.31030273
v 97.70744 98.02604 1064.04174805
v 97.71150 105.53914 1089.85876465
v 97.71730 92.96909 985.29748535
v 97.72668 85.03658 962.67932129
v 97.76489 103.93451 1010.36566162
v 97.84105 157.08104 981.53497314
v 97.98927 135.12575 1013.35021973
v 98.01160 146.63640 970.16302490
v 98.01655 85.18975 966.91271973
v 98.05590 95.26346 936.98370361
v 98.06934 91.48634 1088.10583496
v 98.08081 151.34958 995.28314209
v 98.10981 95.65598 944.53515625
v 98.11977 147.14717 1001.13629150
v 98.21305 102.89635 1092.62060547
v 98.22570 153.44011 975.92077637
v 98.25248 151.60040 973.47937012
v 98.30803 102.54815 1042.95898438
v 98.33752 115.03859 1038.25549316
v 98.33797 131.74588 1016.56256104
v 98.35351 95.92029 938.19622803
v 98.36954 154.36884 978.28460693
v 98.39141 145.84956 969.45776367
v 98.46941 97.38316 959.00726318
v 98.50063 115.22147 972.07531738
v 98.50170 137.32588 967.42834473
v 98.50471 103.74139 1025.23937988
v 98.52744 154.74458 979.89044189
v 98.56379 155.27106 983.33477783
v 98.56874 98.87534 1001.33996582
v 98.60035 141.12323 967.38677979
v 98.61625 128.03302 1019.99627686
v 98.62227 95.61049 954.57812500
v 98.63901 147.65646 970.86444092
v 98.64553 143.18481 1004.34741211
v 98.65863 154.60313 985.17260742
v 98.68507 101.14171 964.05236816
v 98.68727 138.04413 1009.38909912
v 98.71362 98.25359 1059.89660645
v 98.74270 93.28162 935.36376953
v 98.75384 86.91570 942.67687988
v 98.82947 95.92679 956.17852783
v 98.86370 96.40072 997.36401367
v 98.87971 86.35698 1096.77758789
v 99.07699 91.86964 935.68731689
v 99.12240 151.23009 973.56311035
v 99.13497 96.35189 939.02398682
v 99.14595 102.91411 1036.50085449
v 99.17515 112.14960 970.76135254
v 99.17738 102.97452 965.85772705
v 99.19489 99.58643 1096.89392090
v 99.19977 153.33984 984.49182129
v 99.28202 101.88538 1092.96154785
v 99.30214 133.65704 968.14904785
v 99.36932 95.86261 934.80920410
v 99.42287 86.68917 1097.78198242
v 99.43006 94.22318 1080.63085938
v 99.44532 125.96984 971.10327148
v 99.48371 92.93281 990.59387207
v 99.54844 106.26974 1060.60620117
v 99.57985 111.28151 1042.53808594
v 99.61684 102.08849 1021.30181885
v 99.62139 83.34262 959.56433105
v 99.63095 147.33409 970.76019287
v 99.63991 93.90658 992.89117432
v 99.64448 94.86740 933.93743896
v 99.69217 101.54343 1016.51477051
v 99.70026 106.52290 1058.35607910
v 99.70338 151.44426 974.67425537
v 99.71516 100.23550 1009.51745605
v 99.71618 93.06448 1099.65661621
v 99.73939 152.25716 977.19793701
v 99.74986 83.97473 964.37384033
v 99.83189 115.04883 971.96038818
v 99.83797 148.34956 994.78063965
v 99.95034 96.95644 1060.88012695
v 99.95625 144.30858 1000.21740723
v 99.96180 116.18758 1033.26916504
v 100.01050 150.27950 973.70764160
v 100.03719 149.59326 989.01165771
v 100.04624 116.62090 972.46246338
v 100.06329 107.05180 1081.35498047
v 100.06574 114.47211 1035.60217285
v 100.07205 95.88422 933.73944092
v 100.11444 105.71238 1064.52099609
v 100.13655 94.77407 1099.43847656
v 100.15501 130.72935 969.53521729
v 100.18017 85.45594 1093.94592285
v 100.23495 106.90874 1072.81359863
v 100.26834 83.30141 950.24908447
v 100.31075 135.37932 967.51678467
v 100.33974 87.24950 1098.70019531
v 100.34783 85.06308 1096.74243164
v 100.36314 123.93320 971.95812988
v 100.37374 105.68643 1065.92504883
v 100.40034 97.08453 934.89086914
v 100.45062 146.72198 970.30224609
v 100.47096 92.31126 933.83349609
v 100.48993 96.56782 940.93426514
v 100.55002 103.59533 1088.32141113
v 100.57396 98.01472 1051.78137207
v 100.60632 94.55799 933.00427246
v 100.66904 97.43279 936.35327148
v 100.67613 106.72339 1075.36987305
v 100.69660 101.28316 1025.53588867
v 100.69767 150.64862 977.60382080
v 100.69991 88.93241 982.82421875
v 100.74350 82.68061 951.95184326
v 100.74727 137.17081 967.22210693
v 100.77911 96.43408 1059.81030273
v 100.82235 88.17179 937.13006592
v 100.83234 85.57426 974.51068115
v 100.84492 108.57886 1047.45312500
v 100.84495 122.83362 1023.06213379
v 100.90990 119.33841 1026.75354004
v 100.91988 145.84995 968.99670410
v 100.92662 108.26955 969.39215088
v 100.94322 94.22657 1073.41137695
v 100.97109 100.96523 1035.23339844
v 101.01170 84.91178 1097.44970703
v 101.02477 89.86261 1099.89208984
v 101.03665 141.58437 1000.58935547
v 101.07782 131.52715 1011.74176025
v 101.08534 85.27373 940.58593750
v 101.08921 92.88939 1099.96643066
v 101.10767 92.11237 1100.13354492
v 101.10859 93.22870 1079.37414551
v 101.11570 145.49321 993.08825684
v 101.14147 93.83907 998.19134521
v 101.16232 84.50094 1095.31787109
v 101.16748 92.71523 933.11322021
v 101.19083 88.17496 981.90649414
v 101.22335 90.57066 1085.59521484
v 101.25811 89.40995 935.25097656
v 101.27007 100.88989 1030.91992188
v 101.30705 114.24987 971.21136475
v 101.39701 98.69918 1015.03283691
v 101.44745 149.44751 976.96588135
v 101.46180 92.00658 992.70385742
v 101.46807 105.75099 1082.16064453
v 101.47269 90.24361 987.37677002
v 101.47367 147.03149 971.26971436
v 101.50900 145.60510 990.41149902
v 101.55310 146.49879 970.26647949
v 101.55795 95.98129 956.02282715
v 101.56359 147.36510 986.01422119
v 101.56880 105.92879 1080.56982422
v 101.59868 119.28957 972.65313721
v 101.63881 144.66801 967.50482178
v 101.67418 144.54526 993.00640869
v 101.70602 94.90417 1099.33911133
v 101.73898 93.29320 1076.59619141
v 101.77648 94.62110 1002.87054443
v 101.79668 116.25698 1030.23303223
v 101.80498 103.69717 1062.84985352
v 101.83831 82.08038 960.69433594
v 101.84440 148.37856 974.25653076
v 101.86518 147.99548 980.77954102
v 101.87366 105.20553 1068.96679688
v 101.88596 148.75497 975.54479980
v 101.89750 140.60986 999.96759033
v 101.92645 83.09818 946.71777344
v 101.93846 85.52869 938.15979004
v 101.95320 121.01339 972.49877930
v 101.97044 83.44368 944.77508545
v 101.97146 135.82735 967.13476562
v 101.99202 103.52198 1060.75244141
v 101.99237 81.87099 952.85858154
v 102.04370 126.03717 1017.25201416
v 102.11800 95.46480 948.22027588
v 102.12289 96.65507 957.50048828
v 102.13926 89.19123 1086.87500000
v 102.14681 93.93364 1099.83398438
v 102.14726 103.81619 1065.03955078
v 102.14848 84.19093 1097.54833984
v 102.18514 96.82892 932.01000977
v 102.20828 98.22130 1046.57836914
v 102.23697 133.28322 1008.16314697
v 102.23860 97.84085 939.38995361
v 102.25301 97.57907 932.24688721
v 102.26359 84.18366 939.56658936
v 102.26719 94.86814 1064.90759277
v 102.28671 144.65643 967.23040771
v 102.31099 126.09949 970.75561523
v 102.36640 117.82080 1026.48242188
v 102.37165 82.16121 963.82891846
v 102.37936 105.58526 1051.22045898
v 102.38290 92.53857 1100.68676758
v 102.38451 97.79350 1017.01879883
v 102.40298 102.47028 1087.79577637
v 102.43093 117.90177 972.36248779
v 102.45071 148.05861 978.36553955
v 102.51515 129.99916 1011.15789795
v 102.55984 88.49487 934.35839844
v 102.59531 146.13730 985.25012207
v 102.66932 84.15153 1093.18371582
v 102.67379 95.74151 1098.70202637
v 102.87589 108.43001 1042.28759766
v 102.89483 95.60159 952.85540771
v 102.92697 97.64410 1039.71252441
v 102.94687 97.58262 1024.23413086
v 102.96028 83.32970 1096.20983887
v 102.96280 96.93829 942.12988281
v 102.97512 98.65997 934.56237793
v 102.99554 91.93140 1100.93469238
v 103.00482 95.00163 1012.35729980
v 103.04495 85.46711 1098.94787598
v 103.04903 90.15380 1100.66088867
v 103.06388 102.61375 1061.66772461
v 103.08010 94.76719 1056.34643555
v 103.11320 91.50433 1080.31384277
v 103.15727 139.39209 966.28985596
v 103.17264 82.59366 940.69189453
v 103.20512 135.82005 966.75024414
v 103.25726 73.34016 934.36865234
v 103.32159 75.20102 927.46051025
v 103.34877 97.85526 1032.90295410
v 103.35964 75.51897 932.25781250
v 103.36495 96.26218 1049.57592773
v 103.41013 81.24255 955.44000244
v 103.43539 70.58349 935.38885498
v 103.44748 74.33887 934.76690674
v 103.46169 110.11857 969.97985840
v 103.51077 76.94062 926.98248291
v 103.52721 146.36832 971.15527344
v 103.53674 97.58363 1030.38671875
v 103.53749 94.17612 1058.47277832
v 103.54671 70.14504 933.23004150
v 103.55912 103.12949 1084.18420410
v 103.59089 73.57844 927.03234863
v 103.59200 83.24877 1097.02648926
v 103.60545 143.00531 966.31689453
v 103.61229 104.73357 966.93554688
v 103.61291 103.65534 1055.65026855
v 103.62997 121.20773 972.03063965
v 103.65921 146.78072 973.13488770
v 103.68404 117.35113 971.88336182
v 103.69838 71.48712 936.93450928
v 103.72308 92.45506 1002.16656494
v 103.73775 76.76167 924.72033691
v 103.77695 92.53069 1101.00891113
v 103.81255 88.36668 933.30963135
v 103.81529 77.70477 930.47991943
v 103.82016 72.30704 927.81994629
v 103.86263 77.99690 926.42376709
v 103.86811 95.82116 1098.16857910
v 103.87254 81.79241 941.44317627
v 103.94357 86.84694 933.80999756
v 103.99134 74.02370 924.95263672
v 104.02046 102.04137 1063.48693848
v 104.02901 131.37796 1007.87847900
v 104.05620 75.66862 923.68243408
v 104.08241 69.42591 936.89019775
v 104.08628 119.68877 972.00463867
v 104.09537 75.44511 935.89141846
v 104.11213 96.56477 956.32885742
v 104.12807 77.88602 932.51403809
v 104.13525 73.57407 937.54315186
v 104.14057 70.10439 937.55596924
v 104.17172 82.39081 1094.20556641
v 104.17253 124.95345 970.76330566
v 104.19283 95.75520 1017.74853516
v 104.21211 98.80856 937.56909180
v 104.22192 102.35084 965.00909424
v 104.26008 92.93813 1067.27734375
v 104.26340 103.79404 1051.64538574
v 104.30370 144.60822 966.87896729
v 104.33569 143.25513 987.64739990
v 104.35403 91.85093 1075.75634766
v 104.45015 78.75018 923.92333984
v 104.45028 78.00134 922.77380371
v 104.46467 133.10590 967.23474121
v 104.48410 68.02071 933.43304443
v 104.49223 96.07052 1024.41149902
v 104.49586 71.85719 938.35626221
v 104.50480 145.06468 981.51141357
v 104.54185 136.87096 1000.59887695
v 104.56658 91.98164 1005.58776855
v 104.60412 82.04517 969.20465088
v 104.64931 102.45110 1057.52575684
v 104.65320 102.62453 1082.93920898
v 104.66346 115.71731 970.89440918
v 104.70744 128.35114 1010.68109131
v 104.78915 80.63110 940.45861816
v 104.79112 143.97763 966.12536621
v 104.82342 67.65857 935.11700439
v 104.84813 95.80834 1042.82641602
v 104.85260 93.23452 1062.64697266
v 104.86588 145.47121 968.20025635
v 104.87409 69.08982 937.78009033
v 104.87494 92.54179 931.09399414
v 104.94366 102.73385 1080.30358887
v 104.96394 77.42876 921.33099365
v 104.98914 95.88370 947.70758057
v 105.01355 82.25301 934.78363037
v 105.01574 76.58884 936.52301025
v 105.02705 81.23705 935.78259277
v 105.04131 142.79440 965.40649414
v 105.04967 67.96895 936.69091797
v 105.05431 85.71600 932.97027588
v 105.06114 80.08051 930.80377197
v 105.06206 76.19589 921.09631348
v 105.07119 78.97613 933.74102783
v 105.09071 95.07948 1021.20788574
v 105.09743 70.32732 927.21319580
v 105.11607 102.58891 1069.70849609
v 105.12558 94.32977 1017.55047607
v 105.13483 146.22435 974.79199219
v 105.15330 98.92317 930.86303711
v 105.15984 99.11562 961.11480713
v 105.20309 80.13030 936.90368652
v 105.23714 84.01305 975.99182129
v 105.24290 94.40884 1048.65344238
v 105.26752 93.88670 1054.19152832
v 105.27398 99.72659 935.98046875
v 105.32254 100.11465 962.53875732
v 105.32826 124.07595 1015.91375732
v 105.35535 92.98425 1100.72705078
v 105.40410 91.34980 1009.24273682
v 105.40578 80.42610 934.50842285
v 105.43015 98.59738 1091.66064453
v 105.43655 82.77502 1097.81958008
v 105.43659 84.08560 1090.88452148
v 105.44100 125.27052 1013.79229736
v 105.44452 145.17575 967.31201172
v 105.45065 108.35257 1037.73339844
v 105.46133 73.76479 921.33453369
v 105.46815 78.63425 936.36975098
v 105.49677 76.10011 919.55224609
v 105.52577 78.86851 937.05895996
v 105.53960 81.25909 931.51470947
v 105.56049 105.60522 1045.24987793
v 105.58710 79.28556 939.85748291
v 105.59280 86.94309 985.30816650
v 105.60590 111.30122 1032.29406738
v 105.61137 97.60751 930.04125977
v 105.62814 133.77530 966.47827148
v 105.63794 88.93496 931.47052002
v 105.65025 80.05997 950.45977783
v 105.65369 75.99670 938.25195312
v 105.66483 120.79038 1019.22076416
v 105.68575 117.33247 1023.45166016
v 105.70186 102.37141 1073.52795410
v 105.71163 144.76427 966.34466553
v 105.74480 109.43832 969.01666260
v 105.74509 82.03816 1092.63488770
v 105.75694 142.60419 984.28607178
v 105.76949 77.31210 938.10247803
v 105.77338 112.45202 970.18145752
v 105.77997 96.01849 929.95837402
v 105.82199 96.00916 951.34509277
v 105.83296 122.81436 970.78991699
v 105.84936 83.61363 931.34405518
v 105.86092 81.61511 927.31188965
v 105.86636 91.58657 1012.80029297
v 105.91142 95.16447 1029.95507812
v 105.91696 69.86325 924.45190430
v 105.91920 90.22867 1079.02551270
v 105.93017 81.00505 1095.52624512
v 105.93385 132.91040 1003.35479736
v 105.95214 68.62541 927.00897217
v 105.97414 72.57044 919.77404785
v 105.99874 67.34135 930.47851562
v 106.00209 80.24116 946.95111084
v 106.00608 78.87404 918.46148682
v 106.00999 100.20602 931.50543213
v 106.03403 145.57091 975.20812988
v 106.09359 85.94805 930.98046875
v 106.09554 100.36649 1087.40148926
v 106.10332 80.94672 966.11285400
v 106.10581 95.07893 1038.27319336
v 106.14027 73.96220 939.74682617
v 106.19614 79.66701 943.65417480
v 106.20690 78.38953 940.84448242
v 106.21618 118.70043 970.93853760
v 106.25500 93.52795 1099.91064453
v 106.27673 100.64359 934.66772461
v 106.28850 99.03584 960.52014160
v 106.33390 116.91985 970.64624023
v 106.33430 82.97068 927.91210938
v 106.34029 83.28869 1098.56201172
v 106.37006 126.79905 969.99176025
v 106.37479 137.85315 995.08129883
v 106.37557 93.24275 1022.35949707
v 106.46931 97.07108 944.16784668
v 106.47022 70.16252 916.52386475
v 106.47626 145.56963 968.97491455
v 106.48139 71.07733 940.19665527
v 106.49870 106.24380 1041.09655762
v 106.51431 66.59469 929.08489990
v 106.53480 98.99973 939.34539795
v 106.56324 140.80019 988.22656250
v 106.56405 96.25189 949.58068848
v 106.58816 129.05717 969.10064697
v 106.62460 84.52711 928.79925537
v 106.63415 67.70187 918.87890625
v 106.65615 84.29671 1099.11047363
v 106.66091 65.92023 931.92010498
v 106.66104 105.78168 967.01007080
v 106.66630 85.85013 1087.07080078
v 106.67912 65.53398 925.82244873
v 106.68002 100.00986 962.04241943
v 106.68198 104.04631 965.89154053
v 106.72074 73.42292 913.59973145
v 106.74056 90.71648 930.16632080
v 106.75938 92.56977 1055.91162109
v 106.77190 141.10951 963.71276855
v 106.77807 70.97528 914.52563477
v 106.79632 79.15904 951.44580078
v 106.79784 82.86686 926.08447266
v 106.82738 75.68979 940.73339844
v 106.83676 87.11842 929.82208252
v 106.86346 88.57818 1082.10449219
v 106.87489 137.66034 964.29382324
v 106.88164 80.09784 960.12274170
v 106.93719 79.00421 954.48883057
v 106.94227 88.89317 1101.15063477
v 106.99141 102.64666 1048.92736816
v 106.99825 64.83832 923.47344971
v 107.00856 75.47160 912.84680176
v 107.03851 86.95923 988.50646973
v 107.04420 67.22824 917.22949219
v 107.12934 79.75653 916.97247314
v 107.16846 81.18367 1097.57751465
v 107.18789 80.93652 969.32073975
v 107.19527 82.38251 974.91357422
v 107.19767 97.01019 954.91613770
v 107.24025 65.12004 930.99859619
v 107.24684 64.44062 927.77020264
v 107.25205 65.09829 933.63183594
v 107.26334 102.01303 1050.65026855
v 107.28658 96.55468 951.97491455
v 107.33188 90.22160 1101.37841797
v 107.33644 100.71832 930.30761719
v 107.38667 96.94541 946.43420410
v 107.38794 124.09232 1012.12719727
v 107.39728 86.98916 928.89880371
v 107.41792 83.33358 925.28356934
v 107.42757 65.21467 935.01190186
v 107.44642 100.83214 936.68945312
v 107.46328 84.39233 926.83599854
v 107.46730 69.87993 940.64916992
v 107.50652 93.07423 929.45703125
v 107.50857 138.35399 963.57293701
v 107.59760 114.27605 970.04266357
v 107.59855 80.05004 916.69537354
v 107.62153 133.63388 998.64312744
v 107.62315 144.06050 963.70452881
v 107.65434 76.73743 912.24353027
v 107.68855 115.04224 1023.82373047
v 107.69205 103.29359 1045.22058105
v 107.70412 145.11826 971.62371826
v 107.72825 141.70644 962.56506348
v 107.76250 65.51089 936.44555664
v 107.78559 79.74623 1096.11645508
v 107.80153 91.56115 1059.83142090
v 107.81518 104.72484 1041.97863770
v 107.83398 136.66122 964.07849121
v 107.83960 91.34616 1101.02978516
v 107.85292 143.11124 962.72241211
v 107.92107 68.46882 913.69598389
v 107.92161 145.44679 968.42663574
v 107.96127 145.23584 970.24407959
v 107.96571 137.77811 991.52368164
v 107.97838 91.60156 1054.11523438
v 108.00752 89.20246 1017.69769287
v 108.02511 88.16361 1080.72021484
v 108.02771 141.53519 981.78594971
v 108.03262 90.06337 1069.71276855
v 108.11398 75.99107 943.45312500
v 108.11412 65.81503 916.27563477
v 108.12444 63.00560 925.25836182
v 108.15842 78.12723 949.35754395
v 108.17873 92.04604 1035.20715332
v 108.19225 79.48325 1094.05505371
v 108.19464 73.33649 910.33984375
v 108.20384 143.19246 977.92401123
v 108.20576 99.83981 929.24932861
v 108.23286 99.35712 1063.01147461
v 108.24213 78.91979 914.09497070
v 108.28056 71.87914 910.22448730
v 108.28527 126.32799 969.59179688
v 108.32610 79.29067 1094.95324707
v 108.35148 68.61740 940.65460205
v 108.38081 88.19658 928.29858398
v 108.44691 87.58824 996.45422363
v 108.45113 107.15662 966.95770264
v 108.45383 127.14656 1007.04302979
v 108.48676 64.00520 908.46966553
v 108.49417 71.62454 909.17547607
v 108.50298 66.39693 906.28070068
v 108.52689 100.76561 1079.78430176
v 108.52698 100.92393 961.93817139
v 108.53407 66.49057 913.04949951
v 108.54922 63.71515 906.42120361
v 108.54996 90.42851 1024.89746094
v 108.55078 91.10555 1041.05969238
v 108.56039 127.97216 968.97717285
v 108.58976 90.80822 1044.84606934
v 108.62844 63.84586 918.46881104
v 108.65259 138.27406 962.39410400
v 108.69444 143.32648 961.54711914
v 108.70785 72.87368 908.61419678
v 108.72305 64.82677 914.67266846
v 108.79681 73.65752 943.67138672
v 108.81688 77.35011 948.61645508
v 108.81939 99.16927 958.98101807
v 108.82372 63.49581 905.05072021
v 108.82832 90.08306 928.54821777
v 108.82974 99.28545 1058.70336914
v 108.84247 84.82216 985.34094238
v 108.85339 83.68105 923.24774170
v 108.86851 82.79427 1098.88293457
v 108.86868 93.60973 1097.72241211
v 108.88689 84.64079 925.02142334
v 108.90152 136.68086 963.30181885
v 108.90306 74.99839 909.33666992
v 108.91601 110.86103 1028.71118164
v 108.94438 85.64096 1099.69921875
v 108.96665 61.30637 907.89025879
v 108.96786 134.63109 995.78472900
v 108.96850 61.42760 906.82922363
v 108.98898 85.90170 926.18902588
v 109.03542 62.20152 923.38916016
v 109.04430 99.46634 928.77282715
v 109.05208 144.22862 961.99218750
v 109.06966 78.27486 958.81689453
v 109.11517 89.91833 1101.00805664
v 109.13308 99.06306 1065.72314453
v 109.13932 116.61327 1019.89636230
v 109.14597 113.56711 969.09075928
v 109.16586 135.34097 994.48785400
v 109.19612 102.00887 1045.46813965
v 109.19810 62.24552 932.51141357
v 109.20582 71.87352 905.54272461
v 109.21202 62.73681 917.47460938
v 109.21508 64.47472 904.06768799
v 109.26441 73.63918 907.29022217
v 109.28379 124.21487 969.51141357
v 109.29116 87.93317 1077.10046387
v 109.29889 67.43897 903.90246582
v 109.32464 103.33613 1042.17395020
v 109.34621 81.50961 918.05633545
v 109.34889 69.84489 904.18432617
v 109.35622 90.05214 1033.08374023
v 109.35767 62.25846 914.67651367
v 109.35961 88.39866 1100.81469727
v 109.37634 82.88672 920.58966064
v 109.38942 69.20793 942.45379639
v 109.40271 121.16007 1013.82342529
v 109.41225 144.86096 962.86376953
v 109.43052 77.79298 911.13867188
v 109.44730 118.06371 969.71331787
v 109.45808 94.23144 1095.59240723
v 109.48256 75.96095 909.14080811
v 109.50165 100.86848 929.02270508
v 109.50238 106.25494 965.86364746
v 109.51695 131.99321 998.09619141
v 109.53333 100.19294 1072.13659668
v 109.54434 78.57852 962.92236328
v 109.54823 79.97355 914.55645752
v 109.56667 75.26907 946.41827393
v 109.56902 70.97839 943.73815918
v 109.61722 119.71391 1015.82470703
v 109.65170 94.53585 928.55377197
v 109.67393 101.93444 929.81298828
v 109.67744 120.52476 969.60711670
v 109.70596 132.19223 965.60424805
v 109.75719 142.76802 976.50634766
v 109.76910 126.26323 968.95239258
v 109.77324 61.29468 930.37976074
v 109.84406 140.11725 959.01000977
v 109.84904 105.65583 1037.49047852
v 109.86593 145.27875 963.78076172
v 109.87804 60.69015 913.68395996
v 109.88330 78.93390 912.52368164
v 109.90811 138.43066 960.18072510
v 109.99984 79.05787 1097.48400879
v 110.00760 67.56190 902.87115479
v 110.04478 74.40701 906.61303711
v 110.07365 99.77098 1079.96582031
v 110.09394 60.78235 922.73687744
v 110.09474 63.48612 937.07116699
v 110.14850 143.90338 958.21655273
v 110.14996 61.20847 932.68817139
v 110.16581 97.14381 1087.90441895
v 110.20012 61.75989 934.64477539
v 110.20145 104.77275 964.11309814
v 110.20348 88.21404 926.67962646
v 110.20477 100.08615 959.27252197
v 110.20490 138.78404 984.73345947
v 110.22874 145.49301 965.13800049
v 110.24663 89.14805 1063.52111816
v 110.24857 137.40755 988.36389160
v 110.24891 86.19466 1010.49578857
v 110.28236 102.75893 934.78216553
v 110.28340 102.93599 931.30493164
v 110.28519 61.31625 903.36877441
v 110.35537 59.89383 905.08435059
v 110.35542 86.35369 1019.12432861
v 110.38902 142.79622 956.75091553
v 110.40649 59.24107 906.29052734
v 110.41239 127.73991 968.13403320
v 110.42848 73.82856 905.03875732
v 110.45223 77.97070 1095.69702148
v 110.46696 63.53184 902.54699707
v 110.52612 81.70630 1088.25512695
v 110.57127 85.97622 998.57733154
v 110.60292 78.99453 969.03448486
v 110.60365 144.37015 958.18927002
v 110.63679 98.95982 943.06201172
v 110.63689 102.84255 930.50848389
v 110.64053 78.23199 964.38104248
v 110.66574 145.09108 967.61584473
v 110.67884 74.37678 947.63812256
v 110.69957 84.83600 923.32171631
v 110.73795 72.61603 903.50708008
v 110.76138 144.89850 959.64019775
v 110.76997 100.40018 928.65039062
v 110.78407 87.80475 1100.07763672
v 110.81035 92.09122 1098.70690918
v 110.86415 141.61182 956.04913330
v 110.86842 85.30336 1080.90502930
v 110.93364 114.78111 1020.95635986
v 110.96368 145.40515 966.08496094
v 110.96870 75.55293 907.10247803
v 110.99886 61.18797 934.73175049
v 111.01078 86.30399 1028.78234863
v 111.02686 80.80541 974.50140381
v 111.04310 143.33305 956.07629395
v 111.07196 110.69703 1026.89208984
v 111.08686 97.41064 928.43566895
v 111.12071 59.33600 904.67633057
v 111.12469 144.05164 970.12646484
v 111.13856 85.16088 993.11981201
v 111.14886 103.62510 934.01416016
v 111.14982 58.77335 917.71984863
v 111.17498 79.49751 1098.15283203
v 111.17834 88.26368 1040.55053711
v 111.20934 141.25882 955.83288574
v 111.29140 85.77061 923.99029541
v 111.29149 77.97600 1096.94543457
v 111.30022 87.46745 1034.17028809
v 111.30499 142.36597 955.35748291
v 111.32567 123.24979 1008.02819824
v 111.34428 142.47595 975.78051758
v 111.35844 102.87827 936.17596436
v 111.39483 116.83990 1017.52099609
v 111.43889 84.80025 1008.42797852
v 111.44306 85.27342 995.43029785
v 111.45594 78.74265 1091.26269531
v 111.46945 98.84630 954.22528076
v 111.47138 90.12003 1099.76647949
v 111.50819 88.08461 1057.87268066
v 111.52551 98.66354 950.76068115
v 111.53865 96.05000 928.12188721
v 111.57145 89.06126 1099.92199707
v 111.59718 113.59967 967.68261719
v 111.68900 93.99323 1092.83398438
v 111.70134 90.45013 926.68609619
v 111.76876 108.49823 1029.77819824
v 111.78170 101.94521 1041.89514160
v 111.80145 99.03081 944.57159424
v 111.80662 128.22736 966.94970703
v 111.88542 144.08617 969.46185303
v 111.93098 84.60301 1024.19323730
v 111.93805 72.01828 947.55096436
v 111.94528 87.83885 1099.85510254
v 111.96764 100.61384 941.39935303
v 111.97307 104.60201 932.63891602
v 111.97443 84.57160 1001.62072754
v 111.98195 76.79752 961.89544678
v 111.98610 105.13391 1036.02172852
v 112.04226 59.29230 903.96710205
v 112.05348 98.95908 1051.80334473
v 112.06998 138.40895 982.74774170
v 112.09340 76.05389 906.96313477
v 112.11906 77.10261 1095.22387695
v 112.12508 139.24785 956.35333252
v 112.22604 104.25283 935.03698730
v 112.25625 141.24960 977.65008545
v 112.27336 75.80627 954.61956787
v 112.31225 67.36720 945.15045166
v 112.32199 133.11374 963.18731689
v 112.32391 55.82840 912.37329102
v 112.34609 86.86098 1040.11706543
v 112.36240 63.67605 939.76245117
v 112.37156 83.06746 985.15014648
v 112.39225 94.30029 927.16534424
v 112.41383 107.81261 964.45916748
v 112.45469 96.59827 1085.71997070
v 112.53513 81.83277 981.45043945
v 112.54126 144.07072 953.90740967
v 112.59715 75.94770 956.84503174
v 112.61736 84.39611 993.41839600
v 112.65441 82.60365 1011.28533936
v 112.66660 83.33323 1008.17236328
v 112.70291 59.94135 903.06231689
v 112.74100 97.62380 1068.27148438
v 112.74397 72.86627 901.63818359
v 112.76733 55.76432 909.22375488
v 112.79026 57.97549 927.98638916
v 112.79533 87.07225 1058.10559082
v 112.80167 144.78308 967.80084229
v 112.80214 55.29746 912.52313232
v 112.85828 86.76288 1053.29748535
v 112.90689 132.56282 993.56988525
v 112.91506 76.97796 1096.07409668
v 112.98385 56.55713 923.38311768
v 113.01391 56.44166 919.82067871
v 113.01420 104.81218 930.94903564
v 113.01604 65.81836 900.17962646
v 113.01675 99.99149 954.96801758
v 113.02026 83.75983 990.68725586
v 113.03159 76.38445 962.63385010
v 113.03360 66.22977 944.72253418
v 113.07520 82.29849 1020.44451904
v 113.08399 74.15016 952.02355957
v 113.11346 58.55434 932.07147217
v 113.12436 145.01064 954.66546631
v 113.14687 73.85528 902.50109863
v 113.16161 100.31760 943.54583740
v 113.16299 58.02603 929.79370117
v 113.17031 97.18018 1081.02893066
v 113.17485 135.82117 987.28015137
v 113.19860 96.99023 1057.82153320
v 113.22866 100.92844 1042.85217285
v 113.22984 87.69391 1099.82946777
v 113.24793 99.82458 945.78027344
v 113.27090 103.17590 929.49127197
v 113.27509 69.56898 899.79290771
v 113.27820 79.42548 1098.53076172
v 113.32779 91.25078 926.12628174
v 113.35954 140.28423 951.99621582
v 113.37937 71.64272 900.17291260
v 113.38346 64.58069 900.24682617
v 113.38571 108.53493 1028.47973633
v 113.39146 55.25289 909.32946777
v 113.39199 85.33016 921.88580322
v 113.39550 142.64948 951.24206543
v 113.44817 69.47349 947.96716309
v 113.45783 145.75108 961.31042480
v 113.47501 140.98288 951.31622314
v 113.47916 138.49002 981.24127197
v 113.50272 61.16188 936.86730957
v 113.50518 85.94167 1072.93432617
v 113.50810 54.85509 910.93438721
v 113.54508 128.78650 965.22332764
v 113.55803 99.75682 1045.76037598
v 113.56178 106.20759 932.84466553
v 113.56940 143.65337 970.15057373
v 113.62074 105.87885 934.96197510
v 113.62386 96.55929 1060.23828125
v 113.62772 106.06963 931.93103027
v 113.65398 145.73329 957.01391602
v 113.67757 105.17245 930.84259033
v 113.69548 83.99954 998.04882812
v 113.69780 90.63559 1098.92443848
v 113.78943 123.60979 1004.73645020
v 113.79888 107.62714 963.29022217
v 113.80188 76.20507 1092.53088379
v 113.80241 83.37052 1000.69659424
v 113.83776 68.00878 899.33990479
v 113.86842 85.33051 1074.54150391
v 113.87324 91.66525 1097.82702637
v 113.87502 144.01109 951.83374023
v 113.88849 55.44946 918.73004150
v 113.89185 55.66933 924.98193359
v 113.89438 83.90073 1037.29638672
v 113.91644 84.06907 996.29003906
v 113.93178 77.08465 1096.88476562
v 113.98380 76.60246 1096.39416504
v 113.99093 105.91263 1032.97021484
v 114.00430 126.41386 999.58874512
v 114.00468 58.24268 932.34338379
v 114.01007 75.89957 1093.41027832
v 114.01188 97.26643 1073.27966309
v 114.05326 145.24301 966.77136230
v 114.05822 55.83681 926.50122070
v 114.07063 59.35965 934.04516602
v 114.11500 100.39452 951.79321289
v 114.11719 85.67393 1069.50476074
v 114.14635 139.39317 951.66186523
v 114.16290 80.06902 1098.81823730
v 114.18387 63.31579 940.77691650
v 114.24200 63.11028 900.43890381
v 114.26677 81.14641 1024.05676270
v 114.26989 102.34585 929.07507324
v 114.27361 74.59438 955.68035889
v 114.30592 85.84393 1066.13122559
v 114.34977 99.46049 928.35375977
v 114.40250 140.11429 950.58258057
v 114.46887 56.75511 928.89318848
v 114.55063 96.65639 1066.17272949
v 114.60854 73.23524 953.31591797
v 114.61466 98.10287 1051.24328613
v 114.62212 141.80307 949.85894775
v 114.65086 71.58399 951.34082031
v 114.65200 54.85250 922.41015625
v 114.68723 80.26678 1020.50219727
v 114.69209 79.19767 975.61785889
v 114.74567 121.15812 1006.76074219
v 114.78351 82.18343 1002.90795898
v 114.81430 77.51721 1097.55358887
v 114.82003 96.40461 1057.27124023
v 114.84789 127.19214 964.96624756
v 114.86060 96.07265 1060.82202148
v 114.87164 146.11589 958.43902588
v 114.87991 71.29562 899.04461670
v 114.88456 81.57517 984.86328125
v 114.90091 116.18348 966.94244385
v 114.91111 109.74391 1025.89916992
v 114.94761 81.41659 1032.41357422
v 114.97970 101.76073 1039.71997070
v 114.98116 90.85452 1098.28088379
v 115.03416 106.95625 932.38226318
v 115.06528 77.04100 966.79345703
v 115.07323 102.95963 940.41271973
v 115.07854 96.29742 1079.63964844
v 115.07992 132.67618 959.92340088
v 115.08688 140.19943 949.21905518
v 115.09431 139.08652 949.82971191
v 115.10136 142.24709 974.45758057
v 115.11309 118.82999 967.02362061
v 115.12549 54.48408 909.07220459
v 115.14662 80.05910 1011.81451416
v 115.17691 82.08681 988.63763428
v 115.21609 107.10806 934.61914062
v 115.22179 138.11018 950.73937988
v 115.25253 55.21000 926.88616943
v 115.26053 134.50230 987.26086426
v 115.27221 103.38374 1035.85400391
v 115.27271 81.22211 1006.93652344
v 115.28402 95.54067 1083.81213379
v 115.29910 79.27155 1085.46582031
v 115.31569 141.06174 948.74102783
v 115.33852 120.33371 1007.25427246
v 115.35106 92.11984 925.65155029
v 115.35589 82.47947 1078.09655762
v 115.38475 78.97686 1098.47070312
v 115.41859 83.55572 997.10363770
v 115.42749 96.57977 1075.26013184
v 115.49357 87.47073 922.50891113
v 115.50814 88.73318 1099.95703125
v 115.55083 81.90685 1002.39288330
v 115.55193 75.51883 1090.48193359
v 115.55363 87.86489 1100.05371094
v 115.62769 91.13552 1097.33337402
v 115.63484 83.04397 998.98828125
v 115.67406 56.87981 929.96807861
v 115.71230 106.56893 931.60015869
v 115.72797 136.74939 951.71990967
v 115.73289 75.03185 961.82604980
v 115.73395 129.82001 993.95581055
v 115.75621 141.47360 975.85186768
v 115.76831 74.63007 1093.52026367
v 115.78728 133.72211 957.67364502
v 115.79658 79.68970 910.74578857
v 115.80210 80.41470 1082.72802734
v 115.81668 106.11633 959.82269287
v 115.85245 144.73959 950.94647217
v 115.86974 114.38860 965.88159180
v 115.90079 97.39297 927.05822754
v 115.94434 103.15038 941.54968262
v 115.95025 145.89362 963.59240723
v 116.00576 99.60268 928.20196533
v 116.04186 87.22771 1099.86315918
v 116.09427 84.77122 1057.40710449
v 116.11319 78.91618 1012.26849365
v 116.11757 121.41534 966.02832031
v 116.13376 55.14182 927.06182861
v 116.13565 83.36751 993.63421631
v 116.14634 145.32440 952.03631592
v 116.17197 53.59121 917.48724365
v 116.17519 53.98727 923.42901611
v 116.17760 82.23095 990.81072998
v 116.18070 55.38784 905.87451172
v 116.18951 137.40785 946.58489990
v 116.20442 107.39168 933.35046387
v 116.22472 106.11455 1031.33105469
v 116.25224 138.09438 945.41564941
v 116.25769 118.02849 966.34460449
v 116.26202 119.89777 1006.19952393
v 116.29471 102.60479 1036.76159668
v 116.29999 103.14330 955.76263428
v 116.33666 91.36676 1095.00036621
v 116.35936 53.38358 912.81909180
v 116.37202 77.46288 1025.16174316
v 116.42928 99.47609 1044.05371094
v 116.44490 107.33547 935.32702637
v 116.45343 104.14143 957.09228516
v 116.49112 146.26686 961.50451660
v 116.49204 142.98976 972.34472656
v 116.50209 144.97313 968.62805176
v 116.50690 132.75833 988.37261963
v 116.51107 139.65041 945.01745605
v 116.51852 141.92455 946.95190430
v 116.56412 120.95712 1003.01574707
v 116.56580 112.70811 1019.80383301
v 116.60132 59.37025 934.60192871
v 116.62902 78.68565 1010.76953125
v 116.69621 80.76718 1005.26892090
v 116.71094 62.54542 899.75714111
v 116.71261 125.28451 997.47338867
v 116.84020 53.92857 924.08917236
v 116.84873 77.04060 1027.46520996
v 116.84930 144.02022 948.45666504
v 116.88560 82.18633 1043.78186035
v 116.89857 137.19720 944.82806396
v 116.92928 136.59923 982.09375000
v 116.96826 73.12807 956.91357422
v 117.01688 82.83109 1052.66320801
v 117.01835 96.05505 1068.11389160
v 117.03268 105.55287 930.47869873
v 117.06514 56.19670 928.58831787
v 117.07526 137.67444 980.55731201
v 117.07592 77.96335 907.38244629
v 117.10164 103.06773 945.33221436
v 117.10282 53.30785 921.35754395
v 117.12552 81.06927 986.38323975
v 117.18607 84.10539 1061.92407227
v 117.20496 78.83044 1034.39477539
v 117.21204 93.23782 925.51586914
v 117.21727 64.83080 898.26666260
v 117.24363 138.00163 943.84088135
v 117.24412 127.44263 962.43225098
v 117.29945 106.17142 938.75762939
v 117.30746 140.89427 944.84368896
v 117.33059 82.96408 915.77368164
v 117.33445 103.11483 952.79742432
v 117.34969 135.46460 946.66290283
v 117.35808 128.22815 993.89788818
v 117.39472 73.64640 899.68774414
v 117.39690 106.22990 931.09246826
v 117.41599 134.89023 950.43182373
v 117.42256 75.84041 966.98297119
v 117.44355 96.43253 1053.15014648
v 117.44413 98.17556 1047.98767090
v 117.46091 102.96529 1035.32824707
v 117.49802 81.59242 1001.38909912
v 117.68598 95.54308 1059.91479492
v 117.70256 80.32240 983.80389404
v 117.72277 117.05505 1010.77264404
v 117.72435 79.81159 1040.87805176
v 117.72809 80.63385 1004.26171875
v 117.74314 62.11487 940.64514160
v 117.77029 63.24120 898.74475098
v 117.78411 78.29435 1009.02178955
v 117.80220 130.89780 958.61627197
v 117.81443 112.17178 963.72631836
v 117.82661 114.16901 1015.71734619
v 117.83125 74.49834 1095.73718262
v 117.83278 135.67665 942.84509277
v 117.83797 83.04379 997.89154053
v 117.86428 71.48325 955.04461670
v 117.86600 134.67200 943.76043701
v 117.86854 89.80055 1098.65283203
v 117.87865 53.88446 907.65423584
v 117.89130 54.65239 925.52294922
v 117.90013 83.31046 1064.52502441
v 117.90324 81.61454 989.99676514
v 117.91179 104.13200 954.16607666
v 117.93880 77.09794 905.09191895
v 117.96059 81.45142 1048.85766602
v 117.96909 73.95172 962.26782227
v 117.99474 134.33824 947.04400635
v 117.99654 136.61714 942.19738770
v 118.00269 81.90438 1069.60668945
v 118.03497 83.10784 1060.70471191
v 118.07289 53.08240 922.17724609
v 118.11303 83.40179 994.96551514
v 118.11797 104.96542 930.19958496
v 118.12383 77.76387 975.59124756
v 118.16129 93.36051 1085.69860840
v 118.17956 81.64356 1053.74279785
v 118.20586 105.68180 941.03747559
v 118.21312 74.44064 1021.21905518
v 118.25964 57.38062 930.36022949
v 118.27232 144.85515 948.15148926
v 118.29850 75.42163 1014.02099609
v 118.32446 95.96593 1054.26977539
v 118.32859 117.21482 1009.60302734
v 118.34133 83.14082 993.72283936
v 118.37146 115.05769 964.30963135
v 118.38316 85.99847 919.24200439
v 118.41329 111.97469 963.10998535
v 118.42256 103.86395 949.72204590
v 118.42671 52.16482 913.98669434
v 118.43884 61.67450 899.46765137
v 118.44860 89.35252 922.24505615
v 118.46056 79.21412 981.92712402
v 118.46854 143.98782 946.86425781
v 118.48259 131.43788 987.69366455
v 118.51823 51.95876 918.28137207
v 118.54305 145.76540 965.59478760
v 118.56013 146.53786 956.02246094
v 118.57536 77.64114 1082.74206543
v 118.58213 73.13966 1094.91699219
v 118.62689 138.98422 941.81909180
v 118.62846 113.38454 1016.50659180
v 118.63274 107.00641 932.42205811
v 118.63966 90.04076 1097.92004395
v 118.64358 76.32671 1011.00103760
v 118.64406 146.34389 953.19189453
v 118.69595 82.13678 991.74078369
v 118.76113 78.99688 1077.98107910
v 118.77830 80.90172 986.65686035
v 118.78957 59.49897 901.31848145
v 118.79642 80.00810 1047.56298828
v 118.82659 119.90993 964.05963135
v 118.87331 60.98258 938.48632812
v 118.89660 75.22195 1096.71801758
v 118.95032 73.61597 898.49890137
v 118.95505 80.50327 985.09271240
v 118.96009 62.83360 943.48016357
v 118.96394 59.24548 933.48205566
v 118.96558 83.54694 995.85632324
v 118.97190 53.25803 922.83770752
v 118.97355 66.55796 896.70288086
v 118.97557 134.57062 940.87500000
v 118.99550 104.95648 945.14843750
v 119.01672 54.10844 906.31146240
v 119.02592 122.83839 996.88934326
v 119.03719 95.17953 925.94171143
v 119.05429 144.21696 970.09906006
v 119.05845 106.28180 940.65924072
v 119.06977 84.10635 916.19500732
v 119.07567 90.69274 1091.66528320
v 119.08172 82.10210 1099.13659668
v 119.10172 126.81192 992.81329346
v 119.10266 95.62279 1071.78076172
v 119.11961 132.19415 942.38946533
v 119.13132 99.42602 1042.63012695
v 119.15520 68.39559 896.37554932
v 119.16882 55.55392 904.36090088
v 119.17799 77.54874 1097.97180176
v 119.18764 126.64936 960.61859131
v 119.18819 139.94572 941.96124268
v 119.19987 80.18525 1004.08544922
v 119.20665 83.51662 994.59124756
v 119.28227 82.02817 990.97888184
v 119.28280 52.34861 910.68481445
v 119.30457 131.63615 944.28930664
v 119.32915 86.48470 1099.53857422
v 119.37862 52.08315 921.47656250
v 119.38593 70.25757 896.27270508
v 119.42995 94.98770 1077.86755371
v 119.43045 101.14132 928.75671387
v 119.43554 136.53177 940.21197510
v 119.44396 79.10255 982.55731201
v 119.45288 118.44986 963.64495850
v 119.50648 64.65465 948.82550049
v 119.51054 66.28956 951.12683105
v 119.52389 71.82189 1019.72326660
v 119.52729 71.25578 1091.32873535
v 119.53752 62.48475 942.42181396
v 119.54572 119.26551 1000.50787354
v 119.56425 80.39471 1098.70068359
v 119.60329 79.51278 1074.78430176
v 119.61064 95.65202 1055.58215332
v 119.64194 90.00403 1096.39111328
v 119.67407 71.61811 896.41436768
v 119.68510 108.63424 1025.71679688
v 119.69347 105.98431 942.90716553
v 119.72006 109.45156 958.37255859
v 119.74754 116.43291 963.17773438
v 119.74953 128.73972 958.22119141
v 119.76302 77.37938 1045.42163086
v 119.77058 71.82844 1017.19281006
v 119.78938 71.50935 1089.90100098
v 119.79587 117.55728 1002.86022949
v 119.80102 83.29785 997.92395020
v 119.82692 72.78170 896.93646240
v 119.84567 130.39284 955.56982422
v 119.89099 83.77392 994.35137939
v 119.92326 55.13704 924.79516602
v 119.92859 51.76239 920.60015869
v 119.93695 71.36136 1021.63586426
v 119.94110 70.86850 1092.22644043
v 119.97754 56.18302 926.05731201
v 120.01534 79.00871 1050.54309082
v 120.01617 132.00224 949.43695068
v 120.01975 78.46725 1006.20593262
v 120.02309 77.20267 976.40264893
v 120.02847 112.20095 960.66882324
v 120.04241 73.85857 1034.53662109
v 120.04258 51.46922 918.34545898
v 120.04346 119.87393 962.80401611
v 120.06211 98.20166 1045.90307617
v 120.06693 80.04014 1063.60510254
v 120.11217 76.50083 901.84271240
v 120.11440 72.90154 1028.37451172
v 120.13145 130.38992 942.68756104
v 120.13522 74.89719 899.11334229
v 120.15050 114.16451 961.80554199
v 120.15143 111.56308 1019.69494629
v 120.15588 74.07211 1011.69464111
v 120.16129 58.03167 929.84906006
v 120.17571 105.62222 948.26184082
v 120.18452 52.41517 909.72930908
v 120.19384 88.46452 1098.93298340
v 120.27188 51.48427 914.39910889
v 120.28648 59.49355 932.68231201
v 120.30428 146.92123 958.29028320
v 120.34164 146.75296 959.44555664
v 120.34421 61.39125 938.90447998
v 120.35780 130.72641 940.81500244
v 120.43303 84.15225 993.81878662
v 120.43385 131.58337 940.02331543
v 120.47320 129.81161 943.78045654
v 120.49970 119.43967 998.21307373
v 120.50083 93.32216 1082.22778320
v 120.52724 106.49760 950.63226318
v 120.55574 134.40459 981.99139404
v 120.57757 141.33092 942.22369385
v 120.57898 137.98857 939.56066895
v 120.65208 130.46127 951.98858643
v 120.66275 68.82349 955.17425537
v 120.67495 128.39883 988.38714600
v 120.68399 75.43797 1081.50183105
v 120.69918 71.34164 895.46820068
v 120.69952 137.64880 978.46972656
v 120.73087 81.14927 1002.03759766
v 120.73087 132.49077 939.31359863
v 120.73754 53.70822 922.84844971
v 120.73981 58.55707 901.46887207
v 120.75892 130.72050 948.31640625
v 120.77177 107.03377 933.66900635
v 120.78661 136.90865 939.06323242
v 120.79303 118.11132 961.62927246
v 120.79871 94.82710 1074.01757812
v 120.79932 79.24020 906.77777100
v 120.83044 106.13291 946.53570557
v 120.83340 83.90567 997.75347900
v 120.85053 83.36886 1099.08129883
v 120.85922 121.72597 960.83020020
v 120.87027 73.33268 896.37329102
v 120.90568 70.93172 959.36926270
v 120.90588 87.39214 1098.99340820
v 120.91148 83.58725 990.40057373
v 120.91812 84.44082 996.85125732
v 120.92609 107.52297 937.37567139
v 120.92627 128.73808 955.64141846
v 120.92934 81.75690 987.16033936
v 120.93828 127.51819 957.08557129
v 120.94955 61.11003 937.68737793
v 120.97112 79.34667 1004.65039062
v 120.98322 107.34738 934.78405762
v 121.00438 78.24358 1098.29907227
v 121.00503 121.93784 993.54211426
v 121.02247 83.31615 998.97967529
v 121.02576 80.99775 985.65826416
v 121.02736 130.25017 939.12127686
v 121.02960 78.69319 1063.55041504
v 121.05828 77.91057 1053.11633301
v 121.07356 146.56058 961.50537109
v 121.07549 80.54570 984.89508057
v 121.07578 85.17262 1099.14331055
v 121.09206 85.42797 993.31695557
v 121.10963 54.71083 904.84960938
v 121.12946 70.43216 1093.09509277
v 121.13541 70.20051 1092.33874512
v 121.16315 85.31049 995.40740967
v 121.17661 82.53865 987.95300293
v 121.17793 145.95563 947.87506104
v 121.18227 138.91693 939.72247314
v 121.20528 69.46268 1019.70269775
v 121.21204 78.49587 1067.17407227
v 121.21384 72.37255 1085.97326660
v 121.22164 76.58205 1076.68310547
v 121.22334 57.08549 925.53918457
v 121.22884 62.06342 940.33026123
v 121.24174 128.58421 939.75390625
v 121.24921 134.47531 938.75640869
v 121.25687 109.46587 954.60845947
v 121.26691 88.50525 1098.10095215
v 121.28905 77.14313 1006.92773438
v 121.30724 113.43540 958.41503906
v 121.31352 51.72544 911.63372803
v 121.32891 138.00563 939.10308838
v 121.36851 83.42235 988.43872070
v 121.39425 146.89880 951.00646973
v 121.39877 106.87576 1027.84899902
v 121.41253 97.46493 926.46746826
v 121.46226 105.03473 931.22949219
v 121.51804 85.10365 997.06506348
v 121.55146 52.08217 920.89392090
v 121.61915 74.12509 1043.03100586
v 121.66690 72.27657 1036.95812988
v 121.67627 59.44263 930.03460693
v 121.68729 52.84836 921.76483154
v 121.70732 95.46393 1066.86096191
v 121.71661 132.04744 983.46087646
v 121.71959 88.12950 989.92767334
v 121.73396 103.54891 930.24029541
v 121.73693 79.08156 982.67578125
v 121.73949 51.35802 917.93865967
v 121.75972 111.01186 955.51263428
v 121.80469 127.44228 953.88006592
v 121.80808 88.54733 1096.73742676
v 121.85590 72.75459 1011.04803467
v 121.85795 142.52733 971.49273682
v 121.86300 113.36906 1011.72332764
v 121.88287 80.86839 984.75103760
v 121.89584 87.93924 1097.96545410
v 121.91328 79.06664 905.41333008
v 121.91440 81.29028 1002.23614502
v 121.91624 145.14780 967.24481201
v 121.94499 148.04889 956.10058594
v 121.98262 78.45854 980.80419922
v 121.99935 87.27325 988.07043457
v 122.00053 79.53149 1098.49487305
v 122.02083 106.18225 932.42462158
v 122.03586 84.18732 999.10333252
v 122.04044 60.30446 931.91235352
v 122.04727 89.69770 990.66766357
v 122.04916 77.30516 978.13812256
v 122.05830 79.61189 1004.21734619
v 122.06210 124.15430 956.89678955
v 122.07455 145.09064 945.47174072
v 122.07795 95.33968 1068.18750000
v 122.07848 122.43658 957.82226562
v 122.08521 62.42230 942.43725586
v 122.08640 128.01144 947.52459717
v 122.09690 127.41718 938.04748535
v 122.10894 126.67174 941.31506348
v 122.11078 58.56794 926.05194092
v 122.11849 134.98849 938.30926514
v 122.12532 75.13419 1050.41577148
v 122.13197 70.25626 1031.72412109
v 122.15717 59.64679 929.09173584
v 122.15840 68.12056 894.10070801
v 122.16498 107.04942 941.29388428
v 122.18080 77.08003 1006.51782227
v 122.18320 131.91293 937.67895508
v 122.18852 70.69975 1094.20397949
v 122.19492 62.47754 896.05767822
v 122.24834 117.05280 997.80169678
v 122.25990 126.37857 939.05255127
v 122.26711 125.63810 955.21447754
v 122.28487 119.94252 958.31646729
v 122.30305 144.60362 968.22564697
v 122.32430 83.00770 1000.60064697
v 122.32485 117.88969 958.36206055
v 122.32800 74.93903 973.73022461
v 122.34404 147.99976 953.34912109
v 122.35294 102.84064 1033.96154785
v 122.36243 55.07153 922.44122314
v 122.36553 71.87540 893.93914795
v 122.39382 58.57954 901.02246094
v 122.42178 96.35204 1049.79833984
v 122.42641 80.81913 984.01849365
v 122.42725 107.34858 934.44256592
v 122.43400 73.69473 894.43762207
v 122.43698 72.51360 1095.94458008
v 122.49020 51.31290 913.65570068
v 122.49683 66.57011 894.14013672
v 122.50311 52.85289 921.20697021
v 122.50332 138.93033 975.58215332
v 122.53957 79.11344 981.88635254
v 122.56106 111.21449 1017.20336914
v 122.56555 57.97095 923.92309570
v 122.56815 126.21073 953.72424316
v 122.57299 84.80408 1098.42749023
v 122.59492 53.87103 921.79302979
v 122.60667 69.43277 1090.20361328
v 122.61018 121.02258 991.58209229
v 122.61024 148.01123 958.47149658
v 122.61375 59.79131 899.29565430
v 122.62021 118.22563 994.42486572
v 122.63241 92.50956 922.70422363
v 122.64891 107.77290 939.04010010
v 122.64894 104.86974 931.03454590
v 122.66326 94.85482 924.54919434
v 122.66597 107.87868 937.05352783
v 122.68634 115.20444 957.01635742
v 122.73260 111.97731 1014.04559326
v 122.73511 89.43018 987.57849121
v 122.73901 130.42651 983.71002197
v 122.75214 116.48740 996.97680664
v 122.75976 127.00112 949.53253174
v 122.76616 99.26816 927.12017822
v 122.77672 141.00951 973.02532959
v 122.77884 63.56778 894.99011230
v 122.79074 107.10940 942.37133789
v 122.80591 91.15468 991.06384277
v 122.80820 127.71579 936.88348389
v 122.81438 52.07950 910.79589844
v 122.81450 113.91211 1004.98706055
v 122.83328 54.10266 905.76623535
v 122.85388 120.24032 957.50506592
v 122.85544 111.73783 954.46252441
v 122.86218 76.08860 1055.59020996
v 122.87071 83.47847 911.36761475
v 122.88273 75.16009 895.60498047
v 122.89835 77.52290 978.49108887
v 122.93024 106.63139 932.79241943
v 122.93342 83.33199 984.98852539
v 122.95258 53.16715 908.51672363
v 122.97446 67.85318 1027.29016113
v 122.97666 91.55399 988.78955078
v 122.97946 118.27015 957.54565430
v 122.98237 129.29028 936.52429199
v 122.98863 76.23186 1071.34497070
v 123.00066 141.30139 940.74230957
v 123.01432 68.23286 1017.08996582
v 123.01908 76.37808 1058.37316895
v 123.02256 93.29711 1077.44177246
v 123.03231 116.81219 957.24279785
v 123.04421 51.24606 915.32336426
v 123.07028 105.08631 1030.50000000
v 123.09359 69.42313 1087.98376465
v 123.13062 113.20901 1008.28173828
v 123.14541 67.56821 1018.32647705
v 123.15217 116.65976 994.49108887
v 123.15803 119.92358 991.14855957
v 123.16145 113.85017 1003.59240723
v 123.17565 107.76721 935.10961914
v 123.18233 73.96727 971.30902100
v 123.18414 126.04190 937.64379883
v 123.18686 61.24967 931.45422363
v 123.21885 127.46056 985.43145752
v 123.22506 106.89415 1026.52587891
v 123.22675 87.75349 985.18023682
v 123.22713 61.10812 928.57879639
v 123.24550 92.65028 990.34967041
v 123.24954 126.06850 951.78814697
v 123.26481 91.23735 1084.83325195
v 123.29829 56.80917 922.13177490
v 123.30299 80.45609 981.75311279
v 123.32066 75.01836 974.84570312
v 123.34908 89.78892 996.57421875
v 123.35516 66.97362 1021.12109375
v 123.38454 111.84469 1012.48889160
v 123.39233 62.39375 938.52954102
v 123.42984 82.38394 982.35485840
v 123.43629 104.48122 991.39953613
v 123.43694 93.50665 986.55566406
v 123.43798 80.68684 1098.37109375
v 123.45483 69.91214 893.05126953
v 123.45979 125.89857 944.47937012
v 123.46026 87.18561 998.99237061
v 123.46133 124.85117 939.72521973
v 123.48848 89.06332 983.89886475
v 123.49387 90.37257 978.43762207
v 123.50319 93.31288 993.21826172
v 123.52197 65.58233 953.10437012
v 123.52435 98.70576 985.90832520
v 123.54740 76.96401 897.57177734
v 123.54787 108.28247 991.06585693
v 123.55278 75.79237 1069.18359375
v 123.55350 82.12803 1002.35534668
v 123.55977 85.36524 1097.65039062
v 123.56880 75.00742 1007.40393066
v 123.60286 77.57062 978.10748291
v 123.61756 82.94077 981.43853760
v 123.61979 107.68506 989.77612305
v 123.62122 118.60972 990.07299805
v 123.62181 107.56551 993.09918213
v 123.62917 61.64869 895.89410400
v 123.63097 113.21900 996.22979736
v 123.63440 145.86707 945.85388184
v 123.65021 107.70975 944.81781006
v 123.65276 91.68166 977.14556885
v 123.66944 130.72751 936.12774658
v 123.67312 100.22451 984.57153320
v 123.68754 89.27518 976.43041992
v 123.69393 102.42231 928.98480225
v 123.70394 124.75134 941.35870361
v 123.70541 92.31321 996.10308838
v 123.71471 122.73606 987.35174561
v 123.73121 51.36820 916.11895752
v 123.74831 98.98434 926.63024902
v 123.77165 86.14993 1096.96093750
v 123.77630 51.78091 912.35919189
v 123.78091 124.65485 986.21875000
v 123.78213 87.65233 1094.22827148
v 123.85221 91.14459 997.34930420
v 123.86052 89.12073 918.64733887
v 123.86414 104.51464 930.12292480
v 123.88309 107.87934 942.25878906
v 123.88520 108.63828 938.12255859
v 123.91281 72.30712 892.93109131
v 123.92558 95.49585 1062.48754883
v 123.92611 74.76560 894.12774658
v 123.94062 108.53147 936.15557861
v 123.94379 146.74345 962.12823486
v 123.96960 71.77592 1045.97595215
v 123.97109 86.66031 1096.06640625
v 123.98544 75.94958 976.26068115
v 124.03510 53.93755 906.46545410
v 124.03871 95.58656 1054.31811523
v 124.05702 70.26021 1042.62670898
v 124.06879 135.13016 937.42846680
v 124.07250 68.43827 1090.43444824
v 124.11172 98.82518 995.88568115
v 124.11858 89.34377 999.01452637
v 124.12785 67.51311 957.41210938
v 124.14325 111.95274 1000.51733398
v 124.15005 124.86642 936.92596436
v 124.15229 72.65591 968.68853760
v 124.15696 71.99408 1095.90539551
v 124.16017 78.40878 977.99102783
v 124.17097 133.66003 979.39117432
v 124.17773 73.88844 972.17779541
v 124.18751 112.13236 1003.36090088
v 124.19440 107.40556 996.38299561
v 124.20984 91.26337 974.15063477
v 124.21855 117.53766 987.17510986
v 124.25668 94.64101 997.18725586
v 124.26920 123.81008 937.83392334
v 124.27616 68.10751 1089.29528809
v 124.27814 138.79442 974.53784180
v 124.28703 77.41470 977.32696533
v 124.30141 148.00182 959.72198486
v 124.34312 123.42847 985.44268799
v 124.35719 51.96072 917.91857910
v 124.36552 107.95563 1022.72619629
v 124.36566 81.06889 1003.52136230
v 124.36598 62.85339 942.23760986
v 124.37406 148.66667 955.25585938
v 124.38940 85.89401 1000.99890137
v 124.39865 147.97806 950.93084717
v 124.39909 55.53801 903.93731689
v 124.39980 82.55947 908.62573242
v 124.41264 81.73547 1097.97753906
v 124.41487 148.62808 956.73504639
v 124.43324 80.99973 977.26629639
v 124.43893 77.86454 1005.65942383
v 124.48857 93.91371 974.32019043
v 124.53646 109.97089 985.46209717
v 124.54784 88.79316 1088.78735352
v 124.56358 105.05862 982.23907471
v 124.58939 79.26682 977.13659668
v 124.59909 51.54631 915.18164062
v 124.60753 72.04213 1078.61877441
v 124.62206 108.61094 944.02990723
v 124.63571 122.81126 939.53039551
v 124.64995 63.40100 950.92779541
v 124.65269 86.22546 972.09979248
v 124.65707 108.51250 933.85333252
v 124.67870 83.19543 973.23120117
v 124.68490 110.57217 1002.17639160
v 124.73857 73.84911 1067.12536621
v 124.74001 122.80590 954.69970703
v 124.77915 101.78276 979.50341797
v 124.78392 75.66187 1006.71771240
v 124.78593 105.56766 998.29351807
v 124.79308 72.88126 1073.57031250
v 124.82733 75.11406 1097.98144531
v 124.83223 117.45015 985.37322998
v 124.84336 93.17274 1073.38806152
v 124.90256 126.19123 935.71063232
v 124.90685 63.20900 939.23535156
v 124.93613 72.30837 1054.13098145
v 124.93840 62.52579 946.95111084
v 124.95589 62.13551 894.82751465
v 124.96442 108.01411 1000.19702148
v 124.97723 109.99526 937.62329102
v 125.00100 129.39430 981.91857910
v 125.00267 109.91166 948.08020020
v 125.04626 137.22369 975.46112061
v 125.06163 84.71030 971.08367920
v 125.06828 128.40262 935.47314453
v 125.07874 79.04677 976.08917236
v 125.10269 148.42722 958.18597412
v 125.13386 83.00893 971.86584473
v 125.14896 62.88685 950.25756836
v 125.15120 63.30310 941.50067139
v 125.15360 74.09013 972.82305908
v 125.15717 84.04820 1002.45751953
v 125.17989 73.21448 1062.75524902
v 125.18017 109.36243 982.94677734
v 125.22790 121.34431 937.95831299
v 125.23531 145.66531 965.54669189
v 125.23573 105.34237 1028.73950195
v 125.27238 120.08950 955.29321289
v 125.27425 73.06300 971.55975342
v 125.30485 94.98256 1065.45129395
v 125.33043 103.95551 999.47760010
v 125.35272 70.31476 965.19110107
v 125.36201 124.24113 950.12103271
v 125.37930 52.09505 916.81823730
v 125.41124 68.09659 1084.23901367
v 125.42543 101.38811 1035.77258301
v 125.42824 63.85611 893.51843262
v 125.46304 62.86949 893.99224854
v 125.46712 95.18124 1062.85083008
v 125.48521 138.57938 938.14831543
v 125.49527 75.21279 974.78302002
v 125.50898 54.73936 918.91741943
v 125.54723 76.36414 1098.31738281
v 125.54862 65.36085 926.56213379
v 125.55190 66.87704 1087.40307617
v 125.55880 64.04491 922.93872070
v 125.56951 63.62577 934.16741943
v 125.57108 95.44133 1053.80187988
v 125.59655 63.23008 943.32727051
v 125.59743 88.45888 1001.61651611
v 125.60125 107.97659 1020.71459961
v 125.60884 110.16219 942.60186768
v 125.64501 53.28046 918.12603760
v 125.64824 85.87268 1094.77783203
v 125.67088 52.08139 914.13281250
v 125.68629 76.18405 975.61932373
v 125.69091 146.82141 962.17700195
v 125.70788 121.57605 935.91143799
v 125.72300 120.78945 939.61798096
v 125.75023 118.70193 954.95123291
v 125.75185 74.69631 973.39715576
v 125.76120 106.94088 930.05468750
v 125.76505 64.77061 1029.11779785
v 125.78284 77.16042 975.60418701
v 125.80639 110.55470 934.36724854
v 125.81380 121.66183 982.62213135
v 125.81485 115.97861 954.07843018
v 125.81509 88.68578 969.44079590
v 125.82637 123.84397 945.92572021
v 125.82777 127.85261 981.73999023
v 125.84152 70.49696 1051.05566406
v 125.86293 67.96699 1091.89941406
v 125.86918 144.82251 967.08935547
v 125.87463 117.36945 954.63128662
v 125.87746 117.23036 983.09863281
v 125.87803 81.54903 1097.24401855
v 125.88024 62.33104 920.84875488
v 125.88206 69.13673 963.24145508
v 125.88615 55.02639 904.86431885
v 125.92858 73.20264 971.71978760
v 125.95267 123.12040 951.85510254
v 125.97499 66.04049 924.61169434
v 125.97716 66.66263 1089.31518555
v 125.98479 64.49016 932.34613037
v 125.98728 66.09485 928.07452393
v 126.00704 78.18690 974.83111572
v 126.01460 123.23132 935.18621826
v 126.01842 121.71194 953.76843262
v 126.02475 120.04785 936.92095947
v 126.04374 70.04286 1079.19860840
v 126.05241 108.49234 1017.08593750
v 126.09695 82.94791 1003.43725586
v 126.10145 58.27003 901.14611816
v 126.10868 112.54530 951.08941650
v 126.11017 53.08678 912.02032471
v 126.11208 70.94204 966.95086670
v 126.11662 79.11307 1005.19561768
v 126.12284 85.21165 968.61291504
v 126.14345 72.24648 969.24151611
v 126.15314 69.17016 1011.31726074
v 126.15385 82.48146 969.83953857
v 126.16505 95.93497 970.34930420
v 126.18679 66.80061 926.17065430
v 126.18911 94.34101 922.19024658
v 126.20924 112.62494 937.30780029
v 126.23582 53.47606 910.69854736
v 126.24300 111.13158 947.16925049
v 126.25993 119.36282 939.06939697
v 126.29154 71.32852 1008.51788330
v 126.30485 63.84740 943.00964355
v 126.30523 112.33324 980.94195557
v 126.31398 112.29163 935.48382568
v 126.35789 109.65319 932.08807373
v 126.36738 83.11244 1096.02673340
v 126.37089 81.29456 969.70025635
v 126.40450 99.14680 1039.64929199
v 126.40678 123.30732 947.38140869
v 126.41776 75.25252 973.01177979
v 126.41817 69.56796 1094.10632324
v 126.44707 72.48866 1007.56268311
v 126.46288 104.09684 975.83941650
v 126.46774 92.15485 919.71661377
v 126.47972 87.54604 966.48669434
v 126.49030 75.20602 1097.87219238
v 126.49546 99.37053 972.35192871
v 126.50806 62.85844 952.53234863
v 126.50916 62.44460 950.49127197
v 126.51697 63.80969 1022.51391602
v 126.51952 117.55348 937.86334229
v 126.53687 113.45626 940.55920410
v 126.53822 142.21974 940.03161621
v 126.54149 130.80154 978.84350586
v 126.54253 59.05550 899.99822998
v 126.57605 121.73335 935.27392578
v 126.57906 119.48775 936.03576660
v 126.58365 80.44066 965.75006104
v 126.58423 87.90795 913.98547363
v 126.59618 106.40427 1003.37493896
v 126.60071 73.48712 971.67803955
v 126.60332 108.30420 1012.34533691
v 126.60733 64.86797 939.92321777
v 126.66125 84.93266 962.98791504
v 126.66733 67.54791 891.80627441
v 126.68282 108.30271 1009.90814209
v 126.71364 87.80157 1003.09906006
v 126.71893 107.73415 1018.91174316
v 126.75082 117.14028 936.23547363
v 126.75368 112.11408 933.78234863
v 126.75705 90.67635 1002.81884766
v 126.76066 114.28887 935.59667969
v 126.77299 95.57810 1051.26611328
v 126.78065 86.54848 1091.47192383
v 126.78110 99.58614 1002.16577148
v 126.80063 96.44942 923.56463623
v 126.81568 65.56205 934.43499756
v 126.82674 116.25631 939.95532227
v 126.85271 71.08602 1066.78222656
v 126.85328 70.14300 1009.14880371
v 126.86081 72.65424 969.92419434
v 126.86279 101.58275 926.80932617
v 126.86691 65.39091 1088.32995605
v 126.86792 76.04286 972.16247559
v 126.87083 144.75424 942.38983154
v 126.88614 78.57175 966.16027832
v 126.90845 77.33474 1097.97583008
v 126.92028 122.38503 949.22180176
v 126.92065 141.02777 938.90161133
v 126.94035 67.61590 922.44293213
v 126.94254 117.81638 953.17596436
v 126.94387 121.76722 944.31079102
v 126.94513 76.82890 971.47027588
v 126.95073 68.36072 1092.80603027
v 126.95086 104.79602 928.40551758
v 126.96314 112.38312 945.77490234
v 126.97778 68.99866 964.02459717
v 126.98005 63.41821 1020.21319580
v 126.98777 70.52353 1060.24963379
v 126.99910 62.96280 1028.47021484
v 126.99954 119.78067 935.35284424
v 127.00272 70.89651 891.03454590
v 127.02480 65.18157 958.18615723
v 127.04389 114.44968 950.93060303
v 127.05778 113.38809 949.67779541
v 127.06366 101.14613 1035.83203125
v 127.07196 65.44542 920.27667236
v 127.09631 119.96471 942.54479980
v 127.10287 67.41306 931.52136230
v 127.10696 123.90893 934.71429443
v 127.12627 119.69196 952.67852783
v 127.13338 91.87006 1077.07885742
v 127.13528 112.97943 944.78894043
v 127.15186 65.83939 939.86334229
v 127.18201 66.02145 1090.19177246
v 127.18391 97.77670 965.56030273
v 127.18575 103.77593 1029.96350098
v 127.19110 147.61812 959.79693604
v 127.21490 114.87142 978.05566406
v 127.23539 121.58502 946.08349609
v 127.23989 70.59643 1094.96740723
v 127.24658 63.11325 946.45721436
v 127.24738 66.99798 936.67510986
v 127.25657 118.11549 941.96014404
v 127.27065 93.27142 1069.33044434
v 127.28036 146.84978 961.56414795
v 127.28869 93.41774 920.81127930
v 127.29133 81.69219 960.23956299
v 127.29747 129.19482 978.65173340
v 127.32211 67.21927 961.96209717
v 127.32561 62.33865 949.40716553
v 127.32949 60.95171 895.88262939
v 127.40007 107.47682 1017.07781982
v 127.40137 115.42516 943.06762695
v 127.40818 73.24478 970.19213867
v 127.40928 85.07070 1003.97149658
v 127.42692 68.22147 1077.26379395
v 127.42926 80.05091 1005.17095947
v 127.43347 75.00244 970.56280518
v 127.43753 75.89088 1097.72607422
v 127.44248 70.07234 966.58557129
v 127.44289 71.05148 927.58331299
v 127.44989 107.63966 973.53576660
v 127.45000 115.03420 949.46466064
v 127.46988 99.79704 966.00360107
v 127.48829 83.17622 954.32525635
v 127.50090 119.13840 944.08813477
v 127.50211 76.40138 1006.33129883
v 127.52257 81.64695 954.45013428
v 127.52785 119.61012 950.59594727
v 127.52937 120.59816 948.11114502
v 127.53039 119.94331 978.61090088
v 127.53195 105.72162 971.77130127
v 127.53387 118.29642 950.88275146
v 127.54337 107.10009 1009.04663086
v 127.54488 116.83082 934.55426025
v 127.54861 98.01047 1042.72497559
v 127.55809 76.10757 968.90350342
v 127.58717 66.79214 1048.45959473
v 127.59605 100.55211 1003.91412354
v 127.60197 116.34492 944.34790039
v 127.60698 128.03711 978.44244385
v 127.61155 65.23653 943.30847168
v 127.61832 118.25819 978.17980957
v 127.63700 86.17728 955.85888672
v 127.64066 62.22254 1031.53833008
v 127.66381 63.54787 1037.68054199
v 127.66508 88.81400 956.94097900
v 127.66690 68.82357 1057.42126465
v 127.67449 72.48560 890.90332031
v 127.67555 95.08142 959.93090820
v 127.68700 71.76978 926.79302979
v 127.69329 55.12804 905.56085205
v 127.69614 74.13371 970.11462402
v 127.70896 72.14965 933.78155518
v 127.74310 53.97602 913.20727539
v 127.74619 78.73775 959.40710449
v 127.75790 94.74511 1055.08276367
v 127.76155 106.21162 1007.57800293
v 127.76550 72.51433 969.34130859
v 127.79193 137.00333 936.21795654
v 127.81307 104.92123 1006.07049561
v 127.83765 128.37584 934.66253662
v 127.84400 74.00292 891.20910645
v 127.84461 96.66679 923.46691895
v 127.85362 87.17683 955.30377197
v 127.85419 54.33234 914.28057861
v 127.86632 62.00965 951.56439209
v 127.87461 70.58543 967.27551270
v 127.89090 67.42785 939.77685547
v 127.90192 143.25708 968.34130859
v 127.92260 107.50316 928.87310791
v 127.92635 76.69299 1097.48645020
v 127.93272 57.55537 916.67993164
v 127.93478 78.24269 1097.26159668
v 127.97643 145.84145 943.46582031
v 127.98436 65.81704 960.35980225
v 127.99723 69.28289 937.73620605
v 128.00560 78.97459 896.10333252
v 128.00986 66.12024 1090.94616699
v 128.02089 82.91087 952.31732178
v 128.02235 57.36057 902.82269287
v 128.03694 64.14526 1083.85217285
v 128.03754 81.12733 952.57659912
v 128.04904 95.89149 958.85748291
v 128.07658 90.00594 915.72045898
v 128.07677 74.70288 1096.93518066
v 128.08669 134.05412 975.36364746
v 128.09227 65.18122 944.43511963
v 128.09251 63.97646 1086.61962891
v 128.09738 55.21922 915.16888428
v 128.10150 72.75028 935.34509277
v 128.10526 63.10036 1017.28247070
v 128.10649 77.08112 960.83514404
v 128.11078 119.32540 934.48388672
v 128.13152 69.37299 965.01678467
v 128.15378 138.23665 972.89270020
v 128.16310 64.50337 1043.87561035
v 128.17061 98.91594 961.37402344
v 128.17447 72.78767 1096.04504395
v 128.18301 64.42409 1089.12158203
v 128.22499 67.58135 891.06579590
v 128.23126 61.77403 894.77044678
v 128.25021 64.29591 1082.13500977
v 128.29105 120.76334 934.54431152
v 128.33148 90.48933 1079.35241699
v 128.34744 98.12260 1004.94873047
v 128.37119 113.85778 932.54882812
v 128.37396 67.15467 962.63433838
v 128.39047 85.15733 908.37829590
v 128.42996 93.61982 1065.05102539
v 128.48430 117.02315 933.50396729
v 128.49803 65.54945 918.07373047
v 128.52321 62.80657 948.48046875
v 128.55112 94.35649 921.56915283
v 128.55157 54.65131 907.63348389
v 128.56285 73.99223 968.89086914
v 128.57677 61.98441 950.68664551
v 128.61389 91.12477 916.88824463
v 128.63094 70.41118 966.87249756
v 128.66721 72.31198 968.65026855
v 128.73334 62.97601 916.90179443
v 128.73798 110.23331 930.03894043
v 128.76608 69.49953 939.34637451
v 128.79274 78.86108 953.45251465
v 128.80145 131.57584 975.86370850
v 128.85315 137.37926 972.91113281
v 128.88020 88.42316 1083.20678711
v 128.88931 82.20015 950.60693359
v 128.89108 79.54053 1005.80767822
v 128.90292 84.04934 950.87939453
v 128.91684 108.24879 928.83074951
v 128.91867 85.54240 1090.07836914
v 128.96452 101.71751 962.16497803
v 128.96548 119.49232 975.90698242
v 128.98112 73.99417 967.93829346
v 128.99451 61.27570 1035.25988770
v 129.00546 69.04487 1093.37121582
v 129.02882 66.80722 1074.51867676
v 129.03566 101.61041 1006.53070068
v 129.04771 109.82322 970.85839844
v 129.05824 120.19666 934.22650146
v 129.06004 74.70338 926.22155762
v 129.06683 102.74601 1007.09362793
v 129.08899 75.40145 934.33471680
v 129.08945 74.26643 936.54595947
v 129.09100 67.24246 962.78527832
v 129.10506 102.81242 1030.87219238
v 129.12633 144.42628 966.12066650
v 129.12733 69.64200 964.96417236
v 129.13594 64.11012 1089.65808105
v 129.14474 101.63876 926.00842285
v 129.15331 77.82294 953.46325684
v 129.15454 59.06168 1028.41149902
v 129.15480 79.51803 951.29895020
v 129.17036 82.86163 949.73828125
v 129.18872 67.93277 943.70135498
v 129.19223 71.47375 966.91320801
v 129.19939 75.13499 960.45330811
v 129.21713 140.37169 970.25158691
v 129.22072 74.02969 924.20611572
v 129.22191 61.51098 955.29718018
v 129.23653 73.18713 967.47235107
v 129.23738 105.88952 928.15625000
v 129.25948 93.79810 1058.79858398
v 129.26373 81.05337 1005.60882568
v 129.26836 96.33694 955.47558594
v 129.27760 105.89710 1012.99395752
v 129.27939 63.72821 1046.42321777
v 129.28407 130.38960 975.34899902
v 129.28810 76.28830 933.88250732
v 129.30556 126.31629 934.38531494
v 129.32388 61.23103 954.60156250
v 129.35640 66.92868 890.95098877
v 129.38863 86.50082 950.12377930
v 129.40125 71.60407 939.84069824
v 129.41371 81.08866 948.99047852
v 129.43611 91.12219 951.78186035
v 129.43819 75.67120 937.34692383
v 129.45372 83.05294 942.74566650
v 129.45724 76.85706 951.78509521
v 129.48758 79.06392 936.48339844
v 129.50398 75.27964 954.56677246
v 129.50670 67.91744 944.98449707
v 129.51845 98.72234 955.97985840
v 129.53255 117.86491 933.15576172
v 129.55463 70.19569 943.76574707
v 129.55843 82.45130 936.48876953
v 129.55888 94.84743 1051.76147461
v 129.56392 64.65757 1090.44677734
v 129.57980 118.32208 974.03045654
v 129.58804 74.10582 949.98791504
v 129.58813 58.12276 902.08599854
v 129.59630 76.42521 926.15893555
v 129.61572 69.38496 964.13708496
v 129.61774 60.99779 1017.92169189
v 129.63437 105.79184 964.43426514
v 129.64241 70.09563 1007.01654053
v 129.65759 145.70557 963.46759033
v 129.66336 80.58247 897.22729492
v 129.67816 87.73322 943.72802734
v 129.69090 63.31929 1088.20227051
v 129.71437 66.61813 946.25512695
v 129.71725 70.21667 964.92474365
v 129.72508 73.83478 959.51629639
v 129.73015 98.51597 954.07623291
v 129.73064 73.60023 921.83563232
v 129.76369 94.05804 1006.62463379
v 129.76643 74.16946 1096.12670898
v 129.78737 78.36830 928.11871338
v 129.79333 116.22732 932.70556641
v 129.81047 54.89258 908.63330078
v 129.81538 66.13564 1059.61108398
v 129.86234 66.10872 1071.57983398
v 129.87799 63.51733 1012.75903320
v 129.92752 96.09501 923.21209717
v 129.96165 68.56995 946.76287842
v 129.96565 68.36343 1092.81018066
v 129.96805 113.09233 931.35961914
v 129.98904 121.38439 934.28100586
v 129.98933 57.11618 904.44866943
v 129.99913 77.63531 892.66265869
v 130.00536 70.16428 1093.84521484
v 130.00543 77.61002 1006.34075928
v 130.00566 70.97491 965.02838135
v 130.01213 58.38212 1031.25073242
v 130.01256 84.02629 1090.58923340
v 130.01894 146.31381 943.04211426
v 130.02864 60.84867 953.18737793
v 130.03438 105.64610 1023.57427979
v 130.05403 148.47032 953.83715820
v 130.08292 63.20242 958.33636475
v 130.09375 132.39160 973.39581299
v 130.11172 54.99713 910.24707031
v 130.11200 65.48707 960.63867188
v 130.11609 69.22086 890.17419434
v 130.15108 71.28913 1006.63647461
v 130.15234 60.20538 1040.30029297
v 130.15387 71.76286 964.25073242
v 130.18271 86.27970 934.79107666
v 130.19669 111.89816 930.45367432
v 130.20941 70.75506 949.60241699
v 130.22986 71.66164 951.48229980
v 130.23561 93.68478 921.02532959
v 130.24045 105.56116 928.05194092
v 130.25613 89.37281 940.05987549
v 130.25783 122.66475 973.22442627
v 130.26245 82.75886 1005.91351318
v 130.26810 67.04294 962.26562500
v 130.28094 69.47760 963.12133789
v 130.30989 118.96084 972.20166016
v 130.34891 57.88192 1025.19396973
v 130.36754 116.54523 970.61004639
v 130.40796 60.87611 955.52832031
v 130.41273 118.97275 933.39019775
v 130.43327 96.37499 1045.48388672
v 130.43646 102.38869 926.45031738
v 130.44711 65.44038 1091.16503906
v 130.46024 97.88969 924.26922607
v 130.46181 147.92221 946.53436279
v 130.46326 67.46706 947.88299561
v 130.47946 80.47300 926.40838623
v 130.48264 68.35877 1007.20318604
v 130.48712 71.29317 961.27301025
v 130.49219 110.81205 964.81286621
v 130.49374 91.60184 917.16497803
v 130.50299 63.73813 948.91638184
v 130.50659 59.94640 899.19702148
v 130.51956 99.64320 948.50073242
v 130.52881 75.28646 1095.89636230
v 130.53857 104.32228 1012.94696045
v 130.57336 82.25340 900.23229980
v 130.58159 63.98479 914.84460449
v 130.59697 70.19115 962.23474121
v 130.60559 101.37320 1009.75811768
v 130.61093 91.35252 935.55303955
v 130.61644 105.78915 1019.29376221
v 130.61899 76.79369 891.40997314
v 130.62331 98.66613 1040.25048828
v 130.62860 94.55705 941.73937988
v 130.63589 148.59286 950.48144531
v 130.64589 61.03672 896.80389404
v 130.65063 142.56607 967.39410400
v 130.65392 67.69534 890.53063965
v 130.65700 62.08607 950.49285889
v 130.69946 108.44734 959.95806885
v 130.70447 108.82446 928.90423584
v 130.70770 101.06792 925.91430664
v 130.75487 104.95609 952.42968750
v 130.75951 65.87682 948.29913330
v 130.76155 80.52700 895.47668457
v 130.76328 66.00110 891.48199463
v 130.76335 72.25146 918.43878174
v 130.76410 103.10399 1011.68817139
v 130.80067 64.57751 892.55096436
v 130.81406 95.14534 922.98925781
v 130.87364 70.81996 959.91442871
v 130.89676 61.37807 1081.63171387
v 130.92535 97.78413 1008.84405518
v 130.92856 95.23972 940.09375000
v 130.93799 68.20118 962.31658936
v 130.94691 86.11148 907.45178223
v 130.96989 62.61002 1076.57580566
v 130.98259 85.21114 929.11120605
v 131.00662 94.01570 1052.43493652
v 131.01888 101.12883 947.69677734
v 131.02072 62.83678 958.01916504
v 131.03059 63.35601 1057.38293457
v 131.04781 148.20294 947.19989014
v 131.06229 94.19948 936.00720215
v 131.06639 107.28594 954.29791260
v 131.07108 75.29927 919.67230225
v 131.07205 105.35106 1022.61907959
v 131.07693 112.84525 930.99719238
v 131.10349 90.10454 931.87695312
v 131.10492 62.35530 1087.21704102
v 131.12181 89.58768 1007.42114258
v 131.13120 61.26646 1079.96911621
v 131.13705 120.82813 934.16790771
v 131.16335 58.53562 1017.53552246
v 131.17538 69.06518 915.78607178
v 131.19440 85.25806 1087.61804199
v 131.20630 104.51694 927.93695068
v 131.20680 93.88901 921.98303223
v 131.22705 105.12731 1017.14093018
v 131.23534 93.34856 1055.46813965
v 131.26596 60.55965 954.55035400
v 131.26651 146.99779 957.65521240
v 131.27138 84.03841 903.23272705
v 131.27522 63.02409 950.02056885
v 131.28532 63.12942 1088.82910156
v 131.29170 90.91904 916.20898438
v 131.29349 55.84995 910.87506104
v 131.29440 133.36801 971.51300049
v 131.30603 99.61878 1010.02423096
v 131.30923 66.12552 960.91809082
v 131.35808 60.66202 952.74041748
v 131.36435 80.85446 1006.44781494
v 131.36597 102.16763 926.67486572
v 131.37134 135.93884 971.01397705
v 131.40044 96.97575 924.37677002
v 131.42099 57.18620 905.84539795
v 131.42166 59.51931 1014.89764404
v 131.45973 76.90290 1095.02319336
v 131.46899 72.08401 1006.34509277
v 131.48640 61.10078 1084.28125000
v 131.49838 55.93288 1029.07995605
v 131.52116 65.69862 1007.99713135
v 131.52121 63.03027 1068.61853027
v 131.55421 100.92512 1011.22393799
v 131.56406 59.29985 913.28552246
v 131.57234 56.05810 910.12359619
v 131.57538 89.25506 912.61871338
v 131.59843 94.56330 923.35272217
v 131.61797 71.60024 1093.94519043
v 131.62401 63.43385 958.26800537
v 131.64096 128.22702 934.35113525
v 131.65276 77.56799 1094.47448730
v 131.65280 111.54501 930.14245605
v 131.69589 68.63425 960.96374512
v 131.72534 56.85874 911.95941162
v 131.72932 103.46713 1027.24340820
v 131.74864 66.35642 960.65417480
v 131.75691 96.24169 1044.90832520
v 131.76143 91.73706 917.74829102
v 131.77658 100.85841 926.51721191
v 131.78288 61.22637 955.93023682
v 131.80040 64.53877 913.19714355
v 131.81262 58.17781 903.51953125
v 131.82237 58.02082 912.69635010
v 131.83960 123.29059 934.51965332
v 131.85596 73.35906 1094.72949219
v 131.87636 93.28945 922.04571533
v 131.88968 115.73322 932.50250244
v 131.89001 106.55282 949.93170166
v 131.89574 89.96747 929.68298340
v 131.91299 69.50452 958.45373535
v 131.91473 84.37645 1087.86816406
v 131.92894 103.61971 928.15844727
v 131.93626 108.62642 952.49444580
v 131.94148 56.69568 1019.46673584
v 131.96260 56.80814 1040.06298828
v 131.97495 64.02919 893.53601074
v 131.99597 93.48186 931.95410156
v 131.99739 119.18540 968.34265137
v 131.99971 126.63156 970.23748779
v 132.00630 75.85116 890.16210938
v 132.02577 57.12560 907.09393311
v 132.03198 60.57140 1052.58312988
v 132.03294 99.02442 940.96685791
v 132.04233 63.95100 950.23034668
v 132.04329 67.80339 950.86297607
v 132.04848 108.50722 929.31768799
v 132.06847 56.07358 1037.82360840
v 132.06848 121.68194 969.41851807
v 132.07834 120.24925 934.23864746
v 132.09340 148.10896 954.67077637
v 132.10361 77.67946 891.01245117
v 132.12042 55.66897 1023.17376709
v 132.12524 94.72777 924.52722168
v 132.16570 65.81396 1091.20324707
v 132.16893 61.05215 951.63037109
v 132.17015 93.00459 1054.04101562
v 132.17574 61.56929 1058.83447266
v 132.19466 66.43998 950.23876953
v 132.23293 97.40115 935.70227051
v 132.23544 92.30273 1067.82629395
v 132.23705 64.28857 958.11120605
v 132.24106 68.48936 959.49536133
v 132.32024 67.67242 959.63897705
v 132.33551 81.11127 921.85571289
v 132.36809 68.53080 953.42114258
v 132.38939 90.99287 916.86474609
v 132.40756 111.87905 956.97509766
v 132.41457 96.60880 933.03729248
v 132.41467 103.38400 1015.76159668
v 132.41745 60.85741 953.84387207
v 132.42416 92.86517 923.05072021
v 132.47113 110.17353 951.23858643
v 132.48798 100.15619 939.67828369
v 132.50148 61.16579 955.42297363
v 132.50623 90.18284 927.47119141
v 132.54204 102.61633 928.89801025
v 132.54301 95.39430 926.60198975
v 132.54532 60.14880 900.66094971
v 132.57173 67.36549 951.73773193
v 132.60172 61.30583 898.07940674
v 132.60262 100.58404 929.09100342
v 132.61580 66.31461 958.19128418
v 132.61925 92.26611 921.65600586
v 132.62527 116.36242 963.51586914
v 132.65825 96.23590 929.25415039
v 132.66360 86.61324 1082.67126465
v 132.67380 62.22186 1087.89331055
v 132.67894 138.47630 934.74609375
v 132.68733 138.69139 968.67584229
v 132.69728 92.66653 1056.00488281
v 132.70067 107.71012 929.71636963
v 132.71118 76.89433 1006.66790771
v 132.71790 92.77090 1063.05639648
v 132.72314 56.95377 1044.29443359
v 132.72633 90.97344 926.42425537
v 132.74617 61.13091 952.11901855
v 132.76942 91.92125 925.53637695
v 132.77257 114.95921 932.53973389
v 132.79529 146.14235 961.24414062
v 132.79886 73.60239 1093.87976074
v 132.81076 101.83011 929.88311768
v 132.81168 92.08616 924.09918213
v 132.81512 100.60304 931.09228516
v 132.81952 86.16497 905.26666260
v 132.82060 67.06107 1006.13934326
v 132.82324 119.18279 934.33007812
v 132.84203 58.25152 910.44268799
v 132.85875 61.76178 951.38165283
v 132.88524 61.08983 911.56011963
v 132.88721 98.25057 1040.47204590
v 132.89140 82.73166 1088.13769531
v 132.90013 72.28891 1006.16296387
v 132.90079 67.01557 956.32989502
v 132.92265 88.81847 1008.71343994
v 132.92661 70.37357 1092.78540039
v 132.93903 100.38726 1036.97229004
v 132.95956 142.08435 936.04156494
v 132.98209 139.91632 934.95574951
v 132.98686 58.78026 903.90289307
v 132.98706 54.59226 1036.20776367
v 132.99149 66.88834 891.61901855
v 132.99153 55.16819 1020.30999756
v 133.01071 74.46439 889.43121338
v 133.02219 141.94543 966.62182617
v 133.03362 77.32137 1092.56250000
v 133.04247 61.55267 954.38989258
v 133.04352 91.85217 1068.61889648
v 133.05551 94.15774 1048.70629883
v 133.07663 77.21387 917.18957520
v 133.07750 113.37566 949.36761475
v 133.12151 88.90384 910.77239990
v 133.15027 64.04778 894.52526855
v 133.15276 104.00918 1022.05957031
v 133.16373 62.70913 951.72467041
v 133.16910 66.68234 911.05639648
v 133.18233 59.84325 910.78851318
v 133.18718 91.41650 919.88134766
v 133.19379 110.22299 930.48553467
v 133.19510 61.79217 952.49340820
v 133.19569 59.12132 1075.87487793
v 133.19981 65.16078 952.05096436
v 133.21587 126.44926 967.75756836
v 133.23474 101.03664 1035.66992188
v 133.24533 66.66425 954.42211914
v 133.24789 122.50034 935.00866699
v 133.25040 91.07449 918.16796875
v 133.25291 97.48817 1041.85961914
v 133.26273 128.39073 968.33032227
v 133.26474 89.63898 912.90716553
v 133.29541 136.57146 934.44012451
v 133.32298 88.31608 923.48101807
v 133.35661 63.68101 955.91143799
v 133.35722 103.71648 935.12628174
v 133.36992 60.14510 1069.40844727
v 133.38670 96.39220 1011.17498779
v 133.39813 63.55368 1007.22851562
v 133.41731 121.26064 964.40270996
v 133.42403 115.68793 955.01318359
v 133.42946 55.38297 1042.11340332
v 133.43840 83.58151 1007.73895264
v 133.45547 115.41526 950.18395996
v 133.45563 105.55886 938.34149170
v 133.46298 147.02960 957.09442139
v 133.48018 114.64548 948.06024170
v 133.49028 95.53487 1044.67602539
v 133.49069 121.06578 935.23638916
v 133.49139 90.91492 921.31152344
v 133.50920 103.60775 1024.34057617
v 133.51471 90.30781 922.45758057
v 133.52911 97.98563 1012.06945801
v 133.53079 63.27657 1089.07812500
v 133.54803 57.17060 1051.83374023
v 133.57564 69.51813 890.24627686
v 133.58305 62.88401 953.59948730
v 133.58504 86.94368 922.27996826
v 133.58507 92.57320 1061.44299316
v 133.58873 119.52544 935.17230225
v 133.59969 100.76160 1014.30572510
v 133.60298 67.84492 1091.79772949
v 133.60561 56.14919 1048.51428223
v 133.61778 105.55080 932.02386475
v 133.62625 107.37609 931.22918701
v 133.62663 82.41145 894.50103760
v 133.62801 64.17294 954.41265869
v 133.63683 101.98019 1015.89886475
v 133.65129 73.54243 889.15093994
v 133.65265 118.03857 959.87841797
v 133.65849 148.09885 954.73175049
v 133.66573 91.36655 1069.31970215
v 133.67404 102.92163 1027.31823730
v 133.71782 59.87098 1084.33862305
v 133.73061 105.37275 935.83227539
v 133.76982 92.32348 1051.44799805
v 133.80075 58.41040 1076.23864746
v 133.82672 89.40446 1076.00427246
v 133.83986 91.78500 1053.35900879
v 133.87024 58.28315 1060.80017090
v 133.89223 53.62485 1030.20800781
v 133.89381 81.68523 918.59307861
v 133.89398 89.23122 921.90142822
v 133.91112 114.29776 945.78350830
v 133.95064 90.56661 918.10107422
v 133.97818 94.27433 1045.98071289
v 133.98207 145.88922 962.32098389
v 133.99242 61.19644 1087.19848633
v 134.00038 120.47755 961.82733154
v 134.00719 86.22863 1081.54016113
v 134.01581 106.24545 933.95666504
v 134.01585 89.78083 913.77777100
v 134.01599 117.53601 935.07128906
v 134.01750 71.72340 1092.58264160
v 134.03329 68.44267 1005.54913330
v 134.03510 83.79027 1084.89758301
v 134.03947 66.24706 1005.46252441
v 134.04022 53.88191 1022.05590820
v 134.05202 116.76574 949.15362549
v 134.11031 88.60986 1077.90344238
v 134.14813 136.06961 968.11914062
v 134.18513 92.09156 1059.23974609
v 134.19334 140.82257 966.39532471
v 134.20671 145.34718 963.25030518
v 134.23750 68.02197 909.84082031
v 134.28455 57.08822 1058.29211426
v 134.28577 143.77045 964.75427246
v 134.29391 85.58179 901.82330322
v 134.29929 53.97202 1020.31909180
v 134.30472 57.75307 1011.42095947
v 134.30525 121.37096 935.97149658
v 134.30608 109.70258 931.70935059
v 134.31078 59.56269 905.77795410
v 134.31332 58.17139 1079.86474609
v 134.37854 58.94230 1069.24377441
v 134.40819 77.66545 1007.18939209
v 134.41599 90.78689 1069.09045410
v 134.42662 147.09695 957.29077148
v 134.43387 112.69646 932.85815430
v 134.43880 102.67666 1019.09075928
v 134.46379 59.80672 906.80017090
v 134.46944 54.96415 1047.63671875
v 134.48059 90.97520 1056.06079102
v 134.49529 54.37817 1043.01428223
v 134.49583 56.72683 1012.36706543
v 134.50490 72.65071 889.06311035
v 134.51891 144.37506 936.81457520
v 134.53162 128.51988 934.78131104
v 134.55873 74.30666 913.70770264
v 134.57036 57.76857 1075.89416504
v 134.59781 58.62090 1067.89794922
v 134.61005 134.06976 967.52874756
v 134.61067 107.89976 936.75329590
v 134.61351 101.04745 1034.58764648
v 134.62651 148.35841 944.74139404
v 134.64143 133.70634 934.40759277
v 134.65904 90.66584 1053.56152344
v 134.66013 59.90564 1085.18859863
v 134.66154 118.38309 936.67987061
v 134.66823 60.83524 907.80401611
v 134.67174 137.50970 934.06573486
v 134.67522 120.33405 936.72521973
v 134.71465 74.65355 1006.62707520
v 134.71906 62.51938 1005.99176025
v 134.75284 108.47197 932.98577881
v 134.75526 52.62207 1034.17443848
v 134.75941 116.96471 946.40722656
v 134.76620 95.57604 1043.47497559
v 134.78545 92.43397 1048.65380859
v 134.78796 148.47646 952.23498535
v 134.78836 69.23189 890.96691895
v 134.80771 88.60289 1076.72180176
v 134.81085 91.51112 1062.86547852
v 134.83434 67.16096 1005.03338623
v 134.83612 74.44150 1091.90759277
v 134.85283 91.31661 1059.91613770
v 134.86920 64.37982 1089.53051758
v 134.89069 69.15277 1091.74389648
v 134.89381 58.03816 1080.69677734
v 134.89922 89.62220 914.87731934
v 134.90990 103.05922 1022.58294678
v 134.91252 89.50980 919.67675781
v 134.91750 52.59150 1036.35375977
v 134.92567 95.88702 1012.42633057
v 134.93065 87.82259 919.96508789
v 134.97981 99.98733 1036.62548828
v 135.02446 119.50963 956.35723877
v 135.05486 63.84417 1004.85852051
v 135.06319 112.97306 940.20062256
v 135.09207 131.01817 934.78192139
v 135.11978 55.16523 1052.70361328
v 135.14389 88.94619 908.52996826
v 135.16451 119.07177 948.37536621
v 135.18140 142.91818 964.82574463
v 135.19362 83.78376 1008.63317871
v 135.20541 111.73811 933.74700928
v 135.20558 61.92103 1088.01855469
v 135.21068 126.68056 963.88928223
v 135.21756 129.48996 935.04382324
v 135.23886 84.02786 917.58843994
v 135.24684 57.33829 1063.64404297
v 135.25119 88.61003 919.00872803
v 135.25250 92.26646 1046.14477539
v 135.27852 89.52216 1052.76953125
v 135.29385 101.74792 1030.01232910
v 135.30052 77.56236 1088.97241211
v 135.30589 97.67861 1039.58117676
v 135.32420 119.71776 949.96453857
v 135.32817 92.97414 1044.91149902
v 135.33405 147.41705 940.49963379
v 135.33733 118.31020 945.24530029
v 135.35873 109.68186 935.35845947
v 135.36888 63.27186 1088.87353516
v 135.38191 110.29182 934.42181396
v 135.39899 112.94653 938.51763916
v 135.42560 118.28152 939.23052979
v 135.44679 74.84391 888.06030273
v 135.44978 88.55204 1073.47790527
v 135.46194 114.28339 936.60632324
v 135.49460 92.99739 1011.81707764
v 135.50931 99.84473 1036.13171387
v 135.51611 146.32274 961.77856445
v 135.52094 139.23050 965.56591797
v 135.52179 124.03254 937.11157227
v 135.53143 113.73319 937.98767090
v 135.54297 69.10830 1005.37536621
v 135.54642 75.43779 1090.62109375
v 135.56854 136.68134 934.05053711
v 135.57977 70.03020 890.51562500
v 135.60712 120.21281 947.25817871
v 135.63350 62.59303 900.88372803
v 135.63599 72.09382 889.23260498
v 135.67236 144.28098 935.77874756
v 135.68040 88.97763 915.51385498
v 135.70157 135.07509 965.60791016
v 135.73279 68.24318 908.08197021
v 135.74001 89.26949 913.78417969
v 135.75682 85.78698 1079.85217285
v 135.75793 77.79234 888.06573486
v 135.76282 121.75063 939.46276855
v 135.79214 88.32978 905.35961914
v 135.80804 62.79827 905.51562500
v 135.81259 120.73635 941.50738525
v 135.84148 98.57372 1037.77111816
v 135.84755 66.08842 1004.08880615
v 135.85081 62.66859 1004.69708252
v 135.85545 89.51329 911.69989014
v 135.86566 95.30196 1041.92102051
v 135.88737 70.44694 1091.53747559
v 135.90292 88.85114 1068.29187012
v 135.90520 87.90516 916.78594971
v 135.93295 84.74222 894.85198975
v 136.00108 87.14304 1009.95654297
v 136.03033 78.91727 888.41625977
v 136.05525 87.09240 1053.65539551
v 136.06868 85.31625 916.70806885
v 136.08104 86.97131 1056.15258789
v 136.08115 58.14293 1082.59582520
v 136.10501 66.12748 906.78582764
v 136.10863 91.40267 1044.04846191
v 136.12099 146.92384 960.91632080
v 136.12459 101.18420 1030.33264160
v 136.15448 125.35981 960.43536377
v 136.16768 129.07179 936.29730225
v 136.17703 122.28858 942.75793457
v 136.20076 87.32883 1072.79797363
v 136.27040 74.18806 887.99395752
v 136.29279 131.49324 935.39038086
v 136.29547 76.71642 887.70483398
v 136.29753 67.03746 1004.18365479
v 136.30698 122.13333 951.67919922
v 136.33011 88.74907 914.36077881
v 136.34932 71.49931 1091.31420898
v 136.35680 124.44681 958.70678711
v 136.35757 86.81305 1060.63513184
v 136.38087 146.08885 962.41149902
v 136.39125 138.89908 933.11541748
v 136.40363 63.37165 902.98083496
v 136.40527 134.57416 934.57489014
v 136.45473 138.53056 964.54260254
v 136.46248 87.70126 1065.27429199
v 136.48109 123.55171 956.44750977
v 136.48364 147.84456 940.35699463
v 136.48953 83.64573 915.56091309
v 136.50700 69.85706 1005.54516602
v 136.57346 124.55563 941.03399658
v 136.57626 80.02541 1083.83386230
v 136.57774 99.36401 1016.51983643
v 136.58885 100.37811 1017.81268311
v 136.61374 87.30724 915.66241455
v 136.61819 131.47040 963.23596191
v 136.62695 55.27648 1010.52423096
v 136.63062 89.14445 906.46502686
v 136.65147 141.88184 933.07476807
v 136.65399 123.95347 942.66638184
v 136.66182 89.39513 907.83105469
v 136.67226 127.03119 960.66943359
v 136.67523 97.60134 1015.11639404
v 136.70082 99.17097 1033.51708984
v 136.70547 75.62843 887.64910889
v 136.71727 54.06001 1012.75244141
v 136.71729 65.03971 897.30914307
v 136.74454 89.69311 1044.58935547
v 136.75752 85.82003 1057.01074219
v 136.75824 64.85280 1089.12817383
v 136.77356 76.45622 911.36547852
v 136.77631 85.40913 915.70709229
v 136.77718 134.89476 963.99725342
v 136.79274 137.18562 933.79254150
v 136.83665 148.47253 942.63592529
v 136.83717 148.46085 956.29986572
v 136.83957 128.35144 938.12622070
v 136.86755 64.16483 903.15057373
v 136.93474 148.55637 954.44696045
v 136.94434 64.97131 904.24426270
v 136.99057 62.76181 1003.98498535
v 137.04604 140.08627 932.74078369
v 137.06937 86.19630 1049.40368652
v 137.08646 54.39890 1011.02655029
v 137.09312 68.98804 893.16888428
v 137.16548 64.92676 898.37261963
v 137.17719 58.13170 1083.34533691
v 137.18854 92.90541 1039.78088379
v 137.19162 56.40416 1069.72143555
v 137.19621 89.51640 1011.42199707
v 137.27296 144.67854 963.34045410
v 137.30063 102.06779 1025.74121094
v 137.33669 78.46549 1084.24719238
v 137.34270 147.80678 960.35699463
v 137.34488 88.42641 913.61932373
v 137.36382 89.65212 909.09875488
v 137.37698 59.07102 1084.70141602
v 137.38368 130.70711 937.00787354
v 137.39690 73.32581 888.58477783
v 137.43707 136.21504 934.31829834
v 137.45020 83.33262 1080.00781250
v 137.48976 73.21272 1090.05444336
v 137.51454 52.67882 1046.30749512
v 137.52789 145.73691 962.78680420
v 137.67462 51.15547 1040.43969727
v 137.70670 64.42564 1003.47357178
v 137.70691 53.18971 1054.54943848
v 137.71765 84.74041 1051.87219238
v 137.72876 92.23299 1012.99389648
v 137.74792 85.01484 1050.02062988
v 137.76552 84.37910 1077.78930664
v 137.76936 84.50451 1069.60327148
v 137.79579 101.96555 1023.54455566
v 137.81235 56.26952 1078.25537109
v 137.82764 65.17657 900.96466064
v 137.83110 87.57598 914.12249756
v 137.83179 126.14541 943.26330566
v 137.85574 99.21577 1030.03894043
v 137.88928 139.90016 932.59686279
v 137.90689 55.55178 1064.86425781
v 137.92551 101.50600 1026.53771973
v 137.97758 144.22234 962.97534180
v 137.97784 65.40677 899.78033447
v 137.98404 55.64285 1075.91723633
v 137.99150 51.39991 1020.37249756
v 138.01282 70.34495 1005.81750488
v 138.05489 85.70493 892.59552002
v 138.05814 72.63586 906.82049561
v 138.07120 52.98452 1012.41723633
v 138.07640 81.93929 889.12384033
v 138.11603 62.21068 1003.77679443
v 138.12772 83.16035 913.47204590
v 138.13150 148.44261 958.95568848
v 138.14014 148.93300 957.18865967
v 138.20335 145.14311 962.60412598
v 138.20549 146.62326 961.66625977
v 138.21146 55.28903 1073.96301270
v 138.23512 127.46877 942.11761475
v 138.28508 83.49123 1075.74975586
v 138.30096 75.00630 887.82226562
v 138.31137 84.29456 1063.27294922
v 138.36867 134.53041 935.46905518
v 138.38373 101.50755 1024.43957520
v 138.42316 52.26784 1052.62377930
v 138.43430 69.06057 904.14141846
v 138.44409 77.67587 1008.33862305
v 138.44460 85.42799 1046.55883789
v 138.49278 148.97365 946.72906494
v 138.49689 89.40681 902.45202637
v 138.55484 148.77965 952.71582031
v 138.59184 58.51116 1084.06433105
v 138.62903 147.52280 960.84582520
v 138.63942 79.28186 1080.64416504
v 138.67097 89.18479 910.82092285
v 138.69766 147.43954 936.52416992
v 138.70430 82.36264 1009.11676025
v 138.72079 56.16082 1079.18469238
v 138.76186 72.09116 1089.30627441
v 138.78694 86.32774 913.50158691
v 138.81200 74.09503 1088.02587891
v 138.81584 89.86388 908.98126221
v 138.83456 100.92001 1025.24377441
v 138.84027 129.94095 939.71081543
v 138.86650 83.11333 1064.21704102
v 138.89105 148.91205 941.95428467
v 138.95889 60.07162 1085.66528320
v 138.98392 126.90343 949.90368652
v 139.00505 83.20977 1054.61389160
v 139.00871 98.19650 1017.55725098
v 139.02298 147.07239 961.02795410
v 139.03091 100.46493 1020.84790039
v 139.05130 54.12522 1062.69470215
v 139.05167 68.25685 896.25823975
v 139.06912 96.64767 1028.92065430
v 139.06961 49.52090 1037.01831055
v 139.08159 53.32937 1009.92785645
v 139.10695 138.12546 933.51007080
v 139.14720 81.24331 1068.17578125
v 139.15385 80.05491 1078.31860352
v 139.16106 66.53390 1003.61456299
v 139.17133 132.36736 937.34069824
v 139.17387 148.29132 937.48895264
v 139.19061 76.12035 1084.86523438
v 139.19521 55.04861 1076.93823242
v 139.20329 49.39981 1033.21545410
v 139.21228 93.41435 1032.95080566
v 139.23552 55.20409 1006.98040771
v 139.30080 149.72740 956.81427002
v 139.31567 149.43243 958.06475830
v 139.33707 128.13148 943.64776611
v 139.37189 52.44803 1011.40393066
v 139.39653 149.06013 951.46539307
v 139.42686 80.67079 1075.20568848
v 139.46693 51.12820 1047.71948242
v 139.47195 127.72688 952.83087158
v 139.48915 50.34441 1026.33251953
v 139.51912 67.77255 900.21496582
v 139.54430 81.92918 1063.93823242
v 139.55315 81.60475 887.84356689
v 139.55531 69.43361 902.29058838
v 139.56700 89.46977 909.97448730
v 139.61932 63.62140 1003.30358887
v 139.64140 90.52418 904.49822998
v 139.69635 128.87451 955.21362305
v 139.71503 79.11490 1078.18457031
v 139.73883 128.10056 945.80786133
v 139.85768 145.36316 933.13098145
v 139.86111 76.77097 1081.50122070
v 139.86844 92.88951 1014.80175781
v 139.87868 51.37777 1014.71673584
v 139.89742 58.04527 1083.05187988
v 139.94313 59.61681 1004.16198730
v 139.94768 56.23628 1080.22045898
v 139.94904 148.05421 959.59075928
v 139.95001 130.41116 956.53344727
v 140.01787 129.92973 941.30883789
v 140.01935 90.61836 906.89953613
v 140.04825 84.98998 889.40289307
v 140.06882 53.25169 1071.78234863
v 140.07683 65.45487 1003.36706543
v 140.08704 69.37761 895.68640137
v 140.11093 52.71153 1009.94818115
v 140.14311 98.90701 1023.99072266
v 140.16170 129.13277 943.39422607
v 140.20045 79.73824 1066.49047852
v 140.20325 135.53061 936.07781982
v 140.20767 88.06089 911.44622803
v 140.23541 149.60722 951.69897461
v 140.23901 90.63642 901.38946533
v 140.24271 98.17772 1018.71966553
v 140.25357 79.33192 1075.14379883
v 140.29897 87.94702 892.67395020
v 140.30573 58.25831 1004.67510986
v 140.31790 99.39875 1022.12274170
v 140.37851 53.57226 1008.23828125
v 140.40819 61.14682 1085.85766602
v 140.42093 49.81292 1045.71655273
v 140.46272 150.84293 956.37329102
v 140.46297 55.65462 1006.01989746
v 140.47604 149.48640 939.19573975
v 140.47739 83.82755 888.16534424
v 140.47871 48.66985 1041.09301758
v 140.51007 128.72301 949.65386963
v 140.55276 98.88458 1020.66955566
v 140.57605 69.87695 900.71734619
v 140.57655 84.37205 1041.86608887
v 140.58849 150.52626 957.78363037
v 140.60292 90.62302 907.84014893
v 140.60521 59.81248 1084.85559082
v 140.62492 78.85509 1068.04809570
v 140.64815 88.73274 910.55871582
v 140.67000 73.28637 889.79711914
v 140.72537 147.08513 959.60229492
v 140.75124 54.30779 1077.25390625
v 140.76248 67.70506 1004.18225098
v 140.78856 52.78737 1065.23034668
v 140.80478 132.35437 938.50079346
v 140.80679 52.36705 1062.52172852
v 140.83458 73.63023 1086.64306641
v 140.83604 88.70322 1036.15771484
v 140.83728 80.70851 887.12451172
v 140.85287 58.63313 1083.51062012
v 140.87636 98.62723 1022.50006104
v 140.88785 97.91140 1019.57403564
v 140.91637 96.97317 1018.46917725
v 140.93706 90.19992 1033.45898438
v 140.94832 70.94220 893.11541748
v 141.01193 144.37051 932.19494629
v 141.05655 92.43060 1030.09545898
v 141.08438 52.73579 1074.32336426
v 141.08911 54.94104 1078.91394043
v 141.08937 144.45927 959.58453369
v 141.09512 151.03607 954.52545166
v 141.09798 68.34591 1087.91870117
v 141.13548 150.19278 958.14105225
v 141.13776 150.97287 957.17913818
v 141.15363 80.00529 908.12982178
v 141.15698 90.68985 897.19189453
v 141.17264 136.12883 957.87261963
v 141.21844 49.55419 1017.14233398
v 141.22357 149.09787 935.63092041
v 141.25363 62.70963 1003.45800781
v 141.26976 83.82302 1010.34204102
v 141.29071 95.21500 1024.77783203
v 141.32033 94.11583 1016.75396729
v 141.32346 84.54141 1038.54235840
v 141.33388 81.89270 1043.51000977
v 141.36998 81.27863 1045.38061523
v 141.44946 91.74344 1015.48889160
v 141.46722 90.28961 908.77343750
v 141.48209 79.16792 1063.51721191
v 141.48320 76.97433 1008.85235596
v 141.48936 70.37416 897.84454346
v 141.50616 87.92845 910.55773926
v 141.53374 48.56603 1027.74987793
v 141.56296 60.86141 1085.06445312
v 141.57288 82.42325 1040.20532227
v 141.58020 85.36225 910.73144531
v 141.58319 92.23258 903.96734619
v 141.60960 86.42222 1034.52746582
v 141.63260 150.27252 947.79315186
v 141.63643 53.87355 1007.41613770
v 141.67081 91.39807 907.63519287
v 141.69460 89.64357 1013.67041016
v 141.76453 51.26680 1012.95904541
v 141.76631 79.36198 887.01977539
v 141.77084 72.37079 891.32232666
v 141.80267 130.11232 945.49322510
v 141.81158 78.91211 1055.73327637
v 141.82329 94.31564 1018.00274658
v 141.85510 80.80899 1043.11572266
v 141.86711 50.62342 1014.41851807
v 141.86752 58.88274 1004.36749268
v 141.87898 82.95801 1033.34155273
v 141.88133 151.58675 955.14349365
v 141.93315 47.39354 1036.75573730
v 141.97412 70.37146 1006.37500000
v 141.99486 149.83751 958.01696777
v 142.01079 91.73383 1016.48187256
v 142.02475 58.11314 1004.88024902
v 142.07191 48.56919 1022.13586426
v 142.07629 94.28821 1019.68524170
v 142.08589 51.61795 1070.48767090
v 142.09602 89.58080 1029.90332031
v 142.13646 133.74956 937.97949219
v 142.14737 51.97712 1010.91259766
v 142.18056 52.13885 1074.61889648
v 142.19946 90.72958 893.87579346
v 142.21191 78.70852 1053.27416992
v 142.26025 72.60412 1007.36334229
v 142.26807 79.99034 1036.40258789
v 142.30911 130.71941 951.57830811
v 142.33327 131.08820 952.48504639
v 142.34239 64.33744 1003.59967041
v 142.34865 79.46924 1048.02795410
v 142.36603 82.63456 1010.57281494
v 142.39470 78.38560 1060.67236328
v 142.40318 80.32701 906.78100586
v 142.40926 48.90073 1017.63159180
v 142.41481 93.05224 907.01947021
v 142.42305 49.35713 1016.06030273
v 142.44449 67.12077 1004.27288818
v 142.44930 132.00227 940.11169434
v 142.45766 90.81389 1017.04949951
v 142.46217 91.19378 908.35858154
v 142.46883 76.07744 1031.19641113
v 142.47357 89.27763 1014.01519775
v 142.47527 136.92836 936.03802490
v 142.48260 89.42384 1026.33215332
v 142.50203 87.92449 1028.42370605
v 142.50349 89.97724 909.03039551
v 142.50526 78.33292 1034.19396973
v 142.51839 89.48569 891.22509766
v 142.52521 78.82665 1009.85925293
v 142.52924 48.16870 1052.06115723
v 142.53288 130.56979 949.32153320
v 142.54555 78.51839 887.32708740
v 142.58130 80.14076 1031.85083008
v 142.58507 140.41183 933.20989990
v 142.58839 151.36884 956.07702637
v 142.59978 76.97220 1066.36340332
v 142.60286 90.17436 1022.47955322
v 142.61819 60.07191 1004.26214600
v 142.64125 133.10376 954.31097412
v 142.64377 79.12047 1037.85559082
v 142.65149 68.65685 1028.51147461
v 142.65570 55.18401 1006.11810303
v 142.67271 72.58025 1029.99560547
v 142.71574 50.68507 1014.10955811
v 142.73111 143.10748 932.08227539
v 142.73878 72.83557 1031.12854004
v 142.74356 89.00775 909.40911865
v 142.74673 76.80914 888.47979736
v 142.76627 88.68476 889.98870850
v 142.76756 148.87976 957.72326660
v 142.76875 75.48260 1029.63940430
v 142.81265 75.61353 1078.05664062
v 142.81958 86.78646 1012.30541992
v 142.82614 89.87532 1016.71411133
v 142.85016 55.30286 1079.60583496
v 142.85942 77.13889 1035.26733398
v 142.88255 69.48196 1086.77148438
v 142.89688 145.54962 931.77087402
v 142.90546 68.82445 1030.30419922
v 142.92122 48.26410 1020.91705322
v 142.92847 80.03165 1030.56640625
v 142.93724 64.97397 1086.10949707
v 142.95131 73.15405 1084.17797852
v 142.97734 69.47588 1027.10095215
v 142.98196 67.09200 1028.83361816
v 143.00685 72.82716 1028.52709961
v 143.01726 87.89324 1025.85351562
v 143.05009 77.89879 1054.13146973
v 143.05289 67.40167 1027.11547852
v 143.07867 86.61499 1027.35266113
v 143.11632 51.26060 1071.74169922
v 143.11641 147.04909 931.87139893
v 143.11972 131.05133 944.93188477
v 143.15616 88.26715 1019.94555664
v 143.17271 69.29620 1006.16455078
v 143.19115 52.07084 1075.30993652
v 143.19441 48.92669 1016.90740967
v 143.21634 84.75346 1011.76715088
v 143.24370 92.47598 908.24249268
v 143.24709 152.98473 953.32446289
v 143.27565 88.81390 1014.38867188
v 143.27823 78.39107 1047.92370605
v 143.27956 88.21760 1013.54852295
v 143.28221 72.59815 893.65502930
v 143.28600 72.96519 892.64624023
v 143.29340 151.52538 947.59301758
v 143.31470 71.25262 1085.89367676
v 143.31956 77.39129 1037.51708984
v 143.32602 94.68234 907.70544434
v 143.33440 152.87585 954.02001953
v 143.34827 87.21396 909.36657715
v 143.37576 50.45337 1014.67877197
v 143.39555 72.26015 1084.91992188
v 143.40051 71.32257 1032.19763184
v 143.41055 73.43887 1033.55749512
v 143.43118 90.30463 908.85015869
v 143.45418 76.89461 1063.50024414
v 143.46246 146.17099 957.17034912
v 143.48497 51.56946 1013.11865234
v 143.51849 148.86584 932.11389160
v 143.52409 75.66254 1035.86486816
v 143.53502 79.69282 1010.94757080
v 143.53894 152.67534 954.69256592
v 143.55840 133.92162 938.39276123
v 143.57471 46.68699 1033.45202637
v 143.64107 55.82528 1006.16198730
v 143.66530 75.56017 1075.61877441
v 143.70023 48.34620 1020.03106689
v 143.70331 58.45634 1005.66894531
v 143.70998 77.95187 1049.76733398
v 143.71928 53.31755 1010.23852539
v 143.75172 49.31315 1016.28125000
v 143.76981 63.26527 1004.17150879
v 143.79723 86.84694 1020.25903320
v 143.82158 66.16804 1085.85510254
v 143.82323 54.45158 1007.18731689
v 143.83723 73.33428 895.83575439
v 143.84386 88.30562 1016.46832275
v 143.86717 47.14624 1024.84826660
v 143.87590 85.85786 1012.72485352
v 143.89850 59.03094 1026.06018066
v 143.91472 53.59286 1077.27905273
v 143.92548 76.36858 889.86468506
v 143.92567 74.16610 1009.23950195
v 143.93477 82.53680 886.44122314
v 143.94568 49.86337 1069.22570801
v 143.94760 73.94166 896.82653809
v 143.95229 59.44172 1024.70861816
v 143.95378 87.81049 1014.42816162
v 143.95454 52.28060 1075.72961426
v 143.97392 81.59723 1012.03643799
v 143.97893 68.42973 1006.17089844
v 143.97943 135.55074 936.99023438
v 143.99017 46.61639 1026.42468262
v 144.00012 77.32946 1042.79919434
v 144.00214 73.17449 1081.57812500
v 144.01053 51.16317 1072.49609375
v 144.01416 55.35812 1079.42529297
v 144.05518 57.86999 1026.23425293
v 144.07222 83.74255 907.78039551
v 144.08052 51.89947 1013.71063232
v 144.08344 76.88912 1027.08557129
v 144.10101 81.28325 1028.10925293
v 144.11977 78.10226 901.83264160
v 144.12361 65.87314 1004.69647217
v 144.13962 60.75841 1025.36096191
v 144.15010 85.53679 1025.42834473
v 144.15076 50.03992 1016.15698242
v 144.15382 58.02218 1023.92559814
v 144.22127 95.94601 906.69116211
v 144.25706 151.16515 955.67651367
v 144.27341 85.40967 1020.63079834
v 144.27412 82.86580 906.93853760
v 144.28023 69.61289 1024.08044434
v 144.30986 64.46740 1025.41809082
v 144.32161 67.04015 1023.91894531
v 144.33701 62.89209 1027.64184570
v 144.34743 85.40479 1024.04663086
v 144.34792 85.08681 1013.55938721
v 144.34805 96.14072 905.85803223
v 144.35275 87.75002 887.64752197
v 144.36264 55.25925 1007.90936279
v 144.36852 61.48654 1027.01562500
v 144.44156 86.28106 1015.26007080
v 144.44977 44.73459 1039.60424805
v 144.45576 80.76242 886.57171631
v 144.47276 76.77710 1057.41162109
v 144.48056 83.73314 1025.45996094
v 144.51186 63.34616 1030.08251953
v 144.53047 55.53679 1021.37738037
v 144.53108 134.06145 952.35668945
v 144.54320 82.33640 1013.81518555
v 144.55020 58.25205 1020.57623291
v 144.55144 64.60855 1030.91125488
v 144.57133 53.34540 1013.55126953
v 144.58105 73.11778 1025.09008789
v 144.60161 48.64557 1065.31799316
v 144.60316 136.50816 953.34490967
v 144.60330 83.81552 1023.79840088
v 144.63828 47.23146 1023.91326904
v 144.65369 152.60817 954.77648926
v 144.65997 87.53092 908.62426758
v 144.66005 79.37289 1025.03417969
v 144.67805 50.14774 1017.87652588
v 144.67961 52.47343 1016.39117432
v 144.68881 75.05718 893.24621582
v 144.69998 78.40245 888.02990723
v 144.72525 149.90033 955.68933105
v 144.73114 82.53332 1016.45971680
v 144.74837 74.44833 1010.61315918
v 144.76303 64.59428 1005.33349609
v 144.76732 66.18019 1005.79870605
v 144.79564 74.67968 1073.46374512
v 144.80740 60.78306 1029.65356445
v 144.81808 54.69532 1013.86718750
v 144.83147 47.77314 1022.72943115
v 144.83177 95.26172 908.15283203
v 144.83821 51.32918 1017.94720459
v 144.84782 148.22649 931.23925781
v 144.84865 68.49566 1022.04620361
v 144.85669 80.54659 1022.40325928
v 144.88835 54.43038 1025.34606934
v 144.89835 50.27209 1071.18115234
v 144.90227 48.30222 1021.39569092
v 144.91977 133.20065 951.17938232
v 144.92210 78.20477 899.99822998
v 144.92975 54.89438 1078.57666016
v 144.93922 69.97607 1008.01422119
v 144.94589 56.39332 1027.85437012
v 144.94984 55.92532 1079.52648926
v 144.96371 152.12639 954.95556641
v 144.97366 46.15150 1025.85852051
v 145.00092 154.05843 951.04541016
v 145.02307 77.28033 889.89123535
v 145.02396 58.20213 1029.34204102
v 145.05994 141.56628 932.85418701
v 145.06540 60.03131 1018.76226807
v 145.07994 45.60599 1030.05627441
v 145.09781 49.18315 1069.65466309
v 145.13422 64.07613 1006.28173828
v 145.13661 51.08647 1072.81665039
v 145.13956 154.01907 952.34417725
v 145.14836 74.95937 1023.50500488
v 145.15414 59.26529 1007.52825928
v 145.16202 44.20208 1038.08032227
v 145.16988 132.19629 948.81555176
v 145.17560 58.98124 1081.57763672
v 145.18219 65.79232 1021.10644531
v 145.18875 63.54583 1020.47674561
v 145.20381 87.30470 886.87609863
v 145.20987 66.71920 1007.40637207
v 145.21278 67.64613 1084.75671387
v 145.21875 58.54531 1008.24432373
v 145.27702 150.31430 931.38739014
v 145.29799 133.64244 939.92272949
v 145.30391 76.90903 891.07824707
v 145.30753 71.26706 1021.16088867
v 145.31435 151.30054 932.15100098
v 145.36719 69.74014 1033.92578125
v 145.38014 76.44482 1022.21685791
v 145.38176 92.48698 908.67376709
v 145.39493 43.57764 1043.47863770
v 145.39633 89.37370 908.57891846
v 145.40709 46.42003 1024.90600586
v 145.41434 59.52927 1015.38879395
v 145.43787 151.90019 932.99536133
v 145.47440 77.53013 1020.31317139
v 145.51866 65.97820 1008.48675537
v 145.52823 47.66407 1023.67803955
v 145.53474 75.49802 1042.18798828
v 145.54132 45.29550 1057.72778320
v 145.56430 76.77608 895.18072510
v 145.56830 76.50851 893.31427002
v 145.58394 75.53166 1014.44726562
v 145.58588 71.54144 1035.50476074
v 145.59346 147.50728 931.01116943
v 145.62971 85.67169 886.41516113
v 145.68446 152.60442 935.46069336
v 145.68700 74.79274 1040.63708496
v 145.69359 66.55062 1032.91833496
v 145.72504 132.91487 949.84613037
v 145.73541 71.02766 1082.01184082
v 145.75473 94.77717 892.52166748
v 145.75916 61.23179 1013.75006104
v 145.76205 74.55375 1017.50109863
v 145.76247 49.33792 1022.77093506
v 145.76276 72.79294 1037.28417969
v 145.77864 133.12082 941.93499756
v 145.77884 71.14099 1019.90496826
v 145.85822 45.30454 1028.80102539
v 145.86607 61.72546 1017.55029297
v 145.88292 50.18632 1023.32318115
v 145.89554 134.55095 938.28894043
v 145.90749 152.37459 954.20825195
v 145.91257 72.76334 1078.56689453
v 145.92268 67.08341 1009.64831543
v 145.93547 58.55708 1030.90173340
v 145.94757 61.58878 1032.17736816
v 145.96291 73.70875 1014.37622070
v 145.96362 61.23554 1082.26049805
v 145.96922 49.12338 1070.42211914
v 145.97174 54.18211 1027.74560547
v 145.99280 72.22600 1018.94262695
v 145.99753 48.35067 1023.79144287
v 146.01604 154.27962 951.50598145
v 146.05508 80.38403 886.92498779
v 146.07039 50.79786 1024.44567871
v 146.07420 45.92632 1025.76721191
v 146.07986 47.42558 1065.45629883
v 146.10075 69.57951 1083.03381348
v 146.10773 140.77417 952.53924561
v 146.16655 64.40490 1011.51110840
v 146.18983 75.09820 1060.76086426
v 146.25380 73.32500 1069.89575195
v 146.25720 97.75150 907.67761230
v 146.29111 55.53233 1078.23461914
v 146.33086 97.48186 908.14984131
v 146.33894 153.98059 946.97027588
v 146.36322 72.99426 1016.88244629
v 146.37640 133.76602 949.98364258
v 146.41756 135.49181 937.02050781
v 146.43010 134.74138 950.56475830
v 146.44644 52.92745 1075.83447266
v 146.45192 82.90549 903.62371826
v 146.48032 46.13800 1025.40307617
v 146.49550 95.54880 908.82135010
v 146.50655 48.87477 1024.56494141
v 146.51292 91.62399 887.70343018
v 146.53207 62.82714 1016.98791504
v 146.56929 150.99857 930.16925049
v 146.58360 80.74887 887.17346191
v 146.58578 154.34038 948.19128418
v 146.60629 146.65216 930.97113037
v 146.65349 152.00069 930.61224365
v 146.67522 78.22646 893.03198242
v 146.73007 150.65633 953.76599121
v 146.73239 153.27335 942.54974365
v 146.73648 74.61833 1042.93518066
v 146.74248 153.70172 952.73345947
v 146.74927 63.79924 1013.61785889
v 146.79532 45.38733 1027.67956543
v 146.79587 71.44902 1017.82739258
v 146.79781 79.34202 888.19372559
v 146.82703 72.01937 1017.04296875
v 146.85281 68.23096 1018.58306885
v 146.85873 66.01329 1011.92706299
v 146.91525 87.62369 907.28369141
v 146.91769 97.90297 900.62921143
v 146.93575 43.37624 1054.80004883
v 146.94742 72.72948 1073.57385254
v 146.98311 49.52779 1070.98864746
v 146.98460 64.36729 1082.64257812
v 146.99918 69.78066 1012.92645264
v 147.00415 51.56811 1073.39538574
v 147.00676 50.63637 1072.11242676
v 147.00775 73.03770 1067.76354980
v 147.02277 57.82639 1031.31982422
v 147.04167 97.05161 893.88922119
v 147.07661 41.25156 1041.11499023
v 147.10406 85.86137 886.47851562
v 147.12045 47.14968 1066.55017090
v 147.13419 79.26835 890.18267822
v 147.15025 41.36843 1039.52221680
v 147.17226 154.50069 949.07519531
v 147.19118 65.97912 1017.63287354
v 147.24931 75.54391 1051.16979980
v 147.26183 43.84309 1058.63439941
v 147.26421 80.70882 897.28704834
v 147.26920 153.79559 933.82098389
v 147.29665 89.38701 907.95343018
v 147.32265 82.88562 887.30981445
v 147.34818 64.79211 1015.72088623
v 147.35587 92.93417 908.76428223
v 147.36839 58.52410 1079.59057617
v 147.41144 67.68171 1013.12396240
v 147.41238 65.85160 1013.71539307
v 147.43416 150.68491 929.75134277
v 147.43581 53.96909 1076.16918945
v 147.43690 95.66887 890.10552979
v 147.45314 61.98283 1033.60046387
v 147.45708 70.24505 1015.72894287
v 147.46996 134.18503 939.97351074
v 147.48698 46.05590 1026.75854492
v 147.49165 69.42792 1014.36425781
v 147.49590 94.78642 909.10620117
v 147.50272 152.11353 952.82446289
v 147.50876 68.87630 1016.84906006
v 147.54808 69.85529 1036.24694824
v 147.54897 140.01601 933.45593262
v 147.54945 99.48689 905.99829102
v 147.56392 49.57465 1026.18457031
v 147.60794 51.08287 1026.98535156
v 147.62372 68.15456 1081.82666016
v 147.62686 46.82638 1026.23315430
v 147.63437 86.36784 905.52539062
v 147.64952 66.78222 1016.28118896
v 147.66481 68.60638 1015.96374512
v 147.67249 44.08021 1030.02539062
v 147.68037 67.11082 1014.40551758
v 147.68240 75.21940 1053.33508301
v 147.75694 136.87219 935.43243408
v 147.75833 150.34811 952.61987305
v 147.78873 134.67038 938.23449707
v 147.83008 153.40216 951.90087891
v 147.83881 42.72792 1034.28540039
v 147.84900 47.92432 1068.75390625
v 147.86507 88.76159 886.31475830
v 147.87456 48.09518 1026.16320801
v 147.87561 44.73617 1028.51647949
v 147.91759 81.19057 895.08032227
v 147.92561 100.06184 904.80096436
v 147.94859 154.24661 949.90820312
v 148.01369 98.59598 908.93756104
v 148.01846 99.40630 907.91790771
v 148.03532 85.79455 886.84570312
v 148.04736 45.51349 1063.65905762
v 148.05345 97.69653 909.51684570
v 148.06755 46.17306 1065.66796875
v 148.07567 43.13110 1057.82263184
v 148.07968 154.25064 932.24798584
v 148.09543 59.67949 1033.04150391
v 148.12376 52.05104 1073.42102051
v 148.17278 133.81245 945.38061523
v 148.17572 141.39293 932.59332275
v 148.18045 45.46224 1027.65136719
v 148.23306 154.51558 940.65924072
v 148.24965 96.94415 909.70648193
v 148.29063 40.13282 1040.72314453
v 148.29285 149.76511 929.55004883
v 148.42244 93.96804 908.96893311
v 148.54869 83.61864 888.98028564
v 148.56264 40.50322 1050.41931152
v 148.59264 74.19944 1046.67346191
v 148.60117 82.39829 892.66259766
v 148.63359 154.77364 948.82336426
v 148.65622 49.81109 1071.00659180
v 148.67773 155.48187 947.67382812
v 148.67830 140.41148 949.58758545
v 148.68407 51.11895 1027.62976074
v 148.68649 67.87770 1036.23120117
v 148.72652 151.78627 951.31427002
v 148.73164 56.20013 1030.93994141
v 148.84058 39.73626 1042.04150391
v 148.84662 48.03193 1068.91613770
v 148.84943 66.59940 1080.99829102
v 148.85825 70.92035 1075.60717773
v 148.87721 85.88600 887.43365479
v 148.87744 68.68752 1080.07519531
v 148.87915 135.61876 947.64868164
v 148.92775 42.35426 1032.61328125
v 148.93906 44.21378 1061.35705566
v 148.97797 153.82916 949.69189453
v 148.97919 94.55307 887.23773193
v 149.01620 49.74841 1027.15795898
v 149.03090 43.29266 1059.81164551
v 149.09953 41.37762 1054.44458008
v 149.17921 47.31976 1027.00366211
v 149.19101 86.57857 903.27728271
v 149.21286 40.46904 1052.87072754
v 149.27313 46.27021 1027.31335449
v 149.29059 101.76424 907.78295898
v 149.30731 69.37340 1078.56335449
v 149.30830 134.77182 945.85266113
v 149.31897 142.83475 949.39477539
v 149.32669 62.13667 1034.88964844
v 149.35124 134.35287 942.83789062
v 149.35197 138.96222 933.30572510
v 149.35405 46.11752 1066.26074219
v 149.43747 67.82922 1079.83337402
v 149.44994 72.11337 1041.90332031
v 149.45517 45.32509 1027.73706055
v 149.47902 134.34821 940.90710449
v 149.49779 94.38424 886.87933350
v 149.50024 156.87593 945.13018799
v 149.52231 94.09457 908.89947510
v 149.53767 59.53855 1078.00170898
v 149.54048 140.36287 932.54235840
v 149.54622 48.31567 1027.10583496
v 149.56651 42.60573 1030.86889648
v 149.60677 39.72559 1050.54394531
v 149.60892 98.74213 910.05371094
v 149.62894 152.97301 949.53448486
v 149.65848 156.75821 946.66180420
v 149.67599 52.83624 1072.92700195
v 149.71075 97.63460 888.69683838
v 149.71269 102.86418 906.73120117
v 149.74226 64.36629 1079.85034180
v 149.78105 134.62010 943.73211670
v 149.78943 97.04788 910.12420654
v 149.79523 147.48264 949.22985840
v 149.87602 73.24779 1057.99877930
v 149.92178 66.29749 1036.55590820
v 149.92561 152.86972 929.13458252
v 149.94710 40.61055 1034.92993164
v 150.00684 51.56068 1071.56799316
v 150.02010 157.23473 945.86291504
v 150.03798 87.09640 887.53662109
v 150.07480 102.14530 894.23370361
v 150.09604 93.50967 886.41485596
v 150.10292 155.51031 930.41650391
v 150.10419 41.30283 1055.48266602
v 150.15987 86.14702 889.12927246
v 150.16592 155.70587 947.62249756
v 150.19221 39.21157 1048.86791992
v 150.22003 68.18633 1077.90905762
v 150.26074 43.12053 1060.28894043
v 150.27864 43.25556 1029.00939941
v 150.33096 102.19308 892.47387695
v 150.33768 68.10984 1037.89318848
v 150.41170 49.90598 1070.18530273
v 150.41704 101.65089 891.23046875
v 150.55734 151.57120 948.60485840
v 150.55893 70.70142 1067.81237793
v 150.56622 101.10887 890.46624756
v 150.58145 136.24864 945.61645508
v 150.63057 70.03941 1040.30432129
v 150.64635 135.39626 944.42657471
v 150.67973 103.20375 896.92773438
v 150.68388 156.81039 946.83752441
v 150.70059 96.58406 909.98138428
v 150.73489 134.59604 937.47686768
v 150.75233 56.55211 1074.67968750
v 150.77722 135.83632 935.01068115
v 150.81242 155.00752 947.67352295
v 150.85455 137.20224 945.97418213
v 150.86174 70.06217 1071.90966797
v 150.87646 144.32076 930.37377930
v 150.89200 92.17542 886.13275146
v 150.91873 157.24989 932.19732666
v 150.92445 135.32765 935.69451904
v 150.94330 69.10976 1074.77221680
v 150.95003 40.01100 1054.02734375
v 150.97842 104.72857 906.51580811
v 150.99849 155.44708 929.28277588
v 151.08009 86.78848 896.27062988
v 151.14120 46.13345 1065.88757324
v 151.15317 102.95433 909.66870117
v 151.15874 157.85164 945.55841064
v 151.27998 46.88354 1066.91894531
v 151.36086 156.41377 929.48370361
v 151.43881 87.77515 889.12377930
v 151.45895 138.66705 932.21319580
v 151.47388 147.70876 929.30883789
v 151.47585 38.88373 1050.87988281
v 151.51378 158.11235 941.05877686
v 151.51590 102.11182 910.19317627
v 151.61797 157.27419 930.03527832
v 151.66681 71.31950 1060.87231445
v 151.68707 135.96680 943.95971680
v 151.73346 106.48875 904.26403809
v 151.73587 41.34960 1030.87976074
v 151.84886 90.72851 886.46954346
v 151.84933 68.07709 1039.34289551
v 151.85622 154.76852 928.39642334
v 151.86226 87.85594 891.65283203
v 151.88957 94.69572 908.29516602
v 151.92102 157.27791 946.18872070
v 151.98558 93.51720 886.23748779
v 152.01550 101.03360 888.97570801
v 152.05206 102.69100 889.77484131
v 152.06931 43.03020 1028.50256348
v 152.07271 66.64716 1075.97473145
v 152.08884 105.28358 908.29516602
v 152.10254 140.08508 930.92254639
v 152.11769 153.48306 928.22509766
v 152.12570 96.71321 886.85949707
v 152.13394 158.40445 943.22601318
v 152.14148 137.87517 932.29919434
v 152.14163 47.72656 1067.25341797
v 152.14229 41.54507 1057.38232422
v 152.15129 89.18658 899.69683838
v 152.19475 106.51585 899.47991943
v 152.21695 137.29111 932.88659668
v 152.21796 91.42004 904.42199707
v 152.27646 68.55148 1072.88110352
v 152.30434 43.73491 1027.94860840
v 152.30746 106.61586 894.15509033
v 152.32126 44.41444 1062.33789062
v 152.34886 62.54136 1036.51928711
v 152.36931 157.91115 945.41809082
v 152.38405 93.24197 907.10626221
v 152.38484 142.43552 929.90362549
v 152.41415 101.47615 910.53204346
v 152.43423 55.97127 1031.86230469
v 152.45105 144.35931 929.54602051
v 152.47389 134.68340 936.92449951
v 152.48317 72.75613 1052.93298340
v 152.55719 104.91905 890.06176758
v 152.58986 49.66309 1068.42395020
v 152.64014 89.67612 898.50793457
v 152.64084 71.99911 1056.85424805
v 152.67236 105.90272 890.68786621
v 152.68794 65.44580 1038.07678223
v 152.70996 159.29991 933.18914795
v 152.73294 64.58459 1075.50109863
v 152.74451 62.60077 1075.22631836
v 152.76305 42.05397 1058.66369629
v 152.76949 67.62059 1073.83288574
v 152.81120 66.46994 1074.81286621
v 152.85861 45.48655 1027.42297363
v 152.86584 134.99794 935.92224121
v 152.87047 141.98717 945.77929688
v 152.95903 100.31918 888.02069092
v 152.96707 158.34546 943.96014404
v 153.02225 91.98125 886.61309814
v 153.03683 90.06989 887.43267822
v 153.04984 136.24373 934.20349121
v 153.05621 51.09818 1028.69848633
v 153.13101 46.17424 1064.63635254
v 153.13150 38.04037 1047.14331055
v 153.19817 134.76318 937.76593018
v 153.20093 61.19638 1073.80664062
v 153.22699 97.89666 887.17852783
v 153.22891 134.98677 939.67462158
v 153.25417 47.59430 1027.56591797
v 153.26384 157.92982 927.88049316
v 153.31915 48.67704 1066.64929199
v 153.34204 108.12647 892.75231934
v 153.36333 157.80734 944.58575439
v 153.38052 101.34628 910.53503418
v 153.41602 39.78442 1031.86865234
v 153.47285 160.09804 930.90863037
v 153.48192 149.70056 928.47985840
v 153.51373 37.49094 1037.78405762
v 153.53142 159.01816 942.98315430
v 153.55472 69.40128 1061.80639648
v 153.56271 108.42609 906.48120117
v 153.56398 37.14310 1039.34143066
v 153.57166 52.69638 1068.77746582
v 153.57516 96.82588 886.86492920
v 153.58202 69.93822 1059.92041016
v 153.58643 92.59217 902.10394287
v 153.58900 159.96674 941.07672119
v 153.62709 135.00758 936.54742432
v 153.65947 67.66166 1069.85705566
v 153.67653 156.71497 927.12292480
v 153.71364 100.88472 887.98785400
v 153.73015 138.79364 943.53259277
v 153.76398 90.65971 888.62579346
v 153.77319 151.11023 944.93621826
v 153.80711 43.05701 1028.39953613
v 153.82605 40.01012 1055.38842773
v 153.85001 155.09705 927.09436035
v 153.91609 106.55408 908.90014648
v 153.93869 91.27411 887.36291504
v 153.94377 99.14194 909.74304199
v 153.98071 38.03854 1048.47973633
v 154.00941 135.52696 939.98986816
v 154.05209 41.96074 1058.37011719
v 154.05319 102.91167 888.88458252
v 154.09500 160.91159 936.21435547
v 154.11575 93.06583 900.31835938
v 154.12309 36.97503 1044.72045898
v 154.12904 65.99849 1071.79016113
v 154.13153 143.51169 928.56579590
v 154.13199 159.95551 942.22973633
v 154.14252 136.87476 932.45709229
v 154.17165 107.93186 908.02685547
v 154.18987 50.02096 1028.56958008
v 154.20563 46.37314 1027.61816406
v 154.22084 136.39519 933.97064209
v 154.24345 91.71480 888.71295166
v 154.25198 158.20273 943.77777100
v 154.27733 42.10398 1029.19116211
v 154.28474 137.51022 930.69970703
v 154.28732 55.74328 1069.67846680
v 154.29102 158.68195 927.39270020
v 154.36105 36.69071 1041.85559082
v 154.37556 105.86382 909.76171875
v 154.38420 95.68808 887.44165039
v 154.40671 63.81178 1072.47961426
v 154.42921 43.05301 1059.77014160
v 154.43556 59.23232 1035.56958008
v 154.45125 161.05743 937.99359131
v 154.45755 71.47107 1053.09436035
v 154.46063 67.20541 1041.31384277
v 154.47418 156.44395 944.43756104
v 154.50032 38.83664 1052.88354492
v 154.50089 110.89334 895.75799561
v 154.56393 154.99216 944.47570801
v 154.56956 68.85719 1059.35717773
v 154.65781 94.47340 888.20916748
v 154.65877 161.54872 929.38470459
v 154.72620 98.62672 887.42602539
v 154.73697 93.75146 889.02380371
v 154.73824 43.79273 1028.20751953
v 154.74054 38.09541 1034.96411133
v 154.76474 104.98100 910.30236816
v 154.76880 111.26421 900.02203369
v 154.82152 160.96744 928.25976562
v 154.85381 46.03809 1062.86145020
v 154.87965 156.45638 926.57635498
v 154.93443 41.11954 1056.70043945
v 154.96214 157.25967 943.88800049
v 155.01024 94.07276 892.01324463
v 155.09268 70.79760 1054.27575684
v 155.09612 37.39712 1035.95922852
v 155.09822 136.21269 934.95465088
v 155.10101 70.93700 1051.15563965
v 155.14670 54.50798 1032.07836914
v 155.15775 111.92308 904.28729248
v 155.19368 42.98888 1028.83020020
v 155.21765 161.40044 939.14611816
v 155.24110 95.14512 904.95288086
v 155.26321 39.43377 1031.01025391
v 155.34657 70.00306 1048.16052246
v 155.36024 162.31303 936.45721436
v 155.38437 43.06084 1059.11193848
v 155.40784 66.77249 1067.78430176
v 155.43312 46.92265 1062.87463379
v 155.46201 101.01868 888.06805420
v 155.48546 111.61798 907.10729980
v 155.49437 136.44627 933.26550293
v 155.51645 45.05479 1028.16040039
v 155.51828 64.98727 1070.60742188
v 155.52057 37.20523 1047.67565918
v 155.53416 136.67067 939.77850342
v 155.54973 103.56537 888.87451172
v 155.55017 104.51649 910.47576904
v 155.58037 159.57773 942.72668457
v 155.58424 67.96550 1043.93652344
v 155.60860 110.81025 891.57391357
v 155.64339 59.28382 1070.09973145
v 155.65994 106.68974 910.14300537
v 155.67918 98.50854 887.89813232
v 155.69234 69.95471 1054.63574219
v 155.73470 41.70028 1056.90234375
v 155.74847 61.39784 1070.79321289
v 155.76180 138.11777 940.98400879
v 155.78278 38.94328 1052.92504883
v 155.81784 111.98122 892.82183838
v 155.82773 60.27493 1037.46594238
v 155.83167 112.73032 895.08966064
v 155.84811 109.53815 909.28918457
v 155.85123 97.39648 888.08441162
v 155.87079 164.03667 933.27752686
v 155.87100 65.40987 1069.74768066
v 155.87759 136.20972 936.83593750
v 155.87965 36.55833 1044.07092285
v 155.88383 36.52125 1039.94104004
v 155.94579 47.84732 1028.63562012
v 155.99408 36.90741 1037.36926270
v 155.99744 96.66389 889.20013428
v 156.01466 164.33092 928.79901123
v 156.07732 43.99759 1028.82775879
v 156.08636 161.53239 939.80505371
v 156.09375 111.04754 908.70422363
v 156.09633 139.53050 927.09326172
v 156.16423 40.07587 1054.99816895
v 156.17635 162.45195 927.01440430
v 156.19447 100.82078 888.48797607
v 156.21655 165.02295 929.79919434
v 156.23415 109.08405 890.00592041
v 156.24123 68.34596 1045.72644043
v 156.24559 40.51921 1029.86035156
v 156.30960 136.50755 937.77886963
v 156.31970 149.63600 942.73779297
v 156.32445 38.06852 1049.80859375
v 156.34851 111.13979 891.11749268
v 156.35234 58.76933 1036.67272949
v 156.40582 66.45206 1058.02087402
v 156.44521 136.38698 934.01910400
v 156.50143 37.14768 1047.78710938
v 156.51932 47.19528 1060.95153809
v 156.54019 103.42158 888.94427490
v 156.54868 99.14265 907.76580811
v 156.56248 63.21006 1069.40917969
v 156.59477 145.98990 927.16345215
v 156.60170 42.48754 1056.67309570
v 156.63031 40.93921 1055.65954590
v 156.63708 37.18324 1036.52697754
v 156.64352 51.47404 1062.67749023
v 156.65150 161.56870 926.22662354
v 156.65770 141.61224 941.87152100
v 156.70204 97.36776 893.55169678
v 156.72585 65.62675 1064.65710449
v 156.75998 99.84746 889.23107910
v 156.82283 98.09181 891.17016602
v 156.84674 61.19434 1068.77587891
v 156.92528 45.05639 1029.15844727
v 156.94203 97.64079 905.60656738
v 156.94991 161.21071 940.54663086
v 156.95215 136.15701 933.06958008
v 156.95490 99.13177 890.02868652
v 156.96994 141.91563 926.18762207
v 156.97023 137.17911 926.88293457
v 156.98320 103.92907 910.13806152
v 157.00845 38.28688 1033.80322266
v 157.01575 97.19334 904.47900391
v 157.01775 165.13695 933.47790527
v 157.02704 64.88245 1066.48046875
v 157.03427 105.64797 889.24255371
v 157.03668 56.28694 1034.84667969
v 157.04457 166.15927 926.78521729
v 157.06578 96.89883 902.01159668
v 157.07094 112.94987 908.12744141
v 157.07109 68.58704 1049.20666504
v 157.08560 135.53484 931.34228516
v 157.09631 37.05234 1046.86840820
v 157.10031 136.27431 927.66955566
v 157.12994 144.25989 926.49005127
v 157.16183 63.19464 1068.05017090
v 157.17804 97.90509 898.22595215
v 157.21437 114.58379 903.67187500
v 157.21910 102.55068 889.16424561
v 157.22704 156.75078 942.86126709
v 157.23756 43.29826 1056.24536133
v 157.27141 114.45425 906.01672363
v 157.31006 159.58272 942.04400635
v 157.31346 113.80594 893.42651367
v 157.32190 52.16156 1061.63244629
v 157.34914 166.65474 929.58691406
v 157.35837 36.97935 1039.31457520
v 157.37247 36.93296 1044.11254883
v 157.41748 109.12067 910.37274170
v 157.42906 161.16437 925.58886719
v 157.43550 67.98257 1051.16528320
v 157.46042 102.62019 909.20220947
v 157.47194 167.45949 927.00354004
v 157.49861 150.95976 926.67053223
v 157.50166 162.91040 938.73968506
v 157.50844 135.48863 928.71179199
v 157.54146 41.16664 1054.54650879
v 157.54768 58.76607 1066.26477051
v 157.55000 109.56048 889.73559570
v 157.61395 139.00328 925.38555908
v 157.64841 63.03483 1065.49951172
v 157.65965 64.12476 1062.94995117
v 157.67854 49.37299 1030.63574219
v 157.73117 37.66584 1047.79663086
v 157.77422 136.39430 934.05450439
v 157.80394 66.43261 1053.02575684
v 157.84860 113.53165 891.93884277
v 157.89343 39.85334 1052.62512207
v 157.90746 163.39203 937.86566162
v 157.90814 100.71526 890.40948486
v 157.91454 99.14796 893.65405273
v 157.94458 158.43620 942.19055176
v 157.94714 166.57730 931.26788330
v 157.96317 38.27151 1034.67089844
v 157.98698 63.87854 1058.49304199
v 158.02713 39.16529 1030.84729004
v 158.03839 40.52378 1029.99096680
v 158.05019 62.12854 1064.93395996
v 158.05669 46.66411 1030.05017090
v 158.08151 162.61317 939.30566406
v 158.08511 135.24463 931.79974365
v 158.10652 168.10078 928.61291504
v 158.14455 161.13945 940.55804443
v 158.15611 63.95057 1041.53515625
v 158.18474 135.27483 926.09906006
v 158.19731 154.14346 942.07409668
v 158.25023 115.65849 907.85083008
v 158.26723 167.37244 924.47497559
v 158.28418 98.87953 903.97882080
v 158.31355 98.68678 902.66766357
v 158.32219 39.10295 1050.79541016
v 158.32803 41.74201 1053.52551270
v 158.32957 168.65813 925.97467041
v 158.34398 165.88297 933.81597900
v 158.35156 134.82066 928.44903564
v 158.35478 113.41947 909.60754395
v 158.37695 37.88552 1045.89416504
v 158.41924 116.75034 905.83428955
v 158.50075 139.73575 939.58197021
v 158.51134 135.78334 924.79718018
v 158.57413 168.26279 924.59948730
v 158.58379 55.90525 1062.90649414
v 158.58795 167.02924 923.99237061
v 158.61894 168.89757 927.36425781
v 158.62366 115.87189 897.74914551
v 158.64996 37.89371 1039.48864746
v 158.72610 108.66712 910.73492432
v 158.73904 66.69322 1045.93750000
v 158.73940 116.94768 907.14367676
v 158.74469 65.71513 1043.35034180
v 158.74588 136.89769 923.96765137
v 158.75064 62.83124 1056.03869629
v 158.75572 102.26639 890.32934570
v 158.76852 39.05412 1031.38952637
v 158.79916 136.69896 934.57861328
v 158.81406 61.53362 1063.68505859
v 158.83611 159.39796 925.10870361
v 158.87660 62.53811 1061.67517090
v 158.87697 57.40501 1063.17651367
v 158.89499 164.63585 923.92864990
v 158.90201 168.88400 928.31134033
v 158.92184 135.09328 924.80187988
v 158.95804 52.46119 1057.71154785
v 158.96324 100.60632 892.88256836
v 158.96684 117.51201 903.32562256
v 158.97118 41.10590 1051.56054688
v 159.06688 106.93723 889.74896240
v 159.07112 160.30299 940.70800781
v 159.13171 156.55827 941.46179199
v 159.13553 134.45129 929.55828857
v 159.14262 135.17430 932.05261230
v 159.14494 39.87762 1030.59069824
v 159.15773 52.97545 1033.86865234
v 159.15871 62.74256 1054.31225586
v 159.18184 56.35135 1061.21191406
v 159.18318 38.52255 1041.09460449
v 159.19801 61.75185 1061.37524414
v 159.20720 161.85345 939.89270020
v 159.24496 41.14224 1030.31250000
v 159.24550 60.99651 1062.48950195
v 159.25328 137.91597 937.01007080
v 159.26532 40.36559 1049.83691406
v 159.27997 110.00361 889.74237061
v 159.31454 136.07346 923.55676270
v 159.31975 51.19119 1055.79968262
v 159.33635 39.08530 1032.99035645
v 159.45407 100.88519 898.13854980
v 159.46657 38.80166 1036.67016602
v 159.53035 40.25493 1047.84851074
v 159.54800 61.10738 1055.30493164
v 159.58273 150.84715 925.95269775
v 159.59862 58.83462 1060.68017578
v 159.60201 40.72718 1030.66821289
v 159.60390 155.91858 925.52416992
v 159.67134 55.80758 1058.05004883
v 159.69533 168.90874 924.60241699
v 159.71498 44.44474 1030.86303711
v 159.74110 57.68818 1058.40356445
v 159.75142 165.90268 935.00830078
v 159.76534 102.91083 907.18554688
v 159.80103 167.62219 931.16809082
v 159.83823 137.14709 934.69091797
v 159.84181 40.10759 1031.33325195
v 159.86191 64.54231 1043.97229004
v 159.86298 163.50470 937.99749756
v 159.86974 39.49805 1041.20385742
v 159.91580 65.02164 1050.01867676
v 159.98720 65.42561 1045.68164062
v 159.98827 64.20329 1050.93762207
v 160.00410 109.71799 889.82397461
v 160.01915 103.42599 892.02917480
v 160.03235 136.66693 933.78637695
v 160.05861 114.65015 910.21807861
v 160.06265 114.81002 891.17456055
v 160.08298 46.51631 1051.02600098
v 160.12427 169.33269 928.12268066
v 160.12621 134.02295 922.91839600
v 160.13069 40.32175 1042.25256348
v 160.13768 137.72420 935.39050293
v 160.13808 107.13052 890.32507324
v 160.15756 58.52422 1055.38305664
v 160.17349 43.02460 1047.75329590
v 160.17519 133.13031 923.86340332
v 160.17732 61.67434 1052.68664551
v 160.20753 117.19040 909.58953857
v 160.27730 116.98907 893.97064209
v 160.36942 116.39119 892.78692627
v 160.45445 137.72348 922.29351807
v 160.46292 61.17368 1042.69213867
v 160.56770 161.00377 924.01556396
v 160.57452 102.48383 902.81237793
v 160.60458 162.76433 938.57708740
v 160.62782 106.38605 891.16381836
v 160.63332 165.42239 936.02722168
v 160.67647 57.83095 1053.69812012
v 160.67780 132.17856 924.70013428
v 160.75719 132.38275 926.90478516
v 160.75865 142.70981 938.33807373
v 160.76244 104.86496 907.84674072
v 160.76454 133.99474 929.61700439
v 160.80251 58.95004 1053.12194824
v 160.80672 169.57201 926.20697021
v 160.82973 105.74731 892.13208008
v 160.83754 149.21672 925.29064941
v 160.86324 56.22673 1052.95251465
v 160.86430 147.34784 924.97851562
v 160.87897 42.73639 1032.29992676
v 160.89569 64.69035 1048.02917480
v 160.90625 103.28958 899.27239990
v 160.91504 104.57652 894.71514893
v 160.97691 53.57883 1051.20825195
v 161.04967 59.69527 1042.36877441
v 161.11534 132.47635 921.34246826
v 161.17119 167.87592 922.99420166
v 161.20168 114.42722 890.65637207
v 161.21397 64.02771 1046.43225098
v 161.25195 131.29245 922.20019531
v 161.25443 157.81274 939.41760254
v 161.25963 116.43809 892.02087402
v 161.30815 132.29567 927.80010986
v 161.35582 137.50864 933.79907227
v 161.47711 134.57318 920.62329102
v 161.52313 48.80049 1032.69689941
v 161.52492 59.85867 1043.28161621
v 161.54305 45.65032 1046.57849121
v 161.56387 131.02263 924.07733154
v 161.56841 46.85041 1047.78125000
v 161.57426 115.31862 891.01068115
v 161.62906 41.11588 1037.93090820
v 161.66486 161.87029 938.63781738
v 161.69724 134.07260 929.67883301
v 161.69870 41.35464 1035.85900879
v 161.71263 140.68211 936.43206787
v 161.71689 147.58875 938.45019531
v 161.72400 168.66795 923.42718506
v 161.74126 108.33569 891.19677734
v 161.76785 107.48649 892.00091553
v 161.77721 142.08823 937.19586182
v 161.78990 57.17113 1041.01025391
v 161.79346 62.80383 1049.65795898
v 161.79626 42.19685 1034.25427246
v 161.81325 54.46926 1049.69067383
v 161.81728 47.34105 1032.67614746
v 161.83238 50.38726 1048.87097168
v 161.83493 63.30400 1048.80212402
v 161.86633 132.64519 928.25054932
v 161.87663 43.92701 1033.17333984
v 161.94720 60.88118 1050.64990234
v 161.95673 55.22523 1038.56335449
v 161.98250 120.20583 897.33081055
v 161.99626 62.65097 1046.81494141
v 162.06833 57.88484 1050.70520020
v 162.07878 157.27708 924.27947998
v 162.07884 42.24677 1039.59338379
v 162.10245 119.91480 909.90795898
v 162.10461 131.09772 920.84167480
v 162.10489 142.89203 922.50128174
v 162.17589 160.82436 938.61279297
v 162.20998 58.02029 1043.74084473
v 162.22386 51.14059 1034.48962402
v 162.22990 113.45950 890.55792236
v 162.26500 56.81201 1042.33166504
v 162.28023 54.18099 1047.90393066
v 162.29523 120.77625 909.15917969
v 162.32422 118.79131 910.69219971
v 162.44550 151.92345 938.26354980
v 162.46297 54.84202 1046.91284180
v 162.46953 159.12854 938.54919434
v 162.47421 132.91003 919.60034180
v 162.47568 42.68935 1037.46594238
v 162.49031 130.84770 924.74291992
v 162.50632 61.27574 1047.80627441
v 162.51741 56.40418 1044.50451660
v 162.51816 48.52457 1045.97692871
v 162.55992 108.80741 909.72778320
v 162.56506 130.17488 921.51928711
v 162.56609 111.48479 890.89099121
v 162.57507 106.47062 907.00854492
v 162.58717 165.04242 922.45465088
v 162.64742 59.85482 1048.56787109
v 162.65720 114.56880 910.96203613
v 162.67348 130.80003 919.92358398
v 162.67761 121.16683 899.03906250
v 162.72449 120.51416 910.69512939
v 162.73337 54.54701 1044.02929688
v 162.75749 164.51077 937.00354004
v 162.78537 166.61316 934.62579346
v 162.79741 126.36144 915.52465820
v 162.80013 132.58119 927.90625000
v 162.80038 118.06011 911.12774658
v 162.81247 121.63142 907.23205566
v 162.82230 125.71051 916.17553711
v 162.89552 44.00468 1038.80859375
v 162.90479 49.92505 1034.58496094
v 162.92926 52.30842 1044.51013184
v 162.94063 166.89169 922.12475586
v 162.97282 47.32809 1034.09692383
v 163.01260 50.78644 1035.45434570
v 163.01514 153.88847 924.05023193
v 163.01535 130.25056 923.11743164
v 163.07558 115.51051 891.08496094
v 163.09340 125.02448 915.09259033
v 163.09358 49.34718 1043.52587891
v 163.09489 53.94709 1039.85839844
v 163.16736 125.20861 916.43170166
v 163.18204 46.03049 1034.84008789
v 163.19478 168.49295 922.75036621
v 163.23599 130.10240 918.79187012
v 163.24272 45.29298 1035.58764648
v 163.26410 127.07262 916.92578125
v 163.26430 120.87682 895.37506104
v 163.28137 117.23843 892.02911377
v 163.34041 118.97464 893.00170898
v 163.35928 122.90599 911.24688721
v 163.38593 124.08435 913.95886230
v 163.39963 106.87645 905.68359375
v 163.39969 122.97263 912.08905029
v 163.40538 48.26428 1035.39221191
v 163.41031 106.59361 902.77685547
v 163.41264 129.08249 919.56854248
v 163.41566 124.82359 913.07464600
v 163.44112 117.54092 911.45953369
v 163.45865 129.13518 917.21234131
v 163.46043 51.88150 1041.66271973
v 163.46072 134.95985 929.70263672
v 163.53056 49.15920 1036.30871582
v 163.54170 130.88394 917.70941162
v 163.54570 163.16794 937.44976807
v 163.55820 122.77254 908.13629150
v 163.58098 113.73891 910.93829346
v 163.58501 128.13951 918.37768555
v 163.58734 124.33022 915.74237061
v 163.61852 47.54673 1037.23950195
v 163.64410 166.24246 935.17004395
v 163.64966 132.83411 927.70733643
v 163.65501 109.03131 908.90704346
v 163.65540 110.30409 893.02886963
v 163.65555 119.06927 911.80090332
v 163.66049 122.16741 912.80725098
v 163.68001 122.22393 904.59033203
v 163.68614 144.11676 936.35394287
v 163.70195 120.91466 894.76989746
v 163.71164 167.89203 922.01477051
v 163.71513 149.80951 923.14562988
v 163.74017 128.72229 915.33959961
v 163.76126 123.90169 910.54473877
v 163.80699 126.62545 917.69073486
v 163.82137 130.36688 923.57568359
v 163.84039 125.75056 912.44067383
v 163.98097 131.69780 916.97094727
v 164.01097 135.48808 918.37658691
v 164.04292 133.99637 917.79711914
v 164.07210 131.41623 925.27343750
v 164.09027 128.49290 920.27465820
v 164.11209 109.79564 894.63995361
v 164.20361 114.77760 891.52160645
v 164.21425 121.37565 913.23321533
v 164.23172 116.48831 891.89660645
v 164.23259 123.41924 915.70281982
v 164.29913 163.59048 922.22998047
v 164.39426 122.01772 895.98144531
v 164.40300 122.44582 914.43139648
v 164.41150 111.94214 892.74096680
v 164.48056 129.27223 914.20935059
v 164.51199 169.46649 923.92596436
v 164.51686 112.88506 910.63201904
v 164.59041 166.92426 921.06823730
v 164.61520 161.69319 937.24029541
v 164.61670 111.68156 910.17626953
v 164.81808 109.30196 898.71118164
v 164.82419 123.92004 907.20050049
v 164.83247 167.82271 921.20819092
v 164.91418 124.10259 916.63336182
v 164.92116 135.39452 917.37213135
v 164.98659 120.26672 913.21734619
v 165.00667 137.95892 918.44866943
v 165.01764 125.23434 909.54608154
v 165.04800 135.41579 928.86425781
v 165.10495 115.50835 892.38488770
v 165.10641 128.31035 920.63336182
v 165.10812 108.63844 904.76757812
v 165.17210 150.13515 935.86572266
v 165.17961 160.91563 923.04412842
v 165.31071 142.35010 919.71185303
v 165.33197 122.51644 915.14874268
v 165.37268 126.49055 918.65240479
v 165.41791 128.00481 911.97326660
v 165.43416 169.80095 925.69714355
v 165.45457 116.97397 911.96112061
v 165.50296 151.01138 922.12091064
v 165.50385 165.02194 935.79431152
v 165.51973 164.86316 921.10083008
v 165.60858 168.99910 931.97454834
v 165.66592 113.43893 894.06243896
v 165.66658 110.87496 897.61932373
v 165.79047 123.90542 903.81042480
v 165.88979 120.11497 913.45196533
v 166.04114 121.96198 894.39617920
v 166.06795 145.81609 934.62524414
v 166.18373 159.97255 922.91156006
v 166.20067 117.43462 892.87585449
v 166.22232 125.90495 918.10589600
v 166.28972 157.26816 922.90087891
v 166.36914 130.62442 913.02978516
v 166.54454 116.42321 893.43688965
v 166.54825 133.10536 925.42852783
v 166.57993 123.88699 897.96148682
v 166.62714 141.62874 932.10430908
v 166.64806 111.58389 908.05853271
v 166.66283 110.85239 902.03149414
v 166.66989 116.74848 911.91168213
v 166.67992 112.57814 897.41473389
v 166.75841 169.11308 921.20141602
v 166.76208 169.95355 922.49291992
v 166.90573 127.40591 919.33001709
v 166.91855 170.22488 924.14447021
v 166.98962 115.83355 894.28692627
v 167.00638 138.95930 929.66760254
v 167.01744 119.60293 893.16198730
v 167.11127 131.11305 923.07800293
v 167.13976 170.21584 925.48590088
v 167.20659 123.90897 896.69274902
v 167.26965 121.30322 893.67547607
v 167.28841 123.26846 895.52960205
v 167.43626 111.68024 904.58923340
v 167.47545 113.51639 909.68170166
v 167.51640 154.12234 921.61065674
v 167.52283 146.15800 933.58160400
v 167.56529 126.29975 907.44104004
v 167.60307 112.03977 906.06323242
v 167.60971 156.82434 935.51684570
v 167.69064 168.65123 920.47595215
v 167.72154 169.72368 929.70391846
v 167.84546 168.94206 932.48553467
v 167.88113 164.60506 935.21368408
v 167.89282 162.20067 935.41906738
v 167.91119 121.86491 914.48486328
v 168.10953 147.29948 919.24505615
v 168.15623 127.82068 909.09686279
v 168.19127 120.64123 893.57989502
v 168.22874 161.93221 921.49633789
v 168.22977 154.97012 934.98010254
v 168.28917 113.72076 909.03448486
v 168.36253 128.84529 909.97869873
v 168.40692 119.66773 893.64294434
v 168.43903 116.50435 911.24444580
v 168.44699 125.36315 901.74816895
v 168.64594 121.82463 894.00122070
v 168.72429 167.78677 933.90191650
v 168.75174 166.41324 920.13122559
v 168.76433 161.04471 921.50396729
v 168.83673 118.20422 894.24572754
v 168.86153 122.43076 914.54095459
v 168.94600 170.41975 927.51635742
v 169.01355 168.74335 919.82421875
v 169.10344 123.13659 895.21582031
v 169.14026 158.56232 921.27618408
v 169.18506 160.14410 921.37207031
v 169.28606 167.79425 919.74975586
v 169.33586 171.17047 920.93902588
v 169.34450 126.41077 903.23211670
v 169.51756 124.18949 896.22839355
v 169.80775 171.89296 922.98071289
v 169.89107 119.38011 912.73840332
v 169.91144 130.22821 920.68402100
v 169.92604 122.32999 895.01782227
v 170.04340 125.73814 899.51776123
v 170.13519 127.39444 917.73699951
v 170.13602 149.41599 918.62420654
v 170.17047 120.69410 894.70617676
v 170.18277 119.12287 895.37866211
v 170.21138 167.01962 934.09735107
v 170.21150 121.98183 913.77947998
v 170.28090 169.66507 931.06420898
v 170.31631 140.49777 914.21276855
v 170.44502 171.99606 921.44775391
v 170.48309 171.97279 925.09558105
v 170.64661 123.25921 895.76733398
v 171.01581 169.33435 931.78851318
v 171.03937 154.53244 918.86749268
v 171.10075 122.57384 895.86029053
v 171.10675 151.17290 918.31610107
v 171.13106 116.18983 901.53503418
v 171.15207 172.35052 922.23577881
v 171.22142 171.16246 918.97814941
v 171.24399 119.69987 912.11962891
v 171.35562 166.36986 933.97644043
v 171.45906 168.62991 932.61657715
v 171.56477 121.70796 896.31317139
v 171.61287 171.91148 919.63549805
v 171.80118 162.45245 934.08795166
v 171.82640 163.05702 920.00231934
v 171.84686 169.85373 918.02636719
v 171.92337 120.65354 897.24291992
v 172.01190 125.72270 897.88311768
v 172.01506 160.15074 919.96044922
v 172.11368 118.93603 899.18988037
v 172.19225 171.06450 918.24725342
v 172.21028 155.92702 918.30212402
v 172.23720 127.57554 900.25836182
v 172.25201 139.93951 926.40454102
v 172.31549 168.09718 917.95086670
v 172.39352 122.65755 896.71551514
v 172.43497 161.82632 919.79455566
v 172.48418 126.63625 898.68896484
v 172.54414 171.98558 927.58166504
v 172.71150 170.85602 929.86755371
v 172.73311 117.00905 904.78704834
v 172.92276 134.30399 908.24243164
v 173.05142 126.33969 898.14270020
v 173.07434 150.95038 931.35186768
v 173.13652 125.64172 897.60284424
v 173.18430 143.43121 913.05895996
v 173.24649 137.58928 910.07855225
v 173.36888 170.19429 931.08404541
v 173.45828 169.14853 932.10742188
v 173.49794 124.38072 897.03460693
v 173.51100 169.13121 917.44879150
v 173.55060 132.05699 905.89007568
v 173.56393 170.02917 917.50421143
v 173.57417 119.94653 910.07415771
v 173.64653 119.62421 900.53564453
v 173.66022 133.10255 906.62414551
v 173.66769 167.65677 932.79339600
v 173.82480 164.08176 918.23388672
v 173.89363 159.53967 918.47314453
v 173.91328 172.62288 919.32049561
v 174.03117 156.86397 932.16015625
v 174.21793 126.23355 897.93310547
v 174.40399 171.95125 929.01702881
v 174.43889 160.65370 918.20098877
v 174.47632 128.72058 915.76123047
v 174.50423 172.19093 918.41180420
v 174.52162 156.45325 916.10797119
v 174.72734 159.65353 917.60437012
v 174.73116 163.59319 917.64941406
v 174.77116 154.00856 915.00018311
v 174.81161 124.22409 912.32885742
v 175.02502 137.61180 923.05169678
v 175.02957 125.53577 897.94213867
v 175.07915 137.32365 907.60778809
v 175.20422 140.93344 909.45068359
v 175.22270 147.24347 928.59008789
v 175.24031 124.41802 898.15338135
v 175.25381 129.81529 899.50476074
v 175.30316 173.13452 925.33959961
v 175.41418 166.03105 932.54681396
v 175.46442 164.11234 932.44799805
v 175.49954 131.51382 917.78900146
v 175.53203 122.80553 899.15960693
v 175.54279 131.46458 901.49133301
v 175.55400 155.91304 914.43615723
v 175.63161 164.78758 916.97332764
v 175.66817 153.20026 930.68927002
v 175.70277 157.15150 931.64849854
v 175.73415 173.05919 919.72076416
v 175.74365 129.66359 899.14288330
v 175.79593 171.27771 930.39343262
v 175.84375 148.83240 912.72827148
v 176.13359 133.25372 902.74182129
v 176.25690 125.44569 898.48559570
v 176.35704 130.68697 899.70336914
v 176.51508 120.81105 904.03887939
v 176.53665 144.21593 909.78491211
v 176.56938 173.41634 921.32293701
v 176.85564 162.57202 915.68450928
v 177.08022 150.77985 912.07659912
v 177.12750 134.59851 902.61651611
v 177.30884 121.48179 905.76080322
v 177.33897 166.35947 916.28277588
v 177.43922 161.88196 914.57751465
v 177.85614 130.78204 899.25769043
v 177.89633 134.50380 901.81353760
v 177.94319 160.04446 912.44836426
v 178.01427 173.55464 924.57647705
v 178.06966 170.81107 930.91644287
v 178.10011 163.79233 914.94335938
v 178.20285 122.47237 906.76422119
v 178.25156 123.04124 907.95623779
v 178.40326 135.85840 902.10803223
v 178.48112 139.80246 904.10186768
v 178.52678 125.90233 910.89099121
v 178.53084 170.23747 931.22900391
v 178.56606 168.05289 916.14123535
v 178.60167 173.12914 927.77905273
v 178.66487 157.67320 910.40155029
v 178.66803 146.55617 926.25653076
v 178.76819 151.02075 928.12927246
v 178.81860 126.85903 899.28527832
v 178.88168 134.38193 901.01654053
v 178.88214 155.14906 909.58660889
v 178.92714 123.84690 901.39013672
v 178.99794 172.87337 928.39208984
v 179.09808 143.49901 924.64434814
v 179.13756 163.40375 913.58441162
v 179.18477 134.35307 918.30328369
v 179.27147 162.54753 912.36968994
v 179.29979 132.32631 916.48657227
v 179.38017 161.56303 931.35095215
v 179.47285 164.61105 914.23669434
v 179.47667 158.79675 909.71356201
v 179.48660 130.20398 914.22326660
v 179.50751 145.79588 906.45336914
v 179.60648 161.25105 910.92932129
v 179.72308 140.29703 902.83984375
v 179.76276 140.52246 922.30664062
v 180.00476 125.79040 900.57415771
v 180.07286 171.70587 917.02368164
v 180.14857 163.94122 913.18041992
v 180.20522 144.68047 904.59796143
v 180.23781 168.25699 931.49017334
v 180.29071 139.25099 902.02917480
v 180.38467 170.87537 916.56109619
v 180.62985 159.71922 909.08264160
v 180.69559 130.94347 899.17773438
v 180.69713 131.79106 899.27856445
v 180.70683 125.50471 908.41070557
v 180.75591 161.19200 930.88342285
v 180.82553 166.41032 914.51196289
v 180.83366 152.73395 906.45935059
v 180.86021 135.80252 901.00036621
v 180.86708 154.81355 907.29290771
v 180.92554 124.26513 905.00573730
v 180.94598 137.36278 901.42553711
v 181.04050 149.59413 926.20086670
v 181.05815 157.17110 929.39044189
v 181.07079 173.11081 918.77911377
v 181.18866 124.63383 903.62036133
v 181.26982 167.16557 931.24993896
v 181.37944 172.42491 929.10723877
v 181.45723 145.11703 903.29046631
v 181.47350 162.00510 910.00946045
v 181.53059 172.86272 918.17492676
v 181.60834 147.84152 903.79254150
v 181.64322 149.69688 904.63183594
v 181.74910 127.65105 900.37127686
v 181.79761 167.13281 914.53680420
v 181.91130 156.05750 907.04522705
v 182.01247 138.78984 919.95819092
v 182.21069 170.22263 915.92315674
v 182.24838 165.92950 913.66845703
v 182.31503 132.26860 899.58746338
v 182.40262 153.19196 905.24267578
v 182.40785 173.65875 921.58770752
v 182.43950 137.13918 901.21697998
v 182.48283 148.54419 903.14782715
v 182.50221 156.75604 928.67102051
v 182.51031 142.42180 901.94268799
v 182.54138 173.59106 926.02496338
v 182.58821 146.66888 924.18103027
v 182.77478 136.30006 901.03607178
v 182.77586 126.26570 902.36492920
v 182.81685 172.03853 917.45617676
v 182.84158 161.35379 929.76104736
v 182.86320 151.28342 926.02026367
v 182.90121 134.18134 915.56164551
v 182.96713 162.84270 910.34063721
v 183.01054 164.57886 912.32836914
v 183.01921 147.44408 902.71807861
v 183.10757 128.87877 910.23089600
v 183.14528 151.43677 904.34533691
v 183.17610 173.91254 923.67431641
v 183.46996 126.15517 905.84344482
v 183.56380 130.32559 900.11859131
v 183.65063 160.00041 908.01391602
v 183.65642 153.94063 904.98669434
v 183.71382 167.53098 914.59387207
v 183.72737 131.52849 899.98321533
v 183.75522 170.46132 929.91308594
v 183.77489 173.96614 922.54602051
v 183.80061 173.80740 925.96752930
v 183.93166 148.71660 902.88989258
v 184.00653 161.77252 909.14154053
v 184.01723 158.18947 907.22467041
v 184.23077 156.81769 928.11364746
v 184.24213 126.93847 903.53125000
v 184.27687 166.91432 929.95855713
v 184.27936 144.25899 902.10333252
v 184.29971 126.73650 905.14715576
v 184.42535 169.19179 929.95593262
v 184.65923 165.46957 913.02722168
v 184.69466 173.90285 921.81433105
v 184.73853 147.35765 902.48315430
v 184.89555 168.15848 915.24658203
v 184.91087 141.46370 919.99896240
v 185.03406 163.56725 929.40704346
v 185.05290 134.39818 900.86407471
v 185.15024 173.36484 927.71697998
v 185.32756 153.43202 926.07818604
v 185.53056 159.77287 928.61791992
v 185.61874 154.35164 904.99731445
v 185.66856 128.03352 904.24835205
v 185.74718 173.04596 920.47790527
v 185.84003 129.26181 902.37847900
v 185.88245 161.61375 909.02764893
v 186.00682 175.02480 925.16357422
v 186.11980 156.23196 905.95056152
v 186.15242 172.84326 928.40936279
v 186.20473 148.74925 902.91094971
v 186.21725 131.09634 901.56835938
v 186.22554 151.33499 904.01617432
v 186.30328 175.11949 924.39562988
v 186.32373 133.62257 901.11151123
v 186.42992 129.06822 906.87109375
v 186.44525 151.82770 925.16912842
v 186.50620 162.51707 910.00585938
v 186.69568 174.97704 923.43231201
v 186.78059 130.32553 902.50140381
v 186.92982 165.48755 913.74481201
v 186.93333 135.50461 913.28802490
v 186.96846 174.91742 925.99316406
v 187.14722 172.06461 928.91387939
v 187.42595 136.39011 901.37622070
v 187.81473 173.30904 921.57757568
v 187.82565 157.72852 907.37188721
v 187.87073 174.89867 923.60668945
v 188.00085 153.42741 905.09411621
v 188.03943 162.03995 910.20361328
v 188.04608 171.42854 929.05828857
v 188.12109 173.49310 927.77752686
v 188.15428 169.23186 929.37432861
v 188.20317 163.62973 912.61248779
v 188.23477 174.97151 924.46099854
v 188.29099 161.24666 909.61041260
v 188.40523 174.63116 925.99792480
v 188.47453 141.97319 901.71606445
v 188.59889 164.88127 914.40454102
v 188.60123 157.17062 907.53808594
v 188.69659 131.04767 903.83251953
v 188.72382 133.10426 901.92175293
v 188.98323 133.43314 909.22741699
v 188.99988 160.19952 909.45751953
v 189.01988 162.02805 911.11914062
v 189.02965 174.21484 923.66644287
v 189.03865 174.44911 925.71746826
v 189.06235 155.08052 906.49316406
v 189.07774 131.12154 905.59222412
v 189.09126 173.72270 927.11785889
v 189.10150 164.08133 914.32025146
v 189.19072 172.58949 928.12097168
v 189.39981 145.69768 920.27465820
v 189.41180 131.90501 906.95227051
v 189.41739 157.41904 908.48541260
v 189.54703 139.67062 901.60571289
v 189.54739 165.24718 928.96069336
v 189.56235 163.00783 913.96673584
v 189.56676 151.09921 923.39782715
v 189.59491 133.78352 902.23632812
v 189.68344 171.90465 928.06329346
v 189.74252 131.98595 904.44561768
v 189.77216 132.43898 903.10754395
v 189.78268 142.44298 901.90264893
v 189.80511 160.83533 911.36975098
v 189.81186 171.92383 921.48828125
v 189.82790 172.99088 927.05706787
v 189.87810 167.91862 928.89208984
v 189.88416 173.57172 925.69226074
v 189.91139 157.30763 926.80908203
v 189.91664 161.58632 928.49420166
v 189.93996 147.93184 903.54235840
v 189.99025 159.52380 928.02288818
v 190.05377 133.43468 907.97857666
v 190.07292 137.13876 912.83190918
v 190.10600 173.02139 923.88500977
v 190.20815 163.62285 916.19018555
v 190.24240 148.38660 921.79840088
v 190.38165 157.52809 910.87139893
v 190.45102 155.54057 908.97698975
v 190.59837 142.64641 917.14648438
v 190.62845 164.57675 917.39068604
v 190.65521 151.78313 923.11395264
v 190.67136 139.09799 901.93701172
v 190.79747 142.09344 902.25415039
v 190.87701 156.26076 926.00280762
v 190.90085 141.13806 916.06384277
v 190.96628 154.27419 924.90521240
v 190.99713 160.30685 927.97790527
v 191.05255 150.34308 905.65472412
v 191.07877 159.56339 917.54852295
v 191.09822 156.26358 914.97692871
v 191.09975 167.71399 927.91534424
v 191.17146 137.06439 911.73779297
v 191.19540 144.18019 902.96588135
v 191.22792 133.97975 905.87396240
v 191.26004 169.20078 920.63787842
v 191.33440 169.10187 927.23742676
v 191.33493 171.00923 923.04565430
v 191.34232 144.87384 918.21105957
v 191.39244 147.49458 919.84808350
v 191.44467 143.55092 916.85729980
v 191.47510 170.05649 926.41003418
v 191.47546 158.20410 926.27087402
v 191.47810 152.70020 922.83947754
v 191.52354 146.95868 904.40246582
v 191.56081 135.03461 907.95892334
v 191.56326 149.03067 921.14270020
v 191.58781 139.49274 913.67504883
v 191.64700 143.71289 903.31921387
v 191.67908 146.03737 918.67321777
v 191.70427 156.96886 925.59222412
v 191.71896 150.06450 921.59973145
v 191.72661 135.86859 909.11700439
v 191.73128 138.30022 912.61547852
v 191.80229 141.28815 915.50732422
v 191.82555 161.09932 927.55786133
v 191.84013 155.23141 924.59832764
v 191.88721 135.23817 905.61975098
v 191.91969 137.28455 903.18505859
v 191.92302 167.93468 920.75579834
v 191.94614 151.26711 908.09893799
v 191.94890 140.12947 902.78192139
v 191.95978 170.18694 924.58612061
v 191.97789 149.02396 906.45635986
v 191.99661 153.18806 910.80718994
v 192.05377 136.40137 904.07159424
v 192.10596 144.40929 916.12402344
v 192.11972 148.44118 919.05328369
v 192.15337 153.52501 922.05187988
v 192.18008 136.07509 907.30859375
v 192.19272 160.51857 920.36871338
v 192.21878 164.91602 926.89672852
v 192.22878 141.67415 914.59637451
v 192.23055 160.49051 926.11444092
v 192.23108 165.45970 920.59594727
v 192.29309 168.90852 923.18640137
v 192.32529 152.91623 915.86505127
v 192.34068 154.20422 917.87890625
v 192.35655 168.02330 925.23004150
v 192.38387 150.32932 909.51855469
v 192.39371 152.28870 912.60028076
v 192.40797 136.53560 906.34600830
v 192.41704 139.52750 911.56921387
v 192.42308 141.40594 904.33660889
v 192.47073 159.87383 921.25378418
v 192.50069 145.25467 915.14050293
v 192.52538 150.75494 919.65063477
v 192.53175 167.37726 922.68432617
v 192.55302 138.26898 904.54510498
v 192.55363 161.78178 925.76593018
v 192.56087 154.44702 920.89984131
v 192.58958 154.70845 920.00982666
v 192.61765 152.13158 917.74548340
v 192.61798 143.51866 913.61828613
v 192.62093 141.63268 911.30389404
v 192.62108 150.78571 913.28186035
v 192.62389 156.49182 922.61596680
v 192.66910 160.46730 924.08099365
v 192.69853 148.10831 915.56896973
v 192.71118 164.26627 925.06304932
v 192.73294 164.39787 923.05737305
v 192.76068 139.18987 906.26531982
v 193.30345 150.50859 914.53674316
v 193.32587 137.37021 904.94049072
v 193.34290 142.15520 909.18774414
v 193.34793 147.45677 911.46313477
v 193.34868 141.03792 906.21502686
v 193.35223 152.56161 913.65087891
v 193.37357 145.88594 907.57836914
v 193.42601 151.42172 911.00836182
v 193.45079 135.93277 905.82141113
v 193.45975 140.30167 908.82318115
v 193.52029 145.99832 913.31036377
v 193.53278 151.48409 916.46130371
v 193.54979 136.40347 904.04437256
v 193.59816 152.48004 910.59948730
v 193.77180 166.76743 925.78112793
v 193.79480 145.46857 905.30157471
v 193.80144 139.74629 903.45947266
v 193.80544 164.55286 924.45782471
v 193.83971 139.03009 909.67346191
v 193.84631 154.56274 911.82678223
v 193.86957 158.13454 921.78192139
v 193.92232 154.42485 915.69152832
v 193.95354 163.56409 925.64196777
v 193.96815 168.64220 926.13989258
v 193.96846 155.05670 914.09173584
v 193.99113 155.94153 921.72296143
v 193.99994 134.49286 903.77642822
v 194.03528 134.56517 906.77679443
v 194.06166 155.63902 920.52282715
v 194.06592 136.40869 908.84826660
v 194.07442 157.10388 920.36828613
v 194.10118 150.89140 918.66339111
v 194.10477 142.72321 913.85968018
v 194.12810 161.85017 924.12091064
v 194.14378 146.61951 916.76733398
v 194.14896 167.21118 923.40362549
v 194.15561 158.95798 924.40417480
v 194.21411 137.18610 902.68963623
v 194.22418 167.35916 927.08294678
v 194.23709 133.62502 905.01727295
v 194.23999 161.58775 925.10113525
v 194.25787 165.35912 927.05633545
v 194.26472 142.30888 903.42779541
v 194.31805 169.88995 925.75982666
v 194.32803 149.28389 906.34881592
v 194.41591 152.99915 919.06066895
v 194.41649 162.08832 922.88623047
v 194.44057 154.18915 918.21789551
v 194.45950 169.90263 923.86633301
v 194.46780 133.60086 903.76782227
v 194.48846 150.79417 906.75787354
v 194.50446 168.93150 927.03210449
v 194.52167 154.00555 908.83599854
v 194.52325 154.81554 919.05920410
v 194.53676 154.25876 921.01055908
v 194.53848 152.51395 907.78546143
v 194.57199 146.43341 903.99572754
v 194.62367 134.27837 903.00659180
v 194.68549 151.22195 919.84600830
v 194.70700 144.23798 916.09960938
v 194.71341 139.13734 902.20678711
v 194.73000 149.90456 919.56286621
v 194.77455 156.48396 915.62432861
v 194.78458 156.28798 923.83337402
v 194.81462 155.84634 917.44927979
v 194.86923 164.99861 927.90490723
v 194.89642 135.66267 909.43414307
v 194.90034 134.47937 908.33526611
v 194.91223 137.87370 910.79797363
v 194.97891 133.14140 906.57812500
v 194.98689 141.73505 914.47320557
v 194.98785 149.80092 905.75421143
v 195.02484 156.71838 910.24237061
v 195.03082 157.82976 912.92138672
v 195.03398 142.85037 902.76239014
v 195.07809 135.06976 902.42224121
v 195.17995 160.17549 918.72552490
v 195.19434 152.09413 921.30804443
v 195.22954 147.84970 903.97283936
v 195.23923 167.12210 921.40313721
v 195.24333 163.07991 920.77478027
v 195.36255 159.07919 916.68920898
v 195.36955 139.92885 901.86804199
v 195.41652 137.42616 901.86712646
v 195.44336 166.47925 928.56011963
v 195.52043 148.49892 919.74078369
v 195.62233 146.77945 903.08782959
v 195.63364 160.07652 913.03869629
v 195.65652 169.30708 921.65167236
v 195.75729 144.88326 917.71417236
v 195.90405 164.28365 915.60137939
v 195.93111 166.70195 919.07464600
v 195.95541 149.73596 904.92388916
v 195.99300 161.76054 913.37359619
v 196.00722 143.65646 902.43487549
v 196.03348 141.53488 901.83691406
v 196.03517 147.69658 903.30688477
v 196.05728 151.56396 922.43548584
v 196.13300 173.64232 924.48126221
v 196.14900 164.11845 928.78967285
v 196.16446 173.45506 925.98791504
v 196.19360 152.70396 906.19744873
v 196.19832 172.57324 922.93096924
v 196.23534 155.78133 907.88592529
v 196.24002 172.72862 927.75677490
v 196.30185 168.74446 920.22399902
v 196.37328 170.05643 928.89129639
v 196.42220 163.21375 913.44506836
v 196.45799 165.00099 914.61114502
v 196.47858 160.93094 928.06011963
v 196.53783 160.83760 910.70550537
v 196.58630 159.73946 909.17010498
v 196.63953 148.50490 920.79357910
v 196.64290 170.24005 921.09643555
v 196.64742 130.93623 904.23699951
v 196.65050 166.18231 929.27215576
v 196.78516 174.52454 925.08911133
v 196.88568 174.28050 926.32678223
v 196.93243 169.35115 919.97503662
v 197.00317 141.26106 901.63482666
v 197.02434 152.84767 924.38458252
v 197.03564 131.12671 903.04925537
v 197.05983 146.64412 902.62878418
v 197.08713 137.69254 912.45593262
v 197.09380 163.77007 912.90057373
v 197.12888 157.94722 927.26019287
v 197.14522 165.73912 914.28479004
v 197.20551 130.42889 905.07000732
v 197.25362 174.75305 923.38818359
v 197.45190 161.14688 909.72857666
v 197.45998 173.88766 927.25762939
v 197.64069 159.50513 928.23437500
v 197.70140 134.17746 901.58996582
v 197.73509 175.12234 925.73657227
v 197.90825 159.54738 908.08331299
v 197.93155 173.64340 921.80639648
v 198.03029 171.49910 929.14233398
v 198.04045 156.30963 907.11175537
v 198.08200 151.72783 924.49810791
v 198.30801 161.06013 909.02026367
v 198.37766 170.88252 920.16253662
v 198.44759 133.00652 901.38006592
v 198.53056 175.39308 924.23052979
v 198.56506 154.47038 926.04107666
v 198.58174 151.07350 904.73632812
v 198.62193 156.98419 927.55047607
v 198.65627 142.41162 918.40026855
v 198.65865 163.24942 911.23498535
v 198.72171 174.36130 921.88763428
v 198.80934 148.63812 903.22235107
v 198.85893 130.07594 902.31951904
v 198.96140 134.35112 911.76727295
v 199.14761 132.70901 910.41052246
v 199.23534 129.01366 906.27478027
v 199.26924 156.79813 906.91894531
v 199.29405 136.75032 901.41931152
v 199.33499 128.48955 904.50653076
v 199.38138 146.53754 902.45196533
v 199.49051 175.09938 926.31787109
v 199.51541 174.21620 927.52862549
v 199.63449 137.40842 914.67120361
v 199.69313 175.10416 922.36639404
v 199.86633 168.85448 930.16094971
v 200.05260 169.57941 917.34088135
v 200.10243 135.18080 900.94146729
v 200.42046 165.12819 930.68664551
v 200.46947 166.57202 930.81884766
v 200.56697 133.48790 900.11035156
v 200.61676 170.89821 929.64190674
v 200.75461 175.58463 924.81939697
v 200.84531 148.05702 902.92291260
v 200.91167 167.79196 930.88928223
v 200.91603 131.45287 900.08349609
v 201.07944 159.83951 907.76593018
v 201.11424 152.15631 905.00238037
v 201.15871 163.62285 930.55712891
v 201.16025 127.02888 904.85662842
v 201.32762 129.34076 900.72631836
v 201.33148 173.88255 920.32641602
v 201.49045 127.83233 906.91784668
v 201.49443 161.88292 908.92779541
v 201.62451 155.67450 906.07232666
v 201.63397 175.45448 922.47778320
v 201.76115 146.79410 923.12884521
v 201.87599 132.21748 911.95635986
v 202.01480 169.75359 930.68872070
v 202.01910 166.12700 912.74267578
v 202.24184 169.45670 916.07604980
v 202.34860 170.70328 917.06060791
v 202.45886 146.88557 902.76391602
v 202.55777 172.74243 928.83221436
v 202.59010 135.22836 899.96423340
v 202.59184 132.46152 899.49359131
v 202.67496 147.89661 924.26708984
v 202.71446 142.91263 921.08258057
v 202.77640 125.44093 903.62493896
v 202.86842 125.60208 902.81304932
v 202.90950 160.44456 908.20257568
v 202.91496 148.58270 903.39819336
v 202.92989 126.40533 906.89025879
v 202.93723 165.91458 931.46624756
v 203.03166 174.19209 919.71130371
v 203.03760 151.67236 905.12579346
v 203.29117 167.90233 914.51629639
v 203.48441 142.40039 901.91448975
v 203.50116 124.97177 904.90228271
v 203.62737 139.35225 901.45794678
v 203.72890 165.58537 912.43145752
v 203.89044 159.46474 907.94757080
v 203.89319 127.08773 908.49676514
v 204.01712 172.77187 918.02331543
v 204.03253 151.15678 905.29608154
v 204.04509 133.40379 914.84844971
v 204.11224 162.02606 909.63873291
v 204.14082 147.85373 903.43072510
v 204.14383 169.68929 916.01580811
v 204.14941 155.60959 906.45800781
v 204.23755 124.85599 905.73797607
v 204.31866 168.88095 931.40270996
v 204.36252 137.38937 918.31634521
v 204.37289 137.97929 901.02069092
v 204.49147 174.78847 920.15563965
v 204.50291 135.09818 899.70147705
v 204.87782 123.90936 904.31567383
v 204.89044 142.46545 902.08593750
v 205.02359 129.08339 899.32971191
v 205.14172 161.25638 909.76165771
v 205.16847 163.20506 931.44049072
v 205.19377 169.31520 915.95812988
v 205.30107 167.13181 914.75415039
v 205.30180 168.01241 915.27520752
v 205.33586 165.08952 913.31640625
v 205.47935 150.47360 905.99664307
v 205.55186 158.10571 908.36303711
v 205.66014 136.39999 900.25860596
v 205.66844 173.07372 918.09252930
v 205.68506 129.97221 899.11218262
v 205.70895 139.44754 901.63702393
v 205.72089 133.40259 899.40631104
v 205.73239 144.06456 902.85906982
v 205.75197 175.54506 922.10491943
v 205.90465 154.26363 928.78814697
v 206.10332 174.94382 926.30670166
v 206.12166 173.94679 927.78643799
v 206.37126 149.28410 906.38671875
v 206.40982 157.92992 909.14068604
v 206.43245 175.16791 920.92376709
v 206.45979 144.04861 903.33721924
v 206.51617 130.95605 899.04730225
v 206.56764 151.28940 907.54907227
v 206.59761 171.98093 917.43579102
v 206.59883 123.63956 901.02685547
v 206.84734 174.64731 920.03961182
v 206.85037 160.16464 910.99328613
v 206.97983 136.07532 900.48767090
v 206.99834 145.64250 904.94793701
v 207.01088 156.83215 909.55841064
v 207.08917 124.25808 900.04528809
v 207.20731 136.43753 919.18609619
v 207.22530 170.95735 930.93084717
v 207.25468 139.13399 902.28662109
v 207.39966 122.70373 905.22143555
v 207.46291 163.53760 914.46838379
v 207.52110 137.67435 901.76367188
v 207.54318 173.66238 919.00042725
v 207.56042 133.89464 899.91705322
v 207.69502 132.01602 899.27392578
v 207.71776 167.04655 916.11041260
v 207.77272 124.94951 908.42962646
v 207.80524 169.11977 931.72644043
v 207.90292 151.47818 928.48754883
v 208.06642 146.50687 907.63842773
v 208.07230 126.15252 898.68212891
v 208.09213 139.55638 903.36724854
v 208.27638 162.01311 914.66180420
v 208.32913 136.72060 901.95544434
v 208.34570 131.07324 914.89337158
v 208.54726 123.15475 907.22186279
v 208.55133 159.42111 931.54785156
v 208.62642 128.11082 898.36254883
v 208.62756 122.24059 906.10339355
v 208.78745 165.84129 932.21801758
v 208.99384 175.60870 923.11553955
v 208.99855 135.81557 919.77868652
v 209.03748 163.97092 916.00427246
v 209.13028 151.11446 911.90948486
v 209.16232 127.01131 898.10382080
v 209.21092 120.99484 903.77606201
v 209.28915 156.70488 913.71289062
v 209.51726 144.12013 925.84838867
v 209.71712 129.05125 898.35552979
v 209.75716 175.51115 924.87121582
v 209.82887 133.68829 901.05401611
v 209.87820 124.16688 898.29882812
v 209.88551 175.15320 921.80847168
v 209.95547 149.33565 928.58227539
v 209.98956 160.98737 932.24914551
v 210.00487 141.41573 907.41064453
v 210.00754 120.43203 902.42230225
v 210.05153 120.95933 901.18316650
v 210.13611 172.77409 929.95989990
v 210.18018 123.14958 908.88049316
v 210.30711 159.48798 916.19488525
v 210.37624 163.25143 932.53210449
v 210.44197 132.05719 900.13885498
v 210.45218 139.84781 923.90643311
v 210.48848 129.94386 898.76239014
v 210.52692 155.47160 914.88220215
v 210.52853 125.47432 897.28112793
v 210.76578 170.04283 932.02380371
v 210.80342 127.77655 897.37768555
v 210.94466 126.86491 896.97167969
v 210.95549 171.65417 931.16705322
v 211.00723 120.07425 905.86108398
v 211.26405 125.94409 896.67407227
v 211.26974 162.12648 917.57257080
v 211.28242 175.12704 925.88073730
v 211.30931 142.14262 925.86700439
v 211.36678 169.13754 917.61163330
v 211.46922 130.53247 899.47125244
v 211.49261 163.13268 917.70312500
v 211.60242 152.12622 930.45446777
v 211.76865 122.97580 897.26849365
v 211.77654 167.38875 917.43035889
v 211.79716 165.63837 933.01782227
v 211.83060 119.49754 900.80651855
v 211.94229 152.82372 915.68017578
v 211.96243 123.95579 896.45043945
v 211.97313 131.18217 900.87731934
v 212.00510 132.26881 903.92779541
v 212.03793 168.08281 932.73431396
v 212.05241 133.04938 905.24603271
v 212.05917 160.19762 918.02270508
v 212.07030 133.71666 905.88922119
v 212.11096 151.11185 915.23657227
v 212.23524 145.41547 912.45758057
v 212.25572 175.22279 924.90014648
v 212.29538 125.25459 912.13751221
v 212.33102 142.05698 910.43115234
v 212.58176 127.60699 896.79016113
v 212.60182 158.76758 932.74267578
v 212.74519 156.84950 917.40087891
v 212.77818 121.67323 897.01342773
v 212.83449 174.70457 922.46575928
v 212.84686 128.77190 898.18548584
v 213.05864 125.91821 895.50665283
v 213.15384 171.33852 919.24505615
v 213.24933 168.20798 933.13824463
v 213.26923 132.12837 919.66186523
v 213.38501 174.93192 923.64862061
v 213.52608 117.23632 901.50903320
v 213.57881 116.97614 903.02001953
v 213.58005 153.55505 931.81311035
v 213.60236 172.30440 920.02294922
v 213.62117 126.62540 895.75201416
v 213.63994 133.82912 921.38751221
v 213.77336 170.31825 932.27349854
v 213.78133 123.06905 894.54882812
v 213.84669 128.74649 899.19445801
v 213.91212 116.96631 904.84863281
v 213.98447 166.30016 933.92382812
v 214.05309 173.83704 927.81231689
v 214.09518 117.21041 905.99255371
v 214.12088 127.65936 897.12805176
v 214.13120 174.56236 925.88800049
v 214.19400 172.51564 930.39697266
v 214.21196 159.86115 920.53222656
v 214.39616 126.02145 894.91137695
v 214.41150 124.35704 893.91998291
v 214.45407 130.03479 918.29870605
v 214.51170 131.64255 907.11016846
v 214.58524 145.14490 914.33612061
v 214.66225 161.46925 921.14538574
v 214.71660 124.92463 893.99774170
v 214.82265 173.31822 921.47827148
v 214.84499 144.27299 929.63671875
v 214.87071 127.70433 898.13690186
v 214.87241 162.99890 934.37500000
v 214.88560 126.25263 895.06402588
v 215.03036 118.78288 909.26080322
v 215.04378 168.56720 919.07592773
v 215.06882 160.76244 934.27728271
v 215.08334 130.17560 906.63305664
v 215.08386 117.52931 907.89489746
v 215.09547 163.37048 920.87878418
v 215.14252 124.02242 913.38513184
v 215.16191 168.83084 933.68646240
v 215.17537 174.02812 926.47125244
v 215.19737 167.34198 919.20648193
v 215.22011 159.90965 921.54144287
v 215.39435 120.23759 894.02484131
v 215.43042 140.12332 927.30841064
v 215.50471 135.99873 924.12982178
v 215.51512 115.75951 899.34332275
v 215.63243 171.02098 931.97393799
v 215.70213 114.92358 900.50750732
v 215.72943 170.44769 919.63922119
v 215.79663 165.08655 920.33099365
v 215.87051 167.58525 934.25622559
v 215.87218 121.73189 892.91705322
v 215.89812 126.29562 895.71228027
v 216.09503 128.18260 905.80688477
v 216.21989 118.03587 909.23522949
v 216.23270 157.34988 921.51153564
v 216.24684 122.78148 892.73944092
v 216.35712 162.55280 922.11267090
v 216.41068 169.29056 933.57336426
v 216.45493 125.07114 894.17700195
v 216.61867 156.75581 934.12042236
v 216.62686 173.52226 923.07379150
v 216.90097 144.54942 931.35571289
v 217.03160 115.94485 907.56085205
v 217.09857 123.53281 892.88079834
v 217.24434 117.32648 894.20587158
v 217.28001 126.32454 903.98187256
v 217.34497 122.79610 892.56530762
v 217.37830 173.00937 921.83489990
v 217.41528 159.69681 922.74359131
v 217.43556 140.99380 929.80291748
v 217.55003 173.50171 926.24713135
v 217.58916 125.28461 896.64807129
v 217.62132 117.98685 893.07403564
v 217.63893 167.05318 920.24383545
v 217.68184 132.26447 921.97467041
v 217.70195 129.83209 909.54888916
v 217.76047 113.16096 904.42639160
v 217.76505 164.64351 935.07757568
v 217.81955 114.07720 906.24725342
v 217.85518 116.25075 908.25390625
v 217.86388 153.51227 921.27148438
v 217.95247 118.93002 892.35998535
v 218.07396 112.36239 902.29180908
v 218.24992 120.16624 892.05358887
v 218.25177 125.23547 916.29095459
v 218.29941 155.87866 922.33392334
v 218.30566 127.71774 918.21514893
v 218.32185 135.65976 925.74755859
v 218.47948 115.97198 893.28967285
v 218.48778 124.11549 893.92523193
v 218.51736 173.11560 927.93176270
v 218.52390 119.72765 911.61999512
v 218.53499 142.51991 931.83233643
v 218.68259 123.71865 893.24975586
v 218.68997 161.66734 935.58459473
v 218.70180 145.20421 918.33337402
v 218.81216 162.90343 922.70880127
v 218.87036 121.10389 892.01086426
v 218.93909 153.87076 922.18261719
v 219.02470 126.04507 907.53326416
v 219.05931 161.27629 923.18969727
v 219.12111 151.00859 934.43792725
v 219.15308 172.42661 929.97467041
v 219.19971 113.98687 907.49597168
v 219.26837 170.04344 920.46563721
v 219.36252 165.69379 935.32653809
v 219.36983 163.03059 935.89367676
v 219.37367 132.17683 923.18750000
v 219.49187 116.04506 891.65966797
v 219.51506 122.14880 892.56628418
v 219.58189 111.64964 898.36181641
v 219.61838 118.62991 910.38488770
v 219.62912 123.71095 900.48382568
v 219.73439 137.41428 928.73522949
v 219.75641 110.99670 899.53680420
v 219.76346 135.47675 914.49163818
v 219.87466 126.65003 917.68139648
v 219.92357 119.97549 891.04028320
v 219.92596 111.08226 905.44348145
v 219.93314 117.73006 909.44024658
v 219.95607 111.83864 906.69122314
v 220.02107 113.31674 894.06939697
v 220.05643 171.68362 921.27722168
v 220.06090 116.93609 890.82922363
v 220.07799 115.96603 908.58001709
v 220.08080 126.89295 910.02954102
v 220.18196 114.39671 908.11932373
v 220.33278 119.39457 911.42675781
v 220.35872 121.88794 915.00811768
v 220.40318 130.34494 921.65954590
v 220.43950 122.75473 915.71173096
v 220.48334 128.49622 919.46142578
v 220.51750 153.46512 935.50762939
v 220.53133 149.78717 921.70806885
v 220.53435 122.32771 893.19451904
v 220.60289 166.77985 935.23474121
v 220.65503 121.39326 892.06500244
v 220.67584 173.06245 925.05987549
v 220.70367 126.88351 917.73553467
v 220.76039 163.93800 936.55145264
v 220.81630 120.11044 912.76257324
v 220.82141 116.94864 908.89495850
v 220.85475 109.63634 903.63336182
v 220.88780 118.03681 909.39660645
v 220.89067 157.08452 935.87457275
v 220.99539 166.95726 921.32440186
v 221.06786 122.45977 893.98504639
v 221.08910 115.08144 908.51263428
v 221.13908 111.30880 907.52148438
v 221.16438 124.36006 908.16900635
v 221.18312 128.60616 919.23236084
v 221.20392 170.95387 921.33459473
v 221.28636 113.90158 891.13006592
v 221.28716 117.67471 890.13439941
v 221.29205 124.83698 916.66088867
v 221.29845 119.35481 910.62957764
v 221.36642 130.33501 921.59594727
v 221.39265 131.05939 922.96856689
v 221.43196 161.36005 936.91357422
v 221.44238 127.25578 911.81201172
v 221.48218 122.01259 915.57769775
v 221.49094 127.55714 917.65887451
v 221.49753 123.41611 906.97485352
v 221.50830 158.07040 923.54730225
v 221.52931 132.42870 914.71545410
v 221.60989 122.66546 903.85607910
v 221.66739 118.62304 909.28283691
v 221.67439 120.75523 913.27667236
v 221.70006 168.11717 921.30780029
v 221.71094 122.77072 905.46887207
v 221.76529 117.71178 908.84948730
v 221.77660 111.84175 908.11047363
v 221.78174 139.05298 918.32293701
v 221.82607 145.10893 935.20257568
v 221.83244 167.25111 935.22912598
v 221.84692 119.66209 910.17108154
v 221.89186 120.66547 891.31286621
v 221.93068 125.61246 916.53796387
v 221.93291 124.72624 910.24182129
v 221.96912 115.84001 908.62213135
v 222.00725 169.95781 921.47027588
v 222.03996 130.26756 920.74053955
v 222.07187 129.72589 919.29437256
v 222.18962 130.25783 914.98901367
v 222.22427 146.96390 935.92413330
v 222.23886 132.26984 925.89385986
v 222.25056 136.02881 917.04846191
v 222.25081 162.88055 937.22332764
v 222.26268 122.44714 908.18499756
v 222.26294 132.21298 915.86090088
v 222.29517 152.60764 923.65692139
v 222.29668 112.78216 890.77709961
v 222.32399 119.51485 908.97479248
v 222.38194 127.51996 913.94476318
v 222.39621 126.43843 915.93713379
v 222.39798 127.94389 915.86480713
v 222.41675 121.28612 912.69946289
v 222.43568 121.89200 907.30389404
v 222.46202 121.01144 909.38739014
v 222.47025 131.03896 916.25451660
v 222.49226 130.17915 917.99255371
v 222.49295 109.22068 906.68957520
v 222.49297 131.05844 922.97552490
v 222.49298 119.15619 890.64929199
v 222.50076 109.34447 894.22143555
v 222.53577 167.09500 922.46795654
v 222.57301 117.77825 889.93273926
v 222.57652 127.00351 914.96008301
v 222.58574 122.60419 915.70141602
v 222.58711 152.52693 936.66278076
v 222.58968 121.72340 905.91943359
v 222.59349 124.23856 916.04248047
v 222.67038 130.66214 919.76904297
v 222.67812 122.24811 915.13745117
v 222.70003 140.05989 933.80804443
v 222.71724 108.14174 896.10321045
v 222.72157 120.34381 908.07092285
v 222.76588 117.51401 908.37103271
v 222.78355 164.67488 923.36547852
v 222.78415 122.01082 912.12701416
v 222.80190 120.02047 891.21313477
v 222.80287 131.85228 917.21380615
v 222.85342 125.17772 912.77740479
v 222.85457 171.07957 931.96417236
v 222.89606 120.86181 892.31542969
v 222.94682 130.95172 920.87744141
v 222.96455 124.50344 915.64044189
v 223.00684 122.14599 913.94421387
v 223.05663 114.14405 889.42419434
v 223.08913 134.98018 929.67077637
v 223.11526 124.06493 912.60424805
v 223.13237 132.09665 926.13916016
v 223.14941 123.01691 912.39764404
v 223.15994 157.93604 924.07989502
v 223.16164 119.39491 907.64752197
v 223.20082 107.34204 897.14160156
v 223.22661 124.76842 913.95916748
v 223.28735 171.72127 931.16339111
v 223.30161 123.43716 914.82830811
v 223.33040 131.67261 919.20037842
v 223.33344 165.89757 936.75372314
v 223.36668 134.50865 917.83984375
v 223.43353 141.69696 920.62701416
v 223.47188 112.75462 889.15460205
v 223.49617 137.46045 932.92858887
v 223.52876 118.30408 907.71215820
v 223.55594 107.62703 906.00354004
v 223.62712 139.00381 934.22155762
v 223.64143 120.25632 905.91607666
v 223.67886 133.60242 918.36370850
v 223.68401 141.57036 935.37854004
v 223.69894 167.89212 934.93725586
v 223.76776 106.57388 901.66870117
v 223.79567 115.10310 889.06005859
v 223.83102 120.63874 894.63970947
v 223.86972 106.90203 904.87152100
v 223.89824 132.66109 919.26245117
v 223.96448 120.63002 902.04724121
v 224.01401 172.51675 925.25177002
v 224.05888 120.02433 892.57818604
v 224.20952 131.80756 921.30102539
v 224.21478 137.22281 919.26983643
v 224.22435 119.12000 891.53656006
v 224.22958 120.26576 903.61505127
v 224.23866 108.15450 907.40380859
v 224.23981 107.29395 906.79699707
v 224.27045 135.25142 931.16113281
v 224.28308 105.92324 896.65704346
v 224.31064 172.39482 929.65869141
v 224.32951 109.66787 889.16784668
v 224.33954 166.50464 923.61834717
v 224.36731 143.23566 936.46551514
v 224.37833 114.93521 888.70440674
v 224.41658 117.72051 890.29864502
v 224.45479 113.71519 888.12530518
v 224.48775 159.37289 937.84033203
v 224.56555 115.99300 889.34075928
v 224.60124 172.63844 928.01605225
v 224.60732 132.33702 920.83319092
v 224.62163 112.34651 887.94329834
v 224.66183 105.60004 903.21978760
v 224.71667 134.02147 929.58868408
v 224.76627 119.51369 893.64105225
v 224.84244 162.65463 937.85998535
v 224.86423 131.80319 924.00402832
v 224.89867 161.79097 924.09344482
v 224.89891 110.67753 888.00164795
v 224.93855 137.21854 934.51995850
v 224.93991 172.01840 924.62011719
v 224.94537 136.45645 919.74420166
v 225.00856 132.01550 925.62432861
v 225.01157 172.47220 926.39245605
v 225.03706 170.83603 931.93206787
v 225.06882 105.33913 893.06359863
v 225.08069 145.02954 937.30114746
v 225.09650 112.36522 887.75701904
v 225.15857 107.73682 907.63543701
v 225.20818 166.45641 936.53411865
v 225.22583 108.70525 908.12322998
v 225.36989 157.43108 925.09912109
v 225.38359 150.76300 925.06060791
v 225.43784 135.48259 920.27490234
v 225.44115 157.49876 938.42639160
v 225.50017 105.10078 904.96685791
v 225.53683 163.13391 924.29071045
v 225.58618 133.15074 928.06408691
v 225.66371 117.58729 905.74810791
v 225.67642 106.07046 889.91436768
v 225.68033 168.02133 934.63751221
v 225.70807 171.67607 925.05603027
v 225.75929 172.11200 926.30462646
v 225.79839 107.08678 888.99322510
v 225.83417 132.40381 924.11456299
v 225.84241 170.99321 924.70880127
v 225.85611 103.16822 895.53472900
v 225.85703 134.50499 921.12530518
v 225.90273 142.65564 937.66235352
v 225.95435 169.12033 924.50720215
v 225.95474 108.47088 888.23352051
v 225.97270 116.33786 906.75646973
v 225.97714 167.06850 924.55596924
v 226.04924 172.11023 928.14447021
v 226.09554 133.61917 922.18420410
v 226.14833 171.33527 930.87109375
v 226.18010 138.95718 937.23248291
v 226.18594 113.85368 888.22772217
v 226.25053 109.74398 908.47833252
v 226.27814 160.28522 938.80480957
v 226.28047 112.96952 908.24554443
v 226.28322 103.10740 891.10406494
v 226.33685 147.88773 924.91302490
v 226.39938 104.36505 888.94665527
v 226.45131 115.47449 890.09442139
v 226.52592 139.26160 921.56372070
v 226.57167 163.86375 938.04620361
v 226.60529 106.27170 888.21173096
v 226.68303 102.65906 888.64190674
v 226.68958 134.24269 931.71221924
v 226.69882 103.50281 888.13482666
v 226.78877 104.64000 906.06213379
v 226.81433 101.66408 900.11096191
v 226.82933 117.61805 900.52703857
v 226.84572 110.25603 887.63635254
v 226.86589 133.44246 928.76214600
v 226.92526 116.25333 893.05218506
v 226.97260 133.23505 926.12316895
v 226.97493 168.12325 933.94104004
v 227.00500 113.05819 888.16876221
v 227.01897 113.73468 907.71185303
v 227.03276 171.35449 929.68835449
v 227.06659 115.57367 891.24353027
v 227.11653 107.40076 907.84173584
v 227.13327 159.88095 939.63519287
v 227.14569 102.11000 887.71221924
v 227.15073 107.16597 887.64971924
v 227.15530 101.23963 889.08331299
v 227.17659 102.32721 904.08227539
v 227.24146 171.08325 927.61126709
v 227.24817 170.54706 931.00848389
v 227.27179 143.47490 924.05895996
v 227.28479 150.32793 938.93865967
v 227.43028 164.44960 937.89056396
v 227.44507 150.41312 925.85327148
v 227.47047 104.41480 887.02270508
v 227.51764 133.78658 930.95013428
v 227.52667 136.01245 922.27886963
v 227.53262 108.33733 908.25408936
v 227.63231 166.97096 926.28948975
v 227.64148 100.99168 902.15899658
v 227.68190 114.77617 890.46545410
v 227.68275 114.62937 906.71661377
v 227.73442 116.35875 901.18676758
v 227.75920 133.57268 927.66241455
v 227.82692 159.26134 925.69305420
v 227.87035 160.87813 939.62829590
v 227.89336 167.93834 933.46551514
v 227.90039 110.15591 908.15618896
v 227.90425 161.86647 925.76843262
v 227.92886 170.40562 929.76141357
v 227.95135 169.94743 927.97460938
v 227.96193 101.80567 904.40924072
v 227.97430 107.51604 887.34295654
v 228.08443 114.60587 905.86889648
v 228.11168 138.56747 922.61340332
v 228.15193 103.71707 906.10833740
v 228.16986 162.48003 938.80517578
v 228.17130 167.02910 935.11737061
v 228.25363 103.73970 886.63409424
v 228.26497 114.58616 892.15240479
v 228.35825 140.12323 939.59643555
v 228.37904 136.76065 938.01910400
v 228.39627 133.70761 930.37835693
v 228.51331 105.79887 886.73834229
v 228.52412 99.64175 899.22613525
v 228.56248 136.59129 923.37188721
v 228.57550 166.12619 927.46722412
v 228.61636 114.75186 902.85601807
v 228.61723 165.59016 936.94036865
v 228.61815 114.45135 896.58880615
v 228.65350 167.66258 932.55578613
v 228.69467 99.05133 888.52349854
v 228.72433 108.16477 887.39251709
v 228.75076 134.85365 925.15173340
v 228.85657 162.63960 926.54498291
v 228.86861 135.14511 936.68395996
v 228.89153 100.05428 887.21002197
v 228.96791 135.75912 924.39569092
v 229.04709 137.97566 923.55810547
v 229.07408 99.29228 900.83233643
v 229.10486 104.26723 886.47613525
v 229.16362 167.07796 931.81298828
v 229.18436 103.78810 906.42083740
v 229.21503 164.22356 937.87561035
v 229.26546 134.00565 934.09356689
v 229.29951 98.05124 887.70147705
v 229.44081 98.92177 886.81781006
v 229.49127 97.38316 888.62072754
v 229.57057 111.04102 889.05395508
v 229.57272 108.97205 887.82324219
v 229.58432 165.90045 930.15045166
v 229.59807 165.05180 936.99707031
v 229.60687 137.23598 939.67938232
v 229.62477 97.61707 886.32305908
v 229.64253 133.75194 932.73486328
v 229.66447 134.09323 928.59301758
v 229.84940 164.40309 929.03039551
v 229.86488 145.65616 941.04571533
v 229.97443 102.53370 905.71417236
v 230.02048 111.12579 889.75042725
v 230.03900 95.97910 887.22119141
v 230.07397 159.94969 940.59497070
v 230.09962 99.27084 903.19848633
v 230.13277 96.79404 885.40429688
v 230.13890 165.32709 935.79730225
v 230.15994 109.61559 888.39642334
v 230.20149 99.50612 886.00067139
v 230.20799 100.91035 886.31030273
v 230.21225 96.08360 885.65460205
v 230.25212 98.26303 885.28533936
v 230.26073 108.08372 907.40704346
v 230.33629 161.45914 927.39392090
v 230.33827 96.26019 895.53961182
v 230.41963 108.99200 907.19354248
v 230.42334 135.39168 939.59570312
v 230.52835 154.82014 942.18328857
v 230.53981 133.83261 931.02764893
v 230.58713 147.90602 926.74963379
v 230.65315 105.70332 886.78070068
v 230.65953 161.67691 939.34295654
v 230.66229 111.75158 893.97882080
v 230.75208 156.16298 926.29986572
v 230.82782 102.45596 886.36218262
v 230.86092 103.00402 905.99108887
v 230.91852 156.55881 942.45135498
v 230.95023 100.07147 885.79284668
v 230.97205 160.33459 940.40380859
v 230.99342 111.37804 904.75256348
v 231.08160 95.27484 884.68884277
v 231.09212 138.81396 941.27923584
v 231.10648 99.17760 904.08807373
v 231.16846 150.81073 942.09930420
v 231.23878 94.15619 885.68786621
v 231.25124 158.17256 941.96026611
v 231.26112 97.44511 902.06219482
v 231.28197 105.09780 906.94781494
v 231.28868 150.31216 926.74279785
v 231.30324 107.93277 906.90496826
v 231.45703 163.85083 935.07031250
v 231.48253 143.03542 926.68847656
v 231.53409 162.87465 931.26715088
v 231.55266 96.05301 883.90197754
v 231.56699 94.15036 890.31768799
v 231.61208 161.94600 938.56372070
v 231.67384 93.09397 887.00903320
v 231.70973 144.92313 927.28863525
v 231.74956 97.87058 884.36346436
v 231.75919 105.41412 906.86004639
v 231.77278 109.25492 905.94427490
v 231.77522 158.85281 941.65777588
v 231.81363 156.96231 926.76361084
v 231.84540 103.80582 906.15008545
v 231.85857 110.72173 901.88970947
v 231.98077 110.27916 903.93103027
v 231.98271 92.97672 882.80688477
v 232.00464 105.92871 887.26458740
v 232.07376 101.62981 905.58093262
v 232.07938 94.23828 897.91223145
v 232.08359 162.15784 937.63464355
v 232.13828 108.08700 888.62109375
v 232.24818 98.91418 904.56390381
v 232.26135 91.21672 884.66424561
v 232.26649 157.90292 942.58587646
v 232.28284 100.73665 885.86340332
v 232.30011 94.04358 882.19519043
v 232.44899 47.30014 1036.73571777
v 232.50606 44.65209 1036.52050781
v 232.51736 46.28764 1035.43286133
v 232.52850 94.69319 882.10363770
v 232.57635 159.31119 928.21679688
v 232.58916 160.13301 929.05200195
v 232.63356 136.21788 942.18139648
v 232.70982 157.78886 927.46520996
v 232.71690 43.70984 1034.79602051
v 232.73015 43.99485 1036.92749023
v 232.75412 47.71642 1038.68237305
v 232.76898 98.54146 884.53332520
v 232.77599 137.34886 942.58319092
v 232.85744 108.14806 904.91918945
v 232.86749 96.27329 882.82073975
v 232.91788 45.35318 1038.75854492
v 232.92546 158.75922 941.75366211
v 232.94130 145.13611 943.06604004
v 233.02408 159.62617 940.82263184
v 233.04465 133.58925 939.19793701
v 233.08072 92.17950 895.11499023
v 233.08195 49.73259 1039.07824707
v 233.10550 50.44419 1038.34667969
v 233.16127 94.14756 881.86596680
v 233.17459 46.10377 1033.23291016
v 233.17563 105.79911 887.85400391
v 233.17934 42.86722 1033.52734375
v 233.18620 42.41891 1035.47692871
v 233.20988 160.54181 938.79357910
v 233.21123 89.63591 886.88348389
v 233.27124 90.65833 882.14392090
v 233.28810 50.87872 1036.80090332
v 233.31590 134.96329 942.32757568
v 233.37402 89.04080 884.49938965
v 233.37706 89.35450 883.09899902
v 233.44742 154.68663 926.94274902
v 233.48473 102.78011 905.70513916
v 233.49088 50.98847 1036.05371094
v 233.54970 46.64791 1032.73291016
v 233.60408 99.10456 905.17041016
v 233.62085 160.61864 937.22674561
v 233.65883 105.70172 905.35186768
v 233.66234 133.30211 936.31774902
v 233.67194 152.33502 927.09710693
v 233.67996 137.42157 928.35437012
v 233.68192 102.25418 886.68347168
v 233.69380 134.09695 941.81463623
v 233.69534 106.99087 894.51214600
v 233.83292 141.04523 943.70220947
v 233.84265 139.28755 928.20428467
v 233.90700 105.89269 888.70904541
v 233.93410 43.60924 1031.92565918
v 233.94518 104.46693 905.44244385
v 233.95488 160.10028 932.39215088
v 233.95566 46.29343 1032.13879395
v 233.95581 49.85160 1040.83972168
v 233.96783 95.17241 902.93914795
v 233.98882 100.73867 886.03784180
v 234.00131 46.83655 1041.23986816
v 234.01320 149.19896 943.82733154
v 234.01802 40.94854 1035.13098145
v 234.02477 96.54997 883.05895996
v 234.03688 44.66146 1031.74914551
v 234.04913 135.89485 929.60687256
v 234.05519 133.10910 938.65429688
v 234.06110 41.84997 1032.73303223
v 234.12306 153.79306 944.17187500
v 234.13768 52.94990 1038.00122070
v 234.14523 156.56622 927.72424316
v 234.15869 155.93970 943.80621338
v 234.17720 52.12534 1040.28576660
v 234.34503 144.90448 928.88055420
v 234.37553 106.57346 898.74572754
v 234.41927 49.00056 1042.41723633
v 234.44218 49.02401 1033.01623535
v 234.45032 155.24663 927.50073242
v 234.46060 43.47820 1040.44323730
v 234.58659 105.40359 904.72375488
v 234.67062 137.05409 944.58612061
v 234.69301 158.76984 940.40118408
v 234.70457 106.19013 903.89489746
v 234.73317 104.98144 889.91625977
v 234.76527 55.68295 1039.88085938
v 234.76801 101.06759 886.54040527
v 234.82658 40.65761 1038.15222168
v 234.83902 154.32834 944.58447266
v 234.88148 55.58776 1043.59924316
v 234.91631 90.36979 897.60937500
v 234.92941 95.03206 882.48706055
v 234.95624 156.66489 943.70190430
v 234.96800 40.13063 1031.45458984
v 234.97566 38.89268 1033.16687012
v 235.05217 56.67210 1042.09204102
v 235.07304 158.84004 932.53741455
v 235.08846 152.58376 944.98791504
v 235.09958 157.73694 942.46685791
v 235.16661 87.00596 882.85687256
v 235.28189 151.31438 928.03247070
v 235.28523 94.86780 903.81860352
v 235.30560 89.18453 881.48968506
v 235.35757 57.10920 1040.47399902
v 235.37955 40.99586 1030.38000488
v 235.40079 155.21341 944.67211914
v 235.40645 47.04737 1046.34814453
v 235.42322 42.44175 1030.37915039
v 235.43930 87.82059 881.78686523
v 235.45166 37.98317 1036.32653809
v 235.48505 137.53061 929.88409424
v 235.53336 141.05978 929.27374268
v 235.55569 134.70972 932.57635498
v 235.56110 146.53790 929.12438965
v 235.57310 56.27990 1046.49145508
v 235.58333 54.44499 1035.62048340
v 235.59492 90.40591 899.21801758
v 235.65720 46.33107 1046.75402832
v 235.67442 156.95563 929.34252930
v 235.69209 56.81139 1038.24230957
v 235.74940 56.01811 1036.88623047
v 235.75375 101.20174 905.65594482
v 235.77361 103.29795 895.49035645
v 235.80548 158.06660 938.69732666
v 235.83038 105.15591 902.78521729
v 235.83955 132.83531 942.63891602
v 235.89262 101.17396 887.41882324
v 235.91505 49.17109 1048.36389160
v 235.94209 98.36427 905.59716797
v 235.95824 89.81598 881.30175781
v 235.96648 102.23088 888.69287109
v 236.10500 37.16833 1037.58630371
v 236.10513 48.46609 1030.99096680
v 236.12434 134.94638 945.34155273
v 236.12483 37.18147 1032.95031738
v 236.17409 52.90528 1050.90209961
v 236.19815 39.47583 1029.04895020
v 236.21083 84.97092 884.14880371
v 236.22049 155.85388 944.60772705
v 236.23657 51.86737 1050.89746094
v 236.28720 85.14384 882.17828369
v 236.29364 58.29458 1040.43701172
v 236.30099 58.87162 1046.53234863
v 236.35886 133.25844 935.94458008
v 236.41652 42.31687 1029.09240723
v 236.43434 85.91547 881.35302734
v 236.45383 135.49750 932.24902344
v 236.45486 156.03670 929.27044678
v 236.48131 131.95351 941.00543213
v 236.48154 154.92081 945.73931885
v 236.54448 134.19994 934.07788086
v 236.56676 96.62343 884.33105469
v 236.56802 151.04797 928.58862305
v 236.59428 156.79782 943.50006104
v 236.65347 87.20789 880.89215088
v 236.66187 156.69450 930.18176270
v 236.70731 157.00740 931.45855713
v 236.73282 44.93065 1048.15222168
v 236.74916 56.97855 1036.80078125
v 236.77071 60.15349 1046.01342773
v 236.77167 60.20229 1044.17138672
v 236.78706 99.69931 887.08038330
v 236.78853 36.30885 1036.39843750
v 236.93906 156.15950 944.27825928
v 236.94965 87.63306 898.13446045
v 236.98428 37.18024 1031.33898926
v 236.99141 142.37318 929.66644287
v 237.01341 54.24982 1051.82971191
v 237.10681 60.48868 1043.51110840
v 237.12534 103.46731 903.85400391
v 237.15800 152.81897 947.01837158
v 237.16792 103.45519 902.65814209
v 237.17574 51.80652 1052.59985352
v 237.18831 38.22849 1043.20141602
v 237.25955 84.16751 889.24017334
v 237.26645 102.05896 904.86846924
v 237.32285 100.90165 894.35308838
v 237.34587 88.68572 880.77575684
v 237.39246 132.60057 937.20989990
v 237.44853 35.89784 1036.07617188
v 237.44978 36.88130 1041.61987305
v 237.47263 60.37204 1047.97900391
v 237.47421 54.37611 1052.95520020
v 237.48805 90.90772 881.81982422
v 237.50598 84.77140 893.80181885
v 237.51212 156.17322 937.70971680
v 237.51729 85.32414 895.21868896
v 237.61365 40.25230 1026.98413086
v 237.61784 58.47038 1038.38403320
v 237.63176 97.91798 905.70196533
v 237.63176 131.73074 939.46685791
v 237.63631 48.39191 1051.80578613
v 237.66139 91.38763 902.76263428
v 237.66144 94.76057 905.13226318
v 237.69048 43.10064 1049.45092773
v 237.77521 85.78532 880.66027832
v 237.78822 52.20808 1054.24279785
v 237.81950 148.75687 929.09301758
v 237.85783 35.92036 1033.83178711
v 237.86835 98.97076 888.50372314
v 237.93857 99.51884 905.40057373
v 238.02995 82.60302 884.43627930
v 238.03448 39.53856 1026.91662598
v 238.05356 153.97450 929.75744629
v 238.10500 37.32973 1029.92236328
v 238.10849 92.23237 903.68853760
v 238.13016 97.04372 885.72521973
v 238.13454 60.76383 1050.16516113
v 238.14784 133.36980 935.81805420
v 238.17189 59.81013 1039.87658691
v 238.19907 141.51953 930.33209229
v 238.24104 88.90016 880.98284912
v 238.25070 83.17893 881.94451904
v 238.27594 87.98951 900.38909912
v 238.31674 135.93294 933.07006836
v 238.33919 87.36811 880.49621582
v 238.34050 56.34893 1034.39013672
v 238.35165 38.65171 1049.23205566
v 238.39555 62.47659 1048.24230957
v 238.40552 131.51482 942.91558838
v 238.41803 84.88463 896.52850342
v 238.41998 86.42718 880.41796875
v 238.42146 133.00523 945.97894287
v 238.42497 35.63619 1034.78051758
v 238.42651 36.85680 1046.58850098
v 238.44098 56.96147 1057.32543945
v 238.46111 155.69522 943.52862549
v 238.47101 155.37250 938.51300049
v 238.47284 151.86165 929.44506836
v 238.51302 100.34785 904.71502686
v 238.63620 94.33179 905.21160889
v 238.65828 101.31723 902.81457520
v 238.66508 101.01569 903.82135010
v 238.72388 35.90563 1033.14025879
v 238.80896 152.91566 930.05407715
v 238.80943 48.97191 1056.19555664
v 238.88063 39.59476 1051.69030762
v 238.88138 132.04999 945.37304688
v 238.93114 63.40254 1045.28979492
v 238.98312 62.20125 1051.94360352
v 238.99281 83.04066 881.22619629
v 238.99788 149.98341 929.37609863
v 239.00673 36.29861 1047.40576172
v 239.01421 154.83170 933.04180908
v 239.06972 51.30991 1029.21850586
v 239.06976 44.79516 1055.33276367
v 239.07117 55.01733 1031.52697754
v 239.07573 138.14679 932.04174805
v 239.07668 54.59468 1059.97106934
v 239.11275 136.34911 947.95056152
v 239.14255 99.83605 898.09613037
v 239.14999 135.21068 933.85675049
v 239.15263 97.83569 893.00067139
v 239.16057 56.82095 1060.22485352
v 239.20718 81.71551 881.74584961
v 239.22182 58.74537 1058.78173828
v 239.25240 153.85507 948.61975098
v 239.25255 37.57566 1050.32812500
v 239.25337 137.07098 932.63897705
v 239.25641 37.50793 1029.27502441
v 239.26357 154.40576 947.78448486
v 239.31679 144.03003 929.71008301
v 239.35591 80.70309 882.53009033
v 239.37488 154.92772 946.88977051
v 239.38911 142.03540 949.04010010
v 239.42227 131.13193 940.70611572
v 239.43956 90.45667 882.39471436
v 239.44531 40.45525 1025.25231934
v 239.45454 35.99813 1047.67150879
v 239.48419 55.56824 1031.63134766
v 239.50371 53.86256 1030.30969238
v 239.50992 41.71158 1025.08410645
v 239.51006 133.99281 934.94079590
v 239.54462 153.06798 930.86230469
v 239.61679 154.67757 934.82281494
v 239.62961 141.66373 930.89270020
v 239.65733 96.40720 905.49743652
v 239.72327 39.38699 1053.01379395
v 239.75018 38.34549 1028.17663574
v 239.78412 37.22960 1029.78112793
v 239.80763 43.95358 1056.43225098
v 239.82228 41.41463 1024.92272949
v 239.87703 94.94111 885.95874023
v 239.90970 35.33743 1037.93725586
v 239.96585 132.71455 947.42041016
v 239.99821 35.63411 1046.89709473
v 240.03706 89.03236 881.66467285
v 240.04051 95.89972 887.61871338
v 240.04726 79.25997 889.12542725
v 240.04985 138.98460 948.98907471
v 240.06702 93.11887 904.77783203
v 240.10483 56.95787 1061.89746094
v 240.11107 96.26867 889.49096680
v 240.12860 64.17026 1042.85705566
v 240.14824 60.45325 1037.96594238
v 240.15842 154.67476 947.27844238
v 240.18312 37.22772 1050.96765137
v 240.21873 91.38763 904.13592529
v 240.23114 135.10988 948.66595459
v 240.25937 97.94814 904.88653564
v 240.29005 63.80294 1041.84704590
v 240.34308 88.70844 902.91888428
v 240.34497 35.78785 1033.40173340
v 240.34650 64.72222 1051.17834473
v 240.36037 81.35882 880.97894287
v 240.37169 59.00864 1061.54504395
v 240.37833 79.11532 891.33325195
v 240.40973 35.40145 1035.76196289
v 240.44568 54.73601 1062.40258789
v 240.48129 58.11836 1062.55578613
v 240.50455 153.79718 949.55200195
v 240.52480 38.70612 1053.15258789
v 240.54779 131.29523 938.78564453
v 240.56895 61.06847 1059.44812012
v 240.57451 94.50090 905.27514648
v 240.59180 40.69263 1024.95068359
v 240.63156 44.21221 1025.21105957
v 240.77126 65.71671 1050.04406738
v 240.78188 154.53307 946.46423340
v 240.84688 98.53636 903.81927490
v 240.85150 145.97694 929.40728760
v 240.85164 95.47780 905.13116455
v 240.91209 90.99133 884.13806152
v 240.91779 40.04753 1025.41198730
v 240.92448 93.95233 905.00488281
v 240.94331 59.45562 1064.68688965
v 240.96664 66.03652 1048.17407227
v 241.00066 38.75131 1027.78942871
v 241.02127 136.24484 933.16735840
v 241.04433 135.23015 933.60424805
v 241.07686 60.70029 1063.73413086
v 241.09738 43.55503 1024.67504883
v 241.10158 133.08676 935.37902832
v 241.14146 92.05434 904.55102539
v 241.17503 130.54187 945.49346924
v 241.21162 55.58869 1030.39379883
v 241.26427 78.21276 893.05187988
v 241.27696 139.87459 932.07122803
v 241.29599 153.79184 942.98474121
v 241.34801 79.04093 894.52716064
v 241.36905 63.26686 1058.49560547
v 241.41142 130.20847 943.21008301
v 241.48195 45.34551 1024.70520020
v 241.49954 50.54926 1026.61328125
v 241.51103 35.77597 1047.87316895
v 241.51149 38.31891 1053.32434082
v 241.52478 35.43735 1045.45178223
v 241.52832 131.94975 936.67272949
v 241.59943 130.61765 939.59191895
v 241.62541 66.82034 1045.68432617
v 241.68488 97.11984 903.91833496
v 241.71814 76.39492 883.86132812
v 241.74760 154.05481 950.13299561
v 241.75174 92.98751 887.08514404
v 241.78523 64.82724 1057.11926270
v 241.83165 42.61843 1024.39001465
v 241.83440 152.45374 951.66058350
v 241.86827 35.85492 1034.28222656
v 241.87157 93.77657 904.71148682
v 241.88594 89.18522 883.16082764
v 241.92799 85.42513 901.35961914
v 241.97418 75.11564 889.88873291
v 241.99619 47.57216 1062.48657227
v 242.02573 153.02043 934.81372070
v 242.04210 63.88364 1039.46496582
v 242.04900 69.04623 1051.45288086
v 242.07910 41.10041 1057.84484863
v 242.08012 61.31463 1067.83715820
v 242.09763 69.16183 1048.78112793
v 242.10513 133.68047 950.41564941
v 242.11395 36.70233 1050.50585938
v 242.12407 92.85231 904.65039062
v 242.13519 139.11879 950.89099121
v 242.15413 60.27564 1068.36157227
v 242.16628 130.93350 937.95404053
v 242.17719 45.65919 1061.81970215
v 242.22977 146.74223 929.56048584
v 242.27309 150.19569 930.74993896
v 242.29776 38.09142 1053.15454102
v 242.29776 67.15719 1043.79870605
v 242.29808 52.40192 1065.13452148
v 242.33220 76.38296 882.31866455
v 242.35728 77.01933 881.85821533
v 242.36781 81.32511 898.31585693
v 242.38130 153.77211 951.72576904
v 242.40340 74.37715 887.36364746
v 242.40343 85.80300 880.87091064
v 242.41884 130.44455 947.88098145
v 242.42647 53.76276 1027.31860352
v 242.49954 64.26126 1060.78039551
v 242.50620 153.53702 946.44702148
v 242.55249 40.09082 1026.37475586
v 242.57568 94.69579 904.30273438
v 242.62521 58.83636 1068.79040527
v 242.64122 152.79750 936.14379883
v 242.68053 86.86517 903.12164307
v 242.69028 63.09586 1067.12707520
v 242.69429 153.99960 951.24841309
v 242.72093 129.46841 943.69531250
v 242.75246 69.69460 1052.78051758
v 242.81757 69.98328 1047.46240234
v 242.82397 75.52483 883.35809326
v 242.92082 94.28982 895.59381104
v 242.94151 63.97927 1065.42248535
v 242.96928 70.42342 1050.23730469
v 242.98419 38.43139 1030.29577637
v 243.02954 42.06998 1024.60778809
v 243.04366 40.84623 1058.66223145
v 243.09689 44.53337 1023.20880127
v 243.21744 43.19869 1023.75555420
v 243.22208 70.47308 1051.90759277
v 243.24924 151.39516 952.78302002
v 243.26221 93.01180 890.59234619
v 243.26894 51.89674 1025.31311035
v 243.27747 36.95604 1033.18432617
v 243.37628 152.37289 944.00335693
v 243.39473 130.81403 950.06158447
v 243.39662 73.40227 891.77728271
v 243.43546 96.07887 900.64422607
v 243.51334 153.68813 951.72259521
v 243.51863 95.52930 898.97540283
v 243.57716 133.35773 933.86706543
v 243.57845 94.40163 903.80554199
v 243.61864 78.08235 880.92974854
v 243.64259 90.93375 904.56805420
v 243.65440 153.78259 949.96093750
v 243.66048 49.23410 1022.90777588
v 243.66786 35.68193 1043.36767578
v 243.66936 46.93718 1022.39538574
v 243.68005 95.74310 902.04333496
v 243.80092 69.61768 1044.19445801
v 243.80748 95.11640 903.02795410
v 243.83228 61.30655 1034.82775879
v 243.85382 41.71630 1025.18652344
v 243.86446 148.53452 953.89727783
v 243.89279 42.56551 1024.24450684
v 243.91183 91.16714 887.70996094
v 243.94029 63.31137 1070.25537109
v 243.94403 70.97998 1048.05834961
v 243.97722 64.40944 1069.10205078
v 243.97751 72.39326 889.27227783
v 243.97971 61.36066 1071.03149414
v 244.01263 149.94653 932.19140625
v 244.02052 75.16293 895.44934082
v 244.03459 54.84307 1027.34252930
v 244.04839 92.53351 893.58325195
v 244.05333 152.26018 952.69586182
v 244.05826 52.62220 1025.16015625
v 244.08360 83.92538 902.40673828
v 244.11633 70.50296 1054.06652832
v 244.13547 35.91839 1038.41796875
v 244.14197 40.10104 1058.42700195
v 244.21971 87.46620 904.11248779
v 244.23547 131.52150 951.81298828
v 244.33359 45.61410 1022.01983643
v 244.35609 71.26485 1051.77905273
v 244.39243 152.06697 946.70794678
v 244.40799 47.46614 1021.88104248
v 244.42236 41.38434 1060.19006348
v 244.42265 71.39597 1049.84509277
v 244.48120 49.81857 1022.21600342
v 244.63239 36.43016 1048.15002441
v 244.64014 72.28194 887.94903564
v 244.65358 150.60741 954.14184570
v 244.66975 59.31600 1071.91638184
v 244.69148 149.59888 954.55749512
v 244.70052 78.89350 880.62274170
v 244.71321 43.92188 1022.74719238
v 244.75063 151.30269 940.39257812
v 244.77487 85.42492 903.82373047
v 244.80957 76.22420 881.70928955
v 244.84038 65.88949 1068.50659180
v 244.84503 144.05539 930.27868652
v 244.95119 145.95793 930.23663330
v 244.96480 146.75641 930.52636719
v 244.99251 70.68756 893.05792236
v 245.00580 149.00677 932.28656006
v 245.03345 38.11298 1052.44958496
v 245.03760 50.53997 1022.38189697
v 245.07422 140.90067 931.58990479
v 245.09032 143.10376 930.85412598
v 245.11259 45.00263 1021.94128418
v 245.14940 90.22575 887.81396484
v 245.18196 62.98949 1034.73498535
v 245.19998 93.79478 903.03912354
v 245.24570 92.00336 895.56292725
v 245.25426 151.35123 953.80535889
v 245.26134 92.43481 903.87915039
v 245.27939 143.38792 955.16400146
v 245.29225 51.02287 1069.67907715
v 245.29799 70.37262 890.06738281
v 245.30473 80.30775 880.49774170
v 245.32010 148.12720 931.72674561
v 245.33203 69.97779 1041.94934082
v 245.33629 150.65543 954.71240234
v 245.35239 131.17859 953.22033691
v 245.38104 136.65477 953.98236084
v 245.38947 152.38571 952.06250000
v 245.44598 152.02589 952.96057129
v 245.47000 70.81387 1043.33276367
v 245.49098 140.92860 955.03619385
v 245.56033 36.46803 1043.53417969
v 245.64075 37.11744 1037.40759277
v 245.70517 67.67508 1062.83105469
v 245.72194 57.58942 1029.59106445
v 245.76683 39.43262 1056.52185059
v 245.80830 70.07832 894.44537354
v 245.82042 144.77243 930.57586670
v 245.84807 70.52290 889.00671387
v 245.87599 70.68369 895.36138916
v 245.88225 49.43129 1069.60876465
v 245.88829 67.15119 1037.80371094
v 245.89404 56.72938 1028.58203125
v 245.89769 82.44022 880.83459473
v 245.92253 127.19759 946.97436523
v 245.95093 42.12119 1025.73071289
v 245.95140 68.42046 1061.54614258
v 246.03094 83.03883 903.89337158
v 246.06691 65.98621 1071.89135742
v 246.07887 77.39156 881.05517578
v 246.15364 149.32536 935.27868652
v 246.18559 148.30220 955.78222656
v 246.25639 42.04825 1062.10144043
v 246.26489 74.43478 882.78533936
v 246.30775 150.85588 946.94329834
v 246.32898 128.94962 952.87982178
v 246.33003 37.07020 1047.63989258
v 246.33116 88.02814 904.88708496
v 246.36215 62.89533 1074.28723145
v 246.42960 41.10151 1059.84130859
v 246.44604 92.83741 902.29901123
v 246.45261 150.59521 954.79364014
v 246.48642 127.84421 951.51635742
v 246.49744 43.20554 1064.22912598
v 246.50409 88.13873 885.84283447
v 246.52069 127.48207 938.86090088
v 246.52867 85.31735 905.22302246
v 246.57083 126.97783 949.51855469
v 246.60532 92.41820 898.87597656
v 246.60565 58.52127 1029.77563477
v 246.63777 78.34190 901.51525879
v 246.69026 78.48757 880.77374268
v 246.75189 126.58891 941.21954346
v 246.76373 144.93484 931.35516357
v 246.78427 43.05426 1023.82165527
v 246.78699 83.03446 881.34167480
v 246.82420 37.49907 1042.41162109
v 246.83893 143.29076 931.31463623
v 246.84955 86.41867 905.47448730
v 246.87698 38.10760 1050.60668945
v 246.92532 128.87047 936.60864258
v 246.96999 149.17699 955.75524902
v 246.98433 53.35577 1072.82055664
v 246.98769 89.09333 904.77429199
v 246.99538 65.44643 1074.82910156
v 247.02068 68.17606 893.75115967
v 247.03116 48.29318 1070.03942871
v 247.07500 141.55403 931.45098877
v 247.17244 67.94656 891.97875977
v 247.19232 63.66807 1032.82617188
v 247.23624 48.60570 1021.12939453
v 247.26730 43.10497 1064.50219727
v 247.27264 41.09546 1059.28393555
v 247.30209 125.87794 947.75701904
v 247.38902 55.75337 1011.74401855
v 247.39490 91.97861 899.85900879
v 247.40590 146.03136 932.26000977
v 247.41307 49.80270 1021.31481934
v 247.41809 65.25976 1012.10705566
v 247.42012 57.47380 1018.67315674
v 247.46010 37.66100 1046.73022461
v 247.47404 39.38283 1035.73889160
v 247.48579 60.36856 1015.13146973
v 247.48662 53.31364 1015.86468506
v 247.53043 53.64953 1018.35693359
v 247.55630 125.59825 941.73059082
v 247.55936 72.01182 1056.87377930
v 247.58319 134.59326 956.50396729
v 247.59338 51.30042 1022.12255859
v 247.59689 72.45187 1055.00927734
v 247.59924 87.21503 905.86853027
v 247.61227 146.90996 933.11462402
v 247.61911 89.96807 904.38330078
v 247.62059 147.59729 957.14208984
v 247.62387 52.62391 1017.32446289
v 247.63431 38.97078 1037.87670898
v 247.64250 63.56092 1009.77929688
v 247.64751 66.20131 1013.76110840
v 247.69487 56.11418 1008.76361084
v 247.70581 62.64561 1014.68994141
v 247.71535 66.84901 1011.70684814
v 247.71770 54.47483 1019.75634766
v 247.74664 72.70858 1048.31506348
v 247.76697 67.29418 1012.86853027
v 247.77074 142.03955 931.52691650
v 247.78847 150.16536 954.31250000
v 247.80992 60.90411 1016.35406494
v 247.82500 146.70561 957.64099121
v 247.82556 126.41579 938.64343262
v 247.84668 60.23704 1009.36364746
v 247.87502 58.58781 1020.48742676
v 247.87813 42.52235 1063.23339844
v 247.88174 39.52222 1054.86340332
v 247.89528 47.44930 1070.09716797
v 247.91594 132.25102 933.30358887
v 247.92767 91.02231 903.34521484
v 247.95509 47.29507 1020.77954102
v 247.95724 127.11091 937.50787354
v 247.96176 56.08934 1074.98962402
v 247.98228 88.78355 905.22821045
v 247.99350 56.92162 1027.49267578
v 248.04616 67.37855 891.30389404
v 248.07812 66.77579 1014.94207764
v 248.08760 45.74010 1021.36511230
v 248.09325 56.40646 1007.55664062
v 248.09735 67.89954 1073.35241699
v 248.10660 150.16658 953.41027832
v 248.11185 129.11226 955.97332764
v 248.11227 69.84599 1037.38818359
v 248.12950 65.91061 1076.58251953
v 248.14503 55.33025 1007.61901855
v 248.15932 72.89115 1044.90734863
v 248.18060 50.30064 1020.85430908
v 248.18324 50.94504 1072.79162598
v 248.20009 128.43002 936.07952881
v 248.20146 58.83130 1021.20104980
v 248.23097 67.90823 890.16033936
v 248.25375 83.92143 882.63012695
v 248.25737 90.41316 903.86297607
v 248.26823 44.39417 1066.25585938
v 248.30170 81.79559 905.79907227
v 248.30983 51.50135 1021.05792236
v 248.31540 66.87908 1075.97851562
v 248.32338 51.36208 1015.24133301
v 248.33177 147.74344 957.70874023
v 248.34140 64.24730 1077.21679688
v 248.35152 52.46306 1022.64038086
v 248.36337 52.33905 1013.33593750
v 248.36551 78.96786 881.10144043
v 248.37047 42.46243 1027.89123535
v 248.38376 87.34409 887.07287598
v 248.42914 52.92729 1021.43530273
v 248.45197 132.88339 932.72412109
v 248.45381 50.51150 1020.10290527
v 248.46738 72.61770 884.10772705
v 248.47356 52.49836 1022.04504395
v 248.47832 69.29638 1069.29785156
v 248.47995 148.65027 937.95196533
v 248.50984 71.44387 1039.13977051
v 248.51357 142.78694 931.82104492
v 248.53056 57.71553 1006.86157227
v 248.56276 53.16212 1023.75897217
v 248.56798 129.89503 956.84100342
v 248.60558 72.58698 1041.35095215
v 248.64397 55.03981 1025.75769043
v 248.65114 73.02998 1042.83532715
v 248.66257 143.22308 958.60162354
v 248.66862 149.71269 951.81048584
v 248.71516 48.02634 1020.11230469
v 248.73204 41.98756 1030.64721680
v 248.73744 149.29642 942.41589355
v 248.74561 43.16590 1025.33740234
v 248.78922 55.37505 1075.54284668
v 248.79480 49.98680 1019.03411865
v 248.81953 67.42561 1007.93762207
v 248.83430 149.27414 948.91394043
v 248.85376 74.13290 882.45391846
v 248.88869 62.31581 1017.59088135
v 248.89975 45.22357 1021.81707764
v 248.91183 54.00322 1008.23468018
v 248.92041 62.72144 1077.77807617
v 248.92561 71.38662 885.33392334
v 248.93002 46.29281 1020.69555664
v 248.96089 57.22622 1026.98107910
v 248.96982 70.18066 1011.15679932
v 248.99701 67.98975 1033.34326172
v 249.01787 67.98116 1015.99090576
v 249.02638 126.28300 937.05334473
v 249.03285 69.77066 1009.60986328
v 249.03299 80.56926 881.51159668
v 249.04994 70.01134 1013.86932373
v 249.07870 89.30578 905.23168945
v 249.08046 148.22253 957.44885254
v 249.08646 85.42321 885.04656982
v 249.08960 89.87602 904.31341553
v 249.11678 44.54317 1023.00311279
v 249.12552 123.07650 943.78924561
v 249.14352 54.71398 1022.70568848
v 249.14656 86.70710 907.58312988
v 249.15170 125.17076 937.97564697
v 249.17593 69.05423 899.17071533
v 249.17899 66.47556 1017.13745117
v 249.20354 148.76283 956.43988037
v 249.21344 123.14989 941.40368652
v 249.24507 88.28697 894.00518799
v 249.25142 145.29681 958.81506348
v 249.26466 71.53825 1061.88256836
v 249.26675 43.08873 1063.85632324
v 249.27484 135.60809 958.77758789
v 249.28015 66.66648 897.24249268
v 249.29973 134.69987 931.88482666
v 249.30104 143.34578 932.38183594
v 249.31027 148.10022 937.48333740
v 249.31110 88.87909 906.00817871
v 249.31363 57.44544 1005.49835205
v 249.34447 71.03466 1064.19213867
v 249.34604 147.31615 936.02307129
v 249.35234 126.41329 955.81793213
v 249.35814 49.54092 1017.82830811
v 249.39441 62.57737 1005.13269043
v 249.40269 66.98977 1032.05346680
v 249.41925 62.28762 1020.78479004
v 249.47081 123.75777 952.63159180
v 249.48680 123.06889 950.55957031
v 249.48708 148.95631 948.40222168
v 249.49080 71.42510 1014.67022705
v 249.49498 60.62379 1022.20056152
v 249.50365 69.81893 1016.22796631
v 249.53104 68.36835 1005.51055908
v 249.54890 81.97544 882.31732178
v 249.56252 46.04318 1069.13854980
v 249.57109 90.37846 902.46356201
v 249.58006 84.49309 908.36389160
v 249.58258 54.14297 1007.25543213
v 249.63597 39.92951 1053.50561523
v 249.64716 131.44994 932.80645752
v 249.66689 55.98534 1025.60717773
v 249.67487 65.45334 895.19342041
v 249.67947 75.00248 881.96765137
v 249.69058 41.43653 1034.39929199
v 249.73108 50.09940 1015.92926025
v 249.73299 52.00502 1011.61090088
v 249.74695 57.41751 1026.13488770
v 249.75064 62.45000 1029.72766113
v 249.75708 145.53047 934.33306885
v 249.76625 55.26594 1024.60046387
v 249.80605 74.22350 1049.41284180
v 249.88910 74.46746 1017.58007812
v 249.89288 70.75867 1006.37335205
v 249.91005 124.29511 954.81280518
v 249.92038 67.52997 1004.40051270
v 249.92621 123.99101 937.42193604
v 249.93227 67.58871 1019.34124756
v 249.94405 44.56607 1023.72387695
v 249.96132 55.86689 1024.23950195
v 249.97209 48.22390 1018.45812988
v 249.97917 148.25031 957.27972412
v 250.01389 61.29789 1003.50317383
v 250.01506 67.81821 1077.32666016
v 250.01988 49.59783 1073.37268066
v 250.03300 48.91900 1072.86157227
v 250.04733 56.40647 1025.16467285
v 250.06204 65.26709 1022.74627686
v 250.06627 121.09006 941.34075928
v 250.08081 87.89857 908.23974609
v 250.08228 121.81410 938.85443115
v 250.09689 59.53469 1003.44006348
v 250.18416 89.96577 903.40588379
v 250.19447 146.13901 958.97863770
v 250.19965 85.39770 909.35534668
v 250.21892 69.29371 1020.59228516
v 250.22127 65.98831 1078.83337402
v 250.25218 148.45575 956.76635742
v 250.26561 44.59017 1065.78808594
v 250.30080 143.24657 932.96258545
v 250.30345 66.98257 900.04113770
v 250.30821 125.97285 935.39941406
v 250.32056 83.29053 909.09326172
v 250.34267 88.71577 907.57409668
v 250.34558 55.96940 1004.97241211
v 250.34726 77.01058 1010.54522705
v 250.34914 60.09804 1024.30554199
v 250.35495 71.10558 884.72985840
v 250.36494 89.29202 898.74273682
v 250.37927 138.26659 931.51483154
v 250.40714 72.54827 883.63623047
v 250.42865 69.48322 1004.12573242
v 250.44864 66.62314 1022.90710449
v 250.45050 76.42825 881.58496094
v 250.45746 129.15466 958.80731201
v 250.48355 64.17931 1003.76995850
v 250.50452 46.40082 1019.32690430
v 250.57362 87.86729 909.53503418
v 250.58635 77.62005 1017.31195068
v 250.60735 119.37560 942.11303711
v 250.62413 76.99900 1008.29974365
v 250.67255 59.11872 1003.04528809
v 250.68019 68.36225 901.17126465
v 250.71461 61.58862 1002.90673828
v 250.71823 78.22768 1010.59649658
v 250.72458 76.75393 1018.96130371
v 250.72816 40.58656 1043.06640625
v 250.74406 40.29652 1051.21228027
v 250.74690 48.24958 1017.71899414
v 250.75092 60.53386 1026.13354492
v 250.76012 86.04289 889.72772217
v 250.76039 117.59315 937.94628906
v 250.77092 62.35817 1028.44665527
v 250.77902 148.69235 953.85742188
v 250.83850 88.56622 909.09014893
v 250.85147 69.30255 1003.83764648
v 250.85454 118.80208 936.35424805
v 250.85556 89.72379 902.36352539
v 250.86472 124.39896 935.11474609
v 250.89592 45.22971 1022.81561279
v 250.95107 89.26752 907.05065918
v 250.96049 73.12332 1021.05444336
v 250.96791 146.67047 958.78967285
v 251.01730 71.94111 1068.34887695
v 251.02997 120.26772 951.94628906
v 251.05186 77.65660 881.63421631
v 251.05290 59.72364 1079.31323242
v 251.05579 117.14570 940.34582520
v 251.06686 87.66659 911.94891357
v 251.08440 60.29837 1002.70489502
v 251.11787 56.64849 1004.13513184
v 251.12057 61.81823 1027.22424316
v 251.13744 64.31651 893.24169922
v 251.14220 64.40025 900.42547607
v 251.14281 70.53329 1004.21966553
v 251.15639 46.49128 1019.12640381
v 251.16241 74.72119 1053.69970703
v 251.16811 148.69406 945.11492920
v 251.17474 63.72340 899.60638428
v 251.17868 116.97440 936.59002686
v 251.18842 49.00870 1073.37463379
v 251.20644 55.62194 1004.79461670
v 251.21118 63.72401 1003.27368164
v 251.21127 70.54251 1023.43066406
v 251.21550 69.88404 1075.68774414
v 251.22594 67.87987 1079.58459473
v 251.23651 116.31426 937.36181641
v 251.24530 78.13871 1019.50317383
v 251.24701 73.25518 1005.89648438
v 251.25719 73.32304 883.14965820
v 251.27887 44.67516 1064.73425293
v 251.30702 59.55635 1002.77227783
v 251.31981 62.37300 1002.88775635
v 251.32079 144.84840 960.63214111
v 251.33130 42.83678 1059.23962402
v 251.37894 48.08998 1072.29760742
v 251.39043 88.67917 911.93188477
v 251.39653 66.36230 1029.59423828
v 251.41061 84.26136 886.70764160
v 251.42148 70.79977 884.51983643
v 251.48659 78.82794 1007.80694580
v 251.49252 63.35874 895.92999268
v 251.49374 127.44721 933.21459961
v 251.50507 48.30829 1017.36956787
v 251.54070 77.97243 1007.10467529
v 251.55562 46.12152 1019.55603027
v 251.56230 74.96182 882.24426270
v 251.58420 51.04202 1074.90087891
v 251.59804 89.60730 904.59259033
v 251.61177 126.07022 959.11120605
v 251.67358 80.26450 1010.07037354
v 251.68356 65.68360 1080.70568848
v 251.73064 75.44185 1039.49401855
v 251.74052 147.83928 939.60412598
v 251.75961 62.62261 898.83178711
v 251.77756 71.05224 1072.39270020
v 251.80383 145.84392 936.73944092
v 251.81157 72.69018 1005.29193115
v 251.81548 141.02216 932.56408691
v 251.82249 64.64022 1025.73461914
v 251.82372 73.87775 1061.08569336
v 251.84932 76.27794 1048.54821777
v 251.87489 115.08627 937.81823730
v 251.87901 52.69566 1007.88055420
v 251.88951 68.44863 1003.43750000
v 251.90677 124.98291 933.44122314
v 251.91347 55.44333 1004.86218262
v 251.91701 140.55956 962.41149902
v 251.97534 114.93127 939.32507324
v 251.98926 141.87897 962.29632568
v 251.99094 64.36249 1027.58972168
v 252.00861 78.88119 1007.20794678
v 252.01370 50.68244 1013.08190918
v 252.01639 58.01428 1079.55651855
v 252.01921 45.90611 1067.65368652
v 252.02376 71.14309 904.11187744
v 252.02750 75.60139 1006.35797119
v 252.05228 65.28801 1003.32781982
v 252.07144 70.20538 1003.72680664
v 252.11920 81.03434 1016.88214111
v 252.15271 81.50156 1010.91839600
v 252.15746 70.06761 1078.49975586
v 252.16103 64.67106 1026.56616211
v 252.16913 47.93336 1071.91650391
v 252.20309 87.92574 913.88543701
v 252.20955 74.31065 1035.26354980
v 252.23738 119.78625 955.25335693
v 252.25983 143.33224 961.89105225
v 252.26117 130.15329 931.92419434
v 252.26164 148.40099 950.90863037
v 252.26320 80.60105 1008.82067871
v 252.26585 71.90220 1031.92419434
v 252.26680 67.81254 1029.05200195
v 252.29036 134.56050 962.84600830
v 252.29341 79.26846 909.60504150
v 252.29498 78.67610 1021.40893555
v 252.30344 113.91663 938.23571777
v 252.30852 114.99941 935.60589600
v 252.34236 118.27754 953.33685303
v 252.35017 88.90402 913.40234375
v 252.36034 116.01989 943.34893799
v 252.36104 89.55174 907.29199219
v 252.38672 68.22571 886.01751709
v 252.38936 67.45029 1026.30383301
v 252.40408 124.73865 959.78466797
v 252.42314 81.44251 1018.81921387
v 252.42453 76.87682 1042.75097656
v 252.44708 84.82436 889.89904785
v 252.47437 110.50928 934.59655762
v 252.49396 127.43624 932.40551758
v 252.51440 113.61703 935.09356689
v 252.54341 112.62202 937.24951172
v 252.54782 84.60372 913.29016113
v 252.54987 74.86481 1058.63549805
v 252.56107 50.19317 1074.44042969
v 252.56522 67.44439 1027.27453613
v 252.56544 83.18773 1013.13409424
v 252.57234 87.13651 914.78594971
v 252.58594 73.11465 883.42474365
v 252.59389 88.57137 901.33630371
v 252.60014 82.34956 885.24377441
v 252.61044 108.13210 933.51989746
v 252.61862 113.57173 933.72967529
v 252.65958 76.92498 1039.14794922
v 252.66277 46.09804 1021.86596680
v 252.66370 80.04574 1022.30322266
v 252.67336 81.78647 1009.30065918
v 252.67789 108.77979 930.96173096
v 252.67793 77.09779 882.16229248
v 252.73605 117.26758 933.25762939
v 252.74048 81.11493 883.88519287
v 252.75798 73.75081 1032.64648438
v 252.77077 116.53676 947.90332031
v 252.78069 45.46918 1063.69995117
v 252.82323 89.56971 912.58789062
v 252.83817 45.05580 1061.85559082
v 252.84799 142.96948 962.58337402
v 252.86124 148.47299 944.89489746
v 252.88562 76.78503 1050.37084961
v 252.88943 70.84431 1078.34106445
v 252.89838 78.47141 1006.75274658
v 252.91020 47.92101 1071.41125488
v 252.91692 125.36201 932.47894287
v 252.92001 148.16431 952.28698730
v 252.93195 83.61383 1021.66827393
v 252.94475 115.05773 932.56408691
v 252.98135 85.70747 1012.31829834
v 252.98708 78.74012 882.45910645
v 252.99126 108.13171 929.72045898
v 252.99141 73.72272 1024.04797363
v 253.00099 47.34598 1019.10656738
v 253.01523 71.91328 1025.04968262
v 253.01598 80.67202 1007.96209717
v 253.02333 63.91015 1081.92456055
v 253.04347 118.97169 932.51873779
v 253.04454 44.81969 1030.59606934
v 253.05505 109.42536 929.69653320
v 253.09326 75.17433 882.83477783
v 253.10110 77.91751 1040.22253418
v 253.11467 54.96736 1078.89453125
v 253.12090 130.90619 963.10699463
v 253.12891 46.08592 1066.13110352
v 253.13075 42.89174 1037.86315918
v 253.13249 68.40266 904.26708984
v 253.13661 43.49057 1057.53234863
v 253.14110 69.59119 1028.39062500
v 253.15074 51.96316 1008.95660400
v 253.15730 48.05132 1018.03527832
v 253.19838 42.75834 1054.61523438
v 253.22563 105.49609 929.93865967
v 253.23799 88.81213 917.06323242
v 253.25581 68.84249 885.00592041
v 253.25844 83.21914 887.42913818
v 253.26041 75.18674 1031.93298340
v 253.26825 78.60259 1038.48571777
v 253.27081 84.73590 1018.16131592
v 253.38614 70.39318 1027.37500000
v 253.39169 85.69306 1010.19628906
v 253.40367 79.88859 1026.51403809
v 253.43959 79.34601 882.92620850
v 253.44344 89.80473 918.08026123
v 253.44972 91.35367 920.86114502
v 253.45915 98.53128 924.92529297
v 253.46823 102.11446 927.05554199
v 253.47986 92.81756 921.07482910
v 253.48282 89.93982 916.43756104
v 253.48500 103.32881 931.77661133
v 253.49178 110.80816 942.87487793
v 253.50835 76.25463 1030.06494141
v 253.51479 88.78790 903.77862549
v 253.52269 147.74077 953.88647461
v 253.53052 106.48427 928.13916016
v 253.53271 97.49883 922.44830322
v 253.55806 146.89424 957.35473633
v 253.56093 98.69333 926.20062256
v 253.56265 74.25664 1026.05517578
v 253.56792 123.87746 932.12561035
v 253.57381 54.24678 1006.11022949
v 253.57430 78.79073 1029.55285645
v 253.57959 72.74803 1028.15112305
v 253.59340 143.21835 935.39703369
v 253.59387 89.88911 911.70037842
v 253.60144 104.84339 936.10729980
v 253.60983 81.60189 1034.78051758
v 253.62029 84.63987 915.52874756
v 253.62198 144.53055 936.57440186
v 253.62985 45.56707 1028.20629883
v 253.67578 117.23506 957.77667236
v 253.69611 112.77570 930.11724854
v 253.72739 69.74924 884.37792969
v 253.73035 56.94430 1004.30145264
v 253.73073 87.38399 918.40319824
v 253.74829 90.85321 921.94281006
v 253.78767 64.87755 888.87939453
v 253.78874 113.61872 951.23791504
v 253.79681 146.26134 938.88854980
v 253.80209 93.95993 920.31469727
v 253.80290 81.43884 1028.33605957
v 253.80673 109.08755 928.24853516
v 253.81181 86.12276 1018.59985352
v 253.81560 108.37008 941.08782959
v 253.85292 91.70825 918.40460205
v 253.85548 101.83021 925.29852295
v 253.88196 80.24544 1038.87597656
v 253.88722 122.73680 961.94396973
v 253.94194 82.54046 1036.01293945
v 253.95186 81.76086 1029.99169922
v 253.96269 84.48691 1009.06903076
v 253.96873 78.51545 1044.02441406
v 253.97919 67.59705 1082.66528320
v 254.00975 47.83412 1069.87670898
v 254.01176 101.12650 931.74456787
v 254.01744 50.36334 1013.76208496
v 254.02979 82.42793 1008.33007812
v 254.05107 77.26086 882.86676025
v 254.06389 61.27228 903.44421387
v 254.07446 90.55658 915.36920166
v 254.09077 97.90473 927.61437988
v 254.10182 54.69571 1079.40466309
v 254.10788 114.78370 956.52899170
v 254.11536 53.95370 1078.88867188
v 254.11755 78.94706 1042.52844238
v 254.12755 89.35373 1014.59625244
v 254.13635 76.19588 1055.40466309
v 254.16080 95.90028 926.15588379
v 254.17149 85.69296 1023.73065186
v 254.18623 116.27885 930.57788086
v 254.20210 83.51401 1034.09716797
v 254.21503 122.52766 931.52655029
v 254.23065 83.56573 889.65972900
v 254.24910 144.20442 962.16497803
v 254.25342 50.31015 1074.38867188
v 254.25641 60.24015 902.91748047
v 254.27042 145.75212 959.88653564
v 254.27907 69.93040 1081.63903809
v 254.30118 94.66755 919.72430420
v 254.30305 103.64612 925.54565430
v 254.33076 111.24620 928.69958496
v 254.35696 44.01779 1055.42749023
v 254.40645 93.13403 918.46716309
v 254.40912 62.75336 1082.79235840
v 254.41698 66.50407 1083.22644043
v 254.43057 91.69434 916.90344238
v 254.43388 87.77245 1017.60461426
v 254.44586 83.69438 1027.34570312
v 254.44675 130.57207 931.47467041
v 254.46233 98.78074 921.14868164
v 254.46437 111.42752 950.40667725
v 254.50250 62.07575 893.73370361
v 254.57683 81.45097 1039.09155273
v 254.57700 99.91268 921.96582031
v 254.59715 74.53061 883.33422852
v 254.60202 141.22922 964.06652832
v 254.64375 70.84570 1081.09948730
v 254.67390 109.09449 926.99096680
v 254.67641 88.69791 1010.68408203
v 254.68668 116.36468 930.11505127
v 254.70561 46.80965 1061.12316895
v 254.72684 125.89686 964.64605713
v 254.74944 73.46332 1004.75579834
v 254.77895 58.80373 900.63580322
v 254.79823 148.07262 944.87573242
v 254.80800 78.79146 1046.91833496
v 254.81992 91.17206 1013.09783936
v 254.82039 52.02372 1008.91278076
v 254.82930 69.27015 906.96697998
v 254.84584 72.05694 1079.38940430
v 254.87946 106.54046 925.90380859
v 254.88109 49.23078 1016.40289307
v 254.91493 91.52969 915.91723633
v 254.92981 90.87232 914.61285400
v 254.95721 95.98288 919.62719727
v 254.96214 58.85180 902.67388916
v 254.96826 127.42677 931.59924316
v 254.97102 52.92361 1007.83874512
v 254.97346 102.45496 923.86816406
v 254.98799 105.26618 925.54284668
v 254.99484 75.96524 1064.13415527
v 255.02428 44.87148 1034.41113281
v 255.03426 111.92287 928.59576416
v 255.07048 46.94610 1026.12194824
v 255.07881 113.51093 929.30499268
v 255.08318 90.36105 912.71087646
v 255.08755 92.58780 917.06018066
v 255.09599 124.10021 931.35290527
v 255.12874 91.90164 1014.01965332
v 255.19911 101.14793 936.50524902
v 255.20039 89.67729 923.98724365
v 255.21057 140.55089 934.46734619
v 255.21884 134.26579 965.89672852
v 255.22070 64.37226 888.64636230
v 255.25655 52.99982 1078.47900391
v 255.25923 77.97865 883.38397217
v 255.26498 64.91469 1083.80053711
v 255.27914 78.67316 1048.73266602
v 255.30194 129.98836 965.99340820
v 255.30258 91.41840 1016.01501465
v 255.37671 88.16607 1020.30249023
v 255.38969 105.09140 941.80584717
v 255.43944 70.46267 1003.53936768
v 255.44060 89.11378 907.63415527
v 255.44194 106.81821 944.68072510
v 255.45804 115.71239 960.32989502
v 255.46379 62.47934 1003.38287354
v 255.46445 87.01590 1024.78540039
v 255.47693 43.59185 1044.26464844
v 255.49594 96.85908 930.46148682
v 255.51071 58.21920 899.83502197
v 255.51875 92.47308 1013.09936523
v 255.51886 107.04076 925.80725098
v 255.54501 52.05528 1009.42089844
v 255.60936 95.25110 929.23120117
v 255.65300 81.19479 1041.62219238
v 255.65895 146.64775 955.60101318
v 255.66371 111.14642 955.48425293
v 255.67509 122.61891 965.21478271
v 255.69106 50.31382 1073.35986328
v 255.73723 79.81229 884.19592285
v 255.74973 48.84097 1069.42553711
v 255.75090 46.29176 1056.87939453
v 255.75966 74.96652 912.10314941
v 255.80008 86.30397 1032.01464844
v 255.81581 48.08291 1021.84997559
v 255.83380 121.74555 930.01953125
v 255.83476 58.31279 898.68304443
v 255.83725 99.21464 936.68383789
v 255.83990 139.92728 965.47241211
v 255.86534 105.71357 944.86730957
v 255.86673 95.15536 1016.19482422
v 255.88901 43.89542 1045.68774414
v 255.89247 145.48041 939.21984863
v 255.89470 83.09778 918.66711426
v 255.90019 105.27929 925.13226318
v 255.90726 90.67855 1011.02111816
v 255.90976 147.10477 943.47283936
v 255.97160 44.21118 1047.59729004
v 255.98366 58.33424 904.69207764
v 255.99168 115.37749 929.44860840
v 255.99733 107.57163 950.08258057
v 256.00482 146.16426 957.94372559
v 256.01025 86.16486 922.92041016
v 256.01532 125.45457 931.35992432
v 256.01843 85.53168 1036.86059570
v 256.04517 146.33363 941.08923340
v 256.04700 95.68994 1015.58343506
v 256.07574 50.20996 1015.31451416
v 256.10129 64.58383 887.98876953
v 256.11667 77.67512 1006.01861572
v 256.14517 90.01119 911.18621826
v 256.14954 70.17528 883.99261475
v 256.16278 73.15788 1004.06103516
v 256.16525 53.68436 1007.75683594
v 256.17859 95.03059 918.30987549
v 256.21271 134.94650 967.03302002
v 256.21527 54.08030 1079.78674316
v 256.21695 97.82959 919.89288330
v 256.23669 144.34714 962.22290039
v 256.23929 52.90623 1078.44299316
v 256.25504 69.99400 1083.56420898
v 256.31931 67.94697 885.04113770
v 256.43304 65.66685 886.84082031
v 256.45090 97.63321 938.57232666
v 256.46017 48.80854 1061.95007324
v 256.46100 57.24175 902.63452148
v 256.52853 148.48363 948.97851562
v 256.55939 77.81353 1058.94836426
v 256.59332 141.98019 964.50891113
v 256.60507 148.35046 950.20220947
v 256.63065 95.86044 1013.88024902
v 256.63394 92.61322 1018.51385498
v 256.64612 88.25785 1027.02148438
v 256.66214 71.68089 883.65093994
v 256.67163 100.13016 942.63964844
v 256.68719 61.18928 1003.85369873
v 256.71432 91.30681 1019.31188965
v 256.71814 84.06141 896.32470703
v 256.72461 90.43421 1020.15460205
v 256.72562 85.64793 900.14282227
v 256.76044 130.00865 968.32043457
v 256.78235 85.00640 925.40966797
v 256.79568 136.10817 967.41021729
v 256.82452 89.23674 930.35711670
v 256.84320 99.97838 921.21887207
v 256.86523 105.75816 925.13812256
v 256.88940 91.47260 914.47607422
v 256.89404 88.00242 1032.76245117
v 256.91623 115.31843 929.36828613
v 256.93701 51.50695 1075.65051270
v 256.94519 79.48835 918.22778320
v 256.94974 62.35713 891.01739502
v 256.95886 58.00087 1082.61853027
v 256.96698 80.74590 885.84991455
v 257.00000 52.71339 1009.87640381
v 257.00558 79.03249 1051.59082031
v 257.02017 116.22533 964.99334717
v 257.03244 59.82884 906.97473145
v 257.03506 93.74035 917.12756348
v 257.05261 96.97968 1018.02783203
v 257.05496 86.99026 1036.49401855
v 257.06998 93.78452 937.34588623
v 257.11514 120.46130 929.52825928
v 257.13321 57.18150 905.41912842
v 257.13690 57.71148 906.25518799
v 257.14645 113.88828 963.60211182
v 257.15991 106.84190 955.20935059
v 257.16174 90.62129 912.75506592
v 257.16431 94.73833 1012.17352295
v 257.17062 57.04763 900.37884521
v 257.19830 102.11975 949.43341064
v 257.28360 49.77397 1067.48083496
v 257.30731 110.63381 927.34356689
v 257.32361 98.00517 1017.75146484
v 257.39185 87.09243 904.99603271
v 257.39215 97.01002 1013.91693115
v 257.41647 45.57673 1041.59204102
v 257.42178 75.16460 1076.68701172
v 257.42923 148.22345 947.87518311
v 257.47330 89.56779 910.35827637
v 257.48569 85.73669 1038.94885254
v 257.49768 134.53178 932.63128662
v 257.50723 49.04462 1021.16644287
v 257.52185 122.88332 929.91998291
v 257.52887 142.62347 964.30383301
v 257.56305 145.07820 961.04370117
v 257.56650 145.63521 959.62689209
v 257.58231 67.00256 885.81756592
v 257.62640 130.77084 969.44659424
v 257.63373 137.23074 967.79345703
v 257.66275 112.85870 928.76770020
v 257.71118 57.05352 906.32434082
v 257.72177 148.19382 949.58746338
v 257.77075 51.15123 1014.45922852
v 257.78183 102.98463 923.53631592
v 257.79617 71.18873 883.86633301
v 257.81897 115.29333 929.51153564
v 257.84198 73.87148 1080.24426270
v 257.84695 82.45995 1006.70281982
v 257.85104 81.27738 888.47283936
v 257.85345 76.89860 1069.80920410
v 257.89691 141.43890 936.25158691
v 257.93011 107.70130 958.94311523
v 257.96002 99.24690 1016.77624512
v 257.99567 50.66699 1070.03576660
v 258.00961 79.59361 1052.98034668
v 258.02231 58.34003 896.16693115
v 258.02777 87.43647 1008.13238525
v 258.08118 91.88429 938.51818848
v 258.08990 74.77489 916.15869141
v 258.09079 50.15872 1061.67712402
v 258.13919 79.86497 1006.00079346
v 258.16000 120.19065 968.83068848
v 258.18991 52.07666 1075.75024414
v 258.20035 75.55462 1077.94934082
v 258.20755 77.90633 1067.05126953
v 258.20944 56.78404 1082.61291504
v 258.22501 127.38178 931.46990967
v 258.22891 109.13742 961.63702393
v 258.23633 100.16788 950.27770996
v 258.28922 144.60115 939.26403809
v 258.32654 125.14244 930.87780762
v 258.35965 98.90817 1014.84906006
v 258.36401 80.75395 886.97845459
v 258.40756 55.84909 904.60162354
v 258.50275 78.25337 884.12701416
v 258.51575 82.47357 928.18902588
v 258.53406 64.48210 949.57763672
v 258.54391 96.56275 945.30218506
v 258.54822 62.90926 948.39532471
v 258.54892 95.00809 943.32580566
v 258.55426 89.56989 937.88189697
v 258.56149 106.82861 960.59735107
v 258.57043 76.05464 918.72229004
v 258.57870 48.77833 1054.35205078
v 258.58237 54.30774 1079.85766602
v 258.58334 55.52941 1081.48034668
v 258.59344 113.86124 966.58105469
v 258.61121 99.21806 1019.15203857
v 258.61615 56.84874 899.08605957
v 258.63632 112.12782 928.70831299
v 258.64447 47.34713 1033.55004883
v 258.64902 83.19953 1006.43829346
v 258.65198 84.04877 899.05175781
v 258.65250 63.24439 947.04119873
v 258.65689 120.57874 929.91027832
v 258.65912 67.89212 912.25561523
v 258.67596 97.96659 1019.93499756
v 258.68768 84.69481 1041.57897949
v 258.69217 144.35454 962.42620850
v 258.70108 76.74636 1076.69335938
v 258.72742 114.64796 929.77557373
v 258.72745 78.96770 923.82397461
v 258.72763 63.94070 888.53082275
v 258.74258 146.60278 954.65997314
v 258.74307 100.78776 1023.32678223
v 258.76141 83.16831 1044.31591797
v 258.76215 88.00887 908.38281250
v 258.76596 100.18942 1018.18286133
v 258.82147 65.88087 948.34753418
v 258.82187 65.58256 951.47943115
v 258.82953 95.06506 917.84661865
v 258.84772 123.60628 930.17608643
v 258.87842 89.34138 1035.03552246
v 258.88889 99.93307 1024.17395020
v 258.89438 100.62655 1022.27905273
v 258.95551 91.27545 1025.82348633
v 258.96170 101.39380 1024.77062988
v 258.97400 72.98232 883.80133057
v 258.98096 64.15520 951.51232910
v 258.99295 93.81370 1021.14251709
v 258.99951 61.66661 947.00701904
v 259.00952 79.84538 885.29394531
v 259.01010 79.06300 1063.50744629
v 259.01907 91.93663 1023.54705811
v 259.02206 117.75845 930.40093994
v 259.04013 92.71989 1022.11175537
v 259.04092 142.44217 937.63226318
v 259.04623 132.56061 932.65942383
v 259.05539 53.59678 1078.18713379
v 259.07523 63.82120 1086.00134277
v 259.08008 115.84819 930.32604980
v 259.08539 98.99145 1020.86712646
v 259.10144 101.38077 1022.36224365
v 259.10736 145.07991 940.34167480
v 259.12927 78.48020 1069.91015625
v 259.13144 100.04600 1021.04901123
v 259.14432 55.87611 1007.77667236
v 259.15079 74.94911 1080.40954590
v 259.18906 49.19965 1024.96716309
v 259.19290 64.72227 945.79687500
v 259.21991 67.32487 949.39959717
v 259.22934 61.51729 949.07562256
v 259.24911 86.40865 1006.75866699
v 259.25607 110.00386 927.63812256
v 259.25867 57.82993 1083.51684570
v 259.26398 147.04477 952.47143555
v 259.27295 129.95868 931.93041992
v 259.33466 100.01628 1027.39868164
v 259.33875 102.04757 1024.33703613
v 259.34488 100.78814 1019.96221924
v 259.35043 100.84412 1016.38330078
v 259.35391 55.98755 1082.24011230
v 259.35568 48.12233 1030.10412598
v 259.35684 130.06732 971.36468506
v 259.36710 92.99207 915.99114990
v 259.36877 98.22022 1022.12823486
v 259.37830 55.30459 903.23620605
v 259.39859 89.50269 910.87365723
v 259.39929 67.04552 953.01489258
v 259.40567 80.68885 933.73590088
v 259.42642 87.28635 943.20361328
v 259.48297 67.43381 947.56628418
v 259.49808 91.35224 1030.29772949
v 259.50665 118.34918 931.02496338
v 259.51721 61.04615 947.85083008
v 259.53427 103.46639 962.54632568
v 259.54489 112.03196 929.21032715
v 259.54706 66.10238 953.62365723
v 259.54987 81.55712 1050.14282227
v 259.57837 62.73112 1004.28356934
v 259.60233 75.36152 922.78942871
v 259.60855 96.18488 952.85339355
v 259.63943 55.17017 1008.93682861
v 259.69250 132.85255 971.21002197
v 259.70914 80.54539 935.99340820
v 259.73669 100.75878 1029.06958008
v 259.75278 98.35091 1030.24414062
v 259.76688 71.26327 917.29876709
v 259.77402 75.28136 883.95745850
v 259.78030 48.00513 1035.97424316
v 259.78333 101.68903 1021.30236816
v 259.78708 68.90417 885.38543701
v 259.78830 73.32308 920.02105713
v 259.80042 86.22604 944.49237061
v 259.82416 146.12012 943.07983398
v 259.85202 102.23873 923.31976318
v 259.86960 106.02596 925.90509033
v 259.91290 104.50106 964.80480957
v 259.91492 96.38831 1010.59899902
v 259.93542 98.96867 1031.28540039
v 259.94855 99.97954 1030.77709961
v 259.95065 62.79932 944.18615723
v 259.96982 116.22096 931.77227783
v 260.00449 56.45916 908.86364746
v 260.00769 68.45030 957.54534912
v 260.03101 69.49131 916.14001465
v 260.04050 61.00698 949.55438232
v 260.05130 97.35656 1029.28637695
v 260.05707 63.26462 889.48114014
v 260.07220 76.64243 930.64678955
v 260.07751 118.72476 972.07183838
v 260.07794 65.47805 954.36944580
v 260.08316 100.91468 1029.91357422
v 260.08463 137.27148 969.66662598
v 260.08978 61.36315 945.11578369
v 260.09482 60.48788 1006.25549316
v 260.10175 96.07162 954.68695068
v 260.10861 124.41537 931.08148193
v 260.12604 91.32598 1008.11999512
v 260.15128 78.70139 1004.34118652
v 260.15247 53.41590 1076.40051270
v 260.15411 112.98585 969.73486328
v 260.15610 122.82005 930.74682617
v 260.16974 146.61673 945.65155029
v 260.17740 89.51514 948.45953369
v 260.17792 114.92742 931.64410400
v 260.18161 69.44184 955.96301270
v 260.18835 60.96507 1085.63305664
v 260.19055 55.16750 907.38232422
v 260.20068 108.97365 967.64947510
v 260.22946 60.75296 891.97143555
v 260.22998 95.63692 1023.92272949
v 260.23795 126.63583 931.58453369
v 260.24725 89.50822 1037.65478516
v 260.25085 66.54533 956.32098389
v 260.29477 127.64890 972.70336914
v 260.31128 80.50236 1064.72094727
v 260.32123 58.48545 894.90869141
v 260.35477 69.49754 1087.34069824
v 260.38120 67.33949 957.84466553
v 260.38507 63.89617 953.10162354
v 260.41281 102.93753 1025.19604492
v 260.45795 77.45599 884.51330566
v 260.46176 50.27092 1053.03894043
v 260.47525 54.65140 905.74700928
v 260.47818 102.86604 1026.44042969
v 260.49020 94.66744 917.57910156
v 260.49200 93.37347 1027.13415527
v 260.50189 81.97459 1056.82324219
v 260.50983 81.73161 1059.66918945
v 260.52939 60.58528 948.36480713
v 260.56641 90.97015 1035.82275391
v 260.59149 80.29393 1075.54077148
v 260.59732 78.99258 885.20672607
v 260.59836 56.23965 1009.02874756
v 260.61942 55.89714 1081.99096680
v 260.63007 102.04256 1018.29461670
v 260.65063 92.76117 1031.43286133
v 260.66238 69.77178 885.37359619
v 260.66367 145.19112 961.35998535
v 260.67746 57.29664 1083.42993164
v 260.71658 62.25185 911.79693604
v 260.72269 139.98361 968.35614014
v 260.74753 49.35437 1028.12268066
v 260.75369 102.69167 1023.95733643
v 260.78192 86.26708 1042.26245117
v 260.78510 55.35382 1080.89123535
v 260.81097 123.70998 931.56719971
v 260.82669 96.01524 1025.82348633
v 260.85437 66.11085 956.37445068
v 260.88092 95.87540 1031.05200195
v 260.88730 63.49197 942.71441650
v 260.89273 64.85321 913.46929932
v 260.89487 103.54595 924.66809082
v 260.90100 115.91994 934.06597900
v 260.91498 70.59853 948.13934326
v 260.91730 95.60145 1029.01257324
v 260.92670 143.27480 939.05645752
v 260.94748 65.28031 955.04028320
v 260.95209 81.17313 941.69256592
v 260.96722 94.02028 1028.30200195
v 261.00189 67.44881 942.84991455
v 261.01276 95.11971 1026.22351074
v 261.01562 69.00190 944.30914307
v 261.04013 92.41318 915.29602051
v 261.04471 97.57410 1033.24548340
v 261.05142 98.47623 961.37927246
v 261.05673 133.09880 933.90948486
v 261.06503 78.94473 1078.75891113
v 261.06540 98.80035 1032.99304199
v 261.07449 102.43527 1021.58850098
v 261.08572 94.16240 1031.09375000
v 261.10007 71.42669 951.65216064
v 261.12558 85.00008 947.93554688
v 261.12906 82.23022 1071.46350098
v 261.13120 65.38414 941.82623291
v 261.13684 96.10358 1033.00061035
v 261.14020 95.66059 1008.64141846
v 261.14749 118.73190 934.85021973
v 261.15237 70.81213 957.19500732
v 261.16495 141.02460 967.71557617
v 261.16763 90.30212 1038.82373047
v 261.18051 50.25014 1046.31787109
v 261.18359 78.00623 938.43194580
v 261.19186 71.34930 922.09869385
v 261.19394 146.87532 948.71697998
v 261.21167 74.17587 931.68328857
v 261.22226 122.75395 932.28393555
v 261.22745 107.87916 928.28161621
v 261.24396 92.06076 1036.63134766
v 261.24960 119.72793 974.09185791
v 261.25342 102.58358 1027.59875488
v 261.25705 52.41418 1018.40270996
v 261.26263 63.12312 952.56262207
v 261.26978 60.43456 946.76074219
v 261.28226 86.40892 906.49780273
v 261.28430 60.17186 1007.53741455
v 261.28912 103.14500 1025.47460938
v 261.29492 54.46988 903.72393799
v 261.29547 68.04932 941.79510498
v 261.32056 118.49807 943.85540771
v 261.33652 118.49007 936.10565186
v 261.34778 100.30029 964.41009521
v 261.37738 116.22829 936.51470947
v 261.38144 73.02675 1085.67309570
v 261.38922 80.66197 944.46545410
v 261.39514 114.36665 934.54156494
v 261.40359 82.74085 1053.54589844
v 261.40417 72.08089 946.58074951
v 261.41241 103.12088 1026.23449707
v 261.41309 121.61387 933.42425537
v 261.43240 87.82619 951.19812012
v 261.45093 92.62332 955.52679443
v 261.45447 73.48892 934.17382812
v 261.45462 68.28578 940.44897461
v 261.47620 82.51443 947.55584717
v 261.47635 69.96804 959.13775635
v 261.48019 76.40604 938.86297607
v 261.50748 94.58990 957.86053467
v 261.51236 66.51814 940.03717041
v 261.51248 117.60892 945.61975098
v 261.51260 59.33115 1085.39208984
v 261.51877 72.96869 932.41101074
v 261.52454 146.64940 952.69702148
v 261.52502 80.79823 1004.01544189
v 261.52530 52.52255 1062.74340820
v 261.52554 120.88445 942.14489746
v 261.52670 67.56254 958.39648438
v 261.53134 80.72703 947.03613281
v 261.53580 91.84164 1039.19018555
v 261.54010 100.03301 1011.82727051
v 261.54425 78.24777 1080.24121094
v 261.56729 85.46244 1004.40960693
v 261.56732 62.25679 942.74597168
v 261.56906 72.99812 952.65020752
v 261.57541 71.10273 958.46069336
v 261.57642 114.39569 943.39788818
v 261.60266 68.32642 959.05987549
v 261.61221 74.16531 950.32055664
v 261.62509 131.31619 973.85528564
v 261.63177 95.51740 1038.20886230
v 261.63693 73.01129 939.96722412
v 261.64899 50.06925 1042.66430664
v 261.65335 83.24845 1060.30981445
v 261.66809 72.37339 928.28509521
v 261.69034 63.95328 889.37518311
v 261.69260 127.04785 932.25775146
v 261.70206 65.97406 888.04223633
v 261.74240 103.34734 968.03411865
v 261.74347 121.48060 935.15820312
v 261.76917 51.13352 1025.53271484
v 261.78796 49.92745 1029.97668457
v 261.78943 96.72115 1037.78112793
v 261.79208 83.45775 1058.20812988
v 261.79694 69.17872 959.73193359
v 261.79938 136.51457 935.57269287
v 261.80270 112.66718 972.85760498
v 261.80609 54.05806 1015.13677979
v 261.81226 93.53758 1040.41137695
v 261.81680 98.84874 1034.57214355
v 261.82913 61.42729 943.47332764
v 261.83710 69.92568 922.95050049
v 261.83810 141.64906 967.35845947
v 261.85748 112.81674 942.41571045
v 261.85767 85.91246 1045.00390625
v 261.85953 61.10575 891.63226318
v 261.86395 83.04319 1066.52209473
v 261.86621 121.77725 944.83343506
v 261.87332 63.79578 940.86492920
v 261.88031 78.65826 1003.52270508
v 261.88925 101.31425 1031.01098633
v 261.89789 65.30477 955.26678467
v 261.94012 119.96700 946.98046875
v 261.94867 108.79695 929.99371338
v 261.96173 63.68658 914.51568604
v 261.98337 68.20001 918.91351318
v 261.98734 82.76320 1076.80578613
v 261.99707 74.86607 884.91961670
v 261.99713 115.96716 946.64190674
v 262.00702 128.31342 975.15405273
v 262.01331 70.87745 960.86822510
v 262.01651 120.75395 946.70233154
v 262.02441 101.46078 1013.36718750
v 262.03314 73.09745 885.21057129
v 262.03400 87.86160 1042.76293945
v 262.06241 137.66205 970.92279053
v 262.06393 122.45670 942.00866699
v 262.06528 113.20593 944.61706543
v 262.07745 77.73429 885.32666016
v 262.08481 71.09641 929.74932861
v 262.09256 51.41860 1047.22863770
v 262.10266 90.83566 1005.84979248
v 262.12332 146.07144 959.34716797
v 262.13138 139.38733 937.07952881
v 262.14578 73.86914 955.55755615
v 262.16055 60.50751 1086.20080566
v 262.16180 146.69627 950.78851318
v 262.18637 122.33156 938.08636475
v 262.23822 118.98451 947.62030029
v 262.25769 122.99433 934.72418213
v 262.26328 50.19209 1032.25573730
v 262.28085 126.36254 932.72595215
v 262.28091 95.19118 918.29357910
v 262.28320 64.33563 939.07489014
v 262.30029 60.31261 947.08642578
v 262.31183 117.33584 975.16058350
v 262.33243 59.44036 913.06182861
v 262.35104 63.62007 952.88067627
v 262.35272 111.51576 941.35974121
v 262.35681 135.06842 972.55639648
v 262.37408 59.50806 1009.25115967
v 262.40887 67.14779 958.01861572
v 262.41254 73.30029 960.98150635
v 262.42969 102.81833 1026.14611816
v 262.43198 75.88081 954.69866943
v 262.44284 82.74702 899.97338867
v 262.44742 86.65564 957.29559326
v 262.44977 107.92365 929.78961182
v 262.48529 70.12763 961.60424805
v 262.49527 62.67411 940.97552490
v 262.50024 129.62251 932.70727539
v 262.50369 98.86228 1036.07104492
v 262.52087 78.65105 953.48455811
v 262.52658 83.71058 956.63146973
v 262.53308 68.67086 960.07684326
v 262.53644 123.23983 942.96148682
v 262.54004 67.98741 922.21112061
v 262.56079 97.97568 966.63671875
v 262.57901 85.38403 1071.27368164
v 262.60269 55.74442 911.17437744
v 262.60626 85.29226 1073.50769043
v 262.60727 67.31159 930.47454834
v 262.63998 111.46129 936.19360352
v 262.67938 84.13441 1076.25817871
v 262.68781 77.47820 957.88446045
v 262.69385 76.12835 1003.31170654
v 262.72479 52.20185 1054.92700195
v 262.72614 84.68303 1050.40527344
v 262.73062 97.20388 1038.85290527
v 262.74701 58.80722 894.45025635
v 262.76831 89.41444 960.88403320
v 262.76953 115.01285 947.36761475
v 262.77640 124.47367 934.18798828
v 262.78854 122.51603 946.52374268
v 262.80002 60.85315 943.90185547
v 262.80875 67.89906 1003.77941895
v 262.81644 111.19636 943.76562500
v 262.82407 81.00089 896.41149902
v 262.83536 146.56500 947.94317627
v 262.83862 65.36607 955.08636475
v 262.84836 85.11752 1058.42907715
v 262.85397 63.36276 938.78662109
v 262.86472 54.49250 910.32562256
v 262.87991 110.04189 933.20819092
v 262.88068 86.54124 959.22851562
v 262.88397 82.29569 958.08679199
v 262.91272 71.80444 1088.48950195
v 262.92126 61.32026 950.01837158
v 262.92371 100.83926 1033.03674316
v 262.92426 76.41399 885.55841064
v 262.92493 54.15734 1071.72924805
v 262.92981 78.75212 958.54797363
v 262.93210 132.75677 974.38800049
v 262.93674 91.54839 963.53112793
v 262.96066 80.00935 887.68676758
v 262.96399 110.63789 942.72973633
v 262.98233 61.89007 941.32678223
v 262.99280 66.17175 926.42138672
v 262.99423 101.61845 970.45623779
v 263.00879 53.77936 908.97198486
v 263.02060 103.10540 1019.86120605
v 263.02191 99.65199 1034.96508789
v 263.03830 108.35686 974.47125244
v 263.05951 86.04414 1072.66638184
v 263.07092 93.93505 1042.77539062
v 263.08527 57.66293 1012.04895020
v 263.11197 72.04803 964.11236572
v 263.13034 72.85625 963.96533203
v 263.14130 108.63506 931.54138184
v 263.15875 85.79435 1067.38012695
v 263.17548 91.74846 1044.43444824
v 263.20624 86.54031 1061.26037598
v 263.23544 81.81475 1080.60278320
v 263.24438 102.83793 1023.31018066
v 263.25275 67.62691 887.88226318
v 263.25906 68.93971 961.00915527
v 263.27710 102.97849 1022.21002197
v 263.28510 55.09449 1077.12756348
v 263.29184 97.47184 1039.13134766
v 263.30768 86.14821 1048.20629883
v 263.31589 104.13274 926.38238525
v 263.31711 70.42664 963.75329590
v 263.34198 55.31694 1015.57452393
v 263.37439 89.50062 912.22406006
v 263.39853 87.99398 1046.11743164
v 263.39938 107.45707 930.14160156
v 263.40323 56.50719 897.19409180
v 263.40881 105.54723 927.81591797
v 263.41116 96.00921 1005.65728760
v 263.41489 69.53335 962.02636719
v 263.41751 86.99061 1047.08215332
v 263.42401 64.75070 930.76263428
v 263.42432 127.40701 933.39343262
v 263.45172 78.70255 1002.86883545
v 263.47162 54.89389 912.00317383
v 263.53497 52.98008 1052.85302734
v 263.56204 51.81070 1030.38061523
v 263.56732 80.32466 894.70367432
v 263.57056 54.34976 1060.69409180
v 263.62070 65.64383 888.97473145
v 263.62555 51.92517 1036.34960938
v 263.63171 77.01798 1003.08038330
v 263.63998 80.11705 889.21197510
v 263.64056 85.88319 1075.07836914
v 263.64844 109.17764 933.43377686
v 263.65555 86.99132 1003.23706055
v 263.66110 61.33202 916.35424805
v 263.67081 145.16689 962.60382080
v 263.71915 87.27340 1060.24475098
v 263.72153 79.80849 888.05395508
v 263.72568 71.88844 964.76116943
v 263.73810 116.60904 977.32220459
v 263.73828 72.89012 1088.44738770
v 263.75061 125.23042 935.24267578
v 263.75589 54.08493 1058.17517090
v 263.76859 56.26682 913.47198486
v 263.80591 102.57526 1012.61706543
v 263.80682 124.79234 936.88653564
v 263.82590 130.50668 933.51965332
v 263.83426 129.36543 933.37506104
v 263.83914 101.02104 1032.81225586
v 263.83994 97.90546 1006.10021973
v 263.84879 66.84716 1089.08508301
v 263.85901 65.35592 954.32348633
v 263.86646 89.14179 1003.50805664
v 263.86893 70.97249 964.45172119
v 263.88831 55.14738 1074.68322754
v 263.91830 77.84401 961.08367920
v 263.92993 109.42098 935.61859131
v 263.94846 53.14513 908.81805420
v 263.95096 64.39153 919.74176025
v 263.95709 53.77666 1021.56298828
v 263.96509 93.06482 916.78839111
v 263.96655 85.99814 961.89404297
v 263.97623 100.72560 1008.57702637
v 263.97852 94.15717 917.92510986
v 263.98569 91.58334 1004.04205322
v 263.99442 73.95760 964.99597168
v 263.99844 83.10506 902.50573730
v 264.01074 74.55051 1086.98095703
v 264.01431 79.20786 887.55560303
v 264.03098 84.04008 961.13879395
v 264.04062 53.54328 912.15814209
v 264.05402 63.38810 932.02416992
v 264.06458 55.39880 1069.38781738
v 264.09161 53.49206 905.84283447
v 264.09915 68.11047 959.03759766
v 264.13345 126.03443 977.86291504
v 264.15930 109.09908 940.61932373
v 264.17590 87.23604 1067.49267578
v 264.19266 61.83700 938.52099609
v 264.19644 82.07859 1081.66638184
v 264.21130 60.39249 946.60729980
v 264.21704 88.08685 1061.17700195
v 264.24164 69.55220 962.61303711
v 264.28226 54.44886 1052.99340820
v 264.29596 52.89562 911.11163330
v 264.31598 55.63442 1059.72998047
v 264.31894 84.03377 904.61480713
v 264.33798 64.03902 1006.91741943
v 264.33823 107.07918 930.05847168
v 264.34644 68.60731 1089.60949707
v 264.34647 79.45450 961.78961182
v 264.35138 115.11913 949.51464844
v 264.35172 72.99693 965.73333740
v 264.36246 133.35005 934.91217041
v 264.36334 123.83284 948.56610107
v 264.37408 70.51633 1089.66943359
v 264.37488 63.20014 951.09509277
v 264.38235 112.09613 978.01013184
v 264.40311 82.61102 1002.03863525
v 264.40814 101.86339 924.69616699
v 264.41803 55.04353 899.18475342
v 264.43765 77.61041 1002.65686035
v 264.44238 78.22937 962.72430420
v 264.44339 86.10183 1054.37084961
v 264.45639 103.73795 1017.08959961
v 264.45929 54.75494 1045.54162598
v 264.48221 67.66373 1004.40368652
v 264.48758 96.58690 1004.20855713
v 264.49170 88.57225 965.53729248
v 264.49442 145.22226 942.92028809
v 264.49475 54.43762 900.78051758
v 264.49670 87.85336 1048.01879883
v 264.52493 80.97264 898.87835693
v 264.52744 102.29124 1009.71002197
v 264.54846 111.24673 947.44195557
v 264.55688 52.99342 907.71282959
v 264.57614 56.88002 915.10870361
v 264.58102 117.34615 950.43310547
v 264.58533 109.20291 944.16198730
v 264.58658 70.29474 887.63720703
v 264.60150 110.17021 946.23608398
v 264.60782 105.05444 976.17816162
v 264.62607 79.85125 891.09729004
v 264.63184 58.89172 1085.01867676
v 264.63422 57.33699 896.15911865
v 264.65735 55.97305 1073.87182617
v 264.65775 54.52974 1042.29675293
v 264.70355 146.37747 956.75488281
v 264.71158 63.57634 921.21777344
v 264.72366 108.16521 977.85668945
v 264.72406 125.49480 946.21801758
v 264.72638 103.22888 1011.95562744
v 264.73419 108.41365 933.72424316
v 264.75955 144.65248 942.01843262
v 264.77133 82.68225 963.17156982
v 264.77441 88.00286 1002.25836182
v 264.78888 73.25405 966.77575684
v 264.79898 59.18267 1012.55261230
v 264.82104 62.27572 932.58349609
v 264.86282 75.13905 968.84466553
v 264.87122 101.17893 974.40203857
v 264.87955 97.76472 1039.37048340
v 264.90884 55.08777 1020.09729004
v 264.91956 99.27599 1036.04345703
v 264.94742 144.58499 963.94757080
v 264.94916 68.39124 958.79101562
v 264.95126 91.84917 1046.65942383
v 264.98798 54.11196 1028.45910645
v 265.00427 102.40324 1026.41467285
v 265.00443 126.55891 941.75329590
v 265.02502 86.81266 909.28436279
v 265.03192 105.79173 928.24420166
v 265.03220 88.81045 1060.06713867
v 265.03595 124.57365 949.71533203
v 265.05212 108.53899 935.97918701
v 265.07193 74.03468 969.13195801
v 265.07275 53.58309 916.04559326
v 265.08667 88.99486 1062.56787109
v 265.11890 119.88280 951.18914795
v 265.15259 123.67310 950.39379883
v 265.17114 52.19058 915.53326416
v 265.17386 126.84623 979.04797363
v 265.18604 100.73125 1005.59436035
v 265.18973 102.25085 1007.63330078
v 265.19833 70.19156 963.69683838
v 265.19937 60.50471 943.22406006
v 265.21918 72.33205 966.35083008
v 265.22849 57.03164 1050.27600098
v 265.23697 63.73067 1088.58081055
v 265.23779 56.66872 1046.80163574
v 265.23911 71.51978 965.35992432
v 265.25256 102.95695 1024.30151367
v 265.30545 84.63958 967.43005371
v 265.31146 132.14574 935.11749268
v 265.33383 65.75134 953.42919922
v 265.34528 146.21535 945.94677734
v 265.35101 84.57089 1001.13287354
v 265.39700 59.22618 917.49371338
v 265.40411 75.49355 1087.62573242
v 265.40570 58.23291 1056.03955078
v 265.40628 56.90834 1074.35900879
v 265.43866 103.87505 1022.16265869
v 265.44626 58.02325 1082.87036133
v 265.46777 146.06758 959.13397217
v 265.47391 81.05715 900.08160400
v 265.48352 103.64385 1009.94281006
v 265.49908 128.11467 978.83129883
v 265.50049 107.37463 931.04772949
v 265.50415 96.86832 921.15362549
v 265.52194 130.62796 935.34106445
v 265.52255 58.31329 1064.64562988
v 265.53241 61.01845 938.52508545
v 265.54584 79.48907 895.70446777
v 265.54782 79.34912 968.66406250
v 265.55548 127.90349 938.00421143
v 265.59128 61.04198 947.66168213
v 265.60349 87.47024 969.65905762
v 265.61710 77.39867 887.74285889
v 265.64319 81.38235 968.48632812
v 265.64883 100.20348 923.60772705
v 265.66077 128.61674 937.00018311
v 265.66394 64.17211 950.97686768
v 265.67169 69.11344 960.15582275
v 265.67767 107.91001 933.22552490
v 265.69669 114.66176 981.43725586
v 265.69839 61.62191 922.52569580
v 265.70413 52.14339 909.13958740
v 265.71649 88.76476 1068.36083984
v 265.72110 88.62608 1072.12597656
v 265.73041 94.89825 1044.22351074
v 265.73550 84.98293 969.21624756
v 265.73969 58.96694 1014.31848145
v 265.74185 61.69378 948.63507080
v 265.76447 61.34158 931.77441406
v 265.77393 129.79176 936.08117676
v 265.77692 70.30650 1003.81567383
v 265.78677 55.15760 1033.52050781
v 265.79584 57.11305 1078.67736816
v 265.79642 56.03781 916.61004639
v 265.83246 89.19479 1048.74462891
v 265.84427 61.40987 925.94720459
v 265.87070 59.04356 1069.64135742
v 265.89737 73.18151 969.65692139
v 265.89990 51.34985 914.87622070
v 265.91995 109.60045 948.90313721
v 265.93655 81.52088 1000.69409180
v 265.94232 78.82497 890.00225830
v 265.95425 79.79789 1085.38232422
v 265.95557 108.07735 936.04718018
v 265.96289 137.65166 936.49401855
v 265.96478 51.46809 912.63372803
v 265.96619 60.44419 943.74176025
v 265.97131 125.11645 951.16070557
v 265.99103 55.78420 1021.84509277
v 266.00000 64.69795 1007.48059082
v 266.00015 83.20771 1000.39666748
v 266.01483 80.48024 969.90881348
v 266.02020 88.30704 1074.34057617
v 266.03714 126.67612 949.83447266
v 266.03903 51.71975 917.24127197
v 266.06381 97.88920 1001.44824219
v 266.12119 102.61488 980.02764893
v 266.13397 105.79314 981.29516602
v 266.13818 72.50768 1003.44329834
v 266.14404 104.83083 1014.09869385
v 266.15491 56.78035 1042.17797852
v 266.16489 140.12071 970.10644531
v 266.17349 75.53957 1002.77813721
v 266.17426 122.30352 982.19805908
v 266.18210 70.03561 962.88671875
v 266.21548 96.31752 975.97637939
v 266.25067 129.20631 978.91247559
v 266.26996 71.43168 965.14184570
v 266.29355 92.96328 1046.72387695
v 266.31720 60.74327 925.49224854
v 266.33694 89.81702 1063.32043457
v 266.34103 72.28910 967.02203369
v 266.36966 132.94881 976.27197266
v 266.37604 58.01318 1081.27905273
v 266.39197 68.07389 889.20770264
v 266.41074 62.89553 1088.45031738
v 266.41559 75.15522 971.73706055
v 266.41949 60.01242 1085.79223633
v 266.42404 60.89526 933.91265869
v 266.44714 55.97028 1024.51171875
v 266.51242 59.63520 920.55694580
v 266.54669 108.11825 947.52239990
v 266.57376 58.59433 918.90777588
v 266.60220 52.95971 906.90020752
v 266.60327 57.82943 1077.31665039
v 266.61026 61.85529 1087.62170410
v 266.66513 88.97298 1073.61584473
v 266.67471 128.49663 946.86303711
v 266.73035 85.79805 1078.77258301
v 266.74622 55.23117 898.25079346
v 266.75681 129.39667 938.24475098
v 266.75790 60.42142 1053.69738770
v 266.75946 61.94529 947.99237061
v 266.78058 52.25012 918.05957031
v 266.78339 63.55252 1009.38024902
v 266.79587 141.23140 938.94030762
v 266.81989 128.91010 940.22613525
v 266.84039 56.98353 1035.48168945
v 266.85495 77.80360 889.38226318
v 266.86115 107.20345 942.28765869
v 266.86310 89.96849 1066.47033691
v 266.87393 60.30450 927.45251465
v 266.91006 77.06358 888.64318848
v 266.91089 75.11488 1089.37170410
v 266.91519 56.97908 917.93322754
v 266.93835 107.16842 944.89318848
v 266.95734 127.25136 951.27423096
v 266.95779 77.65085 972.84942627
v 266.96777 105.05298 1018.58923340
v 266.97318 113.77990 956.04406738
v 266.97607 58.82130 1017.45227051
v 266.98260 132.33458 936.30462646
v 267.00092 146.27774 947.91149902
v 267.02762 74.59991 888.35620117
v 267.04489 116.67773 955.94067383
v 267.05167 136.82303 936.40484619
v 267.08102 73.13433 969.71466064
v 267.08344 144.92494 944.07153320
v 267.08508 100.69713 1032.75158691
v 267.09799 138.70828 972.05761719
v 267.10703 71.55875 964.99591064
v 267.11023 76.21720 972.83184814
v 267.11569 89.53558 1069.08227539
v 267.14185 51.03218 917.79284668
v 267.16064 111.95241 955.54974365
v 267.16113 51.33076 911.89788818
v 267.16180 77.58197 1001.09814453
v 267.16534 107.27227 939.98413086
v 267.19974 146.30809 950.47991943
v 267.20966 60.60302 935.89593506
v 267.23639 141.75491 939.57604980
v 267.24036 89.15825 1054.53979492
v 267.25262 88.83906 1074.76367188
v 267.28369 88.73167 913.51232910
v 267.29868 143.24966 966.00360107
v 267.31543 73.67336 1003.16918945
v 267.34482 91.27212 1048.49658203
v 267.35599 97.77014 999.24505615
v 267.36868 129.53021 941.74560547
v 267.37631 102.77487 982.91479492
v 267.38492 63.01657 891.39703369
v 267.40115 50.70780 916.65631104
v 267.41049 145.02101 962.49139404
v 267.43338 78.16077 894.86773682
v 267.46170 70.94798 889.14978027
v 267.47491 82.79155 973.27984619
v 267.48962 78.02256 974.11157227
v 267.49869 53.37978 905.54132080
v 267.50372 103.62099 1001.73645020
v 267.51205 85.36639 973.50451660
v 267.51337 60.89981 1048.29699707
v 267.53314 105.95282 1006.57800293
v 267.53595 91.66026 976.41320801
v 267.53824 75.26334 972.49548340
v 267.54645 105.18165 1003.15039062
v 267.56100 120.19260 984.46630859
v 267.56955 69.64513 958.40856934
v 267.59726 77.39630 890.64147949
v 267.61652 77.17841 974.17297363
v 267.64594 89.82318 1057.12109375
v 267.66666 58.50720 921.20947266
v 267.66827 89.30083 1051.97851562
v 267.72403 52.14029 908.86907959
v 267.73608 94.88452 1044.61755371
v 267.74466 105.95553 928.17913818
v 267.79044 59.69090 1076.82312012
v 267.80316 106.30844 943.67248535
v 267.80997 98.00866 1038.83728027
v 267.81146 69.12264 956.50793457
v 267.81589 90.48792 976.79620361
v 267.83350 104.18934 984.63647461
v 267.84738 122.44514 955.08819580
v 267.85843 59.75961 1083.66540527
v 267.89523 129.93011 949.74377441
v 267.89728 72.92896 968.85675049
v 267.90143 115.30697 960.29864502
v 267.92117 90.24426 1050.03515625
v 267.92563 116.36777 985.51361084
v 267.94040 74.35544 1002.85083008
v 267.95062 86.42089 975.46356201
v 267.95914 76.48136 889.89428711
v 267.99619 96.86303 997.55584717
v 267.99744 89.82596 1050.99243164
v 268.00491 105.08711 1020.16656494
v 268.00800 107.46014 952.55566406
v 268.01706 58.52731 1021.69189453
v 268.02567 89.70827 1070.06665039
v 268.03061 111.37672 959.76055908
v 268.04132 54.48013 899.48187256
v 268.05133 131.02579 947.59283447
v 268.08545 140.11662 938.53521729
v 268.09302 135.84528 936.82891846
v 268.11005 128.87221 951.74279785
v 268.12195 134.89162 936.91571045
v 268.12265 101.31853 984.80041504
v 268.14307 106.88811 1002.56823730
v 268.14890 89.38467 1073.49975586
v 268.15329 63.04505 1069.73583984
v 268.17404 106.03274 1000.27758789
v 268.17914 50.96270 918.44128418
v 268.19376 127.41732 953.10534668
v 268.19391 106.45748 941.16870117
v 268.19922 60.53221 941.73638916
v 268.21667 59.66754 928.84442139
v 268.24200 112.71232 961.23156738
v 268.24872 103.12183 986.16552734
v 268.25977 87.26711 996.15808105
v 268.27927 63.24047 1011.45550537
v 268.31604 85.55470 996.58789062
v 268.31833 74.89895 972.19561768
v 268.34381 114.68482 987.13525391
v 268.37399 74.52575 1090.65698242
v 268.39374 76.63142 975.45172119
v 268.39819 63.78141 1064.62890625
v 268.40091 98.33190 995.86096191
v 268.40787 120.72781 985.81213379
v 268.46048 105.69414 996.60723877
v 268.47031 111.98776 988.25158691
v 268.49515 50.53915 916.18823242
v 268.49860 92.53297 995.34973145
v 268.50006 107.25918 1006.64434814
v 268.50693 101.44836 1030.76806641
v 268.51001 84.15173 996.95141602
v 268.51520 81.30827 978.29602051
v 268.52780 80.58068 1087.41784668
v 268.52872 63.95965 891.28387451
v 268.53409 70.79720 1004.24340820
v 268.53632 99.24992 989.79669189
v 268.53925 60.05522 1080.69799805
v 268.54355 78.05735 896.86486816
v 268.56094 121.49120 957.40576172
v 268.57635 78.36988 1089.14257812
v 268.57877 78.11856 976.87591553
v 268.57953 107.48077 997.53283691
v 268.64243 62.20506 892.63293457
v 268.65005 55.03724 919.50811768
v 268.67194 76.37726 1090.32177734
v 268.67410 61.69151 1075.02844238
v 268.70364 73.88849 889.92999268
v 268.72568 94.45403 993.68444824
v 268.72754 75.86016 890.91424561
v 268.73285 79.82302 999.36224365
v 268.73767 86.05079 980.33978271
v 268.75308 109.51203 993.46466064
v 268.78949 64.26504 1055.65222168
v 268.80338 97.74379 987.73937988
v 268.81052 95.61878 984.94873047
v 268.81226 92.76517 1047.61499023
v 268.81381 119.15086 987.23809814
v 268.90021 52.96013 907.94097900
v 268.90158 55.42857 898.00720215
v 268.90625 93.47411 993.57214355
v 268.92670 110.39139 961.03454590
v 268.93298 60.42549 937.06518555
v 268.93481 70.57847 889.92889404
v 268.95377 97.06859 989.34356689
v 268.96017 115.77516 962.55401611
v 268.96735 81.78770 997.91668701
v 268.98792 111.14732 961.72802734
v 268.99048 59.10798 1027.07153320
v 268.99118 69.22257 1005.27709961
v 269.01480 117.58913 962.25311279
v 269.02008 64.29143 1050.89880371
v 269.02155 76.12177 975.57916260
v 269.02515 105.91515 952.81481934
v 269.02600 138.38304 938.29663086
v 269.02689 57.50391 922.05688477
v 269.03235 72.89777 1091.17541504
v 269.05356 109.30208 1001.24176025
v 269.05411 142.32982 967.84246826
v 269.05460 60.17522 934.27880859
v 269.06354 119.43192 961.09899902
v 269.08856 65.36392 1059.45788574
v 269.09052 143.90817 964.11230469
v 269.10071 143.24312 965.89440918
v 269.11343 74.68926 971.66760254
v 269.11465 106.87482 938.24713135
v 269.11517 96.31390 986.96038818
v 269.11526 104.48512 1022.81256104
v 269.11862 64.87188 1064.86437988
v 269.12024 105.12180 927.39111328
v 269.14108 90.84403 993.79534912
v 269.15381 131.74113 979.68853760
v 269.15494 71.63485 962.57836914
v 269.15976 109.33669 997.16162109
v 269.17953 139.99063 939.15277100
v 269.18243 88.23574 982.55584717
v 269.19562 107.18004 930.49670410
v 269.20416 81.33981 980.82580566
v 269.21375 109.76556 995.58636475
v 269.22885 112.89276 991.63153076
v 269.23831 60.42069 894.22503662
v 269.23953 134.02580 977.16186523
v 269.25702 53.23866 907.18750000
v 269.29526 58.25686 925.92773438
v 269.29605 50.59036 917.71929932
v 269.30582 76.49512 893.65496826
v 269.30884 132.90736 940.00860596
v 269.32883 73.58842 1003.07928467
v 269.33139 85.07169 1082.96740723
v 269.38644 77.47047 977.22277832
v 269.38757 59.74833 1025.09558105
v 269.39401 53.90606 901.14819336
v 269.42371 116.21952 963.09515381
v 269.48599 76.10133 975.65289307
v 269.49051 136.27037 938.34796143
v 269.50174 59.33222 929.74395752
v 269.51703 132.61359 948.89715576
v 269.52826 62.33533 1086.95764160
v 269.53378 61.82060 944.50872803
v 269.55209 69.10531 1090.92919922
v 269.56879 56.67274 921.46923828
v 269.58197 107.41868 1014.11584473
v 269.59326 107.35815 931.70410156
v 269.63361 112.99175 963.01843262
v 269.63412 71.87794 890.34869385
v 269.63541 136.20380 975.27331543
v 269.64880 53.89555 919.99298096
v 269.65100 128.27446 982.94683838
v 269.69937 56.03700 920.99761963
v 269.71338 79.26695 980.19641113
v 269.72806 91.61090 1049.95239258
v 269.74182 67.98526 1006.51385498
v 269.78180 81.73225 904.24298096
v 269.78229 103.95498 950.19006348
v 269.79153 91.01744 1061.67712402
v 269.82776 66.02700 1008.64062500
v 269.84070 99.54224 1034.52502441
v 269.85904 141.80623 941.27850342
v 269.86115 139.02716 972.97149658
v 269.86697 125.23247 956.62603760
v 269.87042 107.27785 933.21203613
v 269.87305 88.36584 984.32177734
v 269.90286 94.85332 989.93139648
v 269.90741 109.14050 960.49041748
v 269.91135 112.34608 993.51062012
v 269.91751 134.40538 939.31262207
v 269.92758 105.77074 939.66467285
v 269.93521 109.82039 961.40045166
v 269.94043 138.73927 939.42321777
v 269.94739 66.71848 1059.59484863
v 269.95212 79.08967 999.08898926
v 269.95538 84.21895 909.42559814
v 269.98056 60.80873 1029.02355957
v 269.99313 103.37138 945.50689697
v 269.99594 119.77588 962.34826660
v 270.00238 61.15598 942.06390381
v 270.01035 111.58889 994.93261719
v 270.02536 92.59219 1048.29895020
v 270.03021 93.53982 991.13006592
v 270.04227 117.47225 963.40808105
v 270.05807 53.59787 902.82666016
v 270.05841 92.50133 918.69427490
v 270.07391 142.98082 943.28112793
v 270.08255 102.86010 925.45562744
v 270.11633 103.12728 947.92041016
v 270.11636 92.26078 991.52545166
v 270.12589 93.48598 987.39953613
v 270.14529 67.49113 949.97131348
v 270.20126 63.30156 1039.31762695
v 270.21054 91.43256 1051.25817871
v 270.21881 87.86711 991.80480957
v 270.22849 51.35838 913.29437256
v 270.23386 60.20338 934.75244141
v 270.23901 65.18840 1046.81579590
v 270.24567 74.08073 1091.86047363
v 270.25330 144.95256 947.17114258
v 270.25568 120.61016 988.97412109
v 270.25763 134.09698 945.08642578
v 270.26651 60.66642 937.95782471
v 270.27579 77.18764 977.14941406
v 270.29123 93.79274 988.50177002
v 270.31827 101.15479 923.93530273
v 270.32108 73.68543 891.38073730
v 270.37308 75.02670 1002.07238770
v 270.37607 87.23814 1079.59301758
v 270.40863 104.53732 953.40600586
v 270.41135 112.05785 963.19525146
v 270.41620 67.76920 1090.82922363
v 270.42255 74.56032 892.15612793
v 270.43762 129.63205 954.73150635
v 270.45581 73.06637 966.13647461
v 270.45801 85.53642 992.45294189
v 270.47467 145.43959 958.29534912
v 270.48633 145.19089 959.59912109
v 270.49222 76.08399 894.60327148
v 270.49496 67.41808 1061.32189941
v 270.51233 139.90128 972.11578369
v 270.51794 107.05543 931.23345947
v 270.51843 122.35200 961.10473633
v 270.52112 96.30461 921.61102295
v 270.55905 86.68373 990.92340088
v 270.57733 92.19898 989.17480469
v 270.62106 63.49583 1015.26788330
v 270.63239 52.88793 919.97857666
v 270.65054 62.24255 1084.87719727
v 270.66690 50.71554 916.46051025
v 270.66910 124.25316 987.37890625
v 270.69446 64.45513 1089.35278320
v 270.70059 105.78453 955.78808594
v 270.70764 51.14876 918.63922119
v 270.72894 66.23155 1048.15734863
v 270.73657 137.76154 940.99151611
v 270.76099 114.28729 963.92346191
v 270.76654 83.89675 993.54113770
v 270.78714 85.55605 988.78668213
v 270.78738 54.32812 920.95861816
v 270.83057 55.10041 898.76544189
v 270.83859 79.30000 998.37145996
v 270.87704 116.54687 964.06011963
v 270.87799 62.92137 1019.27648926
v 270.91486 135.19707 944.42657471
v 270.91840 76.94757 896.57812500
v 270.91974 81.36556 984.56518555
v 270.91995 106.91976 933.10992432
v 270.92059 50.82432 917.69500732
v 270.92075 75.95167 974.77197266
v 270.94116 93.94356 920.12524414
v 270.96295 78.10747 999.34289551
v 270.97028 136.04649 942.86785889
v 271.00027 77.69441 978.16253662
v 271.00476 57.20411 924.51995850
v 271.02713 140.58366 941.90966797
v 271.02771 108.95335 1012.36376953
v 271.05716 58.13201 928.19830322
v 271.06366 81.94037 995.42169189
v 271.08478 82.52429 986.31427002
v 271.10370 91.11597 1065.55480957
v 271.10489 91.60421 1054.54736328
v 271.12030 112.80311 999.25427246
v 271.17017 82.20604 1088.68847656
v 271.18307 83.65199 989.21264648
v 271.21759 83.67144 991.69256592
v 271.23541 78.90631 1092.34704590
v 271.24234 94.90871 1044.44531250
v 271.26035 62.58772 1084.18334961
v 271.28598 79.61636 983.30200195
v 271.30444 118.83703 991.87664795
v 271.39905 80.93813 985.07092285
v 271.40207 67.13137 891.14233398
v 271.42389 59.71469 932.27819824
v 271.42908 97.71852 922.45300293
v 271.44901 110.51595 1006.77203369
v 271.49741 64.39423 1034.50646973
v 271.49866 141.88211 943.54174805
v 271.50098 82.54831 993.63793945
v 271.50708 78.32874 980.14916992
v 271.53436 73.95831 892.87463379
v 271.55603 106.38019 957.51281738
v 271.56952 72.71466 1092.45825195
v 271.60794 130.02200 983.16680908
v 271.63501 63.10430 1082.20129395
v 271.64105 61.10732 938.19158936
v 271.64618 137.85907 943.00427246
v 271.66483 53.77234 902.41961670
v 271.67841 102.79801 941.07934570
v 271.68536 136.86597 943.78747559
v 271.74219 81.94141 987.98229980
v 271.74683 52.17968 919.53485107
v 271.76614 66.77470 1041.33178711
v 271.76825 63.95590 1021.09094238
v 271.78262 65.43351 1037.64648438
v 271.78436 105.78195 935.15869141
v 271.78851 63.89724 1024.69763184
v 271.79922 115.84964 995.87536621
v 271.80200 109.99256 1010.15722656
v 271.80753 55.85888 898.28527832
v 271.84747 65.70966 891.97351074
v 271.85059 78.75934 998.35235596
v 271.86658 62.50900 893.43615723
v 271.89139 66.04868 1011.18566895
v 271.90994 82.38644 992.26562500
v 271.92114 79.79245 1092.52954102
v 271.92722 113.29227 1001.43164062
v 271.96091 80.17957 996.51409912
v 271.96384 91.56470 918.96459961
v 271.97275 69.30036 891.03216553
v 271.97983 105.83405 929.47283936
v 271.99634 134.85782 950.47076416
v 272.01508 67.13537 1009.33178711
v 272.03690 107.70015 1017.46069336
v 272.04736 66.46307 1090.52539062
v 272.05240 59.17585 930.92529297
v 272.05411 128.02800 959.64697266
v 272.06287 93.20885 920.06848145
v 272.06921 130.35851 957.22265625
v 272.07114 103.03849 953.78918457
v 272.11185 96.40661 1041.02734375
v 272.12292 124.93234 962.14270020
v 272.13947 81.00645 995.30151367
v 272.17734 119.03663 993.39746094
v 272.21829 67.13200 1073.59753418
v 272.22125 56.28882 923.95568848
v 272.25284 79.06845 983.24182129
v 272.26224 115.23218 998.18469238
v 272.28027 102.84354 926.18688965
v 272.33221 92.16556 1061.28564453
v 272.35168 80.28193 985.25982666
v 272.36163 88.96985 917.11059570
v 272.36923 87.67049 915.75671387
v 272.40970 71.91387 892.16876221
v 272.41263 58.13140 929.17095947
v 272.45844 97.64017 1038.81860352
v 272.45914 80.91542 1092.04406738
v 272.46185 68.03416 1091.49694824
v 272.46658 116.54059 996.64086914
v 272.47302 80.82227 986.73181152
v 272.49875 74.52936 1093.49560547
v 272.49982 69.46072 1063.86462402
v 272.50772 74.94511 894.87432861
v 272.52435 144.94110 949.86364746
v 272.52887 134.21217 952.97607422
v 272.53394 60.01129 933.02691650
v 272.58444 53.66690 921.21044922
v 272.60999 92.64882 1050.25256348
v 272.62088 132.43636 955.74249268
v 272.62708 101.42894 924.27850342
v 272.64746 81.30045 993.98004150
v 272.70871 74.44830 1002.79730225
v 272.71887 105.67294 930.54113770
v 272.72906 92.01874 1065.13317871
v 272.80075 53.90465 903.63995361
v 272.82010 105.89965 1022.98590088
v 272.83551 102.96054 1027.67993164
v 272.86044 81.46696 992.63104248
v 272.88690 77.69078 977.05291748
v 272.88837 143.27855 965.39758301
v 272.92975 67.63432 1074.58886719
v 272.94620 77.98615 899.43945312
v 272.94977 103.04682 955.17675781
v 272.96143 100.94020 946.21093750
v 272.97708 70.74355 891.98626709
v 272.99829 105.52505 931.53759766
v 273.01154 64.39674 1088.70471191
v 273.01218 77.56468 999.47271729
v 273.01239 60.28506 894.93365479
v 273.04282 102.32873 938.66912842
v 273.04590 75.96217 1094.39086914
v 273.04727 70.13288 1006.46795654
v 273.06039 77.55308 1094.48742676
v 273.07047 100.95441 1032.20678711
v 273.07602 74.16026 964.59802246
v 273.09964 145.42453 956.53051758
v 273.13309 144.20964 948.75146484
v 273.14331 65.94337 1022.56982422
v 273.16901 129.40578 960.07769775
v 273.16983 74.88515 967.69793701
v 273.18307 92.30489 920.08544922
v 273.19177 135.07855 978.09173584
v 273.21432 68.25167 891.88928223
v 273.21533 101.78072 952.85339355
v 273.23074 70.74754 1055.97119141
v 273.26025 70.84428 1060.43261719
v 273.28149 70.05627 1048.07153320
v 273.31088 80.02211 985.20251465
v 273.36554 95.15271 1044.44946289
v 273.39011 92.45064 1053.31091309
v 273.41376 114.77773 964.73663330
v 273.45462 72.48810 955.45056152
v 273.46490 141.71185 945.88238525
v 273.46732 78.45409 980.94958496
v 273.48035 64.13712 1087.94873047
v 273.50128 54.10555 907.12280273
v 273.50580 62.90235 940.55657959
v 273.57440 103.89600 928.95025635
v 273.58777 111.17760 1010.78173828
v 273.59045 72.51260 1093.29956055
v 273.59225 51.99933 918.60913086
v 273.60266 81.04243 990.36987305
v 273.60730 137.97017 946.79779053
v 273.61911 57.25973 897.96191406
v 273.67401 89.84320 1075.60864258
v 273.67896 140.80261 945.88195801
v 273.73340 51.79697 916.34240723
v 273.74319 52.82536 920.03308105
v 273.76620 55.14859 900.42254639
v 273.78687 57.76636 928.50476074
v 273.78796 137.24184 948.28833008
v 273.79593 74.29153 1003.38287354
v 273.81024 121.07378 994.01086426
v 273.81308 76.05765 896.86743164
v 273.82922 127.54204 962.46826172
v 273.83240 102.34742 1029.26232910
v 273.85043 100.89012 924.41845703
v 273.88522 52.14608 914.84851074
v 273.90799 101.95386 925.79388428
v 273.92267 80.65996 994.01379395
v 273.95392 64.20033 1084.50305176
v 273.96262 64.08001 1086.81237793
v 273.97388 78.90454 1094.76196289
v 273.98422 105.68323 958.35528564
v 274.01575 67.02482 1014.20440674
v 274.02582 68.14335 1091.70886230
v 274.05450 74.82270 1094.58300781
v 274.06934 64.61012 893.32159424
v 274.07532 66.80766 1018.44134521
v 274.09415 59.47408 931.50732422
v 274.10818 69.29305 1038.21423340
v 274.14291 125.61882 963.65832520
v 274.16101 67.80476 1011.87805176
v 274.18484 92.50838 1063.65368652
v 274.22778 80.88432 992.27606201
v 274.26566 55.46086 923.52960205
v 274.34473 55.19646 901.48681641
v 274.35089 61.22950 894.58135986
v 274.35858 80.42915 987.37457275
v 274.36288 71.91113 952.43316650
v 274.37936 53.54839 912.00970459
v 274.41534 96.12558 1041.51220703
v 274.42648 87.27154 917.10876465
v 274.43896 117.21006 965.38873291
v 274.45776 77.86427 999.12792969
v 274.46204 61.41031 935.30584717
v 274.46631 138.41611 975.06945801
v 274.52875 80.01899 985.13195801
v 274.53308 112.28441 1009.71984863
v 274.60663 99.05025 1035.60473633
v 274.61264 54.63738 907.48455811
v 274.61932 85.53708 1087.48205566
v 274.62369 68.04160 1077.75805664
v 274.63904 63.86419 940.84924316
v 274.64444 97.69564 922.92218018
v 274.64883 78.18948 1095.10461426
v 274.65213 64.99276 1083.97326660
v 274.66177 140.72290 947.05914307
v 274.69482 53.33219 920.17413330
v 274.70227 66.17979 943.98168945
v 274.74124 69.78045 947.80273438
v 274.78922 69.78619 1032.62011719
v 274.81628 103.07796 929.30584717
v 274.84579 99.46918 943.37042236
v 274.85361 120.62482 965.30664062
v 274.93286 80.26174 994.50152588
v 274.93985 107.56666 961.47186279
v 274.94925 142.02000 969.78936768
v 274.95584 77.17835 1000.44342041
v 274.96194 144.17339 951.63586426
v 274.96692 54.13687 910.77099609
v 274.98355 57.29954 898.92156982
v 274.99158 52.69641 918.20495605
v 275.01443 103.20007 933.07666016
v 275.02267 73.24780 1050.45910645
v 275.02277 134.93106 956.21685791
v 275.07077 74.49734 1004.03247070
v 275.07938 132.77357 982.74273682
v 275.08243 84.44934 1090.32397461
v 275.09387 52.78337 915.09875488
v 275.13760 68.84797 893.34149170
v 275.16785 144.86491 957.98156738
v 275.19217 70.00448 1009.51519775
v 275.20200 107.74703 1020.17840576
v 275.21808 144.98871 956.70916748
v 275.23907 100.14075 939.19793701
v 275.25397 56.34687 924.74377441
v 275.25812 73.81837 1061.16845703
v 275.25989 76.47502 1095.25695801
v 275.29718 67.27628 1081.27416992
v 275.30432 79.84370 903.91680908
v 275.31549 79.14610 981.67529297
v 275.32245 102.97287 930.07629395
v 275.35132 130.06088 986.57843018
v 275.35382 68.75757 1014.09429932
v 275.36722 143.06561 949.42602539
v 275.37613 72.07444 1068.25671387
v 275.39926 119.01489 998.48114014
v 275.46280 60.26191 932.39434814
v 275.47397 102.24960 934.60522461
v 275.50119 74.10209 1053.11657715
v 275.53705 138.37878 949.53564453
v 275.53723 66.15868 1089.63391113
v 275.53781 73.47957 1094.50244141
v 275.54105 115.50152 1004.78491211
v 275.55099 112.33994 1011.25195312
v 275.55994 113.59584 965.16967773
v 275.57245 76.17648 969.39117432
v 275.60864 54.88166 909.16003418
v 275.63324 141.73926 948.24969482
v 275.63541 63.18255 894.19982910
v 275.66855 89.31219 1079.23864746
v 275.72720 73.28792 895.57690430
v 275.73007 74.05627 955.72009277
v 275.75568 83.84939 912.65264893
v 275.76572 99.07989 941.89025879
v 275.76624 109.53898 1017.41448975
v 275.78735 72.08282 894.97894287
v 275.81213 109.26228 963.33270264
v 275.83633 70.29951 1010.57727051
v 275.83771 139.81958 948.59539795
v 275.83960 86.25082 1087.21777344
v 275.87820 98.02651 1038.32324219
v 275.88065 73.80090 1065.43066406
v 275.89575 102.72508 931.33972168
v 275.91290 55.63320 923.05926514
v 275.92694 53.26945 917.27526855
v 275.94272 83.69462 1092.73779297
v 275.95236 88.76380 919.89465332
v 275.95975 80.50790 993.17742920
v 275.96609 100.46684 955.07000732
v 275.97214 72.02396 1093.71691895
v 275.97617 74.33428 1005.10668945
v 275.99719 100.84169 1032.76757812
v 276.00781 76.52197 1002.15533447
v 276.02115 135.03122 957.48901367
v 276.02667 77.84362 973.70178223
v 276.09512 82.77233 1093.81225586
v 276.09763 69.80000 945.88970947
v 276.11169 54.99985 921.90551758
v 276.11945 80.33170 985.61035156
v 276.18130 107.14846 961.88641357
v 276.20480 144.01076 960.03454590
v 276.27713 77.36422 1000.97186279
v 276.29358 88.08228 1082.21069336
v 276.36887 64.29000 894.47180176
v 276.39236 102.29281 957.93865967
v 276.39862 56.24212 907.43902588
v 276.41547 71.38990 947.58599854
v 276.56586 70.55907 1016.10229492
v 276.58524 142.61098 969.02160645
v 276.60175 57.58043 900.45239258
v 276.64511 119.33572 966.52105713
v 276.65955 100.46011 955.90344238
v 276.67661 71.33508 895.33801270
v 276.69138 92.21828 1069.93176270
v 276.70117 75.61372 962.86462402
v 276.72583 76.07887 966.36944580
v 276.76480 78.51586 902.31695557
v 276.77756 79.07102 996.91229248
v 276.80139 81.01662 1095.23010254
v 276.80731 90.86424 921.44506836
v 276.81152 129.68231 963.59899902
v 276.81421 70.36666 1092.86840820
v 276.81467 107.90275 962.95996094
v 276.82962 90.72063 1075.99877930
v 276.83478 57.95448 928.73004150
v 276.84149 80.09460 995.02246094
v 276.86859 71.94353 1029.65185547
v 276.88577 116.35503 1005.44390869
v 276.90146 78.52666 975.17669678
v 276.92740 60.09454 896.58856201
v 276.92972 74.16705 1043.54650879
v 276.94528 141.32091 951.22442627
v 276.96014 97.78476 946.90234375
v 277.02280 72.40318 1010.13513184
v 277.02341 140.41487 951.30023193
v 277.05093 143.87321 956.30487061
v 277.05295 142.44005 952.85058594
v 277.05377 67.78562 1090.97692871
v 277.06415 73.68501 1069.27880859
v 277.06799 137.51437 954.59796143
v 277.21277 143.96170 959.11218262
v 277.26947 73.43176 1094.81115723
v 277.30435 84.54674 1093.98852539
v 277.34396 138.43732 976.57623291
v 277.35550 71.67709 1020.52606201
v 277.36786 80.27799 982.77001953
v 277.40170 127.65418 965.13427734
v 277.42767 115.35161 966.59887695
v 277.43643 74.15676 1007.58135986
v 277.45432 76.87206 899.04913330
v 277.49609 87.11590 919.94909668
v 277.53778 134.01187 983.00817871
v 277.55649 141.25233 953.05926514
v 277.56229 85.57920 1092.93859863
v 277.59592 143.54376 961.51977539
v 277.60861 56.80387 924.14215088
v 277.63773 82.94016 1095.18347168
v 277.65045 138.95384 953.83288574
v 277.69073 142.53218 954.37707520
v 277.69873 97.61264 949.51263428
v 277.73401 139.95602 953.37847900
v 277.74255 84.26846 915.65270996
v 277.76425 56.51196 922.16375732
v 277.80414 76.40043 1063.19384766
v 277.80585 132.82928 985.29254150
v 277.81448 128.21460 991.36267090
v 277.82104 58.22603 905.31878662
v 277.83929 74.82514 1095.33251953
v 277.89893 67.07323 1088.84423828
v 277.90094 96.86230 923.59826660
v 277.93512 79.12495 997.59606934
v 277.94559 66.97752 1087.62023926
v 277.96069 99.03326 937.67700195
v 277.97079 57.52346 927.21234131
v 277.97711 65.58641 939.26000977
v 277.97815 132.81258 961.74719238
v 277.99481 92.69639 1060.09338379
v 278.00766 74.55311 952.19470215
v 278.01501 76.19934 898.44671631
v 278.03043 80.64710 992.54425049
v 278.05011 116.85135 967.00866699
v 278.05151 55.74265 911.82623291
v 278.05927 137.32611 956.30615234
v 278.09033 143.21448 956.05596924
v 278.09100 62.39965 896.23754883
v 278.15948 75.21755 897.68597412
v 278.17538 74.25262 1033.92077637
v 278.19022 77.77164 1002.11761475
v 278.22702 96.05152 1042.99560547
v 278.23862 67.27921 940.40142822
v 278.24304 89.33878 921.92639160
v 278.24329 68.10808 1090.71655273
v 278.25623 91.95322 1074.50378418
v 278.28049 142.30896 970.75317383
v 278.31287 86.75638 1089.12817383
v 278.32565 58.61008 906.98345947
v 278.33063 121.40590 999.54327393
v 278.33276 59.91389 898.22851562
v 278.33493 69.23321 941.63714600
v 278.35321 79.75857 905.27526855
v 278.36624 121.89606 967.01489258
v 278.38049 59.15466 900.20007324
v 278.38223 58.78265 902.67974854
v 278.40271 85.76156 1095.00158691
v 278.41339 76.40498 1066.19787598
v 278.42224 55.83566 914.75329590
v 278.44632 98.71254 925.42828369
v 278.54565 126.87923 966.02124023
v 278.56534 97.50759 924.26690674
v 278.58075 96.85308 944.84460449
v 278.60583 141.91093 954.93621826
v 278.63141 100.76643 1033.67114258
v 278.64404 73.99177 947.85601807
v 278.65244 76.66777 899.69232178
v 278.66949 61.07981 897.23144531
v 278.68417 59.28180 906.37750244
v 278.70654 137.44751 979.26281738
v 278.72546 92.71816 1069.20532227
v 278.76239 57.18121 919.93847656
v 278.78168 77.77767 968.81402588
v 278.79602 63.27782 896.79846191
v 278.84277 57.13124 911.27874756
v 278.84320 72.99088 944.37664795
v 278.85098 73.72421 1075.44079590
v 278.86331 86.96635 921.26208496
v 278.86395 81.23355 909.62994385
v 278.87119 97.24404 951.27557373
v 278.88177 119.94541 1002.80426025
v 278.90057 75.31442 953.40814209
v 278.90405 73.54041 1016.14733887
v 278.93048 71.37270 897.18579102
v 278.96106 76.06915 899.19519043
v 278.96210 76.26044 1040.43823242
v 278.98792 73.95245 897.76037598
v 278.99353 62.55034 933.71905518
v 278.99664 56.91165 913.78491211
v 279.00055 85.16618 919.33776855
v 279.01385 80.28110 996.26257324
v 279.02502 100.41411 928.79479980
v 279.03979 60.26390 899.31048584
v 279.04938 139.57867 955.20501709
v 279.05719 143.55856 959.48614502
v 279.05881 80.86546 983.83819580
v 279.06720 74.36514 1022.11303711
v 279.06744 73.80585 1019.38366699
v 279.07620 82.80547 912.60693359
v 279.07739 57.48526 922.19171143
v 279.08466 143.46294 958.09716797
v 279.08881 94.95019 923.57928467
v 279.09464 89.20134 1082.57739258
v 279.10730 59.82201 907.51757812
v 279.11334 64.36440 936.58697510
v 279.13040 80.70416 994.64721680
v 279.17126 62.01747 897.60302734
v 279.18149 143.16302 956.98748779
v 279.20084 78.04401 903.21411133
v 279.22357 68.69938 940.06152344
v 279.23489 96.43945 946.48602295
v 279.23727 129.48529 965.19030762
v 279.25339 102.97267 1029.56567383
v 279.31195 103.16119 961.49609375
v 279.32471 135.88010 959.79498291
v 279.37979 58.08031 927.59375000
v 279.44333 96.84855 942.35906982
v 279.44342 60.55772 900.89636230
v 279.46085 94.04692 1050.86071777
v 279.46973 79.50959 1095.91101074
v 279.47360 104.57646 962.74627686
v 279.48636 78.01315 1003.85839844
v 279.51703 125.16035 996.99572754
v 279.63724 143.16454 968.86975098
v 279.64578 134.66638 961.35986328
v 279.64868 72.53536 898.40161133
v 279.67188 141.68936 955.58905029
v 279.67218 59.00053 928.89318848
v 279.70596 105.50803 1026.76098633
v 279.71252 77.19538 902.52197266
v 279.72348 97.35717 952.94561768
v 279.74368 79.13865 1000.16552734
v 279.75119 75.80954 900.35247803
v 279.80298 58.44661 920.34063721
v 279.87616 68.55305 1088.13928223
v 279.92160 77.29829 962.54339600
v 279.93039 74.50185 899.62780762
v 279.93152 59.99876 912.27368164
v 279.96689 75.41308 948.23950195
v 279.96945 65.05290 898.67980957
v 279.97644 84.32001 1096.29833984
v 280.01846 87.72005 1087.29199219
v 280.02225 76.65016 1008.94177246
v 280.02704 140.50415 955.61260986
v 280.03442 136.58055 981.99475098
v 280.06921 58.05167 926.58685303
v 280.11542 86.88567 1095.54821777
v 280.14526 63.21845 899.58172607
v 280.16739 113.23647 1014.84667969
v 280.20020 60.01141 916.76977539
v 280.24011 138.64989 956.72320557
v 280.24615 78.75015 1045.15393066
v 280.29611 116.90376 1008.82281494
v 280.30167 128.71097 965.95648193
v 280.31317 76.41239 1026.41784668
v 280.32816 92.57134 924.02362061
v 280.32968 68.07745 900.18505859
v 280.33694 73.84750 1095.03833008
v 280.36249 99.04539 1037.60620117
v 280.36261 114.74785 1012.89898682
v 280.36298 85.97562 1096.12524414
v 280.38968 122.49093 1001.91119385
v 280.39648 94.75881 1049.92626953
v 280.39740 76.49685 1012.33074951
v 280.42606 63.82722 904.77581787
v 280.46692 87.18923 1095.08813477
v 280.55887 94.06858 1052.21533203
v 280.57803 132.09666 964.02618408
v 280.58539 143.46056 965.25476074
v 280.61154 99.64764 932.16119385
v 280.63150 83.83218 918.81903076
v 280.63721 77.17258 903.96112061
v 280.64560 61.43083 912.01855469
v 280.66791 67.24616 901.56286621
v 280.75140 65.44775 903.49053955
v 280.75418 69.51514 1086.91149902
v 280.76886 81.22617 995.12823486
v 280.77924 95.90406 944.94799805
v 280.77979 96.17783 1044.47302246
v 280.84116 68.76975 901.47491455
v 280.86450 111.65483 966.82897949
v 280.87430 70.54667 901.22723389
v 280.91766 142.98752 957.28228760
v 280.94601 77.16163 1019.87695312
v 280.96658 75.99016 903.45812988
v 280.96860 98.04701 1040.66625977
v 280.97028 64.50745 906.09899902
v 281.00250 96.05888 942.75177002
v 281.04065 72.92361 1094.38549805
v 281.06992 73.76731 939.20416260
v 281.07770 70.28691 938.30285645
v 281.08392 80.78232 976.31756592
v 281.09293 99.48248 930.19458008
v 281.16513 95.91464 949.60577393
v 281.21796 74.77411 939.76647949
v 281.22595 76.00274 942.42279053
v 281.22940 58.87944 924.01416016
v 281.29144 79.63356 1038.81640625
v 281.30109 135.11646 961.95190430
v 281.30127 102.95825 1030.76098633
v 281.35699 79.96593 1060.90332031
v 281.37469 102.17829 961.69714355
v 281.37744 79.13625 1035.97070312
v 281.38052 81.54960 983.62567139
v 281.40829 72.90866 1081.95373535
v 281.41205 142.81133 971.95300293
v 281.43057 74.28337 903.30157471
v 281.46951 99.36914 931.14916992
v 281.47272 142.09833 956.43481445
v 281.49313 133.14792 990.02270508
v 281.49628 95.23699 1049.24267578
v 281.50357 76.26596 1075.58020020
v 281.50574 85.98696 1096.39550781
v 281.51559 137.76515 958.46948242
v 281.53253 106.07853 1027.18481445
v 281.55109 79.59371 1064.80004883
v 281.57312 80.01037 1062.74060059
v 281.59085 93.27440 1073.39953613
v 281.60785 76.87764 954.50054932
v 281.65195 81.13972 997.76434326
v 281.65546 123.74476 1002.08929443
v 281.66318 143.38928 958.98803711
v 281.72366 70.64445 1092.11450195
v 281.73935 95.78155 925.91845703
v 281.76813 97.08316 926.87121582
v 281.77008 82.68754 914.95520020
v 281.77396 141.33836 956.30828857
v 281.77887 76.77011 946.68078613
v 281.79602 127.47969 966.93548584
v 281.81808 62.03297 931.16851807
v 281.83804 119.91824 968.09948730
v 281.83859 64.62048 934.31201172
v 281.85864 63.41675 911.08923340
v 281.87534 69.12752 903.38555908
v 281.92749 81.60345 912.84704590
v 281.92880 67.31647 936.65063477
v 281.94116 77.28744 957.24420166
v 281.96988 93.57494 1060.88464355
v 281.99597 122.04827 968.06970215
v 282.03815 83.28880 920.35284424
v 282.10602 80.87531 999.92962646
v 282.13901 98.49757 928.97796631
v 282.17105 143.76465 966.75640869
v 282.18222 60.02576 923.58129883
v 282.20407 88.02137 1089.61181641
v 282.20963 96.95129 954.09210205
v 282.23785 139.65704 956.90332031
v 282.31473 131.96672 992.66552734
v 282.35205 82.16685 986.06964111
v 282.37335 84.04030 922.80432129
v 282.38126 125.57944 967.58190918
v 282.39368 84.89974 923.63775635
v 282.40323 95.78809 950.79046631
v 282.44254 70.14662 1090.84252930
v 282.47412 62.86210 916.74047852
v 282.49777 83.33612 921.83605957
v 282.49854 99.05800 958.05218506
v 282.50983 71.58266 904.41632080
v 282.52716 79.35175 1068.09912109
v 282.55783 127.75243 997.50250244
v 282.56958 83.75525 1096.73583984
v 282.59155 94.04301 1057.52526855
v 282.61621 95.25323 1050.81640625
v 282.62967 116.12916 968.12084961
v 282.64612 82.03871 1096.50903320
v 282.67517 82.10069 983.46411133
v 282.68668 80.64890 1003.94604492
v 282.69211 141.06419 976.23712158
v 282.72714 61.25233 928.99493408
v 282.73798 70.69090 905.00549316
v 282.73996 70.11620 1089.30261230
v 282.78128 70.77750 1091.73461914
v 282.81339 137.33437 984.20758057
v 282.81607 73.15957 936.83453369
v 282.81607 79.35713 1009.42626953
v 282.87558 135.96423 961.78356934
v 282.87982 74.75095 937.25842285
v 282.88406 113.96671 967.82293701
v 282.92874 120.98904 1006.33721924
v 282.94284 87.94524 1092.65454102
v 282.97470 143.95570 969.43756104
v 282.99704 143.63416 971.29931641
v 283.00284 79.84378 909.80529785
v 283.00577 88.50089 925.89807129
v 283.02231 77.97527 907.48522949
v 283.02359 82.37348 995.47241211
v 283.05969 82.17212 915.81695557
v 283.17975 60.90253 925.80786133
v 283.19882 80.13464 1031.42358398
v 283.25436 96.45202 938.51995850
v 283.26526 75.99365 937.50091553
v 283.26834 89.48707 926.20654297
v 283.30399 87.55658 1094.89636230
v 283.31772 93.19934 1077.39538574
v 283.33392 86.37133 925.60388184
v 283.33798 98.05854 934.08996582
v 283.34415 103.09470 1032.02282715
v 283.36145 84.98721 1096.71716309
v 283.38766 79.98077 1027.14062500
v 283.46240 84.36118 924.74792480
v 283.48465 61.48328 927.67065430
v 283.53787 77.30134 938.77410889
v 283.55585 99.95319 959.94592285
v 283.58850 143.17648 973.32373047
v 283.65558 63.10277 930.91668701
v 283.66434 80.40432 1009.32385254
v 283.66879 82.43765 922.95556641
v 283.67398 87.19624 1095.62878418
v 283.68329 73.59689 935.68975830
v 283.75189 103.50491 963.69439697
v 283.75494 101.76546 962.21673584
v 283.77808 70.85270 1090.39721680
v 283.77832 144.19774 965.36859131
v 283.82574 69.65887 907.98651123
v 283.82578 77.94262 908.56634521
v 283.85132 107.56927 966.08752441
v 283.86044 71.57137 906.67968750
v 283.88205 112.02602 1020.04748535
v 283.90192 74.37392 906.65417480
v 283.94754 66.11057 913.51367188
v 283.97202 140.81573 978.50958252
v 283.99939 72.16139 935.29882812
v 284.00409 80.87498 913.99957275
v 284.00958 90.08126 1085.51306152
v 284.01010 74.59738 1082.67297363
v 284.01501 79.31136 910.41674805
v 284.01852 67.40553 911.24548340
v 284.04190 82.08810 1057.79248047
v 284.04211 81.86080 1034.48767090
v 284.06967 78.25607 940.72851562
v 284.07629 119.61499 1009.58721924
v 284.10202 82.54490 924.94403076
v 284.12183 77.25235 936.01928711
v 284.14932 81.90677 1005.37731934
v 284.17868 78.05961 945.55389404
v 284.18057 76.72732 934.64715576
v 284.18491 88.09747 927.24084473
v 284.18732 82.35333 1038.03784180
v 284.20868 97.53502 1044.45751953
v 284.21204 74.84146 934.36938477
v 284.22922 82.31640 1048.21228027
v 284.24350 62.98130 929.88348389
v 284.25314 134.37181 991.71606445
v 284.25363 86.65451 1096.19873047
v 284.30728 90.02342 927.14501953
v 284.31546 82.50797 926.73077393
v 284.32251 84.14524 927.02947998
v 284.36951 77.92993 932.09100342
v 284.40192 95.84454 952.52966309
v 284.40677 79.38448 964.73535156
v 284.42123 62.84988 926.05767822
v 284.45148 76.26596 1095.35754395
v 284.46271 95.23205 945.09265137
v 284.48688 81.27228 922.42864990
v 284.48904 81.15724 917.39715576
v 284.49408 76.48812 908.91363525
v 284.49658 96.02008 1048.41479492
v 284.50385 122.12498 969.17449951
v 284.50842 66.42766 916.18786621
v 284.54761 97.84244 930.16339111
v 284.59448 95.24653 946.95843506
v 284.60040 80.42610 927.62475586
v 284.61560 73.26541 908.36022949
v 284.64661 116.33154 969.00604248
v 284.65756 122.25334 1006.34362793
v 284.66629 138.93343 958.18908691
v 284.70935 102.09564 1034.91943359
v 284.73853 92.19706 927.09100342
v 284.73950 82.62006 929.87963867
v 284.73993 64.95053 932.06958008
v 284.75732 79.88226 913.60888672
v 284.75894 80.70598 925.81237793
v 284.78854 79.21745 936.81762695
v 284.80414 79.17595 938.22607422
v 284.80838 80.90833 924.27008057
v 284.82193 78.79495 942.47058105
v 284.82285 124.98837 968.64831543
v 284.85498 73.10629 933.83837891
v 284.88959 79.63670 927.45336914
v 284.92657 127.66454 1000.44061279
v 284.98114 97.11224 929.33325195
v 284.99042 82.78960 980.64294434
v 284.99481 77.99141 911.53021240
v 285.00558 75.26712 931.92956543
v 285.04871 81.95201 974.58947754
v 285.05289 65.97211 923.01440430
v 285.09583 143.30534 958.23706055
v 285.10666 94.91441 1074.48547363
v 285.10678 95.02271 927.77673340
v 285.10852 70.26353 911.60693359
v 285.13779 139.94734 957.52941895
v 285.14117 140.63031 980.95825195
v 285.21191 80.47015 935.25799561
v 285.23749 117.62133 969.34014893
v 285.25693 83.22459 1026.44812012
v 285.25998 78.42904 1077.81579590
v 285.28488 96.07168 928.61358643
v 285.28687 139.39250 984.59161377
v 285.30722 79.10520 959.12353516
v 285.30939 67.93516 918.53527832
v 285.32605 83.73437 1044.58337402
v 285.35266 86.31094 930.18322754
v 285.36957 142.49742 977.62280273
v 285.37866 95.21046 1058.71655273
v 285.39618 129.72734 966.95373535
v 285.45010 96.06020 953.39660645
v 285.46100 89.71329 1088.60607910
v 285.48111 82.15201 933.49890137
v 285.48315 78.48440 927.60949707
v 285.49655 72.99834 1092.79101562
v 285.50745 83.56424 1006.73614502
v 285.51465 80.80582 967.68560791
v 285.51892 78.44730 953.50946045
v 285.56546 108.33797 966.95910645
v 285.62579 75.21676 1094.76452637
v 285.62836 69.98773 916.48950195
v 285.68369 82.26893 1066.51171875
v 285.68756 90.96529 928.37316895
v 285.72235 74.15189 932.02001953
v 285.73209 87.57987 930.37976074
v 285.73969 84.16016 1032.55468750
v 285.75977 80.04588 939.79895020
v 285.77502 142.83398 957.46362305
v 285.80304 144.00665 962.15631104
v 285.85941 141.03607 957.24395752
v 285.86346 74.61248 913.79132080
v 285.88974 68.96587 933.62658691
v 285.90457 102.74014 963.64337158
v 285.91055 90.11729 929.09216309
v 285.92203 79.25658 916.93731689
v 285.93448 82.93228 1062.16674805
v 285.93597 77.05224 914.29821777
v 285.97293 78.56166 951.22003174
v 285.97885 94.85201 946.41601562
v 285.98520 116.17165 1015.45727539
v 285.99384 98.97962 1042.47509766
v 286.00015 132.07092 996.69573975
v 286.01120 94.06128 928.20330811
v 286.01749 73.13198 1087.36437988
v 286.03860 96.20065 1052.75817871
v 286.04440 138.32614 988.18438721
v 286.05225 72.87821 915.10168457
v 286.05899 99.15128 959.31585693
v 286.07199 135.14272 993.23626709
v 286.08603 85.04128 988.71008301
v 286.09726 124.38374 1005.19995117
v 286.10446 84.35389 1047.29565430
v 286.11768 65.37873 927.01776123
v 286.32242 94.97187 1077.37939453
v 286.34308 84.39818 998.24414062
v 286.34818 65.30697 929.75152588
v 286.36084 65.83178 931.05999756
v 286.37015 125.69437 968.86010742
v 286.37488 79.15884 919.53680420
v 286.42889 66.80991 932.07775879
v 286.43082 98.04683 1045.92468262
v 286.43796 96.99270 934.45678711
v 286.47089 96.01524 929.78118896
v 286.48523 73.04168 1091.94799805
v 286.49902 122.67293 969.59521484
v 286.52591 145.33011 972.63153076
v 286.54245 88.96558 1094.60791016
v 286.54282 93.19349 1081.90100098
v 286.54523 79.06471 948.39276123
v 286.57016 145.43303 965.81994629
v 286.61243 82.46353 1069.49914551
v 286.61673 86.00042 1040.79406738
v 286.63840 94.73243 943.88525391
v 286.65759 81.31168 938.58728027
v 286.67575 141.95003 957.48413086
v 286.67889 86.28886 1038.49560547
v 286.73474 68.35542 932.63964844
v 286.78723 104.45713 965.05914307
v 286.82529 132.11234 965.93164062
v 286.82751 143.78094 960.50189209
v 286.84229 75.27682 1094.41284180
v 286.85748 145.88391 970.77056885
v 286.87469 77.47572 926.69372559
v 286.87921 66.00150 928.68572998
v 286.88156 131.12735 998.98596191
v 286.88159 78.49062 921.77075195
v 286.90234 85.47088 1045.20397949
v 286.91425 85.35998 1009.68774414
v 286.91760 74.63370 916.06628418
v 286.92874 78.17445 924.74096680
v 286.94421 77.64727 917.78393555
v 286.96048 70.38763 920.46319580
v 286.97964 142.17473 982.05877686
v 287.00293 85.42839 1028.85327148
v 287.05350 96.91318 933.62347412
v 287.08679 140.43060 958.34704590
v 287.11185 85.10134 1052.52136230
v 287.11975 113.23407 1020.89007568
v 287.15695 73.18571 1090.92370605
v 287.17227 70.22572 923.43188477
v 287.18997 117.11244 1015.54400635
v 287.19934 95.10234 929.63470459
v 287.27103 96.70525 932.43395996
v 287.33859 74.63911 917.38421631
v 287.34726 73.03787 918.39727783
v 287.35071 100.30556 961.09814453
v 287.38089 141.26266 958.15545654
v 287.38147 69.79323 925.13092041
v 287.40717 76.65541 918.84344482
v 287.43689 99.06769 1044.10241699
v 287.50903 146.03294 973.66131592
v 287.54364 68.46907 931.46118164
v 287.60480 82.54597 938.53106689
v 287.62604 142.61378 958.48535156
v 287.65512 71.65343 931.56396484
v 287.67230 102.16045 963.31506348
v 287.68509 145.02812 978.04974365
v 287.74756 80.82869 961.81536865
v 287.77075 72.00720 924.47863770
v 287.79840 68.19725 930.39392090
v 287.83179 73.51133 930.69488525
v 287.86133 94.55764 948.26696777
v 287.88950 75.37618 924.59863281
v 287.90909 107.46346 966.95031738
v 287.91690 144.43665 962.78668213
v 287.94785 96.23069 1058.46105957
v 287.95996 98.10040 1048.66333008
v 288.00513 87.81513 933.52752686
v 288.01318 131.62393 966.38873291
v 288.03705 146.82904 971.89031982
v 288.04871 85.45703 1096.55847168
v 288.06815 86.43175 993.31127930
v 288.11624 137.90883 961.00653076
v 288.11734 87.50188 1096.14782715
v 288.14029 84.56316 936.93859863
v 288.15195 74.82259 926.98022461
v 288.17380 86.29396 987.95513916
v 288.18018 69.26432 930.49707031
v 288.20572 68.90007 929.13555908
v 288.22894 146.62450 969.57653809
v 288.24069 73.13143 929.85473633
v 288.25522 72.00662 930.50689697
v 288.25677 116.35491 969.53613281
v 288.25781 84.64575 978.92803955
v 288.26505 124.18286 1009.26623535
v 288.27673 122.44078 1011.38696289
v 288.27783 93.85522 945.02178955
v 288.32938 115.08893 1019.46795654
v 288.33011 95.07848 949.98303223
v 288.33331 86.69418 1096.40295410
v 288.33755 87.76527 1033.99182129
v 288.34634 123.59137 969.64660645
v 288.38855 90.54014 931.35589600
v 288.41000 107.06836 1031.07958984
v 288.42722 86.76264 991.31048584
v 288.48343 94.00028 947.53570557
v 288.51398 112.40546 969.02441406
v 288.54062 70.38431 929.41137695
v 288.54340 80.55361 952.52362061
v 288.54404 81.51476 1078.25708008
v 288.54794 89.93137 1091.71862793
v 288.57126 71.80608 927.94958496
v 288.58698 95.25748 939.34289551
v 288.58835 76.91499 1085.91162109
v 288.59256 72.32938 928.68981934
v 288.70178 96.94073 1055.74572754
v 288.91528 147.95583 972.49530029
v 288.92645 147.34396 970.41442871
v 288.96442 96.84158 1070.18371582
v 289.03406 144.86768 982.80895996
v 289.07785 88.63242 1009.28540039
v 289.07999 96.83758 1058.27856445
v 289.08832 87.45691 992.11840820
v 289.13000 126.89857 1007.47131348
v 289.13428 81.81242 1095.84069824
v 289.26501 94.76513 1082.58825684
v 289.30679 74.94817 1092.14721680
v 289.31384 146.25835 967.05718994
v 289.33093 106.93319 966.70587158
v 289.33627 96.63581 1076.91577148
v 289.34375 88.67272 1002.38763428
v 289.34653 96.15093 935.97247314
v 289.36499 79.33112 1083.54516602
v 289.39145 146.72583 968.20355225
v 289.40933 89.00303 1029.72290039
v 289.43579 137.14366 962.11468506
v 289.45316 131.78502 1002.89587402
v 289.51007 74.92905 1090.18481445
v 289.54709 149.31172 975.23522949
v 289.63486 85.23102 938.56933594
v 289.66806 102.03717 1040.24633789
v 289.67227 81.29344 951.56787109
v 289.67993 113.39753 969.42651367
v 289.69550 103.27487 1038.07299805
v 289.72183 83.30896 967.99597168
v 289.73611 89.22440 997.29656982
v 289.75491 144.55641 963.14764404
v 289.75739 75.02603 1090.93212891
v 289.75769 93.94104 941.95758057
v 289.77588 95.75747 933.15496826
v 289.83017 126.55173 968.88500977
v 289.85992 92.83735 1086.81311035
v 289.90485 86.56175 1057.14489746
v 289.90671 88.40376 1042.37768555
v 289.91235 98.15002 1054.05908203
v 289.92056 140.13429 993.06231689
v 289.93634 99.11021 1048.38684082
v 290.02200 84.29829 940.57641602
v 290.03610 93.54021 945.91381836
v 290.05020 95.00291 949.98034668
v 290.05371 147.34512 968.93676758
v 290.10126 93.95667 947.47473145
v 290.11276 150.07359 973.79992676
v 290.16620 105.86446 965.96301270
v 290.22974 78.84575 1095.16650391
v 290.27710 148.58183 970.51953125
v 290.50012 90.39332 1030.19689941
v 290.52887 84.62429 1074.35900879
v 290.56705 138.10744 961.59582520
v 290.57407 94.88880 932.90484619
v 290.60153 88.76003 1095.26855469
v 290.61102 99.81734 960.42413330
v 290.63715 90.38660 1092.62023926
v 290.66699 89.85902 1093.75146484
v 290.68564 83.89036 1077.15747070
v 290.68701 86.65945 1065.35131836
v 290.71741 150.57655 977.77142334
v 290.73428 101.88695 962.87939453
v 290.74734 138.18422 997.78723145
v 290.75781 77.01919 1093.82958984
v 290.80820 76.05442 1092.58874512
v 290.84506 145.49997 965.27490234
v 290.86282 142.92560 960.52392578
v 290.86838 96.52318 1080.34179688
v 290.87048 139.95769 960.35437012
v 290.87808 88.88220 1048.30981445
v 290.88452 145.02983 988.17083740
v 290.90015 150.31201 972.12524414
v 290.91165 146.49457 984.99310303
v 290.92645 78.35162 1094.70056152
v 290.96326 99.18684 1050.41809082
v 291.00833 114.40215 969.62652588
v 291.01501 88.84967 988.86151123
v 291.02817 150.52434 979.47747803
v 291.08630 77.06026 1088.67858887
v 291.10178 151.39935 976.74731445
v 291.17291 114.10902 1023.77569580
v 291.18143 90.58160 1037.72351074
v 291.22000 94.04807 932.87646484
v 291.31403 92.37789 932.96582031
v 291.32724 112.08574 968.99603271
v 291.35458 93.50997 942.79071045
v 291.37772 95.44957 936.04272461
v 291.39810 140.99437 960.35028076
v 291.40463 151.84933 978.23345947
v 291.41788 82.64473 961.44714355
v 291.43784 102.94036 1040.89990234
v 291.57932 88.48334 1054.03637695
v 291.63492 98.45404 1073.30810547
v 291.68231 93.23763 1017.81988525
v 291.68674 150.78130 971.86865234
v 291.73093 95.88692 953.03649902
v 291.73917 133.57129 1004.75128174
v 291.76999 142.59966 960.96783447
v 291.84201 91.29401 994.67370605
v 291.86386 146.35611 966.70611572
v 291.91101 82.52694 957.50708008
v 291.93228 147.32114 988.11779785
v 291.97214 94.65297 934.10717773
v 291.97961 82.77622 950.99505615
v 291.98566 141.76582 960.80096436
v 292.00638 90.07179 1044.63159180
v 292.00803 93.52228 1014.60479736
v 292.01407 89.76380 935.45684814
v 292.01733 131.16066 1007.27569580
v 292.08154 76.89826 1092.06860352
v 292.09369 125.04816 969.32098389
v 292.09634 153.43484 982.20373535
v 292.10184 96.44906 954.29986572
v 292.11530 91.22253 934.28906250
v 292.15439 93.77304 933.68969727
v 292.15793 84.47278 944.82055664
v 292.18182 90.21254 1094.22827148
v 292.18689 94.82584 937.41363525
v 292.19022 94.05019 1021.29125977
v 292.19067 151.73676 973.34912109
v 292.19690 82.72313 953.82440186
v 292.19849 92.35535 1002.04980469
v 292.20602 141.78271 997.48028564
v 292.22787 77.02842 1090.85107422
v 292.26523 145.04831 964.93841553
v 292.26981 100.28216 960.80737305
v 292.27292 83.74259 1095.69287109
v 292.29556 87.29344 1068.09411621
v 292.33441 84.07041 965.19189453
v 292.34103 88.64294 982.91851807
v 292.41025 125.76644 1012.20556641
v 292.45557 153.62708 977.53564453
v 292.47510 89.34560 1095.13928223
v 292.50623 91.63409 1040.01611328
v 292.53601 140.10890 961.46429443
v 292.60965 92.66108 934.21618652
v 292.61578 94.48341 935.09088135
v 292.68060 155.10661 980.11895752
v 292.74619 94.62176 936.69104004
v 292.81750 99.76295 1056.91992188
v 292.90826 93.75214 934.80169678
v 292.92041 112.53473 968.86560059
v 292.98059 78.42487 1093.12036133
v 293.05188 87.96217 1095.67456055
v 293.08020 135.35754 964.19531250
v 293.08942 112.53448 1028.73083496
v 293.09589 91.31380 1043.55590820
v 293.11600 99.96383 1069.88085938
v 293.12277 83.94792 949.54852295
v 293.12390 103.64413 963.80358887
v 293.13541 85.83729 973.21899414
v 293.13800 155.78661 982.25238037
v 293.14175 93.80558 940.13714600
v 293.15732 110.15315 1031.75781250
v 293.15738 122.25362 1016.42620850
v 293.18542 89.64970 1057.74218750
v 293.18723 88.67551 981.10491943
v 293.19849 96.97009 954.99316406
v 293.25253 93.94610 938.16400146
v 293.25320 108.20712 966.80578613
v 293.32068 124.02055 969.36425781
v 293.32678 81.39306 1095.23278809
v 293.38409 114.85931 969.43060303
v 293.39600 155.69402 984.26959229
v 293.40939 80.31722 1094.64343262
v 293.41959 99.22543 958.89135742
v 293.45203 151.48969 971.87408447
v 293.46252 149.59933 990.10400391
v 293.48251 144.03833 997.49682617
v 293.52496 125.61024 968.94970703
v 293.52643 93.31541 1036.13732910
v 293.54510 94.21294 946.13061523
v 293.61237 116.71770 969.59753418
v 293.61288 90.86521 936.77941895
v 293.66147 92.04819 936.30102539
v 293.69763 143.67297 963.84484863
v 293.71207 131.51646 966.45520020
v 293.74051 92.96017 936.60180664
v 293.75168 85.49196 970.15496826
v 293.83383 153.44136 974.45324707
v 293.85709 146.14790 995.98992920
v 293.87921 156.37616 986.89843750
v 293.92139 93.24139 937.46856689
v 293.97253 157.19055 985.90631104
v 294.07181 149.46332 969.52404785
v 294.08545 98.65410 1079.80761719
v 294.11053 92.03955 1093.36816406
v 294.12286 157.80386 984.76550293
v 294.13312 90.28281 1059.39416504
v 294.13480 93.58308 941.89465332
v 294.14090 133.48059 965.26977539
v 294.17114 84.65209 960.04522705
v 294.20261 144.12378 964.52392578
v 294.28989 157.86198 982.05181885
v 294.29034 95.41563 948.98120117
v 294.33997 96.66247 1013.46093750
v 294.38171 93.86684 944.65960693
v 294.42523 157.43149 980.57739258
v 294.43216 79.30843 1092.17321777
v 294.45047 93.40823 939.25500488
v 294.48788 100.76051 1064.38500977
v 294.49857 89.41938 1095.48400879
v 294.53961 147.93045 996.66345215
v 294.54388 137.50826 1006.12963867
v 294.55112 88.93382 939.93927002
v 294.55881 79.36009 1090.99877930
v 294.57562 100.92333 960.76818848
v 294.61166 82.84150 1085.25549316
v 294.61246 137.05487 963.77520752
v 294.63284 116.44501 1024.85070801
v 294.64337 141.64040 963.14001465
v 294.65210 142.91209 963.74035645
v 294.66394 98.53400 1080.94702148
v 294.73035 135.14459 964.53466797
v 294.78580 103.00719 1046.29992676
v 294.82544 140.28415 963.09088135
v 294.82632 96.93139 1027.62524414
v 294.84717 85.32497 955.85101318
v 294.85342 88.84502 978.45666504
v 294.92111 155.11217 993.34124756
v 294.96274 155.42590 977.01324463
v 294.99030 156.98773 978.88421631
v 294.99860 103.08876 962.80108643
v 295.00204 91.92381 1048.58239746
v 295.04572 148.13681 998.01947021
v 295.05023 86.11610 968.86694336
v 295.05090 91.87234 1094.43505859
v 295.16821 158.59636 982.23278809
v 295.17624 80.27538 1089.43920898
v 295.21396 100.91663 1073.00781250
v 295.21457 88.79844 1095.69848633
v 295.25238 97.62750 1006.64703369
v 295.28314 157.32277 992.50903320
v 295.28458 104.20943 1044.55883789
v 295.33276 101.44828 1056.37158203
v 295.35928 143.91377 1002.64318848
v 295.42432 138.52861 963.63342285
v 295.46649 150.12337 970.17718506
v 295.53339 80.19544 1092.20874023
v 295.53619 143.36276 964.30761719
v 295.54581 157.98062 980.14007568
v 295.58377 90.29292 939.86627197
v 295.59894 119.46953 969.19421387
v 295.62173 92.13346 1051.60949707
v 295.64270 95.07079 1040.29602051
v 295.64429 95.60949 1036.59619141
v 295.67252 91.53423 939.09741211
v 295.67502 98.28955 1024.91992188
v 295.67560 120.59298 1021.50048828
v 295.69272 153.30284 973.65625000
v 295.70004 92.49251 939.24987793
v 295.74960 159.29498 990.72680664
v 295.75140 96.13062 992.91296387
v 295.79825 102.83573 1050.19396973
v 295.83087 116.59313 969.01391602
v 295.83496 128.64230 1014.07397461
v 295.84921 86.17059 956.49859619
v 295.86078 101.67891 1062.62890625
v 295.88431 155.62590 977.00170898
v 295.88950 114.11827 968.34106445
v 295.90408 95.62144 990.64263916
v 295.93173 88.93424 1074.18359375
v 295.96695 91.59303 981.84442139
v 295.98450 104.07875 1046.44909668
v 295.99860 159.87659 989.80364990
v 295.99985 134.32309 964.79998779
v 296.03442 93.00695 984.45666504
v 296.05386 97.30826 996.71990967
v 296.05850 159.47868 983.84423828
v 296.13129 94.01060 945.29370117
v 296.22498 98.18676 1029.26635742
v 296.24591 93.51236 943.43560791
v 296.25159 153.97549 996.64819336
v 296.35843 83.38828 1095.32177734
v 296.36520 94.32408 1044.83129883
v 296.41718 125.36725 1017.53930664
v 296.43921 142.36824 964.13085938
v 296.49661 129.45720 967.03942871
v 296.51883 144.78471 965.42297363
v 296.56003 119.57698 968.80749512
v 296.66205 96.26608 951.48742676
v 296.66782 160.57152 988.80621338
v 296.67270 106.64278 964.52569580
v 296.69598 141.05548 963.96838379
v 296.70847 102.41299 1061.10437012
v 296.73087 99.48244 1005.85699463
v 296.78329 92.80445 941.56250000
v 296.86783 150.93716 971.40228271
v 296.87656 153.63919 974.18621826
v 296.90979 103.00470 1054.28417969
v 296.94934 94.89487 1090.14099121
v 296.95645 104.37827 962.97393799
v 297.00763 139.21802 1009.02783203
v 297.02298 145.53539 1004.80200195
v 297.14554 82.23530 1094.56140137
v 297.15152 155.02264 976.28643799
v 297.17642 160.87053 990.91900635
v 297.21506 157.95735 979.80957031
v 297.23959 91.73573 1062.83447266
v 297.24777 158.64497 994.90716553
v 297.25482 109.30781 1039.00903320
v 297.26123 159.91742 983.79461670
v 297.31766 125.20905 967.71063232
v 297.38034 99.77765 1015.26745605
v 297.46774 87.40112 962.74353027
v 297.48895 145.48918 966.27679443
v 297.54300 159.52507 982.75952148
v 297.57065 138.69011 964.25177002
v 297.63351 161.15889 989.53619385
v 297.64560 112.06306 1034.76074219
v 297.67859 90.93996 1095.97241211
v 297.71872 161.06241 988.10516357
v 297.73050 82.04581 1093.91479492
v 297.77353 102.91883 1063.61791992
v 297.77408 88.20814 949.36517334
v 297.78268 85.97965 1083.80700684
v 297.78561 111.13921 1036.37548828
v 297.78738 116.94498 968.08227539
v 297.84030 142.14326 1008.66589355
v 297.92191 160.48529 993.88568115
v 297.93289 136.45654 964.46978760
v 297.94461 88.90091 971.46331787
v 297.98233 95.48853 949.58099365
v 297.99048 89.20490 1077.81286621
v 297.99384 88.80573 947.17596436
v 298.05777 108.42904 1042.12841797
v 298.11807 93.63656 946.15484619
v 298.18030 96.99494 952.48236084
v 298.18140 100.49564 1027.97387695
v 298.21118 94.62882 1053.57946777
v 298.21698 150.19254 1005.10687256
v 298.22757 99.82378 989.84161377
v 298.24048 82.03573 1093.14965820
v 298.24173 157.78502 998.55084229
v 298.26651 160.13638 995.69531250
v 298.28568 93.62437 1093.81323242
v 298.33569 132.50974 1015.45776367
v 298.33899 100.05616 1082.86682129
v 298.35739 91.14968 974.80346680
v 298.36719 101.64404 1008.71221924
v 298.37289 155.34016 977.23645020
v 298.38492 100.93013 1080.90075684
v 298.38770 82.21709 1090.76452637
v 298.40298 89.94718 972.73480225
v 298.43179 145.94955 967.29364014
v 298.43707 111.73991 966.96350098
v 298.45370 97.30917 984.66729736
v 298.47632 161.34840 989.14392090
v 298.47861 102.62742 1073.79187012
v 298.49292 90.04729 945.44055176
v 298.52948 102.12439 1076.67077637
v 298.53998 124.95770 1020.19580078
v 298.62039 146.80434 968.68664551
v 298.62048 101.38319 997.48889160
v 298.63101 97.58036 1042.32092285
v 298.68961 92.44774 944.18402100
v 298.69342 127.32720 967.02838135
v 298.69635 89.46120 947.57397461
v 298.72311 92.96612 945.68652344
v 298.74146 91.60274 944.18322754
v 298.74927 103.21137 1070.13745117
v 298.75665 157.66130 979.90863037
v 298.76431 88.10568 957.80194092
v 298.81055 122.04447 1023.44079590
v 298.84122 160.95432 995.18780518
v 298.88708 87.23640 1095.66125488
v 298.89911 161.18059 988.22564697
v 298.90265 159.84422 983.61309814
v 298.92886 91.10526 944.96801758
v 298.96359 93.58772 947.32739258
v 298.97485 108.09342 1045.07238770
v 298.97629 104.98822 1060.24694824
v 298.98041 94.91096 1055.56140137
v 298.98276 102.02243 991.94128418
v 298.99310 102.70623 1003.13763428
v 299.01401 144.60178 965.40777588
v 299.12531 94.97292 949.26092529
v 299.15604 90.19233 1096.17407227
v 299.17368 123.00036 967.33447266
v 299.21567 154.08133 976.59350586
v 299.23682 92.12669 1070.31652832
v 299.24710 142.72112 964.83740234
v 299.28741 161.49323 993.27301025
v 299.30075 106.14556 1051.58666992
v 299.33130 92.88273 1095.25610352
v 299.33438 158.40111 1000.35156250
v 299.34818 98.30054 983.29846191
v 299.39050 88.89189 1081.00646973
v 299.39987 116.14750 1031.83190918
v 299.45047 84.93888 1094.92321777
v 299.52191 152.78650 1005.33966064
v 299.60706 102.44979 1016.50799561
v 299.61636 136.95796 964.74328613
v 299.65784 140.95277 1012.46520996
v 299.66882 91.04953 947.90985107
v 299.70099 90.26938 969.03137207
v 299.70163 88.79234 960.66119385
v 299.70575 92.94146 947.82977295
v 299.70944 91.98946 947.49035645
v 299.77319 113.27157 966.92333984
v 299.77670 99.66589 956.02832031
v 299.83582 99.09373 1086.36340332
v 299.86887 132.88686 964.69042969
v 299.87900 159.86725 984.85986328
v 299.88788 119.10622 1028.70751953
v 299.90576 129.12047 966.34094238
v 299.95569 96.29517 1050.61901855
v 299.95865 149.21931 1008.70117188
v 299.98865 144.16711 965.49523926
v 299.99176 93.23548 1066.47460938
v 299.99573 159.97943 999.81341553
v 300.06326 140.41075 964.91369629
v 300.09235 104.09433 997.07312012
v 300.10324 131.44829 965.12347412
v 300.14474 84.49342 1094.17321777
v 300.15842 103.21880 1076.95153809
v 300.16525 94.22417 949.22784424
v 300.31308 114.88403 966.97210693
v 300.37341 92.33719 1095.76916504
v 300.38580 105.60680 1062.80651855
v 300.38745 103.93797 987.15966797
v 300.40210 90.51474 953.87799072
v 300.47653 84.18736 1089.84936523
v 300.49548 104.87885 994.19909668
v 300.49658 91.01535 951.04443359
v 300.51343 161.27010 990.37164307
v 300.55600 161.00574 998.83099365
v 300.56235 102.38395 1080.03283691
v 300.66327 105.26038 988.84710693
v 300.68930 92.61258 971.26831055
v 300.72311 102.36408 959.02709961
v 300.74374 114.31455 1037.28247070
v 300.75555 160.09645 987.54864502
v 300.77667 91.81960 950.08520508
v 300.78296 127.97838 966.57275391
v 300.84259 144.66519 966.77801514
v 300.84409 120.69758 966.79742432
v 300.87231 159.45731 1003.00524902
v 300.88028 84.32839 1093.16333008
v 300.89844 142.68834 965.66876221
v 300.89847 91.32571 1095.96240234
v 300.89886 94.88335 1094.33386230
v 300.94302 84.10483 1091.17590332
v 300.95847 95.94386 1092.13757324
v 300.99695 129.88390 1020.06549072
v 301.02209 93.45499 949.67565918
v 301.02628 98.17166 1046.24902344
v 301.04062 129.40422 966.20269775
v 301.05569 97.71780 953.44885254
v 301.06909 145.78168 969.73535156
v 301.11179 156.03394 980.46368408
v 301.11542 97.94208 1089.34265137
v 301.14890 137.19638 965.35589600
v 301.15677 157.20596 1006.00616455
v 301.17383 149.10094 1011.65960693
v 301.19183 105.64677 1068.38171387
v 301.19598 143.69098 1014.07781982
v 301.26013 103.60204 1025.18054199
v 301.27246 103.34123 959.73687744
v 301.29163 102.29098 1031.66308594
v 301.32266 122.87130 1026.73254395
v 301.33444 96.81112 975.14739990
v 301.36819 161.73190 995.33520508
v 301.37573 158.13539 983.71075439
v 301.47729 108.21351 1050.72900391
v 301.48444 100.02694 979.87353516
v 301.50800 97.21204 1051.85180664
v 301.57660 131.45341 965.25689697
v 301.58322 111.66993 965.05084229
v 301.58435 146.42439 971.49835205
v 301.60770 133.79871 965.09558105
v 301.62018 106.09543 1014.33044434
v 301.69177 94.61589 950.44989014
v 301.72330 105.45017 984.63897705
v 301.75616 97.11436 953.14099121
v 301.77853 93.48544 950.37872314
v 301.79721 90.96049 962.86260986
v 301.80704 101.06831 1040.93640137
v 301.81500 161.94324 997.49792480
v 301.81519 104.99400 1075.96350098
v 301.85788 107.55402 1000.51544189
v 301.87018 108.95938 1049.34667969
v 301.89633 92.05058 967.09790039
v 301.91022 91.13711 958.32855225
v 301.92517 93.80062 1095.45178223
v 301.95367 88.44421 1095.44042969
v 301.95627 143.68192 967.35168457
v 301.96362 155.69252 981.34655762
v 301.97092 98.68922 976.66418457
v 301.98212 90.99454 961.16027832
v 301.98947 99.34984 955.35906982
v 302.00665 129.95450 966.13006592
v 302.00830 142.77356 966.81628418
v 302.01215 93.18376 951.10784912
v 302.04834 85.74484 1088.41552734
v 302.06897 107.18791 1009.92242432
v 302.07553 162.23381 1001.10913086
v 302.13797 114.23160 1041.30737305
v 302.15555 159.32475 988.83526611
v 302.19238 93.76717 951.33941650
v 302.20035 102.42188 1035.01745605
v 302.20511 108.32545 988.75744629
v 302.22702 128.73094 966.46740723
v 302.24014 113.17136 1043.52795410
v 302.31140 108.35638 1056.56030273
v 302.32056 107.72002 994.44195557
v 302.32254 107.68929 985.22857666
v 302.33655 119.41505 1031.58825684
v 302.37451 108.55978 990.88836670
v 302.41428 104.93564 1023.75030518
v 302.46252 146.21802 972.50592041
v 302.49097 138.09032 966.34881592
v 302.50003 124.83530 1026.29235840
v 302.51163 159.24350 1006.42376709
v 302.54950 161.98776 996.61981201
v 302.56744 150.14009 1013.55395508
v 302.59030 123.59612 966.46612549
v 302.59753 96.18330 953.43408203
v 302.62613 136.03726 1019.38513184
v 302.63480 112.81499 964.95556641
v 302.66016 161.50311 994.76617432
v 302.66669 96.59180 1059.07885742
v 302.71399 105.07981 1078.14892578
v 302.73694 100.16839 976.69506836
v 302.74017 122.12118 966.14721680
v 302.75269 94.72884 969.73657227
v 302.76230 108.26714 962.89215088
v 302.76331 97.63399 954.26086426
v 302.78506 89.06258 1085.04553223
v 302.79733 85.18439 1090.41638184
v 302.79752 105.84592 1021.16467285
v 302.81018 98.36100 954.88018799
v 302.81250 157.13931 1009.16003418
v 302.81909 95.65779 1093.85534668
v 302.82111 145.88255 1015.49047852
v 302.82883 92.36353 958.99963379
v 302.85678 92.70777 1095.77148438
v 302.86029 95.77028 1065.20080566
v 302.87305 92.26015 962.97760010
v 302.87613 155.55222 983.27264404
v 302.88077 108.04623 1060.19970703
v 302.88861 157.69917 987.36676025
v 302.89529 162.84714 999.26190186
v 302.92798 90.87686 1081.19238281
v 302.93579 110.51847 1048.72741699
v 302.95673 101.62943 957.66674805
v 302.96439 94.18036 1072.43395996
v 302.97394 103.08672 958.98937988
v 302.97726 94.72898 1094.96423340
v 303.12503 139.22647 967.22076416
v 303.16388 114.32280 965.09619141
v 303.17737 102.64839 977.71276855
v 303.29495 92.92032 1077.60156250
v 303.33087 161.93379 1004.86547852
v 303.41025 111.08662 991.47485352
v 303.43307 161.78174 996.20501709
v 303.44113 110.97290 983.53411865
v 303.47775 97.64443 955.32061768
v 303.49326 94.44022 956.88647461
v 303.53052 110.36494 994.73059082
v 303.55200 85.86826 1092.92712402
v 303.56891 95.86487 955.63714600
v 303.57724 160.92328 994.36132812
v 303.60760 109.67774 981.36480713
v 303.61230 141.21429 968.79205322
v 303.68747 128.39171 1025.34924316
v 303.69168 162.93657 1003.70153809
v 303.72745 126.43745 966.68511963
v 303.78476 113.35554 988.25891113
v 303.79730 110.86710 1004.11541748
v 303.82098 100.30060 956.62030029
v 303.85666 122.98441 965.92376709
v 303.88007 102.38869 1084.17468262
v 303.91312 119.28845 1034.44946289
v 303.94434 131.78244 966.66107178
v 303.95383 113.60233 986.04815674
v 303.97104 109.54903 963.45477295
v 303.97717 101.57899 957.77276611
v 303.97964 120.80355 965.00372314
v 303.99133 106.24628 960.82537842
v 304.01541 111.63221 964.24664307
v 304.04102 113.01047 964.50836182
v 304.06094 145.01118 1018.15270996
v 304.07855 98.96193 973.29785156
v 304.08698 109.07557 1013.68121338
v 304.09436 98.12003 1055.01147461
v 304.10468 85.91296 1091.85717773
v 304.11206 153.71912 1015.07989502
v 304.13992 124.83403 966.44543457
v 304.14801 106.71040 1075.39099121
v 304.16541 101.58064 1085.82446289
v 304.17566 95.97629 957.03308105
v 304.29242 103.18343 959.09155273
v 304.32199 139.55151 1021.02374268
v 304.34164 88.97020 1094.92968750
v 304.34167 160.47223 1010.15161133
v 304.38531 93.57381 1095.43029785
v 304.40167 92.85976 1095.53173828
v 304.43253 115.69160 964.63983154
v 304.43771 163.71442 1002.15545654
v 304.48984 97.74985 1092.04101562
v 304.51242 109.44327 1061.41577148
v 304.53366 107.11373 1024.12451172
v 304.54306 152.00723 1016.80755615
v 304.56726 89.93804 1085.27917480
v 304.57068 108.86639 1018.62561035
v 304.57117 109.32925 978.88812256
v 304.57584 86.42552 1090.79016113
v 304.59579 100.35072 973.69085693
v 304.59613 124.21082 1029.19177246
v 304.68713 101.30814 1047.16455078
v 304.69525 105.70540 1080.31433105
v 304.70221 95.24389 962.72003174
v 304.71603 160.92043 995.80065918
v 304.76093 111.43437 980.08630371
v 304.76538 105.64912 1033.26574707
v 304.77621 100.47575 957.38098145
v 304.80557 108.64818 1066.46337891
v 304.80814 141.74036 971.30261230
v 304.87082 140.28119 970.15136719
v 304.88486 111.77150 1051.73779297
v 304.91165 113.01598 993.69067383
v 304.93274 86.73712 1092.46350098
v 304.93704 106.60925 961.20092773
v 304.93713 137.51308 968.70935059
v 304.95557 108.99710 963.26293945
v 304.96042 147.45801 978.52386475
v 304.96469 163.84683 1001.33984375
v 304.96811 97.30334 957.30541992
v 304.98093 163.95879 1004.85028076
v 304.98157 96.09100 964.44549561
v 305.01706 98.49126 970.23773193
v 305.01761 116.02148 988.62249756
v 305.02765 158.09280 992.50866699
v 305.06699 151.16779 984.62249756
v 305.08139 96.05949 960.52319336
v 305.08160 102.37341 959.10040283
v 305.12738 135.57501 1023.34667969
v 305.16086 113.04569 964.40417480
v 305.16455 155.19290 989.49401855
v 305.16855 87.70997 1088.88562012
v 305.18466 111.83337 964.29528809
v 305.19354 116.25356 985.39263916
v 305.21783 144.42201 975.85015869
v 305.23721 127.73413 967.06152344
v 305.27707 119.21310 964.38165283
v 305.32306 87.33662 1093.00805664
v 305.33893 110.01292 963.93914795
v 305.34247 131.50960 967.57708740
v 305.35815 88.60857 1094.24841309
v 305.37283 97.90929 958.53576660
v 305.40457 96.26260 1093.74194336
v 305.40961 121.09062 964.66735840
v 305.42279 100.93577 959.04309082
v 305.43677 98.45904 1061.05627441
v 305.43954 98.50961 968.51287842
v 305.44150 100.52480 971.80798340
v 305.44656 148.35864 1019.61151123
v 305.47488 117.72012 987.69885254
v 305.48633 87.29375 1090.08239746
v 305.48938 163.87524 1007.78491211
v 305.51819 112.95499 1050.69897461
v 305.54263 99.88513 1053.19067383
v 305.54935 113.63056 999.06646729
v 305.55685 124.86465 966.38110352
v 305.57761 105.45134 960.69055176
v 305.57977 149.29381 985.48431396
v 305.58731 141.15112 972.88073730
v 305.59525 108.63677 963.52752686
v 305.59738 102.25233 972.94628906
v 305.61987 90.43566 1094.90893555
v 305.62015 147.13171 980.22552490
v 305.69336 161.58994 1011.57055664
v 305.73901 159.93190 995.85534668
v 305.77936 106.55048 974.82574463
v 305.79092 99.86678 960.02160645
v 305.80695 163.69560 1000.60119629
v 305.87378 129.10179 1028.10363770
v 305.88504 113.02556 1007.39306641
v 305.89294 125.05782 1030.61718750
v 305.90250 105.37409 1037.63073730
v 305.90512 111.19060 964.51318359
v 305.91656 95.02303 1076.50500488
v 305.92841 151.13763 988.85076904
v 305.93765 95.77568 1074.47509766
v 305.95471 92.04319 1095.00439453
v 305.97842 145.02159 979.01422119
v 305.98206 119.31490 964.31463623
v 305.99197 162.41156 998.79754639
v 305.99881 104.79390 960.68957520
v 306.00696 165.12880 1005.87615967
v 306.05664 129.16205 967.61492920
v 306.07968 102.34080 971.06127930
v 306.08563 154.72408 1017.75469971
v 306.09406 146.13075 981.52886963
v 306.09512 146.52013 986.08007812
v 306.10742 109.59306 964.58648682
v 306.12259 97.87866 1092.59069824
v 306.12515 100.39561 968.03985596
v 306.14154 103.33213 960.59783936
v 306.17175 99.62860 964.42816162
v 306.17532 164.60913 1002.49694824
v 306.17636 112.94044 1011.51275635
v 306.18597 107.49606 963.88848877
v 306.19443 100.95546 960.83129883
v 306.20615 100.01291 961.86474609
v 306.20798 126.65920 967.16802979
v 306.21112 115.14774 998.58636475
v 306.29932 157.49292 994.06188965
v 306.32516 153.11519 991.02545166
v 306.35104 151.63272 990.63751221
v 306.36252 132.67159 968.90045166
v 306.38806 136.97365 985.43798828
v 306.39218 95.86048 1093.94531250
v 306.40097 115.53852 977.60559082
v 306.42276 118.01851 1042.89343262
v 306.43988 136.49699 987.67620850
v 306.45554 106.57700 971.78564453
v 306.46231 122.18426 991.01837158
v 306.47067 141.49670 979.07708740
v 306.47070 144.34903 982.98815918
v 306.55005 145.89627 991.33721924
v 306.55444 139.58495 988.81280518
v 306.55530 117.37740 996.15863037
v 306.55630 107.49060 966.02294922
v 306.56772 120.49384 964.53936768
v 306.57843 104.89814 962.69683838
v 306.58627 121.95146 984.88934326
v 306.59247 105.77237 965.89343262
v 306.59940 110.52695 965.21447754
v 306.60178 124.12980 988.32196045
v 306.63956 119.30273 994.13348389
v 306.64136 114.86542 976.10070801
v 306.66043 135.66658 971.55627441
v 306.69321 103.53214 964.11651611
v 306.69754 136.56862 983.41320801
v 306.70020 124.55295 1032.86669922
v 306.72125 102.64053 1048.36462402
v 306.72318 139.79994 980.25720215
v 306.74316 107.55668 967.45001221
v 306.75287 139.25580 989.94549561
v 306.79498 123.20101 991.97204590
v 306.82803 135.74834 989.48876953
v 306.85352 118.55309 964.39367676
v 306.85770 139.38002 976.22009277
v 306.87225 127.03928 967.63055420
v 306.87436 107.77210 970.07202148
v 306.89642 139.80832 978.80877686
v 306.91754 140.47287 1024.58825684
v 306.93835 164.58673 1001.84674072
v 306.98166 165.54355 1003.38726807
v 307.00211 166.12506 1010.23297119
v 307.00323 126.98337 991.20526123
v 307.01190 166.93706 1008.69848633
v 307.03970 144.80734 992.82122803
v 307.06421 123.02581 965.48260498
v 307.06805 125.47398 967.08392334
v 307.07187 135.68529 982.94598389
v 307.07446 109.05993 967.14727783
v 307.07932 100.00779 1057.55273438
v 307.08243 127.57964 990.45318604
v 307.10840 161.12996 1015.55334473
v 307.11301 105.80408 1040.80517578
v 307.19119 114.35430 1051.60864258
v 307.20380 145.84825 1023.95605469
v 307.28818 132.38554 969.82476807
v 307.35803 95.24883 1094.02392578
v 307.41235 120.45118 1039.70178223
v 307.47763 107.04546 1036.19177246
v 307.48337 108.93008 1028.54663086
v 307.49142 114.89931 974.25903320
v 307.49561 119.36069 964.75097656
v 307.51733 128.76425 990.02160645
v 307.52026 130.61580 969.31054688
v 307.52130 162.48822 999.73400879
v 307.53107 100.94960 1089.53320312
v 307.53406 88.50983 1092.50354004
v 307.56302 134.24417 1028.45166016
v 307.60626 128.64751 991.08770752
v 307.61133 88.28094 1090.99133301
v 307.62921 127.22567 968.38385010
v 307.67868 91.00172 1085.53930664
v 307.68625 132.10037 990.31286621
v 307.69162 133.37196 990.98748779
v 307.70251 106.68353 1081.99853516
v 307.71481 110.85690 971.57598877
v 307.72427 131.84053 989.00817871
v 307.72678 90.87499 1093.88330078
v 307.79605 130.46355 990.04113770
v 307.80246 168.15076 1008.43994141
v 307.81506 110.63060 967.10778809
v 307.82230 111.61318 1023.30120850
v 307.83130 122.04940 1037.94580078
v 307.85663 122.40975 994.60266113
v 307.86493 130.22630 991.15789795
v 307.87213 133.71655 983.90570068
v 307.88797 137.90712 978.40069580
v 307.89041 132.03441 970.71258545
v 307.92444 124.15878 983.27178955
v 307.93170 116.01314 1005.58831787
v 307.93390 105.85970 1043.10437012
v 307.97110 117.47826 1000.98150635
v 307.97928 120.77106 996.32073975
v 308.00674 111.10082 1069.40136719
v 308.01721 94.33096 1094.03442383
v 308.02136 89.99454 1087.95275879
v 308.05328 114.50842 965.44262695
v 308.05804 153.80379 1021.91198730
v 308.05875 113.15572 972.15917969
v 308.08334 117.94684 965.25488281
v 308.08939 121.95016 965.55407715
v 308.10486 168.18080 1005.84033203
v 308.11710 118.21258 974.65222168
v 308.12985 89.37688 1089.29467773
v 308.16653 134.74687 981.31915283
v 308.16864 163.19133 1000.49780273
v 308.18134 122.96749 966.19360352
v 308.20667 166.23776 1003.08831787
v 308.21298 122.85600 979.93908691
v 308.21790 164.76109 1014.66241455
v 308.23798 136.86374 993.06768799
v 308.25043 136.19580 976.95874023
v 308.27405 147.08707 995.86584473
v 308.28073 127.82827 969.98992920
v 308.32693 136.28424 978.25689697
v 308.32809 150.80603 995.06372070
v 308.34351 130.83226 971.66644287
v 308.35770 95.97539 1077.78234863
v 308.36148 111.65083 968.69348145
v 308.36487 131.11942 986.61236572
v 308.38260 167.23279 1012.34112549
v 308.39258 99.61847 1091.74682617
v 308.39563 145.14224 996.38171387
v 308.39700 128.95389 986.42651367
v 308.44492 124.16243 995.58178711
v 308.45209 112.69942 970.28381348
v 308.46555 116.46633 971.57000732
v 308.49219 168.84009 1006.90075684
v 308.51306 116.53902 1009.30902100
v 308.51880 134.94389 977.27868652
v 308.52200 124.41973 978.72625732
v 308.54938 159.12213 998.05627441
v 308.57031 121.28509 998.20257568
v 308.61417 130.86552 984.69805908
v 308.62643 114.79178 966.94458008
v 308.62958 128.29703 972.74139404
v 308.64413 106.39265 1083.60766602
v 308.67465 129.52292 983.97229004
v 308.67807 168.72652 1010.74218750
v 308.68857 159.09071 1020.38562012
v 308.70380 154.66806 996.15173340
v 308.75842 126.60976 971.13159180
v 308.76068 157.70804 997.28295898
v 308.76883 142.82359 1026.98059082
v 308.78244 117.61919 967.88360596
v 308.79648 146.74623 1026.40417480
v 308.80667 108.34691 1079.66308594
v 308.84271 128.35548 1033.21643066
v 308.89197 133.95186 1030.58544922
v 308.90555 108.56811 1034.00500488
v 308.94968 125.49666 1035.91015625
v 308.96875 153.02318 996.76239014
v 308.97455 147.04210 998.95318604
v 309.00113 120.23108 1002.26129150
v 309.01019 165.74400 1002.40032959
v 309.03641 98.97382 1092.56298828
v 309.06308 127.38873 998.06329346
v 309.07181 104.44336 1086.53991699
v 309.07248 99.96336 1065.24951172
v 309.07526 115.41239 1055.18994141
v 309.07684 121.60783 967.03643799
v 309.12402 125.02110 972.61834717
v 309.12955 140.97987 998.56719971
v 309.13943 122.90185 972.88690186
v 309.16104 114.75286 1019.12957764
v 309.16351 162.47144 1000.40472412
v 309.17197 166.91417 1003.13635254
v 309.18579 156.81952 997.36975098
v 309.28931 139.97295 1028.92700195
v 309.31622 160.96346 999.70703125
v 309.34735 146.13962 999.98773193
v 309.35468 168.08110 1004.10809326
v 309.37280 122.42605 969.32043457
v 309.37915 119.23146 1007.34539795
v 309.37961 94.95727 1080.85595703
v 309.38138 97.66396 1093.30041504
v 309.41061 125.72205 1000.17510986
v 309.41769 90.49547 1092.79589844
v 309.45840 128.86562 999.49877930
v 309.54950 98.93672 1072.16284180
v 309.59137 93.56825 1093.72302246
v 309.65024 141.27855 1000.46582031
v 309.67593 123.43179 1003.02661133
v 309.74045 154.44823 998.07501221
v 309.74338 135.80646 1001.21063232
v 309.82907 118.90601 1009.47601318
v 309.86832 124.60472 1039.09045410
v 309.96475 129.57423 1000.85321045
v 310.00116 90.15891 1091.10290527
v 310.00607 90.39136 1092.04882812
v 310.02740 163.82043 1020.87579346
v 310.03604 90.23808 1090.03674316
v 310.04590 169.73111 1014.71820068
v 310.08325 125.24152 1002.64758301
v 310.10330 145.73193 1029.19921875
v 310.14264 152.50391 1026.88134766
v 310.17294 168.94873 1004.71118164
v 310.23779 165.34363 1020.14184570
v 310.25873 163.81668 1001.29132080
v 310.29318 159.20790 999.62664795
v 310.31445 170.59857 1009.38812256
v 310.38046 103.17702 1054.63342285
v 310.47842 114.54720 1062.72387695
v 310.54865 166.38164 1002.67156982
v 310.61649 96.81676 1078.32421875
v 310.70990 125.03768 1004.29785156
v 310.75778 112.10219 1072.42687988
v 310.77008 150.54358 1001.96063232
v 310.82126 155.95517 999.54534912
v 310.90005 118.99082 1012.68774414
v 310.90088 127.16282 1003.18530273
v 310.99567 157.65039 999.92218018
v 311.00345 154.35202 1000.28131104
v 311.04367 120.96492 1009.76269531
v 311.05518 130.70448 1003.27429199
v 311.06277 170.84845 1008.61773682
v 311.15231 111.82493 1030.70849609
v 311.17679 169.20711 1004.83465576
v 311.18091 147.98357 1003.61700439
v 311.18661 162.70628 1001.48663330
v 311.25763 171.83090 1015.19323730
v 311.27148 161.44135 1001.36499023
v 311.30188 150.90407 1003.29754639
v 311.31946 144.14171 1003.69641113
v 311.36511 118.47602 1017.03637695
v 311.37018 118.68123 1053.03662109
v 311.37167 92.51299 1085.72753906
v 311.39752 136.08699 1005.48431396
v 311.47971 154.03688 1028.51367188
v 311.53537 171.16020 1017.39410400
v 311.53641 127.81023 1004.95770264
v 311.54446 96.60791 1079.55261230
v 311.54538 166.80942 1003.11029053
v 311.54617 142.07199 1004.52490234
v 311.55695 129.28511 1004.65686035
v 311.57220 165.32661 1022.78808594
v 311.59525 144.55705 1031.76550293
v 311.61557 98.95185 1075.13818359
v 311.74554 148.90514 1030.50561523
v 311.74686 114.73212 1066.91357422
v 311.76605 158.81009 1026.62316895
v 311.82526 139.87502 1033.19348145
v 311.87006 173.01936 1013.37854004
v 311.93027 170.88704 1008.11120605
v 311.94144 168.82042 1004.30810547
v 311.97440 165.57681 1023.67492676
v 312.00681 107.05707 1048.39489746
v 312.00970 151.96997 1006.00079346
v 312.05984 171.83438 1009.51403809
v 312.06720 98.92657 1093.22875977
v 312.15140 137.29897 1008.46575928
v 312.16708 160.08188 1002.81280518
v 312.17038 123.67690 1045.21618652
v 312.19409 128.32248 1007.98278809
v 312.23160 147.17397 1007.19879150
v 312.33087 122.27060 1013.42395020
v 312.33319 105.94791 1052.14123535
v 312.33850 120.71182 1015.73425293
v 312.35696 140.72719 1008.26391602
v 312.36124 158.54913 1003.84338379
v 312.36377 173.33376 1012.42224121
v 312.48135 111.89589 1077.53234863
v 312.54468 100.40688 1072.41064453
v 312.56290 129.44498 1008.89135742
v 312.58255 174.59689 1015.26342773
v 312.59164 111.81107 1033.48767090
v 312.59546 91.74561 1091.69348145
v 312.61011 103.64766 1059.85705566
v 312.61740 173.87634 1019.66589355
v 312.77127 162.93073 1003.53881836
v 312.82599 168.86369 1005.04431152
v 312.88321 144.28517 1009.53814697
v 312.88409 131.09041 1039.05554199
v 312.92651 165.75368 1003.85827637
v 312.93869 122.60788 1015.00109863
v 312.94281 170.65929 1007.70208740
v 312.96985 127.16192 1010.92614746
v 312.99255 170.27708 1024.19836426
v 313.01184 93.10490 1092.71557617
v 313.02301 91.78635 1088.69934082
v 313.02728 175.99486 1017.60797119
v 313.05710 166.92406 1026.60314941
v 313.06134 175.83130 1018.61694336
v 313.06427 154.67239 1031.57983398
v 313.07468 157.39458 1006.65008545
v 313.07681 162.85490 1028.56359863
v 313.08353 173.63663 1011.63940430
v 313.21329 91.80498 1090.76464844
v 313.22079 129.52766 1040.82580566
v 313.28195 103.68790 1090.54296875
v 313.32394 138.47974 1036.79907227
v 313.37396 105.91550 1088.76123047
v 313.37418 143.10628 1035.59326172
v 313.41693 116.80158 1027.18322754
v 313.46918 123.95097 1047.13720703
v 313.51691 175.64374 1014.40106201
v 313.58200 108.91155 1085.06823730
v 313.64603 96.19471 1093.42700195
v 313.66751 111.69675 1037.76770020
v 313.67712 161.89905 1005.32659912
v 313.72925 170.90634 1008.20703125
v 313.74646 109.96485 1042.78247070
v 313.78931 120.06701 1055.69421387
v 313.84204 147.53148 1010.21154785
v 313.92789 128.34584 1012.17199707
v 313.94330 155.82712 1008.98992920
v 313.95959 176.75850 1020.30377197
v 313.99887 129.77670 1011.99554443
v 314.04416 175.00481 1012.50061035
v 314.08002 178.04463 1018.89666748
v 314.18753 178.18777 1016.87646484
v 314.21463 103.93107 1064.91577148
v 314.27908 178.53799 1019.81872559
v 314.28964 176.59477 1033.33471680
v 314.29108 169.16614 1027.77648926
v 314.32465 177.49881 1015.66412354
v 314.34299 114.48904 1073.94140625
v 314.37424 180.07788 1029.52233887
v 314.38254 156.95007 1032.83972168
v 314.38553 179.10501 1022.45672607
v 314.43970 175.76401 1035.32141113
v 314.48572 105.47948 1089.83435059
v 314.50684 179.74088 1032.78088379
v 314.52893 102.17562 1092.00451660
v 314.53241 168.63773 1007.22491455
v 314.60547 180.76770 1019.80328369
v 314.62079 119.69389 1060.21276855
v 314.62115 174.10477 1011.05670166
v 314.64087 141.91919 1038.00634766
v 314.64429 170.34050 1008.21856689
v 314.66891 167.42366 1007.20776367
v 314.68225 176.76740 1036.45837402
v 314.69504 98.76970 1093.17651367
v 314.71942 144.72032 1013.59857178
v 314.72919 162.54138 1031.80749512
v 314.73041 170.64619 1028.74267578
v 314.75928 93.02213 1087.38500977
v 314.76489 93.83378 1092.02453613
v 314.79565 171.98097 1029.75964355
v 314.80179 95.55379 1092.96252441
v 314.84299 122.74020 1019.87945557
v 314.87836 181.55547 1020.41186523
v 314.91125 131.33212 1042.32434082
v 314.92151 133.54762 1041.17614746
v 314.92767 180.54817 1017.72192383
v 314.92865 101.49648 1092.34826660
v 314.93140 154.01524 1035.32104492
v 314.94293 106.72128 1056.53210449
v 314.94928 181.65431 1029.71972656
v 314.96350 126.48077 1047.00256348
v 314.99359 145.62973 1037.18750000
v 314.99628 175.47191 1037.50158691
v 315.01251 176.66064 1014.04742432
v 315.02090 150.40839 1013.88842773
v 315.02216 117.21629 1069.04870605
v 315.07385 164.74297 1008.49346924
v 315.07846 176.84023 1037.41052246
v 315.08670 94.17866 1085.41003418
v 315.10034 157.50810 1012.18652344
v 315.14575 163.12837 1032.73815918
v 315.16708 178.78078 1015.71478271
v 315.17267 173.66071 1010.52679443
v 315.19797 178.18004 1036.60766602
v 315.22473 180.73810 1033.75842285
v 315.31458 123.45638 1020.49871826
v 315.33359 133.09428 1015.57934570
v 315.33459 93.04616 1088.68615723
v 315.34964 105.16177 1090.29003906
v 315.37543 112.75705 1080.10144043
v 315.38248 120.31118 1025.25158691
v 315.39923 182.13155 1020.55120850
v 315.41171 180.92087 1016.86413574
v 315.42441 126.24053 1018.43084717
v 315.44235 168.68396 1008.41448975
v 315.47089 171.06091 1037.45629883
v 315.48911 140.33086 1015.26403809
v 315.54962 172.07216 1038.43176270
v 315.55051 146.39742 1015.52416992
v 315.68771 171.43349 1009.30010986
v 315.69867 125.29697 1050.37231445
v 315.70712 147.60658 1038.32092285
v 315.72720 180.90134 1034.32141113
v 315.72775 164.37689 1009.98803711
v 315.73590 159.54982 1035.52661133
v 315.74789 181.99075 1018.05163574
v 315.82288 163.75111 1035.19152832
v 315.83609 180.90295 1016.40539551
v 315.84009 167.87770 1036.10144043
v 315.91211 165.94498 1035.61584473
v 315.95563 131.30798 1044.81164551
v 315.99036 182.17149 1031.43774414
v 316.03961 94.14410 1086.40319824
v 316.04355 123.26628 1054.32958984
v 316.08264 136.21317 1042.47619629
v 316.08698 176.20461 1013.08917236
v 316.09610 172.23950 1039.64978027
v 316.09805 151.22675 1039.02966309
v 316.09915 182.44063 1028.93957520
v 316.12482 177.94135 1037.73205566
v 316.21289 139.92293 1041.93701172
v 316.21500 100.45154 1092.59118652
v 316.22943 166.13203 1036.76965332
v 316.34613 93.99387 1090.18774414
v 316.42664 182.40530 1018.79748535
v 316.60831 144.27129 1040.78222656
v 316.70370 160.34857 1014.40515137
v 316.71793 99.35657 1092.60095215
v 316.71951 124.01859 1023.32000732
v 316.74216 140.66231 1017.46258545
v 316.74808 150.65833 1017.49237061
v 316.75638 181.86317 1017.34112549
v 316.81567 110.98502 1084.65454102
v 316.87827 111.22181 1046.99548340
v 316.89050 115.83588 1035.98229980
v 316.89362 177.55423 1014.10894775
v 316.91150 104.59221 1090.70263672
v 316.94162 166.85027 1010.59899902
v 316.94516 103.00872 1072.03234863
v 316.95932 173.59634 1040.51403809
v 316.96024 168.54718 1040.10314941
v 316.97739 119.39113 1067.37536621
v 316.98407 131.11777 1019.60595703
v 317.05164 175.28539 1012.20434570
v 317.09915 182.45262 1031.31250000
v 317.10666 105.98575 1065.90332031
v 317.10999 179.19269 1037.15808105
v 317.13992 159.73056 1015.69732666
v 317.18457 173.80688 1010.98883057
v 317.19128 172.74281 1010.50054932
v 317.21014 120.48280 1029.26281738
v 317.23541 159.83986 1038.65478516
v 317.27805 98.18755 1092.30407715
v 317.33575 151.31685 1018.75231934
v 317.39597 162.24139 1038.90246582
v 317.40900 165.42519 1039.54541016
v 317.40942 95.87846 1091.20910645
v 317.43396 180.85710 1016.27343750
v 317.43945 182.41129 1018.62396240
v 317.45422 98.97341 1080.03808594
v 317.48895 141.48792 1043.60705566
v 317.55310 156.18739 1040.47216797
v 317.57748 170.11166 1041.64831543
v 317.65125 146.48486 1042.01892090
v 317.67807 122.92268 1059.91210938
v 317.68384 96.98647 1091.77368164
v 317.70663 181.50273 1017.01867676
v 317.71396 117.39672 1074.75732422
v 317.80087 119.37541 1031.98864746
v 317.82623 174.88132 1040.63525391
v 317.85361 97.05921 1082.83093262
v 317.85889 95.31544 1086.70910645
v 317.88632 182.70227 1020.27813721
v 317.91336 182.69749 1028.84631348
v 317.93896 128.23148 1051.37634277
v 317.94791 168.47017 1042.47534180
v 317.94958 131.03995 1048.62609863
v 317.96890 135.49860 1046.14086914
v 318.00211 110.22912 1086.72399902
v 318.02261 127.48458 1024.17797852
v 318.03168 156.31903 1019.85357666
v 318.06168 160.47055 1018.06939697
v 318.17120 171.39336 1011.26428223
v 318.21005 154.41158 1020.72039795
v 318.21524 133.96515 1021.82647705
v 318.24115 170.56096 1042.38134766
v 318.24228 107.39961 1062.76318359
v 318.33148 182.21144 1032.73889160
v 318.38470 121.02953 1066.52355957
v 318.38937 172.58231 1011.39575195
v 318.46548 95.71516 1088.64172363
v 318.50165 144.11932 1022.39562988
v 318.55151 154.37621 1043.65661621
v 318.56879 103.12785 1090.94848633
v 318.57965 168.47145 1013.34979248
v 318.61374 158.48784 1043.87011719
v 318.62665 113.00069 1083.94787598
v 318.65610 170.47845 1012.19592285
v 318.69342 146.52684 1044.29174805
v 318.80524 115.37560 1080.19384766
v 318.81256 162.53046 1045.59985352
v 318.81851 99.73240 1079.55810547
v 318.83841 132.72079 1049.55920410
v 318.89935 144.10446 1045.24670410
v 318.91641 125.27926 1058.56225586
v 318.91821 97.07996 1090.28479004
v 318.92969 135.78912 1048.32128906
v 318.94421 174.87851 1012.47467041
v 319.00568 164.13728 1018.26898193
v 319.05090 176.41096 1040.35485840
v 319.09232 139.44020 1047.80029297
v 319.09708 166.80923 1045.14978027
v 319.13898 162.89478 1046.38684082
v 319.15604 103.14629 1074.60473633
v 319.18802 171.59949 1042.75061035
v 319.19711 110.93392 1053.63977051
v 319.22763 119.21235 1034.78186035
v 319.28284 109.91734 1087.87475586
v 319.30817 177.05621 1013.79907227
v 319.34091 155.82678 1045.59020996
v 319.34204 108.41265 1061.48193359
v 319.39487 182.12772 1018.87652588
v 319.42438 99.95600 1091.06042480
v 319.42670 181.63297 1034.14587402
v 319.46017 180.42030 1036.33459473
v 319.51056 120.73862 1033.29956055
v 319.51514 102.31963 1090.81567383
v 319.60873 142.74030 1024.33569336
v 319.60876 124.01270 1062.10156250
v 319.61783 125.84270 1028.33447266
v 319.71042 122.37003 1067.01806641
v 319.72964 149.81058 1024.36267090
v 319.76407 171.46158 1013.17016602
v 319.77847 155.77141 1023.22967529
v 319.90445 132.12111 1025.34277344
v 319.91599 167.53322 1017.47735596
v 319.93982 182.62730 1021.47906494
v 320.02298 161.28189 1048.00927734
v 320.12552 97.09631 1084.04980469
v 320.18567 145.81927 1025.44763184
v 320.18948 112.84979 1085.66613770
v 320.19406 182.50995 1030.05725098
v 320.19437 175.70830 1013.56127930
v 320.21170 145.84518 1047.03942871
v 320.21353 112.97824 1049.60437012
v 320.22403 176.78381 1014.02990723
v 320.22632 168.01540 1045.79223633
v 320.28610 169.30827 1044.91223145
v 320.30704 164.32700 1020.95318604
v 320.34195 135.38789 1025.66064453
v 320.43094 180.69814 1035.76391602
v 320.52652 164.07610 1047.88220215
v 320.53293 155.01373 1048.11096191
v 320.54761 173.79936 1013.97534180
v 320.56903 119.34585 1037.53710938
v 320.65677 176.12306 1041.05957031
v 320.70856 107.98018 1089.49035645
v 320.83282 97.19108 1087.56677246
v 320.87909 131.37012 1054.45593262
v 320.89264 97.16035 1084.90722656
v 320.89493 121.12641 1036.03625488
v 320.91183 102.20418 1077.53491211
v 320.93036 112.00488 1086.95043945
v 320.93564 125.59460 1062.83752441
v 320.95328 135.13234 1052.23962402
v 321.01489 164.02835 1023.44604492
v 321.03516 144.21620 1049.08862305
v 321.07858 109.59175 1088.73291016
v 321.07919 149.47116 1048.74755859
v 321.09750 142.40187 1028.76086426
v 321.10974 110.84132 1057.58203125
v 321.11627 115.79189 1082.16601562
v 321.12421 119.79805 1075.80041504
v 321.13437 128.67194 1030.07775879
v 321.13721 170.86682 1017.79998779
v 321.13776 141.02055 1050.92602539
v 321.16669 135.59763 1027.76464844
v 321.16806 173.43625 1042.70935059
v 321.17914 155.95808 1026.55847168
v 321.19049 147.03912 1027.71704102
v 321.26392 136.80182 1027.86657715
v 321.29901 150.30385 1027.79882812
v 321.33151 159.11627 1050.88073730
v 321.37143 106.01295 1072.77514648
v 321.42963 104.96265 1074.61291504
v 321.43561 179.39613 1016.77905273
v 321.48065 126.77177 1031.73657227
v 321.52637 155.08879 1052.31018066
v 321.61139 130.86302 1057.77087402
v 321.64255 181.56888 1033.42407227
v 321.72379 173.60634 1016.08819580
v 321.73276 134.89323 1029.10412598
v 321.75720 177.28313 1040.16833496
v 321.79108 180.44209 1035.70666504
v 321.81003 176.40936 1015.32788086
v 321.83643 133.43398 1056.16210938
v 321.86380 107.23138 1089.64782715
v 321.87741 120.64438 1075.70507812
v 321.89871 116.64375 1044.66247559
v 321.91177 157.26675 1027.60754395
v 321.94351 165.02461 1024.84838867
v 321.95963 97.87331 1084.58911133
v 321.96021 170.40396 1020.79260254
v 321.96161 141.72598 1030.32434082
v 321.96436 117.33525 1080.91650391
v 322.01413 146.19673 1051.86010742
v 322.02969 182.07335 1030.87023926
v 322.07770 154.19559 1053.68823242
v 322.08859 138.26900 1054.31091309
v 322.13480 108.87448 1089.09948730
v 322.19641 159.18057 1052.04626465
v 322.20908 97.89813 1085.68713379
v 322.23126 147.47726 1052.33337402
v 322.24591 105.99516 1073.80908203
v 322.24942 100.69724 1089.40954590
v 322.29718 127.47127 1063.77429199
v 322.30920 98.91081 1088.07800293
v 322.39261 155.81116 1053.84558105
v 322.41574 161.51878 1051.23828125
v 322.57730 100.15427 1088.86535645
v 322.58459 126.13353 1033.98107910
v 322.63052 115.34646 1084.18481445
v 322.68826 98.68026 1086.91210938
v 322.71323 177.46770 1016.51538086
v 322.72208 99.87099 1081.70300293
v 322.73328 127.94144 1033.04736328
v 322.79752 176.12140 1016.36425781
v 322.80515 173.79106 1017.93658447
v 322.83395 182.21309 1025.16406250
v 322.86569 163.74159 1026.81408691
v 322.87744 107.26601 1089.40234375
v 322.87866 182.07980 1022.53784180
v 322.87955 179.23222 1018.14172363
v 322.94165 172.05261 1044.30200195
v 322.99420 135.74168 1031.03967285
v 322.99509 175.28424 1016.92736816
v 323.00098 177.28365 1039.95544434
v 323.04388 180.83888 1019.45770264
v 323.08740 151.50348 1030.83984375
v 323.08990 181.85822 1029.67187500
v 323.15802 147.66418 1054.57690430
v 323.23294 113.37752 1054.38500977
v 323.26059 127.29093 1066.51489258
v 323.31656 172.12840 1021.44439697
v 323.35867 177.64882 1018.06970215
v 323.38843 141.26820 1032.58251953
v 323.41013 138.58907 1056.67492676
v 323.57751 151.08463 1056.43493652
v 323.61038 173.73361 1020.41961670
v 323.63980 107.79349 1071.52465820
v 323.69659 153.94476 1056.01513672
v 323.71490 118.26974 1045.19042969
v 323.72601 167.05516 1049.20056152
v 323.77655 180.59991 1020.14233398
v 323.78806 179.93199 1019.57672119
v 323.78983 176.76317 1018.99499512
v 323.79608 181.79420 1025.35742188
v 323.83136 111.05651 1087.87609863
v 323.84647 114.68967 1085.79431152
v 323.87820 153.61436 1031.52551270
v 323.88370 173.85796 1042.95446777
v 323.90826 105.44621 1089.06225586
v 323.97443 156.78214 1054.98083496
v 323.99368 133.35062 1061.00256348
v 323.99496 179.83142 1034.92590332
v 324.03677 129.94954 1064.60998535
v 324.06573 138.27090 1058.31640625
v 324.07303 114.84774 1052.54296875
v 324.07751 120.37531 1042.95324707
v 324.08142 172.47589 1044.28356934
v 324.09830 177.56203 1038.90783691
v 324.10162 103.60048 1088.71215820
v 324.14249 151.30309 1032.95983887
v 324.22763 167.74060 1026.67187500
v 324.22839 167.98462 1048.77929688
v 324.23068 99.85839 1084.44006348
v 324.28177 180.39891 1033.25524902
v 324.31934 124.31677 1039.09765625
v 324.35898 127.59648 1036.68176270
v 324.44000 114.37079 1086.32751465
v 324.54474 176.99132 1020.57897949
v 324.57053 119.21768 1081.78027344
v 324.57373 148.16739 1059.25622559
v 324.59866 124.70589 1074.39428711
v 324.64703 129.33458 1067.34631348
v 324.71085 180.93939 1029.37927246
v 324.78314 135.82347 1062.62915039
v 324.83960 162.97859 1052.40124512
v 324.85272 130.20686 1036.19299316
v 324.85812 100.82409 1085.80432129
v 324.86453 110.25293 1087.89257812
v 324.86850 143.50691 1060.35925293
v 324.87201 160.05125 1031.02172852
v 324.92972 180.91531 1025.14270020
v 324.96417 106.03246 1075.70739746
v 324.99292 101.00741 1082.25732422
v 325.00443 135.50432 1035.12841797
v 325.09192 179.97594 1022.26043701
v 325.14072 101.98051 1086.70520020
v 325.14288 148.63715 1060.23632812
v 325.25076 131.21980 1067.10144043
v 325.36588 143.76801 1035.98754883
v 325.41843 128.05495 1071.10876465
v 325.48608 110.97390 1065.47534180
v 325.77921 161.23116 1053.75378418
v 325.79575 178.11385 1022.38763428
v 325.85764 172.86028 1043.99084473
v 325.92291 111.93656 1063.69006348
v 325.98889 144.43890 1062.41186523
v 325.99121 108.14220 1087.63964844
v 325.99475 150.02377 1060.63964844
v 326.06128 102.96284 1079.67480469
v 326.10062 137.63618 1064.81604004
v 326.17938 118.67482 1084.13195801
v 326.26422 165.48199 1030.19458008
v 326.31635 118.57366 1049.55358887
v 326.37729 179.42780 1026.37951660
v 326.45798 146.71367 1062.30554199
v 326.50305 176.13666 1023.80139160
v 326.50534 114.10224 1057.51647949
v 326.60120 152.36391 1059.73168945
v 326.68195 178.12984 1024.54882812
v 326.72250 173.03160 1025.28002930
v 326.72842 164.83542 1052.21875000
v 326.75351 126.15305 1076.82275391
v 326.76184 114.16642 1086.83459473
v 326.76752 138.38638 1037.88647461
v 326.87701 170.58304 1047.06665039
v 326.89160 111.63280 1087.13659668
v 326.99072 146.18927 1038.05041504
v 326.99789 124.55222 1078.91027832
v 327.00076 131.49846 1070.87207031
v 327.03616 109.02126 1072.90075684
v 327.05090 125.71824 1041.98071289
v 327.07983 167.81200 1029.65551758
v 327.08231 104.32220 1078.86596680
v 327.10278 123.31551 1044.23095703
v 327.20938 117.62032 1085.70764160
v 327.25577 159.28262 1056.07861328
v 327.25613 144.94673 1064.53930664
v 327.29422 119.03726 1084.51416016
v 327.34930 147.13014 1063.01794434
v 327.36655 171.05176 1027.48181152
v 327.46573 148.50903 1038.15942383
v 327.49982 109.84389 1071.86572266
v 327.58530 173.20438 1042.90539551
v 327.61179 154.40779 1036.62963867
v 327.62711 178.03851 1026.60449219
v 327.63660 177.16550 1025.69873047
v 327.65054 130.20567 1040.42480469
v 327.70801 171.09621 1046.43603516
v 327.74588 136.53859 1069.45520020
v 327.78125 140.02640 1067.89538574
v 327.78424 103.81348 1080.23645020
v 327.80209 152.59581 1060.42468262
v 327.90210 116.98779 1086.11242676
v 327.93646 104.18993 1084.15832520
v 327.96039 124.52253 1080.14367676
v 328.05096 134.52446 1071.61437988
v 328.12152 158.02261 1057.84765625
v 328.14050 177.88318 1031.57409668
v 328.15433 103.78133 1081.46813965
v 328.16052 135.48634 1040.29492188
v 328.20358 162.66020 1034.35375977
v 328.20746 163.39461 1053.70141602
v 328.21280 128.90434 1077.55773926
v 328.21506 141.94038 1067.58776855
v 328.30505 108.68154 1086.22668457
v 328.31879 103.93023 1082.82275391
v 328.34064 137.26752 1070.27465820
v 328.39883 130.14117 1041.41247559
v 328.40637 132.96452 1073.79968262
v 328.42413 177.85526 1028.63317871
v 328.52429 119.19336 1084.74755859
v 328.65152 104.82767 1083.85754395
v 328.69562 171.53661 1045.53857422
v 328.70123 129.98907 1077.29370117
v 328.73013 132.46449 1041.26818848
v 328.74603 108.02234 1085.68054199
v 328.75116 117.30493 1085.93591309
v 328.75787 106.04015 1084.71850586
v 328.77151 139.16003 1040.25646973
v 328.80060 175.27419 1026.81738281
v 328.81116 142.89670 1067.55517578
v 328.83014 123.00873 1082.28723145
v 328.84839 175.66115 1037.63452148
v 328.89392 121.42246 1049.57470703
v 328.89679 125.26408 1045.46557617
v 328.92514 176.73764 1027.51770020
v 328.93948 157.84282 1058.52014160
v 328.94034 175.95782 1027.05249023
v 328.98166 177.31303 1029.66943359
v 329.00177 139.82895 1069.70458984
v 329.07239 125.73284 1080.19787598
v 329.08459 106.09095 1077.86242676
v 329.11829 158.89497 1057.86022949
v 329.11984 159.69832 1036.39123535
v 329.16592 114.21819 1062.06420898
v 329.24182 116.79759 1085.90185547
v 329.27728 114.04303 1086.15319824
v 329.30472 149.05739 1063.25927734
v 329.36874 105.14583 1081.23461914
v 329.38586 105.34448 1079.97021484
v 329.41904 176.38948 1029.09057617
v 329.42657 142.80318 1040.90759277
v 329.52646 175.66351 1028.55310059
v 329.62201 130.10205 1042.88476562
v 329.70728 175.53201 1036.30786133
v 329.72031 171.37543 1030.11572266
v 329.72717 125.46586 1080.72131348
v 329.73215 136.52541 1042.06201172
v 329.75040 173.69730 1040.62622070
v 329.84967 163.92546 1035.31323242
v 329.90485 127.83081 1079.63659668
v 329.94766 164.96884 1053.02099609
v 329.98660 133.67906 1075.10778809
v 330.08868 119.65911 1084.43139648
v 330.09711 160.80640 1056.48803711
v 330.17026 142.55753 1068.57189941
v 330.22522 153.84808 1060.88732910
v 330.31006 138.60997 1071.55395508
v 330.35233 122.88808 1082.86950684
v 330.37427 143.31734 1042.03417969
v 330.48535 174.89452 1034.24975586
v 330.49857 124.86772 1048.01306152
v 330.57913 106.38783 1081.33264160
v 330.72058 173.92989 1039.19543457
v 330.73856 116.98969 1057.21179199
v 330.74448 152.17963 1040.60888672
v 330.76227 160.60031 1037.74829102
v 330.76416 120.04952 1084.17407227
v 330.77203 172.35333 1031.83801270
v 330.78879 174.54465 1037.76208496
v 330.84534 107.21911 1082.24377441
v 330.86618 137.22092 1073.20581055
v 330.87729 108.11387 1083.02246094
v 330.88440 174.05177 1033.44030762
v 330.89075 170.92769 1032.01538086
v 330.93515 173.27496 1032.64074707
v 330.94846 118.76447 1084.48034668
v 330.98117 122.51810 1083.09924316
v 331.02682 132.40915 1076.84729004
v 331.02890 110.97031 1072.06091309
v 331.03937 128.92325 1079.38745117
v 331.12802 168.52682 1048.86328125
v 331.13684 145.78436 1067.03247070
v 331.18307 141.47597 1043.35974121
v 331.18924 131.38222 1043.97644043
v 331.19943 156.63098 1040.30761719
v 331.20270 139.28787 1071.61425781
v 331.20706 139.45309 1043.65258789
v 331.23572 114.27016 1064.93103027
v 331.31934 117.89616 1056.45141602
v 331.35349 174.21100 1036.69274902
v 331.35919 111.93504 1070.65344238
v 331.37192 117.65569 1084.51403809
v 331.40094 106.97716 1077.96850586
v 331.48193 149.23669 1064.43237305
v 331.48599 106.94193 1080.59643555
v 331.51382 159.31461 1058.30908203
v 331.53067 124.58581 1081.63171387
v 331.60632 173.59799 1038.24096680
v 331.70554 161.73009 1055.95410156
v 331.85059 157.94267 1040.34692383
v 331.90344 129.40614 1045.90051270
v 331.94998 135.15820 1075.43688965
v 331.97174 108.03473 1075.94482422
v 332.00058 173.33122 1036.32556152
v 332.02313 165.31319 1052.72241211
v 332.04398 171.51459 1033.97912598
v 332.09839 151.96771 1062.61340332
v 332.21356 155.31650 1060.61413574
v 332.31998 169.48053 1046.51037598
v 332.34454 112.58874 1069.88598633
v 332.47757 123.96843 1081.81604004
v 332.60788 146.08293 1067.53955078
v 332.67804 121.24312 1083.02160645
v 332.70050 108.09802 1076.53808594
v 332.74539 116.04636 1063.24487305
v 332.80521 135.88618 1045.22021484
v 332.84351 142.82808 1069.49511719
v 332.89465 117.42458 1059.86206055
v 332.89502 130.67795 1046.16259766
v 332.89792 135.93323 1075.18774414
v 332.90756 147.83043 1066.31689453
v 332.95804 166.07625 1036.49816895
v 332.95847 113.68862 1067.97814941
v 332.99472 128.38121 1079.95239258
v 333.10117 168.51553 1047.81396484
v 333.19992 140.50150 1071.38916016
v 333.20279 171.49797 1041.83190918
v 333.27191 115.37762 1083.29528809
v 333.29227 165.60512 1051.95776367
v 333.31888 152.56853 1062.44091797
v 333.32925 166.97826 1036.52783203
v 333.37366 131.81958 1077.75964355
v 333.40408 164.77937 1052.93383789
v 333.65433 159.08878 1058.45690918
v 333.65628 110.15626 1074.10363770
v 333.74753 113.45290 1082.54699707
v 333.83209 118.29517 1082.75659180
v 333.86722 109.15496 1079.12841797
v 333.88358 111.16617 1072.47131348
v 333.93082 170.28325 1037.76025391
v 333.93649 112.64828 1070.34851074
v 333.93817 169.45796 1044.73901367
v 334.00101 154.68967 1043.31286621
v 334.02811 161.55508 1039.65307617
v 334.05292 143.13734 1069.48901367
v 334.09384 171.12027 1040.46752930
v 334.09601 109.42099 1075.83520508
v 334.09814 147.12299 1067.19909668
v 334.11005 108.91997 1077.52844238
v 334.18225 136.29158 1074.92224121
v 334.20697 170.85867 1039.09155273
v 334.30267 129.43562 1048.17700195
v 334.36069 110.45422 1080.04382324
v 334.36572 122.48054 1081.49304199
v 334.49774 126.73150 1080.47863770
v 334.57123 144.49287 1045.49902344
v 334.58435 154.53854 1061.07067871
v 334.62488 165.73405 1038.29309082
v 334.62875 121.57621 1055.91577148
v 334.65503 118.52174 1060.17883301
v 334.73206 128.46680 1079.69018555
v 334.76730 162.84818 1039.64172363
v 334.77747 152.40273 1062.57116699
v 334.82385 155.83868 1043.55407715
v 334.85739 170.02299 1040.35302734
v 334.96332 117.49368 1062.16052246
v 334.98532 110.20660 1074.79565430
v 334.99527 158.04361 1058.92407227
v 335.03900 168.53720 1039.00708008
v 335.12021 115.98627 1065.54589844
v 335.15585 167.08063 1048.43493652
v 335.25668 131.56674 1048.14355469
v 335.35046 142.70731 1069.76708984
v 335.41418 110.29875 1077.34130859
v 335.55042 127.97270 1050.11328125
v 335.58957 144.34081 1068.65527344
v 335.63101 110.94546 1078.30773926
v 335.65494 168.36055 1042.28698730
v 335.77661 114.36857 1068.08801270
v 335.82898 120.51983 1058.45349121
v 335.83380 161.81049 1054.95764160
v 335.83871 117.44819 1062.71069336
v 335.85156 137.61748 1073.63891602
v 335.85709 165.44260 1040.47961426
v 335.91772 158.59195 1058.07897949
v 335.96149 129.42839 1049.49804688
v 335.96609 122.55230 1055.97094727
v 335.99048 167.34473 1041.54907227
v 336.01361 123.07726 1080.33703613
v 336.01575 128.42198 1079.23864746
v 336.06418 146.82796 1067.16381836
v 336.09073 132.83372 1076.60083008
v 336.11761 167.05632 1047.28833008
v 336.15555 160.39944 1041.87670898
v 336.40338 167.43195 1044.63586426
v 336.42200 138.33813 1047.80773926
v 336.49512 152.96581 1061.60095215
v 336.54074 124.70791 1054.25769043
v 336.70160 110.87448 1075.15258789
v 336.75470 163.97217 1041.77136230
v 336.79062 111.83766 1077.80786133
v 336.79575 166.56898 1043.04101562
v 336.89377 114.23418 1079.41711426
v 336.98682 127.56972 1079.04956055
v 336.98779 155.39546 1044.97302246
v 337.00400 151.53539 1046.46862793
v 337.07614 115.66234 1079.49328613
v 337.13150 115.74309 1066.08886719
v 337.13922 110.95592 1073.20703125
v 337.14590 141.99989 1069.62866211
v 337.17712 112.90092 1078.38732910
v 337.19257 149.49780 1064.34851074
v 337.31808 117.67051 1062.66552734
v 337.36469 136.24294 1073.90722656
v 337.37628 161.22244 1042.51867676
v 337.39816 124.79980 1079.19750977
v 337.45181 119.92784 1059.59277344
v 337.45602 122.24610 1057.06140137
v 337.52563 133.10030 1075.54675293
v 337.64471 111.30193 1072.49060059
v 337.65051 128.61142 1078.09240723
v 337.69989 153.55473 1060.43078613
v 337.76105 114.42017 1078.33642578
v 337.83240 152.83611 1046.62109375
v 337.83597 112.34710 1071.05175781
v 337.87424 145.69170 1067.07019043
v 337.94998 165.77251 1044.55932617
v 337.97842 158.92459 1043.44189453
v 338.00476 111.42549 1073.64282227
v 338.00861 165.52292 1047.72412109
v 338.10843 158.15269 1043.98242188
v 338.11203 113.40095 1069.30371094
v 338.13715 138.45009 1071.83117676
v 338.39062 120.72170 1058.52209473
v 338.39572 164.96121 1044.34521484
v 338.39993 145.65994 1048.53002930
v 338.59729 140.59073 1069.68591309
v 338.64441 112.37807 1071.80456543
v 338.75879 160.23108 1043.54980469
v 338.76978 163.91086 1049.36633301
v 338.88794 122.82360 1056.93811035
v 338.93570 164.55035 1047.56445312
v 339.09314 124.33876 1056.18261719
v 339.11356 113.26122 1069.74816895
v 339.15735 128.15140 1076.89941406
v 339.22516 128.49590 1053.23498535
v 339.27634 161.14764 1043.99475098
v 339.41492 147.97574 1064.13220215
v 339.42413 113.00700 1072.39367676
v 339.42526 162.06853 1051.99743652
v 339.43210 151.71376 1047.80163574
v 339.64331 118.38404 1061.51757812
v 339.78384 131.59714 1074.39404297
v 339.82227 130.98582 1052.10290527
v 339.87375 113.91297 1073.47973633
v 339.92526 116.24183 1065.16638184
v 339.98065 160.56441 1053.17602539
v 340.20160 139.06802 1050.71386719
v 340.32672 126.52091 1055.37976074
v 340.33057 133.39738 1051.60729980
v 340.47107 138.24315 1069.78564453
v 340.51508 159.01619 1045.06591797
v 340.51810 113.89043 1071.61450195
v 340.55984 149.32210 1048.90197754
v 340.61966 117.20584 1074.89538574
v 340.65253 162.01883 1047.24853516
v 340.66092 160.83894 1051.94702148
v 340.72049 159.98212 1045.27807617
v 340.73669 114.62770 1072.60192871
v 340.75366 147.41660 1049.64685059
v 340.76297 114.22763 1067.51245117
v 340.76401 135.39041 1051.44042969
v 340.76755 118.38680 1061.69653320
v 340.79764 116.17664 1065.63867188
v 340.82330 160.78061 1045.62915039
v 340.88184 161.26511 1050.69409180
v 340.96649 118.77689 1075.02185059
v 341.04459 114.27061 1068.33630371
v 341.05252 134.35699 1071.86523438
v 341.08386 119.36853 1059.43957520
v 341.08859 129.03217 1053.93054199
v 341.08926 140.64549 1050.93835449
v 341.18628 117.39947 1063.74316406
v 341.18634 143.17711 1050.35998535
v 341.32013 131.00847 1053.03417969
v 341.34680 160.11411 1046.38586426
v 341.45758 156.25868 1046.27734375
v 341.46326 116.99216 1072.88928223
v 341.46985 115.15231 1070.55603027
v 341.55295 116.47101 1066.19152832
v 341.68576 154.44006 1047.52368164
v 341.70001 118.34600 1062.70642090
v 341.74506 152.54399 1058.89135742
v 341.80841 152.30403 1048.40759277
v 341.80954 124.12575 1074.69873047
v 341.95721 116.47312 1070.36169434
v 342.04340 127.59611 1073.93627930
v 342.06696 116.95916 1066.96520996
v 342.08832 157.74562 1046.72998047
v 342.13086 130.76190 1053.41760254
v 342.20700 144.68219 1050.40429688
v 342.22699 120.51438 1057.81860352
v 342.30704 141.96202 1066.19763184
v 342.39624 155.10628 1047.86889648
v 342.42307 137.68776 1068.26000977
v 342.51865 118.87068 1063.52648926
v 342.64279 157.41306 1052.42565918
v 342.69373 157.62045 1050.15795898
v 342.72009 152.80627 1058.08947754
v 342.84860 149.05403 1049.89892578
v 342.87299 156.20563 1048.53613281
v 342.89645 156.99736 1049.35229492
v 342.94922 119.42553 1064.27709961
v 342.98596 141.04831 1066.31713867
v 342.99850 120.69170 1070.12744141
v 343.02692 121.73682 1071.44018555
v 343.05698 119.56402 1062.68725586
v 343.09598 128.95148 1054.21545410
v 343.10846 147.42621 1050.30029297
v 343.12338 121.60468 1057.28454590
v 343.14600 137.83948 1051.95202637
v 343.26758 144.56436 1063.44409180
v 343.42120 149.31340 1059.42810059
v 343.44296 153.79071 1049.07238770
v 343.51254 120.10962 1058.12866211
v 343.51416 139.26805 1066.74914551
v 343.54636 120.38239 1063.62011719
v 343.57117 127.71978 1071.88549805
v 343.57321 132.45389 1053.37353516
v 343.70633 124.13930 1071.69519043
v 343.71152 153.33705 1056.49938965
v 343.78534 121.77473 1057.47937012
v 343.81082 120.19041 1058.26171875
v 343.81839 126.08037 1071.84973145
v 343.85229 125.54451 1056.12512207
v 343.86209 155.14192 1053.87878418
v 343.89572 152.23581 1049.46887207
v 343.93030 150.02737 1050.21997070
v 343.97778 154.70604 1050.01147461
v 344.00717 155.28915 1052.01684570
v 344.30124 134.50716 1068.01550293
v 344.39221 146.26532 1060.79858398
v 344.47574 149.00380 1058.62817383
v 344.54401 125.49311 1070.02380371
v 344.54718 121.38956 1060.55139160
v 344.69839 149.02109 1050.79516602
v 344.70349 124.91724 1068.89196777
v 344.71939 123.14733 1063.07043457
v 344.72058 125.46146 1056.36352539
v 344.75494 150.38057 1050.97509766
v 344.80853 123.07314 1057.39196777
v 344.92007 151.49084 1051.50195312
v 344.94827 131.94101 1068.25842285
v 345.01544 152.07074 1052.48791504
v 345.04535 136.61971 1053.06542969
v 345.15976 143.73758 1062.96130371
v 345.17847 150.57742 1056.34375000
v 345.26605 150.01659 1051.44079590
v 345.27786 124.63041 1057.28918457
v 345.50412 135.36078 1053.75891113
v 345.51611 151.00909 1054.54638672
v 345.52545 135.14915 1066.63256836
v 345.53668 127.20921 1064.54443359
v 345.53851 133.98961 1054.09851074
v 345.54184 128.00221 1054.63623047
v 345.56821 130.29669 1053.82763672
v 345.65677 150.20944 1052.09179688
v 345.66708 131.48500 1067.14843750
v 345.70056 124.60117 1058.30737305
v 345.91360 130.65764 1066.46228027
v 345.94629 125.54052 1060.48242188
v 346.04276 129.69025 1065.35693359
v 346.13577 144.78375 1050.90368652
v 346.20026 127.02617 1055.46179199
v 346.41949 130.19530 1054.18493652
v 346.47208 144.76126 1060.29211426
v 346.51096 139.64935 1065.23413086
v 346.55438 134.78735 1065.67199707
v 346.57263 141.59645 1064.72534180
v 346.60556 145.52831 1051.08300781
v 346.63419 126.04761 1058.52246094
v 346.64041 146.40637 1058.38208008
v 346.67911 148.93495 1055.69909668
v 346.70157 134.49480 1055.03857422
v 346.72086 126.75290 1059.69787598
v 346.74689 129.26768 1054.35253906
v 346.83063 127.19183 1055.86340332
v 346.83383 140.29668 1052.18139648
v 346.86505 149.17543 1054.46972656
v 346.87363 132.76639 1055.48815918
v 346.87457 130.59599 1054.65002441
v 346.96161 126.90997 1056.80456543
v 347.00824 148.72757 1052.72595215
v 347.06790 147.99783 1052.00622559
v 347.08600 141.89871 1063.74890137
v 347.20312 145.64070 1051.62646484
v 347.30350 128.40129 1055.86682129
v 347.32297 130.74600 1061.41564941
v 347.34735 128.09521 1058.45166016
v 347.43243 131.30078 1056.71130371
v 347.46991 133.62216 1056.75695801
v 347.54376 146.35202 1052.14147949
v 347.57281 136.73004 1064.37353516
v 347.58771 129.33702 1057.87658691
v 347.60287 131.36914 1058.15417480
v 347.66632 147.29187 1052.97619629
v 347.71063 132.92313 1058.19677734
v 347.82681 137.13751 1054.51586914
v 347.94012 134.94383 1062.71069336
v 348.07764 144.87479 1053.52416992
v 348.10696 145.61790 1054.96386719
v 348.12381 139.20082 1054.30468750
v 348.13510 139.38039 1063.92077637
v 348.14465 137.14844 1055.20471191
v 348.17288 142.26236 1053.68408203
v 348.22931 143.36374 1058.82958984
v 348.27594 141.69482 1061.90600586
v 348.49524 139.59959 1055.20776367
v 348.68121 141.70499 1060.16149902
v 348.93106 137.10188 1060.02148438
v 348.99084 138.08029 1062.49084473
v 349.03763 139.29659 1058.56396484
v 349.04041 137.26085 1061.44812012
v 349.09796 140.28229 1059.11779785
v 349.64850 139.54443 1061.56359863
v 349.71008 138.39363 1061.45495605
v 349.73318 138.59239 1060.59936523
f 4260 4209 4394
f 4514 4260 4394
f 4514 4394 4568
f 4539 4514 4568
f 4458 4353 4164
f 4394 4353 4485
f 4568 4394 4485
f 4485 4353 4458
f 4623 4579 4539
f 4623 4539 4568
f 4458 4615 4485
f 4655 4579 4623
f 4655 4623 4705
f 4623 4568 4760
f 4760 4568 4485
f 4705 4623 4814
f 4814 4623 4853
f 4853 4623 4760
f 4681 4707 4458
f 4458 4707 4615
f 4736 4615 4707
f 4485 4615 4736
f 4760 4485 4736
f 4853 4760 4813
f 4760 4736 4766
f 4813 4760 4766
f 4853 4813 4878
f 4736 4707 4766
f 4766 4707 4774
f 4774 4707 4681
f 4878 4813 4766
f 4838 4766 4774
f 4878 4766 4838
f 4774 4821 4838
f 3935 3885 3968
f 3935 3968 4043
f 3885 3937 3968
f 3907 3937 3885
f 4209 4043 3968
f 4276 4043 4260
f 4260 4043 4209
f 4276 4260 4415
f 3968 3937 4164
f 4164 3937 3907
f 4209 3968 4164
f 4260 4514 4415
f 4415 4514 4551
f 3922 4102 3907
f 3907 4102 4164
f 4394 4164 4353
f 4209 4164 4394
f 4539 4551 4514
f 4539 4579 4551
f 4164 4102 4458
f 4102 4144 4458
f 4144 4389 4458
f 4655 4705 4710
f 4458 4389 4536
f 4458 4536 4681
f 4681 4536 4661
f 4853 4878 4890
f 4681 4661 4693
f 4890 4878 4943
f 4681 4693 4811
f 4811 4774 4681
f 4943 4878 4838
f 4774 4811 4821
f 4821 4892 4838
f 4943 4838 4933
f 4933 4838 4892
f 4811 4845 4821
f 4892 4821 4919
f 4933 4892 4919
f 4919 4821 4845
f 4959 4933 4919
f 4919 4845 4926
f 3935 4002 3900
f 3935 3814 3885
f 4043 4002 3935
f 3611 3885 3694
f 4276 4002 4043
f 3885 3611 3907
f 4276 4415 4351
f 4415 4551 4442
f 3922 4033 4102
f 4551 4579 4639
f 4655 4639 4579
f 4144 4102 4033
f 4710 4639 4655
f 4144 4121 4389
f 4705 4814 4749
f 4853 4847 4814
f 4870 4847 4853
f 4870 4853 4893
f 4587 4661 4536
f 4853 4890 4893
f 4661 4587 4693
f 4893 4890 4943
f 4951 4943 4992
f 4811 4693 4767
f 4943 4933 4992
f 4992 4933 4985
f 4933 4959 4985
f 4845 4811 4858
f 4919 4973 4959
f 4973 4919 4926
f 3814 3460 3757
f 3897 3744 3900
f 3935 3900 3814
f 4002 3897 3900
f 3885 3814 3757
f 4155 3897 4002
f 3885 3757 3694
f 4155 4002 4276
f 4155 4276 4351
f 3611 3622 3907
f 4351 4415 4442
f 3922 3907 3622
f 4442 4551 4464
f 4033 3922 3622
f 4570 4551 4639
f 4033 4121 4144
f 4389 4121 4030
f 4389 4030 4277
f 4710 4705 4749
f 4536 4389 4277
f 4749 4847 4763
f 4814 4847 4749
f 4587 4277 4256
f 4536 4277 4587
f 4893 4943 4951
f 4693 4587 4722
f 4767 4693 4722
f 5044 4992 4985
f 4722 4768 4767
f 4811 4767 4858
f 4985 4959 5013
f 5044 4985 5087
f 5087 4985 5013
f 4767 4768 4858
f 4858 4926 4845
f 4973 5013 4959
f 4796 4768 4722
f 4858 4768 4796
f 4926 4858 5033
f 4973 4926 5000
f 5013 4973 5101
f 5101 4973 5000
f 5033 4858 4961
f 4961 4858 4796
f 5000 4926 5033
f 5154 5087 5013
f 5101 5154 5013
f 5101 5000 5144
f 5000 5033 5117
f 5117 5144 5000
f 3508 3744 3516
f 3398 3508 3516
f 3516 3744 3692
f 3326 3460 3398
f 3508 3398 3460
f 3692 3744 3839
f 3169 3460 3326
f 3169 3206 3460
f 3814 3508 3460
f 3900 3508 3814
f 3744 3508 3900
f 3744 3897 3839
f 3460 3206 3757
f 4155 4210 3897
f 3694 3206 3274
f 3757 3206 3694
f 3694 3274 3288
f 3611 3694 3288
f 4155 4351 4313
f 4155 4313 4210
f 3611 3288 3502
f 3502 3622 3611
f 4351 4442 4464
f 4464 4551 4481
f 4135 4256 4277
f 4491 4587 4256
f 4870 4893 4903
f 4893 4951 4986
f 4719 4722 4587
f 5044 4986 4992
f 4986 4951 4992
f 4722 4719 4796
f 4796 4719 4800
f 5087 5154 5167
f 4961 4796 4800
f 5154 5210 5167
f 4930 4961 4800
f 5210 5154 5251
f 5251 5154 5101
f 4961 4930 4967
f 5101 5144 5235
f 5251 5101 5235
f 5144 5117 5189
f 5189 5117 5033
f 5235 5144 5189
f 5251 5235 5330
f 5330 5210 5251
f 4967 5148 4961
f 4961 5148 5033
f 5189 5033 5148
f 5235 5189 5275
f 5275 5330 5235
f 5148 5193 5202
f 5148 5202 5189
f 5202 5275 5189
f 3516 3692 3607
f 3206 3169 2917
f 3839 4210 4170
f 2960 3274 3206
f 3839 3897 4210
f 4351 4464 4313
f 4313 4464 4414
f 4481 4414 4464
f 4551 4570 4481
f 4642 4570 4639
f 4710 4642 4639
f 4121 3754 4030
f 4642 4710 4749
f 4763 4642 4749
f 4277 4030 4135
f 4847 4870 4798
f 4983 4903 4893
f 4716 4587 4491
f 4587 4716 4719
f 5045 4986 5044
f 5098 5045 5044
f 5098 5044 5087
f 5087 5167 5145
f 5145 5167 5177
f 5177 5167 5211
f 5167 5210 5211
f 5211 5210 5311
f 4967 4930 5041
f 5337 5210 5330
f 4967 5041 5148
f 5148 5041 5193
f 3063 3169 3326
f 3398 3064 3326
f 3519 3064 3398
f 3516 3519 3398
f 3607 3519 3516
f 2834 3169 3063
f 3169 2834 2917
f 3839 4170 3988
f 3206 2917 2960
f 3274 2960 3288
f 4170 4210 4313
f 4312 4313 4414
f 3502 3288 2962
f 3502 2962 3446
f 3622 3502 3446
f 3622 3515 4033
f 4570 4642 4543
f 4121 4033 3515
f 4743 4763 4847
f 4798 4743 4847
f 4231 4491 4256
f 4903 4798 4870
f 4983 4893 4986
f 4491 4566 4716
f 5098 5087 5145
f 4716 4785 4719
f 4719 4785 4826
f 4800 4719 4826
f 4800 4826 4930
f 4826 4939 4930
f 5311 5210 5337
f 4930 4939 5041
f 5041 4939 5018
f 5337 5330 5353
f 5353 5368 5337
f 5041 5018 5160
f 5041 5160 5161
f 5041 5161 5193
f 5330 5275 5332
f 5330 5332 5353
f 5202 5286 5275
f 5193 5286 5202
f 5275 5286 5332
f 5353 5332 5393
f 5375 5353 5393
f 5375 5379 5353
f 5193 5287 5286
f 3064 3519 3327
f 3326 3064 3063
f 3607 3692 3703
f 3692 3839 3703
f 3839 3970 3703
f 2834 2809 2917
f 2917 2809 2826
f 2917 2826 2960
f 2826 2831 2960
f 4313 4312 4170
f 2960 2831 3288
f 3288 2831 2962
f 4312 4414 4345
f 4414 4481 4345
f 4570 4543 4481
f 3515 3622 3446
f 4543 4642 4618
f 4121 3515 3754
f 4763 4618 4642
f 4743 4618 4763
f 4135 4030 3920
f 4256 4135 4231
f 4706 4716 4566
f 4986 5045 4983
f 5098 5145 5183
f 5145 5177 5184
f 4706 4726 4716
f 4716 4726 4785
f 5211 5329 5177
f 4887 4939 4826
f 5211 5311 5329
f 5337 5329 5311
f 4939 4887 4941
f 4941 5018 4939
f 5368 5353 5379
f 5368 5379 5391
f 5391 5379 5426
f 5379 5375 5419
f 5426 5379 5419
f 5193 5161 5316
f 5287 5193 5316
f 5375 5393 5419
f 5332 5286 5397
f 5332 5397 5393
f 5397 5414 5393
f 5419 5393 5414
f 5419 5444 5426
f 5287 5397 5286
f 5287 5372 5397
f 5414 5444 5419
f 5422 5414 5397
f 5444 5414 5422
f 5397 5372 5430
f 5422 5397 5430
f 3064 3327 3236
f 3034 3064 3236
f 3034 2861 3064
f 3519 3607 3327
f 3064 2861 3063
f 2861 2834 3063
f 3839 4076 3970
f 3988 4124 4076
f 3839 3988 4076
f 2809 2698 2826
f 4170 4124 3988
f 2826 2698 2831
f 4345 4481 4480
f 3446 2962 2872
f 4543 4480 4481
f 3515 3446 3303
f 4543 4618 4480
f 4030 3754 3920
f 4181 4135 3920
f 4181 4231 4135
f 4491 4231 4181
f 4983 5045 5011
f 5184 5183 5145
f 4726 4780 4785
f 4826 4785 4887
f 5316 5161 5160
f 5445 5426 5444
f 5287 5316 5372
f 5430 5372 5398
f 3034 3236 2937
f 2937 2814 2861
f 3034 2937 2861
f 3506 3327 3607
f 3506 3607 3651
f 3651 3607 3703
f 2809 2834 2596
f 4170 4312 4124
f 4124 4312 4196
f 2650 2831 2698
f 2650 2714 2831
f 4345 4196 4312
f 2831 2714 2872
f 2962 2831 2872
f 3303 3446 2872
f 4576 4480 4618
f 3303 3424 3515
f 3754 3515 3920
f 4798 4903 4860
f 4566 4491 4181
f 4903 4983 4860
f 4860 4983 5011
f 5098 5121 5045
f 5098 5183 5121
f 5184 5177 5329
f 5329 5344 5184
f 5337 5368 5329
f 5386 5368 5391
f 5391 5426 5386
f 5160 5018 5079
f 5426 5445 5386
f 5160 5285 5316
f 5463 5468 5444
f 5316 5285 5335
f 5372 5316 5335
f 5444 5422 5440
f 5444 5440 5463
f 5440 5455 5463
f 5372 5335 5396
f 5398 5372 5396
f 5422 5430 5440
f 5455 5440 5452
f 5452 5440 5430
f 5436 5452 5430
f 5398 5396 5436
f 5430 5398 5436
f 2937 3236 2846
f 3506 3236 3327
f 2861 2524 2501
f 2814 2524 2861
f 2861 2501 2834
f 2834 2501 2596
f 2596 2611 2809
f 2809 2623 2698
f 2611 2623 2809
f 4076 4124 4026
f 2623 2639 2698
f 2650 2698 2639
f 4345 4480 4355
f 4355 4480 4434
f 2872 2671 2926
f 3303 2872 2926
f 3515 3424 3496
f 3920 3515 3496
f 4618 4743 4779
f 4132 4566 4181
f 4556 4706 4566
f 5045 5121 5011
f 4706 4556 4726
f 5329 5369 5344
f 4785 4897 4887
f 5386 5369 5329
f 5329 5368 5386
f 5079 5018 4941
f 5079 5224 5160
f 5224 5285 5160
f 5445 5444 5468
f 5468 5463 5477
f 5463 5455 5477
f 5477 5455 5491
f 5491 5455 5452
f 5486 5452 5436
f 5486 5436 5469
f 3236 3159 2846
f 3506 3492 3236
f 2937 2566 2814
f 3703 3970 3651
f 2596 2501 2313
f 3970 4076 3989
f 2596 2340 2611
f 2623 2611 2340
f 4124 4196 4026
f 2623 2386 2639
f 2639 2386 2590
f 2590 2650 2639
f 4355 4196 4345
f 2714 2650 2590
f 2872 2714 2671
f 3303 2926 3424
f 4480 4576 4434
f 4618 4779 4576
f 4181 3920 4132
f 4743 4798 4779
f 5183 5184 5344
f 4785 4780 4897
f 4887 4897 4941
f 5445 5468 5471
f 5224 5335 5285
f 5257 5335 5224
f 5381 5396 5335
f 5468 5477 5518
f 5436 5396 5469
f 5477 5491 5518
f 5396 5441 5469
f 5491 5452 5503
f 5503 5452 5486
f 2566 2937 2846
f 3492 3159 3236
f 3506 3651 3492
f 2814 2566 2524
f 4076 4026 3989
f 2596 2313 2340
f 4100 4026 4196
f 2623 2340 2386
f 2590 2386 2312
f 2671 2714 2590
f 2926 2671 2668
f 3796 3920 3496
f 3920 3796 4132
f 4556 4566 4132
f 4860 5011 5003
f 4941 4897 5079
f 5386 5445 5457
f 5445 5471 5457
f 5257 5224 5079
f 5468 5496 5471
f 5335 5257 5381
f 5468 5518 5524
f 5518 5491 5514
f 5535 5518 5514
f 5469 5484 5486
f 5479 5484 5469
f 5484 5503 5486
f 5503 5514 5491
f 5563 5524 5518
f 5535 5563 5518
f 5479 5519 5531
f 5479 5531 5484
f 5589 5535 5514
f 5503 5484 5531
f 5589 5514 5503
f 5589 5503 5531
f 5589 5531 5546
f 3159 2827 2846
f 2703 2566 2846
f 3492 3651 3649
f 2566 2480 2524
f 3970 3690 3651
f 2480 2363 2501
f 2524 2480 2501
f 3970 3899 3690
f 3899 3970 3989
f 2501 2363 2313
f 3989 4026 3899
f 2313 2289 2340
f 2340 2289 2308
f 2340 2308 2386
f 4148 4100 4196
f 2308 2312 2386
f 4196 4355 4148
f 4355 4434 4148
f 3424 2926 2783
f 4779 4666 4576
f 4132 3796 4052
f 4132 4202 4556
f 5121 5003 5011
f 5183 5344 5293
f 5369 5386 5457
f 5479 5469 5441
f 5524 5563 5581
f 5479 5441 5474
f 5610 5581 5563
f 5479 5474 5519
f 5589 5563 5535
f 5638 5563 5589
f 5610 5563 5638
f 5531 5519 5536
f 5546 5531 5536
f 5546 5590 5589
f 5642 5638 5589
f 5616 5589 5590
f 5642 5589 5616
f 5564 5595 5536
f 5536 5595 5546
f 5590 5546 5595
f 5642 5616 5661
f 5625 5616 5590
f 2827 3159 3119
f 3159 3492 3306
f 3119 3159 3306
f 3417 3492 3593
f 2566 2703 2585
f 2827 2703 2846
f 3492 3649 3593
f 2566 2585 2480
f 3690 3649 3651
f 2363 2480 2585
f 3899 4026 4018
f 4026 4100 4018
f 2312 2510 2590
f 2277 2510 2312
f 2926 2668 2783
f 3424 2783 3496
f 4666 4434 4576
f 4798 4860 4779
f 4860 5003 4840
f 5293 5121 5183
f 4758 4897 4780
f 5079 5099 5257
f 5457 5471 5496
f 5468 5524 5496
f 5381 5257 5370
f 5524 5566 5496
f 5421 5396 5381
f 5581 5566 5524
f 5396 5421 5441
f 5525 5519 5474
f 5519 5525 5536
f 5642 5677 5638
f 5595 5625 5590
f 5616 5625 5661
f 3306 3492 3417
f 2585 2275 2363
f 2289 2313 2175
f 2363 2175 2313
f 2289 2183 2308
f 4018 4100 3981
f 4148 4103 4100
f 2312 2308 2194
f 2312 2194 2277
f 2277 2298 2510
f 2540 2590 2510
f 4148 4434 4372
f 2590 2540 2671
f 3496 2783 3553
f 4779 4782 4666
f 4860 4782 4779
f 5121 5064 5003
f 4619 4726 4556
f 5121 5165 5064
f 5121 5293 5165
f 4726 4758 4780
f 4758 4909 4897
f 5344 5384 5293
f 5344 5369 5384
f 5099 5079 5012
f 5257 5099 5314
f 5257 5314 5370
f 5381 5370 5421
f 5435 5441 5421
f 5610 5626 5581
f 5441 5435 5474
f 5610 5668 5626
f 5610 5638 5668
f 5674 5668 5638
f 5674 5682 5668
f 5547 5525 5534
f 5536 5525 5547
f 5638 5677 5674
f 5536 5547 5564
f 5674 5677 5704
f 5704 5682 5674
f 5642 5661 5677
f 5564 5547 5554
f 5564 5554 5595
f 5661 5625 5687
f 5677 5661 5746
f 5746 5661 5687
f 5704 5677 5746
f 5722 5704 5746
f 5595 5554 5586
f 5598 5595 5586
f 5625 5595 5619
f 5619 5595 5598
f 5687 5625 5619
f 5746 5687 5718
f 5586 5622 5598
f 5687 5619 5700
f 5718 5687 5700
f 5619 5598 5622
f 5700 5619 5622
f 5747 5746 5718
f 5718 5700 5726
f 5726 5747 5718
f 2827 3119 3001
f 3001 3119 3306
f 2737 2703 2827
f 3649 3690 3593
f 2275 2175 2363
f 2114 2183 2175
f 4018 3946 3899
f 2175 2183 2289
f 4018 3981 3946
f 2156 2183 2114
f 2183 2156 2308
f 4103 4048 4100
f 2156 2121 2194
f 2156 2194 2308
f 4103 4148 4372
f 2254 2510 2298
f 2510 2254 2540
f 2668 2671 2540
f 4532 4372 4434
f 4434 4666 4532
f 3796 3496 3553
f 4052 3796 3909
f 4132 4052 4106
f 4202 4132 4106
f 4860 4840 4782
f 4782 4840 4912
f 4388 4556 4202
f 4997 4840 5003
f 5003 5064 4997
f 4726 4619 4758
f 5355 5293 5384
f 5355 5384 5399
f 4897 4909 5012
f 5012 5079 4897
f 5399 5384 5369
f 5537 5457 5496
f 5566 5537 5496
f 5566 5602 5537
f 5566 5581 5602
f 5581 5626 5602
f 5626 5668 5650
f 5682 5704 5725
f 5547 5534 5542
f 5722 5725 5704
f 5547 5542 5554
f 5725 5722 5782
f 5782 5722 5746
f 5579 5554 5542
f 5782 5746 5785
f 5554 5579 5586
f 5746 5747 5785
f 5785 5747 5757
f 5757 5772 5785
f 5586 5579 5622
f 5652 5700 5622
f 5726 5757 5747
f 5579 5605 5622
f 5622 5605 5652
f 5652 5605 5633
f 5633 5605 5620
f 5657 5652 5633
f 5700 5652 5657
f 5726 5700 5673
f 5757 5726 5673
f 5700 5657 5673
f 5734 5757 5673
f 5646 5633 5620
f 5657 5633 5646
f 5673 5657 5646
f 3001 2737 2827
f 3105 3001 3306
f 2585 2612 2275
f 2703 2612 2585
f 2737 2612 2703
f 3306 3417 3445
f 3593 3445 3417
f 2251 2210 2175
f 2275 2251 2175
f 3981 4100 3983
f 2114 2118 2156
f 3983 4100 4048
f 2118 2121 2156
f 2194 2121 2112
f 2277 2194 2181
f 2277 2181 2298
f 2298 2181 2254
f 4532 4381 4372
f 3553 2783 3002
f 3553 3675 3909
f 3796 3553 3909
f 4052 3909 3961
f 4052 3961 4106
f 4912 4840 4997
f 5064 5063 4997
f 5290 5064 5165
f 5290 5165 5293
f 5369 5482 5399
f 5457 5482 5369
f 5099 5012 5072
f 5457 5537 5482
f 5099 5265 5314
f 5421 5345 5435
f 5626 5650 5602
f 5474 5435 5403
f 5653 5650 5666
f 5474 5403 5525
f 5650 5668 5666
f 5666 5668 5682
f 5703 5666 5682
f 5525 5493 5534
f 5682 5725 5703
f 5789 5725 5782
f 5534 5555 5542
f 5789 5782 5812
f 5782 5785 5812
f 5579 5542 5555
f 5785 5772 5807
f 5605 5584 5608
f 5608 5620 5605
f 5768 5772 5757
f 5620 5608 5609
f 5734 5673 5691
f 5635 5646 5620
f 5675 5646 5635
f 5673 5646 5675
f 2612 2737 2599
f 2454 2612 2599
f 2737 3001 2867
f 3105 2867 3001
f 2454 2275 2612
f 3306 3445 3277
f 2275 2454 2251
f 3801 3690 3899
f 2176 2175 2210
f 3801 3899 3946
f 2176 2085 2175
f 2175 2085 2114
f 3981 3910 3946
f 3981 3983 3910
f 2085 2118 2114
f 2121 2118 2085
f 2181 2194 2112
f 4666 4603 4532
f 4782 4603 4666
f 4120 4202 4106
f 4243 4202 4120
f 4989 4912 4997
f 4388 4378 4619
f 4556 4388 4619
f 5064 5290 5063
f 5290 5293 5355
f 4758 4835 4909
f 5016 5012 4909
f 5012 5016 5072
f 5543 5482 5537
f 5537 5597 5543
f 5537 5602 5597
f 5421 5370 5345
f 5435 5345 5403
f 5650 5653 5602
f 5602 5653 5597
f 5413 5525 5403
f 5413 5493 5525
f 5703 5724 5666
f 5703 5725 5724
f 5724 5725 5758
f 5758 5725 5789
f 5534 5497 5555
f 5781 5789 5805
f 5789 5812 5805
f 5812 5785 5807
f 5579 5584 5605
f 5555 5584 5579
f 5768 5807 5772
f 5757 5734 5768
f 5608 5594 5609
f 5620 5609 5635
f 5675 5691 5673
f 5609 5594 5617
f 5617 5635 5609
f 5675 5635 5640
f 5665 5675 5640
f 5691 5675 5665
f 5635 5617 5640
f 2677 2599 2867
f 2867 2599 2737
f 3105 2968 2867
f 3105 3277 2968
f 3306 3277 3105
f 3277 3445 3566
f 3593 3566 3445
f 3593 3690 3566
f 3690 3801 3612
f 2210 2179 2176
f 3801 3946 3809
f 2072 2068 2085
f 3927 3983 4048
f 2085 2068 2121
f 2080 2121 2068
f 2112 2121 2080
f 4031 4048 4103
f 2112 2115 2181
f 2254 2181 2203
f 2709 2668 2540
f 4241 4103 4372
f 2668 2709 2783
f 4372 4381 4241
f 4603 4381 4532
f 4106 3961 4120
f 4989 4789 4782
f 4388 4202 4317
f 4317 4202 4243
f 4912 4989 4782
f 4997 5134 4989
f 5063 5134 4997
f 4619 4598 4694
f 5252 5063 5290
f 4758 4619 4694
f 4741 4758 4694
f 4758 4741 4835
f 5252 5290 5355
f 5383 5252 5355
f 4835 4920 4909
f 5355 5404 5383
f 5399 5404 5355
f 5404 5399 5482
f 5404 5482 5543
f 5238 5099 5072
f 5303 5370 5314
f 5637 5552 5597
f 5653 5637 5597
f 5666 5678 5653
f 5666 5711 5678
f 5724 5711 5666
f 5497 5534 5493
f 5724 5758 5711
f 5758 5789 5781
f 5555 5497 5515
f 5805 5812 5825
f 5812 5807 5825
f 5555 5515 5584
f 5515 5538 5584
f 5577 5584 5538
f 5577 5608 5584
f 5768 5787 5807
f 5768 5734 5752
f 5768 5752 5787
f 5710 5734 5691
f 5752 5734 5710
f 5665 5671 5691
f 5671 5689 5691
f 5689 5710 5691
f 5617 5648 5640
f 5665 5640 5671
f 2867 2968 2876
f 2454 2599 2535
f 3277 3340 2968
f 3690 3612 3566
f 2176 2179 2099
f 3809 3946 3910
f 3828 3809 3910
f 2085 2176 2099
f 2085 2099 2072
f 3828 3910 3707
f 3707 3910 3927
f 3927 3910 3983
f 2068 2067 2080
f 3904 3927 4048
f 2112 2080 2115
f 2181 2115 2157
f 2203 2181 2157
f 4103 3974 4031
f 2540 2254 2494
f 2494 2709 2540
f 4368 4381 4603
f 4603 4555 4368
f 4603 4789 4555
f 3961 3964 4120
f 4206 4243 4120
f 4782 4789 4603
f 4388 4317 4378
f 4989 4974 4789
f 4619 4378 4523
f 4523 4598 4619
f 4622 4598 4523
f 4989 5134 4974
f 4598 4669 4694
f 5134 5063 5252
f 4694 4669 4741
f 4835 4741 4771
f 4920 5016 4909
f 5004 5061 5016
f 5016 5061 5083
f 5072 5016 5083
f 5238 5265 5099
f 5265 5303 5314
f 5552 5543 5597
f 5370 5303 5345
f 5653 5678 5637
f 5711 5716 5678
f 5716 5711 5769
f 5769 5711 5758
f 5793 5758 5781
f 5781 5805 5793
f 5807 5787 5803
f 5608 5577 5594
f 5577 5541 5594
f 5648 5617 5612
f 2535 2599 2677
f 2867 2876 2677
f 2454 2402 2315
f 2454 2535 2402
f 3436 3340 3277
f 3566 3436 3277
f 3612 3436 3566
f 2454 2315 2251
f 2210 2278 2179
f 2315 2210 2251
f 2278 2210 2315
f 3612 3801 3576
f 3801 3809 3576
f 3576 3809 3678
f 2099 2179 2097
f 3828 3678 3809
f 2099 2066 2072
f 2072 2066 2068
f 4031 3904 4048
f 2157 2115 2132
f 3974 4103 4180
f 4241 4180 4103
f 4381 4180 4241
f 4381 4368 4180
f 3675 3002 3334
f 3675 3553 3002
f 3675 3334 3526
f 3909 3860 3961
f 3961 3860 3964
f 4120 3964 4064
f 4120 4064 4151
f 4120 4151 4206
f 4206 4307 4243
f 4307 4317 4243
f 4555 4764 4578
f 4764 4555 4789
f 4317 4523 4378
f 4789 4974 4764
f 4523 4525 4621
f 4621 4622 4523
f 4622 4669 4598
f 5173 5134 5252
f 4741 4669 4771
f 4835 4866 4920
f 4866 4955 4920
f 4920 4955 5004
f 4920 5004 5016
f 5383 5404 5543
f 5552 5383 5543
f 5061 5229 5083
f 5083 5238 5072
f 5229 5238 5083
f 5345 5303 5351
f 5637 5553 5552
f 5637 5591 5553
f 5637 5678 5591
f 5493 5413 5497
f 5716 5705 5678
f 5716 5736 5705
f 5769 5736 5716
f 5758 5793 5769
f 5483 5488 5497
f 5488 5515 5497
f 5805 5825 5818
f 5538 5515 5516
f 5825 5807 5803
f 5787 5752 5784
f 5565 5594 5541
f 5784 5752 5717
f 5752 5710 5717
f 5565 5596 5594
f 5594 5596 5617
f 5617 5596 5612
f 5710 5689 5702
f 5717 5710 5702
f 5648 5671 5640
f 5588 5639 5612
f 5648 5612 5639
f 5671 5648 5639
f 5669 5689 5671
f 5669 5671 5639
f 2402 2535 2619
f 2677 2619 2535
f 2968 3132 2876
f 3340 3132 2968
f 3340 3436 3132
f 2099 2097 2066
f 3927 3680 3707
f 2066 2067 2068
f 3793 3706 3927
f 3927 3904 3793
f 2080 2053 2115
f 2132 2115 2094
f 2094 2115 2053
f 2157 2132 2129
f 2157 2129 2203
f 2254 2203 2129
f 2254 2153 2494
f 2709 2494 2435
f 4368 4555 4410
f 3675 3526 3860
f 3909 3675 3860
f 4410 4471 4319
f 4471 4324 4319
f 4578 4471 4410
f 4555 4578 4410
f 3964 3860 3999
f 3964 3999 4064
f 4324 4254 4275
f 4064 4104 4151
f 4206 4193 4248
f 4206 4151 4193
f 4254 4248 4193
f 4254 4324 4248
f 4469 4324 4471
f 4578 4581 4471
f 4581 4469 4471
f 4307 4206 4248
f 4469 4248 4324
f 4469 4307 4248
f 4578 4638 4581
f 4581 4593 4469
f 4578 4683 4638
f 4578 4764 4683
f 4307 4425 4317
f 4469 4534 4307
f 4534 4425 4307
f 4593 4534 4469
f 4593 4581 4638
f 4523 4317 4425
f 4523 4425 4525
f 4525 4425 4534
f 4635 4534 4593
f 4638 4635 4593
f 4525 4534 4635
f 4764 4974 4854
f 4625 4525 4635
f 4621 4525 4625
f 4854 4974 5026
f 4974 5134 5026
f 4622 4621 4669
f 4745 4771 4669
f 5026 5134 5173
f 4771 4745 4852
f 4771 4852 4835
f 4835 4852 4866
f 5252 5310 5173
f 5252 5383 5310
f 4866 4942 4955
f 5383 5417 5310
f 4955 5070 5004
f 5070 5061 5004
f 5383 5552 5417
f 5159 5229 5061
f 5552 5553 5417
f 5265 5238 5303
f 5403 5345 5351
f 5403 5351 5413
f 5678 5634 5591
f 5497 5413 5418
f 5678 5705 5634
f 5769 5756 5736
f 5769 5776 5756
f 5769 5793 5776
f 5516 5515 5488
f 5825 5803 5818
f 5787 5784 5803
f 5784 5717 5742
f 5565 5575 5596
f 5575 5588 5596
f 5596 5588 5612
f 5689 5706 5702
f 5706 5717 5702
f 5689 5669 5698
f 5639 5588 5606
f 5706 5689 5698
f 5639 5606 5647
f 5669 5639 5647
f 2756 2677 2865
f 2677 2876 2865
f 2315 2324 2278
f 2315 2402 2324
f 3436 3576 3458
f 3612 3576 3436
f 2278 2262 2179
f 3678 3585 3576
f 2262 2097 2179
f 3706 3680 3927
f 2066 2071 2067
f 3793 3904 4031
f 2067 2058 2080
f 2058 2053 2080
f 2254 2129 2153
f 2709 2435 2871
f 2871 2783 2709
f 4410 4201 4368
f 4319 4201 4410
f 4197 4201 4319
f 3860 3526 3702
f 4275 4197 4319
f 4319 4324 4275
f 3860 3720 3999
f 4154 4254 4193
f 4154 4193 4104
f 4104 4193 4151
f 4728 4638 4683
f 4683 4764 4728
f 4764 4854 4728
f 4621 4625 4745
f 4854 5026 4995
f 4621 4745 4669
f 4745 4877 4852
f 5173 5249 5026
f 4852 4877 4866
f 4866 4932 4942
f 4866 4877 4932
f 5173 5310 5249
f 4942 5070 4955
f 5310 5400 5249
f 5310 5417 5400
f 5070 5159 5061
f 5159 5070 5147
f 5417 5495 5400
f 5553 5495 5417
f 5229 5288 5238
f 5320 5303 5238
f 5591 5495 5553
f 5303 5320 5351
f 5591 5556 5495
f 5413 5351 5418
f 5378 5483 5497
f 5736 5756 5705
f 5805 5818 5806
f 5487 5538 5516
f 5533 5577 5538
f 5818 5803 5819
f 5784 5742 5788
f 5575 5565 5560
f 5742 5706 5727
f 5742 5717 5706
f 5741 5742 5727
f 5588 5575 5578
f 5606 5588 5578
f 5647 5680 5669
f 5669 5680 5698
f 5698 5680 5692
f 5631 5647 5606
f 5680 5647 5631
f 2619 2677 2756
f 2865 2876 2952
f 2402 2619 2324
f 2952 2876 3121
f 2876 3132 3121
f 3436 3458 3132
f 3132 3458 3121
f 3576 3557 3458
f 3576 3585 3557
f 3707 3678 3828
f 2097 2071 2066
f 2071 2038 2067
f 2038 2058 2067
f 2094 2026 2132
f 2494 2153 2435
f 3952 3974 4180
f 2783 2871 3002
f 4180 4368 4035
f 3334 3002 2871
f 4197 4062 4201
f 3526 3334 3702
f 4130 4197 4154
f 4275 4154 4197
f 3860 3702 3720
f 3999 3720 3915
f 4064 3999 3915
f 4064 3915 4057
f 4130 4154 4104
f 4130 4104 4057
f 4057 4104 4064
f 4254 4154 4275
f 4638 4697 4635
f 4697 4638 4728
f 4625 4635 4689
f 4689 4635 4697
f 4625 4689 4745
f 4728 4791 4697
f 4791 4689 4697
f 4854 4828 4728
f 4828 4791 4728
f 4689 4754 4745
f 4791 4754 4689
f 4854 4995 4828
f 4828 4927 4791
f 4927 4754 4791
f 4927 4896 4754
f 4995 4927 4828
f 4877 4745 4754
f 4896 4877 4754
f 4896 4932 4877
f 5026 5249 4995
f 5023 4932 4896
f 4927 5081 4896
f 5081 5023 4896
f 4995 5081 4927
f 5249 5343 4995
f 4932 5023 4942
f 5070 4942 5023
f 4995 5304 5081
f 5343 5340 4995
f 5340 5304 4995
f 5249 5400 5343
f 5070 5023 5147
f 5081 5255 5023
f 5255 5147 5023
f 5304 5255 5081
f 5363 5255 5304
f 5239 5159 5147
f 5264 5239 5147
f 5296 5255 5363
f 5296 5264 5255
f 5264 5147 5255
f 5343 5420 5340
f 5400 5420 5343
f 5495 5460 5400
f 5159 5239 5229
f 5239 5258 5229
f 5258 5288 5229
f 5288 5320 5238
f 5351 5320 5323
f 5323 5320 5288
f 5556 5591 5634
f 5418 5351 5361
f 5418 5378 5497
f 5634 5705 5630
f 5483 5348 5488
f 5776 5777 5756
f 5777 5776 5793
f 5777 5793 5806
f 5806 5793 5805
f 5538 5487 5533
f 5803 5784 5804
f 5784 5788 5804
f 5698 5692 5707
f 5706 5698 5707
f 5727 5706 5707
f 5680 5631 5655
f 2619 2756 2565
f 2865 2952 2756
f 2324 2619 2464
f 2278 2324 2282
f 2278 2282 2262
f 3585 3291 3557
f 3585 3678 3707
f 3680 3594 3707
f 2097 2123 2071
f 3706 3592 3680
f 3545 3497 3706
f 3545 3706 3793
f 3817 3793 4031
f 3817 4031 3974
f 1981 1997 2053
f 1997 2026 2053
f 2053 2026 2094
f 2129 2132 2026
f 4368 4201 4035
f 3334 2871 3163
f 4019 4062 4197
f 3334 3163 3577
f 3702 3334 3577
f 4197 4130 4019
f 3720 3780 3915
f 5304 5340 5363
f 5363 5340 5385
f 5340 5420 5385
f 5400 5460 5420
f 5349 5296 5363
f 5420 5438 5385
f 5264 5258 5239
f 5296 5312 5264
f 5312 5258 5264
f 5331 5296 5349
f 5331 5312 5296
f 5313 5312 5331
f 5313 5258 5312
f 5291 5258 5313
f 5258 5291 5288
f 5460 5495 5512
f 5495 5556 5512
f 5288 5295 5323
f 5351 5323 5338
f 5361 5351 5338
f 5556 5634 5512
f 5361 5378 5418
f 5705 5756 5684
f 5806 5818 5817
f 5818 5819 5817
f 5533 5541 5577
f 5803 5804 5819
f 5788 5742 5741
f 5560 5548 5575
f 5548 5578 5575
f 5578 5583 5606
f 5578 5571 5583
f 5606 5583 5632
f 5631 5606 5632
f 5683 5696 5680
f 5696 5692 5680
f 5707 5692 5696
f 5655 5631 5632
f 2756 2679 2565
f 2756 2833 2679
f 2952 2833 2756
f 3121 3081 2952
f 2464 2619 2565
f 3458 3280 3121
f 3458 3557 3280
f 3585 3707 3594
f 3594 3680 3575
f 3575 3680 3592
f 3592 3706 3497
f 2053 2058 1981
f 2057 2129 2026
f 2153 2129 2057
f 2435 2506 2871
f 4035 3952 4180
f 4130 3998 4019
f 3702 3577 3720
f 3998 4057 3905
f 3905 4057 3915
f 4130 4057 3998
f 5420 5460 5438
f 5460 5512 5438
f 5288 5291 5295
f 5295 5262 5323
f 5634 5576 5512
f 5348 5483 5378
f 5756 5737 5684
f 5756 5777 5737
f 5541 5526 5565
f 5788 5741 5800
f 5565 5526 5560
f 5560 5526 5548
f 5548 5571 5578
f 5571 5569 5583
f 5707 5696 5713
f 5680 5655 5683
f 2952 3012 2833
f 2952 3081 3012
f 3121 3280 3081
f 3557 3291 3280
f 3291 3585 3315
f 3594 3315 3585
f 2097 2262 2214
f 2097 2214 2152
f 2152 2123 2097
f 3575 3592 3497
f 2123 2081 2071
f 2038 1985 2058
f 1985 1981 2058
f 3545 3793 3817
f 3952 3700 3974
f 2153 2057 2138
f 2153 2138 2435
f 4201 4062 3975
f 4201 3975 4035
f 3577 3163 3310
f 3577 3556 3720
f 3720 3637 3780
f 3915 3780 3905
f 3780 3848 3905
f 3940 3998 3905
f 5363 5371 5349
f 5371 5363 5385
f 5438 5411 5385
f 5411 5371 5385
f 5331 5349 5336
f 5371 5336 5349
f 5438 5427 5411
f 5447 5427 5438
f 5371 5359 5336
f 5411 5359 5371
f 5438 5512 5447
f 5331 5336 5289
f 5331 5289 5313
f 5313 5289 5291
f 5291 5289 5295
f 5289 5276 5295
f 5295 5276 5262
f 5506 5512 5576
f 5378 5361 5338
f 5630 5705 5684
f 5737 5777 5771
f 5777 5806 5771
f 5488 5449 5516
f 5771 5806 5796
f 5796 5806 5817
f 5487 5516 5449
f 5817 5819 5822
f 5526 5541 5511
f 5804 5788 5800
f 5754 5800 5741
f 5545 5571 5548
f 5741 5727 5739
f 5727 5707 5720
f 5727 5720 5739
f 5583 5569 5574
f 5720 5707 5713
f 5696 5683 5701
f 5583 5615 5632
f 5632 5615 5655
f 5641 5655 5615
f 5658 5655 5641
f 5683 5655 5658
f 2565 2679 2571
f 2833 2887 2679
f 2833 3012 2887
f 2565 2571 2464
f 3081 3280 3060
f 3060 3280 3291
f 3315 3060 3291
f 2324 2451 2282
f 2451 2324 2464
f 2282 2344 2262
f 3298 3594 3575
f 3497 3298 3575
f 2081 2038 2071
f 2038 1999 1985
f 1985 1963 1981
f 1997 1942 2026
f 3700 3817 3974
f 2057 2026 2000
f 2057 2000 2023
f 2057 2023 2138
f 2604 2871 2506
f 3975 3952 4035
f 3163 2871 2604
f 4062 4019 3958
f 4019 3998 3958
f 3343 3577 3310
f 3343 3556 3577
f 3556 3637 3720
f 3780 3637 3717
f 3848 3780 3717
f 5336 5333 5306
f 5289 5336 5306
f 5359 5333 5336
f 5306 5276 5289
f 5512 5427 5447
f 5512 5506 5427
f 5276 5266 5262
f 5338 5323 5319
f 5319 5323 5262
f 5634 5572 5576
f 5572 5634 5630
f 5771 5749 5737
f 5778 5771 5796
f 5796 5817 5809
f 5809 5817 5822
f 5487 5443 5533
f 5819 5804 5800
f 5508 5526 5511
f 5548 5526 5509
f 5548 5509 5545
f 5741 5739 5754
f 5551 5569 5545
f 5545 5569 5571
f 5569 5551 5574
f 5713 5696 5701
f 5739 5720 5713
f 5583 5574 5593
f 5583 5593 5615
f 5683 5728 5701
f 5615 5593 5611
f 5615 5611 5641
f 5641 5611 5614
f 5658 5641 5614
f 3012 2949 2887
f 3081 3060 3012
f 3315 3079 3060
f 2282 2451 2344
f 2152 2113 2123
f 2113 2081 2123
f 2081 2048 2038
f 2038 2048 1999
f 1999 1963 1985
f 3868 3700 3952
f 2138 2120 2435
f 2435 2120 2506
f 3163 2604 2956
f 4062 3958 3975
f 3998 3919 3958
f 3902 3919 3940
f 3940 3919 3998
f 3902 3905 3848
f 3940 3905 3902
f 3556 3343 3490
f 3848 3717 3773
f 3902 3848 3773
f 5279 5276 5306
f 5427 5442 5411
f 5276 5279 5266
f 5506 5442 5427
f 5262 5297 5319
f 5348 5338 5324
f 5338 5348 5378
f 5488 5350 5449
f 5749 5684 5737
f 5771 5778 5749
f 5778 5796 5790
f 5796 5809 5790
f 5533 5443 5456
f 5533 5456 5541
f 5822 5819 5816
f 5819 5800 5816
f 5509 5526 5508
f 5540 5545 5509
f 5545 5540 5551
f 5527 5544 5551
f 5527 5551 5540
f 5739 5713 5744
f 5713 5701 5744
f 5544 5558 5551
f 5558 5593 5551
f 5551 5593 5574
f 5658 5614 5627
f 2679 2664 2571
f 2887 2774 2679
f 2679 2774 2664
f 2887 2949 2774
f 3060 2949 3012
f 2262 2287 2214
f 2344 2287 2262
f 3298 3315 3594
f 3497 3346 3298
f 2081 2113 2048
f 3497 3337 3346
f 3545 3337 3497
f 3211 3337 3545
f 3545 3817 3517
f 1963 1939 1981
f 3700 3517 3817
f 3924 3868 3952
f 3952 3975 3924
f 3924 3975 3958
f 3163 2956 3310
f 3589 3556 3490
f 3589 3637 3556
f 5359 5347 5333
f 5347 5359 5411
f 5306 5347 5279
f 5306 5333 5347
f 5347 5411 5376
f 5442 5376 5411
f 5266 5284 5262
f 5284 5297 5262
f 5324 5338 5319
f 5324 5319 5301
f 5301 5319 5297
f 5523 5506 5576
f 5572 5523 5576
f 5348 5324 5326
f 5488 5348 5350
f 5749 5659 5684
f 5778 5764 5749
f 5764 5743 5749
f 5778 5790 5764
f 5487 5449 5358
f 5743 5764 5762
f 5487 5412 5443
f 5511 5541 5454
f 5800 5801 5816
f 5800 5754 5801
f 5754 5753 5801
f 5753 5754 5739
f 5527 5540 5510
f 5558 5544 5492
f 5494 5558 5492
f 5593 5558 5611
f 5658 5688 5683
f 5688 5728 5683
f 5587 5558 5494
f 5611 5587 5614
f 5611 5558 5587
f 5614 5587 5582
f 5582 5627 5614
f 2949 3060 2994
f 3060 3079 2994
f 2571 2451 2464
f 3068 3079 3315
f 3315 3298 3068
f 3346 3068 3298
f 2048 2113 2077
f 1999 2048 2077
f 1999 1973 1963
f 3517 3211 3545
f 1906 1981 1939
f 1997 1981 1906
f 1870 1997 1906
f 1942 1997 1870
f 1942 2000 2026
f 3700 3868 3770
f 2138 2023 2120
f 2506 2120 2316
f 2562 2604 2506
f 3924 3958 3870
f 3958 3919 3870
f 3919 3902 3870
f 3343 3310 3148
f 3717 3637 3589
f 3231 3490 3343
f 3589 3490 3231
f 5279 5347 5360
f 5279 5321 5266
f 5321 5305 5284
f 5266 5321 5284
f 5360 5321 5279
f 5347 5376 5360
f 5442 5389 5376
f 5284 5282 5297
f 5523 5442 5506
f 5297 5282 5301
f 5324 5301 5326
f 5301 5243 5326
f 5325 5348 5326
f 5572 5630 5570
f 5348 5325 5350
f 5630 5659 5613
f 5684 5659 5630
f 5449 5350 5358
f 5749 5743 5659
f 5358 5412 5487
f 5764 5773 5762
f 5764 5790 5773
f 5790 5809 5791
f 5809 5822 5791
f 5456 5454 5541
f 5816 5801 5815
f 5508 5454 5473
f 5511 5454 5508
f 5801 5753 5794
f 5508 5500 5509
f 5510 5540 5505
f 5505 5540 5509
f 5753 5739 5744
f 5499 5527 5510
f 5476 5527 5499
f 5544 5527 5476
f 5544 5476 5492
f 5701 5728 5759
f 5492 5476 5467
f 5492 5467 5494
f 5467 5472 5494
f 5494 5582 5587
f 5472 5507 5494
f 5582 5494 5507
f 5627 5582 5607
f 2571 2664 2622
f 2664 2774 2654
f 2994 2774 2949
f 2214 2159 2152
f 2152 2159 2113
f 3536 3517 3700
f 3770 3536 3700
f 2506 2316 2562
f 2956 2604 2562
f 3870 3902 3850
f 3310 2956 3148
f 3708 3773 3717
f 3773 3708 3850
f 3850 3902 3773
f 3708 3717 3654
f 5376 5354 5360
f 5389 5354 5376
f 5284 5305 5282
f 5439 5442 5523
f 5282 5256 5301
f 5243 5325 5326
f 5572 5570 5523
f 5630 5613 5570
f 5659 5743 5715
f 5743 5762 5715
f 5773 5790 5791
f 5791 5822 5810
f 5822 5816 5814
f 5816 5815 5814
f 5508 5473 5500
f 5509 5500 5505
f 5744 5794 5753
f 5510 5505 5478
f 5499 5510 5478
f 5466 5499 5478
f 5499 5466 5433
f 5783 5798 5744
f 5433 5476 5499
f 5744 5701 5783
f 5476 5433 5429
f 5701 5759 5783
f 5476 5429 5467
f 5467 5429 5459
f 5467 5459 5472
f 5658 5627 5667
f 5667 5688 5658
f 5472 5459 5464
f 5472 5464 5501
f 5472 5501 5507
f 5582 5507 5607
f 5507 5501 5607
f 5607 5601 5656
f 2664 2654 2622
f 2994 2764 2774
f 2496 2571 2622
f 2994 2835 2764
f 2994 3079 2835
f 2842 2835 3079
f 2344 2451 2376
f 3079 3068 2842
f 2344 2376 2287
f 3337 3103 3346
f 2159 2077 2113
f 3211 3103 3337
f 2023 2000 2125
f 2120 2023 2125
f 2125 2316 2120
f 3635 3770 3746
f 3853 3746 3868
f 3924 3870 3853
f 3868 3924 3853
f 3148 2956 2848
f 3738 3850 3708
f 3231 3343 3148
f 3231 3468 3589
f 3548 3589 3468
f 3654 3717 3589
f 5321 5360 5354
f 5305 5328 5294
f 5305 5294 5282
f 5321 5328 5305
f 5230 5282 5294
f 5230 5256 5282
f 5243 5256 5230
f 5256 5243 5301
f 5523 5570 5513
f 5325 5243 5196
f 5350 5162 5358
f 5715 5762 5763
f 5762 5773 5763
f 5773 5791 5763
f 5763 5791 5775
f 5775 5791 5810
f 5443 5401 5456
f 5822 5814 5810
f 5401 5454 5456
f 5454 5431 5473
f 5815 5801 5808
f 5473 5431 5500
f 5801 5794 5808
f 5431 5470 5500
f 5470 5478 5505
f 5470 5505 5500
f 5794 5744 5798
f 5501 5530 5607
f 5607 5530 5601
f 5627 5607 5667
f 5667 5607 5656
f 2774 2764 2654
f 2496 2451 2571
f 3068 2906 2842
f 3068 3346 2906
f 3103 2906 3346
f 1996 1999 2077
f 3194 3211 3517
f 1973 1934 1963
f 1963 1934 1939
f 3536 3431 3517
f 1939 1904 1906
f 1906 1879 1870
f 1870 1848 1942
f 1848 1847 1942
f 3536 3770 3635
f 2125 2000 2089
f 3770 3868 3746
f 3771 3746 3853
f 3850 3771 3853
f 3853 3870 3850
f 2956 2562 2848
f 3850 3740 3771
f 3850 3738 3740
f 3148 2848 3130
f 3597 3589 3548
f 3589 3597 3654
f 5250 5294 5328
f 5250 5328 5274
f 5274 5328 5354
f 5354 5328 5321
f 5294 5250 5230
f 5394 5389 5442
f 5439 5394 5442
f 5230 5187 5243
f 5243 5187 5196
f 5196 5187 5118
f 5325 5162 5350
f 5358 5231 5364
f 5364 5412 5358
f 5763 5770 5715
f 5763 5775 5770
f 5412 5364 5443
f 5443 5364 5401
f 5431 5432 5470
f 5470 5432 5478
f 5478 5432 5466
f 5466 5432 5425
f 5808 5794 5798
f 5466 5425 5415
f 5366 5424 5415
f 5424 5366 5341
f 5415 5424 5466
f 5433 5424 5341
f 5466 5424 5433
f 5346 5406 5341
f 5433 5341 5406
f 5811 5798 5783
f 5433 5406 5429
f 5406 5346 5387
f 5429 5406 5387
f 5459 5387 5434
f 5459 5429 5387
f 5464 5434 5450
f 5464 5459 5434
f 5464 5450 5458
f 5501 5464 5458
f 5501 5458 5530
f 5601 5530 5539
f 5601 5539 5618
f 5656 5601 5618
f 2764 2768 2622
f 2764 2622 2654
f 2835 2768 2764
f 2622 2547 2496
f 2835 2842 2768
f 2451 2496 2376
f 2287 2376 2345
f 2345 2286 2287
f 2286 2214 2287
f 2214 2286 2159
f 2159 2101 2077
f 3072 3103 3211
f 3211 3194 3072
f 1999 1996 1973
f 3194 3517 3385
f 3385 3517 3431
f 1939 1934 1904
f 1904 1879 1906
f 1879 1848 1870
f 1987 2000 1942
f 2000 1987 2015
f 2015 2089 2000
f 2125 2193 2316
f 2420 2562 2316
f 2848 2562 2567
f 3231 3148 3130
f 3130 3339 3231
f 3231 3339 3468
f 3520 3548 3468
f 5354 5389 5322
f 5389 5394 5322
f 5191 5230 5250
f 5187 5191 5157
f 5230 5191 5187
f 5523 5513 5439
f 5325 5196 5162
f 5613 5513 5570
f 5613 5580 5513
f 5613 5659 5580
f 5162 5231 5358
f 5580 5659 5624
f 5715 5740 5659
f 5715 5770 5740
f 5770 5775 5740
f 5792 5775 5810
f 5810 5814 5792
f 5792 5814 5820
f 5401 5431 5454
f 5814 5815 5820
f 5425 5432 5431
f 5425 5357 5415
f 5415 5334 5366
f 5808 5798 5824
f 5824 5798 5811
f 5341 5270 5346
f 5346 5317 5387
f 5434 5387 5388
f 5434 5388 5450
f 5450 5437 5458
f 5530 5458 5539
f 5708 5728 5688
f 5667 5656 5681
f 2622 2768 2595
f 2452 2496 2547
f 2452 2547 2482
f 2622 2595 2547
f 2595 2768 2702
f 2768 2842 2702
f 2452 2376 2496
f 2842 2825 2702
f 2842 2906 2825
f 2906 2839 2825
f 2906 3103 2839
f 2077 2101 1996
f 1996 1978 1973
f 1829 1848 1879
f 1942 1847 1987
f 2125 2089 2193
f 2316 2218 2420
f 2316 2193 2218
f 2562 2420 2567
f 3746 3771 3722
f 3722 3771 3740
f 3740 3738 3673
f 3738 3708 3673
f 3654 3642 3673
f 3597 3642 3654
f 3673 3708 3654
f 3468 3339 3520
f 5274 5354 5322
f 5191 5250 5200
f 5274 5200 5250
f 5394 5439 5380
f 5157 5151 5187
f 5118 5187 5151
f 5196 5085 5162
f 5118 5085 5196
f 5364 5231 5180
f 5721 5624 5659
f 5180 5318 5364
f 5740 5721 5659
f 5740 5775 5721
f 5721 5745 5750
f 5721 5775 5745
f 5767 5745 5775
f 5775 5792 5767
f 5364 5318 5401
f 5377 5401 5318
f 5401 5377 5431
f 5820 5815 5821
f 5815 5808 5821
f 5431 5377 5425
f 5425 5377 5374
f 5425 5374 5357
f 5821 5808 5824
f 5253 5334 5357
f 5415 5357 5334
f 5366 5253 5341
f 5366 5334 5253
f 5270 5094 5188
f 5094 5270 5253
f 5341 5253 5270
f 5317 5270 5188
f 5270 5317 5346
f 5188 5209 5281
f 5188 5281 5317
f 5317 5281 5387
f 5388 5387 5281
f 5783 5759 5761
f 5783 5761 5799
f 5783 5799 5811
f 5388 5390 5450
f 5450 5390 5437
f 5759 5728 5761
f 5708 5761 5728
f 5539 5458 5549
f 5656 5618 5644
f 5681 5644 5676
f 5681 5656 5644
f 5667 5690 5688
f 5681 5690 5667
f 5688 5690 5708
f 2376 2452 2345
f 2702 2825 2653
f 2839 2748 2825
f 3072 2839 3103
f 2049 1996 2101
f 3108 3072 3194
f 1978 1934 1973
f 1904 1826 1879
f 1879 1826 1829
f 1829 1817 1848
f 3385 3431 3486
f 3486 3431 3536
f 1848 1817 1847
f 3635 3486 3536
f 2420 2415 2567
f 2567 2851 2848
f 3597 3548 3578
f 3597 3578 3642
f 3130 2848 3180
f 2848 2851 3180
f 3520 3578 3548
f 3624 3642 3578
f 3130 3180 3339
f 3339 3180 3289
f 3520 3339 3440
f 3440 3565 3520
f 3565 3624 3578
f 3565 3578 3520
f 3289 3440 3339
f 3483 3565 3440
f 3289 3483 3440
f 5394 5327 5322
f 5380 5439 5513
f 5151 5096 5118
f 5085 4993 5162
f 5580 5568 5513
f 5009 5231 5162
f 5624 5568 5580
f 5273 5318 5180
f 5721 5679 5624
f 5750 5679 5721
f 5767 5780 5745
f 5767 5792 5780
f 5318 5273 5377
f 5273 5227 5377
f 5820 5821 5813
f 5377 5227 5374
f 5374 5227 5357
f 5357 5227 5164
f 5357 5164 5253
f 5094 5164 5091
f 5164 5094 5253
f 5821 5824 5823
f 5094 5077 5188
f 5824 5811 5823
f 5077 5075 5188
f 5823 5811 5799
f 5075 5130 5188
f 5188 5130 5209
f 5209 5130 5281
f 5281 5130 5339
f 5388 5281 5339
f 5786 5799 5761
f 5761 5738 5786
f 5708 5738 5761
f 5549 5458 5520
f 5618 5539 5549
f 5644 5618 5636
f 5644 5636 5676
f 5676 5636 5670
f 5697 5681 5676
f 5690 5681 5697
f 2595 2482 2547
f 2595 2702 2536
f 2482 2407 2452
f 2702 2653 2536
f 2825 2748 2653
f 2159 2286 2279
f 2101 2159 2279
f 2839 3072 2804
f 3072 3108 2804
f 1978 1938 1934
f 1934 1882 1904
f 3367 3194 3385
f 1826 1904 1882
f 1826 1817 1829
f 3486 3418 3385
f 1847 1931 1987
f 2089 2015 2092
f 3635 3746 3528
f 2193 2089 2092
f 2218 2092 2100
f 2218 2193 2092
f 3666 3722 3740
f 3673 3666 3740
f 2415 2500 2567
f 3673 3668 3666
f 2567 2500 2851
f 3673 3642 3668
f 3642 3624 3668
f 3180 2851 3186
f 3180 3186 3376
f 3376 3289 3180
f 3483 3289 3376
f 5245 5200 5274
f 5322 5245 5274
f 5200 5171 5170
f 5191 5200 5170
f 5245 5171 5200
f 5322 5327 5245
f 5327 5394 5309
f 5191 5170 5157
f 5394 5380 5309
f 5157 5170 5096
f 5151 5157 5096
f 5074 5118 5096
f 5118 5074 5085
f 5513 5475 5380
f 5085 5074 5034
f 4993 5085 5034
f 5568 5475 5513
f 5231 5009 5180
f 5273 5180 5178
f 5125 5273 5178
f 5780 5750 5745
f 5125 5227 5273
f 5780 5792 5820
f 5820 5813 5780
f 5128 5091 5227
f 5227 5091 5164
f 5813 5821 5823
f 5024 5094 5091
f 5077 5062 5075
f 5823 5799 5802
f 5802 5799 5786
f 5339 5130 5176
f 5339 5390 5388
f 5395 5390 5339
f 5437 5390 5451
f 5437 5451 5458
f 5451 5520 5458
f 5786 5738 5731
f 5618 5549 5623
f 5636 5618 5645
f 5618 5623 5645
f 5738 5709 5731
f 5708 5709 5738
f 5636 5645 5670
f 5708 5690 5697
f 5708 5697 5709
f 5676 5670 5697
f 2452 2407 2356
f 2345 2452 2356
f 2595 2536 2482
f 2653 2748 2657
f 2356 2286 2345
f 2804 2748 2839
f 1996 2049 2006
f 2804 3108 3070
f 1996 2006 1978
f 3108 3276 3129
f 3194 3276 3108
f 3367 3276 3194
f 1821 1826 1882
f 3385 3418 3367
f 1801 1822 1817
f 1847 1817 1822
f 3635 3528 3486
f 2218 2100 2166
f 2218 2166 2420
f 2166 2310 2420
f 2420 2310 2415
f 2415 2601 2500
f 2950 2500 2601
f 2500 2950 2851
f 3668 3624 3648
f 2851 2950 3186
f 3590 3624 3565
f 3565 3483 3590
f 3590 3483 3512
f 3376 3512 3483
f 3481 3563 3512
f 3481 3512 3376
f 3590 3512 3563
f 5309 5263 5327
f 5096 5170 5059
f 5096 5059 5074
f 5074 5059 4994
f 5074 4994 5034
f 5009 5162 4993
f 5475 5568 5561
f 4976 5180 5009
f 5624 5561 5568
f 5561 5624 5599
f 5599 5624 5629
f 5624 5679 5629
f 5629 5679 5663
f 5125 5128 5227
f 5663 5679 5732
f 5750 5732 5679
f 5732 5750 5748
f 5750 5780 5748
f 5748 5780 5774
f 5774 5780 5797
f 5797 5780 5813
f 4900 5024 5128
f 5091 5128 5024
f 5024 4981 5094
f 5094 4981 4958
f 4958 5077 5094
f 5077 4958 5062
f 5062 4958 5002
f 5813 5823 5795
f 5823 5802 5795
f 5067 5062 5002
f 5062 5067 5075
f 5075 5067 5130
f 5802 5786 5765
f 5130 5067 5176
f 5339 5176 5362
f 5362 5395 5339
f 5390 5395 5451
f 5786 5731 5765
f 5549 5520 5559
f 5623 5549 5559
f 5670 5645 5685
f 5670 5685 5697
f 5697 5685 5699
f 5699 5709 5697
f 2482 2448 2407
f 2536 2448 2482
f 2356 2279 2286
f 2101 2279 2049
f 2279 2148 2049
f 3070 3108 3129
f 1978 1967 1938
f 1934 1938 1882
f 3246 3129 3276
f 1826 1821 1807
f 1807 1793 1826
f 1826 1793 1817
f 1793 1801 1817
f 1847 1822 1931
f 2018 2015 1987
f 2018 1987 1957
f 2092 2015 2018
f 2100 2018 2014
f 2100 2092 2018
f 2062 2100 2014
f 2166 2100 2062
f 3746 3722 3600
f 2166 2237 2310
f 3722 3666 3646
f 2310 2237 2266
f 2310 2266 2415
f 2415 2266 2440
f 2601 2415 2440
f 2601 2761 2950
f 2761 2601 2440
f 3624 3590 3648
f 2950 2761 2859
f 3648 3590 3647
f 3186 2950 2945
f 3481 3547 3563
f 3186 3388 3376
f 3481 3376 3469
f 5171 5245 5194
f 5327 5263 5245
f 5171 5069 5170
f 5008 5059 5170
f 5380 5475 5392
f 4994 4956 5034
f 4993 5034 4956
f 4863 5009 4993
f 5180 4976 5178
f 5561 5599 5562
f 5178 4976 5125
f 5125 4976 5028
f 5599 5629 5562
f 5028 4851 4900
f 5028 5128 5125
f 5562 5629 5649
f 5028 4900 5128
f 5649 5629 5663
f 4844 4900 4851
f 5732 5649 5663
f 5649 5732 5735
f 5748 5766 5732
f 5748 5774 5766
f 5774 5797 5766
f 5024 4900 4844
f 5735 5732 5766
f 4981 4844 4875
f 4844 4981 5024
f 5766 5751 5735
f 5766 5779 5751
f 5779 5766 5797
f 5779 5797 5813
f 4875 4958 4981
f 4952 5002 4958
f 5002 5027 5067
f 5795 5802 5760
f 5802 5765 5760
f 5067 5027 5078
f 5067 5078 5176
f 5395 5362 5428
f 5395 5428 5451
f 5480 5451 5428
f 5520 5451 5504
f 5451 5480 5504
f 5520 5504 5559
f 5731 5712 5729
f 5731 5729 5765
f 5623 5559 5662
f 5623 5662 5645
f 5731 5709 5712
f 5685 5694 5699
f 5712 5699 5694
f 5709 5699 5712
f 2536 2492 2448
f 2356 2370 2300
f 2407 2370 2356
f 2653 2492 2536
f 2653 2657 2492
f 2748 2675 2657
f 2300 2279 2356
f 2767 2748 2804
f 2808 2767 2804
f 2804 3070 2902
f 2148 2006 2049
f 3111 3070 3129
f 1882 1938 1967
f 3367 3418 3434
f 1801 1820 1822
f 1957 1987 1931
f 3486 3528 3418
f 1957 1972 2018
f 3722 3646 3600
f 3666 3668 3646
f 2142 2237 2086
f 2237 2142 2266
f 3668 3648 3656
f 2233 2440 2266
f 2233 2443 2440
f 3648 3647 3652
f 2761 2440 2443
f 2945 2950 2859
f 3376 3388 3469
f 5263 5194 5245
f 5171 5194 5069
f 5069 5008 5170
f 5380 5352 5309
f 4994 5059 5008
f 5380 5392 5352
f 4993 4956 4863
f 5475 5561 5517
f 5028 4976 4793
f 4831 5028 4793
f 4851 4831 4773
f 5028 4831 4851
f 4844 4851 4762
f 4742 4844 4762
f 4844 4742 4824
f 4844 4824 4875
f 4824 4898 4875
f 4875 4898 4958
f 5795 5779 5813
f 5779 5755 5730
f 5795 5755 5779
f 5795 5760 5755
f 5056 5078 5027
f 5056 5095 5078
f 5176 5078 5150
f 5362 5176 5407
f 5176 5150 5407
f 5765 5723 5760
f 5729 5714 5723
f 5729 5723 5765
f 5729 5712 5714
f 5685 5645 5662
f 5685 5662 5694
f 5712 5694 5714
f 2407 2448 2492
f 2657 2555 2492
f 2657 2675 2555
f 2767 2675 2748
f 2804 2902 2808
f 2006 1967 1978
f 2006 2005 1967
f 3070 3111 3110
f 1940 1882 1967
f 3111 3129 3246
f 1821 1882 1850
f 1793 1795 1801
f 1931 1822 1878
f 3464 3434 3418
f 2014 2018 1972
f 1989 2014 1972
f 3746 3600 3528
f 2166 2062 2237
f 2062 2086 2237
f 3646 3668 3639
f 2086 2020 2142
f 3668 3656 3639
f 2142 2233 2266
f 2233 2142 2209
f 3648 3652 3656
f 2209 2142 2102
f 2368 2209 2102
f 2233 2209 2368
f 2233 2368 2443
f 2102 2133 2196
f 2368 2102 2196
f 2443 2625 2761
f 2761 2625 2859
f 2625 2772 2859
f 2772 2850 2859
f 2368 2196 2365
f 2443 2368 2365
f 2625 2443 2549
f 2850 2945 2859
f 3652 3647 3672
f 2307 2196 2133
f 3590 3563 3603
f 3590 3603 3647
f 3199 2945 2957
f 3186 2945 3199
f 3547 3603 3563
f 3186 3199 3388
f 3469 3547 3481
f 3199 2957 3296
f 3199 3296 3388
f 3356 3388 3296
f 3469 3388 3356
f 3547 3469 3511
f 3603 3547 3617
f 3617 3547 3511
f 3511 3469 3356
f 5263 5220 5194
f 5299 5220 5263
f 5309 5299 5263
f 5008 5069 5030
f 5194 5104 5069
f 5309 5352 5299
f 5008 5030 4873
f 4772 4994 5008
f 4790 4994 4772
f 4994 4790 4956
f 5382 5392 5475
f 4790 4863 4956
f 5009 4863 4976
f 4863 4793 4976
f 4793 4751 4831
f 5561 5562 5517
f 4751 4637 4773
f 4831 4751 4773
f 4773 4701 4762
f 4773 4762 4851
f 5562 5649 5621
f 4824 4742 4748
f 5649 5664 5621
f 4824 4748 4898
f 5735 5664 5649
f 5735 5733 5664
f 5735 5751 5733
f 4898 4891 4958
f 5733 5719 5664
f 4891 4952 4958
f 5730 5719 5751
f 5751 5719 5733
f 5779 5730 5751
f 5027 5002 4960
f 5020 5027 4960
f 5056 5027 5020
f 5693 5730 5723
f 5755 5760 5723
f 5730 5755 5723
f 5095 5150 5078
f 5362 5407 5428
f 5428 5481 5480
f 5480 5481 5504
f 5723 5714 5693
f 5559 5504 5567
f 5567 5604 5672
f 5672 5686 5694
f 5686 5693 5694
f 5693 5714 5694
f 5662 5559 5567
f 5672 5662 5567
f 5694 5662 5672
f 2427 2370 2407
f 2407 2492 2427
f 2370 2352 2300
f 2300 2352 2296
f 2427 2352 2370
f 2792 2767 2808
f 2808 2902 2792
f 3110 2902 3070
f 1882 1940 1850
f 1821 1805 1807
f 3246 3276 3279
f 1807 1805 1793
f 3367 3395 3276
f 1801 1795 1820
f 1820 1878 1822
f 1957 1931 1908
f 1957 1908 1972
f 2014 1989 2062
f 2062 1989 2086
f 2086 1989 1982
f 2086 1982 2020
f 2142 2020 1927
f 2142 1927 2102
f 2102 1927 1913
f 2011 2055 1886
f 2102 1913 2055
f 2102 2055 2133
f 2133 2055 2011
f 2143 2133 2011
f 2365 2196 2307
f 2365 2549 2443
f 2307 2143 2288
f 2307 2133 2143
f 3672 3647 3753
f 2288 2333 2307
f 2762 2772 2625
f 2850 2957 2945
f 2549 2365 2307
f 2762 2625 2549
f 3647 3603 3662
f 3662 3753 3647
f 2957 3088 3296
f 3603 3617 3662
f 3088 3347 3296
f 3296 3347 3356
f 3356 3347 3511
f 3662 3617 3709
f 3347 3465 3511
f 3583 3709 3617
f 3511 3583 3617
f 3583 3511 3465
f 3583 3465 3538
f 5194 5220 5205
f 5174 5194 5205
f 5205 5220 5299
f 5174 5104 5194
f 5205 5299 5146
f 5006 5030 5069
f 5392 5195 5352
f 4772 5008 4873
f 5475 5517 5382
f 4793 4790 4735
f 4790 4793 4863
f 4735 4751 4793
f 4751 4735 4541
f 4484 4637 4541
f 4751 4541 4637
f 4484 4585 4637
f 4773 4637 4585
f 5485 5517 5528
f 4538 4542 4701
f 4538 4701 4585
f 4773 4585 4701
f 5517 5562 5528
f 5562 5621 5528
f 4701 4542 4708
f 4742 4701 4708
f 4742 4762 4701
f 4748 4742 4708
f 4755 4748 4708
f 5600 5528 5621
f 5592 5528 5600
f 4748 4755 4898
f 5600 5628 5592
f 5600 5621 5628
f 5621 5660 5628
f 5621 5664 5660
f 5664 5719 5660
f 4960 5002 4952
f 5628 5660 5651
f 5719 5651 5660
f 5056 5020 5047
f 5719 5695 5651
f 5695 5654 5651
f 5730 5693 5695
f 5719 5730 5695
f 5367 5150 5095
f 5407 5150 5367
f 5428 5407 5448
f 5428 5448 5481
f 5654 5693 5643
f 5695 5693 5654
f 5504 5481 5532
f 5504 5532 5567
f 5532 5550 5567
f 5567 5550 5604
f 5643 5604 5557
f 5686 5604 5643
f 5693 5686 5643
f 5672 5604 5686
f 2555 2427 2492
f 2767 2680 2675
f 2300 2148 2279
f 2162 2148 2300
f 2902 3110 2898
f 1967 2005 1940
f 3213 3111 3246
f 1805 1792 1793
f 1793 1792 1795
f 1878 1908 1931
f 3418 3528 3464
f 1972 1908 1930
f 1972 1930 1945
f 1945 1989 1972
f 1915 1982 1989
f 3539 3528 3600
f 3600 3646 3608
f 2020 1982 1868
f 3608 3646 3639
f 1753 1913 1927
f 3656 3652 3639
f 3639 3652 3674
f 2055 1753 1886
f 2055 1913 1753
f 1943 2011 1886
f 2143 2011 2189
f 3674 3652 3672
f 2143 2189 2288
f 3674 3672 3752
f 3672 3753 3752
f 2333 2491 2307
f 2307 2491 2549
f 2850 2772 2762
f 2511 2549 2491
f 2549 2511 2762
f 3088 2957 2874
f 3753 3662 3800
f 3347 3088 3139
f 3709 3800 3662
f 3465 3347 3443
f 5104 5174 5055
f 5104 5006 5069
f 4873 5006 4865
f 5006 4873 5030
f 5352 5195 5299
f 4873 4776 4772
f 4735 4772 4685
f 4772 4735 4790
f 5485 5402 5517
f 4585 4427 4538
f 4538 4427 4462
f 4484 4427 4585
f 4542 4538 4462
f 4628 4755 4708
f 4755 4737 4830
f 4898 4755 4830
f 4830 4891 4898
f 4891 4830 4952
f 5651 5592 5628
f 5603 5592 5651
f 5020 4998 5047
f 5095 5056 5135
f 5603 5651 5654
f 5407 5367 5448
f 5643 5557 5585
f 5654 5643 5585
f 5481 5489 5532
f 5532 5490 5550
f 5557 5604 5550
f 2555 2477 2427
f 2427 2477 2352
f 2675 2593 2555
f 2300 2296 2162
f 2675 2680 2593
f 2680 2767 2792
f 2902 2898 2792
f 2162 2111 2148
f 2111 2006 2148
f 2006 2111 2005
f 1940 2005 1975
f 3110 3111 3213
f 1975 1850 1940
f 1821 1850 1805
f 3276 3395 3369
f 3367 3434 3395
f 1795 1834 1820
f 1878 1820 1834
f 3395 3434 3406
f 3406 3434 3412
f 3434 3464 3412
f 1945 1877 1989
f 1877 1915 1989
f 1915 1819 1982
f 1819 1868 1982
f 3608 3539 3600
f 1868 1708 1679
f 2020 1679 1927
f 1868 1679 2020
f 1927 1679 1753
f 1753 1757 1886
f 2011 1943 2174
f 2189 2011 2174
f 2189 2174 2247
f 2189 2247 2288
f 2333 2288 2331
f 2331 2428 2333
f 2333 2428 2491
f 2428 2511 2491
f 2957 2850 2874
f 2393 2428 2331
f 2762 2511 2790
f 2790 2511 2578
f 2428 2393 2578
f 2511 2428 2578
f 3347 3139 3332
f 3800 3709 3807
f 3347 3332 3443
f 3709 3583 3669
f 3332 3435 3443
f 3443 3538 3465
f 3538 3669 3583
f 5105 5055 5174
f 5174 5205 5105
f 5104 5055 5006
f 4873 4865 4781
f 5006 4921 4865
f 4991 4921 5006
f 5299 5195 5146
f 4873 4781 4776
f 4750 4772 4776
f 5382 5195 5392
f 4772 4750 4685
f 4286 4484 4273
f 4484 4632 4273
f 4735 4685 4632
f 4286 4171 4300
f 4541 4632 4484
f 4735 4632 4541
f 5382 5517 5402
f 4427 4286 4300
f 4484 4286 4427
f 4427 4300 4328
f 4328 4462 4427
f 4328 4466 4462
f 4466 4542 4462
f 4542 4466 4474
f 4542 4474 4708
f 4708 4474 4628
f 5528 5502 5485
f 5502 5528 5529
f 4737 4755 4628
f 5592 5529 5528
f 5592 5573 5529
f 5522 5502 5529
f 5573 5522 5529
f 4830 4859 4960
f 4952 4830 4960
f 5592 5603 5573
f 4960 4944 5020
f 5603 5522 5573
f 5521 5522 5603
f 5047 5135 5056
f 5603 5585 5521
f 5654 5585 5603
f 5448 5367 5408
f 5448 5408 5453
f 5448 5453 5489
f 5453 5462 5489
f 5462 5490 5489
f 5498 5557 5490
f 5585 5557 5498
f 5448 5489 5481
f 5532 5489 5490
f 5557 5550 5490
f 2593 2477 2555
f 2164 2162 2296
f 2005 2111 2007
f 2007 1975 2005
f 3110 3213 3181
f 3213 3246 3227
f 3227 3246 3279
f 3279 3276 3369
f 1834 1880 1878
f 1897 1930 1908
f 1930 1877 1945
f 3528 3539 3500
f 1825 1819 1915
f 1868 1819 1708
f 1661 1753 1679
f 1753 1661 1757
f 1886 1757 1943
f 1943 1781 2174
f 2174 2173 2247
f 2247 2331 2288
f 2327 2331 2247
f 2762 2790 2850
f 2790 2874 2850
f 2331 2327 2393
f 2705 2790 2578
f 3752 3753 3779
f 2393 2456 2578
f 2874 2830 2895
f 3088 2895 3018
f 3088 2874 2895
f 3833 3779 3753
f 3139 3088 3018
f 3753 3800 3833
f 3882 3833 3800
f 3139 3174 3332
f 3807 3864 3800
f 3864 3882 3800
f 3435 3332 3336
f 3669 3538 3598
f 3443 3598 3538
f 3443 3435 3598
f 3336 3410 3435
f 3598 3435 3410
f 3620 3669 3598
f 3479 3620 3598
f 3410 3479 3598
f 5146 5105 5205
f 4781 4865 4815
f 4815 4865 4869
f 4865 4921 4869
f 5055 4991 5006
f 3977 3945 4022
f 4080 3977 4022
f 4675 4750 4776
f 4022 3945 3985
f 4685 4675 4632
f 4675 4685 4750
f 4080 4022 4273
f 4262 4080 4273
f 4273 4022 4286
f 4286 4022 3985
f 4444 4262 4273
f 4597 4444 4632
f 4286 3985 4171
f 4171 3985 3962
f 4632 4444 4273
f 4110 4300 3962
f 3962 4300 4171
f 4300 4110 4328
f 5373 5402 5485
f 4184 4474 4466
f 4628 4577 4737
f 4830 4737 4802
f 4960 4859 4944
f 4944 4998 5020
f 5047 4998 5068
f 5498 5461 5521
f 5095 5261 5367
f 5095 5135 5261
f 5408 5462 5453
f 5490 5462 5498
f 5585 5498 5521
f 2352 2357 2296
f 2477 2357 2352
f 2723 2593 2680
f 2204 2164 2296
f 2162 2164 2111
f 2111 2164 2016
f 3110 3073 2898
f 2111 2016 2007
f 1975 2007 1863
f 3110 3181 3073
f 1863 1850 1975
f 1805 1850 1798
f 1805 1798 1792
f 1792 1799 1795
f 1799 1834 1795
f 1880 1834 1832
f 1880 1908 1878
f 1880 1897 1908
f 1897 1877 1930
f 1825 1877 1872
f 1877 1825 1915
f 1771 1819 1825
f 3528 3500 3464
f 1819 1771 1675
f 1819 1675 1708
f 1708 1675 1679
f 3608 3534 3539
f 1679 1675 1643
f 1679 1643 1661
f 1673 1757 1661
f 1943 1757 1673
f 1943 1673 1781
f 3639 3674 3630
f 2174 1781 1954
f 2174 1954 2173
f 2247 2173 2213
f 2213 2327 2247
f 2329 2327 2213
f 2393 2327 2405
f 2327 2329 2405
f 2830 2874 2705
f 2874 2790 2705
f 2393 2405 2456
f 2705 2578 2725
f 2725 2578 2456
f 3018 3091 3139
f 3174 3139 3091
f 3709 3669 3807
f 3336 3332 3260
f 3260 3332 3174
f 3807 3677 3781
f 3807 3669 3677
f 3864 3807 3781
f 3366 3410 3336
f 3669 3620 3677
f 3479 3410 3366
f 3479 3543 3620
f 5039 5105 5146
f 3977 4080 4003
f 4776 4731 4609
f 4776 4781 4731
f 4921 4906 4869
f 4921 4970 4906
f 4991 4970 4921
f 5055 5039 4991
f 4991 5039 4970
f 5039 5055 5105
f 3977 3896 3945
f 4609 4675 4776
f 3985 3945 3829
f 3689 3985 3829
f 4675 4597 4632
f 3985 3689 3962
f 3688 3962 3689
f 4486 4628 4474
f 4628 4486 4577
f 5485 5502 5416
f 4737 4577 4802
f 5416 5502 5465
f 4859 4830 4802
f 5502 5522 5465
f 5522 5521 5465
f 5521 5461 5465
f 5135 5047 5133
f 5261 5308 5408
f 5308 5423 5408
f 5423 5446 5498
f 5461 5498 5446
f 5408 5367 5261
f 5462 5408 5423
f 5498 5462 5423
f 2357 2322 2296
f 3031 2898 3073
f 2164 2031 2016
f 1863 2007 2016
f 3227 3181 3213
f 1850 1830 1798
f 1830 1850 1863
f 3316 3279 3369
f 1799 1832 1834
f 1832 1873 1880
f 1873 1897 1880
f 1877 1897 1872
f 1872 1711 1825
f 1711 1771 1825
f 1771 1711 1622
f 1771 1622 1675
f 1622 1617 1675
f 3500 3539 3534
f 1572 1643 1617
f 1617 1643 1675
f 1632 1643 1572
f 3630 3534 3608
f 1661 1643 1632
f 3630 3608 3639
f 1661 1632 1673
f 3630 3674 3752
f 3724 3630 3752
f 2213 2173 2224
f 2257 2213 2224
f 2257 2329 2213
f 3724 3752 3763
f 3752 3779 3763
f 2405 2467 2456
f 2456 2719 2725
f 2830 2705 2725
f 3779 3880 3763
f 3833 3880 3779
f 2963 3018 2895
f 3091 3018 2963
f 3833 3882 3880
f 3138 3174 3091
f 3319 3336 3260
f 3336 3319 3366
f 3366 3319 3329
f 3620 3737 3677
f 3737 3748 3677
f 3160 3319 3205
f 3329 3319 3160
f 3366 3329 3444
f 3479 3366 3543
f 3366 3444 3543
f 3737 3620 3543
f 3543 3444 3595
f 3737 3543 3716
f 3113 3214 3160
f 3329 3160 3214
f 3716 3543 3595
f 3444 3329 3396
f 3396 3329 3214
f 3595 3444 3581
f 3595 3816 3716
f 3581 3444 3396
f 3396 3214 3287
f 3595 3581 3816
f 3287 3214 3041
f 3816 3581 3824
f 3396 3287 3721
f 3858 3816 3824
f 3858 3867 3816
f 3824 3396 3721
f 3581 3396 3824
f 3936 3867 3858
f 3936 3858 4045
f 3858 3824 3947
f 4045 3858 3947
f 3947 3824 4003
f 3896 3824 3721
f 4003 3824 3896
f 4003 4045 3947
f 3977 4003 3896
f 4815 4731 4781
f 4809 4815 4869
f 5136 5089 5146
f 5146 5089 5039
f 3896 3721 3829
f 3945 3896 3829
f 4675 4609 4597
f 5195 5153 5136
f 5195 5136 5146
f 3721 3659 3829
f 3659 3689 3829
f 5195 5207 5153
f 5382 5207 5195
f 5212 5207 5382
f 4110 3688 3901
f 4110 3962 3688
f 5382 5402 5212
f 4328 4110 4058
f 4328 4058 4184
f 4466 4328 4184
f 5373 5485 5356
f 5356 5485 5416
f 4802 4882 4859
f 5465 5410 5416
f 4915 4998 4944
f 5029 4998 4915
f 5465 5461 5410
f 4998 5029 5068
f 5461 5409 5410
f 5068 5133 5047
f 5261 5135 5133
f 5461 5446 5409
f 5365 5423 5308
f 5446 5423 5365
f 2477 2593 2588
f 2322 2204 2296
f 2204 2160 2164
f 3073 3181 3167
f 1863 2016 1876
f 1876 2016 2031
f 1863 1876 1830
f 3302 3279 3316
f 1798 1815 1792
f 1792 1815 1799
f 3369 3395 3403
f 3395 3406 3403
f 1873 1905 1897
f 1905 1907 1897
f 1907 1874 1897
f 1872 1897 1874
f 1711 1872 1874
f 1874 1740 1711
f 1622 1572 1617
f 1632 1587 1673
f 1781 1673 1680
f 1680 1840 1892
f 1680 1892 1781
f 1892 1954 1781
f 2017 1954 1892
f 2173 1954 2017
f 2456 2467 2719
f 2830 2725 2852
f 2830 2852 2895
f 3091 2963 3138
f 3882 3864 3887
f 3174 3176 3260
f 3138 3176 3174
f 3176 3173 3260
f 3781 3887 3864
f 3260 3205 3319
f 3173 3205 3260
f 3161 3205 3173
f 3781 3677 3748
f 3205 3161 3160
f 3161 3084 3160
f 3748 3737 3799
f 3084 3113 3160
f 2977 3113 3084
f 3737 3716 3816
f 3799 3737 3816
f 3799 3816 3867
f 3030 3113 2977
f 3041 3113 3030
f 3113 3041 3214
f 2977 2864 3030
f 3932 3799 3867
f 2880 3030 2864
f 3041 3030 2880
f 3041 2880 2942
f 3287 3041 2942
f 4001 3932 3867
f 3936 4001 3867
f 3287 2942 3721
f 3659 2942 3285
f 3721 2942 3659
f 4045 4003 4129
f 4815 4738 4731
f 4809 4738 4815
f 4080 4129 4003
f 4597 4609 4529
f 4731 4529 4609
f 4809 4869 4842
f 4842 4869 4906
f 4906 4970 4946
f 5039 5089 4970
f 3659 3285 3689
f 4080 4251 4129
f 4080 4262 4251
f 4444 4251 4262
f 4529 4251 4444
f 4597 4529 4444
f 5207 5115 5153
f 5402 5315 5212
f 5402 5373 5315
f 4474 4184 4085
f 5416 5240 5356
f 4753 4802 4577
f 5405 5416 5410
f 5342 5410 5365
f 5409 5365 5410
f 5029 5043 5068
f 5168 5260 5308
f 5365 5308 5260
f 5409 5446 5365
f 5261 5133 5168
f 5308 5261 5168
f 2792 2723 2680
f 2912 2723 2792
f 2792 2898 2912
f 2164 2160 2031
f 3167 3181 3218
f 3218 3181 3227
f 3227 3279 3302
f 1830 1815 1798
f 1815 1835 1799
f 1835 1832 1799
f 3369 3370 3316
f 3370 3369 3403
f 1835 1873 1832
f 1835 1917 1873
f 1874 1907 1888
f 1874 1888 1740
f 1740 1688 1711
f 1711 1516 1622
f 1535 1587 1572
f 1587 1632 1572
f 1673 1587 1598
f 1598 1680 1673
f 1680 1756 1840
f 3630 3724 3644
f 2017 2224 2173
f 2329 2504 2405
f 2725 2719 2852
f 3763 3880 3821
f 2895 2852 2963
f 2959 3036 2963
f 3138 2963 3036
f 3131 3138 3036
f 3880 3882 3893
f 3138 3131 3176
f 3882 3887 3893
f 3781 3827 3887
f 3173 3155 3161
f 3781 3748 3827
f 3155 3115 3161
f 3748 3830 3827
f 3084 3115 3051
f 3084 3161 3115
f 3748 3799 3830
f 3830 3799 3892
f 3892 3799 3932
f 3892 3932 3980
f 3980 3932 4001
f 2812 2942 2880
f 3936 4084 4001
f 3936 4045 4084
f 2971 3285 2942
f 4731 4738 4729
f 4809 4794 4738
f 4738 4794 4729
f 4809 4842 4794
f 4251 4228 4129
f 4251 4361 4228
f 4842 4946 4819
f 4842 4906 4946
f 4970 4964 4946
f 5136 4964 5089
f 5089 4964 4970
f 3285 3066 3689
f 4529 4361 4251
f 5153 5115 5136
f 3066 3688 3689
f 3688 3815 3901
f 4058 4110 3901
f 5315 5373 5208
f 5208 5373 5356
f 4058 4085 4184
f 4474 4085 4486
f 5240 5416 5405
f 4802 4753 4882
f 5405 5410 5242
f 5342 5242 5410
f 4859 4882 4915
f 4944 4859 4915
f 4915 4911 5029
f 5342 5365 5302
f 5043 5133 5068
f 5168 5166 5260
f 5302 5365 5260
f 2523 2322 2357
f 2477 2588 2357
f 2357 2588 2523
f 3031 2912 2898
f 1876 1867 1830
f 3227 3302 3294
f 1830 1867 1836
f 1836 1815 1830
f 3348 3316 3370
f 3348 3302 3316
f 1873 1917 1905
f 1917 1925 1905
f 1925 1907 1905
f 1907 1910 1888
f 1888 1910 1758
f 1888 1758 1740
f 1711 1688 1516
f 1622 1532 1572
f 1516 1532 1622
f 1535 1572 1532
f 1535 1527 1587
f 1542 1587 1527
f 1542 1598 1587
f 1624 1680 1598
f 3630 3614 3534
f 1624 1756 1680
f 3630 3644 3614
f 1840 1968 1892
f 2017 1892 1968
f 2224 2395 2257
f 2257 2504 2329
f 3724 3763 3733
f 2405 2504 2603
f 2405 2603 2467
f 2603 2810 2467
f 2467 2810 2719
f 2852 2719 2849
f 3821 3733 3763
f 2963 2852 2959
f 3821 3880 3857
f 3880 3893 3883
f 3131 3173 3176
f 3827 3884 3887
f 3827 3830 3892
f 3084 3051 2977
f 3051 2988 2977
f 2988 2920 2897
f 2977 2988 2897
f 2864 2977 2897
f 2897 2802 2864
f 2864 2802 2880
f 2730 2880 2802
f 2701 2880 2730
f 2812 2880 2701
f 2751 2812 2701
f 2942 2812 2971
f 2805 2971 2812
f 4045 4129 4084
f 4228 4084 4129
f 4332 4228 4361
f 4501 4332 4361
f 4611 4731 4729
f 4842 4819 4794
f 4529 4501 4361
f 4611 4501 4529
f 4731 4611 4529
f 2971 3066 3285
f 4819 4964 4856
f 4946 4964 4819
f 5136 5115 4964
f 5115 5207 5073
f 5207 5212 5073
f 3688 3066 3193
f 3688 3193 3815
f 5212 5315 5172
f 5172 5315 5208
f 5208 5356 5240
f 5405 5242 5240
f 5342 5302 5204
f 5302 5260 5166
f 5168 5133 5043
f 5139 5168 5043
f 5166 5168 5139
f 2593 2683 2588
f 2723 2683 2593
f 2362 2204 2322
f 2362 2264 2204
f 2523 2362 2322
f 2723 2912 2683
f 2204 2264 2160
f 3031 3073 3167
f 3218 3227 3294
f 2031 2061 1876
f 1876 2061 1867
f 3348 3294 3302
f 1867 2019 1836
f 1836 1852 1815
f 1815 1852 1835
f 3348 3370 3400
f 1835 1852 1949
f 3400 3370 3403
f 1917 1835 1949
f 1988 1917 1949
f 1925 1917 1988
f 1988 1951 1925
f 1758 1910 1790
f 1688 1740 1701
f 3464 3425 3412
f 3464 3470 3425
f 1701 1516 1688
f 3470 3500 3504
f 1532 1516 1509
f 1527 1535 1532
f 3500 3534 3504
f 3504 3534 3524
f 3524 3534 3614
f 1598 1525 1624
f 1840 1756 1968
f 2224 2017 2246
f 2224 2246 2395
f 3733 3644 3724
f 2257 2395 2504
f 2719 2810 2849
f 2852 2849 2959
f 3078 3131 3036
f 3880 3883 3857
f 3131 3182 3173
f 3173 3182 3155
f 3887 3884 3893
f 3155 3134 3115
f 3134 3051 3115
f 3085 3051 3134
f 3827 3892 3884
f 3884 3892 3908
f 3051 3015 2988
f 3015 2920 2988
f 2816 2897 2920
f 3908 3892 3980
f 2802 2816 2750
f 2897 2816 2802
f 4001 4084 4066
f 4084 4160 4066
f 4332 4246 4160
f 4228 4160 4084
f 4160 4228 4332
f 4332 4501 4463
f 2706 2751 2701
f 2812 2751 2805
f 4611 4590 4501
f 4729 4590 4611
f 4794 4680 4729
f 4794 4819 4680
f 2805 2751 2706
f 4819 4856 4822
f 2971 2805 3066
f 5115 4856 4964
f 2706 2757 2805
f 3066 2805 2757
f 5115 5073 4925
f 3193 3066 2757
f 5172 5073 5212
f 3815 3193 3157
f 4058 3901 3878
f 4085 4058 3951
f 4143 4486 4085
f 5192 5208 5240
f 4577 4486 4545
f 5240 5242 5192
f 4577 4545 4634
f 4634 4753 4577
f 5232 5192 5242
f 5242 5342 5232
f 4882 4841 4911
f 4915 4882 4911
f 5204 5112 5102
f 5102 5232 5204
f 5342 5204 5232
f 5112 5204 5166
f 5302 5166 5204
f 5043 5029 5054
f 5112 5166 5139
f 5112 5139 5054
f 5054 5139 5043
f 2749 2523 2588
f 2683 2749 2588
f 2683 2912 2749
f 3046 2912 3031
f 2031 2260 2061
f 2260 2031 2160
f 1867 2061 2019
f 2019 1965 1836
f 1836 1965 1852
f 1852 1965 1949
f 3400 3403 3411
f 3403 3406 3411
f 1925 1951 1910
f 1925 1910 1907
f 1910 1861 1790
f 3406 3412 3404
f 1740 1758 1701
f 1516 1701 1529
f 3464 3500 3470
f 1598 1542 1525
f 1525 1558 1624
f 1624 1676 1756
f 2017 1968 2246
f 3857 3772 3821
f 3772 3733 3821
f 3131 3156 3182
f 3182 3228 3155
f 3893 3884 3883
f 3155 3228 3134
f 3051 3085 3015
f 2946 2920 3015
f 3908 3980 3954
f 3980 4001 4041
f 2730 2802 2750
f 4001 4066 4041
f 2730 2686 2701
f 4160 4246 4066
f 2686 2597 2701
f 4332 4463 4246
f 4463 4501 4590
f 4729 4680 4590
f 4819 4822 4680
f 2706 2701 2597
f 2626 2706 2597
f 4856 5115 4925
f 2706 2693 2757
f 2706 2626 2693
f 2757 2693 2743
f 4925 5073 4937
f 2743 3193 2757
f 3193 2743 2882
f 5073 5172 4982
f 3815 3157 3189
f 3815 3452 3901
f 3901 3452 3878
f 4058 3878 3951
f 5208 4965 5172
f 4085 3951 4068
f 4143 4085 4068
f 4882 4753 4841
f 5102 5046 5232
f 4911 4841 4954
f 5029 4911 4954
f 4954 4990 5029
f 5029 4990 5054
f 2749 2633 2523
f 2912 2800 2749
f 3046 3031 3167
f 3136 3046 3167
f 3167 3218 3136
f 3218 3294 3267
f 3294 3348 3381
f 1824 1790 1861
f 1758 1790 1701
f 3412 3425 3404
f 1516 1529 1509
f 1509 1471 1532
f 1532 1471 1527
f 1471 1465 1527
f 1542 1527 1525
f 1624 1558 1676
f 1968 1756 1962
f 2553 2603 2504
f 2810 2862 2849
f 2958 2849 2862
f 2849 2958 2959
f 3078 3036 2959
f 3156 3131 3078
f 3238 3182 3156
f 3883 3884 3911
f 3884 3908 3911
f 3911 3908 3954
f 2803 2816 2920
f 2803 2920 2946
f 3954 3980 3963
f 3980 4041 3963
f 2730 2750 2684
f 4119 4041 4066
f 2730 2684 2686
f 4066 4246 4119
f 4463 4496 4246
f 2626 2597 2544
f 4925 4757 4856
f 2576 2626 2544
f 2626 2576 2693
f 2693 2576 2743
f 2576 2615 2743
f 2882 2743 2615
f 3193 2882 3157
f 4965 4982 5172
f 3815 3189 3452
f 5103 5208 5192
f 5046 5103 5192
f 5192 5232 5046
f 5102 5017 5046
f 5017 5102 5057
f 5102 5112 5057
f 4990 5057 5054
f 5112 5054 5057
f 2749 2800 2633
f 2912 2997 2800
f 2997 2912 3046
f 2160 2293 2260
f 3218 3267 3136
f 3267 3294 3381
f 2260 2126 2061
f 2061 2126 2019
f 3348 3400 3381
f 2082 1949 1965
f 1949 2082 1988
f 2047 1988 2082
f 1988 2047 1951
f 1910 1951 1950
f 1950 1861 1910
f 3401 3406 3404
f 1701 1790 1824
f 1701 1824 1618
f 1701 1618 1529
f 1471 1445 1447
f 1445 1471 1509
f 1756 1676 1780
f 1968 1962 2188
f 1968 2188 2246
f 2246 2299 2395
f 2395 2299 2441
f 2395 2441 2504
f 2504 2441 2553
f 2553 2598 2641
f 2603 2553 2641
f 2958 3078 2959
f 3238 3228 3182
f 3883 3911 3879
f 3228 3212 3134
f 3212 3085 3134
f 3015 3085 2946
f 3911 3954 3933
f 3933 3954 3963
f 2803 2687 2816
f 2816 2687 2750
f 2750 2687 2670
f 2750 2670 2684
f 4246 4496 4119
f 2609 2686 2684
f 2609 2597 2686
f 4590 4674 4463
f 4463 4674 4496
f 4590 4680 4674
f 4822 4674 4680
f 2597 2530 2544
f 4925 4937 4757
f 4937 5073 4846
f 2692 2882 2615
f 5073 4982 4846
f 4848 4982 4965
f 3878 3484 3951
f 3951 3978 4068
f 4204 4486 4143
f 5060 4965 5208
f 4486 4204 4545
f 5208 5103 5060
f 5014 5060 5103
f 5046 5014 5103
f 4775 4841 4753
f 4841 4864 4954
f 4928 5017 4990
f 5017 5057 4990
f 2633 2592 2523
f 2362 2629 2264
f 2523 2592 2362
f 3046 3075 2997
f 3046 3136 3075
f 2264 2293 2160
f 3381 3400 3411
f 2019 2140 1965
f 2126 2140 2019
f 2140 2082 1965
f 1861 1950 1824
f 1482 1529 1618
f 1529 1482 1416
f 1509 1529 1416
f 1509 1416 1445
f 1447 1465 1471
f 1465 1443 1527
f 1527 1443 1488
f 1527 1488 1525
f 1525 1488 1558
f 1780 1962 1756
f 2810 2603 2641
f 2810 2641 2862
f 2958 3014 3078
f 3857 3835 3772
f 3883 3879 3857
f 3228 3251 3212
f 3085 3196 2946
f 3963 4041 4020
f 2918 2803 2946
f 4020 4041 4093
f 4127 4093 4041
f 4119 4127 4041
f 2670 2620 2609
f 2670 2609 2684
f 4496 4301 4119
f 2609 2533 2597
f 4674 4696 4496
f 2597 2533 2530
f 4856 4725 4822
f 4725 4856 4757
f 2544 2530 2502
f 4937 4846 4757
f 2576 2544 2502
f 2692 2569 2882
f 3157 2882 3189
f 3189 3300 3452
f 3484 3878 3452
f 4888 4965 5060
f 5014 5046 4902
f 4775 4833 4841
f 5046 5017 4902
f 4841 4833 4864
f 4928 4990 4864
f 4864 4990 4954
f 2800 3033 2633
f 2997 3033 2800
f 2362 2592 2629
f 2997 3075 3226
f 3313 3267 3381
f 3411 3406 3405
f 2047 2139 1951
f 1951 2139 1950
f 1824 1742 1618
f 1414 1465 1447
f 1676 1558 1590
f 1780 1676 1871
f 1780 1871 1962
f 1962 2240 2188
f 2188 2240 2246
f 2246 2240 2299
f 2598 2553 2441
f 2598 2710 2641
f 3701 3644 3733
f 2958 2862 2940
f 2940 3014 2958
f 3733 3772 3735
f 3078 3200 3156
f 3200 3217 3156
f 3156 3217 3238
f 3238 3265 3228
f 3265 3251 3228
f 3212 3196 3085
f 3879 3933 3898
f 3911 3933 3879
f 2946 3196 3095
f 2803 2801 2687
f 2687 2620 2670
f 4127 4119 4301
f 2609 2620 2533
f 4496 4696 4301
f 4725 4696 4674
f 4674 4822 4725
f 2530 2533 2486
f 2530 2486 2502
f 4723 4757 4846
f 2615 2576 2473
f 2797 3189 2882
f 4848 4810 4982
f 3189 2939 3300
f 3951 3484 3978
f 4965 4888 4848
f 4526 4634 4545
f 4888 5060 4885
f 4634 4682 4753
f 5060 5014 4885
f 4753 4682 4704
f 4704 4775 4753
f 4746 4775 4704
f 4902 4871 4827
f 5014 4902 4885
f 4775 4746 4812
f 4833 4871 4864
f 4833 4812 4871
f 4833 4775 4812
f 4812 4827 4871
f 4902 5017 4871
f 4928 4864 4871
f 5017 4928 4871
f 2633 3033 2592
f 2997 3226 3033
f 3075 3136 3267
f 3313 3381 3427
f 3427 3381 3408
f 3381 3411 3408
f 2126 2244 2140
f 2244 2082 2140
f 2047 2082 2139
f 3406 3401 3405
f 1824 1941 1742
f 1941 1824 1950
f 1618 1742 1739
f 1482 1618 1739
f 3425 3470 3504
f 1447 1445 1414
f 1414 1443 1465
f 1443 1457 1488
f 1747 1871 1590
f 1871 1676 1590
f 3524 3530 3493
f 1962 2012 2240
f 2306 2299 2240
f 3530 3524 3614
f 2441 2299 2495
f 3614 3644 3643
f 2441 2495 2598
f 2641 2710 2862
f 2862 2710 2940
f 3701 3643 3644
f 3733 3735 3701
f 3078 3014 3200
f 3217 3265 3238
f 3835 3857 3879
f 3251 3224 3212
f 3196 3212 3224
f 2946 3095 2918
f 2918 2801 2803
f 4093 4109 4020
f 4127 4109 4093
f 4301 4211 4127
f 4696 4631 4301
f 4696 4671 4631
f 4671 4696 4725
f 2533 2508 2486
f 4757 4723 4725
f 4723 4671 4725
f 2458 2502 2486
f 4723 4846 4733
f 2502 2473 2576
f 2458 2473 2502
f 4982 4733 4846
f 2615 2473 2505
f 2615 2505 2484
f 2615 2484 2692
f 2692 2484 2569
f 2882 2569 2797
f 2939 3189 2797
f 4672 4810 4848
f 3978 3484 3823
f 4051 4068 3978
f 4068 4051 4143
f 4634 4526 4682
f 4902 4827 4885
f 4812 4746 4788
f 4788 4827 4812
f 2592 3045 2629
f 3226 3075 3267
f 3267 3313 3226
f 3408 3411 3441
f 2083 1950 2139
f 1414 1445 1359
f 1333 1414 1359
f 1414 1333 1360
f 1414 1360 1443
f 1558 1488 1556
f 1488 1475 1556
f 1558 1556 1590
f 1871 2012 1962
f 3524 3493 3504
f 2299 2306 2495
f 3133 3014 2940
f 3861 3835 3879
f 3265 3255 3251
f 3251 3255 3224
f 3196 3143 3095
f 3143 3196 3224
f 2801 2704 2687
f 4109 4127 4211
f 2687 2543 2620
f 2543 2533 2620
f 2458 2508 2455
f 2458 2486 2508
f 2505 2473 2474
f 4982 4810 4733
f 3484 3452 3300
f 3978 3823 4051
f 4143 4051 4095
f 4095 4204 4143
f 4545 4204 4314
f 4545 4314 4526
f 4526 4704 4682
f 4885 4827 4765
f 4788 4765 4827
f 3226 3235 3033
f 3226 3338 3235
f 3491 3313 3427
f 2629 2293 2264
f 3485 3408 3441
f 3427 3408 3485
f 2260 2318 2126
f 2318 2244 2126
f 2082 2192 2139
f 2050 1950 2083
f 1742 1941 1739
f 1482 1426 1416
f 1739 1426 1482
f 3404 3425 3402
f 1445 1416 1359
f 1443 1360 1399
f 1443 1399 1457
f 1488 1457 1475
f 3614 3643 3530
f 2710 2676 2940
f 3038 3133 2940
f 3014 3133 3200
f 3772 3787 3735
f 3787 3772 3835
f 3861 3879 3898
f 3876 3898 3933
f 3876 3933 3939
f 3933 3963 3939
f 4070 3963 4020
f 2918 2858 2801
f 4020 4109 4070
f 4259 4211 4301
f 2543 2687 2704
f 4671 4454 4631
f 2543 2508 2533
f 4671 4723 4657
f 4657 4723 4733
f 2458 2398 2473
f 2474 2473 2413
f 2413 2473 2398
f 2505 2474 2484
f 2797 2569 2556
f 2939 2556 2742
f 2797 2556 2939
f 2939 2742 3300
f 3484 3533 3823
f 3823 3533 3505
f 4848 4720 4672
f 4848 4888 4720
f 4732 4720 4885
f 4765 4732 4885
f 4720 4888 4885
f 4526 4540 4645
f 4645 4704 4526
f 4691 4704 4645
f 4727 4765 4746
f 4727 4746 4691
f 4691 4746 4704
f 4788 4746 4765
f 3045 2592 3153
f 3033 3153 2592
f 3226 3313 3491
f 3226 3491 3338
f 3427 3514 3491
f 3427 3485 3514
f 3441 3411 3416
f 2244 2192 2082
f 1950 2050 1941
f 3401 3404 3399
f 3399 3404 3402
f 3430 3402 3425
f 3425 3504 3430
f 2240 2012 2232
f 3530 3643 3599
f 2598 2495 2564
f 2676 2598 2564
f 2676 2710 2598
f 2940 2676 3038
f 3200 3248 3217
f 3217 3248 3265
f 3248 3258 3265
f 3258 3254 3265
f 3861 3787 3835
f 3265 3254 3255
f 3255 3143 3224
f 3192 3143 3255
f 2918 3095 3059
f 3059 2858 2918
f 4146 4070 4109
f 4109 4211 4146
f 4211 4259 4146
f 4631 4259 4301
f 4454 4259 4631
f 4489 4454 4671
f 4657 4489 4671
f 2455 2508 2429
f 2406 2455 2429
f 2455 2399 2458
f 2458 2399 2398
f 4646 4733 4810
f 2569 2484 2556
f 3300 2742 3000
f 3533 3484 3000
f 3484 3300 3000
f 3823 3505 3838
f 4645 4711 4691
f 4732 4765 4711
f 4727 4691 4711
f 4765 4727 4711
f 3033 3235 3153
f 3491 3514 3615
f 2629 2630 2293
f 2260 2293 2318
f 3416 3466 3441
f 2318 2375 2244
f 2244 2375 2192
f 3411 3405 3416
f 2295 2139 2192
f 2083 2139 2295
f 2050 1986 1941
f 3401 3399 3380
f 1416 1426 1377
f 1359 1416 1377
f 1359 1328 1333
f 1333 1315 1360
f 1399 1360 1315
f 1399 1381 1457
f 1457 1381 1475
f 1590 1556 1747
f 1871 1928 1970
f 2012 1871 1970
f 3504 3493 3430
f 2012 1970 2232
f 2358 2495 2306
f 3038 2676 2690
f 3200 3133 3209
f 3200 3209 3248
f 3735 3787 3732
f 3861 3898 3876
f 3095 3143 3059
f 3059 3143 3192
f 3963 4070 3939
f 2801 2659 2704
f 2659 2543 2704
f 4528 4489 4657
f 4530 4528 4657
f 2429 2508 2512
f 4530 4657 4733
f 2455 2406 2399
f 4646 4530 4733
f 2413 2374 2474
f 2484 2474 2374
f 2556 2484 2438
f 2450 2742 2556
f 4672 4720 4698
f 3823 3838 3982
f 4131 4204 4095
f 4131 4314 4204
f 4645 4540 4572
f 4711 4660 4732
f 4572 4643 4645
f 4643 4711 4645
f 3338 3554 3509
f 3338 3509 3235
f 3016 2629 3045
f 3338 3491 3554
f 3514 3485 3629
f 3485 3616 3629
f 3616 3485 3466
f 3485 3441 3466
f 3416 3467 3466
f 1916 1941 1986
f 1916 1739 1941
f 1739 1916 1667
f 3353 3401 3380
f 1426 1739 1667
f 1377 1350 1328
f 1359 1377 1328
f 1316 1399 1315
f 1399 1316 1381
f 1475 1381 1437
f 1871 1747 1928
f 2358 2564 2495
f 3038 3209 3133
f 3120 3209 3038
f 3701 3735 3732
f 3876 3787 3861
f 2904 2858 3059
f 2801 2858 2659
f 2512 2543 2659
f 2512 2508 2543
f 2369 2398 2399
f 2374 2398 2369
f 2398 2374 2413
f 4646 4810 4672
f 2343 2484 2374
f 2438 2484 2343
f 4698 4519 4672
f 2556 2438 2450
f 2450 2759 2742
f 4051 3823 4053
f 3823 3982 4053
f 4053 4095 4051
f 4698 4720 4649
f 4720 4732 4690
f 4660 4612 4690
f 4690 4732 4660
f 4526 4441 4513
f 4540 4526 4513
f 4540 4513 4572
f 4643 4660 4711
f 4643 4620 4660
f 4643 4572 4620
f 4620 4612 4660
f 3626 3509 3554
f 3626 3554 3679
f 3045 3152 3016
f 3045 3153 3152
f 3626 3342 3509
f 3342 3235 3509
f 3615 3554 3491
f 3679 3554 3615
f 3705 3679 3615
f 3705 3615 3514
f 3705 3514 3629
f 2630 2695 2293
f 3616 3650 3629
f 2293 2375 2318
f 3616 3466 3467
f 2375 2295 2192
f 3405 3401 3379
f 3353 3379 3401
f 3380 3399 3355
f 3353 3380 3355
f 1667 1685 1567
f 1667 1567 1426
f 1377 1426 1350
f 1315 1333 1328
f 1316 1312 1381
f 1556 1475 1610
f 1747 1556 1610
f 1747 1776 1928
f 1970 1928 2009
f 2009 2232 1970
f 2306 2240 2232
f 2232 2358 2306
f 3493 3530 3513
f 3513 3530 3599
f 2690 2752 3038
f 3038 2752 3120
f 3208 3209 3120
f 3208 3248 3209
f 3787 3876 3732
f 3254 3215 3255
f 3215 3192 3255
f 3107 3059 3192
f 2858 2694 2659
f 4259 4235 4146
f 4259 4454 4235
f 4489 4433 4454
f 4433 4236 4454
f 4489 4528 4433
f 2360 2399 2406
f 4530 4519 4406
f 2399 2360 2369
f 4530 4646 4519
f 2320 2317 2369
f 2369 2317 2374
f 4646 4672 4519
f 2343 2374 2317
f 2742 2759 2823
f 2742 2823 3000
f 4649 4610 4698
f 4720 4690 4649
f 4526 4314 4441
f 3561 3453 3292
f 3626 3679 3667
f 3235 3292 3153
f 3292 3342 3561
f 3292 3235 3342
f 3626 3561 3342
f 3679 3705 3710
f 3705 3629 3712
f 3016 2924 2629
f 3712 3629 3650
f 2293 2695 2375
f 2295 2366 2083
f 2259 2050 2083
f 1745 1916 1986
f 3379 3353 3308
f 1916 1745 1685
f 1667 1916 1685
f 3353 3355 3305
f 3308 3353 3305
f 1491 1350 1426
f 1316 1315 1274
f 1381 1337 1437
f 1475 1437 1610
f 3513 3430 3493
f 2507 2564 2358
f 2507 2676 2564
f 3604 3513 3599
f 3599 3643 3604
f 3208 3195 3248
f 3248 3195 3258
f 3732 3876 3729
f 3258 3215 3254
f 3192 3215 3114
f 3192 3114 3107
f 4098 3939 4070
f 3107 2904 3059
f 2776 2858 2904
f 2858 2776 2694
f 4070 4146 4098
f 2694 2512 2659
f 2651 2512 2694
f 4454 4236 4235
f 4528 4399 4433
f 4528 4530 4399
f 2406 2429 2360
f 2311 2369 2360
f 2369 2311 2320
f 2759 2450 2581
f 3000 2823 3533
f 3505 2998 3455
f 3505 3455 3838
f 4314 4131 4308
f 4308 4441 4314
f 4649 4690 4612
f 4450 4441 4308
f 4513 4441 4450
f 4572 4513 4620
f 3626 3667 3561
f 3292 3453 3397
f 3667 3679 3710
f 3292 3152 3153
f 3152 3292 3397
f 3710 3705 3745
f 3745 3705 3755
f 3705 3712 3755
f 3712 3650 3755
f 2630 2924 2695
f 2630 2629 2924
f 3650 3616 3636
f 3616 3467 3636
f 2695 2372 2375
f 2375 2372 2295
f 2366 2259 2083
f 3349 3377 3379
f 3379 3308 3349
f 3308 3305 3250
f 1328 1350 1296
f 1328 1244 1233
f 1315 1328 1233
f 1244 1328 1296
f 1315 1233 1274
f 1274 1234 1272
f 1316 1274 1272
f 1316 1272 1312
f 1337 1381 1312
f 1337 1363 1437
f 1747 1610 1776
f 1928 1776 2004
f 1928 2004 2009
f 2290 2358 2232
f 2539 2676 2507
f 2690 2676 2539
f 3535 3513 3604
f 3120 3093 3208
f 3195 3208 3093
f 3258 3195 3215
f 3876 3939 3855
f 3107 3114 3022
f 2904 3107 2840
f 2776 2720 2694
f 2694 2720 2651
f 4146 4235 4098
f 4399 4530 4406
f 2320 2221 2317
f 2343 2317 2270
f 2581 2450 2332
f 2759 2581 2823
f 4610 4326 4698
f 3533 2823 2998
f 3505 3533 2998
f 4091 4095 4053
f 4095 4091 4131
f 4176 4308 4131
f 4649 4612 4594
f 4610 4649 4594
f 4547 4594 4612
f 4308 4318 4450
f 4547 4620 4450
f 4450 4620 4513
f 4612 4620 4547
f 3561 3551 3453
f 3667 3551 3561
f 3667 3641 3551
f 3697 3641 3667
f 3667 3710 3697
f 3710 3745 3697
f 3016 3152 2924
f 3650 3636 3715
f 3715 3755 3650
f 2372 2366 2295
f 3416 3405 3407
f 3405 3379 3407
f 3407 3379 3377
f 2271 2050 2259
f 1986 2050 1993
f 1986 1993 1745
f 3308 3250 3253
f 3290 3250 3305
f 3305 3355 3290
f 1426 1567 1491
f 1233 1234 1274
f 1312 1272 1276
f 1337 1312 1276
f 1776 1833 2004
f 2004 2229 2009
f 2232 2009 2229
f 2232 2229 2290
f 2507 2358 2290
f 3120 2752 2869
f 3120 2869 3093
f 3701 3729 3643
f 3093 2869 3100
f 3701 3732 3729
f 3729 3876 3855
f 3215 3195 3086
f 3215 3086 3114
f 3950 3855 3939
f 3107 3022 2840
f 4098 4107 3939
f 2904 2840 2776
f 4236 4098 4235
f 4236 4107 4098
f 4118 4107 4236
f 4433 4267 4236
f 4267 4118 4236
f 4433 4399 4267
f 2512 2434 2429
f 4399 4182 4267
f 4406 4182 4399
f 2429 2434 2360
f 2434 2311 2360
f 2311 2256 2320
f 2256 2217 2320
f 2221 2320 2217
f 2207 2317 2221
f 2317 2207 2270
f 2343 2270 2297
f 2343 2297 2438
f 2438 2297 2450
f 2332 2573 2581
f 2823 2786 2998
f 3838 3455 3759
f 3838 3759 3982
f 4610 4594 4544
f 4502 4544 4594
f 4318 4308 4218
f 4594 4547 4502
f 4450 4318 4409
f 4318 4331 4409
f 4409 4502 4547
f 4409 4547 4450
f 3453 3478 3397
f 3453 3551 3478
f 3386 3152 3397
f 3697 3745 3723
f 3745 3755 3723
f 3152 2975 2924
f 2695 2532 2372
f 2372 2532 2488
f 3416 3429 3467
f 2366 2372 2488
f 3416 3407 3429
f 1745 1993 1797
f 3250 3290 3269
f 1567 1514 1491
f 3309 3290 3355
f 3355 3399 3391
f 3391 3399 3402
f 1169 1234 1233
f 3402 3430 3391
f 1272 1128 1222
f 1272 1234 1128
f 1776 1610 1722
f 1272 1222 1276
f 1337 1276 1363
f 1610 1437 1363
f 1776 1722 1833
f 3391 3430 3409
f 2462 2507 2290
f 2507 2462 2539
f 2752 2690 2539
f 2752 2775 2869
f 3604 3643 3638
f 3093 3100 3195
f 3100 3086 3195
f 3114 3086 3054
f 3022 3114 3054
f 2817 2840 3022
f 2840 2817 2776
f 2651 2434 2512
f 2311 2434 2256
f 2450 2297 2332
f 2581 2573 2786
f 2823 2581 2786
f 3759 3455 3621
f 4091 4053 3982
f 4326 4610 4544
f 4131 4091 4176
f 4176 4141 4218
f 4308 4176 4218
f 4502 4439 4544
f 4218 4331 4318
f 4439 4502 4409
f 3591 3478 3551
f 3645 3591 3641
f 3641 3591 3551
f 3641 3697 3645
f 3397 3478 3386
f 3645 3697 3723
f 3723 3632 3645
f 3152 3386 3207
f 3207 2975 3152
f 3723 3755 3684
f 3715 3684 3755
f 3601 3715 3636
f 2532 2695 2715
f 3467 3601 3636
f 2271 2259 2366
f 3407 3377 3429
f 3349 3429 3377
f 1993 2050 2104
f 3253 3281 3308
f 1685 1514 1567
f 3269 3290 3272
f 1350 1393 1296
f 3309 3272 3290
f 1233 1244 1169
f 1169 1174 1234
f 1128 1234 1174
f 1610 1619 1722
f 1610 1363 1619
f 1363 1276 1331
f 2004 1833 2084
f 2462 2468 2539
f 2642 2752 2539
f 2869 2775 2853
f 3643 3729 3638
f 3100 2869 2853
f 3100 2886 3086
f 2879 3086 2886
f 3054 3086 2879
f 3022 2796 2817
f 3950 3939 4107
f 3950 4107 3942
f 2720 2776 2817
f 4519 4182 4406
f 2199 2221 2217
f 4326 4519 4698
f 2178 2221 2199
f 2178 2207 2221
f 2297 2195 2332
f 2998 2786 3004
f 3455 2998 3004
f 3759 3979 3982
f 4176 4091 4141
f 4416 4439 4379
f 4416 4544 4439
f 4218 4179 4263
f 4379 4409 4263
f 4439 4409 4379
f 4331 4218 4263
f 4331 4263 4409
f 3478 3456 3386
f 3531 3456 3478
f 3591 3531 3478
f 3645 3632 3580
f 3645 3580 3591
f 3591 3580 3531
f 3456 3207 3386
f 3653 3632 3723
f 3684 3653 3723
f 3684 3715 3633
f 2924 2975 2695
f 3633 3715 3601
f 3601 3467 3521
f 3467 3429 3488
f 3488 3521 3467
f 2271 2104 2050
f 3349 3318 3383
f 3383 3429 3349
f 3308 3281 3318
f 3308 3318 3349
f 2104 1797 1993
f 3253 3250 3281
f 1685 1640 1514
f 1393 1350 1491
f 1296 1259 1244
f 1169 1244 1204
f 3391 3309 3355
f 1331 1546 1363
f 1619 1363 1546
f 1748 1722 1619
f 1833 1722 1748
f 1128 1132 1222
f 1222 1218 1276
f 1222 1132 1218
f 1331 1276 1218
f 2004 2084 2229
f 2290 2084 2167
f 2290 2229 2084
f 2290 2167 2462
f 3513 3535 3421
f 2539 2468 2642
f 3421 3535 3510
f 2642 2775 2752
f 3510 3535 3604
f 3604 3638 3510
f 2853 2775 2755
f 3100 2853 2886
f 3758 3729 3855
f 2879 2868 3054
f 3054 2868 3022
f 3022 2868 2796
f 2796 2868 2799
f 2796 2722 2817
f 3942 4107 3931
f 2720 2722 2644
f 2817 2722 2720
f 2651 2720 2644
f 2651 2644 2434
f 2217 2256 2199
f 2161 2207 2178
f 2161 2187 2207
f 2187 2270 2207
f 2270 2187 2297
f 2297 2187 2195
f 2385 2573 2332
f 2786 2573 2681
f 2845 2786 2681
f 3222 3552 3621
f 3552 3734 3621
f 3759 3621 3734
f 3806 3759 3734
f 3979 3759 3806
f 2786 2845 3004
f 3455 3004 3043
f 3043 3621 3455
f 3982 3979 4037
f 4037 4091 3982
f 4416 4278 4326
f 4326 4544 4416
f 4379 4278 4416
f 4221 4278 4379
f 4141 4091 4150
f 4141 4150 4218
f 4218 4150 4179
f 4379 4263 4179
f 3653 3684 3634
f 3684 3633 3634
f 2975 2715 2695
f 2715 2488 2532
f 3281 3250 3232
f 1685 1745 1640
f 3250 3269 3232
f 1640 1581 1514
f 1259 1296 1393
f 1259 1204 1244
f 1169 1108 1174
f 1128 1174 1108
f 3409 3309 3391
f 1546 1331 1520
f 1218 1132 1143
f 1331 1218 1264
f 2462 2167 2468
f 2821 2886 2853
f 2879 2886 2821
f 2818 2879 2821
f 2868 2879 2818
f 2868 2818 2799
f 3855 3950 3942
f 4107 4118 3931
f 2434 2644 2526
f 2573 2385 2682
f 2573 2682 2681
f 3004 2845 2992
f 3004 2992 3043
f 3621 3043 3222
f 3806 3997 4037
f 3979 3806 4037
f 4091 4037 4092
f 4092 4150 4091
f 4221 4379 4178
f 4379 4179 4178
f 3531 3459 3456
f 3560 3459 3531
f 3580 3560 3531
f 3456 3301 3207
f 2488 2715 2542
f 2542 2366 2488
f 2430 2271 2366
f 2104 1992 1797
f 1745 1797 1733
f 1733 1640 1745
f 1491 1514 1393
f 1204 1136 1169
f 3272 3309 3275
f 1128 1108 1076
f 1546 1601 1619
f 1601 1748 1619
f 1601 1546 1520
f 1833 1748 1887
f 1887 1955 1833
f 1132 1128 1121
f 1132 1121 1143
f 1143 1150 1218
f 1150 1264 1218
f 2084 1833 1955
f 3409 3430 3421
f 2468 2167 2437
f 3430 3513 3421
f 2662 2775 2642
f 2755 2821 2853
f 3729 3758 3638
f 2799 2713 2796
f 2796 2713 2722
f 2722 2713 2614
f 2722 2614 2644
f 2434 2526 2397
f 4118 4267 4182
f 2434 2397 2154
f 2256 2434 2154
f 2199 2154 2149
f 2256 2154 2199
f 2199 2149 2178
f 4175 4182 4519
f 4326 4175 4519
f 3806 3734 3890
f 4326 4278 4156
f 4175 4326 4156
f 4037 3997 4036
f 4092 4037 4036
f 4156 4278 4221
f 4150 4092 4178
f 4150 4178 4179
f 3580 3587 3560
f 3587 3580 3632
f 3587 3632 3653
f 3653 3634 3587
f 3633 3601 3521
f 2366 2542 2430
f 2271 2430 2249
f 2249 2104 2271
f 3232 3269 3272
f 1514 1419 1393
f 1419 1259 1393
f 1169 1136 1108
f 1136 1077 1108
f 1601 1887 1748
f 1121 1128 1076
f 1016 1121 1076
f 1121 1091 1143
f 1331 1374 1520
f 3409 3323 3309
f 1016 1027 1121
f 1091 1121 1027
f 1091 1150 1143
f 2084 1955 1979
f 1264 1150 1217
f 1331 1264 1217
f 1091 1027 1057
f 1150 1091 1057
f 3409 3421 3358
f 2437 2167 2165
f 2468 2437 2642
f 2775 2662 2755
f 2662 2672 2755
f 2755 2672 2821
f 2818 2713 2799
f 3855 3942 3931
f 2644 2614 2503
f 2644 2503 2526
f 3931 4118 3965
f 2149 2030 2178
f 2161 2103 2195
f 2187 2161 2195
f 2332 2195 2319
f 2319 2385 2332
f 2682 2385 2469
f 2682 2469 2733
f 3222 3230 3552
f 3552 3423 3734
f 3734 3670 3890
f 3806 3890 3929
f 3929 3997 3806
f 4117 4055 4073
f 4073 4156 4117
f 4156 4221 4117
f 3043 2992 3222
f 4092 4055 4117
f 4092 4036 4055
f 4221 4178 4117
f 4178 4092 4117
f 3459 3301 3456
f 3459 3333 3301
f 3207 3301 3234
f 2975 3207 3234
f 3587 3634 3584
f 3633 3584 3634
f 3104 2715 2975
f 3104 2975 3234
f 3633 3521 3584
f 3521 3488 3584
f 3488 3429 3383
f 2249 2430 2292
f 2249 2137 2104
f 1992 2104 2137
f 1136 1204 1152
f 1108 1077 1069
f 1108 1069 1076
f 1016 1076 1069
f 1027 1016 993
f 2084 1979 2167
f 3409 3358 3323
f 2167 1979 2070
f 2167 2070 2165
f 3421 3510 3489
f 3638 3758 3655
f 2821 2713 2818
f 3777 3758 3855
f 3931 3777 3855
f 2713 2665 2614
f 3965 4118 3959
f 2503 2397 2526
f 4118 4182 3959
f 3976 3959 4182
f 4175 3976 4182
f 2178 2030 2161
f 2079 2161 2030
f 2161 2079 2103
f 2195 2151 2319
f 2385 2319 2469
f 2681 2682 2733
f 2681 2964 2845
f 2681 2733 2964
f 3734 3423 3670
f 4073 4038 4156
f 2845 2964 2992
f 3997 4055 4036
f 3333 3234 3301
f 3459 3560 3473
f 3560 3587 3473
f 3473 3587 3525
f 3587 3584 3525
f 3584 3474 3525
f 3584 3498 3474
f 3584 3488 3498
f 3488 3383 3463
f 3318 3281 3190
f 3190 3281 3162
f 3281 3232 3162
f 1797 1947 1733
f 1947 1797 1992
f 3232 3168 3162
f 3272 3168 3232
f 1419 1514 1581
f 3272 3275 3168
f 1152 1077 1136
f 3275 3309 3220
f 1077 1016 1069
f 996 1016 1077
f 3323 3249 3309
f 3249 3220 3309
f 1016 996 993
f 1887 1601 1893
f 1955 1887 1979
f 1057 1027 1047
f 1047 1137 1057
f 1057 1137 1150
f 1217 1150 1137
f 1374 1331 1217
f 2642 2437 2563
f 2563 2662 2642
f 3638 3489 3510
f 2662 2563 2672
f 2707 2672 2643
f 2672 2707 2821
f 2821 2707 2713
f 2665 2713 2707
f 3777 3931 3965
f 2614 2665 2503
f 2397 2261 2154
f 2261 2093 2154
f 2154 2093 2078
f 2154 2078 2149
f 2078 2030 2149
f 2103 2128 2195
f 4175 4156 4038
f 2195 2128 2151
f 2319 2151 2169
f 3423 3775 3670
f 3222 3083 3230
f 3552 3230 3423
f 3670 3775 3890
f 3929 3890 3944
f 4007 4038 4039
f 4038 4073 4039
f 3083 2992 2964
f 3222 2992 3083
f 3929 3944 3997
f 3997 3944 4055
f 4055 3944 4039
f 4073 4055 4039
f 3473 3371 3459
f 3459 3371 3333
f 3234 3333 3201
f 3058 2715 3104
f 3498 3488 3463
f 3318 3262 3383
f 1763 1640 1733
f 1650 1640 1763
f 1650 1581 1640
f 1428 1419 1581
f 1419 1152 1259
f 1204 1259 1152
f 1077 1152 996
f 1601 1614 1893
f 1887 1893 1979
f 1601 1520 1499
f 1614 1601 1499
f 3323 3358 3249
f 1047 1027 1001
f 1001 1027 993
f 1385 1374 1217
f 1059 1137 1047
f 2437 2165 2337
f 2437 2337 2563
f 2672 2563 2643
f 3638 3655 3489
f 3777 3655 3758
f 3777 3965 3728
f 2665 2587 2503
f 3728 3965 3866
f 2503 2325 2261
f 2503 2261 2397
f 2021 2030 2078
f 3948 4175 4025
f 2030 2037 2079
f 2079 2037 2025
f 2079 2025 2103
f 4175 4038 4025
f 2128 2103 2025
f 2319 2169 2442
f 2469 2319 2442
f 3775 3792 3944
f 2469 2442 2733
f 3775 3944 3890
f 4007 4039 3944
f 3371 3419 3374
f 3371 3473 3419
f 3525 3474 3419
f 3473 3525 3419
f 3201 3104 3234
f 3419 3474 3428
f 3428 3474 3498
f 2542 2715 3058
f 2430 2513 2292
f 2249 2190 2137
f 2292 2190 2249
f 1992 2137 1947
f 1733 1947 1763
f 1581 1586 1428
f 3220 3168 3275
f 1152 1044 996
f 996 966 993
f 1374 1385 1520
f 1385 1499 1520
f 1614 1841 1893
f 1893 2070 1979
f 993 970 1001
f 1059 1047 1001
f 1137 1161 1217
f 1385 1217 1161
f 1059 1063 1137
f 2563 2337 2527
f 2643 2563 2561
f 2643 2561 2628
f 2643 2628 2707
f 2707 2628 2665
f 2628 2587 2665
f 2503 2587 2383
f 2503 2383 2325
f 3866 3965 3959
f 2035 1991 2021
f 2093 2035 2021
f 2093 2021 2078
f 3976 4175 3948
f 2021 1984 2030
f 1984 2037 2030
f 2037 1875 2025
f 3994 3795 3862
f 3862 4025 3994
f 3795 3994 4007
f 4025 4038 3994
f 2128 1921 2151
f 3775 3423 3792
f 3944 3792 4007
f 4038 4007 3994
f 3083 2964 3052
f 3083 3052 3230
f 3333 3371 3374
f 3245 3058 3104
f 3245 3104 3201
f 3333 3320 3201
f 3320 3245 3201
f 3374 3320 3333
f 3419 3428 3374
f 3449 3428 3498
f 3463 3449 3498
f 3058 2978 2542
f 3463 3383 3360
f 2978 2430 2542
f 3262 3360 3383
f 1581 1650 1586
f 3220 3149 3168
f 1152 1171 1044
f 1044 981 996
f 996 981 966
f 993 966 970
f 1627 1614 1499
f 1841 1614 1627
f 1893 1980 2070
f 1980 1893 1841
f 3249 3358 3421
f 1033 1059 1001
f 1059 1033 1063
f 1224 1291 1161
f 1385 1161 1291
f 2070 1980 2165
f 960 1033 1001
f 1063 1118 1137
f 1118 1161 1137
f 1042 1033 960
f 1063 1033 1042
f 2337 2165 2134
f 1118 1063 1042
f 1084 1161 1118
f 2337 2134 2267
f 1084 1118 1042
f 2337 2267 2527
f 2439 2527 2267
f 2563 2439 2561
f 2527 2439 2563
f 2459 2561 2439
f 2628 2561 2459
f 2587 2628 2459
f 3728 3655 3777
f 2587 2447 2383
f 3959 3713 3866
f 2325 2241 2261
f 3903 3820 3959
f 2093 2261 2145
f 3959 3976 3903
f 2145 1914 2035
f 2093 2145 2035
f 1914 1791 2035
f 2035 1791 1991
f 3948 3903 3976
f 3891 3903 3948
f 1789 1984 1991
f 1991 1984 2021
f 3791 3891 3948
f 1984 1875 2037
f 3862 3791 3948
f 3948 4025 3862
f 2025 1862 1921
f 2128 2025 1921
f 3373 3795 3792
f 1921 1902 2151
f 2151 1902 2169
f 2442 2169 2572
f 2442 2572 2733
f 2572 3052 2964
f 3230 3052 3423
f 3792 3423 3373
f 4007 3792 3795
f 2964 2733 2572
f 3320 3374 3245
f 3344 3374 3428
f 3449 3344 3428
f 3463 3387 3449
f 2513 2430 2978
f 2292 2513 2394
f 2394 2190 2292
f 3318 3190 3262
f 3162 3168 3141
f 3141 3168 3149
f 1419 1226 1152
f 1152 1226 1171
f 1012 1044 1171
f 1012 981 1044
f 1385 1394 1499
f 1394 1627 1499
f 1810 1980 1841
f 1394 1385 1291
f 1810 1841 1627
f 1001 970 960
f 1224 1147 1291
f 2134 2165 1980
f 1042 960 1013
f 3477 3489 3655
f 3655 3728 3609
f 2459 2447 2587
f 3728 3866 3713
f 2325 2383 2241
f 1789 1991 1791
f 1984 1789 1875
f 1809 1875 1789
f 2025 1875 1862
f 3373 3507 3795
f 2169 2039 2202
f 2169 2202 2355
f 2572 2169 2355
f 3344 3245 3374
f 3245 3122 3058
f 3382 3344 3449
f 3449 3387 3382
f 3463 3360 3387
f 2137 2190 2186
f 2137 2186 1947
f 1419 1428 1226
f 1226 1428 1304
f 966 953 970
f 1394 1291 1384
f 1394 1501 1627
f 1501 1394 1384
f 1810 1976 1980
f 1224 1161 1147
f 1384 1291 1147
f 2064 1980 1976
f 1980 2064 2134
f 1013 1022 1042
f 1161 1084 1147
f 1013 960 963
f 963 1022 1013
f 1042 1022 1084
f 1022 1073 1084
f 1084 1073 1147
f 1147 1073 1144
f 2134 2064 2267
f 2267 2235 2439
f 2439 2388 2459
f 2401 2459 2388
f 2447 2459 2401
f 3713 3609 3728
f 2383 2447 2180
f 3719 3713 3959
f 2261 2241 2145
f 3820 3719 3959
f 1914 1849 1743
f 1743 1791 1914
f 1791 1743 1789
f 3903 3891 3789
f 1789 1743 1686
f 3891 3791 3660
f 1789 1686 1809
f 3791 3862 3695
f 1875 1809 1862
f 3862 3795 3695
f 1844 1809 1760
f 1809 1844 1862
f 3795 3507 3695
f 1862 1844 1921
f 1844 1760 1902
f 1921 1844 1902
f 2169 1902 1964
f 2169 1964 2039
f 2572 2355 2471
f 3052 2572 2785
f 3052 2785 3099
f 3423 3052 3099
f 3373 3423 3099
f 3245 3344 3293
f 3245 3293 3122
f 3122 3125 3058
f 3344 3284 3293
f 3345 3284 3344
f 3345 3344 3382
f 3345 3382 3387
f 3125 2978 3058
f 2002 1947 2186
f 1947 2002 1763
f 1763 2002 1856
f 1856 1650 1763
f 1650 1856 1586
f 3141 3149 3124
f 1428 1586 1504
f 1226 1210 1171
f 3149 3220 3128
f 1104 1012 1171
f 1012 1015 966
f 1012 966 981
f 953 926 970
f 970 926 960
f 1810 1627 1694
f 1976 1810 1922
f 3249 3421 3365
f 1501 1384 1571
f 1384 1147 1388
f 963 960 925
f 925 960 926
f 1976 1922 2064
f 1388 1147 1144
f 907 963 925
f 1022 963 1049
f 1073 1022 1049
f 1144 1073 1049
f 1388 1144 1229
f 2064 2235 2267
f 3489 3365 3421
f 948 963 907
f 1049 963 948
f 1144 1049 1112
f 1163 1144 1112
f 2108 2235 2064
f 845 948 907
f 1049 948 1003
f 1112 1049 1003
f 845 891 948
f 1003 948 891
f 2439 2235 2388
f 2388 2235 2108
f 850 891 845
f 826 850 845
f 1003 891 990
f 1105 1112 990
f 990 1112 1003
f 3655 3609 3477
f 990 891 850
f 1075 1105 990
f 850 932 990
f 987 990 932
f 1075 990 987
f 2401 2144 2116
f 2447 2401 2116
f 987 932 924
f 3609 3713 3619
f 2147 2447 2116
f 2180 2447 2147
f 2180 2241 2383
f 2180 2075 2241
f 1186 1122 1148
f 1186 1148 1263
f 2145 2075 1971
f 2241 2075 2145
f 1849 1914 1971
f 1971 1914 2145
f 1386 1349 1448
f 1849 1631 1668
f 1449 1448 1349
f 1569 1448 1449
f 1668 1569 1449
f 1631 1569 1668
f 1849 1668 1743
f 1449 1349 1418
f 1668 1449 1418
f 3820 3903 3789
f 1341 1349 1273
f 1418 1349 1341
f 1668 1418 1603
f 1686 1668 1603
f 1743 1668 1686
f 1418 1341 1454
f 1603 1418 1454
f 1603 1454 1608
f 1686 1603 1608
f 3789 3891 3660
f 1273 1290 1341
f 1608 1454 1341
f 1290 1510 1341
f 1341 1510 1608
f 3660 3791 3695
f 1686 1608 1809
f 1760 1608 1510
f 1608 1760 1809
f 3507 3373 3295
f 1510 1600 1726
f 1510 1726 1760
f 2191 2242 2281
f 2785 2819 3099
f 3373 3099 3295
f 1760 1726 1693
f 1760 1693 1902
f 1902 1693 1866
f 1902 1866 1964
f 2191 2202 2039
f 2281 2202 2191
f 2355 2202 2281
f 2281 2471 2355
f 3125 3122 3185
f 3185 3122 3293
f 3293 3284 3185
f 3341 3345 3387
f 3360 3341 3387
f 2513 2978 2896
f 3360 3243 3341
f 3360 3262 3243
f 3190 3197 3262
f 2190 2550 2186
f 3190 3162 3197
f 3162 3141 3197
f 3124 3149 3094
f 3149 3128 3094
f 1304 1210 1226
f 1210 1104 1171
f 3220 3249 3257
f 953 913 926
f 1501 1571 1627
f 913 893 926
f 1388 1571 1384
f 1694 1627 1571
f 1810 1694 1922
f 926 893 925
f 925 893 907
f 893 874 907
f 1163 1229 1144
f 2064 1922 2108
f 3477 3365 3489
f 845 907 874
f 874 829 845
f 1112 1105 1163
f 1203 1163 1105
f 2401 2108 2022
f 2108 2401 2388
f 850 826 820
f 1105 1075 1180
f 869 850 848
f 924 850 869
f 850 924 932
f 1075 987 1180
f 987 924 1065
f 924 921 1065
f 1064 994 1122
f 2180 2147 2075
f 3719 3610 3713
f 1186 1064 1122
f 1025 1122 994
f 1849 1971 1664
f 1263 1148 1266
f 1631 1849 1664
f 1148 1122 1153
f 1148 1153 1266
f 1386 1448 1415
f 1415 1448 1569
f 1569 1631 1538
f 1349 1386 1216
f 1141 1273 1216
f 1349 1216 1273
f 1290 1265 1352
f 3695 3507 3384
f 1456 1290 1352
f 1290 1456 1510
f 1510 1456 1600
f 2281 2242 2328
f 1726 1600 1693
f 2471 2785 2572
f 3125 3055 2978
f 3185 3284 3239
f 3345 3278 3284
f 3345 3341 3278
f 2896 2978 3055
f 3278 3239 3284
f 3341 3243 3278
f 2822 2513 2896
f 3243 3262 3197
f 3124 3127 3141
f 3040 3127 3124
f 3094 3017 3124
f 1104 1092 1012
f 3128 3220 3151
f 1015 991 966
f 966 991 953
f 953 991 913
f 3249 3365 3257
f 1388 1502 1571
f 1800 1571 1502
f 1694 1571 1800
f 1694 1800 1922
f 1800 1926 1922
f 893 871 874
f 1388 1229 1284
f 1922 1926 2108
f 871 829 874
f 823 829 871
f 1926 2022 2108
f 829 803 845
f 1229 1163 1203
f 845 803 826
f 1229 1203 1238
f 1238 1284 1229
f 2022 2130 2401
f 826 803 820
f 850 820 848
f 1105 1180 1203
f 3475 3477 3609
f 2144 2130 1952
f 2401 2130 2144
f 819 848 820
f 1180 1238 1203
f 3619 3475 3609
f 1201 1238 1180
f 924 869 921
f 1180 987 1201
f 853 848 819
f 869 848 853
f 987 1065 1201
f 1065 1129 1201
f 1372 1201 1129
f 921 869 853
f 921 1064 1065
f 1129 1065 1064
f 3619 3713 3610
f 853 994 921
f 1064 921 994
f 2147 2116 2059
f 1186 1129 1064
f 1263 1372 1129
f 2075 2059 1959
f 2147 2059 2075
f 994 853 910
f 994 910 1025
f 1398 1372 1263
f 1186 1263 1129
f 1398 1263 1415
f 1398 1415 1538
f 1959 1664 1971
f 2075 1959 1971
f 1046 1025 910
f 1415 1263 1355
f 1056 1025 1046
f 1025 1056 1122
f 1266 1355 1263
f 1415 1355 1386
f 3719 3820 3610
f 1122 1109 1153
f 1122 1056 1109
f 1386 1355 1266
f 1538 1415 1569
f 3558 3610 3820
f 1664 1538 1631
f 1141 1153 1109
f 1266 1153 1141
f 1216 1266 1141
f 1386 1266 1216
f 3820 3789 3558
f 1109 1056 1141
f 3564 3558 3789
f 1141 1056 1046
f 1106 1141 1046
f 1141 1106 1273
f 3660 3564 3789
f 3351 3564 3660
f 1273 1265 1290
f 1273 1106 1265
f 3695 3384 3660
f 3507 3295 3384
f 1352 1265 1299
f 2602 2779 2819
f 2779 3099 2819
f 3295 3099 2860
f 1456 1352 1299
f 2211 2242 2191
f 2211 2191 2040
f 2281 2470 2471
f 2471 2602 2785
f 2819 2785 2602
f 1456 1451 1585
f 1693 1721 1866
f 1866 1802 1964
f 2040 2191 2039
f 1641 1600 1585
f 1693 1600 1641
f 1674 1693 1641
f 1721 1693 1674
f 1802 1866 1721
f 3185 3165 3125
f 3165 3185 3239
f 2513 2822 2394
f 2550 2190 2394
f 1586 1689 1504
f 3040 3124 3017
f 1428 1504 1413
f 1413 1304 1428
f 3128 3017 3094
f 1104 1156 1092
f 1015 1012 1092
f 3257 3151 3220
f 991 872 913
f 913 872 893
f 893 872 871
f 1800 1502 1626
f 1602 1502 1388
f 1626 1502 1602
f 1800 1626 1859
f 823 871 872
f 1284 1470 1388
f 1602 1388 1470
f 1859 1626 1713
f 1926 1800 1859
f 1470 1284 1357
f 1561 1602 1470
f 829 823 803
f 2022 1926 1859
f 2022 1859 1956
f 1357 1284 1238
f 2022 1956 2130
f 1357 1238 1348
f 803 800 820
f 2130 1956 1952
f 1348 1238 1201
f 820 800 819
f 1372 1455 1348
f 2116 1952 1929
f 1952 2116 2144
f 800 795 819
f 1372 1348 1201
f 1461 1455 1372
f 1929 1838 2059
f 2116 1929 2059
f 853 819 805
f 805 819 795
f 3610 3471 3619
f 1959 2059 1838
f 3457 3471 3610
f 1461 1372 1398
f 1544 1461 1398
f 1838 1761 1959
f 910 853 882
f 1544 1398 1538
f 1761 1635 1664
f 1959 1761 1664
f 1664 1635 1538
f 1635 1544 1538
f 939 910 882
f 910 939 1046
f 1041 1046 939
f 1106 1046 1041
f 3660 3384 3351
f 1041 1115 1182
f 1041 1182 1106
f 1265 1106 1182
f 2860 3099 2779
f 2281 2328 2470
f 1265 1182 1299
f 2602 2471 2470
f 1299 1182 1193
f 1299 1451 1456
f 1456 1585 1600
f 2029 1964 1802
f 2039 1964 2040
f 1964 2029 2040
f 1719 1721 1674
f 1721 1719 1802
f 1641 1585 1611
f 3106 3055 3125
f 3165 3106 3125
f 3055 2982 2896
f 3278 3243 3239
f 3239 3243 3188
f 3197 3188 3243
f 2002 2186 2378
f 3197 3141 3112
f 3112 3141 3127
f 1856 2002 2003
f 3127 3040 3044
f 1856 1689 1586
f 1282 1210 1304
f 3128 2985 3017
f 1104 1210 1156
f 991 1015 1024
f 991 972 872
f 3257 3365 3247
f 3365 3477 3415
f 872 836 823
f 1651 1626 1602
f 1651 1713 1626
f 823 808 803
f 1713 1651 1859
f 1859 1651 1814
f 1814 1956 1859
f 808 800 803
f 1470 1357 1506
f 1952 1956 1814
f 1831 1952 1814
f 1357 1348 1506
f 1812 1929 1831
f 1831 1929 1952
f 1494 1455 1461
f 1838 1812 1671
f 1929 1812 1838
f 3475 3619 3471
f 1671 1761 1838
f 1494 1461 1544
f 1494 1544 1568
f 1568 1635 1671
f 1671 1635 1761
f 1635 1568 1544
f 852 853 805
f 853 852 882
f 852 881 882
f 882 881 939
f 3558 3457 3610
f 881 889 939
f 939 965 1041
f 3351 3312 3564
f 1041 965 1034
f 3351 3384 3321
f 1041 1034 1115
f 2328 2242 2400
f 2328 2400 2470
f 1193 1182 1115
f 2029 2211 2040
f 1193 1251 1299
f 1802 1719 1813
f 1813 2029 1802
f 1451 1299 1251
f 1451 1472 1585
f 1641 1611 1594
f 3055 3106 3047
f 2896 2908 2822
f 2896 2982 2908
f 3047 2982 3055
f 3087 3047 3106
f 3087 3106 3144
f 3106 3165 3144
f 3239 3188 3144
f 3165 3239 3144
f 3188 3197 3112
f 2661 2550 2394
f 2378 2206 2002
f 3044 3040 3019
f 3019 3040 3017
f 1504 1526 1413
f 1526 1504 1689
f 1282 1304 1413
f 3128 3007 2985
f 1210 1235 1156
f 1156 1165 1092
f 1015 1092 1024
f 3247 3151 3257
f 991 1024 972
f 823 836 808
f 1651 1602 1658
f 1470 1506 1561
f 1602 1561 1658
f 1658 1561 1506
f 1651 1658 1768
f 1651 1768 1814
f 3415 3477 3475
f 1658 1506 1507
f 1725 1658 1507
f 1768 1658 1725
f 1831 1768 1725
f 1814 1768 1831
f 800 808 795
f 1507 1348 1455
f 1506 1348 1507
f 1725 1507 1557
f 1741 1725 1557
f 1831 1725 1741
f 1812 1831 1741
f 1494 1507 1455
f 1557 1507 1494
f 1741 1557 1568
f 1557 1494 1568
f 1741 1568 1671
f 1812 1741 1671
f 795 806 805
f 805 806 852
f 881 852 870
f 939 889 965
f 2990 3321 3295
f 3384 3295 3321
f 3295 2860 2990
f 1034 1110 1115
f 2211 2029 2146
f 2242 2211 2223
f 2223 2400 2242
f 1110 1193 1115
f 2029 1813 1885
f 2029 1885 1944
f 1251 1193 1258
f 1258 1346 1251
f 1251 1346 1451
f 1674 1641 1656
f 1674 1656 1734
f 1674 1734 1719
f 1451 1346 1472
f 1641 1594 1623
f 1641 1623 1656
f 1611 1585 1594
f 1594 1585 1472
f 2661 2394 2822
f 2378 2186 2550
f 3112 3127 3042
f 2206 2003 2002
f 3127 3044 3042
f 1282 1235 1210
f 1165 1156 1235
f 3128 3151 3007
f 1165 1111 1092
f 1092 1111 1024
f 1024 1030 972
f 972 909 872
f 872 884 836
f 872 909 884
f 3359 3415 3475
f 808 798 795
f 3471 3359 3475
f 795 798 806
f 806 844 870
f 852 806 870
f 3394 3359 3457
f 881 870 889
f 889 898 927
f 3564 3350 3457
f 3457 3558 3564
f 889 927 965
f 3564 3312 3350
f 3321 2990 3039
f 964 1034 965
f 2432 2602 2470
f 2779 2602 2432
f 2146 2223 2211
f 2054 2029 1944
f 1138 1193 1110
f 1193 1138 1206
f 1258 1193 1206
f 1258 1206 1278
f 1278 1346 1258
f 1719 1734 1813
f 1346 1409 1472
f 1623 1594 1553
f 2982 3047 2908
f 3067 3047 3087
f 3087 3144 3067
f 3067 3144 3082
f 3082 3144 3188
f 3188 3112 3082
f 3044 3019 3042
f 3042 3019 3005
f 1856 1889 1689
f 3019 3017 2944
f 3017 2985 2944
f 1282 1413 1435
f 1282 1435 1235
f 2985 3007 2941
f 1235 1196 1165
f 3151 3247 3147
f 3247 3365 3268
f 3415 3268 3365
f 836 839 808
f 808 815 798
f 3471 3457 3359
f 3394 3457 3350
f 889 870 898
f 3039 3312 3351
f 3351 3321 3039
f 2860 2836 2990
f 2779 2836 2860
f 2432 2470 2400
f 1813 1734 1885
f 1734 1646 1737
f 1656 1646 1734
f 1656 1623 1646
f 1593 1623 1553
f 1646 1623 1593
f 1553 1594 1497
f 2908 3047 3067
f 3067 2967 2908
f 3082 2967 3067
f 3090 3082 3112
f 3112 3042 3090
f 1889 1856 2003
f 1413 1526 1435
f 2944 2985 2941
f 1235 1435 1395
f 1376 1196 1395
f 1235 1395 1196
f 1196 1192 1165
f 1165 1192 1111
f 1024 1111 1030
f 3223 3147 3247
f 3247 3268 3223
f 836 884 839
f 808 839 815
f 798 815 806
f 815 832 806
f 806 832 844
f 844 865 870
f 3350 3312 3158
f 898 897 927
f 964 965 927
f 3039 2990 2836
f 1034 964 1006
f 1006 1110 1034
f 2432 2400 2223
f 2054 2146 2029
f 1734 1737 1885
f 1278 1187 1239
f 1278 1206 1187
f 1278 1305 1346
f 1346 1305 1409
f 1472 1497 1594
f 1409 1497 1472
f 1553 1497 1522
f 1565 1553 1522
f 2822 2908 2661
f 2967 2873 2908
f 2932 2873 2967
f 2932 2967 2991
f 2967 3082 2991
f 2908 2794 2661
f 3011 2991 3082
f 2378 2550 2568
f 3090 3011 3082
f 3090 3042 3011
f 3011 3042 3005
f 2269 2003 2206
f 2269 1889 2003
f 1689 1889 1709
f 1435 1487 1395
f 3007 3151 3023
f 1192 1133 1111
f 3151 3147 3023
f 1030 1011 972
f 909 972 1011
f 884 908 839
f 3359 3268 3415
f 908 894 839
f 839 894 815
f 3394 3256 3359
f 832 865 844
f 832 883 865
f 865 890 870
f 870 890 898
f 2981 3158 3312
f 3312 3039 2981
f 2779 2432 2493
f 2493 2699 2836
f 2836 2779 2493
f 2432 2223 2258
f 2258 2223 2146
f 1037 1110 1006
f 1138 1110 1037
f 1885 1769 1944
f 1737 1769 1885
f 1187 1206 1138
f 1737 1715 1769
f 1737 1646 1715
f 1715 1646 1649
f 1305 1278 1239
f 1409 1305 1340
f 1409 1429 1497
f 1429 1522 1497
f 1593 1553 1565
f 1593 1565 1599
f 1429 1409 1340
f 2873 2794 2908
f 2932 2991 2980
f 2980 2991 3011
f 2206 2378 2568
f 3019 2944 3005
f 1526 1689 1709
f 1526 1487 1435
f 2944 2941 2922
f 1196 1267 1192
f 1111 1133 1212
f 3147 3223 3137
f 1011 884 909
f 3268 3359 3256
f 894 883 832
f 815 894 832
f 3256 3394 3266
f 883 890 865
f 3350 3233 3266
f 3266 3394 3350
f 3039 2836 2699
f 927 897 964
f 2054 1944 1769
f 1187 1138 1181
f 1181 1239 1187
f 1715 1649 1683
f 1646 1605 1649
f 1646 1599 1605
f 1593 1599 1646
f 1305 1239 1300
f 1305 1300 1340
f 2661 2627 2550
f 2568 2519 2206
f 3005 2944 2933
f 1684 1487 1526
f 1709 1684 1526
f 2943 2941 3023
f 3023 2941 3007
f 1267 1196 1376
f 1192 1267 1133
f 1212 1213 1111
f 1213 1030 1111
f 3223 3268 3137
f 976 884 1011
f 884 976 908
f 3233 3350 3158
f 890 897 898
f 3039 2699 2691
f 2258 2493 2432
f 1853 2054 1769
f 1138 1037 1097
f 1522 1513 1565
f 1340 1300 1301
f 1340 1301 1354
f 1340 1425 1429
f 1354 1425 1340
f 1473 1513 1522
f 1473 1522 1429
f 1473 1429 1425
f 2873 2787 2794
f 2550 2627 2568
f 2794 2627 2661
f 2980 2873 2932
f 2913 2907 2980
f 3011 3005 2913
f 2980 3011 2913
f 2519 2269 2206
f 3005 2933 2913
f 2944 2922 2933
f 1395 1477 1376
f 1395 1487 1477
f 1267 1212 1133
f 3010 3023 3147
f 1213 1126 1030
f 1030 1126 1011
f 1011 1014 976
f 3101 3137 3268
f 3158 2981 3037
f 890 886 897
f 2770 2856 2981
f 2981 3039 2770
f 2699 2493 2691
f 2258 2146 2321
f 2146 2054 2045
f 897 977 964
f 964 977 1006
f 1769 1715 1735
f 1097 1181 1138
f 1605 1683 1649
f 1565 1583 1599
f 1583 1605 1599
f 1513 1583 1565
f 1425 1354 1438
f 1473 1425 1438
f 2837 2873 2980
f 2980 2907 2837
f 2265 1889 2269
f 1911 1709 1889
f 2933 2922 2921
f 1267 1230 1212
f 1230 1267 1281
f 1213 1212 1230
f 1126 1014 1011
f 3268 3256 3101
f 908 976 894
f 3092 3256 3266
f 883 920 890
f 2981 2856 3037
f 2770 3039 2691
f 886 899 897
f 2146 2253 2321
f 2493 2258 2321
f 2146 2045 2253
f 897 899 977
f 1853 1769 1735
f 1735 1715 1683
f 1300 1239 1176
f 1513 1554 1583
f 2837 2787 2873
f 1487 1684 1503
f 2922 2941 2925
f 1503 1477 1487
f 2925 2941 2943
f 1376 1364 1267
f 3010 3147 3050
f 3147 3137 3050
f 1014 1126 1145
f 976 1014 1107
f 3256 3092 3101
f 976 920 883
f 894 976 883
f 3233 3096 3266
f 3037 3096 3158
f 3096 3233 3158
f 2321 2487 2493
f 2691 2493 2487
f 2045 2168 2253
f 899 973 977
f 2054 1853 2045
f 1181 1097 1134
f 1683 1606 1629
f 1683 1605 1606
f 1181 1134 1176
f 1181 1176 1239
f 1300 1176 1301
f 1301 1293 1354
f 1354 1293 1353
f 1353 1438 1354
f 1438 1493 1473
f 1513 1473 1493
f 2773 2627 2794
f 2787 2773 2794
f 2787 2837 2773
f 2568 2627 2591
f 2837 2829 2773
f 2837 2907 2829
f 2387 2265 2269
f 2088 1889 2265
f 2921 2922 2925
f 1267 1364 1281
f 2943 3023 3010
f 1230 1225 1213
f 1126 1213 1145
f 1145 1107 1014
f 3137 3028 3050
f 3101 3028 3137
f 920 976 992
f 3266 2993 3092
f 890 920 886
f 3037 2899 3096
f 2856 2899 3037
f 886 903 899
f 2321 2253 2487
f 2045 1924 2168
f 899 903 973
f 1924 2045 1853
f 1006 977 980
f 1006 980 1037
f 1683 1723 1735
f 1683 1629 1723
f 1605 1583 1606
f 1583 1575 1606
f 1583 1554 1575
f 1513 1493 1517
f 1554 1513 1517
f 1438 1353 1423
f 1493 1438 1468
f 1438 1423 1468
f 1493 1468 1486
f 1517 1493 1486
f 2773 2591 2627
f 2591 2519 2568
f 2773 2781 2734
f 2829 2781 2773
f 2269 2519 2387
f 2907 2913 2875
f 2913 2933 2875
f 2875 2933 2901
f 2933 2921 2901
f 1709 1718 1684
f 1709 1911 1718
f 2921 2925 2915
f 3010 3050 3008
f 1145 1175 1107
f 976 1107 1029
f 3092 3028 3101
f 2993 3028 3092
f 3266 3096 2993
f 3096 2953 2993
f 2899 2953 3096
f 1037 980 1000
f 1037 1000 1097
f 1176 1134 1173
f 1246 1301 1176
f 1246 1176 1173
f 1293 1246 1309
f 1301 1246 1293
f 2591 2773 2734
f 2519 2591 2584
f 2497 2387 2519
f 2829 2741 2781
f 2875 2741 2829
f 2829 2907 2875
f 2088 1911 1889
f 1684 1580 1503
f 1580 1684 1718
f 1376 1477 1364
f 1281 1364 1344
f 1281 1292 1230
f 1145 1213 1225
f 1145 1225 1175
f 1175 1103 1107
f 1103 1029 1107
f 992 886 920
f 2856 2770 2696
f 886 946 903
f 2770 2691 2408
f 2691 2487 2302
f 2253 2302 2487
f 2253 2168 2171
f 1853 1772 1845
f 1845 1924 1853
f 1853 1735 1772
f 1772 1735 1723
f 1606 1613 1629
f 1613 1606 1575
f 1353 1293 1309
f 1518 1517 1486
f 1554 1517 1536
f 1517 1518 1536
f 1353 1369 1423
f 2497 2519 2584
f 2734 2781 2729
f 2781 2741 2721
f 2781 2721 2729
f 1580 1477 1503
f 2915 2925 2903
f 2943 3010 3008
f 1230 1292 1225
f 3008 3050 2986
f 3050 3028 2986
f 976 1029 992
f 2993 2953 2948
f 2899 2856 2696
f 992 946 886
f 2770 2408 2570
f 946 938 903
f 2302 2408 2691
f 2253 2171 2302
f 938 968 903
f 903 968 973
f 977 973 980
f 1097 1081 1134
f 1124 1173 1134
f 1570 1613 1575
f 1245 1246 1173
f 1575 1554 1536
f 1309 1246 1245
f 1353 1309 1369
f 1486 1468 1518
f 1369 1309 1345
f 1369 1345 1391
f 1423 1369 1391
f 1423 1391 1468
f 2734 2584 2591
f 2497 2404 2387
f 2387 2404 2265
f 2741 2875 2758
f 2088 1998 1911
f 2788 2758 2875
f 2875 2901 2855
f 2901 2921 2878
f 2921 2915 2878
f 1580 1563 1477
f 1477 1402 1364
f 1344 1364 1402
f 1344 1292 1281
f 1232 1175 1225
f 1103 1175 1160
f 3028 2993 2986
f 2986 2993 2948
f 1924 1969 2168
f 968 975 973
f 1924 1845 1969
f 1043 1097 1000
f 1043 1081 1097
f 1134 1081 1124
f 1173 1124 1159
f 1575 1536 1559
f 1309 1245 1277
f 1508 1536 1518
f 1434 1518 1468
f 2497 2538 2404
f 2497 2584 2538
f 2734 2729 2584
f 2788 2875 2855
f 2901 2878 2855
f 1292 1232 1225
f 1232 1160 1175
f 3008 2986 2935
f 1103 1160 1096
f 1096 1029 1103
f 992 985 946
f 2770 2570 2696
f 2570 2408 2472
f 946 923 938
f 923 968 938
f 2168 1969 2171
f 1772 1723 1720
f 980 984 1000
f 1043 1000 984
f 1723 1657 1720
f 1723 1629 1657
f 1124 1081 1093
f 1575 1559 1570
f 1309 1277 1345
f 1434 1468 1391
f 1508 1518 1434
f 2729 2618 2584
f 2721 2618 2729
f 2265 2404 2291
f 2265 2291 2088
f 2758 2788 2771
f 2788 2878 2771
f 2878 2788 2855
f 1580 1718 1636
f 1563 1402 1477
f 1440 1402 1492
f 1402 1440 1344
f 3008 2934 2943
f 1292 1279 1232
f 3008 2935 2934
f 2935 2986 2948
f 1029 1019 992
f 2948 2953 2844
f 2953 2899 2844
f 2696 2607 2899
f 949 923 946
f 2302 2171 2408
f 959 975 968
f 1969 1845 2041
f 1845 1772 1720
f 973 984 980
f 1159 1124 1135
f 1215 1173 1159
f 1245 1173 1215
f 1536 1528 1559
f 1528 1536 1508
f 1453 1508 1434
f 1434 1391 1396
f 2404 2538 2453
f 2584 2618 2538
f 2291 2404 2453
f 2741 2618 2721
f 2717 2741 2758
f 2088 2272 2212
f 2291 2272 2088
f 2758 2771 2717
f 1716 1718 1911
f 2878 2793 2771
f 2903 2878 2915
f 1580 1636 1563
f 1440 1356 1344
f 2925 2943 2914
f 1292 1344 1356
f 2914 2943 2934
f 1279 1223 1232
f 1223 1160 1232
f 1160 1151 1096
f 2935 2948 2893
f 1096 1019 1029
f 992 1019 985
f 923 915 968
f 2041 2284 2171
f 2041 2171 1969
f 973 969 984
f 997 1038 1043
f 1043 1038 1081
f 1629 1589 1657
f 1038 1093 1081
f 1124 1093 1135
f 1260 1345 1277
f 1345 1260 1391
f 1528 1508 1453
f 1391 1260 1342
f 1391 1342 1396
f 1434 1396 1453
f 2582 2453 2538
f 2652 2618 2741
f 2717 2652 2741
f 2088 2212 1998
f 2717 2771 2736
f 2793 2878 2863
f 1716 1636 1718
f 2863 2878 2903
f 2903 2925 2923
f 1563 1492 1402
f 2925 2914 2923
f 2914 2934 2927
f 1292 1356 1279
f 2927 2934 2935
f 2893 2948 2844
f 2899 2607 2727
f 2899 2727 2844
f 985 949 946
f 2696 2570 2509
f 2509 2472 2431
f 2509 2570 2472
f 2472 2171 2284
f 2472 2408 2171
f 919 968 915
f 959 968 919
f 1727 2041 1845
f 975 969 973
f 997 1043 984
f 1038 1039 1093
f 1039 1135 1093
f 1570 1559 1549
f 1559 1528 1495
f 1277 1245 1215
f 1528 1453 1474
f 2618 2582 2538
f 2618 2617 2582
f 2618 2652 2617
f 2685 2652 2717
f 2771 2793 2736
f 1998 1716 1911
f 1563 1636 1642
f 1716 1642 1636
f 1642 1492 1563
f 1223 1151 1160
f 1096 1151 1116
f 1096 1072 1018
f 1019 1096 1018
f 2696 2509 2607
f 949 915 923
f 2472 2284 2431
f 1727 1845 1720
f 1705 1727 1720
f 1720 1657 1705
f 995 1038 997
f 1589 1629 1576
f 1613 1576 1629
f 1038 995 1039
f 1613 1570 1576
f 1576 1570 1549
f 1159 1135 1071
f 1528 1474 1495
f 1277 1215 1260
f 1453 1408 1474
f 1453 1396 1408
f 2582 2449 2453
f 2453 2449 2291
f 2582 2617 2560
f 2685 2717 2736
f 2740 2736 2793
f 2923 2914 2947
f 2914 2927 2936
f 2844 2727 2847
f 2727 2607 2600
f 915 949 951
f 915 951 919
f 2109 2284 2041
f 1657 1652 1705
f 984 979 997
f 1657 1589 1652
f 997 979 995
f 1071 1135 1039
f 1559 1495 1549
f 1071 1215 1159
f 1342 1260 1329
f 1342 1329 1396
f 2291 2449 2272
f 2560 2449 2582
f 2560 2548 2449
f 2272 2347 2212
f 2740 2793 2763
f 2063 1716 1998
f 2909 2793 2863
f 2863 2903 2909
f 2903 2923 2909
f 2947 2914 2973
f 2914 2936 2973
f 1279 1254 1223
f 2936 2927 2938
f 2927 2935 2938
f 1151 1223 1167
f 2938 2935 2892
f 2935 2893 2892
f 2892 2893 2844
f 1096 1116 1072
f 1018 985 1019
f 919 951 959
f 2109 2041 1960
f 1960 2041 1727
f 984 969 979
f 995 935 1039
f 1071 1074 1215
f 1474 1466 1495
f 1474 1424 1466
f 1215 1050 1260
f 1408 1424 1474
f 2560 2617 2548
f 2212 2347 2227
f 2685 2740 2652
f 2740 2685 2736
f 2212 2063 1998
f 2793 2909 2763
f 2063 1816 1716
f 2909 2923 2947
f 1716 1706 1642
f 1642 1620 1492
f 2973 2936 2984
f 1356 1319 1279
f 1223 1254 1167
f 2892 2844 2847
f 2857 2892 2847
f 985 1018 978
f 2607 2509 2600
f 2431 2284 2098
f 2098 2284 2109
f 951 975 959
f 937 929 979
f 979 929 995
f 929 935 995
f 935 971 1039
f 1071 1039 971
f 1050 1215 1074
f 1408 1404 1424
f 1396 1329 1358
f 1358 1408 1396
f 2449 2418 2347
f 2272 2449 2347
f 2449 2548 2418
f 2617 2594 2548
f 2718 2617 2652
f 2347 2334 2227
f 2652 2740 2718
f 2212 2227 2063
f 1642 1706 1620
f 1492 1620 1521
f 1521 1440 1492
f 2973 2984 3025
f 1440 1439 1356
f 1151 1100 1116
f 985 978 949
f 978 951 949
f 2509 2431 2481
f 951 945 975
f 2109 1960 2098
f 945 969 975
f 969 961 979
f 961 937 979
f 971 911 1071
f 1466 1424 1431
f 2548 2531 2418
f 2548 2594 2531
f 2617 2711 2594
f 2711 2617 2718
f 2763 2718 2740
f 2909 2947 2955
f 2947 2973 2987
f 1439 1319 1356
f 3025 2984 3035
f 1319 1254 1279
f 2984 2936 2938
f 2688 2857 2847
f 2481 2431 2135
f 2431 2098 2135
f 2098 1960 2135
f 1960 1738 1854
f 945 943 969
f 1960 1727 1738
f 943 961 969
f 1549 1495 1483
f 1074 1071 911
f 1074 911 950
f 1074 950 1050
f 1436 1466 1431
f 1431 1424 1367
f 1367 1424 1404
f 1329 1269 1358
f 1404 1408 1358
f 2418 2426 2334
f 2347 2418 2334
f 2531 2426 2418
f 2711 2649 2594
f 2594 2649 2531
f 2334 2248 2227
f 2718 2763 2711
f 2711 2763 2791
f 2063 2227 2185
f 2763 2909 2791
f 2974 2909 2955
f 1716 1816 1706
f 2955 2947 2987
f 2973 3025 3057
f 1521 1490 1440
f 1151 1167 1100
f 2688 2815 2857
f 2847 2727 2688
f 1116 1100 1070
f 2727 2600 2688
f 1116 1070 1072
f 1018 1072 1002
f 2509 2481 2634
f 1018 1002 978
f 2135 1960 2024
f 942 961 943
f 1705 1654 1699
f 1727 1705 1699
f 1652 1654 1705
f 1589 1576 1591
f 929 937 905
f 1549 1555 1576
f 935 929 905
f 1549 1483 1555
f 935 911 971
f 1495 1466 1483
f 1130 1260 1050
f 1260 1130 1172
f 1260 1172 1329
f 1329 1172 1269
f 2334 2426 2339
f 2649 2711 2728
f 2791 2728 2711
f 2185 2227 2248
f 2909 2919 2791
f 2909 2974 2919
f 2974 2955 2987
f 2973 3175 2987
f 1620 1607 1521
f 3057 3179 2973
f 1440 1490 1439
f 1439 1490 1319
f 3035 2984 2976
f 2984 2938 2976
f 2938 2892 2976
f 2892 2857 2976
f 2600 2634 2688
f 2509 2634 2600
f 1070 1002 1072
f 2634 2481 2351
f 2351 2481 2135
f 943 945 912
f 1727 1699 1738
f 942 943 888
f 1589 1654 1652
f 942 937 961
f 1589 1591 1654
f 1591 1576 1555
f 1431 1367 1378
f 1431 1378 1436
f 2426 2531 2517
f 2649 2728 2784
f 2334 2339 2248
f 2728 2791 2820
f 2791 2919 2999
f 3076 2974 2987
f 3175 3076 2987
f 1706 1816 1730
f 1620 1706 1607
f 3175 2973 3179
f 3179 3057 3264
f 3025 3164 3057
f 3164 3025 3035
f 1167 1254 1166
f 1002 967 978
f 978 967 951
f 951 967 945
f 2351 2135 2024
f 2024 1960 1937
f 895 942 888
f 937 942 895
f 937 895 905
f 840 905 837
f 1483 1480 1555
f 905 840 935
f 935 840 911
f 1483 1466 1433
f 1466 1436 1433
f 911 830 950
f 950 830 906
f 950 906 1050
f 1050 1031 1083
f 1050 1083 1130
f 1404 1343 1367
f 1343 1404 1358
f 2422 2426 2517
f 2380 2339 2422
f 2426 2422 2339
f 2791 2999 2820
f 2999 2974 3076
f 2999 2919 2974
f 2063 2185 1816
f 3035 2976 3020
f 1271 1254 1319
f 2976 2857 2983
f 1254 1271 1166
f 2983 2857 2894
f 2894 2857 2815
f 2634 2894 2688
f 2688 2894 2815
f 912 945 967
f 879 943 912
f 1960 1854 1937
f 905 895 837
f 791 840 837
f 794 911 840
f 911 794 830
f 1031 1050 906
f 1130 1083 1164
f 1130 1164 1172
f 1358 1269 1208
f 1358 1208 1343
f 2517 2522 2422
f 2531 2700 2517
f 2649 2700 2531
f 2649 2784 2700
f 2728 2820 2929
f 2728 2929 2784
f 2380 2248 2339
f 3164 3035 3020
f 3020 2976 2983
f 2475 2634 2351
f 2024 1937 2351
f 879 876 943
f 943 876 888
f 1937 1854 1738
f 895 888 847
f 837 895 822
f 837 822 791
f 1031 906 851
f 1343 1321 1367
f 1031 851 1026
f 1031 1026 1083
f 1083 1026 1089
f 1083 1089 1164
f 1172 1164 1208
f 1269 1172 1208
f 2616 2522 2517
f 2700 2616 2517
f 2999 2929 2820
f 2999 3048 2929
f 3118 2929 3048
f 3048 2999 3171
f 3171 3076 3175
f 2999 3076 3171
f 3264 3175 3179
f 1521 1607 1490
f 1490 1390 1319
f 1319 1390 1271
f 1166 1142 1167
f 2634 2648 2894
f 1167 1142 1100
f 2634 2475 2648
f 1002 1070 986
f 986 885 1002
f 1002 885 967
f 2351 1937 2336
f 876 821 888
f 888 821 847
f 1591 1612 1654
f 847 822 895
f 1555 1480 1537
f 791 765 840
f 1433 1436 1378
f 794 840 765
f 830 792 851
f 906 830 851
f 1367 1325 1378
f 1026 851 892
f 1321 1343 1228
f 1228 1343 1208
f 4216 4115 4185
f 4341 4266 4216
f 4185 4341 4216
f 3984 4009 4034
f 4115 4034 4105
f 4185 4115 4105
f 4105 4034 4009
f 4237 4185 4105
f 4341 4185 4237
f 3913 4009 3984
f 4123 4009 3913
f 4105 4009 4123
f 4237 4105 4123
f 4237 4123 4245
f 4373 4237 4245
f 4341 4237 4373
f 4123 3913 3938
f 4083 4123 3938
f 4158 4123 4083
f 4158 4245 4123
f 4083 3938 3953
f 4158 4083 3953
f 2784 2996 2795
f 2700 2795 2616
f 2795 2700 2784
f 2422 2410 2380
f 2522 2479 2422
f 2422 2479 2410
f 2784 2929 2996
f 3118 2996 2929
f 3118 3242 2996
f 3048 3171 3240
f 1855 1816 2185
f 3331 3171 3175
f 1647 1706 1730
f 3175 3264 3331
f 3264 3164 3286
f 3057 3164 3264
f 3020 2983 3283
f 2894 2648 2866
f 1070 1100 986
f 912 967 879
f 812 821 876
f 1654 1615 1699
f 822 847 821
f 1480 1483 1422
f 1483 1433 1422
f 791 769 708
f 791 708 765
f 1378 1365 1433
f 792 830 794
f 772 792 794
f 1321 1325 1367
f 851 792 772
f 772 809 851
f 892 851 809
f 1164 1089 1090
f 1202 1164 1090
f 1208 1164 1202
f 1208 1202 1228
f 1026 892 944
f 1089 1026 944
f 1090 1089 944
f 4136 4115 4216
f 4136 3914 3984
f 4115 4136 3984
f 4115 3984 4034
f 3914 3856 3984
f 3984 3856 3913
f 4341 4373 4419
f 3938 3913 3894
f 4373 4245 4303
f 4158 3953 4029
f 3006 2795 2996
f 2795 2724 2616
f 3242 3123 2996
f 3048 3390 3118
f 2274 2248 2380
f 3048 3240 3472
f 2185 2248 2226
f 3432 3240 3171
f 3331 3432 3171
f 1706 1647 1607
f 3364 3264 3286
f 1485 1490 1607
f 3164 3020 3286
f 2894 2866 2983
f 1271 1221 1166
f 1221 1142 1166
f 2648 2460 2866
f 986 1100 1007
f 2351 2336 2475
f 967 885 879
f 876 879 812
f 1612 1615 1654
f 1591 1555 1543
f 1537 1543 1555
f 791 789 769
f 708 692 765
f 1378 1324 1365
f 765 692 794
f 716 794 692
f 1325 1324 1378
f 794 716 772
f 1321 1219 1325
f 1228 1202 1219
f 1219 1321 1228
f 892 809 857
f 892 857 944
f 4270 4142 4136
f 4090 4136 4142
f 4334 4270 4223
f 4223 4270 4136
f 4334 4223 4337
f 4136 4216 4223
f 4216 4266 4223
f 4337 4223 4266
f 4136 4090 3914
f 4266 4341 4337
f 3914 3832 3856
f 3676 3856 3832
f 3785 3856 3676
f 3856 3785 3913
f 4419 4373 4420
f 3913 3785 3842
f 3913 3842 3894
f 3783 3785 3676
f 3842 3785 3783
f 3938 3894 3953
f 4245 4158 4303
f 3842 3783 3894
f 4029 4220 4158
f 4158 4220 4303
f 3894 3783 3953
f 3953 3783 3683
f 3006 3123 3024
f 3024 3123 3252
f 2616 2660 2522
f 3006 2724 2795
f 3354 3252 3123
f 2724 2660 2616
f 2754 2660 2724
f 3123 3006 2996
f 3354 3123 3242
f 3354 3242 3390
f 3390 3242 3118
f 3390 3048 3472
f 3472 3562 3390
f 2248 2274 2226
f 3432 3541 3240
f 1816 1855 1730
f 3264 3523 3331
f 3364 3523 3264
f 3286 3368 3364
f 1490 1485 1390
f 3286 3020 3283
f 1271 1287 1221
f 2475 2460 2648
f 2336 1937 2065
f 842 812 879
f 1699 1615 1755
f 1738 1699 1755
f 1591 1543 1612
f 821 776 822
f 822 789 791
f 1433 1365 1422
f 678 716 692
f 663 716 678
f 1219 1209 1325
f 716 736 772
f 772 736 809
f 1090 944 1060
f 944 962 1060
f 1060 1202 1090
f 809 736 775
f 857 809 775
f 944 857 887
f 962 944 887
f 4205 4270 4344
f 4205 4142 4270
f 4334 4344 4270
f 4344 4334 4452
f 4334 4337 4452
f 4452 4341 4419
f 4337 4341 4452
f 4448 4452 4419
f 3676 3832 3727
f 4419 4420 4448
f 3676 3727 3487
f 4459 4448 4420
f 4373 4303 4360
f 4373 4360 4420
f 3422 3676 3487
f 4436 4459 4420
f 4360 4436 4420
f 3676 3422 3569
f 3676 3569 3783
f 4220 4360 4303
f 3569 3422 3461
f 3783 3569 3683
f 4029 3953 3831
f 4233 4220 4029
f 4233 4360 4220
f 3461 3422 3252
f 3683 3831 3953
f 3252 3422 3146
f 3461 3252 3448
f 3569 3461 3448
f 4233 4029 3831
f 3024 3146 2931
f 3146 3024 3252
f 2811 3024 2931
f 3683 3569 3663
f 3831 3683 3663
f 3024 2811 3006
f 3663 3569 3448
f 2811 2754 2724
f 3006 2811 2724
f 3448 3252 3354
f 3831 3663 3804
f 2525 2522 2660
f 3562 3448 3354
f 3663 3448 3562
f 3562 3804 3663
f 2525 2479 2522
f 3390 3562 3354
f 2380 2410 2274
f 3541 3731 3472
f 3541 3472 3240
f 1582 1485 1607
f 1485 1458 1390
f 3259 3283 2983
f 3170 3259 2983
f 1271 1390 1287
f 2983 2866 3170
f 2460 2379 2414
f 2460 2475 2379
f 1142 1007 1100
f 2379 2475 2336
f 900 885 986
f 2336 2065 2222
f 885 842 879
f 1755 1828 1738
f 1738 1828 1937
f 842 810 812
f 776 789 822
f 708 680 692
f 680 626 692
f 692 626 678
f 678 657 663
f 1324 1325 1209
f 1190 1324 1209
f 1219 1099 1209
f 1202 1099 1219
f 712 716 663
f 716 712 736
f 1202 1060 1099
f 712 663 623
f 878 962 887
f 712 623 670
f 712 670 736
f 775 736 670
f 841 878 887
f 841 887 857
f 670 690 775
f 758 775 690
f 841 857 758
f 758 857 775
f 4138 4142 4205
f 4138 4090 4142
f 4344 4452 4390
f 4390 4452 4461
f 3914 3960 3832
f 4452 4448 4461
f 3727 3572 3487
f 4448 4459 4476
f 3572 3135 3487
f 3487 3135 3146
f 3487 3146 3422
f 4360 4352 4436
f 3135 2931 3146
f 2931 3135 2754
f 2931 2754 2811
f 4195 3831 4049
f 4233 3831 4195
f 3804 3562 3863
f 3562 3472 3863
f 3472 3731 3863
f 2172 2185 2226
f 1896 1730 1855
f 3331 3523 3432
f 1582 1607 1647
f 3368 3286 3518
f 3518 3286 3283
f 3170 2866 2890
f 2866 2460 2890
f 2379 2336 2222
f 2065 1937 1828
f 1612 1543 1615
f 812 787 821
f 789 776 757
f 688 708 769
f 626 657 678
f 1032 1099 1060
f 962 878 1032
f 1060 962 1032
f 841 758 770
f 4138 4205 4125
f 4390 4339 4344
f 4090 3960 3914
f 3832 3798 3727
f 4461 4448 4476
f 4476 4459 4504
f 3572 3184 3135
f 3135 3184 3126
f 4436 4352 4418
f 4360 4233 4352
f 4352 4233 4257
f 4195 4257 4233
f 2525 2660 2754
f 3831 3804 4049
f 4049 3804 3863
f 4195 4049 4059
f 4059 4049 3863
f 2274 2410 2403
f 3921 3863 3731
f 2185 2172 1855
f 3731 3541 3685
f 3541 3432 3726
f 1783 1730 1896
f 3523 3726 3432
f 3523 3364 3559
f 3559 3364 3499
f 3364 3368 3499
f 2559 2890 2460
f 2559 2460 2414
f 2222 2065 2013
f 885 834 842
f 1828 1755 1770
f 787 776 821
f 1480 1462 1537
f 1441 1480 1422
f 757 750 789
f 769 789 688
f 1365 1397 1422
f 708 688 680
f 610 657 626
f 1209 1098 1190
f 1209 1082 1098
f 1209 1099 1082
f 657 588 663
f 663 588 623
f 670 667 690
f 827 841 770
f 878 841 827
f 690 667 718
f 690 718 758
f 718 770 758
f 4125 4079 4138
f 4229 4125 4205
f 4205 4344 4229
f 4344 4339 4229
f 4079 3987 4090
f 4138 4079 4090
f 3987 3960 4090
f 3832 3960 3798
f 4461 4476 4492
f 4504 4459 4583
f 4459 4436 4583
f 3135 3126 2778
f 4436 4418 4561
f 2778 2754 3135
f 2778 2525 2754
f 4257 4330 4352
f 4330 4418 4352
f 2478 2403 2410
f 2478 2410 2479
f 2525 2478 2479
f 4257 4195 4239
f 4195 4059 4186
f 4186 4239 4195
f 2273 2226 2274
f 3863 4186 4059
f 3921 4186 3863
f 3731 3685 3888
f 3921 3731 3888
f 3541 3726 3685
f 1783 1714 1730
f 1714 1647 1730
f 3499 3368 3518
f 3518 3283 3495
f 1582 1458 1485
f 1458 1463 1287
f 1390 1458 1287
f 3166 3170 2890
f 2911 2890 2559
f 2127 2559 2414
f 2127 2379 2222
f 2414 2379 2127
f 986 1007 900
f 2065 1860 2013
f 885 900 834
f 2065 1828 1860
f 834 816 842
f 842 816 810
f 810 767 812
f 812 767 787
f 787 757 776
f 1543 1537 1462
f 1397 1441 1422
f 750 688 789
f 688 643 680
f 1190 1237 1324
f 657 610 569
f 657 561 588
f 569 561 657
f 623 593 670
f 623 588 593
f 670 593 667
f 878 827 1032
f 557 593 588
f 667 593 611
f 611 593 557
f 667 611 718
f 770 718 743
f 4094 4125 4208
f 4125 4229 4208
f 4079 4094 4032
f 4125 4094 4079
f 4229 4339 4327
f 4079 4032 3987
f 4390 4461 4403
f 4403 4461 4423
f 3727 3798 3567
f 4492 4476 4520
f 3572 3439 3184
f 4520 4476 4504
f 4583 4554 4504
f 2778 2674 2525
f 2674 2580 2525
f 2580 2478 2525
f 4257 4239 4330
f 2274 2403 2273
f 3921 3993 4186
f 2172 2177 1855
f 3993 3921 3888
f 1932 1783 1896
f 3559 3499 3574
f 3495 3283 3259
f 3166 3259 3170
f 2780 2911 2559
f 2559 2127 2520
f 1007 933 900
f 1828 1770 1860
f 1755 1700 1770
f 1615 1700 1755
f 1480 1441 1462
f 750 757 683
f 688 750 683
f 1397 1365 1314
f 1365 1324 1314
f 1314 1324 1237
f 626 680 643
f 561 513 588
f 588 513 557
f 718 611 743
f 770 743 756
f 756 827 770
f 4229 4327 4272
f 4229 4272 4208
f 3987 4032 3969
f 3960 3987 3813
f 3798 3960 3813
f 3727 3567 3572
f 4504 4554 4520
f 3184 3439 3126
f 4436 4561 4583
f 2478 2446 2403
f 4359 4418 4330
f 4330 4239 4306
f 4330 4306 4359
f 4239 4186 4306
f 2273 2172 2226
f 4186 4281 4306
f 4186 3993 4281
f 4348 4306 4281
f 4012 3993 3888
f 3685 3726 3888
f 3523 3741 3726
f 3523 3559 3741
f 3559 3574 3741
f 3574 3499 3518
f 1647 1560 1582
f 1458 1582 1560
f 3495 3259 3392
f 3259 3166 3392
f 1458 1560 1463
f 1287 1361 1221
f 2559 2520 2780
f 1221 1262 1142
f 2222 2013 2127
f 900 933 846
f 1770 1901 1860
f 810 774 767
f 1700 1615 1584
f 1541 1615 1543
f 767 757 787
f 683 757 698
f 626 643 610
f 1190 1183 1237
f 569 610 560
f 1190 1098 1183
f 569 504 561
f 1082 947 1098
f 561 504 513
f 513 504 509
f 947 1082 1099
f 813 1099 1032
f 513 536 557
f 827 801 813
f 813 1032 827
f 557 538 554
f 557 536 538
f 554 611 557
f 801 827 756
f 743 611 613
f 756 743 723
f 4208 4215 4094
f 4327 4339 4369
f 4339 4390 4369
f 4390 4403 4369
f 3987 3969 3813
f 3567 3798 3813
f 4423 4461 4473
f 4461 4492 4473
f 3439 3572 3567
f 4548 4492 4520
f 4520 4554 4548
f 4554 4583 4584
f 4561 4592 4583
f 4561 4418 4507
f 4507 4418 4482
f 2580 2557 2478
f 4418 4400 4482
f 4418 4359 4400
f 4359 4306 4348
f 4359 4348 4387
f 4348 4281 4311
f 4348 4311 4357
f 4387 4348 4357
f 1855 2177 1896
f 3993 4207 4281
f 4311 4281 4207
f 4012 4207 3993
f 3852 4012 3888
f 3726 3852 3888
f 3726 3741 3852
f 3741 3966 3852
f 3166 2890 2911
f 2854 2911 2780
f 1221 1361 1262
f 2780 2520 2528
f 2225 2528 2520
f 2013 1860 1901
f 834 900 846
f 834 846 816
f 816 774 810
f 1615 1541 1584
f 767 744 757
f 1543 1462 1541
f 1397 1389 1441
f 1397 1314 1389
f 504 569 530
f 1098 947 1183
f 947 1099 813
f 538 536 490
f 554 613 611
f 538 516 554
f 743 613 654
f 654 723 743
f 4094 4215 4113
f 4215 4208 4272
f 4272 4327 4320
f 4032 4094 4113
f 4554 4584 4548
f 4584 4583 4607
f 4607 4583 4592
f 2580 2646 2557
f 2646 2580 2674
f 2557 2446 2478
f 4359 4387 4400
f 2273 2177 2172
f 4311 4207 4250
f 1714 1783 1766
f 3741 3956 3966
f 3956 3741 3749
f 3741 3574 3749
f 3574 3518 3749
f 3640 3749 3518
f 3640 3518 3495
f 3495 3392 3640
f 3237 3392 3166
f 2911 3117 3166
f 1287 1463 1361
f 2528 2577 2780
f 1142 1262 1140
f 2225 2520 2127
f 1035 933 1007
f 846 933 1035
f 700 757 744
f 698 757 700
f 1462 1441 1389
f 698 676 683
f 683 643 688
f 569 560 530
f 530 496 504
f 813 811 947
f 438 536 513
f 490 536 438
f 762 813 801
f 538 490 516
f 756 723 801
f 554 516 544
f 554 544 613
f 654 613 544
f 723 654 714
f 654 544 543
f 4320 4327 4376
f 4327 4369 4376
f 3969 4032 4113
f 4369 4403 4413
f 4403 4423 4413
f 3439 3567 3420
f 4492 4548 4580
f 3439 3317 3126
f 4580 4548 4584
f 3126 3317 2883
f 3126 2883 2778
f 4607 4592 4605
f 4605 4592 4589
f 2778 2883 2674
f 4561 4507 4592
f 4592 4507 4589
f 2273 2403 2377
f 4400 4387 4417
f 4417 4387 4392
f 4387 4357 4392
f 4311 4250 4309
f 4311 4309 4357
f 4012 4112 4207
f 1932 1766 1783
f 1932 1839 1766
f 4012 3852 3966
f 4112 4012 3966
f 3956 3749 3756
f 1644 1647 1714
f 1647 1644 1560
f 2911 2854 3117
f 2577 2854 2780
f 1035 1007 1140
f 1007 1142 1140
f 2127 2013 2141
f 1700 1584 1597
f 774 744 767
f 1541 1462 1479
f 1314 1237 1242
f 643 590 610
f 590 560 610
f 1183 1207 1237
f 947 902 1183
f 431 509 504
f 513 431 438
f 509 431 513
f 413 460 438
f 438 460 490
f 801 723 762
f 490 460 484
f 490 484 516
f 607 714 654
f 714 762 723
f 413 424 460
f 460 424 484
f 516 484 544
f 654 543 607
f 544 484 439
f 578 607 543
f 424 439 484
f 503 544 439
f 543 544 503
f 578 543 503
f 4340 4305 4244
f 4244 4272 4340
f 4244 4215 4272
f 4244 4113 4215
f 4320 4340 4272
f 4340 4320 4376
f 3969 3693 3813
f 3544 3567 3813
f 4473 4492 4499
f 4492 4537 4499
f 4537 4492 4580
f 3420 3317 3439
f 4580 4584 4604
f 4584 4607 4604
f 4607 4605 4604
f 4589 4507 4552
f 4507 4527 4552
f 4507 4482 4527
f 4527 4482 4493
f 4482 4400 4417
f 4392 4357 4346
f 1896 2043 1932
f 4357 4309 4282
f 4250 4207 4192
f 4250 4192 4309
f 4112 4192 4207
f 4188 4222 4192
f 4188 4192 4112
f 1932 1884 1839
f 4072 4112 3966
f 3966 3956 4072
f 1644 1714 1766
f 3756 3749 3640
f 1604 1463 1560
f 3392 3237 3549
f 3166 3117 3237
f 2854 2838 3117
f 2838 2854 2577
f 1894 2013 1901
f 1770 1746 1901
f 1894 1901 1746
f 1700 1746 1770
f 1700 1597 1746
f 774 761 744
f 1541 1597 1584
f 700 679 698
f 679 676 698
f 1389 1368 1479
f 1479 1462 1389
f 644 641 683
f 1314 1327 1389
f 641 643 683
f 1207 1183 1125
f 530 517 496
f 902 1125 1183
f 947 811 902
f 504 432 431
f 813 762 811
f 392 413 438
f 413 392 366
f 413 366 424
f 366 371 424
f 371 372 424
f 439 424 403
f 424 372 403
f 439 514 503
f 403 514 439
f 514 559 578
f 514 578 503
f 514 403 476
f 4244 4305 4242
f 4244 4242 4183
f 4244 4183 4113
f 4376 4369 4412
f 4369 4413 4412
f 4183 3969 4113
f 4423 4401 4413
f 3813 3693 3544
f 4445 4423 4473
f 4445 4473 4499
f 3544 3420 3567
f 4604 4605 4595
f 4605 4589 4595
f 2883 2646 2674
f 2646 2631 2557
f 4482 4417 4475
f 4417 4392 4380
f 4357 4282 4346
f 4309 4192 4282
f 4282 4192 4247
f 4192 4222 4247
f 4188 4112 4072
f 3640 3549 3808
f 3392 3549 3640
f 1463 1604 1498
f 1498 1361 1463
f 2577 2673 2838
f 2528 2225 2201
f 2225 2127 2141
f 989 846 1035
f 2141 2013 1894
f 846 774 816
f 744 761 700
f 676 644 683
f 1327 1314 1242
f 641 590 643
f 1242 1237 1200
f 1237 1207 1200
f 560 590 548
f 560 548 530
f 1207 1125 1200
f 504 496 446
f 446 432 504
f 432 409 431
f 392 438 409
f 438 431 409
f 409 370 392
f 392 370 342
f 392 342 366
f 714 607 647
f 371 366 342
f 578 559 607
f 403 445 476
f 4340 4376 4412
f 4412 4413 4426
f 3969 4183 3797
f 3969 3797 3693
f 4423 4445 4401
f 4537 4580 4573
f 3202 2891 3317
f 4573 4580 4604
f 4573 4604 4595
f 3317 2891 2883
f 4595 4589 4550
f 2883 2891 2646
f 4552 4550 4589
f 4552 4527 4511
f 4550 4552 4511
f 2631 2554 2557
f 2557 2554 2446
f 4493 4482 4475
f 2273 2377 2294
f 2273 2294 2177
f 4342 4380 4346
f 4346 4380 4392
f 1896 2177 2043
f 4346 4282 4342
f 1932 2043 1961
f 1932 1961 1884
f 4222 4188 4213
f 4222 4213 4247
f 4188 4168 4213
f 4188 4072 4133
f 4133 4168 4188
f 4072 3956 3957
f 3956 3756 3957
f 3756 3640 3808
f 3957 3756 3808
f 1644 1639 1560
f 1604 1560 1639
f 3501 3549 3237
f 3237 3117 3172
f 1361 1498 1371
f 1185 1262 1371
f 1361 1371 1262
f 1140 1262 1185
f 2528 2201 2577
f 2225 2141 2107
f 989 1035 1140
f 1918 1894 1746
f 846 796 774
f 660 700 706
f 706 700 761
f 1541 1460 1597
f 1479 1460 1541
f 1479 1421 1460
f 1389 1327 1320
f 641 644 617
f 641 617 590
f 902 982 1125
f 811 835 902
f 778 835 811
f 409 341 370
f 370 341 342
f 762 691 811
f 714 691 762
f 691 714 647
f 300 371 342
f 371 300 353
f 372 371 353
f 607 652 647
f 372 353 365
f 372 365 403
f 607 559 601
f 403 365 404
f 403 404 445
f 476 547 514
f 514 547 559
f 4242 4288 4183
f 4305 4336 4242
f 4242 4336 4288
f 4426 4413 4398
f 4413 4401 4398
f 3693 3605 3544
f 4573 4457 4537
f 4573 4595 4553
f 4595 4550 4553
f 2891 2744 2646
f 4497 4553 4550
f 4550 4511 4497
f 4527 4493 4511
f 2446 2377 2403
f 4417 4380 4429
f 4342 4282 4302
f 4302 4282 4247
f 4247 4213 4225
f 4168 4133 4167
f 4213 4168 4167
f 4133 4072 3957
f 4133 3957 4074
f 3501 3808 3549
f 3172 3117 2838
f 2838 2673 3077
f 2577 2476 2673
f 2201 2476 2577
f 1185 989 1140
f 2107 2141 1918
f 2141 1894 1918
f 774 768 761
f 1609 1746 1597
f 660 679 700
f 1479 1387 1421
f 644 676 627
f 676 679 627
f 1320 1368 1389
f 1327 1242 1252
f 617 549 590
f 590 549 548
f 548 517 530
f 982 902 864
f 902 835 864
f 778 811 738
f 647 652 691
f 607 601 628
f 607 628 652
f 365 379 404
f 445 404 454
f 476 445 547
f 4340 4432 4305
f 4305 4432 4336
f 4340 4412 4432
f 4183 4028 3797
f 3605 3420 3544
f 3317 3420 3202
f 4499 4537 4445
f 4445 4537 4457
f 4456 4457 4573
f 4573 4553 4456
f 4456 4553 4497
f 2744 2631 2646
f 4511 4493 4465
f 4465 4493 4475
f 2554 2377 2446
f 4302 4247 4265
f 1884 1881 1839
f 4213 4167 4225
f 4133 4147 4167
f 1644 1766 1778
f 4147 4133 4074
f 3957 3808 4074
f 3704 3808 3501
f 3501 3237 3537
f 3237 3172 3537
f 2107 2201 2225
f 846 989 796
f 774 796 768
f 1597 1530 1609
f 1597 1460 1530
f 1479 1368 1387
f 1252 1320 1327
f 549 617 564
f 1200 1188 1242
f 1200 1131 1188
f 1200 1114 1131
f 1200 1125 1114
f 342 341 309
f 309 300 342
f 738 811 691
f 691 652 671
f 365 353 311
f 559 547 601
f 4424 4408 4288
f 4288 4224 4183
f 4288 4336 4424
f 4424 4336 4432
f 4183 4224 4028
f 4432 4412 4494
f 4412 4426 4494
f 4494 4426 4500
f 3797 4028 3786
f 4426 4398 4500
f 3693 3797 3786
f 3605 3693 3623
f 4401 4445 4356
f 4457 4456 4445
f 3202 3154 2891
f 2891 3154 2910
f 2910 2744 2891
f 2744 2655 2631
f 4497 4511 4465
f 4429 4475 4417
f 4429 4380 4407
f 4247 4225 4265
f 1839 1851 1766
f 4225 4167 4166
f 4137 4147 4074
f 1644 1778 1639
f 3704 3501 3537
f 3172 2995 3454
f 3172 3454 3537
f 3172 3077 2995
f 3077 3172 2838
f 1371 1498 1420
f 2995 3077 2673
f 1185 1371 1420
f 2027 2107 1919
f 2107 1918 1919
f 1746 1691 1918
f 685 761 768
f 761 685 706
f 660 627 679
f 1368 1320 1387
f 1242 1188 1252
f 510 517 548
f 510 481 517
f 517 481 496
f 446 416 432
f 835 778 804
f 394 341 409
f 341 294 309
f 309 292 300
f 311 353 300
f 365 311 343
f 379 365 343
f 628 655 652
f 652 655 671
f 445 546 547
f 454 546 445
f 547 546 579
f 601 547 579
f 4347 4224 4288
f 4430 4500 4398
f 4398 4401 4377
f 3420 3605 3476
f 4401 4356 4377
f 3420 3476 3202
f 4445 4456 4356
f 4456 4497 4428
f 4465 4428 4497
f 4465 4475 4468
f 2554 2465 2377
f 4475 4429 4468
f 4407 4380 4386
f 2043 2177 2073
f 4342 4386 4380
f 2073 1961 2043
f 4225 4252 4265
f 1884 1961 1881
f 1839 1881 1851
f 1778 1766 1851
f 4166 4167 4147
f 4137 4166 4147
f 4016 4074 3808
f 4137 4074 4016
f 4016 3808 3849
f 3849 3808 3704
f 1420 1250 1185
f 1746 1609 1691
f 796 773 768
f 706 685 660
f 1460 1410 1530
f 1460 1421 1387
f 627 606 644
f 606 617 644
f 1252 1247 1320
f 1188 1211 1252
f 982 1114 1125
f 446 496 481
f 954 982 861
f 446 481 450
f 982 864 861
f 409 416 394
f 432 416 409
f 835 804 864
f 804 778 777
f 341 394 294
f 309 294 292
f 738 691 684
f 300 299 311
f 404 379 430
f 404 430 454
f 601 579 618
f 628 601 618
f 454 430 475
f 546 454 475
f 579 546 587
f 546 475 587
f 618 579 587
f 4288 4408 4347
f 4512 4424 4432
f 4432 4494 4512
f 4028 4224 4099
f 3693 3786 3623
f 3605 3623 3476
f 4398 4377 4367
f 4356 4456 4374
f 4374 4456 4428
f 4428 4465 4382
f 4404 4382 4465
f 4465 4468 4451
f 2377 2364 2294
f 2177 2294 2243
f 4342 4302 4386
f 4225 4166 4252
f 1639 1778 1682
f 4046 4137 4016
f 2673 2640 2995
f 2208 2476 2201
f 2201 2107 2208
f 1250 989 1185
f 1919 1918 1691
f 699 768 773
f 768 699 685
f 1387 1410 1460
f 617 606 564
f 545 549 564
f 1102 1211 1188
f 549 524 548
f 548 524 510
f 954 1114 982
f 861 864 804
f 777 778 751
f 778 738 751
f 738 684 730
f 379 344 430
f 628 618 632
f 628 632 655
f 618 587 619
f 632 618 619
f 4512 4477 4424
f 4424 4477 4408
f 4512 4494 4535
f 4535 4494 4500
f 4028 3769 3786
f 3769 4028 4099
f 3202 3476 3154
f 4374 4428 4383
f 3154 3089 2910
f 4383 4428 4384
f 4384 4428 4382
f 2877 2744 2910
f 2655 2744 2877
f 2655 2669 2554
f 2631 2655 2554
f 4465 4451 4404
f 4451 4468 4411
f 2465 2364 2377
f 4468 4429 4411
f 2364 2243 2294
f 2243 2073 2177
f 4302 4295 4386
f 4302 4265 4295
f 1961 2073 1881
f 4252 4166 4187
f 4137 4065 4126
f 4166 4137 4126
f 4137 4046 4065
f 3849 3739 4016
f 3739 3849 3704
f 3537 3454 3739
f 3739 3704 3537
f 1604 1478 1498
f 3454 2995 2900
f 2640 2900 2995
f 2673 2476 2640
f 989 1250 958
f 863 989 958
f 796 989 863
f 796 863 773
f 1691 1609 1530
f 609 606 627
f 1330 1370 1387
f 1370 1410 1387
f 1320 1247 1387
f 564 558 545
f 564 606 558
f 1252 1211 1247
f 545 524 549
f 1188 1131 1102
f 1131 1114 1055
f 524 487 510
f 481 510 450
f 450 416 446
f 292 294 279
f 279 265 292
f 691 671 684
f 292 265 300
f 343 313 379
f 343 311 313
f 671 655 665
f 367 430 344
f 430 367 475
f 587 475 529
f 587 529 619
f 4516 4472 4533
f 4533 4472 4477
f 4472 4347 4408
f 4477 4472 4408
f 4512 4616 4477
f 4616 4533 4477
f 4512 4535 4616
f 4535 4500 4515
f 4515 4500 4430
f 3623 3786 3571
f 4430 4398 4367
f 3623 3571 3476
f 4356 4349 4377
f 4374 4383 4391
f 4384 4297 4383
f 3089 2877 2910
f 4384 4382 4297
f 4404 4451 4370
f 4370 4451 4411
f 4411 4429 4396
f 4429 4407 4396
f 4407 4386 4396
f 4396 4386 4375
f 4295 4375 4386
f 4295 4265 4252
f 1851 1803 1778
f 4126 4187 4166
f 1639 1682 1604
f 4016 3739 3995
f 3995 4046 4016
f 1498 1478 1420
f 2208 2389 2476
f 2640 2476 2389
f 2027 1919 1762
f 1919 1691 1692
f 863 788 773
f 1691 1530 1692
f 685 630 660
f 660 630 627
f 606 609 558
f 1330 1387 1247
f 952 1055 1114
f 1114 954 952
f 416 380 394
f 861 804 793
f 777 793 804
f 294 394 355
f 751 738 730
f 294 289 279
f 311 299 275
f 311 275 313
f 665 655 675
f 675 655 632
f 4440 4472 4516
f 4362 4347 4440
f 4472 4440 4347
f 4533 4616 4602
f 4224 4198 4099
f 4535 4515 4599
f 4535 4599 4616
f 4377 4349 4367
f 3154 3476 3378
f 4356 4374 4349
f 4297 4382 4292
f 2554 2669 2483
f 2483 2465 2554
f 4252 4187 4227
f 2073 1933 1881
f 4046 4024 4065
f 4024 4046 3995
f 2640 2760 2900
f 2640 2389 2760
f 2208 2027 2095
f 1250 1310 1177
f 2027 2208 2107
f 1762 1919 1692
f 788 699 773
f 699 630 685
f 630 609 627
f 609 568 558
f 1247 1243 1330
f 1102 1131 1055
f 524 505 487
f 510 487 450
f 954 861 952
f 394 380 355
f 793 777 780
f 289 294 355
f 265 299 300
f 684 671 666
f 344 379 313
f 632 619 645
f 645 675 632
f 4533 4549 4516
f 4591 4549 4533
f 4591 4533 4602
f 4224 4347 4198
f 4198 4347 4362
f 4599 4600 4662
f 4599 4662 4616
f 4599 4510 4600
f 4599 4515 4510
f 4515 4437 4510
f 4515 4430 4437
f 3769 3571 3786
f 4430 4367 4437
f 3571 3378 3476
f 4349 4374 4391
f 3378 3204 3154
f 3154 3204 3089
f 4391 4383 4385
f 4385 4297 4293
f 4383 4297 4385
f 2877 2669 2655
f 4404 4292 4382
f 4294 4292 4404
f 4370 4411 4371
f 4411 4396 4371
f 4371 4396 4375
f 2205 2073 2243
f 4295 4298 4375
f 4295 4252 4298
f 1881 1933 1851
f 3739 3586 3761
f 3739 3761 3995
f 3053 3586 3454
f 3586 3739 3454
f 3454 2900 3053
f 1420 1478 1250
f 1310 1250 1478
f 2095 1762 1731
f 2095 2027 1762
f 958 1250 1177
f 699 629 630
f 1530 1410 1407
f 1330 1243 1275
f 1119 1243 1247
f 545 522 524
f 524 522 505
f 1119 1211 1102
f 443 505 444
f 487 505 443
f 450 487 443
f 952 861 824
f 861 793 824
f 289 263 279
f 279 263 265
f 671 665 666
f 645 619 651
f 367 400 475
f 4894 4849 4784
f 4894 4784 4808
f 4633 4679 4617
f 4784 4679 4808
f 4894 4808 4922
f 4516 4498 4440
f 4440 4498 4446
f 4516 4549 4498
f 4591 4633 4549
f 4549 4633 4617
f 4679 4633 4668
f 4668 4633 4591
f 4808 4679 4668
f 4922 4808 4868
f 4446 4362 4440
f 4602 4665 4591
f 4665 4668 4591
f 4808 4668 4665
f 4922 4868 4949
f 4665 4602 4686
f 4808 4665 4823
f 4823 4665 4686
f 4868 4808 4823
f 4823 4949 4868
f 4686 4616 4662
f 4602 4616 4686
f 4823 4686 4662
f 4949 4823 4867
f 4662 4600 4647
f 4816 4823 4662
f 4867 4823 4816
f 4662 4647 4816
f 4293 4297 4269
f 4292 4269 4297
f 4404 4370 4294
f 4279 4294 4370
f 4371 4279 4370
f 2465 2483 2390
f 2465 2390 2364
f 2243 2364 2205
f 4375 4298 4371
f 4298 4252 4253
f 2205 2122 2073
f 1933 2073 2122
f 4126 4077 4187
f 4126 4021 4077
f 4065 4024 4021
f 4065 4021 4126
f 1682 1712 1604
f 3995 3761 3873
f 3930 4024 3995
f 3930 3995 3873
f 1604 1625 1478
f 2900 2760 3053
f 2314 2760 2389
f 2208 2095 2238
f 2389 2208 2314
f 1692 1731 1762
f 1530 1539 1692
f 1370 1407 1410
f 630 629 609
f 568 609 629
f 558 522 545
f 1247 1211 1119
f 1055 1054 1102
f 450 414 416
f 414 380 416
f 780 777 766
f 777 751 766
f 276 289 355
f 263 289 276
f 684 693 730
f 684 666 693
f 665 675 702
f 344 313 335
f 344 335 367
f 475 400 529
f 4769 4784 4849
f 4769 4715 4784
f 4715 4617 4679
f 4784 4715 4679
f 4606 4498 4549
f 4617 4606 4549
f 4437 4367 4443
f 4510 4437 4443
f 4510 4443 4505
f 4600 4510 4505
f 4367 4349 4443
f 4443 4349 4422
f 4349 4391 4422
f 4391 4385 4422
f 4422 4385 4397
f 4385 4293 4397
f 4269 4292 4271
f 4294 4271 4292
f 4279 4271 4294
f 2364 2390 2205
f 4371 4298 4289
f 4253 4252 4227
f 4227 4187 4172
f 4187 4077 4089
f 1682 1778 1712
f 1712 1778 1803
f 3586 3053 3221
f 2238 2314 2208
f 1692 1539 1731
f 699 788 682
f 1539 1530 1407
f 1370 1330 1318
f 1330 1275 1318
f 499 505 522
f 1119 1102 1054
f 505 442 444
f 1055 936 1054
f 952 936 1055
f 263 276 267
f 666 665 668
f 668 665 710
f 299 253 275
f 665 702 710
f 274 313 275
f 313 274 335
f 529 400 491
f 619 529 621
f 619 621 651
f 5051 5050 4963
f 5050 5051 5106
f 4963 4910 5051
f 5106 5051 5113
f 4769 4759 4715
f 4769 4872 4759
f 4963 4872 4910
f 4715 4687 4617
f 4849 4872 4769
f 4849 4910 4872
f 4988 5113 4953
f 4953 5113 5051
f 4849 4894 4910
f 4894 4953 4910
f 5051 4910 4953
f 4894 4922 4953
f 4922 4988 4953
f 4988 4922 5053
f 4333 4362 4446
f 4922 4949 5053
f 4333 4198 4362
f 4647 4600 4565
f 4565 4650 4647
f 4650 4816 4647
f 3834 3571 3769
f 4600 4505 4565
f 3204 3378 3270
f 3204 3270 3089
f 4293 4269 4287
f 4287 4397 4293
f 4269 4271 4287
f 2877 2807 2669
f 4271 4279 4249
f 2669 2499 2483
f 4289 4249 4279
f 4289 4279 4371
f 4289 4298 4253
f 2122 2051 1933
f 4089 4172 4187
f 4024 3967 4021
f 1604 1712 1625
f 3586 3372 3761
f 2888 3221 3053
f 1550 1478 1625
f 2314 2457 2760
f 3053 2760 2888
f 2238 2350 2314
f 1310 1256 1177
f 1912 2095 1731
f 863 958 917
f 917 788 863
f 1370 1318 1407
f 568 521 558
f 522 498 499
f 442 499 452
f 499 442 505
f 443 415 450
f 415 414 450
f 824 793 802
f 802 793 780
f 380 338 355
f 766 751 740
f 740 751 730
f 267 249 263
f 263 214 265
f 253 299 265
f 668 710 701
f 702 675 719
f 675 645 719
f 529 491 556
f 529 556 621
f 5050 4913 4963
f 5106 5113 5127
f 4687 4715 4759
f 4913 4759 4872
f 4963 4913 4872
f 5113 4988 5131
f 5113 5131 5127
f 4606 4658 4446
f 4687 4606 4617
f 5131 5181 5127
f 4446 4498 4606
f 5131 4988 5053
f 5053 4949 5037
f 5037 5197 5053
f 4949 4867 5037
f 4198 4088 4099
f 4099 4088 3769
f 4867 4816 4908
f 4816 4650 4792
f 4443 4506 4505
f 3270 3378 3450
f 4443 4422 4402
f 4402 4506 4443
f 4422 4397 4402
f 3270 2877 3089
f 4397 4287 4402
f 4287 4271 4274
f 2663 2669 2807
f 4289 4253 4261
f 4227 4172 4169
f 1851 1933 1803
f 3967 4024 3930
f 3586 3221 3372
f 2314 2350 2457
f 2888 2760 2457
f 1478 1496 1310
f 1177 917 958
f 699 682 629
f 629 565 568
f 522 558 521
f 1243 1119 1123
f 936 952 833
f 422 443 444
f 824 833 952
f 338 380 391
f 380 414 391
f 276 355 317
f 317 267 276
f 693 740 730
f 216 263 249
f 216 214 263
f 265 218 253
f 265 214 218
f 259 275 253
f 701 710 729
f 259 274 275
f 729 710 702
f 729 702 742
f 274 282 335
f 742 702 719
f 719 645 651
f 367 465 400
f 4913 5050 4996
f 5050 5106 5088
f 5106 5137 5088
f 4829 4759 4913
f 5106 5127 5137
f 5137 5127 5215
f 5215 5127 5181
f 4606 4687 4658
f 5131 5217 5181
f 5181 5217 5221
f 5197 5217 5131
f 5053 5197 5131
f 4198 4333 4088
f 3834 3769 4088
f 4867 5107 5037
f 5107 4867 4908
f 4816 4792 4908
f 4650 4565 4629
f 3450 3361 3270
f 4588 4505 4506
f 4488 4506 4402
f 4287 4322 4402
f 4274 4322 4287
f 4322 4274 4323
f 4274 4271 4249
f 2669 2663 2499
f 4261 4249 4289
f 4261 4253 4217
f 4217 4253 4203
f 2205 2220 2122
f 4227 4203 4253
f 4172 4089 4169
f 1933 1948 1803
f 1794 1712 1803
f 3822 3873 3761
f 2888 2824 3221
f 1478 1550 1496
f 1177 1256 1009
f 955 1177 1009
f 1731 1539 1655
f 1533 1539 1407
f 917 682 788
f 568 565 521
f 1275 1248 1318
f 1275 1243 1123
f 499 498 452
f 936 934 1054
f 442 422 444
f 422 415 443
f 415 391 414
f 780 766 753
f 753 766 740
f 285 267 317
f 666 668 661
f 661 668 687
f 729 687 701
f 687 668 701
f 253 218 259
f 282 274 259
f 729 742 745
f 335 386 367
f 435 367 386
f 367 435 465
f 400 465 491
f 646 651 621
f 4913 4895 4829
f 4913 4996 4895
f 5050 5048 4996
f 5050 5088 5048
f 4829 4832 4687
f 5088 5137 5120
f 4829 4687 4759
f 5137 5215 5206
f 5221 5215 5181
f 4613 4446 4658
f 5217 5271 5221
f 5037 5107 5197
f 3378 3571 3691
f 3691 3450 3378
f 3618 3450 3691
f 4881 4792 4650
f 4505 4629 4565
f 4588 4629 4505
f 4402 4467 4488
f 4322 4467 4402
f 2390 2483 2499
f 4249 4261 4255
f 4255 4261 4217
f 2390 2346 2205
f 4227 4169 4203
f 3967 4077 4021
f 3372 3221 3062
f 3822 3761 3372
f 2888 2457 2824
f 2250 2350 2238
f 1496 1256 1310
f 1912 1903 2095
f 1903 2238 2095
f 1199 1256 1496
f 1256 1199 1009
f 917 1177 955
f 1655 1539 1533
f 629 682 565
f 1407 1318 1403
f 522 521 498
f 1053 1123 1119
f 449 452 498
f 1054 1053 1119
f 452 411 442
f 833 824 802
f 780 753 802
f 338 317 355
f 285 238 267
f 693 681 740
f 267 185 249
f 249 185 216
f 681 693 666
f 719 737 742
f 719 646 715
f 651 646 719
f 715 737 719
f 556 491 581
f 621 556 581
f 581 646 621
f 4687 4832 4702
f 5120 5137 5206
f 4702 4658 4687
f 5280 5215 5221
f 4613 4333 4446
f 5221 5271 5280
f 5271 5217 5268
f 4219 4088 4333
f 5197 5268 5217
f 5234 5268 5197
f 5107 5234 5197
f 3834 3691 3571
f 4908 5001 5107
f 4908 4792 4881
f 4881 5001 4908
f 4629 4881 4650
f 4700 4588 4506
f 4488 4700 4506
f 3270 3271 2877
f 4488 4467 4648
f 2766 2807 2877
f 4467 4322 4483
f 4483 4322 4323
f 4274 4249 4255
f 3967 3930 3889
f 3822 3372 3714
f 3822 3930 3873
f 3372 3062 3210
f 2409 2516 2457
f 2824 2457 2516
f 2457 2350 2409
f 2238 1903 2150
f 1903 1731 1660
f 1912 1731 1903
f 1660 1731 1655
f 1533 1407 1403
f 1318 1347 1403
f 1275 1123 1248
f 936 833 934
f 411 412 442
f 422 442 412
f 802 753 760
f 760 753 741
f 338 298 317
f 740 681 753
f 267 238 185
f 681 666 664
f 664 666 661
f 214 216 188
f 188 190 214
f 218 214 190
f 661 687 694
f 218 222 259
f 729 694 687
f 729 745 694
f 282 259 222
f 694 745 732
f 732 745 737
f 745 742 737
f 491 465 581
f 4829 4895 4832
f 5048 5088 5120
f 5122 5048 5120
f 4658 4702 4613
f 4613 4453 4333
f 5280 5271 5292
f 5271 5268 5292
f 4088 4219 3834
f 5268 5300 5292
f 5268 5234 5272
f 5300 5268 5272
f 3618 3361 3450
f 4787 4881 4629
f 4588 4673 4629
f 4488 4648 4700
f 4648 4467 4596
f 4467 4483 4596
f 2663 2807 2766
f 4323 4274 4284
f 4323 4284 4329
f 4483 4323 4329
f 4274 4255 4284
f 4255 4217 4234
f 2263 2205 2346
f 2263 2220 2205
f 3967 3991 4077
f 1803 1777 1794
f 1712 1794 1696
f 3930 3822 3889
f 3372 3210 3714
f 2516 3062 2824
f 3221 2824 3062
f 1427 1199 1496
f 1655 1533 1660
f 682 955 731
f 682 917 955
f 577 565 682
f 1347 1318 1248
f 498 521 458
f 498 458 449
f 934 931 1053
f 1053 1054 934
f 412 388 422
f 388 415 422
f 336 415 320
f 391 415 336
f 221 238 285
f 753 681 709
f 185 238 189
f 661 694 669
f 218 190 222
f 230 282 222
f 694 732 686
f 335 282 303
f 303 386 335
f 720 737 715
f 715 646 602
f 581 465 494
f 602 581 494
f 646 581 602
f 4996 5048 4979
f 4996 4979 4905
f 4905 4832 4895
f 4996 4905 4895
f 5122 5120 5206
f 5244 5206 5215
f 5215 5280 5244
f 5283 5244 5280
f 5283 5280 5292
f 3834 4219 4078
f 3834 4078 3851
f 3691 3834 3851
f 5001 5223 5107
f 4881 4968 5001
f 4673 4787 4629
f 3270 3361 3271
f 4588 4700 4673
f 2877 3271 2970
f 2970 2766 2877
f 4284 4255 4234
f 4217 4203 4189
f 4169 4163 4203
f 4089 4163 4169
f 1933 2051 1948
f 1803 1948 1777
f 3889 3912 3967
f 3822 3714 3854
f 3854 3889 3822
f 1696 1625 1712
f 2461 2516 2409
f 2516 2461 3062
f 2034 2150 1903
f 1427 1338 1199
f 1088 1009 1199
f 914 1009 1088
f 1009 731 955
f 682 731 577
f 565 537 521
f 389 449 458
f 449 411 452
f 833 818 934
f 415 388 320
f 802 760 783
f 285 317 266
f 285 266 221
f 238 221 189
f 185 171 188
f 185 188 216
f 669 694 686
f 703 686 732
f 720 703 732
f 737 720 732
f 715 625 720
f 625 715 602
f 602 494 527
f 4905 4979 4950
f 4979 5048 5021
f 5021 5048 5122
f 5206 5203 5122
f 4702 4571 4613
f 5283 5292 5307
f 5292 5300 5307
f 5272 5278 5300
f 5272 5234 5223
f 5107 5223 5234
f 5223 5001 4968
f 4787 4940 4881
f 3361 3462 3271
f 4673 4700 4787
f 4801 4700 4717
f 4717 4700 4648
f 4483 4329 4495
f 4329 4284 4316
f 4316 4284 4268
f 4284 4234 4268
f 4234 4217 4189
f 4189 4203 4163
f 2220 2263 2122
f 2122 2263 2051
f 4089 3991 4163
f 4077 3991 4089
f 3967 3912 3991
f 3854 3912 3889
f 3714 3687 3854
f 3062 2461 2391
f 3714 3210 3687
f 1577 1550 1625
f 2409 2350 2250
f 2238 2150 2250
f 1547 1496 1550
f 1496 1547 1427
f 1088 1199 1058
f 1903 1660 1596
f 1009 914 640
f 1533 1467 1660
f 1009 640 731
f 1533 1403 1467
f 389 411 449
f 364 393 411
f 411 393 412
f 393 388 412
f 833 802 783
f 336 338 391
f 317 298 266
f 741 753 709
f 709 681 637
f 664 661 669
f 245 282 230
f 282 245 303
f 368 386 303
f 435 386 368
f 527 625 602
f 465 435 494
f 4905 4950 4836
f 4836 4832 4905
f 5122 5080 5021
f 5080 5122 5203
f 5203 5206 5244
f 4571 4453 4613
f 5244 5283 5267
f 5307 5300 5298
f 3851 4078 4008
f 5223 5278 5272
f 3618 3462 3361
f 4968 4881 4940
f 4787 4801 4940
f 4801 4787 4700
f 4717 4648 4596
f 4724 4483 4495
f 2663 2766 2521
f 2521 2499 2663
f 4329 4316 4487
f 2499 2521 2390
f 2521 2346 2390
f 4234 4189 4200
f 2051 2263 2074
f 1777 1948 1864
f 1777 1595 1794
f 1794 1595 1696
f 3210 3062 3142
f 3687 3210 3503
f 1577 1625 1696
f 1547 1550 1577
f 565 577 537
f 940 1053 931
f 389 364 411
f 350 393 364
f 818 833 783
f 338 336 293
f 293 298 338
f 662 741 709
f 266 198 221
f 221 198 175
f 681 664 658
f 175 189 221
f 171 166 188
f 166 190 188
f 222 190 173
f 230 222 186
f 686 703 674
f 674 703 624
f 703 720 624
f 245 368 303
f 625 624 720
f 563 625 527
f 527 494 435
f 4836 4950 4948
f 4950 4979 4948
f 4636 4702 4832
f 4571 4702 4636
f 5228 5203 5244
f 5228 5244 5267
f 4333 4453 4393
f 5307 5267 5283
f 4333 4393 4219
f 5300 5278 5298
f 3691 3851 3812
f 3812 3618 3691
f 5223 4968 5186
f 3322 2970 3271
f 4717 4596 4761
f 4761 4596 4724
f 4596 4483 4724
f 4329 4487 4495
f 4234 4214 4268
f 3991 3912 3916
f 3875 3916 3912
f 3210 3142 3503
f 3875 3854 3681
f 3912 3854 3875
f 1595 1577 1696
f 1199 1338 1058
f 1005 914 1088
f 1596 1660 1467
f 1005 640 914
f 1403 1347 1322
f 731 640 577
f 1347 1248 1322
f 458 521 461
f 931 862 940
f 934 862 931
f 393 320 388
f 760 741 739
f 637 681 658
f 658 664 669
f 189 150 185
f 185 150 171
f 166 173 190
f 186 222 173
f 669 686 674
f 245 326 368
f 368 326 405
f 405 435 368
f 435 405 527
f 405 456 527
f 456 512 527
f 563 527 512
f 4836 4948 4876
f 4979 5021 4948
f 5080 5140 5110
f 5203 5140 5080
f 5203 5228 5140
f 4393 4453 4571
f 4145 4219 4393
f 4219 4145 4078
f 5278 5223 5213
f 3618 3606 3462
f 4801 5058 4940
f 4801 4717 4761
f 4495 4487 4546
f 4234 4200 4214
f 2485 2263 2346
f 4189 4163 4149
f 2216 2074 2263
f 3991 3971 4163
f 2074 1948 2051
f 3681 3836 3875
f 3681 3854 3687
f 3687 3503 3681
f 3142 3062 2610
f 2239 2461 2409
f 2239 2409 2250
f 2119 2250 2150
f 1775 1903 1596
f 1467 1403 1322
f 577 640 583
f 461 521 537
f 389 458 398
f 783 760 764
f 293 252 298
f 709 637 662
f 298 251 266
f 251 198 266
f 186 203 230
f 648 674 624
f 5080 5022 5021
f 5110 5022 5080
f 4636 4836 4651
f 4836 4636 4832
f 4571 4636 4567
f 5152 5140 5228
f 4567 4393 4571
f 5267 5307 5277
f 5307 5298 5277
f 4145 4008 4078
f 3618 3812 3730
f 5213 5236 5278
f 3618 3730 3606
f 4968 4940 5186
f 3271 3462 3322
f 5163 4940 5058
f 4801 4761 4884
f 4678 4724 4495
f 4487 4316 4363
f 4363 4316 4268
f 4238 4268 4214
f 2521 2485 2346
f 4200 4189 4190
f 3503 3142 3261
f 2610 2391 2466
f 3062 2391 2610
f 2239 2304 2461
f 2461 2304 2391
f 2119 2239 2250
f 2034 2119 2150
f 1903 1966 2034
f 1446 1427 1547
f 1775 1966 1903
f 1775 1596 1638
f 1058 1005 1088
f 1596 1467 1548
f 1123 1021 1248
f 461 399 458
f 398 458 399
f 332 350 364
f 818 862 934
f 297 320 393
f 764 760 739
f 270 320 297
f 336 320 293
f 741 662 739
f 298 252 251
f 175 150 189
f 669 674 648
f 230 203 245
f 245 239 283
f 245 283 326
f 625 563 586
f 624 625 586
f 326 373 405
f 5021 5022 4948
f 4651 4836 4876
f 4470 4393 4567
f 4393 4470 4145
f 5228 5267 5248
f 5267 5277 5248
f 4008 3812 3851
f 5298 5278 5259
f 5278 5236 5259
f 3730 3665 3606
f 5198 5236 5213
f 5213 5223 5186
f 5186 4940 5163
f 5058 4801 4884
f 4884 4761 4724
f 4884 4724 4929
f 4724 4678 4929
f 2766 2970 2765
f 4495 4546 4678
f 2766 2765 2521
f 4487 4478 4546
f 4238 4363 4268
f 4214 4200 4190
f 4189 4149 4190
f 2263 2485 2216
f 4149 4163 4050
f 4050 4163 3971
f 3991 3928 3971
f 1948 2074 1864
f 3928 3991 3916
f 3836 3916 3875
f 3836 3681 3718
f 3503 3261 3681
f 2466 2391 2304
f 1595 1547 1577
f 1595 1446 1547
f 1596 1548 1638
f 1248 1068 1322
f 434 461 537
f 434 399 461
f 1123 1053 1021
f 940 928 1053
f 350 297 393
f 270 293 320
f 251 159 198
f 198 159 163
f 198 163 175
f 171 146 166
f 153 166 146
f 166 153 173
f 186 173 183
f 183 203 186
f 650 669 648
f 245 203 239
f 624 589 648
f 624 586 589
f 326 283 373
f 4948 4947 4876
f 4948 5022 4947
f 5199 5152 5228
f 5228 5248 5199
f 4008 4006 3812
f 5259 5236 5247
f 5198 5233 5236
f 5236 5233 5247
f 5213 5186 5198
f 3665 3462 3606
f 3462 3393 3322
f 5163 5058 5138
f 5084 5138 5058
f 4884 5084 5058
f 2521 2765 2645
f 4478 4487 4363
f 2076 2074 2216
f 3916 3877 3928
f 3916 3836 3877
f 3718 3588 3836
f 3142 2610 2666
f 3142 2666 3261
f 3718 3681 3261
f 1777 1754 1595
f 2034 2028 2119
f 1548 1545 1638
f 640 1005 583
f 1313 1548 1467
f 1467 1322 1313
f 577 583 478
f 537 577 434
f 1053 928 1021
f 389 332 364
f 862 818 785
f 332 297 350
f 783 764 763
f 270 297 271
f 764 739 726
f 252 270 236
f 270 252 293
f 225 251 252
f 658 612 637
f 251 225 159
f 163 150 175
f 171 150 146
f 658 669 622
f 669 650 622
f 153 183 173
f 648 584 650
f 648 589 584
f 453 586 563
f 373 283 347
f 423 453 512
f 563 512 453
f 405 373 347
f 512 456 423
f 4876 4947 4861
f 4876 4861 4651
f 5123 5110 5140
f 4145 4140 4008
f 5277 5298 5269
f 5259 5269 5298
f 5186 5163 5198
f 5198 5163 5138
f 5084 4884 4929
f 2970 2965 2765
f 4310 4478 4363
f 2521 2586 2485
f 2666 3480 3261
f 3718 3261 3480
f 1777 1864 1754
f 2119 2028 2110
f 2110 2239 2119
f 1427 1446 1338
f 1690 1966 1775
f 1690 1775 1638
f 1005 1058 868
f 1548 1313 1545
f 615 583 1005
f 1322 1286 1313
f 583 615 478
f 1322 1068 1286
f 577 478 434
f 1248 1021 1068
f 398 349 389
f 928 940 862
f 297 332 308
f 271 297 308
f 763 764 726
f 726 739 673
f 662 673 739
f 634 662 637
f 236 225 252
f 622 650 592
f 203 229 239
f 229 258 239
f 239 258 283
f 283 281 347
f 456 405 383
f 405 347 383
f 456 383 423
f 4924 4861 4947
f 4651 4861 4818
f 5071 5022 5110
f 5071 5110 5123
f 4636 4651 4567
f 4008 4140 4006
f 5233 5198 5225
f 5138 5225 5198
f 5138 5142 5190
f 5138 5084 5142
f 5082 5142 5084
f 5084 4929 4962
f 5082 5084 4962
f 4678 4546 4641
f 4546 4478 4641
f 2521 2645 2586
f 4214 4191 4238
f 4190 4191 4214
f 3774 3836 3736
f 3877 3836 3774
f 3718 3480 3588
f 3836 3588 3736
f 2466 2666 2610
f 2326 2466 2304
f 2239 2326 2304
f 1446 1595 1512
f 1966 1690 1909
f 1909 2034 1966
f 1362 1338 1446
f 1690 1638 1545
f 1005 868 615
f 399 349 398
f 928 862 860
f 308 332 328
f 785 818 783
f 225 145 159
f 612 658 603
f 159 150 163
f 603 658 622
f 146 141 153
f 156 183 153
f 592 650 584
f 183 196 203
f 203 196 229
f 584 589 552
f 586 471 497
f 552 586 497
f 589 586 552
f 281 283 258
f 586 453 471
f 5022 5007 4947
f 4947 5007 4924
f 5022 5071 5007
f 5140 5152 5123
f 5269 5259 5237
f 3730 3812 3810
f 5237 5259 5241
f 5259 5247 5241
f 5241 5247 5254
f 3665 3393 3462
f 5247 5233 5246
f 5225 5138 5190
f 4929 4914 4962
f 2765 2965 2806
f 4310 4363 4238
f 2586 2541 2485
f 4013 4191 4190
f 2216 2541 2076
f 2541 2216 2485
f 4149 4050 4013
f 4149 4013 4190
f 3877 3871 3928
f 1864 2074 1890
f 3877 3774 3871
f 3774 3736 3588
f 1864 1890 1754
f 2466 2515 2666
f 2028 1909 1995
f 2034 1909 2028
f 1158 1058 1338
f 478 399 434
f 389 349 328
f 389 328 332
f 860 862 785
f 783 763 785
f 271 308 246
f 726 727 763
f 271 246 172
f 726 673 689
f 172 270 271
f 673 662 634
f 172 236 270
f 634 637 612
f 236 151 225
f 150 123 109
f 123 150 159
f 146 150 117
f 120 146 117
f 146 120 141
f 147 153 141
f 603 622 592
f 147 156 153
f 156 196 183
f 281 383 347
f 4924 4818 4861
f 5071 5038 5007
f 4651 4688 4567
f 5123 5152 5156
f 5152 5199 5156
f 5248 5277 5237
f 4140 4097 4006
f 5277 5269 5237
f 3730 3751 3665
f 5247 5246 5254
f 5233 5225 5246
f 3322 3393 3263
f 2970 3322 3263
f 5142 5082 5182
f 5182 5190 5142
f 4678 4641 4914
f 4914 4929 4678
f 2806 2645 2765
f 4310 4338 4478
f 3986 3971 3928
f 3871 3986 3928
f 3774 3588 3699
f 3480 2666 2828
f 2110 2326 2239
f 1754 1512 1595
f 1995 2110 2028
f 1412 1562 1545
f 1545 1313 1412
f 1255 1286 1068
f 375 399 478
f 860 785 814
f 264 308 328
f 308 264 246
f 689 727 726
f 151 145 225
f 159 145 123
f 109 117 150
f 141 120 147
f 603 592 585
f 156 129 196
f 592 584 555
f 196 219 229
f 555 584 552
f 281 258 229
f 5007 4971 4924
f 5038 4971 5007
f 4818 4855 4712
f 4924 4855 4818
f 4567 4688 4640
f 4651 4712 4688
f 4712 4651 4818
f 4470 4567 4640
f 5199 5201 5156
f 5199 5248 5201
f 5201 5248 5218
f 5248 5237 5218
f 3730 3810 3751
f 3751 3393 3665
f 5246 5225 5219
f 5225 5190 5219
f 4962 5005 5082
f 4962 4914 5005
f 2965 2970 3097
f 4641 4478 4574
f 4574 4478 4338
f 2645 2658 2586
f 2645 2806 2658
f 2283 2076 2541
f 4050 3986 4013
f 4050 3971 3986
f 2076 1890 2074
f 3871 3774 3837
f 3837 3774 3699
f 2466 2373 2515
f 2373 2466 2326
f 2252 2326 2110
f 2008 2110 1995
f 1512 1362 1446
f 1909 1690 1764
f 1362 1158 1338
f 1690 1545 1562
f 868 1058 1158
f 1021 1080 1068
f 375 349 399
f 349 248 328
f 328 248 264
f 224 246 264
f 246 224 172
f 224 167 172
f 689 673 634
f 172 137 236
f 137 151 236
f 634 612 594
f 594 612 595
f 612 603 595
f 129 147 120
f 555 585 592
f 129 156 147
f 219 196 129
f 555 552 497
f 229 269 281
f 269 291 281
f 291 302 383
f 441 471 378
f 497 471 441
f 383 281 291
f 423 383 302
f 378 423 302
f 453 423 378
f 471 453 378
f 4924 4966 4855
f 5071 5065 5038
f 5065 5071 5123
f 5116 5065 5123
f 5123 5156 5116
f 4470 4640 4145
f 4140 4258 4097
f 5237 5216 5218
f 4097 4047 4006
f 3810 3812 4006
f 5237 5241 5254
f 3751 3613 3393
f 5219 5190 5182
f 5082 5005 5182
f 3263 3097 2970
f 3871 3837 3986
f 3588 3480 3529
f 3529 3699 3588
f 1754 1890 1796
f 3177 3480 2828
f 2515 2828 2666
f 1754 1796 1512
f 2252 2110 2008
f 1909 1764 1995
f 1690 1562 1764
f 1158 1170 868
f 1339 1562 1412
f 1339 1412 1313
f 615 868 575
f 1286 1255 1313
f 615 575 478
f 349 260 248
f 785 786 814
f 224 142 167
f 172 167 126
f 137 172 126
f 614 634 594
f 151 86 145
f 123 86 95
f 145 86 123
f 101 117 109
f 101 120 117
f 603 585 580
f 428 466 555
f 555 433 428
f 433 497 441
f 555 497 433
f 219 232 229
f 229 232 269
f 433 441 378
f 4971 4966 4924
f 4712 4855 4752
f 4971 5038 4966
f 4688 4712 4752
f 4097 4258 4047
f 4047 3810 4006
f 3859 3751 3810
f 5216 5237 5226
f 5237 5254 5226
f 5254 5246 5222
f 5222 5246 5214
f 5219 5214 5246
f 5219 5141 5143
f 5214 5219 5143
f 5182 5141 5219
f 4914 4907 5005
f 4914 4641 4907
f 4574 4907 4641
f 2658 2806 2732
f 2658 2541 2586
f 3837 3699 3764
f 2828 2515 2514
f 1512 1796 1566
f 1400 1362 1512
f 1313 1255 1339
f 1255 1068 1080
f 1021 928 1028
f 1080 1021 1028
f 928 858 956
f 928 860 858
f 785 763 755
f 224 264 142
f 755 763 725
f 725 763 727
f 727 689 642
f 689 634 642
f 634 614 596
f 111 151 137
f 151 111 86
f 123 95 109
f 595 550 562
f 95 94 109
f 94 101 109
f 580 550 595
f 595 603 580
f 120 101 106
f 106 101 90
f 585 535 580
f 106 129 120
f 555 466 585
f 129 161 219
f 269 232 291
f 4640 4557 4145
f 5116 5156 5149
f 4140 4145 4557
f 5149 5156 5201
f 5201 5218 5149
f 5216 5185 5218
f 5179 5185 5216
f 5226 5179 5216
f 5254 5222 5226
f 5214 5143 5158
f 5222 5214 5158
f 5182 5025 5141
f 5005 5025 5182
f 4904 5005 4907
f 2965 3032 2806
f 4795 4907 4574
f 2552 2541 2658
f 4013 4011 4191
f 3923 4013 3986
f 3986 3837 3872
f 3837 3764 3872
f 2042 1890 2076
f 3529 3764 3699
f 1890 1891 1796
f 3480 3177 3413
f 3413 3529 3480
f 2514 2515 2373
f 2326 2252 2373
f 1843 1995 1764
f 1170 1158 1362
f 575 868 843
f 1261 1339 1255
f 534 478 575
f 478 534 375
f 349 375 315
f 814 786 860
f 786 858 860
f 786 785 779
f 779 785 755
f 184 264 248
f 264 184 142
f 642 725 727
f 142 126 167
f 634 596 642
f 126 111 137
f 86 111 84
f 594 595 553
f 595 562 553
f 86 75 95
f 75 66 95
f 66 94 95
f 94 90 101
f 550 580 535
f 585 502 535
f 129 121 138
f 466 502 585
f 129 138 161
f 161 174 219
f 219 174 232
f 206 262 232
f 302 356 378
f 291 232 262
f 302 291 262
f 4752 4855 4886
f 4855 4966 4886
f 4640 4688 4667
f 4688 4752 4667
f 5100 5042 5065
f 5065 5116 5100
f 5100 5116 5149
f 4258 4140 4557
f 5218 5185 5149
f 5169 5179 5226
f 5175 5169 5226
f 3751 3743 3613
f 5222 5175 5226
f 5175 5222 5158
f 3613 3263 3393
f 5141 5025 5040
f 5005 4904 5025
f 2965 3097 3032
f 4574 4608 4795
f 4232 4296 4338
f 4338 4310 4232
f 4310 4238 4232
f 4191 4232 4238
f 4191 4011 4071
f 2489 2283 2541
f 4011 4013 3923
f 3986 3872 3923
f 2283 2042 2076
f 3074 2828 2558
f 2558 2828 2514
f 3177 2828 3074
f 1796 1678 1566
f 2008 1995 1843
f 1288 1170 1362
f 1339 1764 1562
f 868 1170 843
f 928 956 1028
f 349 315 260
f 260 184 248
f 142 144 116
f 142 116 126
f 57 41 63
f 104 57 110
f 110 57 63
f 116 104 110
f 116 110 126
f 47 41 32
f 63 41 47
f 28 47 32
f 110 111 126
f 84 63 47
f 47 75 84
f 110 63 111
f 111 63 84
f 86 84 75
f 66 75 48
f 66 90 94
f 90 80 106
f 106 89 129
f 138 174 161
f 428 433 395
f 174 206 232
f 356 395 378
f 395 433 378
f 4966 4938 4886
f 5038 4938 4966
f 5038 5065 4938
f 4740 4667 4752
f 4752 4886 4740
f 5042 4957 4938
f 5042 4938 5065
f 5042 5066 5031
f 5066 5042 5100
f 4640 4667 4557
f 5100 5149 5119
f 4010 3810 4047
f 3810 4010 3859
f 3751 3859 3743
f 5040 5143 5141
f 5040 5025 4934
f 5025 4904 4934
f 4883 4904 4907
f 4574 4338 4608
f 2541 2552 2489
f 2231 2042 2283
f 3825 3872 3764
f 3767 3825 3764
f 2042 1983 1891
f 1890 2042 1891
f 3282 3627 3413
f 3627 3529 3413
f 1796 1891 1678
f 1401 1400 1566
f 1400 1512 1566
f 1339 1261 1534
f 575 469 534
f 1080 1261 1255
f 260 201 184
f 142 184 144
f 642 596 672
f 57 61 30
f 57 104 61
f 41 30 32
f 57 30 41
f 566 596 614
f 48 47 28
f 614 594 566
f 566 594 553
f 47 48 75
f 45 66 48
f 553 562 550
f 59 66 45
f 59 90 66
f 59 80 90
f 89 106 80
f 129 89 121
f 128 138 121
f 174 194 206
f 4886 4850 4740
f 4978 4957 5042
f 5042 5031 4978
f 4667 4664 4557
f 5149 5185 5119
f 4258 4010 4047
f 5119 5185 5179
f 5169 5175 5155
f 3743 3628 3613
f 5175 5158 5155
f 5155 5158 5108
f 5158 5143 5108
f 3613 3532 3263
f 5143 5040 5108
f 3263 3273 3097
f 3097 3273 3032
f 4883 4907 4795
f 2806 2870 2732
f 2806 3032 2870
f 4395 4608 4338
f 4296 4395 4338
f 2658 2732 2552
f 4232 4071 4212
f 4191 4071 4232
f 3923 3872 3825
f 3529 3627 3764
f 3627 3767 3764
f 2637 2969 2558
f 2558 2969 3074
f 3282 3413 3074
f 3074 3413 3177
f 2252 2514 2373
f 2252 2382 2514
f 1524 1566 1787
f 1787 1566 1678
f 1566 1524 1401
f 1843 1534 1811
f 1764 1534 1843
f 1400 1288 1362
f 1534 1764 1339
f 1170 1051 843
f 575 721 469
f 375 534 305
f 315 375 286
f 260 315 286
f 779 755 746
f 144 184 201
f 755 725 724
f 725 642 672
f 144 130 116
f 116 130 100
f 61 44 30
f 104 100 61
f 116 100 104
f 30 11 32
f 11 28 32
f 596 566 570
f 28 45 48
f 553 550 523
f 428 463 466
f 463 502 466
f 194 223 206
f 223 262 206
f 287 302 262
f 395 356 287
f 356 302 287
f 4886 4938 4850
f 4850 4778 4740
f 4667 4709 4664
f 4740 4709 4667
f 4557 4479 4258
f 5100 5119 5066
f 5129 5119 5179
f 3794 3859 4010
f 5155 5108 5124
f 3273 3263 3532
f 5040 4969 5108
f 5040 4934 4969
f 4799 4904 4883
f 4883 4795 4799
f 4608 4395 4699
f 4212 4296 4232
f 3972 4011 3923
f 3767 3661 3811
f 3811 3825 3767
f 3661 3767 3627
f 3282 3550 3627
f 1891 1787 1678
f 2558 2514 2382
f 1843 1857 2008
f 1857 1843 1811
f 1051 1170 1288
f 843 721 575
f 1261 1080 1231
f 1080 1028 1078
f 305 286 375
f 286 195 201
f 286 201 260
f 201 158 144
f 746 755 724
f 140 130 144
f 725 672 724
f 100 55 61
f 55 44 61
f 44 10 30
f 10 11 30
f 6 28 11
f 28 27 45
f 566 553 539
f 27 23 45
f 511 523 550
f 45 23 43
f 45 43 59
f 54 59 43
f 550 535 511
f 54 80 59
f 70 80 54
f 70 79 80
f 79 89 80
f 502 463 535
f 121 89 128
f 128 89 99
f 463 428 357
f 194 174 138
f 357 395 331
f 428 395 357
f 287 262 223
f 395 287 331
f 4957 4850 4938
f 4709 4740 4778
f 4557 4664 4627
f 5031 5066 5015
f 3859 3794 3743
f 3613 3628 3532
f 5124 5108 5086
f 5108 4969 5086
f 3273 3203 3032
f 4934 4904 4799
f 4799 4795 4699
f 4795 4608 4699
f 2884 2732 2870
f 2732 2731 2552
f 2445 2489 2552
f 2489 2445 2283
f 3923 3825 3925
f 2033 1983 2042
f 3661 3627 3550
f 2303 2382 2252
f 2252 2087 2303
f 2252 2008 2087
f 407 534 469
f 407 305 534
f 956 858 859
f 807 858 786
f 771 807 786
f 786 779 771
f 771 779 746
f 201 195 158
f 158 140 144
f 50 40 44
f 50 44 55
f 44 40 10
f 596 570 599
f 599 672 596
f 570 566 539
f 28 6 27
f 539 553 523
f 43 23 16
f 43 16 54
f 54 60 70
f 472 535 463
f 128 99 136
f 128 136 138
f 397 463 357
f 194 138 164
f 194 164 223
f 4778 4850 4901
f 4850 4957 4901
f 4957 4978 4901
f 4709 4714 4664
f 4901 4978 4935
f 4714 4627 4664
f 4935 4978 4977
f 5031 5015 4977
f 4978 5031 4977
f 4575 4557 4627
f 4575 4479 4557
f 5119 5097 5066
f 5097 5015 5066
f 4010 4161 4075
f 4161 4010 4258
f 5179 5169 5129
f 5155 5124 5132
f 3437 3273 3532
f 4934 4839 4889
f 4839 4934 4799
f 2546 2445 2552
f 4071 3972 4044
f 4011 3972 4071
f 2283 2280 2231
f 3923 3925 3972
f 3825 3811 3844
f 1891 1983 1787
f 2637 2382 2518
f 2558 2382 2637
f 1524 1787 1687
f 1687 1401 1524
f 1400 1401 1288
f 1645 1811 1534
f 1295 1051 1288
f 957 843 1051
f 1534 1261 1231
f 591 469 721
f 1028 956 877
f 877 1078 1028
f 286 305 220
f 859 858 807
f 286 220 195
f 771 746 733
f 724 733 746
f 100 140 50
f 140 100 130
f 672 631 724
f 50 53 40
f 100 50 55
f 6 4 27
f 27 25 23
f 25 17 23
f 8 23 17
f 16 23 8
f 20 54 16
f 54 20 60
f 511 535 492
f 492 535 472
f 99 89 79
f 138 136 164
f 397 357 348
f 348 357 331
f 4714 4709 4778
f 4479 4161 4258
f 5119 5129 5097
f 5169 5132 5129
f 3794 3768 3743
f 5155 5132 5169
f 3768 3628 3743
f 5086 4969 5049
f 4969 4934 4889
f 2870 3032 2884
f 4296 4240 4395
f 2731 2732 2884
f 4240 4296 4212
f 2283 2445 2280
f 3972 3925 3943
f 3925 3825 3844
f 2033 2042 2231
f 1787 1983 1804
f 3389 3550 3282
f 1786 2087 2008
f 1857 1786 2008
f 1288 1401 1295
f 1744 1811 1645
f 957 721 843
f 1080 1139 1231
f 956 859 877
f 220 187 195
f 195 187 158
f 53 140 133
f 140 53 50
f 672 597 631
f 40 53 39
f 599 597 672
f 10 2 11
f 2 6 11
f 21 27 4
f 21 25 27
f 25 22 17
f 8 17 22
f 16 8 20
f 60 20 46
f 60 46 70
f 79 70 74
f 74 99 79
f 463 382 472
f 463 397 382
f 382 397 348
f 164 193 223
f 223 193 287
f 193 227 287
f 348 331 330
f 331 287 330
f 4805 4714 4778
f 4857 4805 4901
f 4901 4805 4778
f 4627 4714 4663
f 4901 4916 4857
f 4935 4916 4901
f 4935 4977 4916
f 4575 4627 4663
f 4916 4977 5015
f 5015 5097 4980
f 4010 4075 3869
f 4010 3869 3794
f 5132 5124 5126
f 5124 5086 5111
f 5092 5111 5086
f 3437 3532 3628
f 3203 3273 3437
f 3032 3203 3049
f 4799 4699 4756
f 3049 2884 3032
f 4071 4240 4212
f 3943 3925 3844
f 3661 3790 3811
f 3790 3844 3811
f 3389 3282 3074
f 1787 1804 1687
f 2382 2303 2330
f 1616 1401 1687
f 1744 1786 1857
f 1616 1295 1401
f 1857 1811 1744
f 1645 1534 1637
f 1534 1231 1637
f 464 469 591
f 1139 1080 1078
f 464 407 469
f 877 859 807
f 53 133 77
f 158 133 140
f 724 631 733
f 53 52 39
f 77 52 53
f 40 39 14
f 10 14 2
f 40 14 10
f 570 551 597
f 570 597 599
f 570 539 525
f 21 34 25
f 25 34 22
f 523 511 506
f 8 22 19
f 19 20 8
f 70 46 74
f 99 74 97
f 164 136 165
f 164 165 193
f 4916 4880 4857
f 4972 5015 4980
f 5097 5019 4980
f 5097 5129 5109
f 5109 5129 5126
f 5129 5132 5126
f 5124 5111 5126
f 5092 5086 5049
f 5049 4969 4889
f 4699 4395 4521
f 2445 2546 2498
f 2170 2033 2231
f 3790 3661 3747
f 1865 1804 1983
f 3550 3389 3747
f 3747 3661 3550
f 1804 1653 1687
f 2382 2330 2384
f 2087 2330 2303
f 1744 1645 1637
f 721 734 591
f 220 305 240
f 771 752 807
f 187 168 158
f 733 752 771
f 752 733 639
f 133 83 77
f 631 639 733
f 631 597 639
f 39 33 14
f 33 39 52
f 551 570 525
f 2 4 6
f 4 7 21
f 24 21 7
f 24 35 21
f 508 523 506
f 35 34 21
f 35 67 34
f 34 19 22
f 19 34 49
f 506 511 492
f 19 29 20
f 20 29 46
f 46 29 51
f 46 51 97
f 51 88 97
f 97 74 46
f 97 118 99
f 472 382 425
f 99 118 136
f 382 345 425
f 382 348 345
f 304 348 330
f 304 345 348
f 330 287 227
f 4805 4857 4880
f 4880 4786 4805
f 4624 4575 4663
f 4916 4899 4880
f 4916 4918 4899
f 4916 5015 4918
f 4918 5015 4972
f 4479 4517 4405
f 4479 4405 4161
f 5036 5092 5049
f 4834 5049 4889
f 4834 4889 4839
f 4839 4799 4756
f 2884 3049 2928
f 4395 4325 4521
f 4325 4395 4240
f 4071 4044 4240
f 2552 2667 2546
f 2546 2537 2498
f 3972 3943 4044
f 2445 2498 2280
f 2367 2231 2280
f 1983 2033 1865
f 1653 1804 1865
f 3074 3065 3389
f 2382 2384 2518
f 2637 2518 2961
f 2969 2637 2961
f 2969 2961 3065
f 3074 2969 3065
f 1653 1616 1687
f 2087 2056 2330
f 2056 2087 1786
f 1295 1616 1227
f 1094 1051 1295
f 957 1051 1094
f 734 957 1094
f 957 734 721
f 240 305 407
f 799 877 807
f 240 187 220
f 103 133 158
f 103 83 133
f 83 33 52
f 83 52 77
f 14 33 18
f 2 1 4
f 539 523 525
f 7 42 24
f 24 42 35
f 49 34 67
f 506 492 486
f 67 98 49
f 472 486 492
f 19 49 29
f 29 49 98
f 472 425 486
f 51 29 98
f 88 51 98
f 98 118 88
f 88 118 97
f 118 165 136
f 227 255 330
f 255 304 330
f 4714 4659 4663
f 4663 4659 4624
f 4786 4659 4714
f 4805 4786 4714
f 4899 4786 4880
f 4575 4569 4517
f 4575 4624 4569
f 4575 4517 4479
f 5109 5076 5019
f 5109 5019 5097
f 5126 5111 5114
f 5049 4984 5036
f 5049 4834 4984
f 4839 4756 4834
f 4521 4756 4699
f 2928 2731 2884
f 4240 4194 4325
f 2731 2667 2552
f 4044 4194 4240
f 2498 2367 2280
f 3943 3844 3949
f 3790 3747 3841
f 3841 3844 3790
f 3747 3389 3664
f 3389 3335 3664
f 2518 2769 2961
f 1786 1827 2056
f 1227 1616 1417
f 1732 1786 1744
f 1744 1637 1662
f 1231 1139 1637
f 877 904 1078
f 187 240 170
f 168 187 170
f 807 752 799
f 72 33 83
f 639 597 600
f 33 31 18
f 18 15 3
f 14 18 3
f 14 3 2
f 525 523 508
f 12 42 7
f 482 508 506
f 42 67 35
f 440 425 396
f 486 425 440
f 396 425 345
f 193 165 227
f 4817 4744 4786
f 4899 4817 4786
f 5076 5109 5093
f 5093 5109 5126
f 3794 3819 3768
f 3794 3869 3819
f 5126 5114 5093
f 3768 3573 3628
f 5114 5111 5092
f 3573 3437 3628
f 3437 3183 3203
f 3943 3949 4044
f 3949 3844 3841
f 3335 3389 3065
f 3056 3335 3065
f 2276 2330 2056
f 1442 1616 1653
f 1732 1827 1786
f 1744 1662 1732
f 1227 1094 1295
f 1094 1008 734
f 1017 1078 904
f 877 799 904
f 799 752 748
f 158 168 103
f 103 105 83
f 752 635 748
f 635 752 639
f 639 600 635
f 69 33 72
f 33 69 31
f 31 15 18
f 2 3 1
f 551 525 526
f 1 5 4
f 5 12 4
f 12 7 4
f 508 482 485
f 42 96 67
f 67 96 93
f 98 67 93
f 118 162 165
f 396 345 304
f 197 208 165
f 227 165 208
f 4626 4569 4624
f 4659 4626 4624
f 4786 4626 4659
f 4918 4972 4980
f 4023 3869 4075
f 5093 5114 5090
f 5092 5090 5114
f 5092 5035 5052
f 5090 5092 5052
f 5092 5036 5035
f 4917 4984 4834
f 3183 3049 3203
f 4564 4756 4521
f 2537 2546 2667
f 4044 4101 4194
f 4067 4101 4044
f 2231 2367 2170
f 2033 2170 1865
f 1653 1759 1578
f 1759 1653 1865
f 2961 2769 3065
f 2330 2276 2371
f 2330 2371 2384
f 2056 2106 2276
f 1653 1578 1442
f 1442 1417 1616
f 1417 1442 1227
f 591 468 464
f 464 256 407
f 209 407 256
f 407 209 240
f 240 209 170
f 168 105 103
f 69 72 83
f 69 62 31
f 597 551 526
f 3 5 1
f 525 493 526
f 525 508 493
f 13 12 5
f 396 304 408
f 408 440 396
f 93 162 98
f 118 98 162
f 208 233 227
f 255 227 233
f 304 255 312
f 4918 4825 4899
f 4918 4980 4825
f 4837 4825 4980
f 4161 4405 4159
f 4159 4075 4161
f 5093 5032 5076
f 4999 5036 4984
f 4756 4564 4721
f 3183 3021 3049
f 3049 3021 2928
f 4325 4264 4521
f 4325 4194 4264
f 4101 4128 4194
f 4128 4101 4067
f 4044 3949 4067
f 2170 1842 1865
f 3841 3747 3760
f 2490 2518 2384
f 2518 2490 2769
f 2490 2384 2371
f 2106 2056 1827
f 1442 1280 1227
f 1827 1732 1751
f 1732 1662 1672
f 1672 1751 1732
f 1551 1662 1637
f 1052 1139 1078
f 799 831 904
f 105 168 170
f 83 91 69
f 91 83 105
f 65 62 69
f 26 31 62
f 31 26 15
f 15 9 3
f 15 26 9
f 3 9 5
f 13 36 12
f 493 508 485
f 42 12 73
f 436 485 482
f 73 96 42
f 506 486 436
f 482 506 436
f 440 436 486
f 162 197 165
f 4786 4676 4626
f 4786 4744 4676
f 4817 4899 4777
f 4899 4825 4777
f 4159 4023 4075
f 5019 5076 4931
f 3869 4023 3819
f 5093 5090 5032
f 5052 5032 5090
f 5035 5036 5010
f 5010 5036 4999
f 4917 4999 4984
f 4721 4834 4756
f 2731 2928 2745
f 2731 2745 2667
f 2745 2537 2667
f 2537 2359 2498
f 3949 3841 3918
f 3805 3841 3760
f 3664 3631 3747
f 1842 1759 1865
f 3631 3664 3335
f 3056 3065 2798
f 2798 3065 2769
f 1113 1094 1227
f 1113 1227 1280
f 1637 1139 1366
f 1366 1551 1637
f 591 734 576
f 576 734 1008
f 591 576 468
f 1052 1078 1017
f 143 170 209
f 831 799 748
f 170 143 105
f 748 635 649
f 69 91 85
f 69 85 65
f 65 85 68
f 65 68 62
f 597 526 600
f 9 13 5
f 13 9 37
f 12 36 73
f 96 115 93
f 440 402 436
f 93 139 162
f 402 408 381
f 402 440 408
f 408 304 312
f 4747 4676 4744
f 4817 4747 4744
f 4626 4614 4569
f 4817 4777 4747
f 4405 4226 4159
f 4837 4797 4825
f 4980 4874 4837
f 4980 5019 4874
f 4874 5019 4931
f 3768 3819 3725
f 3768 3725 3573
f 3573 3438 3437
f 4521 4264 4564
f 4264 4194 4128
f 4153 4264 4128
f 4067 4081 4128
f 2359 2367 2498
f 3949 3918 4067
f 2367 2323 2170
f 1883 1827 1751
f 1883 1751 1672
f 1094 1113 1008
f 256 464 468
f 904 831 1017
f 635 600 649
f 85 81 68
f 62 58 26
f 58 38 26
f 26 37 9
f 37 36 13
f 73 114 96
f 485 436 429
f 429 436 402
f 115 139 93
f 351 408 312
f 381 408 351
f 197 210 208
f 210 233 208
f 316 255 233
f 312 255 316
f 4676 4652 4626
f 4447 4517 4569
f 4569 4614 4447
f 4652 4614 4626
f 4747 4652 4676
f 4777 4825 4797
f 4405 4354 4226
f 4354 4405 4517
f 4023 4159 3992
f 5032 4931 5076
f 5032 5052 5010
f 5052 5035 5010
f 4999 4945 5010
f 4945 4999 4917
f 3438 3183 3437
f 4843 4917 4834
f 4843 4834 4721
f 2537 2745 2545
f 4081 4067 4015
f 3918 4015 4067
f 2170 2046 1842
f 2046 2170 2323
f 3747 3698 3760
f 3335 3229 3631
f 3698 3747 3631
f 1759 1842 1578
f 2769 2490 2798
f 2371 2276 2419
f 1578 1695 1442
f 1827 1883 2106
f 1883 1672 1736
f 1551 1672 1662
f 782 576 1008
f 143 91 105
f 91 107 85
f 81 82 68
f 68 58 62
f 26 38 37
f 526 493 500
f 36 76 73
f 485 418 493
f 114 73 76
f 114 115 96
f 162 139 197
f 139 210 197
f 316 351 312
f 4777 4797 4718
f 4777 4718 4747
f 4447 4354 4517
f 4122 4159 4226
f 4122 3992 4159
f 3992 3819 4023
f 3803 3725 3819
f 4987 4931 5032
f 5032 5010 4987
f 4975 4987 5010
f 5010 4945 4975
f 4917 4843 4945
f 4721 4564 4522
f 4522 4564 4264
f 4522 4264 4153
f 2537 2545 2359
f 2323 2367 2359
f 3841 3886 3918
f 3886 3841 3805
f 3056 3229 3335
f 1578 1842 1695
f 2490 2608 2798
f 2136 2276 2106
f 1464 1280 1442
f 1883 2136 2106
f 1672 1551 1666
f 782 1008 1113
f 735 576 797
f 797 576 782
f 1139 1052 1366
f 272 256 468
f 209 256 228
f 91 135 107
f 143 135 91
f 748 649 831
f 649 600 598
f 82 71 68
f 68 71 58
f 526 528 600
f 58 56 38
f 64 38 56
f 37 38 64
f 78 37 64
f 36 37 78
f 500 493 477
f 36 78 76
f 477 493 418
f 485 429 418
f 418 429 402
f 233 210 242
f 4447 4614 4509
f 4652 4559 4614
f 4652 4747 4644
f 4644 4747 4718
f 3992 4122 4040
f 3992 3803 3819
f 4936 4931 4987
f 4987 4975 4936
f 4734 4843 4721
f 3183 3363 3021
f 3021 2881 2928
f 2928 2881 2745
f 4128 4081 4153
f 3918 3886 3934
f 1846 1842 2046
f 3229 3029 3631
f 2371 2419 2490
f 1280 1195 1113
f 1736 1672 1666
f 797 782 1113
f 620 468 576
f 1017 1020 1052
f 228 143 209
f 831 759 1017
f 85 108 81
f 108 85 107
f 600 528 598
f 58 71 56
f 71 64 56
f 114 155 115
f 155 181 115
f 139 115 181
f 384 381 351
f 210 139 181
f 316 233 242
f 4559 4509 4614
f 4447 4509 4354
f 4652 4644 4559
f 4509 4431 4354
f 4703 4644 4718
f 4797 4703 4718
f 4354 4299 4226
f 4797 4837 4692
f 3992 4040 3803
f 4936 4975 4923
f 4975 4945 4923
f 4945 4862 4923
f 4945 4843 4862
f 4734 4783 4843
f 4721 4558 4734
f 4721 4522 4558
f 3021 3026 2881
f 4134 4522 4153
f 2745 2881 2545
f 4015 3918 3934
f 3056 3029 3229
f 2798 2608 2708
f 2708 3056 2798
f 2276 2354 2419
f 1442 1695 1464
f 1303 1280 1464
f 1681 1883 1736
f 1062 1113 1195
f 1113 1062 797
f 620 576 735
f 1052 1020 1366
f 228 256 272
f 134 107 135
f 122 107 134
f 759 831 649
f 705 759 649
f 82 81 108
f 649 598 705
f 82 87 71
f 102 76 78
f 402 381 384
f 181 242 210
f 278 316 242
f 4365 4354 4431
f 4559 4431 4509
f 4644 4563 4559
f 4644 4703 4563
f 4226 4299 4173
f 4354 4365 4299
f 4797 4692 4703
f 4173 4122 4226
f 4703 4692 4630
f 4874 4931 4820
f 4931 4936 4820
f 4879 4820 4936
f 4936 4923 4879
f 3183 3438 3363
f 3026 3021 3363
f 4421 4558 4522
f 4421 4522 4134
f 2545 2881 2636
f 4153 4081 4134
f 2545 2636 2359
f 2323 2359 2341
f 1846 1695 1842
f 3631 3029 3216
f 3216 3698 3631
f 2708 3029 3056
f 2276 2136 2354
f 334 272 468
f 143 228 182
f 108 112 82
f 71 92 64
f 92 102 78
f 92 78 64
f 160 76 102
f 477 418 500
f 114 160 155
f 76 160 114
f 181 207 242
f 250 278 242
f 358 351 316
f 384 351 358
f 4431 4559 4449
f 4449 4559 4563
f 4299 4230 4173
f 4299 4365 4230
f 4431 4449 4365
f 4563 4562 4449
f 4630 4562 4563
f 4703 4630 4563
f 4837 4586 4692
f 4837 4874 4730
f 3803 4040 3818
f 4820 4730 4874
f 3803 3765 3725
f 3765 3711 3725
f 3725 3711 3573
f 3573 3527 3438
f 4923 4862 4879
f 4862 4807 4879
f 4862 4843 4806
f 4806 4843 4783
f 3363 3241 3026
f 4081 4096 4134
f 2359 2636 2341
f 4081 4015 4096
f 4096 4015 4042
f 4042 4015 3934
f 2046 2323 2117
f 3805 3766 3840
f 3698 3766 3760
f 3766 3805 3760
f 3698 3216 3766
f 1695 1564 1464
f 1883 1920 2136
f 1280 1303 1195
f 1666 1681 1736
f 797 1062 735
f 1476 1551 1366
f 468 620 437
f 1020 1297 1366
f 182 228 226
f 143 182 157
f 1020 1017 759
f 134 135 143
f 107 119 108
f 87 82 112
f 87 92 71
f 500 418 427
f 155 160 191
f 155 191 181
f 316 322 358
f 278 322 316
f 207 250 242
f 4365 4449 4304
f 4630 4531 4562
f 4122 4173 4040
f 4837 4730 4586
f 3803 3818 3765
f 3573 3711 3527
f 4807 4862 4806
f 2636 2881 2747
f 2747 2881 3026
f 3840 3886 3805
f 1695 1846 1729
f 2419 2608 2490
f 1681 1666 1551
f 437 334 468
f 228 272 288
f 157 134 143
f 122 119 107
f 113 87 112
f 92 87 113
f 526 489 528
f 526 500 489
f 191 207 181
f 250 322 278
f 4304 4230 4365
f 4230 4087 4173
f 4692 4586 4630
f 4087 4040 4173
f 4820 4684 4730
f 4804 4684 4820
f 4804 4820 4879
f 4806 4770 4807
f 4806 4783 4739
f 3241 3116 3026
f 4783 4734 4654
f 4654 4734 4558
f 4335 4558 4421
f 4421 4134 4335
f 4042 3934 3886
f 2323 2341 2117
f 2046 1935 1846
f 3029 2708 2885
f 2608 2419 2708
f 1303 1464 1405
f 2158 2354 2136
f 2136 1920 2069
f 1195 1303 1168
f 1869 1920 1883
f 1869 1883 1681
f 288 272 334
f 1120 1297 1020
f 228 288 226
f 1120 1020 1048
f 182 180 157
f 180 182 226
f 152 134 157
f 152 122 134
f 930 1020 759
f 598 541 705
f 113 124 92
f 124 102 92
f 500 427 489
f 402 385 427
f 402 427 418
f 385 384 358
f 402 384 385
f 191 213 207
f 207 237 250
f 4304 4449 4358
f 4358 4449 4562
f 4531 4358 4562
f 4157 4087 4230
f 4304 4157 4230
f 4630 4586 4531
f 4040 4087 4027
f 4040 4027 3818
f 4804 4879 4803
f 3363 3438 3527
f 4807 4770 4803
f 4803 4879 4807
f 4806 4713 4770
f 4713 4806 4739
f 4739 4783 4654
f 4670 4739 4654
f 4335 4654 4558
f 4108 4335 4134
f 4134 4096 4108
f 2636 2416 2341
f 4096 4042 4082
f 4042 3886 4014
f 2117 1935 2046
f 3029 2885 3216
f 2708 2419 2624
f 1405 1464 1564
f 1920 1869 2069
f 1195 1168 1062
f 1062 1168 1045
f 1515 1681 1551
f 1306 1366 1297
f 1306 1297 1120
f 180 226 217
f 226 257 217
f 321 257 288
f 334 321 288
f 288 257 226
f 157 180 152
f 122 125 119
f 108 119 112
f 541 598 528
f 427 473 489
f 237 322 250
f 4358 4157 4304
f 4531 4350 4358
f 4017 4027 4087
f 4730 4524 4586
f 3818 3802 3765
f 3818 4027 3802
f 4770 4653 4803
f 4503 4670 4654
f 2747 2583 2636
f 2636 2583 2416
f 4096 4082 4108
f 4082 4042 4014
f 2341 2416 2117
f 3840 4014 3886
f 3788 3840 3766
f 3330 3766 3216
f 1729 1704 1695
f 2885 2708 2624
f 2158 2136 2069
f 1045 735 1062
f 620 735 1045
f 1551 1476 1515
f 1306 1476 1366
f 437 410 334
f 180 217 202
f 1020 930 1048
f 122 148 125
f 148 122 152
f 759 705 717
f 119 132 112
f 132 131 112
f 717 705 541
f 112 131 113
f 541 528 515
f 515 528 489
f 385 358 359
f 4350 4531 4435
f 4358 4174 4157
f 4350 4174 4358
f 4435 4366 4350
f 4531 4586 4435
f 4435 4586 4524
f 4027 4017 3802
f 4730 4582 4524
f 4730 4684 4582
f 3363 3527 3542
f 4803 4695 4804
f 4653 4695 4803
f 4713 4653 4770
f 4739 4670 4713
f 3026 3116 3013
f 3026 3013 2747
f 4654 4280 4503
f 4654 4335 4280
f 4108 4280 4335
f 3906 4014 3840
f 3330 3788 3766
f 1704 1846 1935
f 2905 3330 3216
f 1704 1729 1846
f 2689 3216 2885
f 1704 1564 1695
f 2396 2624 2419
f 2419 2354 2396
f 1303 1405 1168
f 1659 1724 1681
f 1681 1515 1659
f 922 620 1045
f 620 470 437
f 1373 1476 1306
f 377 334 410
f 217 257 296
f 241 217 296
f 257 321 296
f 377 321 334
f 1048 1306 1120
f 180 169 152
f 148 152 169
f 759 717 930
f 125 132 119
f 131 127 113
f 127 124 113
f 515 489 473
f 124 204 102
f 102 204 160
f 160 204 191
f 207 234 237
f 213 234 207
f 234 306 237
f 322 237 306
f 4435 4438 4366
f 4524 4438 4435
f 4017 4060 3802
f 4157 4017 4087
f 4157 4060 4017
f 3711 3765 3542
f 3527 3711 3542
f 4684 4804 4695
f 3363 3328 3241
f 3013 2697 2747
f 4364 4503 4280
f 2117 2416 2200
f 2117 2200 2044
f 3840 3788 3906
f 3778 3906 3788
f 2044 1935 2117
f 1634 1564 1704
f 2396 2411 2624
f 2158 2301 2354
f 1289 1168 1405
f 1184 1045 1168
f 1681 1724 1869
f 922 636 620
f 620 636 470
f 410 437 470
f 217 241 202
f 1317 1306 1048
f 180 202 169
f 998 1048 930
f 178 148 169
f 148 132 125
f 205 124 127
f 205 204 124
f 427 385 448
f 204 215 191
f 215 234 191
f 329 358 322
f 359 358 329
f 191 234 213
f 4283 4174 4350
f 4366 4283 4350
f 4174 4060 4157
f 4174 4116 4060
f 4060 3847 3802
f 4524 4582 4438
f 3765 3802 3522
f 3542 3765 3522
f 3542 3328 3363
f 4653 4713 4677
f 4713 4656 4677
f 4713 4670 4656
f 4503 4364 4670
f 2583 2747 2697
f 4111 4280 4108
f 4082 4056 4108
f 4004 4082 4014
f 4014 3906 4004
f 3788 3657 3778
f 1935 1788 1704
f 2689 2885 2624
f 2689 2624 2411
f 1405 1564 1452
f 1564 1634 1452
f 2354 2301 2396
f 1045 1184 1010
f 922 1045 1010
f 572 470 636
f 467 470 572
f 410 470 467
f 377 410 467
f 1317 1373 1306
f 377 296 321
f 235 212 241
f 212 202 241
f 1048 1154 1317
f 200 202 212
f 169 202 200
f 998 1154 1048
f 200 178 169
f 132 148 154
f 148 176 154
f 132 149 131
f 149 127 131
f 717 541 542
f 473 427 448
f 448 385 387
f 387 385 359
f 329 322 306
f 4174 4283 4116
f 4116 3990 4060
f 4438 4582 4455
f 4455 4582 4508
f 4582 4684 4508
f 4684 4695 4508
f 4601 4653 4677
f 4677 4656 4601
f 4670 4490 4656
f 3013 3116 2697
f 4490 4670 4364
f 4111 4364 4280
f 2574 2583 2697
f 2574 2436 2416
f 2574 2416 2583
f 4004 4056 4082
f 2436 2200 2416
f 1990 1935 2044
f 3788 3330 3657
f 1990 1788 1935
f 3352 3330 2905
f 1788 1634 1704
f 2069 1869 1858
f 1168 1289 1184
f 1858 1869 1724
f 280 296 352
f 352 377 467
f 377 352 296
f 280 235 241
f 296 280 241
f 178 176 148
f 930 1036 998
f 154 149 132
f 149 154 179
f 149 199 127
f 205 127 199
f 247 215 204
f 284 234 215
f 306 234 284
f 4116 4283 4114
f 4054 4116 4114
f 4114 4283 4165
f 4165 4283 4366
f 3847 4060 3926
f 4116 4054 3990
f 4366 4438 4165
f 3307 3542 3522
f 4508 4695 4560
f 4560 4695 4653
f 3116 3241 3328
f 4490 4364 4321
f 4108 4056 4111
f 3906 3784 4004
f 2200 1990 2044
f 3657 3330 3352
f 1990 1710 1788
f 3216 2689 2551
f 2551 2905 3216
f 2396 2301 2411
f 1405 1452 1289
f 1717 1858 1724
f 1010 636 922
f 1717 1724 1659
f 636 728 572
f 235 277 212
f 212 277 211
f 277 235 280
f 200 212 211
f 200 211 178
f 1036 1154 998
f 177 176 192
f 1036 930 677
f 176 177 154
f 177 179 154
f 930 717 677
f 677 717 542
f 541 515 542
f 515 473 448
f 204 205 247
f 483 448 387
f 284 215 247
f 306 339 329
f 359 329 339
f 3990 3926 4060
f 4438 4455 4152
f 3847 3762 3570
f 3802 3847 3570
f 3847 3926 3762
f 3802 3570 3522
f 3328 3542 3307
f 3116 3328 3061
f 4653 4601 4460
f 4518 4601 4656
f 4656 4490 4518
f 4490 4321 4518
f 3116 3061 2697
f 3061 2746 2697
f 4364 4111 4291
f 3996 4111 4056
f 4004 3955 4056
f 1788 1710 1634
f 1452 1634 1710
f 2158 2268 2301
f 2158 2069 1858
f 728 636 918
f 918 636 1010
f 1459 1515 1476
f 1459 1476 1373
f 406 352 467
f 277 280 333
f 243 211 277
f 1146 1154 1036
f 178 192 176
f 178 211 192
f 268 149 179
f 244 149 268
f 542 515 448
f 387 359 339
f 306 284 339
f 4054 4000 3990
f 4165 4054 4114
f 4438 4152 4165
f 3990 3762 3926
f 4455 4199 4152
f 4508 4290 4199
f 4455 4508 4199
f 3314 3522 3570
f 4653 4460 4560
f 4518 4460 4601
f 4364 4291 4321
f 2746 2574 2697
f 4291 4111 4086
f 4111 3996 4086
f 3996 4056 3955
f 3784 3955 4004
f 3906 3778 3784
f 3657 3546 3778
f 3352 2905 3009
f 2689 2268 2551
f 2411 2268 2689
f 1383 1289 1452
f 1289 1383 1214
f 1214 1184 1289
f 1214 918 1010
f 1214 1010 1184
f 1806 1717 1552
f 1858 1717 1806
f 1659 1515 1459
f 507 572 532
f 572 507 467
f 467 507 406
f 1373 1317 1459
f 333 352 406
f 333 280 352
f 243 261 211
f 211 261 192
f 1036 1023 1146
f 268 179 177
f 677 542 574
f 244 205 199
f 149 244 199
f 205 244 254
f 448 483 542
f 273 205 254
f 273 231 205
f 231 247 205
f 273 307 231
f 307 247 231
f 284 247 307
f 324 284 307
f 339 324 363
f 387 339 363
f 324 339 284
f 4000 3762 3990
f 4000 3826 3762
f 4069 4000 4054
f 4165 4069 4054
f 4152 4069 4165
f 3826 3570 3762
f 3314 3307 3522
f 4290 4508 4343
f 4560 4343 4508
f 4560 4460 4343
f 4321 4291 4162
f 2574 2746 2647
f 4291 4086 4162
f 2574 2412 2436
f 3996 3955 3874
f 2412 2184 2436
f 2200 1977 1990
f 1990 1977 1749
f 3546 3657 3352
f 1452 1710 1469
f 1383 1452 1469
f 2411 2301 2268
f 2163 2268 2158
f 1858 1946 2158
f 1946 1858 1806
f 918 704 728
f 572 728 532
f 1659 1459 1717
f 333 406 480
f 480 327 333
f 1459 1317 1294
f 333 327 277
f 277 327 301
f 1154 1294 1317
f 301 243 277
f 1154 1146 1294
f 261 310 192
f 749 1023 1036
f 1036 677 749
f 177 295 268
f 542 483 574
f 459 483 387
f 290 307 273
f 307 290 324
f 420 387 363
f 459 387 420
f 3826 3776 3540
f 3570 3826 3540
f 4199 4139 4069
f 4199 4069 4152
f 3540 3314 3570
f 3071 3061 3307
f 3061 3328 3307
f 4460 4518 4315
f 4321 4315 4518
f 4321 4162 4315
f 2184 2200 2436
f 2200 2184 1977
f 3778 3602 3784
f 1710 1990 1749
f 1469 1710 1511
f 1588 1511 1710
f 2163 2158 1946
f 707 704 918
f 704 532 728
f 532 480 507
f 480 406 507
f 390 327 480
f 318 327 390
f 318 301 327
f 1004 1294 1146
f 1146 1023 1004
f 192 295 177
f 574 749 677
f 420 363 346
f 346 324 290
f 363 324 346
f 3826 4000 4069
f 4069 3776 3826
f 4139 3865 4069
f 3540 3426 3325
f 3314 3540 3325
f 4199 3973 4139
f 3314 3187 3307
f 3973 4199 4290
f 4460 4315 4285
f 4343 4460 4285
f 3071 2889 3061
f 2746 3061 2889
f 2574 2647 2412
f 4162 4086 4063
f 4063 4086 3996
f 3996 3874 4063
f 3682 3955 3784
f 3602 3682 3784
f 3778 3546 3602
f 3009 3546 3352
f 1588 1710 1749
f 2905 2551 3009
f 2163 2551 2268
f 1383 1469 1249
f 1214 1383 1085
f 918 916 825
f 916 918 1214
f 1767 1946 1806
f 825 707 918
f 1677 1806 1552
f 532 501 480
f 390 480 501
f 1459 1294 1382
f 376 318 390
f 1004 1382 1294
f 310 301 318
f 301 310 261
f 243 301 261
f 192 310 314
f 295 192 314
f 1004 749 605
f 1023 749 1004
f 268 295 325
f 749 574 605
f 574 520 567
f 323 268 319
f 244 268 323
f 323 254 244
f 520 574 483
f 459 474 520
f 483 459 520
f 290 273 254
f 340 421 346
f 421 420 346
f 459 420 474
f 474 420 421
f 346 290 340
f 3776 4069 3865
f 3540 3658 3426
f 3776 3658 3540
f 3865 4139 3881
f 3881 4139 3973
f 3314 3325 3187
f 3187 3071 3307
f 3973 4177 3846
f 3973 4290 4177
f 4343 4285 4177
f 4290 4343 4177
f 3071 2989 2889
f 4285 4315 4061
f 2889 2647 2746
f 4005 4061 4315
f 4005 4315 4063
f 4315 4162 4063
f 2647 2423 2412
f 3955 3682 3874
f 1749 1977 1900
f 1469 1511 1351
f 1469 1351 1249
f 1249 1085 1383
f 1214 1085 916
f 1677 1767 1806
f 704 633 501
f 707 633 704
f 501 532 704
f 1459 1552 1717
f 1552 1459 1382
f 390 501 519
f 318 360 310
f 1127 1382 1004
f 362 314 310
f 1004 605 866
f 319 268 325
f 574 567 605
f 319 337 323
f 254 323 290
f 337 340 323
f 340 290 323
f 340 337 361
f 3555 3426 3658
f 3658 3865 3555
f 3865 3658 3776
f 3375 3325 3426
f 3555 3375 3426
f 3109 3187 3325
f 3071 3109 2989
f 3109 3071 3187
f 3941 4177 4285
f 4061 3941 4285
f 2423 2184 2412
f 3009 2954 3546
f 2551 2163 2236
f 2163 1946 1898
f 653 707 825
f 1552 1579 1677
f 501 633 571
f 653 571 633
f 707 653 633
f 501 571 519
f 519 426 390
f 571 426 519
f 390 426 376
f 318 376 426
f 426 360 318
f 310 360 362
f 1004 866 854
f 314 325 295
f 319 325 354
f 474 567 520
f 421 340 361
f 3555 3865 3742
f 3742 3865 3881
f 3881 3845 3742
f 3881 3973 3845
f 3325 3219 3109
f 3375 3219 3325
f 2972 3109 3219
f 3109 2972 2989
f 2989 2972 2843
f 3846 4177 3917
f 2989 2843 2889
f 4005 3941 4061
f 3895 4005 4063
f 4063 3874 3895
f 2184 1900 1977
f 3682 3602 3451
f 3451 3602 3357
f 3602 3546 3357
f 1749 1773 1481
f 3357 3546 3178
f 1481 1505 1588
f 1749 1481 1588
f 1351 1511 1505
f 1588 1505 1511
f 2236 3009 2551
f 1249 1351 1179
f 1249 1179 1085
f 825 855 653
f 1677 1592 1767
f 616 571 638
f 638 571 653
f 1430 1579 1552
f 1430 1552 1382
f 571 518 426
f 1430 1382 1283
f 1127 1283 1382
f 447 360 426
f 401 374 362
f 314 362 374
f 417 374 401
f 854 866 697
f 697 866 605
f 457 354 374
f 457 374 417
f 314 374 325
f 457 419 354
f 374 354 325
f 605 567 697
f 697 567 495
f 419 369 354
f 462 495 419
f 421 369 495
f 495 369 419
f 474 421 495
f 567 474 495
f 319 354 337
f 337 354 369
f 337 369 361
f 421 361 369
f 3555 3414 3375
f 3414 3555 3742
f 3742 3482 3414
f 3625 3482 3742
f 3742 3845 3625
f 3375 3304 3219
f 3625 3845 3750
f 3973 3750 3845
f 3973 3846 3750
f 2843 2632 2889
f 4177 3941 3917
f 2889 2632 2647
f 3843 3941 4005
f 2647 2632 2338
f 2647 2338 2423
f 3843 4005 3895
f 2423 2338 2228
f 2423 2228 2184
f 3874 3682 3696
f 3451 3696 3682
f 2184 1923 1900
f 1900 1773 1749
f 3546 2954 3178
f 2605 2954 3009
f 3009 2236 2605
f 1307 1351 1505
f 1194 1351 1307
f 1194 1179 1351
f 1061 916 1085
f 855 916 1061
f 1946 1767 1630
f 855 825 916
f 653 855 695
f 1579 1592 1677
f 653 695 638
f 616 518 571
f 518 447 426
f 447 362 360
f 455 401 362
f 1127 1004 854
f 451 401 455
f 417 401 451
f 451 479 417
f 479 457 417
f 479 533 457
f 533 656 697
f 540 656 533
f 697 495 533
f 419 457 462
f 495 462 533
f 533 462 457
f 3414 3304 3375
f 3414 3482 3304
f 3482 3198 3304
f 3625 3442 3482
f 3219 3098 2972
f 3219 3304 3098
f 3098 2843 2972
f 2739 2843 3098
f 2632 2843 2656
f 2656 2843 2739
f 2632 2656 2338
f 3895 3874 3696
f 2228 1923 2184
f 1900 1923 1773
f 1375 1505 1481
f 1505 1375 1307
f 1268 1194 1307
f 1194 1178 1086
f 2163 1898 2236
f 1061 1179 1086
f 1179 1194 1086
f 1061 1085 1179
f 1898 1946 1630
f 1767 1592 1630
f 855 867 817
f 695 855 817
f 1592 1579 1489
f 638 695 616
f 1579 1430 1489
f 616 604 518
f 1430 1283 1302
f 518 604 447
f 447 604 488
f 1283 1127 1302
f 447 455 362
f 447 488 455
f 1127 849 1101
f 849 1127 854
f 854 697 849
f 849 697 656
f 3304 3198 3098
f 3482 3362 3198
f 3442 3362 3482
f 3686 3442 3625
f 3625 3750 3686
f 3098 2738 2739
f 3198 2738 3098
f 3846 3686 3750
f 2739 2738 2656
f 3846 3782 3686
f 3846 3917 3782
f 3579 3782 3671
f 3579 3686 3782
f 3917 3941 3782
f 3941 3843 3782
f 2433 2338 2656
f 2052 2228 2338
f 3696 3451 3582
f 2228 2052 1923
f 3451 3080 3582
f 2236 2463 2605
f 1375 1268 1307
f 1194 1268 1178
f 1086 1178 1149
f 1086 1149 1087
f 2131 2236 1898
f 1086 1087 941
f 1630 2131 1898
f 1086 941 855
f 1086 855 1061
f 941 867 855
f 817 711 695
f 695 711 616
f 616 711 604
f 1489 1430 1302
f 713 604 711
f 582 604 659
f 1101 1257 1302
f 488 604 582
f 1302 1127 1101
f 488 582 455
f 455 582 573
f 873 1101 849
f 573 531 455
f 531 451 455
f 608 531 573
f 849 656 696
f 608 540 531
f 696 540 608
f 451 531 479
f 479 531 540
f 696 656 540
f 479 540 533
f 3145 3198 3362
f 3198 2813 2738
f 3442 3447 3362
f 3442 3686 3447
f 3447 3225 3362
f 3686 3579 3447
f 2738 2575 2656
f 3596 3579 3671
f 3782 3843 3671
f 2338 2433 2353
f 2338 2353 2060
f 3895 3696 3843
f 3696 3582 3843
f 2182 2060 2353
f 2338 2060 2052
f 1837 1923 2052
f 3080 3140 3582
f 1837 1773 1923
f 1665 1773 1837
f 3451 3357 3080
f 1519 1481 1665
f 1773 1665 1481
f 3080 3357 3178
f 1375 1481 1450
f 1519 1450 1481
f 2777 2954 2605
f 2638 2777 2605
f 1268 1375 1450
f 1240 1178 1268
f 1162 1087 1149
f 941 875 867
f 1592 1574 1630
f 867 875 817
f 817 875 880
f 817 856 711
f 817 880 856
f 754 711 856
f 754 713 711
f 1380 1302 1257
f 1489 1302 1380
f 754 747 713
f 747 754 784
f 604 713 747
f 604 747 659
f 659 747 790
f 784 790 747
f 784 828 790
f 790 722 659
f 722 582 659
f 838 722 790
f 828 838 790
f 828 873 838
f 838 781 722
f 873 781 838
f 722 573 582
f 781 573 722
f 1101 873 1040
f 781 608 573
f 849 781 873
f 781 696 608
f 849 696 781
f 3198 3145 2813
f 3225 3145 3362
f 2813 3145 2832
f 2813 2575 2738
f 3579 3596 3447
f 2656 2575 2433
f 2433 2529 2349
f 2575 2529 2433
f 3671 3843 3568
f 2255 2353 2349
f 2433 2349 2353
f 3582 3568 3843
f 2255 2182 2353
f 2052 1936 1837
f 2052 2060 1936
f 1837 1936 1707
f 1707 1665 1837
f 3178 2966 3080
f 2966 3178 2954
f 1379 1450 1484
f 1519 1484 1450
f 1268 1379 1240
f 1379 1268 1450
f 2463 2638 2605
f 2463 2131 2342
f 2236 2131 2463
f 1178 1162 1149
f 1197 1162 1178
f 1197 1178 1240
f 1162 1079 1087
f 1087 1079 941
f 1630 1823 2131
f 941 1079 999
f 941 999 875
f 1574 1592 1489
f 1040 988 1257
f 988 1326 1257
f 1257 1101 1040
f 988 1040 873
f 3145 3225 2979
f 2575 2813 2832
f 2832 3145 2979
f 3324 3225 3447
f 2575 2832 2529
f 3324 3150 3225
f 3324 3447 3433
f 3447 3596 3433
f 3596 3494 3433
f 3671 3568 3494
f 3596 3671 3494
f 2349 2285 2255
f 3299 3494 3568
f 2255 2285 2182
f 3568 3582 3299
f 2060 2182 2032
f 2032 1936 2060
f 3582 3140 3102
f 2032 1779 1936
f 1707 1779 1670
f 1779 1707 1936
f 3080 2951 3140
f 1670 1665 1707
f 1665 1670 1484
f 1519 1665 1484
f 2951 3080 2966
f 1379 1484 1406
f 1379 1406 1298
f 1240 1379 1298
f 2463 2579 2638
f 1236 1197 1298
f 1298 1197 1240
f 2425 2463 2342
f 1197 1189 1162
f 1236 1189 1197
f 1162 1191 1079
f 1630 1628 1823
f 1823 2091 2131
f 1079 1095 999
f 1630 1574 1628
f 1628 1574 1531
f 999 983 880
f 875 999 880
f 983 999 1066
f 856 880 983
f 856 983 974
f 1574 1489 1380
f 1067 901 974
f 1326 1380 1257
f 974 784 754
f 856 974 754
f 901 784 974
f 988 1205 1326
f 1067 896 901
f 901 828 784
f 896 828 901
f 1067 1205 896
f 1205 988 896
f 828 896 873
f 988 873 896
f 2832 2979 3027
f 2979 3225 3150
f 2529 2832 2589
f 3027 2589 2832
f 3324 3311 3150
f 3324 3433 3311
f 2349 2529 2348
f 2589 2348 2529
f 3311 3244 3150
f 3433 3494 3311
f 3494 3244 3311
f 2589 2381 2348
f 3494 3297 3244
f 2285 2219 2182
f 2219 2285 2348
f 2349 2348 2285
f 3494 3299 3297
f 2155 2032 2182
f 2219 2155 2182
f 3582 3102 3299
f 1808 1779 2032
f 1808 2032 2001
f 2930 3102 3140
f 1779 1752 1670
f 1779 1808 1752
f 3140 2951 2930
f 1670 1621 1484
f 1484 1621 1523
f 1484 1523 1406
f 2966 2954 2777
f 2753 2777 2638
f 2425 2579 2463
f 1298 1406 1311
f 1298 1311 1236
f 1311 1335 1236
f 2342 2131 2091
f 1162 1189 1191
f 1191 1095 1079
f 1095 1066 999
f 983 1066 1117
f 1117 1066 1155
f 1574 1380 1531
f 1117 974 983
f 1155 1157 1117
f 1157 1270 1205
f 1117 1067 974
f 1157 1067 1117
f 1205 1067 1157
f 3027 2979 3150
f 2613 2589 3027
f 3191 3244 3297
f 2348 2381 2219
f 2613 2417 2381
f 2589 2613 2381
f 3297 3299 3191
f 3299 3003 3191
f 3299 3102 3003
f 2155 2001 2032
f 1808 2001 1899
f 2841 3003 3102
f 1808 1899 1752
f 1670 1752 1697
f 2930 2841 3102
f 1670 1697 1621
f 2951 2782 2930
f 1621 1697 1633
f 2966 2782 2951
f 1621 1633 1523
f 2782 2777 2753
f 2966 2777 2782
f 1406 1523 1432
f 2579 2753 2638
f 2425 2342 2392
f 2425 2392 2579
f 1406 1335 1311
f 1406 1432 1335
f 1236 1285 1189
f 1335 1285 1236
f 1189 1285 1191
f 1198 1191 1241
f 1191 1198 1095
f 1444 1823 1628
f 1095 1198 1066
f 1198 1155 1066
f 1531 1326 1444
f 1628 1531 1444
f 1326 1531 1380
f 1270 1157 1253
f 1332 1205 1270
f 1326 1205 1332
f 3150 3069 3027
f 3150 3244 3069
f 2613 3027 2726
f 2726 3027 2789
f 3069 2789 3027
f 3244 3191 3069
f 2219 2381 2309
f 2309 2381 2417
f 2219 2215 2155
f 2219 2309 2215
f 2417 2361 2309
f 2613 2606 2417
f 2635 2606 2613
f 2726 2635 2613
f 2789 2635 2726
f 1958 2001 2215
f 2001 2155 2215
f 2309 2361 2215
f 2417 2606 2361
f 2789 2916 2635
f 3069 2916 2789
f 3003 2916 3191
f 3191 2916 3069
f 2090 2215 2361
f 2606 2635 2712
f 2916 2712 2635
f 2001 1958 1899
f 1899 1958 1752
f 2712 2841 2735
f 2916 2841 2712
f 3003 2841 2916
f 1958 1784 1752
f 1697 1752 1633
f 1633 1752 1669
f 1669 1752 1784
f 2716 2735 2841
f 2930 2716 2841
f 2930 2782 2716
f 1523 1633 1669
f 2782 2678 2716
f 1540 1523 1669
f 2782 2753 2678
f 1669 1500 1540
f 2678 2579 2534
f 2753 2579 2678
f 1432 1523 1540
f 1432 1540 1392
f 1392 1540 1500
f 2198 2392 2342
f 2198 2335 2392
f 2392 2335 2534
f 2534 2579 2392
f 1432 1392 1335
f 1323 1392 1500
f 1335 1392 1285
f 2091 1953 2198
f 2342 2091 2198
f 1285 1241 1191
f 2091 1823 1953
f 1198 1241 1220
f 1336 1774 1444
f 1774 1823 1444
f 1198 1220 1155
f 1253 1155 1220
f 1444 1332 1336
f 1157 1155 1253
f 1444 1326 1332
f 2606 2444 2361
f 1958 2215 1974
f 2215 2090 1974
f 1958 1974 1784
f 2090 2096 1974
f 2305 2096 2090
f 2361 2305 2090
f 2444 2305 2361
f 2606 2621 2444
f 2712 2621 2606
f 2735 2621 2712
f 1669 1784 1785
f 2096 1994 1974
f 2124 1994 2096
f 2124 2096 2197
f 2245 2197 2096
f 2305 2245 2096
f 2424 2305 2444
f 2735 2716 2621
f 1974 1785 1784
f 2621 2424 2444
f 2716 2424 2621
f 1785 1698 1669
f 2197 2234 2124
f 2197 2245 2234
f 2421 2305 2424
f 2421 2245 2305
f 2678 2421 2424
f 2716 2678 2424
f 1500 1669 1698
f 1500 1698 1573
f 2245 2335 2234
f 2335 2230 2234
f 2421 2335 2245
f 2678 2534 2421
f 1698 1703 1573
f 1703 1698 1782
f 1785 1782 1698
f 2335 2198 2230
f 2534 2335 2421
f 1323 1500 1573
f 1703 1702 1573
f 2036 2230 2198
f 1702 1648 1573
f 1392 1323 1285
f 1323 1573 1334
f 1334 1573 1648
f 1702 1750 1648
f 1765 1702 1703
f 1765 1750 1702
f 1750 1818 1895
f 1765 1818 1750
f 1663 1411 1648
f 1750 1663 1648
f 1728 1663 1750
f 1895 1774 1750
f 1823 1774 1895
f 1953 1823 1895
f 1648 1411 1334
f 1750 1774 1728
f 1323 1334 1241
f 1285 1323 1241
f 1334 1308 1241
f 1663 1336 1411
f 1774 1336 1728
f 1728 1336 1663
f 1241 1308 1220
f 1411 1308 1334
f 1220 1308 1253
f 1411 1336 1308
f 1270 1253 1308
f 1336 1270 1308
f 1336 1332 1270
f 1785 1974 1994
f 2234 2105 2124
f 2234 2230 2105
f 2230 2036 2105
f 1765 1703 1782
f 1895 2036 1953
f 2198 1953 2036
f 2124 2010 1994
f 2105 2010 2124
f 1785 1994 1782
f 1782 1994 1818
f 2010 1818 1994
f 2105 2036 2010
f 1765 1782 1818
f 2010 1895 1818
f 2036 1895 2010
f 7132 7207 7185
f 7089 7132 7185
f 7207 7132 7157
f 6970 6861 7089
f 7089 6861 6887
f 7132 7089 6887
f 7132 6887 7157
f 6970 6906 6861
f 7052 7179 7157
f 7157 6887 6881
f 7052 7157 6881
f 6861 6906 6811
f 6820 6811 6774
f 6811 6820 6861
f 6861 6820 6887
f 6877 7052 6881
f 6820 6843 6887
f 6881 6887 6843
f 6877 6881 6843
f 7052 6877 6952
f 7136 7394 7332
f 7394 7517 7500
f 7394 7136 7185
f 7444 7394 7185
f 7517 7394 7444
f 7599 7517 7444
f 7136 7047 7048
f 7089 7136 7048
f 7185 7136 7089
f 7599 7444 7476
f 7444 7185 7207
f 7304 7444 7207
f 7476 7444 7304
f 7618 7599 7476
f 7048 6970 7089
f 7207 7157 7304
f 7476 7304 7345
f 7618 7476 7345
f 7048 6920 6970
f 7304 7179 7211
f 7157 7179 7304
f 7345 7304 7211
f 7618 7345 7385
f 7211 7385 7345
f 6906 6920 6878
f 6970 6920 6906
f 7293 7385 7211
f 6806 6906 6878
f 6806 6811 6906
f 7052 7211 7179
f 7052 6952 7211
f 6952 7293 7211
f 7025 7293 6952
f 6774 6699 6768
f 6774 6768 6820
f 6820 6768 6795
f 6820 6795 6843
f 6877 6932 6952
f 6843 6795 6849
f 6932 6877 6849
f 6849 6877 6843
f 6668 6768 6699
f 6795 6768 6668
f 6795 6668 6692
f 6795 6692 6849
f 6757 6849 6692
f 6668 6672 6692
f 6692 6672 6683
f 6757 6692 6683
f 7189 7136 7332
f 7500 7332 7394
f 7136 7189 7047
f 7047 6928 7048
f 7618 7385 7650
f 7048 6928 6920
f 6920 6928 6878
f 7650 7385 7601
f 7601 7385 7293
f 6878 6867 6806
f 6806 6765 6811
f 6774 6811 6765
f 6765 6703 6699
f 6774 6765 6699
f 7025 6952 6932
f 6668 6699 6658
f 6849 6757 6932
f 6757 6683 6730
f 7840 7862 7924
f 7441 7589 7510
f 7840 7589 7862
f 7924 7862 7997
f 7589 7441 7500
f 7862 7589 7742
f 7310 7189 7332
f 7500 7441 7332
f 7517 7589 7500
f 7628 7589 7517
f 7742 7589 7628
f 7997 7862 8058
f 8058 7862 7742
f 7067 7047 7189
f 7517 7599 7628
f 7705 7628 7599
f 7742 7628 7705
f 8058 7742 7783
f 7017 6928 7047
f 7742 7705 7783
f 8058 7783 7954
f 7705 7599 7618
f 7783 7705 7618
f 7783 7618 7808
f 7808 7618 7650
f 7808 7954 7783
f 7808 7650 7601
f 6928 6867 6878
f 6803 6806 6867
f 6806 6803 6765
f 7200 7293 7025
f 7349 7293 7200
f 6803 6703 6765
f 6702 6703 6803
f 7025 6932 6988
f 6699 6703 6658
f 6703 6665 6658
f 6932 6757 6988
f 6672 6668 6645
f 6645 6668 6658
f 6683 6672 6645
f 6683 6680 6730
f 6650 6680 6683
f 7850 7642 7680
f 7850 7680 7840
f 7850 7840 8061
f 7642 7438 7510
f 7642 7510 7680
f 8128 8061 7924
f 7840 7680 7589
f 7924 8061 7840
f 7510 7438 7441
f 7680 7510 7589
f 8128 7924 7997
f 7337 7310 7438
f 7332 7438 7310
f 7441 7438 7332
f 7997 8273 8128
f 7337 7067 7189
f 7310 7337 7189
f 8267 7997 8058
f 8267 8273 7997
f 7047 7067 7017
f 8267 8058 8112
f 8112 8349 8267
f 7017 7051 6928
f 8278 8349 8112
f 7954 8112 8058
f 8123 7954 7808
f 8112 7954 8123
f 8278 8112 8123
f 8123 7808 8001
f 6928 7051 6867
f 7808 7601 8001
f 7601 7293 7591
f 7293 7349 7591
f 6703 6702 6665
f 7200 7025 7102
f 7025 6988 7102
f 6658 6665 6632
f 6757 6817 6988
f 6817 6872 6988
f 6988 6872 6948
f 6607 6645 6632
f 6645 6658 6632
f 6757 6730 6817
f 6730 6752 6817
f 6645 6607 6613
f 6683 6645 6650
f 6872 6817 6752
f 6650 6645 6613
f 6629 6650 6613
f 6680 6650 6629
f 7850 7916 7851
f 7850 7851 7642
f 7642 7573 7438
f 7916 7850 8061
f 7067 7337 7128
f 8278 8123 8440
f 8001 7601 7882
f 7591 7643 7601
f 7601 7643 7882
f 6867 6840 6803
f 7591 7349 7509
f 7591 7509 7643
f 7349 7200 7306
f 6665 6702 6698
f 6665 6648 6636
f 6632 6665 6636
f 6648 6665 6698
f 7019 6988 6948
f 6612 6636 6648
f 6612 6632 6636
f 6607 6612 6597
f 6632 6612 6607
f 6607 6597 6613
f 6613 6610 6629
f 6629 6667 6680
f 6730 6680 6726
f 6730 6726 6752
f 6680 6667 6726
f 7573 7642 7684
f 7684 7642 7837
f 7916 7982 7851
f 8235 7982 7916
f 8237 8235 7916
f 7851 7837 7642
f 8061 8237 7916
f 7573 7337 7438
f 8128 8491 8061
f 8273 8491 8128
f 7067 7106 7051
f 7067 7051 7017
f 8278 8569 8349
f 8440 8569 8278
f 7051 6954 6867
f 8123 8001 8440
f 8001 8354 8440
f 8001 7882 7952
f 8354 8001 7952
f 6803 6840 6702
f 7306 7509 7349
f 7200 7148 7306
f 7148 7200 7102
f 7102 6988 7019
f 6612 6648 6604
f 6612 6604 6597
f 6872 6953 6948
f 6872 6827 6953
f 6597 6590 6613
f 6610 6613 6590
f 6580 6610 6590
f 6610 6611 6629
f 6872 6752 6827
f 6611 6610 6580
f 6827 6752 6792
f 6580 6562 6611
f 6629 6611 6626
f 6667 6629 6626
f 6726 6667 6714
f 6714 6667 6626
f 6714 6752 6726
f 6580 6528 6562
f 6538 6562 6528
f 6513 6538 6528
f 6611 6562 6584
f 6626 6611 6584
f 6622 6714 6626
f 6538 6567 6562
f 6626 6584 6622
f 6562 6567 6584
f 6622 6584 6567
f 7837 7851 7982
f 7292 7573 7684
f 8237 8374 8399
f 7573 7292 7337
f 8061 8374 8237
f 8491 8374 8061
f 7337 7292 7174
f 7337 7174 7128
f 8273 8701 8491
f 7067 7128 7106
f 8701 8267 8670
f 8273 8267 8701
f 8670 8267 8349
f 8670 8349 8659
f 8569 8659 8349
f 8659 8569 8440
f 8440 8354 8409
f 7928 7952 7882
f 7928 7882 7643
f 7509 7306 7461
f 6702 6840 6698
f 7019 6948 6953
f 7019 6953 7102
f 6590 6597 6589
f 6865 6953 6827
f 6590 6589 6580
f 6580 6575 6528
f 6719 6792 6752
f 6714 6659 6752
f 6659 6694 6752
f 6694 6719 6752
f 6714 6622 6659
f 6510 6538 6513
f 6663 6719 6694
f 6529 6538 6510
f 6567 6538 6556
f 6556 6538 6529
f 6567 6593 6622
f 6622 6593 6659
f 6663 6694 6659
f 6510 6493 6529
f 6556 6529 6517
f 6567 6556 6576
f 6593 6567 6576
f 6609 6663 6659
f 6556 6517 6576
f 6609 6659 6593
f 6461 6529 6493
f 6517 6529 6461
f 6517 6461 6470
f 6576 6517 6522
f 6609 6593 6522
f 6522 6593 6576
f 6461 6454 6470
f 6517 6470 6522
f 6449 6470 6454
f 6522 6470 6500
f 6470 6449 6447
f 6500 6470 6447
f 7837 7781 7684
f 8237 8399 8235
f 8631 8491 8701
f 7174 7156 7128
f 7156 7106 7128
f 8670 8659 8795
f 7051 7027 6954
f 7027 6972 6954
f 8659 8440 8409
f 8659 8409 8655
f 6867 6954 6840
f 8354 7952 7928
f 8409 8354 8402
f 7643 7509 7720
f 7509 7461 7578
f 7102 6953 7078
f 6648 6646 6604
f 6597 6604 6591
f 6597 6591 6589
f 6958 6953 6865
f 6591 6575 6589
f 6589 6575 6580
f 6528 6575 6530
f 6827 6796 6865
f 6528 6530 6511
f 6827 6792 6796
f 6528 6511 6513
f 6511 6506 6513
f 6792 6719 6796
f 6513 6506 6510
f 6506 6486 6510
f 6510 6486 6493
f 6444 6461 6486
f 6461 6493 6486
f 6609 6592 6663
f 6454 6444 6418
f 6461 6444 6454
f 6609 6522 6592
f 6454 6418 6449
f 6500 6447 6451
f 7781 7837 7982
f 8235 8078 7982
f 8782 8235 8399
f 7684 7277 7292
f 8631 8399 8374
f 8996 8399 8631
f 8996 8631 9033
f 8374 8491 8631
f 9033 8631 8811
f 7156 7174 7292
f 8811 8631 8701
f 8872 8811 8701
f 8795 8872 8701
f 7027 7051 7106
f 8701 8670 8795
f 8659 8737 8795
f 8659 8655 8737
f 8409 8598 8655
f 8402 8598 8409
f 8354 7928 8402
f 7643 7720 7928
f 7720 7509 7578
f 7078 7461 7306
f 7306 7148 7078
f 7148 7102 7078
f 6604 6646 6591
f 6865 6796 6750
f 6796 6719 6750
f 6486 6506 6482
f 6663 6603 6719
f 6663 6592 6603
f 6444 6366 6418
f 6418 6403 6449
f 6366 6403 6418
f 6500 6544 6522
f 6544 6592 6522
f 6449 6428 6447
f 6449 6403 6428
f 6447 6428 6451
f 6428 6381 6451
f 6500 6451 6448
f 6500 6448 6507
f 6544 6500 6507
f 6403 6328 6428
f 6381 6428 6328
f 6451 6381 6378
f 6448 6451 6378
f 8100 8078 8255
f 7880 7684 7781
f 7781 7982 8100
f 8078 8100 7982
f 8255 8078 8235
f 8697 8255 8235
f 8782 8697 8235
f 7483 7277 7684
f 8996 8782 8399
f 7277 7224 7156
f 7292 7277 7156
f 9033 8811 8872
f 9033 8872 8930
f 7141 7106 7156
f 7083 7106 7141
f 8930 8872 8795
f 7083 7027 7106
f 8930 8737 8797
f 8795 8737 8930
f 8737 8655 8714
f 8598 8714 8655
f 8494 8598 8402
f 7928 8337 8397
f 8402 7928 8397
f 7111 7461 7078
f 6698 6689 6648
f 6646 6648 6689
f 6953 6958 7078
f 6958 6865 6918
f 6511 6530 6504
f 6511 6504 6506
f 6482 6506 6504
f 6482 6444 6486
f 6603 6563 6624
f 6624 6719 6603
f 6327 6403 6366
f 6592 6544 6603
f 6403 6327 6298
f 6525 6544 6507
f 6403 6298 6328
f 6258 6328 6298
f 6328 6292 6381
f 6292 6328 6258
f 6381 6292 6378
f 6395 6437 6378
f 6437 6448 6378
f 6507 6448 6437
f 6395 6378 6351
f 6351 6378 6292
f 6292 6284 6351
f 6351 6284 6311
f 7880 8100 8107
f 8100 7880 7781
f 7684 7739 7483
f 7739 7684 7880
f 8996 9033 9106
f 7156 7224 7141
f 9204 9106 9033
f 9204 9033 9088
f 9088 8930 9057
f 9033 8930 9088
f 8930 8797 8936
f 8930 8936 9057
f 8936 8714 8853
f 8936 8797 8714
f 8797 8737 8714
f 8714 8598 8853
f 8598 8494 8700
f 6850 6954 6972
f 6954 6850 6840
f 7461 7360 7578
f 6918 7078 6958
f 6865 6842 6918
f 6575 6591 6568
f 6575 6568 6530
f 6842 6865 6750
f 6482 6504 6468
f 6444 6482 6468
f 6719 6624 6750
f 6444 6468 6379
f 6327 6366 6379
f 6366 6444 6379
f 6563 6603 6544
f 6298 6327 6283
f 6544 6525 6563
f 6525 6519 6563
f 6434 6507 6437
f 6434 6525 6507
f 6292 6272 6284
f 7880 8107 7935
f 8255 8697 8329
f 8697 8782 8791
f 8782 9024 8791
f 9026 8791 9024
f 8782 8996 9024
f 7277 7393 7224
f 9106 9024 8996
f 9151 9024 9106
f 9106 9269 9151
f 7221 7141 7224
f 9004 9057 8936
f 7027 7083 7005
f 7027 7005 7002
f 7027 7002 6972
f 8494 8564 8700
f 8700 8853 8598
f 7002 6852 6972
f 8397 8494 8402
f 6852 6850 6972
f 7720 7578 7866
f 6840 6850 6698
f 7360 7461 7111
f 6918 7111 7078
f 6788 6750 6716
f 6283 6327 6263
f 6247 6283 6263
f 6256 6283 6247
f 6298 6256 6258
f 6283 6256 6298
f 6437 6395 6434
f 6230 6256 6247
f 6225 6230 6247
f 6258 6256 6230
f 6292 6258 6272
f 6395 6351 6399
f 6395 6399 6434
f 6258 6230 6241
f 6272 6258 6241
f 6309 6311 6284
f 6309 6321 6311
f 6321 6351 6311
f 6399 6351 6321
f 6272 6241 6284
f 6241 6230 6238
f 6238 6230 6199
f 6268 6284 6238
f 6238 6284 6241
f 6309 6284 6268
f 8255 8329 8100
f 7880 7935 7739
f 8329 8697 8848
f 9092 8848 9161
f 8791 8848 8697
f 9026 8848 8791
f 9161 8848 9026
f 9161 9026 9151
f 9161 9151 9234
f 9024 9151 9026
f 9234 9151 9269
f 9269 9106 9204
f 7141 7221 7172
f 9088 9278 9204
f 9088 9057 9241
f 9088 9241 9278
f 7141 7109 7083
f 9057 9004 9241
f 9004 9066 9241
f 9066 9004 8936
f 7005 7083 7109
f 8936 8853 8942
f 8494 8397 8564
f 8337 7928 7720
f 6850 6756 6698
f 6756 6689 6698
f 6689 6591 6646
f 6616 6591 6689
f 6489 6504 6530
f 6750 6788 6842
f 6624 6716 6750
f 6379 6296 6263
f 6327 6379 6263
f 6573 6563 6519
f 6263 6239 6247
f 6525 6434 6519
f 6519 6434 6457
f 6216 6225 6247
f 6434 6399 6429
f 6429 6457 6434
f 6230 6194 6199
f 6230 6183 6194
f 6230 6225 6183
f 6309 6268 6321
f 6233 6268 6238
f 6268 6233 6264
f 6238 6199 6193
f 6233 6238 6193
f 8100 8329 8386
f 8107 8100 8386
f 8329 8848 8496
f 7483 7512 7277
f 7512 7393 7277
f 7224 7393 7221
f 7175 7141 7172
f 7141 7175 7109
f 9066 8936 8942
f 8853 8786 8942
f 8786 8853 8700
f 7002 6886 6852
f 7005 6886 7002
f 7590 7866 7578
f 7360 7111 7151
f 7111 7068 7151
f 7068 7111 6918
f 6616 6568 6591
f 6504 6489 6468
f 6489 6442 6468
f 6468 6442 6379
f 6624 6563 6656
f 6285 6263 6296
f 6247 6239 6216
f 6216 6168 6225
f 6168 6183 6225
f 6429 6399 6321
f 6268 6264 6321
f 6226 6264 6233
f 6204 6226 6193
f 6226 6233 6193
f 7935 8107 8472
f 8496 9092 8807
f 8496 8386 8329
f 9092 8496 8848
f 9380 9295 9161
f 9380 9161 9234
f 9269 9380 9234
f 9269 9350 9380
f 9350 9269 9386
f 9269 9204 9386
f 7221 7365 7172
f 7172 7365 7175
f 9204 9278 9396
f 9351 9278 9236
f 9236 9278 9241
f 9066 9236 9241
f 9066 8942 9137
f 9236 9066 9137
f 8942 8786 8969
f 9137 8942 8969
f 8700 8564 8786
f 8564 8397 8337
f 8305 8337 7720
f 7590 7578 7360
f 6756 6850 6852
f 7360 7151 7439
f 6916 7068 6918
f 6918 6842 6916
f 6390 6379 6442
f 6379 6390 6285
f 6741 6716 6624
f 6296 6379 6285
f 6263 6285 6239
f 6519 6457 6573
f 6239 6219 6216
f 6183 6168 6153
f 6183 6153 6194
f 6153 6140 6171
f 6194 6171 6199
f 6153 6171 6194
f 6264 6246 6321
f 6171 6140 6137
f 6199 6171 6193
f 6137 6180 6171
f 6193 6171 6180
f 6193 6180 6204
f 6204 6189 6226
f 6204 6180 6189
f 8386 8496 8646
f 8386 8472 8107
f 9023 8807 9092
f 9127 9023 9092
f 9161 9127 9092
f 9295 9127 9161
f 7739 7815 7512
f 7815 7739 7935
f 7739 7512 7483
f 9380 9350 9386
f 9386 9419 9380
f 7221 7393 7365
f 7393 7484 7365
f 9386 9204 9396
f 7175 7365 7356
f 9396 9278 9399
f 9399 9278 9351
f 9236 9137 9351
f 9351 9137 9344
f 7049 7005 7109
f 8564 8337 8484
f 8484 8786 8564
f 7720 7866 8305
f 6852 6830 6756
f 6830 6852 6886
f 6661 6689 6756
f 7439 7151 7204
f 7151 7068 7086
f 7086 7204 7151
f 6661 6616 6689
f 7086 7068 6916
f 6790 6842 6788
f 6716 6741 6788
f 6410 6390 6442
f 6457 6516 6573
f 6216 6219 6168
f 6168 6148 6153
f 6153 6134 6140
f 6246 6429 6321
f 6246 6264 6226
f 6226 6189 6202
f 6180 6137 6165
f 6137 6136 6165
f 6170 6180 6165
f 6170 6189 6180
f 8807 9023 8964
f 7968 7935 8472
f 8472 8386 8646
f 8807 8646 8496
f 9195 9295 9363
f 9380 9363 9295
f 7751 7393 7512
f 7525 7393 7751
f 9419 9386 9452
f 9386 9396 9452
f 9396 9399 9438
f 9399 9351 9397
f 9315 9344 9137
f 8305 8484 8337
f 7049 7026 7005
f 8305 7866 7972
f 6886 6879 6830
f 6568 6616 6661
f 6530 6515 6489
f 6515 6530 6568
f 6842 6790 6837
f 6916 6842 6837
f 6788 6741 6790
f 6257 6390 6410
f 6563 6573 6656
f 6289 6239 6285
f 6239 6289 6219
f 6429 6287 6432
f 6153 6148 6119
f 6287 6429 6246
f 6153 6119 6134
f 6137 6134 6112
f 6134 6137 6140
f 6246 6226 6202
f 8472 8646 8745
f 8646 8807 8745
f 8745 8807 8964
f 7935 7968 7815
f 9127 9195 9132
f 9127 9295 9195
f 9195 9363 9275
f 7815 7751 7512
f 9380 9419 9405
f 7489 7393 7525
f 9460 9419 9452
f 7393 7489 7484
f 9460 9452 9469
f 7484 7356 7365
f 9452 9396 9469
f 9469 9396 9438
f 9438 9399 9449
f 9399 9397 9449
f 9351 9344 9397
f 9085 9315 9137
f 9137 8969 9085
f 8556 8969 8786
f 7109 7206 7049
f 8786 8484 8556
f 7005 7026 6886
f 7972 7866 7868
f 6886 7026 6879
f 7439 7590 7360
f 6830 6782 6756
f 7439 7204 7231
f 6489 6515 6442
f 6455 6442 6515
f 6390 6257 6289
f 6285 6390 6289
f 6573 6516 6546
f 6516 6457 6429
f 6168 6219 6125
f 6168 6125 6148
f 6119 6098 6134
f 6098 6112 6134
f 6112 6098 6051
f 6112 6051 6105
f 6137 6116 6136
f 6137 6112 6116
f 6112 6105 6116
f 6202 6184 6246
f 6051 6062 6105
f 6145 6184 6170
f 6184 6189 6170
f 6184 6202 6189
f 6105 6062 6074
f 6136 6116 6132
f 6165 6136 6145
f 6145 6136 6132
f 6145 6170 6165
f 6116 6105 6092
f 6092 6105 6074
f 6132 6116 6092
f 8472 8745 8482
f 9023 9132 8964
f 9023 9127 9132
f 9132 9195 9275
f 7798 7815 7898
f 7898 7815 7968
f 7815 7798 7751
f 9363 9405 9367
f 9363 9380 9405
f 9405 9419 9460
f 7356 7484 7431
f 7431 7453 7356
f 7175 7356 7109
f 9449 9397 9445
f 9344 9315 9379
f 9397 9344 9379
f 9282 9315 9085
f 8438 8484 8305
f 8556 8484 8438
f 7049 7114 7026
f 7866 7590 7868
f 7231 7468 7439
f 6638 6756 6782
f 7086 7231 7204
f 6756 6638 6661
f 7084 7231 7086
f 6568 6661 6583
f 7086 6897 7084
f 6916 6897 7086
f 6568 6543 6515
f 6916 6837 6897
f 6442 6455 6410
f 6741 6624 6656
f 6219 6289 6221
f 6571 6573 6546
f 6125 6077 6119
f 6148 6125 6119
f 6119 6077 6083
f 6083 6003 6098
f 6119 6083 6098
f 6003 6051 6098
f 6003 5998 6051
f 6145 6132 6130
f 6130 6154 6145
f 6184 6145 6154
f 6051 5998 6018
f 6062 6051 6018
f 5998 5993 6018
f 6064 6062 6018
f 6074 6062 6064
f 6092 6074 6064
f 6132 6092 6091
f 6130 6132 6091
f 6017 6018 5993
f 6048 6018 6017
f 6064 6018 6048
f 6092 6064 6091
f 6130 6091 6080
f 6080 6091 6064
f 6048 6017 6060
f 6064 6048 6060
f 6080 6064 6060
f 8745 8859 8482
f 8964 8859 8745
f 9132 9275 9160
f 9363 9367 9275
f 9430 9367 9405
f 7751 7763 7525
f 9405 9460 9430
f 9477 9460 9486
f 9460 9469 9486
f 7484 7453 7431
f 9486 9469 9492
f 9492 9469 9494
f 9469 9438 9494
f 9494 9438 9519
f 9438 9449 9519
f 7109 7356 7206
f 9449 9445 9497
f 9397 9379 9442
f 9445 9397 9442
f 9315 9282 9379
f 9214 9085 8969
f 7972 8438 8305
f 8438 7972 7868
f 7439 7468 7590
f 6782 6830 6858
f 6879 6858 6830
f 7387 7468 7231
f 6782 6725 6638
f 6661 6638 6583
f 6583 6543 6568
f 6427 6410 6455
f 6257 6410 6427
f 6221 6289 6257
f 6219 6221 6151
f 6125 6219 6151
f 6429 6432 6516
f 6287 6340 6432
f 6287 6246 6240
f 6246 6184 6240
f 6130 6118 6154
f 6130 6080 6118
f 5990 6017 5993
f 6118 6080 6089
f 6017 6046 6060
f 6017 5990 6046
f 6063 6060 6046
f 6080 6060 6063
f 8859 8445 8482
f 8445 8859 8908
f 8908 8859 9011
f 7968 8472 8188
f 8482 8188 8472
f 9011 8859 8964
f 8964 9132 9011
f 9132 9078 9011
f 9132 9160 9078
f 7898 8036 7854
f 7854 7798 7898
f 9160 9275 9367
f 9368 9160 9367
f 7854 7751 7798
f 7763 7751 7854
f 9368 9367 9430
f 7763 7723 7525
f 7723 7489 7525
f 7489 7706 7484
f 7356 7453 7546
f 9519 9570 9494
f 9519 9449 9497
f 9421 9379 9282
f 9379 9421 9442
f 9214 9282 9085
f 9214 8969 8556
f 7206 7114 7049
f 8458 8556 8438
f 7061 7026 7114
f 7026 7061 6879
f 7061 6967 6879
f 6967 6858 6879
f 6782 6858 6725
f 7196 7387 7231
f 7231 7095 7196
f 7095 7231 7084
f 6583 6638 6606
f 7095 7084 6897
f 6543 6583 6606
f 6790 6656 6749
f 6741 6656 6790
f 6317 6257 6427
f 6656 6573 6571
f 6151 6221 6176
f 6438 6546 6516
f 6176 6124 6151
f 6151 6124 6125
f 6077 6125 6022
f 6022 6125 6124
f 6077 6022 6083
f 6083 6022 6003
f 6022 5976 6003
f 6184 6154 6240
f 5976 5998 6003
f 5998 5976 5967
f 5998 5967 5993
f 5901 5958 5967
f 5901 5909 5958
f 5967 5958 5990
f 5993 5967 5990
f 5990 5958 5981
f 6118 6089 6101
f 6032 5990 5981
f 5958 5909 5945
f 5981 5958 5945
f 5990 6032 6046
f 6063 6089 6080
f 5945 5909 5908
f 6032 5981 6030
f 6063 6046 6032
f 5981 5945 6030
f 5945 5908 5921
f 6063 6032 6030
f 6050 6089 6063
f 6050 6063 6030
f 5945 5921 5920
f 5983 5945 5920
f 7968 8188 8036
f 7968 8036 7898
f 9430 9460 9477
f 7706 7453 7484
f 9477 9486 9487
f 9546 9494 9570
f 9546 9492 9494
f 7356 7546 7296
f 7356 7296 7206
f 7206 7183 7114
f 9214 8556 8880
f 8880 8556 8458
f 7114 7135 7061
f 8185 8438 7868
f 7868 7590 7903
f 7387 7423 7468
f 6967 6871 6858
f 7150 7271 7196
f 7196 7095 7150
f 7095 7097 7150
f 6985 7097 7095
f 6985 7095 6897
f 6515 6543 6531
f 6897 6837 6835
f 6515 6478 6455
f 6531 6478 6515
f 6430 6427 6455
f 6656 6571 6631
f 6221 6257 6185
f 6221 6185 6177
f 6176 6221 6177
f 6177 6124 6176
f 6438 6516 6432
f 6049 6022 6124
f 6022 6049 6021
f 6340 6287 6344
f 6287 6240 6344
f 6022 5982 5947
f 6022 5947 5976
f 6155 6240 6154
f 5967 5976 5901
f 5883 5901 5947
f 5976 5947 5901
f 6101 6157 6118
f 5863 5883 5852
f 5901 5883 5863
f 5901 5863 5909
f 6101 6089 6099
f 5842 5886 5863
f 5909 5886 5908
f 5863 5886 5909
f 6089 6086 6099
f 6086 6073 6099
f 5868 5886 5842
f 5900 5886 5868
f 5908 5900 5921
f 5886 5900 5908
f 6089 6050 6065
f 6089 6065 6086
f 5921 5900 5920
f 5945 5983 6030
f 5983 6015 6030
f 6073 6086 6065
f 5912 5920 5900
f 5948 5920 5912
f 5983 5920 5948
f 6050 6030 6015
f 6050 6015 6040
f 6040 6065 6050
f 5912 5922 5948
f 5983 5948 5975
f 5975 5948 5922
f 6015 5983 5996
f 5996 5983 5975
f 6015 5996 6024
f 6040 6015 6024
f 8908 8704 8445
f 8036 8188 8114
f 8445 8188 8482
f 8036 7953 7854
f 7854 7953 7892
f 9174 9160 9368
f 9332 9174 9368
f 7854 7827 7763
f 9381 9332 9368
f 9381 9368 9430
f 7723 7706 7489
f 9430 9477 9381
f 9486 9492 9546
f 7453 7634 7546
f 9546 9570 9582
f 9497 9445 9484
f 9484 9445 9442
f 9421 9484 9442
f 7296 7183 7206
f 9365 9282 9214
f 9421 9282 9365
f 7183 7135 7114
f 7590 7660 7903
f 6967 7061 6871
f 7271 7294 7350
f 7271 7423 7387
f 7271 7350 7423
f 7350 7519 7423
f 7468 7423 7519
f 7468 7660 7590
f 7271 7387 7196
f 7150 7088 7153
f 7294 7271 7153
f 7153 7271 7150
f 6725 6858 6767
f 7097 7088 7150
f 6725 6767 6634
f 7016 7088 7097
f 6725 6634 6638
f 7097 6985 7016
f 6638 6634 6606
f 6543 6606 6634
f 6555 6543 6634
f 6898 6985 6897
f 6555 6531 6543
f 6898 6897 6835
f 6835 6790 6749
f 6837 6790 6835
f 6430 6317 6427
f 6657 6749 6656
f 6293 6257 6317
f 6656 6631 6657
f 6257 6293 6251
f 6185 6257 6251
f 6557 6571 6546
f 6557 6438 6481
f 6438 6557 6546
f 6124 6177 6113
f 6049 6124 6113
f 6438 6432 6340
f 6385 6438 6340
f 6031 6021 6049
f 6022 6021 5982
f 6240 6155 6227
f 5982 5940 5947
f 5940 5875 5947
f 6154 6118 6155
f 5883 5947 5875
f 6118 6157 6155
f 5875 5852 5883
f 5852 5838 5863
f 6101 6159 6157
f 5863 5838 5842
f 6101 6099 6123
f 5882 5900 5868
f 5912 5900 5882
f 6065 6040 6073
f 5912 5882 5904
f 5912 5904 5922
f 5970 5922 5918
f 5975 5922 5970
f 5996 5975 5970
f 8908 8850 8704
f 8908 9011 8850
f 8114 7953 8036
f 9160 9174 9078
f 7854 7892 7827
f 7763 7827 7723
f 7827 7706 7723
f 7886 7634 7453
f 7706 7886 7453
f 9477 9487 9499
f 9486 9546 9487
f 9519 9631 9570
f 9519 9497 9484
f 9519 9484 9597
f 7135 7183 7202
f 8458 8438 8185
f 7061 7135 7118
f 7118 7135 7193
f 7214 7135 7202
f 7193 7135 7214
f 8185 7868 7903
f 7193 7090 7118
f 7061 7118 6963
f 6963 7118 7090
f 7193 7219 7090
f 7275 7219 7193
f 7061 6963 6871
f 7090 6999 6963
f 7248 7090 7219
f 7275 7248 7219
f 7248 7350 7294
f 7248 7275 7350
f 7275 7347 7350
f 7519 7350 7347
f 7519 7660 7468
f 6999 6956 6963
f 7090 7037 6999
f 7248 7037 7090
f 6871 6963 6896
f 6956 6896 6963
f 6999 6990 6956
f 7037 6990 6999
f 7153 7088 7037
f 7248 7153 7037
f 7294 7153 7248
f 6858 6871 6767
f 6767 6871 6859
f 6859 6871 6896
f 6956 6990 6980
f 7037 7024 6990
f 7088 7024 7037
f 6980 7024 6987
f 6980 6990 7024
f 7024 7088 7058
f 6767 6859 6634
f 7058 6987 7024
f 7088 7016 7058
f 6634 6859 6664
f 7016 6965 7058
f 6985 6965 7016
f 6965 6985 6895
f 6634 6664 6555
f 6898 6841 6895
f 6985 6898 6895
f 6835 6841 6898
f 6555 6514 6531
f 6841 6835 6746
f 6835 6749 6746
f 6478 6430 6455
f 6421 6430 6478
f 6682 6746 6749
f 6317 6430 6421
f 6749 6657 6682
f 6293 6317 6421
f 6657 6631 6682
f 6571 6557 6631
f 6251 6188 6185
f 6113 6177 6185
f 6481 6438 6423
f 6139 6113 6185
f 6139 6087 6113
f 6423 6438 6385
f 6087 6049 6113
f 6344 6385 6340
f 6021 6031 6002
f 6002 5982 6021
f 5982 6002 5953
f 5940 5982 5953
f 6227 6155 6208
f 5940 5953 5865
f 5875 5940 5865
f 6208 6155 6157
f 5875 5865 5852
f 5852 5834 5838
f 5834 5827 5838
f 5827 5830 5838
f 6101 6123 6159
f 5838 5830 5842
f 6081 6123 6099
f 6099 6073 6081
f 5841 5842 5830
f 5868 5841 5882
f 5842 5841 5868
f 5882 5841 5870
f 5904 5882 5870
f 6040 6024 6028
f 6028 6037 6040
f 6037 6073 6040
f 5922 5904 5918
f 5970 6000 5996
f 5996 6000 6024
f 6000 6028 6024
f 5918 5927 5970
f 9011 9119 8850
f 9011 9078 9119
f 8429 8188 8445
f 8114 8188 8429
f 8098 7953 8114
f 7892 7953 8098
f 7920 7893 7892
f 7892 7893 7827
f 7827 7893 7706
f 9487 9546 9639
f 9546 9582 9639
f 7756 7546 7634
f 9629 9570 9631
f 9582 9570 9629
f 9519 9597 9631
f 9484 9421 9597
f 9391 9214 8880
f 7903 7986 8185
f 7246 7275 7193
f 7214 7246 7193
f 7369 7275 7246
f 7246 7434 7369
f 7369 7347 7275
f 7519 7347 7572
f 7791 7660 7519
f 6896 6956 6980
f 6708 6859 6896
f 6980 6855 6896
f 6987 6942 6980
f 6859 6708 6664
f 6896 6794 6708
f 6855 6794 6896
f 6980 6942 6855
f 7058 6965 6987
f 6965 6942 6987
f 6602 6664 6708
f 6794 6660 6708
f 6705 6660 6794
f 6855 6705 6794
f 6866 6787 6855
f 6965 6895 6866
f 6965 6866 6942
f 6942 6866 6855
f 6708 6660 6602
f 6855 6787 6705
f 6895 6841 6866
f 6555 6664 6602
f 6555 6602 6559
f 6555 6559 6514
f 6660 6627 6602
f 6705 6627 6660
f 6602 6586 6559
f 6627 6586 6602
f 6639 6586 6627
f 6639 6627 6655
f 6705 6655 6627
f 6787 6721 6705
f 6721 6655 6705
f 6746 6721 6866
f 6866 6721 6787
f 6841 6746 6866
f 6655 6721 6651
f 6478 6514 6421
f 6478 6531 6514
f 6710 6651 6721
f 6641 6651 6710
f 6721 6746 6710
f 6514 6440 6421
f 6746 6682 6710
f 6682 6652 6710
f 6652 6682 6631
f 6376 6295 6293
f 6251 6293 6253
f 6253 6293 6295
f 6253 6188 6251
f 6481 6545 6557
f 6185 6188 6139
f 6188 6106 6139
f 6087 6139 6106
f 6103 6087 6106
f 6337 6385 6344
f 6087 6031 6049
f 6087 6043 6031
f 6240 6337 6344
f 6025 6002 6031
f 6043 6025 6031
f 6274 6240 6227
f 5953 6002 5979
f 5895 5953 5979
f 5865 5953 5895
f 6208 6157 6196
f 6196 6157 6159
f 5865 5853 5834
f 5852 5865 5834
f 5853 5865 5895
f 5830 5832 5841
f 6073 6070 6081
f 5904 5870 5897
f 5918 5904 5897
f 5918 5897 5927
f 6037 6058 6073
f 5927 5897 5876
f 5970 5927 5980
f 6000 5970 6007
f 6037 6028 6042
f 6007 5970 5980
f 6028 6000 6007
f 6042 6028 6007
f 8704 8640 8445
f 8704 8850 8640
f 9078 9174 9119
f 9271 9174 9332
f 9271 9332 9361
f 7920 8073 7893
f 9361 9332 9381
f 7893 7886 7706
f 9381 9477 9416
f 9499 9416 9477
f 9487 9545 9499
f 7756 7634 8131
f 9626 9639 9582
f 7546 7565 7296
f 9627 9631 9597
f 9595 9421 9365
f 9597 9421 9595
f 9365 9214 9391
f 7296 7433 7183
f 8880 8458 8899
f 7183 7433 7202
f 7433 7214 7202
f 7246 7354 7434
f 7903 7791 7986
f 7791 7903 7660
f 7369 7434 7471
f 7369 7471 7347
f 7347 7471 7572
f 6655 6651 6639
f 6471 6440 6514
f 6652 6641 6710
f 6421 6440 6439
f 6641 6652 6617
f 6421 6376 6293
f 6439 6376 6421
f 6652 6631 6545
f 6617 6652 6545
f 6376 6323 6295
f 6557 6545 6631
f 6295 6237 6253
f 6494 6545 6481
f 6253 6209 6188
f 6481 6423 6494
f 6209 6106 6188
f 6423 6409 6494
f 6372 6409 6423
f 6423 6385 6372
f 6372 6385 6337
f 6103 6043 6087
f 6103 6094 6043
f 6324 6337 6240
f 6035 6025 6043
f 6274 6324 6240
f 6002 6005 5979
f 6025 6005 6002
f 5895 5893 5853
f 5834 5828 5827
f 5827 5828 5830
f 6081 6097 6123
f 6081 6070 6097
f 5897 5870 5876
f 6073 6058 6070
f 6075 6070 6058
f 5927 5876 5929
f 6058 6037 6042
f 5927 5929 5963
f 5927 5963 5980
f 6042 6007 6023
f 8719 8640 8806
f 8114 8429 8359
f 8445 8487 8429
f 8487 8445 8640
f 8640 8850 8806
f 8359 8098 8114
f 7892 8098 7920
f 9381 9416 9361
f 9487 9639 9545
f 9582 9629 9626
f 9629 9631 9675
f 7565 7546 7756
f 9668 9675 9631
f 9627 9668 9631
f 7214 7433 7388
f 7246 7214 7354
f 7354 7214 7388
f 8522 8185 7986
f 8458 8185 8522
f 7354 7420 7434
f 7420 7465 7434
f 7791 7908 7986
f 7471 7434 7465
f 7519 7572 7791
f 6559 6526 6514
f 6559 6586 6526
f 6639 6526 6586
f 6471 6514 6526
f 6639 6651 6526
f 6440 6471 6439
f 6526 6473 6471
f 6541 6473 6526
f 6651 6541 6526
f 6641 6614 6651
f 6473 6439 6471
f 6541 6614 6551
f 6651 6614 6541
f 6641 6617 6614
f 6617 6551 6614
f 6346 6323 6376
f 6439 6346 6376
f 6295 6323 6278
f 6523 6503 6551
f 6617 6523 6551
f 6617 6545 6523
f 6295 6278 6237
f 6253 6237 6209
f 6523 6494 6420
f 6545 6494 6523
f 6237 6205 6209
f 6494 6409 6420
f 6106 6209 6103
f 6409 6372 6391
f 6372 6373 6391
f 6373 6372 6363
f 6094 6035 6043
f 6274 6227 6300
f 6005 6010 5979
f 6227 6208 6300
f 5979 5893 5895
f 5853 5855 5834
f 5893 5855 5853
f 6159 6123 6164
f 5839 5841 5832
f 5870 5841 5876
f 5881 5841 5839
f 5841 5881 5876
f 6071 6075 6058
f 5929 5876 5881
f 6058 6042 6071
f 6059 6071 6042
f 5980 5999 6007
f 5960 5963 5929
f 5980 5963 5960
f 5999 5980 5960
f 6023 6007 5999
f 6042 6023 6034
f 6034 6059 6042
f 6006 5960 5965
f 5999 5960 6006
f 8640 8719 8578
f 8640 8578 8487
f 9119 9194 8850
f 9174 9232 9119
f 9271 9232 9174
f 8098 8073 7920
f 9450 9416 9499
f 9365 9391 9547
f 9391 8880 8899
f 7425 7388 7433
f 7354 7388 7425
f 7448 7354 7425
f 8690 8458 8522
f 7354 7448 7420
f 7420 7448 7465
f 6541 6501 6473
f 6541 6551 6501
f 6346 6439 6473
f 6473 6501 6346
f 6551 6503 6501
f 6346 6301 6278
f 6323 6346 6278
f 6501 6322 6346
f 6346 6322 6301
f 6501 6354 6322
f 6503 6354 6501
f 6278 6301 6299
f 6322 6299 6301
f 6503 6392 6354
f 6503 6523 6392
f 6237 6278 6254
f 6254 6278 6299
f 6523 6420 6392
f 6322 6316 6299
f 6354 6316 6322
f 6237 6228 6205
f 6254 6228 6237
f 6294 6254 6299
f 6316 6294 6299
f 6318 6294 6316
f 6318 6316 6345
f 6316 6354 6345
f 6392 6345 6354
f 6345 6341 6318
f 6345 6392 6341
f 6420 6409 6341
f 6392 6420 6341
f 6409 6367 6341
f 6409 6391 6367
f 6209 6205 6103
f 6103 6205 6127
f 6103 6127 6094
f 6372 6337 6324
f 6372 6324 6363
f 6300 6324 6274
f 6300 6208 6250
f 6208 6196 6250
f 5979 5978 5893
f 6010 5978 5979
f 5893 5978 5892
f 5855 5835 5834
f 5834 5835 5828
f 5828 5829 5830
f 5830 5829 5832
f 5829 5833 5832
f 5878 5881 5839
f 5881 5878 5929
f 5937 5929 5878
f 6071 6082 6075
f 5929 5937 5960
f 6034 6052 6059
f 5965 5960 5937
f 6006 6023 5999
f 6039 6023 6006
f 6034 6023 6039
f 6052 6034 6039
f 8487 8602 8429
f 8602 8487 8578
f 8719 8806 9164
f 8429 8456 8359
f 8359 8456 8342
f 8098 8359 8342
f 9232 9194 9119
f 8098 8342 8073
f 7886 7893 8296
f 7886 8296 7634
f 8131 7634 8296
f 9499 9545 9450
f 9626 9629 9702
f 9702 9629 9675
f 9597 9638 9627
f 9638 9597 9595
f 9365 9547 9595
f 7565 7433 7296
f 9391 8899 9411
f 8458 8690 8899
f 8522 7986 8383
f 7471 7465 7605
f 7465 7507 7605
f 7572 7471 7672
f 7791 7572 7839
f 7791 7839 7908
f 6286 6228 6254
f 6294 6286 6254
f 6318 6286 6294
f 6341 6330 6318
f 6341 6350 6330
f 6350 6341 6367
f 6391 6373 6367
f 6373 6363 6394
f 6405 6363 6324
f 6353 6405 6324
f 6094 6102 6035
f 6324 6300 6353
f 6025 6010 6005
f 6035 6010 6025
f 6196 6159 6250
f 5893 5892 5855
f 5855 5894 5844
f 5855 5844 5835
f 6123 6097 6111
f 5832 5833 5839
f 5898 5937 5878
f 6071 6059 6052
f 6079 6071 6052
f 5965 5937 5955
f 6006 6012 6033
f 6039 6006 6033
f 8719 8682 8578
f 8602 8595 8429
f 8429 8595 8456
f 9194 9164 8850
f 8850 9164 8806
f 8342 8319 8073
f 9232 9271 9347
f 9361 9347 9271
f 9387 9347 9361
f 9387 9361 9416
f 7893 8073 8296
f 9387 9416 9450
f 8131 8142 7756
f 9639 9626 9702
f 9744 9738 9675
f 9668 9744 9675
f 7565 7756 7811
f 9695 9744 9668
f 9668 9627 9695
f 9627 9638 9695
f 9538 9595 9547
f 9638 9595 9538
f 7565 7583 7433
f 7433 7583 7425
f 9411 8899 9238
f 7425 7479 7448
f 7448 7479 7465
f 7479 7507 7465
f 7572 7672 7839
f 7986 7908 8037
f 8383 7986 8037
f 6286 6266 6228
f 6302 6266 6286
f 6318 6302 6286
f 6330 6302 6318
f 6367 6373 6350
f 6350 6373 6371
f 6127 6205 6163
f 6211 6163 6205
f 6373 6394 6371
f 6394 6363 6407
f 6363 6405 6407
f 6163 6094 6127
f 6353 6397 6405
f 6353 6300 6334
f 6334 6300 6250
f 5978 5977 5892
f 6159 6164 6290
f 5892 5894 5855
f 5892 5949 5894
f 6164 6123 6161
f 6161 6123 6111
f 6097 6070 6111
f 6070 6075 6111
f 5839 5845 5878
f 5845 5898 5878
f 6075 6082 6114
f 6111 6075 6114
f 6082 6071 6079
f 5898 5919 5937
f 5937 5919 5936
f 5955 5937 5936
f 5955 5973 5965
f 5965 5973 6006
f 6039 6057 6052
f 6012 6006 5973
f 8578 8682 8602
f 8342 8456 8442
f 9164 9194 9203
f 8342 8394 8319
f 8442 8394 8342
f 9194 9232 9203
f 8073 8319 8296
f 9387 9450 9401
f 9450 9545 9485
f 8142 7975 7756
f 9632 9545 9639
f 7756 7975 7811
f 9702 9675 9738
f 9547 9391 9411
f 7588 7425 7583
f 7479 7425 7588
f 8899 8690 9056
f 7471 7605 7672
f 7672 7773 7839
f 7896 7839 7773
f 7908 7839 7896
f 8037 7908 7896
f 6315 6266 6302
f 6330 6315 6302
f 6330 6350 6315
f 6266 6305 6228
f 6303 6305 6266
f 6315 6303 6266
f 6397 6353 6334
f 6334 6250 6290
f 6250 6159 6290
f 5894 5858 5844
f 5828 5835 5829
f 5829 5826 5833
f 5833 5831 5839
f 5839 5831 5845
f 5898 5845 5899
f 6079 6114 6082
f 5899 5913 5898
f 5898 5913 5919
f 5955 5936 5950
f 5973 5955 5950
f 6052 6057 6088
f 6052 6088 6079
f 9141 8919 8719
f 9164 9141 8719
f 8456 8532 8442
f 8442 8532 8394
f 9203 9232 9347
f 9371 9347 9387
f 9702 9632 9639
f 9695 9638 9683
f 7565 7675 7583
f 8899 9056 9238
f 7507 7570 7605
f 7672 7605 7707
f 8690 8522 8383
f 7672 7707 7773
f 6342 6315 6350
f 6228 6305 6205
f 6342 6350 6371
f 6371 6394 6402
f 6394 6407 6402
f 6402 6407 6413
f 6407 6405 6411
f 6407 6411 6413
f 6405 6397 6411
f 6035 6038 6010
f 6339 6334 6290
f 6010 6038 5978
f 5978 6038 5977
f 5892 5977 5949
f 5986 5949 5977
f 6290 6164 6347
f 5949 5896 5894
f 5894 5896 5858
f 5844 5858 5835
f 5835 5836 5829
f 5836 5826 5829
f 6111 6160 6161
f 5826 5831 5833
f 5831 5850 5845
f 5845 5850 5899
f 6114 6079 6100
f 5936 5919 5933
f 5950 5936 5933
f 6079 6088 6100
f 6012 5973 5952
f 6033 6055 6039
f 6055 6033 6029
f 8602 8698 8595
f 8682 8775 8602
f 8602 8775 8698
f 8719 8775 8682
f 8719 8919 8775
f 9141 9164 9203
f 9387 9401 9371
f 8394 8415 8319
f 8319 8406 8296
f 9567 9462 9485
f 8296 8264 8142
f 8131 8296 8142
f 8264 8296 8406
f 9545 9567 9485
f 9545 9632 9567
f 7975 7938 7811
f 9702 9738 9728
f 7565 7811 7675
f 9638 9538 9635
f 9683 9638 9635
f 9327 9411 9238
f 9056 9327 9238
f 7588 7555 7479
f 9056 8690 9055
f 7479 7555 7507
f 7555 7570 7507
f 7605 7570 7707
f 7896 7761 7875
f 7896 7773 7761
f 7896 8154 8037
f 7875 8154 7896
f 8037 8432 8383
f 6305 6211 6205
f 6371 6402 6342
f 6259 6211 6305
f 6211 6174 6163
f 6411 6397 6368
f 6334 6358 6368
f 6334 6368 6397
f 6334 6339 6358
f 5835 5858 5836
f 6161 6197 6164
f 6160 6197 6161
f 6133 6152 6111
f 6114 6133 6111
f 5888 5899 5850
f 5933 5919 5916
f 5916 5919 5913
f 5950 5933 5934
f 5952 5950 5934
f 5950 5952 5973
f 6039 6055 6057
f 6012 6029 6033
f 6013 6029 6012
f 8456 8595 8532
f 9141 9130 8919
f 9203 9347 9250
f 8549 8415 8488
f 8319 8415 8549
f 8319 8549 8406
f 9384 9450 9462
f 9450 9485 9462
f 9632 9702 9671
f 8142 8075 7975
f 7975 8075 7938
f 9728 9738 9754
f 9738 9744 9796
f 9796 9744 9798
f 9538 9599 9635
f 9547 9411 9538
f 9411 9327 9538
f 7773 7707 7761
f 8690 8383 8432
f 7875 7760 7774
f 7875 7761 7760
f 7875 8034 8154
f 8154 8432 8037
f 6335 6303 6315
f 6342 6388 6315
f 6315 6388 6335
f 6402 6388 6342
f 6383 6388 6402
f 6402 6413 6383
f 6413 6411 6401
f 6411 6382 6401
f 6368 6382 6411
f 6163 6174 6094
f 6368 6358 6382
f 6174 6102 6094
f 6382 6358 6374
f 6364 6358 6339
f 6035 6109 6038
f 6339 6290 6361
f 5977 6038 5986
f 6038 5972 5986
f 5986 5972 5949
f 6347 6164 6270
f 5858 5896 5885
f 6270 6164 6197
f 5860 5858 5885
f 6160 6111 6152
f 5826 5837 5831
f 5831 5837 5850
f 5837 5847 5850
f 5850 5847 5888
f 5913 5899 5888
f 6133 6114 6128
f 5933 5916 5934
f 6057 6055 6088
f 6055 6110 6088
f 5952 6013 6012
f 6013 6041 6029
f 8595 8698 8611
f 8595 8611 8532
f 8775 8919 8953
f 8919 9130 8953
f 9141 9203 9130
f 8532 8528 8394
f 8528 8415 8394
f 9347 9371 9250
f 8415 8528 8488
f 8488 8528 8590
f 9401 9384 9371
f 9401 9450 9384
f 8264 8265 8142
f 9712 9702 9728
f 9754 9738 9796
f 7938 7879 7811
f 9798 9744 9695
f 9695 9683 9742
f 9683 9667 9742
f 9635 9667 9683
f 9667 9635 9599
f 7583 7682 7588
f 9327 9056 9166
f 7682 7555 7588
f 7555 7656 7570
f 7570 7656 7707
f 7761 7707 7760
f 8690 8432 8435
f 7875 7774 7887
f 8034 7875 7887
f 6303 6335 6305
f 6383 6413 6401
f 6382 6369 6401
f 6369 6382 6370
f 6382 6374 6370
f 6358 6364 6374
f 6035 6102 6109
f 6339 6361 6364
f 6290 6347 6361
f 5949 5972 5896
f 5896 5915 5885
f 5858 5860 5836
f 5836 5837 5826
f 5888 5890 5913
f 5890 5907 5913
f 6114 6100 6128
f 6128 6100 6088
f 5931 5934 5916
f 5934 5931 5952
f 6110 6055 6056
f 6055 6029 6056
f 8680 8611 8698
f 8775 8852 8698
f 8698 8852 8680
f 8775 8953 8852
f 8532 8611 8528
f 9130 9203 9250
f 8590 8661 8488
f 8488 8661 8549
f 8264 8430 8265
f 8142 8265 8075
f 9671 9702 9712
f 9754 9796 9812
f 9754 9812 9728
f 8075 8057 7938
f 9798 9811 9796
f 9798 9695 9742
f 7822 7811 7879
f 7811 7822 7675
f 9538 9327 9483
f 9483 9599 9538
f 9483 9327 9402
f 9402 9327 9166
f 7682 7641 7555
f 9166 9056 9055
f 7555 7641 7656
f 7641 7651 7656
f 9055 8690 9032
f 7733 7707 7656
f 7733 7656 7692
f 7692 7656 7651
f 7707 7733 7760
f 8690 8909 9032
f 7760 7733 7774
f 8690 8435 8909
f 8034 7887 7990
f 8154 8034 7990
f 6388 6383 6335
f 6335 6383 6329
f 6305 6335 6329
f 6383 6386 6329
f 6383 6401 6386
f 6305 6329 6313
f 6259 6195 6211
f 6329 6352 6336
f 6329 6386 6352
f 6401 6369 6352
f 6386 6401 6352
f 6174 6211 6195
f 6370 6374 6375
f 6375 6374 6396
f 6374 6364 6396
f 6038 6109 6084
f 6364 6361 6416
f 6084 6045 6038
f 5896 5972 5915
f 5836 5860 5837
f 6160 6152 6167
f 6133 6167 6152
f 5888 5847 5873
f 6128 6167 6133
f 5907 5916 5913
f 6141 6088 6146
f 6088 6110 6146
f 5917 5931 5916
f 6110 6056 6093
f 6056 6054 6093
f 6144 6110 6093
f 5989 6013 5952
f 6056 6029 6054
f 6054 6144 6093
f 6013 6036 6041
f 6014 6036 6013
f 6041 6054 6029
f 6041 6076 6054
f 6041 6036 6061
f 6076 6041 6061
f 8756 8680 8852
f 8953 8972 8852
f 9130 8972 8953
f 8611 8650 8528
f 9196 9130 9250
f 8528 8650 8590
f 8590 8650 8792
f 8792 8661 8590
f 9384 9462 9446
f 9567 9446 9462
f 8549 8430 8406
f 8264 8406 8430
f 9632 9556 9567
f 8075 8265 8057
f 9728 9812 9799
f 8057 7962 7938
f 8062 7962 8057
f 9796 9811 9812
f 7938 7962 7879
f 9811 9798 9816
f 9552 9599 9483
f 7675 7682 7583
f 7733 7692 7730
f 7774 7733 7730
f 7843 7887 7774
f 7990 8116 8154
f 8116 8432 8154
f 7990 7887 7843
f 8432 8116 8292
f 8292 8435 8432
f 6305 6291 6259
f 6305 6313 6291
f 6259 6291 6261
f 6329 6336 6313
f 6195 6259 6261
f 6352 6369 6336
f 6291 6306 6261
f 6369 6370 6336
f 6357 6336 6370
f 6357 6370 6375
f 6431 6375 6396
f 6396 6364 6416
f 6424 6431 6396
f 6416 6424 6396
f 6416 6361 6464
f 6361 6436 6464
f 5972 6038 6045
f 6436 6361 6347
f 5887 5860 5885
f 5857 5860 5887
f 5860 5857 5837
f 5837 5857 5871
f 5847 5837 5871
f 5847 5871 5873
f 5873 5890 5888
f 5890 5879 5907
f 6167 6128 6158
f 6158 6088 6141
f 6128 6088 6158
f 5907 5917 5916
f 6146 6110 6206
f 6206 6110 6149
f 6206 6214 6146
f 6110 6144 6149
f 5952 5931 5944
f 6222 6149 6144
f 5989 5952 5944
f 6013 5989 6014
f 6076 6144 6054
f 6172 6144 6076
f 6222 6144 6172
f 8957 8756 8852
f 8972 8957 8852
f 8680 8650 8611
f 8680 8756 8650
f 8972 9124 8957
f 9130 9124 8972
f 9196 9124 9130
f 8792 8876 8661
f 9250 9371 9328
f 9371 9384 9328
f 8661 8639 8549
f 9712 9728 9799
f 9812 9811 9816
f 9816 9798 9793
f 9742 9766 9798
f 9766 9793 9798
f 9742 9667 9766
f 9599 9552 9667
f 7675 7822 7778
f 9316 9402 9166
f 9166 9055 9316
f 9055 9252 9316
f 7641 7652 7651
f 9252 9055 9032
f 7774 7730 7762
f 7843 7774 7762
f 6336 6325 6313
f 6336 6357 6325
f 6261 6249 6195
f 6357 6375 6387
f 6414 6387 6375
f 6375 6431 6414
f 6102 6174 6109
f 6424 6416 6464
f 5885 5911 5887
f 5915 5911 5885
f 5857 5884 5871
f 5890 5873 5879
f 5879 5873 5871
f 5902 5907 5879
f 5902 5906 5907
f 5907 5906 5917
f 5989 5944 5966
f 6149 6222 6206
f 6014 5989 5966
f 6014 6004 6036
f 6090 6172 6076
f 6036 6004 6027
f 6036 6027 6047
f 6061 6036 6047
f 6090 6076 6061
f 8957 9124 9015
f 8756 8874 8650
f 8957 8951 8756
f 9070 8951 9015
f 8951 8957 9015
f 9131 9015 9124
f 8650 8874 8792
f 8963 8874 8951
f 8874 8756 8951
f 9070 8963 8951
f 9124 9182 9131
f 9124 9196 9182
f 9328 9196 9250
f 8876 8792 8874
f 8876 8639 8661
f 8549 8639 8637
f 9446 9567 9556
f 8549 8637 8430
f 8430 8500 8265
f 8057 8265 8062
f 7675 7778 7682
f 7682 7683 7641
f 7641 7683 7652
f 7652 7655 7651
f 7651 7655 7692
f 8909 8974 9041
f 9032 8909 9041
f 7726 7730 7692
f 7726 7692 7687
f 7687 7692 7655
f 7730 7726 7762
f 8909 8435 8560
f 8116 7923 8292
f 7762 7846 7843
f 7990 7843 7846
f 8292 7923 8065
f 7873 7990 7846
f 8116 7990 7873
f 6291 6313 6306
f 6306 6304 6261
f 6313 6325 6306
f 6282 6249 6304
f 6249 6261 6304
f 6453 6414 6431
f 6431 6424 6497
f 6490 6497 6424
f 6476 6490 6424
f 6424 6464 6476
f 6347 6417 6436
f 6020 6045 6084
f 5972 6045 6020
f 6347 6270 6417
f 5972 5938 5915
f 6020 5938 5972
f 5911 5915 5938
f 6197 6308 6270
f 5887 5884 5857
f 6160 6167 6255
f 6255 6167 6229
f 5879 5856 5902
f 5854 5856 5879
f 6192 6167 6158
f 6146 6214 6210
f 6223 6210 6214
f 6343 6214 6206
f 6004 6014 5966
f 6090 6179 6172
f 6047 6078 6061
f 6061 6078 6090
f 9131 9070 9015
f 9196 9263 9182
f 9196 9328 9263
f 8963 8876 8874
f 8876 8868 8639
f 9384 9412 9328
f 9412 9384 9446
f 8639 8717 8637
f 8868 8717 8639
f 8637 8500 8430
f 9671 9712 9698
f 8500 8174 8265
f 9712 9807 9698
f 9807 9712 9799
f 8265 8174 8062
f 9812 9816 9830
f 9766 9667 9552
f 9666 9766 9552
f 7879 7831 7822
f 9552 9483 9568
f 7822 7831 7778
f 9316 9562 9402
f 9562 9483 9402
f 9316 9390 9562
f 9316 9252 9390
f 9252 9032 9104
f 9104 9285 9252
f 9390 9252 9285
f 9041 9104 9032
f 9285 9104 9041
f 8560 8947 8909
f 8909 8947 8974
f 8292 8560 8435
f 7737 7726 7687
f 7762 7726 7737
f 7846 7762 7737
f 7873 7846 7737
f 7923 8116 7873
f 6304 6306 6325
f 6357 6356 6325
f 6357 6387 6356
f 6387 6400 6356
f 6435 6400 6414
f 6400 6387 6414
f 6249 6174 6195
f 6174 6181 6109
f 6249 6181 6174
f 6431 6497 6453
f 6540 6490 6476
f 6464 6540 6476
f 6508 6464 6436
f 6436 6417 6508
f 6197 6160 6255
f 6255 6308 6197
f 5903 5884 5887
f 5884 5903 5871
f 5903 5880 5871
f 5854 5880 5851
f 5854 5879 5880
f 5879 5871 5880
f 6229 6167 6192
f 5846 5856 5854
f 5846 5902 5856
f 6192 6158 6198
f 6158 6141 6198
f 6198 6146 6210
f 6141 6146 6198
f 5906 5905 5917
f 6223 6320 6231
f 6320 6223 6248
f 6248 6223 6214
f 5931 5917 5905
f 6214 6343 6248
f 6320 6248 6343
f 5914 5931 5905
f 5931 5914 5944
f 6206 6279 6343
f 6355 6343 6279
f 5966 5944 5939
f 6222 6279 6206
f 6222 6172 6279
f 6326 6355 6279
f 6279 6172 6297
f 6297 6172 6179
f 6326 6279 6297
f 5966 5961 6004
f 6297 6179 6242
f 6120 6179 6090
f 6200 6179 6120
f 6242 6179 6200
f 5961 5974 6004
f 6027 6004 5974
f 6047 6072 6078
f 6078 6120 6090
f 6027 5974 5987
f 6047 6027 5987
f 6072 6047 5987
f 6120 6078 6072
f 9159 9070 9131
f 8963 8868 8876
f 8823 8717 8868
f 8717 8577 8637
f 8577 8500 8637
f 8500 8316 8174
f 8251 8174 8316
f 9807 9799 9826
f 9799 9812 9826
f 9812 9830 9826
f 7962 8062 8050
f 8050 7981 7962
f 9816 9793 9830
f 7962 7955 7879
f 9552 9619 9666
f 9552 9568 9619
f 9483 9562 9568
f 9390 9285 9356
f 8947 8998 8974
f 7655 7663 7687
f 9041 8974 8998
f 7687 7663 7737
f 7873 7737 7741
f 6304 6325 6331
f 6325 6356 6331
f 6414 6453 6435
f 6508 6558 6464
f 6084 6109 6131
f 6131 6020 6084
f 6417 6308 6534
f 6270 6308 6417
f 5911 5923 5887
f 5887 5923 5903
f 5923 5880 5903
f 6229 6273 6255
f 5851 5846 5854
f 6192 6215 6229
f 5846 5872 5902
f 6192 6198 6215
f 5872 5906 5902
f 6231 6215 6198
f 6198 6210 6231
f 6223 6231 6210
f 5906 5872 5905
f 5939 5944 5914
f 5966 5939 5961
f 6200 6120 6169
f 6072 5987 6008
f 6072 6008 6066
f 6072 6066 6108
f 6120 6072 6108
f 9182 9249 9131
f 9263 9249 9182
f 8963 9049 8868
f 8963 9070 9049
f 8868 9049 8823
f 9263 9321 9249
f 9328 9321 9263
f 9328 9412 9321
f 9412 9446 9509
f 9556 9509 9446
f 9600 9556 9632
f 9632 9671 9663
f 8577 8316 8500
f 9671 9698 9663
f 8174 8234 8050
f 8174 8050 8062
f 9830 9793 9797
f 9687 9766 9666
f 7879 7955 7870
f 9666 9619 9687
f 7879 7870 7831
f 9568 9562 9619
f 7682 7778 7683
f 9285 9468 9356
f 7652 7683 7655
f 9468 9285 9414
f 9285 9041 9335
f 9041 9178 9335
f 7655 7653 7663
f 8998 9178 9041
f 8947 8560 8571
f 8998 8947 8571
f 9178 8998 9073
f 7741 7737 7693
f 7693 7737 7663
f 8292 8471 8560
f 8292 8065 8143
f 8292 8143 8471
f 7923 7873 7741
f 6304 6331 6332
f 6331 6356 6377
f 6332 6331 6377
f 6282 6304 6332
f 6356 6400 6377
f 6400 6459 6377
f 6435 6459 6400
f 6435 6497 6581
f 6435 6453 6497
f 6497 6490 6581
f 6109 6181 6131
f 6131 6181 6218
f 6569 6581 6540
f 6582 6569 6540
f 6582 6464 6558
f 6540 6464 6582
f 6508 6417 6534
f 6131 6009 6020
f 6020 6009 5938
f 6534 6308 6505
f 5938 6009 5964
f 5911 5946 5923
f 5911 5938 5946
f 6308 6255 6273
f 5880 5923 5851
f 6273 6229 6260
f 6260 6229 6243
f 6243 6338 6260
f 6229 6215 6243
f 6243 6215 6275
f 6275 6215 6231
f 6275 6231 6271
f 6320 6271 6231
f 5905 5872 5861
f 6380 6271 6320
f 5874 5905 5861
f 6320 6343 6380
f 5905 5874 5914
f 6355 6380 6343
f 5874 5928 5914
f 5928 5939 5914
f 5939 5928 5961
f 6463 6326 6297
f 5928 5954 5961
f 6200 6169 6235
f 6242 6200 6235
f 5961 5954 5974
f 5974 5954 5987
f 6175 6120 6108
f 6169 6120 6175
f 9159 9131 9249
f 9159 9049 9070
f 9049 8978 8823
f 8626 8577 8717
f 8316 8577 8592
f 9815 9698 9807
f 8251 8234 8174
f 9766 9797 9793
f 7962 7981 7955
f 9797 9766 9687
f 9687 9619 9644
f 9562 9390 9564
f 9390 9607 9564
f 9390 9356 9607
f 9468 9596 9356
f 9285 9335 9414
f 7683 7653 7655
f 9374 9536 9414
f 9335 9374 9414
f 9335 9178 9374
f 9374 9178 9140
f 8929 9073 8998
f 9073 9140 9178
f 9374 9140 9372
f 8560 8471 8571
f 8929 8998 8571
f 7741 7693 7766
f 7741 7766 7823
f 7823 7923 7741
f 6332 6360 6282
f 6459 6465 6377
f 6377 6465 6332
f 6487 6459 6435
f 6435 6581 6577
f 6435 6577 6487
f 6249 6218 6181
f 6490 6540 6581
f 6131 6218 6143
f 6019 6009 6131
f 6273 6505 6308
f 5946 5938 5964
f 6273 6260 6365
f 5923 5946 5889
f 5923 5889 5851
f 6365 6260 6338
f 5851 5889 5862
f 5851 5862 5846
f 6338 6243 6275
f 5859 5872 5846
f 5859 5846 5862
f 6408 6338 6460
f 6338 6275 6393
f 6460 6338 6393
f 5859 5848 5843
f 6445 6479 6460
f 6271 6393 6275
f 6460 6393 6445
f 5861 5872 5859
f 5861 5859 5843
f 6271 6380 6393
f 6380 6445 6393
f 6445 6380 6495
f 6495 6380 6355
f 6495 6355 6492
f 6355 6326 6492
f 6488 6492 6326
f 6488 6326 6463
f 5924 5928 5874
f 5928 5924 5954
f 6297 6242 6433
f 6463 6297 6433
f 6433 6242 6235
f 5942 5954 5924
f 6169 6175 6235
f 5987 5954 5968
f 6008 5987 5968
f 6008 5968 5995
f 6066 6008 5995
f 6066 5995 6117
f 6108 6066 6117
f 6175 6108 6162
f 6108 6117 6162
f 9159 9249 9210
f 9210 9049 9159
f 9249 9321 9210
f 8717 8823 8851
f 9458 9412 9509
f 8717 8851 8658
f 9600 9509 9556
f 8577 8626 8592
f 8658 8626 8717
f 9632 9663 9600
f 8316 8592 8357
f 9663 9698 9760
f 9760 9698 9815
f 9807 9826 9815
f 9830 9797 9843
f 9684 9797 9687
f 9562 9564 9612
f 9619 9562 9612
f 9619 9612 9644
f 9607 9612 9564
f 9607 9356 9596
f 9596 9468 9604
f 7778 7715 7683
f 8471 8143 8380
f 9073 8929 8911
f 7923 7823 7874
f 7874 8065 7923
f 8066 8143 8065
f 8066 8065 7874
f 6282 6262 6249
f 6282 6288 6262
f 6577 6520 6487
f 6249 6262 6218
f 6582 6713 6569
f 6508 6643 6558
f 6508 6534 6643
f 6131 6115 6019
f 6019 5964 6009
f 6505 6273 6475
f 6273 6365 6475
f 6365 6338 6475
f 6474 6475 6338
f 6338 6408 6474
f 6552 6474 6408
f 5862 5866 5859
f 6460 6552 6408
f 5866 5848 5859
f 6479 6552 6460
f 6479 6445 6495
f 5843 5840 5861
f 5840 5849 5861
f 5861 5849 5874
f 6488 6463 6484
f 6235 6190 6213
f 6235 6213 6245
f 6312 6433 6235
f 6312 6235 6245
f 6175 6190 6235
f 6175 6162 6190
f 9339 9210 9321
f 8978 8981 8823
f 8823 8981 8851
f 9049 9133 8978
f 9412 9458 9321
f 9321 9458 9339
f 8316 8357 8251
f 8357 8321 8251
f 9846 9826 9869
f 9846 9815 9826
f 9826 9830 9869
f 9869 9830 9843
f 8050 8079 7981
f 9797 9684 9790
f 9687 9644 9684
f 9612 9659 9644
f 9644 9659 9658
f 9649 9659 9612
f 9649 9612 9607
f 7870 7872 7831
f 7831 7872 7802
f 7831 7802 7778
f 7683 7665 7653
f 9536 9374 9537
f 9537 9374 9372
f 7653 7654 7663
f 7663 7654 7693
f 9073 9142 9140
f 7727 7766 7693
f 7766 7727 7767
f 9073 9052 9142
f 7689 7727 7693
f 7766 7767 7823
f 8721 8911 8929
f 8380 8143 8307
f 7727 7758 7767
f 8178 8307 8143
f 8178 8143 8066
f 7758 7800 7767
f 7767 7800 7823
f 7874 7823 7800
f 8178 8066 8023
f 8066 7874 7901
f 8023 8066 7901
f 6360 6332 6406
f 6332 6465 6406
f 6459 6487 6465
f 6288 6217 6262
f 6115 6131 6143
f 6505 6643 6534
f 6115 6096 6019
f 6621 6505 6537
f 6537 6505 6475
f 5946 5964 5969
f 6537 6475 6474
f 6625 6537 6548
f 5946 5951 5889
f 5969 5951 5946
f 6548 6537 6474
f 5889 5891 5862
f 6548 6474 6552
f 5862 5891 5866
f 6552 6479 6495
f 5843 5848 5840
f 6492 6542 6495
f 5849 5869 5874
f 5869 5924 5874
f 5924 5869 5926
f 5869 5930 5926
f 6433 6312 6466
f 6312 6452 6466
f 6463 6433 6466
f 6484 6463 6485
f 6485 6463 6466
f 5926 5942 5924
f 5943 5942 5926
f 5943 5959 5942
f 5942 5959 5954
f 5954 5959 5968
f 5995 5968 5984
f 5968 5959 5984
f 5995 5984 6068
f 6117 5995 6068
f 6117 6068 6142
f 6162 6117 6142
f 8978 9058 8981
f 8978 9133 9058
f 9210 9133 9049
f 8658 8851 8760
f 9613 9458 9509
f 9600 9613 9509
f 9600 9663 9791
f 9663 9760 9791
f 8251 8321 8279
f 9843 9797 9790
f 9684 9691 9790
f 9684 9674 9691
f 9684 9644 9674
f 9674 9644 9658
f 9596 9649 9607
f 9596 9604 9657
f 9657 9649 9596
f 9680 9604 9468
f 9680 9657 9604
f 7778 7802 7715
f 9680 9468 9750
f 9750 9468 9701
f 9468 9414 9701
f 9709 9701 9536
f 9536 9701 9414
f 7683 7715 7665
f 7665 7715 7708
f 9536 9537 9709
f 9372 9140 9404
f 9404 9140 9142
f 9121 9142 9052
f 7693 7654 7689
f 7654 7662 7689
f 8471 8387 8571
f 8571 8387 8929
f 8387 8721 8929
f 8911 9052 9073
f 8387 8471 8380
f 8721 8837 8911
f 7758 7727 7689
f 7745 7758 7689
f 7800 7758 7745
f 7874 7800 7901
f 7901 7800 7745
f 6282 6360 6404
f 6465 6518 6480
f 6487 6518 6465
f 6487 6520 6518
f 6520 6547 6518
f 6547 6520 6577
f 6282 6404 6288
f 6569 6732 6581
f 6218 6262 6143
f 6143 6262 6217
f 6582 6558 6718
f 6643 6718 6558
f 6143 6217 6115
f 6505 6649 6643
f 6649 6505 6621
f 6537 6640 6621
f 6019 5969 5964
f 6019 6096 6067
f 6019 6067 5969
f 6712 6640 6537
f 5971 5969 6067
f 6625 6712 6537
f 6704 6712 6625
f 5969 5971 5951
f 6704 6625 6654
f 5951 5935 5889
f 6654 6548 6676
f 6625 6548 6654
f 5889 5935 5891
f 6676 6552 6578
f 6548 6552 6676
f 6578 6615 6676
f 5891 5867 5866
f 5866 5867 5848
f 6495 6578 6552
f 5848 5864 5840
f 5864 5848 5867
f 6495 6542 6578
f 6542 6570 6578
f 5840 5864 5849
f 6542 6492 6570
f 5877 5849 5864
f 6570 6492 6488
f 5869 5849 5877
f 6570 6488 6554
f 6488 6484 6554
f 5869 5877 5930
f 6452 6312 6265
f 5926 5930 5943
f 6190 6142 6187
f 6190 6187 6213
f 5943 5956 5959
f 6190 6162 6142
f 9339 9290 9210
f 9210 9290 9133
f 9458 9428 9339
f 8760 8851 8981
f 9458 9440 9428
f 9458 9581 9440
f 9458 9613 9581
f 9600 9791 9613
f 8391 8357 8592
f 9815 9791 9760
f 9791 9815 9846
f 8279 8234 8251
f 8234 8176 8050
f 9869 9843 9872
f 9872 9843 9848
f 9790 9848 9843
f 9721 9790 9691
f 9659 9649 9714
f 9680 9730 9657
f 7715 7802 7708
f 9709 9537 9693
f 7653 7665 7654
f 7665 7640 7654
f 9186 9142 9121
f 7654 7640 7662
f 8911 8837 9052
f 8380 8307 8387
f 8721 8387 8523
f 7662 7619 7689
f 7745 7689 7728
f 7745 7728 7770
f 7901 7745 7770
f 8023 7901 7919
f 6406 6456 6360
f 6465 6480 6406
f 6360 6456 6404
f 6480 6456 6406
f 6577 6599 6547
f 6581 6732 6778
f 6581 6778 6577
f 6569 6713 6732
f 6718 6713 6582
f 6217 6244 6201
f 6649 6718 6643
f 6649 6621 6740
f 6621 6640 6740
f 6115 6121 6096
f 6766 6640 6712
f 6704 6766 6712
f 6704 6818 6766
f 6704 6654 6744
f 6654 6737 6744
f 6676 6737 6654
f 6673 6737 6676
f 6676 6615 6673
f 6615 6578 6600
f 6578 6570 6600
f 5891 5864 5867
f 6600 6570 6554
f 5910 5864 5891
f 5877 5864 5910
f 6554 6484 6532
f 6532 6485 6524
f 6532 6484 6485
f 6485 6466 6496
f 6466 6452 6496
f 5943 5930 5956
f 6068 6191 6142
f 6191 6187 6142
f 6245 6213 6265
f 6265 6312 6245
f 5984 5959 5956
f 5985 5984 5956
f 6069 5984 5985
f 6068 5984 6069
f 9290 9339 9428
f 8981 8863 8760
f 8626 8658 8635
f 8626 8510 8592
f 9613 9654 9581
f 8443 8592 8510
f 8443 8391 8592
f 9791 9763 9613
f 9846 9869 9865
f 9865 9869 9872
f 9790 9721 9828
f 9790 9828 9848
f 9658 9659 9681
f 9657 9714 9649
f 9741 9657 9730
f 9750 9701 9809
f 9701 9709 9809
f 9537 9372 9554
f 9693 9537 9554
f 9554 9372 9404
f 9404 9142 9186
f 9052 9034 9121
f 8837 9034 9052
f 7640 7619 7662
f 8307 8460 8387
f 8523 8387 8460
f 8721 8523 8460
f 8837 8721 8844
f 9034 8837 8844
f 7619 7627 7689
f 7728 7772 7770
f 7770 7919 7901
f 7919 7969 8023
f 8046 8023 7969
f 6599 6566 6547
f 6547 6566 6518
f 6577 6778 6599
f 6732 6713 6776
f 6777 6713 6718
f 6217 6201 6115
f 6740 6777 6718
f 6718 6649 6740
f 6779 6740 6766
f 6863 6779 6766
f 6766 6740 6640
f 6863 6766 6818
f 6121 6067 6096
f 6894 6704 6744
f 6818 6704 6894
f 6869 6894 6744
f 6813 6869 6744
f 6737 6813 6744
f 5971 6067 5957
f 6784 6813 6737
f 5971 5957 5951
f 6001 5957 6067
f 6737 6673 6784
f 6673 6674 6784
f 5951 5957 5935
f 5925 5935 5957
f 5935 5925 5891
f 6615 6600 6673
f 5925 5910 5891
f 5910 5932 5877
f 5932 5930 5877
f 6532 6553 6554
f 5962 5930 5932
f 6485 6496 6524
f 6553 6532 6524
f 5962 6016 5985
f 6213 6187 6277
f 6213 6277 6265
f 6452 6265 6443
f 6452 6443 6496
f 5962 5956 5930
f 5985 5956 5962
f 6069 5985 6016
f 6068 6069 6126
f 6068 6126 6191
f 6187 6191 6277
f 9058 9133 9290
f 8981 9058 8863
f 9290 9428 9440
f 8626 8635 8585
f 9440 9542 9400
f 8626 8585 8510
f 9581 9617 9440
f 9581 9654 9617
f 9763 9654 9613
f 8357 8391 8321
f 9827 9763 9791
f 9791 9846 9827
f 8234 8279 8176
f 9865 9872 9849
f 9849 9872 9848
f 9721 9731 9828
f 8079 8050 8176
f 8079 8039 7981
f 9691 9674 9696
f 9696 9674 9660
f 9674 9658 9660
f 9660 9658 9681
f 9714 9681 9659
f 9657 9732 9714
f 9732 9657 9741
f 9741 9730 9860
f 9860 9730 9987
f 9680 9750 9957
f 9680 9957 9730
f 9750 9809 9956
f 9809 9709 9770
f 9709 9693 9770
f 7708 7802 7797
f 9693 9554 9672
f 7665 7708 7702
f 9554 9404 9505
f 9672 9554 9505
f 9505 9404 9216
f 9216 9404 9186
f 7665 7657 7640
f 9121 9076 9186
f 9121 9034 9076
f 8721 8460 8844
f 8307 8178 8263
f 8307 8385 8460
f 7619 7598 7627
f 8023 8046 8178
f 7679 7728 7689
f 7679 7689 7627
f 7728 7679 7772
f 8095 8178 8046
f 8263 8178 8095
f 8046 7969 7980
f 7770 7877 7919
f 7770 7772 7877
f 7877 7925 7919
f 7919 7980 7969
f 7772 7679 7747
f 7877 7772 7828
f 7828 7772 7747
f 7980 7919 7925
f 7679 7717 7747
f 7980 7925 8010
f 7747 7814 7828
f 7877 7828 7891
f 7925 7877 7891
f 7891 7828 7814
f 8010 7925 7974
f 7974 7925 7891
f 7974 8004 8010
f 7891 7814 7912
f 7974 7891 7991
f 7991 7891 7912
f 7991 7912 7950
f 6599 6620 6566
f 6404 6419 6288
f 6288 6244 6217
f 6776 6713 6777
f 6776 6777 6832
f 6832 6876 6776
f 6777 6740 6779
f 6832 6777 6779
f 6876 6832 6927
f 6876 6927 6941
f 6927 7138 6941
f 6115 6201 6236
f 7138 6927 6986
f 7138 7139 7173
f 6121 6115 6236
f 6986 6927 6832
f 7138 6986 7042
f 7139 7138 7042
f 6863 6832 6779
f 6986 6832 6863
f 7042 7140 7139
f 7042 6986 6863
f 7042 6863 6907
f 7140 7042 6907
f 7043 7140 6907
f 6907 6818 6894
f 6863 6818 6907
f 6900 7043 6907
f 6900 6907 6894
f 6894 6869 6900
f 6067 6121 6104
f 6821 6869 6813
f 6813 6784 6821
f 6104 6001 6067
f 5957 5991 5925
f 5991 5957 6001
f 5991 5941 5925
f 5925 5941 5910
f 5991 5992 5941
f 6600 6554 6594
f 5992 5988 5941
f 5910 5941 5932
f 5988 5932 5941
f 6594 6554 6585
f 6011 5994 5988
f 6585 6554 6553
f 5962 5932 5988
f 5994 5962 5988
f 6011 6016 5994
f 6016 5962 5994
f 6138 6069 6016
f 6443 6265 6277
f 6496 6443 6498
f 6498 6524 6496
f 9039 8863 9058
f 9039 8997 8863
f 9153 9039 9058
f 9290 9153 9058
f 9290 9222 9153
f 9440 9222 9290
f 9440 9400 9222
f 9440 9617 9542
f 9763 9764 9654
f 9763 9827 9764
f 9764 9827 9819
f 9845 9827 9846
f 9845 9819 9827
f 9846 9865 9845
f 8321 8212 8279
f 9865 9849 9845
f 8279 8212 8176
f 9849 9848 9828
f 9721 9696 9731
f 9721 9691 9696
f 9681 9714 9720
f 7870 7937 7872
f 7870 7955 7937
f 9750 9956 9957
f 7872 7797 7802
f 9672 9505 9520
f 7708 7797 7702
f 7665 7702 7657
f 9248 9505 9216
f 9186 9089 9216
f 9089 9186 9076
f 7619 7657 7592
f 7619 7640 7657
f 8460 8559 8844
f 8945 9034 8844
f 9076 9034 8945
f 8559 8460 8385
f 8945 8844 8870
f 8307 8263 8368
f 8385 8307 8368
f 8368 8263 8343
f 8046 8072 8095
f 8046 7980 8072
f 7679 7627 7717
f 7980 8010 8072
f 7719 7747 7717
f 8010 8004 8043
f 7814 7747 7719
f 8043 8004 8092
f 8092 8004 7974
f 7974 7991 8092
f 6456 6480 6539
f 6539 6480 6518
f 6566 6539 6518
f 6456 6441 6404
f 6441 6456 6512
f 6404 6441 6419
f 6732 6776 6913
f 6244 6288 6419
f 6913 6776 6876
f 7146 6941 7138
f 6121 6236 6147
f 7158 7140 7043
f 6900 6939 7043
f 6104 6121 6147
f 6900 6869 6939
f 6869 6821 6939
f 6784 6722 6821
f 6674 6722 6784
f 6674 6644 6722
f 6673 6644 6674
f 6644 6673 6600
f 5992 5997 5988
f 5988 5997 6011
f 6553 6533 6574
f 6553 6574 6585
f 6524 6498 6533
f 6553 6524 6533
f 6085 6016 6011
f 6138 6016 6085
f 6069 6138 6126
f 6191 6126 6220
f 6126 6138 6220
f 6443 6277 6412
f 6443 6412 6498
f 9039 9153 8997
f 9617 9654 9682
f 9654 9764 9682
f 9764 9767 9682
f 9764 9819 9767
f 9845 9822 9819
f 9822 9784 9819
f 9845 9849 9822
f 9822 9849 9828
f 9731 9696 9690
f 9660 9681 9648
f 9720 9705 9681
f 9720 9714 9732
f 7960 7937 7955
f 9741 9860 9835
f 9987 9730 9957
f 7872 7852 7797
f 9956 9809 9927
f 9809 9770 9927
f 9770 9672 9810
f 9693 9672 9770
f 9907 9770 9810
f 9672 9520 9802
f 9520 9482 9802
f 9248 9197 9520
f 9505 9248 9520
f 9216 9089 9248
f 9089 9076 8971
f 8971 9076 8945
f 7619 7592 7598
f 8504 8559 8385
f 8844 8559 8870
f 8385 8368 8504
f 7616 7627 7598
f 8263 8095 8343
f 7627 7616 7717
f 7625 7717 7616
f 8072 8010 8043
f 7717 7625 7719
f 7667 7719 7625
f 8043 8092 8177
f 7814 7719 7775
f 8137 8177 8092
f 7775 7719 7667
f 8092 7991 8087
f 8092 8087 8137
f 7775 7667 7832
f 7814 7832 7912
f 7814 7775 7832
f 7832 7950 7912
f 7950 8087 7991
f 8137 8087 8236
f 7764 7667 7613
f 7832 7667 7764
f 8087 7950 8102
f 7559 7764 7613
f 7950 7832 7946
f 8102 7950 7946
f 8102 8236 8087
f 7946 7832 7764
f 8026 8102 7946
f 7764 7559 7736
f 7764 7736 7946
f 7440 8026 7946
f 7736 7559 7366
f 6588 6539 6598
f 6598 6539 6566
f 6620 6598 6566
f 7946 7736 7440
f 6539 6512 6456
f 6588 6512 6539
f 6620 6599 6816
f 6778 6816 6599
f 6778 6732 6812
f 7736 7366 7223
f 7440 7736 7223
f 8026 7440 7260
f 7223 7366 7145
f 6419 6389 6244
f 6422 6389 6419
f 7440 7223 7260
f 7315 7529 7260
f 6913 6876 6941
f 7146 7003 6941
f 7145 7003 7146
f 6244 6389 6267
f 7213 7145 7146
f 7223 7145 7213
f 7367 7529 7315
f 6244 6267 6201
f 7260 7223 7213
f 6201 6267 6236
f 7138 7173 7146
f 7173 7213 7146
f 7260 7213 7315
f 7209 7367 7315
f 7209 7213 7173
f 7209 7315 7213
f 7139 7209 7173
f 7139 7232 7209
f 7247 7232 7140
f 7140 7232 7139
f 7140 7158 7247
f 6236 6178 6147
f 7158 7043 7142
f 7142 7043 7108
f 7043 6939 7108
f 6939 6821 6909
f 6104 6147 6178
f 6166 6104 6178
f 6909 6821 6822
f 6762 6822 6821
f 6001 6104 6053
f 6122 6053 6104
f 6129 6053 6122
f 6600 6585 6644
f 5991 6001 6026
f 6053 6026 6001
f 5992 5991 6026
f 6107 6026 6053
f 6585 6600 6594
f 5992 6026 5997
f 5997 6026 6044
f 6107 6095 6026
f 6095 6044 6026
f 5997 6044 6011
f 6095 6085 6044
f 6135 6085 6095
f 6085 6011 6044
f 6135 6182 6138
f 6138 6182 6220
f 6220 6232 6398
f 6138 6085 6135
f 6467 6412 6398
f 6498 6412 6467
f 6398 6191 6220
f 6277 6191 6398
f 6412 6277 6398
f 8760 8863 8827
f 8997 9153 9069
f 9153 9222 9069
f 8760 8827 8658
f 9544 9542 9617
f 9617 9682 9544
f 9767 9819 9784
f 9690 9822 9828
f 9690 9828 9731
f 9648 9681 9705
f 7981 7960 7955
f 9732 9741 9835
f 9860 9987 9981
f 9957 9956 9988
f 9927 9770 9907
f 9672 9802 9810
f 9810 9802 9907
f 7797 7777 7702
f 9248 9089 9197
f 9197 9089 8971
f 8575 8559 8504
f 8870 8559 8575
f 8971 8945 8888
f 8888 8945 8870
f 8368 8404 8504
f 8343 8404 8368
f 8343 8095 8196
f 7616 7598 7593
f 7593 7598 7579
f 8095 8144 8196
f 8095 8072 8144
f 7600 7616 7593
f 7616 7600 7625
f 8168 8043 8177
f 7625 7613 7667
f 8200 8177 8332
f 8177 8137 8291
f 8291 8332 8177
f 8137 8236 8291
f 7613 7580 7559
f 8102 8419 8236
f 8392 8291 8236
f 8419 8392 8236
f 7580 7513 7391
f 8102 8026 8310
f 8419 8102 8310
f 8418 8419 8310
f 7559 7580 7391
f 8310 8026 8007
f 8418 8310 8007
f 7559 7391 7366
f 7391 7270 7308
f 6620 6711 6598
f 7366 7391 7308
f 8007 8026 7910
f 7910 8157 8007
f 7366 7308 6994
f 6880 6917 6812
f 7260 7910 8026
f 6441 6462 6419
f 6913 6812 6732
f 6913 6880 6812
f 6924 6880 6913
f 6941 6924 6913
f 6994 6924 7003
f 7003 6924 6941
f 7366 6994 7145
f 6994 7003 7145
f 7260 7529 7910
f 7529 7367 7430
f 6267 6389 6348
f 6236 6267 6348
f 7367 7209 7232
f 7367 7232 7430
f 7430 7232 7400
f 6276 6236 6348
f 7400 7232 7247
f 6178 6236 6276
f 7158 7142 7247
f 6939 6909 7108
f 6234 6178 6276
f 6104 6166 6122
f 6821 6722 6762
f 6166 6129 6122
f 6129 6107 6053
f 6150 6107 6129
f 6150 6156 6107
f 6095 6107 6156
f 6173 6156 6150
f 6135 6095 6156
f 6173 6135 6156
f 6173 6212 6182
f 6550 6574 6533
f 6182 6135 6173
f 6212 6220 6182
f 6212 6232 6220
f 6550 6498 6521
f 6550 6533 6498
f 6483 6467 6398
f 6521 6467 6483
f 6498 6467 6521
f 8920 8827 8997
f 8997 8827 8863
f 8997 9069 8920
f 8658 8686 8635
f 8658 8827 8686
f 9400 9169 9222
f 9542 9544 9400
f 8391 8443 8341
f 8391 8293 8321
f 9682 9767 9548
f 9767 9784 9548
f 8321 8209 8212
f 9784 9822 9739
f 9634 9739 9822
f 9690 9634 9822
f 8212 8203 8176
f 9690 9696 9652
f 9696 9660 9652
f 9652 9660 9648
f 9648 9705 9685
f 7960 7981 8039
f 9957 10009 9987
f 9957 9988 10009
f 10014 10009 9988
f 9956 9927 9976
f 9956 9976 9988
f 10014 9988 9976
f 9927 9907 9976
f 9802 9482 9608
f 9520 9223 9482
f 9197 9223 9520
f 9197 8971 9019
f 8870 8575 8888
f 7592 7579 7598
f 7593 7581 7600
f 8072 8043 8168
f 8168 8177 8200
f 7625 7536 7613
f 7613 7536 7580
f 8413 8332 8392
f 7513 7536 7469
f 7432 7513 7469
f 7536 7513 7580
f 8332 8291 8392
f 8392 8419 8561
f 8418 8545 8419
f 8419 8545 8561
f 8418 8007 8157
f 6816 6809 6620
f 6620 6809 6711
f 7087 6995 7308
f 7270 7087 7308
f 6441 6512 6579
f 6812 6816 6778
f 6812 6917 6816
f 7308 6995 6994
f 6880 6924 6917
f 6462 6441 6579
f 6994 6917 6924
f 6995 6917 6994
f 7108 6909 7029
f 6909 6940 7029
f 6178 6234 6166
f 6207 6166 6234
f 6207 6203 6129
f 6166 6207 6129
f 6129 6203 6150
f 6585 6642 6644
f 6203 6186 6150
f 6585 6574 6642
f 6150 6186 6173
f 6521 6561 6550
f 6574 6550 6561
f 6561 6608 6574
f 6398 6232 6426
f 8827 8810 8686
f 9222 9169 9069
f 9400 9417 9169
f 8293 8209 8321
f 9548 9544 9682
f 9548 9784 9739
f 9690 9652 9634
f 8203 8207 8176
f 8079 8176 8054
f 8176 8173 8054
f 9648 9685 9645
f 8079 8054 8039
f 9720 9732 9842
f 9842 9732 9835
f 9860 9981 9835
f 7872 7937 7890
f 10014 9976 10010
f 9976 9907 9960
f 10010 9976 9960
f 7797 7852 7816
f 9907 9802 9960
f 9769 9802 9608
f 9338 9602 9482
f 9482 9602 9608
f 7702 7673 7657
f 7657 7673 7592
f 8575 8600 8888
f 8526 8575 8504
f 8428 8504 8404
f 8343 8322 8404
f 7579 7581 7593
f 8322 8343 8196
f 7568 7600 7581
f 8144 8193 8196
f 8144 8072 8168
f 8168 8193 8144
f 7467 7600 7490
f 7600 7467 7625
f 7625 7467 7536
f 8168 8200 8239
f 7536 7467 7469
f 8200 8289 8239
f 8200 8332 8289
f 8413 8289 8332
f 7513 7343 7391
f 7432 7343 7513
f 8392 8561 8586
f 8392 8586 8413
f 7290 7216 7270
f 7290 7270 7391
f 7270 7216 7087
f 8157 8465 8418
f 7087 6998 6995
f 6512 6588 6579
f 6874 6816 6917
f 6917 6995 6938
f 6998 6938 6995
f 7930 8245 8157
f 7930 8157 7910
f 6419 6462 6422
f 7779 7930 7910
f 7779 7910 7529
f 6425 6389 6422
f 7529 7430 7671
f 7671 7779 7529
f 6389 6425 6348
f 6348 6359 6276
f 7186 7142 7108
f 7108 7029 7186
f 6276 6307 6234
f 6940 6909 6822
f 6319 6234 6307
f 6207 6234 6269
f 6269 6203 6207
f 6642 6762 6722
f 6722 6644 6642
f 6252 6186 6203
f 6252 6203 6269
f 6252 6224 6186
f 6280 6224 6252
f 6608 6642 6574
f 6224 6173 6186
f 6280 6310 6224
f 6310 6212 6224
f 6483 6572 6521
f 6521 6572 6561
f 6173 6224 6212
f 6426 6310 6349
f 6310 6232 6212
f 6426 6232 6310
f 6483 6398 6426
f 8635 8686 8563
f 8920 8810 8827
f 9069 8926 8920
f 9069 9169 8926
f 8510 8635 8450
f 8510 8585 8635
f 8510 8450 8443
f 9544 9417 9400
f 8341 8293 8391
f 8209 8203 8212
f 9739 9634 9586
f 9621 9586 9634
f 9634 9652 9621
f 9652 9648 9645
f 9621 9652 9645
f 9705 9720 9820
f 9720 9842 9820
f 9835 9981 9897
f 9987 10009 9981
f 9981 10009 10047
f 10047 10009 10048
f 10048 10009 10051
f 10009 10014 10051
f 10051 10014 10010
f 9608 9602 9769
f 9802 9769 9889
f 9889 9960 9802
f 7797 7816 7777
f 9209 9338 9482
f 9482 9223 9209
f 7673 7702 7777
f 9223 9093 9209
f 9223 9197 9093
f 7592 7658 7579
f 7658 7592 7673
f 8600 8575 8526
f 8526 8504 8428
f 8404 8322 8428
f 7579 7582 7581
f 7600 7568 7490
f 8193 8168 8191
f 8168 8239 8191
f 8239 8289 8287
f 7432 7469 7407
f 7343 7432 7355
f 7343 7290 7391
f 7087 7013 6998
f 7013 7087 7216
f 8668 8561 8545
f 8418 8465 8545
f 8668 8545 8748
f 6816 6874 6809
f 8465 8157 8245
f 8545 8465 8672
f 6874 6917 6938
f 8672 8465 8245
f 8672 8748 8545
f 8672 8245 8601
f 7671 8006 7779
f 7930 7779 8006
f 7671 7430 7676
f 6425 6446 6348
f 7676 7430 7527
f 6359 6348 6446
f 7400 7527 7430
f 7400 7247 7372
f 7247 7142 7368
f 7247 7368 7372
f 6307 6276 6359
f 7368 7142 7186
f 7029 6940 7060
f 6319 6307 6450
f 6851 6822 6762
f 6234 6319 6269
f 6319 6333 6269
f 6762 6642 6709
f 6281 6252 6269
f 6281 6269 6333
f 6281 6280 6252
f 6314 6280 6281
f 6310 6280 6314
f 6415 6310 6314
f 6415 6349 6310
f 6349 6415 6426
f 6415 6472 6426
f 6426 6472 6572
f 6572 6483 6426
f 9169 9417 9120
f 9548 9340 9544
f 9503 9548 9739
f 9586 9503 9739
f 9621 9645 9589
f 9586 9621 9589
f 9589 9645 9603
f 8176 8207 8173
f 9705 9686 9685
f 9705 9781 9686
f 9835 9897 9842
f 7872 7890 7852
f 10051 10010 10012
f 9960 9889 9991
f 10012 10010 9991
f 9991 10010 9960
f 9197 9019 8894
f 7582 7567 7581
f 8196 8193 8322
f 7581 7567 7568
f 7567 7533 7568
f 7568 7533 7497
f 7568 7497 7490
f 8239 8287 8191
f 7467 7421 7469
f 7469 7421 7407
f 8289 8417 8287
f 8413 8417 8289
f 7432 7407 7355
f 8413 8572 8417
f 8417 8572 8566
f 7290 7273 7216
f 7343 7273 7290
f 8647 8572 8586
f 8572 8413 8586
f 8668 8586 8561
f 8586 8668 8893
f 6844 6938 6998
f 6688 6588 6733
f 6733 6588 6598
f 6711 6733 6598
f 6809 6844 6711
f 6874 6844 6809
f 6938 6844 6874
f 8893 8668 8750
f 8668 8748 8750
f 6579 6565 6462
f 6462 6565 6499
f 8283 8601 8245
f 6462 6499 6422
f 6422 6499 6425
f 6446 6425 6499
f 8245 7930 8006
f 8006 7671 7676
f 7400 7372 7527
f 7368 7186 7313
f 6359 6384 6307
f 7029 7060 7134
f 6450 6307 6384
f 6822 6851 6893
f 6893 6940 6822
f 6789 6851 6762
f 6333 6319 6450
f 6789 6762 6709
f 6642 6662 6709
f 6281 6333 6314
f 6662 6608 6595
f 6662 6642 6608
f 6608 6561 6595
f 6572 6595 6561
f 8563 8686 8537
f 8920 8926 8810
f 8926 9169 9009
f 8563 8450 8635
f 9169 9120 9009
f 9422 9548 9503
f 8209 8204 8203
f 9502 9503 9586
f 9502 9586 9589
f 9645 9614 9603
f 9645 9685 9614
f 9614 9685 9686
f 9781 9705 9820
f 9842 9897 9820
f 9897 9981 10078
f 10115 9981 10047
f 10051 10056 10048
f 10012 9991 10032
f 10056 10012 10032
f 10056 10051 10012
f 9889 9870 9991
f 9870 9769 9602
f 9889 9769 9870
f 9338 9429 9602
f 7673 7777 7691
f 8971 8833 9019
f 7673 7691 7658
f 8888 8600 8833
f 8833 8971 8888
f 7658 7582 7579
f 7490 7497 7462
f 7490 7462 7467
f 7467 7462 7421
f 7343 7355 7264
f 7343 7264 7273
f 7273 7201 7040
f 7264 7201 7273
f 7273 7040 7216
f 8647 8566 8572
f 7216 7040 7013
f 6856 6844 6978
f 8586 8893 8647
f 6998 6978 6844
f 7013 6978 6998
f 6856 6733 6844
f 6733 6711 6844
f 6588 6715 6579
f 6579 6715 6618
f 6715 6588 6688
f 8750 8748 8862
f 8748 8672 8822
f 8748 8822 8862
f 8672 8601 8747
f 8747 8822 8672
f 8601 8652 8747
f 8245 8006 8283
f 8601 8283 8652
f 6446 6499 6564
f 8147 8283 8006
f 6491 6446 6564
f 6446 6491 6469
f 8006 7676 7949
f 6446 6469 6359
f 7676 7527 7686
f 7686 7527 7372
f 6469 6384 6359
f 6384 6469 6477
f 7029 7134 7186
f 6477 6450 6384
f 6940 6893 7004
f 6940 7004 7060
f 6502 6450 6477
f 6709 6662 6697
f 6697 6789 6709
f 6450 6362 6333
f 6458 6362 6450
f 6458 6450 6502
f 6662 6595 6647
f 6560 6458 6502
f 6333 6362 6314
f 6458 6314 6362
f 6509 6458 6560
f 6415 6314 6458
f 6509 6536 6458
f 6536 6415 6458
f 6472 6415 6536
f 6572 6536 6587
f 6595 6572 6587
f 6536 6572 6472
f 8810 8759 8686
f 8309 8443 8450
f 8443 8309 8341
f 9417 9544 9177
f 9544 9340 9177
f 9340 9548 9422
f 9502 9422 9503
f 8203 8231 8207
f 9603 9502 9589
f 9686 9781 9734
f 8039 8040 7960
f 9897 10078 9915
f 10078 9981 10115
f 10047 10120 10115
f 10120 10048 10124
f 10047 10048 10120
f 10048 10056 10124
f 9991 10026 10032
f 10026 10073 10032
f 10056 10032 10073
f 10124 10056 10073
f 7777 7789 7691
f 8894 9093 9197
f 8894 9019 8833
f 8600 8526 8684
f 8600 8684 8833
f 7567 7539 7533
f 7539 7497 7533
f 8191 8287 8216
f 8216 8287 8276
f 7421 7355 7407
f 8521 8287 8417
f 8417 8566 8521
f 7040 7201 7014
f 7014 6978 7040
f 6978 7013 7040
f 8647 8893 8854
f 6856 6814 6733
f 8893 8750 8862
f 6618 6565 6579
f 8959 8893 8862
f 8862 8822 8896
f 8896 8959 8862
f 6564 6499 6596
f 8747 8842 8822
f 8896 8822 8842
f 8652 8283 8147
f 8687 8652 8147
f 8147 8006 7949
f 7821 7676 7686
f 7949 7676 7821
f 6535 6469 6491
f 7186 7326 7313
f 7372 7368 7524
f 7524 7368 7313
f 6535 6477 6469
f 6477 6527 6502
f 6527 6549 6502
f 6662 6647 6697
f 6549 6560 6502
f 6549 6605 6560
f 6595 6587 6623
f 6595 6623 6647
f 6587 6560 6605
f 6536 6509 6560
f 6587 6536 6560
f 8926 8759 8810
f 8759 8926 9009
f 8356 8450 8563
f 8356 8309 8450
f 9120 9417 9177
f 8293 8258 8209
f 9340 9422 9355
f 8204 8231 8203
f 9507 9502 9603
f 9614 9507 9603
f 9642 9614 9686
f 9642 9686 9688
f 9686 9734 9688
f 8149 8054 8173
f 8039 8054 8040
f 9820 9897 9915
f 9906 10026 9991
f 7937 7959 7890
f 9500 9870 9602
f 9906 9991 9870
f 7852 7863 7816
f 7816 7789 7777
f 7816 7863 7789
f 8526 8656 8684
f 8526 8448 8656
f 8428 8355 8448
f 8448 8526 8428
f 8428 8298 8355
f 8322 8298 8428
f 8298 8322 8253
f 8322 8193 8253
f 8253 8193 8226
f 7497 7539 7478
f 7497 7478 7462
f 8190 8191 8216
f 7462 7419 7421
f 8647 8653 8566
f 6978 6931 6856
f 6931 6978 7014
f 8647 8854 8653
f 6688 6733 6814
f 6565 6596 6499
f 8652 8687 8747
f 6491 6564 6601
f 8687 8147 7949
f 7949 7821 8013
f 6635 6491 6601
f 7686 7372 7524
f 6535 6491 6635
f 7060 7081 7134
f 7004 7081 7060
f 6619 6477 6535
f 6619 6527 6477
f 6789 6697 6748
f 6623 6687 6647
f 6687 6697 6647
f 6587 6605 6623
f 8686 8603 8537
f 8686 8759 8603
f 8903 8759 9009
f 8258 8293 8309
f 8293 8341 8309
f 8258 8165 8209
f 9340 9355 9183
f 9340 9183 9177
f 9422 9364 9355
f 9364 9422 9502
f 9507 9364 9502
f 9507 9614 9508
f 8207 8149 8173
f 10120 10124 10233
f 10026 9906 9959
f 10073 10026 10063
f 10073 10063 10145
f 10124 10073 10160
f 10073 10145 10160
f 7937 7960 7959
f 7890 7863 7852
f 7890 7959 7863
f 9338 9239 9429
f 9239 9338 9209
f 9209 9093 9239
f 9239 9093 9012
f 8894 9012 9093
f 8894 8833 8758
f 8833 8684 8758
f 7582 7658 7567
f 8226 8193 8190
f 8193 8191 8190
f 7421 7359 7355
f 8276 8287 8315
f 7264 7359 7241
f 7264 7355 7359
f 8315 8287 8521
f 7201 7264 7241
f 7208 7201 7241
f 8653 8521 8566
f 7014 7201 7208
f 6856 6931 6814
f 6791 6715 6688
f 6715 6701 6618
f 6618 6596 6565
f 6596 6618 6675
f 6675 6618 6701
f 8893 8959 8976
f 6564 6596 6633
f 8896 8842 8979
f 8747 8885 8842
f 8885 8979 8842
f 6686 6564 6633
f 8747 8687 8885
f 6601 6564 6686
f 8885 8687 8505
f 8687 7949 8505
f 7949 8013 8505
f 7834 7821 7686
f 7834 7686 7825
f 7825 7686 7524
f 7326 7186 7134
f 6635 6619 6535
f 6893 6789 6892
f 6851 6789 6893
f 6628 6527 6619
f 6628 6637 6527
f 6697 6687 6748
f 6687 6764 6748
f 6549 6527 6637
f 6605 6549 6637
f 6630 6605 6653
f 6630 6687 6623
f 6630 6623 6605
f 8356 8334 8250
f 8356 8563 8537
f 8356 8537 8334
f 8903 9009 9120
f 8258 8309 8223
f 9177 9183 9120
f 8165 8189 8209
f 8209 8189 8204
f 9508 9614 9642
f 8207 8195 8149
f 9820 9989 9781
f 9820 9915 9989
f 8054 8063 8040
f 10115 10120 10233
f 10026 9959 10063
f 9780 9906 9870
f 9870 9500 9665
f 9870 9665 9780
f 9500 9602 9429
f 7818 7789 7863
f 8723 9012 8894
f 8894 8758 8723
f 7792 7691 7789
f 8684 8656 8758
f 7567 7571 7539
f 7571 7478 7539
f 7478 7450 7462
f 7462 7450 7419
f 7421 7419 7359
f 7208 7064 7014
f 8521 8653 8502
f 6931 7014 7007
f 8653 8854 8695
f 6814 6931 6885
f 6688 6814 6791
f 8976 8854 8893
f 6675 6633 6596
f 6633 6675 6681
f 9010 8976 8959
f 9010 8896 8979
f 8959 8896 9010
f 8910 8885 8505
f 7821 8064 8013
f 7834 8064 7821
f 8064 8481 8013
f 8481 8505 8013
f 7752 7825 7524
f 7313 7488 7608
f 7488 7313 7326
f 7326 7134 7081
f 6666 6637 6628
f 6764 6819 6748
f 6789 6748 6819
f 6819 6892 6789
f 6653 6605 6637
f 6666 6653 6637
f 6666 6685 6653
f 6685 6764 6687
f 6687 6630 6685
f 6685 6630 6653
f 9120 8866 8903
f 8309 8250 8223
f 8356 8250 8309
f 8258 8223 8141
f 8258 8141 8165
f 8151 8189 8165
f 9262 9183 9355
f 9262 9355 9364
f 9540 9508 9642
f 10078 9989 9915
f 10223 10078 10115
f 10115 10242 10223
f 10233 10124 10229
f 9906 9854 9959
f 10229 10124 10160
f 9854 9906 9780
f 9500 9490 9665
f 7959 7957 7863
f 9012 8901 9239
f 8901 9187 9239
f 8758 8656 8723
f 8448 8355 8490
f 8355 8298 8253
f 7567 7603 7571
f 7603 7567 7658
f 8216 8276 8257
f 7419 7352 7359
f 8502 8315 8521
f 8653 8695 8502
f 7014 7064 7007
f 6931 7007 6885
f 6903 6791 6814
f 8854 8925 8695
f 8976 9010 9013
f 6681 6717 6633
f 8979 8885 9001
f 6728 6601 6686
f 6635 6601 6728
f 7524 7313 7752
f 7313 7608 7752
f 6619 6635 6735
f 6628 6619 6735
f 6893 6892 7004
f 6685 6666 6758
f 6685 6758 6764
f 8334 8537 8184
f 8759 8452 8603
f 8903 8452 8759
f 8250 8084 8223
f 8071 8141 8084
f 8084 8141 8223
f 9120 9183 8866
f 8071 8165 8141
f 8165 8019 8151
f 8153 8189 8151
f 8189 8145 8204
f 8204 8145 8198
f 9388 9262 9364
f 9364 9507 9388
f 8204 8198 8231
f 9507 9508 9388
f 9508 9540 9451
f 9642 9688 9647
f 9688 9734 9647
f 9781 9989 9734
f 10115 10233 10242
f 7960 8040 7959
f 10063 9959 10070
f 9959 9916 10070
f 10063 10070 10145
f 9500 9429 9375
f 9429 9239 9375
f 9239 9187 9298
f 9012 8723 8901
f 7789 7818 7792
f 8448 8662 8656
f 8490 8662 8448
f 8355 8336 8490
f 8355 8253 8336
f 8277 8336 8253
f 8253 8226 8277
f 8226 8190 8210
f 7478 7571 7450
f 8190 8216 8257
f 7352 7419 7450
f 8257 8276 8315
f 7208 7180 7064
f 7007 7000 6885
f 6814 6885 6903
f 7000 6903 6885
f 8925 8746 8695
f 6799 6715 6903
f 6903 6715 6791
f 8925 8854 8976
f 6715 6799 6701
f 8925 8976 8968
f 6701 6747 6675
f 6747 6701 6799
f 9013 8968 8976
f 6675 6747 6681
f 8979 9129 9010
f 9116 9129 8979
f 6633 6717 6686
f 8910 9001 8885
f 8910 8505 8674
f 8481 8064 8547
f 8674 8505 8481
f 6717 6728 6686
f 7834 7825 8093
f 6728 6735 6635
f 7056 7081 7004
f 6735 6738 6628
f 6738 6735 6754
f 6892 6819 6829
f 6628 6738 6666
f 6666 6738 6758
f 6758 6829 6764
f 6829 6819 6764
f 8250 8334 8084
f 8084 8334 8184
f 8537 8294 8184
f 8537 8603 8294
f 8903 8567 8452
f 8903 8866 8567
f 8071 8084 8000
f 8071 8019 8165
f 8153 8151 8019
f 8189 8153 8145
f 8231 8195 8207
f 9734 9776 9647
f 9989 10022 9734
f 8149 8063 8054
f 10078 10198 9989
f 10198 10078 10223
f 10233 10229 10242
f 10242 10229 10272
f 9854 9916 9959
f 10145 10070 10143
f 10145 10143 10160
f 10229 10160 10232
f 10232 10160 10200
f 9746 9854 9780
f 9746 9780 9665
f 9490 9500 9375
f 9298 9375 9239
f 8656 8662 8723
f 8662 8490 8638
f 8490 8336 8492
f 8277 8226 8210
f 7603 7450 7571
f 8190 8257 8210
f 8315 8502 8257
f 7208 7241 7180
f 8695 8644 8502
f 8644 8695 8746
f 7000 7007 7064
f 7053 6903 7000
f 9126 9013 9010
f 6681 6747 6717
f 9129 9126 9010
f 9116 8979 9001
f 8910 8674 8923
f 8481 8547 8674
f 8064 7834 8093
f 8547 8064 8093
f 6728 6763 6735
f 7081 7056 7122
f 6763 6754 6735
f 6771 6754 6815
f 6892 7056 7004
f 6771 6758 6738
f 6754 6771 6738
f 6815 6804 6771
f 6804 6758 6771
f 6804 6929 6829
f 6892 6829 6929
f 6984 6892 6929
f 6829 6758 6804
f 8044 8084 8184
f 8603 8452 8294
f 8567 8866 8649
f 8000 7973 8071
f 9183 8649 8866
f 7973 8019 8071
f 8019 8041 8153
f 9183 9262 8915
f 9262 9388 9272
f 9378 9388 9508
f 9508 9451 9378
f 8231 8198 8195
f 9642 9647 9540
f 8149 8163 8063
f 8195 8163 8149
f 10272 10229 10232
f 10045 10070 9916
f 10200 10160 10143
f 9423 9490 9375
f 9187 9087 9298
f 7863 7957 7899
f 9187 8901 9087
f 7863 7899 7818
f 8912 8901 8723
f 8492 8638 8490
f 8336 8486 8492
f 8336 8277 8486
f 8277 8268 8486
f 8277 8210 8268
f 8210 8257 8271
f 7359 7352 7229
f 7359 7229 7241
f 8257 8502 8333
f 7241 7229 7180
f 7180 7000 7064
f 6903 6888 6799
f 8968 9013 9134
f 9001 8910 9116
f 8923 9100 8910
f 8093 7825 7752
f 7907 8093 7752
f 7488 7326 7380
f 7752 7608 7907
f 7326 7190 7331
f 7081 7122 7190
f 7190 7326 7081
f 6984 7056 6892
f 6804 6815 6929
f 8084 8044 8000
f 7988 8041 8019
f 8649 9183 8573
f 9183 8915 8573
f 8153 8041 8145
f 9184 9262 9272
f 9388 9378 9272
f 9776 9734 9977
f 8218 8205 8195
f 8195 8205 8163
f 10022 9989 10198
f 8063 8094 8040
f 10223 10242 10231
f 10223 10231 10198
f 10242 10272 10268
f 9916 9854 9863
f 9919 10045 9916
f 10232 10200 10243
f 9854 9746 9829
f 9490 9506 9673
f 9665 9490 9673
f 9673 9746 9665
f 9423 9375 9298
f 8901 8912 9087
f 8723 8662 8912
f 8486 8268 8331
f 8210 8271 8262
f 7450 7475 7352
f 8271 8257 8333
f 7352 7379 7229
f 7053 7000 7180
f 7053 6888 6903
f 8925 8864 8746
f 6964 6799 6888
f 6915 6799 6964
f 8968 9134 8925
f 6799 6915 6747
f 6915 6955 6747
f 9013 9126 9134
f 6955 6930 6747
f 9225 9126 9181
f 6747 6930 6717
f 9126 9129 9181
f 9129 9116 9233
f 9233 9181 9129
f 8669 8674 8547
f 8923 8674 8669
f 8093 8175 8338
f 8547 8093 8669
f 8093 8338 8669
f 7380 7326 7331
f 6763 6836 6754
f 6836 6815 6754
f 6922 6926 6815
f 6984 6929 6961
f 6926 6929 6815
f 8184 8120 8044
f 8294 8120 8184
f 8294 8452 8120
f 8567 8649 8584
f 8000 7958 7973
f 7956 7973 7958
f 7988 7973 7956
f 7973 7988 8019
f 8041 8020 8145
f 9262 9184 8915
f 9745 9540 9647
f 9899 9776 9977
f 8063 8163 8094
f 8094 8051 8040
f 10242 10268 10231
f 10272 10232 10271
f 9916 9863 9919
f 10250 10243 10200
f 10271 10232 10243
f 8040 8051 7959
f 9863 9854 9829
f 10045 9919 9917
f 10200 10143 10250
f 9829 9746 9673
f 10045 9917 10068
f 10070 10045 10068
f 10143 10070 10154
f 10070 10068 10154
f 9325 9423 9298
f 9087 9325 9298
f 7899 7829 7818
f 8912 8662 8638
f 8492 8596 8638
f 7658 7685 7603
f 8268 8210 8288
f 7603 7475 7450
f 8210 8262 8288
f 7475 7379 7352
f 8333 8502 8466
f 8466 8502 8525
f 7229 7203 7180
f 7180 7203 7053
f 7082 6888 7053
f 6950 6888 7082
f 6888 6950 6964
f 9035 8864 8925
f 8925 9134 9035
f 9244 9225 9181
f 9244 9181 9233
f 9116 8910 9219
f 9219 8910 9100
f 9067 8923 8669
f 6728 6717 7100
f 8093 7907 8175
f 7488 7380 7560
f 7608 7488 7855
f 7907 7608 7855
f 7056 7091 7122
f 6815 6836 6922
f 6929 6926 6961
f 6926 7018 6961
f 8044 8021 8000
f 8021 8044 8076
f 8076 8044 8120
f 8452 8347 8120
f 8452 8567 8347
f 8021 7958 8000
f 8567 8584 8347
f 8649 8573 8584
f 8020 8041 7988
f 8198 8162 8228
f 8198 8228 8195
f 8195 8228 8218
f 9647 9776 9745
f 8163 8201 8094
f 10198 10231 10188
f 10272 10271 10319
f 10272 10319 10268
f 10268 10319 10307
f 9829 9673 9856
f 10143 10154 10196
f 10196 10250 10143
f 9423 9325 9506
f 9506 9490 9423
f 9107 9325 9087
f 7948 7899 7957
f 8912 8638 8881
f 7691 7792 7738
f 7691 7685 7658
f 7691 7738 7685
f 8492 8486 8596
f 8331 8463 8486
f 8463 8268 8489
f 8331 8268 8463
f 8268 8288 8489
f 8262 8489 8288
f 8466 8271 8333
f 8525 8502 8610
f 8502 8644 8610
f 8644 8746 8610
f 8610 8746 8730
f 8730 8746 8864
f 6964 6955 6915
f 9225 9134 9126
f 9116 9219 9233
f 8923 9067 9100
f 8669 8338 8685
f 7855 7488 7560
f 7907 7855 7921
f 7921 8175 7907
f 6728 6836 6763
f 7331 7190 7323
f 7122 7091 7190
f 7056 6984 7091
f 6922 7018 6926
f 8120 8347 8076
f 8584 8468 8347
f 8584 8573 8468
f 8162 8198 8145
f 9272 9163 9184
f 9378 9343 9272
f 9378 9451 9343
f 9734 10022 9977
f 10022 10188 9977
f 10198 10188 10022
f 8205 8201 8163
f 10268 10298 10231
f 10268 10307 10298
f 10349 10307 10319
f 10271 10243 10290
f 10271 10290 10319
f 10290 10346 10319
f 10349 10319 10346
f 9829 9856 9863
f 9863 9917 9919
f 9856 9917 9863
f 10250 10290 10243
f 10346 10290 10250
f 9673 9506 9565
f 9856 9673 9565
f 7959 8051 7957
f 9325 9392 9506
f 8051 7948 7957
f 8741 8881 8638
f 8596 8741 8638
f 7475 7603 7569
f 8531 8489 8262
f 8271 8531 8262
f 8271 8466 8531
f 8531 8466 8525
f 7379 7203 7229
f 8604 8525 8610
f 7082 7119 6950
f 6950 7035 6964
f 6930 6955 7038
f 9244 9233 9300
f 9300 9233 9297
f 9219 9297 9233
f 9219 9100 9193
f 9193 9100 9067
f 8338 8175 8286
f 8338 8286 8685
f 7100 6836 6728
f 7855 7858 7921
f 7091 7323 7190
f 6922 6836 7022
f 6922 6976 7018
f 6984 6961 7063
f 6961 7018 7063
f 7063 7091 6984
f 8076 8110 8021
f 8110 8076 8183
f 8347 8183 8076
f 8021 7998 7958
f 8468 8297 8347
f 7998 7956 7958
f 7956 7989 7988
f 8038 8020 7988
f 8573 8915 8546
f 8162 8145 8020
f 8162 8224 8228
f 9451 9394 9343
f 9540 9394 9451
f 9531 9540 9745
f 9725 9531 9745
f 8312 8218 8228
f 8205 8218 8312
f 9745 9776 9866
f 9776 9899 9866
f 10188 9994 9977
f 10231 10295 10188
f 10295 10231 10298
f 8094 8201 8202
f 10349 10367 10307
f 10367 10349 10373
f 10346 10373 10349
f 9856 9718 9917
f 10068 9917 10154
f 10373 10346 10391
f 9506 9392 9565
f 9107 9087 8912
f 8912 8881 9043
f 8596 8486 8681
f 8486 8463 8681
f 8489 8531 8530
f 8531 8525 8604
f 8604 8610 8663
f 7203 7198 7053
f 8610 8730 8663
f 7119 7035 6950
f 9068 8864 9035
f 7038 6964 7035
f 6964 7038 6955
f 7038 7154 6930
f 6930 7100 6717
f 8669 8685 9208
f 8175 7921 8025
f 8025 8213 8175
f 8175 8213 8286
f 7380 7464 7560
f 7855 7560 7858
f 7464 7380 7331
f 7022 6836 7100
f 7022 6976 6922
f 7022 7050 6976
f 7091 7085 7163
f 7018 6976 7050
f 7018 7050 7063
f 7085 7091 7063
f 8021 8081 7998
f 8021 8110 8081
f 8573 8423 8468
f 7998 7989 7956
f 8573 8546 8423
f 7989 8038 7988
f 8038 8096 8020
f 8915 9184 8725
f 9272 9343 9163
f 8228 8304 8312
f 9994 9899 9977
f 8312 8306 8205
f 10091 10188 10295
f 8094 8086 8051
f 10307 10367 10298
f 9856 9565 9661
f 9856 9661 9718
f 10154 9917 9969
f 9443 9565 9392
f 10196 10154 10201
f 10196 10201 10322
f 10250 10196 10322
f 9392 9325 9107
f 9043 9107 8912
f 8881 8821 8933
f 8933 9043 8881
f 8821 8881 8741
f 7829 7792 7818
f 7805 7738 7792
f 8681 8463 8666
f 7603 7685 7569
f 7475 7378 7379
f 7378 7203 7379
f 7198 7203 7378
f 7191 7082 7053
f 7191 7053 7198
f 8749 8757 8663
f 8663 8730 8749
f 8730 8864 9068
f 7035 7162 7038
f 9134 9225 9305
f 9225 9244 9323
f 9297 9302 9318
f 9297 9318 9300
f 9297 9219 9302
f 6930 7154 7100
f 8669 9208 9067
f 7858 7560 7614
f 7921 7858 8025
f 7323 7464 7331
f 7323 7091 7282
f 7282 7091 7163
f 8347 8297 8183
f 8468 8423 8297
f 7998 8047 7989
f 8081 8047 7998
f 8915 8725 8546
f 9184 9163 8725
f 9343 9115 9163
f 8304 8228 8224
f 9540 9531 9394
f 8306 8312 8313
f 8205 8306 8201
f 10188 10091 9994
f 8201 8208 8202
f 8094 8202 8086
f 10298 10367 10357
f 9917 9718 9969
f 10373 10391 10435
f 9558 9565 9443
f 9661 9565 9558
f 10154 9969 10201
f 10250 10322 10348
f 10346 10250 10348
f 10346 10348 10391
f 9443 9392 9254
f 7792 7829 7805
f 8463 8489 8666
f 8531 8728 8530
f 8728 8531 8604
f 8604 8663 8757
f 8757 8749 8937
f 7191 7119 7082
f 7191 7283 7119
f 8749 8730 9068
f 8749 9068 9072
f 7035 7119 7161
f 9035 9134 9305
f 9305 9225 9323
f 9323 9244 9300
f 9323 9300 9326
f 9326 9300 9318
f 7614 8025 7858
f 7282 7464 7323
f 7100 7077 7022
f 7129 7112 7077
f 7112 7050 7077
f 7164 7261 7163
f 7261 7282 7163
f 7077 7050 7022
f 7085 7164 7163
f 7085 7112 7164
f 7085 7050 7112
f 7085 7063 7050
f 8183 8148 8110
f 7989 8047 8038
f 8038 8074 8096
f 8020 8096 8162
f 10298 10357 10295
f 10367 10373 10435
f 9718 9661 9558
f 9986 9969 9718
f 10201 9969 10031
f 10348 10401 10391
f 10431 10435 10391
f 10401 10431 10391
f 8051 8086 7948
f 10364 10322 10201
f 7961 7948 8086
f 9107 9254 9392
f 9043 9254 9107
f 7899 7948 7895
f 7899 7895 7829
f 8596 8681 8741
f 7738 7710 7685
f 7685 7710 7569
f 8671 8489 8530
f 8671 8530 8728
f 7569 7557 7475
f 7475 7405 7378
f 7475 7557 7405
f 7405 7373 7378
f 8728 8604 8757
f 8749 9072 8937
f 7119 7283 7161
f 7162 7166 7038
f 9406 9323 9326
f 7166 7154 7038
f 9376 9406 9326
f 9318 9376 9326
f 9302 9219 9324
f 9324 9219 9193
f 9193 9067 9301
f 8213 8025 7983
f 7804 7614 7661
f 8025 7614 7804
f 7560 7464 7661
f 7661 7614 7560
f 7100 7131 7077
f 7077 7131 7129
f 7112 7152 7164
f 7129 7152 7112
f 7261 7164 7197
f 7164 7152 7197
f 8183 8297 8148
f 8081 8104 8047
f 8148 8081 8110
f 8148 8104 8081
f 8423 8339 8297
f 8546 8725 8423
f 8162 8169 8224
f 8169 8284 8224
f 9343 9237 9115
f 8304 8224 8284
f 9343 9394 9237
f 9549 9531 9725
f 9725 9745 9866
f 8324 8313 8312
f 10295 10130 10091
f 8201 8306 8208
f 10367 10409 10357
f 9969 9986 10031
f 10201 10031 10274
f 10348 10322 10405
f 10322 10364 10405
f 10401 10348 10405
f 10431 10401 10405
f 9443 9254 9277
f 9086 9254 9043
f 9043 8956 9086
f 8933 8956 9043
f 7895 7948 7931
f 7805 7710 7738
f 8666 8489 8671
f 8728 8757 8887
f 8757 8937 8887
f 7373 7198 7378
f 7198 7373 7191
f 7191 7373 7283
f 7283 7318 7161
f 7161 7243 7035
f 9199 9068 9035
f 7035 7243 7162
f 9199 9035 9305
f 9318 9324 9376
f 9318 9302 9324
f 9193 9301 9324
f 9067 9208 9301
f 8685 9099 9208
f 7804 7661 7664
f 8025 7804 7983
f 8286 8213 8499
f 8685 8286 8499
f 7187 7131 7100
f 7464 7282 7428
f 7160 7129 7131
f 7129 7160 7152
f 8297 8261 8148
f 8139 8104 8148
f 8261 8139 8148
f 8339 8261 8297
f 8038 8047 8074
f 8169 8162 8096
f 9163 8713 8725
f 9115 8713 9163
f 9549 9394 9531
f 9711 9725 9866
f 9899 9974 9866
f 9974 9899 9994
f 10367 10432 10409
f 10367 10435 10432
f 9569 9558 9443
f 9718 9558 9755
f 9986 9718 9755
f 10274 10364 10201
f 9277 9254 9086
f 8821 8891 8933
f 8891 8956 8933
f 7895 7805 7829
f 7569 7710 7557
f 8671 8728 8787
f 8937 9072 9042
f 7161 7318 7243
f 9072 9068 9199
f 7162 7243 7166
f 9305 9323 9348
f 9323 9406 9463
f 9456 9376 9439
f 9406 9376 9456
f 9456 9439 9539
f 9376 9324 9349
f 9376 9349 9439
f 9349 9324 9301
f 7100 7154 7322
f 9099 8685 8940
f 7187 7100 7322
f 8940 8685 8499
f 7187 7160 7131
f 7249 7217 7187
f 7217 7160 7187
f 7249 7348 7217
f 7261 7428 7282
f 7261 7358 7428
f 7661 7464 7428
f 7217 7197 7160
f 7197 7358 7261
f 7197 7217 7358
f 7348 7358 7217
f 7160 7197 7152
f 8047 8104 8109
f 8139 8109 8104
f 8517 8339 8423
f 8423 8725 8517
f 8047 8109 8074
f 8074 8169 8096
f 8284 8302 8304
f 9394 9280 9237
f 8304 8324 8312
f 8324 8345 8313
f 9994 10091 10065
f 10236 10130 10295
f 10295 10357 10236
f 8202 8208 8086
f 10432 10435 10465
f 10465 10435 10502
f 9986 10039 10031
f 10502 10431 10490
f 10435 10431 10502
f 10039 10274 10031
f 10431 10405 10490
f 9569 9443 9277
f 10364 10444 10405
f 10419 10444 10364
f 10405 10444 10490
f 10304 10419 10274
f 10274 10419 10364
f 9270 9277 9086
f 10444 10419 10451
f 10490 10444 10451
f 7948 7961 7931
f 8956 9147 9086
f 8956 8891 9005
f 9147 8956 9005
f 8821 8741 8744
f 7710 7678 7557
f 7405 7575 7373
f 8728 8887 8787
f 9042 8887 8937
f 7243 7318 7445
f 9199 9305 9259
f 9305 9348 9259
f 9323 9463 9348
f 9406 9456 9463
f 9559 9737 9703
f 9539 9559 9456
f 9737 9559 9539
f 9539 9439 9521
f 9737 9539 9521
f 9439 9349 9420
f 9521 9439 9420
f 9737 9521 9735
f 9782 9737 9735
f 9349 9301 9413
f 9420 9349 9413
f 9735 9521 9495
f 7322 7263 7187
f 7804 7664 7830
f 8499 8213 8282
f 8213 7983 8282
f 7187 7263 7249
f 7428 7358 7412
f 7358 7348 7412
f 7664 7661 7428
f 8261 8301 8139
f 8139 8301 8109
f 8446 8261 8339
f 8339 8517 8446
f 8074 8225 8169
f 8725 8713 8517
f 8169 8225 8284
f 9237 9098 9115
f 8302 8324 8304
f 9549 9280 9394
f 9866 9974 9825
f 9974 9994 10065
f 10065 10091 10130
f 8306 8344 8208
f 10502 10432 10465
f 9558 9569 9755
f 10039 9986 9929
f 10524 10502 10549
f 10274 10039 10080
f 10502 10490 10549
f 10510 10490 10451
f 9270 9086 9147
f 7931 7805 7895
f 8821 8744 8809
f 8809 8891 8821
f 8741 8681 8744
f 7710 7805 7793
f 7678 7710 7793
f 7557 7575 7405
f 7373 7575 7520
f 7373 7520 7283
f 9042 9072 9102
f 9102 9072 9199
f 7445 7364 7243
f 9463 9559 9526
f 9526 9559 9678
f 9463 9456 9559
f 9678 9559 9703
f 9420 9495 9521
f 9782 9735 9821
f 9301 9306 9413
f 9495 9420 9413
f 9735 9495 9699
f 9208 9306 9301
f 9099 8940 9205
f 9208 9099 9205
f 9306 9208 9205
f 7983 7804 7915
f 7804 7830 7915
f 7300 7249 7263
f 7664 7428 7412
f 7249 7300 7348
f 8109 8301 8217
f 8261 8446 8301
f 8227 8109 8217
f 8375 8217 8301
f 8446 8375 8301
f 8074 8109 8206
f 8206 8109 8227
f 8206 8225 8074
f 8517 8713 8574
f 8840 8713 9115
f 8225 8302 8284
f 9448 9280 9549
f 8324 8351 8345
f 9725 9711 9549
f 9866 9825 9711
f 8345 8441 8313
f 8313 8344 8306
f 10236 10270 10130
f 10363 10236 10357
f 9986 9755 9929
f 9755 9569 9615
f 10080 10304 10274
f 10549 10490 10527
f 8086 8045 7961
f 9426 9277 9270
f 9514 9277 9426
f 9569 9277 9514
f 10419 10466 10451
f 10527 10490 10510
f 10421 10419 10304
f 10466 10419 10421
f 7805 7894 7793
f 8681 8666 8744
f 8744 8666 8732
f 8666 8671 8732
f 8732 8671 8787
f 7678 7575 7557
f 8828 8787 8946
f 8787 8887 8946
f 7283 7520 7445
f 7283 7445 7318
f 9040 9042 9102
f 9102 9199 9259
f 7243 7364 7166
f 9259 9348 9427
f 9348 9463 9427
f 9463 9526 9427
f 7364 7154 7166
f 7322 7154 7364
f 9703 9737 9803
f 9737 9814 9803
f 9737 9782 9814
f 9413 9306 9407
f 9495 9413 9407
f 9495 9407 9534
f 9699 9495 9787
f 9495 9534 9787
f 9940 9821 9735
f 7361 7263 7322
f 7504 7424 7361
f 7424 7263 7361
f 7724 7915 7830
f 8555 8940 8499
f 8940 8941 9205
f 7424 7300 7263
f 7473 7424 7504
f 7412 7473 7664
f 7724 7830 7664
f 8282 7983 7915
f 8499 8282 8555
f 7348 7300 7424
f 7473 7348 7424
f 7473 7412 7348
f 8217 8314 8227
f 8314 8244 8227
f 8227 8244 8206
f 8375 8314 8217
f 8517 8574 8446
f 8206 8302 8225
f 8351 8324 8427
f 9963 9974 10065
f 8441 8344 8313
f 8441 8330 8344
f 10130 10270 10065
f 10270 10236 10363
f 8344 8156 8208
f 10432 10509 10409
f 10502 10509 10432
f 10502 10524 10509
f 8086 8156 8045
f 8086 8208 8156
f 9615 9569 9514
f 10549 10527 10578
f 10332 10304 10080
f 10332 10421 10304
f 10451 10466 10510
f 10527 10510 10573
f 10573 10578 10527
f 10573 10510 10539
f 10539 10510 10466
f 10453 10421 10332
f 10573 10539 10563
f 10497 10466 10421
f 10539 10466 10497
f 9190 9005 8891
f 9190 9147 9005
f 9265 9147 9190
f 7961 7947 7931
f 7931 7894 7805
f 8732 8787 8828
f 7678 7695 7575
f 8946 8887 9042
f 8946 9042 9040
f 9102 9259 9341
f 9259 9427 9341
f 9427 9526 9588
f 9526 9678 9840
f 9678 9703 9840
f 7364 7538 7322
f 9703 9803 9926
f 9803 9814 9942
f 9961 9942 9814
f 9961 9814 9978
f 9978 9814 9782
f 7538 7540 7322
f 9782 9821 9940
f 9940 9978 9782
f 7540 7361 7322
f 9266 9407 9306
f 9787 9534 9736
f 9306 9205 9266
f 7473 7847 7724
f 8282 7915 8129
f 8282 8129 8407
f 8282 8407 8555
f 8940 8555 8699
f 8940 8699 8941
f 9266 9205 8941
f 7724 7664 7473
f 8389 8244 8314
f 8389 8314 8375
f 8244 8270 8206
f 8446 8454 8375
f 8446 8574 8454
f 8713 8621 8574
f 8713 8840 8621
f 8206 8270 8302
f 9098 8938 9115
f 8302 8367 8324
f 8324 8367 8427
f 9711 9662 9549
f 8427 8462 8351
f 8351 8462 8345
f 8462 8506 8345
f 8506 8441 8345
f 10357 10409 10363
f 10409 10509 10486
f 9615 9813 9755
f 9813 9929 9755
f 9929 9999 10039
f 9999 10080 10039
f 10578 10573 10600
f 10573 10563 10600
f 9147 9265 9270
f 10453 10497 10421
f 9190 8891 8895
f 7894 7931 7947
f 8744 8732 8761
f 7678 7793 7695
f 9045 8946 9040
f 9045 9040 9138
f 9138 9040 9102
f 7520 7564 7445
f 7445 7564 7364
f 9526 9840 9588
f 9703 9926 9840
f 9942 9926 9803
f 9961 9978 10089
f 9978 9940 9971
f 7540 7558 7361
f 9407 9266 9320
f 7558 7504 7361
f 8830 9266 8941
f 7847 7473 7721
f 7473 7504 7721
f 7915 7724 7914
f 8129 7915 7914
f 8555 8407 8699
f 8244 8308 8270
f 8389 8308 8244
f 8375 8454 8389
f 8270 8367 8302
f 8840 9115 8938
f 8427 8474 8462
f 9662 9711 9825
f 9974 9963 9825
f 8506 8433 8441
f 9963 10065 10002
f 8441 8433 8330
f 10270 10178 10065
f 10363 10350 10270
f 10363 10409 10412
f 8156 8344 8330
f 10509 10524 10579
f 10524 10549 10579
f 8156 8192 8045
f 9615 9823 9813
f 9813 9935 9929
f 9929 9935 9999
f 10549 10578 10579
f 9615 9514 9623
f 9823 9615 9623
f 10096 10080 9999
f 10096 10332 10080
f 10578 10600 10579
f 9270 9433 9426
f 9514 9426 9433
f 10332 10096 10165
f 10332 10165 10400
f 9433 9270 9265
f 10332 10400 10453
f 10563 10577 10600
f 10400 10497 10453
f 10539 10497 10499
f 10539 10499 10563
f 10497 10400 10450
f 8891 8809 8895
f 8809 8815 8895
f 8809 8744 8815
f 8744 8761 8815
f 8761 8732 8813
f 8732 8828 8813
f 8813 8828 8818
f 8818 8828 8902
f 8902 8828 8946
f 9045 8902 8946
f 7575 7695 7520
f 9102 9341 9286
f 9341 9427 9437
f 9511 9437 9427
f 9427 9588 9511
f 7364 7564 7538
f 9840 9926 9893
f 10082 9942 10008
f 9942 9961 10008
f 10089 10008 9961
f 10084 10089 9978
f 7540 7607 7558
f 9978 9971 10084
f 7607 7721 7558
f 9534 9481 9736
f 9699 9787 9904
f 9940 9735 9998
f 9735 9699 9998
f 7721 7504 7558
f 7847 7978 7914
f 7978 8129 7914
f 7914 7724 7847
f 8389 8381 8308
f 8389 8454 8381
f 8574 8621 8454
f 8427 8437 8474
f 9448 9549 9385
f 9549 9662 9385
f 9825 9724 9662
f 9963 9724 9825
f 8330 8433 8353
f 10363 10412 10350
f 10412 10409 10486
f 10509 10579 10574
f 8067 8045 8192
f 9935 9813 9823
f 9935 10023 9999
f 10023 10096 9999
f 9823 9623 9740
f 10579 10600 10608
f 8045 8067 7947
f 8045 7947 7961
f 9190 9242 9265
f 9265 9242 9288
f 10497 10450 10499
f 8895 9242 9190
f 8934 9242 8895
f 8815 8934 8895
f 7947 7966 7894
f 8815 8761 8871
f 8871 8934 8815
f 8871 8761 8813
f 8860 8871 8813
f 8818 8860 8813
f 8907 8860 8818
f 8818 8902 8907
f 7793 7806 7695
f 8902 9045 8907
f 9102 9286 9138
f 7520 7631 7564
f 9341 9437 9286
f 9893 9588 9840
f 10018 9893 9926
f 9942 10018 9926
f 9942 10082 10018
f 10089 10110 10008
f 10084 9971 10085
f 7721 7913 7847
f 7607 7913 7721
f 7847 7913 7978
f 9534 9407 9481
f 9787 9832 9904
f 9736 9832 9787
f 9699 9904 9998
f 9998 10049 9940
f 10049 9971 9940
f 8830 8941 8699
f 8699 8407 8516
f 8454 8536 8381
f 8621 8536 8454
f 8308 8381 8270
f 8621 8624 8536
f 8621 8677 8624
f 8381 8366 8270
f 8840 8677 8621
f 8270 8366 8367
f 8367 8437 8427
f 9237 9280 9098
f 9963 10002 9724
f 10099 10065 10178
f 10178 10270 10269
f 10350 10412 10356
f 10504 10412 10486
f 8330 8353 8156
f 10504 10486 10509
f 10509 10574 10504
f 10574 10579 10608
f 9514 9622 9623
f 9623 9622 9740
f 9433 9622 9514
f 9740 9622 9785
f 10023 10165 10096
f 10608 10600 10602
f 9433 9265 9288
f 10165 10023 10156
f 10156 10400 10165
f 10563 10499 10542
f 10563 10542 10577
f 10570 10577 10542
f 9230 9288 9242
f 10499 10450 10521
f 10542 10499 10521
f 10521 10570 10542
f 10450 10515 10521
f 10570 10521 10555
f 9242 8934 9230
f 9230 8934 8960
f 8934 8871 8960
f 8871 8860 8960
f 8966 8960 8860
f 7894 7885 7793
f 8966 8860 8907
f 7793 7885 7806
f 9155 8907 9045
f 7695 7749 7520
f 9138 9155 9045
f 7749 7631 7520
f 9286 9437 9480
f 9437 9511 9480
f 7564 7631 7780
f 9786 9480 9511
f 9511 9588 9786
f 9893 9786 9588
f 10082 10008 10110
f 10157 10110 10089
f 10157 10089 10084
f 10150 10157 10084
f 7540 7743 7607
f 7857 7607 7743
f 7857 7913 7607
f 10084 10085 10150
f 8830 8831 9266
f 9320 9266 9083
f 10085 9971 10049
f 8407 8129 7978
f 8516 8691 8699
f 8691 8830 8699
f 9939 9998 9904
f 9777 9832 9736
f 8381 8536 8425
f 8425 8410 8381
f 8410 8366 8381
f 8410 8425 8542
f 8536 8542 8425
f 8624 8542 8536
f 8366 8410 8464
f 8840 8938 8677
f 9103 8938 9098
f 9280 9281 9098
f 9280 9385 9281
f 9448 9385 9280
f 10002 9902 9724
f 8506 8544 8433
f 10065 10099 10002
f 8353 8433 8480
f 10270 10350 10269
f 8156 8353 8317
f 10504 10574 10572
f 8156 8317 8192
f 8192 8238 8067
f 9740 9785 9823
f 9785 9935 9823
f 9935 9921 10023
f 9886 9935 9785
f 9921 9935 9886
f 9622 9433 9628
f 10023 9921 10033
f 10156 10023 10033
f 10602 10600 10598
f 10600 10577 10598
f 9493 9628 9433
f 10577 10570 10598
f 9433 9288 9230
f 9230 9493 9433
f 10156 10342 10400
f 10400 10454 10450
f 10400 10342 10454
f 10450 10454 10515
f 10555 10603 10570
f 10454 10342 10393
f 10521 10515 10555
f 8960 9114 9230
f 10454 10393 10455
f 10515 10454 10512
f 10512 10454 10455
f 10555 10515 10512
f 10680 10603 10555
f 10424 10455 10393
f 10472 10455 10424
f 10512 10455 10472
f 9114 8960 9167
f 10555 10512 10617
f 10617 10512 10561
f 10680 10555 10617
f 9167 8960 8966
f 10512 10472 10519
f 10561 10512 10519
f 10680 10617 10645
f 9167 8966 9188
f 10519 10472 10452
f 10683 10680 10645
f 9188 8966 8907
f 10617 10561 10599
f 10645 10617 10599
f 10684 10683 10645
f 8907 9155 9188
f 10519 10452 10526
f 10561 10519 10526
f 10599 10561 10526
f 10599 10684 10645
f 10599 10526 10629
f 10684 10599 10629
f 9188 9155 9373
f 7806 7749 7695
f 9373 9155 9312
f 7749 7786 7631
f 9312 9138 9286
f 9155 9138 9312
f 9424 9312 9286
f 9286 9480 9424
f 10341 10321 10287
f 9786 9424 9480
f 10287 10276 10341
f 10276 10287 10064
f 10064 10139 10276
f 10341 10276 10344
f 10448 10341 10344
f 10018 9786 9893
f 10087 10064 10018
f 10139 10064 10087
f 10139 10087 10194
f 10276 10139 10194
f 10276 10194 10266
f 10266 10344 10276
f 7564 7780 7538
f 10087 10018 10082
f 10082 10181 10087
f 10181 10194 10087
f 10110 10181 10082
f 10194 10181 10285
f 10266 10194 10285
f 7817 7743 7540
f 7538 7817 7540
f 10110 10157 10181
f 10285 10181 10157
f 7817 7857 7743
f 10285 10157 10255
f 10255 10157 10150
f 10255 10313 10285
f 7913 8252 7978
f 10150 10085 10113
f 10249 10150 10113
f 10255 10150 10249
f 7978 8252 8407
f 8691 8831 8830
f 9266 8831 9083
f 9736 9481 9625
f 10085 10049 10066
f 10085 10066 10113
f 10282 10255 10249
f 10313 10255 10282
f 10049 9998 10066
f 9904 9832 9939
f 8410 8538 8464
f 8410 8542 8538
f 8366 8437 8367
f 8366 8464 8437
f 8464 8508 8437
f 8474 8565 8462
f 8462 8565 8506
f 8565 8570 8506
f 8506 8570 8544
f 8433 8544 8480
f 10504 10356 10412
f 8317 8238 8192
f 10574 10608 10572
f 9785 9622 9628
f 8067 8099 7947
f 10598 10570 10632
f 10342 10156 10219
f 10632 10570 10603
f 10393 10342 10424
f 7894 7966 7885
f 9313 9230 9114
f 9114 9167 9313
f 9188 9276 9167
f 10452 10472 10310
f 10683 10684 10744
f 9373 9276 9188
f 10526 10452 10445
f 10684 10629 10690
f 10526 10445 10538
f 10690 10629 10630
f 10629 10526 10538
f 9424 9373 9312
f 9466 9373 9424
f 7786 7780 7631
f 10287 10321 10279
f 9424 9786 9466
f 9786 10018 9836
f 9836 10018 10064
f 7538 7780 7871
f 10344 10266 10326
f 7817 7538 7871
f 10326 10285 10313
f 10266 10285 10326
f 10313 10385 10326
f 7817 8132 7857
f 10366 10385 10313
f 7857 8170 7913
f 8407 8252 8516
f 9320 9083 9436
f 9407 9320 9436
f 9407 9436 9481
f 9481 9555 9625
f 10066 10152 10113
f 10113 10152 10249
f 10366 10313 10282
f 9625 9777 9736
f 9832 9777 9939
f 9998 9939 9973
f 10066 9998 9973
f 10249 10152 10179
f 10249 10179 10218
f 8464 8538 8508
f 8542 8628 8538
f 8624 8628 8542
f 8624 8677 8628
f 8938 8731 8677
f 8508 8511 8437
f 9098 9281 9231
f 8511 8474 8437
f 8511 8565 8474
f 10178 10195 10099
f 10269 10195 10178
f 10504 10505 10356
f 10504 10572 10529
f 9628 9726 9785
f 9726 9831 9785
f 9886 9785 9831
f 10033 9921 9886
f 9493 9726 9628
f 10598 10632 10613
f 10033 10219 10156
f 8099 7966 7947
f 10632 10603 10664
f 10219 10273 10342
f 10664 10603 10680
f 9493 9230 9313
f 10342 10273 10424
f 10664 10680 10718
f 9313 9346 9493
f 10273 10291 10424
f 10424 10291 10472
f 10680 10683 10718
f 9313 9167 9346
f 10472 10291 10310
f 10718 10683 10728
f 9346 9167 9276
f 9366 9346 9276
f 10310 10398 10452
f 10728 10683 10744
f 9366 9276 9373
f 10452 10398 10445
f 10398 10310 10390
f 10445 10398 10390
f 10684 10690 10744
f 7749 7806 7941
f 10308 10376 10310
f 10390 10310 10376
f 9541 9366 9373
f 10445 10390 10462
f 10445 10462 10538
f 10629 10538 10630
f 10462 10390 10441
f 10580 10538 10462
f 9541 9373 9466
f 10390 10376 10441
f 10462 10441 10518
f 10518 10580 10462
f 7749 7869 7786
f 10230 10279 10308
f 9541 9466 9717
f 10321 10308 10279
f 10376 10308 10321
f 10518 10441 10376
f 10376 10321 10365
f 10448 10518 10365
f 10365 10518 10376
f 9786 9717 9466
f 9717 9786 9836
f 10341 10365 10321
f 10151 10050 10064
f 10287 10279 10151
f 10341 10448 10365
f 10050 9836 10064
f 10287 10151 10064
f 10522 10448 10344
f 10385 10522 10344
f 7844 7871 7780
f 10344 10326 10385
f 7871 7918 7817
f 10423 10385 10366
f 8132 8170 7857
f 8252 7913 8170
f 8691 8826 8831
f 8831 9274 9083
f 8826 8516 8252
f 8691 8516 8826
f 9481 9436 9555
f 10366 10282 10360
f 10282 10249 10309
f 10360 10282 10309
f 9777 9885 9939
f 10309 10249 10218
f 9973 9939 9885
f 10111 10066 9973
f 10152 10066 10111
f 8508 8538 8527
f 8628 8594 8538
f 8677 8673 8628
f 8628 8673 8594
f 8938 9103 8731
f 9098 9231 9103
f 10002 10099 10052
f 8480 8544 8568
f 10269 10350 10356
f 8353 8480 8512
f 8512 8317 8353
f 10529 10505 10504
f 8238 8099 8067
f 10602 10598 10613
f 9864 9831 9726
f 9886 9831 9864
f 10033 9886 9958
f 10033 10015 10219
f 9726 9493 9590
f 10015 10033 9958
f 10219 10015 10133
f 9590 9493 9346
f 10219 10133 10273
f 10664 10718 10702
f 10273 10133 10291
f 10291 10133 10191
f 9590 9346 9543
f 7966 7941 7885
f 9590 9543 9576
f 7885 7941 7806
f 10291 10191 10310
f 9551 9346 9366
f 9543 9346 9551
f 10153 10252 10191
f 10310 10191 10252
f 10728 10744 10756
f 10310 10252 10308
f 7941 7869 7749
f 9366 9541 9551
f 9563 9551 9541
f 9689 9551 9563
f 10630 10654 10690
f 9689 9563 9765
f 10176 10043 10230
f 10252 10176 10230
f 10308 10252 10230
f 10538 10580 10630
f 10580 10619 10630
f 10654 10630 10619
f 9717 9563 9541
f 9717 9765 9563
f 10230 10043 10151
f 10580 10518 10565
f 10565 10619 10580
f 10151 10043 9908
f 10279 10230 10151
f 9765 9717 9836
f 10050 9908 9836
f 10151 9908 10050
f 10518 10448 10565
f 10522 10565 10448
f 10522 10619 10565
f 7786 7869 7780
f 7869 7917 7780
f 7917 7844 7780
f 10522 10385 10498
f 10423 10498 10385
f 8083 8132 7918
f 8132 7817 7918
f 10423 10366 10438
f 8252 8618 8826
f 9436 9083 9274
f 9847 9625 9555
f 9777 9625 9847
f 9891 9885 9777
f 10226 10309 10218
f 9918 9885 9891
f 9918 9973 9885
f 10179 10226 10218
f 10111 9973 10058
f 8594 8527 8538
f 8677 8731 8673
f 8508 8527 8511
f 9231 9281 9385
f 9662 9724 9385
f 8570 8582 8544
f 8582 8568 8544
f 10217 10269 10356
f 10505 10399 10356
f 8358 8317 8512
f 8317 8358 8238
f 10566 10572 10608
f 10602 10613 10620
f 8238 8246 8099
f 10632 10620 10613
f 10632 10702 10620
f 10664 10702 10632
f 9864 9958 9886
f 9590 9864 9726
f 9590 9676 9864
f 10702 10718 10709
f 7966 8099 8091
f 8091 7941 7966
f 9576 9676 9590
f 10133 10128 10191
f 10718 10728 10709
f 10153 10191 10128
f 9706 9676 9576
f 9543 9706 9576
f 9670 9706 9543
f 9551 9670 9543
f 10252 10153 10176
f 9689 9670 9551
f 10176 10153 10034
f 10744 10690 10697
f 10690 10654 10697
f 7941 8105 7869
f 10176 10034 10043
f 9836 9908 9765
f 10043 9984 9908
f 10647 10654 10619
f 10619 10522 10647
f 10647 10585 10639
f 10647 10522 10585
f 10522 10498 10585
f 10423 10438 10498
f 10493 10498 10438
f 8252 8170 8618
f 10438 10366 10360
f 8831 8826 9274
f 9847 9891 9777
f 10309 10226 10323
f 10161 10152 10111
f 10179 10152 10161
f 8511 8608 8565
f 8565 8608 8570
f 8608 8582 8570
f 9724 9902 9697
f 10002 10052 9902
f 8512 8480 8568
f 10356 10303 10217
f 10356 10399 10303
f 10529 10572 10530
f 10608 10602 10591
f 8358 8246 8238
f 10602 10620 10591
f 8091 8099 8246
f 9958 9864 9900
f 9958 9900 9949
f 10015 9958 10036
f 10015 10036 10133
f 9864 9676 9706
f 9900 9864 9706
f 10036 9958 9949
f 9900 9706 9850
f 9949 9900 9850
f 10036 9949 10046
f 10133 10036 10128
f 10128 10036 10046
f 8080 7941 8091
f 10046 9949 9850
f 10128 10046 10116
f 10709 10728 10710
f 9850 9706 9772
f 10128 10116 10153
f 9772 9706 9670
f 10728 10756 10710
f 9850 9772 9859
f 10046 9850 9859
f 9772 9670 9689
f 10034 10046 9859
f 10116 10046 10034
f 10153 10116 10034
f 9772 9689 9765
f 9859 9772 9765
f 9984 9859 9765
f 10034 9859 9984
f 10744 10725 10756
f 10697 10725 10744
f 9984 9765 9908
f 10043 10034 9984
f 8033 7869 8105
f 7917 7869 8033
f 10647 10697 10654
f 10671 10697 10647
f 10647 10639 10671
f 8053 7871 7844
f 10639 10585 10607
f 7871 8083 7918
f 8083 7871 8053
f 10585 10498 10607
f 8083 8275 8132
f 8275 8676 8170
f 8170 8676 8618
f 8132 8275 8170
f 8826 8944 9191
f 10493 10438 10492
f 9274 8826 9191
f 9274 9191 9359
f 9436 9274 9359
f 10360 10492 10438
f 9555 9436 9594
f 9555 9594 9593
f 10360 10309 10492
f 10492 10309 10384
f 9847 9555 9789
f 10384 10309 10323
f 9875 9891 9847
f 9891 9875 9918
f 10323 10226 10343
f 9918 9875 9923
f 9918 9923 9973
f 9973 9923 9968
f 9973 10040 10058
f 9968 10040 9973
f 10179 10161 10226
f 8594 8633 8527
f 8633 8594 8710
f 8594 8673 8710
f 8766 8710 8673
f 8731 8766 8673
f 9103 8832 8731
f 8664 8608 8511
f 9385 9504 9294
f 9724 9504 9385
f 8582 8608 8702
f 10099 10024 10052
f 10099 10195 10024
f 10195 10269 10217
f 10457 10399 10505
f 10505 10529 10530
f 10566 10530 10572
f 10608 10591 10566
f 8246 8358 8362
f 10702 10659 10620
f 10702 10709 10659
f 10747 10710 10756
f 10725 10697 10700
f 10697 10671 10700
f 8053 7917 8033
f 7917 8053 7844
f 10607 10498 10493
f 8618 8944 8826
f 9436 9359 9518
f 9436 9518 9594
f 9593 9789 9555
f 10343 10384 10323
f 9847 9789 9875
f 10111 10058 10040
f 8731 8832 8766
f 8527 8633 8511
f 8832 9103 8973
f 9103 9231 8973
f 8633 8664 8511
f 9385 9260 9231
f 8703 8608 8664
f 8608 8703 8702
f 9724 9697 9504
f 8702 8706 8582
f 9697 9902 9851
f 10052 10024 9902
f 8582 8706 8568
f 10335 10303 10399
f 10505 10530 10457
f 8358 8512 8493
f 10566 10543 10530
f 8493 8362 8358
f 10682 10659 10709
f 8091 8295 8080
f 10747 10686 10710
f 8080 8180 7941
f 7941 8180 8105
f 8053 8299 8083
f 10671 10639 10607
f 8083 8299 8275
f 8944 8618 8886
f 10493 10492 10541
f 9594 9773 9593
f 9789 9593 9773
f 9875 9789 9837
f 9875 9837 9874
f 9945 9874 9920
f 9945 9923 9874
f 9923 9875 9874
f 9923 9945 9968
f 10111 10040 10123
f 10161 10111 10123
f 8678 8710 8766
f 8678 8633 8710
f 8973 8861 8832
f 8664 8633 8678
f 9902 10024 9851
f 10212 10217 10303
f 10482 10457 10530
f 10482 10530 10543
f 10566 10591 10548
f 10591 10620 10548
f 10620 10659 10548
f 8091 8246 8295
f 10682 10709 10710
f 10756 10745 10747
f 10756 10725 10745
f 10745 10725 10719
f 10725 10700 10719
f 8886 8618 8676
f 10607 10493 10541
f 9191 8944 9170
f 9170 9359 9191
f 9518 9616 9594
f 10492 10384 10517
f 9773 9837 9789
f 9818 9837 9773
f 9968 9945 9993
f 10123 10162 10161
f 10161 10162 10226
f 8766 8820 8678
f 8832 8820 8766
f 8832 8861 8820
f 9231 9260 8973
f 8678 8715 8664
f 8715 8703 8664
f 9385 9294 9260
f 8568 8706 8622
f 10217 10212 10195
f 8568 8622 8512
f 10457 10362 10399
f 10362 10335 10399
f 10566 10548 10543
f 10682 10710 10644
f 10644 10710 10686
f 8180 8080 8295
f 8105 8180 8269
f 8033 8105 8269
f 8053 8033 8269
f 8053 8229 8299
f 8299 8229 8352
f 10700 10671 10713
f 10671 10695 10713
f 8629 8873 8275
f 8676 8275 8873
f 10671 10607 10618
f 8873 8886 8676
f 9170 8944 8886
f 10541 10618 10607
f 9773 9594 9715
f 9594 9616 9715
f 9818 9874 9837
f 9874 9818 9896
f 9896 9920 9874
f 10343 10226 10253
f 10053 9968 9993
f 9968 10053 10040
f 10226 10162 10214
f 10040 10053 10123
f 10123 10053 10132
f 10162 10123 10132
f 8820 8769 8678
f 8769 8715 8678
f 9260 9294 9082
f 8706 8709 8622
f 10335 10212 10303
f 10457 10397 10362
f 10482 10397 10457
f 10548 10659 10606
f 10644 10659 10682
f 10644 10606 10659
f 8246 8362 8295
f 10747 10745 10714
f 8229 8269 8533
f 8269 8229 8053
f 8352 8229 8533
f 8299 8629 8275
f 10671 10618 10695
f 9359 9170 9309
f 9518 9359 9580
f 9518 9580 9616
f 10618 10541 10560
f 10541 10492 10560
f 10560 10492 10517
f 9633 9715 9616
f 10343 10253 10324
f 10343 10361 10384
f 9896 9953 9920
f 9920 9953 9993
f 9945 9920 9993
f 10226 10214 10253
f 8769 8789 8715
f 8973 9082 8861
f 8973 9260 9082
f 8715 8780 8703
f 8703 8780 8702
f 8702 8736 8706
f 8736 8726 8706
f 8726 8709 8706
f 8512 8622 8493
f 10482 10425 10397
f 8493 8501 8362
f 10606 10480 10548
f 8180 8295 8411
f 10686 10747 10692
f 10745 10719 10714
f 8533 8558 8352
f 8558 8623 8352
f 8623 8629 8352
f 8352 8629 8299
f 10700 10713 10719
f 8629 8849 8873
f 9170 8886 8873
f 9359 9309 9580
f 9616 9580 9633
f 9773 9715 9818
f 10517 10384 10500
f 9818 9824 9896
f 10343 10324 10361
f 9993 10005 10053
f 10162 10132 10169
f 10214 10162 10169
f 8820 8861 8927
f 8769 8857 8789
f 8769 8820 8857
f 8927 8857 8820
f 9082 8927 8861
f 9697 9851 9694
f 8702 8780 8736
f 10024 10030 9851
f 10092 10030 10024
f 10195 10092 10024
f 10335 10339 10212
f 10482 10543 10425
f 10543 10548 10480
f 8501 8469 8362
f 8362 8469 8295
f 10606 10644 10588
f 10588 10644 10686
f 8411 8269 8180
f 8447 8269 8411
f 10747 10714 10692
f 8447 8533 8269
f 8849 9105 8873
f 9105 9170 8873
f 10695 10618 10670
f 10560 10517 10500
f 9896 9934 9953
f 9993 9953 10005
f 10053 10005 10094
f 10094 10132 10053
f 9082 8977 8927
f 9697 9694 9578
f 8780 8799 8736
f 8736 8799 8726
f 8709 8696 8622
f 8622 8696 8613
f 8622 8613 8493
f 8493 8613 8501
f 10543 10480 10425
f 8469 8411 8295
f 10480 10588 10488
f 10606 10588 10480
f 8623 8839 8629
f 9105 9309 9170
f 10713 10695 10698
f 10698 10695 10670
f 10618 10560 10621
f 9824 9818 9715
f 10500 10384 10361
f 9824 9934 9896
f 9953 9934 9962
f 10005 9953 9962
f 10214 10235 10253
f 8857 8877 8789
f 8789 8845 8715
f 9294 9311 9215
f 9311 9294 9504
f 8715 8845 8780
f 10212 10092 10195
f 10220 10212 10339
f 10339 10335 10362
f 10339 10362 10397
f 10672 10686 10692
f 10672 10588 10686
f 8469 8447 8411
f 10714 10719 10721
f 10721 10719 10713
f 8629 8839 8849
f 10618 10621 10670
f 10621 10560 10593
f 9877 9934 9824
f 9934 9951 9962
f 10005 9962 10011
f 10094 10005 10095
f 10253 10235 10324
f 10094 10095 10132
f 10132 10171 10169
f 10095 10171 10132
f 10214 10169 10235
f 8927 8877 8857
f 8927 9003 8877
f 8927 8977 9003
f 9082 9117 8977
f 9294 9117 9082
f 9504 9516 9311
f 9697 9516 9504
f 9697 9578 9516
f 10136 10092 10212
f 8726 8696 8709
f 10397 10425 10339
f 10437 10425 10480
f 8501 8576 8469
f 8447 8469 8576
f 8849 9201 9105
f 10713 10698 10717
f 9309 9382 9580
f 10670 10621 10612
f 10621 10593 10612
f 9715 9633 9704
f 10560 10568 10593
f 10560 10500 10545
f 10500 10361 10413
f 10011 9962 9985
f 9985 9962 9951
f 10011 10071 10005
f 10071 10095 10005
f 10114 10171 10095
f 10169 10171 10235
f 9003 9050 8877
f 8977 9117 9003
f 9294 9215 9117
f 8789 8970 8845
f 8789 8877 8970
f 10030 10003 9851
f 10212 10140 10136
f 10140 10212 10220
f 10437 10347 10425
f 8613 8614 8501
f 8614 8576 8501
f 10480 10488 10437
f 10488 10588 10516
f 8576 8620 8447
f 10588 10672 10601
f 8447 8620 8533
f 10721 10713 10717
f 9105 9317 9309
f 9382 9309 9317
f 9317 9457 9382
f 10698 10670 10688
f 10688 10670 10612
f 9704 9800 9715
f 9715 9800 9824
f 10560 10545 10568
f 9946 9934 9877
f 10500 10413 10545
f 10025 10011 9985
f 10011 10067 10071
f 10114 10095 10071
f 10114 10071 10101
f 10171 10114 10180
f 9117 9050 9003
f 8877 8995 8970
f 9851 9578 9694
f 8845 8843 8799
f 8780 8845 8799
f 10220 10339 10260
f 8726 8751 8696
f 10339 10347 10260
f 10347 10339 10425
f 8613 8696 8614
f 10430 10347 10437
f 10430 10437 10488
f 8620 8558 8533
f 10714 10721 10692
f 8558 8875 8623
f 8623 8875 8839
f 9007 8839 8875
f 9201 8849 8839
f 9105 9201 9317
f 10717 10698 10688
f 10688 10612 10631
f 10612 10609 10631
f 9382 9585 9580
f 10609 10612 10593
f 9580 9585 9633
f 9633 9585 9704
f 9800 9877 9824
f 10593 10568 10594
f 10568 10545 10540
f 9946 9951 9934
f 10413 10508 10545
f 10508 10540 10545
f 10011 10025 10067
f 10025 10061 10067
f 10324 10235 10337
f 10071 10067 10101
f 10235 10171 10241
f 10171 10180 10241
f 9050 8993 8877
f 9117 9171 9050
f 9117 9215 9171
f 8993 8995 8877
f 9215 9311 9171
f 9311 9516 9408
f 8889 8843 8845
f 9851 10003 9844
f 8843 8803 8799
f 10092 10003 10030
f 10092 10136 10003
f 8799 8803 8726
f 8803 8751 8726
f 8727 8614 8696
f 8734 8614 8727
f 10516 10588 10601
f 8558 8620 8954
f 10688 10669 10717
f 9382 9457 9585
f 9710 9704 9585
f 10540 10594 10568
f 9951 9946 9985
f 10037 10025 9985
f 10361 10324 10337
f 10361 10337 10413
f 10175 10114 10101
f 10175 10180 10114
f 10277 10235 10241
f 10277 10337 10235
f 10180 10175 10241
f 9311 9408 9264
f 8843 8889 8803
f 10347 10430 10380
f 8614 8734 8576
f 10488 10516 10430
f 10516 10449 10430
f 8576 8734 8620
f 8734 8712 8620
f 8620 8712 8772
f 8772 8954 8620
f 10707 10672 10692
f 8954 8875 8558
f 8839 9007 9201
f 10631 10669 10688
f 9317 9585 9457
f 10609 10593 10586
f 9704 9710 9800
f 10596 10593 10594
f 10569 10594 10540
f 10037 9985 9975
f 10101 10142 10175
f 9050 9054 8993
f 9054 9050 9111
f 9050 9171 9111
f 8993 9054 8995
f 9311 9264 9171
f 8970 8983 8845
f 9561 9516 9578
f 8845 8983 8889
f 9757 9578 9851
f 8983 8914 8889
f 8803 8889 8914
f 10294 10260 10347
f 8751 8727 8696
f 10692 10721 10707
f 10721 10717 10707
f 9201 9330 9317
f 10717 10669 10703
f 10631 10609 10586
f 10593 10596 10586
f 9800 9710 9877
f 9946 9975 9985
f 10508 10413 10513
f 10037 10057 10025
f 10413 10337 10415
f 10057 10061 10025
f 10155 10101 10067
f 10101 10155 10142
f 10240 10277 10241
f 8995 9054 9063
f 9054 9111 9063
f 9171 9162 9111
f 9264 9162 9171
f 8995 9063 8970
f 9851 9844 9757
f 10136 9950 10003
f 8803 8802 8751
f 8802 8762 8751
f 8727 8751 8762
f 8734 8727 8762
f 10430 10449 10442
f 8734 8772 8712
f 8875 9217 9007
f 10707 10717 10703
f 9007 9217 9201
f 9201 9217 9330
f 9317 9330 9585
f 10660 10669 10631
f 9944 9877 9710
f 10596 10594 10569
f 9944 9946 9877
f 10513 10413 10415
f 10037 10055 10057
f 10061 10155 10067
f 10185 10142 10155
f 10142 10185 10175
f 10241 10175 10185
f 10241 10185 10240
f 9111 9162 9063
f 9063 9014 8970
f 8970 9014 8983
f 9578 9757 9561
f 8983 8962 8914
f 8962 8949 8914
f 9950 10136 10140
f 8914 8834 8803
f 10260 10205 10220
f 10260 10294 10205
f 10380 10294 10347
f 10442 10380 10430
f 8762 8767 8734
f 10532 10449 10516
f 8767 8805 8734
f 8734 8805 8772
f 10532 10516 10604
f 10601 10604 10516
f 10601 10672 10604
f 10672 10707 10604
f 10631 10586 10660
f 10660 10586 10590
f 10041 10037 9975
f 10540 10508 10557
f 10415 10337 10372
f 10277 10306 10337
f 10306 10372 10337
f 10306 10277 10240
f 9125 9014 9063
f 8962 8983 8988
f 8983 9014 8988
f 8949 8928 8914
f 8834 8914 8928
f 10134 10140 10220
f 8834 8928 8802
f 8803 8834 8802
f 8802 8784 8762
f 10302 10294 10380
f 8784 8774 8762
f 10375 10380 10442
f 8762 8774 8767
f 10506 10442 10449
f 8772 8924 8954
f 10646 10604 10707
f 9331 9330 9217
f 10669 10660 10703
f 9585 9330 9522
f 9585 9522 9655
f 10590 10586 10596
f 9710 9753 9944
f 9944 9975 9946
f 10037 10041 10055
f 10138 10061 10057
f 10061 10138 10155
f 10240 10185 10221
f 9125 9063 9162
f 9162 9264 9345
f 9862 9757 9844
f 8948 8949 8962
f 8928 8812 8802
f 8812 8784 8802
f 10247 10205 10294
f 10302 10247 10294
f 10375 10302 10380
f 10382 10375 10442
f 10506 10449 10532
f 8994 8954 8924
f 10646 10634 10604
f 10646 10707 10662
f 10707 10703 10662
f 10662 10703 10660
f 10660 10590 10656
f 10656 10590 10616
f 9756 9585 9655
f 9756 9710 9585
f 9756 9753 9710
f 10540 10595 10569
f 10557 10595 10540
f 10041 10076 10055
f 10055 10106 10057
f 10057 10106 10125
f 10125 10138 10057
f 10306 10240 10299
f 10185 10155 10182
f 10185 10182 10221
f 9264 9408 9345
f 9014 9125 9028
f 9014 9028 8988
f 9844 9880 9862
f 10003 9880 9844
f 9880 10003 9950
f 10140 10134 9950
f 8949 8906 8928
f 8906 8890 8928
f 8928 8890 8812
f 10220 10205 10134
f 10382 10442 10428
f 8774 8847 8767
f 10428 10442 10506
f 8767 8847 8805
f 8924 8805 8847
f 8805 8924 8772
f 10604 10592 10532
f 10592 10604 10634
f 9136 8954 8994
f 10662 10660 10656
f 10616 10590 10614
f 10590 10596 10614
f 10596 10569 10614
f 9753 9913 9944
f 10614 10569 10595
f 10508 10513 10557
f 10415 10507 10513
f 10507 10415 10372
f 10138 10170 10155
f 10155 10170 10182
f 10240 10221 10299
f 9158 9125 9162
f 9345 9253 9162
f 9162 9253 9158
f 9081 9028 9125
f 9598 9516 9561
f 9598 9561 9757
f 9028 8989 8988
f 9862 9598 9757
f 8988 8989 8948
f 8962 8988 8948
f 8948 8918 8949
f 8918 8913 8949
f 8949 8913 8906
f 10134 10205 10247
f 8784 8773 8774
f 10297 10302 10375
f 10382 10297 10375
f 10506 10532 10495
f 10597 10532 10592
f 9047 9136 8994
f 8954 9136 8875
f 10592 10634 10626
f 10634 10646 10652
f 10646 10662 10652
f 10652 10662 10668
f 9331 9560 9330
f 9330 9560 9522
f 10662 10656 10668
f 10656 10616 10657
f 9756 9913 9753
f 10595 10557 10584
f 10557 10583 10584
f 10076 10093 10055
f 10513 10583 10557
f 10055 10093 10106
f 10507 10372 10487
f 10125 10170 10138
f 10436 10306 10299
f 10436 10372 10306
f 10299 10221 10394
f 9081 9125 9158
f 9516 9418 9408
f 9516 9489 9418
f 9516 9598 9489
f 8939 8918 8948
f 10134 9880 9950
f 8890 8906 8808
f 10134 10247 10126
f 10302 10297 10247
f 10428 10506 10495
f 8924 8847 8892
f 10495 10532 10597
f 8994 8924 8892
f 10597 10592 10605
f 9136 9217 8875
f 10592 10626 10615
f 10626 10634 10652
f 10668 10656 10657
f 9655 9522 9560
f 10657 10616 10694
f 10616 10614 10694
f 10614 10595 10628
f 10583 10513 10582
f 10170 10125 10193
f 10221 10182 10256
f 10182 10170 10256
f 10221 10256 10394
f 10436 10299 10394
f 9158 9253 9143
f 9345 9408 9418
f 9081 9074 9028
f 8989 8961 8939
f 8948 8989 8939
f 9862 9762 9598
f 9839 9862 9880
f 9880 10134 9972
f 8913 8918 8838
f 8808 8913 8838
f 8913 8808 8906
f 9972 10134 10126
f 8890 8808 8796
f 8890 8796 8812
f 8812 8796 8784
f 10382 10433 10379
f 8773 8800 8774
f 10433 10382 10428
f 8892 8847 8800
f 8800 8847 8774
f 9021 9047 8994
f 10605 10592 10615
f 10626 10667 10615
f 9435 9560 9331
f 10652 10668 10708
f 10614 10628 10694
f 9944 10054 9975
f 10041 9975 10054
f 10595 10584 10628
f 10054 10076 10041
f 10699 10696 10584
f 10724 10699 10584
f 10583 10724 10584
f 10513 10507 10582
f 10106 10193 10125
f 10106 10173 10193
f 10436 10487 10372
f 10394 10256 10336
f 9253 9189 9143
f 9345 9418 9253
f 9028 9074 9002
f 9143 9074 9081
f 9158 9143 9081
f 9028 9002 8989
f 8961 8989 9002
f 8918 8939 8961
f 9862 9839 9762
f 8918 8763 8838
f 9880 9972 9903
f 10379 10297 10382
f 10433 10428 10495
f 8892 9021 8994
f 10615 10667 10605
f 9217 9136 9331
f 10708 10667 10626
f 10626 10652 10708
f 9655 9560 9749
f 10668 10657 10694
f 9913 9936 9944
f 10584 10696 10628
f 10583 10582 10726
f 9253 9291 9189
f 9253 9418 9291
f 9002 8982 8961
f 8961 8779 8918
f 8779 8765 8918
f 9903 9839 9880
f 8838 8776 8808
f 8808 8776 8796
f 8796 8771 8784
f 10126 10247 10141
f 8771 8773 8784
f 8846 8892 8800
f 8846 8904 8892
f 8892 8904 9021
f 9435 9572 9560
f 9655 9792 9756
f 9756 9936 9913
f 10628 10706 10694
f 9996 10054 9944
f 9996 10042 10054
f 10696 10706 10628
f 10724 10735 10699
f 10724 10583 10726
f 10582 10547 10726
f 10582 10507 10547
f 10173 10208 10193
f 10487 10547 10507
f 10208 10238 10193
f 10193 10238 10170
f 10170 10238 10256
f 10256 10238 10336
f 10394 10336 10429
f 9031 9046 9074
f 9143 9031 9074
f 9189 9031 9143
f 9283 9189 9291
f 9418 9403 9291
f 9403 9418 9489
f 9046 8982 9002
f 9046 9002 9074
f 8961 8982 8814
f 8961 8814 8779
f 8765 8763 8918
f 8796 8776 8771
f 10247 10227 10141
f 10227 10247 10297
f 10286 10297 10379
f 10495 10597 10581
f 9047 9021 9062
f 9221 9136 9047
f 10597 10605 10676
f 10667 10676 10605
f 9362 9435 9331
f 9560 9572 9749
f 10668 10694 10740
f 9655 9749 9792
f 9936 9996 9944
f 10093 10146 10106
f 10146 10173 10106
f 10238 10352 10336
f 10487 10436 10394
f 10487 10394 10429
f 9189 9025 9031
f 9168 9025 9189
f 9283 9168 9189
f 9283 9291 9336
f 9031 8965 9046
f 9336 9291 9403
f 8982 9046 8814
f 9489 9532 9403
f 9489 9598 9532
f 8838 8763 8776
f 9995 9972 10126
f 8776 8763 8771
f 10297 10286 10227
f 8773 8790 8800
f 8800 8790 8846
f 8790 8841 8846
f 10495 10537 10433
f 9051 9021 8904
f 10495 10581 10537
f 9021 9051 9062
f 10597 10676 10581
f 9136 9362 9331
f 10676 10667 10716
f 10667 10708 10716
f 10708 10668 10740
f 9936 9756 9792
f 10740 10694 10746
f 10696 10699 10736
f 10098 10093 10076
f 10098 10146 10093
f 10735 10724 10767
f 10724 10726 10751
f 10207 10208 10173
f 10726 10547 10562
f 10429 10336 10388
f 9025 9168 9091
f 9283 9336 9267
f 8965 8898 9046
f 9336 9403 9532
f 9598 9553 9532
f 9553 9598 9762
f 8765 8779 8607
f 8763 8738 8771
f 8694 8738 8763
f 8771 8755 8773
f 10379 10433 10354
f 8846 8841 8904
f 8841 8986 8904
f 8904 8986 9051
f 9062 9221 9047
f 9362 9136 9221
f 10760 10708 10740
f 10694 10706 10746
f 10746 10706 10736
f 10054 10098 10076
f 10706 10696 10736
f 10735 10736 10699
f 10767 10724 10751
f 10207 10259 10208
f 10726 10715 10753
f 10726 10562 10715
f 10238 10300 10352
f 10416 10388 10352
f 10388 10336 10352
f 10547 10487 10562
f 8965 9031 9025
f 9283 9267 9168
f 9046 8898 8814
f 9579 9553 9762
f 8548 8763 8607
f 8607 8763 8765
f 9903 9972 9888
f 10105 9995 10126
f 10126 10141 10105
f 10141 10227 10159
f 8755 8790 8773
f 10354 10286 10379
f 10676 10675 10581
f 10676 10716 10675
f 9362 9474 9435
f 10760 10740 10762
f 9572 9692 9749
f 10762 10740 10768
f 10736 10765 10746
f 10736 10735 10767
f 10146 10204 10173
f 10204 10207 10173
f 10792 10751 10795
f 10767 10751 10792
f 10726 10753 10783
f 10726 10783 10751
f 10259 10238 10208
f 10259 10284 10238
f 10715 10562 10648
f 10352 10300 10416
f 10388 10416 10501
f 9168 9267 9192
f 9091 9168 9192
f 8965 8975 8898
f 9025 8975 8965
f 9091 8975 9025
f 9336 9353 9267
f 9444 9353 9336
f 9532 9444 9336
f 8898 8798 8814
f 9532 9553 9444
f 8798 8597 8814
f 8814 8607 8779
f 8597 8607 8814
f 8548 8507 8763
f 9839 9903 9888
f 9995 9888 9972
f 8694 8763 8507
f 8612 8694 8507
f 10141 10159 10105
f 8705 8738 8694
f 8738 8705 8771
f 8705 8755 8771
f 8841 8825 8986
f 9051 9030 9062
f 10737 10716 10760
f 10716 10708 10760
f 9435 9474 9533
f 9435 9533 9572
f 9572 9533 9692
f 9792 9749 9692
f 10771 10762 10768
f 9894 9936 9792
f 10740 10746 10768
f 10768 10746 10765
f 10042 10098 10054
f 10754 10765 10736
f 10098 10167 10146
f 10791 10767 10796
f 10791 10736 10767
f 10796 10767 10792
f 10751 10783 10795
f 10284 10300 10238
f 10370 10300 10284
f 10370 10416 10300
f 10749 10753 10648
f 10648 10753 10715
f 10429 10388 10550
f 10388 10501 10550
f 10562 10487 10429
f 10562 10429 10689
f 10689 10429 10550
f 10648 10562 10689
f 8975 8931 8683
f 9091 8931 8975
f 8975 8683 8898
f 8898 8683 8798
f 8798 8683 8597
f 9723 9579 9762
f 10227 10248 10159
f 10248 10227 10286
f 8755 8752 8790
f 8790 8752 8841
f 8752 8825 8841
f 10433 10537 10443
f 9051 8986 9030
f 9062 9393 9221
f 10675 10716 10737
f 10777 10760 10762
f 9936 9970 9996
f 10042 10109 10098
f 10098 10109 10167
f 10796 10792 10835
f 10792 10795 10835
f 10795 10783 10805
f 10753 10805 10783
f 10749 10648 10689
f 10782 10803 10753
f 10782 10753 10749
f 10805 10753 10803
f 10782 10749 10689
f 10689 10550 10623
f 9192 9075 9091
f 9091 9075 8931
f 9075 9192 9258
f 9267 9258 9192
f 9267 9353 9258
f 8683 8473 8597
f 9434 9444 9553
f 9553 9579 9434
f 8597 8470 8607
f 8607 8470 8548
f 8694 8612 8705
f 8705 8711 8755
f 8711 8752 8755
f 10537 10581 10673
f 9228 9062 9030
f 10673 10581 10675
f 9362 9221 9393
f 9474 9362 9393
f 10737 10760 10766
f 10766 10760 10777
f 10771 10794 10762
f 10798 10794 10771
f 9894 9970 9936
f 9970 10042 9996
f 9970 10077 10042
f 10754 10807 10765
f 10802 10807 10754
f 10754 10736 10802
f 10791 10802 10736
f 10791 10796 10806
f 10259 10311 10284
f 10370 10440 10473
f 10416 10370 10473
f 10416 10473 10501
f 10623 10501 10575
f 10623 10550 10501
f 10623 10738 10689
f 7452 7422 7502
f 7502 7422 7480
f 7454 7422 7413
f 7480 7422 7454
f 7503 7480 7454
f 7454 7493 7503
f 8619 8692 8401
f 8692 8619 8735
f 8931 8735 8683
f 9075 9258 9135
f 8473 8619 8401
f 8683 8735 8619
f 8473 8401 8393
f 8619 8473 8683
f 9353 9444 9434
f 8473 8393 8597
f 8393 8470 8597
f 8470 8507 8548
f 8479 8612 8507
f 8612 8711 8705
f 10286 10354 10248
f 8752 8777 8825
f 10354 10433 10443
f 9030 8986 8825
f 9393 9062 9228
f 9692 9533 9677
f 10789 10777 10794
f 10777 10762 10794
f 9692 9758 9792
f 10771 10811 10798
f 10765 10811 10768
f 10811 10765 10817
f 10817 10765 10807
f 10167 10204 10146
f 10791 10806 10802
f 10796 10835 10843
f 10795 10805 10835
f 10284 10311 10370
f 10835 10805 10853
f 10803 10853 10805
f 10473 10575 10501
f 10857 10853 10803
f 10816 10857 10803
f 10623 10575 10691
f 10691 10738 10623
f 10738 10782 10689
f 10803 10782 10787
f 10787 10782 10738
f 10816 10803 10787
f 10750 10738 10691
f 10787 10738 10750
f 7502 7681 7537
f 7481 7502 7537
f 7481 7435 7452
f 7502 7481 7452
f 7864 7681 7502
f 8049 7681 7864
f 7794 7502 7480
f 7864 7502 7794
f 7454 7413 7446
f 7503 7548 7480
f 8049 7864 8335
f 8335 7864 7794
f 7454 7446 7493
f 7503 7493 7548
f 7480 7548 7794
f 8049 8335 8478
f 7406 7442 7446
f 7493 7446 7442
f 7493 7442 7466
f 7548 7493 7535
f 7535 7493 7466
f 7794 7548 7790
f 7790 7548 7535
f 8335 7794 8615
f 8478 8335 8587
f 7535 7466 7549
f 7790 7535 7549
f 8587 8335 8615
f 8783 8478 8587
f 7466 7442 7485
f 7549 7466 7485
f 7790 7549 7841
f 8615 7794 7790
f 7841 7549 7485
f 8783 8587 8615
f 8783 8855 8817
f 8817 9075 9135
f 8855 8783 8615
f 9075 8817 8855
f 8615 7790 8325
f 8855 8615 8692
f 8325 7790 8259
f 8259 7790 7841
f 8692 8325 8401
f 8692 8615 8325
f 8855 8692 8735
f 8931 8855 8735
f 9075 8855 8931
f 9135 9258 9200
f 9200 9258 9256
f 8259 7841 8089
f 8401 8325 8259
f 9258 9353 9434
f 8393 8401 8259
f 8214 8259 8089
f 8393 8214 8470
f 8259 8214 8393
f 8470 8214 8405
f 8405 8214 8222
f 8470 8405 8507
f 8424 8405 8222
f 8405 8424 8507
f 9878 9888 9995
f 8424 8436 8507
f 8534 8612 8479
f 8612 8534 8711
f 10248 10354 10213
f 8777 9030 8825
f 9474 9393 9533
f 10757 10737 10766
f 9677 9758 9692
f 10814 10794 10818
f 9792 9881 9894
f 10794 10798 10818
f 10771 10768 10811
f 10077 10109 10042
f 10806 10796 10831
f 10831 10796 10843
f 10370 10311 10427
f 10427 10440 10370
f 10835 10853 10843
f 10503 10575 10473
f 10575 10624 10691
f 10750 10691 10755
f 10787 10828 10816
f 10755 10780 10750
f 10750 10780 10787
f 10780 10828 10787
f 10828 10780 10801
f 7492 7435 7481
f 7537 7492 7481
f 7452 7370 7422
f 7413 7375 7446
f 7375 7406 7446
f 7406 7384 7442
f 8478 8783 8817
f 7485 7442 7499
f 7499 7528 7485
f 7841 7485 7528
f 7750 7841 7528
f 7841 7750 8089
f 9256 9258 9434
f 8214 8089 7971
f 9646 9579 9723
f 8222 8214 7971
f 9762 9839 9795
f 9795 9839 9888
f 8281 8436 8424
f 8479 8436 8388
f 8436 8479 8507
f 8388 8421 8479
f 8421 8534 8479
f 8535 8711 8534
f 10552 10443 10537
f 9030 9172 9228
f 9228 9293 9393
f 10673 10675 10757
f 10737 10757 10675
f 9393 9591 9533
f 9533 9591 9677
f 9758 9881 9792
f 10798 10811 10818
f 10817 10807 10802
f 10204 10264 10207
f 10264 10327 10207
f 10207 10327 10259
f 10311 10259 10327
f 10387 10311 10327
f 10387 10427 10311
f 10843 10853 10883
f 10473 10440 10503
f 10440 10427 10503
f 10857 10883 10853
f 10564 10575 10503
f 10914 10883 10857
f 10575 10564 10624
f 10857 10816 10854
f 10908 10914 10857
f 10854 10908 10857
f 10691 10624 10685
f 10755 10691 10685
f 10816 10828 10854
f 10755 10685 10780
f 7681 7668 7537
f 7452 7435 7370
f 7370 7316 7422
f 7316 7413 7422
f 8085 7681 8049
f 8049 8459 8085
f 7375 7252 7406
f 8049 8478 8459
f 7252 7384 7406
f 8478 8879 8606
f 8879 8478 8817
f 8879 9135 9095
f 7404 7442 7384
f 9135 8879 8817
f 7499 7442 7404
f 9135 9200 9095
f 9095 9200 9256
f 7499 7547 7528
f 7750 7528 7838
f 7838 7528 7547
f 9256 9434 9314
f 7838 7940 7750
f 7750 7940 8089
f 9434 9579 9455
f 8089 7940 7971
f 9579 9646 9587
f 9762 9795 9723
f 8222 8022 8424
f 8281 8424 8022
f 8711 8535 8557
f 8557 8708 8711
f 8708 8752 8711
f 10354 10443 10213
f 9030 8777 8999
f 9172 9030 8999
f 10552 10537 10673
f 9393 9293 9465
f 10789 10769 10777
f 10769 10766 10777
f 10789 10794 10814
f 9881 9982 9894
f 9894 9982 9970
f 10811 10817 10842
f 10166 10167 10109
f 10817 10802 10838
f 10802 10806 10831
f 10204 10281 10264
f 10831 10843 10868
f 10883 10868 10843
f 10564 10503 10427
f 10685 10624 10564
f 10711 10780 10685
f 10780 10711 10799
f 10801 10780 10827
f 10780 10799 10827
f 7389 7492 7534
f 7537 7534 7492
f 7668 7765 7537
f 7537 7765 7534
f 7668 7842 7765
f 7286 7435 7389
f 7389 7435 7492
f 7681 7842 7668
f 7681 8016 7842
f 7370 7286 7280
f 7286 7370 7435
f 7280 7316 7370
f 8085 8016 7681
f 7316 7375 7413
f 8606 8459 8478
f 8606 8879 8883
f 8883 8879 9095
f 7515 7499 7404
f 9206 9256 9314
f 7547 7499 7515
f 9314 9434 9455
f 7611 7547 7515
f 7542 7611 7515
f 7838 7547 7611
f 7940 7838 7611
f 9579 9587 9455
f 7611 7542 7623
f 7927 7611 7623
f 7940 7611 7927
f 7940 7927 7971
f 7971 8022 8222
f 9878 9795 9888
f 8088 8281 8022
f 8281 8088 8436
f 8088 8388 8436
f 9878 9995 9980
f 8421 8388 8167
f 8421 8535 8534
f 10159 10248 10213
f 8708 8777 8752
f 10443 10369 10213
f 10443 10552 10369
f 10673 10757 10712
f 9393 9465 9591
f 10757 10766 10769
f 9852 9881 9758
f 10837 10818 10847
f 10837 10814 10818
f 10847 10811 10834
f 10818 10811 10847
f 9970 9982 10077
f 10077 10166 10109
f 10842 10834 10811
f 10817 10838 10842
f 10192 10204 10167
f 10838 10802 10831
f 10327 10406 10387
f 10889 10868 10883
f 10534 10564 10427
f 10883 10914 10939
f 10564 10627 10685
f 10801 10859 10828
f 10828 10859 10884
f 10854 10828 10884
f 7534 7765 7755
f 7335 7286 7389
f 7280 7286 7254
f 8124 8016 8085
f 7265 7316 7280
f 8186 8124 8085
f 7316 7265 7375
f 8186 8085 8459
f 7252 7330 7384
f 7384 7330 7404
f 7330 7451 7404
f 9256 9206 9095
f 7404 7451 7515
f 9314 9455 9299
f 7515 7451 7511
f 7542 7515 7511
f 9618 9587 9646
f 9646 9723 9618
f 7704 7927 7623
f 7927 7936 7971
f 8022 7971 7936
f 8088 8022 7936
f 8088 8167 8388
f 10069 9995 10105
f 10105 10159 10069
f 8434 8535 8421
f 8999 8777 9022
f 9228 9172 9293
f 10552 10712 10576
f 10673 10712 10552
f 9465 9643 9591
f 9591 9643 9677
f 10789 10814 10797
f 10192 10281 10204
f 10868 10889 10831
f 10387 10469 10427
f 10564 10534 10627
f 10663 10685 10627
f 10685 10663 10711
f 10799 10711 10784
f 10854 10884 10913
f 10854 10913 10908
f 10801 10827 10859
f 7755 7637 7534
f 7755 7765 7801
f 7765 7842 7801
f 7842 7883 7801
f 8016 8052 7842
f 8016 8124 8052
f 8186 8300 8124
f 7265 7280 7254
f 7265 7252 7375
f 8459 8606 8651
f 8606 8883 8651
f 8883 9095 9036
f 9095 9206 9036
f 7330 7344 7451
f 7436 7451 7344
f 9206 9314 9299
f 7511 7451 7521
f 7542 7511 7561
f 7623 7542 7561
f 7623 7561 7704
f 7704 7561 7597
f 7597 7698 7704
f 7927 7704 7936
f 7936 7704 7698
f 8485 8535 8434
f 10769 10712 10757
f 10797 10769 10789
f 9758 9677 9852
f 10837 10839 10814
f 9881 10004 9982
f 10210 10077 9982
f 10834 10842 10855
f 10166 10192 10167
f 10855 10842 10838
f 10281 10192 10267
f 10838 10831 10887
f 10281 10327 10264
f 10406 10327 10328
f 10406 10469 10387
f 10889 10883 10939
f 10469 10534 10427
f 10625 10627 10534
f 10957 10939 10914
f 10627 10722 10663
f 10914 10908 10957
f 10908 10913 10957
f 10827 10799 10832
f 10827 10884 10859
f 10962 10957 10913
f 10884 10962 10913
f 11011 10884 10827
f 11011 10827 10945
f 7335 7389 7397
f 7534 7397 7389
f 7883 7842 8052
f 8124 8300 8365
f 8459 8651 8300
f 8459 8300 8186
f 8883 9036 8651
f 7256 7344 7330
f 9036 9206 9027
f 9243 9206 9299
f 7344 7340 7436
f 7436 7455 7451
f 7451 7455 7521
f 7511 7521 7561
f 7521 7597 7561
f 7521 7551 7597
f 7648 7597 7551
f 7597 7648 7698
f 7648 7746 7698
f 7936 7698 7746
f 7746 7824 7936
f 7936 7824 8088
f 8167 8088 8068
f 8220 8421 8167
f 8434 8421 8220
f 8485 8557 8535
f 8616 8708 8557
f 8616 8777 8708
f 9172 8999 9022
f 9172 9229 9293
f 9472 9293 9229
f 9293 9472 9465
f 9643 9852 9677
f 10797 10814 10839
f 10837 10847 10860
f 10210 10166 10077
f 10267 10192 10166
f 10281 10328 10327
f 10887 10831 10889
f 10942 10889 10939
f 10534 10546 10625
f 10722 10627 10625
f 11000 10966 10939
f 10939 10957 11045
f 11000 10939 11045
f 10784 10711 10663
f 10832 10784 10844
f 10832 10799 10784
f 11045 10957 11012
f 11012 10957 10962
f 10884 11011 10962
f 10945 10832 10911
f 10945 10827 10832
f 11011 11012 10962
f 7637 7543 7534
f 7637 7755 7543
f 7755 7801 7703
f 7397 7303 7335
f 7303 7299 7286
f 7335 7303 7286
f 8052 8124 8382
f 8124 8365 8382
f 7254 7230 7265
f 7265 7230 7252
f 7230 7234 7252
f 8764 8651 9036
f 7252 7234 7330
f 7330 7234 7256
f 7256 7340 7344
f 9206 9156 9027
f 9243 9156 9206
f 7381 7436 7340
f 9476 9455 9587
f 7617 7648 7551
f 8068 8088 7897
f 8068 8220 8167
f 8434 8220 8485
f 8485 8503 8557
f 10345 10213 10369
f 9022 8777 8616
f 10552 10458 10369
f 9172 9022 9122
f 9022 8980 9122
f 9229 9172 9122
f 10458 10552 10576
f 10769 10797 10793
f 9643 9853 9852
f 9852 9853 9881
f 9853 10004 9881
f 10839 10837 10860
f 10847 10888 10860
f 10891 10888 10847
f 10891 10847 10834
f 10855 10891 10834
f 10330 10281 10267
f 10838 10917 10855
f 10917 10838 10887
f 10389 10406 10328
f 10469 10546 10534
f 10942 10939 10966
f 10722 10784 10663
f 11000 11045 11060
f 11045 11012 11052
f 7534 7543 7397
f 7755 7703 7543
f 7286 7299 7254
f 7883 8052 8247
f 8300 8509 8365
f 8300 8651 8509
f 8651 8764 8509
f 9027 8764 9036
f 7234 7259 7256
f 7340 7256 7259
f 9218 9243 9299
f 9476 9299 9455
f 7521 7455 7551
f 7587 7617 7551
f 7648 7799 7746
f 7824 7746 7799
f 7859 7824 7799
f 7824 7897 8088
f 10069 9980 9995
f 8503 8485 8416
f 8557 8503 8616
f 8980 9022 8616
f 10793 10712 10769
f 10793 10797 10841
f 10888 10839 10860
f 10210 10267 10166
f 10855 10917 10891
f 10330 10328 10281
f 10887 10889 10942
f 10461 10469 10406
f 10704 10722 10625
f 10722 10844 10784
f 10832 10844 10870
f 10892 10911 10870
f 10911 10832 10870
f 11012 11011 11052
f 10911 10978 10945
f 10945 10978 11006
f 10945 11006 11011
f 7801 7883 7922
f 8247 8052 8382
f 8365 8583 8382
f 7230 7238 7234
f 8764 8583 8509
f 8950 8583 8764
f 8764 9027 8950
f 9027 9156 8950
f 7234 7253 7259
f 9243 9218 9156
f 7259 7346 7340
f 7346 7381 7340
f 9218 9299 9273
f 7617 7754 7648
f 9795 9878 9892
f 7754 7799 7648
f 9878 9980 9967
f 7824 7859 7897
f 7897 7859 7904
f 7897 7904 8068
f 7904 8220 8068
f 8485 8220 8272
f 8416 8485 8272
f 10841 10797 10839
f 10004 10129 9982
f 9982 10129 10210
f 10389 10461 10406
f 10989 10942 10966
f 10546 10635 10625
f 10966 11000 10989
f 10989 11000 11057
f 11057 11000 11060
f 10722 10704 10804
f 11057 11060 11095
f 11095 11045 11116
f 11060 11045 11095
f 10826 10844 10722
f 11045 11052 11116
f 10870 10844 10879
f 11052 11011 11070
f 11116 11052 11105
f 11105 11052 11070
f 10870 10879 10892
f 11011 11006 11070
f 10911 10892 10936
f 10978 10911 10936
f 11108 11105 11070
f 11081 11070 11006
f 11108 11070 11081
f 7801 7836 7703
f 7801 7922 7836
f 7396 7299 7397
f 8247 7922 7883
f 7397 7299 7303
f 7254 7299 7239
f 7254 7239 7230
f 8583 8365 8509
f 7238 7255 7234
f 7255 7253 7234
f 9148 8950 9156
f 7253 7278 7259
f 9148 9156 9218
f 7346 7259 7278
f 9273 9299 9476
f 9395 9273 9476
f 7551 7455 7550
f 7617 7713 7754
f 7776 7799 7754
f 10159 10177 10069
f 8220 8030 8272
f 8503 8416 8476
f 8503 8476 8616
f 8869 8980 8616
f 10458 10345 10369
f 10458 10576 10479
f 9229 9461 9472
f 9465 9808 9643
f 9643 9808 9853
f 9853 10028 10004
f 10891 10917 10959
f 10389 10328 10408
f 10937 10917 10887
f 10887 10942 10937
f 10546 10461 10567
f 10461 10546 10469
f 10625 10693 10704
f 10635 10693 10625
f 10704 10776 10804
f 10826 10722 10804
f 10826 10879 10844
f 11116 11105 11157
f 10978 10998 11006
f 10936 10998 10978
f 10998 11081 11006
f 7638 7703 7759
f 7396 7397 7543
f 7638 7514 7543
f 7703 7638 7543
f 7703 7836 7759
f 7239 7235 7230
f 7255 7278 7253
f 7278 7342 7346
f 7346 7342 7381
f 7436 7381 7403
f 7436 7449 7455
f 7587 7646 7617
f 7754 7713 7776
f 7859 7799 7835
f 7835 7799 7776
f 7859 7835 7951
f 7904 7859 7951
f 8220 7951 8030
f 8220 7904 7951
f 10177 10159 10213
f 10265 10177 10213
f 10213 10345 10265
f 10479 10345 10458
f 8980 9037 9122
f 9122 9037 9229
f 9229 9240 9461
f 10576 10748 10479
f 10748 10576 10712
f 9465 9472 9747
f 9465 9747 9808
f 10793 10808 10712
f 10808 10793 10841
f 9808 10028 9853
f 10841 10839 10858
f 10839 10888 10858
f 10004 10149 10129
f 10888 10891 10956
f 10891 10959 10949
f 10959 10917 10961
f 10330 10408 10328
f 10917 10937 10961
f 10389 10477 10461
f 10989 11010 10942
f 11095 11116 11153
f 10826 10848 10879
f 11189 11153 11116
f 11157 11189 11116
f 10892 10879 10899
f 10936 10892 10899
f 11105 11108 11157
f 10936 10944 10998
f 7299 7396 7374
f 7543 7514 7396
f 8182 7922 8247
f 7230 7235 7238
f 8667 8583 8950
f 7262 7255 7238
f 9148 8967 8950
f 7357 7278 7255
f 9148 9218 9152
f 7342 7383 7381
f 7403 7449 7436
f 7550 7455 7449
f 9496 9476 9587
f 7551 7550 7587
f 7617 7646 7713
f 7646 7690 7713
f 7713 7787 7776
f 7787 7819 7776
f 7819 7835 7776
f 7951 7835 7932
f 7932 7835 7819
f 8416 8030 8126
f 8416 8272 8030
f 10748 10712 10808
f 10004 10028 10149
f 10858 10888 10948
f 10948 10888 10956
f 10891 10949 10956
f 10408 10330 10267
f 10961 10937 10993
f 10993 10937 10942
f 11016 10942 11010
f 10567 10635 10546
f 10723 10693 10635
f 11010 10989 11044
f 10989 11057 11044
f 11044 11057 11071
f 10704 10781 10776
f 11098 11095 11137
f 10813 10804 10776
f 11137 11095 11153
f 10804 10848 10826
f 10804 10864 10848
f 11198 11153 11189
f 11157 11108 11186
f 11189 11157 11186
f 10944 10899 10955
f 10936 10899 10944
f 11108 11081 11186
f 10944 10970 10998
f 10998 11020 11081
f 10970 11020 10998
f 11148 11081 11020
f 11186 11081 11148
f 10955 10970 10944
f 7759 7836 7922
f 7299 7250 7239
f 8182 8247 8382
f 8514 8382 8583
f 8583 8667 8514
f 7333 7255 7262
f 7333 7357 7255
f 7357 7342 7278
f 7357 7383 7342
f 9218 9310 9152
f 9310 9218 9273
f 7383 7403 7381
f 7550 7576 7587
f 9618 9723 9707
f 7734 7713 7690
f 7713 7734 7787
f 9992 9980 10069
f 7819 7902 7932
f 7932 8030 7951
f 7987 8030 7932
f 8416 8126 8476
f 8665 8869 8616
f 10404 10345 10479
f 8980 8869 9037
f 9229 9037 9240
f 9747 9472 9461
f 9747 9461 9805
f 10149 10225 10129
f 10129 10318 10210
f 10210 10392 10267
f 10392 10408 10267
f 10959 10961 10992
f 10993 10992 10961
f 10408 10477 10389
f 10942 11016 10993
f 10461 10477 10567
f 10723 10635 10567
f 11043 11010 11044
f 10693 10781 10704
f 11057 11095 11098
f 11057 11098 11071
f 10804 10813 10864
f 11137 11153 11198
f 10894 10879 10848
f 11189 11186 11198
f 11198 11186 11218
f 10899 10879 10894
f 10894 10955 10899
f 11195 11186 11148
f 10928 10955 10894
f 11148 11020 11029
f 11020 10970 11029
f 11029 10970 10994
f 7514 7486 7459
f 7486 7514 7638
f 7514 7459 7396
f 7396 7459 7411
f 7411 7374 7396
f 7299 7374 7250
f 7250 7240 7239
f 7239 7240 7235
f 7235 7266 7238
f 7238 7266 7262
f 8667 8950 8742
f 9017 8967 9148
f 7333 7408 7357
f 7357 7408 7383
f 9273 9410 9310
f 9395 9410 9273
f 7403 7456 7449
f 9476 9496 9395
f 7456 7498 7449
f 7498 7550 7449
f 7498 7576 7550
f 7587 7576 7646
f 9723 9795 9707
f 7734 7867 7787
f 7867 7865 7787
f 9878 9967 9892
f 7865 7819 7787
f 7819 7865 7860
f 7888 7819 7860
f 9992 9967 9980
f 7819 7888 7902
f 7932 7902 7987
f 10069 10177 10121
f 8030 7987 8126
f 10177 10265 10331
f 8616 8476 8665
f 10265 10345 10404
f 8869 8665 9037
f 9808 9747 9855
f 10225 10318 10129
f 10392 10210 10318
f 10949 10959 11005
f 11005 10959 10992
f 10408 10456 10477
f 11071 11098 11111
f 10781 10813 10776
f 10813 10866 10864
f 11137 11198 11190
f 10864 10894 10848
f 10893 10894 10864
f 11218 11186 11207
f 11195 11207 11186
f 11148 11029 11200
f 10955 10928 10968
f 10970 10955 10968
f 10968 10994 10970
f 10994 10968 10987
f 11021 10994 10987
f 7486 7516 7447
f 7411 7459 7447
f 7486 7447 7459
f 7486 7638 7621
f 7486 7621 7516
f 7911 7638 7759
f 7374 7411 7329
f 7911 7759 7922
f 7309 7250 7329
f 7329 7250 7374
f 7309 7297 7250
f 7297 7240 7250
f 8182 8382 8514
f 7262 7266 7333
f 8742 8950 8967
f 9148 9152 9017
f 7408 7426 7383
f 7383 7426 7403
f 7472 7403 7426
f 7456 7403 7472
f 9395 9496 9410
f 7976 7888 7860
f 10121 9992 10069
f 7888 7967 7902
f 7902 7967 7987
f 10121 10177 10331
f 7987 8029 8126
f 8476 8126 8160
f 8476 8360 8665
f 8665 8740 9037
f 9240 9630 9461
f 10665 10479 10748
f 9805 9461 9630
f 9805 9855 9747
f 10122 9808 9855
f 10028 9808 10122
f 10122 10149 10028
f 10841 10858 10924
f 10924 10858 10948
f 10992 10993 11016
f 10531 10567 10477
f 11016 11010 11043
f 10781 10693 10774
f 10774 10693 10723
f 10781 10829 10813
f 10813 10852 10866
f 11190 11198 11218
f 10866 10893 10864
f 10866 10890 10893
f 10893 10928 10894
f 10893 10909 10928
f 11195 11217 11207
f 11200 11195 11148
f 11217 11195 11200
f 10968 10928 10925
f 10925 10928 10909
f 11200 11029 11084
f 11084 11029 10994
f 11084 10994 11021
f 7447 7338 7411
f 7338 7324 7411
f 7324 7309 7411
f 7638 7911 7621
f 7411 7309 7329
f 7297 7257 7240
f 7240 7257 7235
f 7257 7266 7235
f 7333 7266 7377
f 7472 7498 7456
f 9410 9496 9409
f 7498 7566 7576
f 9611 9496 9587
f 9611 9587 9618
f 7566 7596 7576
f 9618 9707 9611
f 7596 7615 7576
f 7615 7646 7576
f 9795 9801 9707
f 7646 7615 7690
f 7615 7716 7690
f 7788 7734 7690
f 7999 7860 7865
f 7976 7860 7999
f 7888 7976 7967
f 8015 7987 7967
f 7987 8015 8029
f 8029 8060 8126
f 8126 8060 8160
f 8476 8160 8360
f 8665 8360 8553
f 9240 9037 9207
f 10953 10841 10924
f 10122 10225 10149
f 10956 10949 11005
f 10392 10467 10408
f 10467 10456 10408
f 10622 10531 10456
f 10456 10531 10477
f 11098 11137 11165
f 11137 11190 11165
f 11190 11218 11211
f 10866 10852 10890
f 10890 10896 10893
f 11218 11207 11243
f 11243 11207 11268
f 10893 10896 10909
f 11207 11217 11268
f 11217 11200 11216
f 10968 10925 10954
f 10987 10968 10954
f 11021 10987 11035
f 7338 7447 7334
f 7447 7516 7334
f 7813 7516 7621
f 7272 7324 7338
f 7288 7309 7324
f 7309 7288 7297
f 7922 8182 7911
f 7257 7297 7307
f 8514 8431 8182
f 8667 8605 8514
f 8742 8605 8667
f 7377 7418 7333
f 7333 7418 7408
f 9101 9017 9152
f 7408 7418 7426
f 9101 9152 9310
f 7443 7494 7426
f 7426 7494 7472
f 9409 9310 9410
f 9409 9496 9467
f 7788 7867 7734
f 7867 8005 7865
f 8005 7999 7865
f 8011 7976 7999
f 7976 8011 7967
f 7967 8011 8015
f 8015 7994 8029
f 8029 7994 8060
f 8665 8553 8740
f 9037 8740 9079
f 10476 10404 10665
f 10404 10479 10665
f 10841 10953 10808
f 10948 10953 10924
f 10511 10392 10318
f 11005 10992 11047
f 10992 11016 11054
f 11054 11016 11046
f 11016 11043 11046
f 10681 10723 10567
f 11096 11043 11044
f 11096 11044 11071
f 11111 11096 11071
f 10781 10819 10829
f 11190 11206 11165
f 11211 11206 11190
f 10861 10890 10852
f 11243 11211 11218
f 11200 11084 11194
f 10987 10954 11035
f 11021 11035 11099
f 11194 11084 11021
f 11194 11021 11099
f 7334 7279 7338
f 7094 7123 7120
f 7279 7147 7272
f 7272 7147 7120
f 7338 7279 7272
f 7595 7516 7813
f 7272 7120 7226
f 7226 7120 7123
f 7126 7123 7094
f 7092 7126 7094
f 7226 7123 7126
f 7272 7226 7324
f 7621 7911 7813
f 7233 7226 7126
f 7324 7233 7288
f 7226 7233 7324
f 7244 7126 7144
f 7233 7126 7244
f 7233 7311 7288
f 7311 7297 7288
f 8182 8018 7911
f 7297 7311 7307
f 8431 8240 8182
f 7307 7410 7353
f 8605 8431 8514
f 7307 7291 7257
f 7353 7291 7307
f 7257 7291 7266
f 7266 7291 7377
f 7291 7382 7377
f 7620 7566 7498
f 7472 7620 7498
f 7788 7690 7716
f 9801 9795 9892
f 8005 8101 7999
f 7999 8101 8011
f 8101 8035 8011
f 8011 8035 8015
f 8035 7994 8015
f 7994 7984 8012
f 8012 8060 7994
f 8060 8111 8160
f 8360 8160 8376
f 8376 8553 8360
f 10383 10331 10265
f 10404 10383 10265
f 8740 8835 9079
f 9037 9079 9207
f 9207 9527 9240
f 9805 9954 9855
f 9855 10083 10122
f 10748 10808 10877
f 10991 10948 10956
f 10956 11005 10991
f 11042 10991 11005
f 11042 11005 11047
f 10467 10392 10511
f 10456 10467 10622
f 11047 10992 11054
f 10638 10567 10531
f 11054 11046 11094
f 11046 11043 11096
f 10681 10774 10723
f 10774 10819 10781
f 11128 11111 11098
f 11128 11098 11165
f 10813 10829 10852
f 11243 11206 11211
f 11260 11268 11217
f 10896 10903 10909
f 11217 11216 11260
f 11200 11194 11216
f 7133 7075 7147
f 7279 7133 7147
f 7210 7133 7279
f 7210 7279 7351
f 7279 7334 7351
f 7147 7075 7120
f 7351 7470 7409
f 7351 7334 7470
f 7334 7516 7470
f 7470 7516 7595
f 7911 8018 7813
f 7233 7244 7311
f 7244 7302 7311
f 8182 8240 8018
f 7311 7410 7307
f 7311 7302 7410
f 7353 7382 7291
f 8605 8742 8636
f 8742 8967 8636
f 7382 7437 7377
f 8858 8967 9017
f 7377 7437 7418
f 9020 9017 9101
f 7418 7443 7426
f 7716 7795 7788
f 7788 7795 8003
f 7867 7788 8003
f 8003 8005 7867
f 10121 10090 9992
f 7994 8035 7984
f 8060 8012 8028
f 8060 8028 8111
f 8160 8111 8134
f 8376 8160 8373
f 8160 8134 8373
f 8740 8553 8835
f 10404 10476 10383
f 9240 9861 9630
f 9855 9954 10083
f 10748 10877 10665
f 10122 10083 10237
f 10122 10237 10225
f 10237 10334 10225
f 10225 10439 10318
f 10511 10622 10467
f 10622 10638 10531
f 10681 10567 10729
f 10729 10567 10638
f 11046 11096 11094
f 10681 10779 10774
f 11163 11128 11165
f 10861 10898 10890
f 11268 11285 11243
f 10922 10903 10896
f 10903 10901 10909
f 7021 7074 7075
f 7133 7101 7075
f 7210 7101 7133
f 7210 7351 7409
f 7075 7074 7120
f 7008 7094 6997
f 6997 7094 7074
f 7074 7094 7120
f 7771 7595 7813
f 7092 7094 7008
f 7144 7126 7079
f 7144 7079 7113
f 7144 7317 7244
f 7244 7317 7302
f 7144 7113 7110
f 7110 7317 7144
f 8431 8605 8240
f 7401 7410 7302
f 7410 7437 7382
f 7353 7410 7382
f 8967 8858 8636
f 7443 7418 7437
f 9310 9292 9101
f 7494 7622 7472
f 9409 9292 9310
f 7472 7622 7620
f 7566 7620 7666
f 7596 7566 7666
f 7596 7649 7615
f 9892 9967 9992
f 8003 8117 8005
f 8117 8152 8005
f 8152 8101 8005
f 8138 8035 8101
f 8138 7993 8035
f 8035 7993 7984
f 8376 8373 8543
f 8376 8543 8553
f 8543 8835 8553
f 9207 9079 9527
f 10808 10953 10877
f 10334 10439 10225
f 11090 11112 11047
f 11047 11054 11090
f 11094 11090 11054
f 11096 11111 11141
f 10819 10774 10824
f 11141 11111 11128
f 10829 10865 10852
f 10865 10861 10852
f 11206 11236 11165
f 10898 10896 10890
f 11243 11285 11206
f 11268 11281 11285
f 11281 11268 11311
f 11260 11216 11194
f 11194 11099 11191
f 6933 6981 6989
f 6947 6933 6937
f 6933 6947 6981
f 6989 6981 7072
f 7072 6981 6947
f 6989 7072 7099
f 6947 6937 6982
f 6982 6997 6947
f 7072 6947 7021
f 7021 6947 6997
f 7075 7072 7021
f 7101 7072 7075
f 7099 7072 7101
f 7210 7181 7101
f 7074 7021 6997
f 7210 7409 7327
f 6982 7008 6997
f 7409 7470 7677
f 7470 7595 7677
f 7813 8018 7771
f 7126 7092 7079
f 7317 7320 7392
f 7401 7317 7392
f 7401 7302 7317
f 8636 8240 8605
f 7401 7392 7417
f 7417 7410 7401
f 7417 7460 7410
f 7410 7460 7437
f 7443 7437 7530
f 7574 7443 7530
f 7443 7574 7494
f 7574 7622 7494
f 7596 7666 7649
f 7649 7688 7615
f 7615 7688 7716
f 8003 7795 7995
f 8152 8138 8101
f 7993 7996 7984
f 7996 8028 8012
f 7996 8012 7984
f 8028 7996 8111
f 8187 8134 8111
f 8373 8134 8303
f 8134 8187 8303
f 8187 8111 8199
f 9079 9080 9441
f 9527 9079 9441
f 10643 10383 10476
f 9240 9527 9861
f 9805 9630 10019
f 10019 9954 9805
f 10439 10551 10318
f 10318 10551 10511
f 11042 11047 11097
f 11097 11047 11112
f 11090 11143 11112
f 10727 10638 10622
f 11094 11102 11090
f 10779 10824 10774
f 11163 11141 11128
f 10824 10829 10819
f 11163 11165 11236
f 11206 11285 11305
f 10898 10919 10896
f 11345 11285 11281
f 11311 11268 11284
f 11268 11260 11284
f 11256 11260 11194
f 11219 11256 11194
f 11035 10954 10981
f 11099 11035 11036
f 11099 11036 11104
f 11219 11194 11191
f 6933 6989 6944
f 6937 6933 6853
f 6989 7099 7057
f 7099 7101 7181
f 7210 7327 7181
f 7327 7409 7677
f 7677 7595 7771
f 7008 7009 7092
f 7092 7009 7079
f 7317 7110 7178
f 8519 8240 8636
f 7417 7392 7398
f 7398 7460 7417
f 8636 8858 8816
f 7460 7553 7437
f 7437 7553 7530
f 9017 9020 8858
f 7574 7530 7553
f 7688 7735 7716
f 7995 7795 7861
f 9892 9992 9924
f 8003 7995 8117
f 7996 7993 8027
f 8115 8111 7996
f 8373 8303 8520
f 8543 8373 8520
f 8111 8115 8199
f 9080 8835 8543
f 8835 9080 9079
f 10665 10877 10800
f 10237 10083 10278
f 10334 10237 10278
f 11031 10953 10948
f 11031 10948 11013
f 10948 10991 11013
f 10991 11042 11013
f 10334 10386 10439
f 11097 11092 11042
f 10727 10729 10638
f 10729 10779 10681
f 11094 11096 11144
f 11162 11141 11163
f 10869 10865 10829
f 10865 10898 10861
f 11236 11206 11305
f 10919 10922 10896
f 11345 11281 11353
f 11353 11281 11311
f 11284 11310 11311
f 11260 11256 11279
f 11279 11284 11260
f 10909 10901 10925
f 10901 10932 10925
f 10954 10925 10932
f 10954 10932 10981
f 11035 10981 11036
f 11099 11104 11191
f 6944 6868 6933
f 6944 6989 6993
f 6989 7057 6993
f 6868 6853 6933
f 7099 7181 7057
f 6810 7008 6982
f 7009 7008 6810
f 8018 8240 8133
f 7009 7054 7079
f 7079 7054 7113
f 7113 7054 7110
f 7320 7317 7178
f 8636 8816 8519
f 7320 7339 7392
f 7398 7392 7339
f 7482 7460 7398
f 7482 7553 7460
f 9185 9020 9101
f 7553 7586 7574
f 7574 7586 7647
f 7622 7574 7647
f 7622 7647 7620
f 7647 7666 7620
f 9409 9467 9292
f 7716 7735 7795
f 7735 7861 7795
f 9924 9992 10090
f 8138 8077 7993
f 7993 8077 8027
f 8027 8055 7996
f 10121 10331 10202
f 8055 8115 7996
f 8199 8303 8187
f 9080 8543 9139
f 8115 8181 8199
f 10476 10665 10643
f 11097 11136 11092
f 10511 10551 10651
f 11097 11112 11139
f 10622 10511 10651
f 10752 10727 10622
f 11132 11090 11102
f 11102 11094 11142
f 11142 11094 11144
f 11144 11096 11141
f 10812 10824 10779
f 10829 10824 10869
f 11192 11163 11236
f 11353 11311 11310
f 11353 11310 11351
f 11310 11284 11279
f 6868 6870 6802
f 6870 6868 6925
f 6868 6944 6925
f 6868 6802 6853
f 7327 7305 7181
f 7181 7305 7057
f 6810 6937 6853
f 7325 7305 7327
f 6982 6937 6810
f 7677 7626 7327
f 7771 8018 8032
f 8018 8133 8032
f 8240 8241 8133
f 7054 7009 6910
f 8240 8519 8241
f 7178 7276 7320
f 7320 7276 7339
f 8900 8816 8858
f 7339 7482 7398
f 7463 7482 7339
f 8858 9020 8900
f 7541 7553 7482
f 7541 7586 7553
f 7647 7670 7666
f 7670 7669 7666
f 7666 7669 7649
f 9496 9611 9467
f 7669 7688 7649
f 8152 8117 8150
f 8138 8152 8146
f 8077 8056 8027
f 10090 10202 10144
f 10121 10202 10090
f 8520 8778 8543
f 9441 9080 9425
f 9425 9527 9441
f 10331 10383 10333
f 9630 10027 10019
f 10665 10800 10643
f 10083 10262 10278
f 10334 10483 10386
f 10334 10381 10483
f 11013 11042 11092
f 10386 10483 10439
f 10551 10439 10483
f 11136 11097 11139
f 11139 11112 11143
f 11143 11090 11132
f 10752 10729 10727
f 11132 11102 11142
f 10779 10729 10778
f 11371 11305 11285
f 11394 11345 11368
f 11345 11353 11368
f 11353 11351 11368
f 11335 11279 11256
f 11191 11104 11169
f 11169 11219 11191
f 6925 6993 6945
f 6993 6925 6944
f 6993 7057 7071
f 6773 6853 6802
f 6853 6773 6810
f 7057 7305 7325
f 7626 7325 7327
f 7771 8032 7677
f 7054 6936 7001
f 7110 7054 7001
f 7110 7001 7178
f 7276 7178 7170
f 7399 7463 7339
f 7482 7463 7541
f 7508 7541 7463
f 7563 7541 7508
f 7541 7563 7586
f 7636 7586 7563
f 7636 7647 7586
f 7647 7636 7670
f 7670 7659 7669
f 9611 9601 9467
f 9611 9707 9641
f 7688 7697 7735
f 9707 9733 9641
f 7876 7995 7861
f 7995 8042 8117
f 8127 8150 8117
f 8150 8161 8152
f 8161 8146 8152
f 8077 8138 8146
f 8056 8070 8027
f 8027 8070 8055
f 8520 8303 8420
f 8778 8520 8420
f 10202 10331 10333
f 8115 8260 8181
f 8181 8303 8199
f 8778 9139 8543
f 9425 9080 9139
f 10383 10643 10489
f 9630 9861 10027
f 10019 10083 9954
f 10953 11031 10877
f 10278 10381 10334
f 10483 10553 10551
f 11092 11136 11149
f 10651 10752 10622
f 10752 10778 10729
f 10812 10779 10822
f 11222 11201 11141
f 11162 11222 11141
f 10824 10867 10869
f 11162 11163 11255
f 11255 11163 11192
f 10918 10898 10865
f 10869 10918 10865
f 11236 11305 11297
f 11285 11345 11371
f 11371 11345 11394
f 11368 11351 11366
f 11351 11310 11335
f 11335 11310 11279
f 11248 11335 11256
f 11248 11256 11219
f 11202 11248 11219
f 11202 11219 11169
f 6925 6899 6870
f 6899 6925 6945
f 7071 7057 7325
f 6802 6770 6773
f 6723 6810 6773
f 6798 6810 6723
f 6810 6798 7009
f 6910 7009 6798
f 8519 8396 8241
f 7054 6910 6936
f 8396 8519 8588
f 7001 6936 6912
f 7178 7001 7170
f 7170 7205 7276
f 7276 7205 7339
f 7339 7205 7399
f 7463 7399 7508
f 8900 9020 9000
f 7562 7636 7563
f 7636 7644 7670
f 7670 7644 7659
f 7669 7697 7688
f 7697 7861 7735
f 9707 9801 9733
f 7697 7812 7861
f 7812 7876 7861
f 8042 8127 8117
f 8056 8069 8070
f 8082 8055 8070
f 8055 8082 8115
f 8115 8082 8260
f 8181 8260 8303
f 8260 8420 8303
f 9425 9512 9609
f 9425 9609 9527
f 10019 10262 10083
f 10553 10651 10551
f 10651 10732 10752
f 11139 11197 11154
f 11143 11197 11139
f 11143 11132 11166
f 10778 10822 10779
f 11142 11144 11201
f 11144 11141 11201
f 10812 10867 10824
f 11255 11192 11277
f 11192 11236 11277
f 10918 10943 10898
f 11236 11297 11277
f 10943 10919 10898
f 11305 11371 11448
f 11394 11368 11401
f 10922 10897 10903
f 11351 11354 11366
f 11248 11354 11335
f 11351 11335 11354
f 10932 10974 10981
f 6993 7071 7080
f 6993 7080 6945
f 6802 6800 6759
f 6831 6802 6870
f 6831 6800 6802
f 7071 7325 7395
f 6770 6802 6759
f 6773 6770 6759
f 6773 6731 6723
f 7626 7677 7769
f 8032 7769 7677
f 8032 8241 7970
f 8133 8241 8032
f 6910 6798 6912
f 8241 8396 8290
f 6936 6910 6912
f 7001 6912 6935
f 8654 8588 8519
f 7001 6935 7170
f 8816 8654 8519
f 8654 8816 8900
f 7399 7205 7098
f 7399 7098 7225
f 7399 7225 7508
f 9020 9185 9000
f 7225 7376 7508
f 7508 7376 7563
f 9101 9292 9185
f 7644 7636 7562
f 9801 9892 9858
f 7995 7876 8042
f 8150 8127 8161
f 8140 8077 8146
f 8056 8077 8140
f 10202 10333 10144
f 9139 9377 9425
f 9257 9377 9139
f 10333 10383 10489
f 10643 10800 10849
f 10800 10877 10849
f 10997 10877 11031
f 10262 10381 10278
f 11088 11013 11092
f 11088 11092 11123
f 11092 11149 11123
f 11136 11139 11154
f 11197 11143 11208
f 11143 11166 11208
f 11208 11166 11142
f 11166 11132 11142
f 10778 10820 10822
f 11208 11142 11201
f 11222 11162 11255
f 10902 10918 10869
f 10867 10902 10869
f 10943 10969 10919
f 10969 10972 10919
f 10972 10971 10922
f 10919 10972 10922
f 11368 11366 11401
f 11323 11354 11248
f 10903 10906 10901
f 10901 10906 10932
f 10947 10974 10932
f 11239 11248 11202
f 10981 10974 11007
f 11036 10981 11007
f 11036 11007 11104
f 6870 6864 6831
f 6870 6899 6864
f 6968 6945 7080
f 7071 7395 7080
f 6759 6734 6773
f 6734 6720 6773
f 6731 6773 6720
f 6798 6723 6707
f 6743 6798 6707
f 6798 6743 6912
f 9018 8654 8900
f 7376 7562 7563
f 7644 7562 7602
f 7669 7674 7697
f 9611 9641 9601
f 7697 7674 7718
f 7697 7718 7812
f 9733 9801 9858
f 10044 9924 10090
f 8140 8146 8166
f 8146 8161 8166
f 10090 10144 10044
f 8260 8082 8348
f 8778 8420 8675
f 9139 8778 8675
f 9139 8675 9097
f 9257 9139 9097
f 9512 9425 9377
f 9527 9609 9861
f 10643 10733 10489
f 10733 10643 10849
f 10019 10027 10183
f 10019 10183 10262
f 10877 10997 10849
f 11031 11013 11088
f 10447 10483 10381
f 10732 10553 10731
f 11154 11188 11136
f 10553 10732 10651
f 11251 11188 11154
f 11197 11251 11154
f 10825 10820 10778
f 10752 10825 10778
f 11208 11201 11235
f 10822 10867 10812
f 11255 11359 11222
f 11277 11297 11375
f 11297 11305 11375
f 11371 11394 11400
f 10971 10897 10922
f 11366 11399 11401
f 11399 11366 11354
f 10903 10897 10906
f 11248 11239 11323
f 11169 11050 11152
f 11202 11169 11239
f 11104 11007 11050
f 11050 11169 11104
f 6831 6864 6800
f 6968 6899 6945
f 7080 7023 6968
f 6800 6760 6759
f 6759 6760 6734
f 6695 6720 6734
f 7325 7626 7769
f 6693 6731 6695
f 6695 6731 6720
f 6723 6731 6707
f 7970 7769 8032
f 8396 8588 8400
f 6935 6882 7170
f 7205 7170 6854
f 8900 9000 9018
f 7376 7225 7341
f 7562 7376 7341
f 9292 9352 9185
f 9467 9352 9292
f 7644 7645 7659
f 7659 7645 7669
f 9467 9601 9515
f 7669 7645 7674
f 7718 7876 7812
f 7876 7992 8042
f 8127 8042 7992
f 8127 8179 8161
f 8140 8166 8155
f 8056 8140 8155
f 8056 8155 8069
f 8069 8155 8159
f 8069 8159 8070
f 8159 8249 8070
f 8361 8348 8082
f 8361 8082 8249
f 8249 8082 8070
f 8260 8348 8420
f 10447 10610 10483
f 10483 10610 10553
f 11183 11149 11188
f 10610 10731 10553
f 11149 11136 11188
f 11197 11259 11251
f 10752 10732 10874
f 10825 10752 10874
f 11197 11208 11259
f 10930 10867 10822
f 11235 11201 11222
f 10930 10902 10867
f 11400 11394 11401
f 11399 11354 11386
f 11354 11323 11386
f 10906 10947 10932
f 11086 11152 11050
f 11169 11152 11239
f 10974 11050 11007
f 6899 6889 6864
f 6800 6864 6828
f 6760 6729 6734
f 6695 6734 6729
f 7325 7769 7395
f 6695 6677 6693
f 6731 6693 6707
f 6693 6671 6707
f 8241 8059 7970
f 8241 8290 8059
f 8396 8400 8290
f 6743 6781 6912
f 6912 6781 6935
f 7170 6882 6824
f 7170 6824 6854
f 7205 6854 7098
f 7225 7098 7149
f 7225 7149 7341
f 9185 9154 9000
f 7562 7341 7284
f 7562 7284 7602
f 9641 9515 9601
f 7674 7696 7718
f 7889 7876 7718
f 8121 8127 7992
f 10144 10119 10044
f 8155 8249 8159
f 10144 10333 10119
f 8675 8420 8884
f 9097 8675 8884
f 9173 9257 9097
f 9512 9377 9679
f 9512 9679 9609
f 10554 10333 10489
f 10489 10642 10554
f 10489 10733 10642
f 10027 10190 10183
f 10447 10381 10262
f 10997 11031 11079
f 11031 11088 11079
f 11183 11123 11149
f 11188 11251 11241
f 11259 11208 11264
f 10876 10820 10825
f 10820 10934 10822
f 11235 11264 11208
f 10934 10930 10822
f 11255 11326 11359
f 11326 11277 11375
f 11326 11255 11277
f 11371 11400 11457
f 11448 11371 11457
f 11400 11401 11432
f 11323 11370 11386
f 11323 11239 11370
f 10897 10915 10906
f 11227 11370 11239
f 10915 10947 10906
f 10947 10965 10974
f 10974 11086 11050
f 10974 10965 11086
f 11239 11152 11227
f 6968 6973 6899
f 6899 6973 6889
f 6775 6760 6800
f 7237 7080 7395
f 6695 6729 6696
f 6695 6696 6677
f 6677 6671 6693
f 6743 6706 6781
f 6743 6707 6706
f 8654 8400 8588
f 9510 9467 9515
f 9650 9641 9733
f 7889 7992 7876
f 8121 8179 8127
f 8161 8242 8166
f 8166 8242 8155
f 8242 8249 8155
f 8361 8515 8348
f 8420 8515 8884
f 9097 8884 9173
f 10333 10374 10119
f 8515 8420 8348
f 9377 9257 9173
f 10333 10554 10374
f 9861 9901 10027
f 10183 10190 10262
f 10262 10305 10447
f 10666 10734 10610
f 11183 11188 11241
f 10825 10874 10876
f 10934 10820 10876
f 11222 11359 11235
f 11235 11359 11309
f 10918 10902 10930
f 10918 10967 10943
f 10967 10969 10943
f 11375 11305 11448
f 10897 10971 10904
f 11401 11399 11430
f 10904 10915 10897
f 11156 11227 11152
f 6864 6889 6845
f 6968 7023 6973
f 6800 6828 6775
f 6845 6828 6864
f 7023 7080 7168
f 6760 6775 6729
f 7168 7080 7237
f 6775 6753 6729
f 7395 7633 7237
f 7769 7633 7395
f 7970 7633 7769
f 6677 6670 6671
f 6670 6669 6671
f 6706 6707 6671
f 6706 6671 6700
f 6700 6671 6669
f 6935 6781 6786
f 6882 6786 6824
f 6882 6935 6786
f 8916 8654 9018
f 7030 7149 7098
f 7149 7177 7341
f 7341 7177 7284
f 9154 9185 9352
f 7284 7556 7602
f 7314 7556 7284
f 7594 7602 7556
f 7602 7594 7644
f 7594 7645 7644
f 9467 9510 9352
f 7696 7833 7718
f 9650 9733 9783
f 7718 7833 7889
f 9783 9733 9858
f 9892 9955 9858
f 9892 9924 9955
f 8884 9059 9173
f 8311 8361 8249
f 9377 9173 9471
f 9679 9901 9609
f 9609 9901 9861
f 10027 10174 10190
f 10882 10849 10997
f 10190 10305 10262
f 11117 11079 11088
f 11088 11123 11117
f 10666 10610 10447
f 10610 10734 10731
f 11183 11241 11240
f 11259 11312 11251
f 10732 10856 10874
f 11264 11289 11259
f 10930 10967 10918
f 11359 11326 11392
f 11375 11392 11326
f 11400 11432 11457
f 11432 11466 11457
f 10971 10958 10904
f 11432 11401 11430
f 11430 11399 11386
f 11416 11430 11386
f 11416 11386 11370
f 10946 10947 10915
f 11370 11227 11348
f 10947 10982 10965
f 10947 10946 10982
f 10965 11009 11087
f 10982 11009 10965
f 11087 11086 10965
f 11113 11086 11087
f 11152 11086 11113
f 11156 11152 11113
f 6889 6949 6845
f 6973 6949 6889
f 6775 6828 6797
f 7023 7168 7116
f 6797 6753 6775
f 6696 6729 6753
f 6677 6696 6678
f 6678 6696 6753
f 6678 6670 6677
f 8059 7905 7970
f 6669 6691 6700
f 6706 6700 6781
f 6786 6781 6700
f 7098 6854 6960
f 7098 6960 7030
f 7030 7177 7149
f 7694 7696 7674
f 9858 9955 9783
f 7992 8103 8121
f 7992 7889 8103
f 8103 8171 8121
f 9955 9924 10044
f 8179 8230 8161
f 8161 8230 8242
f 8242 8311 8249
f 8884 8515 8724
f 9246 9471 9173
f 9377 9471 9679
f 10027 9901 10174
f 10849 10882 10733
f 10641 10447 10305
f 10447 10641 10666
f 10770 10734 10666
f 10731 10734 10856
f 10856 10732 10731
f 11259 11325 11312
f 11289 11325 11259
f 11289 11264 11292
f 10876 10912 10934
f 10934 10980 10930
f 10980 10967 10930
f 11359 11411 11309
f 11448 11392 11375
f 10969 10985 10972
f 10972 10985 10971
f 11466 11432 11430
f 10958 10960 10904
f 10904 10960 10915
f 11348 11395 11370
f 11395 11416 11370
f 10940 10946 10915
f 11233 11348 11227
f 6845 6951 6828
f 6845 6949 6951
f 7023 7116 6973
f 7237 7251 7168
f 6753 6684 6678
f 6678 6684 6670
f 6670 6684 6669
f 8059 8290 7905
f 8232 8290 8400
f 6700 6736 6786
f 6751 6786 6736
f 6786 6785 6824
f 9000 9154 9018
f 7159 7284 7177
f 9352 9510 9398
f 7645 7694 7674
f 9641 9650 9515
f 7740 7833 7696
f 7889 7833 7909
f 9783 9955 9779
f 8121 8171 8179
f 8171 8219 8179
f 8179 8219 8230
f 10118 10044 10119
f 8242 8328 8311
f 8515 8361 8513
f 8884 8724 9059
f 9173 9059 9246
f 10733 10882 10642
f 10734 10872 10856
f 11333 11251 11312
f 10874 10912 10876
f 10988 10964 10934
f 11306 11292 11235
f 11292 11264 11235
f 11235 11309 11306
f 10980 11014 10967
f 11014 11017 10969
f 10967 11014 10969
f 11017 11018 10985
f 10969 11017 10985
f 11392 11448 11470
f 11488 11448 11484
f 11448 11457 11484
f 11484 11457 11495
f 11457 11466 11495
f 10985 10958 10971
f 11466 11430 11477
f 11416 11395 11424
f 11424 11430 11416
f 10960 10935 10915
f 10940 10915 10935
f 10946 10940 10982
f 11156 11233 11227
f 11113 11087 11155
f 11155 11156 11113
f 7970 7905 7633
f 6684 6679 6669
f 6669 6679 6691
f 6679 6690 6691
f 8290 7820 7905
f 6691 6736 6700
f 6751 6785 6786
f 6854 6824 6785
f 8654 8617 8400
f 6960 6854 6875
f 8654 8916 8617
f 7284 7159 7314
f 7523 7556 7314
f 7523 7594 7556
f 9510 9515 9650
f 7696 7694 7740
f 7740 7909 7833
f 8103 7889 7909
f 10044 10007 9955
f 10007 10044 10118
f 8248 8242 8230
f 8248 8328 8242
f 8328 8378 8311
f 8311 8378 8361
f 8724 8515 8513
f 9471 9246 9498
f 10351 10118 10119
f 10374 10351 10119
f 10351 10374 10554
f 10642 10636 10554
f 10190 10174 10199
f 10199 10305 10190
f 11123 11183 11240
f 10734 10770 10872
f 11333 11241 11251
f 10856 10927 10874
f 10912 10874 10927
f 11367 11289 11292
f 10912 10988 10934
f 10964 10980 10934
f 11306 11309 11411
f 11359 11392 11411
f 11392 11470 11426
f 11392 11426 11411
f 10960 10985 11003
f 10985 10960 10958
f 11495 11466 11477
f 11495 11477 11491
f 11430 11424 11477
f 10960 10979 10935
f 11395 11389 11424
f 11389 11453 11424
f 11395 11348 11389
f 10935 11002 10940
f 10982 10940 11032
f 11072 10982 11032
f 11072 11009 10982
f 7116 7093 6973
f 6839 6797 6846
f 7168 7251 7212
f 6839 6753 6797
f 7237 7633 7457
f 6753 6745 6684
f 6690 6736 6691
f 6690 6739 6736
f 8400 8498 8232
f 6736 6739 6751
f 6769 6785 6751
f 6785 6769 6807
f 6854 6785 6807
f 6807 6875 6854
f 6960 6875 7030
f 9018 9016 8916
f 7030 6966 7177
f 9154 9016 9018
f 7177 6966 7159
f 7319 7523 7314
f 9352 9398 9296
f 7629 7645 7594
f 7645 7629 7694
f 8219 8248 8230
f 8361 8378 8513
f 9471 9748 9679
f 9679 9898 9901
f 9964 9901 9898
f 9901 9964 10174
f 10674 10636 10642
f 10642 10882 10674
f 10371 10305 10199
f 10882 10997 11161
f 11079 11161 10997
f 11214 11079 11117
f 11123 11240 11231
f 11240 11241 11296
f 11344 11325 11289
f 11344 11289 11367
f 10983 10988 10912
f 11367 11292 11306
f 11385 11367 11306
f 11391 11385 11306
f 11306 11411 11391
f 10980 11024 11014
f 11426 11470 11520
f 11488 11470 11448
f 11488 11520 11470
f 11488 11484 11510
f 11484 11495 11510
f 11018 11003 10985
f 11495 11491 11514
f 10979 10960 11003
f 11453 11472 11424
f 11472 11477 11424
f 10979 11002 10935
f 11389 11199 11374
f 11032 10940 11002
f 11233 11199 11348
f 11389 11348 11199
f 11155 11009 11072
f 11155 11087 11009
f 11199 11156 11155
f 11233 11156 11199
f 6828 6951 6846
f 6828 6846 6797
f 7457 7251 7237
f 6745 6727 6684
f 6684 6727 6679
f 6727 6724 6679
f 6679 6724 6690
f 6724 6739 6690
f 8400 8617 8498
f 6834 6875 6807
f 7030 6875 6966
f 7314 7159 7319
f 9154 9352 9296
f 7577 7523 7319
f 7577 7629 7523
f 7629 7594 7523
f 7712 7694 7629
f 7740 7694 7803
f 7977 7740 7803
f 7740 7977 7909
f 9650 9783 9713
f 9713 9783 9779
f 7909 7977 8103
f 8171 8274 8219
f 8274 8248 8219
f 8364 8328 8248
f 8378 8581 8513
f 8513 8720 8724
f 9059 9044 9165
f 9246 9059 9165
f 9354 9498 9246
f 9059 8724 8720
f 9044 9059 8720
f 9471 9498 9651
f 9471 9651 9748
f 10228 10118 10351
f 9748 9898 9679
f 10351 10554 10636
f 10174 10107 10199
f 10589 10305 10371
f 11214 11161 11079
f 10589 10641 10305
f 10666 10836 10770
f 10878 10872 10770
f 11296 11241 11333
f 10856 10926 10927
f 10856 10872 10926
f 11340 11333 11312
f 11325 11340 11312
f 10912 10927 10977
f 11373 11325 11344
f 10977 10983 10912
f 10988 11026 10964
f 10964 11026 10980
f 11026 11024 10980
f 11024 11017 11014
f 11510 11495 11514
f 11003 11025 10979
f 11002 10979 11025
f 11491 11477 11472
f 11389 11374 11453
f 11155 11072 11118
f 11118 11223 11155
f 11223 11199 11155
f 6908 6846 6951
f 7093 7116 7167
f 7168 7167 7116
f 7212 7167 7168
f 6753 6839 6745
f 7633 7796 7457
f 7796 7633 7905
f 7905 7820 7796
f 6727 6742 6724
f 8290 8232 7820
f 6724 6742 6739
f 6739 6755 6751
f 6769 6751 6761
f 6807 6769 6834
f 6966 6875 6834
f 6966 7045 7159
f 7319 7321 7577
f 7694 7712 7803
f 9653 9650 9713
f 7977 8135 8103
f 9794 9779 9955
f 8103 8274 8171
f 9911 9955 10007
f 8248 8274 8384
f 10007 10020 9911
f 8370 8248 8384
f 8370 8364 8248
f 10020 10007 10228
f 10118 10228 10007
f 8513 8581 8720
f 9246 9165 9354
f 9964 10107 10174
f 10885 10674 10882
f 11161 10885 10882
f 10836 10878 10770
f 11240 11296 11299
f 10977 10927 10926
f 11340 11325 11373
f 11373 11344 11367
f 10983 11023 10988
f 11385 11409 11367
f 11411 11469 11391
f 11490 11469 11411
f 11024 11058 11017
f 11411 11426 11490
f 11520 11490 11426
f 11017 11058 11018
f 11063 11018 11058
f 11520 11488 11541
f 11541 11510 11526
f 11488 11510 11541
f 11526 11514 11528
f 11510 11514 11526
f 11003 11038 11025
f 11491 11472 11504
f 11491 11504 11514
f 11025 11048 11002
f 11002 11077 11032
f 11374 11199 11308
f 11118 11072 11032
f 6839 6783 6745
f 6751 6755 6761
f 6826 6769 6761
f 6966 6834 6959
f 6966 6959 7045
f 8916 9016 8921
f 7159 7045 7096
f 9110 9016 9154
f 7159 7096 7165
f 9154 9296 9110
f 7159 7165 7319
f 7577 7712 7629
f 7699 7712 7577
f 9398 9510 9464
f 9794 9759 9779
f 8135 8274 8103
f 9955 9911 9794
f 9911 10020 9979
f 8720 8991 9044
f 9044 8991 9165
f 9491 9651 9498
f 10088 9964 9898
f 10351 10636 10674
f 10371 10199 10377
f 11117 11231 11214
f 11117 11123 11231
f 10589 10666 10641
f 11231 11240 11299
f 11299 11296 11350
f 11387 11296 11333
f 11333 11369 11387
f 11369 11333 11410
f 11409 11413 11373
f 11373 11367 11409
f 11023 11066 10988
f 11066 11026 10988
f 11026 11055 11024
f 11532 11391 11469
f 11055 11058 11024
f 11554 11490 11520
f 11554 11520 11565
f 11541 11565 11520
f 11573 11565 11541
f 11526 11573 11541
f 11561 11573 11526
f 11063 11038 11018
f 11526 11528 11561
f 11018 11038 11003
f 11528 11514 11504
f 11468 11504 11472
f 11109 11077 11048
f 11109 11110 11077
f 11468 11472 11453
f 11048 11077 11002
f 11110 11140 11077
f 11140 11032 11077
f 11118 11032 11140
f 11223 11269 11308
f 11223 11118 11140
f 11308 11199 11223
f 6973 7012 6949
f 6949 7012 6951
f 7093 7012 6973
f 7167 7192 7093
f 7212 7251 7457
f 6727 6745 6742
f 7826 7820 8232
f 6742 6755 6739
f 6755 6808 6761
f 6834 6769 6826
f 8707 8617 8921
f 8916 8921 8617
f 6959 7015 7045
f 7321 7319 7287
f 7287 7577 7321
f 7712 7699 7985
f 7803 7712 7985
f 9510 9650 9513
f 7977 7803 7985
f 7977 7985 8254
f 8135 7977 8254
f 9713 9779 9759
f 8254 8274 8135
f 10228 10148 10020
f 8328 8625 8581
f 8364 8625 8328
f 8328 8581 8378
f 9165 8991 9112
f 9354 9165 9112
f 9354 9491 9498
f 9748 9651 9817
f 9748 9817 9898
f 10088 9898 9817
f 10107 9964 10088
f 10674 10885 10830
f 10666 10589 10836
f 11350 11296 11387
f 11369 11410 11445
f 11410 11333 11340
f 10926 10973 10977
f 11340 11373 11413
f 11442 11340 11413
f 11023 10977 11040
f 10983 10977 11023
f 11066 11061 11026
f 11482 11385 11391
f 11026 11082 11055
f 11528 11504 11553
f 11561 11528 11553
f 11038 11074 11025
f 11074 11048 11025
f 11521 11504 11468
f 11196 11232 11140
f 11232 11223 11140
f 11269 11223 11232
f 6951 6934 6908
f 6890 6846 6908
f 6846 6890 6839
f 6745 6772 6742
f 6772 6745 6783
f 8172 7826 8232
f 8498 8280 8232
f 6755 6780 6808
f 8541 8498 8617
f 8707 8541 8617
f 6761 6808 6826
f 6825 6834 6826
f 6904 6959 6834
f 6992 6959 6904
f 7015 7066 7045
f 7066 7096 7045
f 7287 7319 7104
f 7319 7165 7104
f 9398 9464 9296
f 9464 9198 9296
f 7577 7287 7532
f 7532 7699 7577
f 9650 9653 9513
f 8274 8254 8390
f 8384 8274 8390
f 8364 8518 8625
f 10148 10228 10320
f 9651 9768 9817
f 10320 10228 10351
f 10088 9817 9914
f 10674 10611 10351
f 10107 10137 10199
f 10137 10244 10199
f 10355 10199 10244
f 10199 10418 10377
f 10996 10885 11161
f 11231 11299 11214
f 10933 10926 10872
f 11427 11369 11445
f 11410 11340 11442
f 11442 11498 11410
f 11442 11413 11409
f 11482 11442 11409
f 11409 11385 11482
f 11026 11061 11082
f 11550 11532 11469
f 11082 11058 11055
f 11550 11469 11531
f 11469 11490 11531
f 11557 11531 11490
f 11490 11554 11557
f 11588 11557 11554
f 11565 11588 11554
f 11594 11588 11565
f 11601 11594 11573
f 11573 11594 11565
f 11601 11573 11561
f 11504 11521 11553
f 11074 11109 11048
f 11338 11435 11453
f 11110 11196 11140
f 11269 11232 11313
f 11269 11313 11338
f 11308 11269 11338
f 11338 11374 11308
f 11453 11374 11338
f 7167 7236 7192
f 7212 7236 7167
f 7212 7457 7236
f 6839 6823 6783
f 8172 8232 8280
f 6742 6801 6755
f 6755 6801 6780
f 8498 8541 8477
f 6825 6826 6808
f 6834 6825 6904
f 6992 7015 6959
f 9110 8958 9016
f 7066 7165 7096
f 7165 7066 7104
f 7258 7287 7104
f 7699 7532 7753
f 7753 7985 7699
f 7985 7753 7785
f 9713 9759 9653
f 9911 9979 9794
f 9794 9979 9943
f 8364 8370 8518
f 8720 8581 8804
f 8991 8720 8804
f 9491 9354 9523
f 9354 9112 9523
f 9669 9768 9651
f 10320 10351 10484
f 10611 10484 10351
f 10137 10107 10088
f 10535 10371 10377
f 10996 11161 11107
f 10878 10933 10872
f 11387 11369 11427
f 11445 11410 11498
f 10977 10973 11039
f 11039 11040 10977
f 11442 11482 11522
f 11073 11066 11023
f 11061 11106 11082
f 11482 11391 11532
f 11613 11550 11531
f 11557 11613 11531
f 11082 11063 11058
f 11613 11557 11588
f 11594 11625 11613
f 11594 11613 11588
f 11601 11612 11594
f 11594 11612 11625
f 11601 11561 11612
f 11063 11075 11038
f 11561 11553 11568
f 11075 11074 11038
f 11553 11521 11556
f 11521 11468 11519
f 11435 11468 11453
f 11313 11232 11290
f 7093 7127 7012
f 7093 7192 7127
f 6890 6883 6839
f 6839 6860 6823
f 6772 6793 6742
f 6793 6801 6742
f 8498 8477 8280
f 6884 6904 6825
f 8921 8819 8707
f 9016 8958 8921
f 7034 7066 7015
f 8254 7985 8048
f 8254 8048 8379
f 8254 8379 8390
f 8483 8384 8390
f 8384 8483 8370
f 8483 8518 8370
f 10097 9979 10020
f 8991 8804 8905
f 9651 9491 9669
f 9817 9768 9914
f 10199 10355 10418
f 10371 10535 10637
f 10637 10589 10371
f 10878 10836 10809
f 10933 10963 10926
f 10963 10973 10926
f 11427 11445 11478
f 11040 11069 11023
f 11069 11073 11023
f 11522 11482 11562
f 11066 11106 11061
f 11532 11562 11482
f 11550 11613 11617
f 11613 11625 11637
f 11082 11100 11063
f 11561 11592 11612
f 11592 11561 11568
f 11114 11109 11074
f 11568 11553 11556
f 11521 11519 11556
f 11110 11237 11196
f 11313 11407 11338
f 11451 11435 11407
f 11407 11435 11338
f 11196 11290 11232
f 7010 6951 7012
f 7012 7127 7010
f 6890 6908 6883
f 7236 7458 7192
f 6883 6860 6839
f 7458 7236 7457
f 7796 7820 7457
f 6783 6793 6772
f 6808 6847 6825
f 6825 6847 6884
f 6969 6904 6884
f 6904 6969 6992
f 7015 6992 7034
f 8390 8379 8483
f 8591 8518 8483
f 9979 10097 9943
f 8625 8693 8804
f 8804 8581 8625
f 8991 8905 9112
f 9112 9431 9475
f 10148 10097 10020
f 9523 9112 9475
f 10148 10320 10097
f 9768 9834 9914
f 10137 10257 10244
f 10674 10830 10840
f 10996 10830 10885
f 10535 10377 10418
f 11230 11107 11161
f 10809 10589 10637
f 11161 11214 11278
f 11278 11214 11299
f 10836 10589 10809
f 11427 11501 11387
f 11040 11039 11065
f 11065 11069 11040
f 11498 11442 11522
f 11138 11066 11073
f 11066 11129 11106
f 11577 11590 11562
f 11532 11577 11562
f 11106 11131 11082
f 11131 11115 11082
f 11532 11550 11577
f 11577 11550 11620
f 11620 11550 11617
f 11617 11613 11630
f 11630 11613 11637
f 11082 11115 11100
f 11625 11612 11638
f 11638 11612 11592
f 11063 11100 11075
f 11075 11100 11114
f 11075 11114 11074
f 11181 11109 11114
f 11497 11556 11519
f 11109 11215 11237
f 11451 11497 11519
f 11109 11237 11110
f 11519 11468 11451
f 11468 11435 11451
f 11290 11196 11237
f 11407 11313 11290
f 6934 6951 7010
f 7458 7457 7820
f 8172 7810 7826
f 8172 7963 7810
f 7963 8172 8280
f 6780 6801 6808
f 6833 6847 6808
f 8541 8539 8477
f 8539 8541 8707
f 6873 6884 6847
f 8958 8819 8921
f 7070 7104 7066
f 7104 7070 7125
f 7104 7125 7258
f 9296 9198 9110
f 7258 7402 7287
f 7402 7532 7287
f 7753 7532 7609
f 7753 7609 7785
f 9513 9464 9510
f 8327 8379 8048
f 9943 9804 9794
f 8733 8693 8591
f 8591 8693 8518
f 8733 8878 8693
f 8518 8693 8625
f 8878 8804 8693
f 8905 8804 8878
f 9112 8905 9431
f 9491 9523 9669
f 10097 10320 10280
f 9834 9768 9669
f 10340 10320 10484
f 10611 10340 10484
f 9914 9948 10088
f 10127 10137 10088
f 10611 10674 10840
f 10137 10127 10257
f 10257 10355 10244
f 11161 11278 11230
f 11299 11349 11278
f 11349 11299 11350
f 10878 10963 10933
f 11427 11478 11501
f 10973 10963 11039
f 11501 11478 11512
f 11512 11445 11498
f 11478 11445 11512
f 11586 11498 11522
f 11129 11066 11138
f 11129 11131 11106
f 11590 11596 11562
f 11596 11590 11636
f 11620 11590 11577
f 11636 11590 11620
f 11663 11636 11620
f 11663 11620 11650
f 11617 11650 11620
f 11665 11663 11650
f 11617 11630 11650
f 11650 11637 11665
f 11650 11630 11637
f 11637 11625 11638
f 11115 11145 11100
f 11638 11592 11634
f 11145 11114 11100
f 11592 11568 11602
f 11568 11556 11566
f 11181 11215 11109
f 11455 11497 11451
f 11290 11431 11407
f 6934 6923 6908
f 6923 6934 6962
f 6934 7010 6962
f 7127 7036 7010
f 6908 6923 6883
f 7127 7192 7215
f 6883 6902 6860
f 6823 6857 6793
f 6783 6823 6793
f 6793 6857 6805
f 6793 6805 6801
f 8280 8477 8395
f 6833 6808 6801
f 6833 6848 6847
f 6992 6969 6983
f 6992 6983 7034
f 9108 8958 9110
f 7066 7034 7070
f 7125 7121 7258
f 7609 7532 7402
f 9464 9224 9198
f 8048 7985 7785
f 9759 9794 9804
f 8483 8739 8591
f 8483 8379 8739
f 8739 8733 8591
f 10097 9965 9943
f 8905 8878 9071
f 8905 9071 9431
f 9669 9523 9575
f 9914 9834 9948
f 10088 9948 10127
f 10830 11078 10840
f 10830 10996 11078
f 10355 10535 10418
f 10996 11107 11078
f 11350 11387 11349
f 11501 11524 11387
f 11501 11512 11580
f 11073 11069 11127
f 11584 11586 11522
f 11138 11073 11127
f 11584 11522 11562
f 11596 11610 11562
f 11131 11175 11115
f 11663 11665 11678
f 11665 11637 11638
f 11634 11592 11602
f 11602 11566 11593
f 11568 11566 11602
f 11556 11497 11566
f 11237 11215 11286
f 11237 11377 11290
f 11407 11455 11451
f 11431 11290 11377
f 7036 6962 7010
f 7127 7143 7036
f 6923 6902 6883
f 6860 6857 6823
f 8280 8113 7963
f 8280 8395 8326
f 8455 8395 8477
f 8477 8539 8455
f 6848 6873 6847
f 8648 8539 8707
f 6873 6905 6884
f 6884 6905 6969
f 6983 7031 7034
f 7034 7031 7070
f 7070 7076 7121
f 7125 7070 7121
f 7487 7402 7258
f 7402 7487 7609
f 8048 7785 7884
f 8718 8379 8327
f 8379 8718 8739
f 8917 8878 8733
f 10097 10117 9965
f 9475 9431 9479
f 9479 9575 9475
f 9475 9575 9523
f 9669 9752 9834
f 10320 10340 10280
f 9948 9834 9912
f 10785 10611 10840
f 10257 10338 10355
f 10535 10355 10494
f 11349 11387 11485
f 10976 10963 10878
f 11037 11039 10963
f 11037 11065 11039
f 11580 11512 11586
f 11512 11498 11586
f 11584 11598 11586
f 11584 11562 11610
f 11608 11584 11610
f 11627 11608 11610
f 11627 11610 11596
f 11138 11168 11129
f 11699 11627 11645
f 11129 11168 11131
f 11627 11596 11645
f 11699 11645 11706
f 11720 11722 11706
f 11672 11720 11706
f 11168 11175 11131
f 11636 11645 11596
f 11684 11720 11672
f 11706 11645 11672
f 11664 11645 11636
f 11676 11684 11672
f 11676 11672 11664
f 11664 11672 11645
f 11664 11636 11663
f 11663 11676 11664
f 11676 11663 11678
f 11175 11150 11115
f 11145 11115 11150
f 11665 11634 11666
f 11638 11634 11665
f 11634 11602 11633
f 11497 11576 11566
f 11431 11455 11407
f 11377 11237 11286
f 7143 7044 7036
f 6923 6943 6902
f 6923 6962 6943
f 7127 7215 7143
f 6902 6911 6860
f 6911 6857 6860
f 6857 6838 6805
f 8280 8326 8113
f 8707 8819 8648
f 8801 8819 8958
f 7070 7031 7076
f 7785 7609 7884
f 7934 8048 7884
f 8197 8048 7934
f 8197 8327 8048
f 8197 8718 8327
f 8739 8917 8733
f 8917 9071 8878
f 9431 9071 9479
f 10097 10203 10117
f 9669 9575 9752
f 9752 9912 9834
f 10611 10785 10536
f 9948 10163 10127
f 10535 10494 10637
f 11107 11230 11204
f 10809 10886 10878
f 11501 11580 11572
f 11580 11586 11611
f 11069 11065 11127
f 11647 11586 11598
f 11647 11598 11584
f 11647 11714 11681
f 11647 11584 11608
f 11647 11608 11627
f 11699 11647 11627
f 11714 11647 11699
f 11714 11699 11706
f 11706 11722 11714
f 11722 11720 11728
f 11684 11693 11720
f 11684 11678 11693
f 11684 11676 11678
f 11678 11665 11680
f 11680 11665 11666
f 11150 11170 11145
f 11173 11145 11180
f 11180 11145 11170
f 11633 11602 11593
f 11173 11181 11114
f 11145 11173 11114
f 11173 11250 11181
f 11181 11250 11215
f 11593 11566 11576
f 11455 11576 11497
f 11215 11250 11286
f 6962 7011 6977
f 6962 7036 7011
f 7044 7011 7036
f 7215 7171 7143
f 6977 6943 6962
f 7192 7390 7215
f 7215 7390 7268
f 7639 7458 7820
f 7820 7826 7639
f 6838 6862 6801
f 6805 6838 6801
f 6862 6833 6801
f 6862 6848 6833
f 8455 8539 8551
f 7031 6983 6969
f 7065 7076 7031
f 7065 7115 7076
f 9110 9198 9108
f 7258 7121 7245
f 7258 7245 7487
f 9198 9224 9108
f 7487 7884 7609
f 9640 9513 9653
f 9653 9759 9640
f 8688 8718 8197
f 9804 9943 9965
f 9965 10117 10029
f 8985 9071 8917
f 9071 8985 9113
f 10203 10097 10280
f 10280 10340 10203
f 10340 10611 10536
f 10163 10257 10127
f 10355 10338 10494
f 10743 10809 10637
f 11278 11415 11230
f 11278 11349 11415
f 11349 11485 11415
f 11387 11524 11485
f 11524 11501 11572
f 11037 11121 11065
f 11586 11647 11611
f 11686 11611 11647
f 11127 11171 11138
f 11714 11722 11741
f 11741 11722 11728
f 11728 11720 11732
f 11720 11693 11719
f 11720 11719 11732
f 11693 11678 11680
f 11634 11633 11666
f 11633 11593 11662
f 11593 11576 11583
f 11455 11459 11576
f 11459 11507 11576
f 11286 11327 11377
f 11459 11455 11431
f 7215 7268 7171
f 7192 7458 7390
f 7458 7639 7390
f 7826 7729 7639
f 7826 7810 7729
f 6857 6911 6901
f 6857 6862 6838
f 8801 8648 8819
f 7121 7076 7245
f 7487 7714 7884
f 8475 8688 8197
f 9804 9965 9910
f 8739 8718 8985
f 8917 8739 8985
f 10203 10029 10117
f 9575 9479 9716
f 10340 10536 10459
f 9948 10108 10163
f 10378 10494 10338
f 11133 11078 11107
f 11107 11204 11133
f 10637 10494 10743
f 10886 10976 10878
f 10976 11037 10963
f 11580 11611 11572
f 11572 11611 11607
f 11701 11712 11692
f 11712 11701 11717
f 11626 11607 11611
f 11692 11626 11655
f 11655 11626 11611
f 11065 11121 11127
f 11686 11655 11611
f 11690 11692 11655
f 11686 11690 11655
f 11686 11647 11681
f 11710 11690 11686
f 11127 11158 11171
f 11710 11686 11734
f 11734 11686 11681
f 11714 11734 11681
f 11738 11734 11714
f 11168 11138 11171
f 11714 11741 11738
f 11741 11728 11736
f 11728 11732 11736
f 11732 11719 11715
f 11687 11719 11693
f 11687 11693 11680
f 11170 11150 11210
f 11680 11666 11687
f 11687 11666 11662
f 11225 11173 11180
f 11662 11666 11633
f 11662 11593 11583
f 11225 11267 11173
f 11173 11267 11250
f 11301 11327 11267
f 11327 11250 11267
f 11583 11576 11507
f 11286 11250 11327
f 7171 7044 7143
f 6943 6946 6902
f 6911 6902 6946
f 6857 6901 6862
f 8414 8326 8395
f 8414 8395 8455
f 6848 6891 6873
f 8551 8539 8648
f 7884 7714 7934
f 7856 8197 7934
f 9759 9804 9640
f 8718 8688 8716
f 8985 8718 8716
f 9071 9342 9479
f 9716 9479 9574
f 9752 9575 9716
f 9752 9716 9833
f 10340 10246 10203
f 9752 9873 9912
f 10013 9948 9912
f 10257 10245 10378
f 10338 10257 10378
f 10840 11078 11133
f 11415 11390 11230
f 10976 10886 11027
f 11572 11513 11524
f 11585 11513 11572
f 11691 11700 11661
f 11607 11585 11572
f 11585 11607 11644
f 11700 11691 11712
f 11692 11691 11644
f 11712 11691 11692
f 11626 11644 11607
f 11692 11644 11626
f 11712 11717 11723
f 11701 11716 11717
f 11701 11692 11690
f 11690 11716 11701
f 11121 11158 11127
f 11710 11716 11690
f 11734 11738 11740
f 11740 11738 11744
f 11209 11168 11171
f 11738 11741 11744
f 11209 11175 11168
f 11736 11732 11737
f 11737 11732 11715
f 11203 11210 11175
f 11175 11210 11150
f 11715 11719 11687
f 11210 11213 11170
f 11170 11213 11180
f 11180 11213 11225
f 11225 11301 11267
f 11583 11507 11511
f 11327 11425 11377
f 11431 11507 11459
f 11431 11377 11425
f 7073 6943 6977
f 7073 6977 7011
f 7073 7032 6943
f 7639 7505 7390
f 6901 6914 6862
f 6862 6914 6848
f 6914 6891 6848
f 8414 8455 8457
f 8455 8551 8457
f 6905 6873 6921
f 6905 6921 6969
f 6969 7006 7031
f 7006 7020 7031
f 7065 7031 7020
f 7020 7115 7065
f 8801 8958 8897
f 8958 9108 8897
f 7242 7245 7076
f 7584 7714 7487
f 9224 9464 9329
f 8243 8197 8118
f 8243 8475 8197
f 8340 8475 8243
f 8524 8688 8475
f 9965 10029 9910
f 10062 10029 10203
f 9342 9071 9113
f 10203 10246 10062
f 9752 9833 9873
f 10340 10459 10246
f 10840 10931 10785
f 10840 11083 10931
f 10494 10378 10743
f 11204 11390 11282
f 11204 11230 11390
f 10809 10743 10886
f 11485 11524 11513
f 11513 11585 11569
f 11037 10976 11067
f 11661 11700 11675
f 11661 11585 11644
f 11691 11661 11644
f 11700 11712 11713
f 11067 11121 11037
f 11723 11717 11726
f 11717 11716 11726
f 11151 11158 11121
f 11727 11716 11710
f 11710 11734 11727
f 11727 11734 11740
f 11209 11229 11175
f 11741 11736 11748
f 11750 11736 11737
f 11737 11715 11742
f 11709 11687 11683
f 11709 11715 11687
f 11687 11657 11683
f 11687 11662 11657
f 11657 11662 11583
f 11583 11511 11635
f 11327 11301 11380
f 11425 11460 11431
f 11431 11460 11507
f 11425 11327 11380
f 7117 7073 7011
f 7044 7117 7011
f 7044 7171 7117
f 7390 7228 7268
f 7639 7635 7505
f 7635 7639 7729
f 7729 7810 7635
f 7963 7748 7810
f 8113 7748 7963
f 6891 6921 6873
f 6969 6921 6979
f 6979 7006 6969
f 7115 7242 7076
f 9224 9211 9108
f 7245 7584 7487
f 7934 7714 7856
f 9329 9464 9513
f 8197 7856 8118
f 9910 9743 9804
f 9479 9342 9574
f 10459 10395 10246
f 9912 9873 9879
f 9912 9879 10013
f 9948 10013 10108
f 10536 10633 10459
f 10163 10158 10257
f 11390 11415 11486
f 11544 11569 11567
f 11569 11544 11513
f 11646 11567 11661
f 11658 11646 11661
f 11677 11658 11675
f 11585 11567 11569
f 11661 11567 11585
f 11675 11658 11661
f 11685 11677 11675
f 11675 11700 11685
f 11685 11700 11713
f 11713 11712 11723
f 11713 11723 11718
f 11723 11726 11730
f 11726 11716 11727
f 11727 11733 11726
f 11158 11209 11171
f 11727 11740 11733
f 11744 11741 11748
f 11748 11736 11750
f 11229 11203 11175
f 11742 11715 11709
f 11683 11708 11709
f 11657 11583 11635
f 11225 11322 11301
f 11322 11358 11301
f 11358 11380 11301
f 11380 11422 11425
f 11422 11460 11425
f 7171 7195 7117
f 7268 7195 7171
f 7228 7195 7268
f 7390 7505 7228
f 6943 7032 6946
f 6911 6946 7041
f 7853 7748 8113
f 8943 8897 9108
f 7245 7242 7531
f 7245 7531 7584
f 8408 8475 8340
f 8475 8408 8524
f 8688 8524 8716
f 9113 8985 9053
f 9873 9833 9879
f 10785 10851 10536
f 10257 10158 10245
f 11083 11049 10931
f 11083 10840 11133
f 11204 11270 11133
f 10475 10886 10743
f 10910 10886 10475
f 11628 11606 11560
f 11606 11628 11651
f 10910 11027 10886
f 11560 11567 11628
f 11651 11628 11646
f 11659 11651 11658
f 11658 11651 11646
f 11485 11513 11506
f 11513 11544 11506
f 11544 11567 11560
f 11677 11659 11658
f 11646 11628 11567
f 11027 11067 10976
f 11677 11685 11695
f 11685 11718 11695
f 11713 11718 11685
f 11707 11718 11725
f 11718 11723 11725
f 11725 11723 11730
f 11730 11726 11731
f 11726 11733 11731
f 11740 11744 11748
f 11203 11229 11254
f 11750 11737 11745
f 11745 11737 11742
f 11709 11708 11742
f 11203 11254 11210
f 11245 11210 11254
f 11708 11683 11669
f 11213 11210 11245
f 11669 11657 11635
f 11683 11657 11669
f 11225 11283 11322
f 11511 11507 11460
f 7635 7501 7505
f 7635 7606 7501
f 7810 7748 7606
f 6911 7041 6901
f 8113 8326 7939
f 8215 8326 8414
f 6919 6921 6891
f 8562 8551 8648
f 8801 8829 8648
f 8801 8897 8829
f 7182 7115 7020
f 9108 9109 8943
f 7115 7182 7362
f 7115 7362 7242
f 9329 9211 9224
f 7714 7584 7856
f 8118 7856 8119
f 8119 8243 8118
f 8243 8233 8340
f 9716 9574 9550
f 10172 10246 10395
f 10395 10459 10633
f 10528 10395 10633
f 10074 10108 10013
f 10633 10536 10851
f 10475 10378 10414
f 10378 10475 10743
f 11270 11204 11282
f 11486 11444 11390
f 11415 11485 11486
f 11485 11506 11486
f 11506 11560 11543
f 11560 11506 11544
f 11677 11695 11659
f 11695 11707 11711
f 11718 11707 11695
f 11158 11226 11209
f 11733 11740 11746
f 11226 11229 11209
f 11740 11748 11746
f 11245 11262 11213
f 11225 11273 11283
f 11225 11213 11273
f 11322 11283 11352
f 11619 11511 11494
f 11635 11511 11619
f 11322 11352 11358
f 11422 11380 11358
f 11511 11460 11494
f 7117 7195 7124
f 7073 7117 7124
f 7363 7228 7505
f 7032 7041 6946
f 7810 7606 7635
f 8113 7939 7853
f 8398 8414 8457
f 6891 6914 6919
f 8551 8562 8457
f 7055 7020 7006
f 7020 7169 7182
f 9108 9211 9109
f 8243 8119 8233
f 9804 9743 9640
f 8233 8371 8340
f 8340 8371 8408
f 8453 8524 8408
f 10062 9910 10029
f 8716 8882 8985
f 9113 9053 9157
f 9574 9342 9550
f 10158 10163 10108
f 10785 10931 10851
f 10414 10378 10245
f 11390 11360 11282
f 11606 11543 11560
f 11606 11651 11599
f 11543 11539 11506
f 11695 11671 11659
f 11697 11671 11695
f 11695 11711 11697
f 11067 11091 11121
f 11091 11126 11121
f 11707 11725 11711
f 11126 11151 11121
f 11730 11731 11724
f 11731 11733 11724
f 11151 11226 11158
f 11733 11746 11724
f 11753 11746 11748
f 11229 11249 11254
f 11748 11750 11753
f 11708 11702 11742
f 11702 11708 11668
f 11668 11708 11669
f 11668 11669 11649
f 11262 11273 11213
f 11669 11635 11649
f 11649 11619 11668
f 11635 11619 11649
f 11317 11352 11283
f 11619 11548 11668
f 11619 11494 11548
f 11434 11422 11352
f 11483 11460 11434
f 11494 11460 11483
f 11422 11358 11352
f 11460 11422 11434
f 7195 7188 7124
f 7228 7188 7195
f 7073 7199 7032
f 7228 7363 7267
f 7505 7501 7363
f 6901 7041 7028
f 8326 8215 7939
f 6974 6914 6901
f 8215 8414 8398
f 6921 6919 6971
f 6971 6979 6921
f 7169 7020 7055
f 7531 7242 7362
f 9529 9513 9640
f 10062 9743 9910
f 8716 8524 8627
f 8716 8627 8882
f 8985 8882 9053
f 10062 10246 10172
f 10108 10074 10131
f 10131 10158 10108
f 10851 10931 11049
f 10245 10293 10414
f 11282 11360 11270
f 10475 10786 10910
f 11390 11444 11360
f 11444 11486 11492
f 11486 11506 11508
f 11508 11506 11539
f 11543 11606 11578
f 11606 11599 11578
f 11659 11643 11651
f 11653 11643 11659
f 11659 11671 11653
f 11027 11091 11067
f 11126 11178 11151
f 11724 11711 11725
f 11725 11730 11724
f 11151 11228 11226
f 11746 11753 11749
f 11750 11745 11751
f 11753 11750 11751
f 11702 11743 11742
f 11283 11273 11317
f 11352 11317 11382
f 11434 11352 11382
f 11434 11489 11483
f 11548 11494 11483
f 7267 7188 7228
f 7073 7124 7199
f 7032 7199 7222
f 6974 6957 6914
f 6914 6957 6919
f 6957 6971 6919
f 6957 6975 6971
f 6996 7006 6979
f 8648 8829 8770
f 8897 8943 8829
f 9065 8943 9109
f 9109 9211 9065
f 7362 7371 7531
f 8002 8119 7856
f 8119 8106 8233
f 8408 8371 8453
f 8453 8529 8524
f 8524 8529 8627
f 9113 9157 9342
f 9876 9879 9833
f 10395 10528 10411
f 10074 10013 9879
f 10633 10851 10742
f 10187 10245 10158
f 10414 10491 10475
f 11441 11360 11444
f 11492 11486 11508
f 11543 11578 11539
f 11618 11599 11651
f 11651 11643 11618
f 11697 11674 11671
f 11711 11698 11697
f 11698 11711 11724
f 11178 11228 11151
f 11724 11746 11735
f 11735 11746 11749
f 11752 11749 11753
f 11751 11752 11753
f 11745 11743 11751
f 11742 11743 11745
f 11721 11743 11702
f 11271 11280 11245
f 11254 11271 11245
f 11280 11273 11262
f 11245 11280 11262
f 11668 11548 11648
f 11548 11574 11648
f 11548 11523 11538
f 11523 11548 11483
f 11434 11456 11489
f 7124 7188 7199
f 7604 7501 7606
f 7604 7606 7748
f 6979 6971 6996
f 6996 7069 7006
f 7006 7069 7055
f 7182 7371 7362
f 7584 7531 7768
f 7856 7584 7768
f 9513 9529 9329
f 8106 8119 8002
f 9640 9743 9529
f 9729 9743 10062
f 9077 9053 8882
f 9053 9077 9157
f 9342 9383 9550
f 10283 10172 10395
f 10411 10283 10395
f 10528 10633 10742
f 10742 10851 10895
f 10245 10187 10293
f 10851 11049 11008
f 10414 10293 10491
f 11582 11539 11578
f 11599 11582 11578
f 11609 11582 11599
f 11609 11599 11618
f 11618 11643 11632
f 11674 11653 11671
f 11697 11698 11674
f 11228 11247 11226
f 11247 11249 11226
f 11226 11249 11229
f 11735 11749 11747
f 11749 11752 11747
f 11752 11751 11747
f 11275 11254 11249
f 11751 11743 11739
f 11275 11271 11254
f 11702 11648 11682
f 11721 11702 11682
f 11702 11668 11648
f 11271 11302 11280
f 11304 11280 11302
f 11280 11304 11273
f 11363 11273 11304
f 11273 11363 11317
f 11420 11433 11363
f 11574 11548 11538
f 11317 11363 11382
f 11433 11382 11363
f 11434 11382 11433
f 11523 11483 11489
f 11433 11456 11434
f 7199 7188 7227
f 7227 7188 7267
f 7028 7046 6901
f 6901 7046 6974
f 6974 6975 6957
f 6975 6991 6971
f 6971 6991 6996
f 8829 8836 8770
f 8836 8829 8943
f 7182 7169 7371
f 9247 9065 9211
f 7768 7531 7371
f 9211 9329 9247
f 7856 7768 8002
f 8627 8657 8882
f 10062 10172 9933
f 9342 9157 9383
f 10158 10131 10187
f 10895 10851 11008
f 11360 11441 11414
f 11441 11444 11492
f 11618 11616 11609
f 11616 11618 11632
f 11639 11632 11643
f 11643 11653 11639
f 11051 11027 10910
f 11091 11027 11051
f 11689 11674 11698
f 11747 11729 11735
f 11747 11751 11729
f 11729 11751 11739
f 11743 11721 11739
f 11682 11705 11721
f 11304 11302 11346
f 11363 11304 11420
f 7363 7227 7267
f 7363 7429 7227
f 7363 7501 7429
f 7032 7176 7041
f 7222 7176 7032
f 7748 7853 7900
f 7939 8215 7900
f 6974 6991 6975
f 6991 7033 6996
f 7069 6996 7062
f 8943 9065 8836
f 7474 7768 7371
f 8002 7768 7944
f 9329 9528 9370
f 9529 9528 9329
f 9529 9743 9729
f 8106 8256 8233
f 8369 8371 8233
f 9933 9729 10062
f 8369 8453 8371
f 8449 8529 8453
f 8627 8529 8657
f 8882 8657 8984
f 9077 8882 8984
f 9876 10074 9879
f 10131 10234 10187
f 11049 11083 11008
f 11083 11133 11266
f 10491 10786 10475
f 11266 11133 11270
f 11360 11414 11270
f 11414 11441 11449
f 11441 11496 11449
f 11441 11492 11496
f 11492 11508 11496
f 11539 11582 11534
f 11004 11051 10910
f 11093 11091 11051
f 11205 11178 11126
f 11689 11698 11696
f 11205 11228 11178
f 11724 11735 11698
f 11739 11705 11703
f 11739 11721 11705
f 11275 11315 11271
f 11315 11302 11271
f 11648 11705 11682
f 11574 11552 11648
f 11648 11552 11629
f 11420 11447 11433
f 11456 11433 11447
f 11489 11456 11447
f 7295 7199 7227
f 7429 7295 7227
f 7604 7632 7501
f 7041 7176 7155
f 7604 7900 7632
f 7748 7900 7604
f 7041 7155 7028
f 7939 7900 7853
f 8350 7900 8215
f 8350 8215 8398
f 8457 8426 8398
f 8444 8426 8457
f 8457 8562 8444
f 8593 8562 8648
f 8648 8770 8593
f 7069 7137 7055
f 7137 7169 7055
f 7474 7371 7169
f 9065 9220 8836
f 9220 9065 9247
f 9329 9370 9247
f 8002 8014 8106
f 9529 9729 9528
f 8256 8369 8233
f 8453 8369 8449
f 8449 8579 8529
f 8579 8657 8529
f 9876 9833 9716
f 10074 10021 10131
f 11539 11534 11508
f 11508 11534 11496
f 11582 11600 11597
f 11582 11609 11600
f 11609 11616 11600
f 10910 10786 10823
f 10823 10938 10910
f 11616 11632 11624
f 11624 11632 11639
f 11004 10910 10938
f 11093 11126 11091
f 11205 11126 11093
f 11698 11735 11696
f 11247 11263 11249
f 11735 11729 11696
f 11696 11729 11704
f 11729 11739 11688
f 11704 11729 11688
f 11688 11703 11652
f 11688 11739 11703
f 11703 11705 11652
f 11652 11705 11640
f 11640 11648 11629
f 11705 11648 11640
f 11346 11408 11304
f 11408 11447 11420
f 11420 11304 11408
f 11552 11538 11517
f 11574 11538 11552
f 11489 11517 11523
f 11538 11523 11517
f 7501 7545 7429
f 7632 7545 7501
f 7155 7046 7028
f 8398 8426 8350
f 7046 7059 6974
f 7059 7039 6974
f 6974 7039 6991
f 6996 7033 7062
f 8593 8770 8754
f 7062 7137 7069
f 8770 8836 8754
f 7474 7169 7137
f 9304 9247 9370
f 8002 7944 8014
f 9528 9571 9370
f 9571 9528 9729
f 8106 8014 8256
f 8657 8743 8984
f 10172 10254 9933
f 10254 10172 10283
f 10528 10742 10411
f 10786 10491 10677
f 10677 10823 10786
f 11449 11496 11467
f 11496 11534 11505
f 11496 11505 11467
f 11582 11597 11534
f 11600 11616 11597
f 11689 11673 11674
f 11205 11247 11228
f 11704 11694 11696
f 11263 11294 11249
f 11294 11314 11249
f 11249 11314 11275
f 11652 11667 11688
f 11329 11346 11302
f 11329 11302 11315
f 11408 11438 11447
f 11438 11474 11447
f 11489 11447 11474
f 11517 11489 11474
f 7199 7269 7222
f 7199 7386 7269
f 7199 7295 7386
f 7295 7429 7386
f 7632 7701 7545
f 7130 7059 7046
f 8593 8444 8562
f 6991 7039 7033
f 7062 7105 7137
f 9220 9247 9304
f 7768 7474 7944
f 9933 9778 9729
f 8657 8579 8679
f 8679 8743 8657
f 9933 10254 10001
f 9157 9077 9279
f 10131 10021 10234
f 11008 11001 10895
f 10187 10234 10329
f 10293 10187 10329
f 11008 11083 11212
f 11083 11266 11212
f 11266 11270 11417
f 11270 11414 11417
f 11414 11449 11417
f 11505 11534 11558
f 11558 11534 11597
f 11597 11624 11604
f 11616 11624 11597
f 11641 11639 11653
f 11674 11641 11653
f 11674 11673 11641
f 11689 11696 11673
f 11205 11265 11247
f 11294 11263 11247
f 11694 11704 11679
f 11679 11704 11688
f 11275 11314 11315
f 11640 11631 11667
f 11667 11652 11640
f 11629 11631 11640
f 11563 11631 11629
f 11563 11629 11552
f 7429 7545 7386
f 7701 7612 7545
f 7632 7933 7809
f 7900 7933 7632
f 7130 7046 7155
f 7033 7103 7105
f 7033 7105 7062
f 8836 9220 8754
f 7137 7312 7474
f 9304 9370 9571
f 7944 7929 8014
f 8256 8014 8164
f 8256 8164 8369
f 8984 9279 9077
f 9157 9279 9383
f 9716 9550 9700
f 10074 9876 10021
f 10846 10742 10895
f 11146 11001 11008
f 10329 10491 10293
f 10491 10329 10677
f 10677 10790 10823
f 11597 11570 11558
f 11597 11604 11570
f 10938 10823 10790
f 11624 11622 11604
f 11622 11624 11639
f 11622 11639 11641
f 11696 11670 11673
f 11679 11688 11667
f 11321 11314 11294
f 11315 11355 11329
f 11355 11383 11329
f 11381 11329 11383
f 11381 11346 11329
f 11563 11552 11536
f 11346 11381 11438
f 11438 11381 11443
f 11471 11499 11502
f 11536 11517 11502
f 11552 11517 11536
f 11346 11438 11408
f 11502 11517 11471
f 11438 11443 11474
f 11474 11443 11471
f 11517 11474 11471
f 7545 7554 7386
f 7545 7612 7554
f 7632 7809 7701
f 7033 7039 7059
f 7103 7184 7105
f 7137 7105 7184
f 7137 7184 7281
f 7281 7312 7137
f 7944 7474 7526
f 9729 9778 9571
f 9778 9933 10001
f 8579 8580 8679
f 9550 9383 9530
f 10254 10283 10420
f 10283 10411 10420
f 9716 9700 9876
f 10742 10420 10411
f 10742 10763 10420
f 10021 10103 10234
f 10846 10895 11001
f 11212 11266 11307
f 11266 11417 11307
f 11417 11449 11436
f 11449 11467 11436
f 11505 11465 11467
f 11551 11465 11558
f 11465 11505 11558
f 11551 11558 11570
f 11589 11604 11615
f 11604 11622 11615
f 11004 10938 11030
f 11051 11135 11093
f 11093 11135 11205
f 11696 11694 11670
f 11694 11660 11670
f 11660 11694 11654
f 11679 11654 11694
f 11605 11667 11631
f 11314 11332 11315
f 11631 11563 11587
f 11471 11443 11452
f 11536 11502 11499
f 7269 7386 7506
f 7506 7386 7554
f 7155 7176 7218
f 8377 7933 7900
f 8350 8377 7900
f 8497 8444 8593
f 8497 8593 8552
f 7059 7107 7033
f 8593 8754 8552
f 7033 7107 7103
f 9048 8754 9220
f 7312 7526 7474
f 9524 9571 9778
f 8318 8369 8164
f 8369 8318 8363
f 8449 8369 8363
f 8449 8363 8579
f 8679 8580 8643
f 8679 8643 8743
f 10001 10254 10135
f 8743 9128 8984
f 9550 9530 9700
f 9966 10021 9876
f 10742 10846 10763
f 11146 11008 11212
f 11436 11467 11417
f 11604 11589 11570
f 11570 11589 11564
f 11135 11051 11004
f 11641 11673 11642
f 11642 11673 11670
f 11205 11135 11246
f 11246 11265 11205
f 11247 11287 11294
f 11654 11679 11623
f 11679 11667 11623
f 11321 11332 11314
f 11587 11605 11631
f 11332 11355 11315
f 11587 11563 11559
f 11563 11536 11559
f 11381 11412 11443
f 11412 11452 11443
f 7269 7506 7416
f 7415 7269 7416
f 7269 7415 7222
f 7222 7289 7176
f 7289 7222 7415
f 7809 7807 7612
f 7809 7612 7701
f 7176 7289 7218
f 7809 7933 7807
f 8497 8426 8444
f 7130 7107 7059
f 8552 8754 8794
f 9048 8794 8754
f 9304 9048 9220
f 9304 9571 9524
f 7929 7906 8014
f 10001 9925 9778
f 8579 8363 8580
f 8743 8753 9128
f 9383 9279 9530
f 10558 10420 10763
f 9876 9887 9966
f 10021 9966 10103
f 10234 10103 10222
f 11417 11405 11307
f 11551 11546 11465
f 11546 11551 11564
f 11551 11570 11564
f 11564 11589 11575
f 10938 10790 10900
f 11595 11589 11615
f 11615 11622 11614
f 11030 11135 11004
f 11642 11670 11656
f 11660 11656 11670
f 11605 11623 11667
f 11559 11605 11587
f 11332 11383 11355
f 11412 11383 11397
f 11397 11452 11412
f 11383 11412 11381
f 11471 11452 11499
f 7612 7807 7554
f 7933 7942 7807
f 8350 8426 8377
f 7274 7130 7155
f 7184 7103 7220
f 7312 7281 7495
f 9084 9048 9304
f 7944 7526 7929
f 9304 9524 9389
f 8014 7906 7979
f 8014 7979 8164
f 9524 9778 9708
f 8164 8320 8318
f 8318 8320 8363
f 8609 8580 8363
f 10001 10135 9925
f 8580 8609 8643
f 8743 8643 8753
f 9279 8984 9289
f 8984 9128 9289
f 10135 10254 10197
f 9279 9358 9530
f 10254 10420 10558
f 10353 10329 10234
f 11001 11146 11147
f 11212 11176 11146
f 10329 10353 10463
f 10463 10677 10329
f 11212 11307 11176
f 11257 11307 11295
f 11307 11405 11295
f 11461 11465 11546
f 11461 11405 11417
f 11467 11461 11417
f 11465 11461 11467
f 11546 11575 11555
f 11564 11575 11546
f 11589 11581 11575
f 11589 11595 11581
f 11595 11615 11614
f 11642 11614 11622
f 11622 11641 11642
f 11660 11654 11623
f 11265 11287 11247
f 11321 11334 11332
f 11334 11378 11332
f 11383 11332 11378
f 11540 11605 11559
f 11452 11476 11499
f 11476 11509 11499
f 11540 11536 11509
f 11559 11536 11540
f 11536 11499 11509
f 7506 7491 7416
f 7491 7506 7722
f 7722 7506 7554
f 7416 7491 7415
f 7554 7807 7722
f 7289 7328 7218
f 8377 7942 7933
f 7218 7274 7155
f 7218 7328 7274
f 8552 8794 8722
f 7130 7194 7107
f 7194 7130 7301
f 7107 7194 7103
f 7103 7194 7220
f 7184 7298 7281
f 7526 7312 7495
f 7495 7929 7526
f 9304 9389 9084
f 8122 8164 7979
f 8363 8320 8403
f 8403 8609 8363
f 8609 8689 8643
f 9279 9289 9358
f 10846 10821 10763
f 11001 10821 10846
f 11076 11001 11147
f 10234 10222 10353
f 11146 11176 11147
f 11176 11307 11257
f 11405 11461 11295
f 10677 10730 10790
f 11546 11493 11461
f 11546 11535 11493
f 11555 11535 11546
f 11575 11581 11555
f 10900 11030 10938
f 11614 11642 11603
f 11621 11656 11660
f 11287 11321 11294
f 11623 11605 11579
f 11383 11378 11397
f 11452 11397 11446
f 7722 7585 7491
f 7491 7518 7415
f 7518 7491 7585
f 7415 7518 7289
f 7807 7878 7722
f 7807 7942 7878
f 8377 8090 7942
f 7518 7328 7289
f 7336 7130 7274
f 7130 7336 7301
f 8794 9048 9084
f 7220 7298 7184
f 7298 7495 7281
f 7906 7929 7495
f 8122 8320 8164
f 8122 8266 8320
f 8403 8320 8266
f 8643 8689 8753
f 8753 8689 9128
f 10254 10558 10197
f 9876 9700 9887
f 10556 10558 10763
f 10556 10763 10821
f 10103 10224 10222
f 10821 11001 11076
f 10222 10289 10353
f 10677 10463 10730
f 11461 11429 11295
f 11535 11525 11493
f 10790 10730 10900
f 11535 11555 11525
f 11595 11614 11591
f 11614 11603 11591
f 11246 11135 11160
f 11642 11656 11603
f 11603 11656 11621
f 11621 11660 11623
f 11265 11246 11287
f 11623 11579 11571
f 11328 11334 11321
f 11334 11339 11378
f 11579 11540 11545
f 11579 11605 11540
f 11428 11397 11378
f 11446 11397 11428
f 11476 11452 11446
f 7722 7848 7585
f 7878 7848 7722
f 8426 8497 8552
f 8641 8426 8552
f 8552 8722 8641
f 7285 7298 7220
f 7906 7495 7610
f 9778 9925 9708
f 8266 8323 8403
f 9932 9925 10135
f 9761 9700 9530
f 10556 10821 10788
f 10289 10222 10224
f 11124 11147 11257
f 11147 11176 11257
f 11257 11295 11357
f 11429 11357 11295
f 11429 11461 11440
f 11440 11461 11473
f 11493 11473 11461
f 11473 11525 11500
f 11473 11493 11525
f 10900 10730 10845
f 11555 11500 11525
f 11527 11500 11555
f 11527 11555 11581
f 11581 11595 11537
f 11537 11595 11591
f 11030 10900 11062
f 11621 11623 11571
f 11287 11328 11321
f 11547 11571 11579
f 11334 11328 11339
f 11579 11545 11547
f 11547 11545 11518
f 11339 11428 11378
f 11540 11518 11545
f 11540 11509 11518
f 7942 8008 7878
f 7942 8090 8008
f 8377 8426 8589
f 7328 7477 7274
f 7477 7328 7544
f 8589 8426 8641
f 7274 7477 7336
f 7194 7301 7220
f 7301 7285 7220
f 9176 8794 9084
f 7285 7414 7298
f 7298 7414 7495
f 7495 7552 7610
f 8158 8122 7979
f 9867 9708 9925
f 9867 9925 9932
f 9932 10135 10197
f 8689 8932 9235
f 9128 8689 9235
f 9358 9606 9530
f 10426 10197 10558
f 10556 10426 10558
f 9606 9761 9530
f 9887 9700 9761
f 10103 9966 10224
f 11076 11022 10821
f 11124 11064 11076
f 11076 11147 11124
f 11257 11357 11298
f 11473 11500 11475
f 11537 11527 11581
f 11591 11549 11537
f 11062 11135 11030
f 11621 11533 11603
f 11571 11542 11621
f 11404 11446 11428
f 11476 11446 11458
f 11487 11476 11458
f 11518 11476 11487
f 11509 11476 11518
f 7585 7848 7782
f 7518 7585 7782
f 7711 7518 7782
f 7964 7848 7878
f 7878 8008 7964
f 7630 7518 7711
f 7328 7518 7630
f 7544 7328 7630
f 8722 8794 9008
f 7285 7301 7427
f 7414 7552 7495
f 9389 9176 9084
f 9524 9517 9389
f 7943 7979 7906
f 7943 8158 7979
f 8266 8122 8158
f 8609 8403 8645
f 8609 8645 8689
f 8689 8645 8932
f 9128 9415 9289
f 9358 9289 9606
f 10701 10426 10556
f 10556 10788 10701
f 10788 10821 10815
f 9966 9887 10059
f 11022 11076 11064
f 10224 10301 10289
f 10289 10396 10353
f 11124 11257 11298
f 10485 10353 10396
f 10463 10353 10485
f 11419 11357 11429
f 11429 11440 11419
f 11473 11475 11440
f 11503 11475 11500
f 11500 11527 11503
f 10845 11062 10900
f 11591 11603 11549
f 11062 11167 11135
f 11549 11603 11533
f 11167 11160 11135
f 11533 11621 11515
f 11515 11621 11542
f 11293 11328 11287
f 11293 11287 11246
f 11530 11542 11571
f 11547 11530 11571
f 11547 11518 11516
f 11339 11404 11428
f 11458 11446 11404
f 7782 7845 7711
f 7711 7709 7630
f 8589 8630 8377
f 7336 7427 7301
f 7427 7414 7285
f 7427 7496 7414
f 7414 7496 7552
f 7757 7906 7610
f 7926 7906 7757
f 7943 7906 7926
f 9517 9524 9637
f 9524 9708 9637
f 8158 8372 8266
f 8323 8266 8372
f 9128 9235 9415
f 10426 10261 10197
f 9761 9941 9887
f 10059 9887 9941
f 10815 10821 11022
f 10059 10224 9966
f 11064 11124 11187
f 11124 11298 11274
f 10396 10289 10301
f 11298 11357 11365
f 10485 10730 10463
f 11357 11419 11365
f 11419 11475 11421
f 11419 11440 11475
f 11475 11503 11464
f 11464 11503 11479
f 11527 11479 11503
f 11062 10845 10952
f 11537 11549 11529
f 11533 11529 11549
f 11246 11160 11293
f 11293 11356 11328
f 11376 11328 11356
f 11339 11328 11376
f 11530 11547 11516
f 11406 11404 11376
f 11404 11406 11458
f 11458 11450 11487
f 11339 11376 11404
f 11516 11518 11487
f 7782 7848 7845
f 7964 7965 7848
f 7845 7709 7711
f 8008 8136 7964
f 7630 7709 7544
f 8589 8641 8785
f 8785 8641 8722
f 9008 8785 8722
f 8794 9176 9008
f 7610 7552 7757
f 8017 7943 7926
f 8017 8158 7943
f 8372 8451 8323
f 8403 8323 8451
f 9867 9932 10081
f 8932 9268 9235
f 9289 9775 9606
f 10261 10426 10417
f 10417 10426 10758
f 9606 9883 9761
f 10701 10758 10426
f 9883 9941 9761
f 10701 10788 10758
f 10788 10815 10758
f 10059 10215 10224
f 11187 11124 11274
f 10224 10215 10301
f 10485 10396 10301
f 11274 11298 11316
f 11365 11316 11298
f 11419 11421 11365
f 11464 11421 11475
f 11479 11421 11464
f 11529 11479 11527
f 11537 11529 11527
f 11244 11293 11160
f 11530 11515 11542
f 11293 11320 11356
f 11406 11450 11458
f 7848 7965 7845
f 8136 8125 7964
f 7964 8125 7965
f 8008 8090 8136
f 7945 7709 7845
f 8090 8554 8136
f 8377 8554 8090
f 8377 8630 8554
f 8630 8589 8785
f 7477 7624 7336
f 7336 7522 7427
f 7624 7522 7336
f 7427 7522 7496
f 9213 9008 9176
f 7700 7496 7522
f 7496 7725 7552
f 7725 7744 7552
f 9213 9176 9389
f 7552 7744 7757
f 9517 9213 9389
f 8017 8439 8158
f 8439 8221 8158
f 9708 9890 9637
f 8221 8372 8158
f 8403 8451 8856
f 8403 8856 8645
f 9932 10197 10189
f 10197 10261 10189
f 10815 11022 11033
f 9941 10086 10059
f 10059 10086 10215
f 11187 11274 11316
f 11364 11316 11365
f 11364 11421 11388
f 11365 11421 11364
f 10730 10658 10845
f 10952 11059 11062
f 11533 11462 11529
f 11062 11134 11167
f 11454 11533 11515
f 11160 11167 11244
f 11244 11320 11293
f 11515 11530 11480
f 11320 11372 11356
f 11372 11376 11356
f 11450 11406 11372
f 11406 11376 11372
f 11481 11450 11437
f 11480 11530 11481
f 11530 11516 11481
f 11481 11487 11450
f 11516 11487 11481
f 8031 7945 7965
f 7945 7845 7965
f 8125 8031 7965
f 7881 7544 7945
f 7544 7709 7945
f 9008 8992 8785
f 8785 8992 8630
f 7544 7731 7477
f 7477 7731 7624
f 7522 7624 7732
f 7496 7700 7725
f 7926 7757 7744
f 8017 7926 8194
f 9708 9867 9890
f 9867 10081 9890
f 9932 10189 10081
f 9175 8932 8645
f 9268 9415 9235
f 10261 10417 10478
f 9775 9883 9606
f 10758 10815 10941
f 10815 11033 10941
f 10211 10215 10086
f 11022 11064 11101
f 11187 11101 11064
f 10215 10211 10301
f 11187 11316 11258
f 11316 11324 11258
f 10485 10301 10446
f 11316 11364 11324
f 10485 10658 10730
f 11421 11396 11388
f 11479 11398 11396
f 11479 11396 11421
f 11330 11398 11479
f 11479 11529 11330
f 11529 11462 11330
f 11059 11134 11062
f 11462 11533 11454
f 11454 11515 11463
f 11463 11515 11480
f 11439 11480 11437
f 11320 11347 11372
f 11480 11481 11437
f 11372 11384 11423
f 11450 11372 11423
f 11437 11450 11423
f 8031 8130 7945
f 8136 8554 8125
f 8554 8495 8125
f 8729 8554 8630
f 9213 9180 9008
f 7732 7700 7522
f 7725 7700 7849
f 9213 9488 9180
f 7725 7849 7744
f 8017 8194 8439
f 8550 8372 8221
f 8372 8599 8451
f 8856 9175 8645
f 10189 10261 10402
f 10261 10478 10402
f 10417 10758 10655
f 11101 11033 11022
f 10086 10275 10211
f 11331 11324 11364
f 11331 11364 11388
f 11337 11331 11388
f 11396 11337 11388
f 10485 10720 10658
f 10880 10845 10658
f 10845 10880 10952
f 11134 11184 11167
f 11167 11184 11244
f 11439 11463 11480
f 11439 11437 11403
f 11347 11384 11372
f 11403 11423 11384
f 11437 11423 11403
f 8130 8024 7945
f 7945 8024 7881
f 8125 8130 8031
f 8125 8495 8130
f 8554 8634 8495
f 8554 8729 8634
f 7881 8097 7544
f 7544 8097 7731
f 8630 8952 8729
f 8630 8992 8952
f 7731 7784 7624
f 7624 7784 7732
f 9144 9008 9180
f 7849 8194 7744
f 8550 8221 8439
f 8550 8599 8372
f 8932 9245 9268
f 9636 9289 9415
f 9289 9636 9775
f 9775 9909 9883
f 10758 10941 10810
f 11101 11187 11164
f 11164 11187 11258
f 10301 10211 10446
f 11238 11258 11324
f 11252 11238 11324
f 11324 11331 11252
f 11331 11337 11319
f 11398 11337 11396
f 10658 10720 10880
f 10952 10880 10995
f 10952 10995 11059
f 11184 11276 11244
f 11244 11276 11320
f 11418 11439 11393
f 11463 11439 11418
f 11276 11347 11320
f 11393 11403 11336
f 11347 11303 11384
f 11336 11384 11303
f 11336 11403 11384
f 11439 11403 11393
f 8024 8130 8211
f 8097 7881 8024
f 8211 8097 8024
f 8097 8009 7731
f 9118 8952 8992
f 7784 7731 8009
f 9008 9144 8992
f 7732 8108 7700
f 9213 9517 9488
f 7744 8194 7926
f 9637 9890 9871
f 8599 8781 8451
f 9175 9245 8932
f 9268 9454 9415
f 10417 10655 10478
f 10758 10810 10655
f 9941 9883 10164
f 11033 10975 10941
f 10975 11122 11034
f 10975 11033 11122
f 11101 11122 11033
f 11101 11164 11122
f 11258 11238 11164
f 10211 10464 10446
f 11319 11252 11331
f 10485 10446 10720
f 11337 11398 11343
f 11398 11341 11343
f 11341 11398 11330
f 10995 11103 11059
f 11059 11103 11134
f 11134 11103 11184
f 11462 11454 11330
f 11184 11221 11276
f 11454 11463 11418
f 11361 11418 11402
f 11303 11300 11336
f 11336 11342 11379
f 11300 11342 11336
f 11402 11379 11342
f 11347 11276 11303
f 11393 11379 11402
f 11418 11393 11402
f 11393 11336 11379
f 8211 8130 8495
f 8211 8285 8097
f 8729 8865 8634
f 8952 8865 8729
f 8865 8952 9118
f 9144 9145 8992
f 9144 9337 9145
f 9337 9144 9180
f 8108 7732 7784
f 9517 9637 9751
f 8550 8660 8599
f 9890 10081 9871
f 8451 8987 8856
f 9636 9415 9557
f 10317 10275 10086
f 11164 11174 11122
f 11174 11164 11238
f 11185 11174 11238
f 11238 11252 11185
f 11319 11261 11252
f 10446 10741 10720
f 11261 11319 11337
f 10741 10875 10720
f 10880 11041 10995
f 11041 11103 10995
f 11330 11454 11362
f 11125 11221 11103
f 11221 11184 11103
f 11454 11418 11362
f 11418 11361 11362
f 11221 11300 11276
f 11361 11402 11342
f 11276 11300 11303
f 8211 8495 8642
f 8632 8285 8211
f 8632 8211 8642
f 8634 8642 8495
f 8992 9145 9118
f 8108 7784 8009
f 9447 9180 9488
f 7700 8108 7849
f 7849 8108 8346
f 7849 8346 8194
f 9488 9517 9751
f 8194 8346 8412
f 8194 8412 8439
f 9637 9871 9751
f 8788 8599 8660
f 8599 8788 8781
f 9871 10081 10102
f 8781 8987 8451
f 9268 9245 9454
f 10189 10402 10514
f 9415 9454 9557
f 10402 10679 10514
f 10402 10478 10679
f 10478 10655 10679
f 9636 9909 9775
f 10655 10920 10679
f 10679 10920 10863
f 10655 10810 10920
f 10810 10941 10920
f 10941 10975 10920
f 10975 11034 10950
f 10086 9941 10317
f 11122 11174 11034
f 10317 10325 10275
f 11174 11185 11120
f 10211 10275 10464
f 11252 11261 11185
f 11261 11179 11185
f 11261 11337 11182
f 11182 11337 11343
f 10720 10875 10880
f 10875 11041 10880
f 11330 11272 11341
f 11272 11330 11362
f 11291 11272 11362
f 11125 11242 11221
f 11253 11291 11288
f 11288 11318 11242
f 11362 11361 11291
f 11291 11342 11288
f 11342 11318 11288
f 11361 11342 11291
f 11221 11242 11300
f 11300 11242 11318
f 11342 11300 11318
f 8285 8540 8097
f 8285 8632 8540
f 8955 8632 8642
f 8634 8865 8642
f 8865 9118 8642
f 8097 8540 8422
f 8097 8422 8009
f 9145 9226 9118
f 9337 9334 9145
f 8108 8009 8422
f 9180 9447 9337
f 8439 8412 8550
f 9751 9871 9952
f 8660 8793 8788
f 9871 10102 9952
f 10102 10081 10296
f 10081 10368 10296
f 10081 10189 10368
f 10189 10514 10368
f 9245 9360 9454
f 9636 9557 9719
f 9883 10209 10164
f 9883 9909 10209
f 10920 10975 10950
f 11034 11053 10950
f 11034 11120 11053
f 11174 11120 11034
f 11120 11185 11179
f 10275 10325 10464
f 10446 10464 10649
f 10446 10649 10741
f 11182 11343 11234
f 11234 11343 11341
f 11272 11234 11341
f 10875 11080 11041
f 11253 11220 11193
f 11193 11272 11253
f 11041 11080 11125
f 11080 11130 11125
f 11041 11125 11103
f 11272 11291 11253
f 11242 11125 11130
f 11172 11242 11130
f 11242 11172 11220
f 11288 11242 11220
f 11253 11288 11220
f 9118 9090 8642
f 8642 9090 8955
f 9118 9226 9090
f 9145 9334 9226
f 9334 9337 9447
f 8108 8422 8467
f 9583 9447 9488
f 8108 8467 8346
f 9488 9751 9583
f 8412 8660 8550
f 9751 9952 9895
f 8856 8987 9202
f 9202 9175 8856
f 10368 10514 10403
f 9454 9360 9557
f 9719 9868 9636
f 10533 10514 10679
f 10679 10687 10533
f 10679 10775 10687
f 10679 10863 10775
f 10920 10950 10863
f 10950 11053 10986
f 9941 10164 10317
f 11053 11120 11068
f 10325 10649 10464
f 11179 11261 11182
f 11272 11224 11234
f 11193 11224 11272
f 11080 10905 11130
f 11193 11220 11172
f 8632 8935 8540
f 8955 9038 8632
f 9038 8935 8632
f 9090 9038 8955
f 8540 8461 8422
f 8461 8540 8935
f 9334 9357 9226
f 8461 8467 8422
f 9334 9447 9357
f 9566 9357 9447
f 8768 8346 8467
f 9624 9583 9806
f 8346 8768 8412
f 9751 9806 9583
f 8412 8768 8660
f 9806 9751 9895
f 9997 9895 9952
f 9952 10102 9997
f 8987 9060 9202
f 10368 10403 10296
f 9245 9175 9202
f 9319 9245 9202
f 9245 9319 9360
f 10514 10533 10403
f 9909 9636 9930
f 9636 9868 9930
f 9930 10060 9909
f 10871 10775 10863
f 9909 10060 10209
f 10950 10871 10863
f 10986 10871 10950
f 11053 11068 10986
f 11179 11068 11120
f 10474 10649 10325
f 11182 11177 11068
f 11179 11182 11068
f 10649 10705 10741
f 11182 11234 11177
f 10705 10873 10741
f 11224 11085 11234
f 11089 11085 11224
f 10741 10873 10875
f 10873 10905 10875
f 11224 11193 11089
f 11056 11193 11159
f 10951 11130 10905
f 10999 11159 11119
f 10875 10905 11080
f 11159 11172 11119
f 11193 11172 11159
f 11172 11130 11119
f 8935 8867 8461
f 9090 9149 9038
f 9226 9357 9303
f 9090 9226 9303
f 9038 9061 8935
f 9149 9061 9038
f 9303 9149 9090
f 8461 8867 8824
f 9447 9583 9566
f 9624 9584 9566
f 9624 9566 9583
f 8461 8824 8467
f 8824 8768 8467
f 8660 8768 8793
f 8768 8824 8922
f 9895 9905 9806
f 8793 8768 8922
f 9895 9997 9905
f 10102 10079 9997
f 8990 8781 8788
f 8990 9029 8781
f 9029 8987 8781
f 9060 8987 9029
f 10102 10216 10079
f 10102 10296 10216
f 9251 9202 9060
f 10216 10296 10316
f 10403 10316 10296
f 10403 10481 10460
f 10403 10533 10481
f 10533 10653 10481
f 9557 9592 9719
f 10533 10687 10653
f 10653 10687 10772
f 10772 10687 10775
f 10775 10871 10772
f 11068 11019 10986
f 11019 11068 11028
f 10325 10317 10474
f 11177 11085 11028
f 11068 11177 11028
f 11177 11234 11085
f 10905 10907 10951
f 10951 10907 10999
f 11193 11056 11089
f 11159 10999 11056
f 10999 11130 10951
f 11119 11130 10999
f 9566 9584 9357
f 8824 8867 9006
f 9624 9771 9584
f 9806 9771 9624
f 8922 8824 9006
f 9806 9905 9771
f 9905 9884 9771
f 9905 9983 9884
f 9997 9983 9905
f 9983 9997 10079
f 10072 9983 10079
f 8793 8990 8788
f 10112 10072 10079
f 10216 10112 10079
f 10206 10216 10316
f 10403 10460 10316
f 9360 9319 9478
f 10496 10460 10481
f 9360 9478 9592
f 9557 9360 9592
f 10653 10650 10496
f 10653 10496 10481
f 9592 9774 9719
f 10650 10653 10772
f 9719 9774 9868
f 10772 10773 10650
f 10772 10871 10773
f 10986 10921 10850
f 10986 10850 10871
f 10164 10209 10315
f 11019 10921 10986
f 10164 10315 10317
f 11019 11028 10921
f 10317 10407 10474
f 10649 10474 10705
f 11028 11085 11015
f 10990 11015 11085
f 11089 10990 11085
f 10705 10739 10873
f 10907 10873 10739
f 10905 10873 10907
f 10999 10907 10929
f 11056 10999 10929
f 9061 9123 8935
f 8935 9006 8867
f 8935 9123 9006
f 9149 9287 9061
f 9303 9287 9149
f 9303 9357 9535
f 9357 9584 9535
f 9287 9255 9061
f 9255 9123 9061
f 9584 9771 9722
f 9535 9584 9722
f 9064 9006 9123
f 9006 9064 8922
f 9771 9884 9722
f 9884 9938 9722
f 9983 9938 9884
f 8793 8922 9096
f 8990 8793 9096
f 9983 10016 9938
f 9983 10072 10016
f 10072 10112 10016
f 10216 10206 10112
f 10312 10206 10316
f 9251 9060 9261
f 10460 10434 10316
f 10316 10434 10312
f 9251 9319 9202
f 9251 9308 9319
f 10460 10496 10520
f 10460 10520 10434
f 10650 10520 10496
f 9868 9774 9931
f 9868 9931 9930
f 10773 10761 10650
f 10871 10850 10773
f 10850 10761 10773
f 10850 10862 10761
f 10921 10862 10850
f 10921 10923 10862
f 11028 10923 10921
f 10407 10571 10474
f 10923 11028 11015
f 10474 10571 10739
f 11015 10990 10916
f 10474 10739 10705
f 10833 10916 10929
f 10990 10984 10916
f 10984 10929 10916
f 11089 10984 10990
f 10833 10907 10739
f 10929 10907 10833
f 11056 10929 10984
f 11089 11056 10984
f 9303 9535 9501
f 9287 9303 9501
f 9255 9227 9123
f 9287 9307 9255
f 9470 9307 9287
f 9535 9722 9788
f 9150 9123 9227
f 9788 9501 9535
f 9150 9064 9123
f 9788 9722 9938
f 9064 9094 8922
f 9150 9094 9064
f 8922 9094 9096
f 9937 9788 9938
f 10016 9937 9938
f 9096 9029 8990
f 9146 9029 9096
f 10016 10112 9937
f 9060 9029 9261
f 9261 9029 9146
f 10112 10038 9937
f 10186 10168 10038
f 10186 10038 10112
f 10206 10186 10112
f 10312 10288 10186
f 10206 10312 10186
f 9308 9369 9319
f 10434 10288 10312
f 9319 9369 9478
f 10520 10523 10288
f 10520 10288 10434
f 9592 9478 9605
f 9592 9605 9774
f 10520 10650 10523
f 10650 10761 10523
f 9931 9990 9930
f 10523 10761 10661
f 9930 10100 10060
f 10761 10764 10661
f 10761 10862 10764
f 10060 10100 10209
f 10764 10678 10661
f 10881 10764 10862
f 10678 10759 10640
f 10764 10759 10678
f 10862 10923 10881
f 10317 10315 10407
f 10916 10759 10764
f 10881 10916 10764
f 10571 10407 10525
f 10923 11015 10881
f 10759 10587 10640
f 10916 10833 10759
f 10881 11015 10916
f 10739 10571 10525
f 10587 10739 10525
f 10759 10739 10587
f 10833 10739 10759
f 9227 9255 9307
f 9501 9470 9287
f 9150 9227 9307
f 9727 9470 9501
f 9788 9727 9501
f 9788 9947 9727
f 9788 9937 9947
f 9937 10038 9947
f 9947 10038 10035
f 10186 10288 10168
f 9261 9308 9251
f 9261 9322 9308
f 9322 9369 9308
f 10288 10263 10168
f 9459 9478 9369
f 10468 10263 10288
f 10523 10468 10288
f 9774 9605 9620
f 9931 9928 9990
f 10523 10544 10468
f 10100 9930 9990
f 10661 10559 10544
f 10661 10544 10523
f 10661 10678 10559
f 10209 10100 10258
f 10209 10258 10315
f 10678 10640 10470
f 10525 10407 10422
f 10407 10315 10422
f 10470 10587 10422
f 10422 10587 10525
f 10640 10587 10470
f 9470 9333 9307
f 9307 9212 9150
f 9307 9333 9212
f 9150 9212 9094
f 9664 9333 9470
f 9727 9664 9470
f 9094 9212 9096
f 9179 9096 9212
f 9333 9432 9212
f 9727 9922 9664
f 9727 9947 9922
f 9096 9179 9146
f 9212 9432 9179
f 9432 9333 9664
f 9947 10035 9922
f 9284 9146 9179
f 9922 9882 9664
f 9432 9284 9179
f 10038 10168 10035
f 9284 9322 9261
f 9146 9284 9261
f 10035 10000 9922
f 10000 9882 9922
f 9453 9284 9432
f 9838 9882 10000
f 10147 10000 10035
f 10035 10168 10147
f 9284 9453 9322
f 9453 9369 9322
f 10147 10239 10000
f 9369 9453 9473
f 10104 10017 10000
f 10239 10104 10000
f 10168 10359 10147
f 10359 10239 10147
f 10168 10263 10359
f 9369 9473 9459
f 9605 9478 9620
f 9478 9459 9620
f 9620 9656 9774
f 9656 9841 9774
f 9841 9857 10006
f 9857 10017 10006
f 10075 10006 10017
f 10251 10104 10239
f 9928 9774 9841
f 10006 9928 9841
f 10104 10075 10017
f 10263 10468 10359
f 9931 9774 9928
f 10184 10104 10251
f 10359 10314 10239
f 10314 10251 10239
f 10544 10314 10359
f 10468 10544 10359
f 9928 10006 9990
f 10075 9990 10006
f 9990 10075 10100
f 10104 10184 10075
f 10184 10100 10075
f 10251 10314 10292
f 10314 10410 10292
f 10471 10410 10314
f 10544 10471 10314
f 10559 10471 10544
f 10100 10184 10258
f 10292 10258 10184
f 10410 10358 10292
f 10358 10258 10292
f 10471 10470 10410
f 10470 10358 10410
f 10559 10678 10471
f 10678 10470 10471
f 10315 10258 10358
f 10422 10315 10358
f 10470 10422 10358
f 9664 9577 9432
f 9664 9882 9577
f 9573 9453 9432
f 9577 9573 9432
f 9882 9838 9577
f 9838 9573 9577
f 9573 9525 9453
f 9525 9473 9453
f 9610 9525 9573
f 9838 9610 9573
f 10000 10017 9838
f 9459 9473 9525
f 9656 9459 9525
f 9610 9656 9525
f 9841 9656 9610
f 9838 9857 9610
f 9857 9841 9610
f 10017 9857 9838
f 9656 9620 9459
f 10292 10184 10251
