v 271.36890 85.22475 515.77075195
v 271.37430 97.13960 512.77752686
v 271.40823 86.57835 513.42315674
v 271.44724 86.36430 517.04467773
v 271.46179 95.38914 514.87536621
v 271.62540 98.97674 513.67053223
v 271.64777 99.75337 511.87521362
v 271.68637 95.10751 507.64306641
v 271.86670 82.82865 517.08496094
v 271.88068 86.19650 510.37408447
v 271.88455 83.05909 513.60778809
v 271.93198 100.11105 509.46319580
v 271.95285 92.03595 517.50054932
v 271.97488 90.53947 517.62780762
v 271.99030 96.47494 516.42041016
v 272.02646 85.82241 518.47167969
v 272.03415 83.73754 518.13342285
v 272.13019 98.74101 515.52355957
v 272.19962 91.41685 506.34472656
v 272.31857 96.39783 504.78488159
v 272.51398 102.88116 511.93942261
v 272.53601 84.60194 509.67147827
v 272.55399 86.18616 518.99163818
v 272.58817 99.58850 505.55111694
v 272.65070 95.60099 503.78317261
v 272.81998 88.98365 506.05563354
v 272.86359 96.65305 517.54986572
v 272.89526 81.00853 517.34069824
v 272.97391 103.06139 508.84088135
v 273.01431 81.68078 518.39605713
v 273.05240 103.84235 512.88531494
v 273.06259 98.05244 503.14556885
v 273.10870 102.92175 514.37207031
v 273.10931 90.66019 518.52124023
v 273.14236 99.65491 516.21411133
v 273.20477 80.70126 512.12799072
v 273.23581 88.46845 519.17230225
v 273.28064 82.00533 510.21670532
v 273.33926 80.02854 513.38153076
v 273.42990 96.08682 518.02874756
v 273.49664 100.65112 503.88970947
v 273.56757 104.83047 511.84231567
v 273.59659 82.52299 519.05114746
v 273.73145 93.58048 501.96499634
v 273.76596 86.41869 505.84695435
v 273.86728 104.10047 507.66384888
v 273.94257 105.30640 510.05780029
v 273.96448 86.07399 519.57312012
v 274.08969 79.15022 516.81213379
v 274.15839 88.34093 503.48782349
v 274.29248 83.55242 519.46484375
v 274.32178 96.66863 500.13061523
v 274.44058 78.31699 515.43579102
v 274.49567 85.66674 504.37252808
v 274.50113 94.07711 499.61901855
v 274.60172 86.47911 502.18811035
v 274.72620 98.38119 499.78805542
v 274.84598 80.96983 508.65637207
v 274.86243 79.44269 518.38952637
v 274.86371 86.53905 497.80227661
v 274.92014 84.15524 500.19415283
v 274.93164 92.37597 518.70288086
v 275.14062 95.90766 518.55541992
v 275.24344 84.24116 519.65966797
v 275.48117 94.35339 495.93695068
v 275.52951 88.92176 495.56307983
v 275.55554 106.60143 513.16241455
v 275.79120 80.64803 505.10562134
v 275.94586 76.57915 515.94580078
v 276.01099 95.55009 495.12792969
v 276.07352 76.17451 514.13299561
v 276.08536 77.07360 517.63446045
v 276.08536 85.57242 495.32348633
v 276.09271 84.36710 496.12945557
v 276.09869 98.77630 496.75045776
v 276.24838 80.30384 500.15612793
v 276.36813 78.88654 506.60791016
v 276.37512 88.90057 519.51489258
v 276.42493 76.29356 510.64682007
v 276.42496 107.82565 508.08920288
v 276.48041 104.42841 516.42626953
v 276.49661 103.85203 501.02920532
v 276.56683 79.25154 501.92593384
v 276.59848 83.30518 496.22851562
v 276.61600 87.72353 493.90927124
v 276.69812 75.59412 511.93878174
v 276.69995 108.98839 510.87469482
v 276.88834 109.04021 512.08770752
v 276.92648 82.50780 519.52667236
v 277.14209 78.27537 519.09613037
v 277.19339 96.34427 493.53741455
v 277.24118 77.59760 506.48239136
v 277.43112 103.71988 517.55639648
v 277.48172 80.12492 519.50604248
v 277.57169 109.58675 512.37249756
v 277.69150 85.16252 493.49176025
v 277.82916 79.20274 519.56317139
v 277.94244 100.04547 494.55480957
v 277.96646 103.05823 518.07104492
v 278.00668 89.09967 492.05462646
v 278.02109 92.33462 491.77880859
v 278.05103 108.76753 514.58288574
v 278.15518 103.44746 497.56298828
v 278.16513 76.17021 518.77966309
v 278.37531 110.24583 508.75262451
v 278.51767 74.18782 510.41714478
v 278.77298 105.97149 499.72372437
v 279.02463 77.26685 499.18463135
v 279.13507 108.44270 503.81161499
v 279.20816 106.78844 517.65155029
v 279.24667 88.04723 490.76464844
v 279.24976 106.91607 500.47338867
v 279.25537 73.00571 513.32269287
v 279.28357 77.94568 498.05450439
v 279.35092 111.80123 511.22802734
v 279.38727 75.47720 504.94424438
v 279.50830 76.13104 500.47561646
v 279.54568 82.52940 493.50335693
v 279.61923 81.07735 519.98779297
v 279.69873 101.92185 518.59527588
v 280.00742 72.71306 511.18600464
v 280.02328 74.30830 507.15097046
v 280.05139 77.61820 520.66778564
v 280.22763 74.58359 505.67529297
v 280.36288 86.50967 490.33810425
v 280.37286 93.70461 518.52380371
v 280.44351 105.31253 518.51531982
v 280.44806 95.62265 487.71014404
v 280.51294 72.13112 514.81225586
v 280.57281 97.67220 488.71234131
v 280.60492 112.72325 513.23883057
v 280.68564 75.33455 499.86462402
v 280.84442 72.10179 511.79824829
v 280.91251 100.23149 490.34805298
v 280.99420 75.57301 498.86730957
v 281.00339 73.00967 518.61236572
v 281.05627 75.72263 520.73236084
v 281.22488 82.24226 520.12976074
v 281.23788 95.89767 486.25912476
v 281.23987 111.37571 516.21697998
v 281.31174 71.81471 515.71289062
v 281.35657 86.62553 489.21359253
v 281.48102 95.77804 518.36041260
v 281.53479 109.77226 517.67010498
v 281.55496 93.75406 485.33288574
v 282.10315 109.33804 518.20892334
v 282.13892 72.92534 519.74768066
v 282.15692 88.92421 519.40100098
v 282.22705 101.95719 490.05517578
v 282.23312 72.25974 518.96514893
v 282.27188 93.13184 484.21511841
v 282.30792 86.25745 519.39093018
v 282.33688 111.79279 517.63049316
v 282.34473 71.37766 513.46630859
v 282.35974 114.75114 511.63064575
v 282.44904 73.98875 500.32333374
v 282.52493 77.74508 521.51489258
v 282.60638 114.87341 510.76791382
v 282.73978 105.38232 493.68743896
v 282.81830 72.50668 507.57653809
v 282.84448 114.92301 513.81463623
v 282.88364 81.31343 521.05047607
v 282.90021 100.43393 486.74023438
v 283.00806 97.47470 482.99200439
v 283.05353 96.33213 482.30447388
v 283.18286 74.00178 499.34121704
v 283.19214 72.08778 519.62463379
v 283.27448 95.27605 481.73214722
v 283.33047 72.59033 520.28173828
v 283.34183 79.43147 521.55792236
v 283.35834 83.86707 157.16784668
v 283.43909 88.77390 159.22174072
v 283.45633 75.57641 521.38110352
v 283.51767 81.10438 167.90383911
v 283.58032 84.53941 155.06642151
v 283.58688 79.63022 167.16571045
v 283.60504 93.16393 481.94967651
v 283.61542 89.65651 157.81472778
v 283.64539 88.64270 163.39401245
v 283.66885 82.14996 169.16053772
v 283.72873 78.43673 163.73416138
v 283.74908 80.61874 156.06677246
v 283.75607 90.52168 158.76748657
v 283.81516 86.43517 154.59837341
v 283.83444 77.82504 166.02546692
v 283.85165 88.16103 165.07904053
v 283.85580 84.50313 154.28454590
v 283.90085 90.49742 162.06912231
v 283.90390 89.46317 155.80935669
v 283.91409 116.05914 512.72021484
v 283.91626 71.50736 509.85296631
v 283.97626 114.69933 516.96752930
v 283.99103 84.87128 168.91407776
v 284.01685 82.23746 154.28138733
v 284.04602 107.72596 495.88366699
v 284.07748 115.38226 508.66024780
v 284.10080 97.77197 518.44897461
v 284.11942 91.17012 161.30653381
v 284.12112 88.02458 154.39944458
v 284.18692 78.29302 493.15338135
v 284.22778 72.52428 503.07580566
v 284.27002 89.97322 483.15139771
v 284.31284 113.89903 518.05590820
v 284.33984 109.10798 518.75518799
v 284.36847 76.11440 165.26504517
v 284.46030 77.74961 157.17201233
v 284.49039 84.44686 487.51919556
v 284.49957 97.75636 478.51748657
v 284.52332 90.19048 154.90602112
v 284.61221 92.19238 158.94349670
v 284.62405 76.82790 174.52848816
v 284.62766 92.69865 519.14782715
v 284.65753 99.28236 479.38244629
v 284.73642 75.66631 172.94868469
v 284.75058 112.96249 518.72149658
v 284.78183 110.82605 518.86413574
v 284.79233 92.14971 156.95173645
v 284.80945 85.27200 152.93490601
v 284.82571 77.63689 155.64405823
v 284.87943 72.08763 520.36120605
v 284.89261 95.74886 477.18585205
v 284.89932 90.16124 481.88641357
v 285.00833 82.46684 488.79061890
v 285.02576 90.29568 165.23756409
v 285.06229 85.11254 170.99798584
v 285.08139 75.44840 175.19686890
v 285.09671 93.69511 477.39971924
v 285.10529 77.88990 176.04254150
v 285.10648 106.86569 492.45706177
v 285.17004 77.45772 154.87034607
v 285.19220 76.14843 176.15612793
v 285.22418 74.64987 173.87107849
v 285.28571 78.04395 154.35536194
v 285.30139 102.18374 482.98397827
v 285.30368 113.28517 502.62930298
v 285.30478 114.66491 518.78509521
v 285.32465 74.55335 160.30598450
v 285.34491 73.39975 499.15640259
v 285.40015 90.95057 154.15718079
v 285.40036 91.94495 154.95613098
v 285.40863 82.46395 152.91909790
v 285.42136 105.30948 488.91751099
v 285.42319 100.83736 479.37948608
v 285.52802 112.35995 519.13488770
v 285.53708 111.89361 499.08496094
v 285.55603 70.94006 518.06970215
v 285.58215 92.74632 155.82392883
v 285.68256 88.05664 482.86441040
v 285.70111 105.77998 518.55877686
v 285.90826 115.99618 517.77221680
v 285.98544 98.35281 475.39611816
v 285.98935 117.52766 512.35119629
v 286.05688 96.98561 474.60711670
v 286.06326 77.63224 154.04597473
v 286.08911 117.09924 509.04644775
v 286.10544 76.67716 178.01737976
v 286.10660 76.11695 494.18701172
v 286.13058 72.40755 500.94332886
v 286.14975 80.38607 489.79663086
v 286.16394 87.14458 519.75573730
v 286.16583 117.10529 515.48895264
v 286.21536 77.85499 177.93032837
v 286.30893 94.22581 474.42950439
v 286.47479 72.15723 172.84834290
v 286.60919 92.06193 475.36587524
v 286.65936 76.17327 155.17451477
v 286.66864 71.59017 165.28591919
v 286.67914 95.44924 472.38455200
v 286.68631 94.44228 161.08865356
v 286.73343 93.53960 473.19143677
v 286.77145 117.82695 513.86029053
v 286.80847 117.80273 510.02072144
v 286.82983 98.71741 473.05975342
v 286.85782 72.74548 158.51780701
v 286.93323 90.04513 477.53021240
v 286.96103 99.93536 474.10961914
v 286.97302 84.35668 485.12048340
v 286.98352 88.98225 151.79206848
v 287.01883 78.58526 153.38920593
v 287.02051 76.01180 521.84020996
v 287.05811 86.83572 151.44821167
v 287.05914 71.51400 503.24331665
v 287.07080 86.60474 482.74353027
v 287.14868 115.61026 519.48522949
v 287.15067 71.78101 177.05310059
v 287.24271 70.67629 162.75599670
v 287.27713 114.71035 519.99340820
v 287.30322 75.77841 494.11669922
v 287.32812 70.27547 511.69024658
v 287.35025 87.12620 520.10607910
v 287.45206 95.04607 467.53164673
v 287.47192 73.28190 180.86769104
v 287.47852 70.64537 509.00277710
v 287.54648 88.18518 479.88418579
v 287.55292 96.66359 467.14401245
v 287.57120 76.65900 154.43721008
v 287.57895 81.58350 177.79513550
v 287.66791 93.94685 153.93255615
v 287.77258 70.82993 519.46710205
v 287.85464 95.74966 465.89718628
v 287.89398 84.08541 151.38333130
v 287.94516 67.89532 168.39115906
v 287.98349 92.28571 468.15808105
v 288.00925 70.08421 514.86895752
v 288.01028 76.00228 183.17062378
v 288.07205 94.60480 465.52792358
v 288.09134 100.91529 470.61422729
v 288.09509 72.43845 181.62472534
v 288.11200 93.57400 166.93344116
v 288.11340 68.13806 164.36975098
v 288.12592 105.10076 481.91809082
v 288.13083 89.97334 473.04751587
v 288.18912 67.79263 171.34506226
v 288.19135 82.56544 486.06704712
v 288.25153 93.06094 466.21432495
v 288.25552 88.47608 174.01643372
v 288.25610 77.76720 182.82412720
v 288.40231 73.08813 156.55490112
v 288.45355 102.30943 473.56484985
v 288.49905 97.99883 464.76779175
v 288.51926 70.21043 516.65515137
v 288.54837 107.18619 484.92605591
v 288.57535 75.92712 154.67225647
v 288.61926 83.04212 521.55529785
v 288.64032 96.92683 158.70951843
v 288.65457 96.31762 163.38851929
v 288.67487 92.26354 169.65087891
v 288.69739 82.20952 152.07119751
v 288.70117 97.27723 519.29711914
v 288.70242 97.04780 161.33418274
v 288.72131 116.02406 520.74609375
v 288.77545 108.49118 519.34240723
v 288.79074 89.92903 173.35760498
v 288.80521 114.06189 520.96765137
v 288.86407 71.53548 157.15379333
v 288.87054 86.31681 480.88363647
v 288.97195 88.01157 475.25665283
v 288.97366 89.70444 471.18838501
v 288.97543 111.59840 494.71704102
v 288.97772 116.82485 520.49163818
v 289.00690 85.61028 521.19696045
v 289.03452 96.50338 462.90142822
v 289.03519 115.30941 521.06243896
v 289.05521 75.28444 494.45141602
v 289.07849 95.36037 462.92831421
v 289.09070 83.86774 150.97221375
v 289.12454 69.48125 158.81198120
v 289.12607 86.72082 149.60978699
v 289.14850 94.13931 152.31112671
v 289.16602 71.04490 520.60754395
v 289.16724 118.52388 516.21051025
v 289.16797 74.65170 185.52420044
v 289.31671 73.34048 185.32435608
v 289.36951 90.07847 149.77700806
v 289.40152 77.85442 184.64506531
v 289.40161 69.40249 511.21643066
v 289.41672 73.42204 156.22695923
v 289.41895 99.26379 463.37783813
v 289.42355 92.99583 519.61218262
v 289.46005 94.08064 462.18576050
v 289.51178 105.11959 476.60086060
v 289.51312 92.05080 464.29693604
v 289.52002 81.39028 486.68405151
v 289.54279 96.25890 460.61526489
v 289.54327 118.30959 518.30834961
v 289.74030 71.32479 184.14537048
v 289.75314 110.37373 490.42791748
v 289.75629 88.05255 148.69960022
v 289.77588 81.78500 152.39730835
v 289.79004 90.39485 466.27886963
v 289.79944 83.34498 180.07347107
v 289.81204 114.43498 498.26269531
v 289.81262 76.83982 154.46900940
v 289.82513 96.95806 155.51454163
v 289.86145 94.56805 457.58688354
v 289.92169 93.10416 458.52301025
v 289.92294 66.54743 160.93359375
v 289.95630 97.98112 161.32431030
v 290.01404 69.20041 158.00828552
v 290.04489 118.92753 507.31921387
v 290.04605 74.99276 188.09156799
v 290.06702 97.36012 457.80282593
v 290.06952 68.98602 512.40179443
v 290.07434 97.99214 159.36108398
v 290.10141 86.38892 149.20509338
v 290.16345 74.10590 156.08415222
v 290.17307 64.32433 164.53219604
v 290.19760 112.78140 495.14230347
v 290.20929 92.51835 519.84332275
v 290.22440 96.88931 165.35644531
v 290.23053 89.44183 176.17889404
v 290.25107 89.46390 467.14233398
v 290.26547 109.14588 484.34500122
v 290.27139 119.56229 511.01611328
v 290.27670 73.28112 498.15191650
v 290.31549 89.96582 464.62454224
v 290.36627 104.81226 474.21456909
v 290.40475 87.39603 148.23927307
v 290.42581 88.34338 148.15975952
v 290.45599 83.19530 483.81091309
v 290.52347 85.70952 479.03167725
v 290.57629 114.72300 521.63073730
v 290.63416 71.94563 500.10882568
v 290.63541 71.92130 188.05328369
v 290.66766 82.46565 152.23086548
v 290.67871 66.94011 158.90357971
v 290.71689 77.84074 490.50363159
v 290.73218 99.26212 457.38580322
v 290.78748 111.50679 491.08270264
v 290.80438 93.70491 451.58258057
v 290.87885 91.32811 454.91009521
v 290.89868 92.39705 451.73260498
v 290.93060 84.84389 150.35142517
v 290.94897 67.83164 158.20030212
v 290.96002 87.78703 148.01634216
v 290.96628 73.08869 189.88374329
v 290.99014 75.03591 156.10681152
v 290.99326 93.54240 150.23059082
v 290.99942 97.97528 164.40252686
v 291.00110 69.13348 515.98107910
v 291.02441 69.47557 157.43389893
v 291.07037 70.34770 156.98117065
v 291.07657 86.95973 179.35743713
v 291.09082 88.46406 466.69232178
v 291.09137 88.86920 462.69262695
v 291.09967 65.34239 176.58383179
v 291.11887 90.94783 149.25868225
v 291.13898 68.61877 512.93426514
v 291.14014 81.38028 153.28178406
v 291.14987 95.83320 451.49682617
v 291.18097 100.81622 458.71414185
v 291.22519 117.91852 502.73873901
v 291.25427 107.83585 478.91342163
v 291.25772 70.06385 518.35827637
v 291.27057 91.64223 451.21084595
v 291.27466 76.76744 189.99822998
v 291.29437 63.14808 159.92974854
v 291.30673 104.07796 467.18695068
v 291.31656 109.82074 483.39376831
v 291.32724 91.02656 175.80216980
v 291.40265 70.53634 504.02563477
v 291.42117 62.36821 161.06364441
v 291.44635 72.50006 522.21484375
v 291.50970 96.17387 151.84013367
v 291.52496 62.43522 169.31478882
v 291.56250 87.06666 148.34808350
v 291.57224 63.81673 158.80404663
v 291.57764 88.16972 521.45727539
v 291.58731 68.06530 157.78138733
v 291.65955 78.19044 522.49176025
v 291.67224 61.65732 162.93391418
v 291.68085 70.89777 156.95645142
v 291.71286 105.49905 520.06378174
v 291.74274 74.19837 156.68289185
v 291.77780 97.51942 153.92059326
v 291.83163 112.31650 491.40994263
v 291.86444 83.71638 481.54776001
v 291.88492 111.32108 486.83926392
v 291.88678 102.35818 460.22116089
v 291.90784 87.66275 148.27357483
v 291.90894 95.77074 520.00451660
v 291.91867 91.80392 449.24594116
v 291.95749 74.38750 192.06106567
v 291.96042 70.79398 502.60922241
v 291.98663 95.48470 448.79064941
v 292.05811 75.79411 191.99191284
v 292.06207 84.24832 151.26193237
v 292.07138 71.73966 190.92309570
v 292.08032 94.47447 447.97760010
v 292.12936 98.89495 161.63079834
v 292.16925 106.11469 472.94165039
v 292.23224 120.67715 510.98471069
v 292.24481 82.44019 153.24795532
v 292.24780 65.34751 157.80586243
v 292.25729 94.75694 150.15278625
v 292.26242 67.13486 157.73600769
v 292.26483 105.17797 467.89297485
v 292.27347 68.50460 514.39990234
v 292.28568 81.81352 186.77133179
v 292.29712 73.60633 497.62887573
v 292.32169 115.64863 497.87808228
v 292.32736 92.06174 447.46646118
v 292.42383 85.11636 474.68389893
v 292.43884 70.85025 520.85473633
v 292.44455 109.24381 480.04000854
v 292.45401 117.92410 501.53863525
v 292.47876 90.14537 449.35443115
v 292.50470 96.15277 150.98944092
v 292.50595 70.18457 189.91714478
v 292.51230 86.78286 469.55706787
v 292.55591 95.42255 445.69995117
v 292.56628 83.83073 480.09579468
v 292.58310 102.05650 520.23773193
v 292.58975 91.22978 149.07417297
v 292.59814 73.73698 193.63043213
v 292.62952 100.25748 453.30242920
v 292.63773 120.73025 509.53045654
v 292.66727 97.95998 449.19348145
v 292.67380 92.65067 439.17266846
v 292.68903 78.40421 191.95811462
v 292.69226 90.38241 441.02359009
v 292.71866 76.36365 193.54315186
v 292.82007 69.45680 157.64595032
v 292.86295 97.08775 151.85972595
v 292.87259 95.20281 440.44238281
v 292.94873 81.90327 188.61360168
v 293.00885 81.40703 485.15545654
v 293.04202 73.84731 195.48725891
v 293.04312 119.29276 521.80761719
v 293.06531 88.51270 450.22116089
v 293.07956 97.61726 446.59716797
v 293.11237 121.05550 520.08074951
v 293.12186 71.76872 522.01196289
v 293.16388 71.99137 499.86642456
v 293.17334 68.86044 515.93786621
v 293.18640 89.97491 437.53463745
v 293.21387 76.33178 196.16654968
v 293.22537 120.87836 520.69696045
v 293.23657 60.25890 158.75038147
v 293.24591 98.05882 154.04524231
v 293.29504 88.29295 441.49197388
v 293.34192 61.61200 157.23242188
v 293.34470 111.87767 485.47628784
v 293.34970 118.70042 522.22674561
v 293.36725 93.14417 435.45761108
v 293.37576 92.00022 434.58499146
v 293.38269 89.92860 424.88848877
v 293.38367 98.17667 167.01837158
v 293.41617 68.32214 513.11224365
v 293.42010 88.96582 437.05911255
v 293.42322 88.07784 421.69757080
v 293.43365 88.02137 413.50616455
v 293.43835 78.00659 196.48533630
v 293.44672 97.11483 441.23651123
v 293.48206 60.46518 157.78346252
v 293.48453 98.87189 159.26278687
v 293.48962 86.15971 460.35638428
v 293.50241 74.70156 202.53536987
v 293.50461 103.33428 458.19708252
v 293.50629 89.54611 413.68750000
v 293.54001 71.22656 157.85951233
v 293.54358 92.84677 428.10269165
v 293.55023 64.66897 157.02249146
v 293.55206 90.91051 422.28070068
v 293.55966 75.69830 493.64074707
v 293.57074 98.62469 446.52221680
v 293.57141 112.78654 489.71020508
v 293.57910 71.86239 197.34222412
v 293.58142 109.22998 521.38995361
v 293.58832 66.64307 157.55612183
v 293.64044 73.95566 522.68353271
v 293.64481 89.93825 179.42459106
v 293.65256 102.30653 455.15304565
v 293.67905 62.30764 156.87232971
v 293.70047 72.38825 200.98059082
v 293.75421 77.51475 157.40505981
v 293.78101 113.89373 493.18136597
v 293.78302 86.47977 421.35632324
v 293.78424 89.75064 411.63589478
v 293.79373 94.90269 434.90850830
v 293.80948 87.40010 426.86169434
v 293.83969 86.74052 183.62231445
v 293.84250 92.07513 521.68713379
v 293.85153 87.93652 522.20989990
v 293.85519 76.27325 203.61727905
v 293.85968 72.88918 203.19653320
v 293.87225 80.14678 195.67573547
v 293.89957 86.19478 150.28942871
v 293.91104 107.23847 471.61398315
v 293.95306 86.27012 411.17892456
v 293.95477 84.94117 186.68046570
v 293.97443 66.63061 186.28053284
v 293.99734 81.52745 484.14022827
v 294.04288 109.99117 479.78073120
v 294.04779 87.53067 409.18093872
v 294.04828 91.20932 413.63650513
v 294.06216 89.63959 149.16311646
v 294.07840 86.65971 438.71630859
v 294.08060 94.42719 427.35504150
v 294.08820 85.64755 413.27053833
v 294.08997 80.82063 522.48901367
v 294.10544 92.46322 420.77410889
v 294.10632 86.56629 426.14340210
v 294.11081 71.15359 521.35443115
v 294.11880 70.36392 197.22441101
v 294.16248 74.33606 205.35958862
v 294.16626 75.78732 205.34739685
v 294.17529 75.45799 158.10061646
v 294.18552 68.13052 191.83944702
v 294.22620 69.35854 504.80407715
v 294.28955 86.06747 453.54425049
v 294.33578 99.91478 163.14341736
v 294.44186 121.39492 509.65921021
v 294.45911 96.00710 433.55700684
v 294.49539 85.81226 435.61660767
v 294.49725 121.58313 519.17248535
v 294.51077 112.44672 485.83572388
v 294.51187 99.41904 444.81112671
v 294.52478 116.86710 522.53948975
v 294.55945 86.45446 150.63841248
v 294.56122 68.65612 507.36798096
v 294.57629 63.29832 156.70033264
v 294.58099 59.42757 173.29815674
v 294.59851 81.39298 196.16194153
v 294.61813 77.71973 490.50427246
v 294.63953 115.01946 494.72116089
v 294.65549 92.48159 414.39343262
v 294.67236 97.66325 151.97074890
v 294.69196 96.63082 434.56445312
v 294.72504 57.58865 163.10612488
v 294.75510 70.09517 200.98196411
v 294.76398 84.05710 472.07357788
v 294.80539 103.41739 455.42779541
v 294.84586 67.44637 157.96839905
v 294.85788 98.31521 438.22836304
v 294.88718 58.52261 158.52590942
v 294.90585 59.70669 174.99604797
v 294.91205 120.62219 521.95092773
v 294.92059 86.55812 407.62704468
v 294.96521 99.88039 163.60833740
v 294.96686 96.51330 150.46821594
v 294.97662 77.29859 205.75163269
v 294.98923 81.54183 482.85272217
v 295.01175 85.00415 409.13723755
v 295.01404 74.56964 207.27145386
v 295.02112 100.02718 162.53634644
v 295.02225 94.17052 421.15417480
v 295.04492 102.00761 449.70162964
v 295.04688 89.48576 406.89672852
v 295.08209 85.22131 189.08555603
v 295.08752 90.28416 522.69012451
v 295.09412 99.79346 161.46899414
v 295.09540 69.00205 197.88031006
v 295.09637 73.74126 158.88829041
v 295.11972 78.80965 488.77490234
v 295.13293 90.44780 407.56695557
v 295.13382 81.97863 156.64830017
v 295.14444 84.34949 457.32476807
v 295.16446 95.23904 149.69886780
v 295.19025 89.19251 182.37417603
v 295.21878 99.36796 164.58966064
v 295.22058 69.64004 503.81436157
v 295.25262 89.21150 149.84167480
v 295.25717 121.85115 513.16119385
v 295.25757 96.30049 427.77154541
v 295.26074 75.40758 208.19029236
v 295.26370 87.61710 405.79724121
v 295.27161 72.26997 206.58644104
v 295.28711 83.56165 522.60040283
v 295.29797 98.67922 166.83337402
v 295.32889 98.35529 168.37721252
v 295.35889 85.68340 406.70382690
v 295.39337 88.01115 399.35519409
v 295.40387 80.32808 158.07897949
v 295.40836 94.44718 149.45603943
v 295.41757 73.71318 522.59826660
v 295.42130 75.12490 213.92883301
v 295.44855 74.35755 210.41429138
v 295.49362 88.79874 396.70697021
v 295.50266 58.38349 157.87763977
v 295.50735 79.54882 203.94923401
v 295.51700 89.54496 403.63796997
v 295.51871 93.95109 177.00433350
v 295.53619 121.22330 521.26397705
v 295.53857 82.69047 419.85650635
v 295.54303 73.02719 219.70460510
v 295.56424 61.17910 156.50032043
v 295.57220 108.60114 472.03317261
v 295.58505 71.02412 520.80126953
v 295.59186 93.34939 411.91461182
v 295.60303 56.49400 165.49305725
v 295.61191 72.28877 209.60844421
v 295.62054 72.07229 159.11895752
v 295.62234 88.06224 150.66011047
v 295.63095 83.74596 393.51324463
v 295.64185 91.29862 405.70028687
v 295.65051 83.64370 407.91720581
v 295.65222 84.35988 192.79060364
v 295.65552 86.22422 384.51300049
v 295.66144 117.90730 499.53668213
v 295.67035 88.46204 523.15087891
v 295.67081 70.10866 518.18963623
v 295.67160 61.37187 179.83741760
v 295.71725 86.05656 522.94097900
v 295.72440 78.49391 212.15364075
v 295.72757 74.50958 222.72660828
v 295.74319 79.02271 207.51593018
v 295.74905 101.53432 447.26586914
v 295.76990 119.97040 522.37207031
v 295.86923 97.27892 151.29428101
v 295.88550 76.90234 220.55278015
v 295.89642 68.57673 514.37878418
v 295.89764 84.67211 383.48004150
v 295.90070 88.36115 384.60745239
v 295.93106 91.68296 400.50988770
v 295.94278 77.93118 215.83845520
v 295.96506 95.78679 522.02978516
v 295.96695 119.57455 503.44863892
v 295.98477 82.07540 394.56500244
v 295.99338 105.86241 459.85226440
v 295.99667 81.02107 416.55477905
v 296.01721 98.77000 159.01573181
v 296.01840 69.91652 205.54216003
v 296.08224 90.55067 393.79458618
v 296.12201 58.83919 156.92431641
v 296.12827 83.39459 432.09213257
v 296.13733 116.01160 495.84768677
v 296.16284 96.94455 173.20007324
v 296.16876 68.44032 507.51309204
v 296.20718 84.14588 155.83802795
v 296.22571 79.03845 522.22991943
v 296.22659 83.35244 466.70294189
v 296.28137 70.48004 220.55868530
v 296.29330 82.15733 384.27691650
v 296.30905 76.54933 225.06990051
v 296.33032 81.74157 422.48501587
v 296.34024 92.60485 399.83901978
v 296.35199 81.51901 401.04705811
v 296.37366 81.20663 409.83056641
v 296.37839 84.45844 380.02395630
v 296.38025 83.07105 359.43090820
v 296.38556 83.91763 358.47711182
v 296.39847 80.59586 211.42144775
v 296.40170 72.86612 226.49560547
v 296.41306 121.72068 519.89892578
v 296.41412 74.89178 234.29321289
v 296.42407 72.87009 522.25195312
v 296.44147 113.98866 490.40625000
v 296.44952 93.40701 149.43548584
v 296.46744 120.96387 506.21780396
v 296.47916 85.74002 364.61944580
v 296.48541 82.11668 371.32122803
v 296.48563 68.49310 203.65856934
v 296.48590 83.18826 286.50271606
v 296.51050 89.95494 382.19427490
v 296.51456 71.79851 225.29458618
v 296.51804 93.74442 407.06851196
v 296.52814 75.76006 239.15104675
v 296.53333 118.74593 522.66375732
v 296.54172 82.32384 358.89709473
v 296.56223 78.73360 222.24180603
v 296.56747 91.85547 395.30383301
v 296.57407 83.93748 286.71401978
v 296.58093 72.08009 233.56758118
v 296.58401 73.49682 240.47564697
v 296.58444 82.46544 282.35925293
v 296.58594 98.14040 153.19293213
v 296.59500 81.06726 522.41076660
v 296.60095 80.97160 382.14584351
v 296.61072 80.16417 417.68618774
v 296.62201 81.81737 283.11859131
v 296.64087 81.14334 407.50805664
v 296.64453 77.74612 229.27130127
v 296.65048 88.01765 375.60974121
v 296.67435 72.24044 521.88916016
v 296.68307 82.69805 522.66680908
v 296.71057 69.23315 211.16476440
v 296.71771 84.76248 299.41372681
v 296.71957 88.90190 377.69235229
v 296.72485 85.81158 361.59066772
v 296.73102 80.21579 376.06692505
v 296.74075 82.63791 447.17520142
v 296.76498 82.24275 474.61404419
v 296.76730 88.35282 370.40182495
v 296.77762 84.08144 292.54611206
v 296.78156 83.40022 299.41409302
v 296.78818 80.74943 482.86599731
v 296.78876 81.33935 366.82058716
v 296.79337 69.08691 504.90997314
v 296.79935 80.13185 383.54675293
v 296.80023 69.48842 219.54307556
v 296.81564 75.11230 247.14340210
v 296.82043 71.35431 227.87649536
v 296.83267 88.02964 523.82751465
v 296.83600 85.53717 357.67074585
v 296.85248 83.95455 355.76303101
v 296.85443 81.39308 427.78771973
v 296.85855 87.66418 365.79956055
v 296.87469 76.95529 234.87963867
v 296.88596 95.51538 149.93046570
v 296.89743 98.34493 154.58299255
v 296.89832 81.62658 287.23025513
v 296.90475 82.86657 452.68466187
v 296.90567 59.44464 156.54434204
v 296.92441 68.63472 506.50054932
v 296.92828 85.41704 299.11621094
v 296.93274 70.18852 517.47668457
v 296.94339 81.94037 280.40328979
v 296.98325 79.88767 372.49029541
v 296.98853 84.25103 281.63214111
v 296.98911 107.99549 522.37652588
v 296.99484 82.79192 355.41305542
v 296.99539 68.37380 510.96078491
v 296.99744 55.58447 170.53950500
v 297.00174 79.60208 415.13836670
v 297.00586 57.13699 158.28311157
v 297.00867 85.33227 294.50671387
v 297.01248 69.60879 222.16795349
v 297.01389 85.30650 287.23016357
v 297.01776 82.49606 289.70910645
v 297.02194 79.53878 395.37963867
v 297.02631 68.40851 508.27258301
v 297.03152 83.71278 302.15930176
v 297.04880 81.48666 356.93048096
v 297.05057 91.98572 387.85241699
v 297.05624 109.31381 471.70541382
v 297.05634 77.23129 239.27865601
v 297.05685 109.49310 522.37573242
v 297.06458 70.78062 234.28962708
v 297.08261 62.52583 156.89758301
v 297.08466 75.73550 248.27670288
v 297.08496 74.55730 248.31997681
v 297.09521 82.84648 206.93556213
v 297.10626 81.10163 280.31747437
v 297.11038 67.41965 201.82955933
v 297.11887 69.12183 515.23303223
v 297.13120 70.66432 227.13038635
v 297.14279 82.68829 292.37176514
v 297.16125 121.51509 520.69140625
v 297.16754 99.04144 433.61325073
v 297.16928 80.14077 402.13146973
v 297.20862 84.68451 302.46728516
v 297.21103 103.90985 522.46014404
v 297.21466 60.63353 156.48649597
v 297.22061 80.79035 363.42590332
v 297.23026 82.14439 434.04721069
v 297.23843 55.21328 162.65603638
v 297.23868 80.76617 160.38208008
v 297.26050 70.65908 159.68746948
v 297.26691 83.69054 202.93183899
v 297.27063 80.84817 359.58700562
v 297.27615 94.59006 405.32470703
v 297.28833 79.60519 227.80238342
v 297.31601 85.81630 300.80120850
v 297.33133 79.44432 418.32153320
v 297.33841 81.23458 430.54336548
v 297.34830 82.04051 448.02932739
v 297.35043 95.26988 523.27532959
v 297.35309 82.53940 278.97686768
v 297.36987 72.03355 521.21215820
v 297.37106 95.72474 410.06069946
v 297.38593 86.93370 191.81794739
v 297.41956 86.54189 154.51750183
v 297.42426 85.50708 354.77633667
v 297.43283 77.25533 242.58695984
v 297.44824 72.95885 246.63671875
v 297.45572 69.93431 231.60508728
v 297.45874 78.39816 232.87789917
v 297.46481 68.26875 212.28826904
v 297.47034 78.96979 374.94177246
v 297.47458 98.64725 427.60275269
v 297.47928 55.95045 160.19357300
v 297.49103 112.17326 522.40783691
v 297.49615 80.60658 222.88734436
v 297.52121 87.39056 360.44818115
v 297.53140 72.82979 521.69628906
v 297.53696 79.25584 161.10464478
v 297.58975 81.80827 160.25820923
v 297.63257 89.41793 365.87509155
v 297.63303 92.11640 150.00880432
v 297.64020 94.36816 400.19439697
v 297.66867 94.47710 149.94267273
v 297.69772 91.94205 524.62042236
v 297.70404 60.93606 185.20089722
v 297.72684 98.83580 165.03294373
v 297.72708 93.22816 389.85659790
v 297.73257 96.62010 417.01293945
v 297.73782 69.07571 505.42883301
v 297.75330 79.46886 286.04107666
v 297.76682 98.08492 154.25625610
v 297.82550 90.29353 151.11602783
v 297.84521 57.57255 157.29054260
v 297.85013 84.90239 523.42987061
v 297.85214 90.68654 373.61352539
v 297.85361 85.58451 281.87686157
v 297.86703 80.57410 289.54537964
v 297.87939 77.79853 521.74835205
v 297.89142 78.88823 416.48937988
v 297.89648 74.41084 249.97222900
v 297.89694 96.94507 151.30114746
v 297.90573 90.18574 368.22741699
v 297.91272 76.68404 161.55847168
v 297.92166 80.20445 278.77731323
v 297.92386 73.63047 498.24093628
v 297.92743 91.99642 379.30056763
v 297.93668 69.77680 235.41799927
v 297.93930 82.02077 353.89022827
v 297.95511 78.45203 376.46289062
v 297.96259 76.89538 249.10835266
v 297.97485 66.82253 207.27238464
v 297.98077 86.84071 299.74310303
v 297.98782 86.81050 294.65438843
v 298.00272 85.46162 352.81555176
v 298.02429 79.95654 423.00128174
v 298.03339 82.05059 455.04980469
v 298.04922 78.70705 371.91049194
v 298.05710 82.44198 213.87207031
v 298.05969 82.36015 304.09564209
v 298.06516 96.57621 411.46408081
v 298.10303 84.30711 352.13681030
v 298.12408 75.47069 521.46514893
v 298.14264 68.96770 224.55426025
v 298.14673 79.19735 408.14785767
v 298.15521 71.75973 501.01290894
v 298.17358 93.87835 395.53930664
v 298.17709 72.51987 160.93188477
v 298.17804 84.92393 202.64938354
v 298.19955 102.08924 440.83847046
v 298.21832 77.88388 248.17666626
v 298.24805 75.94463 251.11343384
v 298.24966 118.53120 522.62677002
v 298.25250 87.86842 356.13446045
v 298.28192 77.89845 280.36105347
v 298.28284 79.59704 364.22824097
v 298.28549 81.24972 475.08596802
v 298.29282 103.34676 446.41586304
v 298.31577 83.05800 351.53735352
v 298.34674 73.85152 251.43338013
v 298.36249 75.94588 259.75012207
v 298.37387 95.75103 404.92999268
v 298.38318 58.74937 180.64170837
v 298.38614 80.83950 276.79550171
v 298.38800 84.00396 350.38153076
v 298.38901 77.51943 285.61291504
v 298.39090 79.52821 291.63848877
v 298.39255 78.54051 277.11602783
v 298.39926 76.94761 267.79211426
v 298.40945 122.37386 514.72668457
v 298.41306 79.77139 302.98895264
v 298.42007 76.10403 274.13900757
v 298.43045 82.61878 305.20819092
v 298.44092 78.92931 420.38571167
v 298.46680 71.44101 517.88043213
v 298.46762 77.04933 252.52076721
v 298.48676 78.09917 379.78384399
v 298.49579 68.85951 226.84704590
v 298.50842 81.10174 333.96871948
v 298.51117 77.81655 257.15475464
v 298.52527 72.55987 250.63716125
v 298.53235 73.07116 257.36529541
v 298.53903 75.96656 263.25982666
v 298.54199 83.70573 334.00119019
v 298.55084 78.07886 396.55679321
v 298.56311 75.09504 264.54910278
v 298.59573 79.63087 307.20101929
v 298.60178 81.07568 351.29211426
v 298.61203 81.15115 443.96676636
v 298.62323 81.80938 276.24908447
v 298.62350 74.21180 271.11291504
v 298.62582 80.25916 354.14694214
v 298.62714 98.56332 161.37887573
v 298.63480 81.89640 306.60971069
v 298.64474 86.71302 349.73492432
v 298.64615 70.52868 243.20628357
v 298.65332 78.85659 273.28573608
v 298.65381 78.36649 488.47088623
v 298.67654 89.33775 188.93853760
v 298.67828 106.40566 456.46475220
v 298.68045 82.69720 329.94772339
v 298.68597 82.78177 322.81530762
v 298.69147 80.83630 311.21731567
v 298.69751 84.28027 277.16894531
v 298.69897 94.19698 388.47555542
v 298.74127 68.76239 509.94235229
v 298.75244 80.20039 318.03237915
v 298.75452 78.62531 267.44238281
v 298.75739 72.46001 259.65853882
v 298.76401 83.57361 305.32086182
v 298.76993 122.39338 512.84613037
v 298.78000 96.64257 151.89065552
v 298.79486 75.47749 283.35604858
v 298.79883 77.98653 262.53781128
v 298.79886 81.57831 462.70632935
v 298.80063 68.62460 232.22041321
v 298.80835 85.95763 303.22003174
v 298.82706 73.92359 520.23809814
v 298.82922 87.76982 195.75292969
v 298.84137 78.74317 250.93620300
v 298.84329 75.33900 278.77447510
v 298.85629 79.81403 429.01199341
v 298.86661 82.48764 313.68640137
v 298.89966 95.97215 151.36820984
v 298.90897 120.36689 522.02703857
v 298.90900 73.43854 271.74316406
v 298.91183 56.18442 158.18783569
v 298.91382 99.20403 424.14984131
v 298.92685 73.92845 275.14163208
v 298.92966 86.02258 339.55325317
v 298.93051 93.34538 151.00883484
v 298.93793 79.54401 325.43038940
v 298.95633 85.50558 333.57141113
v 298.96457 78.36773 404.97552490
v 298.97906 74.69138 161.96304321
v 298.99194 83.90011 523.40686035
v 298.99426 80.91731 470.23605347
v 299.00674 78.26262 308.57153320
v 299.01385 91.17857 152.08674622
v 299.01779 81.01221 450.04830933
v 299.02310 76.83023 299.16989136
v 299.02664 82.58715 307.41305542
v 299.03003 80.35258 433.50170898
v 299.04279 75.01608 495.60537720
v 299.05273 71.49703 257.02401733
v 299.05920 87.75356 300.55838013
v 299.06027 79.43339 256.25146484
v 299.06659 79.47330 352.88607788
v 299.08060 66.82039 213.50268555
v 299.08667 69.09368 512.74987793
v 299.12830 71.61696 252.81835938
v 299.13043 88.46590 351.02963257
v 299.13126 82.37220 309.63110352
v 299.13983 80.63004 477.15765381
v 299.15182 99.63422 524.05407715
v 299.15247 79.43175 249.48118591
v 299.18033 95.96771 525.08563232
v 299.18594 64.64381 198.58119202
v 299.19159 110.02346 470.10168457
v 299.19653 98.56641 165.58964539
v 299.19977 84.58502 322.43011475
v 299.20438 110.16624 523.01135254
v 299.20731 71.22118 250.71586609
v 299.21683 96.54635 405.58483887
v 299.25494 75.74710 291.33291626
v 299.28183 81.33467 455.63449097
v 299.28839 78.87814 326.96173096
v 299.29941 95.11723 151.67462158
v 299.30182 81.40239 274.16696167
v 299.30804 69.57569 241.31228638
v 299.31070 72.84251 267.05490112
v 299.31070 108.42060 523.61779785
v 299.32312 79.68055 521.68731689
v 299.35043 121.63500 519.60174561
v 299.36252 80.43732 272.64089966
v 299.36417 77.98198 313.07763672
v 299.36517 93.21910 182.70054626
v 299.37396 116.61304 522.58166504
v 299.37643 79.83794 244.60586548
v 299.39386 70.58380 503.82421875
v 299.40271 81.04081 162.10183716
v 299.43564 88.24428 295.28594971
v 299.43774 75.86417 300.34738159
v 299.44653 78.79020 354.78909302
v 299.44940 73.94980 284.57870483
v 299.45099 112.77985 522.54870605
v 299.46133 84.79649 276.21173096
v 299.46713 78.14831 418.62966919
v 299.46814 80.03084 270.55130005
v 299.47321 79.23029 424.67565918
v 299.49661 84.41787 305.63720703
v 299.50031 52.43045 165.51440430
v 299.51938 86.92152 333.66799927
v 299.54755 79.15220 162.33892822
v 299.54944 52.58795 169.34391785
v 299.55280 73.20462 518.62506104
v 299.56168 85.46423 328.69006348
v 299.56332 98.53097 164.10954285
v 299.56888 81.12174 239.59509277
v 299.58344 108.95896 463.86975098
v 299.60815 80.21227 257.33593750
v 299.63474 78.08103 409.96383667
v 299.66141 105.96304 451.79986572
v 299.67941 61.71667 191.70706177
v 299.68570 79.96310 263.34683228
v 299.70004 56.49428 157.45635986
v 299.70633 83.30348 221.91178894
v 299.71658 100.81898 431.44500732
v 299.71936 79.39256 484.98382568
v 299.74173 90.26734 353.87670898
v 299.80075 85.96099 276.91159058
v 299.80759 72.34864 273.57150269
v 299.83066 78.70048 521.19140625
v 299.83987 84.86817 160.47637939
v 299.88043 70.36146 257.16006470
v 299.88974 73.28588 278.28012085
v 299.90588 86.83733 202.17977905
v 299.91287 93.53849 376.62927246
v 299.92706 82.36427 274.14489746
v 299.93433 60.54216 156.88983154
v 299.93683 70.40552 252.24005127
v 299.94897 78.15408 356.59317017
v 299.95761 82.11800 232.93058777
v 299.97250 65.60704 209.83305359
v 299.97836 88.99509 341.74984741
v 299.99353 55.76966 177.35618591
v 300.00842 77.68181 369.00274658
v 300.01340 57.34147 156.89686584
v 300.01938 98.06259 174.67788696
v 300.02493 63.68393 158.37095642
v 300.02539 89.70496 290.27005005
v 300.03265 81.02211 271.94482422
v 300.03967 73.41070 288.36758423
v 300.05899 76.66819 492.67962646
v 300.06723 119.63881 522.13067627
v 300.08170 80.82512 522.07409668
v 300.08380 77.03535 520.39984131
v 300.08737 83.71865 309.10830688
v 300.09225 104.85773 447.25747681
v 300.10757 92.06667 361.75891113
v 300.11176 76.50111 317.77987671
v 300.11768 90.04787 526.63000488
v 300.13739 109.46977 523.67944336
v 300.16965 52.48710 171.41148376
v 300.16989 84.25934 307.07894897
v 300.18164 86.32037 320.66073608
v 300.19028 92.48373 363.37902832
v 300.19125 94.91552 526.69152832
v 300.21124 74.67846 295.33483887
v 300.22220 71.67078 267.89074707
v 300.23334 84.07955 310.89947510
v 300.23517 76.28188 309.50448608
v 300.25183 77.99279 362.86383057
v 300.25500 86.76974 328.76495361
v 300.25885 84.74399 217.84303284
v 300.25888 52.21296 163.18026733
v 300.26044 112.40046 479.60485840
v 300.26614 77.73457 329.75448608
v 300.28497 87.06924 278.05566406
v 300.28857 81.13631 162.39923096
v 300.30011 64.13924 201.34315491
v 300.30988 60.08144 188.77433777
v 300.32697 72.49041 517.16375732
v 300.33957 80.41692 469.09841919
v 300.34061 82.87843 523.26403809
v 300.34650 74.77128 302.08325195
v 300.34906 72.91547 285.46270752
v 300.35388 83.83943 227.01722717
v 300.36014 103.07355 524.24749756
v 300.36520 97.46509 157.60208130
v 300.39182 69.26010 248.06054688
v 300.40317 81.88556 241.31103516
v 300.45413 80.73532 463.17919922
v 300.46094 94.79541 181.35951233
v 300.48508 71.14950 502.83456421
v 300.49448 66.83129 223.68801880
v 300.51065 96.03502 154.80049133
v 300.55530 51.44412 167.61033630
v 300.56970 88.42512 333.40652466
v 300.58615 74.38422 162.41471863
v 300.59097 93.21143 370.81958008
v 300.59531 90.24376 348.56015015
v 300.59796 90.44477 191.08636475
v 300.60733 88.70174 284.19000244
v 300.61310 99.07899 416.62240601
v 300.65573 88.91808 299.99310303
v 300.66016 81.17025 260.90246582
v 300.67789 87.21820 323.24691772
v 300.69702 76.94729 325.54122925
v 300.69861 103.04510 438.24407959
v 300.71484 91.99450 358.13275146
v 300.73642 87.23347 326.77252197
v 300.73746 81.25213 246.61630249
v 300.77737 93.28178 365.88403320
v 300.80466 108.50495 524.07080078
v 300.83121 74.87413 518.80468750
v 300.85397 72.81243 289.84100342
v 300.87448 77.84028 421.05270386
v 300.87991 84.02567 161.80953979
v 300.91263 96.08090 389.39660645
v 300.91379 83.97881 230.34297180
v 300.92432 63.08932 198.75531006
v 300.93521 77.01850 376.95480347
v 300.94162 91.22876 189.40397644
v 300.94189 90.40230 288.20568848
v 300.94257 90.14087 340.93572998
v 300.94937 71.12725 269.34600830
v 300.95050 63.79460 205.39364624
v 300.95090 87.02450 209.35935974
v 300.96323 75.85419 321.99401855
v 300.96448 72.50185 287.32775879
v 300.97858 83.22078 234.14581299
v 300.98392 71.81889 161.98905945
v 300.99854 120.54248 521.14581299
v 301.01389 111.79576 475.62780762
v 301.02924 86.16599 314.86370850
v 301.04718 53.01957 174.35012817
v 301.05176 113.51517 484.10836792
v 301.08621 98.28437 174.61695862
v 301.08630 87.31086 319.85684204
v 301.10010 79.00725 440.12023926
v 301.10129 97.51305 402.03598022
v 301.10568 86.86672 276.33432007
v 301.11252 106.62039 524.38958740
v 301.11646 96.84747 178.43666077
v 301.13367 60.70409 191.94580078
v 301.13367 99.62573 524.99865723
v 301.14944 116.43877 493.61016846
v 301.18542 70.12373 507.44619751
v 301.19247 92.02921 527.35797119
v 301.19449 75.17244 318.18792725
v 301.21066 75.15746 308.90353394
v 301.21832 96.97141 397.93338013
v 301.22025 93.87109 527.33807373
v 301.22705 70.06952 511.95190430
v 301.22845 77.21458 406.55816650
v 301.24341 90.87368 289.79129028
v 301.24857 90.81545 291.16317749
v 301.26392 97.74872 525.75488281
v 301.28284 69.33453 256.86193848
v 301.32263 72.00890 278.77954102
v 301.32455 69.99461 509.94305420
v 301.33212 78.27096 486.54598999
v 301.36169 86.72742 212.77162170
v 301.39029 98.02310 162.99928284
v 301.42432 93.49270 362.61044312
v 301.43158 92.95473 154.73881531
v 301.44662 77.67701 519.91271973
v 301.45169 57.93821 156.61506653
v 301.47369 109.16721 523.87261963
v 301.49933 70.37952 506.40319824
v 301.51556 79.50246 481.28503418
v 301.53775 61.72206 196.52015686
v 301.54468 93.88992 154.96467590
v 301.58511 72.10020 516.08837891
v 301.59964 99.25954 411.89303589
v 301.60452 65.38656 218.40476990
v 301.64380 79.84494 447.33801270
v 301.66891 74.86046 319.65274048
v 301.66904 87.77146 276.98056030
v 301.74878 90.96798 341.82070923
v 301.75803 117.73549 495.94778442
v 301.78635 54.46172 177.83862305
v 301.79099 96.07144 384.29220581
v 301.81406 50.98204 170.43296814
v 301.82748 70.73254 513.67620850
v 301.84171 90.43355 156.64231873
v 301.85294 89.68591 333.53039551
v 301.87747 84.84915 230.13916016
v 301.88327 91.11045 288.39904785
v 301.90317 50.99453 164.58425903
v 301.91580 73.45624 517.30938721
v 301.93118 87.83536 209.36016846
v 301.93582 96.74835 526.66906738
v 301.94016 60.06482 191.20083618
v 301.94995 91.88216 189.73814392
v 301.95395 58.81149 156.71737671
v 301.95404 79.78440 452.50161743
v 301.95636 94.19888 369.45416260
v 301.95642 78.50570 433.66586304
v 301.95898 80.97891 522.18353271
v 301.96338 71.29487 514.80810547
v 301.97470 62.86229 201.15313721
v 301.99615 87.04428 160.52082825
v 301.99911 95.90495 156.93336487
v 302.02209 101.57356 524.77349854
v 302.04111 69.68793 266.08489990
v 302.06586 91.48859 156.06764221
v 302.07166 90.93910 194.45222473
v 302.09604 66.04271 228.31875610
v 302.12515 107.33168 524.30700684
v 302.20065 92.60439 354.57528687
v 302.27338 52.36605 174.99981689
v 302.42245 76.49176 396.66223145
v 302.43134 85.42990 161.89582825
v 302.43182 103.09571 432.88806152
v 302.43771 118.15836 522.01538086
v 302.44489 66.43007 160.03990173
v 302.45044 93.65327 527.62768555
v 302.45111 122.21143 514.43261719
v 302.45908 90.58777 296.67013550
v 302.47836 86.02113 309.90524292
v 302.50720 93.90433 186.63670349
v 302.51135 57.72924 185.47850037
v 302.51343 98.44935 174.24536133
v 302.51801 77.82857 425.46951294
v 302.54996 68.32174 251.19715881
v 302.55170 78.10040 439.46594238
v 302.57666 71.34363 282.25927734
v 302.64926 65.51277 223.83030701
v 302.66132 66.22850 235.68630981
v 302.68005 119.31199 499.88592529
v 302.75336 112.13412 522.66625977
v 302.76263 85.22064 274.02697754
v 302.76730 75.41673 372.96398926
v 302.78964 110.86023 522.93927002
v 302.79791 73.80341 312.23663330
v 302.81009 98.14109 165.53846741
v 302.82214 88.84370 205.75059509
v 302.83267 75.24633 361.99465942
v 302.88254 84.87223 234.66427612
v 302.88998 120.24720 520.57830811
v 302.91858 76.23164 381.20358276
v 302.94516 97.72434 394.04470825
v 302.94791 122.33282 511.59408569
v 302.96457 96.17454 158.59613037
v 302.97269 90.11922 302.36776733
v 302.99805 84.56417 239.40463257
v 302.99915 78.56998 520.18798828
v 303.01758 89.09926 320.99447632
v 303.05368 66.99779 242.25221252
v 303.06238 77.92744 485.78909302
v 303.07034 87.13768 306.84832764
v 303.08051 91.68140 527.67010498
v 303.14142 120.98760 503.60168457
v 303.16730 62.55913 202.94093323
v 303.16855 71.03152 513.52435303
v 303.17929 72.03722 296.19616699
v 303.21201 102.60926 524.75775146
v 303.24936 90.79167 301.20840454
v 303.27084 100.87478 416.80239868
v 303.29770 73.83173 517.30749512
v 303.30219 98.52312 525.78924561
v 303.30499 91.88769 292.21188354
v 303.31036 50.47812 168.16188049
v 303.31058 50.92164 172.76416016
v 303.32089 86.89655 308.02505493
v 303.33038 121.25897 504.65994263
v 303.33139 70.53461 510.70245361
v 303.33633 72.17075 301.55105591
v 303.35239 74.87552 361.47351074
v 303.40973 76.23680 400.44503784
v 303.46512 87.79036 313.26068115
v 303.47073 79.62089 461.86059570
v 303.47733 73.77859 497.91531372
v 303.49667 60.99093 197.97747803
v 303.52338 75.20396 376.79058838
v 303.53027 77.91235 442.34393311
v 303.54742 94.06395 157.05836487
v 303.55734 64.48595 215.92724609
v 303.55896 76.23510 405.60043335
v 303.58987 86.12350 161.98013306
v 303.59106 111.93179 467.80026245
v 303.66171 96.44338 526.83111572
v 303.70044 92.04917 192.62341309
v 303.70908 94.52656 157.38909912
v 303.71799 76.87041 490.87469482
v 303.72070 87.49540 218.72248840
v 303.74060 90.44302 330.04428101
v 303.74915 53.55357 178.65353394
v 303.75201 72.67611 306.57678223
v 303.75644 86.03693 526.53436279
v 303.78003 97.07645 382.75808716
v 303.80118 92.53712 157.22106934
v 303.84882 90.11273 323.62475586
v 303.87674 87.12448 224.97756958
v 303.88647 52.82942 157.78677368
v 303.90515 91.27598 334.01483154
v 303.92496 95.86767 182.95837402
v 303.92996 93.05813 346.66677856
v 303.93314 121.06772 518.60119629
v 303.93875 74.43372 162.93864441
v 303.93896 68.53669 265.27957153
v 303.94446 76.95148 163.42782593
v 303.98190 68.14059 161.54467773
v 304.01877 71.14275 290.87475586
v 304.03293 85.35201 162.31504822
v 304.06152 93.51643 527.58343506
v 304.07605 76.94997 519.10235596
v 304.08878 81.23459 162.80787659
v 304.09790 76.28799 492.39062500
v 304.11096 97.02346 180.87940979
v 304.14752 84.61042 270.13970947
v 304.16400 72.09276 500.99505615
v 304.17923 77.66714 434.49053955
v 304.18445 88.65302 305.71765137
v 304.19128 74.72060 368.37179565
v 304.19379 91.59686 297.16473389
v 304.21472 84.56074 258.48715210
v 304.21765 90.23448 158.98667908
v 304.22107 92.12230 290.35791016
v 304.23013 53.84508 156.95143127
v 304.23416 74.67277 374.32214355
v 304.26434 50.43345 170.51065063
v 304.30093 115.10988 485.37030029
v 304.32590 98.46243 173.92268372
v 304.34549 74.41560 345.16830444
v 304.36673 95.39866 184.51501465
v 304.36917 79.21692 520.80505371
v 304.37949 90.94643 200.07548523
v 304.40619 78.29057 447.70455933
v 304.40912 94.01621 354.83276367
v 304.41333 62.47713 205.09194946
v 304.41351 88.17676 306.83996582
v 304.42624 110.14836 459.75222778
v 304.43210 62.96626 210.54464722
v 304.45029 74.01985 339.86334229
v 304.45816 62.73589 209.08290100
v 304.46616 99.98960 406.94180298
v 304.47922 97.12434 164.43391418
v 304.51297 85.00484 243.64994812
v 304.51346 57.24271 186.75614929
v 304.53693 118.58202 496.04098511
v 304.55042 104.35198 524.55236816
v 304.55496 76.51144 414.73648071
v 304.57095 91.00422 302.89816284
v 304.61319 63.85742 215.19247437
v 304.65796 91.21027 284.21624756
v 304.65842 51.45387 159.38874817
v 304.66339 79.41594 472.66430664
v 304.69580 64.79825 223.88063049
v 304.69693 85.44726 271.86004639
v 304.74271 95.24321 365.98181152
v 304.75137 107.15404 447.05062866
v 304.76572 103.26855 427.33166504
v 304.79764 91.20770 330.62283325
v 304.80673 79.45348 466.98056030
v 304.82736 98.36980 391.79028320
v 304.85617 73.54582 327.30038452
v 304.85834 87.94210 310.35458374
v 304.87842 74.20378 362.92639160
v 304.88275 77.08875 423.54885864
v 304.91586 90.88081 203.34216309
v 304.96982 87.92450 309.26535034
v 304.98276 94.36494 159.09579468
v 304.99136 71.07305 513.06665039
v 305.00253 97.17890 379.64660645
v 305.01480 55.31696 183.91238403
v 305.01791 72.04093 311.19036865
v 305.02158 96.40352 371.05844116
v 305.05499 65.46635 237.98695374
v 305.09122 77.35749 440.27081299
v 305.09634 66.07849 245.68389893
v 305.11276 52.00673 157.91381836
v 305.11566 121.52015 506.11251831
v 305.12756 70.59530 287.04095459
v 305.14664 97.03547 181.38003540
v 305.15930 74.99950 397.82791138
v 305.16705 90.93835 279.20825195
v 305.17868 88.04708 224.41255188
v 305.18350 78.43139 163.53874207
v 305.19611 105.74962 438.01794434
v 305.22708 68.74770 271.97817993
v 305.25674 77.42764 163.97196960
v 305.28812 90.15351 159.58267212
v 305.33194 68.95712 276.35101318
v 305.33212 69.33540 281.00347900
v 305.35242 65.84912 242.55812073
v 305.40085 88.32024 308.03146362
v 305.41422 113.69160 476.89700317
v 305.42816 92.48433 193.43598938
v 305.43195 90.26875 276.98895264
v 305.48450 85.71315 162.20159912
v 305.52744 74.61083 379.66665649
v 305.52924 93.86397 345.23510742
v 305.56958 80.85083 162.87716675
v 305.58575 90.75655 320.83929443
v 305.63022 88.48452 220.53465271
v 305.63467 76.83434 423.92367554
v 305.65134 78.99092 474.04849243
v 305.65659 92.86805 159.00164795
v 305.65842 76.57931 491.66046143
v 305.66202 77.70663 447.78225708
v 305.66327 71.60472 514.46374512
v 305.67905 77.73182 451.19418335
v 305.70447 98.38864 172.40834045
v 305.70990 71.38065 305.43045044
v 305.71518 73.25319 330.88430786
v 305.74341 76.34482 163.55332947
v 305.75342 102.95535 419.87783813
v 305.76865 64.64355 222.90519714
v 305.77560 75.95366 409.98397827
v 305.79721 77.32558 488.06625366
v 305.80298 73.73172 356.99108887
v 305.80362 71.95547 314.92883301
v 305.80719 67.60792 260.37240601
v 305.86594 92.48111 294.88449097
v 305.87903 122.06614 511.96051025
v 305.88394 61.87839 204.02670288
v 305.90540 89.26546 214.49333191
v 305.92767 94.89997 161.12416077
v 305.99683 91.49496 200.84425354
v 305.99756 92.08128 302.13674927
v 306.00000 84.01119 526.06243896
v 306.01987 68.80125 162.20245361
v 306.02887 53.36991 180.45512390
v 306.03854 106.80763 442.25256348
v 306.05087 56.41246 186.43507385
v 306.05634 74.58495 390.23431396
v 306.08374 98.30848 525.49261475
v 306.09048 97.37569 180.16555786
v 306.10025 61.11366 202.40158081
v 306.10452 66.08856 250.26815796
v 306.14581 73.43576 499.52868652
v 306.15509 92.02486 159.35845947
v 306.17392 52.30389 178.91821289
v 306.20053 68.22591 270.12631226
v 306.21756 109.98227 454.87069702
v 306.24130 78.10041 520.53240967
v 306.26346 92.04843 285.41571045
v 306.27768 77.85624 455.87155151
v 306.28189 77.47086 485.96905518
v 306.29715 62.49080 208.89089966
v 306.31830 95.90092 184.06707764
v 306.32059 98.51223 384.11993408
v 306.32111 74.48096 397.32519531
v 306.32449 52.66411 156.87223816
v 306.37024 113.24120 468.60556030
v 306.37372 94.02055 160.22958374
v 306.39117 71.80148 323.90051270
v 306.39832 98.15228 169.74235535
v 306.40994 62.97910 215.53063965
v 306.41431 64.42648 220.47445679
v 306.42297 90.16001 276.01757812
v 306.44403 67.74615 264.54223633
v 306.45169 95.03638 187.62881470
v 306.46405 92.10619 198.64428711
v 306.47208 74.25999 162.89073181
v 306.48035 77.88837 460.25604248
v 306.51013 74.24534 517.72430420
v 306.53378 59.82259 195.76625061
v 306.53445 100.30233 396.95919800
v 306.56509 76.46525 429.64303589
v 306.58588 59.39685 194.13296509
v 306.70761 95.57162 357.58596802
v 306.70779 74.83035 406.19647217
v 306.74475 114.73929 522.20776367
v 306.75897 97.38686 371.78527832
v 306.78152 75.10990 495.09970093
v 306.85123 94.30745 344.04296875
v 306.88434 54.41372 156.35539246
v 306.91113 68.79427 282.67941284
v 306.92017 90.98843 276.78881836
v 306.96652 71.39374 322.09069824
v 306.96762 120.26957 519.19781494
v 307.02029 91.14145 159.72398376
v 307.02585 51.39799 157.92512512
v 307.03906 73.92981 367.20343018
v 307.07266 93.87022 191.57585144
v 307.07318 81.55979 524.43585205
v 307.10205 91.98186 303.67468262
v 307.10474 63.92093 219.00885010
v 307.10904 50.70088 159.44998169
v 307.13211 52.13110 179.13862610
v 307.13434 89.67335 160.13064575
v 307.13614 90.99364 208.18907166
v 307.14130 87.03091 265.85424805
v 307.14737 74.62707 402.49627686
v 307.16425 119.52274 497.46945190
v 307.17114 93.69227 339.39221191
v 307.19461 102.85445 415.38525391
v 307.21899 91.60831 278.01107788
v 307.23865 72.30399 340.97210693
v 307.26324 72.41456 162.58499146
v 307.26382 97.60842 168.79772949
v 307.26855 88.65283 274.10101318
v 307.29413 92.01599 527.27349854
v 307.29712 95.14697 163.72357178
v 307.31818 71.31429 317.18304443
v 307.41827 69.28125 287.84844971
v 307.42331 64.61799 231.81321716
v 307.43079 55.16502 185.06878662
v 307.44012 116.39702 521.85510254
v 307.45099 60.60458 201.63533020
v 307.45886 89.42638 216.89981079
v 307.46616 55.71224 156.45643616
v 307.48422 92.64195 291.64913940
v 307.48785 70.02663 301.25802612
v 307.49026 107.01975 523.00628662
v 307.49747 50.35612 161.96920776
v 307.50751 84.41618 526.74993896
v 307.54019 87.41742 271.51431274
v 307.55203 120.93813 500.45288086
v 307.57333 92.76250 194.66943359
v 307.60114 95.81413 184.27543640
v 307.60263 66.14722 255.22325134
v 307.60934 92.05890 159.93151855
v 307.61047 71.84255 328.32739258
v 307.61392 98.19418 378.63681030
v 307.62418 74.95533 410.10543823
v 307.66248 87.44498 254.36538696
v 307.66455 112.35403 461.11206055
v 307.70401 77.07852 445.66427612
v 307.71109 54.84787 156.34886169
v 307.72137 69.15630 296.15863037
v 307.74484 77.60506 478.30212402
v 307.74695 92.99397 293.53384399
v 307.81525 93.08352 299.58178711
v 307.82132 71.74734 514.94256592
v 307.82877 50.85695 175.57675171
v 307.82883 121.17335 501.09759521
v 307.89243 85.48465 161.89511108
v 307.91122 87.98796 234.59194946
v 307.92297 73.50629 366.15649414
v 307.94254 53.40866 156.47236633
v 307.94385 101.30256 402.82745361
v 307.96997 66.09544 258.65698242
v 307.98529 106.09447 433.34078979
v 307.98630 89.13847 224.30897522
v 307.99310 85.84384 527.32629395
v 308.00287 88.31967 273.09179688
v 308.02133 87.93415 240.27774048
v 308.06372 115.20074 478.33917236
v 308.06418 87.51320 260.04544067
v 308.07520 93.85188 336.22937012
v 308.08499 90.82898 314.78955078
v 308.11478 73.80688 382.75103760
v 308.14862 87.74451 242.71038818
v 308.15433 97.22206 366.23815918
v 308.20123 79.96710 162.77673340
v 308.21466 75.41241 519.26098633
v 308.22833 117.99821 521.09936523
v 308.24182 91.05003 212.43312073
v 308.24606 61.16706 203.99481201
v 308.26639 92.15833 279.08456421
v 308.28296 77.85886 464.90625000
v 308.29492 68.84341 294.73242188
v 308.29910 65.82055 254.14949036
v 308.30252 72.23730 354.98251343
v 308.31543 90.03867 215.49224854
v 308.32114 56.73954 188.32518005
v 308.33463 73.79285 374.46862793
v 308.35367 62.15245 206.05506897
v 308.35382 99.73550 384.66571045
v 308.35657 70.18475 304.90756226
v 308.35910 74.87476 418.10122681
v 308.36017 117.00653 487.66275024
v 308.36572 100.43120 392.32220459
v 308.37830 77.85147 474.22686768
v 308.38757 91.70589 202.85456848
v 308.41312 67.79352 275.79885864
v 308.41580 74.85021 413.49340820
v 308.42883 62.40173 214.34527588
v 308.44824 116.61813 486.00375366
v 308.46991 95.30593 349.57141113
v 308.47235 72.09605 346.18920898
v 308.47449 86.10776 161.54122925
v 308.48639 91.59492 205.22201538
v 308.50073 91.50768 276.72979736
v 308.50171 87.99745 527.66058350
v 308.52090 70.60685 311.17376709
v 308.52640 63.23359 160.05912781
v 308.53015 73.86369 397.66159058
v 308.53113 119.02678 520.19360352
v 308.54343 75.08414 421.64599609
v 308.55438 72.54886 516.50616455
v 308.56155 105.63320 427.60971069
v 308.61002 67.74968 271.50299072
v 308.62225 93.85760 192.64929199
v 308.63034 93.31770 526.58367920
v 308.64325 121.03672 516.52435303
v 308.68402 93.92973 296.88403320
v 308.71722 71.58764 331.59387207
v 308.75650 92.94818 301.11065674
v 308.76462 76.74651 436.28942871
v 308.78506 72.99976 362.03497314
v 308.81778 102.83176 407.80810547
v 308.83170 51.01450 158.02578735
v 308.86948 97.03948 360.06796265
v 308.89346 77.47224 162.85644531
v 308.89966 88.08744 270.94537354
v 308.90085 90.37856 527.51538086
v 308.94629 97.51079 365.51168823
v 308.97464 96.66006 180.80738831
v 308.98050 92.41978 283.08758545
v 309.04486 76.47555 435.17211914
v 309.05554 95.73318 525.38305664
v 309.05725 50.61345 159.74841309
v 309.05786 98.34695 373.11929321
v 309.06531 92.90659 194.95169067
v 309.07004 68.64291 294.64703369
v 309.11456 57.65832 157.32411194
v 309.12952 118.20808 489.79513550
v 309.15594 70.82518 325.63174438
v 309.15927 119.61536 519.26373291
v 309.16492 94.67712 341.29626465
v 309.18478 93.89085 295.07025146
v 309.18655 93.86649 299.27786255
v 309.20193 101.54697 397.59191895
v 309.21265 58.32621 193.91555786
v 309.23761 53.30910 181.37629700
v 309.24103 80.06188 524.33789062
v 309.25143 50.94132 175.95463562
v 309.25629 75.01295 430.64498901
v 309.26807 70.72674 315.08593750
v 309.27667 88.11308 160.48048401
v 309.29208 88.15381 244.01988220
v 309.29510 71.56073 343.02197266
v 309.31894 114.83952 469.16064453
v 309.32672 74.80657 428.41067505
v 309.33130 71.17208 328.86352539
v 309.33417 90.76934 306.95925903
v 309.33786 72.00993 358.36196899
v 309.33798 76.65266 441.92263794
v 309.36700 95.52780 184.48605347
v 309.36749 81.50749 525.62652588
v 309.37115 92.44633 324.32095337
v 309.37146 90.90419 160.00848389
v 309.38971 56.41080 187.60896301
v 309.39807 65.51258 252.23832703
v 309.40125 70.80648 507.94091797
v 309.42633 88.13976 261.55700684
v 309.45657 70.91566 513.01904297
v 309.46680 73.28671 381.85519409
v 309.46881 93.33156 161.97373962
v 309.49554 91.41929 314.42337036
v 309.53726 102.56011 524.29486084
v 309.55225 97.49907 175.55558777
v 309.56778 65.95186 262.70748901
v 309.59424 68.81366 162.48313904
v 309.68228 51.32980 157.99385071
v 309.68555 50.58347 173.08724976
v 309.71103 53.16788 156.95022583
v 309.71289 52.03491 157.18818665
v 309.71747 91.71886 160.35920715
v 309.71957 93.60528 331.23556519
v 309.73651 92.99396 292.74835205
v 309.75949 73.18851 375.38900757
v 309.78271 93.78607 299.80187988
v 309.81702 112.31589 455.38015747
v 309.82132 92.53982 280.50045776
v 309.84604 94.19800 297.94744873
v 309.85748 67.08642 268.97357178
v 309.87177 89.16566 273.07095337
v 309.87177 105.31993 523.15808105
v 309.87332 68.41502 289.74356079
v 309.90829 107.68343 522.57916260
v 309.95691 91.25546 275.87075806
v 309.95850 72.15307 516.61816406
v 310.00113 88.30224 257.24853516
v 310.00488 109.39134 443.29608154
v 310.01215 74.40573 414.54144287
v 310.01630 77.50031 475.98492432
v 310.04333 91.57674 212.10601807
v 310.05109 92.91068 301.80599976
v 310.06766 52.63211 157.36425781
v 310.06827 58.34413 158.08097839
v 310.08994 52.09027 178.88018799
v 310.09512 96.74187 354.87457275
v 310.09521 56.80857 157.34335327
v 310.11041 51.86657 158.05656433
v 310.12039 59.14952 195.89363098
v 310.14371 71.63851 348.27108765
v 310.15015 70.13564 312.99362183
v 310.22812 64.54710 240.56347656
v 310.22900 89.93943 160.16694641
v 310.23630 91.23327 214.20306396
v 310.25711 69.12221 304.34863281
v 310.26102 77.08274 491.82165527
v 310.27341 94.72825 188.85153198
v 310.30026 51.44009 157.43638611
v 310.31522 88.88142 235.17181396
v 310.34003 92.07079 277.34790039
v 310.34210 73.17130 518.23016357
v 310.34918 70.64141 511.70889282
v 310.35220 90.01464 527.77221680
v 310.35440 77.41437 465.49749756
v 310.36276 94.63673 525.61303711
v 310.38913 92.86844 195.13319397
v 310.39047 62.67272 209.91304016
v 310.42410 88.46796 251.72322083
v 310.42865 92.46803 290.91607666
v 310.43140 90.83786 215.35424805
v 310.43307 89.60251 219.03565979
v 310.44421 76.26852 495.05535889
v 310.44995 54.32571 155.89419556
v 310.47644 67.51134 276.76007080
v 310.47827 53.40675 154.46691895
v 310.51575 70.55769 325.25375366
v 310.51804 49.68798 157.09503174
v 310.54282 71.41940 515.49261475
v 310.57544 76.52927 162.59294128
v 310.58102 94.14267 295.59957886
v 310.61331 96.79556 170.27168274
v 310.62933 89.46434 226.99435425
v 310.63391 65.50661 261.79562378
v 310.64285 97.54549 358.75085449
v 310.64966 95.87305 347.85644531
v 310.65216 76.55670 451.25482178
v 310.70352 92.28860 283.61495972
v 310.70474 62.60363 208.35884094
v 310.73166 91.68610 203.53819275
v 310.77625 91.93150 315.15322876
v 310.78198 51.56772 160.68592834
v 310.78271 117.73930 485.41839600
v 310.79300 92.66105 526.80487061
v 310.80005 93.97145 164.59373474
v 310.80539 54.80675 158.63919067
v 310.83200 93.72375 299.58096313
v 310.84668 91.07784 310.58526611
v 310.84891 49.19548 154.69152832
v 310.86923 92.53114 280.59674072
v 310.88400 51.74019 152.98233032
v 310.90439 93.76582 294.57638550
v 310.91116 50.41133 166.37921143
v 310.91400 55.90046 158.01307678
v 310.92108 55.41727 154.27613831
v 310.92480 88.98060 160.07936096
v 310.92764 96.97229 175.89962769
v 310.92981 49.88681 153.59454346
v 310.93256 106.02969 423.04119873
v 310.94269 56.13832 157.34280396
v 310.96680 50.70975 163.72055054
v 310.98145 49.71730 160.86286926
v 310.98636 73.46249 386.46200562
v 310.98938 89.93680 274.00064087
v 311.02222 78.71437 162.51344299
v 311.02969 72.01976 371.25939941
v 311.04071 119.81184 493.70419312
v 311.08267 91.72869 527.32702637
v 311.08325 88.88985 270.93878174
v 311.10052 91.38918 307.14575195
v 311.10541 74.92080 498.57531738
v 311.13748 48.86622 160.00994873
v 311.13913 92.98341 301.32183838
v 311.14453 67.86046 287.72137451
v 311.14996 48.29164 157.93093872
v 311.15982 100.19132 379.82806396
v 311.16187 74.39310 429.73196411
v 311.17258 54.80220 158.61183167
v 311.20230 66.09075 267.73205566
v 311.20374 59.08401 196.04682922
v 311.20447 96.95647 173.01597595
v 311.21579 73.72398 410.27310181
v 311.24298 121.37744 513.12750244
v 311.24384 89.32365 272.72714233
v 311.24683 93.86707 327.44085693
v 311.26251 70.69299 329.55978394
v 311.26337 91.93230 277.01675415
v 311.26740 51.34230 176.17294312
v 311.26877 105.93140 420.35430908
v 311.26917 94.91218 335.97839355
v 311.27402 89.00190 241.05293274
v 311.27460 94.58405 188.33459473
v 311.28278 95.32108 182.99606323
v 311.30234 55.62749 185.28221130
v 311.30780 96.86526 351.17114258
v 311.31464 88.29706 159.89341736
v 311.31738 71.79471 361.89770508
v 311.31998 53.35064 180.71047974
v 311.32770 110.66290 446.48928833
v 311.32861 57.70557 192.98191833
v 311.33279 93.28131 294.19000244
v 311.35748 53.27834 151.97039795
v 311.37790 52.06601 303.57775879
v 311.39029 60.90480 203.68592834
v 311.39273 52.03182 177.98992920
v 311.40475 50.97927 173.65115356
v 311.43021 93.81040 295.96801758
v 311.43555 51.20839 163.15473938
v 311.43573 50.79106 284.01547241
v 311.45172 68.21080 291.57192993
v 311.48401 111.76781 449.77413940
v 311.48495 51.02044 322.11325073
v 311.48953 52.92622 302.75341797
v 311.49170 47.75861 156.20069885
v 311.49274 56.57085 158.99905396
v 311.49905 103.37626 403.11276245
v 311.50150 92.82339 194.68528748
v 311.52280 70.20080 315.66394043
v 311.52560 49.23858 304.34536743
v 311.54355 49.07047 265.31201172
v 311.54498 72.01849 373.37808228
v 311.54590 93.67162 298.10974121
v 311.55408 51.84516 309.22186279
v 311.55447 51.75805 293.51913452
v 311.57581 89.89204 160.38725281
v 311.57770 76.23875 437.72375488
v 311.58292 91.23487 309.07672119
v 311.59085 121.52689 510.18191528
v 311.59317 49.10389 280.81414795
v 311.59647 50.57602 166.15887451
v 311.61102 49.89102 264.65939331
v 311.62427 73.83809 412.94311523
v 311.62686 90.92406 161.01409912
v 311.67038 95.87544 169.22363281
v 311.68729 67.35286 272.29226685
v 311.69366 51.98296 283.70025635
v 311.69611 91.43023 212.53919983
v 311.71829 49.20794 307.46359253
v 311.72974 68.72153 309.52441406
v 311.73502 53.66119 298.91821289
v 311.73917 64.46263 243.32209778
v 311.74612 49.33576 320.46130371
v 311.77707 52.82869 161.69996643
v 311.77917 76.68311 457.20761108
v 311.79343 52.16462 327.82461548
v 311.80460 62.30488 207.15232849
v 311.83197 85.51263 528.10003662
v 311.83392 52.76782 327.39340210
v 311.85422 73.43985 399.80386353
v 311.88632 72.98058 384.89556885
v 311.89160 119.61683 489.67971802
v 311.90033 71.35705 357.66333008
v 311.90363 89.52604 225.83181763
v 311.91656 51.93169 163.66223145
v 311.92230 98.45708 366.52877808
v 311.92258 48.11584 306.01721191
v 311.94296 74.33900 416.72088623
v 311.94598 66.98991 270.92898560
v 311.97522 65.31052 260.77874756
v 311.98331 112.74538 453.49301147
v 311.99261 77.55701 488.79620361
v 311.99384 50.94141 263.90896606
v 311.99655 53.38219 309.87707520
v 311.99780 53.48631 286.63580322
v 312.01764 88.68774 244.37359619
v 312.02039 68.34982 300.12350464
v 312.02148 116.78283 477.43823242
v 312.02383 47.43637 154.76316833
v 312.02637 51.34846 265.82192993
v 312.02655 92.89876 300.42181396
v 312.02676 54.51544 300.89770508
v 312.03860 47.93501 160.75834656
v 312.04251 48.54538 262.01535034
v 312.04434 48.15955 153.46383667
v 312.05731 51.30647 278.52761841
v 312.06644 121.04681 496.50610352
v 312.10306 62.26773 161.00245667
v 312.11948 58.10128 159.78823853
v 312.12015 74.14634 414.91488647
v 312.12451 51.01348 164.70271301
v 312.12573 51.74072 329.62036133
v 312.12985 71.54783 369.53656006
v 312.13065 92.02180 277.57925415
v 312.14648 91.70854 285.86920166
v 312.15784 91.43260 161.82023621
v 312.16733 52.70468 329.55310059
v 312.19623 68.53397 305.25582886
v 312.20691 52.07212 177.06364441
v 312.20859 55.26224 151.50466919
v 312.22684 91.71416 283.85589600
v 312.25696 82.95318 527.54028320
v 312.25858 115.03574 462.99493408
v 312.26022 75.98504 496.69308472
v 312.26050 58.59161 159.00846863
v 312.26837 116.18475 471.54879761
v 312.26843 71.59315 363.34158325
v 312.26859 54.05457 325.61322021
v 312.27753 107.73109 430.74765015
v 312.28149 53.76112 284.67578125
v 312.29575 46.97818 263.95291138
v 312.30350 50.26098 164.37530518
v 312.30545 92.47195 293.38400269
v 312.31400 47.45326 262.06735229
v 312.32114 66.27519 269.52575684
v 312.32202 57.16000 161.50434875
v 312.32599 72.27377 383.53948975
v 312.32755 92.80535 193.79086304
v 312.35553 71.77515 380.13510132
v 312.37213 60.73780 160.31657410
v 312.39120 90.04616 217.08038330
v 312.40250 58.79293 157.04611206
v 312.40720 49.83194 326.71157837
v 312.41037 46.89876 303.30587769
v 312.41751 54.08253 291.75479126
v 312.42450 94.48174 330.82437134
v 312.42740 70.60862 510.29937744
v 312.44742 99.93220 373.61621094
v 312.45630 60.06354 199.53161621
v 312.47559 69.19651 313.95983887
v 312.48468 91.85313 306.70715332
v 312.51208 106.01881 522.62359619
v 312.51953 76.42220 439.61898804
v 312.53772 91.25894 527.97619629
v 312.56876 53.96019 329.00854492
v 312.57227 113.80431 457.02825928
v 312.58102 51.81161 174.92147827
v 312.58102 58.35964 154.89871216
v 312.58340 103.58221 400.10391235
v 312.59564 57.22654 152.89591980
v 312.60852 108.97458 434.97732544
v 312.62775 62.03957 206.66824341
v 312.66397 70.41538 318.08245850
v 312.68747 87.78894 528.47796631
v 312.71994 101.74760 387.76644897
v 312.72095 70.83695 343.74862671
v 312.72479 46.54855 157.88148499
v 312.72525 92.39173 302.71740723
v 312.77643 51.43909 165.34336853
v 312.77710 54.68948 309.68527222
v 312.81027 116.59609 521.72137451
v 312.81421 73.50590 403.97323608
v 312.82971 91.99870 278.66534424
v 312.83347 65.35003 251.41947937
v 312.87482 52.34299 149.83334351
v 312.88757 91.43613 202.89682007
v 312.89426 55.54880 302.16921997
v 312.89767 95.85237 171.21459961
v 312.91183 92.25904 304.60827637
v 312.91931 51.64445 165.67590332
v 312.92172 92.55971 319.32391357
v 312.92975 63.10198 223.09585571
v 312.95123 57.85952 160.81901550
v 312.96204 55.59086 296.23446655
v 312.96512 57.98063 193.33987427
v 312.96680 51.50315 168.23434448
v 312.96921 46.92736 311.88128662
v 312.97107 90.68215 214.85816956
v 312.97739 55.09045 293.21560669
v 313.00388 59.90027 160.67015076
v 313.00574 71.13321 345.51016235
v 313.02823 52.89210 164.24000549
v 313.03903 71.37733 348.12960815
v 313.04050 49.00820 259.39617920
v 313.04285 51.67966 331.76144409
v 313.05750 61.30625 161.13842773
v 313.06091 70.94350 508.42764282
v 313.07874 116.85577 473.51132202
v 313.08215 75.05696 436.25347900
v 313.08249 65.48827 266.49859619
v 313.10342 53.71809 178.99554443
v 313.10498 68.40024 310.02178955
v 313.10550 50.42738 259.58847046
v 313.15417 54.03630 330.60140991
v 313.15610 55.11327 285.53472900
v 313.16022 55.17104 325.29266357
v 313.16699 89.88529 274.15570068
v 313.17999 52.37111 174.58760071
v 313.18625 76.17229 523.83685303
v 313.20023 121.29304 495.03570557
v 313.20056 52.95037 332.03680420
v 313.20401 49.52842 330.50076294
v 313.20761 118.78458 519.44445801
v 313.20856 89.10592 242.26870728
v 313.21252 54.97765 182.57310486
v 313.21667 64.55508 246.37295532
v 313.22699 98.89520 366.80731201
v 313.23169 97.69720 354.88378906
v 313.24149 73.11875 385.74432373
v 313.24176 56.12942 185.23327637
v 313.24429 79.95441 162.11355591
v 313.25327 48.92241 238.38517761
v 313.26077 95.17854 525.44915771
v 313.28864 106.41123 418.08444214
v 313.29776 51.43532 333.27136230
v 313.29803 72.24155 383.63748169
v 313.29868 68.66956 312.85427856
v 313.30637 45.84587 303.51339722
v 313.30695 75.09001 498.88378906
v 313.30792 52.90290 262.23608398
v 313.30841 49.78917 166.03482056
v 313.30911 54.25541 165.68957520
v 313.31711 90.05277 216.58483887
v 313.33328 49.50148 150.69204712
v 313.33838 52.37182 166.69561768
v 313.38351 46.28124 154.56825256
v 313.38519 47.06338 259.24615479
v 313.41248 53.20523 185.56336975
v 313.41644 50.46148 257.61495972
v 313.41800 47.93320 257.32937622
v 313.42236 45.97861 156.10865784
v 313.42297 76.74640 494.37149048
v 313.42484 91.61607 279.65335083
v 313.43671 59.09952 161.22808838
v 313.43674 66.22620 269.62063599
v 313.43921 91.70116 289.81228638
v 313.46417 101.36011 384.47998047
v 313.46530 51.77658 360.20709229
v 313.47208 51.24371 235.08021545
v 313.47452 54.11645 187.71766663
v 313.47458 46.99186 253.75935364
v 313.48367 52.18061 259.53524780
v 313.49023 53.96235 332.71713257
v 313.49155 49.00062 209.44442749
v 313.49283 49.47991 333.35205078
v 313.50079 52.81242 338.43725586
v 313.51132 47.14465 240.68812561
v 313.51181 50.84798 362.63769531
v 313.51767 113.21759 522.45550537
v 313.51813 53.30325 167.40467834
v 313.52200 51.20980 191.17341614
v 313.52380 55.52300 309.77691650
v 313.53220 104.81181 407.93597412
v 313.53384 71.76062 506.34616089
v 313.53604 49.17117 346.01892090
v 313.55588 54.70417 184.07038879
v 313.55682 46.04383 318.48379517
v 313.57193 73.48280 410.00952148
v 313.57565 49.88671 231.55374146
v 313.57797 59.47771 197.46987915
v 313.58521 63.97136 225.69477844
v 313.58588 51.93331 175.33171082
v 313.59644 46.24995 260.01248169
v 313.59756 89.52362 219.41181946
v 313.59930 52.65394 359.70028687
v 313.60245 91.20965 287.58474731
v 313.60751 79.29797 526.42047119
v 313.62097 62.38815 220.67704773
v 313.63031 95.56116 341.77734375
v 313.63919 92.07865 300.46563721
v 313.65210 53.79541 349.69540405
v 313.67023 53.85677 180.50727844
v 313.67532 89.50316 272.56051636
v 313.68011 56.31327 165.05114746
v 313.68246 64.44093 227.75352478
v 313.68396 52.37318 257.80734253
v 313.68982 74.33786 433.35821533
v 313.69006 92.18220 296.05075073
v 313.69797 120.57629 514.35748291
v 313.70953 53.22493 169.46768188
v 313.71579 58.63221 162.05239868
v 313.72739 50.86140 203.22909546
v 313.72760 51.03562 168.81358337
v 313.73294 49.47620 191.07894897
v 313.73547 93.95946 186.53540039
v 313.73578 49.35348 360.72509766
v 313.74026 48.26594 332.39892578
v 313.74609 53.22503 171.91798401
v 313.75549 63.59083 161.94030762
v 313.76349 50.98331 195.16656494
v 313.76544 112.46411 448.86614990
v 313.76645 50.16778 167.79034424
v 313.77771 92.01460 307.43280029
v 313.78293 76.46568 456.37936401
v 313.78708 49.31406 355.80142212
v 313.79092 52.74138 236.93743896
v 313.79260 49.18555 201.46435547
v 313.79367 47.43339 210.66163635
v 313.79794 89.22369 239.66717529
v 313.80630 52.63788 247.42134094
v 313.80890 53.26323 173.20695496
v 313.81027 91.63994 199.91758728
v 313.82074 103.11279 394.45162964
v 313.82175 47.48181 233.49717712
v 313.82684 50.46254 186.51087952
v 313.84143 90.62396 161.93414307
v 313.86371 94.02645 323.58944702
v 313.86975 64.41767 244.67866516
v 313.88168 55.78728 188.12480164
v 313.88678 71.49428 378.78106689
v 313.89154 45.36826 263.79660034
v 313.89352 51.58791 229.41424561
v 313.90607 45.39853 302.33142090
v 313.91022 48.84772 166.25292969
v 313.91644 46.37420 246.72909546
v 313.92355 45.92054 321.22640991
v 313.94882 90.98040 209.29399109
v 313.95053 65.40035 265.08370972
v 313.95071 54.33566 177.54055786
v 313.95322 54.57743 338.32452393
v 313.95795 117.64043 520.77648926
v 313.95859 52.95071 364.64413452
v 313.96851 62.29278 161.84527588
v 313.97141 45.54036 261.31405640
v 313.97607 46.54094 236.74528503
v 313.98242 53.99331 252.66998291
v 313.99033 50.45620 170.29168701
v 313.99686 115.62399 463.26757812
v 314.00223 55.41575 331.61950684
v 314.00388 47.61457 151.36294556
v 314.00568 54.75917 169.69087219
v 314.00735 84.27177 159.94004822
v 314.01575 94.84764 168.84260559
v 314.02179 100.15224 371.60858154
v 314.04025 67.43727 287.31866455
v 314.04904 48.81435 191.72671509
v 314.05130 73.49330 404.68603516
v 314.05383 121.53651 498.46029663
v 314.06531 45.50374 254.70198059
v 314.07153 70.52795 341.98678589
v 314.08102 45.56865 311.49429321
v 314.10855 53.46320 148.11421204
v 314.11292 68.30048 294.41915894
v 314.11389 50.51070 366.46008301
v 314.11404 67.61449 290.49459839
v 314.13269 56.62044 299.27719116
v 314.13849 95.38260 173.52183533
v 314.14127 104.45978 404.91006470
v 314.14182 58.72149 163.49034119
v 314.14697 55.82629 284.15521240
v 314.15839 55.72039 333.84490967
v 314.15915 46.77930 210.75621033
v 314.16074 121.16013 488.06640625
v 314.16217 98.51966 524.08410645
v 314.16241 76.00994 438.83883667
v 314.16324 62.04498 209.55415344
v 314.17459 121.61629 496.44638062
v 314.17523 56.19907 305.00338745
v 314.20029 69.13462 314.97619629
v 314.20526 115.45459 521.97460938
v 314.21078 70.04126 316.82910156
v 314.21548 52.45575 205.10725403
v 314.23465 47.84080 203.98310852
v 314.24414 46.75824 338.38006592
v 314.25235 56.52916 166.00688171
v 314.25662 95.85603 342.78958130
v 314.26334 46.56426 152.47543335
v 314.26825 55.13279 264.48950195
v 314.27817 76.43941 463.07467651
v 314.28436 74.96854 523.59863281
v 314.28677 55.21037 349.57830811
v 314.30322 114.88682 458.26492310
v 314.31268 70.38313 511.48294067
v 314.31833 45.81723 242.34626770
v 314.32742 55.99587 178.89225769
v 314.32877 49.17949 168.20782471
v 314.33475 52.82987 366.59188843
v 314.34912 54.67133 250.34942627
v 314.37634 56.21591 317.02206421
v 314.38101 58.22361 164.05151367
v 314.38745 46.69442 349.46176147
v 314.38953 93.41833 527.10534668
v 314.38974 55.10786 260.79708862
v 314.41129 51.94775 369.02914429
v 314.41348 60.38422 204.40368652
v 314.41837 110.84875 441.96600342
v 314.42493 51.21342 387.60656738
v 314.43396 55.97947 190.66975403
v 314.43896 87.27348 528.51318359
v 314.45023 48.05102 196.71209717
v 314.46072 60.69050 159.94288635
v 314.46402 90.24960 528.43756104
v 314.46509 96.89473 345.62466431
v 314.46860 73.19361 385.64276123
v 314.47113 91.54391 528.10809326
v 314.47644 91.86366 295.52893066
v 314.48483 97.23056 524.44781494
v 314.49432 55.06578 357.48852539
v 314.49881 53.58926 202.10775757
v 314.50452 54.01469 245.13072205
v 314.50467 73.42970 387.43072510
v 314.50708 60.66730 162.36184692
v 314.50922 67.08475 271.33682251
v 314.51160 70.54081 516.01971436
v 314.51761 50.28284 386.06140137
v 314.51797 102.89556 388.99337769
v 314.52673 48.98425 368.02774048
v 314.55127 62.45357 214.70739746
v 314.55325 88.70371 257.49679565
v 314.55557 56.92208 296.90454102
v 314.56366 44.98981 255.40698242
v 314.56830 92.23390 311.26333618
v 314.56854 56.07211 330.58276367
v 314.56882 56.36392 290.33148193
v 314.57129 44.97238 263.17095947
v 314.57874 89.60981 161.24775696
v 314.57904 57.54052 190.50636292
v 314.57962 59.23976 195.62882996
v 314.58334 50.34135 377.44686890
v 314.59778 54.27356 236.79716492
v 314.60056 94.53320 180.40837097
v 314.61743 53.49334 228.75083923
v 314.62762 45.08112 318.55364990
v 314.62775 47.68136 356.91806030
v 314.63126 53.70500 383.74957275
v 314.65094 76.01297 524.54315186
v 314.65161 79.91846 526.88098145
v 314.65762 68.62778 312.96688843
v 314.65942 117.20161 520.91864014
v 314.66229 121.37653 508.20239258
v 314.66238 77.43552 470.20581055
v 314.66321 56.35230 167.99072266
v 314.66745 60.82468 158.59243774
v 314.67062 46.41741 327.64471436
v 314.67398 90.73029 204.61698914
v 314.68262 46.24209 234.38455200
v 314.69992 46.19468 211.64601135
v 314.71948 90.14876 283.00335693
v 314.72195 48.20905 366.89025879
v 314.72314 49.29456 171.70977783
v 314.74191 55.72390 252.50253296
v 314.75742 51.30334 398.41326904
v 314.77182 68.49418 310.20523071
v 314.77444 57.48853 185.45750427
v 314.77570 51.95113 392.03402710
v 314.78082 55.80836 337.92910767
v 314.78625 55.74145 279.07995605
v 314.79300 98.97752 365.50955200
v 314.80054 59.90380 163.13383484
v 314.81003 72.83350 505.00704956
v 314.86328 65.86905 267.47338867
v 314.88229 52.14008 400.62741089
v 314.89703 83.89452 528.05432129
v 314.89810 106.08411 412.56866455
v 314.89911 47.05258 203.92839050
v 314.90164 53.98758 219.19281006
v 314.90558 118.61771 478.42709351
v 314.91183 74.93083 436.75579834
v 314.91992 49.72770 388.94375610
v 314.92313 71.39384 367.79205322
v 314.92545 46.54463 151.19700623
v 314.93640 45.30375 247.28332520
v 314.93665 121.54328 499.37188721
v 314.97400 71.04238 508.32369995
v 314.97897 74.01267 502.95529175
v 314.98212 54.45190 383.76467896
v 314.99036 54.83704 362.51382446
v 315.00479 50.60208 392.47573853
v 315.01511 92.29816 191.14263916
v 315.02042 45.73651 325.28741455
v 315.03824 65.58335 260.56344604
v 315.04892 73.55709 409.63021851
v 315.04953 56.95966 195.56942749
v 315.05423 91.66660 300.41900635
v 315.06082 51.55144 401.33242798
v 315.07114 58.29789 167.27980042
v 315.07489 54.10693 387.61315918
v 315.09393 58.10158 191.68858337
v 315.09473 76.57131 465.49591064
v 315.09634 103.39824 393.67651367
v 315.10114 54.46416 367.78784180
v 315.10526 57.44264 190.66378784
v 315.10742 52.69127 401.24096680
v 315.10791 57.06816 184.51844788
v 315.11240 107.22191 522.35192871
v 315.11880 71.37534 347.41085815
v 315.11911 51.34583 146.88761902
v 315.12427 47.61279 372.46914673
v 315.14484 90.04062 276.45770264
v 315.14505 57.50665 179.59033203
v 315.15887 48.65044 182.06990051
v 315.16351 53.38344 390.55136108
v 315.16788 65.44097 251.92224121
v 315.18875 118.93472 517.92883301
v 315.19669 92.85148 318.96691895
v 315.20828 56.23709 251.90525818
v 315.21646 53.11902 393.62225342
v 315.22617 122.03935 495.71438599
v 315.22638 70.13115 514.95623779
v 315.22769 99.93369 367.65399170
v 315.23538 44.94772 321.91348267
v 315.23700 53.18329 400.17962646
v 315.24170 57.67869 169.74877930
v 315.24289 47.30000 165.51068115
v 315.25406 64.07793 226.86117554
v 315.25616 48.75547 385.10546875
v 315.27023 103.32412 390.67391968
v 315.28946 56.69473 171.65589905
v 315.29358 69.09489 314.45901489
v 315.30298 120.98155 510.29086304
v 315.31219 111.20352 522.41894531
v 315.31470 68.24715 293.78070068
v 315.32614 104.07482 398.19320679
v 315.33432 45.83801 234.37255859
v 315.34491 49.77946 391.60772705
v 315.34729 89.09763 253.45413208
v 315.35620 56.62282 331.34118652
v 315.36749 44.76320 310.50802612
v 315.37891 89.84729 285.85604858
v 315.38126 122.23956 492.77459717
v 315.38153 67.55235 274.34051514
v 315.38968 86.89861 159.40582275
v 315.39124 89.36967 216.52925110
v 315.39151 59.69094 199.29557800
v 315.41687 57.54267 186.10014343
v 315.42053 48.37317 170.02166748
v 315.42197 44.67918 253.12937927
v 315.42889 48.31750 377.29199219
v 315.43109 45.07475 159.02384949
v 315.43555 76.52341 456.07131958
v 315.44077 67.07404 270.34515381
v 315.46771 62.74749 223.66258240
v 315.48444 64.83131 247.00817871
v 315.48495 56.04453 358.24032593
v 315.48520 93.58299 167.81163025
v 315.50195 63.22916 225.05224609
v 315.50674 49.86725 399.23312378
v 315.50955 70.93118 344.36645508
v 315.51376 89.98737 287.00772095
v 315.51950 70.16999 316.99597168
v 315.53668 70.50166 326.20272827
v 315.54404 46.77312 199.76124573
v 315.54611 79.14611 161.74096680
v 315.54822 60.26358 163.84326172
v 315.55347 45.50736 351.15039062
v 315.56235 95.86180 341.76834106
v 315.56372 90.14188 280.28732300
v 315.56909 119.67270 480.64752197
v 315.57376 62.03174 161.97116089
v 315.58005 114.05984 522.09130859
v 315.58316 46.60908 357.27053833
v 315.60138 76.47225 441.48379517
v 315.60150 57.38226 198.40599060
v 315.60291 88.76671 241.25869751
v 315.62656 45.90670 207.93783569
v 315.65088 70.74510 333.66665649
v 315.66095 67.71078 289.21691895
v 315.66678 56.84587 317.45095825
v 315.67792 102.54527 522.56652832
v 315.68015 45.11497 242.38365173
v 315.69183 67.76749 283.77716064
v 315.69681 122.12148 489.14468384
v 315.69913 52.48465 145.97349548
v 315.70486 64.87065 162.40475464
v 315.71326 62.33824 160.95442200
v 315.72040 56.71705 253.21157837
v 315.72803 70.73166 341.33096313
v 315.72858 115.17258 457.56585693
v 315.73157 84.42242 528.08959961
v 315.73672 73.68513 403.77767944
v 315.74014 54.97668 387.34387207
v 315.74829 74.49075 433.88482666
v 315.75052 71.92645 379.30947876
v 315.75787 94.53001 324.36676025
v 315.76752 89.02443 252.81840515
v 315.76941 58.25108 172.06575012
v 315.78714 89.33806 264.58621216
v 315.78830 74.67068 417.81195068
v 315.79636 95.44125 334.32553101
v 315.80215 45.23929 326.19921875
v 315.81244 47.46959 195.47082520
v 315.81744 88.78620 259.26434326
v 315.81815 53.85313 394.76165771
v 315.81879 97.42780 346.41928101
v 315.81931 57.78584 184.05203247
v 315.82587 68.74274 301.41189575
v 315.83337 46.74728 373.16000366
v 315.83694 54.89149 146.49418640
v 315.84137 74.87759 436.12725830
v 315.84683 45.97086 162.36039734
v 315.85101 121.40955 484.57876587
v 315.85962 56.70630 280.77023315
v 315.86246 48.33885 172.89836121
v 315.87729 72.16218 521.47326660
v 315.87823 88.37307 247.49449158
v 315.89801 46.29990 362.97750854
v 315.89883 91.46508 528.06158447
v 315.90158 73.87949 411.58941650
v 315.90359 56.53080 339.05117798
v 315.91882 110.23334 437.23214722
v 315.93591 55.54778 365.50146484
v 315.94705 74.49729 415.33105469
v 315.95380 55.51950 220.08778381
v 315.95432 70.60014 319.50067139
v 315.96149 55.66843 372.10961914
v 315.96384 50.42041 402.68988037
v 315.97980 72.92536 522.60253906
v 315.98740 55.54134 383.40216064
v 315.98907 62.97786 162.80906677
v 315.98914 44.45706 256.96722412
v 315.99045 48.25924 387.89105225
v 316.00409 55.49529 377.88980103
v 316.00821 55.54568 230.46307373
v 316.01392 87.62684 159.72515869
v 316.01773 56.71464 250.24871826
v 316.02478 53.84517 145.77006531
v 316.02621 58.03574 170.16386414
v 316.02667 44.98068 153.92356873
v 316.03586 68.60060 295.83145142
v 316.04083 89.58186 274.56259155
v 316.04678 92.24317 307.55541992
v 316.04709 51.53512 403.52200317
v 316.05518 59.54783 195.38208008
v 316.06406 88.57717 227.04049683
v 316.09323 44.50777 319.31420898
v 316.09329 89.59469 284.81655884
v 316.09418 69.18638 312.29870605
v 316.09799 70.08741 511.56555176
v 316.10095 91.91214 190.08032227
v 316.10681 56.50613 357.19027710
v 316.11234 88.18985 528.31921387
v 316.14713 46.30309 148.53361511
v 316.15610 45.48035 212.50686646
v 316.17535 89.15860 261.56631470
v 316.17902 64.77766 244.14491272
v 316.19815 61.96905 214.24935913
v 316.20200 55.89679 244.82470703
v 316.20270 111.91102 442.98779297
v 316.20480 98.42147 357.72274780
v 316.21378 101.86632 383.83523560
v 316.21628 66.23254 264.88088989
v 316.21655 119.39203 515.37329102
v 316.21805 106.08795 408.03912354
v 316.22876 68.13000 291.86767578
v 316.23492 57.41700 295.34921265
v 316.23749 98.85897 363.95376587
v 316.24109 55.96346 362.41537476
v 316.24908 89.83865 277.69454956
v 316.26205 44.50669 252.86134338
v 316.29135 56.04654 237.41419983
v 316.30237 59.84435 167.72167969
v 316.30466 47.61694 188.16061401
v 316.30545 118.35542 473.58126831
v 316.31595 47.25151 377.52856445
v 316.32193 94.48235 172.63998413
v 316.34619 53.73635 402.60195923
v 316.34729 57.11684 290.42324829
v 316.35315 71.05934 335.42578125
v 316.36243 122.16199 496.37011719
v 316.36557 47.60867 146.60762024
v 316.37531 73.71115 387.48532104
v 316.37793 64.56866 230.48043823
v 316.38153 97.59131 350.50845337
v 316.38733 59.29316 169.60993958
v 316.39532 51.93517 405.52505493
v 316.41473 49.91114 404.15054321
v 316.42212 72.02383 372.47439575
v 316.42490 47.94113 183.09445190
v 316.42926 80.33414 526.85211182
v 316.44897 47.02360 196.95686340
v 316.46280 52.82000 404.93038940
v 316.46457 48.43519 391.74575806
v 316.47525 94.26859 322.46508789
v 316.50427 59.31131 167.80609131
v 316.51678 121.16482 502.02975464
v 316.52686 93.22584 319.94189453
v 316.52701 46.27959 199.20550537
v 316.52798 110.72245 439.20455933
v 316.54010 44.93872 327.05688477
v 316.55521 62.49126 220.25479126
v 316.56152 100.20298 523.01843262
v 316.57806 83.48727 159.20362854
v 316.58112 76.14845 439.12451172
v 316.58905 59.30808 192.64624023
v 316.59955 77.37360 490.28457642
v 316.60239 57.08584 282.04776001
v 316.60953 59.12293 179.28062439
v 316.62418 103.37837 387.98165894
v 316.66693 88.67363 161.05242920
v 316.68845 65.80836 252.24667358
v 316.69333 74.83385 422.80233765
v 316.69696 60.01947 206.92442322
v 316.70084 104.80595 403.37631226
v 316.70752 73.06565 504.69082642
v 316.71494 49.16337 404.06134033
v 316.71600 88.15394 160.29754639
v 316.71811 61.23774 153.48335266
v 316.72729 93.43368 526.91723633
v 316.73123 70.97612 508.22210693
v 316.73364 58.84862 181.36405945
v 316.74557 77.55499 472.85000610
v 316.74579 67.77972 272.66354370
v 316.75244 59.34209 192.22839355
v 316.75583 62.53410 163.54602051
v 316.77328 107.93626 423.71298218
v 316.77713 56.90166 328.35665894
v 316.78528 73.72335 395.15792847
v 316.78598 93.88486 170.02519226
v 316.79053 71.73689 506.63247681
v 316.79623 57.21933 303.17864990
v 316.80048 57.10654 335.85800171
v 316.80948 88.22631 249.23950195
v 316.81311 53.57371 411.53921509
v 316.82782 70.67389 162.58731079
v 316.83041 101.52391 381.47601318
v 316.83273 45.73008 367.17300415
v 316.83713 45.24306 149.10617065
v 316.84616 49.69694 407.86929321
v 316.84753 74.96417 435.20996094
v 316.85028 51.85677 411.82192993
v 316.86856 63.02060 223.81922913
v 316.88965 71.79823 347.45193481
v 316.89160 103.66357 393.46386719
v 316.91391 54.50378 409.36541748
v 316.92923 90.97286 195.65533447
v 316.93918 101.41082 378.55236816
v 316.97610 45.39777 363.09683228
v 316.97845 68.42119 290.11428833
v 316.98383 92.55361 316.52505493
v 316.99420 77.75297 525.54974365
v 316.99759 71.40615 341.68228149
v 317.02438 119.26774 477.28433228
v 317.03482 45.38869 236.92050171
v 317.03534 44.41817 286.17709351
v 317.05899 108.95277 426.41018677
v 317.06308 46.03329 374.18951416
v 317.06387 66.03970 258.37234497
v 317.06439 59.86155 199.59445190
v 317.07935 62.48108 217.40936279
v 317.08212 121.06610 481.12741089
v 317.08368 84.82753 158.80256653
v 317.08652 102.92568 386.08212280
v 317.10184 92.52527 312.43411255
v 317.11526 91.74135 527.63159180
v 317.12967 73.92542 502.94717407
v 317.13110 58.01855 213.80685425
v 317.14005 86.27372 158.87110901
v 317.14780 68.42516 283.77490234
v 317.15024 94.69852 525.75225830
v 317.15784 96.96094 343.87829590
v 317.16922 88.29193 215.10374451
v 317.17416 44.60682 151.58200073
v 317.18030 45.75563 205.87596130
v 317.18808 121.27863 500.14837646
v 317.18900 57.57515 298.59808350
v 317.20197 106.48479 409.36755371
v 317.20636 55.07090 403.16900635
v 317.21179 69.13631 300.06643677
v 317.21878 58.86293 202.24575806
v 317.22702 51.70895 413.21099854
v 317.24762 70.88778 327.19317627
v 317.25491 55.15320 409.10223389
v 317.26752 74.93021 415.57388306
v 317.26801 113.68480 451.78274536
v 317.26932 67.77657 269.26177979
v 317.28534 59.45346 190.60162354
v 317.29074 44.63314 351.48733521
v 317.29453 47.83577 399.51269531
v 317.30548 63.21204 163.78532410
v 317.30750 72.62470 378.55975342
v 317.30991 53.95221 413.48892212
v 317.31097 70.81635 316.78375244
v 317.32156 44.68713 327.49215698
v 317.32535 95.97020 341.62030029
v 317.34860 73.57499 383.70053101
v 317.35068 59.66419 170.56404114
v 317.35312 122.61079 491.79437256
v 317.35669 63.87860 160.69396973
v 317.35995 72.21638 522.46343994
v 317.36264 76.49502 464.96658325
v 317.36624 74.13506 408.96908569
v 317.37274 57.29540 318.16104126
v 317.38788 53.07053 421.30078125
v 317.39340 87.85389 225.91500854
v 317.39395 87.83553 245.87164307
v 317.43515 54.86629 412.15618896
v 317.43521 107.67870 421.86331177
v 317.43683 72.11051 348.35095215
v 317.44922 44.18155 156.26681519
v 317.45364 72.05775 366.16687012
v 317.46249 94.59137 324.56979370
v 317.48346 74.46519 412.33239746
v 317.48547 75.10838 433.35321045
v 317.49014 44.93629 355.13464355
v 317.49902 73.10065 523.39343262
v 317.50101 88.05789 219.71401978
v 317.50363 71.05100 319.22616577
v 317.51233 73.99304 395.94836426
v 317.52969 64.18430 226.46017456
v 317.53128 54.72155 420.36553955
v 317.53247 56.81929 233.73669434
v 317.54898 89.47852 200.55427551
v 317.55405 65.31750 244.12811279
v 317.55740 66.57137 162.45075989
v 317.55923 48.84580 409.18194580
v 317.56009 47.62648 178.12054443
v 317.56149 64.47965 228.27143860
v 317.57156 68.91678 285.72595215
v 317.57211 109.55910 429.96371460
v 317.58740 89.33282 272.20272827
v 317.59146 97.68937 347.97253418
v 317.60516 61.03629 213.42259216
v 317.60623 106.11351 406.77896118
v 317.61600 88.50637 253.38925171
v 317.61731 92.74533 318.57836914
v 317.61938 56.89855 245.42996216
v 317.62573 89.11202 263.88119507
v 317.64243 65.95431 247.10864258
v 317.65656 100.62973 369.18069458
v 317.67517 45.42797 208.94033813
v 317.67606 45.35044 163.82504272
v 317.67801 95.53118 334.54782104
v 317.68008 106.81168 414.54666138
v 317.68143 47.39109 175.93537903
v 317.69821 44.68338 244.87887573
v 317.70151 45.05082 357.84683228
v 317.71530 51.29356 416.20404053
v 317.71866 44.17320 158.51962280
v 317.72678 99.27544 523.28680420
v 317.73343 93.76824 321.27474976
v 317.74734 58.58394 215.88433838
v 317.74777 93.56525 171.37712097
v 317.75769 59.74496 206.88931274
v 317.77133 87.20557 159.31533813
v 317.77310 100.86713 374.45373535
v 317.78131 104.90613 403.46173096
v 317.78171 55.55476 418.54827881
v 317.80505 55.59316 411.64422607
v 317.81036 44.49101 254.02157593
v 317.81674 98.86390 363.50857544
v 317.82465 57.10962 341.53378296
v 317.83270 72.15329 335.39291382
v 317.84290 50.22377 143.92802429
v 317.84518 100.44657 367.72460938
v 317.85373 44.39545 321.76174927
v 317.86954 88.43633 259.49621582
v 317.88644 82.00094 526.96228027
v 317.88861 74.77200 524.40228271
v 317.90259 119.79829 510.03366089
v 317.90894 59.23533 205.09738159
v 317.91641 88.36877 257.75357056
v 317.92184 51.16958 422.30352783
v 317.95395 69.11188 516.21783447
v 317.97101 45.72674 201.45159912
v 317.99271 62.51272 217.33407593
v 318.01123 57.48671 252.08854675
v 318.03485 45.34150 370.17803955
v 318.04285 54.97147 422.87088013
v 318.04779 45.37857 144.30937195
v 318.05057 71.26987 315.48886108
v 318.05573 103.56941 388.66055298
v 318.06110 45.25992 231.56199646
v 318.06171 72.43439 366.46035767
v 318.07028 66.50425 256.14337158
v 318.12225 76.43169 495.34625244
v 318.12555 90.00449 196.64463806
v 318.13193 44.46651 351.98553467
v 318.13687 44.48072 339.21939087
v 318.14362 75.03915 499.18002319
v 318.14392 94.69743 328.57437134
v 318.15155 52.56022 424.80682373
v 318.15573 57.48947 291.41033936
v 318.15826 60.64746 169.39761353
v 318.15927 64.19336 163.52426147
v 318.17505 97.57482 346.40451050
v 318.17810 53.67659 424.64697266
v 318.18378 65.31275 234.98683167
v 318.18539 71.26746 324.72027588
v 318.18735 68.46822 277.38497925
v 318.18796 62.09385 215.87463379
v 318.18988 44.92232 366.55740356
v 318.20557 59.30728 206.82540894
v 318.20743 87.51837 249.24118042
v 318.20889 47.40535 194.24012756
v 318.21048 90.27612 193.77362061
v 318.21063 120.51931 502.03622437
v 318.21179 47.37064 189.67791748
v 318.23090 61.11690 214.08274841
v 318.23209 108.87728 425.02957153
v 318.23349 104.31683 398.22753906
v 318.23373 93.34207 173.33879089
v 318.23947 47.60561 402.81832886
v 318.24161 64.11409 163.61700439
v 318.24445 65.06499 162.97969055
v 318.24911 64.19695 225.18896484
v 318.25266 74.37566 389.77319336
v 318.27347 57.23321 325.62658691
v 318.27542 62.93356 220.81011963
v 318.28851 91.24326 293.98046875
v 318.28973 93.17444 175.16304016
v 318.29584 56.53974 388.27572632
v 318.29916 71.47496 328.20910645
v 318.30133 60.44263 171.42942810
v 318.30908 116.79091 466.43316650
v 318.31018 70.51769 519.62719727
v 318.31573 45.77971 376.53424072
v 318.32196 85.39374 158.74809265
v 318.32556 120.90720 500.52496338
v 318.33621 88.16936 210.23225403
v 318.33694 66.71324 248.24630737
v 318.33884 94.08180 525.80261230
v 318.34427 60.14555 190.88851929
v 318.34894 88.91875 269.26269531
v 318.35532 44.71078 363.06878662
v 318.35797 68.84756 514.75006104
v 318.37061 110.57702 437.25827026
v 318.37714 56.28931 409.32101440
v 318.38272 94.43244 324.34127808
v 318.39804 88.42008 203.08200073
v 318.39996 76.66459 461.22735596
v 318.40607 44.25755 145.14968872
v 318.42056 46.93715 196.97918701
v 318.42328 56.73824 380.25296021
v 318.43729 114.97624 454.35574341
v 318.43985 68.62153 267.87799072
v 318.46133 60.58463 201.05039978
v 318.46695 90.35651 188.47673035
v 318.47501 88.36145 207.22929382
v 318.47601 75.70802 418.48562622
v 318.48645 83.25517 158.85858154
v 318.50668 60.15461 203.34700012
v 318.51447 91.57180 168.18083191
v 318.52179 87.66522 159.95979309
v 318.52737 101.42607 378.50888062
v 318.54263 67.05022 258.47836304
v 318.55078 55.94527 422.26086426
v 318.55984 96.72787 343.43688965
v 318.56241 56.46253 403.61334229
v 318.56863 73.42198 373.32208252
v 318.57623 76.69743 440.12197876
v 318.58420 68.90264 513.69555664
v 318.58649 64.61372 162.06806946
v 318.61374 90.73949 292.14389038
v 318.61475 112.83049 446.55541992
v 318.61923 70.01364 298.30957031
v 318.62012 59.89870 207.70451355
v 318.62286 98.46085 357.67218018
v 318.62592 57.39684 233.96997070
v 318.62701 57.61774 345.86813354
v 318.63812 102.74720 385.40560913
v 318.64871 87.84344 252.00942993
v 318.65167 74.85332 409.35327148
v 318.65558 105.37942 521.90148926
v 318.65839 58.44434 220.23452759
v 318.67023 97.84071 354.30389404
v 318.67261 47.80236 408.34655762
v 318.67764 63.24400 221.32099915
v 318.68118 76.30782 524.94201660
v 318.69196 122.05193 496.61892700
v 318.71381 46.16283 198.70239258
v 318.71545 46.58968 391.32785034
v 318.74512 58.34837 225.74186707
v 318.76184 57.10082 377.54501343
v 318.76328 45.51148 209.83505249
v 318.76456 45.81981 205.55851746
v 318.76755 45.52312 226.78956604
v 318.77237 105.78750 405.49230957
v 318.77496 77.34193 470.63311768
v 318.77527 44.85984 243.05656433
v 318.77661 86.89337 247.57675171
v 318.78720 50.86707 424.51907349
v 318.78738 45.66993 167.73503113
v 318.78806 107.23273 417.08523560
v 318.78891 45.95325 386.00186157
v 318.79141 106.06874 406.44400024
v 318.79266 58.99747 218.20515442
v 318.79498 59.75808 212.96203613
v 318.80725 95.66665 340.70672607
v 318.80853 76.68919 448.10397339
v 318.80862 119.34202 475.42263794
v 318.80927 44.48136 322.78341675
v 318.81064 59.72218 207.51304626
v 318.82129 91.75771 306.58346558
v 318.82343 45.98038 199.88938904
v 318.82404 121.96673 481.44534302
v 318.82693 68.90665 277.75198364
v 318.83212 44.56344 335.33554077
v 318.83865 45.73609 142.85928345
v 318.83884 49.23800 416.47128296
v 318.84363 113.79102 451.36431885
v 318.84521 112.37325 442.48727417
v 318.85370 49.86388 422.50744629
v 318.87408 86.68829 224.10282898
v 318.89716 46.64560 400.69869995
v 318.90860 57.90760 359.15075684
v 318.91489 62.03699 150.67787170
v 318.93646 74.88841 392.97674561
v 318.94547 88.65182 265.02615356
v 318.95502 73.31026 342.43566895
v 318.96381 64.47289 158.07083130
v 318.96930 87.90970 258.50659180
v 318.97165 66.81242 162.37878418
v 318.97760 59.86726 204.62414551
v 318.98532 103.68928 394.69030762
v 318.99622 74.21670 383.19839478
v 318.99637 105.00032 404.07226562
v 319.01978 73.13516 523.68682861
v 319.02261 108.10253 423.02731323
v 319.02704 61.52759 172.48159790
v 319.02744 87.18728 159.69799805
v 319.02985 76.69031 438.26602173
v 319.03656 62.55101 168.46679688
v 319.03864 104.61449 402.47821045
v 319.04291 47.31751 403.26296997
v 319.04684 56.86733 419.18521118
v 319.07416 101.68716 382.99200439
v 319.08279 47.57843 405.03451538
v 319.09357 89.16798 279.11682129
v 319.09665 98.67319 362.68566895
v 319.09677 45.54264 376.26849365
v 319.10385 61.21077 199.53166199
v 319.11368 52.64817 426.57409668
v 319.13565 97.61351 352.34619141
v 319.14517 57.42433 246.06619263
v 319.14737 60.78339 176.23670959
v 319.16229 56.69564 398.11373901
v 319.16956 99.02863 364.37512207
v 319.18137 73.48339 162.08787537
v 319.19229 101.12748 522.58306885
v 319.20172 122.37421 483.19650269
v 319.21033 63.18775 152.31468201
v 319.24167 44.81041 245.48519897
v 319.24533 51.37049 426.11331177
v 319.25674 87.32102 210.11955261
v 319.25803 75.05948 161.72030640
v 319.27084 57.17646 390.25833130
v 319.28476 72.21484 324.40615845
v 319.29980 80.14082 525.71478271
v 319.31216 61.21436 213.66189575
v 319.32208 91.40625 169.03387451
v 319.32382 73.68378 365.85778809
v 319.32901 54.84158 426.30197144
v 319.33139 43.32305 145.57861328
v 319.33798 75.46595 404.87249756
v 319.36493 86.60311 249.81951904
v 319.40164 72.54774 327.78042603
v 319.41226 60.07909 213.17300415
v 319.42963 55.80923 424.91275024
v 319.46042 59.97930 206.75982666
v 319.47980 53.02029 428.17694092
v 319.49219 119.31660 505.51739502
v 319.49628 75.88149 496.75933838
v 319.50211 66.66129 242.13662720
v 319.50223 60.45934 201.72912598
v 319.51535 118.54607 470.74801636
v 319.51941 68.67962 516.12213135
v 319.52206 47.89862 411.24990845
v 319.53571 102.78748 386.14025879
v 319.53647 66.17899 234.02281189
v 319.56396 44.63670 312.89208984
v 319.59070 47.32861 179.27374268
v 319.60065 49.21175 422.39187622
v 319.60260 99.81781 366.24118042
v 319.60632 100.19382 367.88259888
v 319.61371 62.93435 217.22369385
v 319.62061 45.95992 397.77127075
v 319.63107 87.57835 160.89280701
v 319.63867 92.81324 320.55596924
v 319.64090 87.25713 202.83383179
v 319.68185 53.77769 142.52684021
v 319.69299 74.41888 380.03411865
v 319.69330 91.18927 299.37628174
v 319.70081 74.46432 372.46875000
v 319.72128 90.32590 183.69375610
v 319.72479 64.11315 165.35678101
v 319.72635 45.71244 228.60420227
v 319.73721 112.55806 443.30401611
v 319.74783 61.53167 201.57775879
v 319.75168 44.65102 288.35519409
v 319.76215 55.66922 427.09362793
v 319.76245 77.45569 472.40298462
v 319.76477 44.03509 161.26968384
v 319.76877 109.20618 425.69384766
v 319.78305 116.03007 519.07348633
v 319.79782 54.33120 432.41751099
v 319.80533 65.06073 223.70007324
v 319.81625 58.50842 373.25302124
v 319.81708 81.80134 525.92260742
v 319.82599 71.24095 285.38671875
v 319.83228 78.32156 160.07025146
v 319.83981 88.31145 270.56027222
v 319.83984 106.02344 407.39010620
v 319.84348 86.03761 527.00061035
v 319.84418 97.53220 348.71728516
v 319.85092 95.01987 525.09863281
v 319.85587 46.95344 177.95906067
v 319.86847 55.81097 431.22213745
v 319.87057 60.42786 205.67791748
v 319.87131 57.37538 395.62988281
v 319.88748 115.28461 455.02893066
v 319.89294 61.51435 179.86714172
v 319.89352 101.10197 376.99411011
v 319.90936 119.66050 501.82797241
v 319.91119 116.53259 464.33486938
v 319.94931 88.79388 526.95068359
v 319.95203 91.02859 296.62509155
v 319.95380 77.32073 456.36233521
v 319.95441 44.39948 353.07641602
v 319.95682 122.48061 491.94335938
v 319.96066 87.02151 255.32363892
v 319.96982 87.92223 263.89129639
v 319.98126 84.60715 158.98817444
v 319.98233 114.07828 520.64392090
v 319.98651 52.29720 431.61157227
v 319.99118 61.83243 176.85585022
v 319.99277 104.11198 398.52462769
v 319.99460 42.98027 152.17939758
v 319.99597 106.67628 414.63345337
v 319.99667 49.86666 141.72749329
v 319.99881 45.46487 239.69177246
v 319.99963 117.56153 516.91369629
v 320.00360 57.54655 291.76269531
v 320.01392 111.06905 438.96798706
v 320.02325 92.14832 311.59735107
v 320.03601 77.03521 463.10955811
v 320.04889 57.63459 260.85995483
v 320.05176 95.49638 340.51531982
v 320.05472 100.67071 375.24703979
v 320.05774 97.10796 345.84573364
v 320.05951 102.99518 387.62640381
v 320.07422 45.42060 384.21694946
v 320.07846 92.52018 319.69085693
v 320.08539 57.61156 249.97250366
v 320.08743 109.56154 427.72875977
v 320.09235 91.66829 308.09942627
v 320.10007 57.96802 344.52978516
v 320.12003 61.06525 203.97073364
v 320.12537 44.84814 370.88217163
v 320.13165 56.97734 423.86154175
v 320.13184 66.69590 162.30479431
v 320.13586 95.71709 342.09805298
v 320.13977 88.08627 196.31896973
v 320.14041 65.60701 163.23933411
v 320.14148 59.15969 228.15390015
v 320.16028 50.19319 427.07009888
v 320.16040 64.97841 164.37568665
v 320.16452 122.54913 484.65307617
v 320.17154 116.88174 465.60171509
v 320.22852 85.38968 246.56658936
v 320.26663 83.36027 158.96073914
v 320.27704 76.76982 418.73562622
v 320.27942 44.98810 141.36468506
v 320.28214 121.54604 497.00915527
v 320.28738 60.19319 215.01647949
v 320.29376 48.43390 420.11358643
v 320.30151 68.71992 248.07313538
v 320.31985 46.96926 198.39489746
v 320.32404 77.15011 450.74618530
v 320.32776 96.03704 343.36190796
v 320.32785 54.93805 434.56314087
v 320.33017 66.18171 230.62547302
v 320.33850 63.51942 217.39489746
v 320.34079 45.10466 281.37759399
v 320.34091 57.53440 341.60494995
v 320.34290 89.04529 281.83843994
v 320.34570 46.20031 401.62982178
v 320.35898 61.07305 209.56387329
v 320.36093 69.85376 508.83157349
v 320.37021 46.07056 211.01783752
v 320.38623 75.23020 348.48712158
v 320.39151 115.57602 456.66790771
v 320.42462 103.02475 391.69259644
v 320.43143 58.87469 349.20068359
v 320.43146 57.64690 299.40844727
v 320.43738 122.09237 494.72628784
v 320.43997 98.19765 357.60079956
v 320.44186 57.60767 335.83215332
v 320.44577 45.73741 390.52392578
v 320.44910 88.43832 164.67042542
v 320.45297 77.09520 435.49969482
v 320.45828 45.85413 174.94424438
v 320.45874 47.51542 409.42230225
v 320.47293 57.06248 425.84277344
v 320.48172 45.60056 231.81346130
v 320.49231 57.60403 237.35517883
v 320.50592 118.44685 513.73297119
v 320.50610 120.84081 477.40069580
v 320.52597 76.75081 415.00469971
v 320.53986 62.02748 200.62518311
v 320.55051 88.99718 287.29281616
v 320.56091 65.99490 227.55198669
v 320.56369 66.18897 162.63394165
v 320.56537 86.67588 259.89608765
v 320.57028 55.96174 439.43621826
v 320.58563 98.40337 359.74945068
v 320.62207 113.64473 450.89868164
v 320.62689 72.05059 294.98370361
v 320.63739 77.46092 470.15155029
v 320.64172 55.27473 440.11718750
v 320.67902 43.55565 142.21842957
v 320.68762 94.80200 332.14959717
v 320.70273 49.48086 426.64617920
v 320.72855 75.88817 387.59082031
v 320.74176 85.76614 204.59986877
v 320.74557 93.21632 525.33239746
v 320.75073 45.71864 399.97155762
v 320.75488 96.46356 524.61590576
v 320.75830 65.63269 160.87939453
v 320.77451 64.27061 167.57162476
v 320.78467 118.42731 469.55444336
v 320.80264 57.55546 429.79507446
v 320.80746 58.83437 346.74111938
v 320.80750 44.51138 365.46826172
v 320.80972 99.31554 366.64022827
v 320.81262 75.72192 384.40228271
v 320.81671 57.90533 235.21092224
v 320.82675 89.39596 290.92254639
v 320.83905 108.78822 425.02847290
v 320.84369 116.02330 461.79779053
v 320.85059 52.33845 434.85644531
v 320.85419 63.64764 168.10450745
v 320.86011 84.70720 213.80490112
v 320.87332 44.52160 341.02795410
v 320.87573 69.22855 256.22039795
v 320.88458 44.96935 334.42596436
v 320.90335 119.04041 503.19787598
v 320.91028 71.82410 161.62861633
v 320.91858 45.40671 375.17044067
v 320.93939 77.66294 456.21679688
v 320.93967 70.68905 521.16107178
v 320.94022 111.80426 440.87036133
v 320.94620 104.46265 404.32394409
v 320.95474 45.44938 245.14443970
v 320.95514 61.52464 199.79266357
v 320.95743 69.74728 259.64508057
v 320.95920 50.89737 432.42639160
v 320.96545 98.40660 363.39242554
v 320.96628 109.69315 431.55249023
v 320.96988 65.95187 221.67895508
v 320.97479 91.34207 525.69171143
v 320.97852 72.37685 302.99465942
v 320.99249 57.41525 439.63500977
v 320.99356 87.95879 277.08984375
v 321.00281 65.44007 163.92427063
v 321.00836 107.45969 421.63760376
v 321.01489 62.87625 212.25556946
v 321.02420 59.57036 219.35083008
v 321.02444 87.27587 194.92384338
v 321.02573 57.42651 434.03509521
v 321.02875 77.51551 467.96340942
v 321.02917 47.56285 139.92285156
v 321.04132 61.51847 195.49932861
v 321.04327 61.98554 202.87236023
v 321.04605 54.24868 440.84066772
v 321.04874 109.19079 426.52380371
v 321.05734 90.31676 296.06320190
v 321.05811 72.92145 306.72866821
v 321.05957 46.95738 200.20362854
v 321.05981 85.13652 159.63238525
v 321.06213 44.87100 371.33496094
v 321.07010 58.87944 232.90600586
v 321.07022 75.45522 330.90783691
v 321.07980 47.02330 403.74139404
v 321.09427 110.66536 437.74728394
v 321.09442 45.13816 167.58061218
v 321.09610 76.18616 368.77725220
v 321.09656 90.01272 168.91595459
v 321.09793 62.20156 174.39852905
v 321.10022 115.33212 455.62643433
v 321.10797 47.03796 178.82292175
v 321.11246 97.42770 354.05538940
v 321.12317 80.43843 159.36508179
v 321.12552 43.11944 160.40583801
v 321.12643 117.55823 515.97296143
v 321.13983 61.77983 177.03871155
v 321.14337 77.13689 393.71173096
v 321.14716 42.57236 157.32113647
v 321.15582 56.68190 442.68286133
v 321.15604 48.76021 424.27963257
v 321.15723 55.96801 442.89205933
v 321.16599 77.14754 411.97381592
v 321.17285 46.19187 176.95787048
v 321.17380 60.92970 204.50033569
v 321.18076 98.73799 365.70785522
v 321.18307 45.26644 288.14205933
v 321.21103 57.94688 411.04745483
v 321.21204 73.78026 309.61560059
v 321.22797 71.23985 278.62927246
v 321.23560 93.98333 326.66903687
v 321.23630 65.14816 164.93383789
v 321.25018 70.83504 262.64801025
v 321.26605 68.07286 234.36669922
v 321.26898 58.06674 399.34255981
v 321.26920 76.35289 385.54492188
v 321.27771 91.00632 302.77148438
v 321.28024 61.08384 206.86468506
v 321.29816 110.86182 521.35302734
v 321.30307 60.46374 212.20042419
v 321.30402 59.23592 374.13421631
v 321.31314 61.67068 179.82145691
v 321.31726 69.13284 519.14666748
v 321.32172 69.85713 246.63168335
v 321.32327 62.17893 195.33869934
v 321.32806 87.38628 188.88555908
v 321.32944 96.95393 347.80667114
v 321.37070 78.86477 159.52790833
v 321.38516 64.86644 217.41160583
v 321.39978 92.22184 319.69589233
v 321.40964 46.63607 139.70341492
v 321.41858 100.79919 381.19766235
v 321.43195 83.84135 159.55928040
v 321.44864 62.00110 199.11877441
v 321.47064 83.92554 213.06172180
v 321.48990 70.62463 506.30584717
v 321.51068 112.60340 520.94006348
v 321.51163 59.03322 381.98239136
v 321.52966 89.72383 178.60215759
v 321.53024 44.34916 163.41323853
v 321.53427 60.19163 215.29890442
v 321.53546 61.76519 192.56898499
v 321.55560 114.83142 454.23565674
v 321.55905 121.32631 478.19293213
v 321.56369 74.65656 313.83630371
v 321.57843 85.50010 260.13214111
v 321.57971 77.90074 438.26797485
v 321.58127 46.09776 231.38291931
v 321.58557 45.73063 175.54869080
v 321.59537 61.99744 201.90982056
v 321.59564 77.85566 421.79122925
v 321.60855 87.06710 273.94235229
v 321.61047 59.35589 391.15097046
v 321.62549 45.86287 253.31608582
v 321.63034 45.98069 241.50682068
v 321.63553 102.94823 395.53890991
v 321.64066 57.94256 442.22384644
v 321.64227 68.97020 509.90112305
v 321.66309 83.63057 249.31388855
v 321.66815 57.25873 266.77078247
v 321.66852 42.52953 143.34695435
v 321.67468 76.44090 342.62316895
v 321.67950 47.82576 420.32855225
v 321.67966 64.21858 211.74073792
v 321.68192 63.41793 174.39295959
v 321.68655 100.30463 377.39083862
v 321.69870 76.26735 335.16976929
v 321.69946 120.81176 497.46679688
v 321.70007 107.03532 419.13281250
v 321.70120 122.11575 481.19451904
v 321.70276 62.08867 202.84480286
v 321.70346 76.98968 490.14953613
v 321.70679 70.49111 257.24325562
v 321.71304 58.19273 424.44317627
v 321.71320 119.19080 473.08712769
v 321.71686 45.69683 400.38827515
v 321.71887 68.52182 517.37500000
v 321.73050 77.79848 401.92504883
v 321.73422 62.27344 180.52795410
v 321.73801 89.05914 291.79074097
v 321.74164 88.31975 283.27493286
v 321.74292 91.13498 308.35467529
v 321.75378 99.05840 370.32699585
v 321.75806 77.84440 429.14657593
v 321.75977 68.49114 511.99395752
v 321.76004 57.71228 318.63574219
v 321.76602 106.05704 413.99063110
v 321.77365 52.80130 440.33615112
v 321.78494 85.02505 257.24768066
v 321.80096 57.92636 343.44485474
v 321.81424 104.45355 406.35906982
v 321.82565 59.23967 347.67111206
v 321.82645 86.24921 266.17831421
v 321.83377 72.37746 281.86273193
v 321.83783 88.34760 286.80065918
v 321.84924 48.97359 428.70397949
v 321.84979 73.63052 297.96844482
v 321.86023 57.50283 312.97198486
v 321.87158 65.62150 163.35568237
v 321.88995 67.95160 228.63833618
v 321.89221 101.94008 391.41159058
v 321.90213 59.26753 230.96659851
v 321.90472 77.30377 488.32067871
v 321.91901 95.05225 336.82049561
v 321.91989 97.40461 356.35925293
v 321.92294 109.51546 431.65603638
v 321.92361 62.52888 178.37889099
v 321.92365 77.59811 385.56091309
v 321.92563 83.56194 252.30078125
v 321.92722 97.99586 359.73333740
v 321.93018 60.47259 207.84764099
v 321.94431 45.89995 311.39904785
v 321.94614 77.20190 524.69317627
v 321.95096 45.43064 316.86596680
v 321.96329 74.10079 305.59490967
v 321.98129 57.52446 259.59170532
v 321.98407 61.95092 204.28063965
v 321.98953 118.15039 468.55615234
v 321.99893 80.56973 524.95666504
v 322.00281 45.79478 139.70118713
v 322.00543 84.47923 203.39653015
v 322.00562 69.18682 234.93208313
v 322.00699 45.40410 397.09338379
v 322.01746 51.01409 435.16226196
v 322.01981 58.48704 434.75698853
v 322.03174 101.02615 384.91473389
v 322.03244 88.64910 525.58190918
v 322.03549 117.02879 465.95419312
v 322.04047 75.40950 318.49838257
v 322.05524 82.99699 209.60343933
v 322.06314 107.55369 423.58203125
v 322.07184 55.72480 444.56304932
v 322.07462 85.13918 197.35955811
v 322.08655 73.44106 291.45788574
v 322.09100 78.31281 412.37857056
v 322.09186 58.64782 417.50415039
v 322.09189 59.68438 219.10350037
v 322.09616 70.77612 242.10215759
v 322.09906 71.98956 503.73449707
v 322.10510 67.94305 221.45967102
v 322.11240 119.87366 475.07604980
v 322.12079 78.02362 347.46276855
v 322.13687 63.98008 169.84371948
v 322.14230 73.34772 284.61959839
v 322.14383 57.96285 235.75997925
v 322.15158 47.39265 139.07464600
v 322.15378 60.97041 205.44883728
v 322.15436 51.99604 140.87875366
v 322.16373 43.67113 141.00526428
v 322.16617 66.62029 157.29321289
v 322.16974 68.35273 161.16989136
v 322.17258 48.80818 139.31556702
v 322.17285 72.44764 266.81002808
v 322.17462 78.39587 402.27734375
v 322.18188 58.72020 441.33007812
v 322.20096 55.85053 141.52429199
v 322.20377 62.70634 205.76933289
v 322.21851 59.50845 351.90292358
v 322.22510 111.08428 440.20797729
v 322.23172 46.25556 300.87649536
v 322.23300 62.16290 177.66139221
v 322.23926 46.28223 234.96406555
v 322.24399 78.41038 363.34161377
v 322.24640 46.23073 287.95489502
v 322.25391 41.85617 146.08506775
v 322.25418 59.62088 393.59875488
v 322.26422 71.65631 257.20837402
v 322.27222 79.21231 394.55004883
v 322.29199 98.16364 366.71752930
v 322.33319 87.89919 287.48651123
v 322.35501 88.75811 293.02883911
v 322.35770 87.45989 281.35540771
v 322.38651 78.51180 453.96496582
v 322.38718 45.02305 366.86953735
v 322.39206 72.96582 280.81268311
v 322.40182 64.58456 168.97210693
v 322.40231 75.49098 309.65194702
v 322.40491 43.90285 162.15457153
v 322.40753 112.32034 443.83700562
v 322.42499 85.46432 192.14430237
v 322.42990 57.89078 444.89810181
v 322.45493 56.18139 446.21621704
v 322.48962 89.41159 300.47210693
v 322.49274 89.04387 176.15419006
v 322.50552 59.08795 346.47463989
v 322.51703 54.62135 445.26376343
v 322.53601 60.30455 212.82534790
v 322.54645 47.46481 181.65335083
v 322.54776 73.91900 160.24147034
v 322.56656 65.86662 207.36303711
v 322.57275 86.16245 277.30780029
v 322.58167 42.55378 158.42768860
v 322.58484 113.22577 450.23071289
v 322.58606 57.04042 295.18801880
v 322.59161 84.92587 160.92480469
v 322.59482 64.31207 200.69877625
v 322.59509 82.75074 159.84822083
v 322.59967 62.39223 192.96017456
v 322.60013 76.04002 494.39810181
v 322.60132 78.85214 436.51818848
v 322.60745 45.82957 333.76278687
v 322.61475 77.63721 335.25738525
v 322.61856 83.64171 202.21469116
v 322.62201 83.48924 256.16421509
v 322.63834 78.22687 467.59237671
v 322.64001 102.30143 395.84985352
v 322.65210 79.22377 422.22073364
v 322.65497 62.20993 200.32162476
v 322.66031 63.26387 196.69236755
v 322.66135 58.81663 345.51382446
v 322.68295 87.00446 525.25903320
v 322.69110 81.01369 159.51017761
v 322.69977 70.29825 231.44129944
v 322.70090 69.47264 221.13085938
v 322.70139 45.76357 375.58084106
v 322.71799 59.32400 144.19750977
v 322.71939 57.52647 449.29760742
v 322.72214 72.13758 239.66780090
v 322.75507 73.40237 260.58074951
v 322.75687 59.38601 397.95001221
v 322.75882 43.03899 160.29051208
v 322.76566 59.55737 223.83866882
v 322.77710 122.19434 489.50805664
v 322.78790 81.42139 390.67471313
v 322.78818 103.29794 402.29046631
v 322.78882 47.48148 198.02143860
v 322.79874 92.18471 323.33984375
v 322.80292 59.26672 439.90655518
v 322.80585 45.68507 388.68972778
v 322.80884 79.12012 426.43243408
v 322.81528 81.72681 369.77221680
v 322.82129 79.69792 402.08959961
v 322.84290 90.33728 307.29559326
v 322.84940 81.30168 250.51255798
v 322.86191 51.80993 440.56604004
v 322.86426 53.59994 444.89364624
v 322.86551 67.58514 161.25210571
v 322.86658 57.65919 243.78033447
v 322.87094 74.55423 290.43753052
v 322.88556 101.54611 522.61627197
v 322.88776 84.89040 272.51702881
v 322.88788 57.37339 302.15933228
v 322.88904 80.03971 362.47174072
v 322.88995 64.69663 198.98060608
v 322.90384 108.85463 428.20816040
v 322.91046 58.78207 449.13327026
v 322.91830 71.20529 522.17907715
v 322.91846 93.80593 330.35552979
v 322.91953 74.60643 284.87304688
v 322.95132 122.14454 482.82415771
v 322.95279 61.68701 203.76136780
v 322.96902 66.87188 155.70068359
v 322.96933 77.60519 324.18634033
v 322.97873 78.01833 471.68231201
v 322.98538 47.12995 252.64292908
v 322.98813 45.40066 394.14425659
v 322.99377 68.14726 212.84580994
v 323.00089 46.90631 234.77355957
v 323.01654 83.50520 265.93978882
v 323.02148 96.73740 354.25778198
v 323.02448 87.41548 290.72427368
v 323.02563 86.52750 286.98712158
v 323.03271 59.22593 420.19207764
v 323.04108 57.62854 318.79302979
v 323.05313 74.06510 499.98379517
v 323.06061 45.42591 368.18099976
v 323.06088 64.47970 169.41831970
v 323.06317 107.36742 424.62805176
v 323.06516 80.54195 210.41526794
v 323.06668 47.48776 256.74252319
v 323.07721 66.29980 162.30331421
v 323.08060 78.95550 456.06500244
v 323.08432 42.26488 153.47653198
v 323.08511 74.36092 278.32723999
v 323.09015 94.63136 341.13766479
v 323.09424 59.59256 382.79531860
v 323.09439 58.66535 233.74308777
v 323.09531 48.25809 424.50051880
v 323.10010 86.09579 282.56259155
v 323.10681 45.39814 341.98800659
v 323.11835 80.45394 416.11926270
v 323.14166 46.62860 138.98213196
v 323.15915 83.11562 392.85290527
v 323.15945 59.67447 363.19738770
v 323.16452 119.90780 475.28634644
v 323.16483 63.94948 176.06405640
v 323.17911 71.91624 230.75979614
v 323.18765 45.77506 174.86087036
v 323.19193 47.03418 403.34750366
v 323.19614 57.66645 341.53002930
v 323.19891 67.17724 159.21517944
v 323.20377 45.28085 139.60633850
v 323.20825 74.11358 238.48814392
v 323.23938 41.76237 144.57302856
v 323.24759 58.04029 235.24981689
v 323.24933 79.71541 211.12437439
v 323.26624 81.13007 363.09457397
v 323.27280 81.77790 257.31185913
v 323.28830 79.72885 251.09582520
v 323.29980 69.95541 214.40074158
v 323.31339 81.84119 200.21029663
v 323.31363 105.64386 416.24514771
v 323.31754 46.03085 386.24652100
v 323.32224 46.46846 315.69128418
v 323.34528 78.66061 460.18453979
v 323.34821 83.21855 369.07449341
v 323.37720 63.41329 194.61340332
v 323.37790 61.96964 197.07911682
v 323.38062 83.64520 274.99377441
v 323.38602 59.70916 443.29681396
v 323.39032 60.17824 390.93054199
v 323.39154 58.76663 451.01748657
v 323.39230 87.22375 524.95855713
v 323.39368 84.16759 281.32348633
v 323.39688 47.83501 228.64852905
v 323.43457 46.94407 177.95077515
v 323.43576 120.92150 477.25775146
v 323.43756 75.08484 245.95768738
v 323.44559 76.26540 249.97410583
v 323.45926 78.02142 208.32455444
v 323.45981 73.54586 229.90409851
v 323.46115 46.53673 334.45431519
v 323.46490 82.79343 365.55743408
v 323.47443 96.85327 524.35601807
v 323.48239 71.69386 214.47584534
v 323.48889 72.77185 209.58287048
v 323.49808 54.92894 451.38705444
v 323.51044 76.89306 289.72338867
v 323.51093 66.94758 161.33692932
v 323.52060 95.21676 346.66635132
v 323.52344 68.02968 512.93853760
v 323.52856 91.72616 323.09161377
v 323.53577 67.72955 200.46562195
v 323.53598 59.13672 227.00552368
v 323.54501 84.16608 394.05804443
v 323.54816 80.37565 342.52951050
v 323.54868 77.44945 299.33493042
v 323.55362 74.71174 159.72727966
v 323.55695 81.44743 350.48721313
v 323.56390 47.40457 405.43197632
v 323.56732 57.11799 312.72610474
v 323.56827 60.02070 396.24441528
v 323.56888 76.88037 245.34005737
v 323.56982 46.06496 373.34045410
v 323.57083 79.99237 266.15142822
v 323.57291 84.23217 287.31381226
v 323.59332 75.38796 229.50592041
v 323.59796 78.50294 257.52444458
v 323.60010 59.91436 447.74188232
v 323.60706 117.81513 468.22503662
v 323.61566 118.53414 502.44558716
v 323.61713 62.60838 181.37390137
v 323.61816 113.65702 453.04696655
v 323.63315 72.14551 206.79415894
v 323.63953 57.12997 258.65597534
v 323.64078 42.46682 142.62500000
v 323.64142 80.09274 335.99584961
v 323.65237 50.70255 437.29327393
v 323.66739 56.11765 267.18035889
v 323.67136 41.65003 149.65112305
v 323.67368 74.38483 207.14401245
v 323.67911 83.84142 399.57476807
v 323.69638 58.08585 141.75442505
v 323.69672 47.47363 180.07119751
v 323.70056 79.53484 203.51184082
v 323.70349 83.89219 389.75042725
v 323.70367 60.36989 207.05680847
v 323.71448 63.79812 174.73953247
v 323.71817 57.21717 247.42834473
v 323.72000 80.41834 287.44332886
v 323.72382 56.16950 293.90090942
v 323.72382 115.92532 462.05441284
v 323.73633 99.72652 386.18917847
v 323.74133 77.60482 205.54391479
v 323.76083 65.34831 196.92366028
v 323.76212 118.28907 507.21542358
v 323.77209 48.52831 138.62089539
v 323.78491 78.26949 289.64218140
v 323.78717 83.11139 160.51847839
v 323.82123 59.50313 353.52343750
v 323.82794 45.57241 393.10632324
v 323.83014 82.40546 414.32382202
v 323.83752 58.17543 456.36737061
v 323.84055 62.54977 190.32455444
v 323.89114 82.44984 287.90115356
v 323.89310 52.43624 445.71047974
v 323.90424 59.61625 379.47930908
v 323.90662 99.96217 392.14828491
v 323.90753 110.37901 439.73223877
v 323.91406 49.18409 433.61077881
v 323.93823 81.04263 288.12030029
v 323.94086 85.07159 291.04507446
v 323.94156 106.27721 422.75854492
v 323.94925 96.68956 367.11929321
v 323.94940 59.49754 218.24331665
v 323.95312 57.50422 333.79696655
v 323.96619 67.88586 511.46136475
v 323.96854 47.56808 186.40992737
v 323.97165 61.54708 202.29821777
v 323.99176 48.19015 210.77421570
v 323.99448 63.01694 178.89395142
v 323.99689 93.27522 332.04406738
v 324.00058 84.52453 161.77360535
v 324.00662 77.85602 292.94030762
v 324.00845 64.95905 148.69610596
v 324.02628 60.28791 414.01815796
v 324.02643 53.97791 451.90692139
v 324.02951 84.70246 406.22409058
v 324.03256 59.77792 454.49575806
v 324.04495 45.49345 170.00651550
v 324.04507 78.60177 471.50454712
v 324.05084 72.94627 205.37980652
v 324.05698 57.48383 237.71530151
v 324.06055 121.89345 483.54721069
v 324.07288 100.30493 522.90264893
v 324.08524 47.91874 311.59887695
v 324.10721 47.54030 420.21487427
v 324.10849 108.00837 428.54730225
v 324.10864 48.37702 206.50408936
v 324.11584 58.80720 457.32580566
v 324.11700 93.57741 335.83139038
v 324.12823 93.77188 341.35580444
v 324.13376 58.58284 232.28727722
v 324.13516 90.12300 313.09649658
v 324.13559 62.55890 185.40266418
v 324.13654 74.83366 205.46455383
v 324.13989 57.33899 457.47439575
v 324.13992 90.82114 320.64361572
v 324.15024 66.01221 162.95391846
v 324.15546 101.02634 396.93630981
v 324.17313 45.95517 398.34439087
v 324.18027 76.50919 492.37490845
v 324.18118 68.97176 160.01780701
v 324.19824 55.61784 293.27746582
v 324.21262 62.99960 190.64605713
v 324.21957 56.60469 261.83007812
v 324.23730 58.12810 345.34368896
v 324.24048 57.65839 235.77761841
v 324.24573 95.68912 355.32501221
v 324.25522 108.53658 432.76968384
v 324.26389 83.74802 189.32540894
v 324.26685 47.49065 334.14657593
v 324.26950 45.88579 391.02224731
v 324.27411 98.12336 378.82467651
v 324.28320 109.97393 437.63562012
v 324.29376 84.55025 185.37307739
v 324.30225 95.92586 524.42004395
v 324.30402 64.20465 176.28860474
v 324.31223 59.66047 425.20031738
v 324.32169 59.15367 224.65353394
v 324.34998 89.00388 308.84124756
v 324.36084 46.63411 342.37765503
v 324.36569 57.09258 245.90583801
v 324.36597 79.46249 328.86407471
v 324.38651 96.24589 371.22732544
v 324.39307 121.65209 490.59683228
v 324.42511 63.82461 175.56672668
v 324.45288 68.07306 198.07673645
v 324.45801 80.49572 441.23614502
v 324.46237 49.73198 299.43673706
v 324.46384 49.53244 254.57791138
v 324.48029 54.66182 454.85815430
v 324.48279 79.90952 331.44827271
v 324.51224 44.14317 162.03625488
v 324.51730 112.32277 446.97610474
v 324.52087 82.99588 349.30606079
v 324.53336 59.72425 434.09597778
v 324.53372 116.73318 466.42495728
v 324.54004 92.13619 329.95016479
v 324.54346 48.58440 248.81034851
v 324.55151 102.40336 407.10360718
v 324.55667 118.42535 500.83734131
v 324.56030 57.00855 316.88134766
v 324.57230 90.20007 320.10653687
v 324.57513 60.19896 387.56060791
v 324.57968 96.25148 373.45745850
v 324.57993 48.18916 424.98559570
v 324.58340 59.28189 357.98632812
v 324.59601 41.52423 146.46914673
v 324.60178 60.40358 411.76293945
v 324.61111 95.13059 360.76440430
v 324.61658 48.71609 305.41915894
v 324.62244 119.28063 474.25350952
v 324.62781 58.98855 350.77774048
v 324.64087 47.86437 317.55331421
v 324.64542 47.06475 361.94497681
v 324.64801 48.37833 430.44781494
v 324.65076 117.86826 508.77609253
v 324.67310 48.03294 328.81466675
v 324.67770 55.10291 265.71640015
v 324.70282 43.17548 141.27755737
v 324.72684 77.61051 478.32031250
v 324.74188 118.86685 498.64147949
v 324.74347 59.35834 212.35946655
v 324.74649 41.90713 144.37251282
v 324.75354 87.87215 307.30642700
v 324.75702 62.52060 180.38424683
v 324.76202 93.81036 345.13061523
v 324.76328 45.93222 172.74871826
v 324.76691 48.74929 221.79795837
v 324.77014 82.34283 425.30993652
v 324.77380 85.42439 410.73733521
v 324.77747 67.61318 512.64660645
v 324.77969 85.33678 366.25216675
v 324.78137 56.27034 313.82894897
v 324.78287 82.34457 336.25717163
v 324.78326 57.28149 333.92132568
v 324.78476 48.57864 432.35110474
v 324.78745 56.34058 303.49014282
v 324.79153 47.82933 198.23229980
v 324.79944 80.97190 290.01364136
v 324.80435 56.26030 250.44035339
v 324.80493 61.10015 197.44447327
v 324.81921 60.85015 451.14123535
v 324.82166 81.77381 290.06417847
v 324.82370 86.65694 393.36990356
v 324.82449 82.54384 432.09841919
v 324.83032 57.31260 328.98541260
v 324.83044 104.23162 416.24078369
v 324.83060 47.06243 387.17852783
v 324.83334 55.88443 300.26797485
v 324.83606 49.37193 303.16351318
v 324.85928 79.49036 313.92337036
v 324.86255 72.23024 523.29980469
v 324.86273 85.58710 386.88320923
v 324.86633 67.51697 154.03524780
v 324.86957 56.25956 258.84002686
v 324.87289 83.53175 359.50256348
v 324.87720 80.63248 321.15719604
v 324.88434 95.43749 372.37261963
v 324.88498 60.06770 436.38333130
v 324.90399 84.10579 414.86212158
v 324.90994 87.01550 403.65206909
v 324.91113 84.22620 362.62899780
v 324.91840 86.50911 304.09863281
v 324.92838 84.85519 295.44549561
v 324.92960 61.00050 454.14129639
v 324.93668 105.70740 424.30438232
v 324.93860 94.52486 355.70135498
v 324.94522 64.02443 192.07707214
v 324.94736 83.03214 420.77471924
v 324.95291 77.08508 202.69839478
v 324.97266 55.65252 262.79559326
v 324.97891 57.44552 343.47235107
v 324.97952 120.78998 478.19644165
v 324.98111 52.84798 452.20968628
v 324.98239 76.37411 524.46350098
v 324.99301 81.43281 438.65310669
v 325.00632 89.04214 314.42276001
v 325.02206 94.88668 365.59558105
v 325.03033 96.32747 376.59875488
v 325.03894 58.78458 459.09384155
v 325.04977 51.28854 444.71932983
v 325.05026 78.57372 199.56585693
v 325.05356 59.45311 208.76004028
v 325.06210 49.40886 310.74307251
v 325.06937 80.19736 291.88165283
v 325.07047 48.87983 334.69436646
v 325.07779 57.71393 459.39764404
v 325.08215 54.55891 297.82827759
v 325.08652 90.32923 324.68493652
v 325.08765 48.11470 339.87423706
v 325.09235 52.33937 139.01268005
v 325.10208 75.69994 203.13052368
v 325.10226 48.25037 201.42951965
v 325.10468 47.31208 367.44387817
v 325.11371 81.99088 190.02401733
v 325.12140 75.65340 159.34471130
v 325.12231 56.71875 322.79241943
v 325.12854 46.35922 391.92874146
v 325.12869 98.22750 392.14950562
v 325.13657 49.20386 326.17169189
v 325.13702 91.68920 333.36187744
v 325.14630 45.93165 139.57061768
v 325.15646 84.34354 347.99490356
v 325.16638 61.48260 418.13467407
v 325.16687 81.34909 320.96942139
v 325.16739 79.89784 193.67889404
v 325.17078 55.64676 314.02993774
v 325.17236 49.42327 228.81648254
v 325.17297 83.33241 342.06713867
v 325.17783 81.17494 328.72799683
v 325.18613 93.66633 361.92309570
v 325.19305 51.38107 298.74127197
v 325.19815 62.21360 191.13470459
v 325.19843 60.48698 409.89468384
v 325.20239 93.77381 356.27691650
v 325.20749 70.64300 198.04574585
v 325.22006 51.43415 255.99584961
v 325.22400 58.89203 358.31967163
v 325.22537 88.79646 321.25491333
v 325.22681 81.39928 446.89630127
v 325.22821 91.74567 336.52273560
v 325.22833 49.25982 207.71488953
v 325.23547 80.35977 294.23971558
v 325.24023 85.77418 305.14471436
v 325.25339 81.38469 291.48107910
v 325.25507 91.83981 343.28491211
v 325.26434 70.57516 159.44821167
v 325.27646 53.59496 266.61761475
v 325.27695 55.95223 246.15098572
v 325.28076 73.18257 201.61370850
v 325.28363 50.05605 244.02182007
v 325.29666 58.76954 222.06108093
v 325.29880 85.96404 167.46543884
v 325.30283 42.27755 154.33065796
v 325.31125 57.81485 347.60989380
v 325.31299 84.10206 427.63308716
v 325.31589 49.13327 205.14268494
v 325.32043 86.55787 308.14968872
v 325.33145 50.57882 439.46478271
v 325.33258 85.33519 361.79473877
v 325.33432 50.33412 250.10679626
v 325.33521 55.33187 458.08343506
v 325.34634 50.20779 304.90579224
v 325.34756 87.20972 411.05044556
v 325.34900 84.16657 421.95623779
v 325.35495 47.69841 405.96154785
v 325.35590 74.52498 202.27381897
v 325.35654 52.16238 298.65621948
v 325.36411 84.18409 335.42718506
v 325.36420 87.10379 386.89340210
v 325.37695 83.73288 430.91180420
v 325.38058 42.77612 157.60087585
v 325.38193 93.89051 373.68420410
v 325.38193 99.44693 397.71737671
v 325.38583 87.17639 365.33926392
v 325.38638 65.57804 192.83950806
v 325.39355 81.08971 313.84085083
v 325.39737 93.85479 367.55917358
v 325.39914 108.16460 521.71191406
v 325.40915 64.74093 170.64892578
v 325.41330 77.37852 199.90502930
v 325.41824 57.95577 227.24467468
v 325.42786 46.38742 394.26916504
v 325.43704 87.79583 316.26550293
v 325.44098 54.88363 315.35403442
v 325.44437 88.33553 405.98181152
v 325.44675 83.49416 296.37673950
v 325.44958 75.99428 201.54913330
v 325.45007 115.20242 459.65737915
v 325.45029 50.07742 315.14508057
v 325.45160 56.92880 335.49206543
v 325.45801 84.53121 163.66238403
v 325.46176 47.93830 375.77786255
v 325.46365 74.20441 524.18103027
v 325.48004 50.30971 437.71859741
v 325.48196 87.89411 383.81753540
v 325.48462 56.85452 240.43409729
v 325.48557 110.37589 443.03759766
v 325.49890 63.29340 186.07249451
v 325.50165 83.00759 330.05078125
v 325.50378 85.89934 359.65008545
v 325.50699 92.02016 347.11666870
v 325.50912 52.23369 262.14868164
v 325.50961 56.84970 236.64640808
v 325.51993 51.17097 250.45068359
v 325.52048 67.45471 509.40786743
v 325.52148 116.37511 466.09582520
v 325.52942 90.13146 335.77783203
v 325.53879 86.98569 322.90582275
v 325.54065 54.82908 260.25659180
v 325.54776 83.13234 319.11416626
v 325.54788 59.95781 459.67810059
v 325.54904 55.02935 246.51385498
v 325.55386 82.00557 295.78240967
v 325.55441 85.56023 177.13908386
v 325.56070 59.21682 367.95349121
v 325.56091 89.53424 343.24087524
v 325.58173 78.17472 159.48237610
v 325.58279 83.97926 306.07638550
v 325.59326 92.54751 380.17019653
v 325.59662 101.88558 410.48416138
v 325.59802 85.85268 341.85061646
v 325.59897 53.83910 301.69271851
v 325.60352 66.04684 165.21316528
v 325.60727 86.40739 333.60638428
v 325.61502 89.79947 362.41064453
v 325.61987 51.41941 325.12872314
v 325.62070 86.13776 317.27908325
v 325.62207 56.28909 460.35986328
v 325.62546 97.20108 392.50247192
v 325.63367 91.65794 369.85586548
v 325.64429 53.08926 260.94979858
v 325.65363 55.10717 322.85742188
v 325.65515 78.01750 477.23617554
v 325.66446 57.12585 345.28152466
v 325.66583 51.99546 245.97335815
v 325.66812 77.64112 194.14892578
v 325.67102 47.25692 175.85398865
v 325.67850 61.56987 193.40190125
v 325.67853 57.15047 233.34082031
v 325.69333 51.90556 304.11871338
v 325.69394 89.29395 386.59515381
v 325.70157 49.77129 221.09294128
v 325.70325 53.01671 323.80511475
v 325.70456 57.56557 461.97985840
v 325.70917 60.95243 412.44927979
v 325.71808 50.37468 335.22778320
v 325.72217 73.04616 196.23713684
v 325.72357 60.54670 433.55267334
v 325.73297 80.34253 461.99804688
v 325.74182 121.17804 481.79187012
v 325.74463 58.23659 211.33085632
v 325.74481 58.22922 353.45166016
v 325.74777 41.86723 152.24346924
v 325.74951 63.99216 177.08135986
v 325.75137 82.65092 439.31744385
v 325.75381 88.01794 424.31579590
v 325.76102 59.35601 373.75686646
v 325.77017 90.36135 413.74874878
v 325.77832 48.39919 364.89682007
v 325.78403 58.24658 222.35699463
v 325.78662 69.67024 159.55245972
v 325.78809 81.75365 186.39726257
v 325.79724 59.29172 206.29457092
v 325.80585 49.64262 358.46426392
v 325.82712 98.40904 397.47583008
v 325.85910 43.71099 142.19602966
v 325.86444 68.07677 516.70446777
v 325.86673 72.95597 500.45593262
v 325.86694 88.93701 419.56008911
v 325.87134 111.81873 447.23019409
v 325.89417 41.89406 146.42041016
v 325.90536 99.82992 522.76879883
v 325.90860 59.35843 464.42733765
v 325.91122 44.27242 161.24026489
v 325.91498 53.80654 243.92559814
v 325.93945 56.40221 241.45068359
v 325.96283 101.63110 414.63717651
v 325.98593 56.40234 336.15975952
v 326.01047 59.89849 386.71310425
v 326.01736 101.14629 411.17605591
v 326.02048 48.53701 198.16128540
v 326.02563 56.40931 329.58532715
v 326.02704 93.88579 384.76300049
v 326.02930 62.63292 180.78059387
v 326.03036 60.22125 388.13748169
v 326.03278 92.53370 384.81719971
v 326.05054 50.37683 344.86471558
v 326.05621 68.18902 160.35273743
v 326.05637 49.95871 436.86676025
v 326.06064 60.58345 398.29000854
v 326.07291 118.20740 498.44696045
v 326.08279 64.89677 171.23068237
v 326.08536 61.93975 415.10656738
v 326.09268 49.25025 435.44351196
v 326.09277 55.69139 242.44905090
v 326.10300 82.83016 445.27920532
v 326.11899 48.43414 186.63522339
v 326.12970 51.39129 227.35116577
v 326.13019 62.19743 417.02362061
v 326.13062 61.59836 458.64718628
v 326.14008 48.48292 181.45237732
v 326.14252 50.68390 206.04852295
v 326.14261 83.65504 441.77874756
v 326.14301 57.80383 360.38729858
v 326.15521 51.47611 237.53649902
v 326.17578 59.78168 198.43484497
v 326.17657 47.79441 402.48846436
v 326.17896 82.34520 453.46237183
v 326.20544 55.49714 326.81817627
v 326.20657 102.20445 418.75634766
v 326.20837 58.72210 465.73117065
v 326.22269 55.91285 241.12579346
v 326.22781 61.23606 462.45080566
v 326.23035 56.69519 350.77627563
v 326.23767 61.60962 441.92114258
v 326.24231 85.28502 433.43325806
v 326.24557 49.09843 138.57939148
v 326.25269 110.68952 520.94323730
v 326.27542 60.95712 465.69384766
v 326.27698 49.46423 375.32135010
v 326.29025 82.85381 450.53240967
v 326.30228 59.17250 202.11665344
v 326.30981 51.22941 221.04750061
v 326.30994 50.09245 370.44952393
v 326.31094 96.54182 397.04629517
v 326.31223 58.80563 369.56036377
v 326.32819 55.74968 335.98040771
v 326.33801 77.53194 484.96780396
v 326.34683 55.64506 236.17243958
v 326.35403 64.46677 175.38591003
v 326.36298 57.16451 208.37626648
v 326.36423 61.53162 192.37005615
v 326.36575 98.57943 406.17446899
v 326.37283 55.75591 330.24945068
v 326.37347 45.99389 140.88995361
v 326.37479 113.07930 454.44760132
v 326.37735 56.79627 354.24221802
v 326.38846 93.12919 397.34066772
v 326.38864 60.82443 470.35763550
v 326.39078 56.84222 223.00622559
v 326.39230 91.52956 425.02441406
v 326.41373 99.64603 415.40710449
v 326.42633 59.06969 380.46835327
v 326.43286 53.61439 328.11904907
v 326.45557 55.85759 340.23385620
v 326.46347 58.10295 366.93606567
v 326.46683 50.41158 365.63458252
v 326.47156 80.58193 185.72665405
v 326.47543 69.46456 503.93450928
v 326.47723 94.78804 396.68392944
v 326.48285 52.70164 357.69549561
v 326.48746 48.22150 424.16479492
v 326.49811 52.45035 207.52346802
v 326.50064 94.45647 414.11160278
v 326.50937 62.84045 469.10235596
v 326.50998 58.98967 372.42037964
v 326.51035 48.00964 405.25262451
v 326.52124 79.10164 187.40312195
v 326.52460 66.28848 188.03111267
v 326.52884 41.84194 149.27552795
v 326.54163 54.23850 239.35870361
v 326.54218 68.53547 158.07066345
v 326.54340 74.65546 190.67364502
v 326.54468 62.32090 457.64077759
v 326.54755 49.29937 199.23066711
v 326.55267 51.50924 138.41342163
v 326.55270 60.15266 392.69903564
v 326.55606 54.09008 227.72883606
v 326.56369 60.96793 411.87847900
v 326.57288 97.51516 415.86813354
v 326.57385 120.32242 492.26528931
v 326.57584 78.01907 480.83419800
v 326.57880 91.17599 524.39007568
v 326.58282 61.62105 424.04550171
v 326.58725 116.08222 513.34930420
v 326.58865 94.06804 418.57037354
v 326.59518 55.83910 365.25708008
v 326.59744 56.88376 138.72436523
v 326.60052 84.32971 443.69894409
v 326.60287 51.97034 363.78167725
v 326.60562 64.02522 183.77149963
v 326.61227 96.46837 407.16070557
v 326.61362 111.34453 520.55810547
v 326.61676 66.42220 147.23167419
v 326.62738 52.18322 205.61470032
v 326.62827 89.92889 434.62109375
v 326.63513 53.91049 207.44128418
v 326.64676 52.97161 456.37155151
v 326.65048 113.76688 457.12231445
v 326.67609 62.33550 184.75277710
v 326.68033 61.62253 472.57379150
v 326.68250 75.51824 494.94699097
v 326.69482 74.99867 524.43939209
v 326.69754 54.14055 343.75991821
v 326.69757 63.22620 178.52484131
v 326.74170 53.06755 369.44042969
v 326.75433 78.72067 477.39184570
v 326.75769 67.69167 149.88629150
v 326.76169 88.26910 438.89163208
v 326.76465 62.09305 414.73919678
v 326.78375 75.59157 159.36987305
v 326.80688 120.91157 486.21673584
v 326.80905 57.99500 203.43876648
v 326.81119 101.78621 421.04483032
v 326.81451 63.03765 471.90042114
v 326.82788 73.36268 189.74911499
v 326.83578 90.24784 435.97839355
v 326.84647 63.62589 467.32138062
v 326.84952 51.44697 373.14044189
v 326.85086 100.48528 419.17489624
v 326.86526 53.62038 205.66940308
v 326.86618 64.76854 184.50901794
v 326.87155 62.08835 438.26287842
v 326.87820 119.72090 478.05737305
v 326.88351 60.77306 410.94384766
v 326.88739 105.83794 431.87115479
v 326.90103 98.44262 417.91363525
v 326.91071 54.81280 205.75151062
v 326.91833 112.58830 519.51324463
v 326.93732 97.04294 418.10641479
v 326.93860 62.01867 142.45664978
v 326.94299 81.19109 469.07925415
v 326.96744 72.77466 523.92089844
v 326.96945 92.48761 431.61337280
v 326.98840 109.12209 442.95431519
v 326.99796 58.66442 471.28457642
v 326.99884 57.51411 368.73953247
v 327.00342 76.94713 187.78341675
v 327.00586 56.34629 368.25860596
v 327.01892 49.73698 190.95324707
v 327.01901 94.94415 420.08322144
v 327.02002 93.95073 422.86172485
v 327.03476 71.69891 189.02960205
v 327.04941 60.45219 473.40820312
v 327.05664 111.03781 447.60137939
v 327.05865 67.68800 516.47332764
v 327.06100 77.50742 524.59582520
v 327.07358 52.13034 454.73913574
v 327.08105 49.87360 196.84489441
v 327.08783 66.92309 186.30120850
v 327.10870 53.57092 370.45199585
v 327.11157 63.03709 461.96298218
v 327.11319 49.40319 186.41397095
v 327.11392 48.01862 174.74568176
v 327.15860 61.88903 474.06494141
v 327.16568 107.90853 438.47735596
v 327.17514 49.40307 181.78465271
v 327.17703 64.16817 175.94320679
v 327.19907 84.05903 165.80955505
v 327.20142 81.77660 162.05778503
v 327.20319 62.77821 179.09469604
v 327.20374 81.92702 461.09313965
v 327.24512 48.22957 411.98678589
v 327.25851 61.12438 191.13568115
v 327.25937 58.09599 370.55789185
v 327.26703 64.22498 466.84552002
v 327.26813 42.93563 146.67004395
v 327.27713 82.99809 163.80380249
v 327.29001 64.37112 469.88168335
v 327.32532 103.62799 426.96136475
v 327.35977 66.26899 510.12792969
v 327.40698 49.85012 384.31338501
v 327.42020 49.73306 388.99514771
v 327.44299 46.11704 166.95312500
v 327.46954 50.37767 439.32910156
v 327.49033 63.80494 179.77433777
v 327.49576 67.05198 147.20845032
v 327.50064 48.62206 394.00079346
v 327.50269 62.17799 423.84875488
v 327.51199 74.55022 496.47769165
v 327.51349 84.48343 451.25164795
v 327.56119 62.09547 428.87756348
v 327.57013 48.58800 433.46078491
v 327.57034 83.51077 176.09307861
v 327.57834 43.15036 156.03211975
v 327.62775 59.38012 388.96408081
v 327.64423 62.06516 180.88500977
v 327.64984 59.73554 139.01344299
v 327.66690 49.06612 139.20938110
v 327.68002 47.29086 142.03265381
v 327.68073 111.99557 453.73553467
v 327.68869 48.19166 419.59228516
v 327.69016 76.76583 159.75497437
v 327.70218 50.84940 450.21960449
v 327.70276 68.66441 519.89685059
v 327.70554 83.90527 167.33573914
v 327.70987 48.79562 400.28665161
v 327.71219 59.30000 393.74295044
v 327.72363 58.10809 374.13943481
v 327.72644 42.98808 147.95045471
v 327.73779 51.22190 191.30564880
v 327.74097 67.79053 506.04238892
v 327.74243 43.66967 146.72091675
v 327.74313 65.84911 167.06672668
v 327.74612 71.32986 501.14846802
v 327.75479 53.30937 460.70623779
v 327.75693 116.54662 507.17507935
v 327.76569 108.43476 443.50808716
v 327.76984 60.44348 406.03213501
v 327.78162 64.51846 176.03475952
v 327.79013 97.00993 420.00137329
v 327.79047 78.16479 185.32308960
v 327.79199 85.55068 446.40698242
v 327.80701 50.12355 437.75851440
v 327.81537 55.82190 138.24282837
v 327.81912 60.90186 412.29925537
v 327.82471 94.46962 430.09375000
v 327.84280 81.06946 180.09382629
v 327.84454 56.07673 370.14706421
v 327.85062 86.42606 444.47872925
v 327.85190 62.45585 179.00561523
v 327.88113 49.39716 393.22036743
v 327.88321 56.58014 202.57728577
v 327.88632 82.19475 468.50479126
v 327.89139 63.08979 475.03335571
v 327.89825 105.26291 434.46865845
v 327.90308 63.86573 461.24749756
v 327.90384 79.62663 183.25978088
v 327.91644 74.80760 186.96363831
v 327.92279 116.48784 501.44158936
v 327.92413 56.11243 469.68960571
v 327.92657 64.39476 177.58016968
v 327.92844 71.20071 159.37783813
v 327.93646 106.79602 522.35540771
v 327.94031 47.11113 168.70141602
v 327.94052 65.98844 512.69415283
v 327.94333 64.33792 179.89137268
v 327.95010 61.62667 185.74781799
v 327.96133 57.87199 198.02198792
v 327.96176 42.97930 153.80313110
v 327.96555 78.86531 160.52366638
v 327.97156 62.38560 415.82891846
v 327.98965 82.96093 461.82351685
v 327.99051 102.08913 426.27127075
v 327.99820 54.71423 371.53756714
v 327.99890 109.89844 447.50457764
v 328.00171 98.52523 420.68542480
v 328.00351 63.52448 435.64608765
v 328.01093 62.62697 430.98504639
v 328.02667 56.59907 370.94735718
v 328.03070 57.54942 381.58587646
v 328.03116 56.87150 201.53405762
v 328.03732 64.58227 172.37632751
v 328.03983 68.98965 159.09031677
v 328.06024 58.35434 384.62142944
v 328.07544 62.20655 141.84284973
v 328.07755 55.47357 202.36849976
v 328.07916 79.90849 161.26008606
v 328.08820 52.88455 200.44836426
v 328.09018 52.49506 376.42272949
v 328.10617 50.84502 181.60038757
v 328.10901 66.35649 508.71139526
v 328.11407 51.19464 381.98620605
v 328.11786 52.31615 198.84442139
v 328.12027 60.48272 475.93722534
v 328.12393 70.42254 185.81925964
v 328.14175 69.53333 154.29968262
v 328.14996 49.45834 398.64715576
v 328.18542 90.30395 440.80978394
v 328.19012 86.13468 450.72067261
v 328.21118 51.25544 390.27593994
v 328.21524 93.83018 523.83459473
v 328.21631 103.23521 431.68429565
v 328.22186 97.32295 421.22531128
v 328.22287 92.91666 436.81329346
v 328.22702 109.62763 521.49353027
v 328.23148 63.84734 454.80883789
v 328.23270 61.59461 180.80197144
v 328.24200 76.36074 185.27352905
v 328.27530 59.91973 401.84188843
v 328.27786 99.21642 422.49826050
v 328.28543 43.19456 150.41978455
v 328.28784 44.87103 159.71752930
v 328.29135 81.70329 472.55328369
v 328.29465 49.12452 409.59216309
v 328.29819 56.69093 380.23693848
v 328.29965 63.96577 505.30517578
v 328.30609 64.73610 464.25289917
v 328.32385 115.02386 464.25061035
v 328.33624 73.01841 186.12088013
v 328.33633 97.00171 422.28161621
v 328.33734 61.49234 477.20953369
v 328.36697 67.91272 500.61636353
v 328.36835 57.87406 393.91448975
v 328.37488 104.75735 437.35916138
v 328.39951 53.59342 191.99983215
v 328.39951 56.77725 374.51510620
v 328.40451 63.23174 489.29360962
v 328.40656 77.51240 160.24024963
v 328.40921 96.13289 430.03344727
v 328.41574 61.85566 414.46670532
v 328.41803 93.51127 446.11221313
v 328.43008 64.52232 476.30944824
v 328.43347 69.34669 521.42449951
v 328.44531 65.59798 472.93243408
v 328.44656 57.96720 389.11141968
v 328.44885 65.93497 496.11465454
v 328.45361 55.86136 373.47396851
v 328.45361 102.63534 434.52667236
v 328.46091 60.12775 187.91452026
v 328.46243 53.27364 377.78622437
v 328.46762 57.42039 195.89042664
v 328.48660 87.92688 450.16418457
v 328.48819 62.60262 507.28579712
v 328.49222 65.05078 487.23168945
v 328.50235 78.90328 482.10910034
v 328.50577 48.25168 170.11204529
v 328.51630 67.02875 164.85581970
v 328.51846 60.05224 410.72256470
v 328.52908 67.85781 161.65589905
v 328.54282 67.93820 148.24414062
v 328.54755 54.76607 199.46224976
v 328.54791 64.82475 176.70507812
v 328.55338 94.41989 437.93414307
v 328.55591 59.36853 138.73652649
v 328.55753 112.36161 519.31561279
v 328.55984 110.12180 451.78399658
v 328.56537 68.51912 501.26443481
v 328.56857 62.12750 498.77679443
v 328.57040 69.20879 498.14614868
v 328.57065 95.45331 523.09729004
v 328.57224 92.34690 450.00265503
v 328.57312 52.88084 382.64871216
v 328.58432 62.10327 485.72970581
v 328.59009 60.45153 412.47213745
v 328.59082 98.85419 424.58804321
v 328.59103 56.94158 385.99731445
v 328.59390 59.34407 400.34609985
v 328.60574 65.32182 505.71322632
v 328.60699 64.15931 143.51370239
v 328.60706 58.52073 475.55099487
v 328.60779 89.14059 445.38528442
v 328.61261 58.10302 190.64834595
v 328.61484 100.69383 438.81927490
v 328.61682 51.73161 179.81723022
v 328.61887 98.04642 424.86654663
v 328.62042 53.23066 393.26840210
v 328.62500 54.71161 383.22027588
v 328.63754 73.52470 497.51046753
v 328.63809 48.69787 431.99075317
v 328.65570 56.16940 191.79516602
v 328.65781 102.72822 438.28518677
v 328.65903 62.19156 416.15036011
v 328.66733 59.99463 504.35705566
v 328.67783 67.98917 505.27609253
v 328.68240 55.76427 394.81338501
v 328.69879 55.34209 196.24043274
v 328.70139 65.71844 165.93226624
v 328.70163 108.88085 448.33312988
v 328.70209 64.61763 481.43728638
v 328.70764 54.61489 188.98962402
v 328.71393 98.26185 442.01776123
v 328.71875 64.82890 171.78475952
v 328.74191 62.93391 430.56628418
v 328.75275 77.50841 490.60272217
v 328.75845 65.64615 511.30328369
v 328.75848 61.01128 139.85630798
v 328.75922 61.35352 486.75885010
v 328.76218 65.73174 179.41069031
v 328.76410 87.85625 452.48266602
v 328.76715 48.71909 142.11608887
v 328.77048 50.34192 139.42503357
v 328.78763 53.96646 464.63427734
v 328.80231 82.31271 165.55976868
v 328.82126 49.59553 140.29736328
v 328.82654 51.31845 177.12040710
v 328.84018 63.49462 175.93688965
v 328.84900 66.44102 477.91442871
v 328.86755 66.64973 146.15286255
v 328.89346 64.23323 172.45861816
v 328.90182 62.68465 429.12854004
v 328.90561 83.70534 467.11666870
v 328.90976 94.21004 450.62149048
v 328.90985 59.67980 502.44430542
v 328.91064 60.32361 184.93324280
v 328.91571 81.36569 164.01358032
v 328.91943 57.56926 138.25317383
v 328.92822 49.89371 410.65081787
v 328.93707 48.96930 433.62185669
v 328.93829 59.80836 507.49459839
v 328.94189 61.24070 178.88764954
v 328.94501 84.80551 463.91439819
v 328.94855 70.87079 501.25280762
v 328.94897 67.52032 486.62573242
v 328.95068 78.73209 179.24633789
v 328.96149 99.23898 522.47412109
v 328.96512 115.71827 468.59136963
v 328.96707 69.41592 501.13049316
v 328.97598 43.95573 152.03805542
v 328.97958 117.96168 474.65710449
v 328.98227 62.37618 141.62500000
v 328.98541 105.95135 443.32461548
v 328.98788 59.31900 479.64324951
v 329.00140 75.36752 181.88560486
v 329.00687 69.73106 153.59747314
v 329.01251 70.47302 495.82348633
v 329.01456 66.45667 507.83450317
v 329.01511 53.62255 184.11178589
v 329.01761 86.02287 457.05065918
v 329.02451 63.98275 433.07556152
v 329.02676 53.11335 138.35011292
v 329.02682 59.49763 411.37423706
v 329.02716 59.14202 187.12435913
v 329.04840 51.24581 453.64248657
v 329.04898 52.08651 459.71524048
v 329.05612 47.45589 146.68753052
v 329.06201 68.12192 162.27441406
v 329.07309 44.09851 155.16563416
v 329.07324 60.61266 497.39276123
v 329.07513 56.86269 473.54986572
v 329.07773 62.72535 509.13830566
v 329.09991 110.40395 454.98577881
v 329.10727 78.97324 161.59259033
v 329.13290 69.74206 159.90039062
v 329.13391 87.20670 454.72479248
v 329.13431 52.30537 398.76968384
v 329.16772 104.20585 441.94076538
v 329.18069 70.83319 497.15435791
v 329.20355 69.39261 492.61282349
v 329.21179 68.84316 502.87319946
v 329.21664 69.89433 158.35528564
v 329.21939 51.15014 408.41665649
v 329.21957 76.58197 180.22457886
v 329.23270 67.29128 476.67626953
v 329.23859 64.98505 507.86849976
v 329.25131 70.13744 156.71640015
v 329.25790 51.20388 402.80508423
v 329.25839 58.71566 504.61578369
v 329.27081 58.62245 404.00985718
v 329.27161 67.04653 179.35574341
v 329.28134 61.98119 417.52130127
v 329.29837 59.93494 413.31832886
v 329.30893 64.29140 437.13198853
v 329.31769 48.91253 419.04049683
v 329.32254 108.41611 452.95596313
v 329.32520 113.02789 461.58279419
v 329.32898 58.57420 479.73257446
v 329.34946 58.79207 185.06423950
v 329.35303 96.43470 457.99743652
v 329.37338 74.62019 160.04539490
v 329.37415 66.16625 178.30076599
v 329.37915 49.85698 412.81109619
v 329.37991 59.55809 179.32685852
v 329.38797 80.95815 524.65856934
v 329.41953 96.62914 450.93109131
v 329.42136 94.49554 453.12860107
v 329.42154 113.25545 517.80950928
v 329.42966 60.66721 139.48228455
v 329.43256 88.84721 455.43823242
v 329.44800 57.04776 184.99816895
v 329.45081 59.97666 488.17932129
v 329.45999 106.29053 451.47290039
v 329.47623 58.53151 506.43383789
v 329.47910 67.65184 480.33578491
v 329.48901 64.35892 434.53710938
v 329.49023 103.40629 450.76422119
v 329.49213 72.73483 180.51477051
v 329.51434 64.93810 173.98680115
v 329.51852 65.37379 176.30699158
v 329.51855 90.45980 459.08761597
v 329.52173 87.37422 462.55026245
v 329.52426 49.14890 426.68676758
v 329.53284 55.43058 178.48275757
v 329.53336 101.45895 443.90533447
v 329.54352 53.78053 401.41564941
v 329.56030 103.27843 444.67974854
v 329.56046 102.64423 453.25894165
v 329.56137 45.72640 159.61837769
v 329.56659 57.60962 179.35253906
v 329.57623 50.82673 171.98466492
v 329.58432 56.71465 403.28356934
v 329.58459 84.91636 466.65286255
v 329.59412 64.06566 432.67440796
v 329.59579 98.30482 458.74014282
v 329.60638 69.79993 502.01950073
v 329.64069 54.44927 469.13403320
v 329.64420 57.73705 411.96591187
v 329.64972 62.88369 430.11666870
v 329.65707 59.75841 177.63816833
v 329.65997 64.02679 440.75061035
v 329.67401 104.46893 452.80670166
v 329.67535 78.11274 488.26785278
v 329.68042 64.88331 457.52227783
v 329.68994 54.54370 409.48196411
v 329.69138 80.25761 175.99967957
v 329.69397 53.21207 175.53144836
v 329.69467 45.66174 150.67144775
v 329.70432 95.51096 523.04919434
v 329.70731 63.99958 445.10491943
v 329.75464 65.17908 462.74633789
v 329.76276 81.93784 169.20426941
v 329.78577 49.17059 145.17797852
v 329.79483 116.59113 472.44509888
v 329.79520 62.90207 173.74304199
v 329.81119 65.55609 167.85095215
v 329.82706 63.93522 509.65008545
v 329.83630 68.15326 178.79942322
v 329.83807 55.10481 176.85531616
v 329.85501 71.91921 497.03912354
v 329.86017 70.54309 501.63919067
v 329.87814 73.40242 179.47529602
v 329.88208 58.29786 502.45043945
v 329.89355 67.88239 474.90310669
v 329.89365 50.08659 436.44000244
v 329.89365 97.45247 460.41372681
v 329.90005 90.98521 461.11590576
v 329.90704 62.23866 423.15347290
v 329.90869 105.88437 453.67117310
v 329.92801 66.09365 516.14202881
v 329.93658 98.65952 459.73718262
v 329.96353 114.57796 514.72119141
v 329.96402 54.76090 411.08926392
v 329.97177 59.01715 509.35961914
v 329.97586 62.28396 510.54714966
v 329.97668 68.84204 160.34336853
v 329.98911 69.20051 160.52201843
v 329.99722 58.86890 500.29690552
v 329.99744 58.46843 508.44509888
v 330.01572 49.39232 419.50473022
v 330.03259 73.84778 160.31109619
v 330.04233 53.44792 464.60015869
v 330.04346 66.07405 165.87316895
v 330.04538 49.32414 432.19946289
v 330.04608 59.15231 498.73791504
v 330.04913 102.82440 455.12234497
v 330.05078 52.80902 411.15408325
v 330.06784 94.88058 523.46923828
v 330.07367 75.89841 494.55148315
v 330.08374 56.04654 474.63653564
v 330.09515 64.49203 452.54608154
v 330.09698 70.83865 485.74060059
v 330.10437 75.97329 160.86476135
v 330.10992 89.36012 462.60577393
v 330.12073 65.24339 172.99569702
v 330.14810 61.01640 417.08438110
v 330.16104 64.42184 434.43670654
v 330.18112 108.72533 522.11694336
v 330.20435 70.88783 160.17533875
v 330.20724 81.34395 171.69445801
v 330.20813 67.91953 147.91059875
v 330.21225 49.87263 415.75006104
v 330.22720 62.74318 142.17533875
v 330.23880 69.26276 480.50833130
v 330.23984 65.32259 510.91458130
v 330.26843 114.89117 513.22595215
v 330.27347 51.13759 412.59823608
v 330.28543 60.17660 510.65090942
v 330.30338 72.50311 497.90304565
v 330.30649 89.55964 524.50848389
v 330.33618 66.15111 507.91387939
v 330.33978 57.65561 481.23883057
v 330.34967 113.58628 516.61407471
v 330.36584 67.52035 472.01004028
v 330.39819 111.32016 461.13198853
v 330.41937 53.70619 466.49917603
v 330.44388 50.49189 449.17358398
v 330.45776 77.17048 492.74484253
v 330.45898 48.88808 147.91059875
v 330.47668 72.01048 491.17892456
v 330.47968 64.33252 170.21612549
v 330.50278 81.42393 480.26071167
v 330.50555 69.14372 478.13879395
v 330.50696 47.92943 163.30882263
v 330.51718 62.45385 430.00405884
v 330.52112 104.71822 522.60144043
v 330.52133 84.52731 472.25274658
v 330.54279 70.25500 155.44018555
v 330.54294 117.97917 491.78488159
v 330.54608 65.97791 167.24153137
v 330.55423 118.06017 479.11138916
v 330.56335 57.49313 138.44883728
v 330.56427 65.93434 175.71174622
v 330.57645 57.43300 504.79849243
v 330.59479 72.89465 495.31610107
v 330.60205 69.22967 161.17712402
v 330.64697 66.64458 146.16300964
v 330.65826 69.88910 153.49008179
v 330.65869 66.51745 165.76976013
v 330.65967 52.42144 139.16029358
v 330.66779 64.02952 433.18054199
v 330.66833 98.34719 522.95989990
v 330.67130 58.49702 487.18515015
v 330.67447 69.05942 503.83160400
v 330.68530 45.91693 154.68893433
v 330.68790 65.64597 173.12727356
v 330.69315 69.74131 158.80358887
v 330.69760 93.04381 524.17645264
v 330.72934 72.74254 497.17074585
v 330.74106 72.22246 486.98880005
v 330.74338 80.46375 172.88017273
v 330.75388 78.76942 175.95906067
v 330.75705 80.70019 170.67462158
v 330.76779 52.20993 412.50042725
v 330.77408 55.52853 174.64617920
v 330.78918 69.85129 480.00015259
v 330.79846 103.10317 456.48696899
v 330.79947 66.74681 507.34744263
v 330.80667 112.76178 464.53591919
v 330.81851 110.31598 460.86569214
v 330.82477 47.62592 150.49543762
v 330.82635 102.60622 522.86309814
v 330.82864 70.01949 160.96780396
v 330.87460 89.15566 464.42959595
v 330.87820 56.89978 175.16169739
v 330.88394 57.79109 508.80340576
v 330.89630 79.39069 174.79559326
v 330.89975 86.01885 468.64776611
v 330.90295 105.53268 455.97177124
v 330.90451 58.99407 510.63375854
v 330.92050 59.67644 417.78274536
v 330.92151 61.04675 140.26249695
v 330.93509 78.33669 489.63439941
v 330.94443 47.10997 159.21301270
v 330.95001 62.51000 142.34176636
v 330.95923 53.84225 469.45242310
v 330.95941 61.25017 423.81372070
v 330.96606 61.62521 511.65237427
v 330.98581 108.01019 458.07714844
v 330.98746 68.48948 176.78897095
v 330.99466 75.54408 161.75460815
v 330.99493 80.02307 167.55317688
v 331.00189 115.01047 470.52584839
v 331.00452 50.78020 416.48773193
v 331.00470 70.74050 501.53909302
v 331.00778 61.62741 428.59963989
v 331.01981 115.29315 505.15820312
v 331.02066 76.78983 162.63409424
v 331.02469 68.96011 151.84574890
v 331.04431 59.97675 139.43078613
v 331.05347 64.27991 443.72268677
v 331.06427 68.08216 148.58015442
v 331.07422 64.67323 452.45599365
v 331.07544 110.05846 521.32220459
v 331.07645 68.92397 475.62097168
v 331.08255 52.13533 462.66271973
v 331.08594 50.28534 434.50479126
v 331.09897 52.31721 413.56250000
v 331.10034 68.86379 160.04920959
v 331.10876 54.94685 473.98413086
v 331.11057 78.24187 164.37753296
v 331.11096 50.39076 425.60031128
v 331.13217 96.22076 463.34408569
v 331.14075 98.06818 462.74832153
v 331.14969 61.93160 430.61392212
v 331.15076 85.76530 471.72714233
v 331.15424 67.41609 506.55245972
v 331.16510 74.18429 496.15777588
v 331.17227 75.94608 176.64128113
v 331.17755 64.00344 434.67388916
v 331.18158 65.45679 461.51473999
v 331.19388 67.05838 467.56494141
v 331.24768 58.32985 418.00494385
v 331.25110 92.38486 463.73965454
v 331.28638 100.27770 461.67849731
v 331.29041 51.20978 454.71112061
v 331.30118 70.73827 161.99362183
v 331.31769 118.28825 485.70870972
v 331.35156 69.15199 522.12915039
v 331.35434 98.27925 463.72970581
v 331.36328 73.12204 491.65219116
v 331.37573 69.78356 153.82273865
v 331.38632 47.05323 156.28935242
v 331.38980 82.73808 479.73049927
v 331.39777 103.71047 458.01116943
v 331.39883 67.83236 165.39256287
v 331.41498 105.19428 457.65649414
v 331.42722 67.50588 175.05052185
v 331.44476 56.90315 173.24476624
v 331.44839 53.13109 415.54711914
v 331.45975 79.43432 171.02351379
v 331.47485 52.06494 421.97579956
v 331.49176 73.25018 162.38301086
v 331.49658 66.99566 167.73822021
v 331.49915 65.45970 457.69290161
v 331.50134 66.13979 517.52673340
v 331.52603 69.97002 503.90115356
v 331.53375 89.41181 466.76525879
v 331.53693 69.72700 163.35282898
v 331.53857 59.79696 426.11114502
v 331.54059 92.30119 465.10192871
v 331.56006 66.86658 172.92395020
v 331.56198 103.61916 459.34008789
v 331.56201 108.03014 461.93548584
v 331.57709 76.41991 494.18029785
v 331.58350 62.85436 433.17633057
v 331.58716 51.37189 143.12194824
v 331.58954 86.95086 471.82086182
v 331.59714 53.02566 421.33938599
v 331.60327 51.41809 459.75540161
v 331.61111 114.92416 498.27313232
v 331.61267 51.85723 142.04858398
v 331.61340 98.37486 469.45306396
v 331.64954 66.87418 170.73454285
v 331.65836 56.88288 507.51498413
v 331.67691 105.67138 462.36865234
v 331.69250 72.28900 175.77833557
v 331.69733 56.10308 421.83651733
v 331.70837 69.96846 156.53904724
v 331.71564 63.95139 169.02406311
v 331.71786 72.10773 498.62271118
v 331.72711 50.72228 440.82431030
v 331.72952 55.94552 139.00047302
v 331.73526 59.79709 172.04475403
v 331.73853 59.96410 430.28808594
v 331.74463 50.73240 434.01037598
v 331.74835 67.98491 471.56060791
v 331.77203 117.77376 488.96939087
v 331.77670 65.82294 463.41027832
v 331.77759 64.23126 445.15240479
v 331.79306 50.89561 432.16940308
v 331.79691 70.54163 479.77374268
v 331.81516 73.76906 494.29049683
v 331.84015 93.43234 469.92929077
v 331.87946 66.76656 147.06233215
v 331.88406 70.37376 502.59811401
v 331.89743 117.79083 482.96072388
v 331.91074 50.63148 448.35705566
v 331.91269 89.10982 470.98492432
v 331.93280 63.28264 436.51153564
v 331.93698 51.93372 424.85647583
v 331.94916 75.32494 164.20385742
v 331.95529 114.96663 472.61291504
v 331.96484 51.50602 164.38879395
v 331.96786 58.98100 139.46804810
v 331.97473 78.02985 168.49261475
v 331.98355 77.94968 491.96548462
v 331.98508 100.52877 470.86328125
v 331.99005 62.60313 512.40368652
v 331.99075 65.56472 145.86920166
v 332.00037 52.16560 463.30880737
v 332.01266 70.91897 523.82647705
v 332.02139 95.33988 524.07098389
v 332.02780 76.72269 165.42034912
v 332.05673 73.35627 487.50125122
v 332.05814 68.01094 171.28535461
v 332.06790 69.63356 157.63070679
v 332.09369 70.33912 174.00451660
v 332.10742 104.34253 466.22512817
v 332.11136 111.17171 520.16693115
v 332.13303 64.49887 448.29092407
v 332.13940 76.62107 173.61230469
v 332.14066 61.52784 434.44778442
v 332.14951 68.84192 167.72792053
v 332.17136 104.15364 523.08123779
v 332.18454 75.17133 174.16470337
v 332.19241 73.86302 496.00619507
v 332.20142 48.78783 151.41862488
v 332.22092 68.00512 520.77020264
v 332.22900 63.88764 444.57296753
v 332.23865 73.01046 485.11126709
v 332.24738 66.26659 164.99633789
v 332.30838 76.45139 172.38430786
v 332.35233 74.40282 165.73007202
v 332.35718 59.13415 170.22036743
v 332.36615 62.77831 440.00607300
v 332.36835 67.31809 467.53146362
v 332.37762 58.32738 433.67419434
v 332.37808 53.64797 426.28295898
v 332.41653 68.96822 153.22085571
v 332.42044 72.30385 483.17697144
v 332.43463 111.25117 468.27084351
v 332.44687 112.26807 469.27355957
v 332.45407 113.75268 513.89630127
v 332.47736 117.44127 486.02713013
v 332.48233 53.86554 430.49337769
v 332.49701 65.22547 455.87222290
v 332.49719 73.14829 172.38533020
v 332.49753 70.70284 170.89091492
v 332.50421 52.06237 432.55377197
v 332.51801 55.26958 431.31292725
v 332.52173 68.41722 159.73069763
v 332.55173 107.88836 467.61575317
v 332.55505 74.47673 167.40663147
v 332.57260 54.70496 166.29542542
v 332.59277 64.84896 514.60687256
v 332.60498 53.47849 467.60037231
v 332.61099 108.88764 521.91198730
v 332.62180 71.57433 481.63424683
v 332.62357 90.56528 473.59295654
v 332.63684 69.97274 476.55749512
v 332.71393 103.16948 472.78720093
v 332.77170 78.90385 525.49816895
v 332.77728 106.57330 469.26965332
v 332.78403 86.76534 476.65243530
v 332.83240 61.72799 168.84350586
v 332.83356 64.70058 454.45465088
v 332.85007 57.07563 434.27487183
v 332.85504 88.99843 474.91418457
v 332.86905 64.12112 447.12969971
v 332.87418 51.30124 454.95117188
v 332.88272 68.75515 473.76687622
v 332.89160 106.28384 522.65490723
v 332.91061 100.04051 474.96862793
v 332.92191 62.64544 443.79071045
v 332.93631 80.99674 485.73324585
v 332.98672 54.91144 432.74911499
v 332.98978 115.38145 494.40164185
v 332.99432 109.16116 468.97589111
v 332.99789 65.65199 164.94900513
v 333.00690 58.12787 140.43127441
v 333.02850 64.87637 512.25860596
v 333.03094 66.09769 464.07351685
v 333.03412 74.24519 496.50805664
v 333.04120 56.17566 507.94171143
v 333.06198 68.15533 521.15539551
v 333.07516 52.82305 433.19174194
v 333.09094 73.55647 485.94955444
v 333.11273 102.72649 474.55960083
v 333.11795 115.79880 492.69232178
v 333.12292 63.99034 166.79939270
v 333.13083 63.95205 512.60546875
v 333.13370 52.90461 464.90432739
v 333.13852 67.06915 149.24589539
v 333.13962 72.90717 483.86444092
v 333.16751 114.02698 499.82257080
v 333.18192 59.38706 440.72470093
v 333.20853 113.26352 472.28875732
v 333.21149 51.34591 436.75827026
v 333.22119 51.28355 441.95791626
v 333.23636 72.53691 524.68823242
v 333.24200 66.30981 163.44265747
v 333.24982 116.13100 480.89291382
v 333.27502 58.95185 141.27037048
v 333.35110 68.02029 151.73393250
v 333.38528 70.38059 477.43054199
v 333.41217 51.06237 449.06625366
v 333.44556 52.03910 434.57672119
v 333.45901 55.47902 481.66973877
v 333.46777 61.56857 144.37519836
v 333.48608 53.85243 142.65901184
v 333.49466 94.10022 524.44549561
v 333.49734 64.98365 456.39279175
v 333.51511 52.34439 144.81477356
v 333.51849 64.02997 449.67126465
v 333.53162 64.71207 513.58953857
v 333.54572 66.94451 465.83413696
v 333.57837 64.19598 453.59921265
v 333.59256 52.36266 161.06327820
v 333.59717 116.17242 484.65093994
v 333.61011 59.27552 167.49134827
v 333.64038 56.39999 141.20999146
v 333.68817 107.11934 522.44354248
v 333.72269 51.52024 460.54568481
v 333.76990 109.82773 521.04925537
v 333.77277 65.50851 163.72581482
v 333.78690 108.14281 470.79583740
v 333.79694 87.93968 477.58395386
v 333.79755 67.74751 469.90435791
v 333.79944 103.63737 475.34918213
v 333.80652 114.57080 477.93807983
v 333.81564 64.53120 147.30766296
v 333.82910 73.80521 497.54983521
v 333.85992 51.63563 158.68263245
v 333.86581 53.03749 434.37414551
v 333.87711 55.36734 142.09791565
v 333.88953 101.99919 524.26977539
v 333.92325 63.13381 447.87225342
v 333.92404 111.87917 472.48632812
v 333.93671 109.69273 470.97241211
v 333.94324 57.74559 141.90415955
v 333.94510 65.34022 461.54067993
v 333.95538 77.61482 493.98645020
v 333.96164 68.32440 154.86695862
v 333.97717 55.31572 435.64715576
v 333.98795 51.12579 150.27542114
v 334.01105 65.89106 149.16160583
v 334.03195 61.74412 166.68171692
v 334.04666 53.86636 475.80050659
v 334.04938 93.40388 477.11373901
v 334.06476 113.37952 512.70367432
v 334.07785 89.12993 477.62185669
v 334.10632 64.56386 164.10374451
v 334.12003 98.34660 477.80068970
v 334.12158 72.05602 482.17013550
v 334.14642 69.83905 523.14819336
v 334.15417 102.28345 477.30648804
v 334.17059 55.00723 481.11279297
v 334.17361 113.76030 505.44863892
v 334.20316 52.39576 437.48675537
v 334.21011 82.28926 485.69741821
v 334.22290 51.18667 153.13517761
v 334.22635 68.41019 472.90945435
v 334.29099 52.35656 442.51736450
v 334.32742 114.07426 479.24264526
v 334.33737 57.04221 142.99836731
v 334.36438 64.89783 460.06619263
v 334.40723 66.01685 517.83258057
v 334.43466 109.27286 472.70172119
v 334.45172 69.76147 505.55395508
v 334.45557 68.11977 520.95935059
v 334.45749 53.63787 436.45346069
v 334.46448 112.05872 477.04840088
v 334.46771 90.04427 524.42962646
v 334.47626 74.29493 497.79830933
v 334.48917 114.98633 490.26876831
v 334.51056 60.52901 145.63909912
v 334.52274 55.89353 440.39773560
v 334.53464 53.99780 145.97601318
v 334.56781 64.86499 514.56280518
v 334.58286 74.90395 492.56729126
v 334.61337 53.12767 465.63342285
v 334.63071 105.69881 477.56433105
v 334.65579 103.41560 524.18078613
v 334.66443 52.37846 151.28808594
v 334.66449 72.76997 483.36822510
v 334.70694 53.13144 442.57205200
v 334.73389 86.29150 482.58215332
v 334.79333 64.18867 162.38514709
v 334.79733 51.76688 455.99539185
v 334.80643 64.87482 512.72381592
v 334.81113 114.52877 488.45642090
v 334.81445 70.98410 523.90972900
v 334.83771 67.29637 157.76161194
v 334.85452 62.99192 454.75961304
v 334.90912 66.84115 466.84927368
v 334.91772 104.85155 479.68045044
v 334.92310 112.79522 480.45498657
v 334.94229 60.80865 514.53845215
v 334.95255 55.35633 500.65676880
v 334.97632 59.89544 514.47747803
v 334.97864 52.53082 445.62521362
v 334.98563 51.95164 461.30151367
v 334.99033 75.07944 496.61749268
v 335.02353 55.66761 442.49606323
v 335.04370 57.92178 513.61663818
v 335.05780 100.37670 481.94152832
v 335.06116 69.83234 476.37350464
v 335.07733 67.21560 154.98701477
v 335.07965 69.53095 507.25698853
v 335.10574 53.44379 472.85720825
v 335.10910 57.68562 162.08151245
v 335.11884 84.82259 484.48120117
v 335.12430 65.66998 464.64657593
v 335.14154 66.74185 518.75958252
v 335.14301 114.40959 492.31936646
v 335.14447 101.80209 524.55877686
v 335.14941 54.43039 442.78359985
v 335.15826 52.32452 449.07717896
v 335.15900 93.01938 480.40179443
v 335.16690 98.80178 482.27981567
v 335.21521 57.72951 147.65037537
v 335.24841 54.57901 507.12622070
v 335.25027 105.34059 480.56616211
v 335.25146 90.87798 480.96746826
v 335.27341 55.23274 487.99343872
v 335.27829 57.18973 446.32839966
v 335.29349 60.17065 147.66384888
v 335.29648 59.94007 162.76887512
v 335.29773 54.08219 157.36483765
v 335.31152 66.99378 156.49035645
v 335.33218 54.19869 152.50231934
v 335.34152 109.22080 480.73757935
v 335.34558 51.95924 452.67135620
v 335.36221 75.18932 525.46081543
v 335.42975 61.09809 453.37533569
v 335.46030 55.48404 150.47602844
v 335.49472 62.30197 162.12823486
v 335.49585 55.40591 159.24879456
v 335.50287 113.28986 487.00686646
v 335.53006 62.63552 149.37406921
v 335.53268 67.17727 470.36260986
v 335.53860 53.04603 448.59478760
v 335.54807 110.24468 519.72637939
v 335.55655 54.78663 446.63333130
v 335.56912 63.52181 459.47946167
v 335.56937 94.02790 481.53347778
v 335.62015 87.16880 524.77648926
v 335.67569 55.16204 490.72909546
v 335.75278 113.90531 494.07882690
v 335.76974 110.82227 483.26007080
v 335.79602 57.54025 448.85562134
v 335.80200 56.40657 447.93435669
v 335.80869 75.92191 494.52102661
v 335.85583 61.91871 514.79925537
v 335.89102 109.41537 482.59033203
v 335.89835 65.99240 517.10876465
v 335.93109 72.78964 501.56317139
v 335.93781 58.80654 149.26374817
v 335.98392 74.04770 487.66622925
v 335.98746 75.96449 496.22540283
v 336.01819 65.98956 511.03195190
v 336.03113 54.90616 448.36993408
v 336.06754 71.71206 482.72555542
v 336.12292 68.62132 475.22329712
v 336.14359 52.91515 450.58801270
v 336.17694 53.65171 475.92385864
v 336.19675 65.12502 153.62289429
v 336.21677 71.09165 523.42059326
v 336.23416 52.57013 460.69140625
v 336.23972 65.39370 466.01470947
v 336.25888 99.85100 484.40670776
v 336.30316 111.54121 486.21228027
v 336.30545 53.33646 465.61538696
v 336.34262 53.08013 463.32339478
v 336.36685 58.04301 160.34349060
v 336.37485 74.55456 499.00405884
v 336.39120 99.90976 524.70983887
v 336.39395 54.39833 480.45370483
v 336.43991 66.05536 512.17340088
v 336.45053 83.85515 487.21557617
v 336.56107 54.20308 502.72506714
v 336.56720 81.40549 491.08102417
v 336.59558 56.91232 158.87652588
v 336.59955 71.22527 505.24957275
v 336.60629 113.29774 497.20486450
v 336.61014 111.68877 516.75952148
v 336.61118 69.08700 520.96252441
v 336.64328 73.97514 525.20385742
v 336.73608 62.92018 160.02931213
v 336.77191 112.33650 514.60900879
v 336.78482 64.79189 156.67832947
v 336.78647 74.76782 491.15475464
v 336.78723 92.70727 483.67105103
v 336.79370 57.27224 152.20414734
v 336.79376 58.26000 151.05426025
v 336.79816 64.56110 157.78807068
v 336.81561 54.09232 450.27587891
v 336.83502 69.51502 477.77557373
v 336.84213 63.72933 159.06980896
v 336.86932 63.73240 153.49734497
v 336.86935 103.00437 484.05636597
v 336.87662 63.42343 462.97985840
v 336.90256 55.09386 512.73400879
v 336.94452 104.05875 524.06958008
v 336.94492 59.79578 160.28494263
v 336.94794 56.85205 154.01698303
v 336.94894 90.18990 484.29031372
v 336.95718 72.69999 502.41110229
v 336.96283 60.74667 151.00006104
v 336.97876 59.07215 455.09774780
v 337.00583 65.57942 514.49725342
v 337.02655 97.31347 486.05340576
v 337.03058 55.81500 450.44836426
v 337.05957 62.84334 514.65008545
v 337.06824 66.86942 517.66589355
v 337.09903 107.37340 484.45019531
v 337.17599 53.35483 460.32632446
v 337.18454 71.46131 483.95678711
v 337.20749 76.40813 525.61590576
v 337.21149 54.20787 452.26553345
v 337.21729 108.37109 520.73614502
v 337.24841 65.68405 513.55480957
v 337.25885 91.91479 484.84875488
v 337.27255 63.41522 157.63906860
v 337.29193 58.52124 152.52499390
v 337.29382 54.86147 451.61538696
v 337.30136 53.67496 464.92395020
v 337.30466 54.60846 488.04083252
v 337.31018 73.96399 488.61456299
v 337.31314 61.74555 159.11813354
v 337.35541 58.28648 157.60046387
v 337.37097 57.71919 155.25491333
v 337.37097 102.56985 524.49530029
v 337.37131 79.88187 494.18942261
v 337.38074 76.28506 496.39910889
v 337.40948 112.35517 509.28137207
v 337.41818 54.54622 490.81103516
v 337.43149 60.07124 152.27558899
v 337.43463 72.50409 486.28552246
v 337.44540 85.34088 525.44506836
v 337.47928 111.41919 489.45892334
v 337.56970 76.07040 494.15887451
v 337.60242 55.16822 455.42297363
v 337.61279 61.09779 153.63616943
v 337.67755 60.85931 157.54417419
v 337.70023 83.94171 489.69955444
v 337.72473 105.08555 523.34741211
v 337.72684 59.48500 155.45625305
v 337.76382 66.13234 512.34759521
v 337.80795 54.17263 498.15093994
v 337.81671 59.76302 515.55102539
v 337.84613 53.63375 473.62420654
v 337.86075 87.12517 488.22320557
v 337.90106 98.46660 487.90350342
v 337.90189 95.24355 488.24594116
v 337.92450 65.41420 471.58395386
v 337.92978 54.49574 458.93765259
v 337.93860 72.44846 523.66772461
v 337.94385 85.15247 489.26000977
v 338.02615 112.01884 512.95837402
v 338.05566 52.52528 505.74969482
v 338.05811 54.43774 463.30706787
v 338.06680 111.54993 515.78741455
v 338.09384 65.47137 512.94329834
v 338.10315 66.09097 514.80493164
v 338.11841 56.96565 457.62231445
v 338.12119 112.87524 501.35830688
v 338.12778 54.94433 513.83099365
v 338.13156 55.81510 514.51330566
v 338.16251 55.61988 457.82006836
v 338.19431 54.13726 512.74719238
v 338.21457 72.65887 504.08770752
v 338.35852 112.43425 496.11907959
v 338.40427 54.29310 465.52157593
v 338.41516 60.63145 515.53607178
v 338.49033 104.65690 487.56939697
v 338.51639 76.33453 496.00170898
v 338.52930 62.62049 514.75268555
v 338.53171 56.84668 461.52670288
v 338.59332 55.10487 463.91674805
v 338.59583 110.11420 490.60684204
v 338.59656 73.15044 488.57574463
v 338.62219 52.11802 507.43484497
v 338.63531 58.34367 462.79144287
v 338.64835 103.64526 523.93035889
v 338.70523 111.73349 510.07232666
v 338.72482 102.28912 488.10177612
v 338.73352 68.52719 509.40673828
v 338.74860 58.71394 515.63653564
v 338.77283 106.53992 488.65155029
v 338.78915 87.44891 490.07150269
v 338.81287 111.42539 514.78540039
v 338.83215 59.72263 464.71206665
v 338.89569 95.15865 490.08776855
v 338.93161 57.13264 463.51770020
v 338.97409 104.48450 523.27398682
v 339.01602 112.51208 502.46984863
v 339.05301 62.75683 469.64108276
v 339.05695 74.80717 492.26013184
v 339.12561 75.99049 497.83200073
v 339.14331 52.12288 509.78088379
v 339.15900 54.12394 513.49322510
v 339.21289 66.90495 514.99066162
v 339.24078 65.44987 474.22839355
v 339.30936 54.07759 477.06420898
v 339.33743 54.98153 514.53857422
v 339.34192 67.77563 516.38299561
v 339.34793 66.52705 512.09234619
v 339.37537 84.84228 491.67858887
v 339.41391 79.43172 496.38848877
v 339.45209 111.04781 494.18267822
v 339.47806 75.86361 494.41973877
v 339.52963 54.98499 465.94958496
v 339.56665 75.55497 525.10638428
v 339.56845 67.69094 511.25427246
v 339.56915 73.96516 501.46777344
v 339.59937 75.31038 499.31130981
v 339.60150 59.34355 515.61108398
v 339.67801 111.44841 496.82467651
v 339.68130 51.66425 507.93475342
v 339.71191 81.46475 494.80474854
v 339.76044 67.19080 513.89691162
v 339.76666 54.35036 482.18609619
v 339.83334 56.24910 465.38171387
v 339.83804 72.17740 521.16735840
v 339.87091 111.91818 504.13699341
v 339.89072 108.89831 491.91030884
v 339.89462 95.83729 524.76257324
v 339.92902 70.66732 487.15438843
v 339.93439 109.78310 492.95925903
v 339.93820 58.93324 466.83099365
v 339.94339 55.25536 466.72756958
v 339.95135 111.90680 501.07681274
v 339.97293 60.93325 515.16552734
v 340.06955 69.22387 485.54022217
v 340.07608 51.98399 503.42864990
v 340.10175 52.13952 510.80664062
v 340.14459 98.35036 524.55847168
v 340.14816 64.96622 513.00219727
v 340.16656 67.68803 512.02130127
v 340.22211 54.34177 475.74594116
v 340.23764 74.83391 500.12664795
v 340.32269 63.84363 474.41314697
v 340.33490 69.77951 508.97232056
v 340.34555 56.89506 466.96151733
v 340.35748 53.39787 498.40747070
v 340.39316 75.94643 495.56716919
v 340.41998 51.52530 505.62524414
v 340.42511 55.35089 470.42483521
v 340.53458 57.29255 515.40502930
v 340.54102 76.05016 524.89331055
v 340.56436 104.88740 521.49859619
v 340.57230 75.11770 524.10351562
v 340.58801 53.00335 499.94589233
v 340.72220 55.60935 514.96435547
v 340.74777 95.54090 492.35720825
v 340.76495 56.07019 470.42022705
v 340.81808 51.54060 509.02645874
v 340.86057 57.05921 469.87823486
v 340.91702 90.00243 525.57830811
v 341.11380 75.82995 500.30096436
v 341.12451 108.24670 518.03741455
v 341.16537 67.68743 510.77355957
v 341.16858 54.92739 514.37396240
v 341.20941 54.31792 489.55456543
v 341.21335 52.85121 512.02539062
v 341.23932 55.30802 474.45755005
v 341.26514 64.19755 478.45892334
v 341.30423 75.01306 499.47824097
v 341.31680 61.74497 474.69650269
v 341.36206 55.99294 514.90411377
v 341.36215 68.78426 514.64538574
v 341.37173 56.04227 473.40948486
v 341.40872 60.36755 473.48159790
v 341.42859 100.70210 523.98352051
v 341.49750 83.09560 495.85824585
v 341.54092 51.29583 506.64532471
v 341.54803 51.97312 510.73284912
v 341.61557 52.32123 500.91311646
v 341.80139 102.02766 523.04284668
v 341.80725 95.43577 525.11669922
v 341.81812 81.07143 525.40771484
v 341.82153 110.21222 506.07031250
v 341.84610 58.34254 473.59420776
v 341.88425 97.94897 524.41937256
v 341.91049 72.20906 505.56588745
v 341.94751 54.59536 481.46798706
v 341.94855 108.45029 516.85119629
v 342.03772 69.10288 510.01165771
v 342.05392 109.42810 513.61773682
v 342.05405 60.38740 514.07470703
v 342.05615 57.18002 514.64294434
v 342.08890 89.07387 525.60803223
v 342.09109 103.47168 521.24981689
v 342.15262 74.13377 502.69454956
v 342.17371 72.88109 505.62213135
v 342.23511 79.48909 525.02923584
v 342.24011 67.05629 510.81719971
v 342.25269 75.05482 498.51834106
v 342.28210 51.41138 508.22949219
v 342.28726 100.07462 523.73321533
v 342.32291 55.01282 477.64404297
v 342.35300 58.68295 514.26336670
v 342.39896 87.30904 495.25051880
v 342.41940 68.97664 511.71865845
v 342.42767 56.22774 475.49707031
v 342.44934 53.32762 497.61697388
v 342.45667 89.76172 494.81961060
v 342.48273 72.11883 517.58337402
v 342.48938 95.47250 525.05084229
v 342.56003 69.25142 510.54125977
v 342.64136 98.29794 524.06829834
v 342.64844 76.95321 522.88970947
v 342.65359 54.91584 481.08142090
v 342.67126 81.45032 498.24807739
v 342.72821 106.87276 496.39541626
v 342.73227 74.57600 495.21646118
v 342.73581 106.92236 517.74224854
v 342.77231 108.52612 514.97802734
v 342.79364 78.25637 523.79553223
v 342.81439 98.17508 495.37689209
v 342.84290 57.18526 475.46179199
v 342.85660 91.56277 525.46759033
v 342.87720 69.57287 512.49279785
v 342.90784 72.67556 505.53952026
v 342.90988 104.21260 495.02340698
v 342.91269 69.87119 509.70123291
v 342.93027 55.86470 477.09570312
v 342.93289 51.66330 503.25119019
v 342.94144 58.92436 475.88320923
v 342.95786 107.69726 498.13995361
v 342.96033 52.11723 501.25662231
v 342.96936 74.89961 497.49295044
v 342.98325 75.15192 502.52520752
v 343.04144 64.62908 483.12643433
v 343.18491 101.72404 495.39505005
v 343.27390 72.43931 506.42849731
v 343.34644 57.88477 476.93386841
v 343.36575 66.35526 510.60861206
v 343.39218 72.92902 516.68701172
v 343.42844 53.94975 512.16699219
v 343.56750 54.17596 491.38717651
v 343.58020 52.13790 501.55349731
v 343.59445 53.61067 494.69110107
v 343.61270 82.18298 524.51397705
v 343.70428 54.92114 512.54833984
v 343.77142 74.51000 504.07800293
v 343.77664 91.98928 525.21783447
v 343.79715 56.86067 479.73211670
v 343.90939 53.38234 498.26477051
v 343.95291 60.88641 480.62426758
v 343.98941 53.00648 499.85067749
v 344.01089 71.13055 511.86206055
v 344.04074 61.89538 481.67910767
v 344.04126 51.74645 505.87698364
v 344.04739 70.96673 510.94924927
v 344.05078 108.62085 507.88958740
v 344.06213 95.53793 497.75085449
v 344.07681 96.32869 524.08117676
v 344.08057 71.57430 508.62152100
v 344.08304 64.63118 484.92718506
v 344.09299 52.01117 508.73947144
v 344.13187 54.64086 488.59286499
v 344.13800 108.22805 502.97561646
v 344.19232 70.87673 508.16262817
v 344.19501 97.58392 523.31555176
v 344.29651 104.17934 498.39898682
v 344.31592 52.78192 510.23641968
v 344.34265 62.13020 511.27151489
v 344.36832 73.40385 504.81689453
v 344.41714 64.72144 510.49716187
v 344.48618 55.15962 486.42413330
v 344.53299 57.70008 481.86642456
v 344.54108 56.73305 482.76873779
v 344.62149 72.00360 509.54141235
v 344.62564 52.18118 503.46493530
v 344.63531 59.77775 481.76089478
v 344.64117 106.08707 500.50659180
v 344.64825 60.94565 482.14047241
v 344.70428 55.85635 484.79229736
v 344.87088 101.91517 498.94332886
v 344.93356 90.58743 524.64129639
v 344.98532 107.87337 505.38513184
v 345.02576 74.35358 506.34594727
v 345.09808 107.43452 509.33221436
v 345.13937 82.58998 522.84173584
v 345.21982 87.93493 524.24810791
v 345.28009 96.51859 522.66046143
v 345.31427 53.81420 510.26971436
v 345.38412 55.74940 511.11602783
v 345.41864 52.47362 505.25085449
v 345.47577 53.88682 494.85971069
v 345.54645 92.45419 524.01190186
v 345.57449 106.96431 504.31961060
v 345.59122 57.91008 483.96688843
v 345.63834 69.65356 508.77545166
v 345.64447 79.62539 519.50036621
v 345.76718 102.74169 516.94732666
v 345.82309 60.14598 510.53128052
v 345.82693 106.88349 506.98077393
v 345.83670 82.41315 521.59008789
v 345.83899 103.87050 515.39874268
v 345.87195 105.72301 502.58242798
v 345.87424 79.18867 504.87561035
v 345.92313 104.76289 501.66070557
v 345.92538 88.79450 523.61376953
v 345.92657 83.87309 501.22573853
v 345.92834 74.06551 498.79678345
v 345.98541 72.62233 505.86483765
v 345.99673 85.75134 500.84414673
v 346.00684 76.29108 507.00823975
v 346.03915 84.09443 522.16412354
v 346.04367 75.15299 508.68206787
v 346.09622 54.62553 492.56488037
v 346.16345 102.02589 501.05538940
v 346.17221 105.98215 509.28295898
v 346.26315 90.78084 523.16210938
v 346.31769 80.71934 519.15008545
v 346.41415 68.80481 508.79751587
v 346.44998 105.53703 504.74905396
v 346.52945 77.58990 514.52929688
v 346.61121 103.38166 502.48489380
v 346.61157 54.04135 498.80810547
v 346.64313 86.14417 502.29736328
v 346.66885 77.09437 512.88732910
v 346.76593 58.85848 486.30883789
v 346.80920 58.81549 509.72924805
v 346.82486 56.89190 488.34188843
v 346.83603 62.47643 486.68652344
v 346.85840 94.74936 501.64062500
v 346.90155 63.25871 509.26757812
v 346.91006 72.93989 496.65014648
v 346.93045 102.84096 513.76489258
v 346.93747 82.27864 518.80187988
v 346.94427 91.36202 502.16424561
v 346.97745 84.55375 520.16284180
v 346.97836 64.46847 488.35574341
v 346.98721 95.72298 520.51019287
v 347.00525 100.93497 516.39263916
v 347.03796 55.06290 492.66976929
v 347.06479 104.06539 509.20666504
v 347.09897 78.17822 510.50363159
v 347.10699 78.35405 512.58874512
v 347.10849 102.73996 504.62924194
v 347.14575 103.67532 506.79711914
v 347.16800 83.22285 505.06411743
v 347.24295 96.14046 502.71859741
v 347.28397 89.36316 504.27490234
v 347.29077 73.49921 501.12368774
v 347.41620 82.47312 507.03372192
v 347.42990 60.82789 487.18569946
v 347.44525 82.11354 514.66864014
v 347.52759 54.02392 505.64160156
v 347.52960 81.21992 510.47558594
v 347.59164 84.13747 512.54663086
v 347.63040 90.68436 505.97027588
v 347.63440 97.73696 505.32177734
v 347.64075 54.15109 501.42456055
v 347.73511 92.08316 519.48937988
v 347.74774 70.64674 506.98858643
v 347.82025 87.64645 518.38861084
v 347.84613 84.70740 515.98657227
v 347.85385 99.85859 508.92498779
v 347.86646 95.40147 505.31018066
v 347.86710 95.48370 518.78692627
v 347.87622 55.71815 492.69580078
v 347.88416 71.93143 496.31576538
v 347.90063 99.93074 514.87243652
v 348.00406 100.13538 513.83111572
v 348.06363 89.98299 508.16531372
v 348.07391 100.07987 511.47705078
v 348.14450 86.81992 511.83489990
v 348.16254 85.80781 513.65386963
v 348.19769 56.62022 507.87570190
v 348.21997 54.41768 503.56881714
v 348.25281 92.60782 506.81585693
v 348.43658 55.03928 505.95233154
v 348.45920 72.93111 501.46398926
v 348.50546 59.09417 489.21554565
v 348.52747 55.82571 506.92272949
v 348.64319 58.00565 490.24923706
v 348.72507 57.02663 491.90704346
v 348.77518 97.72618 515.73760986
v 348.88275 98.14281 514.83923340
v 348.89368 89.30433 510.59600830
v 348.92682 96.61407 508.76730347
v 348.93018 95.58624 508.09133911
v 348.94327 87.47746 513.28070068
v 349.00775 91.54054 508.82821655
v 349.05014 72.20684 498.44897461
v 349.15976 95.86736 515.84857178
v 349.23096 69.61336 495.36007690
v 349.34006 55.58844 501.21075439
v 349.34726 89.09329 514.69641113
v 349.42249 96.88450 512.68475342
v 349.44272 95.43942 509.69573975
v 349.49786 93.98954 515.28912354
v 349.52731 59.90222 507.28063965
v 349.55145 57.33222 494.76113892
v 349.55695 91.55843 510.69729614
v 349.58563 66.60162 493.09573364
v 349.64575 90.36619 512.98645020
v 349.69363 58.09622 493.57122803
v 349.73535 94.70535 512.99359131
v 349.77432 93.39388 511.36499023
v 349.82614 56.32676 503.35671997
v 349.88315 61.05399 491.82199097
v 349.98117 63.66841 492.01208496
v 350.32407 70.22774 505.14135742
v 350.54895 58.79802 505.41888428
v 350.74979 60.61806 493.47033691
v 350.80276 65.74915 506.94714355
v 351.01831 70.96987 501.71118164
v 351.17868 69.90588 498.28939819
v 351.37390 68.06592 505.90682983
v 351.38086 61.60570 506.34353638
v 351.77206 68.99972 504.84896851
v 351.79929 63.13818 506.27929688
v 351.82040 70.07278 500.80480957
v 351.89719 69.72742 503.74179077
v 351.89728 68.57966 497.84036255
v 351.91714 64.66956 494.86630249
v 351.96866 61.10617 495.02777100
v 351.99097 66.71625 496.23074341
v 352.08057 59.92900 497.01394653
v 352.47141 62.25233 505.23980713
v 352.52136 63.06595 495.76263428
v 352.57306 65.00513 505.43963623
v 352.66324 65.78681 496.93048096
v 352.75845 60.29908 500.42318726
v 353.02118 61.23842 502.71032715
v 353.02710 64.06927 504.69537354
v 353.05899 62.31761 503.98638916
v 353.05917 66.09069 504.41781616
v 353.12418 67.94977 501.72094727
v 353.12442 67.63080 500.32009888
v 353.12930 61.39095 498.36459351
v 353.16855 65.01688 498.02868652
v 353.27710 66.87691 503.44015503
v 353.32950 62.97157 498.28240967
v 353.54849 62.80242 501.77264404
v 353.58490 64.56131 502.43878174
v 353.58856 64.52541 500.15155029
f 494 399 427
f 348 368 398
f 600 460 643
f 643 460 577
f 643 674 600
f 446 413 398
f 460 568 446
f 385 348 398
f 413 385 398
f 460 446 415
f 415 368 399
f 427 418 475
f 494 427 655
f 655 427 475
f 729 577 655
f 655 577 494
f 860 729 862
f 655 475 639
f 729 655 780
f 780 862 729
f 639 475 488
f 780 655 639
f 346 413 405
f 413 346 385
f 467 405 413
f 346 301 348
f 385 346 348
f 467 413 446
f 467 446 568
f 348 301 281
f 368 348 281
f 278 368 281
f 368 278 354
f 674 860 871
f 860 997 871
f 997 860 989
f 989 860 862
f 1026 989 862
f 982 1026 862
f 488 475 418
f 488 621 639
f 621 780 639
f 780 880 862
f 880 982 862
f 621 488 504
f 880 780 621
f 690 621 504
f 880 621 690
f 467 568 473
f 354 239 418
f 418 239 349
f 418 349 444
f 418 444 488
f 488 444 504
f 880 970 982
f 690 504 608
f 880 690 747
f 279 328 369
f 279 241 301
f 328 279 301
f 328 301 346
f 369 328 346
f 405 369 346
f 405 467 473
f 405 473 429
f 405 429 369
f 301 218 281
f 301 241 218
f 218 278 281
f 600 674 843
f 674 871 843
f 354 278 239
f 989 1026 1205
f 1026 1212 1205
f 608 504 520
f 747 690 608
f 747 608 781
f 323 369 373
f 296 254 279
f 323 296 279
f 369 323 279
f 373 369 429
f 241 279 254
f 241 233 194
f 254 233 241
f 194 187 218
f 568 600 710
f 199 187 184
f 399 368 354
f 399 354 427
f 460 415 577
f 218 187 199
f 2191 2194 1943
f 1246 871 997
f 218 199 278
f 1943 2194 2181
f 241 194 218
f 473 568 637
f 1026 982 1135
f 982 970 1135
f 199 209 239
f 199 239 278
f 1953 1943 1618
f 2191 1943 1953
f 2188 2191 1953
f 2396 2194 2191
f 2430 2396 2191
f 989 1205 997
f 239 240 298
f 239 298 349
f 444 298 374
f 2430 2191 2188
f 1867 1953 1618
f 349 298 444
f 444 374 455
f 504 444 455
f 504 455 520
f 870 880 747
f 880 870 970
f 781 608 520
f 870 747 781
f 230 254 266
f 266 254 296
f 254 230 233
f 373 429 417
f 233 230 194
f 429 473 654
f 194 175 187
f 637 568 710
f 2252 2188 1953
f 239 209 240
f 997 1205 1246
f 187 175 184
f 600 843 710
f 2368 2430 2188
f 2368 2188 2252
f 1346 1232 1257
f 1128 970 870
f 871 1225 843
f 2252 1953 1867
f 247 298 240
f 1257 1106 1192
f 1106 1257 1232
f 1322 1232 1346
f 2497 2548 2181
f 1292 1346 1257
f 1628 1346 1535
f 219 230 266
f 473 637 654
f 182 175 194
f 1128 1135 970
f 520 536 781
f 296 323 357
f 1628 1322 1346
f 2181 1764 1788
f 175 178 184
f 373 417 323
f 230 219 194
f 219 182 194
f 189 199 184
f 189 184 178
f 199 189 209
f 1257 1192 1188
f 1764 1535 1640
f 1788 1764 1640
f 1292 1257 1188
f 1535 1346 1292
f 240 209 217
f 1943 2181 1788
f 2181 2194 2497
f 2194 2543 2497
f 2543 2194 2396
f 1943 1788 1734
f 2904 2543 2396
f 2904 3039 2543
f 1100 1192 1106
f 1188 1192 1100
f 1246 1225 871
f 240 217 247
f 1317 1332 1205
f 1205 1212 1317
f 298 247 374
f 1618 1535 1292
f 1640 1535 1618
f 1734 1788 1640
f 1578 1292 1188
f 1618 1292 1578
f 1485 1573 1692
f 1691 1692 1573
f 1692 1691 1714
f 1026 1135 1243
f 1026 1243 1212
f 1774 1714 1691
f 781 536 702
f 1692 1515 1485
f 1515 1692 1636
f 1086 1064 872
f 1544 1207 1235
f 1086 1573 1360
f 1485 1360 1573
f 1562 1573 1509
f 1691 1573 1562
f 1573 1086 1509
f 1086 705 1207
f 1544 1235 1650
f 1509 1086 1207
f 1544 1509 1207
f 1562 1509 1544
f 1691 1562 1718
f 1718 1774 1691
f 705 522 667
f 705 667 784
f 1078 1235 824
f 1562 1544 1650
f 1650 1718 1562
f 872 705 1086
f 522 554 667
f 824 667 602
f 1207 705 784
f 602 554 543
f 602 543 550
f 550 810 602
f 824 1235 1207
f 1650 1235 1078
f 824 784 667
f 1207 784 824
f 454 452 386
f 335 347 266
f 318 335 266
f 318 266 296
f 474 554 522
f 667 554 602
f 824 602 810
f 1078 824 810
f 543 554 474
f 454 386 417
f 357 421 335
f 421 357 422
f 422 357 386
f 452 422 386
f 335 318 357
f 429 654 417
f 556 454 417
f 654 556 417
f 219 206 182
f 357 318 296
f 266 347 219
f 357 323 386
f 417 386 323
f 1734 1640 1618
f 1943 1734 1618
f 2904 2396 2430
f 2892 2904 2430
f 1867 1618 1578
f 2892 2430 2368
f 182 171 175
f 1330 1549 1578
f 2646 2892 2368
f 1072 843 1225
f 1330 1188 1100
f 1578 1188 1330
f 2226 1911 2066
f 1549 2066 1911
f 1867 1911 2252
f 2252 2468 2368
f 2646 2368 2468
f 2226 2252 1911
f 2468 2252 2226
f 1205 1332 1246
f 1867 1578 1549
f 1911 1867 1549
f 2181 2012 1764
f 2543 2710 2497
f 210 247 217
f 189 217 209
f 1535 1764 1628
f 455 374 384
f 1764 1736 1628
f 2012 1736 1764
f 1317 1212 1324
f 374 247 325
f 1324 1212 1243
f 2012 2181 2548
f 2710 2548 2497
f 1243 1135 1128
f 1485 1515 1412
f 1636 1692 1689
f 1689 1692 1719
f 1360 1485 1335
f 1412 1335 1485
f 1692 1714 1719
f 1360 1335 1086
f 1064 1335 985
f 796 872 1064
f 796 1064 985
f 1335 1064 1086
f 660 705 796
f 796 705 872
f 660 616 535
f 705 660 522
f 660 535 522
f 1650 1078 1088
f 522 447 474
f 810 1088 1078
f 476 543 474
f 543 476 550
f 550 614 810
f 474 414 476
f 414 449 476
f 503 614 550
f 503 550 476
f 421 449 414
f 379 421 414
f 476 449 503
f 422 449 421
f 503 449 422
f 379 347 335
f 421 379 335
f 452 503 422
f 452 541 503
f 541 452 454
f 588 541 454
f 219 347 274
f 556 588 454
f 828 637 858
f 3039 2710 2543
f 3288 3204 2892
f 2892 3204 2904
f 3204 3039 2904
f 1674 2066 1549
f 1674 1549 1462
f 1462 1549 1330
f 2892 2646 2887
f 2887 3288 2892
f 189 178 183
f 858 637 710
f 171 172 175
f 710 843 1072
f 2468 2226 2529
f 175 172 178
f 1301 1197 1232
f 217 183 210
f 1242 1072 1225
f 1468 1301 1322
f 1301 1244 1185
f 1301 1297 1244
f 1468 1382 1297
f 1468 1297 1301
f 183 217 189
f 1225 1246 1358
f 1246 1332 1439
f 1232 1322 1301
f 1106 1197 1015
f 1015 1197 1013
f 1301 1185 1197
f 1515 1387 1412
f 1521 1387 1515
f 1636 1521 1515
f 325 247 210
f 1332 1317 1439
f 1317 1324 1439
f 1284 1324 1243
f 1636 1689 1646
f 1335 1412 1387
f 1106 1232 1197
f 1628 1645 1322
f 1645 1468 1322
f 2196 1645 1736
f 1774 1718 1835
f 616 660 796
f 1718 1650 1715
f 1128 870 1203
f 1521 1636 1646
f 1715 1929 1718
f 535 616 519
f 535 447 522
f 1714 1774 1798
f 1798 1774 1835
f 447 414 474
f 414 447 406
f 1979 1835 1718
f 1929 1979 1718
f 614 503 673
f 503 541 673
f 1715 1650 1088
f 1715 1088 1256
f 810 614 1088
f 673 541 634
f 634 541 588
f 219 274 237
f 414 406 379
f 1256 1088 614
f 379 406 347
f 219 237 206
f 1736 1645 1628
f 2710 2894 2548
f 3004 2894 2710
f 654 637 828
f 556 828 588
f 5073 5060 5031
f 5073 5098 5060
f 5043 5073 5010
f 556 654 828
f 1100 1106 863
f 774 1100 863
f 5073 5031 5010
f 2809 2911 2706
f 2546 2633 2706
f 2540 2706 2729
f 2729 2706 2949
f 2949 2706 2911
f 2949 2911 3110
f 3039 3004 2710
f 5031 4978 5010
f 3204 3390 3004
f 5010 4978 4797
f 3390 3204 3288
f 4890 5010 4797
f 5032 5098 5073
f 5032 5137 5098
f 1100 873 1330
f 5043 5010 4890
f 1246 1439 1473
f 2809 2706 2633
f 3110 2911 3058
f 2706 2540 2546
f 2809 3058 2911
f 3204 3004 3039
f 1439 1324 1403
f 172 183 178
f 1225 1358 1242
f 5073 5043 5032
f 2837 3288 2887
f 1330 1123 1462
f 520 455 470
f 455 384 470
f 520 470 536
f 1246 1473 1358
f 1548 1521 1646
f 1689 1719 1828
f 1403 1324 1284
f 1284 1243 1128
f 374 325 384
f 796 852 616
f 852 796 985
f 1835 1979 1972
f 781 702 951
f 870 781 951
f 1203 870 951
f 535 519 437
f 1897 1929 1715
f 535 437 447
f 1719 1714 1798
f 1335 852 985
f 1620 1256 1343
f 3818 3510 3791
f 3791 4244 3818
f 3818 4244 4346
f 1620 1897 1715
f 1256 1620 1715
f 447 437 406
f 673 829 614
f 4244 3791 4053
f 4053 3791 3676
f 406 377 347
f 614 829 1256
f 906 829 673
f 3791 3510 3676
f 4346 4244 4368
f 634 906 673
f 3415 3510 3266
f 3676 3510 3645
f 3645 3510 3415
f 4053 3676 3931
f 4270 4368 4053
f 4368 4244 4053
f 274 286 237
f 4797 4274 4890
f 1330 873 1123
f 4890 4274 4612
f 5043 4890 4612
f 5032 5043 4869
f 4270 4053 4013
f 4013 4053 3931
f 3676 3645 3931
f 3931 3071 3747
f 882 634 588
f 3931 3645 3071
f 857 882 588
f 828 857 588
f 5047 5095 5032
f 2837 2887 2646
f 3196 3288 2837
f 3105 3415 2889
f 3415 3105 3645
f 206 181 182
f 4013 3931 3747
f 4119 4270 4013
f 3105 2889 3071
f 3645 3105 3071
f 3747 3071 3289
f 4061 4119 3274
f 3274 4119 3747
f 4013 3747 4119
f 2468 2837 2646
f 182 181 171
f 2481 2889 2131
f 3747 3289 3274
f 1462 1518 1674
f 858 710 1072
f 2729 2481 2540
f 2729 2889 2481
f 3071 2889 2949
f 2949 2889 2729
f 3289 3071 2949
f 4061 3274 3456
f 3110 3274 2949
f 3274 3289 2949
f 1816 2481 2131
f 2481 2546 2540
f 2131 1664 1816
f 3110 3456 3274
f 2732 2633 2495
f 2546 2481 2321
f 2321 2481 1816
f 2546 2321 2413
f 1674 1660 2066
f 2468 2529 2837
f 3190 3196 2837
f 2633 2413 2495
f 2413 1776 1845
f 2495 2413 1845
f 2546 2413 2633
f 2809 2633 2732
f 2321 1816 1776
f 2413 2321 1776
f 5043 4612 4869
f 1676 1724 1514
f 183 188 198
f 1423 1514 1523
f 1514 1724 1523
f 1555 1514 1473
f 1693 1514 1555
f 1693 1676 1514
f 1555 1473 1439
f 1473 1423 1358
f 1514 1423 1473
f 1660 1674 1518
f 2226 2066 2225
f 2529 2226 2225
f 198 210 183
f 632 702 536
f 1487 1693 1555
f 269 325 210
f 1487 1555 1439
f 1719 1798 1863
f 1335 1114 852
f 1798 1835 1863
f 616 852 827
f 1487 1439 1403
f 1403 1284 1459
f 1284 1128 1459
f 384 325 378
f 1897 1620 1343
f 1689 1781 1646
f 1781 1689 1828
f 1828 1719 1863
f 4346 4368 4432
f 4346 4432 4405
f 274 310 286
f 310 274 347
f 442 437 519
f 437 377 406
f 4368 4270 4350
f 1256 829 1171
f 4346 4140 3818
f 3190 2837 2757
f 2837 2529 2757
f 4350 4270 4362
f 3228 3266 3510
f 237 181 206
f 4270 4119 4362
f 634 993 906
f 882 993 634
f 4964 5032 4869
f 5047 5032 4964
f 4119 4061 4362
f 2889 2342 2131
f 2342 1615 2131
f 5001 5047 4964
f 1998 2066 1660
f 2225 2066 1998
f 2225 2647 2529
f 2529 2647 2757
f 3923 4612 3967
f 4869 4612 4784
f 3456 3110 3272
f 3110 3058 3272
f 2131 1615 1664
f 4061 3272 4078
f 4061 3456 3272
f 1816 1664 1776
f 1776 1664 1523
f 3058 2809 2866
f 1358 1423 1242
f 1242 1423 1320
f 2809 2732 2866
f 4838 4964 4869
f 4838 5001 4964
f 4784 4612 3923
f 1853 1845 1676
f 2495 2488 2732
f 172 179 183
f 1320 1423 1523
f 1776 1724 1845
f 1853 2215 1845
f 2215 2495 1845
f 4869 4784 4838
f 183 179 188
f 1249 1208 1153
f 1208 1101 1153
f 1101 1208 1274
f 1459 1487 1403
f 1676 1845 1724
f 1676 1693 1853
f 1693 1487 1905
f 1724 1776 1523
f 536 470 626
f 702 632 951
f 1182 1153 1030
f 1249 1153 1182
f 330 325 269
f 1128 1378 1459
f 330 378 325
f 1153 1101 1030
f 632 536 626
f 1244 1182 1127
f 1297 1249 1244
f 1249 1182 1244
f 1382 1249 1297
f 5025 4935 4883
f 1229 1387 1521
f 1521 1548 1303
f 1114 827 852
f 1835 1972 1863
f 1335 1387 1114
f 1685 1703 1249
f 1685 1249 1382
f 4883 4854 4733
f 4935 4854 4883
f 4686 4574 4431
f 4883 4733 4766
f 1685 1382 1468
f 827 610 616
f 519 610 451
f 616 610 519
f 2248 2080 1979
f 2080 1972 1979
f 1979 1929 1985
f 4733 4574 4686
f 4766 4733 4686
f 5025 4883 5035
f 4883 4766 4827
f 4988 4883 4827
f 5035 4883 4988
f 1463 1897 1343
f 2991 2939 3314
f 2201 2248 1979
f 1985 2201 1979
f 451 442 519
f 1929 1897 1985
f 1897 2122 1985
f 3818 3314 3510
f 3818 3348 3314
f 3348 2991 3314
f 3348 3818 3506
f 3818 4140 3506
f 347 387 310
f 437 442 377
f 2088 2122 1897
f 1463 2088 1897
f 3510 3314 3228
f 347 377 387
f 3026 3228 2801
f 1171 1343 1256
f 3228 2939 2801
f 3314 2939 3228
f 2834 3026 2827
f 5062 5025 5035
f 1185 1127 1013
f 829 906 1171
f 4502 4486 4432
f 993 1171 906
f 1244 1127 1185
f 5116 5051 5062
f 1197 1185 1013
f 5051 5025 5062
f 1468 2153 1685
f 3228 3026 3266
f 4432 4368 4502
f 3266 2834 3415
f 4350 4362 4450
f 1052 993 882
f 3415 2342 2889
f 3415 2834 2342
f 4362 4457 4450
f 3026 2834 3266
f 4502 4350 4450
f 4368 4350 4502
f 4243 4078 3980
f 857 1052 882
f 2827 2010 2342
f 2827 2342 2834
f 4362 4243 4457
f 4362 4061 4243
f 1039 1052 857
f 4661 4766 4562
f 4766 4686 4562
f 4827 4766 4661
f 5060 5035 4988
f 5062 5035 5060
f 4078 3272 3980
f 3272 3480 3980
f 4061 4078 4243
f 1039 828 858
f 857 828 1039
f 2342 2010 1570
f 2480 2153 2196
f 2012 2480 2196
f 1072 1242 1157
f 1242 1253 1157
f 1570 1615 2342
f 1072 1157 858
f 1157 1039 858
f 1242 1320 1253
f 1615 1570 1431
f 1523 1431 1320
f 5109 5116 5062
f 2153 1468 1645
f 1615 1431 1664
f 1664 1431 1523
f 2488 2495 2215
f 2215 1853 2105
f 2488 2215 2105
f 3272 3058 2866
f 3272 2866 3721
f 2153 1645 2196
f 2628 2012 2548
f 3006 2628 2548
f 3401 3006 3524
f 4661 4988 4827
f 2105 1853 1905
f 326 269 198
f 1905 1487 1683
f 326 330 269
f 1853 1693 1905
f 1378 1128 1203
f 384 378 470
f 626 470 592
f 632 626 951
f 198 269 210
f 5060 4988 5031
f 4092 4151 3524
f 4978 4988 4723
f 1229 1114 1387
f 5060 5098 5062
f 5098 5109 5062
f 1736 2012 2196
f 5031 4988 4978
f 2548 2894 3006
f 3524 3006 2894
f 5143 5109 5098
f 863 1106 1015
f 3004 3524 2894
f 1050 827 1114
f 4417 4562 4357
f 4723 4988 4661
f 4661 4417 4379
f 4092 3524 3903
f 1981 1828 1863
f 4661 4562 4417
f 3524 3004 3390
f 3903 3524 3390
f 2080 1981 1972
f 1981 1863 1972
f 4379 4417 3903
f 4978 4723 4797
f 1985 2122 2408
f 2503 2248 2201
f 2408 2503 2201
f 2201 1985 2408
f 4417 4092 3903
f 4661 4379 4723
f 5098 5137 5132
f 5143 5098 5132
f 5167 5143 5132
f 2408 2088 2693
f 2693 2088 2363
f 5156 5132 5137
f 5156 5167 5132
f 3624 4723 4379
f 2503 2408 2673
f 2408 2122 2088
f 1463 2363 2088
f 2693 2363 2603
f 2801 2693 2603
f 442 387 377
f 2673 2408 2693
f 4797 4723 4274
f 5095 5137 5032
f 774 873 1100
f 3348 3506 2942
f 1123 873 994
f 3196 3390 3288
f 3196 3903 3390
f 4274 4723 3624
f 3624 4379 3903
f 2363 1463 1688
f 2939 2693 2801
f 2939 2991 2942
f 2693 2939 2942
f 2991 3348 2942
f 3624 3903 3196
f 5095 5047 5136
f 4274 3624 3967
f 2363 1688 2513
f 2603 2363 2513
f 2801 2603 2513
f 4346 4405 4408
f 5047 5070 5136
f 1518 1462 1123
f 3026 2801 2513
f 4405 4432 4508
f 4612 4274 3967
f 3624 3196 3190
f 3026 2513 2827
f 1171 1463 1343
f 1688 1463 1532
f 2513 1688 1750
f 4432 4486 4508
f 1463 1171 1138
f 1340 1463 1138
f 1532 1463 1340
f 3967 3624 3923
f 5001 5070 5047
f 1688 1532 1750
f 3723 3190 2647
f 3190 2757 2647
f 3624 3190 3723
f 3923 3624 3723
f 5003 5070 5001
f 267 237 286
f 1532 1340 1496
f 1750 1532 1496
f 1171 993 1138
f 1447 1750 1496
f 2513 1750 1785
f 2827 2513 1785
f 4784 3923 3723
f 1138 993 1052
f 1447 1340 1342
f 1342 1340 1138
f 2169 2225 1998
f 4908 5001 4838
f 2594 2225 2169
f 2594 2806 2647
f 2225 2594 2647
f 2806 3723 2647
f 1750 1638 1785
f 2827 1785 2010
f 1434 1588 1419
f 1785 1638 1588
f 2010 1785 1588
f 1588 1638 1422
f 1342 1138 1052
f 1118 1052 1039
f 1419 1052 1348
f 1348 1052 1118
f 4650 3723 3953
f 4784 3723 4650
f 4784 4650 4838
f 4908 5003 5001
f 4561 4650 3953
f 4742 4838 4650
f 1419 1348 1434
f 4243 3980 4206
f 2010 1588 1570
f 1118 1039 1253
f 1348 1118 1345
f 3953 3601 4561
f 4742 4818 4838
f 1434 1348 1345
f 1588 1434 1570
f 1039 1157 1253
f 1570 1434 1345
f 1345 1118 1253
f 1320 1345 1253
f 1570 1345 1431
f 3480 3272 3721
f 4838 4818 4908
f 4705 4650 4561
f 4650 4705 4742
f 1431 1345 1320
f 1208 1249 1547
f 1547 1274 1208
f 2978 2732 2488
f 2866 2732 2978
f 1101 1274 1020
f 4935 4897 4854
f 4946 4897 4935
f 1182 1030 1127
f 1249 1703 1547
f 188 326 198
f 1030 823 1127
f 5030 5051 5116
f 1013 823 697
f 5051 5030 5025
f 4854 4622 4733
f 4946 4935 5025
f 5030 4946 5025
f 1487 1459 1765
f 1459 1536 1765
f 419 378 330
f 470 378 592
f 378 419 592
f 2105 1905 1683
f 823 1013 1127
f 2153 1703 1685
f 2153 2358 1703
f 3006 3401 3492
f 3492 3401 3802
f 3524 3802 3401
f 4686 4411 4562
f 1229 1521 1303
f 1646 1773 1548
f 951 865 1056
f 951 1056 1203
f 951 626 865
f 2480 2358 2153
f 4686 4431 4411
f 5109 5138 5116
f 4318 4562 4411
f 4318 4357 4562
f 827 1050 610
f 1981 2080 2164
f 2179 2164 2080
f 1646 1850 1773
f 1646 1781 1850
f 4318 4151 4092
f 2343 2503 2673
f 2343 2248 2503
f 610 671 451
f 2080 2248 2179
f 2343 2179 2248
f 2480 2012 2628
f 2628 3006 3492
f 1015 838 863
f 2693 2942 2673
f 1013 838 1015
f 697 838 1013
f 3524 4151 3802
f 4417 4357 4092
f 4357 4318 4092
f 5137 5095 5136
f 5136 5156 5137
f 684 774 681
f 5143 5138 5109
f 631 681 863
f 3506 3043 2942
f 3506 4178 3043
f 863 681 774
f 3506 4140 4352
f 4140 4346 4352
f 3601 3723 2806
f 3953 3723 3601
f 2594 2169 2406
f 5070 5003 5063
f 1367 1518 1123
f 237 267 205
f 2578 2594 2406
f 2594 2578 2806
f 5063 5151 5070
f 4818 4742 4705
f 1496 1340 1447
f 4486 4502 4583
f 4583 4502 4551
f 4908 4975 5003
f 4502 4450 4551
f 618 524 689
f 739 689 524
f 911 689 739
f 1093 983 911
f 983 618 689
f 983 664 618
f 1505 911 1036
f 739 524 599
f 1036 911 739
f 237 205 181
f 1422 1447 1342
f 1750 1447 1638
f 1638 1447 1422
f 4450 4457 4470
f 911 983 689
f 1255 1093 911
f 1505 1036 1271
f 2048 1541 1505
f 1960 1541 2048
f 1588 1422 1419
f 4470 4243 4206
f 1419 1422 1342
f 4243 4470 4457
f 1505 1255 911
f 1271 1036 1044
f 1342 1052 1419
f 1044 1036 853
f 1505 1271 1705
f 2048 1505 1705
f 171 174 172
f 2159 1960 2048
f 2978 2488 2105
f 174 179 172
f 3980 3480 3988
f 4206 3980 3988
f 3480 3721 3988
f 2349 2159 2048
f 853 739 599
f 1036 739 853
f 1020 1044 808
f 1044 853 808
f 1274 1044 1020
f 1271 1044 1274
f 179 186 188
f 1203 1276 1378
f 309 326 188
f 1683 1487 1765
f 2978 3721 2866
f 2349 2048 2310
f 1536 1459 1378
f 620 865 626
f 592 620 626
f 1828 1981 1958
f 1828 1958 1900
f 2310 2048 1705
f 4607 4367 4672
f 1828 1900 1781
f 1781 1900 1850
f 1114 1136 1050
f 1020 808 1101
f 1547 1271 1274
f 1705 1271 1547
f 4674 4607 4672
f 1101 808 791
f 1101 791 1030
f 2024 1958 1981
f 2310 1705 1941
f 2284 2310 1941
f 4367 3708 4054
f 4622 4367 4054
f 4672 4854 4897
f 1941 1705 1547
f 3708 3317 4054
f 4622 4054 4395
f 4946 4674 4897
f 2358 2284 1941
f 2752 2284 2358
f 4574 4622 4395
f 1981 2164 2024
f 4672 4367 4622
f 4897 4674 4672
f 442 451 387
f 4622 4574 4733
f 4622 4854 4672
f 2343 2673 2874
f 791 823 1030
f 1547 1703 1941
f 4431 4574 4395
f 2752 2358 2828
f 3708 2752 2828
f 3317 3708 2828
f 2828 2358 2480
f 1703 2358 1941
f 2942 3043 3089
f 4216 4054 3317
f 4216 3317 3492
f 4395 4054 4216
f 2673 2942 2874
f 4216 3492 3802
f 4352 4346 4408
f 4495 4408 4405
f 4405 4508 4495
f 310 267 286
f 3506 4352 4178
f 4508 4486 4573
f 4573 4486 4583
f 4431 4395 4216
f 2628 2828 2480
f 3492 2828 2628
f 3317 2828 3492
f 4411 4431 4216
f 5044 5030 5116
f 5143 5188 5138
f 185 181 205
f 4551 4450 4563
f 4563 4583 4551
f 4411 4216 4318
f 4318 4216 4151
f 564 631 563
f 4563 4450 4470
f 4151 4216 3802
f 838 631 863
f 631 838 697
f 631 564 681
f 756 684 649
f 873 684 994
f 684 756 994
f 649 564 448
f 684 564 649
f 681 564 684
f 4206 3988 4194
f 181 174 171
f 873 774 684
f 5156 5136 5162
f 1123 994 1094
f 994 1031 1094
f 1239 1123 1094
f 3721 3979 3988
f 1031 756 748
f 280 450 649
f 581 649 450
f 748 756 581
f 1477 1660 1518
f 756 649 581
f 1031 994 756
f 5151 5136 5070
f 711 581 450
f 748 581 711
f 1239 1367 1123
f 551 450 280
f 727 877 656
f 2105 1683 1765
f 3979 3721 2978
f 551 711 450
f 330 390 419
f 186 224 188
f 188 224 309
f 856 877 727
f 656 711 551
f 656 877 711
f 641 865 620
f 1765 1536 1533
f 330 326 390
f 1056 865 1018
f 1203 1056 1276
f 592 641 620
f 280 443 551
f 513 551 443
f 656 551 513
f 755 656 513
f 2578 3029 2806
f 4561 3601 3324
f 1136 1114 1229
f 1548 1773 1303
f 727 656 755
f 755 856 727
f 3601 2806 3324
f 513 584 755
f 584 669 755
f 4561 4488 4635
f 4635 4720 4705
f 4705 4720 4837
f 4837 4908 4818
f 4488 4561 3324
f 4837 4818 4705
f 1093 1172 983
f 2473 2179 2343
f 618 664 518
f 983 819 664
f 1172 819 983
f 4705 4561 4635
f 2120 1590 1960
f 2228 2120 1960
f 518 331 509
f 2120 1622 1590
f 618 509 524
f 524 402 599
f 1541 1255 1505
f 1960 1590 1541
f 2159 2228 1960
f 2874 2473 2343
f 1093 1280 1172
f 1590 1280 1093
f 518 509 618
f 445 451 671
f 1590 1093 1255
f 524 331 343
f 402 549 599
f 2349 3114 2159
f 334 343 287
f 402 343 334
f 518 340 331
f 524 509 331
f 1590 1255 1541
f 3848 3114 3096
f 2942 3089 2874
f 402 524 343
f 4178 4352 4399
f 2912 2228 2159
f 3114 2912 2159
f 287 343 331
f 4463 4096 4367
f 599 549 853
f 334 549 402
f 2349 3096 3114
f 4607 4674 4463
f 853 549 808
f 2349 2310 3096
f 310 302 267
f 387 302 310
f 4495 4508 4573
f 4096 3848 3708
f 3848 3096 3708
f 4367 4607 4463
f 3096 2310 2284
f 2752 3096 2284
f 4367 4096 3708
f 791 808 453
f 4871 4674 4946
f 808 549 453
f 3708 3096 2752
f 4573 4583 4603
f 4946 5012 4871
f 5002 5012 4946
f 5044 4946 5030
f 823 791 493
f 5215 5143 5167
f 5188 5143 5215
f 823 493 697
f 4946 5044 5002
f 493 791 453
f 697 493 461
f 4470 4206 4451
f 4470 4451 4563
f 697 461 563
f 697 563 631
f 563 448 564
f 563 461 389
f 448 341 324
f 4194 4451 4206
f 448 563 341
f 5186 5156 5162
f 341 162 170
f 324 341 170
f 280 448 324
f 649 448 280
f 5162 5136 5151
f 5167 5156 5186
f 5168 5162 5151
f 711 877 748
f 1031 748 877
f 1071 1031 877
f 1206 1094 1071
f 1071 1094 1031
f 1206 1287 1239
f 1094 1206 1239
f 2731 2978 2105
f 3979 4194 3988
f 157 170 123
f 280 170 157
f 1477 1589 1660
f 119 162 138
f 1536 1378 1533
f 419 528 592
f 1239 1287 1367
f 1367 1477 1518
f 97 170 119
f 119 170 162
f 592 528 641
f 641 650 865
f 650 1018 865
f 1056 1018 1276
f 390 326 309
f 1854 1765 1533
f 123 170 97
f 280 324 170
f 1095 1071 877
f 901 1095 877
f 137 157 123
f 1958 2024 1975
f 2231 2164 2179
f 1050 1053 671
f 610 1050 671
f 2024 2164 2079
f 1975 1900 1958
f 1732 1660 1589
f 280 157 173
f 169 173 137
f 443 280 173
f 901 877 856
f 901 856 976
f 5063 5003 5059
f 173 157 137
f 2578 2406 2393
f 169 443 173
f 2874 2672 2473
f 2179 2473 2231
f 5059 5003 4975
f 584 513 350
f 840 755 669
f 4975 4908 4837
f 220 443 169
f 840 856 755
f 484 669 584
f 3324 2806 3029
f 4124 3324 3029
f 4488 3324 4124
f 2874 3089 3020
f 3089 3043 3709
f 4352 4408 4399
f 4399 4408 4503
f 387 451 302
f 443 220 350
f 443 350 513
f 4495 4573 4503
f 4124 4015 4488
f 4635 4488 4578
f 350 484 584
f 4408 4495 4503
f 267 264 232
f 232 205 267
f 725 664 819
f 1172 1339 819
f 819 1339 1032
f 2883 2120 2228
f 4583 4563 4603
f 4603 4563 4555
f 4016 4194 3979
f 3979 3682 4016
f 185 176 181
f 512 518 596
f 725 596 664
f 596 518 664
f 2228 2912 2883
f 284 331 340
f 2002 1653 2120
f 1653 1622 2120
f 3913 3949 2912
f 4463 4146 3913
f 4569 4146 4463
f 3114 3848 2912
f 174 193 179
f 193 186 179
f 3066 3979 2978
f 181 176 174
f 1280 1590 1622
f 3949 2883 2912
f 4674 4871 4793
f 3848 4096 3913
f 3913 4096 4463
f 2105 1765 2334
f 2132 1765 1854
f 641 528 650
f 3066 2978 2731
f 2334 2731 2105
f 1975 1850 1900
f 4463 4674 4569
f 3913 2912 3848
f 453 549 332
f 2132 2334 1765
f 5138 5044 5116
f 1050 1136 1053
f 1229 1223 1136
f 1229 1303 1223
f 138 341 290
f 5167 5209 5215
f 2079 2164 2231
f 563 290 341
f 5186 5209 5167
f 389 290 563
f 147 137 104
f 147 169 137
f 1095 976 1054
f 1095 901 976
f 2169 1998 1732
f 5147 5168 5151
f 138 162 341
f 1732 1998 1660
f 2704 2578 2393
f 856 840 976
f 976 840 1054
f 1095 1206 1071
f 2406 2169 1732
f 682 787 669
f 3100 2578 2704
f 3029 2578 3100
f 445 302 451
f 313 302 445
f 3020 3089 3220
f 2874 3020 2672
f 787 840 669
f 4578 4488 4015
f 4764 4837 4720
f 3100 4124 3029
f 4178 4183 3043
f 350 220 299
f 1622 1653 1513
f 1172 1280 1513
f 4015 4124 3100
f 4865 4975 4837
f 1513 1339 1172
f 287 331 284
f 1280 1622 1513
f 340 518 365
f 4146 4277 3949
f 287 236 215
f 287 244 334
f 264 267 302
f 332 334 244
f 334 332 549
f 3949 3913 4146
f 2883 2920 2120
f 4563 4451 4555
f 4451 4194 4321
f 4194 4016 4321
f 287 284 236
f 4569 4674 4793
f 216 332 244
f 287 215 244
f 193 224 186
f 1533 1378 1276
f 5044 5148 5068
f 5068 5002 5044
f 329 461 249
f 332 249 461
f 5138 5148 5044
f 461 453 332
f 453 461 493
f 1489 1533 1276
f 389 461 359
f 650 528 651
f 359 329 212
f 461 329 359
f 152 359 148
f 290 389 260
f 389 359 260
f 359 212 148
f 78 62 37
f 2079 2231 2307
f 2416 2231 2473
f 1136 1223 1053
f 1975 2024 2079
f 4503 4573 4523
f 2416 2473 2575
f 603 445 671
f 126 62 78
f 148 126 78
f 5186 5211 5209
f 260 359 152
f 78 37 48
f 148 78 64
f 3043 4183 3709
f 174 180 193
f 4603 4555 4582
f 3089 3344 3220
f 3089 3709 3344
f 4555 4451 4422
f 4451 4321 4422
f 290 260 138
f 48 37 23
f 64 78 48
f 89 148 64
f 152 148 89
f 5186 5168 5184
f 5162 5168 5186
f 30 43 23
f 51 48 43
f 3979 3066 3682
f 3066 2731 2839
f 224 333 309
f 309 333 327
f 2731 2334 2839
f 225 224 193
f 48 23 43
f 64 48 51
f 5186 5184 5211
f 89 64 51
f 708 390 327
f 390 708 419
f 650 651 1018
f 1276 1018 1444
f 1276 1444 1489
f 390 309 327
f 119 152 89
f 260 152 119
f 138 260 119
f 97 119 94
f 30 94 43
f 43 94 51
f 94 89 51
f 119 89 94
f 90 94 59
f 97 94 90
f 1975 2079 2100
f 671 1053 794
f 2307 2231 2416
f 1303 1362 1223
f 1773 1362 1303
f 59 94 30
f 137 97 90
f 97 137 123
f 1477 1367 1498
f 2473 2672 2575
f 4573 4603 4598
f 4399 4364 4178
f 4178 4364 4183
f 1347 1287 1206
f 1367 1287 1347
f 1589 1624 1732
f 90 104 137
f 1206 1095 1154
f 1347 1498 1367
f 4555 4422 4500
f 4573 4565 4523
f 4565 4573 4598
f 5151 5063 5147
f 104 90 59
f 147 104 72
f 1707 2406 1732
f 1707 2393 2406
f 2334 2507 2839
f 2334 2132 2507
f 1154 1095 1054
f 150 147 136
f 167 147 150
f 167 169 147
f 220 169 167
f 933 1054 840
f 1854 1533 1752
f 1018 651 1263
f 350 299 434
f 434 484 350
f 1018 1263 1444
f 1975 1946 1850
f 1773 1690 1362
f 1854 2507 2132
f 419 708 528
f 1752 1533 1489
f 1773 1826 1690
f 1826 1773 1850
f 1223 1102 1053
f 1850 1946 1826
f 167 299 220
f 671 794 603
f 1102 794 1053
f 4717 4635 4578
f 4635 4717 4720
f 4399 4415 4364
f 1513 1629 1339
f 2672 2702 2575
f 1653 1629 1513
f 1032 725 819
f 340 365 284
f 2002 2120 2293
f 4016 4369 4321
f 4598 4603 4582
f 205 214 185
f 4571 4582 4555
f 4415 4399 4503
f 4503 4523 4415
f 2120 2920 2293
f 518 512 365
f 4836 4277 4569
f 215 236 203
f 2883 3949 4277
f 224 225 333
f 185 214 176
f 4369 4422 4321
f 2631 3066 2839
f 192 236 250
f 250 236 284
f 4277 2920 2883
f 250 284 365
f 4836 4569 4793
f 4871 4836 4793
f 5012 4836 4871
f 153 146 203
f 215 203 146
f 244 215 216
f 4277 4146 4569
f 216 215 146
f 249 216 204
f 1854 1752 1967
f 1854 1967 2507
f 2631 2839 2507
f 216 249 332
f 144 146 153
f 5068 5012 5002
f 144 110 146
f 1362 1304 1223
f 146 110 127
f 204 216 127
f 216 146 127
f 204 127 120
f 143 204 120
f 99 110 93
f 127 110 99
f 249 204 143
f 1304 1102 1223
f 3020 3067 2672
f 3220 3067 3020
f 197 249 143
f 329 249 197
f 127 27 63
f 120 127 63
f 3067 2702 2672
f 5138 5188 5189
f 5188 5233 5189
f 4555 4500 4571
f 4415 4523 4511
f 4523 4565 4511
f 143 120 62
f 5189 5148 5138
f 228 225 193
f 4598 4582 4597
f 99 27 127
f 225 316 333
f 2690 4016 3682
f 3066 2690 3682
f 3066 2631 2690
f 4422 4369 4420
f 4420 4500 4422
f 180 228 193
f 62 120 63
f 63 27 40
f 13 40 27
f 212 329 197
f 2507 1967 2454
f 1263 651 1177
f 34 40 13
f 63 40 34
f 212 126 148
f 2307 2100 2079
f 1752 1489 1801
f 1489 1444 1801
f 794 1102 1175
f 794 1175 617
f 212 197 126
f 197 143 126
f 5209 5241 5215
f 4183 4364 4288
f 794 617 603
f 62 63 34
f 126 143 62
f 37 34 14
f 34 13 14
f 62 34 37
f 3344 3534 3445
f 3709 3534 3344
f 16 17 23
f 37 16 23
f 3709 4030 3534
f 4183 4030 3709
f 302 313 285
f 4565 4497 4511
f 603 426 445
f 3067 3220 3445
f 3445 3220 3344
f 4597 4565 4598
f 302 285 264
f 14 16 37
f 205 232 214
f 23 17 30
f 1347 1206 1300
f 4369 4004 4420
f 4016 3261 4369
f 214 211 176
f 176 211 174
f 174 211 180
f 1589 1477 1498
f 5147 5063 5090
f 1154 1300 1206
f 1624 1589 1498
f 528 1087 651
f 1444 1263 1364
f 327 333 440
f 528 708 1087
f 1347 1300 1498
f 72 104 59
f 136 147 72
f 1054 1121 1154
f 1154 1230 1300
f 1967 2146 2454
f 2690 2631 2507
f 2454 2690 2507
f 708 327 440
f 1752 1801 1967
f 1690 1568 1362
f 1102 1304 1251
f 1997 1975 2100
f 1251 1175 1102
f 2704 2393 1749
f 1054 933 1121
f 2100 2307 1997
f 5059 5090 5063
f 4957 5059 4975
f 246 167 150
f 299 167 246
f 840 787 933
f 2652 3100 2704
f 4975 4865 4957
f 299 246 321
f 321 434 299
f 4597 4582 4575
f 4183 4288 4030
f 4364 4415 4288
f 445 426 313
f 682 669 484
f 4717 4578 4505
f 4764 4720 4717
f 4806 4865 4764
f 4578 4015 4339
f 4505 4578 4339
f 4865 4837 4764
f 3797 4015 3154
f 3154 4015 3100
f 4575 4582 4571
f 4571 4500 4436
f 211 228 180
f 4567 4497 4565
f 4565 4597 4567
f 4567 4597 4575
f 515 484 434
f 682 484 515
f 512 351 365
f 2002 1629 1653
f 725 1032 928
f 153 203 192
f 4840 4382 4277
f 203 236 192
f 4420 4436 4500
f 3073 2920 4277
f 4382 3073 4277
f 5068 5038 5012
f 4016 2690 3261
f 5038 5068 5148
f 2146 1967 1801
f 1801 1444 1686
f 1087 1177 651
f 1661 1690 1826
f 1304 1474 1251
f 1826 1808 1661
f 144 153 140
f 93 110 81
f 1304 1362 1568
f 110 144 140
f 1946 1808 1826
f 1946 1975 1997
f 27 99 93
f 5233 5215 5241
f 5188 5215 5233
f 35 27 93
f 17 16 1
f 1 16 4
f 4415 4402 4288
f 4402 4415 4511
f 14 13 4
f 49 72 59
f 4567 4449 4497
f 264 285 232
f 603 617 426
f 3067 3074 2702
f 5247 5241 5209
f 9 30 17
f 9 17 1
f 49 30 28
f 59 30 49
f 28 30 9
f 16 14 4
f 4526 4449 4567
f 4575 4526 4567
f 214 232 226
f 226 232 285
f 226 211 214
f 4497 4402 4511
f 1707 1732 1624
f 141 246 150
f 4004 4436 4420
f 4571 4478 4575
f 4571 4421 4478
f 4421 4571 4436
f 3261 3116 4369
f 1230 1154 1121
f 2652 2704 2203
f 4957 5022 5059
f 316 391 333
f 391 440 333
f 2393 1707 1749
f 2855 3100 2652
f 3154 3100 2855
f 2146 2220 2454
f 2699 2690 2454
f 440 663 708
f 1444 1364 1686
f 4717 4505 4605
f 1801 1686 1777
f 420 434 321
f 515 434 420
f 4015 3797 3966
f 3966 4339 4015
f 644 512 596
f 1629 1032 1339
f 1690 1661 1568
f 1304 1568 1474
f 1990 1946 1997
f 4806 4764 4717
f 3445 3534 3238
f 1997 2307 2118
f 2078 1629 2002
f 2078 2002 2293
f 2824 2702 3074
f 3067 3238 3074
f 3067 3445 3238
f 250 365 261
f 226 231 211
f 4288 4143 4030
f 4289 4143 4288
f 4288 4402 4289
f 4402 4497 4449
f 271 365 351
f 3073 2293 2920
f 5012 5038 4942
f 4836 5012 4913
f 4277 4836 4840
f 4526 4575 4478
f 297 316 225
f 4369 3116 4004
f 4436 4315 4421
f 261 365 271
f 2690 2699 3116
f 228 297 225
f 4315 4436 4004
f 4913 4840 4836
f 5152 5148 5189
f 140 102 110
f 5244 5247 5209
f 13 15 5
f 15 13 27
f 15 27 35
f 1777 2220 1801
f 708 1183 1087
f 5212 5244 5211
f 5233 5218 5189
f 4 13 5
f 5202 5212 5184
f 1990 1997 2118
f 1661 1522 1568
f 1946 1908 1808
f 2220 2146 1801
f 5184 5212 5211
f 5171 5168 5147
f 5209 5211 5244
f 1498 1300 1230
f 683 617 1084
f 2575 2702 2565
f 1221 1084 1175
f 1946 1990 1908
f 1251 1328 1221
f 1175 1251 1221
f 3534 3925 3238
f 4030 3925 3534
f 1084 617 1175
f 5171 5184 5168
f 5193 5184 5171
f 5184 5193 5202
f 1498 1567 1624
f 69 136 72
f 69 72 49
f 154 246 141
f 1121 933 1213
f 141 136 129
f 4402 4271 4289
f 4449 4260 4402
f 1213 1230 1121
f 1230 1567 1498
f 2652 2203 2298
f 816 933 787
f 2203 2704 1749
f 226 256 231
f 316 371 423
f 211 231 228
f 4421 4315 4253
f 136 141 150
f 316 297 371
f 3797 3154 2855
f 3116 3744 4004
f 2690 3116 3261
f 816 682 515
f 816 787 682
f 4729 4717 4605
f 4729 4806 4717
f 4806 4861 4915
f 2078 1803 1629
f 1032 1258 928
f 4865 4806 4915
f 4915 4957 4865
f 2699 2454 2220
f 423 391 316
f 2441 3073 2985
f 2441 2293 3073
f 2441 2078 2293
f 1032 1629 1258
f 1803 1258 1629
f 131 153 192
f 4593 4382 4840
f 1474 1328 1251
f 1908 1990 1825
f 1177 1469 1263
f 1263 1469 1364
f 1364 1469 1686
f 1808 1825 1661
f 1908 1825 1808
f 596 928 644
f 725 928 596
f 4913 5012 4942
f 4942 4840 4913
f 140 153 131
f 250 261 192
f 3073 4382 4341
f 1568 1522 1474
f 4057 4052 4143
f 4143 4052 4030
f 4143 4289 4057
f 2499 2307 2416
f 5038 5069 4942
f 81 110 102
f 5148 5152 5038
f 2702 2824 2565
f 4526 4327 4449
f 3925 4030 4052
f 81 35 93
f 4402 4260 4271
f 18 35 33
f 5234 5218 5233
f 5218 5183 5189
f 313 426 308
f 285 313 308
f 292 226 285
f 81 33 35
f 5183 5152 5189
f 5241 5234 5233
f 4526 4478 4331
f 256 262 228
f 231 256 228
f 35 18 15
f 262 297 228
f 4331 4327 4526
f 4315 4004 4038
f 11 9 1
f 1 4 5
f 53 49 28
f 53 28 9
f 391 552 440
f 39 53 9
f 1230 1213 1240
f 1442 1230 1240
f 1567 1230 1442
f 129 136 69
f 5171 5147 5103
f 69 53 71
f 49 53 69
f 1642 1777 1686
f 663 1132 708
f 1825 1818 1716
f 1624 1567 1707
f 1707 1567 1749
f 420 321 304
f 304 321 154
f 154 321 246
f 2307 2499 2118
f 1084 921 683
f 2416 2575 2499
f 3099 2824 3074
f 1661 1716 1522
f 1825 1716 1661
f 478 515 420
f 692 515 478
f 692 816 515
f 4189 4057 4289
f 308 292 285
f 683 426 617
f 3238 3099 3074
f 1213 933 816
f 1224 1240 1213
f 1749 1733 2203
f 292 256 226
f 4331 4478 4253
f 4289 4271 4189
f 4260 4449 4327
f 426 366 308
f 3408 3797 2855
f 4953 5022 4957
f 4056 4339 3966
f 4953 4957 4915
f 3797 3408 3966
f 4315 4038 4215
f 4478 4421 4253
f 4215 4253 4315
f 2714 2855 2652
f 4861 4806 4729
f 708 1132 1183
f 440 552 663
f 3116 2699 2873
f 472 351 512
f 472 512 644
f 1283 928 1258
f 4605 4505 4339
f 1087 1183 1350
f 1177 1087 1350
f 3905 3073 4341
f 271 190 261
f 4942 4910 4840
f 1464 1328 1474
f 161 192 261
f 394 271 351
f 3905 2985 3073
f 4052 3996 3925
f 2384 1990 2118
f 5069 5040 4942
f 102 140 131
f 67 102 88
f 192 161 131
f 4341 4382 4593
f 4341 4593 4375
f 4327 4331 4287
f 3238 3574 3099
f 3925 3574 3238
f 33 81 67
f 4271 4260 4189
f 81 102 67
f 5038 5152 5069
f 5218 5234 5219
f 5247 5254 5241
f 5 15 2
f 5254 5234 5241
f 2 15 6
f 4052 4057 3996
f 5202 5223 5212
f 11 1 3
f 5238 5212 5223
f 15 18 6
f 1 5 2
f 5212 5238 5244
f 86 71 53
f 5244 5254 5247
f 1749 1681 1733
f 113 129 69
f 1777 1642 1813
f 1469 1177 1415
f 391 423 552
f 5090 5103 5147
f 1224 1213 816
f 2298 2203 1733
f 5074 5059 5022
f 5059 5074 5090
f 154 141 129
f 9 11 39
f 2714 3408 2855
f 1990 2004 1825
f 1522 1464 1474
f 1464 1522 1659
f 1177 1350 1415
f 1686 1469 1642
f 1522 1716 1659
f 133 154 129
f 1295 1442 1240
f 529 692 478
f 1008 816 692
f 289 383 304
f 304 383 420
f 2652 2298 2714
f 4861 4872 4899
f 4915 4861 4899
f 4972 4915 4899
f 4953 4915 4972
f 2575 2565 2499
f 3911 3996 4057
f 2118 2499 2384
f 4253 4215 4224
f 4327 4287 4260
f 4665 4729 4605
f 4605 4339 4056
f 305 256 292
f 1456 1258 1803
f 256 305 262
f 1258 1456 1283
f 4593 4840 4700
f 155 161 190
f 161 261 190
f 4375 3905 4341
f 252 190 271
f 4004 3792 4038
f 3744 3116 3523
f 552 423 640
f 317 297 262
f 969 928 1283
f 663 552 640
f 1035 663 640
f 2699 2428 2873
f 252 271 394
f 928 969 644
f 102 95 88
f 3792 4004 3744
f 1132 663 1035
f 2084 2220 1777
f 102 131 95
f 6 18 31
f 18 33 31
f 33 67 31
f 5152 5183 5166
f 3502 3925 3996
f 1406 1221 1328
f 1464 1406 1328
f 1825 2004 1818
f 1990 2384 2004
f 5254 5245 5234
f 683 921 864
f 864 572 683
f 5238 5252 5244
f 1 2 8
f 5252 5255 5244
f 5244 5255 5254
f 3099 3574 3502
f 3925 3502 3574
f 4215 4038 4048
f 3942 3911 4057
f 572 426 683
f 2824 2711 2565
f 4287 4331 4224
f 4253 4224 4331
f 11 36 39
f 5205 5222 5202
f 5202 5222 5223
f 317 355 297
f 297 355 371
f 4038 3792 4048
f 3 1 8
f 79 86 39
f 86 53 39
f 5193 5171 5175
f 1673 1469 1415
f 640 423 562
f 133 129 113
f 121 133 113
f 1295 1240 1224
f 1295 1224 1193
f 5090 5074 5103
f 1813 2084 1777
f 1350 1337 1415
f 1642 1469 1673
f 1132 1337 1183
f 1183 1337 1350
f 1673 1813 1642
f 113 71 86
f 69 71 113
f 5171 5103 5175
f 1404 1442 1295
f 1567 1442 1404
f 1224 816 1008
f 2714 2298 2427
f 2740 2714 2427
f 5074 5022 4953
f 1221 1262 1084
f 289 304 154
f 3580 3966 3408
f 428 420 383
f 428 478 420
f 3099 3502 3119
f 305 317 262
f 4224 4215 4099
f 4099 4215 4048
f 4057 3970 3942
f 4057 4189 3970
f 921 1084 1262
f 308 353 292
f 366 353 308
f 529 478 428
f 4605 4186 4665
f 4665 4861 4729
f 4665 4872 4861
f 4186 4605 4056
f 371 479 423
f 3966 3580 4056
f 4990 4972 4899
f 3744 3523 3792
f 2699 2220 2428
f 423 479 562
f 2078 2309 1803
f 4910 4700 4840
f 1415 1337 1482
f 1553 1673 1415
f 351 472 394
f 2441 2985 2648
f 115 95 131
f 1716 1677 1659
f 1659 1677 1540
f 1716 1818 1677
f 161 115 131
f 161 155 115
f 4375 4593 4700
f 5219 5191 5218
f 1659 1540 1464
f 67 88 42
f 5166 5069 5152
f 3728 3502 3996
f 1406 1262 1221
f 2004 2384 2283
f 42 31 67
f 6 21 7
f 6 31 21
f 2 6 7
f 5221 5234 5245
f 5219 5234 5221
f 5255 5246 5254
f 5246 5245 5254
f 3970 4189 4086
f 4086 4189 4260
f 426 404 366
f 4086 4260 4110
f 4260 4287 4110
f 2384 2499 2324
f 2499 2565 2324
f 353 352 292
f 4287 4224 4110
f 292 352 305
f 4110 4224 4099
f 5193 5204 5202
f 36 11 38
f 10 38 11
f 11 3 10
f 5223 5222 5238
f 121 113 86
f 106 121 86
f 79 39 36
f 191 154 133
f 154 191 289
f 5055 5074 4953
f 383 289 356
f 1307 1404 1295
f 1553 1415 1482
f 2873 3103 3116
f 3103 3523 3116
f 1818 2009 1814
f 2004 2009 1818
f 1380 1262 1406
f 2220 2084 2428
f 1681 1567 1404
f 1749 1567 1681
f 2172 2298 1733
f 2172 2427 2298
f 793 692 529
f 793 1008 692
f 3135 3162 2740
f 2740 3162 2714
f 3162 3408 2714
f 5055 4953 4972
f 1224 1008 1193
f 2740 2427 3135
f 4811 4899 4872
f 3474 3580 3408
f 4899 4965 4990
f 1262 1120 921
f 1540 1406 1464
f 1818 1814 1677
f 426 572 489
f 489 404 426
f 2004 2283 2009
f 921 1120 864
f 3408 3162 3474
f 4099 4048 4032
f 3911 3728 3996
f 352 355 317
f 305 352 317
f 355 479 371
f 4048 3878 4032
f 4048 3792 3878
f 4665 4186 4374
f 4631 4665 4374
f 4631 4811 4665
f 4811 4872 4665
f 479 571 562
f 1337 1366 1482
f 562 571 957
f 957 640 562
f 1261 1132 1035
f 1132 1261 1337
f 2084 1813 1812
f 2078 2441 2309
f 593 472 644
f 593 644 969
f 1848 1456 1803
f 1035 640 1162
f 95 87 88
f 864 1120 1062
f 1466 1380 1406
f 2384 2324 2283
f 158 155 190
f 272 158 190
f 252 272 190
f 95 115 87
f 4936 4942 5040
f 4936 4910 4942
f 42 88 87
f 3099 3119 2824
f 4032 3878 3888
f 5183 5218 5191
f 21 31 42
f 47 21 42
f 7 21 12
f 5221 5191 5219
f 5191 5166 5183
f 1813 1673 1812
f 5238 5235 5252
f 5235 5250 5252
f 2873 2428 2726
f 1162 1234 1035
f 1234 1261 1035
f 1337 1261 1366
f 5250 5255 5252
f 5205 5220 5222
f 5103 5125 5175
f 2216 2009 2283
f 5222 5235 5238
f 5163 5193 5175
f 5192 5193 5163
f 1307 1295 1200
f 1200 1295 1193
f 1307 1681 1404
f 1733 1681 1307
f 1936 2172 1733
f 5204 5205 5202
f 1540 1466 1406
f 1466 1540 1677
f 1814 2009 1677
f 4099 4049 4110
f 3942 3970 3889
f 3963 3970 4086
f 4110 3963 4086
f 5055 5106 5074
f 5074 5106 5103
f 5103 5106 5125
f 964 1008 793
f 3474 3162 3135
f 5061 5055 5039
f 381 355 352
f 3958 4049 4032
f 4049 4099 4032
f 4032 3888 3958
f 436 479 355
f 366 404 353
f 1008 964 1193
f 3580 3474 3991
f 4811 4965 4899
f 5039 5055 4990
f 5039 4990 4965
f 4990 5055 4972
f 2873 2726 3103
f 709 529 428
f 1482 1366 1494
f 1553 1482 1494
f 4056 3580 3991
f 957 1162 640
f 356 428 383
f 394 272 252
f 2441 2648 2309
f 1413 1456 1848
f 2229 1848 1803
f 2229 1803 2309
f 1120 1262 1380
f 3905 4375 4027
f 4700 4456 4375
f 255 158 272
f 3565 2985 3905
f 3905 4027 3565
f 3728 3512 3502
f 3502 3512 3119
f 1677 1599 1466
f 3963 3889 3970
f 3453 2648 2985
f 2985 3565 3453
f 105 87 115
f 105 115 158
f 4886 4700 4910
f 3644 3792 3518
f 404 416 353
f 416 352 353
f 42 87 47
f 571 479 506
f 4910 4936 4886
f 158 115 155
f 3518 3792 3523
f 3523 3103 3518
f 571 630 957
f 5069 5166 5135
f 47 29 21
f 5246 5236 5245
f 1494 1366 1517
f 1728 1812 1673
f 1673 1553 1728
f 5250 5246 5255
f 38 10 22
f 5236 5221 5245
f 160 133 121
f 1466 1599 1380
f 2283 2324 2216
f 5205 5206 5220
f 106 86 79
f 38 58 36
f 2427 2498 2967
f 5106 5055 5061
f 121 106 122
f 5125 5163 5175
f 572 589 489
f 4110 4049 3963
f 4049 3936 3963
f 352 416 381
f 3958 3936 4049
f 3735 3474 3135
f 5039 4965 4938
f 3792 3644 3878
f 381 466 355
f 466 436 355
f 3893 3958 3888
f 2498 2427 2172
f 802 793 529
f 802 964 793
f 1193 964 1200
f 2967 3135 2427
f 5039 5077 5061
f 4427 4631 4374
f 4811 4938 4965
f 1234 1552 1261
f 2084 2268 2428
f 1366 1261 1517
f 1728 1553 1494
f 593 497 472
f 730 593 969
f 1306 730 1283
f 730 969 1283
f 1306 1283 1413
f 1456 1413 1283
f 4056 3991 4186
f 4374 4186 3991
f 3474 3735 3991
f 196 158 255
f 3617 3512 3728
f 3728 3911 3617
f 1380 1658 1120
f 1677 1820 1599
f 2324 2565 2216
f 416 463 381
f 3936 3958 3893
f 3911 3942 3617
f 3617 3942 3705
f 3889 3963 3936
f 1184 1062 1120
f 404 468 416
f 380 272 394
f 394 497 380
f 472 497 394
f 5069 5135 5107
f 436 500 479
f 500 506 479
f 5069 5107 5040
f 506 604 571
f 3103 3257 3518
f 630 842 957
f 5235 5239 5250
f 5250 5237 5246
f 1162 957 1141
f 8 2 7
f 5236 5213 5221
f 1494 1517 1627
f 1728 1494 1627
f 5205 5198 5206
f 12 21 29
f 5221 5195 5191
f 1658 1233 1120
f 1184 1120 1233
f 2711 2824 3119
f 5220 5239 5235
f 5220 5235 5222
f 36 58 79
f 58 77 79
f 5192 5200 5193
f 1261 1552 1517
f 1658 1380 1599
f 2009 1820 1677
f 2216 1820 2009
f 2216 2565 2277
f 5193 5200 5204
f 122 106 124
f 589 572 1062
f 92 106 79
f 124 106 92
f 5061 5077 5110
f 5106 5061 5110
f 133 160 191
f 3942 3889 3705
f 404 489 468
f 416 468 463
f 1062 572 864
f 5110 5125 5106
f 191 293 289
f 293 356 289
f 1209 1307 1187
f 1187 1307 1200
f 1936 1733 1209
f 1209 1733 1307
f 842 1141 957
f 463 466 381
f 466 500 436
f 3893 3888 3766
f 1728 1627 1812
f 1986 2172 1936
f 1812 2268 2084
f 964 1187 1200
f 3991 3735 4082
f 4082 4374 3991
f 4427 4811 4631
f 1658 1502 1233
f 2565 2483 2277
f 2483 2565 2711
f 709 802 529
f 1162 1141 1323
f 1234 1162 1323
f 1820 1658 1599
f 2309 2648 2474
f 2309 2474 2229
f 5033 4936 5040
f 196 105 158
f 4700 4708 4456
f 3512 3617 3275
f 5135 5150 5107
f 3655 3644 3257
f 3518 3257 3644
f 3888 3655 3766
f 3888 3878 3655
f 3655 3878 3644
f 255 272 380
f 87 80 47
f 5150 5135 5166
f 1552 1234 1429
f 1234 1323 1429
f 2268 1812 1927
f 571 678 630
f 678 842 630
f 80 87 105
f 5213 5195 5221
f 47 46 29
f 5170 5166 5191
f 5250 5239 5237
f 80 46 47
f 12 8 7
f 5236 5207 5213
f 2684 2726 2428
f 2216 1974 1820
f 1812 1627 1837
f 5237 5236 5246
f 5220 5226 5239
f 1314 1184 1233
f 10 3 19
f 3 8 19
f 5200 5192 5163
f 45 58 38
f 5204 5198 5205
f 2217 1974 2277
f 5125 5110 5163
f 2277 2483 2217
f 77 92 79
f 2263 2498 2172
f 5039 5075 5077
f 1974 2216 2277
f 3777 3893 3766
f 463 495 466
f 495 502 466
f 589 633 585
f 489 589 585
f 3889 3936 3777
f 2711 3119 3051
f 3512 3275 3119
f 121 122 160
f 2967 3113 3135
f 356 293 441
f 3735 3135 4022
f 4938 4476 4719
f 3103 2684 3047
f 466 502 500
f 489 548 468
f 468 495 463
f 3936 3893 3777
f 604 678 571
f 1679 1936 1209
f 1986 1936 1679
f 1986 2263 2172
f 601 709 428
f 785 964 802
f 4427 4476 4811
f 3735 4022 4082
f 977 1141 842
f 2726 2684 3103
f 1323 1141 1247
f 1812 1837 1927
f 1517 1648 1627
f 1552 1648 1517
f 4476 4938 4811
f 601 428 356
f 590 601 356
f 486 432 380
f 2648 3025 2850
f 497 730 486
f 730 497 593
f 1184 1211 1062
f 4227 4374 4082
f 4227 4427 4374
f 4976 4886 4936
f 5033 4976 4936
f 4886 4976 4947
f 3025 2648 3453
f 497 486 380
f 3617 3384 3275
f 3452 3617 3705
f 2483 2422 2217
f 1470 1314 1233
f 1502 1470 1233
f 2483 2711 2422
f 2853 2711 3051
f 5033 5040 5107
f 5166 5170 5150
f 585 548 489
f 4027 4375 4456
f 432 196 255
f 500 567 506
f 567 604 506
f 5237 5207 5236
f 24 12 29
f 5195 5170 5191
f 1837 1627 1737
f 3103 3047 3257
f 1141 977 1247
f 5239 5214 5237
f 5226 5214 5239
f 45 38 22
f 1627 1648 1737
f 22 10 26
f 19 26 10
f 68 77 58
f 5200 5163 5161
f 54 68 58
f 2428 2268 2524
f 2524 2684 2428
f 54 58 45
f 5163 5110 5134
f 5163 5134 5161
f 1658 1720 1502
f 3051 3119 3275
f 2508 2498 2263
f 2967 2498 2508
f 5075 5039 5036
f 5075 5097 5077
f 5077 5097 5110
f 5097 5134 5110
f 548 495 468
f 3617 3452 3384
f 1016 589 1062
f 3535 3452 3705
f 1184 1314 1211
f 1062 1211 1160
f 3705 3889 3665
f 1986 2053 2263
f 4082 4022 4227
f 785 802 709
f 868 964 785
f 502 517 500
f 500 533 567
f 508 502 495
f 4938 5036 5039
f 2262 1848 2229
f 2941 3047 2684
f 3113 4022 3135
f 868 1187 964
f 2684 2524 2665
f 1323 1247 1495
f 1837 2268 1927
f 2648 2850 2474
f 5107 5150 5133
f 105 109 80
f 1974 2217 2059
f 3275 3384 3286
f 4700 4886 4708
f 3535 3705 3665
f 1658 1820 1800
f 1720 1658 1800
f 1820 1974 1800
f 1720 1499 1502
f 2059 1800 1974
f 196 432 235
f 255 380 432
f 3453 3565 3428
f 5150 5144 5133
f 548 508 495
f 1016 1062 1160
f 589 1016 633
f 5133 5033 5107
f 5194 5195 5213
f 41 24 29
f 46 41 29
f 19 20 25
f 5237 5214 5207
f 46 80 82
f 3257 3047 3210
f 842 678 977
f 502 508 517
f 517 533 500
f 3257 3210 3378
f 604 830 678
f 20 8 12
f 12 24 20
f 5226 5220 5206
f 5226 5206 5214
f 8 20 19
f 5161 5196 5200
f 1800 2059 1720
f 5200 5198 5204
f 22 26 45
f 1502 1499 1470
f 2217 2422 2323
f 116 124 92
f 191 282 293
f 2053 2249 2263
f 2249 2508 2263
f 2967 2508 3216
f 590 356 441
f 2217 2323 2059
f 4719 4476 4545
f 3889 3777 3665
f 3051 3286 3111
f 3275 3286 3051
f 3321 3286 3384
f 3321 3384 3452
f 2967 3216 3113
f 4719 4858 4938
f 4858 5036 4938
f 4227 4175 4427
f 785 709 601
f 4022 3113 3879
f 4175 4227 4022
f 1837 2101 2268
f 2101 2524 2268
f 1429 1323 1495
f 1429 1495 1552
f 2474 2262 2229
f 109 105 196
f 1720 2059 1499
f 2941 2684 2665
f 3025 3453 3428
f 5150 5170 5144
f 109 82 80
f 3321 3452 3535
f 3033 3051 3111
f 1211 1241 1160
f 3766 3655 3710
f 3710 3655 3631
f 5172 5170 5195
f 565 567 533
f 3378 3655 3257
f 1837 1737 1760
f 46 82 41
f 5207 5194 5213
f 830 977 678
f 1247 1368 1495
f 50 54 45
f 1552 1495 1648
f 2422 2537 2323
f 5154 5161 5134
f 5161 5154 5196
f 1499 2059 1938
f 2249 2493 2508
f 1938 2059 2323
f 1038 1209 1187
f 201 191 160
f 282 191 201
f 3273 3111 3286
f 3286 3321 3273
f 3696 3766 3710
f 3321 3535 3410
f 2422 2853 2537
f 2711 2853 2422
f 3033 2853 3051
f 1211 1314 1241
f 2508 2493 3216
f 590 785 601
f 769 868 785
f 3777 3766 3696
f 3655 3378 3631
f 441 293 282
f 868 769 1187
f 769 1038 1187
f 548 555 508
f 1368 1247 1075
f 2850 3025 2902
f 1306 1293 730
f 2601 2941 2665
f 2524 2234 2665
f 1495 1368 1460
f 2234 2524 2101
f 1737 1648 1760
f 2101 1837 1760
f 4917 4708 4886
f 4886 4947 4917
f 3549 4027 4050
f 977 1075 1247
f 4983 4976 5033
f 235 109 196
f 5114 5133 5144
f 1938 1824 1499
f 3565 4027 3549
f 3565 3549 3428
f 730 698 486
f 1499 1542 1470
f 5194 5172 5195
f 5214 5197 5207
f 5114 5033 5133
f 20 24 32
f 5200 5196 5198
f 585 555 548
f 555 585 611
f 3679 3535 3665
f 3665 3777 3679
f 555 538 508
f 3679 3777 3696
f 508 538 517
f 538 533 517
f 1119 1016 1160
f 1016 1119 633
f 3198 3047 2941
f 2941 2601 2868
f 565 604 567
f 3378 3442 3631
f 83 77 68
f 611 585 633
f 830 907 977
f 3047 3198 3210
f 977 907 1075
f 56 68 54
f 160 122 201
f 2053 2264 2249
f 2264 2493 2249
f 5036 5045 5075
f 5045 5097 5075
f 116 132 124
f 132 116 117
f 1679 1133 1352
f 1986 1679 1352
f 2537 2802 2323
f 1499 1824 1542
f 1495 1460 1608
f 2101 1760 1965
f 1495 1608 1648
f 4966 5036 4858
f 590 441 464
f 642 590 464
f 1133 1209 1038
f 1209 1133 1679
f 1241 1119 1160
f 633 1119 815
f 1314 1294 1241
f 1294 1314 1470
f 3127 3033 3111
f 4807 4858 4719
f 4175 4413 4427
f 590 769 785
f 3879 4175 4022
f 4413 4545 4476
f 3696 3710 3717
f 2262 2137 1848
f 4413 4476 4427
f 769 590 642
f 3210 3280 3378
f 3216 3879 3113
f 2850 2902 2685
f 2474 2850 2685
f 2137 1306 1413
f 2137 1413 1848
f 1075 1277 1368
f 2665 2234 2601
f 432 372 235
f 5144 5170 5153
f 5153 5114 5144
f 1938 2184 1824
f 2323 2184 1938
f 1293 698 730
f 3198 2941 2868
f 3127 3111 3273
f 4983 4947 4976
f 5172 5153 5170
f 109 112 82
f 32 24 41
f 5197 5172 5194
f 5194 5207 5197
f 44 45 26
f 5185 5197 5198
f 5198 5197 5206
f 25 26 19
f 26 25 44
f 815 611 633
f 3535 3679 3410
f 604 661 830
f 611 733 566
f 611 566 555
f 3273 3321 3410
f 538 565 533
f 3717 3710 3619
f 3619 3710 3631
f 5206 5197 5214
f 25 20 32
f 5196 5157 5174
f 54 50 56
f 5196 5174 5185
f 92 117 116
f 5198 5196 5185
f 83 68 61
f 5154 5157 5196
f 56 61 68
f 3280 3210 3198
f 2868 3003 3198
f 5045 5084 5097
f 5084 5134 5097
f 83 117 92
f 132 122 124
f 122 156 201
f 2264 2544 2493
f 2493 2544 3342
f 2718 2868 2601
f 2601 2234 2718
f 1760 1648 1608
f 5134 5084 5154
f 83 92 77
f 441 282 464
f 1352 2053 1986
f 3879 3216 3798
f 1542 1824 1592
f 642 1038 769
f 733 611 815
f 2802 2632 2323
f 1542 1592 1470
f 555 566 538
f 3679 3696 3489
f 3696 3717 3641
f 3717 3619 3641
f 4545 4807 4719
f 3879 4213 4175
f 4413 4175 4330
f 1368 1277 1401
f 1368 1401 1460
f 3631 3442 3619
f 661 604 565
f 3442 3378 3280
f 2632 2184 2323
f 2537 2853 2802
f 2685 2553 2474
f 4175 4213 4330
f 3194 3127 3273
f 3234 3194 3273
f 698 680 486
f 1241 1294 1166
f 698 1293 1270
f 1470 1457 1294
f 1119 1166 890
f 890 815 1119
f 2853 3082 2802
f 3082 2853 3033
f 3082 3033 3127
f 3194 3082 3127
f 4645 4456 4708
f 4645 4050 4456
f 4050 4027 4456
f 5153 5081 5114
f 566 586 538
f 1119 1241 1166
f 733 648 566
f 3489 3410 3679
f 5180 5172 5197
f 5114 4983 5033
f 5155 5153 5172
f 57 32 41
f 44 50 45
f 2802 3082 2848
f 1401 1524 1460
f 1608 1460 1616
f 2101 1965 2234
f 5084 5065 5154
f 2632 2802 2848
f 3798 2493 3342
f 5045 5036 4966
f 2668 2544 2264
f 1294 1371 1376
f 1457 1371 1294
f 1601 1457 1470
f 1352 1472 2053
f 2493 3798 3216
f 3410 3489 3431
f 648 586 566
f 3696 3503 3489
f 3641 3503 3696
f 538 587 565
f 1592 1601 1470
f 1824 1951 1592
f 1376 1166 1294
f 258 201 156
f 2264 2053 1472
f 4413 4330 4545
f 258 282 201
f 907 830 813
f 622 565 587
f 3641 3619 3451
f 622 661 565
f 3619 3442 3451
f 156 122 132
f 1167 1277 1075
f 2234 2727 2718
f 1460 1524 1616
f 1608 1616 1760
f 3442 3280 3373
f 3549 2902 3025
f 1551 1527 1293
f 2707 2553 2685
f 2685 2902 2707
f 1551 1293 1569
f 1569 1293 1306
f 1569 1306 2137
f 4645 4708 4917
f 245 235 372
f 4520 3549 4050
f 1951 1824 2184
f 3234 3273 3267
f 890 733 815
f 3082 3194 3095
f 1601 1592 1951
f 3273 3431 3267
f 3273 3410 3431
f 733 703 648
f 3503 3431 3489
f 1457 1601 1371
f 3451 3442 3397
f 3025 3428 3549
f 1270 1293 1527
f 245 112 109
f 245 109 235
f 661 622 687
f 661 723 830
f 723 813 830
f 5155 5128 5153
f 107 82 112
f 1075 907 1167
f 586 587 538
f 3641 3451 3503
f 2833 2868 2718
f 2727 2833 2718
f 2234 2116 2727
f 1277 1524 1401
f 5180 5165 5172
f 5165 5155 5172
f 57 52 32
f 3095 3194 3234
f 1166 1376 1374
f 5180 5197 5185
f 1951 1866 1601
f 2491 2184 2632
f 3082 3095 2848
f 703 672 648
f 586 648 625
f 52 25 32
f 25 52 44
f 5157 5160 5174
f 5160 5185 5174
f 3431 3503 3438
f 56 50 55
f 50 44 55
f 5011 5045 4966
f 5045 5011 5084
f 76 117 83
f 723 661 687
f 3207 3280 3198
f 813 1167 907
f 586 625 587
f 587 625 646
f 3503 3451 3438
f 587 646 622
f 646 687 622
f 2868 2833 3003
f 1760 1616 1857
f 1760 1857 1965
f 2234 1965 2116
f 3397 3442 3373
f 76 83 61
f 4753 4966 4858
f 2632 2848 2745
f 3095 2966 2848
f 2491 1951 2184
f 1371 1481 1376
f 1601 1481 1371
f 1866 1759 1601
f 1601 1759 1481
f 2018 2668 2264
f 3798 4025 3879
f 890 757 733
f 733 757 703
f 672 625 648
f 3438 3451 3397
f 3141 3234 3267
f 4530 4545 4330
f 258 464 282
f 403 464 258
f 3207 3198 3003
f 757 672 703
f 1965 1857 2116
f 685 723 687
f 3280 3346 3373
f 3280 3207 3346
f 258 156 238
f 1951 2155 1866
f 3095 3045 2966
f 3045 3095 3234
f 3003 2833 3112
f 1231 1277 1167
f 1951 2491 2155
f 1759 1738 1481
f 403 642 464
f 642 1133 1038
f 4025 4213 3879
f 904 642 514
f 1133 642 904
f 3141 3045 3234
f 890 849 757
f 3431 3438 3403
f 2632 2745 2491
f 3403 3438 3397
f 646 658 687
f 2262 2474 2553
f 486 680 707
f 3821 3549 4520
f 1220 680 698
f 3207 3003 3112
f 672 646 625
f 4835 4917 4947
f 2708 2833 2727
f 1277 1458 1524
f 1866 2155 1759
f 3549 3570 2902
f 2435 2155 2491
f 4835 4645 4917
f 5153 5128 5081
f 3141 3267 3334
f 5155 5117 5128
f 2727 2116 2708
f 672 658 646
f 5108 5131 5180
f 897 1167 813
f 5185 5108 5180
f 117 76 108
f 5065 5157 5154
f 61 56 60
f 4753 4967 4966
f 4966 4967 5011
f 813 723 897
f 2745 2611 2491
f 2745 2687 2611
f 2745 2848 2687
f 2966 2838 2848
f 1616 1524 1712
f 1616 1712 1857
f 5011 5065 5084
f 4530 4682 4807
f 1374 1082 1166
f 1082 890 1166
f 3377 3267 3431
f 757 713 672
f 3377 3431 3402
f 1481 1611 1376
f 4682 4858 4807
f 514 642 403
f 1133 904 1352
f 4530 4807 4545
f 1167 1202 1231
f 1231 1458 1277
f 3431 3403 3402
f 658 657 687
f 687 657 685
f 1374 1385 1082
f 1524 1591 1712
f 403 258 238
f 904 514 480
f 1352 904 1313
f 1167 897 1202
f 2155 2207 1759
f 2155 2435 2207
f 1270 1220 698
f 3570 3549 3821
f 2707 2902 3570
f 2553 2707 2758
f 4923 4947 4983
f 4983 4969 4923
f 3112 2833 3021
f 1007 890 1082
f 1007 849 890
f 3334 3267 3377
f 1524 1458 1591
f 1977 2322 2116
f 1977 2116 1857
f 1896 1551 1569
f 4969 4983 5114
f 2848 2838 2687
f 2611 2435 2491
f 1231 1202 1326
f 1759 2207 1738
f 4520 4050 4645
f 481 432 486
f 486 707 481
f 5160 5108 5185
f 5155 5165 5117
f 107 103 82
f 696 723 685
f 5165 5180 5131
f 5117 5165 5131
f 55 44 52
f 75 57 41
f 2833 2708 2550
f 1376 1490 1374
f 1738 2067 1481
f 60 56 55
f 2851 2544 2668
f 2851 3342 2544
f 4682 4753 4858
f 132 117 135
f 135 117 108
f 4960 5065 5011
f 1352 1313 1472
f 3342 4000 3798
f 3798 4000 4169
f 132 135 156
f 156 135 166
f 1791 2264 1472
f 672 657 658
f 3403 3397 3424
f 897 723 696
f 480 884 904
f 3798 4169 4025
f 2708 2322 2550
f 2116 2322 2708
f 1385 1318 1082
f 1712 1591 1725
f 1857 1712 1725
f 166 238 156
f 403 238 395
f 1313 904 884
f 2833 2550 3021
f 1791 2018 2264
f 2838 2864 2687
f 1376 1611 1490
f 4213 4025 4378
f 4213 4378 4530
f 4213 4530 4330
f 2687 2679 2435
f 2838 2961 2864
f 1490 1385 1374
f 1896 1569 2137
f 2156 2137 2262
f 2297 2156 2262
f 2611 2687 2435
f 481 372 432
f 657 696 685
f 1007 1082 1215
f 3106 3141 3334
f 1591 1458 1598
f 1598 1741 1591
f 897 854 1202
f 854 1113 1202
f 2297 2262 2553
f 3145 2952 2707
f 1231 1326 1458
f 1270 1381 1220
f 1527 1381 1270
f 2707 3570 3145
f 5081 4969 5114
f 1741 1725 1591
f 1977 1857 1725
f 75 41 82
f 82 98 75
f 82 103 98
f 2838 2966 2961
f 2961 2966 3106
f 57 65 52
f 57 75 65
f 2679 2687 2864
f 1738 2479 2067
f 2207 2479 1738
f 2435 2538 2207
f 2435 2679 2538
f 60 55 52
f 74 76 61
f 5026 5157 5065
f 61 60 74
f 3291 3334 3377
f 1481 2067 1611
f 135 108 114
f 4967 4960 5011
f 1082 1318 1215
f 2966 3045 3106
f 3106 3045 3141
f 84 108 76
f 3276 3342 2851
f 3276 4000 3342
f 1598 1458 1543
f 1977 1930 2022
f 1977 2022 2322
f 1930 1725 1741
f 1977 1725 1930
f 2851 2668 2664
f 4378 4025 4169
f 403 395 514
f 849 771 757
f 2207 2538 2479
f 2679 2654 2538
f 2864 2654 2679
f 771 849 1007
f 3106 3334 3217
f 3291 3217 3334
f 3291 3377 3402
f 480 514 395
f 672 666 657
f 1896 1527 1551
f 2156 1896 2137
f 4799 4645 4835
f 4627 3821 4520
f 707 680 1220
f 1326 1436 1458
f 1598 1930 1741
f 2458 2553 2758
f 2458 2297 2553
f 1520 1385 1490
f 1520 1490 1971
f 195 112 245
f 339 195 245
f 339 245 388
f 1611 2067 1490
f 4923 4835 4947
f 388 245 372
f 4799 4520 4645
f 5117 5066 5128
f 5128 5066 5081
f 771 713 757
f 4961 4969 5081
f 672 713 666
f 3403 3424 3398
f 5108 5071 5131
f 5157 5054 5160
f 5076 5117 5131
f 52 66 60
f 66 52 65
f 5160 5058 5108
f 4960 4971 5065
f 1202 1065 1326
f 1598 1543 1742
f 1930 1598 1742
f 84 76 74
f 5054 5157 5026
f 1913 2664 2018
f 1520 1491 1385
f 3038 2961 3106
f 2654 2697 2538
f 2538 2697 2479
f 2550 2595 3021
f 2550 2322 2595
f 1385 1491 1318
f 114 108 84
f 118 114 84
f 257 166 135
f 1743 1913 1791
f 1913 2018 1791
f 1007 1215 798
f 771 1007 798
f 666 686 657
f 3402 3403 3398
f 2654 2756 2697
f 2864 2756 2654
f 696 854 897
f 2018 2664 2668
f 884 480 1002
f 1791 1472 1507
f 1113 1065 1202
f 1458 1577 1543
f 686 691 657
f 657 691 696
f 741 854 696
f 884 1002 1313
f 4633 4378 4477
f 2961 2756 2864
f 1215 1318 1389
f 1930 1742 2063
f 2022 1930 2322
f 1930 2063 2322
f 288 166 257
f 395 238 288
f 4530 4378 4633
f 4530 4633 4682
f 3402 3398 3364
f 2758 2707 2952
f 288 238 166
f 691 741 696
f 3038 3106 3217
f 1215 1134 798
f 1186 707 1220
f 1458 1436 1577
f 3145 3570 3821
f 4799 4627 4520
f 606 481 707
f 1490 2067 1971
f 2067 2479 2331
f 2885 2961 3038
f 195 159 112
f 1134 902 798
f 713 736 666
f 5081 5066 4961
f 5086 5076 5131
f 159 107 112
f 2961 2885 2694
f 1215 1268 1134
f 2595 2792 3021
f 5071 5086 5131
f 2697 2331 2479
f 5058 5071 5108
f 1318 1491 1389
f 2756 2961 2694
f 4692 4960 4967
f 1389 1268 1215
f 798 713 771
f 74 60 73
f 3311 3207 3112
f 5054 5058 5160
f 3276 2851 2664
f 344 395 288
f 1002 480 545
f 1349 1313 1002
f 5065 4971 5026
f 4633 4753 4682
f 2697 2756 2520
f 1491 1449 1389
f 1326 1065 1334
f 2322 2423 2595
f 1742 1543 1753
f 135 114 200
f 257 135 200
f 2067 2331 1971
f 2520 2331 2697
f 4477 4169 4358
f 3217 3291 3177
f 686 715 691
f 691 715 741
f 3397 3373 3376
f 1999 2156 2297
f 2974 2758 2952
f 1113 854 1065
f 4169 4477 4378
f 1507 1472 1313
f 1436 1326 1418
f 1543 1577 1753
f 3901 3145 3821
f 1787 1896 1999
f 1999 1896 2156
f 557 388 372
f 481 557 372
f 1491 2074 1449
f 724 686 666
f 902 817 798
f 798 817 736
f 713 798 736
f 1971 2331 2335
f 2060 1520 1971
f 2756 2694 2520
f 1787 1527 1896
f 736 724 666
f 3291 3402 3364
f 1436 1418 1577
f 2322 2063 2423
f 2595 2423 2583
f 1742 1753 1873
f 1742 1873 2063
f 5076 5066 5117
f 75 70 65
f 75 91 70
f 936 902 1134
f 1126 1334 1065
f 1334 1418 1326
f 2595 2583 2792
f 1520 2060 1491
f 1491 2060 2074
f 60 66 73
f 4514 4477 4358
f 715 686 724
f 3346 3207 3311
f 4753 4692 4967
f 1349 1002 1092
f 1743 1791 1507
f 3922 4000 3276
f 2031 2664 1913
f 545 480 395
f 3922 4358 4169
f 4000 3922 4169
f 4633 4477 4514
f 2331 2520 2335
f 2335 2060 1971
f 1449 1539 1389
f 2694 2598 2520
f 2031 1913 1743
f 2990 2885 3038
f 3177 2990 3038
f 3217 3177 3038
f 902 936 817
f 3177 3291 3290
f 2520 2598 2335
f 3901 2952 3145
f 2319 1999 2297
f 2319 2297 2458
f 2576 2458 2758
f 2974 2908 2758
f 2758 2908 2576
f 545 395 344
f 4692 4633 4514
f 4692 4753 4633
f 1065 854 1126
f 3291 3364 3290
f 1248 1134 1268
f 2063 2098 2423
f 1186 606 707
f 2304 2060 2335
f 1381 1527 1651
f 3821 4627 3901
f 4627 4398 3901
f 1651 1527 1787
f 2598 2304 2335
f 2885 2990 2694
f 4923 4799 4835
f 557 481 606
f 4627 4799 4765
f 5066 4980 4961
f 4741 4969 4961
f 715 753 741
f 3397 3376 3424
f 741 753 833
f 854 741 833
f 854 833 1126
f 736 773 724
f 98 103 134
f 229 159 195
f 1334 1126 1159
f 3021 2792 2948
f 1418 1334 1159
f 339 409 195
f 70 85 66
f 736 817 773
f 2060 2304 2074
f 2598 2606 2304
f 65 70 66
f 5058 5006 5071
f 4959 5054 5026
f 96 74 73
f 96 73 85
f 75 98 91
f 66 85 73
f 4959 5058 5054
f 200 114 118
f 4960 4884 4971
f 1159 1227 1418
f 2063 1873 2098
f 4896 5026 4971
f 118 74 96
f 84 74 118
f 3149 3276 2664
f 3922 3276 3509
f 2960 2990 3177
f 1248 936 1134
f 715 726 753
f 753 779 833
f 2676 2598 2694
f 2694 2990 2676
f 4692 4884 4960
f 4514 4358 3922
f 1313 1349 1507
f 833 1081 1126
f 3136 3311 3112
f 2606 2461 2304
f 1577 1418 1571
f 2960 3177 3091
f 936 974 847
f 1440 1743 1507
f 2074 2461 1449
f 2304 2461 2074
f 2598 2676 2606
f 1389 1409 1268
f 2952 3901 3533
f 2576 2319 2458
f 817 847 744
f 773 817 744
f 4765 4639 4627
f 4627 4639 4398
f 1651 1220 1381
f 557 339 388
f 1081 1159 1126
f 817 936 847
f 1577 1571 1730
f 1577 1730 1753
f 1871 1787 1999
f 2974 2952 3533
f 715 724 726
f 4969 4765 4923
f 4765 4799 4923
f 2461 2107 1449
f 936 1248 974
f 107 159 103
f 3376 3373 3346
f 70 101 85
f 101 70 91
f 2990 2960 2676
f 1227 1571 1418
f 111 85 100
f 4514 4387 4692
f 773 744 724
f 96 85 111
f 100 85 101
f 4556 4884 4692
f 779 848 833
f 848 1081 833
f 4884 4896 4971
f 4387 3922 3509
f 3922 4387 4514
f 4556 4692 4387
f 1002 545 605
f 1727 1743 1440
f 1727 2031 1743
f 2484 2664 2031
f 3509 3276 3149
f 288 407 344
f 3398 3424 3370
f 1349 1440 1507
f 1389 1539 1409
f 2676 2461 2606
f 1248 1269 974
f 1227 1159 1279
f 847 809 744
f 1279 1571 1227
f 753 726 779
f 606 728 557
f 5066 4977 4980
f 409 229 195
f 5006 4937 5086
f 5086 5071 5006
f 134 103 159
f 1170 1159 1081
f 456 339 557
f 5076 4940 5066
f 4926 4940 5076
f 1248 1268 1269
f 1873 1753 1811
f 4940 4977 5066
f 4832 4896 4884
f 118 96 142
f 98 128 91
f 125 96 111
f 1449 2107 1539
f 4896 4959 5026
f 142 96 125
f 1092 1002 605
f 2484 2031 1727
f 4941 5006 5058
f 200 118 223
f 3177 3290 3199
f 3364 3295 3290
f 2676 2960 2858
f 2960 3091 2858
f 3149 2664 2484
f 3199 3091 3177
f 847 886 809
f 886 847 974
f 1170 1279 1159
f 259 200 223
f 2423 2098 2353
f 1873 1811 2098
f 407 545 344
f 200 259 257
f 1268 1409 1269
f 1651 1186 1220
f 1651 1605 1186
f 3364 3370 3295
f 3370 3364 3398
f 4537 3901 4398
f 1999 2319 2152
f 3300 2974 3533
f 409 339 456
f 547 456 557
f 2908 2974 3300
f 4765 4725 4639
f 367 229 409
f 2792 2769 2948
f 1753 1730 1811
f 2423 2353 2583
f 4398 4639 4537
f 1871 1651 1787
f 4977 4931 4980
f 726 738 779
f 807 848 779
f 4741 4765 4969
f 974 1269 886
f 242 159 229
f 5086 4926 5076
f 5006 4941 4944
f 101 91 145
f 4941 5058 4909
f 4556 4832 4884
f 2461 2434 2107
f 2434 2461 2676
f 2602 2434 2676
f 848 807 1081
f 807 1057 1081
f 1081 1057 1170
f 5058 4959 4909
f 1539 1723 1409
f 4909 4959 4896
f 3180 4185 3509
f 4185 4387 3509
f 4556 4387 4185
f 1092 1325 1349
f 1325 1440 1349
f 257 259 288
f 744 745 724
f 724 745 726
f 605 545 407
f 1092 956 1325
f 745 738 726
f 779 738 807
f 3424 3376 3420
f 3932 3533 3901
f 2361 2152 2319
f 2361 2319 2576
f 2946 2576 2908
f 547 557 728
f 4765 4741 4725
f 3290 3295 3215
f 1999 2152 1871
f 4980 4891 4961
f 1580 1571 1279
f 3199 3290 3215
f 229 367 242
f 130 98 134
f 159 149 134
f 145 91 128
f 1170 1286 1279
f 3136 3112 3021
f 2676 2858 2602
f 1269 1289 886
f 1730 1571 1580
f 130 128 98
f 149 159 242
f 288 259 314
f 363 288 314
f 4442 4832 4556
f 223 118 207
f 1269 1409 1426
f 956 1092 605
f 1201 1451 1325
f 1440 1451 1727
f 1881 2484 1727
f 3370 3424 3420
f 2858 2852 2602
f 2858 3091 2852
f 207 118 142
f 4725 4537 4639
f 3346 3311 3376
f 3180 3509 3149
f 635 605 407
f 407 288 363
f 2948 3136 3021
f 1279 1286 1580
f 2583 2584 2792
f 1730 1580 1811
f 2353 2584 2583
f 728 606 1363
f 1363 606 1186
f 4931 4891 4980
f 1539 1861 1723
f 2107 1861 1539
f 1426 1289 1269
f 4741 4961 4891
f 1170 1057 1130
f 1170 1130 1286
f 1586 1580 1286
f 2769 2792 2584
f 886 1028 954
f 809 846 745
f 744 809 745
f 846 809 886
f 4940 4931 4977
f 5006 4944 4937
f 3215 3101 3199
f 1409 1678 1426
f 1723 1678 1409
f 111 100 145
f 3370 3420 3395
f 2852 3091 3199
f 1028 886 1289
f 4937 4926 5086
f 101 145 100
f 1286 1379 1586
f 846 886 954
f 4312 4442 4556
f 4312 4556 4185
f 956 605 635
f 1440 1325 1451
f 1480 1727 1451
f 1881 1727 1480
f 3180 2484 1881
f 3180 3149 2484
f 1580 1586 1665
f 845 807 738
f 807 845 1037
f 1057 807 1037
f 1037 1130 1057
f 3199 3101 2852
f 1201 1325 956
f 1130 1379 1286
f 1580 1665 1811
f 2098 2394 2353
f 2098 1811 2003
f 2003 2394 2098
f 3395 3295 3370
f 1605 1612 1186
f 4594 4537 4725
f 1651 1871 1605
f 4487 3901 4537
f 1811 1665 1885
f 2361 2390 2152
f 409 456 458
f 4891 4789 4741
f 134 163 130
f 367 409 458
f 4931 4822 4891
f 149 242 234
f 1176 728 1363
f 1028 1289 1129
f 1811 1885 2003
f 2353 2394 2584
f 4904 4944 4905
f 1723 1861 1678
f 2852 2709 2602
f 4937 4944 4904
f 134 149 163
f 4905 4941 4903
f 4944 4941 4905
f 4896 4830 4909
f 4941 4909 4903
f 4710 4830 4832
f 4832 4830 4896
f 3858 4185 3180
f 1129 954 1028
f 2107 2005 1861
f 2434 2332 2107
f 2434 2602 2332
f 1129 1289 1411
f 363 635 407
f 4832 4442 4625
f 1290 1451 1201
f 954 1021 846
f 1480 1451 1290
f 745 812 772
f 1289 1426 1411
f 745 772 738
f 738 772 811
f 909 845 738
f 4537 4594 4487
f 3327 2946 2908
f 3327 2908 3300
f 597 547 728
f 1186 1612 1363
f 812 745 846
f 4487 3932 3901
f 322 242 367
f 367 393 322
f 4940 4866 4931
f 456 523 458
f 1471 1411 1426
f 1426 1678 1471
f 1130 1037 1151
f 1130 1151 1379
f 2709 2852 3101
f 597 523 547
f 523 456 547
f 4669 4725 4741
f 4669 4594 4725
f 151 125 111
f 145 151 111
f 128 130 139
f 4905 4862 4904
f 811 909 738
f 2602 2709 2617
f 956 363 507
f 277 259 223
f 845 909 1037
f 1037 1014 1151
f 635 363 956
f 1037 909 1014
f 2107 2332 2005
f 2003 1885 2394
f 314 259 277
f 507 1067 956
f 1067 1201 956
f 1871 1763 1605
f 2152 1763 1871
f 2390 1763 2152
f 4822 4789 4891
f 1129 1411 1471
f 1861 2005 1963
f 1861 1963 1678
f 2602 2617 2332
f 3491 3300 3533
f 3327 3300 3491
f 393 367 458
f 458 523 439
f 163 149 234
f 234 242 322
f 4926 4866 4940
f 939 812 846
f 2955 2709 3101
f 3215 3150 3101
f 3150 3215 3295
f 939 846 1021
f 2844 2948 2769
f 2682 2769 2584
f 3395 3420 3396
f 2617 2709 2489
f 1265 1129 1471
f 4866 4822 4931
f 139 130 164
f 163 164 130
f 4862 4821 4904
f 3295 3395 3244
f 2292 2005 2332
f 4903 4873 4905
f 507 363 400
f 4625 4710 4832
f 363 314 400
f 145 128 139
f 248 207 142
f 812 811 772
f 811 889 909
f 909 889 1014
f 3420 3376 3396
f 1129 1021 954
f 1059 1151 1014
f 4312 4185 3858
f 2769 2682 2844
f 1885 1665 2374
f 1885 2374 2394
f 2584 2394 2511
f 3858 3180 1881
f 1612 1605 1763
f 3491 3533 3932
f 2829 2361 2576
f 2489 2709 2955
f 4669 4741 4789
f 4546 4594 4669
f 4800 4789 4822
f 1079 1129 1265
f 1079 1021 1129
f 939 879 812
f 939 918 879
f 812 879 811
f 3395 3396 3244
f 2292 1963 2005
f 910 811 879
f 811 910 889
f 4851 4866 4926
f 889 978 1014
f 4821 4851 4937
f 1151 1357 1379
f 3186 3136 2948
f 2948 2844 3186
f 1559 1665 1586
f 1665 1559 1739
f 2394 2374 2511
f 2682 2584 2511
f 4937 4851 4926
f 145 139 165
f 4873 4862 4905
f 4937 4904 4821
f 4909 4830 4857
f 248 142 202
f 4903 4909 4857
f 142 125 151
f 142 151 202
f 1471 1554 1265
f 2955 3101 3150
f 277 223 207
f 918 910 879
f 3186 3311 3136
f 910 978 889
f 4903 4857 4873
f 400 314 277
f 1881 1480 1711
f 4442 4136 4625
f 1067 507 573
f 2844 2682 2750
f 2374 1665 2315
f 4830 4710 4762
f 939 1021 1009
f 1009 1021 1079
f 1290 1201 1067
f 1471 1678 1596
f 2332 2489 2292
f 2617 2489 2332
f 1596 1554 1471
f 1198 1079 1265
f 3780 4487 4546
f 4487 4594 4546
f 2347 1763 2390
f 4487 3780 3932
f 3780 3491 3932
f 2829 2576 2946
f 1115 597 728
f 1115 728 1176
f 910 934 978
f 4805 4822 4866
f 439 393 458
f 1559 1379 1357
f 1009 918 939
f 1665 1739 2315
f 2750 2682 2511
f 4789 4714 4669
f 4805 4800 4822
f 485 439 523
f 213 163 234
f 1963 2292 1678
f 1586 1379 1559
f 910 918 934
f 2663 2489 2955
f 2955 3023 2663
f 165 139 164
f 4873 4843 4862
f 4391 4710 4625
f 4821 4862 4770
f 4830 4762 4774
f 4830 4774 4857
f 1210 1290 1067
f 3902 4442 4312
f 4136 4442 3902
f 3311 3186 3375
f 1151 1145 1357
f 2844 2750 2909
f 2613 2511 2374
f 2750 2511 2613
f 1014 978 1005
f 1005 1059 1014
f 2784 2361 2829
f 2489 2663 2536
f 1554 1454 1265
f 1067 573 767
f 523 597 1115
f 2539 2347 2390
f 2361 2784 2390
f 322 393 311
f 4782 4805 4866
f 934 938 978
f 1079 1198 1073
f 4862 4796 4770
f 1009 940 918
f 311 234 322
f 978 938 1005
f 3396 3376 3425
f 165 168 145
f 4796 4862 4843
f 2315 1739 1708
f 2613 2315 2650
f 2374 2315 2613
f 164 163 213
f 4770 4756 4821
f 4873 4857 4843
f 177 151 168
f 3023 2955 3150
f 168 151 145
f 283 277 207
f 2844 3166 3186
f 2844 2909 3166
f 151 177 202
f 400 457 507
f 457 573 507
f 4493 4762 4710
f 1079 1073 1003
f 3244 3150 3295
f 1003 1009 1079
f 573 623 767
f 3902 4312 3858
f 2784 2539 2390
f 3327 3147 2946
f 3375 3186 3281
f 3396 3296 3244
f 918 919 934
f 4782 4800 4805
f 2613 2650 2750
f 3376 3311 3375
f 574 523 1115
f 4789 4800 4714
f 4669 4652 4546
f 4866 4851 4773
f 3186 3166 3281
f 1739 1559 1680
f 1739 1680 1708
f 433 393 439
f 485 433 439
f 4773 4782 4866
f 4796 4843 4769
f 574 485 523
f 4851 4821 4773
f 1678 1754 1596
f 1596 1754 1575
f 2292 1879 1678
f 294 248 222
f 222 248 202
f 202 177 222
f 2292 2270 1879
f 4843 4857 4774
f 4769 4843 4774
f 336 277 283
f 4762 4614 4737
f 1009 1003 940
f 1596 1575 1554
f 4737 4774 4762
f 283 207 248
f 336 283 248
f 457 492 573
f 573 492 623
f 4391 4493 4710
f 1265 1454 1198
f 3376 3375 3425
f 336 457 277
f 277 457 400
f 2880 3858 2500
f 2500 3858 1881
f 1210 1438 1290
f 1145 1151 1059
f 1564 1480 1290
f 3147 2784 2946
f 1210 1067 767
f 4136 4391 4625
f 1559 1582 1680
f 1428 1176 1363
f 1581 1363 1612
f 4669 4714 4652
f 4400 4546 4652
f 4400 3780 4546
f 3622 3327 3491
f 3622 3491 3780
f 2784 2829 2946
f 2663 3023 2734
f 4800 4747 4714
f 393 433 311
f 2489 2270 2292
f 2489 2536 2270
f 919 938 934
f 4756 4746 4773
f 4756 4773 4821
f 2315 2208 2650
f 1582 1559 1357
f 2315 1708 2208
f 2734 3023 3034
f 2750 2650 2800
f 294 336 248
f 1678 1879 1754
f 1554 1575 1454
f 940 919 918
f 4493 4614 4762
f 1711 1480 1564
f 2909 2992 3166
f 2909 2750 2800
f 3147 3327 3622
f 4722 4747 4800
f 1428 1363 1581
f 1887 1763 2256
f 2347 2256 1763
f 1763 1887 1612
f 2663 2734 2536
f 3622 3780 4400
f 2986 2539 2784
f 3147 3121 2784
f 4782 4722 4800
f 1581 1612 1887
f 940 967 919
f 1073 1198 1245
f 3034 3023 3150
f 164 208 165
f 208 164 213
f 243 213 234
f 940 1003 967
f 967 1003 1073
f 361 234 311
f 311 433 361
f 222 177 227
f 168 227 177
f 767 623 763
f 4770 4796 4769
f 4614 4677 4737
f 938 972 1005
f 492 457 336
f 3569 3902 3858
f 222 275 294
f 2531 2256 2347
f 2986 2784 3121
f 4746 4722 4782
f 2800 2650 2645
f 3166 2992 3123
f 2650 2208 2645
f 2208 2381 2645
f 4652 4714 4680
f 4782 4773 4746
f 3296 3150 3244
f 1454 1575 1687
f 2536 2734 2440
f 2909 2800 2992
f 1198 1454 1493
f 4699 4703 4769
f 4756 4703 4746
f 4737 4701 4774
f 3281 3336 3375
f 1005 972 1063
f 1063 1059 1005
f 767 1012 1210
f 222 265 275
f 1063 1145 1059
f 4770 4703 4756
f 401 336 294
f 4677 4701 4737
f 3336 3281 3166
f 336 401 492
f 1290 1438 1607
f 3902 3927 4136
f 4136 3927 4391
f 1012 767 763
f 2381 2208 2433
f 2433 2645 2381
f 492 763 623
f 1607 1564 1290
f 1575 1754 1687
f 2270 2117 1879
f 2779 2539 2986
f 3394 3121 3147
f 3394 3147 3622
f 1711 2500 1881
f 3763 3902 3569
f 919 941 938
f 941 972 938
f 4552 4400 4652
f 2779 2531 2347
f 3622 4400 3944
f 4220 3944 4400
f 2779 2347 2539
f 1115 1176 1428
f 4680 4552 4652
f 4732 4722 4746
f 2208 1708 2433
f 4769 4703 4770
f 4703 4732 4746
f 4774 4701 4769
f 4701 4699 4769
f 227 168 221
f 227 265 222
f 3569 3858 2880
f 3763 3927 3902
f 1388 1438 1210
f 168 165 221
f 221 165 208
f 3944 3394 3622
f 1388 1210 1012
f 668 485 574
f 806 668 574
f 3090 3034 3150
f 1173 574 1115
f 234 361 243
f 401 294 337
f 1145 1351 1357
f 4703 4706 4732
f 243 361 319
f 251 208 213
f 2734 3034 3090
f 3090 3150 3296
f 251 213 243
f 251 243 276
f 1198 1341 1245
f 1198 1493 1341
f 4104 4391 3927
f 2500 1711 2230
f 3218 2986 3121
f 3394 3218 3121
f 1029 944 967
f 967 944 919
f 919 944 941
f 492 483 763
f 1879 2117 1754
f 1047 1351 1145
f 3394 3944 3362
f 3123 2992 3170
f 2800 2910 2992
f 2433 1708 2376
f 2433 2616 2645
f 2910 2800 2645
f 3425 3375 3422
f 3362 3218 3394
f 1173 806 574
f 1173 1115 1428
f 1799 1687 1989
f 1989 1687 1754
f 2536 2250 2270
f 4722 4688 4747
f 4647 4680 4714
f 4747 4688 4714
f 4647 4552 4680
f 471 361 433
f 3218 2779 2986
f 2734 3090 2724
f 1073 1108 967
f 3230 3090 3296
f 1108 1029 967
f 2270 2250 2117
f 2250 2536 2440
f 208 253 221
f 253 208 251
f 319 276 243
f 4614 4618 4677
f 4618 4701 4677
f 4706 4679 4732
f 263 265 227
f 227 221 263
f 401 483 492
f 401 337 483
f 221 253 263
f 275 337 294
f 1754 2117 1989
f 1454 1687 1799
f 1454 1701 1493
f 1357 1525 1582
f 2645 2616 2797
f 2910 2645 2797
f 2433 2376 2616
f 1012 763 915
f 612 763 483
f 3170 3166 3123
f 2992 2910 3170
f 2734 2564 2440
f 2734 2724 2564
f 1607 1711 1564
f 1987 1581 1887
f 3560 3362 3944
f 1357 1351 1525
f 668 433 485
f 4732 4718 4722
f 4638 4679 4706
f 1073 1245 1165
f 1454 1799 1701
f 1887 2256 1987
f 4220 4400 4323
f 2452 2256 2531
f 471 397 361
f 471 433 668
f 397 319 361
f 4679 4718 4732
f 4623 4703 4609
f 4706 4703 4623
f 4638 4706 4623
f 1165 1108 1073
f 4609 4701 4618
f 4699 4701 4609
f 941 927 972
f 927 966 972
f 972 966 1063
f 4703 4699 4609
f 4391 4396 4493
f 4475 4614 4493
f 1145 1063 1047
f 3422 3375 3336
f 3488 3927 3763
f 3336 3166 3318
f 3927 3488 4104
f 3318 3166 3170
f 1708 1680 2376
f 4104 4396 4391
f 2117 2250 1989
f 3560 3218 3362
f 3427 3560 3944
f 944 927 941
f 4688 4647 4714
f 1667 1428 1581
f 1667 1581 1987
f 4323 4400 4552
f 2256 2452 1987
f 3152 2779 3218
f 2609 2712 2616
f 2616 2376 2609
f 4718 4688 4722
f 2452 2531 2779
f 3944 4220 3427
f 1989 1924 1799
f 2250 2034 1989
f 2564 2250 2440
f 1680 1582 1639
f 1680 1639 1789
f 2376 1680 1789
f 2616 2712 2797
f 3090 3230 2724
f 944 949 927
f 4517 4618 4614
f 275 312 337
f 3331 3488 3763
f 270 265 263
f 4396 4475 4493
f 1582 1525 1550
f 1639 1582 1550
f 2797 2712 2890
f 2376 2072 2609
f 3331 3763 3569
f 3152 3218 3560
f 1486 1428 1667
f 1989 2034 1924
f 1924 1701 1799
f 2250 2330 2034
f 2564 2330 2250
f 1475 1493 1701
f 1421 1245 1341
f 1493 1475 1341
f 1341 1475 1421
f 1245 1421 1165
f 4679 4676 4718
f 1029 984 949
f 944 1029 949
f 2854 2452 2779
f 3152 2854 2779
f 1063 966 1047
f 3422 3336 3386
f 276 273 251
f 4623 4611 4638
f 1017 806 1173
f 1321 1173 1428
f 270 263 268
f 268 263 253
f 1525 1351 1550
f 2890 2910 2797
f 2376 1789 2072
f 265 270 275
f 253 251 273
f 4517 4609 4618
f 1108 984 1029
f 1475 1701 1626
f 1701 1878 1626
f 1924 1878 1701
f 2564 2501 2330
f 927 955 966
f 2564 2724 2501
f 4614 4475 4517
f 1012 1122 1388
f 3351 3296 3396
f 4323 4552 4452
f 2452 1915 1987
f 3009 2854 3152
f 3129 3170 2910
f 966 955 1047
f 3318 3170 3268
f 3268 3170 3129
f 2910 2890 3129
f 3195 3009 3560
f 3560 3427 3195
f 3560 3009 3152
f 1321 1017 1173
f 4689 4688 4718
f 1486 1321 1428
f 4638 4611 4613
f 4638 4613 4679
f 2330 2202 2034
f 2330 2501 2202
f 4676 4679 4613
f 471 668 569
f 307 276 319
f 4557 4611 4623
f 2724 3230 2785
f 1165 1070 1108
f 1108 1070 984
f 3230 3296 3252
f 319 397 471
f 268 253 273
f 927 930 955
f 1090 1351 1047
f 4522 4557 4623
f 312 275 303
f 270 303 275
f 1351 1090 1390
f 995 1122 1012
f 995 915 763
f 483 490 612
f 337 490 483
f 338 490 337
f 2997 3569 2880
f 3331 3569 2997
f 337 312 338
f 995 1012 915
f 1878 1855 1626
f 2034 1878 1924
f 2034 2202 1878
f 2202 1855 1878
f 3545 4220 4323
f 3296 3351 3252
f 949 930 927
f 2724 2678 2501
f 1351 1579 1550
f 1579 1639 1550
f 1047 1033 1090
f 3386 3336 3318
f 4676 4689 4718
f 1579 1351 1390
f 1789 1639 1804
f 1639 1579 1804
f 1789 1804 2072
f 2609 2072 2419
f 4592 4647 4688
f 4689 4592 4688
f 1987 1915 1667
f 4452 4217 4323
f 273 276 307
f 4517 4548 4609
f 1421 1424 1070
f 4609 4522 4623
f 2202 2320 1855
f 2501 2320 2202
f 291 270 268
f 4104 3488 3282
f 4104 4044 4396
f 1165 1421 1070
f 3087 3230 3252
f 1070 987 984
f 1594 1711 1607
f 2767 2500 2230
f 1912 1667 1915
f 2703 1915 2452
f 2854 2703 2452
f 2767 2880 2500
f 2997 2880 2767
f 1390 1090 1272
f 1017 668 806
f 4591 4592 4689
f 1047 955 1033
f 4628 4676 4613
f 1626 1609 1475
f 1390 1272 1579
f 1475 1609 1424
f 1475 1424 1421
f 438 307 319
f 471 438 319
f 4557 4613 4611
f 303 270 291
f 1077 1090 1027
f 949 984 987
f 949 987 930
f 1626 1855 1745
f 1033 955 922
f 922 955 926
f 1033 922 1027
f 4522 4609 4543
f 4437 4475 4396
f 4437 4517 4475
f 1027 1090 1033
f 1090 1077 1272
f 4543 4609 4548
f 3952 4104 3282
f 3952 4044 4104
f 712 763 612
f 3396 3425 3405
f 3425 3422 3405
f 1594 1607 1438
f 3331 3282 3488
f 1272 1534 1579
f 1579 1702 1804
f 1579 1534 1702
f 2072 1804 1784
f 2072 1784 1996
f 2072 1996 2419
f 1735 2230 1711
f 1626 1745 1609
f 1395 1438 1388
f 1702 1784 1804
f 3230 3087 2785
f 955 930 926
f 3736 3545 4323
f 4323 4217 3736
f 1272 1077 1045
f 4689 4676 4628
f 4591 4689 4628
f 1702 1492 1617
f 1784 1702 1617
f 1996 1784 1807
f 1903 1996 1807
f 3318 3268 3356
f 2419 1996 2288
f 2609 2419 2817
f 3545 3427 4220
f 1058 668 1017
f 4592 4552 4647
f 477 438 471
f 477 471 569
f 1702 1534 1492
f 2724 2785 2678
f 1425 1070 1424
f 1058 569 668
f 962 1077 948
f 1027 922 948
f 1077 1027 948
f 291 268 295
f 268 273 295
f 338 392 490
f 1617 1492 1511
f 1617 1706 1784
f 1077 962 1045
f 1045 1181 1272
f 2890 2712 3042
f 1492 1534 1181
f 370 338 312
f 303 370 312
f 338 370 392
f 712 612 424
f 4396 4044 4202
f 4396 4202 4437
f 1996 1903 2288
f 490 424 612
f 3049 3331 2997
f 1438 1395 1594
f 1272 1181 1534
f 2890 3042 3129
f 2501 2360 2320
f 763 712 995
f 1070 1074 987
f 1706 1807 1784
f 987 979 930
f 979 987 1074
f 3351 3396 3405
f 1735 1711 1594
f 2703 2854 3009
f 2419 2288 2817
f 2288 2447 2817
f 3386 3318 3356
f 1045 962 1069
f 1181 1218 1492
f 2712 2817 3042
f 4613 4602 4628
f 1492 1218 1430
f 1492 1430 1511
f 1706 1617 1731
f 1807 1706 1731
f 1181 1069 1117
f 1045 1069 1181
f 3129 3042 3268
f 1181 1117 1218
f 3422 3386 3405
f 2320 2134 1855
f 2320 2360 2134
f 2817 2712 2609
f 1070 1199 1074
f 1199 1070 1425
f 930 979 926
f 926 913 922
f 307 320 273
f 4437 4202 4302
f 4557 4568 4613
f 4437 4507 4517
f 4517 4507 4548
f 948 839 962
f 295 273 320
f 2288 1962 2032
f 1903 1962 2288
f 2032 2447 2288
f 1511 1417 1530
f 1617 1511 1530
f 1617 1530 1731
f 1903 1807 1731
f 490 392 424
f 3331 3049 3282
f 1609 1510 1424
f 1511 1430 1417
f 3427 3205 3195
f 2501 2678 2360
f 1388 1122 1131
f 2230 2579 2767
f 814 839 948
f 4552 4428 4452
f 4217 4452 4109
f 3545 3205 3427
f 1731 1593 1699
f 1731 1699 1903
f 3386 3356 3391
f 3268 3249 3356
f 913 883 922
f 814 948 883
f 948 922 883
f 1731 1530 1593
f 2947 2703 3009
f 2947 3195 3205
f 3009 3195 2947
f 4602 4591 4628
f 569 1058 477
f 4568 4602 4613
f 1510 1609 1745
f 1417 1218 1117
f 1218 1417 1430
f 2678 2785 2547
f 4568 4557 4525
f 4507 4510 4548
f 4548 4510 4543
f 303 291 306
f 358 320 307
f 2678 2547 2360
f 883 913 814
f 4543 4489 4522
f 3405 3386 3391
f 839 814 788
f 962 839 790
f 973 995 712
f 790 1069 962
f 2579 2230 2278
f 2997 2767 2579
f 875 1069 790
f 1117 875 1142
f 1117 1069 875
f 3042 3249 3268
f 3042 2817 2964
f 3158 3042 2964
f 1395 1388 1131
f 995 1131 1122
f 2346 2447 2032
f 1903 1770 1962
f 4552 4592 4428
f 2127 1912 1915
f 1915 2703 2127
f 3736 4217 3718
f 4217 4109 3718
f 3042 3158 3249
f 3351 3405 3326
f 979 913 926
f 1855 2134 1745
f 1424 1510 1425
f 1425 1267 1199
f 1903 1699 1770
f 3171 3087 3252
f 3252 3351 3326
f 1373 1017 1321
f 1486 1560 1321
f 459 307 438
f 306 291 300
f 291 295 300
f 1417 1386 1530
f 1478 1593 1530
f 839 788 790
f 4522 4525 4557
f 4437 4433 4507
f 303 315 370
f 1117 1142 1417
f 2346 2425 2447
f 315 303 306
f 4510 4489 4543
f 4212 4202 4044
f 4212 4302 4202
f 3952 3982 4044
f 2607 3087 3171
f 2924 3049 2997
f 2607 2547 2785
f 2785 3087 2607
f 3205 2903 2947
f 995 973 1131
f 979 971 913
f 814 746 788
f 1593 1478 1643
f 1699 1593 1643
f 790 788 746
f 4429 4592 4591
f 1386 1417 1142
f 2346 2237 2425
f 2964 2817 2447
f 2903 2127 2703
f 2903 2703 2947
f 1530 1386 1478
f 1910 1962 1770
f 1373 1058 1017
f 358 307 431
f 1425 1510 1538
f 1199 1267 1169
f 1910 2032 1962
f 3221 3252 3326
f 979 1043 971
f 1043 979 1074
f 345 315 306
f 396 392 370
f 4433 4483 4507
f 370 315 362
f 751 814 913
f 814 751 746
f 1199 1169 1074
f 1074 1125 1043
f 3221 3171 3252
f 712 424 638
f 2032 1910 2346
f 1770 1699 1758
f 1910 1770 1758
f 320 300 295
f 2346 1910 2237
f 4437 4302 4291
f 2278 2230 1735
f 4483 4510 4507
f 1538 1510 1704
f 3171 2888 2607
f 3221 2888 3171
f 1074 1169 1125
f 2168 2579 2278
f 2997 2579 2924
f 924 869 913
f 869 751 913
f 4428 4109 4452
f 3018 2903 3205
f 3018 3205 3545
f 1667 1912 1486
f 307 459 431
f 4568 4525 4602
f 4525 4513 4602
f 3391 3356 3423
f 3423 3356 3339
f 1699 1643 1758
f 4510 4472 4489
f 300 345 306
f 4513 4591 4602
f 4591 4513 4429
f 4428 4592 4429
f 971 924 913
f 2134 1794 1745
f 1794 1704 1510
f 1794 1510 1745
f 2964 3172 3158
f 2447 2425 2989
f 2447 2989 2964
f 4437 4291 4433
f 751 734 746
f 1425 1538 1267
f 396 370 362
f 3779 3952 3382
f 3382 3952 3282
f 3952 3779 3982
f 782 751 869
f 362 315 360
f 345 360 315
f 4483 4472 4510
f 3049 2924 3282
f 425 424 392
f 3356 3249 3339
f 2237 2318 2425
f 2237 1904 2318
f 1910 1904 2237
f 1312 1395 1131
f 2278 1735 2168
f 3736 3718 3449
f 3449 3545 3736
f 2360 2356 2134
f 1373 1321 1560
f 1912 1698 1486
f 4266 4109 4428
f 1538 1414 1267
f 1267 1414 1169
f 300 342 345
f 342 300 320
f 4472 4473 4489
f 1125 1091 1043
f 790 743 799
f 3405 3391 3447
f 3447 3391 3462
f 4302 4212 4291
f 4433 4291 4363
f 734 743 746
f 3391 3423 3462
f 746 743 790
f 1386 1142 1163
f 2425 2318 2989
f 425 392 396
f 4063 4044 3982
f 799 875 790
f 3249 3247 3339
f 1163 1142 875
f 2964 2989 3172
f 3172 3249 3158
f 4063 4212 4044
f 2719 2579 2168
f 2579 2719 2924
f 1740 1910 1758
f 4384 4266 4428
f 4384 4428 4429
f 1560 1486 1698
f 2171 1912 2127
f 3282 2924 3382
f 2356 2360 2547
f 4489 4512 4522
f 3211 2888 3221
f 3545 3449 3018
f 477 1058 700
f 364 345 342
f 3326 3405 3316
f 4473 4484 4489
f 751 782 734
f 342 320 358
f 537 424 425
f 4336 4483 4433
f 4336 4433 4363
f 4522 4512 4525
f 360 345 364
f 4336 4472 4483
f 2338 2318 2065
f 1497 1735 1594
f 1497 2168 1735
f 1386 1163 1228
f 1594 1312 1497
f 1594 1395 1312
f 2065 2318 1904
f 1904 1910 1740
f 3247 3249 3172
f 2134 2144 1794
f 2527 2356 2547
f 2367 2127 2903
f 869 876 782
f 1125 1169 1091
f 1043 1091 971
f 3405 3447 3455
f 1698 1912 2171
f 539 459 438
f 438 700 539
f 477 700 438
f 1089 875 799
f 3172 2989 3157
f 3447 3462 3468
f 431 408 358
f 1758 1643 1740
f 4484 4512 4489
f 4336 4335 4472
f 4335 4473 4472
f 3339 3247 3338
f 2989 2318 3016
f 2318 2338 3016
f 1386 1228 1478
f 1643 1478 1545
f 364 342 358
f 4212 4290 4291
f 4291 4290 4363
f 2134 2356 2144
f 2527 2547 2607
f 1169 1414 1344
f 1169 1155 1091
f 537 638 424
f 869 925 876
f 869 924 925
f 3455 3447 3468
f 3221 3316 3211
f 3326 3316 3221
f 971 1091 1023
f 971 1023 924
f 2329 2719 2168
f 2367 2171 2127
f 2367 2903 3018
f 4109 4266 3919
f 4484 4494 4512
f 1195 1228 1163
f 782 800 734
f 782 876 800
f 3468 3462 3592
f 3592 3588 3468
f 4290 4336 4363
f 3423 3339 3338
f 1089 1163 875
f 3248 3247 3172
f 362 360 376
f 376 360 364
f 4335 4340 4473
f 1643 1545 1740
f 362 376 396
f 895 973 712
f 638 895 712
f 4340 4484 4473
f 411 425 396
f 2924 3028 3382
f 1794 2144 1830
f 1830 1704 1794
f 2607 2744 2527
f 1904 2035 2065
f 2607 2888 2744
f 2888 3211 2996
f 3455 3468 3588
f 1476 1058 1373
f 4448 4429 4513
f 3919 3718 4109
f 3462 3423 3469
f 3592 3462 3469
f 1023 925 924
f 4335 4304 4340
f 3469 3423 3338
f 3338 3247 3248
f 3157 2989 3016
f 1163 1089 1195
f 3592 3674 3588
f 4484 4340 4426
f 4484 4426 4494
f 396 376 411
f 376 364 375
f 4290 4269 4336
f 4336 4269 4335
f 4512 4513 4525
f 4269 4304 4335
f 358 408 382
f 2443 2356 2527
f 1538 1595 1414
f 2996 2744 2888
f 1155 1169 1344
f 1478 1228 1359
f 1904 1740 2035
f 1478 1359 1545
f 1155 1107 1091
f 382 375 358
f 358 375 364
f 425 411 537
f 734 800 765
f 1497 1479 1864
f 1024 1131 973
f 1024 1312 1131
f 1864 2168 1497
f 2329 2168 2093
f 2970 3018 3449
f 3068 3449 3718
f 800 818 765
f 958 700 1058
f 1560 1476 1373
f 1698 1476 1560
f 1945 1698 2171
f 799 743 797
f 1195 1089 1196
f 3016 2338 2742
f 2065 2035 2698
f 2742 2338 2065
f 734 765 743
f 2970 2367 3018
f 613 539 700
f 4494 4496 4512
f 4512 4496 4513
f 2142 1830 2144
f 1595 1344 1414
f 2356 2443 2144
f 2144 2443 2311
f 1538 1704 1595
f 1704 1830 1649
f 4229 4279 4212
f 4212 4279 4290
f 4496 4448 4513
f 895 1024 973
f 1107 1023 1091
f 4063 4229 4212
f 3028 2924 2906
f 3382 3028 3250
f 1236 1497 1312
f 1497 1236 1479
f 3405 3455 3481
f 3588 3634 3455
f 3588 3674 3634
f 800 876 818
f 1864 2093 2168
f 2906 2719 2329
f 2719 2906 2924
f 3068 2970 3449
f 3838 3779 3349
f 3779 3838 3982
f 1359 1565 1545
f 1476 958 1058
f 4242 4429 4448
f 4429 4242 4384
f 4011 4266 4384
f 3248 3172 3157
f 1302 1228 1195
f 4266 4011 3919
f 958 613 700
f 1228 1302 1359
f 2742 2065 2698
f 1359 1302 1565
f 1740 1545 1695
f 2035 1740 1922
f 2311 2142 2144
f 1704 1649 1595
f 799 797 1089
f 1089 892 1196
f 3016 2742 3157
f 4496 4438 4448
f 4355 4426 4340
f 3316 3405 3481
f 4276 4269 4290
f 3634 3481 3455
f 1740 1821 1922
f 3613 3674 3592
f 3613 3592 3469
f 3779 3382 3349
f 3469 3338 3613
f 2035 2195 2698
f 3430 3120 3718
f 2723 2367 2970
f 3120 3068 3718
f 1312 1024 1236
f 1740 1695 1821
f 1563 1344 1595
f 892 1040 1196
f 1195 1196 1302
f 2418 2443 2527
f 4011 3866 3919
f 3919 3430 3718
f 4426 4496 4494
f 1296 1107 1155
f 496 431 459
f 496 459 553
f 4340 4304 4355
f 459 539 553
f 3672 3481 3634
f 2742 3055 3157
f 925 929 876
f 3634 3674 3672
f 929 818 876
f 553 539 613
f 3382 3250 3349
f 1302 1455 1565
f 1655 1695 1565
f 1089 797 892
f 4001 4063 3982
f 1196 1356 1302
f 1302 1356 1455
f 4245 4279 4229
f 1655 1772 1695
f 1695 1772 1821
f 2195 2035 1922
f 3055 3248 3157
f 783 895 638
f 3316 3174 3211
f 3316 3481 3174
f 1830 2142 1649
f 2443 2418 2311
f 2311 2418 2142
f 1695 1545 1565
f 4242 4147 4384
f 4384 4147 4011
f 2723 1945 2171
f 2723 2563 1945
f 925 999 929
f 2723 2171 2367
f 2899 2723 2970
f 2899 2970 3068
f 4438 4496 4426
f 3674 3743 3672
f 1296 1344 1563
f 1296 1155 1344
f 1772 2077 1821
f 2077 1922 1821
f 2077 2195 1922
f 3613 3716 3674
f 3674 3716 3743
f 765 758 743
f 743 758 797
f 1023 999 925
f 1196 1259 1356
f 4438 4242 4448
f 4269 4297 4304
f 431 496 408
f 4304 4297 4355
f 1565 1455 1655
f 1772 1655 1751
f 1040 1259 1196
f 591 638 537
f 4279 4276 4290
f 3120 2899 3068
f 3481 3672 3414
f 591 537 435
f 382 408 430
f 2742 2905 3055
f 1945 1880 1698
f 3866 3430 3919
f 818 766 765
f 4438 4426 4338
f 2905 2742 2698
f 1772 1827 2077
f 1655 1455 1630
f 1827 1772 1751
f 3211 3174 2996
f 4338 4265 4438
f 1392 958 1476
f 4269 4286 4297
f 1649 2142 1886
f 4355 4338 4426
f 411 376 412
f 412 376 375
f 410 375 430
f 375 382 430
f 3851 3982 3838
f 3851 4001 3982
f 638 591 783
f 435 537 411
f 818 929 766
f 4001 4229 4063
f 1236 1443 1479
f 999 1023 1041
f 3481 3414 3174
f 3260 3338 3248
f 3248 3055 3260
f 766 758 765
f 3349 3250 3838
f 797 758 786
f 891 1040 892
f 3612 3338 3260
f 2723 2899 2789
f 2995 2899 3120
f 2195 2273 2871
f 2698 2195 2871
f 1842 2077 1827
f 1655 1630 1700
f 1751 1655 1700
f 3613 3338 3612
f 797 786 891
f 892 797 891
f 1296 1124 1107
f 2077 2069 2195
f 2557 2418 2527
f 2527 2744 2557
f 4338 4282 4265
f 4265 4242 4438
f 408 496 498
f 891 1004 1040
f 2563 1880 1945
f 3430 2995 3120
f 2789 2563 2723
f 4297 4311 4355
f 4355 4311 4338
f 1356 1566 1455
f 2077 1842 2069
f 1455 1566 1656
f 1630 1455 1656
f 1630 1656 1700
f 1842 1827 1751
f 1061 613 958
f 4311 4282 4338
f 412 375 410
f 4275 4286 4276
f 1023 1107 1124
f 1649 1907 1595
f 1649 1886 1907
f 2698 2871 2905
f 1546 1296 1563
f 3040 2744 2996
f 498 430 408
f 4245 4190 4279
f 628 553 613
f 1757 2093 1864
f 2906 2329 2778
f 3743 3716 3748
f 1023 1124 1041
f 3838 3250 3851
f 2195 2069 2273
f 1757 1479 1443
f 2957 3028 2906
f 2957 3250 3028
f 4001 4245 4229
f 1479 1757 1864
f 3055 2871 3094
f 2905 2871 3055
f 3094 3260 3055
f 1259 1298 1356
f 3270 3430 3866
f 2995 2789 2899
f 628 613 1061
f 1392 1061 958
f 3716 3613 3612
f 1040 1144 1298
f 1259 1040 1298
f 1308 1296 1546
f 1595 1726 1563
f 1595 1907 1726
f 1751 1700 1767
f 1767 1842 1751
f 3965 4011 4147
f 1831 1698 1880
f 553 628 496
f 4090 4190 4245
f 1308 1124 1296
f 4276 4286 4269
f 435 411 412
f 4276 4279 4152
f 4203 4276 4152
f 1040 1004 1144
f 4001 4090 4245
f 1656 1697 1700
f 786 834 891
f 4190 4152 4279
f 1236 1024 998
f 1842 1767 1890
f 2351 2093 1757
f 2351 2329 2093
f 1842 1890 2069
f 3174 3192 2996
f 1697 1767 1700
f 2557 2385 2418
f 1546 1563 1726
f 1461 1566 1356
f 2996 3192 3040
f 4265 4147 4242
f 1476 1698 1819
f 4297 4286 4311
f 3612 3260 3573
f 1356 1298 1461
f 1767 1793 1890
f 758 822 834
f 786 758 834
f 1004 891 834
f 3270 2995 3430
f 1566 1461 1632
f 1656 1566 1632
f 1767 1697 1793
f 4286 4282 4311
f 4203 4275 4276
f 510 435 487
f 4133 4152 4190
f 546 498 496
f 435 510 591
f 3174 3414 3192
f 3192 3414 3254
f 4090 4133 4190
f 2778 2957 2906
f 996 999 1041
f 999 996 929
f 2418 2385 2142
f 1285 1144 1004
f 1285 1298 1144
f 766 929 803
f 766 803 758
f 1024 895 998
f 803 822 758
f 3866 3542 3270
f 2090 1880 2563
f 1632 1461 1519
f 1656 1713 1697
f 1656 1632 1713
f 1793 1713 1957
f 2069 1890 1957
f 1957 2273 2069
f 1097 628 1061
f 4265 4179 4147
f 3528 3260 3094
f 2090 1831 1880
f 803 929 898
f 1603 1546 1726
f 1697 1713 1793
f 1890 1793 1957
f 975 834 822
f 1004 834 975
f 1831 1819 1698
f 1298 1384 1461
f 1384 1519 1461
f 2871 2273 2782
f 430 498 465
f 578 591 510
f 435 462 487
f 975 1285 1004
f 3528 3573 3260
f 462 435 412
f 783 837 895
f 1285 1384 1298
f 1443 1236 1216
f 3669 3851 3250
f 3673 3716 3612
f 998 895 837
f 2142 2242 1886
f 1886 2242 1907
f 2142 2385 2242
f 803 898 822
f 822 898 968
f 1546 1603 1445
f 1445 1308 1546
f 1942 2351 1757
f 3800 3542 3866
f 3866 4011 3800
f 2743 2090 2563
f 2743 2563 2789
f 628 546 496
f 3600 3414 3672
f 4286 4296 4282
f 3716 3673 3748
f 1392 1476 1819
f 3800 4011 3965
f 1968 2273 1957
f 822 968 975
f 975 1372 1285
f 916 628 1097
f 430 465 410
f 2871 2782 2934
f 3094 2871 2934
f 462 412 469
f 1713 1632 1940
f 1957 1713 1968
f 762 837 783
f 783 591 762
f 2426 2557 2744
f 2744 3040 2426
f 1124 1308 1190
f 1672 1942 1757
f 410 469 412
f 469 410 465
f 3414 3600 3254
f 996 898 929
f 1369 1441 1443
f 1369 1443 1216
f 2743 2789 2995
f 898 931 968
f 4296 4265 4282
f 4179 4066 4147
f 4066 3965 4147
f 975 1049 1372
f 2437 1831 2090
f 3270 2743 2995
f 1372 1354 1285
f 1285 1354 1384
f 1632 1519 1790
f 1632 1790 1940
f 1713 1940 1968
f 916 688 628
f 469 465 491
f 968 1049 975
f 487 462 482
f 4133 4122 4152
f 2426 2385 2557
f 3094 2934 3159
f 3192 3056 3040
f 1124 1110 1041
f 1124 1190 1110
f 469 482 462
f 1216 1236 998
f 3851 3669 4001
f 996 1041 1110
f 996 945 898
f 3706 3600 3672
f 945 931 898
f 1049 968 931
f 1329 1308 1445
f 1190 1308 1329
f 1672 1757 1561
f 2351 2778 2329
f 1561 1443 1441
f 2092 1968 1940
f 1354 1670 1384
f 3528 3094 3310
f 1519 1670 1790
f 1519 1384 1670
f 2273 1968 2782
f 3310 3094 3159
f 4033 4001 3669
f 595 591 578
f 4090 4001 4033
f 2185 1819 1831
f 1907 1859 1726
f 1443 1561 1757
f 3056 2426 3040
f 2437 2185 1831
f 3256 3270 3542
f 598 546 628
f 4275 4294 4286
f 945 952 931
f 1465 1061 1392
f 4222 4179 4265
f 4152 4182 4203
f 4203 4182 4275
f 511 491 498
f 3672 3743 3706
f 1049 1291 1372
f 1000 931 952
f 931 1000 1049
f 498 491 465
f 498 546 511
f 1049 1103 1291
f 3748 3673 3687
f 591 595 762
f 578 510 521
f 3612 3687 3673
f 1354 1372 1670
f 2092 2420 1968
f 947 1216 998
f 2876 3270 3256
f 4033 4162 4090
f 4090 4162 4133
f 2242 2385 2426
f 1465 1097 1061
f 1392 1819 1465
f 4066 3955 3965
f 3965 3727 3800
f 1291 1103 1305
f 1907 1991 1859
f 2242 1991 1907
f 945 961 952
f 1049 1000 1103
f 4122 4182 4152
f 4182 4294 4275
f 1372 1291 1305
f 3612 3573 3687
f 1305 1402 1427
f 1372 1305 1427
f 1372 1427 1670
f 1790 1670 1847
f 1940 1790 1847
f 1940 1847 2092
f 2782 1968 2420
f 598 628 688
f 521 510 487
f 4133 4162 4122
f 1726 1859 1619
f 482 469 491
f 3536 3669 3250
f 998 837 947
f 1407 1329 1445
f 1275 1190 1329
f 1103 1000 1096
f 3086 3056 3192
f 1603 1619 1445
f 1619 1603 1726
f 3800 3256 3542
f 1398 1305 1096
f 1305 1398 1402
f 4033 3669 3826
f 1000 1011 1096
f 1305 1103 1096
f 2876 2743 3270
f 1670 1427 1847
f 1427 1402 1847
f 4294 4296 4286
f 4296 4222 4265
f 3056 3086 2426
f 3727 3965 3955
f 2790 2090 2743
f 1110 1034 996
f 1216 947 1369
f 762 947 837
f 3826 3909 4033
f 916 598 688
f 4040 4162 4033
f 2934 2923 3159
f 3748 3687 3757
f 1260 1398 1096
f 1847 1402 1768
f 952 961 1000
f 961 981 1000
f 1000 981 1011
f 1847 1768 2092
f 2934 2782 2923
f 4040 4033 3909
f 2739 2778 2351
f 1859 1991 2016
f 1859 1722 1619
f 2876 2790 2743
f 1402 1398 1768
f 1407 1445 1619
f 916 1097 908
f 1819 1709 1465
f 1109 1260 1096
f 3086 3192 3254
f 1275 1110 1190
f 4028 3955 4066
f 4179 4028 4066
f 3833 3909 3826
f 1034 945 996
f 487 482 501
f 1096 1011 1109
f 3250 2957 3124
f 1369 947 1316
f 3626 3687 3573
f 3310 3501 3528
f 2092 1768 2211
f 2542 2923 2782
f 2437 2090 2790
f 3030 2876 3256
f 1859 2016 1939
f 2242 2227 1991
f 2092 2211 2420
f 2782 2420 2542
f 2426 3086 2659
f 1407 1453 1329
f 908 1097 1465
f 4247 4222 4296
f 4222 4028 4179
f 2420 2211 2542
f 945 965 961
f 965 945 1034
f 1260 1109 1174
f 1939 1722 1859
f 3236 3800 3727
f 3800 3236 3256
f 4294 4247 4296
f 1991 2227 2016
f 499 482 491
f 511 505 491
f 511 546 534
f 2426 2659 2571
f 3706 3743 3740
f 1407 1619 1453
f 1453 1275 1329
f 3122 3086 3254
f 1189 1110 1275
f 501 482 499
f 3124 3536 3250
f 3669 3536 3625
f 3743 3748 3740
f 3625 3826 3669
f 1369 1316 1441
f 1260 1174 1311
f 1398 1260 1311
f 1316 1561 1441
f 1410 1561 1316
f 2739 2957 2778
f 2810 2957 2739
f 3573 3528 3626
f 1768 1398 1584
f 4247 4115 4222
f 3466 3727 3955
f 1709 1819 2185
f 2158 1939 2016
f 2016 2227 2158
f 2242 2308 2227
f 2308 2242 2426
f 2659 3086 3122
f 3727 3466 3236
f 3030 2790 2876
f 4182 4164 4294
f 598 916 615
f 1761 2211 1684
f 2211 1768 1684
f 4089 4144 4162
f 499 491 505
f 2426 2571 2308
f 1722 1663 1619
f 1939 1838 1722
f 3740 3748 3757
f 1011 1104 1109
f 511 534 505
f 3909 3929 4040
f 3687 3626 3713
f 2923 2542 3107
f 487 501 521
f 4040 4089 4162
f 1099 1034 1110
f 2227 2308 2158
f 1722 1838 1663
f 1398 1311 1584
f 3528 3501 3626
f 1768 1584 1684
f 3124 2957 2810
f 1672 1561 1410
f 908 1465 1148
f 3687 3713 3757
f 1174 1288 1311
f 2477 2185 2437
f 2477 2437 2790
f 3030 3256 3236
f 1109 1104 1174
f 2922 2790 3030
f 916 908 615
f 3310 3505 3501
f 3785 3833 3826
f 4040 3929 4089
f 3310 3159 3409
f 3409 3505 3310
f 2542 2211 2528
f 1619 1537 1453
f 2542 2528 2931
f 2542 2931 3107
f 2158 1838 1939
f 2339 2158 2308
f 2308 2571 2339
f 4162 4144 4122
f 1410 1316 1266
f 947 1179 1316
f 1275 1453 1217
f 3206 3122 3254
f 1110 1189 1099
f 3254 3600 3206
f 1619 1663 1537
f 1838 1952 1663
f 2922 3030 3236
f 3625 3785 3826
f 3600 3706 3654
f 961 960 981
f 3976 3955 4028
f 2211 1761 2528
f 3706 3740 3654
f 2477 2790 2922
f 3522 3466 3955
f 4172 4294 4164
f 4247 4294 4172
f 4222 4046 4028
f 1275 1217 1189
f 2160 2158 2339
f 1838 2160 1952
f 2160 1838 2158
f 1311 1288 1584
f 4122 4164 4182
f 615 534 546
f 615 546 598
f 1019 981 960
f 981 1019 1011
f 1011 1019 1104
f 3833 3929 3909
f 1266 1316 1179
f 3409 2923 3107
f 3409 3159 2923
f 1001 947 762
f 947 1001 1179
f 2154 2351 1942
f 2482 2351 2154
f 2571 2659 2596
f 1453 1512 1217
f 2659 3122 2836
f 2482 2739 2351
f 3063 3236 3466
f 4172 4115 4247
f 1148 1465 1420
f 4046 3976 4028
f 2185 2399 1709
f 3976 3522 3955
f 1099 990 1034
f 3606 3206 3600
f 3551 3501 3505
f 1970 1761 1684
f 990 965 1034
f 2399 2185 2477
f 2477 2922 2715
f 3236 3063 2922
f 521 501 530
f 516 530 501
f 525 499 505
f 505 560 525
f 560 505 534
f 1178 1288 1174
f 3501 3551 3626
f 2810 2739 2482
f 4129 4164 4122
f 1453 1537 1512
f 2528 1761 1970
f 3833 3785 3846
f 2160 2403 1952
f 2339 2403 2160
f 2339 2571 2403
f 1633 1942 1672
f 4115 4046 4222
f 1576 1420 1465
f 2399 2477 2715
f 3063 2715 2922
f 2528 1970 2294
f 1174 1104 1178
f 3522 3063 3466
f 560 534 594
f 1584 1435 1684
f 3122 3206 2836
f 2614 2528 2475
f 2528 2294 2475
f 3713 3626 3668
f 3626 3551 3668
f 1584 1288 1435
f 1663 1652 1537
f 1663 1747 1652
f 1952 1747 1663
f 2571 2596 2403
f 594 534 615
f 609 594 615
f 4089 3929 3937
f 1099 1189 1168
f 1168 1189 1217
f 4089 3937 4095
f 516 501 499
f 3713 3668 3738
f 3606 3600 3654
f 578 521 530
f 1353 1672 1410
f 1672 1353 1633
f 826 1001 762
f 3277 3625 3536
f 2257 2482 2154
f 1846 2154 1942
f 1684 1675 1970
f 2528 2614 2867
f 2528 2867 2931
f 1709 1576 1465
f 2154 1846 2257
f 1950 1709 2399
f 820 615 908
f 908 1148 820
f 1512 1537 1652
f 3206 3606 3330
f 4129 4172 4164
f 516 499 525
f 4095 4144 4089
f 3740 3757 3729
f 3625 3700 3785
f 762 706 826
f 706 762 595
f 3846 3916 3833
f 3757 3713 3738
f 1178 1104 1146
f 1353 1410 1266
f 1238 1266 1179
f 2614 2475 2629
f 2629 2867 2614
f 2677 2560 2596
f 2931 2867 3107
f 2475 2294 2472
f 2629 2475 2472
f 3833 3916 3929
f 1512 1488 1217
f 1952 2340 1747
f 2403 2340 1952
f 3124 3277 3536
f 3625 3277 3700
f 2388 2482 2257
f 2596 2560 2403
f 2403 2560 2340
f 2659 2677 2596
f 2659 2836 2677
f 1988 2257 1846
f 2388 2810 2482
f 1846 1942 1633
f 1950 1576 1709
f 3206 3330 2836
f 3522 3976 3517
f 615 820 609
f 2979 3124 2810
f 1178 1146 1333
f 1333 1288 1178
f 3916 3937 3929
f 1179 1001 1238
f 3107 2867 3304
f 1238 1353 1266
f 2810 2388 2518
f 1644 1846 1633
f 3517 3976 3946
f 1918 1576 1950
f 2534 1950 2399
f 1019 1146 1104
f 1099 1168 1025
f 1099 1025 990
f 3517 3183 3522
f 3522 3037 3063
f 965 937 961
f 961 937 960
f 2294 1970 1675
f 1420 1254 1148
f 4129 4115 4172
f 1435 1288 1333
f 4144 4129 4122
f 530 516 526
f 2106 2472 2294
f 2472 2106 2373
f 516 525 526
f 1168 1147 1025
f 3409 3107 3304
f 3522 3183 3037
f 3654 3740 3659
f 1147 1168 1217
f 2371 2388 2257
f 2518 2388 2371
f 4093 4046 4115
f 4166 4129 4144
f 1066 820 1148
f 1684 1435 1675
f 2472 2373 2590
f 2629 2472 2717
f 2472 2590 2717
f 561 578 530
f 3668 3551 3638
f 1488 1512 1652
f 1488 1397 1217
f 2294 1675 2106
f 2629 3088 2867
f 3304 2867 3088
f 526 525 560
f 3659 3606 3654
f 3088 2629 2717
f 1019 960 959
f 1988 1846 1644
f 2518 2592 2979
f 2810 2518 2979
f 3277 3594 3700
f 2076 2257 1988
f 2076 2371 2257
f 2518 2371 2592
f 1420 1576 1254
f 4129 4093 4115
f 3946 3976 4046
f 2106 1675 1805
f 2836 2701 2677
f 1397 1147 1217
f 1148 1254 1066
f 1150 1333 1146
f 4095 4120 4144
f 1055 1019 959
f 1055 1146 1019
f 1150 1146 1055
f 609 820 594
f 3738 3668 3650
f 1394 1435 1333
f 3668 3638 3650
f 3505 3409 3479
f 3551 3505 3546
f 3505 3479 3546
f 3546 3638 3551
f 3757 3738 3754
f 2845 2701 2836
f 2717 2590 3000
f 1644 1662 1988
f 1633 1501 1644
f 2608 2715 3063
f 3037 2608 3063
f 1747 2340 1806
f 1652 1669 1488
f 1556 1397 1488
f 3061 2845 2836
f 2836 3330 3061
f 1025 1147 1116
f 3846 3871 3916
f 3916 3954 3937
f 3937 3954 4095
f 1254 1576 1393
f 1327 1333 1150
f 1327 1394 1333
f 1394 1675 1435
f 2106 1805 2373
f 2590 2373 2669
f 3531 3330 3606
f 3606 3659 3531
f 2560 2355 2340
f 1488 1669 1556
f 2590 2669 3000
f 3088 2717 3000
f 4095 3954 4037
f 4095 4037 4120
f 1001 826 836
f 836 826 706
f 965 990 937
f 1669 1652 1806
f 1806 1652 1747
f 3700 3846 3785
f 3786 3846 3700
f 1264 1353 1238
f 1633 1353 1501
f 3161 3124 2979
f 1797 1988 1662
f 1797 2076 1988
f 2608 2534 2399
f 2608 2399 2715
f 3161 3277 3124
f 937 959 960
f 3659 3740 3729
f 3729 3757 3754
f 2560 2677 2701
f 1112 1150 1055
f 4046 3990 3946
f 594 820 645
f 4120 4166 4144
f 530 526 527
f 3650 3638 3546
f 3304 3325 3409
f 3479 3409 3325
f 3304 3088 3325
f 1116 1147 1397
f 583 706 595
f 595 578 583
f 3183 3517 3322
f 3277 3307 3578
f 1556 1446 1397
f 1644 1501 1662
f 3754 3738 3737
f 3738 3650 3737
f 4156 4093 4129
f 1393 1066 1254
f 1625 1393 1576
f 3946 3990 3495
f 1805 1694 1935
f 2373 1805 1935
f 3495 3517 3946
f 3517 3495 3322
f 851 645 820
f 583 578 561
f 542 526 560
f 3954 3962 4037
f 560 594 579
f 3916 3871 3954
f 980 1264 1238
f 980 1238 1001
f 1001 836 980
f 3578 3594 3277
f 777 836 706
f 1668 1797 1662
f 2371 2490 2592
f 1668 1662 1501
f 2560 2701 2355
f 2373 1935 2378
f 991 1055 959
f 3531 3061 3330
f 3531 3659 3540
f 1675 1394 1694
f 1805 1675 1694
f 2641 2701 2845
f 2373 2378 2669
f 1625 1576 1918
f 2534 1918 1950
f 1556 1669 1631
f 2933 2608 3037
f 3322 2933 3183
f 2933 3037 3183
f 986 851 820
f 820 1066 986
f 4166 4156 4129
f 1112 1137 1150
f 4064 4046 4093
f 527 526 542
f 594 645 579
f 1264 1501 1353
f 2950 3161 2979
f 542 560 579
f 3990 4046 4064
f 1779 1625 1918
f 3594 3685 3700
f 3088 3000 3181
f 3325 3088 3181
f 2534 2608 2933
f 3054 2933 3322
f 2950 2979 2728
f 3161 3307 3277
f 980 836 777
f 3685 3786 3700
f 3322 3495 3345
f 3322 3017 3054
f 1556 1631 1446
f 2641 2845 3061
f 3846 3786 3871
f 2728 2979 2592
f 3729 3754 3698
f 4156 4064 4093
f 3000 2669 2621
f 1055 1051 1112
f 1226 1150 1137
f 1327 1150 1226
f 1336 1394 1327
f 3540 3659 3729
f 991 959 942
f 1694 1394 1336
f 2669 2378 2621
f 3017 3322 3345
f 4037 4111 4120
f 1806 2340 2139
f 1631 1669 1806
f 2701 2457 2355
f 2641 2457 2701
f 3061 3531 3144
f 3531 3540 3144
f 4111 4166 4120
f 716 777 706
f 706 583 716
f 561 530 527
f 986 1066 1393
f 1055 991 1051
f 1112 1051 1137
f 1446 1375 1397
f 1327 1226 1336
f 1694 1336 1583
f 3546 3479 3650
f 3470 3495 3615
f 2504 1918 2534
f 2882 2534 2933
f 2882 2933 3054
f 1048 1264 980
f 937 942 959
f 3181 3479 3325
f 3583 3540 3729
f 3583 3729 3698
f 1779 1393 1625
f 3615 3495 3990
f 3128 3307 3161
f 894 1048 980
f 894 980 777
f 1694 1583 1935
f 1935 1810 2378
f 2377 2490 2371
f 1623 1668 1501
f 544 542 579
f 2688 2534 2882
f 3017 2882 3054
f 3279 3144 3540
f 1116 1080 1025
f 2340 2366 2139
f 2340 2355 2366
f 1400 1501 1264
f 1501 1400 1437
f 2534 2688 2504
f 3279 3540 3434
f 1042 990 1025
f 3583 3434 3540
f 1779 1918 2504
f 3345 3208 3017
f 3495 3470 3345
f 3061 3144 2641
f 3479 3498 3650
f 1080 1042 1025
f 3498 3479 3181
f 3000 2621 3181
f 579 645 582
f 558 583 561
f 527 542 544
f 1375 1116 1397
f 3618 3578 3307
f 1226 1219 1336
f 3737 3650 3670
f 3650 3498 3670
f 3594 3578 3694
f 3694 3685 3594
f 1710 1797 1623
f 1623 1797 1668
f 1710 2076 1797
f 1877 2371 2076
f 1877 2377 2371
f 2586 1779 2504
f 2807 2504 2688
f 1501 1437 1623
f 1935 1583 1810
f 2621 2926 3181
f 4111 4037 3962
f 1051 991 988
f 1448 986 1393
f 579 582 544
f 2490 2728 2592
f 3128 3284 3307
f 991 942 988
f 2378 2777 2621
f 2807 2688 2882
f 2366 2355 2457
f 1528 1336 1219
f 2807 2586 2504
f 3871 3906 3954
f 3906 3962 3954
f 3017 3208 2807
f 2882 3017 2807
f 4166 4094 4156
f 4094 4101 4156
f 4101 4064 4156
f 937 946 942
f 3698 3754 3751
f 1446 1631 1531
f 1531 1375 1446
f 3934 3615 3990
f 3990 4064 3934
f 3413 3434 3583
f 4111 4094 4166
f 3578 3618 3694
f 3694 3799 3685
f 3799 3786 3685
f 558 561 531
f 531 561 527
f 894 777 716
f 1583 1336 1528
f 1810 1583 1654
f 3284 3618 3307
f 2378 2068 2777
f 2621 2777 2926
f 1080 1116 1375
f 1877 2076 1710
f 1393 1779 1809
f 3044 2586 2807
f 2530 2366 2457
f 3698 3751 3658
f 1631 1666 1531
f 2798 2641 3144
f 3044 2807 3208
f 3345 3044 3208
f 4111 3962 3961
f 1048 894 932
f 3434 3413 3279
f 3934 3840 3615
f 3786 3906 3871
f 665 716 583
f 3498 3352 3499
f 1583 1528 1654
f 627 582 645
f 932 1156 1048
f 1264 1048 1156
f 1448 1143 986
f 3670 3499 3675
f 3498 3499 3670
f 1779 2586 2013
f 2378 1810 2068
f 1393 1809 1448
f 2013 1809 1779
f 867 645 851
f 4067 4101 4094
f 1806 2139 1955
f 1806 1666 1631
f 1666 1806 1955
f 2530 2457 2641
f 2530 2641 2798
f 3352 3498 3181
f 3786 3799 3906
f 3658 3583 3698
f 3906 3961 3962
f 4031 4111 3961
f 4031 4094 4111
f 835 932 894
f 835 894 716
f 1400 1264 1156
f 3044 3345 3146
f 3181 2926 3352
f 1051 1083 1137
f 1164 1226 1137
f 583 558 665
f 1219 1226 1164
f 3737 3670 3675
f 1654 2068 1810
f 4101 3934 4064
f 4101 3940 3934
f 3940 3840 3934
f 3470 3379 3146
f 3345 3470 3146
f 986 867 851
f 1143 867 986
f 4067 3940 4101
f 3144 3139 2798
f 3413 3583 3658
f 750 716 665
f 627 645 867
f 3128 3161 2950
f 2777 2068 2345
f 2777 2345 2573
f 1164 1137 1083
f 3754 3737 3746
f 3737 3675 3746
f 3139 3144 3279
f 531 527 544
f 1437 1383 1623
f 1623 1383 1604
f 2490 2377 2728
f 1156 932 1046
f 835 716 750
f 942 923 988
f 1375 1531 1365
f 3596 3615 3840
f 580 558 532
f 3139 3279 3413
f 2622 2013 2586
f 540 544 582
f 2777 2573 2940
f 3751 3754 3746
f 3961 3950 4031
f 4067 4094 4031
f 1528 1508 1654
f 532 558 531
f 3379 3470 3596
f 2772 2622 2586
f 2772 2586 3044
f 750 665 701
f 2337 2366 2530
f 2926 2777 2940
f 2926 2940 3352
f 1623 1604 1710
f 3950 3947 4067
f 4067 4031 3950
f 4067 3947 3940
f 3146 2772 3044
f 3947 3840 3940
f 2366 2337 2139
f 607 582 627
f 3658 3751 3652
f 1299 1143 1448
f 3596 3470 3615
f 3961 3900 3950
f 2345 2068 2165
f 2345 2736 2573
f 3906 3900 3961
f 932 835 878
f 3358 3618 3284
f 3694 3618 3609
f 3499 3575 3675
f 1528 1433 1508
f 1613 2068 1654
f 1383 1437 1400
f 3352 2940 2958
f 2549 2736 2345
f 932 878 1046
f 1528 1219 1433
f 2530 2521 2337
f 1529 1448 1809
f 2521 2530 2587
f 2573 2736 2940
f 2958 2940 2736
f 2587 2530 2798
f 1614 1365 1531
f 1278 1080 1375
f 937 990 1006
f 2139 1980 1955
f 2139 2337 1980
f 1531 1666 1614
f 946 923 942
f 3900 3947 3950
f 558 580 665
f 532 531 544
f 1010 1164 1083
f 2987 2950 2728
f 1046 1400 1156
f 3499 3352 3407
f 3499 3407 3575
f 937 1006 946
f 2253 1809 2013
f 2253 2013 2622
f 3379 3164 3146
f 3799 3788 3884
f 3799 3884 3906
f 1654 1508 1613
f 3352 2958 3407
f 1899 2377 1877
f 3872 3807 3947
f 3807 3750 3840
f 3139 2969 2798
f 3658 3652 3543
f 1955 1980 1666
f 1010 1051 988
f 1051 1010 1083
f 3807 3840 3947
f 1529 1299 1448
f 3750 3596 3840
f 3900 3872 3947
f 582 607 576
f 627 867 607
f 2549 2674 2736
f 3746 3675 3731
f 3575 3731 3675
f 2345 2165 2192
f 2192 2549 2345
f 795 878 835
f 3212 3358 3284
f 750 701 795
f 3609 3693 3694
f 576 540 582
f 2337 2285 1980
f 2068 1613 1756
f 2165 2068 1756
f 3139 3219 2969
f 3139 3413 3219
f 3694 3693 3799
f 2987 2728 2562
f 1383 1400 1046
f 2987 3128 2950
f 1006 990 1042
f 2562 2377 2401
f 3413 3658 3416
f 3658 3543 3416
f 953 1010 988
f 1140 1164 1010
f 3080 3128 2987
f 3128 3212 3284
f 795 835 750
f 1610 1710 1604
f 2401 2377 1899
f 2165 1756 2192
f 2958 3104 3407
f 2728 2377 2562
f 3104 2958 2928
f 2549 2192 2383
f 2549 2383 2674
f 2337 2521 2285
f 2928 2958 2736
f 2928 2736 2674
f 2253 1529 1809
f 2622 2772 2917
f 1433 1219 1338
f 1666 1721 1614
f 1980 1721 1666
f 3164 2917 3146
f 2917 2772 3146
f 3884 3900 3906
f 1980 2285 1982
f 3693 3788 3799
f 532 544 540
f 3413 3416 3219
f 3358 3459 3609
f 3618 3358 3609
f 701 665 580
f 1604 1383 1610
f 1219 1164 1140
f 1140 1338 1219
f 3731 3575 3616
f 3212 3128 3080
f 1299 1214 1143
f 1980 1982 1721
f 1375 1365 1309
f 1375 1309 1278
f 2674 2383 2610
f 1899 1710 1852
f 1899 1877 1710
f 2397 1899 1852
f 2397 2401 1899
f 2591 2562 2401
f 1450 1610 1383
f 2674 2610 2893
f 2928 2674 2893
f 3104 2928 2893
f 923 953 988
f 3596 3548 3379
f 670 576 607
f 841 607 867
f 867 899 841
f 899 1143 1214
f 3337 3407 3104
f 1143 899 867
f 3579 3693 3609
f 570 580 532
f 3609 3459 3579
f 2891 2917 3164
f 3379 2891 3164
f 2591 2987 2562
f 1756 1613 1815
f 2192 1756 1815
f 1370 1433 1338
f 3872 3810 3807
f 1635 1299 1529
f 559 540 576
f 670 607 841
f 2610 2462 2822
f 2893 2610 2822
f 532 540 559
f 701 719 795
f 946 917 923
f 2610 2383 2462
f 2987 2751 3080
f 923 900 953
f 3652 3751 3730
f 3575 3407 3337
f 2192 1815 2007
f 719 701 580
f 2397 2591 2401
f 1450 1383 1046
f 1338 1140 1250
f 3731 3616 3664
f 1433 1370 1508
f 1060 1046 878
f 1802 1852 1710
f 3575 3516 3616
f 2057 2397 1852
f 1802 1710 1610
f 2253 2052 1529
f 2555 2253 2622
f 1721 1982 1872
f 1614 1597 1365
f 917 900 923
f 3605 3543 3652
f 2383 2192 2007
f 2383 2007 2462
f 2893 2822 3070
f 3104 2893 3182
f 3182 3337 3104
f 3751 3746 3730
f 2555 2622 2917
f 1060 1194 1046
f 878 795 903
f 1721 1872 1614
f 1614 1872 1597
f 1010 1068 1140
f 1635 1214 1299
f 3810 3750 3807
f 1338 1250 1370
f 1370 1613 1508
f 3575 3337 3516
f 2462 2754 2822
f 2893 3070 3182
f 576 670 636
f 3912 3900 3884
f 1194 1450 1046
f 3065 2969 3219
f 719 580 624
f 3485 3459 3358
f 624 580 570
f 2057 1852 1802
f 2271 2397 2057
f 2751 2591 2580
f 1006 950 946
f 946 950 917
f 3605 3416 3543
f 2987 2591 2751
f 1610 1450 1558
f 2774 2555 2917
f 900 917 887
f 1452 1309 1365
f 900 893 953
f 3652 3730 3605
f 2052 1635 1529
f 3596 3750 3548
f 1140 1149 1250
f 3379 3548 3168
f 2442 2052 2253
f 2442 2253 2555
f 1815 1613 1717
f 3219 3240 3065
f 1006 1042 950
f 2462 2007 2754
f 575 532 559
f 576 636 559
f 1452 1365 1597
f 570 532 575
f 2580 2591 2397
f 677 719 624
f 3459 3485 3579
f 1010 844 912
f 912 1068 1010
f 950 887 917
f 878 903 1060
f 900 792 893
f 887 792 900
f 844 953 893
f 953 844 1010
f 2397 2271 2580
f 1558 1802 1610
f 1377 1214 1635
f 2891 3379 3168
f 1815 1717 2007
f 2822 2754 3070
f 2891 2774 2917
f 1022 899 1214
f 1022 1214 1377
f 3912 3872 3900
f 1140 1068 1149
f 1613 1370 1717
f 3693 3715 3788
f 3884 3788 3715
f 3416 3605 3320
f 893 792 776
f 893 776 844
f 1982 2285 1872
f 3693 3579 3610
f 570 575 624
f 3610 3715 3693
f 3219 3416 3240
f 3240 3416 3320
f 629 575 559
f 559 636 629
f 3155 3212 3080
f 3070 2754 2975
f 903 795 719
f 832 670 841
f 920 832 841
f 920 841 899
f 3912 3863 3872
f 3863 3810 3872
f 804 792 887
f 2754 2007 2746
f 2589 2521 2587
f 3579 3485 3610
f 575 619 624
f 3746 3731 3755
f 636 670 676
f 887 950 804
f 3212 3155 3231
f 1060 903 992
f 670 737 676
f 1717 1370 1503
f 3070 2975 3182
f 3730 3746 3755
f 1597 1872 1671
f 1597 1671 1452
f 3309 3358 3212
f 3485 3358 3439
f 1504 1802 1558
f 1802 1526 1961
f 1504 1558 1319
f 844 776 775
f 912 844 775
f 1399 1309 1452
f 2798 2969 2840
f 950 1042 804
f 2007 2438 2746
f 792 804 722
f 792 722 776
f 1558 1450 1319
f 1319 1450 1194
f 1574 1377 1635
f 2147 2052 2442
f 2612 2442 2555
f 2612 2555 2774
f 1022 920 899
f 1370 1204 1503
f 1717 1637 1755
f 2975 2754 2746
f 804 740 722
f 1872 1916 1671
f 2285 2259 1872
f 804 1042 831
f 619 575 629
f 3155 3080 2751
f 719 752 903
f 832 737 670
f 677 624 652
f 624 619 652
f 2052 1836 1635
f 2766 2891 3031
f 775 776 722
f 1961 2057 1802
f 2136 2271 2057
f 2438 2007 1755
f 3182 2975 3187
f 1098 1068 912
f 1068 1098 1149
f 2891 2766 2774
f 3516 3337 3558
f 3558 3616 3516
f 1717 1503 1637
f 2007 1717 1755
f 629 636 676
f 719 677 752
f 2285 2521 2259
f 1204 1370 1250
f 619 629 647
f 2271 2369 2580
f 1526 1802 1504
f 2843 3155 2751
f 943 1060 992
f 943 1194 1060
f 740 721 722
f 722 760 775
f 2840 2969 3065
f 652 619 647
f 2975 2746 2994
f 3187 2975 2994
f 3755 3731 3760
f 3731 3664 3760
f 804 831 740
f 3187 3337 3182
f 2369 2271 2136
f 1836 2052 2147
f 2442 2492 2147
f 2492 2442 2612
f 3031 2891 3168
f 1634 1452 1817
f 1817 1452 1671
f 2662 2587 2798
f 3660 3664 3616
f 3558 3660 3616
f 855 912 775
f 2798 2840 2662
f 2766 2612 2774
f 3810 3703 3750
f 3750 3703 3548
f 1836 1574 1635
f 3302 3168 3548
f 760 855 775
f 3358 3309 3439
f 855 1098 912
f 1022 1377 1180
f 647 629 662
f 662 629 676
f 1671 1916 1817
f 1149 1098 1105
f 1250 1149 1105
f 1105 1204 1250
f 3760 3664 3660
f 1194 943 1319
f 2751 2580 2369
f 2612 2635 2492
f 2766 2805 2635
f 2766 3031 2805
f 903 752 992
f 3231 3309 3212
f 1080 1111 1042
f 831 825 740
f 1961 2136 2057
f 825 831 1042
f 3320 3605 3374
f 721 731 722
f 722 731 760
f 3605 3730 3689
f 1872 2259 1916
f 2438 2445 2639
f 2438 2639 2818
f 2438 2818 2746
f 2994 2746 3036
f 2635 2612 2766
f 3795 3810 3863
f 2587 2662 2589
f 1637 1503 1587
f 1755 1637 1641
f 1755 2445 2438
f 3548 3703 3507
f 1111 1080 1278
f 652 647 662
f 2812 2635 2805
f 3611 3374 3605
f 1310 1504 1319
f 3507 3302 3548
f 3611 3605 3689
f 2812 2805 3031
f 3730 3704 3689
f 914 1042 1111
f 1637 1587 1641
f 3471 3337 3187
f 920 1180 861
f 1022 1180 920
f 821 752 718
f 737 717 676
f 752 677 718
f 1526 1504 1310
f 2746 2818 3036
f 3187 2994 3246
f 2994 3036 3246
f 3703 3810 3795
f 1500 1180 1377
f 2521 2589 2259
f 1452 1572 1399
f 1452 1634 1572
f 1755 1875 2445
f 676 717 695
f 3730 3755 3704
f 740 825 768
f 914 825 1042
f 2492 2635 2812
f 2915 2812 3031
f 3168 2915 3031
f 3880 3912 3884
f 859 1098 855
f 717 737 832
f 3868 3880 3884
f 861 832 920
f 821 992 752
f 3715 3868 3884
f 1310 1319 943
f 778 760 731
f 1948 1836 2147
f 3558 3627 3660
f 3558 3337 3471
f 3471 3627 3558
f 1503 1391 1587
f 677 652 653
f 1869 2136 1961
f 2597 2843 2751
f 653 652 662
f 3863 3855 3795
f 1500 1377 1574
f 1657 1574 1836
f 3581 3611 3689
f 3912 3855 3863
f 3593 3610 3485
f 3374 3581 3400
f 3581 3374 3611
f 1526 1621 1961
f 1869 1961 1621
f 1391 1503 1204
f 855 760 778
f 3168 3302 3133
f 2312 2147 2492
f 2689 2492 2812
f 2915 2689 2812
f 3760 3660 3707
f 1836 1948 1657
f 3507 3283 3302
f 3485 3439 3593
f 3593 3715 3610
f 1191 1180 1500
f 1574 1657 1500
f 662 676 695
f 1526 1484 1621
f 2597 2751 2369
f 3155 3075 3231
f 2818 2639 2826
f 3036 2818 3083
f 2818 2826 3083
f 1572 1634 1817
f 1875 1755 1641
f 3246 3471 3187
f 3133 2915 3168
f 2689 2312 2492
f 859 1105 1098
f 768 732 740
f 740 732 721
f 3689 3704 3581
f 778 859 855
f 2200 2136 1869
f 3036 3083 3246
f 2826 2445 2862
f 1204 1105 1152
f 1237 1204 1152
f 3133 3302 3283
f 1948 2312 2279
f 2147 2312 1948
f 1180 1191 861
f 2445 2826 2639
f 3880 3855 3912
f 3771 3868 3715
f 742 717 832
f 801 992 821
f 3231 3245 3309
f 821 718 801
f 1278 1309 1273
f 1516 1355 1399
f 1916 1902 1817
f 1817 1902 1786
f 1572 1516 1399
f 1416 1526 1310
f 742 832 861
f 3374 3400 3320
f 1310 943 1252
f 1237 1391 1204
f 861 905 742
f 905 861 1191
f 653 662 659
f 659 662 695
f 1526 1416 1484
f 1416 1310 1252
f 3309 3245 3439
f 675 677 653
f 2445 1875 2247
f 3083 2826 2862
f 3013 3083 2862
f 943 992 801
f 2803 2915 3133
f 2689 2915 2803
f 3660 3627 3707
f 1916 2259 1902
f 1572 1817 1786
f 2445 2247 2643
f 2445 2643 2862
f 1399 1355 1309
f 1309 1355 1273
f 914 1111 1085
f 1282 1191 1500
f 717 742 695
f 896 914 1085
f 881 1152 1105
f 825 914 850
f 768 825 850
f 731 764 778
f 3439 3412 3593
f 3245 3360 3439
f 859 881 1105
f 3795 3648 3703
f 3703 3648 3507
f 1948 2102 1657
f 2102 1948 2279
f 2689 2279 2312
f 699 718 677
f 2247 1875 2006
f 3013 3246 3083
f 2247 2299 2643
f 2369 2506 2597
f 2872 2840 3065
f 1278 1085 1111
f 2862 2643 2863
f 3013 2862 2863
f 2971 2803 3133
f 2803 2522 2689
f 3383 3400 3581
f 2589 2466 2259
f 2662 2872 2738
f 2840 2872 2662
f 3360 3412 3439
f 850 914 896
f 3320 3400 3308
f 2843 2796 3155
f 3013 3160 3246
f 1587 1391 1237
f 2506 2369 2136
f 3400 3383 3308
f 732 720 721
f 2247 2006 2299
f 2589 2662 2466
f 3240 3320 3308
f 2522 2279 2689
f 695 742 704
f 764 859 778
f 881 859 764
f 675 699 677
f 1152 881 1139
f 3155 2796 3075
f 2863 2643 2618
f 1641 1587 1506
f 1641 1506 1647
f 1641 1647 1875
f 721 720 731
f 2643 2299 2618
f 3593 3771 3715
f 704 659 695
f 2200 2506 2136
f 2796 2843 2597
f 2102 1500 1657
f 801 718 699
f 3471 3246 3160
f 2006 1875 2299
f 1783 2200 1869
f 3759 3795 3855
f 3465 3507 3648
f 3465 3283 3507
f 720 754 731
f 731 754 764
f 1572 1786 1696
f 2662 2738 2466
f 1572 1600 1516
f 3627 3471 3607
f 3607 3707 3627
f 1587 1408 1506
f 874 881 764
f 1158 1191 1282
f 3283 2971 3133
f 1139 1237 1152
f 3231 3075 3245
f 2927 3013 2863
f 1467 1621 1484
f 2695 2796 2597
f 3759 3648 3795
f 1606 1282 1500
f 1606 1500 2102
f 3283 3465 3178
f 2259 2109 1902
f 1572 1696 1600
f 1587 1237 1408
f 3013 2927 3160
f 2299 2133 2618
f 1355 1361 1273
f 1273 1085 1278
f 789 768 850
f 3178 2971 3283
f 2306 2102 2279
f 3759 3855 3880
f 3301 3360 3245
f 3702 3707 3607
f 3471 3532 3607
f 653 659 679
f 3532 3471 3160
f 2299 1875 1937
f 2618 2133 2634
f 1161 1085 1273
f 2863 2618 2927
f 2506 2460 2695
f 2597 2506 2695
f 1396 1282 1606
f 2306 2279 2522
f 704 742 805
f 3868 3813 3880
f 1355 1516 1600
f 3065 3240 3185
f 905 1158 963
f 1191 1158 905
f 1841 1786 1902
f 1902 2109 1841
f 2618 2634 2927
f 1139 881 874
f 3760 3707 3702
f 770 801 699
f 3532 3160 3553
f 1416 1467 1484
f 1954 1606 2102
f 896 1085 888
f 1841 1696 1786
f 2569 2466 2738
f 759 874 764
f 768 789 761
f 768 761 732
f 905 963 866
f 1647 1937 1875
f 3704 3755 3725
f 764 754 759
f 714 699 675
f 3360 3443 3412
f 675 653 679
f 3699 3771 3593
f 679 659 704
f 905 866 742
f 2200 2460 2506
f 3002 3075 2796
f 3532 3553 3607
f 1783 1869 1621
f 3178 2929 2971
f 2205 2102 2306
f 2660 2306 2522
f 2660 2522 2803
f 2929 2660 2803
f 3760 3702 3749
f 3755 3760 3749
f 1355 1585 1361
f 1585 1355 1600
f 2299 1937 2133
f 1467 1783 1621
f 3593 3412 3443
f 1954 2102 2205
f 735 704 805
f 2803 2971 2929
f 1396 1331 1282
f 3360 3301 3443
f 3521 3553 3160
f 2487 2205 2306
f 3014 3065 3185
f 1085 1161 888
f 896 888 850
f 1281 1416 1252
f 3602 3593 3443
f 3593 3602 3699
f 1273 1361 1315
f 3450 3465 3648
f 3301 3240 3308
f 742 866 805
f 2796 2695 3002
f 1281 1252 943
f 1331 1158 1282
f 2634 2133 2525
f 3160 2927 3143
f 2487 2306 2660
f 1139 885 1076
f 1139 1076 1237
f 3868 3771 3816
f 1076 1408 1237
f 1506 1408 1405
f 1506 1405 1647
f 1222 963 1158
f 1600 1696 1682
f 2738 2870 2569
f 2870 2738 2872
f 3450 3178 3465
f 3450 2929 3178
f 2466 2372 2259
f 2259 2372 2109
f 2466 2569 2372
f 3002 2695 2870
f 1432 1416 1281
f 3816 3813 3868
f 1273 1315 1161
f 3093 3245 3075
f 3185 3301 3245
f 3450 3203 2929
f 1954 2205 2487
f 2749 2487 2660
f 2929 2857 2749
f 2929 2749 2660
f 3813 3759 3880
f 3602 3581 3704
f 1396 1483 1331
f 1483 1396 1606
f 1602 1483 1606
f 3602 3704 3699
f 3704 3725 3699
f 694 679 704
f 704 735 694
f 1602 1606 1954
f 801 770 850
f 770 699 714
f 3607 3553 3628
f 3607 3628 3702
f 3160 3143 3521
f 2133 1937 2036
f 714 675 679
f 2804 2695 2460
f 3093 3075 3002
f 1600 1682 1585
f 3014 2870 2872
f 2872 3065 3014
f 2634 2901 2927
f 2634 2525 2733
f 2901 2634 2733
f 888 1161 935
f 3185 3245 3093
f 850 943 801
f 1585 1783 1467
f 1841 2109 1928
f 2541 2487 2749
f 2541 1954 2487
f 2541 2036 1954
f 885 1139 874
f 2927 2901 3143
f 1647 1557 1937
f 1937 1796 2036
f 1222 1158 1331
f 2193 2200 2008
f 2008 2200 1783
f 2193 2460 2200
f 1557 1647 1405
f 888 943 850
f 943 888 935
f 1954 2036 1796
f 2439 2036 2541
f 2929 3203 2857
f 3240 3301 3185
f 1796 1602 1954
f 3308 3383 3301
f 3521 3628 3553
f 1937 1557 1796
f 735 874 759
f 2008 1870 1926
f 2008 1783 1870
f 1408 1076 1405
f 3725 3771 3699
f 2804 2870 2695
f 3002 2870 3014
f 3014 3093 3002
f 2574 2460 2193
f 2439 2541 2749
f 1682 1783 1585
f 1870 1783 1682
f 2439 2749 2815
f 761 749 732
f 732 749 720
f 1841 1928 1682
f 1696 1841 1682
f 1361 1432 1315
f 1361 1585 1432
f 2525 2133 2036
f 1161 1281 935
f 720 693 754
f 754 693 759
f 2857 2815 2749
f 2815 2857 3203
f 3813 3628 3759
f 3725 3816 3771
f 2901 3109 3143
f 749 770 714
f 714 679 693
f 2015 2193 2008
f 2574 2804 2460
f 2569 2804 2372
f 2514 2439 2815
f 1315 1432 1161
f 3755 3749 3725
f 761 789 770
f 1926 2015 2008
f 761 770 749
f 694 735 759
f 2514 2036 2439
f 2525 2514 2733
f 2901 2733 2815
f 2815 3109 2901
f 963 1076 885
f 3702 3628 3749
f 3759 3628 3521
f 3521 3203 3450
f 3143 3203 3521
f 2525 2036 2514
f 1432 1467 1416
f 2109 1926 1928
f 2804 2574 2372
f 1161 1432 1281
f 1926 1682 1928
f 1926 1870 1682
f 2015 2574 2193
f 770 789 850
f 2109 2015 1926
f 2372 2015 2109
f 1331 1483 1405
f 874 735 885
f 3109 2815 3203
f 1076 963 1222
f 3749 3628 3813
f 3443 3301 3383
f 3581 3443 3383
f 1557 1405 1483
f 1557 1483 1796
f 3725 3749 3816
f 3143 3109 3203
f 2733 2514 2815
f 885 735 805
f 3749 3813 3816
f 885 805 866
f 3093 3014 3185
f 935 1281 943
f 3602 3443 3581
f 2015 2372 2574
f 749 714 720
f 714 693 720
f 2804 2569 2870
f 1585 1467 1432
f 693 679 759
f 679 694 759
f 600 568 460
f 398 415 446
f 415 398 368
f 1405 1222 1331
f 3521 3450 3648
f 3648 3759 3521
f 1483 1602 1796
f 866 963 885
f 1405 1076 1222
f 399 577 415
f 399 494 577
f 860 674 643
f 577 860 643
f 354 418 427
f 860 577 729
f 2786 3024 3022
f 2510 2963 3367
f 3024 3399 3357
f 3223 3229 3454
f 3369 3359 3651
f 4009 3847 4231
f 3651 3847 4009
f 3847 3359 3454
f 3651 3359 3847
f 3454 3359 3223
f 4409 4009 4231
f 4192 4009 4409
f 4231 3847 3896
f 3896 3454 3640
f 3847 3454 3896
f 3229 3640 3454
f 4231 3896 4035
f 4035 3640 3908
f 3896 3640 4035
f 4532 4409 4231
f 4195 4009 4192
f 4401 4035 4207
f 4207 4035 3908
f 4532 4231 4401
f 4231 4035 4401
f 4278 4145 4008
f 4145 4459 4207
f 4532 4401 4554
f 4554 4401 4459
f 4401 4207 4459
f 4145 4207 4008
f 4207 3908 4008
f 4192 4409 4195
f 3369 3651 3568
f 3229 3223 3050
f 3651 4009 3865
f 3108 3050 3223
f 3359 3197 3223
f 3197 3108 3223
f 3369 3197 3359
f 4459 4145 4278
f 4554 4459 4441
f 4459 4278 4441
f 4278 4008 4187
f 4009 4195 3865
f 4532 4554 4630
f 3908 3233 4008
f 3908 3640 3233
f 2951 3108 3197
f 3108 2951 3050
f 4685 4532 4671
f 4660 4409 4685
f 3369 3568 3226
f 3226 2999 3197
f 3197 2999 2951
f 3229 3225 3640
f 3229 2918 3225
f 3050 2918 3229
f 3369 3226 3197
f 4671 4532 4630
f 4685 4409 4532
f 3640 3225 3233
f 4195 4409 4521
f 3568 3433 3226
f 4671 4630 4690
f 4221 4278 4187
f 4187 4076 4221
f 4187 4008 3951
f 4690 4630 4653
f 4630 4554 4653
f 4441 4278 4444
f 4372 4278 4221
f 4191 4010 4195
f 4010 3865 4195
f 3796 3865 4010
f 3796 3651 3865
f 3050 2951 2787
f 3796 3568 3651
f 4690 4715 4671
f 4715 4685 4671
f 4322 4010 4191
f 4409 4660 4521
f 3233 2918 2869
f 3225 2918 3233
f 4195 4521 4191
f 3568 3572 3433
f 3226 3433 3138
f 2999 3226 3138
f 4444 4278 4372
f 4221 4076 4160
f 4076 4187 3951
f 4441 4444 4554
f 4008 3440 3951
f 3233 3440 4008
f 2869 2918 2415
f 4521 4516 4191
f 3796 4010 3987
f 3796 3572 3568
f 3440 3293 3951
f 4925 4864 4804
f 4984 4928 4925
f 3233 2869 3440
f 4663 4521 4660
f 4901 4748 4750
f 5000 5042 4968
f 4221 4160 4372
f 5000 4968 4939
f 4653 4554 4659
f 4554 4444 4659
f 4653 4726 4690
f 4928 4864 4925
f 5041 4984 4968
f 4968 4984 4925
f 4925 4804 4901
f 4901 4804 4748
f 4968 4925 4939
f 4939 4925 4901
f 5042 5041 4968
f 2999 2658 2951
f 5005 5000 4939
f 4901 4919 4939
f 4919 4901 4750
f 5005 5021 5000
f 5021 5042 5000
f 5005 4939 4919
f 5041 5042 5053
f 2951 2658 2787
f 4755 4919 4750
f 3371 3433 3572
f 3433 3371 3138
f 2999 3138 2842
f 4919 4956 5005
f 5014 5005 4956
f 2918 3050 2642
f 4984 4989 4928
f 4864 4740 4641
f 4726 4653 4659
f 4918 4919 4755
f 5014 5021 5005
f 4918 4956 4919
f 5014 4956 4952
f 4516 4322 4191
f 4864 4928 4914
f 4914 4740 4864
f 2787 2642 3050
f 4914 4829 4740
f 4989 4914 4928
f 4076 3951 3914
f 4377 4750 4447
f 4750 4748 4447
f 4715 4690 4726
f 4660 4685 4663
f 4663 4516 4521
f 4921 4918 4853
f 2999 2720 2658
f 4864 4641 4804
f 4748 4804 4558
f 4010 4236 3987
f 4750 4377 4755
f 4439 4755 4377
f 3371 3572 3556
f 5014 4952 5016
f 4952 4956 4918
f 4952 4918 4921
f 2842 2720 2999
f 3572 3796 3801
f 4804 4641 4558
f 2658 2459 2787
f 2642 2362 2918
f 5119 5048 5041
f 5014 5096 5021
f 5096 5042 5021
f 2787 2459 2642
f 4914 4958 4829
f 4984 5048 4989
f 4914 4989 4958
f 2918 2362 2415
f 4659 4444 4559
f 4984 5041 5048
f 5119 5041 5149
f 4558 4447 4748
f 5041 5053 5149
f 3951 3293 3914
f 4987 4952 4951
f 4685 4715 4728
f 3440 2869 2387
f 2869 2415 2387
f 4663 4685 4728
f 5119 5121 5048
f 4076 3997 4160
f 4076 3914 3997
f 5016 4952 4987
f 2658 2720 2431
f 4952 4921 4951
f 5091 5096 5014
f 5091 5014 5016
f 4853 4918 4755
f 4853 4755 4439
f 5053 5042 5140
f 5096 5140 5042
f 4641 4740 4380
f 3242 3138 3371
f 3138 3242 2842
f 3572 3801 3556
f 3371 3556 3242
f 4023 3987 4236
f 5048 5013 4989
f 4989 5013 4958
f 5013 4994 4958
f 4829 4958 4994
f 4740 4829 4759
f 4377 4447 4344
f 5177 5149 5053
f 5140 5177 5053
f 4516 4663 4388
f 4388 4322 4516
f 4322 4236 4010
f 4559 4681 4659
f 4659 4681 4726
f 3293 3440 2387
f 4558 4641 4326
f 4447 4558 4344
f 5091 5016 5118
f 4444 4406 4559
f 4372 4406 4444
f 4199 4406 4160
f 4160 4406 4372
f 3997 4199 4160
f 4326 4344 4558
f 5224 5248 5140
f 4987 5028 5016
f 3801 3796 3987
f 2362 2286 2141
f 2642 2286 2362
f 5048 5146 5013
f 5089 5048 5121
f 4326 4641 4380
f 5119 5181 5121
f 5140 5248 5177
f 4435 4853 4439
f 3914 3293 2795
f 2459 2286 2642
f 4322 4388 4236
f 2658 2431 2459
f 1909 2415 2141
f 2415 2362 2141
f 4663 4728 4695
f 5139 5140 5096
f 4241 4344 4326
f 4377 4344 4241
f 5149 5177 5119
f 5028 4987 5008
f 5139 5091 5118
f 4777 4771 4726
f 4715 4726 4771
f 4786 4715 4771
f 4728 4715 4786
f 2415 1909 2387
f 4853 4435 4634
f 5139 5224 5140
f 4740 4759 4380
f 5139 5096 5091
f 4544 4406 4370
f 4406 4199 4370
f 4559 4406 4544
f 5146 5115 5013
f 5169 5146 5048
f 4951 4921 4853
f 5118 5016 5028
f 3556 3437 3242
f 5121 5169 5089
f 4255 4326 4380
f 3987 4023 4020
f 3987 4020 3801
f 3801 4020 3890
f 4317 4023 4236
f 2842 2516 2720
f 5089 5169 5048
f 4994 5013 5115
f 4317 4236 4388
f 2387 2795 3293
f 4255 4241 4326
f 5119 5177 5181
f 4241 4343 4377
f 4439 4377 4343
f 4987 4951 5008
f 4634 4435 4524
f 4695 4728 4734
f 4663 4695 4388
f 4241 4255 4134
f 4853 4634 4951
f 5112 5118 5028
f 5112 5028 5050
f 5050 5028 5008
f 4439 4348 4435
f 2516 2431 2720
f 4759 4829 4994
f 4141 4370 4199
f 4199 3997 4141
f 3997 3914 3928
f 4777 4726 4790
f 4726 4681 4790
f 4388 4695 4577
f 2023 1964 2459
f 4210 4241 4134
f 5248 5181 5177
f 3801 3890 3556
f 4439 4343 4348
f 2842 3242 2916
f 5139 5118 5230
f 2286 2459 1964
f 4388 4430 4317
f 2459 2129 2023
f 2459 2431 2129
f 4210 4343 4241
f 4348 4343 4210
f 4933 4970 4951
f 4734 4728 4786
f 3997 3928 4141
f 4643 4696 4559
f 2286 1964 2141
f 4772 4951 4634
f 4771 4777 4808
f 4786 4771 4808
f 5118 5227 5230
f 4772 4933 4951
f 4970 5008 4951
f 4544 4370 4461
f 4020 4102 3890
f 4544 4643 4559
f 4559 4696 4681
f 3928 3914 3482
f 2795 3482 3914
f 4808 4777 4859
f 4994 4834 4759
f 5265 5210 5169
f 5262 5265 5169
f 4506 4380 4759
f 5210 5159 5115
f 4141 4225 4370
f 4461 4643 4544
f 5266 5268 5248
f 4174 4210 4134
f 3242 3437 2916
f 5159 5087 5115
f 5169 5210 5146
f 5115 5146 5210
f 4994 5115 5087
f 2551 2516 2842
f 2842 2916 2551
f 5262 5169 5121
f 5262 5121 5181
f 5268 5262 5181
f 5248 5268 5181
f 1822 2141 1964
f 4388 4577 4430
f 2431 2260 2129
f 2431 2516 2260
f 4317 4020 4023
f 5203 5227 5118
f 5105 5050 5027
f 5224 5260 5248
f 4524 4435 4283
f 4283 4435 4348
f 4681 4696 4790
f 3482 2795 2830
f 4859 4777 4790
f 5230 5260 5224
f 5224 5139 5230
f 5112 5141 5203
f 5105 5112 5050
f 5027 5050 5008
f 5027 5008 4970
f 5046 4994 5087
f 3890 3783 3556
f 3556 3783 3437
f 5118 5112 5203
f 4134 4255 4159
f 5268 5278 5262
f 4102 4020 4317
f 5159 5120 5087
f 5120 5046 5087
f 5266 5248 5260
f 4348 4210 4283
f 4305 4380 4506
f 5278 5284 5265
f 5278 5265 5262
f 4107 4134 4159
f 5266 5276 5268
f 5276 5278 5268
f 4933 4772 4911
f 4403 4524 4283
f 4461 4370 4458
f 4845 4786 4808
f 2387 1949 2795
f 2141 1822 1909
f 4888 4845 4859
f 4808 4859 4845
f 5227 5260 5230
f 4634 4524 4772
f 4911 4998 4933
f 4998 4970 4933
f 4461 4458 4589
f 4258 4210 4174
f 4370 4225 4458
f 4141 3928 4225
f 4696 4643 4654
f 4643 4461 4654
f 3928 3482 3329
f 5046 4922 4834
f 5210 5259 5159
f 4834 4994 5046
f 4219 4102 4317
f 5265 5267 5259
f 5259 5210 5265
f 5267 5265 5284
f 5105 5141 5112
f 4998 5027 4970
f 5260 5276 5266
f 4210 4258 4283
f 4102 4060 3890
f 3890 4060 3783
f 3437 3350 2916
f 3437 3783 3350
f 2260 2417 2166
f 2516 2417 2260
f 4102 4219 4060
f 4250 4380 4305
f 4255 4380 4250
f 5276 5282 5278
f 4174 4134 4107
f 4403 4283 4258
f 4148 4255 4250
f 4577 4695 4414
f 1778 2023 2129
f 4430 4577 4219
f 4317 4430 4219
f 2417 2516 2551
f 5225 5203 5141
f 4845 4888 4875
f 4986 4998 4911
f 4734 4786 4781
f 4695 4734 4711
f 2023 1778 1964
f 5270 5267 5289
f 5284 5289 5267
f 5260 5281 5276
f 4159 4255 4148
f 1949 2387 1909
f 4781 4786 4844
f 4992 5046 5120
f 4786 4845 4844
f 4922 5046 4992
f 5228 5159 5259
f 4834 4506 4759
f 5270 5259 5267
f 5282 5276 5283
f 5281 5283 5276
f 4654 4461 4589
f 4087 3928 3603
f 3928 3329 3603
f 4817 4696 4654
f 4859 4790 4850
f 4790 4696 4850
f 4332 4403 4258
f 4749 4524 4403
f 5079 5105 5027
f 2916 2588 2551
f 5282 5289 5284
f 5284 5278 5282
f 5292 5289 5282
f 5283 5292 5282
f 4911 4772 4831
f 4831 4772 4524
f 5208 5225 5141
f 5263 5259 5270
f 2166 1894 2129
f 4414 4219 4577
f 2129 2260 2166
f 5256 5281 5260
f 5256 5260 5227
f 5126 5141 5105
f 5105 5079 5126
f 5283 5291 5292
f 5283 5281 5291
f 4734 4781 4711
f 1964 1771 1822
f 1778 1771 1964
f 1894 1778 2129
f 5225 5227 5203
f 4986 4911 4831
f 5259 5263 5228
f 4888 4859 4894
f 4454 4506 4834
f 1949 1909 1775
f 1822 1775 1909
f 1822 1746 1775
f 1822 1771 1746
f 4491 4589 4458
f 4844 4845 4875
f 5199 5120 5159
f 5199 5159 5228
f 4859 4850 4894
f 2795 2496 2830
f 4107 4159 4148
f 4204 4258 4174
f 4998 4986 5027
f 4491 4458 4407
f 4225 4407 4458
f 4817 4654 4758
f 3482 2830 3329
f 4850 4696 4817
f 4403 4332 4749
f 5243 5256 5227
f 3783 3683 3350
f 4174 4107 4149
f 4258 4204 4332
f 5079 5093 5126
f 5082 5079 5027
f 5082 5027 4986
f 5285 5270 5289
f 4107 4148 4113
f 2025 2166 2417
f 4060 4219 4414
f 4844 4875 4856
f 4695 4711 4414
f 2166 1888 1894
f 2166 2025 1888
f 4831 4524 4749
f 5227 5225 5243
f 5126 5208 5141
f 4491 4693 4589
f 4844 4856 4781
f 4992 5120 5019
f 2795 1947 2496
f 2795 1949 1947
f 4986 4831 5004
f 4826 4922 4992
f 4305 4506 4454
f 4654 4589 4693
f 4060 4005 3783
f 3783 3701 3683
f 3928 4087 4225
f 5243 5225 5208
f 4418 4834 4922
f 5292 5285 5289
f 4225 4397 4407
f 4225 4087 4397
f 3783 4005 3701
f 5291 5293 5292
f 3683 3269 3350
f 2916 3350 3076
f 2916 3076 2588
f 1746 1744 1775
f 4060 4414 4238
f 2417 2030 2025
f 2417 2551 2588
f 5082 5093 5079
f 4250 4305 4218
f 5293 5285 5292
f 5280 5281 5256
f 4149 4107 4127
f 1769 1746 1771
f 1778 1769 1771
f 4414 4711 4492
f 1894 1769 1778
f 1769 1894 1888
f 5120 5199 5049
f 5049 5019 5120
f 4418 4454 4834
f 5269 5263 5270
f 4329 4305 4454
f 5285 5269 5270
f 4250 4218 4148
f 5291 5281 5287
f 5281 5280 5287
f 5029 4986 5004
f 4888 4894 4898
f 4875 4888 4898
f 4882 4875 4898
f 4856 4875 4882
f 4654 4693 4758
f 4005 4060 4298
f 4850 4817 4841
f 2799 2830 2496
f 5093 5102 5208
f 5093 5208 5126
f 4749 5004 4831
f 5285 5286 5269
f 4986 5029 5082
f 4397 4491 4407
f 2030 2417 2588
f 4298 4060 4238
f 4781 4779 4711
f 3350 3269 3076
f 5083 5049 5199
f 5199 5228 5158
f 5240 5228 5263
f 5240 5263 5269
f 4347 4204 4354
f 4347 4332 4204
f 4218 4305 4329
f 5082 5102 5093
f 1931 1947 1949
f 5293 5286 5285
f 4127 4107 4113
f 5287 5293 5291
f 4239 4174 4149
f 1795 1769 1834
f 1834 1769 1888
f 2030 1888 2025
f 4332 4347 4749
f 5190 5208 5173
f 1729 1744 1746
f 4683 4711 4779
f 1769 1729 1746
f 4239 4204 4174
f 1949 1775 1931
f 1775 1780 1931
f 1775 1744 1780
f 4781 4856 4779
f 5243 5280 5256
f 4817 4758 4780
f 4874 4850 4841
f 4894 4850 4874
f 5173 5208 5102
f 5082 5029 5100
f 5029 5004 5100
f 4491 4397 4528
f 4397 4087 4256
f 4491 4528 4693
f 4693 4528 4780
f 3603 3892 4087
f 4693 4780 4758
f 5264 5240 5269
f 5287 5290 5293
f 4826 4992 4950
f 5158 5083 5199
f 3683 3701 3269
f 2328 2030 2588
f 4856 4882 4833
f 4992 5019 4950
f 5240 5158 5228
f 4418 4922 4826
f 5286 5264 5269
f 5288 5286 5293
f 5288 5279 5286
f 4898 4894 4895
f 1769 1748 1729
f 4492 4711 4683
f 1769 1795 1748
f 1888 2030 1834
f 2030 1956 1834
f 4492 4238 4414
f 5243 5275 5280
f 4780 4528 4566
f 4256 4087 3892
f 4856 4833 4779
f 1729 1766 1744
f 4148 4218 4248
f 4150 4148 4248
f 4113 4148 4150
f 4894 4874 4895
f 2496 2232 2799
f 5082 5100 5102
f 4881 4898 4895
f 1931 2496 1947
f 4882 4898 4881
f 4397 4251 4528
f 4397 4256 4251
f 2588 2627 2328
f 3227 3892 3603
f 3603 3329 3227
f 4817 4780 4841
f 4841 4780 4846
f 2830 2799 3329
f 5100 5173 5102
f 5049 4950 5019
f 5243 5249 5275
f 5190 5243 5208
f 4749 4900 5004
f 4881 4833 4882
f 4779 4833 4788
f 2588 3076 2627
f 4810 4826 4950
f 4238 4492 4443
f 4238 4443 4298
f 2030 2328 1956
f 1931 1780 1914
f 4810 4724 4826
f 4418 4826 4724
f 4418 4329 4454
f 5290 5288 5293
f 4846 4780 4743
f 1766 1780 1744
f 4683 4443 4492
f 1795 1834 1956
f 4218 4329 4248
f 5286 5271 5264
f 5271 5286 5279
f 4251 4256 3892
f 4005 4103 3804
f 3368 3227 2799
f 2799 3227 3329
f 4846 4874 4841
f 2799 2232 2577
f 2496 1931 2232
f 5280 5275 5287
f 4204 4239 4354
f 4885 4810 4950
f 5083 4997 5049
f 5057 5100 5004
f 5057 5004 4996
f 4900 4996 5004
f 4743 4780 4566
f 4298 4103 4005
f 4683 4779 4788
f 3076 3072 2627
f 3269 3701 3298
f 3076 3269 3072
f 5049 4997 4950
f 5158 5067 5083
f 5217 5240 5264
f 4226 4150 4248
f 4418 4724 4576
f 5182 5158 5240
f 5182 5240 5217
f 5287 5277 5290
f 1766 1898 1780
f 1729 1762 1766
f 1782 1762 1729
f 1748 1782 1729
f 1748 1795 1782
f 1795 1792 1782
f 1892 1795 1956
f 5274 5271 5279
f 4127 4113 4150
f 5277 5279 5288
f 5290 5277 5288
f 3892 3227 3368
f 5142 5190 5173
f 4846 4849 4874
f 4880 4874 4849
f 4895 4874 4880
f 2232 1931 1914
f 4855 4881 4895
f 4833 4881 4855
f 1892 1792 1795
f 4528 4251 4416
f 4416 4566 4528
f 4601 4743 4566
f 4416 4601 4566
f 4251 3892 4074
f 4576 4724 4810
f 4354 4749 4347
f 3804 3298 3701
f 3269 3298 3072
f 4226 4248 4329
f 5242 5217 5264
f 5273 5275 5249
f 4005 3804 3701
f 3072 2881 2627
f 2627 2881 2328
f 4927 4950 4997
f 4927 4885 4950
f 2741 3368 2577
f 2577 3368 2799
f 5182 5067 5158
f 4404 4418 4576
f 4329 4418 4404
f 5273 5277 5287
f 5273 5287 5275
f 4345 4468 4416
f 1898 2033 1914
f 1780 1898 1914
f 4833 4855 4825
f 4833 4825 4788
f 4849 4839 4880
f 2232 2364 2577
f 2232 2190 2364
f 4895 4880 4855
f 2232 1914 2190
f 5242 5264 5271
f 4416 4468 4601
f 4074 4345 4251
f 4251 4345 4416
f 4743 4601 4651
f 4074 3892 3368
f 5142 5100 5094
f 5094 5100 5057
f 5274 5251 5271
f 5272 5279 5277
f 4900 4887 4996
f 4798 4900 4749
f 4887 4900 4798
f 5142 5173 5100
f 4803 4810 4885
f 4542 4810 4803
f 4576 4810 4542
f 4668 4393 4683
f 4393 4443 4683
f 4103 4298 3994
f 1956 2328 2389
f 3804 3541 3298
f 5251 5242 5271
f 1892 1956 2389
f 5216 5243 5190
f 4997 5083 5067
f 4404 4389 4329
f 4226 4249 4150
f 3368 2741 3007
f 4778 4825 4855
f 2033 1898 1925
f 4668 4825 4761
f 4788 4825 4668
f 1766 1925 1898
f 4683 4788 4668
f 5216 5249 5243
f 2033 2190 1914
f 5272 5274 5279
f 4149 4127 4118
f 3406 3368 3007
f 4743 4675 4846
f 4849 4846 4738
f 4839 4849 4787
f 4839 4855 4880
f 2364 2190 2348
f 4542 4404 4576
f 5217 4932 5182
f 4389 4226 4329
f 3255 2881 3072
f 3255 3298 3541
f 4675 4743 4651
f 3368 3406 4074
f 5277 5258 5272
f 5273 5249 5261
f 4239 4281 4354
f 4997 4962 4927
f 4962 4892 4927
f 4927 4892 4885
f 4892 4803 4885
f 2620 2389 2328
f 4949 4842 4962
f 3298 3255 3072
f 4127 4150 4249
f 5190 5142 5164
f 4887 5057 4996
f 2033 2148 2348
f 4749 4354 4798
f 1921 1874 1762
f 1762 1782 1921
f 1892 2113 1792
f 4443 4393 4298
f 4730 4542 4803
f 4997 5067 4949
f 4997 4949 4962
f 4490 4404 4542
f 5217 4979 4932
f 4404 4490 4389
f 1925 2148 2033
f 1762 1874 1766
f 5232 5253 5249
f 2033 2348 2190
f 4778 4761 4825
f 4962 4842 4892
f 4787 4778 4839
f 4839 4778 4855
f 4249 4226 4389
f 3255 3541 3117
f 5258 5277 5257
f 5257 5277 5273
f 5261 5257 5273
f 5253 5261 5249
f 4651 4601 4581
f 4601 4468 4581
f 4074 3406 4237
f 1792 2020 1782
f 3007 3176 3406
f 4738 4846 4675
f 3007 2741 2945
f 4787 4849 4738
f 2568 2577 2364
f 5142 5094 5092
f 2021 1925 1874
f 3255 3117 2881
f 2328 2881 2620
f 4345 4074 4237
f 4730 4564 4542
f 5182 4932 5067
f 1792 2113 2020
f 2389 2303 1892
f 3804 4103 3994
f 3994 3541 3804
f 5249 5216 5232
f 5164 5142 5092
f 5251 5272 5258
f 5232 5231 5253
f 1874 1925 1766
f 4553 4393 4668
f 2020 1921 1782
f 4803 4892 4730
f 4730 4892 4842
f 4702 4738 4675
f 5067 4932 4879
f 4979 5217 5242
f 5187 5242 5251
f 5272 5251 5274
f 5261 5253 5257
f 2348 2568 2364
f 4237 3406 4138
f 3176 3753 3406
f 3007 2945 3176
f 2577 2692 2741
f 2568 2692 2577
f 4887 5015 5057
f 4468 4345 4237
f 5067 4879 4949
f 5231 5257 5253
f 4354 4281 4412
f 4118 4127 4135
f 4354 4412 4798
f 3064 2620 2881
f 4564 4490 4542
f 2692 2945 2741
f 5164 5122 5190
f 5015 5092 5094
f 5015 5094 5057
f 4604 4553 4668
f 4135 4127 4249
f 4188 4239 4149
f 4188 4281 4239
f 2021 2148 1925
f 4787 4738 4702
f 2348 2148 2275
f 4878 4887 4798
f 2113 1892 2303
f 5231 5229 5257
f 5113 5164 5092
f 5113 5092 5015
f 4419 4389 4490
f 4361 4249 4389
f 4135 4249 4214
f 3064 2881 3117
f 4878 5015 4887
f 5178 5231 5232
f 5178 5229 5231
f 4809 4842 4949
f 4809 4730 4842
f 4419 4490 4564
f 4775 4878 4798
f 1969 1874 1921
f 5179 5251 5258
f 5258 5257 5201
f 5257 5229 5201
f 4389 4419 4361
f 4761 4778 4670
f 4188 4149 4154
f 2073 2148 2021
f 4775 4798 4412
f 5216 5178 5232
f 5190 5178 5216
f 5122 5164 5113
f 4629 4651 4581
f 3406 3753 4138
f 4055 3994 4298
f 4055 4298 4393
f 2348 2450 2568
f 4879 4809 4949
f 4809 4637 4730
f 4637 4564 4730
f 5179 5187 5251
f 5179 5258 5201
f 4154 4149 4118
f 1969 2021 1874
f 2771 2389 2620
f 4675 4651 4629
f 4137 4055 4393
f 2620 3064 2771
f 4214 4249 4361
f 5187 4979 5242
f 2020 1969 1921
f 5178 5176 5229
f 4979 4889 4932
f 3253 3176 2945
f 4675 4629 4640
f 5111 4979 5187
f 4668 4761 4670
f 4668 4670 4604
f 2021 2049 2073
f 2450 2692 2568
f 4778 4787 4697
f 4670 4778 4697
f 2348 2275 2450
f 4889 4879 4932
f 3487 3117 3541
f 2945 2692 3008
f 4640 4702 4675
f 4702 4697 4787
f 5176 5201 5229
f 4581 4468 4325
f 4468 4237 4325
f 4237 4138 4325
f 4138 4024 4325
f 4024 4138 3753
f 3541 3994 3487
f 4985 4889 4979
f 5085 4985 4979
f 4580 4564 4637
f 4580 4419 4564
f 4889 4735 4879
f 4281 4267 4412
f 2020 2091 1969
f 2113 2091 2020
f 2113 2175 2091
f 2389 2325 2303
f 2303 2325 2113
f 2073 2275 2148
f 1969 2049 2021
f 5085 4979 5111
f 5104 5187 5179
f 4281 4188 4267
f 4775 4412 4658
f 5190 5130 5178
f 5130 5190 5122
f 5178 5145 5176
f 5124 5145 5178
f 3176 3253 3753
f 2945 3008 3253
f 4702 4640 4697
f 2450 2811 2692
f 4284 4214 4361
f 5037 5113 5015
f 4581 4325 4390
f 4390 4629 4581
f 5145 5201 5176
f 4381 4412 4267
f 4828 5015 4878
f 3117 3487 3064
f 4735 4809 4879
f 4735 4637 4809
f 5113 5064 5122
f 1969 2082 2049
f 2389 2771 2325
f 4180 4118 4135
f 4154 4118 4180
f 5129 5104 5179
f 5201 5129 5179
f 4361 4419 4373
f 2091 2082 1969
f 4553 4300 4393
f 4393 4300 4137
f 2113 2325 2175
f 5124 5178 5130
f 2130 2073 2049
f 4604 4424 4553
f 4640 4615 4697
f 4644 4637 4735
f 4644 4580 4637
f 4889 4813 4735
f 4580 4644 4590
f 4813 4889 4868
f 5104 5111 5187
f 4707 4878 4775
f 2275 2463 2450
f 2302 2275 2073
f 2130 2302 2073
f 4629 4529 4640
f 4390 4529 4629
f 4868 4889 4985
f 4214 4284 4180
f 4180 4135 4214
f 5037 5015 4973
f 4973 5015 4828
f 5104 5085 5111
f 5129 5201 5127
f 2175 2126 2091
f 2091 2126 2082
f 3994 4055 3576
f 3576 3487 3994
f 5064 5113 5037
f 4604 4670 4584
f 4590 4425 4419
f 4590 4419 4580
f 4615 4584 4697
f 2463 2811 2450
f 4670 4697 4584
f 2302 2463 2275
f 4188 4223 4267
f 5201 5145 5127
f 4658 4412 4381
f 4828 4878 4707
f 4707 4775 4658
f 2239 2126 2175
f 3253 3822 3753
f 2692 2811 3008
f 4425 4373 4419
f 4284 4361 4373
f 3064 2980 2771
f 5064 5130 5122
f 2082 2087 2049
f 3753 3822 4024
f 2325 2239 2175
f 4735 4704 4644
f 4735 4813 4704
f 4590 4644 4608
f 4608 4644 4704
f 4112 4188 4154
f 4223 4188 4112
f 5145 5124 5123
f 5145 5123 5127
f 4055 3767 3576
f 3008 3142 3253
f 2811 2463 2808
f 4985 5018 4868
f 5018 4985 5085
f 4055 3974 3767
f 4154 4180 4123
f 4073 4325 4024
f 4073 4390 4325
f 5130 5099 5124
f 5124 5099 5123
f 4608 4425 4590
f 2808 3008 2811
f 5101 5129 5127
f 5101 5104 5129
f 5020 5018 5085
f 4604 4498 4424
f 2049 2087 2130
f 4553 4424 4316
f 4316 4300 4553
f 2082 2126 2087
f 4868 4848 4813
f 4541 4425 4608
f 4615 4640 4533
f 2375 2463 2302
f 4584 4498 4604
f 5064 5099 5130
f 3487 3576 3365
f 3822 4073 4024
f 4640 4529 4533
f 3142 3008 2808
f 5088 5101 5127
f 5052 5064 5037
f 4848 4868 4954
f 4425 4392 4373
f 2771 2392 2325
f 3064 3365 3126
f 3487 3365 3064
f 3064 3126 2980
f 4112 4154 4123
f 4392 4198 4373
f 4198 4284 4373
f 4954 4868 5018
f 4180 4284 4198
f 4955 5037 4973
f 4137 4300 3974
f 2325 2392 2239
f 4137 3974 4055
f 4658 4381 4469
f 4200 4529 4390
f 4704 4655 4608
f 4848 4757 4813
f 4813 4757 4704
f 4425 4541 4392
f 4533 4434 4584
f 4615 4533 4584
f 5020 5085 5104
f 5088 5080 5101
f 5123 5088 5127
f 4200 4390 4073
f 4161 4223 4085
f 4529 4200 4324
f 2463 2375 2808
f 4610 4541 4608
f 4655 4610 4608
f 5064 5078 5099
f 5052 5078 5064
f 4816 4973 4828
f 4161 4267 4223
f 3142 3363 3253
f 4498 4584 4434
f 4757 4655 4704
f 4073 3822 3860
f 3822 3525 3860
f 3822 3253 3525
f 2087 2061 2071
f 4180 4198 4123
f 4085 4223 4112
f 2486 2375 2289
f 2771 2980 2392
f 4123 4198 4254
f 5017 5078 5052
f 2126 2061 2087
f 5099 5088 5123
f 4359 4381 4267
f 4469 4381 4359
f 4991 5052 5037
f 4816 4955 4973
f 4529 4324 4309
f 2289 2375 2302
f 4541 4610 4464
f 4254 4198 4392
f 5104 5101 5080
f 5078 5088 5099
f 4240 4359 4267
f 4240 4267 4161
f 4848 4814 4757
f 4464 4392 4541
f 4991 5037 4955
f 4073 3860 4200
f 4324 4200 4197
f 3142 2808 2914
f 4828 4707 4698
f 4698 4707 4658
f 4533 4529 4309
f 2392 2980 2623
f 2071 2130 2087
f 5072 5088 5078
f 5017 5052 4991
f 2486 2808 2375
f 4434 4533 4309
f 2302 2174 2289
f 4434 4424 4498
f 2130 2174 2302
f 3253 3363 3525
f 5020 4993 5018
f 4045 4112 4123
f 4085 4112 4045
f 5024 5104 5080
f 5024 5020 5104
f 4469 4445 4658
f 4902 4955 4816
f 4445 4698 4658
f 2980 3126 3081
f 4200 3860 4197
f 4300 4081 3977
f 3977 3974 4300
f 2239 2392 2290
f 2900 2914 2808
f 3576 3767 3393
f 3576 3393 3365
f 5072 5078 5056
f 5078 5017 5056
f 4464 4333 4392
f 4333 4254 4392
f 4698 4816 4828
f 4328 4424 4434
f 4328 4316 4424
f 2174 2130 2071
f 4300 4316 4196
f 4081 4300 4196
f 5018 4993 4954
f 4621 4655 4757
f 5080 5088 5072
f 3978 4197 3860
f 2914 3363 3142
f 3365 3393 3126
f 4299 4328 4434
f 4125 4123 4254
f 4045 4123 4125
f 4045 3975 4085
f 3964 3975 3921
f 4196 4316 4328
f 2980 2895 2623
f 2623 2895 2605
f 4309 4299 4434
f 3860 3784 3978
f 3860 3525 3784
f 4712 4757 4814
f 4757 4712 4621
f 4610 4655 4621
f 4610 4621 4464
f 3975 4045 3935
f 4085 3975 3964
f 4081 4196 4165
f 5080 5072 5024
f 5034 5024 5072
f 5056 5034 5072
f 3081 2895 2980
f 4196 4328 4293
f 4197 3978 4041
f 4197 4211 4324
f 4309 4324 4211
f 2104 2126 2239
f 2290 2104 2239
f 3974 3831 3767
f 3767 3831 3393
f 3393 3081 3126
f 4328 4299 4293
f 5017 5023 5056
f 4999 5017 4991
f 4955 4902 4991
f 4760 4816 4698
f 4902 4816 4760
f 4464 4383 4333
f 2914 2900 3184
f 4197 4041 4211
f 2900 2808 2486
f 4161 4085 3964
f 4791 4712 4814
f 4041 3978 3981
f 3784 3981 3978
f 3363 3184 3478
f 3363 3478 3525
f 2914 3184 3363
f 4848 4954 4791
f 4848 4791 4814
f 4906 4791 4954
f 4333 4125 4254
f 3935 4045 4125
f 4196 4293 4165
f 2061 2027 2071
f 3393 3069 3081
f 3069 2860 2895
f 3069 2895 3081
f 2895 2860 2605
f 4211 4273 4309
f 4299 4309 4273
f 5023 5034 5056
f 4999 5023 5017
f 4678 4464 4621
f 4464 4536 4383
f 2467 2392 2623
f 4333 3989 4125
f 3981 3784 3478
f 3784 3525 3478
f 3921 3975 3935
f 3869 3964 3921
f 5009 5024 5034
f 4161 3964 3956
f 2623 2605 2467
f 4712 4791 4678
f 4678 4621 4712
f 3974 3977 3831
f 3393 3831 3441
f 3393 3441 3069
f 4993 4948 4954
f 4948 4906 4954
f 3956 4240 4161
f 4999 5007 5023
f 4359 4306 4469
f 3956 3964 3869
f 2126 2104 2061
f 4041 3981 4007
f 3981 3814 4007
f 3981 3478 3814
f 3184 2900 3156
f 4211 4041 4098
f 4125 3989 3935
f 3885 3921 3935
f 3869 3921 3885
f 2104 2027 2061
f 5023 5009 5034
f 5007 5009 5023
f 4240 3956 4051
f 4586 4464 4678
f 4586 4536 4464
f 4007 4098 4041
f 4902 4877 4991
f 4698 4385 4760
f 4698 4445 4385
f 5009 4981 5024
f 3956 3869 3841
f 3441 3265 3069
f 3069 3265 2860
f 4333 4383 3989
f 3989 4383 3986
f 2290 2392 2467
f 4051 4359 4240
f 4445 4469 4306
f 4981 4993 5020
f 4981 5020 5024
f 3478 3184 3429
f 3184 3156 3429
f 2055 2174 2071
f 3885 3935 3989
f 4924 4999 4991
f 4982 4999 4924
f 4924 4991 4877
f 4359 4051 4306
f 4823 4877 4902
f 4823 4902 4606
f 4606 4902 4760
f 2605 2686 2467
f 3478 3429 3814
f 4982 5009 5007
f 4791 4745 4678
f 2027 2055 2071
f 2605 2860 2686
f 4481 4383 4536
f 4586 4481 4536
f 2243 2486 2289
f 4280 4273 4268
f 4745 4791 4820
f 4981 4948 4993
f 3841 3869 3849
f 3986 3938 3989
f 4999 4982 5007
f 4445 4193 4385
f 4606 4760 4385
f 4228 4293 4280
f 4293 4228 4165
f 2174 2243 2289
f 4293 4299 4280
f 4205 4268 4211
f 4268 4273 4211
f 4299 4273 4280
f 4745 4666 4678
f 4666 4586 4678
f 4481 4108 4383
f 4820 4791 4906
f 4108 3986 4383
f 4445 4306 4193
f 3827 3831 3977
f 4007 3814 3920
f 3849 3869 3885
f 4995 4981 5009
f 3885 3989 3938
f 3265 3441 3475
f 4963 4982 4924
f 4193 4306 4051
f 4974 4995 4982
f 2104 2050 2027
f 4165 3973 4081
f 4081 3973 3977
f 4538 4108 4481
f 3920 4058 4007
f 4058 4098 4007
f 4205 4098 4058
f 4211 4098 4205
f 4982 4995 5009
f 4051 3918 4193
f 4943 4948 4981
f 4731 4823 4606
f 4963 4974 4982
f 4745 4820 4763
f 4666 4745 4763
f 4481 4586 4538
f 3827 3475 3831
f 3475 3441 3831
f 3841 3849 3803
f 2860 3265 2686
f 2467 2686 2451
f 4948 4852 4906
f 4731 4606 4642
f 4642 4606 4385
f 3973 3827 3977
f 2451 2290 2467
f 3843 3885 3938
f 3849 3885 3843
f 4228 4181 4021
f 4995 4943 4981
f 2900 2486 2988
f 2174 2055 2243
f 4047 3972 3986
f 3972 3938 3986
f 4351 4642 4385
f 4385 4193 4351
f 2039 2108 2055
f 4181 4228 4280
f 4974 4963 4930
f 2027 2039 2055
f 3758 3956 3841
f 3691 3956 3758
f 4051 3956 3691
f 4320 4108 4538
f 4906 4852 4820
f 4047 3986 4108
f 4632 4586 4666
f 2486 2502 2988
f 4233 4268 4205
f 2055 2108 2243
f 4930 4945 4974
f 2502 2486 2243
f 4763 4632 4666
f 4586 4632 4538
f 4642 4351 4560
f 4560 4731 4642
f 3814 3461 3920
f 4165 4228 4021
f 4943 4852 4948
f 4995 4945 4943
f 3841 3803 3774
f 4995 4974 4945
f 4205 4130 4233
f 4280 4268 4233
f 4763 4820 4691
f 4820 4716 4691
f 4924 4930 4963
f 4912 4930 4924
f 4924 4877 4912
f 3662 4058 3920
f 3849 3843 3741
f 3741 3803 3849
f 3156 3102 3429
f 3156 2900 3102
f 4058 4130 4205
f 4824 4877 4823
f 3265 3303 2686
f 4058 3662 3984
f 4691 4632 4763
f 4852 4795 4820
f 4716 4820 4795
f 3843 3938 3972
f 4691 4480 4632
f 4480 4320 4538
f 4945 4934 4943
f 4929 4945 4930
f 4912 4929 4930
f 3918 4051 3691
f 4026 4351 4193
f 4752 4731 4560
f 4929 4934 4945
f 2050 2039 2027
f 4021 3973 4165
f 2290 2135 2104
f 4480 4538 4632
f 3960 3827 3973
f 3811 3475 3827
f 4867 4877 4824
f 4824 4823 4731
f 4560 4351 4465
f 3774 3803 3741
f 4824 4731 4752
f 4021 3960 3973
f 2104 2083 2050
f 4233 4171 4280
f 4171 4181 4280
f 4047 4108 4320
f 4860 4852 4934
f 4934 4852 4943
f 4867 4912 4877
f 4907 4929 4912
f 4673 4752 4560
f 4560 4465 4519
f 3814 3429 3461
f 3429 3102 3461
f 2135 2083 2104
f 3587 3475 3811
f 4171 4233 4163
f 3265 3475 3303
f 2290 2451 2135
f 2451 2189 2135
f 3758 3841 3774
f 4867 4907 4912
f 4193 3918 4026
f 3758 3774 3636
f 4673 4560 4519
f 2187 2281 2108
f 4233 4130 4163
f 4181 4171 4116
f 4021 4181 4116
f 2243 2108 2281
f 4819 4824 4752
f 2451 2686 2380
f 3920 3461 3662
f 4504 4480 4691
f 2686 2683 2380
f 2039 2089 2108
f 4819 4867 4824
f 4465 4351 4026
f 3636 3774 3741
f 4465 4026 4235
f 3636 3741 3629
f 4929 4916 4934
f 3662 3862 3984
f 3984 4132 4058
f 4132 4130 4058
f 3811 3827 3960
f 2243 2281 2502
f 2451 2380 2189
f 3830 3843 3972
f 3843 3830 3741
f 4716 4662 4691
f 4504 4320 4480
f 2187 2108 2089
f 2050 2089 2039
f 4163 4130 4132
f 4504 4313 4320
f 4097 4047 4320
f 3972 4047 3894
f 3894 3830 3972
f 3504 3636 3497
f 4916 4860 4934
f 3461 3385 3662
f 2988 3102 2900
f 2281 2272 2502
f 3303 2683 2686
f 3691 3758 3636
f 4907 4920 4929
f 3497 3636 3629
f 4752 4739 4819
f 4739 4752 4673
f 2988 2502 2820
f 4235 4519 4465
f 4662 4596 4691
f 4596 4504 4691
f 4313 4097 4320
f 4097 3894 4047
f 4852 4785 4795
f 4026 3918 3968
f 4026 3968 4235
f 4620 4673 4519
f 2187 2272 2281
f 4084 4021 4116
f 4021 4084 3969
f 2083 2089 2050
f 4907 4893 4920
f 4907 4867 4893
f 4920 4916 4929
f 3691 3636 3504
f 4795 4662 4716
f 4739 4673 4620
f 3385 3590 3768
f 3862 3662 3768
f 3385 3768 3662
f 3497 3629 3830
f 3504 3497 3460
f 4234 4519 4235
f 4021 3969 3960
f 3486 3830 3894
f 3461 3102 3385
f 4860 4785 4852
f 4171 4163 4177
f 4116 4171 4177
f 4084 4116 4177
f 3629 3741 3830
f 3504 3539 3691
f 3918 3691 3539
f 4819 4783 4867
f 4485 4519 4234
f 2683 3303 2721
f 2683 2721 2380
f 4744 4662 4795
f 3504 3460 3404
f 3830 3486 3497
f 4920 4893 4916
f 4662 4616 4596
f 4485 4620 4519
f 4059 4132 3984
f 3984 3862 4059
f 3862 3768 4059
f 2725 2502 2272
f 4177 4163 4132
f 2089 2272 2187
f 3811 3960 3969
f 3614 3486 3894
f 4916 4863 4860
f 3968 4234 4235
f 4867 4870 4893
f 4870 4867 4815
f 2380 2469 2341
f 2380 2341 2189
f 4462 4504 4596
f 2380 2721 2469
f 4504 4462 4313
f 4360 4097 4313
f 4744 4667 4662
f 4795 4785 4744
f 3614 3894 4097
f 4819 4739 4783
f 3475 3587 3303
f 3768 3590 3836
f 2725 2820 2502
f 4177 4132 4142
f 4360 4313 4462
f 3389 3460 3497
f 2759 2469 2721
f 4867 4783 4815
f 3811 3969 3895
f 2162 2135 2189
f 2135 2162 2083
f 3768 3836 4059
f 2721 3303 2956
f 2759 2721 2956
f 4667 4616 4662
f 4596 4616 4462
f 3591 3614 4097
f 3539 3504 3404
f 4739 4656 4783
f 3303 3587 3057
f 3303 3057 2956
f 2272 2558 2725
f 2558 2272 2352
f 4744 4664 4667
f 4801 4785 4860
f 2469 2759 2476
f 3969 4084 3895
f 2083 2162 2096
f 2469 2476 2341
f 4079 3915 4084
f 3385 3102 3285
f 3102 2988 3285
f 4079 4177 4142
f 4084 4177 4079
f 2783 2956 3057
f 2956 2783 2759
f 2272 2198 2352
f 4893 4876 4916
f 4870 4876 4893
f 3484 3539 3404
f 3539 3623 3918
f 3918 3623 3968
f 3404 3460 3294
f 2081 2198 2272
f 3476 3836 3590
f 2081 2272 2089
f 2096 2081 2089
f 2083 2096 2089
f 3587 3811 3642
f 4142 4132 4072
f 2759 2783 2653
f 4664 4616 4667
f 3426 3486 3614
f 3497 3486 3426
f 3389 3497 3426
f 3294 3460 3389
f 4876 4863 4916
f 3476 3385 3285
f 3476 3590 3385
f 4687 4744 4785
f 3836 3852 4059
f 4072 4132 4059
f 4783 4656 4815
f 4570 4616 4664
f 2759 2653 2476
f 4847 4870 4815
f 3623 3539 3484
f 4547 4656 4739
f 4847 4876 4870
f 2877 2820 2725
f 4072 4059 3852
f 2189 2254 2162
f 2198 2558 2352
f 3915 3895 4084
f 3686 3811 3895
f 3811 3686 3642
f 3591 3426 3614
f 3052 2988 2877
f 3793 3836 3476
f 4547 4739 4620
f 3968 4014 4234
f 4386 4620 4485
f 4014 4485 4234
f 2988 2820 2877
f 3587 3642 3057
f 2254 2189 2341
f 4570 4462 4616
f 4319 4097 4360
f 4687 4664 4744
f 4847 4863 4876
f 3642 3496 3057
f 2558 2649 2725
f 3836 3793 3852
f 4142 4072 4077
f 4079 4142 4077
f 2988 3052 3148
f 3285 2988 3148
f 4079 4077 3941
f 3294 3389 3323
f 4863 4801 4860
f 4547 4620 4386
f 4386 4485 4014
f 3057 2764 2783
f 2254 2341 2476
f 2653 2552 2476
f 3148 3476 3285
f 4072 3852 3933
f 4072 3933 4043
f 4077 4072 4043
f 3057 3496 2764
f 4815 4656 4768
f 4014 3968 3623
f 4014 3623 3630
f 3263 3404 3294
f 3623 3484 3463
f 4768 4792 4815
f 2783 2764 2653
f 2653 2764 2552
f 2936 3052 2877
f 2936 2877 2730
f 2730 2877 2725
f 2725 2649 2730
f 3793 3933 3852
f 2552 2254 2476
f 4785 4801 4776
f 3323 3389 3426
f 4802 4801 4863
f 4792 4812 4847
f 3484 3404 3263
f 4847 4815 4792
f 4812 4802 4863
f 4079 3941 3915
f 2161 2198 2081
f 2096 2043 2081
f 2198 2649 2558
f 4043 3941 4077
f 4812 4863 4847
f 3263 3294 3259
f 4043 3933 3948
f 4664 4619 4570
f 3476 3148 3328
f 3642 3686 3496
f 2162 2097 2096
f 3224 3476 3328
f 4460 4462 4570
f 4460 4360 4462
f 4687 4619 4664
f 3591 4097 4319
f 4785 4776 4687
f 3941 4043 3948
f 3832 3895 3915
f 3895 3832 3686
f 3052 3328 3148
f 4751 4768 4649
f 2936 3224 3052
f 3052 3224 3328
f 2936 2730 2897
f 3781 3933 3793
f 2681 2781 2730
f 2681 2730 2649
f 3630 3623 3463
f 4649 4768 4656
f 3686 3671 3496
f 4751 4792 4768
f 3688 4386 4014
f 4802 4776 4801
f 2161 2649 2198
f 2936 3188 3224
f 2936 2897 3188
f 2781 2897 2730
f 4687 4624 4619
f 4812 4794 4802
f 4792 4794 4812
f 3484 3263 3313
f 3463 3484 3313
f 4767 4794 4792
f 4570 4619 4539
f 3496 3477 2764
f 2354 2254 2552
f 3476 3224 3444
f 4619 4579 4539
f 4539 4460 4570
f 3258 3294 3323
f 3259 3294 3258
f 4794 4776 4802
f 3387 3426 3591
f 3948 3933 3861
f 3917 3948 3861
f 3941 3948 3917
f 3883 3941 3917
f 3915 3941 3883
f 3832 3915 3883
f 3263 3259 3209
f 2764 2968 2763
f 2764 2763 2619
f 2764 2619 2552
f 2354 2552 2619
f 3632 3793 3476
f 3476 3444 3632
f 3224 3188 3444
f 4310 4360 4460
f 4310 4319 4360
f 4619 4624 4579
f 2097 2043 2096
f 2968 2764 3477
f 4754 4687 4776
f 3079 3258 3077
f 4751 4767 4792
f 3845 3591 4319
f 3845 3387 3591
f 3793 3632 3571
f 3861 3933 3781
f 3323 3426 3387
f 3387 3258 3323
f 4754 4776 4794
f 3209 3259 3258
f 3079 3209 3258
f 3463 3313 3165
f 4767 4754 4794
f 2097 2162 2151
f 2151 2162 2254
f 2254 2354 2151
f 4656 4547 4531
f 4531 4547 4386
f 4754 4727 4687
f 3312 3463 3165
f 4751 4649 4713
f 4531 4649 4656
f 4014 3630 3435
f 3312 3630 3463
f 4736 4767 4751
f 4713 4736 4751
f 4014 3435 3688
f 2619 2432 2354
f 2781 2846 2897
f 4646 4624 4687
f 3232 3258 3387
f 3134 3258 3232
f 3077 3258 3134
f 3263 3209 3079
f 3435 3630 3312
f 3995 4386 3688
f 3671 3477 3496
f 2354 2432 2236
f 3793 3571 3781
f 3845 4319 3943
f 3053 3313 3263
f 3053 3263 3079
f 3188 2897 3097
f 2897 2953 3097
f 2354 2236 2151
f 2649 2545 2681
f 4366 4460 4539
f 4263 4310 4460
f 4646 4687 4727
f 2998 3079 3077
f 3188 3097 3264
f 3444 3188 3264
f 2897 2846 2953
f 3632 3472 3571
f 3632 3444 3472
f 2776 2846 2781
f 2781 2681 2776
f 2545 2776 2681
f 3165 3313 3053
f 4366 4263 4460
f 4585 4579 4624
f 3943 4319 4310
f 3995 4531 4386
f 2649 2161 2545
f 4646 4585 4624
f 3845 3305 3387
f 3387 3305 3232
f 3077 3134 3041
f 4767 4736 4727
f 4767 4727 4754
f 3041 3134 3232
f 3165 3053 3019
f 2998 3077 2993
f 3053 3079 2998
f 3444 3264 3472
f 4709 4736 4713
f 4713 4649 4709
f 4535 4649 4531
f 3118 3264 3097
f 3097 2953 3118
f 2993 3077 3041
f 3202 3041 3232
f 4709 4721 4736
f 2545 2630 2776
f 2161 2255 2545
f 3883 3917 3898
f 4531 4466 4535
f 4334 4531 3995
f 3686 3832 3772
f 2043 2111 2081
f 4539 4579 4479
f 4579 4549 4479
f 4479 4366 4539
f 4585 4549 4579
f 4646 4727 4617
f 4587 4646 4617
f 3232 3305 3202
f 3671 3686 3772
f 3312 3165 3201
f 4709 4649 4648
f 4648 4649 4535
f 3917 3861 3870
f 4263 3943 4310
f 4068 3943 4263
f 4646 4572 4585
f 3608 3845 3943
f 3608 3305 3845
f 3472 3264 3118
f 4034 3995 3724
f 3781 3571 3790
f 3790 3870 3781
f 3870 3861 3781
f 2959 2998 2993
f 4736 4721 4727
f 3608 3202 3305
f 3019 3053 2998
f 3201 3165 3019
f 3312 3201 3435
f 4334 4466 4531
f 4334 3995 4034
f 3724 3995 3688
f 2432 2619 2661
f 3048 3041 3202
f 3724 3688 3435
f 2545 2402 2630
f 2255 2402 2545
f 4572 4549 4585
f 4587 4572 4646
f 3019 2998 2959
f 4657 4709 4648
f 3608 3943 3778
f 3544 3202 3608
f 3772 3832 3853
f 4034 3724 3819
f 3853 3832 3883
f 4657 4721 4709
f 2968 3477 2875
f 2763 2765 2619
f 2619 2765 2661
f 4263 4285 4068
f 2103 2058 2043
f 3048 2993 3041
f 4694 4617 4727
f 2959 2993 3048
f 4721 4694 4727
f 3819 3724 3824
f 3824 4034 3819
f 3472 3118 3214
f 2846 2775 2953
f 2776 2775 2846
f 2630 2775 2776
f 3671 3772 3577
f 3577 3477 3671
f 2875 2763 2968
f 2097 2103 2043
f 4657 4684 4721
f 3118 3046 3214
f 2953 2775 3046
f 3118 2953 3046
f 2630 2753 2775
f 3201 3724 3435
f 4034 3824 4003
f 2763 2875 2765
f 4285 4263 4366
f 4515 4479 4549
f 4515 4549 4572
f 3544 3608 3778
f 2875 3477 3577
f 4366 4479 4410
f 4657 4648 4535
f 4209 4466 4334
f 3019 2959 2884
f 4003 4334 4034
f 2103 2097 2235
f 2235 2097 2151
f 2236 2235 2151
f 3790 3571 3681
f 2753 2630 2402
f 3917 3870 3898
f 3853 3883 3898
f 2111 2161 2081
f 4479 4515 4410
f 4068 4285 4230
f 3778 3943 4068
f 4684 4694 4721
f 3467 3724 3201
f 3467 3824 3724
f 4334 4003 4209
f 3571 3472 3681
f 2775 2761 3046
f 2761 2775 2753
f 2884 2959 2896
f 4626 4694 4684
f 4353 4535 4466
f 4540 4535 4353
f 4303 4285 4366
f 4410 4303 4366
f 4303 4230 4285
f 2161 2221 2255
f 3824 3467 3585
f 3828 3772 3853
f 4068 4230 4069
f 4069 3778 4068
f 4534 4515 4572
f 2896 2959 3048
f 4626 4587 4617
f 4694 4626 4617
f 3035 3201 3019
f 3467 3201 3035
f 3472 3299 3527
f 3681 3472 3527
f 3472 3214 3299
f 4466 4209 4353
f 4170 4209 4003
f 3585 4003 3824
f 4394 4410 4515
f 4394 4308 4410
f 2236 2432 2313
f 4657 4599 4636
f 4657 4636 4684
f 4535 4599 4657
f 4540 4599 4535
f 3010 2896 3048
f 3527 3711 3681
f 3046 2943 3214
f 3046 2761 2943
f 2753 2402 2412
f 2412 2402 2255
f 2255 2221 2412
f 3577 3392 2875
f 2432 2661 2313
f 4626 4600 4587
f 4474 4515 4534
f 4587 4534 4572
f 4600 4534 4587
f 3010 3048 3202
f 3035 3019 2913
f 3681 3711 3790
f 4230 4184 4069
f 3790 3711 3870
f 3853 3898 3828
f 3564 4003 3585
f 3411 3527 3299
f 4684 4636 4626
f 2913 3019 2884
f 4394 4515 4474
f 4184 4230 4303
f 3151 3010 3202
f 2236 2313 2235
f 4170 4353 4209
f 2944 3035 2913
f 2761 2600 2943
f 2753 2412 2761
f 4308 4303 4410
f 3526 3202 3544
f 4308 4201 4184
f 4595 4600 4626
f 4636 4595 4626
f 4599 4595 4636
f 2913 2884 2849
f 3173 3585 3467
f 3711 3527 3411
f 4002 3544 3778
f 2161 2111 2221
f 3577 3772 3657
f 3577 3657 3392
f 4303 4308 4184
f 4201 4069 4184
f 4002 3778 4069
f 3467 3035 3173
f 4170 4003 3564
f 4534 4455 4474
f 4471 4550 4540
f 3526 3151 3202
f 4595 4534 4600
f 4540 4550 4599
f 2944 2913 2849
f 3001 3035 2944
f 3001 3173 3035
f 3173 3564 3585
f 2761 2412 2600
f 2043 2058 2111
f 3657 3772 3828
f 2884 2896 2849
f 2982 2879 3010
f 2879 2896 3010
f 4474 4455 4394
f 3179 3411 3299
f 3299 3214 3179
f 3214 2943 3179
f 3711 3769 3870
f 3554 4170 3564
f 4201 4002 4069
f 3544 4002 3526
f 4595 4509 4534
f 4509 4455 4534
f 3392 3657 3125
f 4292 4353 4170
f 4292 4170 3554
f 3711 3500 3769
f 3891 3870 3859
f 3898 3870 3891
f 3355 3564 3173
f 2832 2849 2821
f 2875 3392 3125
f 2875 3125 2983
f 2875 2983 2765
f 3500 3411 3179
f 3500 3711 3411
f 2765 2983 2661
f 2849 2896 2879
f 4599 4588 4595
f 4550 4588 4599
f 4471 4540 4353
f 4588 4509 4595
f 3828 3898 3891
f 2944 2849 2832
f 3173 3001 3078
f 2943 3060 3179
f 4394 4455 4337
f 4337 4308 4394
f 3999 4002 4201
f 4062 3999 4201
f 4509 4446 4455
f 3680 3828 3835
f 3657 3828 3680
f 2670 2841 2675
f 3354 3500 3179
f 3179 3060 3354
f 3859 3870 3769
f 3060 2943 2747
f 2747 2943 2600
f 4455 4446 4337
f 2847 2879 2938
f 3010 3151 2982
f 2938 2879 2982
f 2849 2879 2841
f 2821 2849 2841
f 2670 2821 2841
f 3882 4292 3554
f 3554 3564 3355
f 2449 2600 2412
f 2095 2221 2111
f 2095 2111 2038
f 2058 2038 2111
f 4337 4201 4308
f 4002 3904 3526
f 4527 4509 4588
f 2841 2879 2847
f 2661 2532 2313
f 2770 2944 2832
f 3828 3891 3835
f 3657 3335 3125
f 3239 3125 3335
f 3125 3239 2983
f 3733 3769 3500
f 3515 3733 3500
f 3500 3354 3515
f 2832 2821 2670
f 3001 2944 2770
f 3904 4002 3999
f 2657 2841 2847
f 3060 2747 3015
f 3354 3372 3515
f 3354 3222 3372
f 2219 2449 2412
f 2221 2219 2412
f 2103 2011 2058
f 4173 4201 4337
f 4173 4062 4201
f 2770 2832 2670
f 2221 2095 2219
f 2861 3001 2770
f 3354 3060 3222
f 3015 3222 3060
f 3151 2938 2982
f 3355 3173 3078
f 2661 2983 2919
f 2661 2919 2532
f 2657 2675 2841
f 2670 2651 2770
f 3769 3733 3859
f 2861 3078 3001
f 2058 2011 2038
f 2124 2103 2235
f 3526 3340 3151
f 2735 2847 2938
f 2847 2735 2657
f 4518 4527 4588
f 4518 4588 4550
f 4550 4501 4518
f 4471 4501 4550
f 3015 2747 2984
f 2600 2615 2747
f 2615 2600 2449
f 3680 3547 3657
f 2651 2791 2770
f 4353 4349 4471
f 4349 4353 4292
f 2791 2861 2770
f 2124 2046 2103
f 2235 2173 2124
f 3526 3904 3340
f 3515 3372 3490
f 3222 2984 3372
f 3222 3015 2984
f 2675 2657 2582
f 3140 3355 3078
f 3882 3554 3494
f 2670 2675 2582
f 2651 2670 2582
f 2173 2235 2313
f 3239 3132 2983
f 2983 3132 2919
f 2735 2938 3151
f 4527 4482 4509
f 2814 3151 3340
f 4264 4349 4292
f 3494 3554 3355
f 3547 3335 3657
f 3372 2984 3490
f 3891 3859 3842
f 3806 3842 3859
f 3733 3726 3859
f 3859 3726 3806
f 2954 3078 2861
f 3140 3078 2954
f 2103 2046 2011
f 4446 4365 4337
f 2582 2657 2599
f 4012 4264 4292
f 4012 4292 3882
f 2532 2359 2313
f 3726 3733 3515
f 3515 3490 3726
f 3239 3335 3132
f 2657 2735 2636
f 2856 2954 2861
f 3882 3494 4012
f 3140 3494 3355
f 4337 4261 4173
f 4509 4440 4446
f 4482 4440 4509
f 3213 2814 3340
f 3151 2814 2735
f 2814 2636 2735
f 4518 4499 4527
f 2919 2768 2532
f 2532 2768 2359
f 2313 2359 2173
f 2861 2791 2856
f 3829 3999 4062
f 3829 3904 3999
f 4337 4365 4261
f 2436 2449 2219
f 4440 4365 4446
f 3904 3653 3340
f 3490 3315 3726
f 3490 2984 3315
f 4499 4482 4527
f 2599 2657 2636
f 4501 4499 4518
f 4453 4499 4501
f 4501 4471 4453
f 4453 4471 4349
f 2791 2651 2788
f 3983 4264 4012
f 2747 2615 2823
f 3891 3842 3825
f 3835 3891 3805
f 2219 2095 2199
f 3805 3765 3835
f 2919 3132 2768
f 2095 2099 2199
f 2768 2624 2359
f 2747 2823 2984
f 3904 3829 3653
f 2791 2788 2856
f 3213 3340 3653
f 3085 2814 3213
f 2219 2199 2436
f 3891 3825 3805
f 3132 3032 2768
f 2038 2099 2095
f 2651 2582 2626
f 2651 2626 2788
f 2954 2981 3140
f 4365 4173 4261
f 2768 3032 2831
f 3842 3806 3825
f 2449 2436 2615
f 3680 3835 3765
f 2046 2040 2011
f 2585 2599 2636
f 2570 2582 2599
f 2626 2582 2570
f 4371 4349 4264
f 2114 2040 2046
f 2124 2114 2046
f 3530 3806 3726
f 2984 2932 3315
f 2984 2823 2932
f 3825 3806 3530
f 2038 2075 2099
f 4264 3983 4371
f 2570 2599 2585
f 2173 2261 2114
f 2124 2173 2114
f 2768 2831 2624
f 4012 3494 3695
f 3805 3678 3742
f 2173 2359 2261
f 3653 3829 3823
f 3483 3213 3653
f 4349 4371 4453
f 3983 4012 3695
f 3726 3315 3530
f 3825 3530 3678
f 3805 3825 3678
f 3446 3530 3315
f 3690 3547 3680
f 2199 2177 2436
f 3765 3805 3742
f 2011 2029 2038
f 4365 4121 4173
f 4262 4365 4440
f 3653 3823 3483
f 3589 3678 3530
f 3213 3483 3085
f 4262 4440 4482
f 2359 2624 2448
f 3417 3695 3494
f 3680 3765 3690
f 2624 2638 2448
f 2448 2261 2359
f 4121 4062 4173
f 3930 3829 4062
f 3930 3823 3829
f 3315 2932 3446
f 3690 3765 3734
f 3132 3335 3131
f 2624 2831 2638
f 2585 2636 2637
f 4499 4453 4467
f 2099 2177 2199
f 2114 2138 2040
f 3335 3547 3131
f 4121 3930 4062
f 3823 3775 3483
f 2559 2626 2570
f 4371 4467 4453
f 2436 2295 2414
f 2029 2075 2038
f 2040 2029 2011
f 2716 2636 2814
f 2716 2637 2636
f 4467 4482 4499
f 2615 2436 2414
f 2436 2177 2295
f 3765 3742 3734
f 4342 4307 4262
f 4342 4262 4482
f 4482 4467 4342
f 4036 3899 4121
f 3899 3930 4121
f 2615 2655 2823
f 2615 2414 2655
f 3530 3446 3589
f 4272 4371 3983
f 2823 2655 2932
f 4155 4365 4262
f 4155 4121 4365
f 4155 4036 4121
f 3775 3823 3930
f 3557 3483 3775
f 3132 3131 3032
f 2326 2261 2448
f 2114 2261 2138
f 2559 2570 2512
f 4423 4467 4376
f 4376 4467 4371
f 4376 4371 4272
f 2626 2559 2519
f 2932 3193 3446
f 2414 2365 2655
f 3742 3678 3589
f 2099 2125 2177
f 2075 2125 2099
f 3930 3899 3775
f 3557 3085 3483
f 2856 2788 2755
f 2954 2856 2981
f 2512 2519 2559
f 2177 2240 2295
f 4262 4232 4155
f 4307 4232 4262
f 4272 4208 4376
f 4155 4232 4139
f 2814 3085 2716
f 2512 2570 2585
f 4342 4467 4423
f 3547 3332 3131
f 3663 3557 3775
f 2604 2788 2626
f 2981 3494 3140
f 3417 3494 2981
f 4376 4208 4356
f 2414 2295 2365
f 3945 3899 4036
f 4155 3945 4036
f 3945 3775 3899
f 3547 3690 3538
f 3945 3663 3775
f 2512 2585 2523
f 4356 4342 4423
f 4376 4356 4423
f 2755 2788 2604
f 2177 2125 2240
f 3538 3332 3547
f 4105 4208 4272
f 3589 3446 3604
f 2210 2138 2261
f 2261 2326 2210
f 2561 2637 2716
f 2561 2585 2637
f 4342 4314 4307
f 2585 2561 2523
f 4356 4314 4342
f 2626 2519 2517
f 2932 2925 3193
f 2932 2655 2925
f 2041 2182 2240
f 2125 2041 2240
f 3690 3734 3666
f 2029 2028 2075
f 4029 3945 4155
f 4252 4314 4356
f 4208 4252 4356
f 2604 2626 2517
f 4272 3983 4105
f 2326 2409 2210
f 2448 2409 2326
f 3446 3432 3604
f 2240 2182 2295
f 3690 3666 3538
f 3332 3538 3347
f 4029 4155 4139
f 2519 2512 2464
f 2138 2123 2062
f 2755 2981 2856
f 2062 2029 2040
f 2138 2062 2040
f 2448 2638 2409
f 3739 3589 3604
f 3742 3589 3739
f 2125 2075 2041
f 3538 3666 3347
f 3297 3085 3557
f 2123 2138 2210
f 2465 2519 2464
f 2517 2519 2465
f 3983 4017 4105
f 4017 3983 3887
f 3887 3983 3695
f 4232 4259 4158
f 3446 3193 3432
f 3742 3739 3761
f 3734 3742 3761
f 2737 2561 2716
f 2523 2561 2556
f 3419 3557 3663
f 3557 3419 3297
f 3085 3297 3092
f 2470 2512 2523
f 2464 2512 2470
f 2494 2517 2465
f 2494 2604 2517
f 1992 2041 2075
f 4158 4139 4232
f 4307 4259 4232
f 3092 2716 3085
f 3666 3734 3761
f 2816 2981 2755
f 2210 2409 2214
f 2556 2470 2523
f 4252 4295 4314
f 4257 4208 4105
f 3666 3761 3732
f 3604 3432 3513
f 2028 1992 2075
f 1983 1992 2028
f 2029 1983 2028
f 2026 1983 2029
f 2062 2026 2029
f 2214 2123 2210
f 2813 3062 2816
f 2604 2494 2755
f 3062 3417 2981
f 3062 2981 2816
f 1983 1893 1992
f 4139 4100 4029
f 4100 4139 4158
f 4301 4259 4307
f 4314 4301 4307
f 2755 2494 2691
f 3366 3695 3417
f 3887 3695 3366
f 3366 3417 3062
f 4295 4301 4314
f 4257 4295 4252
f 4252 4208 4257
f 1992 1882 2041
f 1992 1893 1882
f 2026 1893 1983
f 2737 2716 3092
f 2421 2464 2470
f 2465 2464 2421
f 4088 4257 4105
f 4105 4017 4088
f 2455 2470 2556
f 3193 3137 3432
f 3620 3739 3604
f 3604 3513 3620
f 2019 2182 2041
f 2110 2123 2214
f 2062 2123 1920
f 2026 1923 1893
f 1923 2026 2062
f 2556 2561 2737
f 3837 3887 3366
f 3193 2925 3137
f 1923 1920 1893
f 1923 2062 1920
f 2123 2110 1920
f 2421 2470 2455
f 2405 2465 2421
f 2494 2465 2405
f 3620 3677 3739
f 2167 2182 2019
f 3761 3739 3732
f 2019 2041 1882
f 3366 3062 2965
f 3062 2813 2965
f 2691 2816 2755
f 2813 2816 2691
f 3567 3620 3436
f 3620 3567 3677
f 1893 1851 1882
f 3820 3945 4029
f 3513 3436 3620
f 2182 2167 2295
f 1893 1840 1851
f 2421 2455 2282
f 2274 2421 2282
f 2405 2421 2274
f 2301 2455 2556
f 2455 2301 2282
f 2274 2282 2251
f 3137 3513 3432
f 2365 2485 2655
f 3820 3663 3945
f 2965 3153 3366
f 1882 1851 1889
f 1893 1920 1840
f 3820 3419 3663
f 2825 2737 3092
f 2737 2301 2556
f 2567 2793 2691
f 2793 2965 2813
f 3513 3137 3436
f 3732 3739 3677
f 1882 1889 2019
f 1889 2167 2019
f 4017 3887 3837
f 2691 2494 2567
f 3153 3837 3366
f 2813 2691 2793
f 2405 2274 2336
f 2405 2336 2494
f 3005 3153 2965
f 4100 3820 4029
f 4257 4246 4295
f 2241 2274 2251
f 3153 3508 3837
f 2793 2567 2865
f 3005 2965 2793
f 2655 2671 2925
f 3032 2962 2831
f 2336 2567 2494
f 2865 3005 2793
f 1851 1895 1889
f 4301 4114 4259
f 4017 3998 4088
f 3388 3419 3820
f 4088 4246 4257
f 2274 2241 2336
f 3200 3005 2865
f 3712 4017 3837
f 3837 3508 3712
f 2737 2825 2382
f 3508 3153 3333
f 3333 3153 3200
f 3200 3153 3005
f 4114 4158 4259
f 4301 4176 4114
f 2382 2301 2737
f 3897 3820 4100
f 2246 2167 1889
f 2167 2246 2295
f 2831 2962 2878
f 2878 2638 2831
f 2898 3092 3297
f 2898 2825 3092
f 4295 4176 4301
f 2382 2296 2301
f 2296 2282 2301
f 2638 2533 2409
f 4100 4158 3897
f 3508 3333 3712
f 2391 2485 2365
f 2365 2295 2391
f 3666 3537 3347
f 3241 3347 3537
f 3332 3347 3241
f 4114 4018 4158
f 4246 4176 4295
f 4042 4246 4088
f 2471 2567 2336
f 2655 2485 2671
f 1895 2246 1889
f 1851 1849 1895
f 1840 1849 1851
f 3998 4017 3712
f 2241 2251 2244
f 3241 3131 3332
f 3032 3241 2962
f 3131 3241 3032
f 4158 4018 3897
f 3297 3419 3243
f 3243 2898 3297
f 4167 4176 4246
f 2244 2251 2282
f 4246 4091 4167
f 4088 3998 4042
f 3666 3732 3697
f 2567 2471 2865
f 3458 3712 3333
f 2925 2671 2921
f 2295 2246 2391
f 2638 2878 2533
f 2267 2241 2244
f 4042 4091 4246
f 2241 2267 2336
f 2409 2533 2214
f 3419 3388 3243
f 2835 2825 2898
f 2244 2282 2296
f 3647 3998 3712
f 3666 3697 3661
f 3732 3677 3697
f 2865 2471 2760
f 2865 2760 2977
f 3243 3388 3130
f 2382 2825 2835
f 2291 2296 2382
f 2017 1920 2110
f 3567 3436 3511
f 2336 2267 2314
f 2314 2471 2336
f 3520 3712 3458
f 2977 3333 3200
f 2977 3200 2865
f 4167 4168 4176
f 3436 3448 3511
f 1840 1920 1849
f 2112 2110 2214
f 2246 1895 2149
f 1919 1895 1856
f 2246 2149 2391
f 3243 3130 2898
f 2898 3130 2835
f 2382 2276 2291
f 4176 4126 4114
f 4168 4126 4176
f 2276 2382 2835
f 3712 3520 3647
f 3137 2925 3271
f 3137 3271 3436
f 3993 4091 4042
f 1856 1895 1829
f 1849 1829 1895
f 3820 3897 3815
f 4114 4126 4018
f 2962 3241 3084
f 3998 3647 3993
f 2267 2244 2186
f 3993 4042 3998
f 3271 3448 3436
f 2149 1895 1919
f 3666 3661 3537
f 3815 3388 3820
f 4018 4126 4006
f 4006 3897 4018
f 3815 3897 4006
f 2835 2700 2276
f 2244 2296 2291
f 3306 3333 2977
f 2314 2267 2258
f 2276 2244 2291
f 2410 2471 2314
f 2410 2314 2258
f 3647 3597 3993
f 3677 3567 3637
f 1994 2149 1919
f 3567 3511 3637
f 3697 3677 3637
f 1856 1884 1919
f 2925 2921 3271
f 3520 3597 3647
f 3306 3520 3458
f 3306 3458 3333
f 2485 2456 2671
f 3520 3306 3380
f 1994 1919 1884
f 3552 3388 3815
f 3130 3388 3353
f 2204 2267 2186
f 2456 2485 2391
f 2878 2962 3084
f 3380 3597 3520
f 3388 3552 3353
f 2835 3130 3115
f 4168 4157 4126
f 2370 2276 2700
f 2258 2267 2204
f 2391 2213 2456
f 2391 2149 2213
f 1994 1978 2149
f 1856 1844 1884
f 4126 4075 4006
f 3809 3552 3815
f 3353 3115 3130
f 4157 4075 4126
f 4153 4168 4167
f 2244 2276 2224
f 2186 2244 2224
f 3992 3993 3597
f 2760 2471 2773
f 1829 1844 1856
f 1849 1839 1829
f 1978 2213 2149
f 1934 1994 1884
f 2276 2370 2265
f 2204 2305 2258
f 2773 2977 2760
f 1994 1934 1978
f 1884 1844 1934
f 4091 4153 4167
f 2213 2209 2456
f 3993 4083 4091
f 4083 3993 3992
f 2305 2410 2258
f 2407 2370 2700
f 2471 2410 2773
f 2977 2773 2930
f 1829 1823 1844
f 3237 3084 3241
f 2214 2533 2317
f 2214 2317 2112
f 4075 3815 4006
f 2835 3115 2722
f 2370 2407 2265
f 2224 2276 2265
f 1844 1860 1934
f 1839 1823 1829
f 2533 2424 2317
f 2456 2444 2671
f 4075 3873 3815
f 3873 3809 3815
f 2213 1973 2209
f 1978 1973 2213
f 2930 3306 2977
f 2835 2722 2700
f 4168 4106 4157
f 4157 4071 4075
f 4083 4153 4091
f 2705 2930 2773
f 2456 2209 2444
f 3084 3237 3189
f 1920 2017 1933
f 2110 2112 2017
f 2533 2878 2644
f 2722 2407 2700
f 2921 2973 3319
f 3271 2921 3319
f 3380 3306 3421
f 2859 2878 3084
f 2878 2859 2780
f 2878 2780 2644
f 3464 3552 3809
f 3464 3353 3552
f 2327 2410 2305
f 3380 3421 3597
f 2921 2671 2973
f 3448 3637 3511
f 1978 1934 1973
f 2773 2410 2705
f 3722 3850 4083
f 4075 4071 3873
f 1849 1920 1876
f 1920 1933 1876
f 2218 2204 2186
f 3992 3722 4083
f 3722 3992 3597
f 2305 2204 2218
f 1849 1876 1839
f 3237 3241 3537
f 3873 3464 3809
f 4083 4131 4153
f 2183 2186 2224
f 2762 2722 2886
f 4157 4106 4071
f 2411 2407 2722
f 2444 2554 2671
f 2722 3115 2886
f 2411 2265 2407
f 2280 2224 2265
f 3448 3598 3637
f 2671 2554 2973
f 2444 2209 2554
f 2410 2453 2705
f 2453 2410 2327
f 3306 3292 3421
f 2411 2722 2762
f 3027 2930 2819
f 4168 4117 4106
f 4128 4117 4168
f 3597 3421 3643
f 3027 3306 2930
f 3292 3306 3027
f 2218 2327 2305
f 3637 3598 3752
f 1891 1973 1934
f 1934 1860 1891
f 1844 1833 1860
f 3098 3115 3353
f 2209 1973 2145
f 3850 4080 4083
f 4153 4128 4168
f 4131 4128 4153
f 4080 4131 4083
f 2819 2930 2705
f 2404 2265 2411
f 3697 3637 3752
f 1844 1823 1833
f 2209 2145 2554
f 4071 4019 3873
f 4106 4117 4071
f 3770 3697 3752
f 3597 3643 3722
f 2176 2224 2280
f 2705 2453 2535
f 3787 3464 3873
f 1973 1891 1966
f 1860 1833 1891
f 3098 2886 3115
f 3661 3697 3770
f 3599 3237 3537
f 4071 4117 4019
f 2218 2186 2183
f 3873 3886 3787
f 3598 3448 3586
f 3271 3319 3448
f 3448 3319 3586
f 1966 2145 1973
f 2287 2453 2327
f 2386 2535 2453
f 3361 3353 3464
f 3361 3098 3353
f 3873 4019 3886
f 4065 4128 4131
f 4080 4065 4131
f 2327 2218 2287
f 3939 4065 4080
f 3850 3939 4080
f 2554 2509 2973
f 2145 2509 2554
f 3537 3661 3599
f 2404 2411 2762
f 3421 3292 3059
f 3059 3292 3027
f 2656 2819 2705
f 4128 4070 4117
f 4065 4070 4128
f 2206 2218 2183
f 2287 2218 2206
f 2183 2224 2176
f 2145 2051 2157
f 2051 2145 1966
f 2386 2453 2287
f 3752 3598 3586
f 4019 4117 4070
f 3985 4019 4070
f 3971 4039 4065
f 2937 3027 2819
f 3059 3027 2937
f 2937 2819 2656
f 2656 2705 2535
f 2404 2762 2886
f 3661 3770 3692
f 3599 3661 3692
f 3361 3464 3787
f 4019 3985 3886
f 3856 3886 3985
f 3722 3643 3789
f 3926 3939 3850
f 2535 2386 2515
f 3692 3559 3599
f 1933 2017 1976
f 3559 3237 3599
f 3084 3189 2859
f 3886 3856 3787
f 3789 3850 3722
f 1843 1883 1833
f 1823 1843 1833
f 2145 2157 2509
f 1883 1966 1891
f 1891 1833 1883
f 2656 2535 2515
f 2017 2112 2140
f 3971 4065 3939
f 3939 3926 3971
f 3854 3926 3850
f 4039 4070 4065
f 1959 2051 1966
f 1883 1959 1966
f 3643 3421 3343
f 1839 1843 1823
f 1976 1876 1933
f 3237 3559 3189
f 2140 1976 2017
f 4070 3957 3985
f 3787 3856 3745
f 2886 3098 2794
f 1876 1858 1839
f 3850 3789 3877
f 2238 2287 2206
f 4039 3957 4070
f 1839 1858 1843
f 2386 2395 2515
f 1976 1858 1876
f 3493 3189 3559
f 2400 2265 2404
f 2265 2400 2280
f 3877 3854 3850
f 3745 3361 3787
f 3876 3856 3985
f 3957 3876 3985
f 2794 2404 2886
f 4039 3959 3957
f 4039 3971 3959
f 3854 3907 3926
f 2287 2238 2395
f 3421 3059 3251
f 3319 2973 3175
f 2509 3163 2973
f 3586 3319 3582
f 3752 3586 3714
f 3633 3559 3692
f 3926 3959 3971
f 3907 3959 3926
f 3251 3343 3421
f 2656 2680 2937
f 3251 3059 3012
f 3012 3059 2937
f 2140 2112 2317
f 3319 3175 3418
f 2680 2656 2515
f 2533 2644 2424
f 3559 3633 3493
f 2395 2386 2287
f 2515 2395 2526
f 2509 2581 3163
f 2404 2794 2400
f 2143 2183 2176
f 2206 2183 2143
f 3959 3876 3957
f 3907 3876 3959
f 2937 2680 3012
f 2973 3163 3175
f 3656 3586 3582
f 3319 3418 3582
f 3714 3586 3656
f 3877 3910 3854
f 2157 2051 2178
f 3692 3770 3719
f 3633 3692 3719
f 3235 3098 3361
f 2121 2176 2280
f 3910 3907 3854
f 2121 2143 2176
f 2509 2157 2357
f 2157 2178 2357
f 2515 2526 2680
f 1843 1868 1883
f 1858 1862 1843
f 2143 2121 2047
f 3643 3343 3563
f 3643 3563 3789
f 3381 3189 3493
f 2859 3189 3191
f 2509 2357 2581
f 2222 2140 2317
f 2317 2424 2222
f 3381 3493 3633
f 2238 2223 2395
f 2085 2223 2238
f 3418 3550 3582
f 3752 3714 3773
f 3770 3752 3773
f 2140 2056 1976
f 2280 2400 2266
f 3876 3834 3856
f 2446 2400 2794
f 2680 2526 2713
f 2713 3012 2680
f 3794 3789 3563
f 2085 2238 2206
f 2056 2140 2222
f 2206 2143 2047
f 3877 3789 3794
f 3719 3562 3633
f 3562 3381 3633
f 1976 2056 1858
f 3745 3856 3667
f 3856 3834 3667
f 2197 2280 2266
f 2280 2197 2121
f 3175 3341 3418
f 3175 3163 3341
f 3550 3656 3582
f 1862 1832 1843
f 1858 2056 1862
f 3189 3381 3191
f 2266 2400 2446
f 2085 2206 2047
f 3794 3881 3877
f 3550 3418 3341
f 1917 2051 1959
f 1832 1868 1843
f 3907 3834 3876
f 2266 2446 2333
f 3667 3555 3745
f 3555 3361 3745
f 2972 3098 3235
f 3098 2972 2794
f 2121 2197 2064
f 2047 2121 2064
f 2037 2047 2064
f 3877 3881 3910
f 2350 2395 2223
f 2713 2526 2625
f 2780 2859 3191
f 3770 3773 3756
f 3719 3770 3756
f 3550 3341 3595
f 1917 1959 1883
f 2395 2350 2526
f 2115 2056 2222
f 2222 2424 2300
f 3457 3361 3555
f 2907 2713 2625
f 3646 3550 3595
f 2056 2115 1862
f 3762 3550 3646
f 3656 3550 3762
f 3714 3656 3762
f 3881 3907 3910
f 2526 2350 2625
f 2300 2115 2222
f 2424 2644 2300
f 2907 3012 2713
f 1883 1868 1917
f 3566 3562 3719
f 2446 2794 2333
f 2333 2794 2429
f 2266 2333 2197
f 2085 2094 2223
f 2644 2572 2300
f 2581 2696 3163
f 2581 2357 2505
f 2051 1995 2178
f 1995 2051 1917
f 1862 2115 1932
f 3024 2780 3191
f 2094 2047 2037
f 2085 2047 2094
f 3022 3251 3012
f 3881 3924 3907
f 3341 3473 3595
f 3341 3163 3473
f 3773 3714 3762
f 3782 3667 3834
f 3719 3756 3649
f 3649 3566 3719
f 3381 3562 3399
f 2379 2269 2115
f 2300 2379 2115
f 3907 3867 3834
f 3924 3867 3907
f 2350 2593 2625
f 2178 2212 2357
f 2178 1995 2212
f 2197 2070 2064
f 1932 1832 1862
f 2644 2780 2572
f 3235 3361 3457
f 2748 2794 2972
f 2115 2269 1932
f 3381 3399 3278
f 2581 2505 2696
f 2666 2907 2625
f 2666 2625 2593
f 2478 2300 2572
f 2478 2379 2300
f 3667 3782 3555
f 3191 3381 3278
f 3191 3278 3024
f 2794 2748 2429
f 2170 2333 2429
f 2197 2333 2170
f 1832 1865 1868
f 3756 3773 3874
f 1932 1865 1832
f 3357 3343 3251
f 3529 3563 3343
f 3834 3867 3782
f 2180 2344 2223
f 3839 3762 3646
f 3773 3762 3839
f 2593 2566 2666
f 3874 3773 3839
f 3924 3844 3867
f 1932 1901 1865
f 2037 2064 2070
f 3794 3817 3881
f 2197 2170 2070
f 2344 2350 2223
f 2593 2350 2344
f 3561 3782 3684
f 2054 2094 2037
f 3817 3924 3881
f 2269 2379 2233
f 3555 3782 3561
f 3561 3457 3555
f 3867 3844 3782
f 1944 1995 1917
f 2233 2001 1932
f 3561 3262 3457
f 3262 3235 3457
f 3357 3529 3343
f 2180 2223 2094
f 2593 2344 2566
f 2357 2212 2505
f 1995 1944 2212
f 1944 1917 1868
f 2269 2233 1932
f 3519 3562 3566
f 3562 3519 3399
f 3022 3012 2907
f 1868 1906 1944
f 1865 1906 1868
f 3163 2696 2976
f 3812 3839 3646
f 3169 2972 3235
f 3262 3561 3514
f 3684 3514 3561
f 3251 3022 3357
f 2667 2907 2666
f 3874 3839 3864
f 2780 2786 2572
f 1932 2001 1901
f 3169 3235 3262
f 3639 3817 3563
f 2180 2094 2054
f 1901 1906 1865
f 3782 3844 3764
f 3812 3646 3595
f 3864 3839 3812
f 1944 1993 2212
f 2667 2666 2566
f 3764 3684 3782
f 2748 2398 2429
f 3563 3817 3794
f 3011 2972 3169
f 3874 3649 3756
f 2233 2086 2001
f 2972 3011 2748
f 3875 3844 3924
f 2070 2170 2119
f 2037 2070 2045
f 2212 2316 2505
f 3011 3169 3262
f 3287 3262 3514
f 2935 2748 3011
f 3529 3639 3563
f 2163 2180 2054
f 2086 1984 2001
f 2212 1993 2128
f 2000 1993 1944
f 1906 2000 1944
f 1906 1901 1984
f 2001 1984 1901
f 2170 2245 2119
f 3163 2976 3473
f 2245 2170 2429
f 2045 2070 2119
f 2566 2344 2478
f 2478 2667 2566
f 1984 2000 1906
f 2640 2398 2748
f 3287 3011 3262
f 3584 3812 3595
f 3595 3473 3584
f 3635 3566 3776
f 2086 2044 1984
f 2505 2510 2696
f 3808 3864 3812
f 2505 2316 2510
f 1993 2042 2128
f 2000 2042 1993
f 2572 2667 2478
f 2398 2245 2429
f 2935 3011 3287
f 2786 2780 3024
f 2572 2786 2667
f 1984 2014 2000
f 3566 3649 3776
f 2044 2014 1984
f 3776 3874 3924
f 3566 3635 3519
f 3621 3684 3764
f 3621 3514 3684
f 3514 3621 3167
f 3287 3514 3167
f 2935 3287 3167
f 2344 2379 2478
f 3022 2907 2667
f 3720 3812 3584
f 3857 3864 3808
f 3812 3720 3808
f 2212 2150 2316
f 2212 2128 2150
f 2014 2042 2000
f 3875 3808 3844
f 2042 2119 2128
f 3776 3649 3874
f 2233 2379 2163
f 2379 2344 2180
f 3776 3924 3817
f 2014 2037 2045
f 2696 2510 2976
f 2316 2150 2510
f 2119 2150 2128
f 3874 3864 3857
f 3844 3808 3764
f 2935 2640 2748
f 3367 2963 3167
f 2640 2935 3167
f 2963 2640 3167
f 2086 2163 2054
f 3764 3808 3720
f 3720 3621 3764
f 3367 3167 3621
f 3473 3367 3621
f 2086 2054 2044
f 2163 2379 2180
f 3874 3857 3924
f 2045 2119 2042
f 3584 3621 3720
f 3584 3473 3621
f 3924 3857 3875
f 2163 2086 2233
f 2150 2245 2398
f 3022 3024 3357
f 3639 3529 3519
f 3473 2976 3367
f 2245 2150 2119
f 3519 3529 3399
f 3399 3529 3357
f 2014 2045 2042
f 3278 3399 3024
f 2054 2037 2014
f 3635 3776 3639
f 3519 3635 3639
f 2510 2640 2963
f 2510 2398 2640
f 2510 2150 2398
f 3639 3776 3817
f 2786 3022 2667
f 2976 2510 3367
f 3875 3857 3808
f 2044 2054 2014
